Gene_set,Term,Overlap,P-value,Adjusted P-value,Odds Ratio,Combined Score,Genes
gs_ind_0,Herpes simplex virus 1 infection,133/369,1.2179993207463031e-12,5.368941005849705e-09,2.2608577924125797,62.023946515121,ZNF671;ZNF25;ZNF605;ZNF91;ZNF813;SYK;ZNF597;OAS3;ZNF81;ZNF235;ZNF484;RBAK;ZNF436;ZNF641;RNASEL;BAD;IKBKE;ZNF530;ZNF57;ZNF333;ZNF878;ZNF778;ZNF34;ZNF510;ZNF680;ZNF251;BCL2;ZNF480;PIK3R3;ZNF17;ZNF567;ZNF563;ZNF19;ZNF222;ZNF623;C5;ZNF212;ZNF133;ZNF79;ZNF383;ZNF619;ZNF234;TNFRSF14;ZNF607;ZNF433;ZNF283;ZNF707;ZNF184;ZNF552;IRF7;CCL5;ZNF41;ZNF717;ZNF443;ZNF630;ZNF517;ZNF555;ZNF571;IRF9;ZNF559-ZNF177;ZNF33A;TRADD;ZNF790;ZNF23;ZNF316;ZNF418;ZNF799;ZNF225;HCFC2;TAP2;IFNGR1;ZNF726;ZNF169;TRAF5;ZNF514;ZNF700;ZNF181;ZNF547;ZNF8;ZNF761;ZNF543;ZNF589;ZNF14;TICAM1;ZNF823;TP53;ZNF566;ZNF785;ZFP82;ZNF674;ZNF136;ZNF441;ZNF221;ZNF200;ZNF599;ZNF845;ZNF688;ZNF77;HLA-DMA;ZNF182;ZNF783;ZNF10;ZNF85;ZNF557;ZNF550;ZNF224;ZNF30;ZNF616;ZNF44;EIF2AK3;ZNF559;ZNF519;PIK3R1;ZNF736;IFIH1;ZNF101;ZNF764;ZNF304;NFKB1;ZNF337;ZNF891;ZNF205;ZNF189;ZNF620;ZNF248;ZNF2;ZNF596;ZNF780B;ZNF786;ZNF569;ZNF417;ZNF684;ZNF20
gs_ind_0,Cilium Assembly (GO:0060271),63/186,1.064462157679772e-05,0.023460745955262177,2.0311945538511873,23.258103479645573,ENKD1;FUZ;TCTN2;FAM161A;TRAPPC14;IFT80;RPGRIP1L;PIBF1;IFT27;GORAB;B9D1;RAB3IP;KIF24;IFT22;RILPL2;ARL3;KIF3A;OFD1;EHD4;SNX10;FAM149B1;CEP162;MACIR;TMEM237;IFT81;ATAT1;CC2D2B;BBIP1;RFX3;TCTN1;TMEM216;CILK1;RP2;MKKS;FBF1;TMEM67;IFT74;RPGR;ARMC9;IFT20;DNMBP;NEK1;ARL6;BBOF1;CEP83;BBS10;KIAA0753;CEP290;STK36;IFT46;TTBK2;DYNLT2B;BBS9;RAB23;ALPK1;TOGARAM1;TXNDC15;NPHP3;TBC1D32;WDR19;KIF27;TMEM80;SPAG16
gs_ind_0,Cilium Organization (GO:0044782),59/175,2.3370159717413145e-05,0.03433855467811905,2.0161345624329945,21.500160940082225,FUZ;TCTN2;FAM161A;TRAPPC14;IFT80;PIBF1;IFT27;B9D1;RAB3IP;KIF24;IFT22;RILPL2;ARL3;KIF3A;OFD1;EHD4;SNX10;FAM161B;CEP162;MACIR;FAM149B1;TMEM237;IFT81;ATAT1;BBIP1;RFX3;TCTN1;TMEM216;CILK1;RP2;MKKS;FBF1;TMEM67;IFT74;RPGR;ARMC9;IFT20;DNMBP;NEK1;CEP78;ARL6;CCP110;CEP83;KIAA0753;STK36;CEP290;IFT46;TTBK2;DYNLT2B;BBS9;RAB23;CCDC32;ALPK1;TOGARAM1;TXNDC15;NPHP3;WDR19;KIF27;SPAG16
gs_ind_0,Organelle Assembly (GO:0070925),78/259,0.00011416007909476641,0.1258044071624326,1.7087683735868693,15.512043612875043,CHMP6;TCTN2;OFD1;TMEM237;ATAT1;RP2;VPS37C;ARMC9;IFT20;NEK1;DNMBP;TP53INP1;IFT46;DYNLT2B;RAB23;ALPK1;GABARAPL1;NPHP3;FAM161A;TRAPPC14;IFT80;CHMP2B;KIF24;CEP162;MACIR;IFT81;HPS3;CEP83;CEP290;CORO1A;ATG16L2;TOGARAM1;HPS6;TP53INP2;B9D1;KIF3A;EHD4;SNX10;STX12;RFX3;CILK1;UBXN2A;MKKS;IFT74;ULK1;ARL6;KIAA0753;WIPI1;BBS9;UBXN2B;ATG14;TXNDC15;WDR19;KIF27;RAB43;SPAG16;FUZ;PIBF1;IFT27;RAB3IP;IFT22;RILPL2;ARL3;FAM149B1;BBIP1;TCTN1;AP1S3;TMEM216;CHMP1B;TMEM67;RPGR;STK36;STX7;TTBK2;VPS4B;HPS5;ATG2B;FBF1
gs_ind_0,Mitochondrial Cytochrome C Oxidase Assembly (GO:0033617),12/21,0.00022977683247036646,0.20257125550587507,5.160901045856798,43.24010371504979,COX20;COX17;COA8;PET117;UQCC5;COX16;SURF1;COX19;TMEM223;PET100;FASTKD3;SMIM20
gs_ind_0,Activation Of GTPase Activity (GO:0090630),25/64,0.0004539542718481482,0.3335050717177729,2.536486743528228,19.524642441819488,TBC1D8;TBC1D2B;TBC1D22A;ARHGAP24;TBC1D12;SIPA1L1;CCDC125;BCAS3;TBC1D10A;RALGAPA2;SGSM2;TBC1D10C;TBC1D17;AGAP2;TBC1D13;GMIP;TBC1D22B;ARHGAP42;SIPA1L3;TBC1D4;ARHGAP45;TBC1D2;GARNL3;TBC1D25;TBC1D30
gs_ind_0,Negative Regulation Of Plasma Membrane Bounded Cell Projection Assembly (GO:0120033),10/18,0.0010491780590301863,0.4955578906274654,4.8424562299594225,33.218030514956915,ARHGAP24;KANK1;ODF2L;TCHP;CCP110;TESK1;KIF24;CEP97;LIMK2;TBC1D30
gs_ind_0,Plasma Membrane Bounded Cell Projection Assembly (GO:0120031),62/209,0.0008361384611438881,0.4955578906274654,1.6700389428607065,11.835092256817417,FUZ;SRGAP3;TCTN2;FAM161A;TRAPPC14;IFT80;S1PR2;PIBF1;IFT27;B9D1;RAB3IP;KIF24;IFT22;RILPL2;ARL3;KIF3A;S1PR1;OFD1;EHD4;SNX10;FAM149B1;CARMIL1;MACIR;CEP162;TMEM237;IFT81;ATAT1;BBIP1;RFX3;TCTN1;TMEM216;CILK1;RP2;MKKS;FBF1;TMEM67;IFT74;RPGR;ARMC9;IFT20;DNMBP;NEK1;WHAMM;ARL6;KIAA0753;CEP83;RAP2A;STK36;CEP290;IFT46;TTBK2;DYNLT2B;BBS9;RAB23;ALPK1;TOGARAM1;TXNDC15;NPHP3;AIF1;WDR19;KIF27;SPAG16
gs_ind_0,Negative Regulation Of Cilium Assembly (GO:1902018),7/10,0.0009654430925891437,0.4955578906274654,8.39552495697074,58.28948666815294,ODF2L;TESK1;TCHP;KIF24;CEP97;LIMK2;TBC1D30
gs_ind_0,Negative Regulation Of Organelle Assembly (GO:1902116),13/27,0.0011242238898082246,0.4955578906274654,3.651459398258379,24.795827884325433,MTM1;TBC1D30;FEZ1;NBDY;ODF2L;TCHP;CCP110;LIMK2;SMCR8;KIF24;CEP97;TESK1;KAT2B
gs_ind_0,Negative Regulation Of T Cell Mediated Immunity (GO:0002710),5/6,0.0017407595902624992,0.6099031026471953,14.358805586771552,91.22771952049308,HFE;PTPRC;CD80;IL4I1;SMAD7
gs_ind_0,Positive Regulation Of T Cell Apoptotic Process (GO:0070234),5/6,0.0017407595902624992,0.6099031026471953,14.358805586771552,91.22771952049308,ZC3H8;CD274;TP53;CCL5;PDCD1
gs_ind_0,Respiratory Chain Complex IV Assembly (GO:0008535),12/25,0.001798716046827028,0.6099031026471953,3.6305533208188074,22.947573663637655,COX20;COX17;COA8;PET117;UQCC5;COX16;SURF1;COX19;TMEM223;PET100;FASTKD3;SMIM20
gs_ind_0,Defense Response To Virus (GO:0051607),40/127,0.001990782400353089,0.6268120586254583,1.8202407626469974,11.320491501433342,MX1;APOBEC3G;IFIH1;TRIM56;IRF7;OAS3;MLKL;IFIT1;IFI6;PYCARD;NCBP3;TRIM21;MAP3K14;PMAIP1;SENP7;RIGI;DHX58;RAB2B;TRIM52;RNASEL;IKBKE;APOBEC3F;MARCHF2;PTPRC;IFIT5;IFIT3;BCL2;SHFL;DDX60;UBE2W;SLFN13;IRF2;SERINC5;TRIM13;RNF185;TRIM32;CARD8;TRIM26;APOBEC3D;TRIM6
gs_ind_0,Intraciliary Anterograde Transport (GO:0035720),7/11,0.0021876936017683505,0.6329629586688398,6.529317269076305,39.991463919376194,IFT74;IFT20;IFT80;IFT27;IFT81;IFT46;IFT22
gs_ind_0,Regulation Of Cilium Assembly (GO:1902017),21/56,0.002297506202064754,0.6329629586688398,2.3772861470907096,14.444226607091883,FUZ;TBC1D2B;TBC1D8;TBC1D22A;TCHP;KIF24;TBC1D10A;CYLD;TBC1D10C;TBC1D17;TBC1D13;TBC1D22B;IFT20;CCP110;DYNLT2B;TESK1;ODF2L;TBC1D2;CEP97;LIMK2;TBC1D30
gs_ind_0,Defense Response To Symbiont (GO:0140546),31/95,0.0033352616126015207,0.8648137169616178,1.918621593232208,10.942290648405663,MX1;APOBEC3G;IFIH1;TRIM56;IRF7;OAS3;MLKL;IFIT1;IFI6;PYCARD;NCBP3;MAP3K14;PMAIP1;RIGI;RAB2B;TRIM52;RNASEL;IKBKE;APOBEC3F;PTPRC;IFIT5;IFIT3;BCL2;SHFL;DDX60;SLFN13;IRF2;SERINC5;RNF185;CARD8;APOBEC3D
gs_ind_0,Positive Regulation Of T Cell Proliferation (GO:0042102),15/37,0.0039965037731129254,0.8974603955415681,2.7017447790841254,14.919940718570732,PYCARD;CD274;PTPRC;CD80;CD70;NCKAP1L;NCK2;IL23A;SYK;IL12RB1;TNFRSF13C;PPP3CA;AIF1;CCL5;CCDC88B
gs_ind_0,Negative Regulation Of Viral Process (GO:0048525),17/44,0.004071961867248494,0.8974603955415681,2.4963299391985934,13.738877252940167,MX1;ZFP36;TRIM21;TRIM13;TRIM32;APOBEC3G;FAM111A;RNASEL;HEXIM1;IFIT5;SHFL;IFIH1;OAS3;CCL5;TRIM6;IFIT1;APOBEC3F
gs_ind_0,Interferon Gamma Response,42/139,0.0036951204941686627,0.8974603955415681,1.7139161407236143,9.599202311022406,PTPN6;MX1;SLC25A28;HERC6;TNFAIP3;NOD1;GCH1;IFIH1;CMPK2;IRF7;OAS3;CCL5;IFIT1;NFKB1;IL18BP;TRIM21;CD274;DHX58;UBE2L6;ARID5B;CASP7;SAMD9L;MVP;BPGM;TNFSF10;IRF9;PSMB9;IFIT3;IL7;HLA-DMA;DDX60;LATS2;SOCS1;IRF2;HELZ2;NMI;IFI35;ST8SIA4;TRIM26;APOL6;PSMB8;XAF1
gs_ind_0,"RNA Phosphodiester Bond Hydrolysis, Endonucleolytic (GO:0090502)",7/12,0.004329894255706841,0.9020179442042905,5.341730558598028,29.070830993864593,ZC3H12C;ZC3H12A;NUDT16;POP1;LACTB2;RPP40;KHNYN
gs_ind_0,Regulation Of Cytokine Production (GO:0001817),31/97,0.004734321479342295,0.9020179442042905,1.860611947547353,9.959701066901504,BCL6B;BTN3A2;IFIH1;ZBTB49;BTN2A2;ZBTB32;IRF7;TRIM56;EOLA1;TRIM21;ZBTB37;RIGI;GLMN;ZBTB1;ZBTB20;ZBTB6;ZBTB39;ZBTB2;PTPRC;ZBTB25;BTN2A3P;ALOX5;RPS6KA5;BTN3A1;ZBTB26;BTN2A1;PATZ1;BTN3A3;FGR;SYT11;CCDC88B
gs_ind_0,Regulation Of Lysosome Size (GO:0062196),5/7,0.005066003714509772,0.9020179442042905,8.614576978648259,45.52978804114172,BORCS8;BORCS6;SNAPIN;BLOC1S2;BORCS7
gs_ind_0,Pattern Recognition Receptor Signaling Pathway (GO:0002221),13/31,0.005115800500251194,0.9020179442042905,2.861015046915578,15.093059979288446,PYCARD;TICAM1;TIFA;ALPK1;DHX58;RIGI;NOD1;TLR6;TLR5;TLR1;IFIH1;CTSS;BCL10
gs_ind_0,Regulation Of Glycogen Metabolic Process (GO:0070873),5/7,0.005066003714509772,0.9020179442042905,8.614576978648259,45.52978804114172,PPP1R3B;PPP1R3F;PPP1R3D;KHK;PPP1R3E
gs_ind_0,Interferon Alpha Response,24/71,0.005603162749227822,0.9499515922537015,2.0245840736553062,10.496302391089229,MX1;SLC25A28;HERC6;IFIH1;CMPK2;IRF7;TRIM21;DHX58;UBE2L6;PARP9;LAMP3;SAMD9L;IRF9;PSMB9;IFIT3;IL7;TMEM140;DDX60;IRF2;HELZ2;NMI;IFI35;TRIM26;PSMB8
gs_ind_0,I-kappaB kinase/NF-kappaB Signaling (GO:0007249),14/35,0.006161344536915848,0.9699716685258949,2.6443594073530456,13.458362107027783,CARD11;TIFA;NKIRAS1;IRAK1BP1;MAP3K14;TIRAP;RELB;FAIM;BCL10;NFKB2;BCL3;NFKB1;IRAK2;NFKBIL1
gs_ind_0,Regulation Of Smoothened Signaling Pathway (GO:0008589),16/42,0.00616066992035159,0.9699716685258949,2.4419143328743265,12.428293330568811,SUFU;FUZ;ARMC9;BTRC;PDCL;MOSMO;TEDC1;TULP3;IFT81;TXNDC15;STK36;EVC;FBXL17;RAB34;TEDC2;TTC23
gs_ind_0,Protein poly-ADP-ribosylation (GO:0070212),3/6,0.10336734907900555,0.9999999999998647,3.912883041873897,8.880155572158289,PARP3;PARP9;PARP2
gs_ind_0,Protein Targeting To Lysosome (GO:0006622),5/23,0.516943680160644,0.9999999999998647,1.1626047302720925,0.7671114183046762,NEDD4;ATG14;SNX16;PXK;ZFYVE16
gs_ind_0,Protein Targeting To ER (GO:0045047),2/21,0.9467299284801028,0.9999999999998647,0.500832767873666,0.027416293324235817,ZFAND2A;SGTB
gs_ind_0,Protein export,2/22,0.9558870236074068,0.9999999999998647,0.4763627828740196,0.021491368499665764,SEC61A2;SEC11C
gs_ind_0,Protein Targeting (GO:0006605),16/108,0.9449159053189726,0.9999999999998647,0.6957820072368163,0.03942255246483837,AP4S1;KIF13B;ZDHHC21;ZFAND2A;ARL6;ZDHHC24;RAB3IP;CHM;TRAK2;PEX1;AP1S3;AP4E1;VPS37C;ZDHHC6;ZDHHC2;PEX12
gs_ind_0,Protein digestion and absorption,3/37,0.9882294788745641,0.9999999999998647,0.3959500275532056,0.0046881837951800835,SLC36A4;SLC7A7;COL19A1
gs_ind_0,Protein processing in endoplasmic reticulum,21/150,0.9831503732649152,0.9999999999998647,0.6466517925288298,0.010988681116174395,ERN1;MBTPS2;DERL3;EIF2AK3;UBE2D1;ATXN3;MAP3K5;DNAJB2;UBXN2A;SVIP;BCL2;UGGT2;BAG2;DERL2;SEC61A2;ERO1B;CKAP4;SELENOS;RBX1;RNF185;EDEM2
gs_ind_0,Protein auto-ADP-ribosylation (GO:0070213),4/8,0.059636426619357134,0.9999999999998647,3.9138180067404913,11.034965670161052,PARP3;PARP2;PARP8;PARP11
gs_ind_0,Protein Targeting To Mitochondrion (GO:0006626),5/55,0.9927667433934263,0.9999999999998647,0.42478569577940295,0.0030837502126750444,TRMT10B;TIMM22;MIPEP;DNLZ;TIMM29
gs_ind_0,Protein Targeting To Peroxisome (GO:0006625),5/16,0.21271819704323267,0.9999999999998647,1.8713520908513475,2.896454453259395,PEX10;PEX1;PEX7;PEX2;PEX12
gs_ind_0,Protein Targeting To Vacuole (GO:0006623),7/29,0.37596307993313455,0.9999999999998647,1.3039357429718876,1.2755938286743562,NEDD4;ATG14;SNX16;VPS37C;PXK;SMURF1;ZFYVE16
gs_ind_0,Protein Targeting To Vacuole Involved In Autophagy (GO:0071211),1/4,0.5978508540253882,0.9999999999998647,1.6758743901601045,0.8620931884147255,SMURF1
gs_ind_0,Protein Tetramerization (GO:0051262),5/42,0.9483533985803628,0.9999999999998647,0.5726569272756462,0.030366887548774212,FKRP;CBR4;HSD17B8;ME1;CBY1
gs_ind_0,Protein Sumoylation (GO:0016925),6/37,0.7935453841701429,0.9999999999998647,0.8063425787851675,0.18646232333379198,TOPORS;NSMCE3;PIAS2;ZMIZ2;IFIH1;SLF2
gs_ind_0,Protein Transmembrane Import Into Intracellular Organelle (GO:0044743),6/29,0.5561917840783974,0.9999999999998647,1.0815528805578998,0.6344844626457373,PEX10;PEX7;PEX1;PEX2;DNLZ;PEX12
gs_ind_0,Protein Transport (GO:0015031),39/247,0.9728201958081801,0.9999999999998647,0.7373452641879354,0.020318291624245147,SVBP;RAB12;CHMP2B;IFT27;RAB22A;MYO6;IFT22;UNC93B1;KIF3A;SLU7;TSNARE1;OPTN;RAB20;ARL11;STX12;PICK1;CHMP1B;RABL3;RAB3A;GSDMD;RPGR;TBC1D13;VAMP2;STX8;ARL6;DNAJC27;STX7;CEP290;LMAN2L;RAB23;RABL2A;ABCD1;SNX18;TRIM23;RAB3D;DENND10;RAB34;STX6;RAB43
gs_ind_0,Protein Transport To Vacuole Involved In Ubiquitin-Dependent Protein Catabolic Process Via The Multivesicular Body Sorting Pathway (GO:0043328),1/14,0.958804759543803,0.9999999999998647,0.43412965635187856,0.018262884928106907,VPS37C
gs_ind_0,Protein Trimerization (GO:0070206),2/9,0.5747801384335589,0.9999999999998647,1.303448275862069,0.7218075267435339,MLKL;CLYBL
gs_ind_0,Protein Ubiquitination (GO:0016567),67/337,0.6099093194013474,0.9999999999998647,0.9750575647063632,0.48211232742541643,TOPORS;NHLRC3;MIB2;HERC6;UBE2D1;MSL2;TRIM6;FANCF;PEX2;TRIM56;FBXL15;UBOX5;UVSSA;RNF103;DDB2;RNF19B;TRIM21;NEDD4;BTRC;RNF43;TRIM68;TRIM52;DTX3L;UBE2L6;KCTD13;PEX10;TRIM69;SMURF2;SH3RF1;TRAIP;SMURF1;MARCHF2;RPGR;RNF38;UBE2C;ARRB2;KLHL2;FANCC;RNF227;ANKRD9;TRIM38;HACE1;BCL2;DZIP3;RNFT1;KBTBD8;OBI1;UBE2W;PEX12;RNF20;SIRT1;RBX1;RNF122;MAGEF1;ZNF738;TRIM32;VCPIP1;RNF185;TRIM13;DDA1;TRIM26;TRIM23;BRCA2;FBXL17;CUL9;FBXL3;RNF146
gs_ind_0,Protein Ufmylation (GO:0071569),1/4,0.5978508540253882,0.9999999999998647,1.6758743901601045,0.8620931884147255,UFL1
gs_ind_0,Protein Targeting To Membrane (GO:0006612),9/59,0.8751626049881083,0.9999999999998647,0.7346642878401327,0.09796423234762523,ZDHHC21;ARL6;ZDHHC24;RAB3IP;CHM;SGTB;VPS37C;ZDHHC6;ZDHHC2
gs_ind_0,Protein Stabilization (GO:0050821),28/166,0.8911341807031404,0.9999999999998647,0.8027034648982215,0.09251981586523023,CDC37L1;PIK3R1;TBRG1;COA8;STX12;STK3;STXBP4;CAMLG;DNLZ;PDCL3;RABL3;CREBL2;SWSAP1;PDRG1;MTMR9;BAG3;DNAAF2;DNAAF10;BAG2;IFT46;OTUD3;SPAG1;MAPK8IP3;PIH1D2;SOX4;TMEM88;SMAD7;CEP63
gs_ind_0,'De Novo' Post-Translational Protein Folding (GO:0051084),3/26,0.9225999915368105,0.9999999999998647,0.5818140235056375,0.04687065673583295,ENTPD5;DNAJB14;DNAJB5
gs_ind_0,Protein Secretion,10/88,0.9912080486774473,0.9999999999998647,0.5213312808600723,0.004603787167128912,VAMP4;YIPF6;VPS4B;SCRN1;STX12;STX7;RAB9A;RAB22A;DST;CLN5
gs_ind_0,Protein Localization To Phagophore Assembly Site (GO:0034497),1/12,0.9350149954629013,0.9999999999998647,0.5097141184097705,0.03424907390651992,WIPI1
gs_ind_0,Protein Localization To Plasma Membrane (GO:0072659),16/96,0.848997368437777,0.9999999999998647,0.8002935975911789,0.1310074155107233,SMURF1;CACNB3;EHD4;PIGW;PLEKHF1;RAB12;PACSIN1;TTC7A;RAB3D;RAP2A;ZFYVE27;TMEM88;RAB34;PALS1;ZDHHC2;RAB3A
gs_ind_0,Protein Localization To Presynapse (GO:1905383),1/5,0.6797672063173691,0.9999999999998647,1.3033509700176367,0.5030998387884896,MAPK8IP3
gs_ind_0,Protein Localization To Site Of Double-Strand Break (GO:1990166),3/5,0.06072572167688534,0.9999999999998647,5.478485480506979,15.347363043995708,PARP3;XRCC4;SLF2
gs_ind_0,Protein Localization To Synapse (GO:0035418),1/11,0.9183821192811181,0.9999999999998647,0.5583041297327012,0.04753497558033882,DLG4
gs_ind_0,Protein Localization To Vacuole (GO:0072665),1/9,0.8712616767850634,0.9999999999998647,0.689782983900631,0.09506100349519497,KICS2
gs_ind_0,Protein Mannosylation (GO:0035268),4/16,0.4164508921822029,0.9999999999998647,1.4080500722195475,1.233433178794374,POMT1;FKTN;RXYLT1;FKRP
gs_ind_0,Protein Maturation (GO:0051604),9/81,0.9907245434184179,0.9999999999998647,0.510804893325721,0.004760058755345747,MBTPS2;MAGEF1;ADAM19;CASP7;APH1B;CTSS;LIPT2;ISCA1;LIPT1
gs_ind_0,Protein Maturation By Iron-Sulfur Cluster Transfer (GO:0097428),5/14,0.13769744367036255,0.9999999999998647,2.265692727564617,4.492180900330161,MAGEF1;LTO1;ISCA2;ISCA1;YAE1
gs_ind_0,Protein Methylation (GO:0006479),7/29,0.37596307993313455,0.9999999999998647,1.3039357429718876,1.2755938286743562,EEF1AKMT2;EEF1AKMT3;VCPKMT;FAM98B;CAMKMT;EEF1AKMT1;EEF2KMT
gs_ind_0,Protein Modification By Small Protein Conjugation (GO:0032446),51/280,0.8355006112751951,0.9999999999998647,0.8752621248379858,0.15730578458071418,TOPORS;MIB2;HERC6;MSL2;ATG10;SLF2;IFIH1;FBXL15;UVSSA;RNF103;TRIM21;RNF43;NEDD4;BTRC;UBE2L6;TRIM52;KCTD13;ZMIZ2;UBE2E2;TRIM69;SMURF2;SH3RF1;DCUN1D3;TRAIP;SMURF1;UFL1;MARCHF2;NSMCE3;RPGR;RNF38;PIAS2;UBE2C;ARRB2;KLHL2;ANKRD9;RNF227;HACE1;MOCS3;SIRT1;RBX1;MAGEF1;TRIM13;TRIM32;VCPIP1;TRIM26;TRIM23;FBXL17;CUL9;FBXL3;AKTIP;DCUN1D2
gs_ind_0,Protein Modification By Small Protein Removal (GO:0070646),13/76,0.8001974511681464,0.9999999999998647,0.8304444199424372,0.18510337704901103,ZC3H12A;OTUD7B;USP40;SENP7;VCPIP1;TNFAIP3;USP42;CYLD;USP46;OTUD3;USPL1;USP51;USP49
gs_ind_0,Protein Modification Process (GO:0036211),102/538,0.8095443016881576,0.9999999999998647,0.9152822737923396,0.19338429869971005,TP53RK;ATG4C;DUSP11;ATG10;SYK;MAP3K5;PXK;RNASEL;FUT4;PPM1M;IKBKE;TESK2;HCST;MAP3K9;PTPRC;MTMR6;CDK11B;NEK1;PGAP1;STK17A;ATG4A;STK38;SLC35A1;ATE1;LATS2;GMFB;DYRK1B;MAP4K2;PLPP6;JMJD7;NEK11;GLYCTK;ERN1;TRIB1;ADPRH;BRSK1;GMPPB;PTPRJ;ALG10B;PPP2R5B;CDKL3;ING4;MTM1;UBLCP1;NTAQ1;TAF3;ATG16L2;PTPN22;CTTNBP2NL;MTMR3;MSRA;CTDP1;GRK5;MANBA;FGR;PPEF1;PTPN6;CAMK2D;PPM1D;TP53INP2;MAP3K12;AGA;PASK;B4GALT7;UBE2L6;PICK1;LIPT1;CILK1;NAA80;ULK1;GLRX;WIPI1;METAP1D;RBX1;PDK2;ATG14;BMPR2;STK10;LIMK2;EIF2AK3;NEK3;SSH1;ST3GAL3;HASPIN;PIM3;GRK3;BTRC;STK3;PPP3CA;FKTN;MAP4K1;CDK19;UVRAG;STK36;RPS6KA5;TAF5;INSR;ST8SIA4;ERBB2;FER;TSSK6;PORCN
gs_ind_0,Protein Monoubiquitination (GO:0006513),12/43,0.1492279401701483,0.9999999999998647,1.5536528368386775,2.9554832501039483,TOPORS;TRIM21;RBX1;FANCC;FANCF;KBTBD8;PEX2;RNF20;TRIM56;OBI1;UBE2W;PEX12
gs_ind_0,Protein Secretion (GO:0009306),7/44,0.8205542280136515,0.9999999999998647,0.7813975903614457,0.15454112660901975,GSDMD;SVBP;RAB12;RAB3D;KLRG1;PORCN;RAB3A
gs_ind_0,Protein N-linked Glycosylation (GO:0006487),9/54,0.7983102767494364,0.9999999999998647,0.815732250389058,0.18375016559693147,ENTPD5;DERL3;ALG6;FUT8;ALG12;ALG10B;UGGT2;ALG14;B4GALT7
gs_ind_0,Protein Neddylation (GO:0045116),3/19,0.7749900719826985,0.9999999999998647,0.8291206627481295,0.21134705233127382,DCUN1D3;RBX1;DCUN1D2
gs_ind_0,Protein O-linked Glycosylation (GO:0006493),16/67,0.279528597816677,0.9999999999998647,1.2539381625192978,1.5983331238229899,B3GNT9;B4GAT1;POGLUT2;POMT1;FKRP;GXYLT1;GALNT6;C1GALT1C1;POGLUT1;GALNT4;ST3GAL3;B3GALT4;RXYLT1;EOGT;FKTN;TET2
gs_ind_0,Protein O-linked Glycosylation Via Serine (GO:0018242),3/5,0.06072572167688534,0.9999999999998647,5.478485480506979,15.347363043995708,POGLUT1;GALNT4;POGLUT2
gs_ind_0,Protein O-linked Glycosylation Via Threonine (GO:0018243),2/5,0.27018544485746365,0.9999999999998647,2.7940199335548175,3.6563850298756777,GALNT4;GALNT6
gs_ind_0,Protein O-linked Mannosylation (GO:0035269),4/13,0.26388176960411197,0.9999999999998647,1.8531535869041886,2.4688714984696505,RXYLT1;FKTN;FKRP;POMT1
gs_ind_0,Protein Oxidation (GO:0018158),1/7,0.796950772203989,0.9999999999998647,0.9021719021719021,0.20475907168261248,LOXL3
gs_ind_0,Protein Palmitoylation (GO:0018345),7/27,0.303359293681427,0.9999999999998647,1.4313840728768734,1.7074084390534465,ZDHHC21;PORCN;ZDHHC13;ZDHHC24;HHAT;ZDHHC6;ZDHHC2
gs_ind_0,Protein Phosphorylation (GO:0006468),63/372,0.9603459054425959,0.9999999999998647,0.79802359811065,0.03228942433805688,PTPN6;ERN1;TP53RK;CAMK2D;TRIB1;EIF2AK3;CDK5R1;NEK3;FGR;DDR2;LIMK2;BRSK1;SYK;TSSK6;MAP3K12;MAP3K5;PASK;HASPIN;PXK;PIM3;GRK3;MAST3;RNASEL;PICK1;FES;STK3;IKBKE;TESK2;CDKL3;CILK1;HCST;MAP3K9;DGKQ;ULK1;MAP4K1;CDK11B;NEK1;CDK19;STK32C;UVRAG;STK17A;STK36;RPS6KA5;TAF3;STK38;TTBK2;TAF5;LATS2;MAP3K10;GMFB;INSR;DYRK1B;ATG14;PDK2;GRK5;BMPR2;STK10;MAP4K2;ERBB2;SMAD7;FER;NEK11;GLYCTK
gs_ind_0,Protein Polyglutamylation (GO:0018095),2/9,0.5747801384335589,0.9999999999998647,1.303448275862069,0.7218075267435339,TPGS1;TTLL1
gs_ind_0,Protein Polymerization (GO:0051258),8/44,0.6984609637426068,0.9999999999998647,0.9102137673103974,0.3266538647472283,UBE2C;ANG;TRIM32;ARL6;WAS;WASL;PREX1;TRIM6
gs_ind_0,Protein Prenylation (GO:0018342),3/9,0.27143988032691707,0.9999999999998647,2.1064186896049564,2.746800723669715,CHM;PGGT1B;PLPP6
gs_ind_0,Protein Processing (GO:0016485),8/73,0.9888904416299759,0.9999999999998647,0.5060088590343873,0.005652994559085302,SEC11C;FAM111A;ADAM19;VSIR;APH1B;FXN;CTSS;CLN5
gs_ind_0,Protein Quality Control For Misfolded Or Incompletely Synthesized Proteins (GO:0006515),8/27,0.16754838266297717,0.9999999999998647,1.7061150323242562,3.047945702114057,RNF185;PEX10;FBXL17;UGGT2;ATXN3;ZER1;UBE2W;PEX12
gs_ind_0,Protein Repair (GO:0030091),1/5,0.6797672063173691,0.9999999999998647,1.3033509700176367,0.5030998387884896,MSRA
gs_ind_0,Protein N-linked Glycosylation Via Asparagine (GO:0018279),3/21,0.8317210846862813,0.9999999999998647,0.7393645851852173,0.13623393520139163,UGGT2;DERL3;FUT8
gs_ind_0,Protein Polyubiquitination (GO:0000209),39/188,0.4773680150914964,0.9999999999998647,1.0333981311942257,0.7641644002194068,TOPORS;NHLRC3;TNFAIP3;UBE2D1;PELI3;TRIM56;UBOX5;DDB2;KBTBD7;UBE2Q2;RNF19B;TRIM21;NEDD4;BTRC;TRIM68;UBE2L6;DTX3L;PEX10;UBE2E2;SMURF1;UBE2C;RNF146;HACE1;TRIM38;BCL2;DZIP3;UBE2W;KBTBD6;RNF20;ZNRF2;PEX12;RBX1;ZNF738;RNF185;TRIM32;DDA1;FBXL17;TRAF5;TRIM6
gs_ind_0,Proteoglycans in cancer,17/152,0.9991016914555981,0.9999999999998647,0.5021393888394968,0.00045127882764921506,PTPN6;CAMK2D;VAV2;ITPR2;TP53;PLAUR;WNT2B;FRS2;PIK3R1;HCLS1;SDC1;VAV1;ERBB2;NUDT16L1;FZD2;PIK3R3;SOS2
gs_ind_0,Protein-Containing Complex Disassembly (GO:0032984),11/55,0.5803637257028165,0.9999999999998647,1.0103883335471966,0.5497525536849578,CHMP6;VPS4B;TECPR1;CHMP2B;UVRAG;ATG14;PEX10;PEX2;GSPT2;CHMP1B;PEX12
gs_ind_0,Pyrimidine metabolism,8/48,0.7894481347110041,0.9999999999998647,0.8200463037358425,0.1938762830376669,ENTPD5;TK2;DCK;AK9;RRM2B;CMPK2;NUDT2;NT5M
gs_ind_0,Pyrimidine-Containing Compound Catabolic Process (GO:0072529),1/3,0.49498852941534904,0.9999999999998647,2.3464165464165463,1.650048661813499,TET2
gs_ind_0,Pyrimidine-Containing Compound Metabolic Process (GO:0072527),1/6,0.7450017490315044,0.9999999999998647,1.0662906117451572,0.31388259496961246,DCK
gs_ind_0,Pyroptosis (GO:0070269),3/15,0.6156231394758771,0.9999999999998647,1.0947986523343494,0.5311090388707119,GSDMD;PYCARD;TRIM21
gs_ind_0,Pyruvate Metabolic Process (GO:0006090),3/32,0.9716258792616584,0.9999999999998647,0.46325054997049603,0.013334410668409713,SRR;ENO3;ME1
gs_ind_0,Pyruvate metabolism,4/30,0.8868775329039789,0.9999999999998647,0.6634114879043613,0.07964147113519968,ALDH3A2;ACYP1;ACYP2;ME1
gs_ind_0,Quaternary Ammonium Group Transport (GO:0015697),1/7,0.796950772203989,0.9999999999998647,0.9021719021719021,0.20475907168261248,SLC44A1
gs_ind_0,Quinone Biosynthetic Process (GO:1901663),3/11,0.3947032014005075,0.9999999999998647,1.6105265144723058,1.4971795674609456,COQ6;COQ7;COQ3
gs_ind_0,Quinone Metabolic Process (GO:1901661),1/9,0.8712616767850634,0.9999999999998647,0.689782983900631,0.09506100349519497,AIFM2
gs_ind_0,R-loop Processing (GO:0062176),1/4,0.5978508540253882,0.9999999999998647,1.6758743901601045,0.8620931884147255,PRIMPOL
gs_ind_0,RIG-I Signaling Pathway (GO:0039529),2/5,0.27018544485746365,0.9999999999998647,2.7940199335548175,3.6563850298756777,RIGI;OAS3
gs_ind_0,RIG-I-like receptor signaling pathway,8/46,0.746800233397382,0.9999999999998647,0.8627880234822224,0.2518974816333489,DHX58;CYLD;IFIH1;TRADD;NFKBIB;IKBKE;IRF7;NFKB1
gs_ind_0,RISC Complex Assembly (GO:0070922),1/7,0.796950772203989,0.9999999999998647,0.9021719021719021,0.20475907168261248,HEXIM1
gs_ind_0,RNA 3'-End Processing (GO:0031123),7/31,0.44920110650167155,0.9999999999998647,1.1972953036636342,0.9581769846126265,ELAC1;HEXIM1;TENT4B;INTS6L;TENT4A;PTCD1;MBLAC1
gs_ind_0,RNA Biosynthetic Process (GO:0032774),2/25,0.9751645410194862,0.9999999999998647,0.41544813936426145,0.0104481310988571,HELB;TAF5
gs_ind_0,RNA Catabolic Process (GO:0006401),8/50,0.8265153825772754,0.9999999999998647,0.7813273340832396,0.14887157106733007,ZFP36;ERN1;NUDT12;DIS3L2;NUDT16;RNASEH2C;DXO;NUDT16L1
gs_ind_0,RNA Decapping (GO:0110154),3/5,0.06072572167688534,0.9999999999998647,5.478485480506979,15.347363043995708,NUDT16;DXO;NUDT12
gs_ind_0,RNA Stabilization (GO:0043489),3/28,0.9441909216133153,0.9999999999998647,0.5360934683515634,0.03078617839274587,NRDE2;TRDMT1;E2F1
gs_ind_0,"RNA Splicing, Via Transesterification Reactions With Bulged Adenosine As Nucleophile (GO:0000377)",26/167,0.9536305335701531,0.9999999999998647,0.7298952951046906,0.034654672381401214,ZRSR2;CWF19L2;SYF2;WDR83;GEMIN6;PRPF40B;SLU7;DBR1;RBM4B;CWC25;LSM3;CWC22;GPATCH1;RNPC3;RBM41;U2AF1L4;USP49;MAGOHB;HTATSF1;PNN;CENATAC;GCFC2;RBMX2;WBP4;METTL14;FRA10AC1
gs_ind_0,"RNA Splicing, Via Transesterification Reactions (GO:0000375)",3/23,0.8756878983937938,0.9999999999998647,0.6671218886101904,0.08855744994639804,WDR83;SLU7;DBR1
gs_ind_0,"RNA Splicing, Via Endonucleolytic Cleavage And Ligation (GO:0000394)",3/11,0.3947032014005075,0.9999999999998647,1.6105265144723058,1.4971795674609456,ERN1;HEXIM1;FAM98B
gs_ind_0,RNA Splicing (GO:0008380),14/88,0.8821571425500037,0.9999999999998647,0.7598156118339512,0.09526953571972069,ZMAT5;SLU7;ZRSR2;RNPC3;RRAGC;NRDE2;NOL3;WBP4;DBR1;PRPF18;WDR83;YJU2;MAGOHB;SNRNP48
gs_ind_0,RNA Processing (GO:0006396),26/162,0.9325017204314419,0.9999999999998647,0.7569451721706449,0.05289857024835979,ZRSR2;BICD1;DUSP11;NOL3;YJU2;ZMAT5;SLU7;ZNF830;RNASEL;LSM3;ATXN1;KIN;NUFIP1;RNPC3;RBMS2;PRPF18;TENT4A;RNGTT;MAGOHB;FASTKD3;SNRNP48;HNRNPA0;RRAGC;NRDE2;WBP4;TENT4B
gs_ind_0,Pyrimidine Nucleotide-Sugar Transmembrane Transport (GO:0090481),2/5,0.27018544485746365,0.9999999999998647,2.7940199335548175,3.6563850298756777,SLC35D1;SLC35A3
gs_ind_0,RNA Polymerase II Preinitiation Complex Assembly (GO:0051123),6/42,0.8831306235790356,0.9999999999998647,0.6955987073526467,0.08645050827503636,MED29;MED11;MED31;TAF3;TAF5;MED9
gs_ind_0,RNA Phosphodiester Bond Hydrolysis (GO:0090501),8/23,0.0779791139542221,0.9999999999998647,2.1471077636032825,5.4779466506725845,ERN1;ELAC1;ZC3H12C;ZC3H12A;NUDT16;POP1;LACTB2;KHNYN
gs_ind_0,RNA Modification (GO:0009451),9/46,0.6119044925253057,0.9999999999998647,0.990406687027809,0.48646703210189896,ALKBH1;APOBEC3F;KTI12;APOBEC3G;RBM15B;TRDMT1;TRUB1;DTWD2;BCDIN3D
gs_ind_0,RNA Methylation (GO:0001510),14/57,0.26009442718746845,0.9999999999998647,1.304620834004186,1.7569466179559732,TRMT61A;THUMPD2;TRMT10A;NSUN3;RBM15B;TRMO;METTL14;METTL4;TRMT61B;TRDMT1;TRMT13;TRMT6;ZC3H13;BCDIN3D
gs_ind_0,RNA Metabolic Process (GO:0016070),13/95,0.9651521444366602,0.9999999999998647,0.6381897195030947,0.022636287769075007,TP53RK;ZC3H12A;ANG;NUFIP1;RBMS2;BICD1;DUSP11;RNASEL;ZNF830;RNASEH2C;ALKBH1;RNGTT;ATXN1
gs_ind_0,RNA Export From Nucleus (GO:0006405),4/58,0.998842453950054,0.9999999999998647,0.3218341556496888,0.0003727536370056195,NCBP3;MAGOHB;DDX19B;RBM15B
gs_ind_0,RNA Destabilization (GO:0050779),2/16,0.8669156603053907,0.9999999999998647,0.6738102480435805,0.09622925683039828,METTL14;DXO
gs_ind_0,RNA Polyadenylation (GO:0043631),5/22,0.4743998704212109,0.9999999999998647,1.2291401967754512,0.916575627153152,TUT1;HEXIM1;LEO1;PEX2;TENT4B
gs_ind_0,Protein-Containing Complex Assembly (GO:0065003),38/244,0.977419953265758,0.9999999999998647,0.7255243841734572,0.016570164142551608,VAMP4;VAMP1;ZC3H12A;PTGES3L;TTC12;NOL3;TBCEL;TP53;BIN2;TESPA1;BAD;DLG4;TRAPPC2B;MKKS;TRAPPC6A;GSDMD;HFE;DNAJB14;VAMP2;PDCL;FANCC;UVRAG;NCK2;ARL6;HGSNAT;DNAAF2;DNAAF10;WAS;BBS10;NCKAP1L;SPAG1;LPXN;EID2;PARD6B;MIS12;WASL;WDR19;ZNHIT6
gs_ind_0,Pyrimidine Deoxyribonucleotide Catabolic Process (GO:0009223),2/12,0.7354204812815023,0.9999999999998647,0.9308053614388819,0.2860484576995813,NT5M;NEIL2
gs_ind_0,Purine-Containing Compound Catabolic Process (GO:0072523),1/2,0.36582651410140676,0.9999999999998647,3.911014911014911,3.9329011974146835,NUDT15
gs_ind_0,Protein-Containing Complex Organization (GO:0043933),12/91,0.9720925610688881,0.9999999999998647,0.6131695988099395,0.017355306609479034,LPXN;HFE;DNAJB14;VAMP2;TP53;FANCC;PARD6B;WASL;WAS;DLG4;NCKAP1L;WDR19
gs_ind_0,Proteoglycan Biosynthetic Process (GO:0030166),6/21,0.24409462178147523,0.9999999999998647,1.6408512357734528,2.3139273209888556,XYLT2;SLC35D2;BMPR2;CSGALNACT2;B4GALT7;CHST12
gs_ind_0,Proteoglycan Catabolic Process (GO:0030167),3/6,0.10336734907900555,0.9999999999998647,3.912883041873897,8.880155572158289,NAGLU;IDUA;SGSH
gs_ind_0,Proteoglycan Metabolic Process (GO:0006029),5/17,0.25419710850453286,0.9999999999998647,1.7215026489003051,2.357848003698116,BMPR2;CSGALNACT2;CHST14;B4GALT7;CHST12
gs_ind_0,Protein Localization To Organelle (GO:0033365),19/105,0.7544358861329947,0.9999999999998647,0.8806122078016505,0.24814329308929212,TOPORS;XPA;BICD1;PEX2;ARL3;OPTN;SNX10;FAM149B1;CAMLG;CEP68;IFT20;TULP3;ARL6;TTC21A;RAB33B;TSPAN10;BBS9;BICD2;TRAM2
gs_ind_0,Proteolysis (GO:0006508),19/162,0.998721183107339,0.9999999999998647,0.5283238007582232,0.0006760617730057309,CAPN10;ATG4C;SVBP;ADAMTS6;ERAP2;ADAM19;TRABD2A;CASP7;NAPSA;NPEPPSP1;ATG4A;FBXL6;MALT1;CARD8;FAM111A;ADAM22;ADAM8;APH1B;CTSS
gs_ind_0,Proteolysis Involved In Protein Catabolic Process (GO:0051603),16/62,0.1802324749723416,0.9999999999998647,1.3893418980651397,2.380648087188358,NR1D1;TRIM21;VPS4B;PMAIP1;OTUD7B;MALT1;TNFAIP3;SOCS6;PEX10;FBXL17;ATXN3;ZER1;CTSS;ATE1;UBE2W;PEX12
gs_ind_0,Proton Transmembrane Transport (GO:1902600),2/34,0.9958201190803884,0.9999999999998647,0.3001788908765653,0.001257341622035895,SLC9A8;DMAC2L
gs_ind_0,Proton-Transporting ATP Synthase Complex Assembly (GO:0043461),1/7,0.796950772203989,0.9999999999998647,0.9021719021719021,0.20475907168261248,TMEM242
gs_ind_0,Proton-Transporting V-type ATPase Complex Assembly (GO:0070070),1/4,0.5978508540253882,0.9999999999998647,1.6758743901601045,0.8620931884147255,PIP4P1
gs_ind_0,Proximal/Distal Pattern Formation (GO:0009954),1/6,0.7450017490315044,0.9999999999998647,1.0662906117451572,0.31388259496961246,DLL1
gs_ind_0,Pseudouridine Synthesis (GO:0001522),2/12,0.7354204812815023,0.9999999999998647,0.9308053614388819,0.2860484576995813,TRUB1;PUS10
gs_ind_0,Pteridine-Containing Compound Metabolic Process (GO:0042558),1/3,0.49498852941534904,0.9999999999998647,2.3464165464165463,1.650048661813499,GCH1
gs_ind_0,Pulmonary Valve Development (GO:0003177),2/12,0.7354204812815023,0.9999999999998647,0.9308053614388819,0.2860484576995813,HEY1;BMPR2
gs_ind_0,Pulmonary Valve Morphogenesis (GO:0003184),1/10,0.8974937817113968,0.9999999999998647,0.6171236171236171,0.06674135581913541,HEY1
gs_ind_0,Purine Deoxyribonucleotide Catabolic Process (GO:0009155),3/5,0.06072572167688534,0.9999999999998647,5.478485480506979,15.347363043995708,NUDT16;NUDT15;NUDT18
gs_ind_0,Purine Nucleoside Bisphosphate Biosynthetic Process (GO:0034033),2/10,0.6351727324480614,0.9999999999998647,1.1500070758054626,0.5219402535113675,PANK1;PPCDC
gs_ind_0,Purine metabolism,11/86,0.975530615541834,0.9999999999998647,0.594007884810608,0.014715793896699025,ENTPD5;PDE6D;DCK;AK9;NUDT16;FHIT;RRM2B;NUDT2;ADPRM;NT5M;ADA
gs_ind_0,Purine Ribonucleotide Transport (GO:0015868),2/11,0.6886104060141844,0.9999999999998647,1.028869286287089,0.38385015860250277,SLC35B3;LRRC8C
gs_ind_0,Purine Ribonucleotide Metabolic Process (GO:0009150),8/44,0.6984609637426068,0.9999999999998647,0.9102137673103974,0.3266538647472283,RAB23;ACSF2;CTNS;MLYCD;CROT;BAD;GNAI3;RHOQ
gs_ind_0,Purine Ribonucleotide Catabolic Process (GO:0009154),4/20,0.6044244594660717,0.9999999999998647,1.0663544447848732,0.5368866220617171,MLYCD;FITM2;NUDT8;NUDT18
gs_ind_0,Purine Ribonucleotide Biosynthetic Process (GO:0009152),3/41,0.9943047483753499,0.9999999999998647,0.35469568134416524,0.002025855525436809,PANK1;NUDT2;PPCDC
gs_ind_0,Purine Ribonucleoside Triphosphate Metabolic Process (GO:0009205),5/24,0.5579574372382914,0.9999999999998647,1.102893414179335,0.6435080844319162,RAB23;CTNS;BAD;GNAI3;RHOQ
gs_ind_0,Purine-Containing Compound Metabolic Process (GO:0072521),1/4,0.5978508540253882,0.9999999999998647,1.6758743901601045,0.8620931884147255,FHIT
gs_ind_0,Purine Ribonucleoside Triphosphate Biosynthetic Process (GO:0009206),1/10,0.8974937817113968,0.9999999999998647,0.6171236171236171,0.06674135581913541,NUDT2
gs_ind_0,Purine Ribonucleoside Metabolic Process (GO:0046128),1/2,0.36582651410140676,0.9999999999998647,3.911014911014911,3.9329011974146835,ADA
gs_ind_0,Purine Nucleotide Metabolic Process (GO:0006163),6/26,0.44108979354819455,0.9999999999998647,1.240134426396456,1.0150584742804778,NUDT15;FHIT;KMO;ME1;NMRK1;TP53I3
gs_ind_0,Purine Nucleotide Catabolic Process (GO:0006195),3/4,0.028603411361812166,0.9999999999998647,9.131557837317503,32.45565032766723,NUDT15;NUDT12;NUDT17
gs_ind_0,Purine Nucleotide Biosynthetic Process (GO:0006164),2/18,0.9071587652944273,0.9999999999998647,0.5920390755996209,0.05768698489803892,KYNU;NMNAT1
gs_ind_0,Purine Nucleoside Bisphosphate Metabolic Process (GO:0034032),3/11,0.3947032014005075,0.9999999999998647,1.6105265144723058,1.4971795674609456,ACSF2;MLYCD;CROT
gs_ind_0,Purine Nucleoside Bisphosphate Catabolic Process (GO:0034034),3/8,0.21111686342347444,0.9999999999998647,2.4896080976620043,3.8721956321797006,MLYCD;FITM2;NUDT8
gs_ind_0,Purine Ribonucleoside Monophosphate Biosynthetic Process (GO:0009168),1/9,0.8712616767850634,0.9999999999998647,0.689782983900631,0.09506100349519497,NUDT2
gs_ind_0,Protein Localization To Nucleus (GO:0034504),14/110,0.9867014101061865,0.9999999999998647,0.5855289337069531,0.007838948946802851,TOPORS;TBRG1;XPA;KPNA5;RANGRF;PINX1;RANBP6;SYK;UTP25;STK3;TAF3;PEX2;BCL3;APPL1
gs_ind_0,Protein Localization To Kinetochore (GO:0034501),1/11,0.9183821192811181,0.9999999999998647,0.5583041297327012,0.04753497558033882,MTBP
gs_ind_0,Protein Localization To Non-Motile Cilium (GO:0097499),1/4,0.5978508540253882,0.9999999999998647,1.6758743901601045,0.8620931884147255,BBIP1
gs_ind_0,Preassembly Of GPI Anchor In ER Membrane (GO:0016254),3/7,0.15431169962193045,0.9999999999998647,3.0431039092999628,5.686893849611121,PIGV;PIGZ;PIGW
gs_ind_0,Presynaptic Active Zone Organization (GO:1990709),1/3,0.49498852941534904,0.9999999999998647,2.3464165464165463,1.650048661813499,RAB3A
gs_ind_0,Presynaptic Endocytosis (GO:0140238),4/23,0.7182995026288506,0.9999999999998647,0.9020777008258953,0.2984692421897909,SYNJ1;PACSIN1;VAMP2;DNM1
gs_ind_0,Primary Alcohol Metabolic Process (GO:0034308),4/9,0.09047082961658927,0.9999999999998647,3.2019521162515865,7.693419379716405,ALDH3A2;THTPA;PECR;NAPEPLD
gs_ind_0,Primary Neural Tube Formation (GO:0014020),2/26,0.9795449201430425,0.9999999999998647,0.3984583408343289,0.008235011197004182,FUZ;BCL10
gs_ind_0,Primary bile acid biosynthesis,2/10,0.6351727324480614,0.9999999999998647,1.1500070758054626,0.5219402535113675,CYP7B1;AMACR
gs_ind_0,Primary immunodeficiency,7/20,0.09368327749373606,0.9999999999998647,2.1748326639892905,5.1496461498316215,TAP2;PTPRC;DCLRE1C;RFXAP;TNFRSF13C;ADA;CD79A
gs_ind_0,Primary miRNA Processing (GO:0031053),1/11,0.9183821192811181,0.9999999999998647,0.5583041297327012,0.04753497558033882,PUS10
gs_ind_0,Prion disease,10/195,0.9999999997710595,0.9999999999998647,0.21866950641218177,5.0062313397853994e-11,CREB3L4;EIF2AK3;ITPR2;C5;PIK3R1;BAD;CREB3;PPP3CA;CCL5;PIK3R3
gs_ind_0,Progesterone Receptor Signaling Pathway (GO:0050847),2/9,0.5747801384335589,0.9999999999998647,1.303448275862069,0.7218075267435339,TRERF1;NEDD4
gs_ind_0,Progesterone-mediated oocyte maturation,6/77,0.9993161185837496,0.9999999999998647,0.3540739010467612,0.0002422273977570036,PIK3R1;CPEB3;GNAI3;CPEB2;STK10;PIK3R3
gs_ind_0,Programmed Necrotic Cell Death (GO:0097300),3/9,0.27143988032691707,0.9999999999998647,2.1064186896049564,2.746800723669715,IPMK;MLKL;CYLD
gs_ind_0,Prolactin signaling pathway,10/54,0.6846178181216376,0.9999999999998647,0.9222317978070104,0.3494285800490541,SOCS7;GALT;ESR2;SOCS4;PIK3R1;SOCS6;PIK3R3;NFKB1;SOCS1;SOS2
gs_ind_0,Proline Transport (GO:0015824),1/5,0.6797672063173691,0.9999999999998647,1.3033509700176367,0.5030998387884896,SLC36A4
gs_ind_0,Propanoate metabolism,6/25,0.4011803929197172,0.9999999999998647,1.3038381242974144,1.1908528518924364,MLYCD;ACOX3;PCCA;MCEE;DBT;ALDH6A1
gs_ind_0,Prostaglandin Biosynthetic Process (GO:0001516),2/11,0.6886104060141844,0.9999999999998647,1.028869286287089,0.38385015860250277,PRXL2B;PTGS1
gs_ind_0,Prostaglandin Metabolic Process (GO:0006693),3/14,0.5656020552601939,0.9999999999998647,1.1900961920772326,0.6781936079104792,PTGR2;PRXL2B;PTGS1
gs_ind_0,Prostanoid Biosynthetic Process (GO:0046457),2/9,0.5747801384335589,0.9999999999998647,1.303448275862069,0.7218075267435339,PRXL2B;PTGS1
gs_ind_0,Prostanoid Metabolic Process (GO:0006692),1/5,0.6797672063173691,0.9999999999998647,1.3033509700176367,0.5030998387884896,PTGR2
gs_ind_0,Prostate cancer,16/78,0.5321202777394303,0.9999999999998647,1.0323093281778637,0.6512692232857286,FOXO1;CREB3L4;CCNE2;E2F1;TP53;ZEB1;NFKB1;PIK3R1;BAD;BCL2;CREB3;RB1;ERBB2;E2F2;PIK3R3;SOS2
gs_ind_0,Proteasomal Protein Catabolic Process (GO:0010498),32/189,0.9001771085844189,0.9999999999998647,0.8047117794486216,0.08462650654667325,TOPORS;NHLRC3;ATXN3;KBTBD7;TRIM21;PMAIP1;BTRC;KCTD13;PEX10;SMURF2;UBXN2A;SMURF1;UBXN11;ARRB2;ANKRD9;SOCS6;SPOPL;ZFAND2A;ATE1;UBE2W;PEX12;ZNRF2;SIRT1;GID4;RBX1;UBXN2B;NR1D1;RNF122;RNF185;TRIM13;FBXL17;KBTBD6
gs_ind_0,Proteasome,2/40,0.998769056165727,0.9999999999998647,0.25327278976035994,0.0003119566188975149,PSMB9;PSMB8
gs_ind_0,Proteasome-Mediated Ubiquitin-Dependent Protein Catabolic Process (GO:0043161),48/283,0.9369630116385639,0.9999999999998647,0.8020884420255668,0.05222515979906588,TOPORS;DERL3;NHLRC3;DNAJB9;TMUB2;FBXL14;ATXN3;FBXL15;DNAJB2;RNF103;KBTBD7;BTRC;KCTD13;PEX10;SMURF2;UBXN2A;SMURF1;TMEM67;UBXN11;UBE2C;ARRB2;FBXL8;FBXW4;ANKRD9;SPOPL;FBXO17;FBXL6;DERL2;ZFAND2A;UBE2W;FBXL18;PEX12;SELENOS;SIRT1;ZNRF2;RBX1;UBXN2B;GID4;RNF122;RNF185;TRIM13;ERLIN1;TRIP4;FBXL17;AMN1;FBXL9P;FBXL3;KBTBD6
gs_ind_0,Protein Acetylation (GO:0006473),6/26,0.44108979354819455,0.9999999999998647,1.240134426396456,1.0150584742804778,ING4;FOXO1;SIRT1;DSCC1;NAA80;KAT2B
gs_ind_0,Protein Activation Cascade (GO:0072376),1/3,0.49498852941534904,0.9999999999998647,2.3464165464165463,1.650048661813499,F8
gs_ind_0,Protein Acylation (GO:0043543),10/34,0.13705302637577152,0.9999999999998647,1.677830611260423,3.334499372869055,ING4;FOXO1;ZDHHC21;PORCN;ZDHHC13;HHAT;ZDHHC2;ZDHHC6;NAA80;KAT2B
gs_ind_0,Protein Alkylation (GO:0008213),6/21,0.24409462178147523,0.9999999999998647,1.6408512357734528,2.3139273209888556,EEF1AKMT2;VCPKMT;FAM98B;CAMKMT;EEF1AKMT1;EEF2KMT
gs_ind_0,"Protein Alpha-1,2-Demannosylation (GO:0036508)",5/16,0.21271819704323267,0.9999999999998647,1.8713520908513475,2.896454453259395,TRIM13;RNF185;EDEM2;UGGT2;RNF103
gs_ind_0,Protein Autophosphorylation (GO:0046777),18/124,0.9631689910834292,0.9999999999998647,0.6772211537806558,0.025413670949286656,MAP3K9;ERN1;CAMK2D;ULK1;EIF2AK3;MAP4K1;FER;INSR;FES;GRK5;MAP3K12;STK10;ERBB2;PIM3;FGR;DDR2;PASK;MAP3K10
gs_ind_0,Pperoxisome,12/76,0.874130684516637,0.9999999999998647,0.7567026511253718,0.10179571917019509,ACSL1;ABCD2;VPS4B;MLYCD;ESR2;ABCD1;DLG4;PEX2;BCL10;STS;ATXN1;MVP
gs_ind_0,Protein Autoprocessing (GO:0016540),2/12,0.7354204812815023,0.9999999999998647,0.9308053614388819,0.2860484576995813,FAM111A;FXN
gs_ind_0,Potassium Ion Transport (GO:0006813),6/56,0.9818238602927576,0.9999999999998647,0.5021806982368383,0.009211678848727322,SLC9A7;KCNAB3;SLC9A8;CCDC51;SLC24A1;KCNQ5
gs_ind_0,Postsynaptic Neurotransmitter Receptor Diffusion Trapping (GO:0098970),1/2,0.36582651410140676,0.9999999999998647,3.911014911014911,3.9329011974146835,DLG4
gs_ind_0,Positive Regulation Of Vasculature Development (GO:1904018),7/60,0.9736927348790209,0.9999999999998647,0.5469879518072289,0.014582421133084328,ITGB8;SIRT1;ZC3H12A;HMOX1;PDCL3;ZNF304;NINJ1
gs_ind_0,Positive Regulation Of Vasculogenesis (GO:2001214),1/4,0.5978508540253882,0.9999999999998647,1.6758743901601045,0.8620931884147255,HIF1AN
gs_ind_0,Positive Regulation Of Viral Entry Into Host Cell (GO:0046598),2/8,0.5073711921876385,0.9999999999998647,1.5041021528591696,1.0205519747850815,SMPD1;TRIM38
gs_ind_0,Positive Regulation Of Viral Genome Replication (GO:0045070),2/24,0.9698826975751649,0.9999999999998647,0.4339481422079658,0.013270197168590993,CCL5;IFIT1
gs_ind_0,Positive Regulation Of Viral Life Cycle (GO:1903902),2/15,0.8412494484890192,0.9999999999998647,0.7237815200926668,0.12511797883472436,SMPD1;TRIM38
gs_ind_0,Positive Regulation Of Viral Process (GO:0048524),2/31,0.9923681519400541,0.9999999999998647,0.33078710940154676,0.0025341996199267423,CCL5;IFIT1
gs_ind_0,Positive Regulation Of Voltage-Gated Calcium Channel Activity (GO:1901387),2/8,0.5073711921876385,0.9999999999998647,1.5041021528591696,1.0205519747850815,CACNB3;PPP3CA
gs_ind_0,Positive Regulation Of Voltage-Gated Potassium Channel Activity (GO:1903818),2/4,0.18640155558523228,0.9999999999998647,3.9119486768243785,6.571494931304808,RNF207;ALG10B
gs_ind_0,Positive Regulation Of Wnt Signaling Pathway (GO:0030177),7/81,0.9987822748316384,0.9999999999998647,0.39212420150400257,0.0004777904771168416,AMER1;TNFAIP3;KANK1;SOX4;SMURF2;RNF146;NFKB1
gs_ind_0,"Positive Regulation Of Wnt Signaling Pathway, Planar Cell Polarity Pathway (GO:2000096)",1/3,0.49498852941534904,0.9999999999998647,2.3464165464165463,1.650048661813499,MLLT3
gs_ind_0,Positive Regulation Of Wound Healing (GO:0090303),1/21,0.9916490336667981,0.9999999999998647,0.28572601743333453,0.002396107241114433,KANK1
gs_ind_0,Positive Regulation Of calcineurin-NFAT Signaling Cascade (GO:0070886),2/12,0.7354204812815023,0.9999999999998647,0.9308053614388819,0.2860484576995813,STIMATE;PPP3CA
gs_ind_0,Positive Regulation Of mRNA 3'-End Processing (GO:0031442),3/9,0.27143988032691707,0.9999999999998647,2.1064186896049564,2.746800723669715,CPEB3;LEO1;PEX2
gs_ind_0,Positive Regulation Of mRNA Catabolic Process (GO:0061014),5/42,0.9483533985803628,0.9999999999998647,0.5726569272756462,0.030366887548774212,ZFP36;ZC3H12A;METTL14;CPEB3;NANOS3
gs_ind_0,Positive Regulation Of mRNA Metabolic Process (GO:1903313),1/12,0.9350149954629013,0.9999999999998647,0.5097141184097705,0.03424907390651992,ZC3H12A
gs_ind_0,Positive Regulation Of mRNA Processing (GO:0050685),3/20,0.8050898859562208,0.9999999999998647,0.781678164607733,0.16946887996429236,LEO1;RBMXL1;PEX2
gs_ind_0,"Positive Regulation Of mRNA Splicing, Via Spliceosome (GO:0048026)",1/16,0.9738872946210139,0.9999999999998647,0.3780508619218297,0.010003110870083008,RBMXL1
gs_ind_0,Positive Regulation Of miRNA Metabolic Process (GO:2000630),5/41,0.9405887825087762,0.9999999999998647,0.5883945399006415,0.03603871570088686,ZC3H12A;TP53;FOSL1;MRTFB;NFKB1
gs_ind_0,Positive Regulation Of miRNA Transcription (GO:1902895),3/36,0.9859275091074571,0.9999999999998647,0.4078029553819224,0.00577956587649485,FOSL1;MRTFB;TP53
gs_ind_0,Positive Regulation Of miRNA-mediated Gene Silencing (GO:2000637),1/7,0.796950772203989,0.9999999999998647,0.9021719021719021,0.20475907168261248,ZFP36
gs_ind_0,Positive Regulation Of p38MAPK Cascade (GO:1900745),4/17,0.4663751333137939,0.9999999999998647,1.3036430749478414,0.9943732599893775,GADD45B;RELL2;ZC3H12A;RELL1
gs_ind_0,Post-Transcriptional Gene Silencing (GO:0016441),2/10,0.6351727324480614,0.9999999999998647,1.1500070758054626,0.5219402535113675,HELZ2;HEXIM1
gs_ind_0,Post-Transcriptional Regulation Of Gene Expression (GO:0010608),6/51,0.9632900892239343,0.9999999999998647,0.557594806029044,0.020854423588632834,PARP9;ATG14;RBM4B;ZC3H10;NANOS3;METTL18
gs_ind_0,Post-Translational Protein Modification (GO:0043687),9/39,0.39773383630171205,0.9999999999998647,1.2184140971484738,1.1233439870957116,RBX1;PARP2;PARP9;PARP8;PARP3;MAP3K12;RPS6KA5;DSCC1;PARP11
gs_ind_0,Post-Translational Protein Targeting To Endoplasmic Reticulum Membrane (GO:0006620),2/14,0.8111659406206002,0.9999999999998647,0.7817481956696071,0.1636063210775793,SEC61A2;SGTB
gs_ind_0,"Post-Translational Protein Targeting To Membrane, Translocation (GO:0031204)",1/7,0.796950772203989,0.9999999999998647,0.9021719021719021,0.20475907168261248,SEC61A2
gs_ind_0,Postreplication Repair (GO:0006301),4/17,0.4663751333137939,0.9999999999998647,1.3036430749478414,0.9943732599893775,PRIMPOL;POLI;POLN;ZBTB1
gs_ind_0,Postsynapse Organization (GO:0099173),1/4,0.5978508540253882,0.9999999999998647,1.6758743901601045,0.8620931884147255,PICK1
gs_ind_0,Postsynaptic Membrane Organization (GO:0001941),1/10,0.8974937817113968,0.9999999999998647,0.6171236171236171,0.06674135581913541,DLG4
gs_ind_0,Potassium Ion Transmembrane Transport (GO:0071805),5/60,0.9967937781348755,0.9999999999998647,0.38635762106624205,0.0012407383582385954,SLC9A7;SLC9A8;CCDC51;SLC24A1;KCNQ5
gs_ind_0,Protein Autoubiquitination (GO:0051865),14/61,0.3554789108102708,0.9999999999998647,1.1943648365802608,1.2353188354027957,TRIM21;RNF19B;RNF122;TRIM13;RNF185;TRIM52;TRIM68;DTX3L;BRCA2;RNFT1;SH3RF1;OBI1;RNF146;DDB2
gs_ind_0,Protein Catabolic Process (GO:0030163),13/70,0.6914409611626549,0.9999999999998647,0.9175529569836038,0.338556404856678,NR1D1;TRIM21;PMAIP1;MALT1;RAB12;SOCS6;CASP7;UTP25;FBXO17;MANBA;CTSS;ATE1;CLN5
gs_ind_0,Protein Complex Oligomerization (GO:0051259),20/81,0.20047080375126736,0.9999999999998647,1.3052105178254558,2.0975864117403926,ZC3H12A;NOL3;PEG10;BCL10;LRRC8C;CARD11;PYCARD;EHD4;ZBTB1;GSDMD;TIFA;ALS2;HGSNAT;BEND3;TRMT61B;TMEM120B;NINJ1;FKRP;ATL1;ZNHIT6
gs_ind_0,Protein K6-linked Ubiquitination (GO:0085020),1/9,0.8712616767850634,0.9999999999998647,0.689782983900631,0.09506100349519497,TRIM21
gs_ind_0,Protein K63-linked Deubiquitination (GO:0070536),7/29,0.37596307993313455,0.9999999999998647,1.3039357429718876,1.2755938286743562,OTUD7B;SPATA2;TNFAIP3;CYLD;MPND;ATXN3;ABRAXAS2
gs_ind_0,Protein K63-linked Ubiquitination (GO:0070534),6/44,0.9084080384753092,0.9999999999998647,0.6593552585201855,0.06333873411870225,TRIM21;NEDD4;PELI3;UBE2E2;TRAF5;TRIM56
gs_ind_0,Protein Kinase B Signaling (GO:0043491),3/19,0.7749900719826985,0.9999999999998647,0.8291206627481295,0.21134705233127382,CCL5;PLK3;PIK3R3
gs_ind_0,Protein Kinase C Signaling (GO:0070528),1/4,0.5978508540253882,0.9999999999998647,1.6758743901601045,0.8620931884147255,DGKQ
gs_ind_0,Protein Kinase C-activating G Protein-Coupled Receptor Signaling Pathway (GO:0007205),2/8,0.5073711921876385,0.9999999999998647,1.5041021528591696,1.0205519747850815,DGKH;PICK1
gs_ind_0,Protein Lipidation (GO:0006497),16/58,0.11621421181853564,0.9999999999998647,1.520603872288403,3.2728263350857856,PIGW;PIGM;MPPE1;ZDHHC21;PORCN;ZDHHC13;TP53INP2;ATG10;GPLD1;WIPI1;PIGZ;HHAT;PIGV;ATG16L2;ZDHHC6;ZDHHC2
gs_ind_0,Protein Localization (GO:0008104),46/272,0.9361326104380097,0.9999999999998647,0.7996502897552998,0.05277542755336709,PACSIN1;BICD1;IFT27;RAB22A;CBY1;MYO6;AP4E1;UNC93B1;IFT22;KIF3A;SLU7;TSNARE1;TP53;RAB20;ARL11;STX12;PICK1;ESAM;RABL3;SMURF1;AP4S1;ULK1;TBC1D13;RPGR;CEP68;STX8;AKAP3;ARL6;RAP2A;DNAJC27;WIPI1;STX7;RRAGB;RAB23;RAB43;SPTSSA;RABL2A;RRAGC;ABCD1;NIN;EXOC8;TRIM23;TM9SF1;STX6;HPS6;AKTIP
gs_ind_0,Protein Localization To Cell Junction (GO:1902414),2/20,0.9357767052616436,0.9999999999998647,0.527948156657058,0.03504435060623528,KIF3A;DLG4
gs_ind_0,Protein Localization To Cell Periphery (GO:1990778),18/102,0.7877392794318676,0.9999999999998647,0.8550920674954952,0.20401479815353055,SMURF1;CACNB3;EHD4;PIGW;PLEKHF1;RAB12;PACSIN1;TTC7A;RAB3D;ARL3;RAP2A;ZFYVE27;TMEM88;RAB34;WDR19;PALS1;ZDHHC2;RAB3A
gs_ind_0,Protein Localization To Cell Surface (GO:0034394),1/16,0.9738872946210139,0.9999999999998647,0.3780508619218297,0.010003110870083008,SMURF1
gs_ind_0,Protein Localization To Cell-Cell Junction (GO:0150105),1/9,0.8712616767850634,0.9999999999998647,0.689782983900631,0.09506100349519497,ILDR1
gs_ind_0,Protein Localization To Centrosome (GO:0071539),4/17,0.4663751333137939,0.9999999999998647,1.3036430749478414,0.9943732599893775,CEP83;PIBF1;KIAA0753;SNX10
gs_ind_0,Protein Localization To Chromatin (GO:0071168),1/27,0.9978750018860646,0.9999999999998647,0.2209244284715983,0.0004699635066431081,SGF29
gs_ind_0,Protein Localization To Chromosome (GO:0034502),8/35,0.4219208254294794,0.9999999999998647,1.2089959534278993,1.0432880664779174,PINX1;BOD1;XRCC4;SLF2;PARP3;TINF2;HASPIN;RB1
gs_ind_0,"Protein Localization To Chromosome, Centromeric Region (GO:0071459)",4/18,0.5146542375367785,0.9999999999998647,1.2136370428170604,0.8061705265524838,HASPIN;BOD1;RB1;MTBP
gs_ind_0,"Protein Localization To Chromosome, Telomeric Region (GO:0070198)",3/14,0.5656020552601939,0.9999999999998647,1.1900961920772326,0.6781936079104792,PINX1;TINF2;BRCA2
gs_ind_0,Protein Localization To Ciliary Membrane (GO:1903441),3/6,0.10336734907900555,0.9999999999998647,3.912883041873897,8.880155572158289,WDR19;ARL3;BBIP1
gs_ind_0,Protein Localization To Ciliary Transition Zone (GO:1904491),3/6,0.10336734907900555,0.9999999999998647,3.912883041873897,8.880155572158289,TCTN1;CC2D2B;TCTN2
gs_ind_0,Protein Localization To Cilium (GO:0061512),11/32,0.046010574524720904,0.9999999999998647,2.095226516939674,6.450959457920726,FAM149B1;SNX10;TCTN2;IFT20;TULP3;CC2D2B;ARL6;TCTN1;TTC21A;BBS9;WDR19
gs_ind_0,Protein Localization To Condensed Chromosome (GO:1903083),1/10,0.8974937817113968,0.9999999999998647,0.6171236171236171,0.06674135581913541,MTBP
gs_ind_0,Protein Localization To Golgi Apparatus (GO:0034067),4/22,0.6832810987213362,0.9999999999998647,0.9509167328136996,0.36215562908814614,IFT20;RAB33B;BICD2;OPTN
gs_ind_0,RNA Transport (GO:0050658),3/32,0.9716258792616584,0.9999999999998647,0.46325054997049603,0.013334410668409713,ZFP36;PEG10;NOL3
gs_ind_0,Protein Localization To Lysosome (GO:0061462),6/28,0.5189030866690323,0.9999999999998647,1.129714683368128,0.7411359242854559,NEDD4;ATG14;SNX16;KICS2;PXK;ZFYVE16
gs_ind_0,Protein Localization To Membrane (GO:0072657),22/137,0.9169207898090416,0.9999999999998647,0.7598817647243797,0.06590772948316809,PIGW;RAB12;PACSIN1;ZFYVE27;PALS1;ARL3;EHD4;PICK1;SMURF1;RAB3A;PLEKHF1;TTC7A;RAP2A;CACNB3;RAB3D;TM9SF1;TMEM88;RAB34;WDR19;HPS6;ZDHHC2;SYNE3
gs_ind_0,Protein Localization To Membrane Raft (GO:1903044),1/5,0.6797672063173691,0.9999999999998647,1.3033509700176367,0.5030998387884896,ZDHHC2
gs_ind_0,Protein Localization To Microtubule (GO:0035372),1/7,0.796950772203989,0.9999999999998647,0.9021719021719021,0.20475907168261248,CRIPT
gs_ind_0,Protein Localization To Microtubule Cytoskeleton (GO:0072698),1/6,0.7450017490315044,0.9999999999998647,1.0662906117451572,0.31388259496961246,CRIPT
gs_ind_0,Protein Localization To Microtubule Organizing Center (GO:1905508),4/15,0.3655177183974608,0.9999999999998647,1.5306148081472022,1.540472769277779,CEP83;PIBF1;KIAA0753;SNX10
gs_ind_0,Protein K48-linked Ubiquitination (GO:0070936),16/64,0.21770257151847025,0.9999999999998647,1.331830208328143,2.030542295422539,ZNRF2;UBE2Q2;TOPORS;TRIM21;KBTBD6;UBE2C;RBX1;TRIM32;TNFAIP3;UBE2D1;DTX3L;HACE1;TRIM6;UBE2E2;RNF146;KBTBD7
gs_ind_0,Protein K48-linked Deubiquitination (GO:0071108),5/21,0.43069196449947617,0.9999999999998647,1.30374056830952,1.0982217002562886,OTUD7B;VCPIP1;TNFAIP3;OTUD3;MINDY1
gs_ind_0,Protein K27-linked Ubiquitination (GO:0044314),1/7,0.796950772203989,0.9999999999998647,0.9021719021719021,0.20475907168261248,RNF185
gs_ind_0,Protein K11-linked Ubiquitination (GO:0070979),3/26,0.9225999915368105,0.9999999999998647,0.5818140235056375,0.04687065673583295,UBE2E2;UBE2W;UBE2C
gs_ind_0,Protein Deacetylation (GO:0006476),5/35,0.8681399960682665,0.9999999999998647,0.7044916822161807,0.09961673823201628,SIRT5;SIRT1;BRMS1L;HDAC10;SIRT3
gs_ind_0,Protein Deacylation (GO:0035601),4/18,0.5146542375367785,0.9999999999998647,1.2136370428170604,0.8061705265524838,SIRT5;SIRT1;HDAC10;SIRT3
gs_ind_0,Protein Deglutamylation (GO:0035608),2/2,0.041459983678692434,0.9999999999998647,19.562951082598236,62.26939299819734,AGTPBP1;AGBL2
gs_ind_0,Protein Dephosphorylation (GO:0006470),21/98,0.4361664901876475,0.9999999999998647,1.0851900243093693,0.9004160756766284,PTPN6;PPM1D;DUSP11;SSH1;PTPRJ;DUSP18;PPP2R5B;PPM1M;PPP3CA;PPM1K;MTM1;PTPRC;MTMR6;UBLCP1;PTPN22;CTTNBP2NL;MTMR3;DUSP22;CTDP1;DUSP10;PPEF1
gs_ind_0,Protein Depolymerization (GO:0051261),4/19,0.5607923727242765,0.9999999999998647,1.1352446922515416,0.656630688618161,CFL2;VPS4B;KIF24;NCKAP5L
gs_ind_0,Protein Destabilization (GO:0031648),8/29,0.2245498210525631,0.9999999999998647,1.5471525361655374,2.31091626215043,NR1D1;SIRT1;TRIM21;KDM8;UTP25;CCDC88C;PEX2;FBXL3
gs_ind_0,Protein Desumoylation (GO:0016926),2/7,0.4333076099965977,0.9999999999998647,1.7777210760370343,1.486721268820039,USPL1;SENP7
gs_ind_0,Protein Deubiquitination (GO:0016579),15/74,0.5543626146635732,0.9999999999998647,1.01856345694986,0.6008875237484463,ZC3H12A;OTUD7B;USP40;VCPIP1;SPATA2;TNFAIP3;USP42;CYLD;ATXN3;OTUD3;ABRAXAS2;USP46;USP49;USP51;MINDY1
gs_ind_0,Protein Deubiquitination Involved In Ubiquitin-Dependent Protein Catabolic Process (GO:0071947),2/4,0.18640155558523228,0.9999999999998647,3.9119486768243785,6.571494931304808,TNFAIP3;OTUD7B
gs_ind_0,Protein Exit From Endoplasmic Reticulum (GO:0032527),4/23,0.7182995026288506,0.9999999999998647,0.9020777008258953,0.2984692421897909,DERL2;TECPR2;SELENOS;RANGRF
gs_ind_0,Protein Export From Nucleus (GO:0006611),2/23,0.9635250355325129,0.9999999999998647,0.4541690755487589,0.016875472921124977,STYX;SMURF1
gs_ind_0,Protein Geranylgeranylation (GO:0018344),1/4,0.5978508540253882,0.9999999999998647,1.6758743901601045,0.8620931884147255,PGGT1B
gs_ind_0,Protein Glycosylation (GO:0006486),21/104,0.5565911789164724,0.9999999999998647,1.0067136986314607,0.5898579971962481,ALG6;GALNT4;ST3GAL3;EOGT;B4GALT7;GMPPB;B4GAT1;GALNT6;FUT4;ALG10B;POGLUT1;B3GALT4;FKTN;ALG12;C1GALT1C1;TET2;ENTPD5;POMT1;ST8SIA4;FUT8;B3GNT9
gs_ind_0,Protein Heterooligomerization (GO:0051291),3/15,0.6156231394758771,0.9999999999998647,1.0947986523343494,0.5311090388707119,TMEM120B;CBR4;HSD17B8
gs_ind_0,Protein Localization To Nucleolus (GO:1902570),2/7,0.4333076099965977,0.9999999999998647,1.7777210760370343,1.486721268820039,UTP25;PINX1
gs_ind_0,Protein Heterotetramerization (GO:0051290),1/9,0.8712616767850634,0.9999999999998647,0.689782983900631,0.09506100349519497,HSD17B8
gs_ind_0,Protein Homooligomerization (GO:0051260),19/87,0.40753962108388353,0.9999999999998647,1.1136666207593078,0.9996462262962957,NOL3;PEG10;BCL10;MLKL;CBY1;CARD11;PYCARD;CLYBL;EHD4;ZBTB1;GSDMD;TIFA;ALS2;BEND3;TRMT61B;NINJ1;CBR4;ME1;ATL1
gs_ind_0,Protein Homotetramerization (GO:0051289),3/28,0.9441909216133153,0.9999999999998647,0.5360934683515634,0.03078617839274587,CBY1;ME1;CBR4
gs_ind_0,Protein Homotrimerization (GO:0070207),2/9,0.5747801384335589,0.9999999999998647,1.303448275862069,0.7218075267435339,MLKL;CLYBL
gs_ind_0,Protein Hydroxylation (GO:0018126),1/12,0.9350149954629013,0.9999999999998647,0.5097141184097705,0.03424907390651992,JMJD7
gs_ind_0,Protein Import Into Mitochondrial Matrix (GO:0030150),1/16,0.9738872946210139,0.9999999999998647,0.3780508619218297,0.010003110870083008,DNLZ
gs_ind_0,Protein Import Into Nucleus (GO:0006606),8/65,0.9682830802914498,0.9999999999998647,0.5767901683097066,0.018590406330171533,CBLB;KPNA5;RANGRF;RANBP6;SYK;STK3;BCL3;APPL1
gs_ind_0,Protein Import Into Peroxisome Matrix (GO:0016558),4/12,0.2151327165692436,0.9999999999998647,2.071341584298621,3.1826166651852184,PEX7;PEX2;PEX10;PEX12
gs_ind_0,"Protein Import Into Peroxisome Matrix, Receptor Recycling (GO:0016562)",3/6,0.10336734907900555,0.9999999999998647,3.912883041873897,8.880155572158289,PEX2;PEX10;PEX12
gs_ind_0,Protein Insertion Into ER Membrane (GO:0045048),3/25,0.90914149796547,0.9999999999998647,0.6077223380929462,0.05788830786762473,CAMLG;TRAM2;EMC9
gs_ind_0,Protein Insertion Into ER Membrane By Stop-Transfer Membrane-Anchor Sequence (GO:0045050),1/9,0.8712616767850634,0.9999999999998647,0.689782983900631,0.09506100349519497,EMC9
gs_ind_0,Protein Insertion Into Membrane (GO:0051205),1/10,0.8974937817113968,0.9999999999998647,0.6171236171236171,0.06674135581913541,TRAM2
gs_ind_0,Protein Insertion Into Mitochondrial Inner Membrane (GO:0045039),3/12,0.45456002967759573,0.9999999999998647,1.4408791914006096,1.1360256023861053,TIMM22;TRMT10B;TIMM29
gs_ind_0,Protein Insertion Into Mitochondrial Membrane (GO:0051204),4/28,0.8510236359077189,0.9999999999998647,0.7176854371984711,0.11577369652446345,MOAP1;TIMM22;TRMT10B;TIMM29
gs_ind_0,Protein K11-linked Deubiquitination (GO:0035871),4/7,0.03544154835510565,0.9999999999998647,5.032464406080198,16.807779234629297,TNFAIP3;OTUD3;OTUD7B;VCPIP1
gs_ind_0,Protein Hexamerization (GO:0034214),1/8,0.8383192836348962,0.9999999999998647,0.7818181818181819,0.1378785183025454,LRRC8C
gs_ind_0,RNA degradation,9/67,0.9473124552830883,0.9999999999998647,0.6337797122236923,0.03430414956651909,BTG3;NUDT16;TENT4A;PABPC1L;TOB2;TENT4B;LSM3;DCP1B;ENO3
gs_ind_0,Rap1 signaling pathway,14/130,0.9988152377519712,0.9999999999998647,0.48420737677787506,0.0005740107205221588,VAV2;BCAR1;SIPA1L3;MAP2K6;MAP2K3;EFNA4;PLCB2;INSR;PARD6B;PIK3R1;GNAI3;VAV1;SIPA1L1;PIK3R3
gs_ind_0,RNA transport,12/151,0.9999925117468316,0.9999999999998647,0.34771062033408595,2.6037549032138084e-06,ELAC1;UPF3B;RPP14;SAP18;PABPC1L;DDX19B;POP1;RPP40;GEMIN6;MAGOHB;CYFIP2;PNN
gs_ind_0,Regulation Of Cholesterol Metabolic Process (GO:0090181),3/15,0.6156231394758771,0.9999999999998647,1.0947986523343494,0.5311090388707119,DGKQ;ERLIN1;MBTPS2
gs_ind_0,Regulation Of Cholesterol Transport (GO:0032374),2/15,0.8412494484890192,0.9999999999998647,0.7237815200926668,0.12511797883472436,NFKB1;ABCA5
gs_ind_0,Regulation Of Chromatin Binding (GO:0035561),4/10,0.12731015554677688,0.9999999999998647,2.7091218843746527,5.583849680727797,KDM4D;PARP9;DTX3L;MED9
gs_ind_0,Regulation Of Chromatin Organization (GO:1902275),4/23,0.7182995026288506,0.9999999999998647,0.9020777008258953,0.2984692421897909,METTL4;LSM11;MSL2;MLLT3
gs_ind_0,Regulation Of Chromosome Organization (GO:0033044),10/38,0.23265783753359015,0.9999999999998647,1.44187168355041,2.102517698489589,LIG4;INO80B;TFPT;NSMCE3;INO80C;PIF1;SLF2;SETMAR;RB1;INO80D
gs_ind_0,Regulation Of Cilium Beat Frequency (GO:0003356),1/6,0.7450017490315044,0.9999999999998647,1.0662906117451572,0.31388259496961246,CYB5D1
gs_ind_0,Regulation Of Cilium Movement (GO:0003352),1/7,0.796950772203989,0.9999999999998647,0.9021719021719021,0.20475907168261248,CYB5D1
gs_ind_0,Regulation Of Circadian Sleep/Wake Cycle (GO:0042749),1/2,0.36582651410140676,0.9999999999998647,3.911014911014911,3.9329011974146835,NR1D1
gs_ind_0,Regulation Of Clathrin-Dependent Endocytosis (GO:2000369),1/11,0.9183821192811181,0.9999999999998647,0.5583041297327012,0.04753497558033882,WASL
gs_ind_0,Regulation Of Cold-Induced Thermogenesis (GO:0120161),13/101,0.9818001033348039,0.9999999999998647,0.5946279943366424,0.010921860670752704,NR1D1;ACSL1;MAP2K6;GHRL;PRKAB2;PER2;GATM;ZNF516;FABP5;SYK;PPARGC1B;KDM6B;RB1
gs_ind_0,Regulation Of Collagen Biosynthetic Process (GO:0032965),1/10,0.8974937817113968,0.9999999999998647,0.6171236171236171,0.06674135581913541,TGFB3
gs_ind_0,Regulation Of Collagen Fibril Organization (GO:1904026),2/3,0.10750248347352222,0.9999999999998647,6.520449077786688,14.542175020845065,EFEMP2;RB1
gs_ind_0,Regulation Of Collateral Sprouting (GO:0048670),2/3,0.10750248347352222,0.9999999999998647,6.520449077786688,14.542175020845065,ULK1;SEMA4D
gs_ind_0,"Regulation Of Complement Activation, Classical Pathway (GO:0030450)",1/5,0.6797672063173691,0.9999999999998647,1.3033509700176367,0.5030998387884896,CR2
gs_ind_0,Regulation Of Cholesterol Efflux (GO:0010874),2/21,0.9467299284801028,0.9999999999998647,0.500832767873666,0.027416293324235817,SIRT1;ABCA5
gs_ind_0,Regulation Of Cortisol Biosynthetic Process (GO:2000064),2/5,0.27018544485746365,0.9999999999998647,2.7940199335548175,3.6563850298756777,H6PD;DGKQ
gs_ind_0,Regulation Of Cyclin-Dependent Protein Kinase Activity (GO:1904029),4/44,0.9869306542407913,0.9999999999998647,0.43358476435029153,0.005704024863784444,CCNE2;SERTAD1;CDK5R1;CCNG2
gs_ind_0,Regulation Of Cyclin-Dependent Protein Serine/Threonine Kinase Activity (GO:0000079),7/65,0.9867438109422391,0.9999999999998647,0.5000308928019771,0.006672830570787059,CCNE2;CDK5R1;HEXIM1;HEXIM2;CCNG2;LATS2;SERTAD1
gs_ind_0,Regulation Of Cysteine-Type Endopeptidase Activity (GO:2000116),2/10,0.6351727324480614,0.9999999999998647,1.1500070758054626,0.5219402535113675,PYCARD;PSMB9
gs_ind_0,Regulation Of Cysteine-Type Endopeptidase Activity Involved In Apoptotic Process (GO:0043281),15/63,0.29266201741031517,0.9999999999998647,1.2507102260934826,1.5367937559588076,CASC2;PYCARD;SIRT1;PMAIP1;MALT1;TNFSF10;CARD8;NOD1;BAD;SYK;LAMP3;BCL10;SH3RF1;MAP3K5;IFI6
gs_ind_0,Regulation Of Cysteine-Type Endopeptidase Activity Involved In Apoptotic Signaling Pathway (GO:2001267),2/6,0.3535944927466926,0.9999999999998647,2.172948409516172,2.2590069951074945,PLAUR;PRR7
gs_ind_0,Regulation Of Cytokine Production Involved In Immune Response (GO:0002718),3/11,0.3947032014005075,0.9999999999998647,1.6105265144723058,1.4971795674609456,SPHK2;TNFRSF14;TRIM6
gs_ind_0,Regulation Of Cytokine Production Involved In Inflammatory Response (GO:1900015),9/28,0.0984392919622418,0.9999999999998647,1.9074474793812521,4.422064572521641,PYCARD;TICAM1;ABCD2;ZC3H12A;MACIR;TLR6;ALOX5;IL17RA;APPL1
gs_ind_0,Regulation Of Cytokine-Mediated Signaling Pathway (GO:0001959),12/30,0.01090167475440039,0.9999999999998647,2.648235524341719,11.966949582883483,PTPN6;PYCARD;ULK1;PTPRC;MIB2;SPATA2;TNFAIP3;CYLD;SYK;IL7;IKBKE;IRAK2
gs_ind_0,Regulation Of Cytokinesis (GO:0032465),7/63,0.9824921843078076,0.9999999999998647,0.5178163983367097,0.009146134173784048,E2F7;MAP10;CSPP1;E2F8;UVRAG;CCP110;PLK3
gs_ind_0,Regulation Of Cytoplasmic Translation (GO:2000765),3/21,0.8317210846862813,0.9999999999998647,0.7393645851852173,0.13623393520139163,CPEB3;CPEB2;UNK
gs_ind_0,Regulation Of Cytoplasmic Translational Elongation (GO:1900247),1/7,0.796950772203989,0.9999999999998647,0.9021719021719021,0.20475907168261248,CPEB3
gs_ind_0,Regulation Of Cytoplasmic Transport (GO:1903649),1/8,0.8383192836348962,0.9999999999998647,0.7818181818181819,0.1378785183025454,DENND10
gs_ind_0,Regulation Of Cytoskeleton Organization (GO:0051493),9/75,0.9798545613992701,0.9999999999998647,0.5571681172066962,0.011338998036243617,CAPN10;PLXNA3;BICD1;ESAM;CYLD;CORO1A;RHOQ;TESK1;BICD2
gs_ind_0,Regulation Of Cytosolic Calcium Ion Concentration (GO:0051480),1/16,0.9738872946210139,0.9999999999998647,0.3780508619218297,0.010003110870083008,SLC35G1
gs_ind_0,Regulation Of Cyclic-Nucleotide Phosphodiesterase Activity (GO:0051342),1/6,0.7450017490315044,0.9999999999998647,1.0662906117451572,0.31388259496961246,MAPK7
gs_ind_0,Regulation Of DNA Binding (GO:0051101),2/40,0.998769056165727,0.9999999999998647,0.25327278976035994,0.0003119566188975149,PLAUR;E2F1
gs_ind_0,Regulation Of Cholesterol Biosynthetic Process (GO:0045540),2/10,0.6351727324480614,0.9999999999998647,1.1500070758054626,0.5219402535113675,ERLIN1;MBTPS2
gs_ind_0,Regulation Of Chemokine Production (GO:0032642),5/18,0.2973982685333484,0.9999999999998647,1.5938531242753429,1.9328386950714114,PYCARD;HMOX1;C5;IL7;AIF1
gs_ind_0,Regulation Of Cell Population Proliferation (GO:0042127),67/481,0.9999191860396712,0.9999999999998647,0.6286340074036093,5.080445661795524e-05,PTPN6;FUZ;PPM1D;TBC1D8;TRAPPC14;S1PR2;ZBTB49;SAV1;DNAJB2;IL9R;TBRG1;DIS3L2;TP53;PTPRJ;FLT3LG;COX17;SOX4;GLMN;FES;NUDT6;FXN;PPP3CA;FKTN;TGFB3;KAT2B;UFL1;ING4;E2F7;ULK1;COPS9;FOSL1;GHRL;NCK2;IFIT3;IL7;BCL2;HCLS1;BCL7C;MEIS2;RAB33B;DLL1;MELTF;DERL2;CYP27B1;FOXO4;TP53INP1;GPLD1;OSR2;SERTAD1;SIRT1;BTG3;EID2;IFI35;INSR;CGRRF1;PINX1;MST1R;FAM98B;ATF5;TOB2;GRK5;BMPR2;ACER3;ERBB2;BICRA;AIF1;FER
gs_ind_0,Regulation Of Cell Projection Organization (GO:0031344),2/7,0.4333076099965977,0.9999999999998647,1.7777210760370343,1.486721268820039,SPRY2;SEMA4D
gs_ind_0,Regulation Of Cell Size (GO:0008361),2/19,0.9227080233311012,0.9999999999998647,0.5581624470156948,0.0448999429825696,VAV2;VAV1
gs_ind_0,Regulation Of Cell-Cell Adhesion (GO:0022407),4/25,0.7795519571143958,0.9999999999998647,0.818029134149209,0.20371865297410585,ADAM8;SMAD7;ZDHHC2;FUT4
gs_ind_0,Regulation Of Cell-Cell Adhesion Involved In Gastrulation (GO:0070587),1/7,0.796950772203989,0.9999999999998647,0.9021719021719021,0.20475907168261248,MAPK7
gs_ind_0,Regulation Of Cell-Cell Adhesion Mediated By Integrin (GO:0033632),1/5,0.6797672063173691,0.9999999999998647,1.3033509700176367,0.5030998387884896,CCL5
gs_ind_0,Regulation Of Cell-Matrix Adhesion (GO:0001952),2/42,0.9991847724172399,0.9999999999998647,0.24072589028483174,0.00019632642187942558,RASA1;CASK
gs_ind_0,Regulation Of Cell-Substrate Adhesion (GO:0010810),2/28,0.986170347155942,0.9999999999998647,0.3683254906114297,0.005129364658576268,RELL2;ATXN3
gs_ind_0,Regulation Of Cellular Biosynthetic Process (GO:0031326),9/57,0.8478530869112144,0.9999999999998647,0.7650856676007604,0.12627578640409218,ING4;SIRT5;SIRT1;CTNS;METTL18;RBM4B;FITM2;NANOS3;CCL5
gs_ind_0,Regulation Of Cellular Catabolic Process (GO:0031329),10/51,0.6088471486128658,0.9999999999998647,0.9891432589983669,0.4908010453414748,MTMR3;DEPP1;PIP4K2C;WDR24;UVRAG;ABCD1;DRAM1;TPCN2;LAMP3;SMCR8
gs_ind_0,Regulation Of Cellular Component Biogenesis (GO:0044087),3/23,0.8756878983937938,0.9999999999998647,0.6671218886101904,0.08855744994639804,ANKRA2;METTL18;BBS10
gs_ind_0,Regulation Of Cellular Component Organization (GO:0051128),21/106,0.5950095703171849,0.9999999999998647,0.983002528104997,0.5103530791221421,RUFY2;ANKRA2;CAMK2D;PACSIN1;ALKBH4;ZFYVE16;NEDD4;SEMA4D;METTL4;ING4;BCAR1;RAB4B;CDK11B;CAMSAP2;LSM11;BBS10;MELTF;RAB33B;RAB4A;MLLT3;ATF5
gs_ind_0,Regulation Of Cellular Component Size (GO:0032535),9/35,0.2729600817224538,0.9999999999998647,1.4027866659792,1.821419891313462,BORCS8;VAV2;BORCS6;EPS8;SNAPIN;BLOC1S2;VAV1;BORCS7;RAB22A
gs_ind_0,Regulation Of Cellular Ketone Metabolic Process (GO:0010565),3/9,0.27143988032691707,0.9999999999998647,2.1064186896049564,2.746800723669715,SIRT5;SIRT1;PDK2
gs_ind_0,Regulation Of Chemotaxis (GO:0050920),2/19,0.9227080233311012,0.9999999999998647,0.5581624470156948,0.0448999429825696,P2RX4;AIF1
gs_ind_0,Regulation Of Cellular Localization (GO:0060341),13/49,0.18306505377348867,0.9999999999998647,1.4479604188301596,2.458511838284718,MMD;CAMK2D;TRIM21;TRIM68;PARD6B;TRIM38;WWC1;RAB9A;BORA;STX6;TESK1;TRIM6;UFL1
gs_ind_0,Regulation Of Cellular Response To Heat (GO:1900034),1/14,0.958804759543803,0.9999999999998647,0.43412965635187856,0.018262884928106907,SIRT1
gs_ind_0,Regulation Of Cellular Response To Insulin Stimulus (GO:1900076),2/6,0.3535944927466926,0.9999999999998647,2.172948409516172,2.2590069951074945,GPLD1;NCOA2
gs_ind_0,Regulation Of Cellular Response To Oxidative Stress (GO:1900407),3/8,0.21111686342347444,0.9999999999998647,2.4896080976620043,3.8721956321797006,GCH1;AIFM2;ALOX5
gs_ind_0,Regulation Of Cellular Response To Stress (GO:0080135),17/99,0.8193807978802401,0.9999999999998647,0.8283495714599663,0.1650124934205886,SIRT1;SGF29;TFPT;MBTPS2;INO80B;ETAA1;INO80C;ATXN7;AIFM2;TADA2B;INO80D;ALOX5;SOX4;BRCA2;TAF5;RADX;KAT2B
gs_ind_0,Regulation Of Cellular Response To Transforming Growth Factor Beta Stimulus (GO:1903844),5/17,0.25419710850453286,0.9999999999998647,1.7215026489003051,2.357848003698116,EID2;SMURF2;SMAD7;PALS1;LATS2
gs_ind_0,Regulation Of Cellular Senescence (GO:2000772),4/28,0.8510236359077189,0.9999999999998647,0.7176854371984711,0.11577369652446345,ZKSCAN3;SIRT1;ING2;TP53
gs_ind_0,Regulation Of Centriole Elongation (GO:1903722),1/5,0.6797672063173691,0.9999999999998647,1.3033509700176367,0.5030998387884896,VPS4B
gs_ind_0,Regulation Of Centriole Replication (GO:0046599),3/15,0.6156231394758771,0.9999999999998647,1.0947986523343494,0.5311090388707119,SPICE1;SASS6;KAT2B
gs_ind_0,Regulation Of Centrosome Cycle (GO:0046605),4/21,0.6453026935758588,0.9999999999998647,1.0053373684572529,0.4403737382587221,SIRT1;CHMP2B;CHMP1B;VPS4B
gs_ind_0,Regulation Of Centrosome Duplication (GO:0010824),7/26,0.26814905749145873,0.9999999999998647,1.504911955514365,1.980783578732454,SIRT1;SPICE1;VPS4B;CENATAC;CHMP2B;CHMP1B;TMEM67
gs_ind_0,Regulation Of Ceramide Biosynthetic Process (GO:2000303),2/6,0.3535944927466926,0.9999999999998647,2.172948409516172,2.2590069951074945,SPHK2;SIRT3
gs_ind_0,Regulation Of Chaperone-Mediated Autophagy (GO:1904714),1/6,0.7450017490315044,0.9999999999998647,1.0662906117451572,0.31388259496961246,PLK3
gs_ind_0,Regulation Of Chemokine (C-C Motif) Ligand 5 Production (GO:0071649),1/7,0.796950772203989,0.9999999999998647,0.9021719021719021,0.20475907168261248,OAS3
gs_ind_0,Regulation Of Chemokine (C-X-C Motif) Ligand 2 Production (GO:2000341),2/8,0.5073711921876385,0.9999999999998647,1.5041021528591696,1.0205519747850815,OAS3;TIRAP
gs_ind_0,Regulation Of Cellular Metabolic Process (GO:0031323),4/37,0.9598385184135767,0.9999999999998647,0.5244863788903341,0.021498811352283487,COQ7;ING2;PDK2;STK17A
gs_ind_0,Regulation Of DNA Biosynthetic Process (GO:2000278),3/26,0.9225999915368105,0.9999999999998647,0.5818140235056375,0.04687065673583295,ING4;PINX1;BMPR2
gs_ind_0,Regulation Of DNA Damage Checkpoint (GO:2000001),2/18,0.9071587652944273,0.9999999999998647,0.5920390755996209,0.05768698489803892,ETAA1;BRCA2
gs_ind_0,"Regulation Of DNA Damage Response, Signal Transduction By P53 Class Mediator (GO:0043516)",6/26,0.44108979354819455,0.9999999999998647,1.240134426396456,1.0150584742804778,SIRT1;PMAIP1;SPRED1;SOX4;HIC1;YJU2
gs_ind_0,Regulation Of ERK1 And ERK2 Cascade (GO:0070372),19/110,0.8222563174286847,0.9999999999998647,0.8321476440870192,0.162853882628369,PTPN6;SYK;MAP3K12;CCL5;SPRY2;PYCARD;TIRAP;SYNJ2BP;SPRED1;DSTYK;PTPRC;ARRB2;DENND2B;SEMA7A;STYX;PTPN22;ERBB2;DDR2;DUSP10
gs_ind_0,Regulation Of Early Endosome To Late Endosome Transport (GO:2000641),1/15,0.9672015674762875,0.9999999999998647,0.40415650760478344,0.013477956327923916,DENND10
gs_ind_0,Regulation Of Embryonic Development (GO:0045995),14/49,0.10815714386505561,0.9999999999998647,1.599672094716099,3.5579428006553258,SGF29;INO80B;TFPT;INO80C;INO80D;INSR;KAT14;TLE6;UTP25;POGLUT1;NPHP3;DAG1;MBIP;KAT2B
gs_ind_0,Regulation Of Endocytosis (GO:0030100),11/48,0.38478338570762166,0.9999999999998647,1.1996847354029274,1.1457885838175408,RUFY2;RAB4A;PTPRC;RAB4B;PACSIN1;SYK;SMPD1;DLL1;FGR;SYT11;ZFYVE16
gs_ind_0,Regulation Of Endodeoxyribonuclease Activity (GO:0032071),1/5,0.6797672063173691,0.9999999999998647,1.3033509700176367,0.5030998387884896,SIRT1
gs_ind_0,Regulation Of Endopeptidase Activity (GO:0052548),6/33,0.6896471049708996,0.9999999999998647,0.9239324349971532,0.34331042948370866,PSMB9;SERPINB8;VSIR;SERPINI1;PSMB8;APH1B
gs_ind_0,Regulation Of Endoplasmic Reticulum Stress-Induced Intrinsic Apoptotic Signaling Pathway (GO:1902235),5/19,0.34163623058366105,0.9999999999998647,1.4838104306331343,1.5936254025552787,SELENOS;EIF2AK3;PMAIP1;NCK2;CREB3
gs_ind_0,Regulation Of Endoplasmic Reticulum Unfolded Protein Response (GO:1900101),4/8,0.059636426619357134,0.9999999999998647,3.9138180067404913,11.034965670161052,PIGBOS1;ERN1;FICD;PIK3R1
gs_ind_0,Regulation Of Endosome Size (GO:0051036),5/10,0.03521184072130791,0.9999999999998647,3.9147535720019264,13.100225141441804,BORCS8;BORCS6;SNAPIN;BLOC1S2;BORCS7
gs_ind_0,Regulation Of Endothelial Cell Apoptotic Process (GO:2000351),2/24,0.9698826975751649,0.9999999999998647,0.4339481422079658,0.013270197168590993,MAPK7;TNFAIP3
gs_ind_0,Regulation Of Endothelial Cell Chemotaxis (GO:2001026),1/10,0.8974937817113968,0.9999999999998647,0.6171236171236171,0.06674135581913541,P2RX4
gs_ind_0,Regulation Of Endothelial Cell Development (GO:1901550),1/4,0.5978508540253882,0.9999999999998647,1.6758743901601045,0.8620931884147255,ZDHHC21
gs_ind_0,Regulation Of Endothelial Cell Differentiation (GO:0045601),1/5,0.6797672063173691,0.9999999999998647,1.3033509700176367,0.5030998387884896,ZEB1
gs_ind_0,Regulation Of Endothelial Cell Migration (GO:0010594),7/53,0.9354603215965955,0.9999999999998647,0.6296929654100272,0.042010941129133665,BCAR1;ZC3H12A;SVBP;SYNJ2BP;BMPR2;GPLD1;BCAS3
gs_ind_0,Regulation Of ERBB Signaling Pathway (GO:1901184),3/10,0.3332097623755485,0.9999999999998647,1.8254131236964544,2.0060981191955864,FER;RHBDF2;IFI6
gs_ind_0,Regulation Of Endothelial Cell Proliferation (GO:0001936),8/55,0.8969740221099745,0.9999999999998647,0.6987947935079544,0.07597882459353446,SIRT1;PPP1R16B;ANG;GHRL;SYNJ2BP;ALOX5;BMPR2;PDCL3
gs_ind_0,Regulation Of Epidermal Growth Factor Receptor Signaling Pathway (GO:0042058),7/33,0.5206485477378717,0.9999999999998647,1.1067515344396455,0.7223546328189142,PTPRJ;PLAUR;RHBDF2;BCAR3;FER;MVP;IFI6
gs_ind_0,Regulation Of Epidermal Growth Factor-Activated Receptor Activity (GO:0007176),4/20,0.6044244594660717,0.9999999999998647,1.0663544447848732,0.5368866220617171,CHMP6;CBLB;SOCS6;NCK2
gs_ind_0,Regulation Of Epidermis Development (GO:0045682),3/5,0.06072572167688534,0.9999999999998647,5.478485480506979,15.347363043995708,TMEM79;MAFF;SGPP1
gs_ind_0,Regulation Of Epithelial Cell Apoptotic Process (GO:1904035),1/4,0.5978508540253882,0.9999999999998647,1.6758743901601045,0.8620931884147255,ZFP36
gs_ind_0,Regulation Of Epithelial Cell Differentiation (GO:0030856),3/11,0.3947032014005075,0.9999999999998647,1.6105265144723058,1.4971795674609456,MAFF;DLL1;APOLD1
gs_ind_0,Regulation Of Epithelial Cell Migration (GO:0010632),2/28,0.986170347155942,0.9999999999998647,0.3683254906114297,0.005129364658576268,BMPR2;DUSP10
gs_ind_0,Regulation Of Epithelial Cell Proliferation (GO:0050678),10/55,0.707785394214709,0.9999999999998647,0.9018887528294185,0.3117056921531603,ZFP36;NR1D1;BAD;TINF2;PEX2;RAB33B;ERBB2;ZNF304;DUSP10;OSR2
gs_ind_0,Regulation Of Epithelial To Mesenchymal Transition (GO:0010717),8/57,0.9174891705635876,0.9999999999998647,0.670450284623513,0.05773549259301584,SPRED1;USF3;BCL9L;SMAD7;DAG1;TGFB3;ELL3;SPRY2
gs_ind_0,Regulation Of Epithelial To Mesenchymal Transition Involved In Endocardial Cushion Formation (GO:1905005),1/6,0.7450017490315044,0.9999999999998647,1.0662906117451572,0.31388259496961246,TGFB3
gs_ind_0,Regulation Of Erythrocyte Differentiation (GO:0045646),4/31,0.9017973824564596,0.9999999999998647,0.6392349104915306,0.06607478217359576,ZFP36;BRD1;NCKAP1L;ANKRD54
gs_ind_0,Regulation Of Establishment Of Cell Polarity (GO:2000114),2/12,0.7354204812815023,0.9999999999998647,0.9308053614388819,0.2860484576995813,KANK1;BCAS3
gs_ind_0,Regulation Of Establishment Of Endothelial Barrier (GO:1903140),2/9,0.5747801384335589,0.9999999999998647,1.303448275862069,0.7218075267435339,S1PR2;ZDHHC21
gs_ind_0,Regulation Of Establishment Of Planar Polarity (GO:0090175),6/21,0.24409462178147523,0.9999999999998647,1.6408512357734528,2.3139273209888556,FZD2;VANGL1;NPHP3;SMURF2;DAAM1;SMURF1
gs_ind_0,Regulation Of Establishment Of Protein Localization (GO:0070201),2/12,0.7354204812815023,0.9999999999998647,0.9308053614388819,0.2860484576995813,CEP135;CEP290
gs_ind_0,Regulation Of Epidermal Cell Differentiation (GO:0045604),4/11,0.16922725830899113,0.9999999999998647,2.3477130476649015,4.170742147653361,ZFP36;MAFF;DLL1;SGPP1
gs_ind_0,Regulation Of ERAD Pathway (GO:1904292),3/10,0.3332097623755485,0.9999999999998647,1.8254131236964544,2.0060981191955864,RNFT1;ATXN3;RNF185
gs_ind_0,Regulation Of ER-associated Ubiquitin-Dependent Protein Catabolic Process (GO:1903069),1/8,0.8383192836348962,0.9999999999998647,0.7818181818181819,0.1378785183025454,SVIP
gs_ind_0,Regulation Of ER To Golgi Vesicle-Mediated Transport (GO:0060628),1/8,0.8383192836348962,0.9999999999998647,0.7818181818181819,0.1378785183025454,PGAP1
gs_ind_0,"Regulation Of DNA Damage Response, Signal Transduction By P53 Class Mediator Resulting In Transcription Of P21 Class Mediator (GO:1902162)",1/4,0.5978508540253882,0.9999999999998647,1.6758743901601045,0.8620931884147255,ING4
gs_ind_0,Regulation Of DNA Metabolic Process (GO:0051052),18/115,0.919232977448489,0.9999999999998647,0.7402844777340989,0.062343558347769924,ING4;SGF29;NSMCE3;TFPT;INO80B;INO80C;INO80D;ATXN7;PIF1;TADA2B;HELB;SLF2;MPHOSPH8;DSCC1;OBI1;TAF5;RADX;KAT2B
gs_ind_0,Regulation Of DNA Methylation (GO:0044030),1/6,0.7450017490315044,0.9999999999998647,1.0662906117451572,0.31388259496961246,MPHOSPH8
gs_ind_0,Regulation Of DNA Methylation-Dependent Heterochromatin Formation (GO:0090308),3/14,0.5656020552601939,0.9999999999998647,1.1900961920772326,0.6781936079104792,MPHOSPH8;ZNF304;SETDB2
gs_ind_0,Regulation Of DNA Recombination (GO:0000018),2/36,0.9972121090565736,0.9999999999998647,0.2827307276594261,0.0007893232205534015,USP51;ZCWPW1
gs_ind_0,Regulation Of DNA Repair (GO:0006282),14/118,0.994726024041039,0.9999999999998647,0.5403463064065221,0.002857314774714375,SIRT1;SGF29;TFPT;INO80B;INO80C;INO80D;ATXN7;TADA2B;MARCHF6-DT;BCL7C;TAF5;RADX;KAT2B;MBTD1
gs_ind_0,Regulation Of DNA Replication (GO:0006275),10/65,0.8782958364919782,0.9999999999998647,0.7387778516577359,0.0958725304920161,TERF1;TFPT;BRPF3;INO80B;INO80C;CTC1;BCAR3;DSCC1;OBI1;INO80D
gs_ind_0,Regulation Of DNA Strand Elongation (GO:0060382),4/16,0.4164508921822029,0.9999999999998647,1.4080500722195475,1.233433178794374,INO80B;TFPT;INO80C;INO80D
gs_ind_0,Regulation Of DNA-directed DNA Polymerase Activity (GO:1900262),1/10,0.8974937817113968,0.9999999999998647,0.6171236171236171,0.06674135581913541,DSCC1
gs_ind_0,Regulation Of DNA-templated DNA Replication (GO:0090329),1/16,0.9738872946210139,0.9999999999998647,0.3780508619218297,0.010003110870083008,METTL4
gs_ind_0,Regulation Of DNA-templated Transcription (GO:0006355),294/1404,0.29755654503096846,0.9999999999998647,1.040650883910766,1.261426014501407,TFPT;ZNF671;CD80;SAP18;ZNF628;ZNF865;FOXN3;TSHZ1;HOXB4;TOX2;ZNF597;ZNF165;PBX4;ZNF740;MAP3K5;ZBTB22;SAP30;ATXN1L;ZNF219;ARID5A;FOSB;HINFP;KTI12;MNT;ZBTB14;RELB;RBAK;MED31;APBB3;PRR7;CALCOCO1;ZSCAN26;MZF1;SMURF2;SFMBT1;MPHOSPH8;BRD1;ZNF57;ATXN1;NCOA2;SUFU;ZNF878;PIAS2;MAP2K3;CDK11B;ZNF510;EID2B;ZNF680;CC2D1A;CREBRF;ZNF117;CYP27B1;FOXO4;TP53INP1;JDP2;MXD3;TRERF1;GZF1;ZNF579;MAP3K10;ZNF567;SIRT1;ZNF563;LOC122539214;DYRK1B;PATZ1;ZNF449;ZSCAN29;FOXJ2;ZNF212;CREB3;ZNF383;BICRA;ZBTB41;GLRX2;MBIP;ZNF66;SMAD7;LANCL2;MBTD1;ZFAT;ZNF215;ZNF696;CSRNP2;ZNF433;E2F1;SPIN3;ZBTB43;HEXIM1;CCDC106;PBXIP1;ZNF707;ING2;PCBD2;BCL10;IRF7;ZKSCAN2;ZNF443;ATXN7;MAFF;PARP9;ARID5B;TADA2B;RBM15B;E2F8;ZMIZ2;WWC1;ZNF485;METTL4;IKZF2;ANXA4;ZNF653;SIX5;ZNF517;SPIN2B;ZNF408;ZSCAN22;KLF12;PKNOX1;PURA;RFX1;ZNF821;ING4;SETDB2;TFEB;ZSCAN31;IRF9;PURB;ZNF691;ZNF33A;CEP290;ZBTB4;HIC1;ZBTB3;ZNF316;ZNF799;ZNF76;ZSCAN21;IRF2;EBF1;HCFC2;ZNF397;MLLT3;ZNF710;ZFHX2;GCFC2;ZNF296;KAT6B;TRIP4;ATF5;ZXDC;BRCA2;ZNF700;MED29;SGF29;CAMK2D;SAP30L;NFATC4;ELK3;CDK5R1;ZBTB47;ZNF525;PER2;TP53INP2;MAP3K12;LOXL3;GLI4;CBY1;ANKRD49;ZBTB24;ZNF14;NMNAT1;ZNF823;TP53;DTX3L;MLLT11;KAT14;ZNF92;NKAP;DXO;RFX3;NFE2L3;ZSCAN20;NFKB2;KAT2B;E2F7;INO80B;DGKQ;CBFA2T2;ZEB1;FOSL1;RFXAP;MTRES1;ZNF441;HAVCR2;DBP;ZNF221;ZNF524;ZNF438;HCLS1;ZBTB10;ZNF446;FZD2;PPARD;POU6F1;ZXDB;ZKSCAN3;SP140L;RNF20;ZNF341;GMEB1;POLR3F;ESR2;ZNF85;ZNF202;ZNF497;GPATCH3;NRL;ZNF224;ZNF18;ZNF44;ZNF138;CREB3L4;ZHX3;ZC3H8;E2F5;ZKSCAN4;ZNF213;ZNF519;MSL2;ZNF736;IKZF5;GMEB2;ZNF35;KLF13;KLRG1;PPP1R13L;PPARGC1B;SP2;ZNF101;HMX3;BCL3;NFKB1;TBX6;BRPF3;BTRC;THAP1;KLF9;WWC3;KDM8;ZNF205;LCORL;CDKN2AIP;TGFB3;CREBL2;FOXO1;ZNF2;RYBP;INO80C;HEY1;ZNF780B;TULP3;ZNF367;ZNF345;MELTF;FOXP4;RPS6KA5;NR4A2;SFR1;HDAC10;HTATSF1;OSR2;INO80D;RB1;JMY;NR1D1;TAF5;EID2;ZNF500;ZNF75D;ZNF646;ELK4;INSR;ZNF516;HIVEP3;ETV6;SOX4;MXD4;MAFK;AKAP17A;BCL7C;E2F2;HEXIM2;ZNF395
gs_ind_0,Regulation Of DNA-templated Transcription Elongation (GO:0032784),4/40,0.9749494048965845,0.9999999999998647,0.4812591923282395,0.012209402171169862,ELL;HTATSF1;ELL3;EAF2
gs_ind_0,Regulation Of DNA-templated Transcription Initiation (GO:2000142),2/7,0.4333076099965977,0.9999999999998647,1.7777210760370343,1.486721268820039,FOSL1;PPM1D
gs_ind_0,Regulation Of Defense Response (GO:0031347),14/55,0.21625888918193278,0.9999999999998647,1.3677191457829385,2.0943596440923153,AKNA;SETD6;PIK3AP1;TIRAP;DHX58;SPATA2;ALOX5;CYLD;APPL1;MGLL;SEMA7A;FGR;PTPN22;UFL1
gs_ind_0,Regulation Of Defense Response To Bacterium (GO:1900424),1/4,0.5978508540253882,0.9999999999998647,1.6758743901601045,0.8620931884147255,MAPKBP1
gs_ind_0,Regulation Of Defense Response To Virus (GO:0050688),1/13,0.948259129620717,0.9999999999998647,0.4688985088985089,0.02491139174442143,TNFAIP3
gs_ind_0,Regulation Of Defense Response To Virus By Host (GO:0050691),11/30,0.028874215670662298,0.9999999999998647,2.310500983655238,8.190278381627007,ZC3H12A;RIGI;TNFAIP3;APOBEC3G;DTX3L;PARP9;IL23A;TRIM6;IL12RB1;PTPN22;APOBEC3F
gs_ind_0,Regulation Of Double-Strand Break Repair Via Nonhomologous End Joining (GO:2001032),8/23,0.0779791139542221,0.9999999999998647,2.1471077636032825,5.4779466506725845,KDM4D;SHLD1;PARP3;WAS;SETMAR;NUDT16L1;USP51;TRAPPC13
gs_ind_0,Regulation Of Double-Strand Break Repair Via Homologous Recombination (GO:0010569),9/62,0.9084993328538882,0.9999999999998647,0.6932968976048867,0.0665295505888854,MAGEF1;SHLD1;RADX;HELB;WAS;HELQ;USP51;TRAPPC13;MBTD1
gs_ind_0,Regulation Of Double-Strand Break Repair (GO:2000779),7/77,0.9977343310009462,0.9999999999998647,0.4145091002307101,0.0009402059185690248,SIRT1;SLF2;WAS;BCL7C;USP51;ZCWPW1;MBTD1
gs_ind_0,Regulation Of Dosage Compensation By Inactivation Of X Chromosome (GO:1900095),1/11,0.9183821192811181,0.9999999999998647,0.5583041297327012,0.04753497558033882,MSL2
gs_ind_0,Regulation Of Dopamine Secretion (GO:0014059),1/10,0.8974937817113968,0.9999999999998647,0.6171236171236171,0.06674135581913541,SYT11
gs_ind_0,Regulation Of Developmental Growth (GO:0048638),4/19,0.5607923727242765,0.9999999999998647,1.1352446922515416,0.656630688618161,MBD5;INSR;LATS2;DLL1
gs_ind_0,Regulation Of Cell Motility (GO:2000145),10/75,0.9575088241608561,0.9999999999998647,0.625471805805651,0.027158199804508884,PLXNA3;TRIM32;RIGI;PARD6B;HACE1;FES;WAS;TTBK2;AMOT;CCDC125
gs_ind_0,Regulation Of Dephosphorylation (GO:0035303),3/14,0.5656020552601939,0.9999999999998647,1.1900961920772326,0.6781936079104792,MTMR3;PPP1R16B;MTMR9
gs_ind_0,Regulation Of Dendritic Spine Development (GO:0060998),1/14,0.958804759543803,0.9999999999998647,0.43412965635187856,0.018262884928106907,CPEB3
gs_ind_0,Regulation Of Dendritic Cell Antigen Processing And Presentation (GO:0002604),1/4,0.5978508540253882,0.9999999999998647,1.6758743901601045,0.8620931884147255,NOD1
gs_ind_0,Regulation Of Dendrite Morphogenesis (GO:0048814),4/24,0.7503679157069622,0.9999999999998647,0.8580034524466573,0.24641141731098654,RAP2A;NEDD4;CDKL3;SEMA4D
gs_ind_0,Regulation Of Dendrite Extension (GO:1903859),1/9,0.8712616767850634,0.9999999999998647,0.689782983900631,0.09506100349519497,SMURF1
gs_ind_0,Regulation Of Dendrite Development (GO:0050773),7/26,0.26814905749145873,0.9999999999998647,1.504911955514365,1.980783578732454,RTN4IP1;NEDD4;CAMSAP2;PACSIN1;RAP2A;SEMA4D;ZNF296
gs_ind_0,Regulation Of Delayed Rectifier Potassium Channel Activity (GO:1902259),2/7,0.4333076099965977,0.9999999999998647,1.7777210760370343,1.486721268820039,RNF207;VAMP2
gs_ind_0,Regulation Of Dendritic Spine Morphogenesis (GO:0061001),3/21,0.8317210846862813,0.9999999999998647,0.7393645851852173,0.13623393520139163,SIPA1L1;NOL3;CDK5R1
gs_ind_0,Regulation Of Cell Morphogenesis (GO:0022604),2/22,0.9558870236074068,0.9999999999998647,0.4763627828740196,0.021491368499665764,FITM2;NOL3
gs_ind_0,Regulation Of Cell Migration Involved In Sprouting Angiogenesis (GO:0090049),1/19,0.9868233624880947,0.9999999999998647,0.3166673166673167,0.004200344831304321,HMOX1
gs_ind_0,Regulation Of Cell Migration (GO:0030334),43/272,0.977542349315918,0.9999999999998647,0.7373766343852672,0.01674852508001633,FUZ;SRGAP3;SAP30L;PLXNA3;FGR;KANK1;ING2;ULK4;CCL5;ZNF304;FAM89B;SPRY2;SAP30;PTPRJ;SMAD7;RIGI;CARMIL1;SEMA4D;SEMA4A;PPP3CA;BCAR1;HACE1;RAP2A;VSIR;BRMS1L;TRADD;TP53INP1;SEMA7A;TTBK2;AMOT;PIK3R3;RNF20;TRIM32;FER;INSR;CARMIL2;DUSP22;PARD6B;AIF1;DAG1;DUSP10;DNAI3;APPL1
gs_ind_0,Regulation Of Actomyosin Structure Organization (GO:0110020),2/10,0.6351727324480614,0.9999999999998647,1.1500070758054626,0.5219402535113675,WAS;AKAP13
gs_ind_0,Regulation Of Acute Inflammatory Response (GO:0002673),1/8,0.8383192836348962,0.9999999999998647,0.7818181818181819,0.1378785183025454,DNASE1
gs_ind_0,Regulation Of Adaptive Immune Response (GO:0002819),4/10,0.12731015554677688,0.9999999999998647,2.7091218843746527,5.583849680727797,PYCARD;IL4I1;SIRT1;IRF7
gs_ind_0,Regulation Of Adenylate Cyclase Activity (GO:0045761),2/8,0.5073711921876385,0.9999999999998647,1.5041021528591696,1.0205519747850815,GNAI3;AKAP5
gs_ind_0,Regulation Of Adipose Tissue Development (GO:1904177),2/9,0.5747801384335589,0.9999999999998647,1.303448275862069,0.7218075267435339,SIRT1;NCOA2
gs_ind_0,Regulation Of Alcohol Biosynthetic Process (GO:1902930),5/9,0.02109342287281697,0.9999999999998647,4.785091239899395,18.464681362536957,DGKQ;H6PD;MBTPS2;CLCN2;ERLIN1
gs_ind_0,Regulation Of Aldosterone Biosynthetic Process (GO:0032347),1/5,0.6797672063173691,0.9999999999998647,1.3033509700176367,0.5030998387884896,CLCN2
gs_ind_0,Regulation Of Alpha-Beta T Cell Differentiation (GO:0046637),2/5,0.27018544485746365,0.9999999999998647,2.7940199335548175,3.6563850298756777,SH3RF1;NKAP
gs_ind_0,Regulation Of Alpha-Beta T Cell Proliferation (GO:0046640),3/4,0.028603411361812166,0.9999999999998647,9.131557837317503,32.45565032766723,SYK;SH3RF1;TNFRSF14
gs_ind_0,"Regulation Of Alternative mRNA Splicing, Via Spliceosome (GO:0000381)",3/40,0.9931603082583498,0.9999999999998647,0.36418418097224453,0.0024994650979343045,SAP18;RBM15B;HNRNPA0
gs_ind_0,Regulation Of Amide Metabolic Process (GO:0034248),3/33,0.9761380428445641,0.9999999999998647,0.44802518588265,0.010820375093801836,RBM4B;METTL18;NANOS3
gs_ind_0,Regulation Of Amyloid-Beta Clearance (GO:1900221),1/10,0.8974937817113968,0.9999999999998647,0.6171236171236171,0.06674135581913541,IFNGR1
gs_ind_0,Regulation Of Amyloid-Beta Formation (GO:1902003),1/21,0.9916490336667981,0.9999999999998647,0.28572601743333453,0.002396107241114433,IFNGR1
gs_ind_0,Regulation Of Anatomical Structure Morphogenesis (GO:0022603),16/91,0.7828280221363119,0.9999999999998647,0.8536452648526498,0.20900842460672767,DAG1;NEDD4;CDK5R1;KIF13B;TNFAIP3;HMOX1;NOL3;RAP2A;SEMA4D;BRSK1;POGLUT1;FITM2;DLL1;BCL9L;ERBB2;SIPA1L1
gs_ind_0,Regulation Of Activin Receptor Signaling Pathway (GO:0032925),2/10,0.6351727324480614,0.9999999999998647,1.1500070758054626,0.5219402535113675,LEMD3;SMAD7
gs_ind_0,Regulation Of Androgen Receptor Signaling Pathway (GO:0060765),3/23,0.8756878983937938,0.9999999999998647,0.6671218886101904,0.08855744994639804,TRIM68;SIRT1;PIAS2
gs_ind_0,Regulation Of Anoikis (GO:2000209),3/16,0.6615859657744176,0.9999999999998647,1.0136192666274488,0.4187416761244309,BCL2;ZNF304;PIK3R3
gs_ind_0,Regulation Of Antigen Receptor-Mediated Signaling Pathway (GO:0050854),2/4,0.18640155558523228,0.9999999999998647,3.9119486768243785,6.571494931304808,PTPN22;PTPRC
gs_ind_0,Regulation Of Apoptotic DNA Fragmentation (GO:1902510),2/5,0.27018544485746365,0.9999999999998647,2.7940199335548175,3.6563850298756777,ST20;DFFB
gs_ind_0,Regulation Of Apoptotic Process (GO:0042981),79/502,0.9969913006885729,0.9999999999998647,0.7269611135153585,0.002190504341029786,TFPT;BMF;SAP18;MAP3K5;IFI6;PYCARD;PHLDA1;PLAUR;ZNF830;BAD;MOAP1;PRR7;SMPD1;DCUN1D3;GHRL;STK17A;IL7;BCL2;IFIT3;CRADD;NCKAP1L;LATS2;MAP3K10;SIRT1;MALT1;GPLD1;PNMA1;IER3;BNIP1;MBTD1;E2F1;PLSCR3;BCL10;SPHK2;FCMR;PMAIP1;SEMA4D;BCL2L2;EVI2B;ANXA4;FXN;SH3RF1;ING4;TMEM14A;TRADD;GADD45B;ATF5;GRK5;PTPN6;DDAH2;SPRY2;TP53;MLLT11;BCAR1;BAG3;AIFM2;PIK3R1;NOL3;TMBIM4;SAV1;BCL3;NFKB1;PIM3;DSTYK;STK3;TGFB3;FOXO1;RYBP;TNFSF10;RASA1;JMY;MAPK8IP3;PLK3;RNF122;ANKRD13C;USP42;SOX4;ERBB2;IER3IP1
gs_ind_0,Regulation Of Apoptotic Signaling Pathway (GO:2001233),7/29,0.37596307993313455,0.9999999999998647,1.3039357429718876,1.2755938286743562,PYCARD;CYLD;BCL2;CRADD;CTSS;NR4A2;RB1
gs_ind_0,Regulation Of Arp2/3 Complex-Mediated Actin Nucleation (GO:0034315),6/24,0.3610914032655836,0.9999999999998647,1.374428708457936,1.4000262859611035,GMFB;CARMIL1;CARMIL3;CARMIL2;PICK1;DNAI3
gs_ind_0,Regulation Of Attachment Of Mitotic Spindle Microtubules To Kinetochore (GO:1902423),1/7,0.796950772203989,0.9999999999998647,0.9021719021719021,0.20475907168261248,KAT2B
gs_ind_0,Regulation Of Autophagosome Assembly (GO:2000785),10/33,0.11703993172980656,0.9999999999998647,1.7493713499810122,3.7528215795265476,MTMR3;MTM1;FEZ1;PIP4K2C;IFT20;SNX18;TBC1D12;MOAP1;SMCR8;WIPI1
gs_ind_0,Regulation Of Autophagosome Maturation (GO:1901096),5/15,0.17365939932302765,0.9999999999998647,2.0497442836502073,3.5884040430012765,FYCO1;TECPR1;UVRAG;SMCR8;TBC1D25
gs_ind_0,Regulation Of Autophagy (GO:0010506),42/194,0.35474213738273497,0.9999999999998647,1.0908018271164321,1.1304678833043418,ERN1;ZC3H12A;BMF;CDK5R1;DEPP1;PIP4K2C;DRAM1;TICAM1;TRIM21;NEDD4;OPTN;TRIM68;BAD;LAMP3;ATP6V1G2;DHRSX;ATP6V1E2;UFL1;FOXO1;ULK1;TFEB;SVIP;PLEKHF1;UVRAG;MTMR9;TRIM38;BCL2;SMCR8;TP53INP1;ZKSCAN3;PTPN22;RRAGB;MTMR3;RRAGC;TRIM32;WDR24;DEPDC5;EXOC8;TRIM23;ATG14;TPCN2;TRIM6
gs_ind_0,Regulation Of Axon Extension (GO:0030516),3/21,0.8317210846862813,0.9999999999998647,0.7393645851852173,0.13623393520139163,ZFYVE27;SEMA7A;CDKL3
gs_ind_0,Regulation Of Axon Extension Involved In Axon Guidance (GO:0048841),3/14,0.5656020552601939,0.9999999999998647,1.1900961920772326,0.6781936079104792,SEMA7A;SEMA4A;SEMA4D
gs_ind_0,Regulation Of Axonogenesis (GO:0050770),4/25,0.7795519571143958,0.9999999999998647,0.818029134149209,0.20371865297410585,BRSK1;SIPA1L1;PLXNA3;KIF13B
gs_ind_0,Regulation Of B Cell Activation (GO:0050864),3/14,0.5656020552601939,0.9999999999998647,1.1900961920772326,0.6781936079104792,TNFAIP3;IL4I1;THEMIS2
gs_ind_0,Regulation Of Angiogenesis (GO:0045765),18/114,0.9123606571851524,0.9999999999998647,0.7480176314485971,0.06860810956606367,SIRT1;ITGB8;ZC3H12A;PPP1R16B;GHRL;TNFAIP3;SYNJ2BP;SPRED1;HMOX1;ALOX5;FOXJ2;FOXO4;ERBB2;PDCL3;AMOT;ZNF304;NINJ1;SPRY2
gs_ind_0,Regulation Of Activation Of Janus Kinase Activity (GO:0010533),2/4,0.18640155558523228,0.9999999999998647,3.9119486768243785,6.571494931304808,CCL5;IL23A
gs_ind_0,Regulation Of Activated T Cell Proliferation (GO:0046006),6/18,0.14187409242961266,0.9999999999998647,2.0351565762004173,3.9742848749463775,PYCARD;CD274;IL23A;IL12RB1;BTN2A2;PPP3CA
gs_ind_0,Regulation Of Actin Polymerization Or Depolymerization (GO:0008064),5/21,0.43069196449947617,0.9999999999998647,1.30374056830952,1.0982217002562886,RASA1;HCLS1;ESAM;WAS;NAA80
gs_ind_0,RNA-mediated Gene Silencing (GO:0031047),3/19,0.7749900719826985,0.9999999999998647,0.8291206627481295,0.21134705233127382,NRDE2;HELZ2;HEXIM1
gs_ind_0,RNA-templated DNA Biosynthetic Process (GO:0006278),3/18,0.7411693826261057,0.9999999999998647,0.8826847735518029,0.26438712180913754,PIF1;PINX1;TERF1
gs_ind_0,Rac Protein Signal Transduction (GO:0016601),4/15,0.3655177183974608,0.9999999999998647,1.5306148081472022,1.540472769277779,GARRE1;EPS8;HACE1;AIF1
gs_ind_0,Radial Glial Cell Differentiation (GO:0060019),2/5,0.27018544485746365,0.9999999999998647,2.7940199335548175,3.6563850298756777,METTL14;GPR157
gs_ind_0,Rap Protein Signal Transduction (GO:0032486),1/9,0.8712616767850634,0.9999999999998647,0.689782983900631,0.09506100349519497,RAP2A
gs_ind_0,Positive Regulation Of Vascular Endothelial Growth Factor Production (GO:0010575),2/13,0.7760853855691137,0.9999999999998647,0.84979603221645,0.21541711776620684,EIF2AK3;C5
gs_ind_0,Ras Protein Signal Transduction (GO:0007265),18/102,0.7877392794318676,0.9999999999998647,0.8550920674954952,0.20401479815353055,GARRE1;DOK4;RASGRP4;NKIRAS1;TP53;DOK3;AIF1;HACE1;DOK2;RGL1;PLD1;WAS;RALGPS1;RAP2A;RB1;EPS8;ARHGDIB;SOS2
gs_ind_0,Ras signaling pathway,18/143,0.9946089109158633,0.9999999999998647,0.5737906025422733,0.0031017246234809836,SOS2;RASGRP4;GNG7;FLT3LG;EFNA4;NFKB1;INSR;RASA1;PIK3R1;BAD;RGL1;PLD1;JMJD7-PLA2G4B;FOXO4;RASA2;SYNGAP1;PIK3R3;PLA2G4C
gs_ind_0,Reactive Oxygen Species Pathway,5/41,0.9405887825087762,0.9999999999998647,0.5883945399006415,0.03603871570088686,SELENOS;MSRA;GLRX;FES;GLRX2
gs_ind_0,Receptor Catabolic Process (GO:0032801),5/13,0.10544734724079009,0.9999999999998647,2.532452570047123,5.696862291280227,RNF43;NEDD4;UVRAG;KIF16B;SMURF1
gs_ind_0,Receptor Clustering (GO:0043113),1/10,0.8974937817113968,0.9999999999998647,0.6171236171236171,0.06674135581913541,PICK1
gs_ind_0,Receptor Internalization (GO:0031623),5/31,0.7861685484247343,0.9999999999998647,0.8110966053486885,0.19513692356655,GRK3;NEDD4;ARRB2;SYK;DNM1
gs_ind_0,Receptor Metabolic Process (GO:0043112),4/18,0.5146542375367785,0.9999999999998647,1.2136370428170604,0.8061705265524838,UVRAG;KIF16B;NEDD4;SMURF1
gs_ind_0,Receptor Recycling (GO:0001881),4/15,0.3655177183974608,0.9999999999998647,1.5306148081472022,1.540472769277779,PEX1;PEX2;PEX10;PEX12
gs_ind_0,Receptor Signaling Pathway Via JAK-STAT (GO:0007259),2/19,0.9227080233311012,0.9999999999998647,0.5581624470156948,0.0448999429825696,FER;SOCS6
gs_ind_0,Receptor Signaling Pathway Via STAT (GO:0097696),1/18,0.9834488709535161,0.9999999999998647,0.3347900776472205,0.005587522300482694,SOCS6
gs_ind_0,Receptor-Mediated Endocytosis (GO:0006898),9/80,0.9894134889541429,0.9999999999998647,0.5179917333911869,0.00551295846782314,GRK3;NEDD4;ARRB2;INSR;TPCN2;SYK;DLL1;LRP3;DNM1
gs_ind_0,Regulation Of Actin Nucleation (GO:0051125),6/17,0.11316880953611234,0.9999999999998647,2.212308250884996,4.820342443962048,CARMIL1;WHAMM;CARMIL3;CARMIL2;PICK1;CORO1A
gs_ind_0,Regulation Of Actin Filament-Based Process (GO:0032970),5/49,0.9815283460144801,0.9999999999998647,0.4822982750130326,0.008992154908715067,CAPN10;ESAM;CORO1A;RHOQ;TESK1
gs_ind_0,Regulation Of Actin Filament Polymerization (GO:0030833),10/52,0.6350955759891722,0.9999999999998647,0.9657898470531483,0.4384490604049165,PYCARD;CARMIL1;SSH1;KANK1;RASA1;ESAM;NCK2;HCLS1;FER;NCKAP1L
gs_ind_0,Regulation Of Actin Filament Organization (GO:0110053),2/7,0.4333076099965977,0.9999999999998647,1.7777210760370343,1.486721268820039,WAS;NAA80
gs_ind_0,Regulation Of Actin Filament Length (GO:0030832),3/4,0.028603411361812166,0.9999999999998647,9.131557837317503,32.45565032766723,WAS;NAA80;EPS8
gs_ind_0,Regulation Of Actin Filament Bundle Assembly (GO:0032231),1/15,0.9672015674762875,0.9999999999998647,0.40415650760478344,0.013477956327923916,WAS
gs_ind_0,Regulation Of B Cell Differentiation (GO:0045577),5/13,0.10544734724079009,0.9999999999998647,2.532452570047123,5.696862291280227,IL4I1;PPP2R3C;SYK;INPP5D;NCKAP1L
gs_ind_0,Regulation Of Actin Cytoskeleton Reorganization (GO:2000249),6/20,0.2077528450633598,0.9999999999998647,1.7541573680800517,2.7564936774812905,CARMIL1;CARMIL3;CARMIL2;FES;ARHGDIB;BCAS3
gs_ind_0,Regulation Of ATP Biosynthetic Process (GO:2001169),2/11,0.6886104060141844,0.9999999999998647,1.028869286287089,0.38385015860250277,DNAJC30;SPHK2
gs_ind_0,Regulation Of AMPA Receptor Activity (GO:2000311),1/14,0.958804759543803,0.9999999999998647,0.43412965635187856,0.018262884928106907,NOL3
gs_ind_0,Regulation Of 3'-UTR-mediated mRNA Stabilization (GO:1905868),2/5,0.27018544485746365,0.9999999999998647,2.7940199335548175,3.6563850298756777,TENT4A;TENT4B
gs_ind_0,Regulated Exocytosis (GO:0045055),6/34,0.7184846430598026,0.9999999999998647,0.8914405010438413,0.2947199885147594,TMEM79;VAMP2;RAB11FIP2;SNAPIN;SYT11;RAB3A
gs_ind_0,Recombinational Repair (GO:0000725),17/86,0.5976140248546202,0.9999999999998647,0.9843477353491904,0.506752231674376,AP5S1;NSMCE3;ERCC4;SWSAP1;POLN;KDM4D;RAD54B;EXD2;SLF2;BRCA2;HELQ;SFR1;RAD51B;AP5Z1;SLX4;RAD51D;MBTD1
gs_ind_0,Receptor-Mediated Endocytosis Of Virus By Host Cell (GO:0019065),1/6,0.7450017490315044,0.9999999999998647,1.0662906117451572,0.31388259496961246,TPCN2
gs_ind_0,Regulation Of Actin Cytoskeleton Organization (GO:0032956),10/62,0.8384693346431201,0.9999999999998647,0.7811866859623734,0.1376273377490141,CAPN10;CARMIL1;CARMIL3;CARMIL2;ESAM;CORO1A;RHOQ;EPS8;ARHGDIB;TESK1
gs_ind_0,RNA polymerase,2/29,0.9886459348271212,0.9999999999998647,0.3549026755121382,0.00405263885669027,POLR3GL;POLR3F
gs_ind_0,Regulation Of B Cell Proliferation (GO:0030888),6/25,0.4011803929197172,0.9999999999998647,1.3038381242974144,1.1908528518924364,PTPRC;TIRAP;BCL2;IL7;TNFRSF13C;NCKAP1L
gs_ind_0,Regulation Of BMP Signaling Pathway (GO:0030510),8/49,0.8086645995544408,0.9999999999998647,0.8002203252992688,0.16994361818982204,LEMD3;UBE2D1;TMEM53;BMPR2;SMURF2;SMAD7;FBXL15;SMURF1
gs_ind_0,Regulation Of Cardiac Muscle Cell Apoptotic Process (GO:0010665),1/7,0.796950772203989,0.9999999999998647,0.9021719021719021,0.20475907168261248,CAMK2D
gs_ind_0,Regulation Of Cardiac Muscle Cell Contraction (GO:0086004),3/14,0.5656020552601939,0.9999999999998647,1.1900961920772326,0.6781936079104792,CAMK2D;CTNNA3;RANGRF
gs_ind_0,Regulation Of Cardiac Muscle Cell Differentiation (GO:2000725),1/6,0.7450017490315044,0.9999999999998647,1.0662906117451572,0.31388259496961246,FRS2
gs_ind_0,Regulation Of Cardiac Muscle Contraction (GO:0055117),4/16,0.4164508921822029,0.9999999999998647,1.4080500722195475,1.233433178794374,RNF207;P2RX4;ZC3H12A;SMAD7
gs_ind_0,Regulation Of Cardiac Muscle Contraction By Calcium Ion Signaling (GO:0010882),1/11,0.9183821192811181,0.9999999999998647,0.5583041297327012,0.04753497558033882,CAMK2D
gs_ind_0,Regulation Of Cardiac Muscle Contraction By Regulation Of The Release Of Sequestered Calcium Ion (GO:0010881),1/9,0.8712616767850634,0.9999999999998647,0.689782983900631,0.09506100349519497,CAMK2D
gs_ind_0,Regulation Of Cardiac Muscle Hypertrophy (GO:0010611),2/16,0.8669156603053907,0.9999999999998647,0.6738102480435805,0.09622925683039828,CAMK2D;P2RX4
gs_ind_0,Regulation Of Cardiac Muscle Hypertrophy In Response To Stress (GO:1903242),1/4,0.5978508540253882,0.9999999999998647,1.6758743901601045,0.8620931884147255,FOXO1
gs_ind_0,Regulation Of Cartilage Development (GO:0061035),1/8,0.8383192836348962,0.9999999999998647,0.7818181818181819,0.1378785183025454,BMPR2
gs_ind_0,Regulation Of Catabolic Process (GO:0009894),4/19,0.5607923727242765,0.9999999999998647,1.1352446922515416,0.656630688618161,CENATAC;CHMP6;WDR91;ZDHHC2
gs_ind_0,Regulation Of Catecholamine Secretion (GO:0050433),1/14,0.958804759543803,0.9999999999998647,0.43412965635187856,0.018262884928106907,SYT11
gs_ind_0,Regulation Of Cation Channel Activity (GO:2001257),6/28,0.5189030866690323,0.9999999999998647,1.129714683368128,0.7411359242854559,CAMK2D;CACNB3;VAMP2;CACNB1;CTSS;FGF11
gs_ind_0,Regulation Of Cell Activation (GO:0050865),2/5,0.27018544485746365,0.9999999999998647,2.7940199335548175,3.6563850298756777,SYK;TEC
gs_ind_0,Regulation Of Cell Adhesion (GO:0030155),18/92,0.616907101674043,0.9999999999998647,0.970670177993545,0.4688694466858383,LPXN;RND1;PTPRJ;PLXNA3;CYTH1;PLAUR;TMEM102;RASA1;SEMA4D;FES;ADAM22;ADAM8;ATXN3;DLL1;PPP3CA;ERBB2;CCL5;ZDHHC2
gs_ind_0,Regulation Of Cardiac Muscle Cell Action Potential Involved In Regulation Of Contraction (GO:0098909),2/4,0.18640155558523228,0.9999999999998647,3.9119486768243785,6.571494931304808,CAMK2D;RANGRF
gs_ind_0,Regulation Of Cell Adhesion Mediated By Integrin (GO:0033628),3/26,0.9225999915368105,0.9999999999998647,0.5818140235056375,0.04687065673583295,SYK;ADA;NCKAP1L
gs_ind_0,Regulation Of Cell Communication By Electrical Coupling (GO:0010649),1/5,0.6797672063173691,0.9999999999998647,1.3033509700176367,0.5030998387884896,CAMK2D
gs_ind_0,Regulation Of Cell Communication By Electrical Coupling Involved In Cardiac Conduction (GO:1901844),1/6,0.7450017490315044,0.9999999999998647,1.0662906117451572,0.31388259496961246,CAMK2D
gs_ind_0,Regulation Of Cell Cycle (GO:0051726),36/244,0.9905923911537392,0.9999999999998647,0.6806814642335102,0.006433896431092096,SGF29;TFPT;PER2;ZBTB49;USP51;PIM3;TRIM21;TBRG1;MAP2K6;TP53;THAP1;KAT14;CYLD;EVI2B;PLAGL1;NUDT6;DCUN1D3;KAT2B;ING4;INO80B;PTPRC;INO80C;CDK11B;TMEM8B;TP53INP1;NANOS3;INO80D;RNF20;RB1;SIRT1;GADD45B;TRIM32;DYNLT3;GRK5;MBIP;MBTD1
gs_ind_0,Regulation Of Cell Cycle Checkpoint (GO:1901976),2/11,0.6886104060141844,0.9999999999998647,1.028869286287089,0.38385015860250277,ETAA1;BRCA2
gs_ind_0,Regulation Of Cell Cycle G1/S Phase Transition (GO:1902806),7/59,0.9699537374253204,0.9999999999998647,0.5574526678141136,0.0170061539055467,PTPN6;E2F1;PAGR1;STXBP4;PEX2;BCL7C;APPL1
gs_ind_0,Regulation Of Cell Cycle G2/M Phase Transition (GO:1902749),3/15,0.6156231394758771,0.9999999999998647,1.0947986523343494,0.5311090388707119,ING4;TP53;ATF5
gs_ind_0,Regulation Of Cell Cycle Phase Transition (GO:1901987),3/20,0.8050898859562208,0.9999999999998647,0.781678164607733,0.16946887996429236,ING4;NEK11;TP53
gs_ind_0,Regulation Of Cell Cycle Process (GO:0010564),10/108,0.9994475410372302,0.9999999999998647,0.41479157943195205,0.00022921864851863528,NUDT16;UVRAG;CCP110;ATF5;CUL9;BORA;BCL7C;USP51;DCUN1D3;PLK3
gs_ind_0,Regulation Of Cell Death (GO:0010941),5/34,0.8506067172755939,0.9999999999998647,0.7284326183433966,0.11786433052198599,CHMP6;VPS4B;CHMP2B;ACER3;CHMP1B
gs_ind_0,Regulation Of Cell Development (GO:0060284),6/35,0.7454070445195574,0.9999999999998647,0.8611514100704151,0.25302767642062324,BRPF3;HEY1;PER2;KAT6B;DLL1;BRD1
gs_ind_0,Regulation Of Cell Differentiation (GO:0045595),15/134,0.9983504571339642,0.9999999999998647,0.5046440212648531,0.0008331192672021285,NR1D1;CDK5R1;ZFHX2;HEY1;MOSMO;ALOX5;FES;TRIP4;BCL7C;BICRA;DLL1;PPP1R13L;SMAD7;DAG1;ELL3
gs_ind_0,Regulation Of Cell Division (GO:0051302),13/69,0.6703321065937344,0.9999999999998647,0.9338697478452973,0.37353109688210434,SGF29;CSPP1;MLLT3;UVRAG;KAT14;TLE6;EFHC1;CCP110;EVI2B;DLL1;MBIP;PLK3;KAT2B
gs_ind_0,Regulation Of Cell Growth (GO:0001558),29/166,0.8484155881690064,0.9999999999998647,0.83725140092071,0.13763130600810097,CAMK2D;TCHP;OSGIN2;SPHK2;DNAJB2;PTPRJ;TP53;FXN;CDKN2AIP;DCUN1D3;ING4;BCAR1;CDK11B;ST20;PABIR1;MELTF;BCL2;DCBLD2;CYP27B1;RAB33B;DERL2;SERTAD2;RB1;SIRT1;TRIM32;CGRRF1;ESR2;BMPR2;ERBB2
gs_ind_0,Regulation Of Cell Junction Assembly (GO:1901888),1/14,0.958804759543803,0.9999999999998647,0.43412965635187856,0.018262884928106907,RAP2A
gs_ind_0,Regulation Of Cell Communication (GO:0010646),5/28,0.701969755260673,0.9999999999998647,0.9148662911638424,0.3237391231243193,ITGB8;CAMK2D;GRK5;MGLL;GLRX2
gs_ind_0,Regulation Of Cardiac Muscle Cell Action Potential (GO:0098901),3/20,0.8050898859562208,0.9999999999998647,0.781678164607733,0.16946887996429236,CAMK2D;CTNNA3;RANGRF
gs_ind_0,Regulation Of Cardiac Conduction (GO:1903779),1/12,0.9350149954629013,0.9999999999998647,0.5097141184097705,0.03424907390651992,TMEM65
gs_ind_0,Regulation Of Carbohydrate Metabolic Process (GO:0006109),3/11,0.3947032014005075,0.9999999999998647,1.6105265144723058,1.4971795674609456,SIRT1;PDK2;MLYCD
gs_ind_0,Regulation Of Behavior (GO:0050795),2/11,0.6886104060141844,0.9999999999998647,1.028869286287089,0.38385015860250277,MBD5;NR1D1
gs_ind_0,Regulation Of Bile Acid Biosynthetic Process (GO:0070857),2/5,0.27018544485746365,0.9999999999998647,2.7940199335548175,3.6563850298756777,NR1D1;SIRT1
gs_ind_0,Regulation Of Bile Acid Metabolic Process (GO:1904251),1/3,0.49498852941534904,0.9999999999998647,2.3464165464165463,1.650048661813499,SIRT1
gs_ind_0,Regulation Of Biomineral Tissue Development (GO:0070167),4/20,0.6044244594660717,0.9999999999998647,1.0663544447848732,0.5368866220617171,DDR2;HEY1;S1PR1;CYP27B1
gs_ind_0,Regulation Of Biosynthetic Process (GO:0009889),1/8,0.8383192836348962,0.9999999999998647,0.7818181818181819,0.1378785183025454,SPHK2
gs_ind_0,Regulation Of Blood Circulation (GO:1903522),2/10,0.6351727324480614,0.9999999999998647,1.1500070758054626,0.5219402535113675,CAMK2D;PER2
gs_ind_0,Regulation Of Blood Coagulation (GO:0030193),1/16,0.9738872946210139,0.9999999999998647,0.3780508619218297,0.010003110870083008,PLAUR
gs_ind_0,Regulation Of Blood Vessel Endothelial Cell Migration (GO:0043535),3/37,0.9882294788745641,0.9999999999998647,0.3959500275532056,0.0046881837951800835,SIRT1;P2RX4;MAP2K3
gs_ind_0,Regulation Of Blood Vessel Endothelial Cell Proliferation Involved In Sprouting Angiogenesis (GO:1903587),2/11,0.6886104060141844,0.9999999999998647,1.028869286287089,0.38385015860250277,HMOX1;PPP1R16B
gs_ind_0,Regulation Of Bone Mineralization (GO:0030500),6/38,0.8148382245634537,0.9999999999998647,0.7814678015095552,0.16001778805035846,S1PR1;ALOX5;BMPR2;CYP27B1;DDR2;OSR2
gs_ind_0,Regulation Of Bone Remodeling (GO:0046850),1/11,0.9183821192811181,0.9999999999998647,0.5583041297327012,0.04753497558033882,S1PR1
gs_ind_0,Regulation Of Bone Resorption (GO:0045124),4/16,0.4164508921822029,0.9999999999998647,1.4080500722195475,1.233433178794374,SYK;TNFAIP3;S1PR1;INPP5D
gs_ind_0,Regulation Of Brown Fat Cell Differentiation (GO:0090335),2/13,0.7760853855691137,0.9999999999998647,0.84979603221645,0.21541711776620684,SIRT1;NAPEPLD
gs_ind_0,"Regulation Of CD4-positive, Alpha-Beta T Cell Activation (GO:2000514)",1/3,0.49498852941534904,0.9999999999998647,2.3464165464165463,1.650048661813499,SH3RF1
gs_ind_0,"Regulation Of CD4-positive, Alpha-Beta T Cell Differentiation (GO:0043370)",3/6,0.10336734907900555,0.9999999999998647,3.912883041873897,8.880155572158289,SH3RF1;NCKAP1L;SOCS1
gs_ind_0,"Regulation Of CD4-positive, Alpha-Beta T Cell Proliferation (GO:2000561)",1/5,0.6797672063173691,0.9999999999998647,1.3033509700176367,0.5030998387884896,VSIR
gs_ind_0,"Regulation Of CD8-positive, Alpha-Beta T Cell Activation (GO:2001185)",2/4,0.18640155558523228,0.9999999999998647,3.9119486768243785,6.571494931304808,HFE;SH3RF1
gs_ind_0,Regulation Of Carbohydrate Catabolic Process (GO:0043470),1/11,0.9183821192811181,0.9999999999998647,0.5583041297327012,0.04753497558033882,PPP1R3B
gs_ind_0,Regulation Of Carbohydrate Biosynthetic Process (GO:0043255),2/6,0.3535944927466926,0.9999999999998647,2.172948409516172,2.2590069951074945,SELENOS;PDK2
gs_ind_0,Regulation Of Canonical Wnt Signaling Pathway (GO:0060828),19/149,0.9944954654155983,0.9999999999998647,0.5815802790428685,0.0032101721394243144,FUZ;TLE4;KANK1;TLE6;NFKB1;AMER1;BTRC;CYLD;STK3;SMURF2;CCDC88C;LATS2;RBX1;CCNYL1;MLLT3;SOX4;TMEM88;NPHP3;RNF146
gs_ind_0,Regulation Of Calcium-Mediated Signaling (GO:0050848),2/14,0.8111659406206002,0.9999999999998647,0.7817481956696071,0.1636063210775793,P2RX4;TMBIM4
gs_ind_0,Regulation Of Calcium Ion-Dependent Exocytosis (GO:0017158),1/17,0.9792105317502333,0.9999999999998647,0.35510953692771874,0.007460358414195877,SYT11
gs_ind_0,Regulation Of Calcium Ion Transport (GO:0051924),5/23,0.516943680160644,0.9999999999998647,1.1626047302720925,0.7671114183046762,P2RX4;CD84;STIM2;BCL2;CCL5
gs_ind_0,Regulation Of B Cell Receptor Signaling Pathway (GO:0050855),2/9,0.5747801384335589,0.9999999999998647,1.303448275862069,0.7218075267435339,LPXN;PTPN22
gs_ind_0,Regulation Of Calcium Ion Transmembrane Transporter Activity (GO:1901019),3/16,0.6615859657744176,0.9999999999998647,1.0136192666274488,0.4187416761244309,CAMK2D;CACNB1;CACNB3
gs_ind_0,Regulation Of Calcium Ion Transmembrane Transport (GO:1903169),2/11,0.6886104060141844,0.9999999999998647,1.028869286287089,0.38385015860250277,CAMK2D;CACNB1
gs_ind_0,Regulation Of Calcium Ion Import Across Plasma Membrane (GO:1905664),1/6,0.7450017490315044,0.9999999999998647,1.0662906117451572,0.31388259496961246,PPP3CA
gs_ind_0,Regulation Of Calcium Ion Import (GO:0090279),1/7,0.796950772203989,0.9999999999998647,0.9021719021719021,0.20475907168261248,SPHK2
gs_ind_0,Regulation Of Calcidiol 1-Monooxygenase Activity (GO:0060558),1/2,0.36582651410140676,0.9999999999998647,3.911014911014911,3.9329011974146835,NFKB1
gs_ind_0,"Regulation Of CD8-positive, Alpha-Beta T Cell Proliferation (GO:2000564)",3/6,0.10336734907900555,0.9999999999998647,3.912883041873897,8.880155572158289,VSIR;SH3RF1;PTPN22
gs_ind_0,"Regulation Of CD8-positive, Alpha-Beta T Cell Differentiation (GO:0043376)",2/4,0.18640155558523228,0.9999999999998647,3.9119486768243785,6.571494931304808,NCKAP1L;SOCS1
gs_ind_0,Regulation Of Calcium Ion Transmembrane Transport Via High Voltage-Gated Calcium Channel (GO:1902514),2/4,0.18640155558523228,0.9999999999998647,3.9119486768243785,6.571494931304808,CAMK2D;CACNB1
gs_ind_0,Positive Regulation Of Vascular Associated Smooth Muscle Cell Proliferation (GO:1904707),2/15,0.8412494484890192,0.9999999999998647,0.7237815200926668,0.12511797883472436,ERN1;FOXJ2
gs_ind_0,Positive Regulation Of Tyrosine Phosphorylation Of STAT Protein (GO:0042531),5/30,0.7603934694129155,0.9999999999998647,0.8429735676579189,0.2309066931231196,PARP9;PIBF1;IL23A;HCLS1;CCL5
gs_ind_0,Positive Regulation Of Vacuole Organization (GO:0044090),4/18,0.5146542375367785,0.9999999999998647,1.2136370428170604,0.8061705265524838,PIP4K2C;MOAP1;SNX18;WIPI1
gs_ind_0,Positive Regulation Of Fatty Acid Metabolic Process (GO:0045923),2/12,0.7354204812815023,0.9999999999998647,0.9308053614388819,0.2860484576995813,MLYCD;KAT2B
gs_ind_0,Positive Regulation Of Fatty Acid Oxidation (GO:0046321),2/10,0.6351727324480614,0.9999999999998647,1.1500070758054626,0.5219402535113675,MLYCD;ABCD2
gs_ind_0,Positive Regulation Of Fibroblast Apoptotic Process (GO:2000271),1/3,0.49498852941534904,0.9999999999998647,2.3464165464165463,1.650048661813499,STK17A
gs_ind_0,Positive Regulation Of Fibroblast Migration (GO:0010763),1/6,0.7450017490315044,0.9999999999998647,1.0662906117451572,0.31388259496961246,DDR2
gs_ind_0,Positive Regulation Of Fibroblast Proliferation (GO:0048146),3/21,0.8317210846862813,0.9999999999998647,0.7393645851852173,0.13623393520139163,DDR2;LIG4;E2F1
gs_ind_0,Positive Regulation Of Filopodium Assembly (GO:0051491),5/16,0.21271819704323267,0.9999999999998647,1.8713520908513475,2.896454453259395,PIK3R1;WASL;RHOQ;TGFB3;BCAS3
gs_ind_0,Positive Regulation Of Focal Adhesion Assembly (GO:0051894),1/11,0.9183821192811181,0.9999999999998647,0.5583041297327012,0.04753497558033882,PTPRJ
gs_ind_0,Positive Regulation Of Focal Adhesion Disassembly (GO:0120183),1/5,0.6797672063173691,0.9999999999998647,1.3033509700176367,0.5030998387884896,PIK3R1
gs_ind_0,Positive Regulation Of G1/S Transition Of Mitotic Cell Cycle (GO:1900087),6/22,0.2820850843655783,0.9999999999998647,1.5412791801100778,1.9505605273096753,LSM11;UBE2E2;SASS6;MTBP;AIF1;MBLAC1
gs_ind_0,Positive Regulation Of G2/M Transition Of Mitotic Cell Cycle (GO:0010971),3/18,0.7411693826261057,0.9999999999998647,0.8826847735518029,0.26438712180913754,RRM2B;RAD51B;VPS4B
gs_ind_0,Positive Regulation Of GTPase Activity (GO:0043547),41/141,0.008425729895928278,0.9999999999998647,1.6227010149835523,7.750774882580739,SRGAP3;RASGRP4;TBC1D8;TBC1D2B;TBC1D22A;ARHGAP24;TBC1D12;SIPA1L1;CCDC125;CCL5;TBC1D10A;BCAS3;RALGAPA2;SGSM2;SEMA4D;TBC1D10C;TBC1D17;RALGPS1;BCAR3;AGAP2;SOS2;TBC1D13;ALS2;GMIP;TBC1D22B;RGP1;RGL1;SMCR8;ARHGAP42;SIPA1L3;TBC1D4;SNX18;RAB11FIP2;ARHGAP45;TBC1D2;PREX1;ERBB2;GARNL3;RGS16;TBC1D25;TBC1D30
gs_ind_0,Positive Regulation Of Gene Expression (GO:0010628),50/297,0.9476001399342547,0.9999999999998647,0.7943915453607586,0.042756265278481795,ERN1;SGF29;EIF2AK3;ZC3H12A;E2F1;PIK3R1;ADAM19;CPEB3;SPHK2;PASK;BCL3;SPRY2;HINFP;TICAM1;UPF3B;TP53;RIGI;GLMN;LAMP3;CALCOCO1;PDCL3;TRAPPC2B;RNF207;KAT2B;ACTA2;ITGB8;HFE;DGKQ;TLR6;VSIR;PLD1;CYP27B1;DLL1;LRP3;BTN3A1;TENT4A;PTPN22;PIK3R3;OSR2;NIBAN1;IFNGR1;FAM98B;METTL14;SOX4;BMPR2;ERBB2;FGR;MBIP;TENT4B;CCDC88B
gs_ind_0,Positive Regulation Of Glial Cell Migration (GO:1903977),1/3,0.49498852941534904,0.9999999999998647,2.3464165464165463,1.650048661813499,P2RX4
gs_ind_0,Positive Regulation Of Gluconeogenesis (GO:0045722),2/3,0.10750248347352222,0.9999999999998647,6.520449077786688,14.542175020845065,FOXO1;SIRT1
gs_ind_0,Positive Regulation Of Fatty Acid Biosynthetic Process (GO:0045723),2/9,0.5747801384335589,0.9999999999998647,1.303448275862069,0.7218075267435339,ABCD2;KAT2B
gs_ind_0,Positive Regulation Of Glucose Import (GO:0046326),6/19,0.1735319747924727,0.9999999999998647,1.8842495940617026,3.300062310195911,CAPN10;INSR;PIK3R1;APPL1;RHOQ;CREBL2
gs_ind_0,Positive Regulation Of Glucose Transmembrane Transport (GO:0010828),6/23,0.3212421553592512,0.9999999999998647,1.4530867879510885,1.650067323287437,CAPN10;INSR;PIK3R1;APPL1;RHOQ;CREBL2
gs_ind_0,Positive Regulation Of Glycogen Biosynthetic Process (GO:0045725),2/9,0.5747801384335589,0.9999999999998647,1.303448275862069,0.7218075267435339,INSR;PPP1R3E
gs_ind_0,Positive Regulation Of Glycogen Metabolic Process (GO:0070875),2/10,0.6351727324480614,0.9999999999998647,1.1500070758054626,0.5219402535113675,INSR;PPP1R3E
gs_ind_0,Positive Regulation Of Glycolytic Process (GO:0045821),2/11,0.6886104060141844,0.9999999999998647,1.028869286287089,0.38385015860250277,INSR;ZBTB20
gs_ind_0,Positive Regulation Of Glycoprotein Biosynthetic Process (GO:0010560),1/7,0.796950772203989,0.9999999999998647,0.9021719021719021,0.20475907168261248,ALG10B
gs_ind_0,Positive Regulation Of Granulocyte Chemotaxis (GO:0071624),2/10,0.6351727324480614,0.9999999999998647,1.1500070758054626,0.5219402535113675,NCKAP1L;TIRAP
gs_ind_0,Positive Regulation Of Granulocyte Differentiation (GO:0030854),1/4,0.5978508540253882,0.9999999999998647,1.6758743901601045,0.8620931884147255,HCLS1
gs_ind_0,Positive Regulation Of Granulocyte Macrophage Colony-Stimulating Factor Production (GO:0032725),3/6,0.10336734907900555,0.9999999999998647,3.912883041873897,8.880155572158289,RIGI;IL23A;CD80
gs_ind_0,Positive Regulation Of Growth (GO:0045927),8/54,0.885199134066426,0.9999999999998647,0.7138813869464473,0.08705258742507499,TRIM32;INSR;PABIR1;BCL2;FXN;CDKN2AIP;ERBB2;DERL2
gs_ind_0,Positive Regulation Of Growth Hormone Secretion (GO:0060124),1/3,0.49498852941534904,0.9999999999998647,2.3464165464165463,1.650048661813499,GHRL
gs_ind_0,Positive Regulation Of Heterochromatin Formation (GO:0031453),3/12,0.45456002967759573,0.9999999999998647,1.4408791914006096,1.1360256023861053,MPHOSPH8;ZNF304;SETDB2
gs_ind_0,Positive Regulation Of Histone Deacetylation (GO:0031065),2/11,0.6886104060141844,0.9999999999998647,1.028869286287089,0.38385015860250277,SIRT1;ING2
gs_ind_0,Positive Regulation Of Histone Methylation (GO:0031062),1/16,0.9738872946210139,0.9999999999998647,0.3780508619218297,0.010003110870083008,SIRT1
gs_ind_0,Positive Regulation Of Homotypic Cell-Cell Adhesion (GO:0034112),2/10,0.6351727324480614,0.9999999999998647,1.1500070758054626,0.5219402535113675,PLAUR;CCL5
gs_ind_0,Positive Regulation Of Glucose Metabolic Process (GO:0010907),4/11,0.16922725830899113,0.9999999999998647,2.3477130476649015,4.170742147653361,GPLD1;FOXO1;SIRT1;PMAIP1
gs_ind_0,Positive Regulation Of Hormone Secretion (GO:0046887),2/7,0.4333076099965977,0.9999999999998647,1.7777210760370343,1.486721268820039,HFE;ILDR1
gs_ind_0,Positive Regulation Of Fatty Acid Beta-Oxidation (GO:0032000),1/7,0.796950772203989,0.9999999999998647,0.9021719021719021,0.20475907168261248,ABCD2
gs_ind_0,Positive Regulation Of Extrinsic Apoptotic Signaling Pathway Via Death Domain Receptors (GO:1902043),1/5,0.6797672063173691,0.9999999999998647,1.3033509700176367,0.5030998387884896,PMAIP1
gs_ind_0,Positive Regulation Of ERK1 And ERK2 Cascade (GO:0070374),12/72,0.8222922220922959,0.9999999999998647,0.806998530614416,0.1578968852394444,PYCARD;PTPRC;TIRAP;ARRB2;DSTYK;MAP3K12;DENND2B;SEMA7A;DDR2;CCL5;PTPN22;SPRY2
gs_ind_0,Positive Regulation Of Embryonic Development (GO:0040019),2/12,0.7354204812815023,0.9999999999998647,0.9308053614388819,0.2860484576995813,UTP25;TLE6
gs_ind_0,Positive Regulation Of Endocytic Recycling (GO:2001137),2/5,0.27018544485746365,0.9999999999998647,2.7940199335548175,3.6563850298756777,AKAP5;ZDHHC2
gs_ind_0,Positive Regulation Of Endocytosis (GO:0045807),5/49,0.9815283460144801,0.9999999999998647,0.4822982750130326,0.008992154908715067,HFE;PYCARD;BICD1;DLL1;SMPD1
gs_ind_0,Positive Regulation Of Endopeptidase Activity (GO:0010950),3/20,0.8050898859562208,0.9999999999998647,0.781678164607733,0.16946887996429236,VSIR;PYCARD;APH1B
gs_ind_0,Positive Regulation Of Endoplasmic Reticulum Stress-Induced Intrinsic Apoptotic Signaling Pathway (GO:1902237),2/4,0.18640155558523228,0.9999999999998647,3.9119486768243785,6.571494931304808,NCK2;PMAIP1
gs_ind_0,Positive Regulation Of Endoplasmic Reticulum Unfolded Protein Response (GO:1900103),2/9,0.5747801384335589,0.9999999999998647,1.303448275862069,0.7218075267435339,ERN1;PIK3R1
gs_ind_0,Positive Regulation Of Endothelial Cell Chemotaxis (GO:2001028),1/11,0.9183821192811181,0.9999999999998647,0.5583041297327012,0.04753497558033882,P2RX4
gs_ind_0,Positive Regulation Of Endothelial Cell Development (GO:1901552),1/2,0.36582651410140676,0.9999999999998647,3.911014911014911,3.9329011974146835,S1PR2
gs_ind_0,Positive Regulation Of Endothelial Cell Migration (GO:0010595),8/61,0.9481816188341461,0.9999999999998647,0.6201189137072152,0.03299604000209901,SIRT1;BCAR1;ZC3H12A;MAP2K3;P2RX4;BMPR2;GPLD1;BCAS3
gs_ind_0,Positive Regulation Of Endothelial Cell Proliferation (GO:0001938),6/44,0.9084080384753092,0.9999999999998647,0.6593552585201855,0.06333873411870225,SIRT1;PPP1R16B;ANG;HMOX1;BMPR2;PDCL3
gs_ind_0,Positive Regulation Of Epidermal Cell Differentiation (GO:0045606),1/12,0.9350149954629013,0.9999999999998647,0.5097141184097705,0.03424907390651992,CYP27B1
gs_ind_0,Positive Regulation Of Epidermal Growth Factor Receptor Signaling Pathway (GO:0045742),2/22,0.9558870236074068,0.9999999999998647,0.4763627828740196,0.021491368499665764,PLAUR;BCAR3
gs_ind_0,Positive Regulation Of Epidermis Development (GO:0045684),1/4,0.5978508540253882,0.9999999999998647,1.6758743901601045,0.8620931884147255,TMEM79
gs_ind_0,Positive Regulation Of Fat Cell Differentiation (GO:0045600),7/37,0.6509257081903543,0.9999999999998647,0.9612877740470077,0.41273829065597756,ZFP36;WDFY2;ZC3H12A;PPARD;NAPEPLD;SYAP1;CREBL2
gs_ind_0,Positive Regulation Of Epithelial Cell Differentiation (GO:0030858),2/12,0.7354204812815023,0.9999999999998647,0.9308053614388819,0.2860484576995813,RFX3;BAD
gs_ind_0,Positive Regulation Of Epithelial Cell Proliferation (GO:0050679),10/66,0.8896498069566233,0.9999999999998647,0.725642372005857,0.08484745340613084,SIRT1;PPP1R16B;ANG;BAD;STXBP4;BMPR2;ERBB2;PDCL3;ZNF304;OSR2
gs_ind_0,Positive Regulation Of Epithelial To Mesenchymal Transition (GO:0010718),2/31,0.9923681519400541,0.9999999999998647,0.33078710940154676,0.0025341996199267423,TGFB3;BCL9L
gs_ind_0,Positive Regulation Of Erythrocyte Differentiation (GO:0045648),3/22,0.855158977207062,0.9999999999998647,0.7013908600624468,0.10974514729108541,BRD1;NCKAP1L;ANKRD54
gs_ind_0,Positive Regulation Of Establishment Of Endothelial Barrier (GO:1903142),1/2,0.36582651410140676,0.9999999999998647,3.911014911014911,3.9329011974146835,S1PR2
gs_ind_0,Positive Regulation Of Establishment Of Protein Localization (GO:1904951),1/14,0.958804759543803,0.9999999999998647,0.43412965635187856,0.018262884928106907,CEP135
gs_ind_0,Positive Regulation Of Establishment Of Protein Localization To Mitochondrion (GO:1903749),1/27,0.9978750018860646,0.9999999999998647,0.2209244284715983,0.0004699635066431081,BBC3
gs_ind_0,Positive Regulation Of Excitatory Postsynaptic Potential (GO:2000463),1/12,0.9350149954629013,0.9999999999998647,0.5097141184097705,0.03424907390651992,DLG4
gs_ind_0,Positive Regulation Of Execution Phase Of Apoptosis (GO:1900119),2/6,0.3535944927466926,0.9999999999998647,2.172948409516172,2.2590069951074945,ZC3H12A;TP53
gs_ind_0,Positive Regulation Of Exocytosis (GO:0045921),7/28,0.33941505192747917,0.9999999999998647,1.3646959932754272,1.4745971158249296,VPS4B;RAB2B;RAB3D;RAB9A;SDC1;RAB3A;EXPH5
gs_ind_0,Positive Regulation Of Exosomal Secretion (GO:1903543),2/11,0.6886104060141844,0.9999999999998647,1.028869286287089,0.38385015860250277,VPS4B;SDC1
gs_ind_0,Positive Regulation Of Extracellular Matrix Assembly (GO:1901203),1/6,0.7450017490315044,0.9999999999998647,1.0662906117451572,0.31388259496961246,DAG1
gs_ind_0,Positive Regulation Of Extracellular Matrix Disassembly (GO:0090091),2/6,0.3535944927466926,0.9999999999998647,2.172948409516172,2.2590069951074945,DDR2;MELTF
gs_ind_0,Positive Regulation Of Extracellular Matrix Organization (GO:1903055),6/14,0.04739717366755962,0.9999999999998647,2.993859756846371,9.128855253503348,EFEMP2;CARMIL2;DDR2;MELTF;IER3IP1;RB1
gs_ind_0,Positive Regulation Of Extrinsic Apoptotic Signaling Pathway (GO:2001238),8/25,0.1182553489302142,0.9999999999998647,1.9014118133192535,4.059341228234638,PYCARD;PMAIP1;TNFSF10;WWOX;TLR6;CYLD;LTB;BCL10
gs_ind_0,Positive Regulation Of Epithelial Cell Migration (GO:0010634),5/61,0.9972836954300899,0.9999999999998647,0.3794881776219425,0.0010322080022842483,BCAR1;ZC3H12A;BMPR2;GPLD1;BCAS3
gs_ind_0,Positive Regulation Of Hydrolase Activity (GO:0051345),22/111,0.5945757623185464,0.9999999999998647,0.9827397297333856,0.510933394635549,SRGAP3;RASGRP4;CCL5;BCAS3;SGSM2;SEMA4D;RALGPS1;BCAR3;SOS2;ALS2;RGP1;MTMR9;RGL1;SMCR8;SNX18;RAB11FIP2;TBC1D2;PREX1;CTSS;ERBB2;RGS16;TBC1D30
gs_ind_0,Positive Regulation Of I-kappaB kinase/NF-kappaB Signaling (GO:0043123),30/123,0.1582922068513487,0.9999999999998647,1.2780471720239244,2.355840383449891,MIB2;NOD1;BCL10;APOL2;CARD11;TICAM1;TRIM21;MAP3K14;TIRAP;TRIM68;TRIM52;IKBKE;TIFA;TNFSF10;HMOX1;TLR6;IFIT5;CC2D1A;LTB;TRIM38;TRADD;TMEM9B;ALPK1;TRIM13;MALT1;TRIM32;ZDHHC13;TRAF5;AKAP13;TRIM6
gs_ind_0,Positive Regulation Of Icosanoid Secretion (GO:0032305),1/2,0.36582651410140676,0.9999999999998647,3.911014911014911,3.9329011974146835,P2RX4
gs_ind_0,Positive Regulation Of Keratinocyte Proliferation (GO:0010838),1/3,0.49498852941534904,0.9999999999998647,2.3464165464165463,1.650048661813499,STXBP4
gs_ind_0,Positive Regulation Of Kidney Development (GO:0090184),1/5,0.6797672063173691,0.9999999999998647,1.3033509700176367,0.5030998387884896,PPP3CA
gs_ind_0,Positive Regulation Of Killing Of Cells Of Another Organism (GO:0051712),1/1,0.2036432488900496,0.9999999999998647,11.734006734006734,18.67332929974073,SYK
gs_ind_0,Positive Regulation Of Kinase Activity (GO:0033674),13/67,0.6257857059761815,0.9999999999998647,0.9682996735167605,0.4538878471035137,MMD;ALS2;PTPRC;MAP2K3;INSR;DSTYK;MST1R;MAP3K12;ERBB2;CAMKK1;DDR2;MAP3K5;AGAP2
gs_ind_0,Positive Regulation Of Lamellipodium Assembly (GO:0010592),2/19,0.9227080233311012,0.9999999999998647,0.5581624470156948,0.0448999429825696,CARMIL2;PIK3R1
gs_ind_0,Positive Regulation Of Lamellipodium Organization (GO:1902745),3/25,0.90914149796547,0.9999999999998647,0.6077223380929462,0.05788830786762473,CARMIL1;CARMIL2;PIK3R1
gs_ind_0,Positive Regulation Of Leukocyte Activation (GO:0002696),2/11,0.6886104060141844,0.9999999999998647,1.028869286287089,0.38385015860250277,TLR6;PLPP6
gs_ind_0,Positive Regulation Of Leukocyte Adhesion To Vascular Endothelial Cell (GO:1904996),1/12,0.9350149954629013,0.9999999999998647,0.5097141184097705,0.03424907390651992,FUT4
gs_ind_0,Positive Regulation Of Leukocyte Apoptotic Process (GO:2000108),1/4,0.5978508540253882,0.9999999999998647,1.6758743901601045,0.8620931884147255,SIRT1
gs_ind_0,Positive Regulation Of Leukocyte Cell-Cell Adhesion (GO:1903039),3/24,0.8935907530633411,0.9999999999998647,0.6360407284558184,0.07155927544861866,PYCARD;HLA-DMA;CCDC88B
gs_ind_0,Positive Regulation Of Leukocyte Chemotaxis (GO:0002690),3/29,0.9527499135950243,0.9999999999998647,0.5158211467266436,0.02496720323324831,CCL5;CREB3;AIF1
gs_ind_0,Positive Regulation Of Leukocyte Degranulation (GO:0043302),3/9,0.27143988032691707,0.9999999999998647,2.1064186896049564,2.746800723669715,SYK;SPHK2;FGR
gs_ind_0,Positive Regulation Of Leukocyte Differentiation (GO:1902107),1/5,0.6797672063173691,0.9999999999998647,1.3033509700176367,0.5030998387884896,NCKAP1L
gs_ind_0,Positive Regulation Of Leukocyte Mediated Cytotoxicity (GO:0001912),5/27,0.6692792787264515,0.9999999999998647,0.9556055011505324,0.3837270670883206,HFE;IL23A;STX7;IL12RB1;SLAMF6
gs_ind_0,Positive Regulation Of JUN Kinase Activity (GO:0043507),6/21,0.24409462178147523,0.9999999999998647,1.6408512357734528,2.3139273209888556,ERN1;TLR6;MAP3K12;MAP4K2;MAP3K5;MAP3K10
gs_ind_0,Positive Regulation Of Leukocyte Migration (GO:0002687),4/18,0.5146542375367785,0.9999999999998647,1.2136370428170604,0.8061705265524838,ADAM8;NCKAP1L;FUT4;AIF1
gs_ind_0,Positive Regulation Of Ligase Activity (GO:0051351),1/8,0.8383192836348962,0.9999999999998647,0.7818181818181819,0.1378785183025454,XRCC4
gs_ind_0,Positive Regulation Of Lipid Biosynthetic Process (GO:0046889),5/29,0.7323401659236473,0.9999999999998647,0.8774527309719843,0.27333544537153315,SLC27A1;ZBTB20;GPLD1;KAT2B;CREBL2
gs_ind_0,Positive Regulation Of Lipid Catabolic Process (GO:0050996),2/12,0.7354204812815023,0.9999999999998647,0.9308053614388819,0.2860484576995813,ABCD2;ABCD1
gs_ind_0,Positive Regulation Of Lipid Kinase Activity (GO:0090218),2/21,0.9467299284801028,0.9999999999998647,0.500832767873666,0.027416293324235817,ATG14;FGR
gs_ind_0,Positive Regulation Of Lipid Localization (GO:1905954),3/9,0.27143988032691707,0.9999999999998647,2.1064186896049564,2.746800723669715,NFKB1;ZC3H12A;IKBKE
gs_ind_0,Positive Regulation Of Lipid Metabolic Process (GO:0045834),2/15,0.8412494484890192,0.9999999999998647,0.7237815200926668,0.12511797883472436,CREBL2;ZBTB20
gs_ind_0,Positive Regulation Of Lipid Storage (GO:0010884),5/15,0.17365939932302765,0.9999999999998647,2.0497442836502073,3.5884040430012765,ZC3H12A;OSBPL11;FITM2;IKBKE;NFKB1
gs_ind_0,Positive Regulation Of Lipoprotein Particle Clearance (GO:0010986),1/3,0.49498852941534904,0.9999999999998647,2.3464165464165463,1.650048661813499,GPLD1
gs_ind_0,Positive Regulation Of Locomotion (GO:0040017),1/17,0.9792105317502333,0.9999999999998647,0.35510953692771874,0.007460358414195877,TRIM32
gs_ind_0,Positive Regulation Of Long-Term Synaptic Potentiation (GO:1900273),2/9,0.5747801384335589,0.9999999999998647,1.303448275862069,0.7218075267435339,AKAP5;ZDHHC2
gs_ind_0,Positive Regulation Of Lyase Activity (GO:0051349),1/6,0.7450017490315044,0.9999999999998647,1.0662906117451572,0.31388259496961246,FXN
gs_ind_0,Positive Regulation Of Lymphocyte Activation (GO:0051251),7/27,0.303359293681427,0.9999999999998647,1.4313840728768734,1.7074084390534465,PYCARD;TICAM1;NCKAP1L;IL23A;HLA-DMA;ZNF335;CCDC88B
gs_ind_0,Positive Regulation Of Lymphocyte Apoptotic Process (GO:0070230),1/4,0.5978508540253882,0.9999999999998647,1.6758743901601045,0.8620931884147255,PDCD1
gs_ind_0,Positive Regulation Of Lymphocyte Chemotaxis (GO:0140131),1/7,0.796950772203989,0.9999999999998647,0.9021719021719021,0.20475907168261248,CCL5
gs_ind_0,Positive Regulation Of Leukocyte Tethering Or Rolling (GO:1903238),1/3,0.49498852941534904,0.9999999999998647,2.3464165464165463,1.650048661813499,FUT4
gs_ind_0,Positive Regulation Of JNK Cascade (GO:0046330),11/45,0.3007257327202179,0.9999999999998647,1.3043268457455364,1.5672225517047498,PYCARD;GADD45B;TIRAP;MAP4K2;TRAF5;MBIP;SH3RF1;MAP3K5;MAPKBP1;MAPK8IP3;MAP3K10
gs_ind_0,Positive Regulation Of Isotype Switching (GO:0045830),3/13,0.5117635076996409,0.9999999999998647,1.3035456441520936,0.8732356585687845,SHLD1;TRAPPC13;PAXIP1
gs_ind_0,Positive Regulation Of Isomerase Activity (GO:0010912),1/4,0.5978508540253882,0.9999999999998647,1.6758743901601045,0.8620931884147255,SETMAR
gs_ind_0,Positive Regulation Of Immune Effector Process (GO:0002699),6/17,0.11316880953611234,0.9999999999998647,2.212308250884996,4.820342443962048,PTPRJ;PTPRC;DHX58;IL23A;IL12RB1;DDX60
gs_ind_0,Positive Regulation Of Immune Response (GO:0050778),12/47,0.2364363799007165,0.9999999999998647,1.3781401198826102,1.9873829486295407,PYCARD;SIRT1;PTPRC;IFI35;TIRAP;RNF185;POLR3F;IL23A;IL12RB1;TRIM56;CCL5;SPHK2
gs_ind_0,Positive Regulation Of Immune System Process (GO:0002684),1/13,0.948259129620717,0.9999999999998647,0.4688985088985089,0.02491139174442143,NCKAP1L
gs_ind_0,Positive Regulation Of Immunoglobulin Mediated Immune Response (GO:0002891),3/12,0.45456002967759573,0.9999999999998647,1.4408791914006096,1.1360256023861053,SHLD1;TRAPPC13;PAXIP1
gs_ind_0,Positive Regulation Of Immunoglobulin Production (GO:0002639),5/24,0.5579574372382914,0.9999999999998647,1.102893414179335,0.6435080844319162,PAXIP1;PTPRC;DNAJB9;SHLD1;TRAPPC13
gs_ind_0,Positive Regulation Of Inflammatory Response (GO:0050729),9/52,0.7591558542174536,0.9999999999998647,0.8533776031129268,0.23514664636442145,GSDMD;PYCARD;IFI35;IL23A;ADAM8;TRADD;IL17RA;NAPEPLD;NINJ1
gs_ind_0,Positive Regulation Of Innate Immune Response (GO:0045089),8/34,0.3878726554393023,0.9999999999998647,1.254721529081102,1.188319408344245,IFI35;TIRAP;POLR3F;RNF185;IKBKE;TRIM56;CCL5;TRIM6
gs_ind_0,Positive Regulation Of Insulin Receptor Signaling Pathway (GO:0046628),1/8,0.8383192836348962,0.9999999999998647,0.7818181818181819,0.1378785183025454,SIRT1
gs_ind_0,Positive Regulation Of Insulin Secretion (GO:0032024),5/25,0.5971516983179352,0.9999999999998647,1.049007592339529,0.5408516320669873,CAPN10;GHRL;SOX4;BAD;GPLD1
gs_ind_0,Positive Regulation Of Insulin Secretion Involved In Cellular Response To Glucose Stimulus (GO:0035774),1/8,0.8383192836348962,0.9999999999998647,0.7818181818181819,0.1378785183025454,GPLD1
gs_ind_0,Positive Regulation Of Integrin-Mediated Signaling Pathway (GO:2001046),1/7,0.796950772203989,0.9999999999998647,0.9021719021719021,0.20475907168261248,LOXL3
gs_ind_0,Positive Regulation Of Interferon-Alpha Production (GO:0032727),3/15,0.6156231394758771,0.9999999999998647,1.0947986523343494,0.5311090388707119,RIGI;IFIH1;IRF7
gs_ind_0,Positive Regulation Of Interferon-Beta Production (GO:0032728),6/28,0.5189030866690323,0.9999999999998647,1.129714683368128,0.7411359242854559,TRIM56;POLR3F;RIGI;IFIH1;IRF7;OAS3
gs_ind_0,Positive Regulation Of Interleukin-1 Beta Production (GO:0032731),5/26,0.6343092946916826,0.9999999999998647,1.0001344050894727,0.4552797806827438,GSDMD;PYCARD;MALT1;CARD8;TLR6
gs_ind_0,Positive Regulation Of Interleukin-1 Production (GO:0032732),5/29,0.7323401659236473,0.9999999999998647,0.8774527309719843,0.27333544537153315,GSDMD;PYCARD;MALT1;CARD8;TLR6
gs_ind_0,Positive Regulation Of Interleukin-10 Production (GO:0032733),4/17,0.4663751333137939,0.9999999999998647,1.3036430749478414,0.9943732599893775,SYK;PYCARD;PIBF1;IL23A
gs_ind_0,Positive Regulation Of Interleukin-12 Production (GO:0032735),4/18,0.5146542375367785,0.9999999999998647,1.2136370428170604,0.8061705265524838,LTB;SYK;IL23A;TIRAP
gs_ind_0,Positive Regulation Of Ion Transmembrane Transporter Activity (GO:0032414),5/17,0.25419710850453286,0.9999999999998647,1.7215026489003051,2.357848003698116,COX17;COA8;NOL3;GLRX;CTSS
gs_ind_0,Positive Regulation Of Intrinsic Apoptotic Signaling Pathway (GO:2001244),5/29,0.7323401659236473,0.9999999999998647,0.8774527309719843,0.27333544537153315,BBC3;TP53;PMAIP1;PLEKHF1;NCK2
gs_ind_0,Positive Regulation Of Intracellular Transport (GO:0032388),7/32,0.4852825691598975,0.9999999999998647,1.15024805102764,0.8316568788382666,CAPN10;VAMP2;NEDD4;PGAP1;CEP290;PLK3;BCAS3
gs_ind_0,Positive Regulation Of Intracellular Steroid Hormone Receptor Signaling Pathway (GO:0033145),1/4,0.5978508540253882,0.9999999999998647,1.6758743901601045,0.8620931884147255,PAGR1
gs_ind_0,Positive Regulation Of Intracellular Signal Transduction (GO:1902533),70/337,0.4474855778715646,0.9999999999998647,1.0310870634530251,0.8291084187544012,PTPN6;DOK4;MIB2;DOK3;NOD1;HEXIM1;IL23A;BCL10;TRIM56;CCL5;SPHK2;APOL2;CARD11;PYCARD;TICAM1;TRIM21;PTPRJ;BBC3;PMAIP1;TIRAP;TRIM68;TRIM52;PIK3AP1;TP53;NEDD4;MAP3K14;P2RX4;SEMA4D;WWC1;BCAR3;IKBKE;TGFB3;HCST;TIFA;PTPRC;MAP4K1;TNFSF10;HMOX1;GHRL;PLEKHF1;IFIT5;TRIM38;DOK2;CC2D1A;SMCR8;HCLS1;TMEM9B;TLR6;TRADD;SPRY2;LTB;RRAGB;SIRT1;ALPK1;IFI35;TRIM32;MALT1;WDR24;INSR;TRIM13;ZDHHC13;MST1R;ADAM8;BMPR2;ERBB2;TRAF5;FGR;DDR2;AKAP13;TRIM6
gs_ind_0,Positive Regulation Of Intracellular Protein Transport (GO:0090316),14/104,0.9744883700422373,0.9999999999998647,0.624658087460227,0.01614284805103241,ZC3H12A;VAMP2;AKAP5;BBC3;MIEF2;PIK3R1;BAG3;HCLS1;CEP290;ERBB2;EFCAB7;PLK3;ZDHHC2;BCAS3
gs_ind_0,Positive Regulation Of ERBB Signaling Pathway (GO:1901186),2/16,0.8669156603053907,0.9999999999998647,0.6738102480435805,0.09622925683039828,PLAUR;BCAR3
gs_ind_0,Positive Regulation Of Intracellular Estrogen Receptor Signaling Pathway (GO:0033148),1/4,0.5978508540253882,0.9999999999998647,1.6758743901601045,0.8620931884147255,PAGR1
gs_ind_0,Positive Regulation Of Interleukin-6 Production (GO:0032755),11/39,0.15400246080393032,0.9999999999998647,1.5797008203313496,2.955283280626542,PYCARD;TIRAP;RIGI;TLR6;TLR1;SYK;IFIH1;BCL10;AIF1;IL17RA;SPHK2
gs_ind_0,Positive Regulation Of Interleukin-4 Production (GO:0032753),2/11,0.6886104060141844,0.9999999999998647,1.028869286287089,0.38385015860250277,SYK;HAVCR2
gs_ind_0,Positive Regulation Of Interleukin-23 Production (GO:0032747),1/3,0.49498852941534904,0.9999999999998647,2.3464165464165463,1.650048661813499,IL17RA
gs_ind_0,Positive Regulation Of Interleukin-2 Production (GO:0032743),5/15,0.17365939932302765,0.9999999999998647,2.0497442836502073,3.5884040430012765,CARD11;PTPRC;MALT1;CD80;GLMN
gs_ind_0,Positive Regulation Of Interleukin-17 Production (GO:0032740),2/13,0.7760853855691137,0.9999999999998647,0.84979603221645,0.21541711776620684,SLAMF6;IL23A
gs_ind_0,Positive Regulation Of Interleukin-13 Production (GO:0032736),1/6,0.7450017490315044,0.9999999999998647,1.0662906117451572,0.31388259496961246,SPHK2
gs_ind_0,Positive Regulation Of Interleukin-8 Production (GO:0032757),8/32,0.3203387398651502,0.9999999999998647,1.3573707805474753,1.545198701086204,PYCARD;TIRAP;RIGI;NOD1;TLR1;TLR5;SYK;BCL10
gs_ind_0,Positive Regulation Of ERAD Pathway (GO:1904294),2/12,0.7354204812815023,0.9999999999998647,0.9308053614388819,0.2860484576995813,RNFT1;RNF185
gs_ind_0,Positive Regulation Of Double-Strand Break Repair Via Nonhomologous End Joining (GO:2001034),5/13,0.10544734724079009,0.9999999999998647,2.532452570047123,5.696862291280227,KDM4D;SHLD1;PARP3;SETMAR;TRAPPC13
gs_ind_0,Positive Regulation Of Double-Strand Break Repair Via Homologous Recombination (GO:1905168),3/32,0.9716258792616584,0.9999999999998647,0.46325054997049603,0.013334410668409713,WAS;HELQ;MBTD1
gs_ind_0,Positive Regulation Of Calcineurin-Mediated Signaling (GO:0106058),2/12,0.7354204812815023,0.9999999999998647,0.9308053614388819,0.2860484576995813,STIMATE;PPP3CA
gs_ind_0,Positive Regulation Of Calcium Ion Import (GO:0090280),1/3,0.49498852941534904,0.9999999999998647,2.3464165464165463,1.650048661813499,SPHK2
gs_ind_0,Positive Regulation Of Calcium Ion Import Across Plasma Membrane (GO:1905665),1/4,0.5978508540253882,0.9999999999998647,1.6758743901601045,0.8620931884147255,PPP3CA
gs_ind_0,Positive Regulation Of Calcium Ion Transmembrane Transport (GO:1904427),2/20,0.9357767052616436,0.9999999999998647,0.527948156657058,0.03504435060623528,P2RX4;PPP3CA
gs_ind_0,Positive Regulation Of Calcium Ion Transmembrane Transporter Activity (GO:1901021),1/17,0.9792105317502333,0.9999999999998647,0.35510953692771874,0.007460358414195877,PPP3CA
gs_ind_0,Positive Regulation Of Calcium Ion Transport (GO:0051928),4/11,0.16922725830899113,0.9999999999998647,2.3477130476649015,4.170742147653361,CCL5;P2RX4;SPHK2;STIM2
gs_ind_0,Positive Regulation Of Calcium Ion Transport Into Cytosol (GO:0010524),1/7,0.796950772203989,0.9999999999998647,0.9021719021719021,0.20475907168261248,P2RX4
gs_ind_0,Positive Regulation Of Calcium-Mediated Signaling (GO:0050850),1/5,0.6797672063173691,0.9999999999998647,1.3033509700176367,0.5030998387884896,P2RX4
gs_ind_0,Positive Regulation Of Canonical Wnt Signaling Pathway (GO:0090263),6/63,0.9935830602684613,0.9999999999998647,0.44079150403921213,0.0028376467883488086,AMER1;KANK1;SOX4;SMURF2;RNF146;NFKB1
gs_ind_0,Positive Regulation Of Carbohydrate Metabolic Process (GO:0045913),5/23,0.516943680160644,0.9999999999998647,1.1626047302720925,0.7671114183046762,PMAIP1;INSR;ZBTB20;GPLD1;NFKB1
gs_ind_0,Positive Regulation Of Cardiac Muscle Hypertrophy (GO:0010613),1/12,0.9350149954629013,0.9999999999998647,0.5097141184097705,0.03424907390651992,CAMK2D
gs_ind_0,Positive Regulation Of Cartilage Development (GO:0061036),1/10,0.8974937817113968,0.9999999999998647,0.6171236171236171,0.06674135581913541,BMPR2
gs_ind_0,Positive Regulation Of Catabolic Process (GO:0009896),10/52,0.6350955759891722,0.9999999999998647,0.9657898470531483,0.4384490604049165,FOXO1;RBX1;NEDD4;AMER1;MAGEF1;TRIM32;TNFAIP3;TIPARP;VSIR;SMURF1
gs_ind_0,Positive Regulation Of Catalytic Activity (GO:0043085),4/35,0.9454605481053991,0.9999999999998647,0.5578788087213701,0.031287582899423676,FDX1;FXN;XRCC4;BCAS3
gs_ind_0,Positive Regulation Of CREB Transcription Factor Activity (GO:0032793),3/12,0.45456002967759573,0.9999999999998647,1.4408791914006096,1.1360256023861053,CRTC1;TSSK6;RPS6KA5
gs_ind_0,Positive Regulation Of Cation Channel Activity (GO:2001259),3/24,0.8935907530633411,0.9999999999998647,0.6360407284558184,0.07155927544861866,AKAP5;CTSS;PPP3CA
gs_ind_0,Positive Regulation Of Cell Adhesion (GO:0045785),10/53,0.6603725325726336,0.9999999999998647,0.9435101551973651,0.39151063328411784,PTPRJ;NCKAP1L;TMEM102;SYK;RELL2;ADAM8;ERBB2;PPP3CA;SMAD7;CCL5
gs_ind_0,Positive Regulation Of Cell Adhesion Mediated By Integrin (GO:0033630),3/11,0.3947032014005075,0.9999999999998647,1.6105265144723058,1.4971795674609456,SYK;CCL5;NCKAP1L
gs_ind_0,Positive Regulation Of Cell Communication (GO:0010647),4/17,0.4663751333137939,0.9999999999998647,1.3036430749478414,0.9943732599893775,DLG4;KCTD13;CDKN2AIP;CD80
gs_ind_0,Positive Regulation Of Cell Cycle (GO:0045787),4/51,0.9960127143116811,0.9999999999998647,0.369475204622051,0.0014761480672233459,NUDT16;MEIS2;TRIM21;TRIM32
gs_ind_0,Positive Regulation Of Cell Cycle G1/S Phase Transition (GO:1902808),8/29,0.2245498210525631,0.9999999999998647,1.5471525361655374,2.31091626215043,LSM11;PAGR1;UBE2E2;STXBP4;SASS6;PEX2;AIF1;MBLAC1
gs_ind_0,Positive Regulation Of Cell Cycle G2/M Phase Transition (GO:1902751),3/21,0.8317210846862813,0.9999999999998647,0.7393645851852173,0.13623393520139163,RRM2B;RAD51B;VPS4B
gs_ind_0,Positive Regulation Of Cell Cycle Phase Transition (GO:1901989),3/14,0.5656020552601939,0.9999999999998647,1.1900961920772326,0.6781936079104792,STXBP4;PEX2;PAGR1
gs_ind_0,Positive Regulation Of Cell Cycle Process (GO:0090068),9/87,0.9958981018383211,0.9999999999998647,0.471529041248207,0.0019381418608585765,E2F7;UBXN2B;MAP10;CSPP1;NUDT16;INSR;E2F8;RRM2B;SASS6
gs_ind_0,Positive Regulation Of Cell Death (GO:0010942),2/27,0.9831718167600401,0.9999999999998647,0.3828010755224303,0.0064966647947288835,HEBP2;MAP3K5
gs_ind_0,Positive Regulation Of Cell Development (GO:0010720),7/15,0.01983263562135045,0.9999999999998647,3.455563430191354,13.547282217719996,LIG4;TRIM32;NUMBL;BAD;RFX3;FAIM;ZNF335
gs_ind_0,Positive Regulation Of Cell Differentiation (GO:0045597),27/174,0.9582944994385095,0.9999999999998647,0.7265006919419591,0.03094902941770873,ZHX3;ZC3H12A;HOXB4;HIF1AN;PPP1R13L;XKR8;NFKB1;ZFP36;MMD;KCTD11;FES;BCL9L;PPP3CA;TGFB3;CREBL2;WDFY2;ZEB1;LRP3;PPARD;TRIM32;BLOC1S5;SOX4;ADAM8;BMPR2;DDR2;DNAI3;SYAP1
gs_ind_0,Positive Regulation Of Cell Division (GO:0051781),2/26,0.9795449201430425,0.9999999999998647,0.3984583408343289,0.008235011197004182,MAP10;CSPP1
gs_ind_0,Positive Regulation Of Cell Growth (GO:0030307),11/73,0.9021850205802564,0.9999999999998647,0.7183310278269261,0.0739418765512746,TRIM32;PABIR1;SEMA4D;BCL2;FXN;CDKN2AIP;SEMA7A;ERBB2;DERL2;ZFYVE27;SMURF1
gs_ind_0,Positive Regulation Of Cell Junction Assembly (GO:1901890),2/28,0.986170347155942,0.9999999999998647,0.3683254906114297,0.005129364658576268,GHRL;PTPRJ
gs_ind_0,Positive Regulation Of Cation Transmembrane Transport (GO:1904064),1/9,0.8712616767850634,0.9999999999998647,0.689782983900631,0.09506100349519497,CTSS
gs_ind_0,"Positive Regulation Of CD8-positive, Alpha-Beta T Cell Activation (GO:2001187)",2/3,0.10750248347352222,0.9999999999998647,6.520449077786688,14.542175020845065,NCKAP1L;PTPN22
gs_ind_0,"Positive Regulation Of CD4-positive, Alpha-Beta T Cell Differentiation (GO:0043372)",2/4,0.18640155558523228,0.9999999999998647,3.9119486768243785,6.571494931304808,NCKAP1L;SOCS1
gs_ind_0,"Positive Regulation Of CD4-positive, Alpha-Beta T Cell Activation (GO:2000516)",2/6,0.3535944927466926,0.9999999999998647,2.172948409516172,2.2590069951074945,NCKAP1L;SOCS1
gs_ind_0,Positive Regulation Of Adipose Tissue Development (GO:1904179),2/6,0.3535944927466926,0.9999999999998647,2.172948409516172,2.2590069951074945,SIRT1;NCOA2
gs_ind_0,Positive Regulation Of Alpha-Beta T Cell Activation (GO:0046635),3/10,0.3332097623755485,0.9999999999998647,1.8254131236964544,2.0060981191955864,SYK;IL23A;NKAP
gs_ind_0,Positive Regulation Of Alpha-Beta T Cell Differentiation (GO:0046638),3/7,0.15431169962193045,0.9999999999998647,3.0431039092999628,5.686893849611121,NCKAP1L;SOCS1;NKAP
gs_ind_0,Positive Regulation Of Alpha-Beta T Cell Proliferation (GO:0046641),3/10,0.3332097623755485,0.9999999999998647,1.8254131236964544,2.0060981191955864,SYK;PTPN22;IL23A
gs_ind_0,Positive Regulation Of Amide Metabolic Process (GO:0034250),12/67,0.7369389786594127,0.9999999999998647,0.8800634906829597,0.26863954523922695,UPF3B;NIBAN1;SPHK2;IFNGR1;SOX4;METTL14;CPEB3;PLD1;ERBB2;PASK;BCL3;SIRT3
gs_ind_0,Positive Regulation Of Amyloid Precursor Protein Catabolic Process (GO:1902993),1/13,0.948259129620717,0.9999999999998647,0.4688985088985089,0.02491139174442143,IFNGR1
gs_ind_0,Positive Regulation Of Amyloid-Beta Formation (GO:1902004),1/9,0.8712616767850634,0.9999999999998647,0.689782983900631,0.09506100349519497,IFNGR1
gs_ind_0,Positive Regulation Of Angiogenesis (GO:0045766),8/69,0.9810311745909275,0.9999999999998647,0.5390976824761017,0.010324282112050815,ITGB8;SIRT1;ZC3H12A;HMOX1;DLL1;PDCL3;ZNF304;NINJ1
gs_ind_0,Positive Regulation Of Antigen Processing And Presentation (GO:0002579),1/2,0.36582651410140676,0.9999999999998647,3.911014911014911,3.9329011974146835,NOD1
gs_ind_0,Positive Regulation Of Antigen Receptor-Mediated Signaling Pathway (GO:0050857),3/16,0.6615859657744176,0.9999999999998647,1.0136192666274488,0.4187416761244309,CARD11;TESPA1;PTPRC
gs_ind_0,Positive Regulation Of Apoptotic Process (GO:0043065),41/199,0.49494102220629,0.9999999999998647,1.023972099157226,0.720176647535856,TFPT;ZC3H12A;BMF;CDK5R1;E2F1;SAP18;BCL10;MAP3K5;SPHK2;SAV1;PYCARD;PHLDA1;PMAIP1;TP53;MLLT11;BAD;MOAP1;STK3;PRR7;SMPD1;DCUN1D3;TGFB3;ING4;FOXO1;RYBP;TNFSF10;STK17A;BCL2;CRADD;TRADD;JMY;LATS2;MAP3K10;SIRT1;GADD45B;RNF122;AIFM2;SOX4;CTSS;GPLD1;PNMA1
gs_ind_0,Positive Regulation Of Apoptotic Signaling Pathway (GO:2001235),13/42,0.06982978865288647,0.9999999999998647,1.7925754364140798,4.771288338982119,PYCARD;BBC3;TP53;PMAIP1;PLEKHF1;TNFSF10;WWOX;TLR6;CYLD;LTB;CRADD;CTSS;BCL10
gs_ind_0,Positive Regulation Of Attachment Of Mitotic Spindle Microtubules To Kinetochore (GO:1902425),1/7,0.796950772203989,0.9999999999998647,0.9021719021719021,0.20475907168261248,KAT2B
gs_ind_0,Positive Regulation Of Attachment Of Spindle Microtubules To Kinetochore (GO:0051987),1/10,0.8974937817113968,0.9999999999998647,0.6171236171236171,0.06674135581913541,KAT2B
gs_ind_0,Positive Regulation Of Autophagosome Assembly (GO:2000786),4/14,0.31435549997761164,0.9999999999998647,1.676525208061077,1.9401265540223827,PIP4K2C;MOAP1;SNX18;WIPI1
gs_ind_0,Positive Regulation Of Autophagosome Maturation (GO:1901098),3/5,0.06072572167688534,0.9999999999998647,5.478485480506979,15.347363043995708,SMCR8;UVRAG;FYCO1
gs_ind_0,Positive Regulation Of Autophagy (GO:0010508),26/80,0.007227771761108352,0.9999999999998647,1.9087239743587843,9.409674181604553,ZC3H12A;EPM2A;GNAI3;TICAM1;TRIM21;OPTN;TRIM68;BAD;DHRSX;UFL1;FOXO1;ULK1;TFEB;SVIP;PLEKHF1;TRIM38;TP53INP1;PLK3;SIRT1;TRIM13;TRIM32;WDR24;DEPDC5;TRIM23;SESN1;TRIM6
gs_ind_0,Positive Regulation Of Brown Fat Cell Differentiation (GO:0090336),1/10,0.8974937817113968,0.9999999999998647,0.6171236171236171,0.06674135581913541,NAPEPLD
gs_ind_0,Positive Regulation Of Bone Resorption (GO:0045780),1/5,0.6797672063173691,0.9999999999998647,1.3033509700176367,0.5030998387884896,SYK
gs_ind_0,Positive Regulation Of Bone Mineralization (GO:0030501),4/23,0.7182995026288506,0.9999999999998647,0.9020777008258953,0.2984692421897909,BMPR2;CYP27B1;OSR2;ALOX5
gs_ind_0,Positive Regulation Of Blood Vessel Endothelial Cell Proliferation Involved In Sprouting Angiogenesis (GO:1903589),2/4,0.18640155558523228,0.9999999999998647,3.9119486768243785,6.571494931304808,HMOX1;PPP1R16B
gs_ind_0,Positive Regulation Of Blood Vessel Endothelial Cell Migration (GO:0043536),4/31,0.9017973824564596,0.9999999999998647,0.6392349104915306,0.06607478217359576,HMOX1;P2RX4;SIRT1;MAP2K3
gs_ind_0,Positive Regulation Of Biosynthetic Process (GO:0009891),5/28,0.701969755260673,0.9999999999998647,0.9148662911638424,0.3237391231243193,TLR6;ZBTB20;CCL5;TGFB3;CREBL2
gs_ind_0,Positive Regulation Of Cell Killing (GO:0031343),1/2,0.36582651410140676,0.9999999999998647,3.911014911014911,3.9329011974146835,SYK
gs_ind_0,Positive Regulation Of Biomineral Tissue Development (GO:0070169),4/26,0.8059597139185256,0.9999999999998647,0.7816080885893115,0.16860968527122933,BMPR2;CYP27B1;OSR2;ALOX5
gs_ind_0,Positive Regulation Of BMP Signaling Pathway (GO:0030513),2/14,0.8111659406206002,0.9999999999998647,0.7817481956696071,0.1636063210775793,FBXL15;BMPR2
gs_ind_0,Positive Regulation Of B Cell Proliferation (GO:0030890),6/17,0.11316880953611234,0.9999999999998647,2.212308250884996,4.820342443962048,PTPRC;TIRAP;BCL2;IL7;TNFRSF13C;NCKAP1L
gs_ind_0,Positive Regulation Of B Cell Differentiation (GO:0045579),4/7,0.03544154835510565,0.9999999999998647,5.032464406080198,16.807779234629297,SYK;NCKAP1L;PPP2R3C;INPP5D
gs_ind_0,Positive Regulation Of B Cell Activation (GO:0050871),12/35,0.038805353883179586,0.9999999999998647,2.0839253008336045,6.771083950709295,PTPRC;PAXIP1;TIRAP;SHLD1;PPP2R3C;SYK;BCL2;IL7;TNFRSF13C;INPP5D;NCKAP1L;TRAPPC13
gs_ind_0,Positive Regulation Of Axonogenesis (GO:0050772),4/21,0.6453026935758588,0.9999999999998647,1.0053373684572529,0.4403737382587221,ZFYVE27;SEMA7A;PLXNA3;SEMA4D
gs_ind_0,Positive Regulation Of Axon Extension (GO:0045773),2/12,0.7354204812815023,0.9999999999998647,0.9308053614388819,0.2860484576995813,ZFYVE27;SEMA7A
gs_ind_0,Positive Regulation Of Binding (GO:0051099),10/71,0.9340458061015787,0.9999999999998647,0.6663725247961597,0.04546646343965894,HFE;TRIM21;PLAUR;KDM4D;PARP9;DTX3L;STK3;CLN5;AKTIP;MED9
gs_ind_0,Positive Regulation Of Lymphocyte Differentiation (GO:0045621),6/30,0.5920736484773055,0.9999999999998647,1.0373226534872821,0.5436859532279958,PPP2R3C;SYK;IL7;ZBTB1;INPP5D;NCKAP1L
gs_ind_0,Positive Regulation Of Cell Migration (GO:0030335),24/163,0.9746508715479406,0.9999999999998647,0.6841547650682659,0.017566325301208875,CCL5;ZNF304;FAM89B;SPRY2;CARMIL1;SEMA4D;SEMA4A;SMURF2;PPP3CA;BCAR1;PTPRC;VSIR;TRADD;SEMA7A;NCKAP1L;PIK3R3;TRIM32;FER;INSR;AIF1;CARMIL2;BMPR2;FGR;DDR2
gs_ind_0,Positive Regulation Of Cell Morphogenesis Involved In Differentiation (GO:0010770),1/8,0.8383192836348962,0.9999999999998647,0.7818181818181819,0.1378785183025454,CDKL3
gs_ind_0,Positive Regulation Of Cytokine-Mediated Signaling Pathway (GO:0001961),6/35,0.7454070445195574,0.9999999999998647,0.8611514100704151,0.25302767642062324,RNF185;PARP9;IL7;IKBKE;TRIM56;TRIM6
gs_ind_0,Positive Regulation Of Cytokinesis (GO:0032467),2/25,0.9751645410194862,0.9999999999998647,0.41544813936426145,0.0104481310988571,MAP10;CSPP1
gs_ind_0,Positive Regulation Of Cytoskeleton Organization (GO:0051495),11/53,0.5264046626802873,0.9999999999998647,1.058110115527633,0.6789734332192681,PYCARD;PLXNA3;FER;CARMIL1;WHAMM;NCK2;FES;SASS6;CFL2;NCKAP1L;BCAS3
gs_ind_0,Positive Regulation Of Cytosolic Calcium Ion Concentration Involved In Phospholipase C-activating G Protein-Coupled Signaling Pathway (GO:0051482),2/10,0.6351727324480614,0.9999999999998647,1.1500070758054626,0.5219402535113675,GNA15;GPR157
gs_ind_0,Positive Regulation Of DNA Binding (GO:0043388),4/26,0.8059597139185256,0.9999999999998647,0.7816080885893115,0.16860968527122933,PLAUR;PINX1;TRIM6;RB1
gs_ind_0,Positive Regulation Of DNA Biosynthetic Process (GO:2000573),2/55,0.9999463116926862,0.9999999999998647,0.18203688853247796,9.773514778056461e-06,PKIB;DSCC1
gs_ind_0,"Positive Regulation Of DNA Damage Response, Signal Transduction By P53 Class Mediator (GO:0043517)",4/14,0.31435549997761164,0.9999999999998647,1.676525208061077,1.9401265540223827,ING4;SPRED1;PMAIP1;HIC1
gs_ind_0,Positive Regulation Of DNA Metabolic Process (GO:0051054),14/88,0.8821571425500037,0.9999999999998647,0.7598156118339512,0.09526953571972069,SIRT1;TERF1;TFPT;INO80B;BRPF3;INO80C;PARP3;MARCHF6-DT;TINF2;CTC1;BCAR3;SLX4;ZCWPW1;INO80D
gs_ind_0,Positive Regulation Of DNA Methylation-Dependent Heterochromatin Formation (GO:0090309),3/9,0.27143988032691707,0.9999999999998647,2.1064186896049564,2.746800723669715,MPHOSPH8;ZNF304;SETDB2
gs_ind_0,Positive Regulation Of DNA Recombination (GO:0045911),7/44,0.8205542280136515,0.9999999999998647,0.7813975903614457,0.15454112660901975,PAXIP1;SHLD1;WAS;HELQ;TRAPPC13;ZCWPW1;MBTD1
gs_ind_0,Positive Regulation Of DNA Repair (GO:0045739),11/75,0.9197023122456166,0.9999999999998647,0.6959424832885075,0.058254029072823045,SIRT1;INO80B;TFPT;FAM168A;INO80C;SLF2;MARCHF6-DT;BCL7C;HDAC10;ZCWPW1;INO80D
gs_ind_0,Positive Regulation Of DNA Replication (GO:0045740),3/14,0.5656020552601939,0.9999999999998647,1.1900961920772326,0.6781936079104792,CTC1;BRPF3;BCAR3
gs_ind_0,Positive Regulation Of DNA-binding Transcription Factor Activity (GO:0051091),37/169,0.33879478807546076,0.9999999999998647,1.1077904788137538,1.1990288778884275,MBTPS2;NOD1;BCL10;PPARGC1B;CARD11;PYCARD;TICAM1;TRIM21;TIRAP;RIGI;TRIM68;ARID5B;TRIM52;STK3;IKBKE;TLR6;TRIM38;HCLS1;STK36;ANKRD42;TRADD;RPS6KA5;FZD2;JMY;IRAK2;TRIM13;MALT1;CRTC1;TRIM32;ESR2;FER;TRIM26;ADAM8;TRAF5;DDR2;TSSK6;TRIM6
gs_ind_0,Positive Regulation Of DNA-directed DNA Polymerase Activity (GO:1900264),1/10,0.8974937817113968,0.9999999999998647,0.6171236171236171,0.06674135581913541,DSCC1
gs_ind_0,Positive Regulation Of Cytokine Production Involved In Inflammatory Response (GO:1900017),3/11,0.3947032014005075,0.9999999999998647,1.6105265144723058,1.4971795674609456,IL17RA;TICAM1;TLR6
gs_ind_0,Positive Regulation Of DNA-templated DNA Replication (GO:2000105),2/10,0.6351727324480614,0.9999999999998647,1.1500070758054626,0.5219402535113675,E2F7;E2F8
gs_ind_0,Positive Regulation Of DNA-templated Transcription Initiation (GO:2000144),8/54,0.885199134066426,0.9999999999998647,0.7138813869464473,0.08705258742507499,MED29;MED11;PAXIP1;FOSL1;MED31;TAF3;TAF5;MED9
gs_ind_0,"Positive Regulation Of DNA-templated Transcription, Elongation (GO:0032786)",8/54,0.885199134066426,0.9999999999998647,0.7138813869464473,0.08705258742507499,MED29;MED11;MED31;LEO1;ELL;PWWP2A;ELL3;MED9
gs_ind_0,Positive Regulation Of Defense Response (GO:0031349),15/63,0.29266201741031517,0.9999999999998647,1.2507102260934826,1.5367937559588076,GSDMD;PYCARD;IFI35;OPTN;TIRAP;RNF185;POLR3F;IL23A;ADAM8;TRADD;TRIM56;IL17RA;CCL5;NINJ1;NAPEPLD
gs_ind_0,Positive Regulation Of Defense Response To Virus By Host (GO:0002230),10/23,0.01012434156873397,0.9999999999998647,3.0477032749102215,13.997530301818438,ZC3H12A;RIGI;APOBEC3G;DTX3L;PARP9;IL23A;TRIM6;IL12RB1;PTPN22;APOBEC3F
gs_ind_0,Positive Regulation Of Dendrite Development (GO:1900006),1/2,0.36582651410140676,0.9999999999998647,3.911014911014911,3.9329011974146835,PACSIN1
gs_ind_0,Positive Regulation Of Dendrite Extension (GO:1903861),1/9,0.8712616767850634,0.9999999999998647,0.689782983900631,0.09506100349519497,SMURF1
gs_ind_0,Positive Regulation Of Dendrite Morphogenesis (GO:0050775),1/12,0.9350149954629013,0.9999999999998647,0.5097141184097705,0.03424907390651992,CDKL3
gs_ind_0,Positive Regulation Of Dendritic Cell Antigen Processing And Presentation (GO:0002606),1/2,0.36582651410140676,0.9999999999998647,3.911014911014911,3.9329011974146835,NOD1
gs_ind_0,Positive Regulation Of Dendritic Cell Cytokine Production (GO:0002732),2/6,0.3535944927466926,0.9999999999998647,2.172948409516172,2.2590069951074945,RIGI;TICAM1
gs_ind_0,Positive Regulation Of Dendritic Spine Development (GO:0060999),1/16,0.9738872946210139,0.9999999999998647,0.3780508619218297,0.010003110870083008,CPEB3
gs_ind_0,Positive Regulation Of Dephosphorylation (GO:0035306),3/24,0.8935907530633411,0.9999999999998647,0.6360407284558184,0.07155927544861866,SMPD1;PPP1R16B;MTMR9
gs_ind_0,Positive Regulation Of Developmental Growth (GO:0048639),7/28,0.33941505192747917,0.9999999999998647,1.3646959932754272,1.4745971158249296,GHRL;INSR;SEMA4D;DLL1;SEMA7A;ZFYVE27;SMURF1
gs_ind_0,Positive Regulation Of Developmental Process (GO:0051094),26/166,0.9499276169944613,0.9999999999998647,0.7351512498655487,0.03776434472535302,SAP30L;PACSIN1;TLE6;UTP25;CPEB3;ING2;DDHD1;PPP1R13L;TRAPPC13;SAP30;SHLD1;DLG4;SMURF2;ZDHHC6;NCOA2;TMEM79;BRMS1L;PLD6;SIRT1;PAXIP1;INSR;MIEF2;BMPR2;BICRA;BCL7C;DAG1
gs_ind_0,Positive Regulation Of Double-Strand Break Repair (GO:2000781),12/74,0.8499447625375938,0.9999999999998647,0.7810458567980691,0.126985494644956,SIRT1;KDM4D;SHLD1;SLF2;PARP3;WAS;HELQ;SETMAR;BCL7C;TRAPPC13;ZCWPW1;MBTD1
gs_ind_0,Positive Regulation Of DNA-templated Transcription (GO:0045893),151/927,0.9995118536871412,0.9999999999998647,0.7506841800267913,0.0003665331827924538,TFPT;ATAD2B;ZC3H12A;CD80;PEX2;HOXB4;TOX2;PBX4;MAP3K5;MED9;HINFP;RIGI;RELB;RNASEL;USF3;CALCOCO1;MZF1;ELL3;NCOA2;MAP2K3;PAGR1;CREBRF;WAS;CYP27B1;FOXO4;TP53INP1;TRERF1;SIRT1;CRTC1;DYRK1B;FOXJ2;WASL;CREB3;BICRA;LEO1;MBTD1;CSRNP2;E2F1;IL4I1;ING2;ZBTB49;PCBD2;BCL10;IRF7;ATXN7;MAFF;PARP9;E2F8;TADA2B;ZMIZ2;RHOQ;BCL9L;SOX12;TFEB;EAF2;NUFIP1;IRF9;TAF3;CEP290;DLL1;KDM6B;ZNF76;ZSCAN21;IRF2;MLLT3;KAT6B;TRIP4;BRCA2;ATF5;ZXDC;MRTFB;EFCAB7;ELL;SGF29;ELK3;MAPK7;TP53INP2;MAP3K12;ANKRD49;TP53;DTX3L;MLLT11;DXO;RFX3;NFKB2;KAT2B;E2F7;INO80B;FIZ1;BORCS8-MEF2B;FOSL1;RFXAP;NCK2;DBP;HCLS1;ANKRD23;MEIS2;HOXB2;PPARD;FZD2;ZKSCAN3;TET2;RNF20;ESR2;GPATCH3;BMPR2;NRL;CREB3L4;EIF2AK3;ZC3H8;PIK3R1;MSL2;IRF2BPL;PPARGC1B;MIR9-1HG;ZNF304;BCL3;NFKB1;GTF2F2;BCAS3;AKNA;BTRC;KDM8;MOSPD1;PLAGL1;PPP3CA;TGFB3;CREBL2;FOXO1;RYBP;INO80C;WWOX;HEY1;MELTF;RPS6KA5;NR4A2;SFR1;TAF5;OSR2;INO80D;NR1D1;HELZ2;ELK4;HIVEP3;ZNF516;SOX4;ERBB2;E2F2;THAP3;SPAG8;ZNF395
gs_ind_0,Positive Regulation Of Cytokine Production Involved In Immune Response (GO:0002720),4/20,0.6044244594660717,0.9999999999998647,1.0663544447848732,0.5368866220617171,TRIM6;SPHK2;TNFRSF14;MALT1
gs_ind_0,Positive Regulation Of Cytokine Production (GO:0001819),42/177,0.15296238805060558,0.9999999999998647,1.229387801595319,2.308253316374358,EIF2AK3;CD80;NOD1;FGR;PIBF1;BTN3A2;TRIM6;SYK;IL23A;IFIH1;BCL10;IRF7;SPHK2;CARD11;PYCARD;TICAM1;CCDC88B;CD274;DHX58;RIGI;TIRAP;RAB2B;GLMN;TLR5;SLAMF6;IL12RB1;IKBKE;IL17RA;PTPRC;HMOX1;TLR6;HAVCR2;LTB;IL7;BTN3A1;PTPN22;MALT1;C5;TLR1;AIF1;TNFRSF14;APPL1
gs_ind_0,Positive Regulation Of Cysteine-Type Endopeptidase Activity Involved In Apoptotic Signaling Pathway (GO:2001269),1/3,0.49498852941534904,0.9999999999998647,2.3464165464165463,1.650048661813499,PRR7
gs_ind_0,Positive Regulation Of Cell Motility (GO:2000147),19/129,0.9603704006788207,0.9999999999998647,0.6879820142861208,0.027819402332954057,FGR;ZNF304;CCL5;FAM89B;SPRY2;CARMIL1;SEMA4D;SEMA4A;PPP3CA;BCAR1;VSIR;TRADD;SEMA7A;PIK3R3;TRIM32;INSR;CARMIL2;AIF1;FER
gs_ind_0,Positive Regulation Of Cell Population Proliferation (GO:0008284),38/296,0.9997604179607084,0.9999999999998647,0.5770642233507445,0.00013827078769273294,PTPN6;TBC1D8;E2F1;S1PR2;CCL5;ZNF304;LIG4;COX17;FLT3LG;BAD;FXN;TGFB3;UFL1;PTPRC;COPS9;FOSL1;HMOX1;HCLS1;IL7;BCL2;MEIS2;DLL1;DERL2;OSR2;SERTAD1;SIRT1;FER;INSR;AIF1;MST1R;FAM98B;SOX4;GRK5;BICRA;ACER3;ERBB2;BCL7C;DDR2
gs_ind_0,Positive Regulation Of Cell Projection Organization (GO:0031346),10/67,0.9001163064183926,0.9999999999998647,0.7129637786027392,0.07502610146338222,PLXNA3;CBFA2T2;CARMIL1;CARMIL2;FES;SERPINI1;DLG4;CDKL3;DDR2;NCOA2
gs_ind_0,Positive Regulation Of Cell-Cell Adhesion (GO:0022409),3/20,0.8050898859562208,0.9999999999998647,0.781678164607733,0.16946887996429236,PLAUR;CCL5;SMAD7
gs_ind_0,Positive Regulation Of Cell-Matrix Adhesion (GO:0001954),2/27,0.9831718167600401,0.9999999999998647,0.3828010755224303,0.0064966647947288835,EFEMP2;PTPRJ
gs_ind_0,Positive Regulation Of Cell-Substrate Adhesion (GO:0010811),3/45,0.9972882987833689,0.9999999999998647,0.3212068591274148,0.0008722001389651058,RELL2;TESK1;CARMIL1
gs_ind_0,Positive Regulation Of Cell-Substrate Junction Organization (GO:0150117),2/16,0.8669156603053907,0.9999999999998647,0.6738102480435805,0.09622925683039828,PTPRJ;PIK3R1
gs_ind_0,Positive Regulation Of Cellular Biosynthetic Process (GO:0031328),24/125,0.6620438316663881,0.9999999999998647,0.9432546689020213,0.38902040539125415,SLC27A1;CPEB3;DDAH2;CCL5;PASK;BCL3;UPF3B;P2RX4;ZNF205;KAT2B;FOXO1;TLR6;PAOX;PLD1;SIRT1;NR1D1;NIBAN1;INSR;SOX4;METTL14;ERBB2;GPLD1;PPP1R3E;APPL1
gs_ind_0,Positive Regulation Of Cellular Catabolic Process (GO:0031331),27/107,0.12934680657271813,0.9999999999998647,1.3385670601585684,2.737715067196088,ZC3H12A;TICAM1;TRIM21;OPTN;TRIM68;DTX3L;BAD;DXO;ZBTB20;DHRSX;UFL1;FOXO1;ULK1;TFEB;ABCD2;SVIP;PLEKHF1;TRIM38;TP53INP1;TRIM32;INSR;ABCD1;DEPDC5;TRIM23;ADAM8;GPLD1;TRIM6
gs_ind_0,Positive Regulation Of Cellular Component Biogenesis (GO:0044089),8/63,0.9593359825200712,0.9999999999998647,0.5976738428931905,0.0248117833346561,VPS4B;BMF;TIRAP;SYK;SLF2;SDC1;TRABD2A;SLX4
gs_ind_0,Positive Regulation Of Cellular Component Organization (GO:0051130),10/75,0.9575088241608561,0.9999999999998647,0.625471805805651,0.027158199804508884,BMF;TIRAP;INSR;SYK;SLF2;SMPD1;DLL1;TRABD2A;TGFB3;RB1
gs_ind_0,Positive Regulation Of Cellular Metabolic Process (GO:0031325),6/38,0.8148382245634537,0.9999999999998647,0.7814678015095552,0.16001778805035846,SIRT1;ZC3H12A;TP53;DHRS4;LIPT2;CCL5
gs_ind_0,Positive Regulation Of Cellular Process (GO:0048522),43/376,0.9999987594143529,0.9999999999998647,0.5030207957942043,6.240407665431158e-07,PTPN6;CAPN10;TBC1D8;S1PR2;PPP1R13L;CCL5;ZFP36;TRIM21;PTPRJ;COX17;FLT3LG;FXN;CDKN2AIP;PPP3CA;TGFB3;UFL1;COPS9;FOSL1;TMEM102;PABIR1;HCLS1;IL7;BCL2;MEIS2;BCL7C;DLL1;DERL2;OSR2;SERTAD1;SIRT1;CSPP1;TRIM32;INSR;MST1R;FAM98B;SOX4;ADAM8;GRK5;ACER3;ERBB2;BICRA;AIF1;FER
gs_ind_0,Positive Regulation Of Cellular Response To Insulin Stimulus (GO:1900078),1/9,0.8712616767850634,0.9999999999998647,0.689782983900631,0.09506100349519497,SIRT1
gs_ind_0,Positive Regulation Of Cellular Response To Transforming Growth Factor Beta Stimulus (GO:1903846),1/18,0.9834488709535161,0.9999999999998647,0.3347900776472205,0.005587522300482694,ING2
gs_ind_0,Positive Regulation Of Cellular Senescence (GO:2000774),2/8,0.5073711921876385,0.9999999999998647,1.5041021528591696,1.0205519747850815,SIRT1;TP53
gs_ind_0,Positive Regulation Of Centriole Replication (GO:0046601),2/8,0.5073711921876385,0.9999999999998647,1.5041021528591696,1.0205519747850815,VPS4B;SASS6
gs_ind_0,Positive Regulation Of Cysteine-Type Endopeptidase Activity Involved In Apoptotic Process (GO:0043280),18/80,0.3593214815510486,0.9999999999998647,1.1581841044655812,1.1854452096099752,CASC2;PYCARD;SIRT1;EIF2AK3;PMAIP1;BBC3;MALT1;TNFSF10;ST20;NOD1;CARD8;BAD;SYK;PRR7;CRADD;KHDC1;BCL10;MAP3K5
gs_ind_0,Positive Regulation Of Cysteine-Type Endopeptidase Activity (GO:2001056),14/48,0.09410215348967886,0.9999999999998647,1.646174739067433,3.890527149870226,CASC2;PYCARD;SIRT1;PMAIP1;MALT1;TNFSF10;CARD8;NOD1;BAD;SYK;BCL10;MAP3K5;CYFIP2;TBC1D10A
gs_ind_0,Positive Regulation Of Collagen Metabolic Process (GO:0010714),2/9,0.5747801384335589,0.9999999999998647,1.303448275862069,0.7218075267435339,VSIR;TGFB3
gs_ind_0,Positive Regulation Of Collagen Biosynthetic Process (GO:0032967),1/8,0.8383192836348962,0.9999999999998647,0.7818181818181819,0.1378785183025454,TGFB3
gs_ind_0,Positive Regulation Of Cold-Induced Thermogenesis (GO:0120162),10/65,0.8782958364919782,0.9999999999998647,0.7387778516577359,0.0958725304920161,ACSL1;PRKAB2;GHRL;PER2;GATM;ZNF516;FABP5;SYK;PPARGC1B;KDM6B
gs_ind_0,Positive Regulation Of Circadian Rhythm (GO:0042753),1/7,0.796950772203989,0.9999999999998647,0.9021719021719021,0.20475907168261248,BTRC
gs_ind_0,Positive Regulation Of Cell Migration Involved In Sprouting Angiogenesis (GO:0090050),1/8,0.8383192836348962,0.9999999999998647,0.7818181818181819,0.1378785183025454,HMOX1
gs_ind_0,Positive Regulation Of Cilium Assembly (GO:0045724),4/20,0.6044244594660717,0.9999999999998647,1.0663544447848732,0.5368866220617171,CEP135;IFT20;FUZ;CCP110
gs_ind_0,Positive Regulation Of Chromatin Binding (GO:0035563),4/8,0.059636426619357134,0.9999999999998647,3.9138180067404913,11.034965670161052,KDM4D;PARP9;DTX3L;MED9
gs_ind_0,Positive Regulation Of Cholesterol Transport (GO:0032376),2/18,0.9071587652944273,0.9999999999998647,0.5920390755996209,0.05768698489803892,SIRT1;ABCA5
gs_ind_0,Positive Regulation Of Cholesterol Efflux (GO:0010875),1/14,0.958804759543803,0.9999999999998647,0.43412965635187856,0.018262884928106907,SIRT1
gs_ind_0,Positive Regulation Of Chemotaxis (GO:0050921),2/22,0.9558870236074068,0.9999999999998647,0.4763627828740196,0.021491368499665764,P2RX4;AIF1
gs_ind_0,Positive Regulation Of Chemokine Production (GO:0032722),10/25,0.01949504665687017,0.9999999999998647,2.6540155299316868,10.450437917715789,PYCARD;IL17RA;TIRAP;HMOX1;C5;CD84;SYK;IL7;AIF1;OAS3
gs_ind_0,Positive Regulation Of Chemokine (C-X-C Motif) Ligand 2 Production (GO:2000343),1/3,0.49498852941534904,0.9999999999998647,2.3464165464165463,1.650048661813499,TIRAP
gs_ind_0,Positive Regulation Of Chromosome Organization (GO:2001252),4/31,0.9017973824564596,0.9999999999998647,0.6392349104915306,0.06607478217359576,LIG4;TERF1;TINF2;SLX4
gs_ind_0,Positive Regulation Of Lymphocyte Migration (GO:2000403),6/10,0.006975005024326036,0.9999999999998647,5.656924147529575,28.089016920893062,PYCARD;TMEM102;JAM2;AIF1;CCL5;TNFRSF14
gs_ind_0,Positive Regulation Of Lymphocyte Proliferation (GO:0050671),14/40,0.022366918720468355,0.9999999999998647,2.144542701172296,8.14963167172408,CD274;PTPRC;CD70;CD80;TIRAP;NCKAP1L;NCK2;IL23A;BCL2;IL7;TNFRSF13C;CCL5;ZNF335;CCDC88B
gs_ind_0,Positive Regulation Of MAP Kinase Activity (GO:0043406),9/51,0.7376838829856357,0.9999999999998647,0.8735289389827624,0.26576234742091215,ERN1;INSR;TLR6;MST1R;MAP3K12;MAP4K2;ERBB2;MAP3K5;MAP3K10
gs_ind_0,Positive Regulation Of Reproductive Process (GO:2000243),1/11,0.9183821192811181,0.9999999999998647,0.5583041297327012,0.04753497558033882,SMURF2
gs_ind_0,Positive Regulation Of Respiratory Burst (GO:0060267),1/2,0.36582651410140676,0.9999999999998647,3.911014911014911,3.9329011974146835,INSR
gs_ind_0,Positive Regulation Of Response To Biotic Stimulus (GO:0002833),7/26,0.26814905749145873,0.9999999999998647,1.504911955514365,1.980783578732454,IFI35;POLR3F;TIRAP;RNF185;ADAM8;TRIM56;CCL5
gs_ind_0,Positive Regulation Of Response To Cytokine Stimulus (GO:0060760),3/10,0.3332097623755485,0.9999999999998647,1.8254131236964544,2.0060981191955864,RIGI;IFIH1;IL7
gs_ind_0,Positive Regulation Of Response To Endoplasmic Reticulum Stress (GO:1905898),6/15,0.06577353236503242,0.9999999999998647,2.6784968684759916,7.289630381701658,ERN1;PMAIP1;RNF185;NCK2;PIK3R1;RNFT1
gs_ind_0,Positive Regulation Of Response To External Stimulus (GO:0032103),16/78,0.5321202777394303,0.9999999999998647,1.0323093281778637,0.6512692232857286,GSDMD;PYCARD;IFI35;OPTN;RNF185;POLR3F;TIRAP;AIF1;IL23A;ADAM8;TRADD;TRIM56;IL17RA;CCL5;NINJ1;NAPEPLD
gs_ind_0,Positive Regulation Of Response To Stimulus (GO:0048584),10/56,0.729842586258032,0.9999999999998647,0.8824206775282822,0.2778975702203256,SIRT1;INO80B;TFPT;INO80C;CD80;RIGI;IFIH1;MARCHF6-DT;CDKN2AIP;INO80D
gs_ind_0,Positive Regulation Of Response To Wounding (GO:1903036),1/13,0.948259129620717,0.9999999999998647,0.4688985088985089,0.02491139174442143,KANK1
gs_ind_0,Positive Regulation Of Rho Protein Signal Transduction (GO:0035025),1/12,0.9350149954629013,0.9999999999998647,0.5097141184097705,0.03424907390651992,AKAP13
gs_ind_0,Positive Regulation Of Ruffle Assembly (GO:1900029),1/8,0.8383192836348962,0.9999999999998647,0.7818181818181819,0.1378785183025454,EPS8
gs_ind_0,Positive Regulation Of SMAD Protein Signal Transduction (GO:0060391),2/13,0.7760853855691137,0.9999999999998647,0.84979603221645,0.21541711776620684,BMPR2;TGFB3
gs_ind_0,Positive Regulation Of Secretion (GO:0051047),2/9,0.5747801384335589,0.9999999999998647,1.303448275862069,0.7218075267435339,GPLD1;PPP3CA
gs_ind_0,Positive Regulation Of Secretion By Cell (GO:1903532),10/51,0.6088471486128658,0.9999999999998647,0.9891432589983669,0.4908010453414748,ANG;RAB2B;P2RX4;APBB3;EXPH5;ADAM8;RAB9A;IER3IP1;TGFB3;RAB3A
gs_ind_0,Positive Regulation Of Sequestering Of Triglyceride (GO:0010890),2/6,0.3535944927466926,0.9999999999998647,2.172948409516172,2.2590069951074945,FITM2;OSBPL11
gs_ind_0,Positive Regulation Of Release Of Cytochrome C From Mitochondria (GO:0090200),9/23,0.030381538414585876,0.9999999999998647,2.5662411520489554,8.966241655604406,PYCARD;PMAIP1;BMF;BBC3;PLAUR;TP53;TNFSF10;MLLT11;MOAP1
gs_ind_0,Positive Regulation Of Signal Transduction (GO:0009967),29/169,0.8734290297883629,0.9999999999998647,0.8191703308439766,0.1108570108596745,MBD5;ERN1;CD80;TNFAIP3;TEDC1;KANK1;PIK3R1;LOXL3;DSTYK;POGLUT1;DLG4;CDKN2AIP;PTPRC;ARMC9;PDCL;GHRL;STK36;IL7;EVC;CRADD;CYP27B1;DLL1;TTC23;SIRT1;TXNDC15;CTSS;RAB34;LANCL2;TEDC2
gs_ind_0,Positive Regulation Of Signaling (GO:0023056),4/21,0.6453026935758588,0.9999999999998647,1.0053373684572529,0.4403737382587221,DLG4;KCTD13;CDKN2AIP;CD80
gs_ind_0,Positive Regulation Of Signaling Receptor Activity (GO:2000273),2/24,0.9698826975751649,0.9999999999998647,0.4339481422079658,0.013270197168590993,HFE;NOL3
gs_ind_0,Positive Regulation Of Skeletal Muscle Tissue Development (GO:0048643),1/2,0.36582651410140676,0.9999999999998647,3.911014911014911,3.9329011974146835,DLL1
gs_ind_0,Positive Regulation Of Small GTPase Mediated Signal Transduction (GO:0051057),1/10,0.8974937817113968,0.9999999999998647,0.6171236171236171,0.06674135581913541,RASGRP4
gs_ind_0,Positive Regulation Of Small Molecule Metabolic Process (GO:0062013),4/23,0.7182995026288506,0.9999999999998647,0.9020777008258953,0.2984692421897909,GPLD1;INSR;PMAIP1;ZBTB20
gs_ind_0,Positive Regulation Of Smooth Muscle Cell Migration (GO:0014911),2/12,0.7354204812815023,0.9999999999998647,0.9308053614388819,0.2860484576995813,CCL5;AIF1
gs_ind_0,Positive Regulation Of Smooth Muscle Cell Proliferation (GO:0048661),5/32,0.8097330769172972,0.9999999999998647,0.7815379675710387,0.16494407283928664,ERN1;HMOX1;FOXJ2;AIF1;CCL5
gs_ind_0,Positive Regulation Of Smoothened Signaling Pathway (GO:0045880),8/19,0.02571749478744727,0.9999999999998647,2.8948780470764137,10.596943646334902,PDCL;TEDC1;TXNDC15;STK36;EVC;RAB34;TEDC2;TTC23
gs_ind_0,Positive Regulation Of Sodium Ion Transmembrane Transport (GO:1902307),1/4,0.5978508540253882,0.9999999999998647,1.6758743901601045,0.8620931884147255,GLRX
gs_ind_0,Positive Regulation Of Sodium Ion Transmembrane Transporter Activity (GO:2000651),1/7,0.796950772203989,0.9999999999998647,0.9021719021719021,0.20475907168261248,GLRX
gs_ind_0,Positive Regulation Of Spindle Assembly (GO:1905832),1/6,0.7450017490315044,0.9999999999998647,1.0662906117451572,0.31388259496961246,SASS6
gs_ind_0,Positive Regulation Of Sprouting Angiogenesis (GO:1903672),1/9,0.8712616767850634,0.9999999999998647,0.689782983900631,0.09506100349519497,DLL1
gs_ind_0,Positive Regulation Of Stem Cell Differentiation (GO:2000738),1/14,0.958804759543803,0.9999999999998647,0.43412965635187856,0.018262884928106907,HOXB4
gs_ind_0,Positive Regulation Of Stem Cell Population Maintenance (GO:1902459),6/36,0.7704178691463934,0.9999999999998647,0.8328484889968856,0.21722539526576418,SAP30;SAP30L;BRMS1L;ING2;BICRA;BCL7C
gs_ind_0,Positive Regulation Of Signal Transduction By P53 Class Mediator (GO:1901798),4/19,0.5607923727242765,0.9999999999998647,1.1352446922515416,0.656630688618161,HIC1;SPRED1;PMAIP1;HEXIM1
gs_ind_0,Positive Regulation Of Regulatory T Cell Differentiation (GO:0045591),5/12,0.07741634178848614,0.9999999999998647,2.870348370524964,7.343951025102794,IL4I1;VSIR;SOX12;DUSP10;SOCS1
gs_ind_0,Positive Regulation Of Regulated Secretory Pathway (GO:1903307),3/11,0.3947032014005075,0.9999999999998647,1.6105265144723058,1.4971795674609456,SLC4A8;RAB3D;RAB3A
gs_ind_0,Positive Regulation Of Receptor-Mediated Endocytosis (GO:0048260),6/26,0.44108979354819455,0.9999999999998647,1.240134426396456,1.0150584742804778,HFE;ARRB2;INSR;BICD1;PICK1;WASL
gs_ind_0,Positive Regulation Of Protein Localization To Plasma Membrane (GO:1903078),5/35,0.8681399960682665,0.9999999999998647,0.7044916822161807,0.09961673823201628,AKAP5;RANGRF;PIK3R1;ZDHHC2;CNPY4
gs_ind_0,Positive Regulation Of Protein Maturation (GO:1903319),2/4,0.18640155558523228,0.9999999999998647,3.9119486768243785,6.571494931304808,BAG2;SOX4
gs_ind_0,Positive Regulation Of Protein Metabolic Process (GO:0051247),26/146,0.8076499781423097,0.9999999999998647,0.8585898554525048,0.18341755407185995,CD80;TNFAIP3;MAPK7;IL23A;ATG10;CPEB3;BCL10;PASK;BCL3;TBC1D10A;UPF3B;NEDD4;AMER1;BTRC;RIGI;TIPARP;BAD;FOXO1;PLD1;RBX1;NIBAN1;TRIM32;SOX4;METTL14;ERBB2;CYFIP2
gs_ind_0,Positive Regulation Of Protein Modification By Small Protein Conjugation Or Removal (GO:1903322),12/64,0.6744586021179703,0.9999999999998647,0.9305826916446386,0.3665053223951941,NSMCE3;ZC3H12A;PAXIP1;MALT1;UBE2D1;FBXO33;CENPS;COMMD1;BCL10;SMAD7;DCUN1D3;DCUN1D2
gs_ind_0,Positive Regulation Of Protein Modification Process (GO:0031401),21/152,0.9860763064777183,0.9999999999998647,0.6367112505683175,0.008927670636475567,FAM161A;ATG10;TRABD2A;PPP1R16B;PLAUR;SEMA4D;ALG10B;SMPD1;WDFY2;SVIP;RAP2A;TESK1;PIK3R3;SIRT1;NIBAN1;INSR;MOB3C;ATG14;ERBB2;LIMK2;AKTIP
gs_ind_0,Positive Regulation Of Protein Phosphorylation (GO:0001934),39/238,0.9500610311021289,0.9999999999998647,0.7711874231919679,0.03950720151881485,CD80;S1PR2;MAP3K12;MAP3K5;SPRY2;MMD;PTPRJ;TP53;PLAUR;SEMA4D;BCAR3;SH2D3C;AGAP2;TGFB3;CREBL2;HFE;DGKQ;WDFY2;ALS2;PTPRC;MAP2K3;TNFRSF14;RAP2A;HCLS1;TESK1;PIK3R3;SIRT1;NIBAN1;INSR;MOB3C;ATG14;SH2D3A;BMPR2;ERBB2;CAMKK1;DDR2;LIMK2;TRIM6;AKTIP
gs_ind_0,Positive Regulation Of Protein Polymerization (GO:0032273),8/57,0.9174891705635876,0.9999999999998647,0.670450284623513,0.05773549259301584,PYCARD;TOGARAM1;CDK5R1;CARMIL1;NCK2;FES;FER;NCKAP1L
gs_ind_0,Positive Regulation Of Protein Polyubiquitination (GO:1902916),1/9,0.8712616767850634,0.9999999999998647,0.689782983900631,0.09506100349519497,PTPN22
gs_ind_0,Positive Regulation Of Protein Processing (GO:0010954),3/8,0.21111686342347444,0.9999999999998647,2.4896080976620043,3.8721956321797006,BAG2;PLGRKT;MELTF
gs_ind_0,Positive Regulation Of Protein Secretion (GO:0050714),10/50,0.5817022314836322,0.9999999999998647,1.0136499258544605,0.5491920752391286,CAPN10;ANG;GHRL;BAD;SOX4;APBB3;ADAM8;IER3IP1;TGFB3;EXPH5
gs_ind_0,Positive Regulation Of Protein Serine/Threonine Kinase Activity (GO:0071902),8/72,0.9872770668251245,0.9999999999998647,0.5138963111338657,0.0065802175922915285,ETAA1;SIRT1;INSR;SLC27A1;MST1R;ADAM8;ERBB2;SYAP1
gs_ind_0,Positive Regulation Of Protein Targeting To Membrane (GO:0090314),2/18,0.9071587652944273,0.9999999999998647,0.5920390755996209,0.05768698489803892,ERBB2;MIEF2
gs_ind_0,Positive Regulation Of Protein Transport (GO:0051222),10/55,0.707785394214709,0.9999999999998647,0.9018887528294185,0.3117056921531603,VAMP2;ANG;PLK3;APBB3;EXPH5;CEP290;ADAM8;IER3IP1;TGFB3;BCAS3
gs_ind_0,Positive Regulation Of Protein Tyrosine Kinase Activity (GO:0061098),1/22,0.9933519865267691,0.9999999999998647,0.27241406311173755,0.0018170589927772288,DLG4
gs_ind_0,Positive Regulation Of Protein Ubiquitination (GO:0031398),13/66,0.602439011544436,0.9999999999998647,0.9864799613713182,0.4999173100413665,TOPORS;NSMCE3;RBX1;PAXIP1;MALT1;UBE2D1;FBXO33;CENPS;COMMD1;BCL10;SMAD7;DCUN1D3;DCUN1D2
gs_ind_0,Positive Regulation Of Protein-Containing Complex Assembly (GO:0031334),10/76,0.9620685802668509,0.9999999999998647,0.6160154365653642,0.02382103454971074,TERF1;BMF;TP53;TIRAP;TLR6;SYK;SLF2;TRABD2A;PTPN22;MED9
gs_ind_0,Positive Regulation Of Protein-Containing Complex Disassembly (GO:0043243),4/11,0.16922725830899113,0.9999999999998647,2.3477130476649015,4.170742147653361,SMCR8;INSR;UVRAG;FYCO1
gs_ind_0,Positive Regulation Of Receptor Signaling Pathway Via STAT (GO:1904894),1/18,0.9834488709535161,0.9999999999998647,0.3347900776472205,0.005587522300482694,CCL5
gs_ind_0,Positive Regulation Of Receptor Signaling Pathway Via JAK-STAT (GO:0046427),2/18,0.9071587652944273,0.9999999999998647,0.5920390755996209,0.05768698489803892,CCL5;PIBF1
gs_ind_0,Positive Regulation Of Receptor Internalization (GO:0002092),3/11,0.3947032014005075,0.9999999999998647,1.6105265144723058,1.4971795674609456,ARRB2;INSR;PICK1
gs_ind_0,Positive Regulation Of Receptor Catabolic Process (GO:2000646),1/5,0.6797672063173691,0.9999999999998647,1.3033509700176367,0.5030998387884896,DTX3L
gs_ind_0,Positive Regulation Of Receptor Binding (GO:1900122),1/3,0.49498852941534904,0.9999999999998647,2.3464165464165463,1.650048661813499,HFE
gs_ind_0,Positive Regulation Of Reactive Oxygen Species Metabolic Process (GO:2000379),5/30,0.7603934694129155,0.9999999999998647,0.8429735676579189,0.2309066931231196,ZC3H12A;DHRS4;TP53;TLR6;SYK
gs_ind_0,Positive Regulation Of Stem Cell Proliferation (GO:2000648),1/12,0.9350149954629013,0.9999999999998647,0.5097141184097705,0.03424907390651992,PTPRC
gs_ind_0,Positive Regulation Of Reactive Oxygen Species Biosynthetic Process (GO:1903428),2/8,0.5073711921876385,0.9999999999998647,1.5041021528591696,1.0205519747850815,ZNF205;TLR6
gs_ind_0,Positive Regulation Of RNA Splicing (GO:0033120),3/29,0.9527499135950243,0.9999999999998647,0.5158211467266436,0.02496720323324831,ERN1;RBMXL1;PIK3R1
gs_ind_0,Positive Regulation Of RNA Metabolic Process (GO:0051254),4/31,0.9017973824564596,0.9999999999998647,0.6392349104915306,0.06607478217359576,ERN1;NFKB1;PIK3R1;DXO
gs_ind_0,Positive Regulation Of RIG-I Signaling Pathway (GO:1900246),2/7,0.4333076099965977,0.9999999999998647,1.7777210760370343,1.486721268820039,DDX60;DHX58
gs_ind_0,Positive Regulation Of Pyruvate Dehydrogenase Activity (GO:1904184),1/5,0.6797672063173691,0.9999999999998647,1.3033509700176367,0.5030998387884896,PPM1M
gs_ind_0,Positive Regulation Of Proteolysis Involved In Protein Catabolic Process (GO:1903052),3/21,0.8317210846862813,0.9999999999998647,0.7393645851852173,0.13623393520139163,BAG2;MAGEF1;SMURF1
gs_ind_0,Positive Regulation Of Proteolysis (GO:0045862),9/38,0.3658984235936565,0.9999999999998647,1.2598198011655437,1.2666222174125126,ZC3H12A;BTRC;TRIM32;BAD;BAG2;CTSS;GPLD1;CYFIP2;TBC1D10A
gs_ind_0,Positive Regulation Of Ras Protein Signal Transduction (GO:0046579),3/24,0.8935907530633411,0.9999999999998647,0.6360407284558184,0.07155927544861866,AKAP13;ALS2;RASGRP4
gs_ind_0,Positive Regulation Of Protein Localization To Nucleus (GO:1900182),11/61,0.7230214277779385,0.9999999999998647,0.8899026463688672,0.28861004037319327,EIF2AK3;ZC3H12A;PINX1;PARP9;DTX3L;PIK3R1;LIMK2;BAG3;HCLS1;EFCAB7;TESK1
gs_ind_0,Positive Regulation Of Steroid Biosynthetic Process (GO:0010893),1/2,0.36582651410140676,0.9999999999998647,3.911014911014911,3.9329011974146835,NR1D1
gs_ind_0,Positive Regulation Of Stress-Activated MAPK Cascade (GO:0032874),14/65,0.45564644074333865,0.9999999999998647,1.1012359843872366,0.8656134622422723,PYCARD;GADD45B;ZC3H12A;TIRAP;RELL1;RELL2;MAP4K2;TRAF5;MBIP;SH3RF1;MAP3K5;MAPKBP1;MAPK8IP3;MAP3K10
gs_ind_0,Positive Regulation Of Transcription By RNA Polymerase II (GO:0045944),109/681,0.9987077899269635,0.9999999999998647,0.7386039690776605,0.0009550486835729616,ATAD2B;ZC3H12A;PEX2;HOXB4;TOX2;MED9;HINFP;RIGI;RELB;RNASEL;MED31;USF3;CALCOCO1;MZF1;ELL3;NCOA2;MED11;PAGR1;CREBRF;WAS;CYP27B1;FOXO4;TRERF1;SIRT1;PAXIP1;CRTC1;FOXJ2;WASL;CREB3;LEO1;PWWP2A;CSRNP2;E2F1;IL4I1;ZBTB49;IRF7;MAFF;E2F8;ZMIZ2;RHOQ;BCL9L;SOX12;TFEB;EAF2;NUFIP1;IRF9;TAF3;DLL1;KDM6B;ZNF76;ZSCAN21;IRF2;ATF5;MRTFB;EFCAB7;ELL;MED29;ELK3;MAPK7;TP53;RFX3;NFKB2;KAT2B;E2F7;FIZ1;BORCS8-MEF2B;RFXAP;NCK2;DBP;HCLS1;ANKRD23;MEIS2;HOXB2;PPARD;TET2;RNF20;BMPR2;NRL;CREB3L4;PIK3R1;IRF2BPL;PPARGC1B;MIR9-1HG;GTF2F2;BCL3;NFKB1;ZNF304;BCAS3;AKNA;MOSPD1;PLAGL1;PPP3CA;TGFB3;FOXO1;WWOX;HEY1;MELTF;RPS6KA5;NR4A2;TAF5;OSR2;NR1D1;HELZ2;ELK4;SOX4;E2F2;THAP3;SPAG8;ZNF395
gs_ind_0,Positive Regulation Of Transcription By RNA Polymerase III (GO:0045945),2/15,0.8412494484890192,0.9999999999998647,0.7237815200926668,0.12511797883472436,ELL;ZC3H8
gs_ind_0,Positive Regulation Of Transcription Elongation By RNA Polymerase II (GO:0032968),8/41,0.6156588015493214,0.9999999999998647,0.9919700868947885,0.4811673538716749,MED29;MED11;MED31;LEO1;ELL;PWWP2A;ELL3;MED9
gs_ind_0,Positive Regulation Of Transcription From RNA Polymerase II Promoter In Response To Endoplasmic Reticulum Stress (GO:1990440),2/9,0.5747801384335589,0.9999999999998647,1.303448275862069,0.7218075267435339,MBTPS2;TP53
gs_ind_0,Positive Regulation Of Transcription From RNA Polymerase II Promoter In Response To Stress (GO:0036003),3/15,0.6156231394758771,0.9999999999998647,1.0947986523343494,0.5311090388707119,MAPK7;MBTPS2;TP53
gs_ind_0,Positive Regulation Of Transcription From RNA Polymerase II Promoter Involved In Cellular Response To Chemical Stimulus (GO:1901522),1/10,0.8974937817113968,0.9999999999998647,0.6171236171236171,0.06674135581913541,CREB3
gs_ind_0,Positive Regulation Of Transcription Initiation By RNA Polymerase II (GO:0060261),8/50,0.8265153825772754,0.9999999999998647,0.7813273340832396,0.14887157106733007,MED29;MED11;PAXIP1;TP53;MED31;TAF3;TAF5;MED9
gs_ind_0,Positive Regulation Of Transcription Regulatory Region DNA Binding (GO:2000679),2/18,0.9071587652944273,0.9999999999998647,0.5920390755996209,0.05768698489803892,TRIM6;RB1
gs_ind_0,Positive Regulation Of Transferase Activity (GO:0051347),11/97,0.9935769771076752,0.9999999999998647,0.5179988489513649,0.003337849519263416,TOPORS;SERINC5;INSR;MST1R;DSTYK;DCUN1D2;ERBB2;DSCC1;DDR2;DCUN1D3;PKIB
gs_ind_0,Positive Regulation Of Transforming Growth Factor Beta Receptor Signaling Pathway (GO:0030511),1/18,0.9834488709535161,0.9999999999998647,0.3347900776472205,0.005587522300482694,ING2
gs_ind_0,Positive Regulation Of Translation (GO:0045727),11/92,0.988006025216155,0.9999999999998647,0.550004884686852,0.006636624511760663,UPF3B;NIBAN1;SOX4;METTL14;CPEB3;PLD1;ERBB2;BCL3;CCL5;PASK;FASTKD3
gs_ind_0,Positive Regulation Of Translation In Response To Stress (GO:0032056),1/5,0.6797672063173691,0.9999999999998647,1.3033509700176367,0.5030998387884896,NCK2
gs_ind_0,Positive Regulation Of Translational Initiation (GO:0045948),1/16,0.9738872946210139,0.9999999999998647,0.3780508619218297,0.010003110870083008,CCL5
gs_ind_0,Positive Regulation Of Transmembrane Receptor Protein Serine/Threonine Kinase Signaling Pathway (GO:0090100),5/62,0.9977009681548832,0.9999999999998647,0.3728576713409229,0.0008581985514477381,HFE;ING2;BMPR2;FBXL15;TGFB3
gs_ind_0,Positive Regulation Of Transcription By RNA Polymerase I (GO:0045943),2/28,0.986170347155942,0.9999999999998647,0.3683254906114297,0.005129364658576268,EIF2AK3;ERBB2
gs_ind_0,Positive Regulation Of Transport (GO:0051050),5/34,0.8506067172755939,0.9999999999998647,0.7284326183433966,0.11786433052198599,CAPN10;ZNF205;DLL1;SMPD1;GPLD1
gs_ind_0,Positive Regulation Of Triglyceride Biosynthetic Process (GO:0010867),2/11,0.6886104060141844,0.9999999999998647,1.028869286287089,0.38385015860250277,GPLD1;SLC27A1
gs_ind_0,Positive Regulation Of Triglyceride Metabolic Process (GO:0090208),2/15,0.8412494484890192,0.9999999999998647,0.7237815200926668,0.12511797883472436,GPLD1;SLC27A1
gs_ind_0,Positive Regulation Of Trophoblast Cell Migration (GO:1901165),1/3,0.49498852941534904,0.9999999999998647,2.3464165464165463,1.650048661813499,SMURF2
gs_ind_0,Positive Regulation Of Tumor Necrosis Factor Production (GO:0032760),14/46,0.0695555638042264,0.9999999999998647,1.747765131342655,4.65889406007394,PYCARD;PTPRJ;PTPRC;TIRAP;RIGI;IFNGR1;TLR1;IL23A;HAVCR2;SYK;IFIH1;CD84;OAS3;SPHK2
gs_ind_0,Positive Regulation Of Tumor Necrosis Factor Superfamily Cytokine Production (GO:1903557),15/48,0.04999469787608553,0.9999999999998647,1.812965291115689,5.4313508949551235,PYCARD;PTPRJ;PTPRC;TIRAP;RIGI;IFNGR1;TLR1;IL23A;HAVCR2;SYK;IFIH1;CD84;BCL10;OAS3;SPHK2
gs_ind_0,Positive Regulation Of Type 2 Immune Response (GO:0002830),1/7,0.796950772203989,0.9999999999998647,0.9021719021719021,0.20475907168261248,DENND1B
gs_ind_0,Positive Regulation Of Type I Interferon Production (GO:0032481),11/50,0.44194598816134745,0.9999999999998647,1.138753886342674,0.929869531493122,TRIM56;TICAM1;DHX58;RAB2B;RIGI;POLR3F;IFIH1;IKBKE;IRF7;OAS3;PTPN22
gs_ind_0,Positive Regulation Of Type I Interferon-Mediated Signaling Pathway (GO:0060340),4/12,0.2151327165692436,0.9999999999998647,2.071341584298621,3.1826166651852184,TRIM56;TRIM6;IKBKE;RNF185
gs_ind_0,Positive Regulation Of Type II Interferon Production (GO:0032729),6/27,0.48044136493869966,0.9999999999998647,1.1823566538816332,0.8667266483262177,PYCARD;BTN3A2;IL23A;IL12RB1;SLAMF6;PTPN22
gs_ind_0,Regulation Of Establishment Of Protein Localization To Telomere (GO:0070203),1/9,0.8712616767850634,0.9999999999998647,0.689782983900631,0.09506100349519497,TERF1
gs_ind_0,Positive Regulation Of Ubiquitin Protein Ligase Activity (GO:1904668),1/8,0.8383192836348962,0.9999999999998647,0.7818181818181819,0.1378785183025454,UBE2C
gs_ind_0,Positive Regulation Of Ubiquitin-Dependent Protein Catabolic Process (GO:2000060),12/69,0.773919717025769,0.9999999999998647,0.8493126727062856,0.21766791207005076,TRIB1;RNF19B;RBX1;MAGEF1;DDA1;PABIR1;BAG2;ZER1;SMAD7;SH3RF1;DNAJB2;SMURF1
gs_ind_0,Positive Regulation Of Ubiquitin-Protein Transferase Activity (GO:0051443),5/21,0.43069196449947617,0.9999999999998647,1.30374056830952,1.0982217002562886,TOPORS;UBE2C;BTRC;DCUN1D3;DCUN1D2
gs_ind_0,Positive Regulation Of Unsaturated Fatty Acid Biosynthetic Process (GO:2001280),1/1,0.2036432488900496,0.9999999999998647,11.734006734006734,18.67332929974073,ABCD2
gs_ind_0,Positive Regulation Of Transporter Activity (GO:0032411),1/7,0.796950772203989,0.9999999999998647,0.9021719021719021,0.20475907168261248,PPARD
gs_ind_0,Positive Regulation Of Toll-Like Receptor 7 Signaling Pathway (GO:0034157),1/3,0.49498852941534904,0.9999999999998647,2.3464165464165463,1.650048661813499,PTPN22
gs_ind_0,Positive Regulation Of Toll-Like Receptor 4 Signaling Pathway (GO:0034145),4/8,0.059636426619357134,0.9999999999998647,3.9138180067404913,11.034965670161052,PTPN22;NINJ1;IFI35;TIRAP
gs_ind_0,Positive Regulation Of Toll-Like Receptor 3 Signaling Pathway (GO:0034141),2/6,0.3535944927466926,0.9999999999998647,2.172948409516172,2.2590069951074945,PTPN22;TIRAP
gs_ind_0,Positive Regulation Of Striated Muscle Cell Differentiation (GO:0051155),1/13,0.948259129620717,0.9999999999998647,0.4688985088985089,0.02491139174442143,ATP11A
gs_ind_0,Positive Regulation Of Substrate Adhesion-Dependent Cell Spreading (GO:1900026),2/23,0.9635250355325129,0.9999999999998647,0.4541690755487589,0.016875472921124977,CARMIL1;TESK1
gs_ind_0,Positive Regulation Of Superoxide Anion Generation (GO:0032930),1/8,0.8383192836348962,0.9999999999998647,0.7818181818181819,0.1378785183025454,SYK
gs_ind_0,Positive Regulation Of Supramolecular Fiber Organization (GO:1902905),12/68,0.7559044804288935,0.9999999999998647,0.8644159505620858,0.24189838385579315,EFEMP2;PYCARD;TOGARAM1;CDK5R1;FER;CARMIL1;WHAMM;NCK2;FES;CFL2;NCKAP1L;RB1
gs_ind_0,Positive Regulation Of Synapse Assembly (GO:0051965),3/14,0.5656020552601939,0.9999999999998647,1.1900961920772326,0.6781936079104792,GHRL;SEMA4D;SEMA4A
gs_ind_0,Positive Regulation Of Synaptic Transmission (GO:0050806),8/39,0.5543717516109412,0.9999999999998647,1.0551257623409318,0.622439563382301,NFATC4;AKAP5;VAMP2;KCTD13;NOL3;SLC24A1;DLG4;ZDHHC2
gs_ind_0,Positive Regulation Of T Cell Activation (GO:0050870),15/64,0.31560878656088015,0.9999999999998647,1.2253424891530866,1.4131284919896892,PYCARD;CD274;PTPRC;CD80;CD70;NCKAP1L;NCK2;IL23A;IL7;ZBTB1;TNFRSF13C;AIF1;CCL5;HLA-DMA;CCDC88B
gs_ind_0,Positive Regulation Of T Cell Chemotaxis (GO:0010820),1/5,0.6797672063173691,0.9999999999998647,1.3033509700176367,0.5030998387884896,CCL5
gs_ind_0,Positive Regulation Of T Cell Cytokine Production (GO:0002726),2/13,0.7760853855691137,0.9999999999998647,0.84979603221645,0.21541711776620684,DENND1B;MALT1
gs_ind_0,Positive Regulation Of T Cell Differentiation (GO:0045582),14/47,0.08123747893571408,0.9999999999998647,1.6954536606934736,4.256230544802354,IL4I1;TESPA1;NKAP;IL23A;IL7;VSIR;IL12RB1;ZBTB1;SOX4;ADAM8;SOX12;NCKAP1L;DUSP10;SOCS1
gs_ind_0,Positive Regulation Of T Cell Differentiation In Thymus (GO:0033089),1/2,0.36582651410140676,0.9999999999998647,3.911014911014911,3.9329011974146835,TESPA1
gs_ind_0,Positive Regulation Of T Cell Mediated Cytotoxicity (GO:0001916),5/21,0.43069196449947617,0.9999999999998647,1.30374056830952,1.0982217002562886,HFE;MR1;IL23A;STX7;IL12RB1
gs_ind_0,Positive Regulation Of T Cell Mediated Immune Response To Tumor Cell (GO:0002842),1/2,0.36582651410140676,0.9999999999998647,3.911014911014911,3.9329011974146835,MR1
gs_ind_0,Positive Regulation Of T Cell Mediated Immunity (GO:0002711),6/29,0.5561917840783974,0.9999999999998647,1.0815528805578998,0.6344844626457373,HFE;MALT1;IL23A;STX7;IL12RB1;ZBTB1
gs_ind_0,Positive Regulation Of T Cell Migration (GO:2000406),5/14,0.13769744367036255,0.9999999999998647,2.265692727564617,4.492180900330161,PYCARD;TMEM102;AIF1;CCL5;TNFRSF14
gs_ind_0,Positive Regulation Of T Cell Receptor Signaling Pathway (GO:0050862),2/11,0.6886104060141844,0.9999999999998647,1.028869286287089,0.38385015860250277,CARD11;TESPA1
gs_ind_0,Positive Regulation Of T-helper 1 Type Immune Response (GO:0002827),2/4,0.18640155558523228,0.9999999999998647,3.9119486768243785,6.571494931304808,IL12RB1;IL23A
gs_ind_0,Positive Regulation Of Toll-Like Receptor 2 Signaling Pathway (GO:0034137),2/5,0.27018544485746365,0.9999999999998647,2.7940199335548175,3.6563850298756777,TLR1;TIRAP
gs_ind_0,Positive Regulation Of Tissue Remodeling (GO:0034105),1/3,0.49498852941534904,0.9999999999998647,2.3464165464165463,1.650048661813499,IL23A
gs_ind_0,Positive Regulation Of Telomere Maintenance Via Telomere Lengthening (GO:1904358),1/31,0.9991469767826728,0.9999999999998647,0.19188765090404436,0.0001637544744577269,PKIB
gs_ind_0,Positive Regulation Of Telomere Maintenance Via Telomerase (GO:0032212),1/28,0.9983085076168099,0.9999999999998647,0.21287332196423106,0.0003603784774090566,PKIB
gs_ind_0,Positive Regulation Of Telomere Maintenance In Response To DNA Damage (GO:1904507),4/14,0.31435549997761164,0.9999999999998647,1.676525208061077,1.9401265540223827,INO80B;TFPT;INO80C;INO80D
gs_ind_0,Positive Regulation Of Telomere Maintenance (GO:0032206),8/48,0.7894481347110041,0.9999999999998647,0.8200463037358425,0.1938762830376669,TERF1;TFPT;INO80B;INO80C;TINF2;PKIB;SLX4;INO80D
gs_ind_0,Positive Regulation Of Stress Fiber Assembly (GO:0051496),3/28,0.9441909216133153,0.9999999999998647,0.5360934683515634,0.03078617839274587,CARMIL1;TESK1;TGFB3
gs_ind_0,Positive Regulation Of Telomere Capping (GO:1904355),1/15,0.9672015674762875,0.9999999999998647,0.40415650760478344,0.013477956327923916,PKIB
gs_ind_0,Positive Regulation Of TORC1 Signaling (GO:1904263),4/25,0.7795519571143958,0.9999999999998647,0.818029134149209,0.20371865297410585,WDR24;CASTOR1;PIP4P1;RRAGB
gs_ind_0,Positive Regulation Of TOR Signaling (GO:0032008),6/41,0.8684176306584526,0.9999999999998647,0.7152518450998265,0.10090954613197228,WDR24;CASTOR1;SMCR8;NCKAP1L;PIP4P1;RRAGB
gs_ind_0,Positive Regulation Of T-helper Cell Differentiation (GO:0045624),2/7,0.4333076099965977,0.9999999999998647,1.7777210760370343,1.486721268820039,MALT1;CD80
gs_ind_0,Positive Regulation Of T-helper 2 Cell Cytokine Production (GO:2000553),1/5,0.6797672063173691,0.9999999999998647,1.3033509700176367,0.5030998387884896,DENND1B
gs_ind_0,Positive Regulation Of T-helper 17 Type Immune Response (GO:2000318),3/9,0.27143988032691707,0.9999999999998647,2.1064186896049564,2.746800723669715,IL12RB1;IL23A;MALT1
gs_ind_0,Positive Regulation Of T-helper 17 Cell Differentiation (GO:2000321),3/5,0.06072572167688534,0.9999999999998647,5.478485480506979,15.347363043995708,IL12RB1;IL23A;MALT1
gs_ind_0,Positive Regulation Of Telomerase Activity (GO:0051973),1/29,0.9986535995021559,0.9999999999998647,0.2053872053872054,0.00027671976523013694,PKIB
gs_ind_0,Positive Regulation Of Vascular Associated Smooth Muscle Cell Differentiation (GO:1905065),1/2,0.36582651410140676,0.9999999999998647,3.911014911014911,3.9329011974146835,EFEMP2
gs_ind_0,Positive Regulation Of Protein Localization To Membrane (GO:1905477),8/55,0.8969740221099745,0.9999999999998647,0.6987947935079544,0.07597882459353446,AKAP5;RANGRF;BBC3;PIK3R1;MIEF2;ERBB2;EFCAB7;CNPY4
gs_ind_0,Positive Regulation Of Protein Localization To Centrosome (GO:1904781),1/6,0.7450017490315044,0.9999999999998647,1.0662906117451572,0.31388259496961246,BICD1
gs_ind_0,Positive Regulation Of Monoatomic Ion Transport (GO:0043270),3/24,0.8935907530633411,0.9999999999998647,0.6360407284558184,0.07155927544861866,CCL5;P2RX4;STIM2
gs_ind_0,Positive Regulation Of Monocyte Chemotactic Protein-1 Production (GO:0071639),3/4,0.028603411361812166,0.9999999999998647,9.131557837317503,32.45565032766723,SYK;OAS3;CD84
gs_ind_0,Positive Regulation Of Monocyte Chemotaxis (GO:0090026),2/7,0.4333076099965977,0.9999999999998647,1.7777210760370343,1.486721268820039,CREB3;CCL5
gs_ind_0,Positive Regulation Of Monocyte Differentiation (GO:0045657),1/4,0.5978508540253882,0.9999999999998647,1.6758743901601045,0.8620931884147255,FES
gs_ind_0,Positive Regulation Of Mononuclear Cell Migration (GO:0071677),4/16,0.4164508921822029,0.9999999999998647,1.4080500722195475,1.233433178794374,JAM2;CCL5;CREB3;AIF1
gs_ind_0,Positive Regulation Of Monooxygenase Activity (GO:0032770),2/11,0.6886104060141844,0.9999999999998647,1.028869286287089,0.38385015860250277,GCH1;CYP27B1
gs_ind_0,Positive Regulation Of Multicellular Organism Growth (GO:0040018),1/3,0.49498852941534904,0.9999999999998647,2.3464165464165463,1.650048661813499,GHRL
gs_ind_0,Positive Regulation Of Multicellular Organismal Process (GO:0051240),35/233,0.9856381541686411,0.9999999999998647,0.695738789829541,0.010064540174144328,SAP30L;PRKAB2;PER2;SLC27A1;TLE6;IL23A;FABP5;SYK;UTP25;ING2;PPARGC1B;SAP30;GLMN;BAD;RFX3;SMURF2;BCL9L;TGFB3;NCOA2;GHRL;GATM;CACNB1;BRMS1L;BCL7C;CYP27B1;KDM6B;BTN3A1;SIRT1;ACSL1;ZNF516;ADAM8;BMPR2;BICRA;FGR;CCDC88B
gs_ind_0,Positive Regulation Of Muscle Contraction (GO:0045933),1/6,0.7450017490315044,0.9999999999998647,1.0662906117451572,0.31388259496961246,CACNB1
gs_ind_0,Positive Regulation Of Muscle Hypertrophy (GO:0014742),1/11,0.9183821192811181,0.9999999999998647,0.5583041297327012,0.04753497558033882,CAMK2D
gs_ind_0,Positive Regulation Of Myeloid Cell Apoptotic Process (GO:0033034),1/2,0.36582651410140676,0.9999999999998647,3.911014911014911,3.9329011974146835,SIRT1
gs_ind_0,Positive Regulation Of Myeloid Cell Differentiation (GO:0045639),4/29,0.8700129911051704,0.9999999999998647,0.689484267467218,0.09600870896904941,FES;NCKAP1L;BRD1;ANKRD54
gs_ind_0,Positive Regulation Of Myeloid Leukocyte Cytokine Production Involved In Immune Response (GO:0061081),4/13,0.26388176960411197,0.9999999999998647,1.8531535869041886,2.4688714984696505,RIGI;SIRT1;TICAM1;SEMA7A
gs_ind_0,Positive Regulation Of Myeloid Leukocyte Differentiation (GO:0002763),6/23,0.3212421553592512,0.9999999999998647,1.4530867879510885,1.650067323287437,EEIG1;IL23A;FES;HCLS1;EVI2B;PPP3CA
gs_ind_0,Positive Regulation Of Mitotic Sister Chromatid Separation (GO:1901970),2/15,0.8412494484890192,0.9999999999998647,0.7237815200926668,0.12511797883472436,UBE2C;RB1
gs_ind_0,Positive Regulation Of Myeloid Leukocyte Mediated Immunity (GO:0002888),2/10,0.6351727324480614,0.9999999999998647,1.1500070758054626,0.5219402535113675,RIGI;TICAM1
gs_ind_0,Positive Regulation Of NF-kappaB Transcription Factor Activity (GO:0051092),21/97,0.41584222413277444,0.9999999999998647,1.099466218632039,0.96472592941096,NOD1;BCL10;CARD11;PYCARD;TICAM1;TRIM21;TIRAP;TRIM68;TRIM52;TLR6;TRIM38;ANKRD42;TRADD;RPS6KA5;IRAK2;TRIM13;MALT1;TRIM32;TRAF5;FER;TRIM6
gs_ind_0,Positive Regulation Of NIK/NF-kappaB Signaling (GO:1901224),6/33,0.6896471049708996,0.9999999999998647,0.9239324349971532,0.34331042948370866,PYCARD;IFI35;NOD1;IL23A;TRADD;TRIM56
gs_ind_0,Positive Regulation Of NK T Cell Activation (GO:0051135),1/5,0.6797672063173691,0.9999999999998647,1.3033509700176367,0.5030998387884896,IL23A
gs_ind_0,Positive Regulation Of NK T Cell Proliferation (GO:0051142),1/3,0.49498852941534904,0.9999999999998647,2.3464165464165463,1.650048661813499,IL23A
gs_ind_0,Positive Regulation Of NLRP3 Inflammasome Complex Assembly (GO:1900227),2/13,0.7760853855691137,0.9999999999998647,0.84979603221645,0.21541711776620684,PTPN22;TLR6
gs_ind_0,Positive Regulation Of Natural Killer Cell Activation (GO:0032816),3/12,0.45456002967759573,0.9999999999998647,1.4408791914006096,1.1360256023861053,TICAM1;ZBTB1;IL23A
gs_ind_0,Positive Regulation Of Natural Killer Cell Mediated Cytotoxicity (GO:0045954),1/8,0.8383192836348962,0.9999999999998647,0.7818181818181819,0.1378785183025454,SLAMF6
gs_ind_0,Positive Regulation Of Natural Killer Cell Mediated Immunity (GO:0002717),1/9,0.8712616767850634,0.9999999999998647,0.689782983900631,0.09506100349519497,SLAMF6
gs_ind_0,Positive Regulation Of Natural Killer Cell Proliferation (GO:0032819),1/5,0.6797672063173691,0.9999999999998647,1.3033509700176367,0.5030998387884896,IL23A
gs_ind_0,Positive Regulation Of Necrotic Cell Death (GO:0010940),1/3,0.49498852941534904,0.9999999999998647,2.3464165464165463,1.650048661813499,HEBP2
gs_ind_0,Positive Regulation Of Nervous System Development (GO:0051962),6/22,0.2820850843655783,0.9999999999998647,1.5412791801100778,1.9505605273096753,LIG4;TRIM32;GHRL;NUMBL;FAIM;ZNF335
gs_ind_0,Positive Regulation Of Neural Precursor Cell Proliferation (GO:2000179),1/17,0.9792105317502333,0.9999999999998647,0.35510953692771874,0.007460358414195877,ZNF335
gs_ind_0,Positive Regulation Of Neuroblast Proliferation (GO:0002052),1/8,0.8383192836348962,0.9999999999998647,0.7818181818181819,0.1378785183025454,ZNF335
gs_ind_0,Positive Regulation Of Neurogenesis (GO:0050769),7/41,0.7575439420240626,0.9999999999998647,0.8495547407019381,0.23589903709524157,LIG4;PLXNA3;TRIM32;NUMBL;FAIM;CDKL3;ZNF335
gs_ind_0,Positive Regulation Of Myoblast Differentiation (GO:0045663),3/25,0.90914149796547,0.9999999999998647,0.6077223380929462,0.05788830786762473,SOX4;HIF1AN;XKR8
gs_ind_0,Positive Regulation Of Mitotic Nuclear Division (GO:0045840),3/23,0.8756878983937938,0.9999999999998647,0.6671218886101904,0.08855744994639804,INSR;UBE2C;RB1
gs_ind_0,Positive Regulation Of Mitotic Metaphase/Anaphase Transition (GO:0045842),2/11,0.6886104060141844,0.9999999999998647,1.028869286287089,0.38385015860250277,UBE2C;RB1
gs_ind_0,Positive Regulation Of Mitotic Cell Cycle Phase Transition (GO:1901992),10/52,0.6350955759891722,0.9999999999998647,0.9657898470531483,0.4384490604049165,VPS4B;UBE2C;LSM11;UBE2E2;RRM2B;SASS6;AIF1;RAD51B;MBLAC1;RB1
gs_ind_0,Positive Regulation Of MAPK Cascade (GO:0043410),24/150,0.9278887967561281,0.9999999999998647,0.7552765298089857,0.05652745169260759,DOK4;DOK3;MAP3K12;CCL5;SPRY2;PYCARD;PTPRJ;TIRAP;DSTYK;WWC1;BCAR3;PTPRC;MAP4K1;ARRB2;GHRL;DOK2;DENND2B;SEMA7A;PTPN22;INSR;MST1R;ADAM8;ERBB2;DDR2
gs_ind_0,Positive Regulation Of MHC Class II Biosynthetic Process (GO:0045348),2/8,0.5073711921876385,0.9999999999998647,1.5041021528591696,1.0205519747850815,RFXAP;SIRT1
gs_ind_0,Positive Regulation Of Macroautophagy (GO:0016239),15/53,0.10544764620591579,0.9999999999998647,1.576866843898572,3.547226133943041,SIRT1;FYCO1;EPM2A;PIP4K2C;OPTN;TRIM13;UVRAG;WDR24;SNX18;BAG3;MOAP1;GNAI3;SMCR8;WIPI1;SESN1
gs_ind_0,Positive Regulation Of Macromolecule Biosynthetic Process (GO:0010557),14/90,0.9008763354397752,0.9999999999998647,0.7398290824943727,0.07722874807072697,SIRT1;UPF3B;NIBAN1;RFXAP;NFKB1;INSR;SOX4;METTL14;CPEB3;PLD1;ERBB2;PASK;BCL3;PPP1R3E
gs_ind_0,Positive Regulation Of Macromolecule Metabolic Process (GO:0010604),32/202,0.9583071645994198,0.9999999999998647,0.7425528630961569,0.03162304033922513,EIF2AK3;ZC3H12A;E2F1;MAPK7;ADAM19;SPRY2;HINFP;TICAM1;TP53;RIGI;DTX3L;LAMP3;CALCOCO1;PDCL3;TRAPPC2B;RNF207;ACTA2;ITGB8;HFE;DGKQ;TLR6;VSIR;CYP27B1;DLL1;LRP3;PTPN22;PIK3R3;OSR2;IFNGR1;FAM98B;BMPR2;MBIP
gs_ind_0,Positive Regulation Of Macrophage Activation (GO:0043032),1/9,0.8712616767850634,0.9999999999998647,0.689782983900631,0.09506100349519497,TLR6
gs_ind_0,Positive Regulation Of Macrophage Chemotaxis (GO:0010759),1/9,0.8712616767850634,0.9999999999998647,0.689782983900631,0.09506100349519497,CCL5
gs_ind_0,Positive Regulation Of Macrophage Cytokine Production (GO:0060907),2/6,0.3535944927466926,0.9999999999998647,2.172948409516172,2.2590069951074945,SIRT1;SEMA7A
gs_ind_0,Positive Regulation Of Macrophage Derived Foam Cell Differentiation (GO:0010744),1/5,0.6797672063173691,0.9999999999998647,1.3033509700176367,0.5030998387884896,NFKB1
gs_ind_0,Positive Regulation Of Macrophage Migration (GO:1905523),2/11,0.6886104060141844,0.9999999999998647,1.028869286287089,0.38385015860250277,CCL5;P2RX4
gs_ind_0,Positive Regulation Of Mast Cell Activation (GO:0033005),1/4,0.5978508540253882,0.9999999999998647,1.6758743901601045,0.8620931884147255,SPHK2
gs_ind_0,Positive Regulation Of Mast Cell Degranulation (GO:0043306),2/7,0.4333076099965977,0.9999999999998647,1.7777210760370343,1.486721268820039,SYK;SPHK2
gs_ind_0,Positive Regulation Of Membrane Depolarization (GO:1904181),1/2,0.36582651410140676,0.9999999999998647,3.911014911014911,3.9329011974146835,MLLT11
gs_ind_0,Positive Regulation Of Membrane Invagination (GO:1905155),1/7,0.796950772203989,0.9999999999998647,0.9021719021719021,0.20475907168261248,NCKAP1L
gs_ind_0,Positive Regulation Of Membrane Potential (GO:0045838),2/6,0.3535944927466926,0.9999999999998647,2.172948409516172,2.2590069951074945,GLRX;BAD
gs_ind_0,Positive Regulation Of Membrane Protein Ectodomain Proteolysis (GO:0051044),1/8,0.8383192836348962,0.9999999999998647,0.7818181818181819,0.1378785183025454,GPLD1
gs_ind_0,Positive Regulation Of Memory T Cell Differentiation (GO:0043382),2/4,0.18640155558523228,0.9999999999998647,3.9119486768243785,6.571494931304808,IL12RB1;IL23A
gs_ind_0,Positive Regulation Of Mitotic Cell Cycle (GO:0045931),1/24,0.995787107437436,0.9999999999998647,0.2491889513166109,0.0010520238707154806,MEIS2
gs_ind_0,Positive Regulation Of Mitophagy In Response To Mitochondrial Depolarization (GO:0098779),1/6,0.7450017490315044,0.9999999999998647,1.0662906117451572,0.31388259496961246,OPTN
gs_ind_0,Positive Regulation Of Mitochondrion Organization (GO:0010822),15/49,0.058964677551236626,0.9999999999998647,1.7602708550701296,4.983004132936888,PYCARD;BMF;BBC3;PMAIP1;PLAUR;TP53;TNFSF10;MLLT11;ZNF205;MIEF2;BAD;MOAP1;DDHD1;PLD6;ZDHHC6
gs_ind_0,Positive Regulation Of Mitochondrial Translation (GO:0070131),1/14,0.958804759543803,0.9999999999998647,0.43412965635187856,0.018262884928106907,FASTKD3
gs_ind_0,Positive Regulation Of Mitochondrial Outer Membrane Permeabilization Involved In Apoptotic Signaling Pathway (GO:1901030),2/7,0.4333076099965977,0.9999999999998647,1.7777210760370343,1.486721268820039,ZNF205;BBC3
gs_ind_0,Positive Regulation Of Mitochondrial Membrane Potential (GO:0010918),1/4,0.5978508540253882,0.9999999999998647,1.6758743901601045,0.8620931884147255,BAD
gs_ind_0,Positive Regulation Of Neuron Apoptotic Process (GO:0043525),1/16,0.9738872946210139,0.9999999999998647,0.3780508619218297,0.010003110870083008,CDK5R1
gs_ind_0,Positive Regulation Of Mitochondrial Membrane Permeability Involved In Apoptotic Process (GO:1902110),1/8,0.8383192836348962,0.9999999999998647,0.7818181818181819,0.1378785183025454,BLOC1S2
gs_ind_0,Positive Regulation Of Mitochondrial Fission (GO:0090141),2/16,0.8669156603053907,0.9999999999998647,0.6738102480435805,0.09622925683039828,DDHD1;MIEF2
gs_ind_0,Positive Regulation Of Microtubule Polymerization Or Depolymerization (GO:0031112),3/24,0.8935907530633411,0.9999999999998647,0.6360407284558184,0.07155927544861866,TOGARAM1;CDK5R1;FES
gs_ind_0,Positive Regulation Of Microtubule Polymerization (GO:0031116),3/26,0.9225999915368105,0.9999999999998647,0.5818140235056375,0.04687065673583295,TOGARAM1;CDK5R1;FES
gs_ind_0,Positive Regulation Of Microglial Cell Migration (GO:1904141),1/2,0.36582651410140676,0.9999999999998647,3.911014911014911,3.9329011974146835,P2RX4
gs_ind_0,Positive Regulation Of Metaphase/Anaphase Transition Of Cell Cycle (GO:1902101),2/11,0.6886104060141844,0.9999999999998647,1.028869286287089,0.38385015860250277,UBE2C;RB1
gs_ind_0,Positive Regulation Of Metabolic Process (GO:0009893),11/68,0.8442881122272072,0.9999999999998647,0.7811162940324916,0.13221289798032665,ACSL1;PRKAB2;GHRL;PER2;GATM;INSR;ZNF516;FABP5;SYK;PPARGC1B;KDM6B
gs_ind_0,Positive Regulation Of Mitochondrial Membrane Permeability (GO:0035794),2/8,0.5073711921876385,0.9999999999998647,1.5041021528591696,1.0205519747850815,HEBP2;ZNF205
gs_ind_0,Positive Regulation Of Protein Localization To Cilium (GO:1903566),1/3,0.49498852941534904,0.9999999999998647,2.3464165464165463,1.650048661813499,EFCAB7
gs_ind_0,Positive Regulation Of Neuron Death (GO:1901216),2/23,0.9635250355325129,0.9999999999998647,0.4541690755487589,0.016875472921124977,MAP3K5;CDK5R1
gs_ind_0,Positive Regulation Of Neuron Projection Arborization (GO:0150012),1/5,0.6797672063173691,0.9999999999998647,1.3033509700176367,0.5030998387884896,NCOA2
gs_ind_0,Positive Regulation Of Phosphatidylinositol 3-Kinase Signaling (GO:0014068),11/39,0.15400246080393032,0.9999999999998647,1.5797008203313496,2.955283280626542,PTPN6;HCST;SIRT1;NEDD4;PIK3AP1;INSR;SEMA4D;HCLS1;FGR;DDR2;CCL5
gs_ind_0,Positive Regulation Of Phospholipase Activity (GO:0010518),1/14,0.958804759543803,0.9999999999998647,0.43412965635187856,0.018262884928106907,CCL5
gs_ind_0,Positive Regulation Of Phospholipase C Activity (GO:0010863),4/17,0.4663751333137939,0.9999999999998647,1.3036430749478414,0.9943732599893775,PLCB2;GNA15;RASGRP4;ANG
gs_ind_0,Positive Regulation Of Phosphoprotein Phosphatase Activity (GO:0032516),1/11,0.9183821192811181,0.9999999999998647,0.5583041297327012,0.04753497558033882,PTPRC
gs_ind_0,Positive Regulation Of Phosphorylation (GO:0042327),22/150,0.9712774540728168,0.9999999999998647,0.6822716951978971,0.01988351971674902,ANG;BCL10;CCL5;PLAUR;DSTYK;GLMN;SEMA4D;WDFY2;RAP2A;TESK1;NCKAP1L;PIK3R3;SIRT1;NIBAN1;INSR;MOB3C;ATG14;MST1R;ERBB2;DDR2;LIMK2;AKTIP
gs_ind_0,Positive Regulation Of Pinocytosis (GO:0048549),1/5,0.6797672063173691,0.9999999999998647,1.3033509700176367,0.5030998387884896,APPL1
gs_ind_0,Positive Regulation Of Plasma Membrane Bounded Cell Projection Assembly (GO:0120034),10/63,0.8527471171549524,0.9999999999998647,0.7665219488663773,0.12210099696716037,FUZ;IFT20;CARMIL2;PIK3R1;CCP110;WASL;RHOQ;EPS8;TGFB3;BCAS3
gs_ind_0,Positive Regulation Of Plasminogen Activation (GO:0010756),2/4,0.18640155558523228,0.9999999999998647,3.9119486768243785,6.571494931304808,PLGRKT;MELTF
gs_ind_0,Positive Regulation Of Post-Transcriptional Gene Silencing By RNA (GO:1900370),1/8,0.8383192836348962,0.9999999999998647,0.7818181818181819,0.1378785183025454,ZFP36
gs_ind_0,Positive Regulation Of Production Of Molecular Mediator Of Immune Response (GO:0002702),6/23,0.3212421553592512,0.9999999999998647,1.4530867879510885,1.650067323287437,PTPRC;DNAJB9;TNFRSF14;SPHK2;PTPN22;TRIM6
gs_ind_0,Positive Regulation Of Programmed Cell Death (GO:0043068),39/178,0.33134603445104965,0.9999999999998647,1.1083960326228286,1.2243254219177728,TFPT;BMF;E2F1;SAP18;SYK;BCL10;MAP3K5;SPHK2;SAV1;PYCARD;PHLDA1;PMAIP1;TP53;MLLT11;BAD;MOAP1;STK3;PRR7;SMPD1;DCUN1D3;TGFB3;ING4;FOXO1;RYBP;TNFSF10;STK17A;BCL2;CRADD;TRADD;JMY;LATS2;MAP3K10;SIRT1;GADD45B;RNF122;AIFM2;SOX4;GPLD1;PNMA1
gs_ind_0,Positive Regulation Of Proteasomal Protein Catabolic Process (GO:1901800),13/74,0.7674365807785772,0.9999999999998647,0.8575920669877872,0.22700413459931298,TRIB1;RNF19B;RBX1;RNF185;DDA1;PABIR1;BAG2;ATXN3;RNFT1;ZER1;SMAD7;SH3RF1;DNAJB2
gs_ind_0,Positive Regulation Of Proteasomal Ubiquitin-Dependent Protein Catabolic Process (GO:0032436),11/73,0.9021850205802564,0.9999999999998647,0.7183310278269261,0.0739418765512746,TRIB1;RNF19B;RBX1;PLK3;DDA1;PABIR1;BAG2;ZER1;SMAD7;SH3RF1;DNAJB2
gs_ind_0,Positive Regulation Of Protein Acetylation (GO:1901985),1/8,0.8383192836348962,0.9999999999998647,0.7818181818181819,0.1378785183025454,FAM161A
gs_ind_0,Positive Regulation Of Phosphatidylinositol 3-Kinase Activity (GO:0043552),2/18,0.9071587652944273,0.9999999999998647,0.5920390755996209,0.05768698489803892,ATG14;FGR
gs_ind_0,Positive Regulation Of Protein Autophosphorylation (GO:0031954),1/17,0.9792105317502333,0.9999999999998647,0.35510953692771874,0.007460358414195877,RAP2A
gs_ind_0,Positive Regulation Of Protein Catabolic Process (GO:0045732),11/62,0.7434257397062668,0.9999999999998647,0.8725511477299168,0.2586995463517938,FOXO1;RBX1;NEDD4;AMER1;TRIM32;TNFAIP3;TIPARP;ADAM8;BAG2;GPLD1;PLK3
gs_ind_0,Positive Regulation Of Protein Catabolic Process In The Vacuole (GO:1904352),1/4,0.5978508540253882,0.9999999999998647,1.6758743901601045,0.8620931884147255,MARCHF2
gs_ind_0,Positive Regulation Of Protein Deacetylation (GO:0090312),2/10,0.6351727324480614,0.9999999999998647,1.1500070758054626,0.5219402535113675,SIRT1;ING2
gs_ind_0,Positive Regulation Of Protein Dephosphorylation (GO:0035307),2/26,0.9795449201430425,0.9999999999998647,0.3984583408343289,0.008235011197004182,SMPD1;PPP1R16B
gs_ind_0,Positive Regulation Of Protein Exit From Endoplasmic Reticulum (GO:0070863),1/7,0.796950772203989,0.9999999999998647,0.9021719021719021,0.20475907168261248,EDEM2
gs_ind_0,Positive Regulation Of Protein Export From Nucleus (GO:0046827),1/10,0.8974937817113968,0.9999999999998647,0.6171236171236171,0.06674135581913541,BAG3
gs_ind_0,Positive Regulation Of Protein Import Into Nucleus (GO:0042307),4/24,0.7503679157069622,0.9999999999998647,0.8580034524466573,0.24641141731098654,EFCAB7;ZC3H12A;PIK3R1;HCLS1
gs_ind_0,Positive Regulation Of Protein K63-linked Ubiquitination (GO:1902523),1/5,0.6797672063173691,0.9999999999998647,1.3033509700176367,0.5030998387884896,PTPN22
gs_ind_0,Positive Regulation Of Protein Kinase Activity (GO:0045860),18/103,0.8014290710887698,0.9999999999998647,0.8450212262883551,0.1870528897456851,MMD;ETAA1;CAB39L;ALS2;PTPRC;MAP2K3;INSR;SLC27A1;IL23A;MAP3K12;DLG4;CAMKK1;CCL5;DDR2;BORA;MAP3K5;AGAP2;SYAP1
gs_ind_0,Positive Regulation Of Protein Kinase B Signaling (GO:0051897),6/51,0.9632900892239343,0.9999999999998647,0.557594806029044,0.020854423588632834,PTPRJ;INSR;P2RX4;MST1R;HCLS1;SPRY2
gs_ind_0,Positive Regulation Of Protein Kinase C Signaling (GO:0090037),1/3,0.49498852941534904,0.9999999999998647,2.3464165464165463,1.650048661813499,SPHK2
gs_ind_0,Positive Regulation Of Protein Localization (GO:1903829),10/64,0.8660092703463009,0.9999999999998647,0.7523953672601424,0.10823934600008779,EIF2AK3;RANGRF;CENPQ;PARP9;BICD1;DTX3L;LIMK2;CEP135;TESK1;SYT11
gs_ind_0,Positive Regulation Of Protein Localization To Cell Periphery (GO:1904377),5/35,0.8681399960682665,0.9999999999998647,0.7044916822161807,0.09961673823201628,AKAP5;RANGRF;PIK3R1;EFCAB7;CNPY4
gs_ind_0,Positive Regulation Of Protein Localization To Cell Surface (GO:2000010),1/9,0.8712616767850634,0.9999999999998647,0.689782983900631,0.09506100349519497,RANGRF
gs_ind_0,Positive Regulation Of Protein Binding (GO:0032092),5/44,0.961182826351565,0.9999999999998647,0.5435722254623637,0.02152037346800057,HFE;TRIM21;DTX3L;STK3;AKTIP
gs_ind_0,Positive Regulation Of Phosphate Metabolic Process (GO:0045937),5/21,0.43069196449947617,0.9999999999998647,1.30374056830952,1.0982217002562886,NCKAP1L;ANG;GLMN;BCL10;CCL5
gs_ind_0,Positive Regulation Of Phosphatase Activity (GO:0010922),2/13,0.7760853855691137,0.9999999999998647,0.84979603221645,0.21541711776620684,GPLD1;MTMR9
gs_ind_0,"Positive Regulation Of Phagocytosis, Engulfment (GO:0060100)",1/8,0.8383192836348962,0.9999999999998647,0.7818181818181819,0.1378785183025454,NCKAP1L
gs_ind_0,Positive Regulation Of Neuron Projection Development (GO:0010976),5/49,0.9815283460144801,0.9999999999998647,0.4822982750130326,0.008992154908715067,CBFA2T2;PACSIN1;FES;SERPINI1;DDR2
gs_ind_0,Positive Regulation Of Neurotransmitter Secretion (GO:0001956),1/4,0.5978508540253882,0.9999999999998647,1.6758743901601045,0.8620931884147255,SLC4A8
gs_ind_0,Positive Regulation Of Neutrophil Chemotaxis (GO:0090023),2/9,0.5747801384335589,0.9999999999998647,1.303448275862069,0.7218075267435339,NCKAP1L;TIRAP
gs_ind_0,Positive Regulation Of Neutrophil Migration (GO:1902624),3/11,0.3947032014005075,0.9999999999998647,1.6105265144723058,1.4971795674609456,NCKAP1L;FUT4;TIRAP
gs_ind_0,Positive Regulation Of Nitric Oxide Biosynthetic Process (GO:0045429),4/15,0.3655177183974608,0.9999999999998647,1.5306148081472022,1.540472769277779,DDAH2;INSR;P2RX4;TLR6
gs_ind_0,Positive Regulation Of Nitric Oxide Metabolic Process (GO:1904407),4/15,0.3655177183974608,0.9999999999998647,1.5306148081472022,1.540472769277779,DDAH2;INSR;P2RX4;TLR6
gs_ind_0,Positive Regulation Of Nitric-Oxide Synthase Activity (GO:0051000),1/8,0.8383192836348962,0.9999999999998647,0.7818181818181819,0.1378785183025454,GCH1
gs_ind_0,Positive Regulation Of Nitrogen Compound Metabolic Process (GO:0051173),2/19,0.9227080233311012,0.9999999999998647,0.5581624470156948,0.0448999429825696,MAPK7;NFKB1
gs_ind_0,Positive Regulation Of Non-Canonical Wnt Signaling Pathway (GO:2000052),1/7,0.796950772203989,0.9999999999998647,0.9021719021719021,0.20475907168261248,MLLT3
gs_ind_0,Positive Regulation Of Notch Signaling Pathway (GO:0045747),2/20,0.9357767052616436,0.9999999999998647,0.527948156657058,0.03504435060623528,POGLUT1;DLL1
gs_ind_0,Positive Regulation Of Nuclear Division (GO:0051785),1/12,0.9350149954629013,0.9999999999998647,0.5097141184097705,0.03424907390651992,INSR
gs_ind_0,"Positive Regulation Of Nuclear-Transcribed mRNA Catabolic Process, Deadenylation-Dependent Decay (GO:1900153)",3/13,0.5117635076996409,0.9999999999998647,1.3035456441520936,0.8732356585687845,ZFP36;CPEB3;NANOS3
gs_ind_0,Positive Regulation Of Nuclear-Transcribed mRNA poly(A) Tail Shortening (GO:0060213),2/12,0.7354204812815023,0.9999999999998647,0.9308053614388819,0.2860484576995813,ZFP36;CPEB3
gs_ind_0,Positive Regulation Of Nucleic Acid-Templated Transcription (GO:1903508),63/433,0.9993666466040249,0.9999999999998647,0.6632145868200179,0.000420182286812173,SGF29;TFPT;CD80;E2F1;TP53INP2;MSL2;MAP3K12;ING2;PCBD2;BCL10;IRF7;ANKRD49;PBX4;MAP3K5;BCL3;NFKB1;HINFP;BTRC;TP53;ATXN7;KDM8;PARP9;DTX3L;MLLT11;TADA2B;DXO;RFX3;CALCOCO1;TGFB3;KAT2B;CREBL2;FOXO1;INO80B;TFEB;RYBP;INO80C;MAP2K3;CEP290;TP53INP1;PPARD;FZD2;ZKSCAN3;SFR1;TRERF1;TAF5;OSR2;INO80D;RNF20;NR1D1;MLLT3;ESR2;DYRK1B;HIVEP3;ZNF516;KAT6B;TRIP4;BRCA2;ATF5;GPATCH3;BICRA;ZXDC;SOX4;MBTD1
gs_ind_0,Positive Regulation Of Nucleocytoplasmic Transport (GO:0046824),7/38,0.6799835687391521,0.9999999999998647,0.9306942053930006,0.3589563253410008,ZC3H12A;NEDD4;NRDE2;PIK3R1;HCLS1;BAG3;EFCAB7
gs_ind_0,Positive Regulation Of Organelle Assembly (GO:1902117),9/55,0.8160216668105789,0.9999999999998647,0.7981239402440226,0.16227006761433083,FUZ;PIP4K2C;IFT20;SNX18;CCP110;MOAP1;WIPI1;SASS6;SDC1
gs_ind_0,Positive Regulation Of Organelle Organization (GO:0010638),6/23,0.3212421553592512,0.9999999999998647,1.4530867879510885,1.650067323287437,LIG4;PLXNA3;FYCO1;UVRAG;SMCR8;SYNJ1
gs_ind_0,Positive Regulation Of Phagocytosis (GO:0050766),4/30,0.8868775329039789,0.9999999999998647,0.6634114879043613,0.07964147113519968,PYCARD;NCKAP1L;PTPRJ;PTPRC
gs_ind_0,Positive Regulation Of Peptidyl-Tyrosine Phosphorylation (GO:0050731),13/72,0.7311653567519464,0.9999999999998647,0.8865647659353456,0.2775972928337968,DGKQ;PTPRJ;PTPRC;TP53;CD80;PARP9;PIBF1;IL23A;SEMA4D;HCLS1;DLG4;CCL5;TNFRSF14
gs_ind_0,Positive Regulation Of Peptidyl-Threonine Phosphorylation (GO:0010800),2/16,0.8669156603053907,0.9999999999998647,0.6738102480435805,0.09622925683039828,S1PR2;TRIM6
gs_ind_0,Positive Regulation Of Peptidyl-Serine Phosphorylation (GO:0033138),7/48,0.8837273716099725,0.9999999999998647,0.7058499056466832,0.0872477542863076,HCLS1;SH2D3A;SPRY2;SH2D3C;BCAR3;TRIM6;CREBL2
gs_ind_0,Positive Regulation Of Peptidyl-Lysine Acetylation (GO:2000758),1/13,0.948259129620717,0.9999999999998647,0.4688985088985089,0.02491139174442143,SOX4
gs_ind_0,Positive Regulation Of Peptide Secretion (GO:0002793),2/2,0.041459983678692434,0.9999999999998647,19.562951082598236,62.26939299819734,HFE;ILDR1
gs_ind_0,Positive Regulation Of Neuron Differentiation (GO:0045666),4/24,0.7503679157069622,0.9999999999998647,0.8580034524466573,0.24641141731098654,MMD;TRIM32;KCTD11;ZEB1
gs_ind_0,Positive Regulation Of Peptide Hormone Secretion (GO:0090277),6/23,0.3212421553592512,0.9999999999998647,1.4530867879510885,1.650067323287437,HFE;CAPN10;GHRL;SOX4;BAD;ILDR1
gs_ind_0,Positive Regulation Of Pattern Recognition Receptor Signaling Pathway (GO:0062208),8/29,0.2245498210525631,0.9999999999998647,1.5471525361655374,2.31091626215043,IFI35;TIRAP;DHX58;TLR1;TLR5;DDX60;PTPN22;NINJ1
gs_ind_0,Positive Regulation Of Pathway-Restricted SMAD Protein Phosphorylation (GO:0010862),3/28,0.9441909216133153,0.9999999999998647,0.5360934683515634,0.03078617839274587,HFE;BMPR2;TGFB3
gs_ind_0,Positive Regulation Of Oxidoreductase Activity (GO:0051353),4/13,0.26388176960411197,0.9999999999998647,1.8531535869041886,2.4688714984696505,PPM1M;FXN;SIRT3;FDX1
gs_ind_0,Positive Regulation Of Osteoclast Differentiation (GO:0045672),3/9,0.27143988032691707,0.9999999999998647,2.1064186896049564,2.746800723669715,PPP3CA;IL23A;EEIG1
gs_ind_0,Positive Regulation Of Osteoblast Differentiation (GO:0045669),6/26,0.44108979354819455,0.9999999999998647,1.240134426396456,1.0150584742804778,ZHX3;BMPR2;LRP3;PPP3CA;DDR2;DNAI3
gs_ind_0,Positive Regulation Of Ossification (GO:0045778),4/24,0.7503679157069622,0.9999999999998647,0.8580034524466573,0.24641141731098654,BMPR2;CYP27B1;OSR2;ALOX5
gs_ind_0,Positive Regulation Of Peptidase Activity (GO:0010952),3/17,0.703416858444551,0.9999999999998647,0.943637037569776,0.33197678677575543,VSIR;APH1B;CTSS
gs_ind_0,Regulation Of Establishment Or Maintenance Of Cell Polarity (GO:0032878),2/13,0.7760853855691137,0.9999999999998647,0.84979603221645,0.21541711776620684,KANK1;BCAS3
gs_ind_0,Regulation Of Extracellular Matrix Constituent Secretion (GO:0003330),1/6,0.7450017490315044,0.9999999999998647,1.0662906117451572,0.31388259496961246,IER3IP1
gs_ind_0,Regulation Of Execution Phase Of Apoptosis (GO:1900117),2/9,0.5747801384335589,0.9999999999998647,1.303448275862069,0.7218075267435339,ZC3H12A;TP53
gs_ind_0,Skin Epidermis Development (GO:0098773),2/12,0.7354204812815023,0.9999999999998647,0.9308053614388819,0.2860484576995813,TMEM79;DLL1
gs_ind_0,Small GTPase Mediated Signal Transduction (GO:0007264),15/77,0.621522267319707,0.9999999999998647,0.9694327588983733,0.4610462635818833,DOK4;RASGRP4;TP53;RRAGC;DOK3;DOK2;CCDC88C;PLD1;RGL1;RALGPS1;ARHGAP33;RB1;ARHGAP31;ARL3;SOS2
gs_ind_0,Small Nucleolar Ribonucleoprotein Complex Assembly (GO:0000491),3/8,0.21111686342347444,0.9999999999998647,2.4896080976620043,3.8721956321797006,PIH1D2;ZNHIT6;NUFIP1
gs_ind_0,Small cell lung cancer,13/69,0.6703321065937344,0.9999999999998647,0.9338697478452973,0.37353109688210434,GADD45B;CCNE2;E2F1;TP53;FHIT;PIK3R1;PIK3R3;BCL2;RB1;TRAF5;E2F2;NFKB1;DDB2
gs_ind_0,Smooth Muscle Cell Differentiation (GO:0051145),2/6,0.3535944927466926,0.9999999999998647,2.172948409516172,2.2590069951074945,HEY1;MRTFB
gs_ind_0,Smooth Muscle Contraction (GO:0006939),1/8,0.8383192836348962,0.9999999999998647,0.7818181818181819,0.1378785183025454,TPCN2
gs_ind_0,Smooth Muscle Tissue Development (GO:0048745),1/6,0.7450017490315044,0.9999999999998647,1.0662906117451572,0.31388259496961246,EFEMP2
gs_ind_0,Smoothened Signaling Pathway (GO:0007224),8/25,0.1182553489302142,0.9999999999998647,1.9014118133192535,4.059341228234638,TCTN2;DISP1;IFT27;STK36;EVC2;B9D1;TTBK2;MAP3K10
gs_ind_0,Sodium Ion Import Across Plasma Membrane (GO:0098719),1/6,0.7450017490315044,0.9999999999998647,1.0662906117451572,0.31388259496961246,SLC9A7
gs_ind_0,Sodium Ion Transmembrane Transport (GO:0035725),5/30,0.7603934694129155,0.9999999999998647,0.8429735676579189,0.2309066931231196,SLC9A7;SLC4A8;SLC9A8;TPCN2;SLC24A1
gs_ind_0,Sodium Ion Transport (GO:0006814),5/35,0.8681399960682665,0.9999999999998647,0.7044916822161807,0.09961673823201628,SLC4A8;SLC9A8;SLC38A7;TPCN2;SLC24A1
gs_ind_0,Somatic Recombination Of Immunoglobulin Gene Segments (GO:0016447),2/7,0.4333076099965977,0.9999999999998647,1.7777210760370343,1.486721268820039,LIG4;XRCC4
gs_ind_0,Somatic Recombination Of Immunoglobulin Genes Involved In Immune Response (GO:0002204),2/6,0.3535944927466926,0.9999999999998647,2.172948409516172,2.2590069951074945,LIG4;SANBR
gs_ind_0,Somite Development (GO:0061053),1/7,0.796950772203989,0.9999999999998647,0.9021719021719021,0.20475907168261248,LOXL3
gs_ind_0,Skin Development (GO:0043588),2/34,0.9958201190803884,0.9999999999998647,0.3001788908765653,0.001257341622035895,DLL1;PPP3CA
gs_ind_0,Spermatid Development (GO:0007286),5/21,0.43069196449947617,0.9999999999998647,1.30374056830952,1.0982217002562886,JAM2;ING2;TTC21A;PLD6;MKKS
gs_ind_0,Spermidine Metabolic Process (GO:0008216),2/7,0.4333076099965977,0.9999999999998647,1.7777210760370343,1.486721268820039,HDAC10;PAOX
gs_ind_0,Sphingoid Biosynthetic Process (GO:0046520),3/9,0.27143988032691707,0.9999999999998647,2.1064186896049564,2.746800723669715,SPHK2;SPTSSA;ACER3
gs_ind_0,Sphingoid Metabolic Process (GO:0046519),3/5,0.06072572167688534,0.9999999999998647,5.478485480506979,15.347363043995708,KDSR;SPHK2;SGPP1
gs_ind_0,Sphingolipid Biosynthetic Process (GO:0030148),9/47,0.6393871807933493,0.9999999999998647,0.9646025088879935,0.43141373721709453,KDSR;SGPL1;SPTSSA;HACD2;ACER3;SMPD1;SGPP1;SPHK2;CERS6
gs_ind_0,Sphingolipid Catabolic Process (GO:0030149),3/10,0.3332097623755485,0.9999999999998647,1.8254131236964544,2.0060981191955864,SGPL1;ACER3;SMPD1
gs_ind_0,Sphingolipid Metabolic Process (GO:0006665),11/63,0.7627970873304097,0.9999999999998647,0.8558606585629266,0.2317355909123226,KDSR;GM2A;SGPL1;SPTSSA;HACD2;ACER3;SMPD1;SGPP1;ST6GALNAC6;SPHK2;CERS6
gs_ind_0,Sphingolipid metabolism,8/32,0.3203387398651502,0.9999999999998647,1.3573707805474753,1.545198701086204,KDSR;SGPL1;ARSA;ACER3;SMPD1;SGPP1;SPHK2;CERS6
gs_ind_0,Sphingolipid signaling pathway,19/89,0.4503582159749324,0.9999999999998647,1.0818948213568849,0.8630404572684238,S1PR2;PIK3R1;GNAI3;MAP3K5;SPHK2;NFKB1;PLCB2;S1PR1;TP53;PPP2R5B;SMPD1;SGPP1;CERS6;SGPL1;PPP2R3C;BCL2;PLD1;TRADD;PIK3R3
gs_ind_0,Sphingomyelin Metabolic Process (GO:0006684),1/8,0.8383192836348962,0.9999999999998647,0.7818181818181819,0.1378785183025454,SMPD1
gs_ind_0,Sphingosine Biosynthetic Process (GO:0046512),3/9,0.27143988032691707,0.9999999999998647,2.1064186896049564,2.746800723669715,SPHK2;SPTSSA;ACER3
gs_ind_0,Sphingosine Metabolic Process (GO:0006670),4/12,0.2151327165692436,0.9999999999998647,2.071341584298621,3.1826166651852184,SPHK2;SPTSSA;ACER3;SGPP1
gs_ind_0,Sphingosine-1-Phosphate Receptor Signaling Pathway (GO:0003376),2/7,0.4333076099965977,0.9999999999998647,1.7777210760370343,1.486721268820039,S1PR2;S1PR1
gs_ind_0,Spinal Cord Development (GO:0021510),4/9,0.09047082961658927,0.9999999999998647,3.2019521162515865,7.693419379716405,DLL1;SOX12;LOXL3;SOX4
gs_ind_0,Spindle Assembly (GO:0051225),12/59,0.5537486016188371,0.9999999999998647,1.0289621882542237,0.6081624245002051,SPICE1;STAG1;OFD1;STARD9;PIBF1;HAUS5;MZT1;GOLGA8A;ABRAXAS2;CEP63;HAUS3;KIFC2
gs_ind_0,Spermatogenesis,6/75,0.999048156910183,0.9999999999998647,0.36432315525450204,0.0003469436219407419,SIRT1;PARP2;PIAS2;TLE4;DMC1;COIL
gs_ind_0,Spindle Assembly Checkpoint Signaling (GO:0071173),1/24,0.995787107437436,0.9999999999998647,0.2491889513166109,0.0010520238707154806,HASPIN
gs_ind_0,Skeletal System Morphogenesis (GO:0048705),5/28,0.701969755260673,0.9999999999998647,0.9148662911638424,0.3237391231243193,FUZ;WWOX;HOXB4;RAB33B;OSR2
gs_ind_0,Skeletal Muscle Tissue Regeneration (GO:0043403),2/4,0.18640155558523228,0.9999999999998647,3.9119486768243785,6.571494931304808,TMEM182;PPP3CA
gs_ind_0,Semaphorin-Plexin Signaling Pathway Involved In Axon Guidance (GO:1902287),1/6,0.7450017490315044,0.9999999999998647,1.0662906117451572,0.31388259496961246,PLXNA3
gs_ind_0,Semaphorin-Plexin Signaling Pathway Involved In Neuron Projection Guidance (GO:1902285),1/8,0.8383192836348962,0.9999999999998647,0.7818181818181819,0.1378785183025454,PLXNA3
gs_ind_0,Sensory Organ Development (GO:0007423),4/37,0.9598385184135767,0.9999999999998647,0.5244863788903341,0.021498811352283487,PBX4;MEIS2;SIPA1L3;BLOC1S3
gs_ind_0,Sensory Perception (GO:0007600),1/14,0.958804759543803,0.9999999999998647,0.43412965635187856,0.018262884928106907,P2RX4
gs_ind_0,Sensory Perception Of Bitter Taste (GO:0050913),1/4,0.5978508540253882,0.9999999999998647,1.6758743901601045,0.8620931884147255,TAS2R14
gs_ind_0,Sensory Perception Of Chemical Stimulus (GO:0007606),1/9,0.8712616767850634,0.9999999999998647,0.689782983900631,0.09506100349519497,MKKS
gs_ind_0,Sensory Perception Of Light Stimulus (GO:0050953),6/46,0.9288071629401549,0.9999999999998647,0.6266914095724117,0.04628375296296041,RPGR;E2F1;ATXN7;SLC24A1;RGS16;RP2
gs_ind_0,Sensory Perception Of Mechanical Stimulus (GO:0050954),3/48,0.9984597096209878,0.9999999999998647,0.2999543373360155,0.00046237296574220106,P2RX4;USP53;PJVK
gs_ind_0,Sensory Perception Of Pain (GO:0019233),1/5,0.6797672063173691,0.9999999999998647,1.3033509700176367,0.5030998387884896,P2RX4
gs_ind_0,Sensory Perception Of Smell (GO:0007608),1/9,0.8712616767850634,0.9999999999998647,0.689782983900631,0.09506100349519497,MKKS
gs_ind_0,Sensory Perception Of Sound (GO:0007605),3/48,0.9984597096209878,0.9999999999998647,0.2999543373360155,0.00046237296574220106,MKKS;USP53;PJVK
gs_ind_0,Sequestering Of Extracellular Ligand From Receptor (GO:0035581),1/5,0.6797672063173691,0.9999999999998647,1.3033509700176367,0.5030998387884896,NRROS
gs_ind_0,Serine Family Amino Acid Biosynthetic Process (GO:0009070),2/10,0.6351727324480614,0.9999999999998647,1.1500070758054626,0.5219402535113675,SRR;SERINC5
gs_ind_0,Serine Family Amino Acid Metabolic Process (GO:0009069),1/8,0.8383192836348962,0.9999999999998647,0.7818181818181819,0.1378785183025454,SRR
gs_ind_0,Skeletal System Development (GO:0001501),8/86,0.9982731498743317,0.9999999999998647,0.4217588133603409,0.0007289438295246387,ITGB8;EIF2AK3;GHRL;WWOX;EVC;RAB33B;AKAP13;COL19A1
gs_ind_0,Serotonergic synapse,8/50,0.8265153825772754,0.9999999999998647,0.7813273340832396,0.14887157106733007,ITPR2;GNG7;ALOX5;GNAI3;JMJD7-PLA2G4B;PTGS1;PLCB2;PLA2G4C
gs_ind_0,Short-Chain Fatty Acid Catabolic Process (GO:0019626),2/5,0.27018544485746365,0.9999999999998647,2.7940199335548175,3.6563850298756777,PCCA;MCEE
gs_ind_0,Short-Chain Fatty Acid Metabolic Process (GO:0046459),2/5,0.27018544485746365,0.9999999999998647,2.7940199335548175,3.6563850298756777,PCCA;MCEE
gs_ind_0,Signal Complex Assembly (GO:0007172),1/4,0.5978508540253882,0.9999999999998647,1.6758743901601045,0.8620931884147255,NCK2
gs_ind_0,Signal Peptide Processing (GO:0006465),1/11,0.9183821192811181,0.9999999999998647,0.5583041297327012,0.04753497558033882,SEC11C
gs_ind_0,Signal Release (GO:0023061),1/4,0.5978508540253882,0.9999999999998647,1.6758743901601045,0.8620931884147255,PORCN
gs_ind_0,Signal Release From Synapse (GO:0099643),3/25,0.90914149796547,0.9999999999998647,0.6077223380929462,0.05788830786762473,SNAPIN;VAMP2;RAB3A
gs_ind_0,Signal Transduction By P53 Class Mediator (GO:0072331),10/25,0.01949504665687017,0.9999999999998647,2.6540155299316868,10.450437917715789,PYCARD;E2F7;PMAIP1;TP53;PAXIP1;FHIT;JMY;PDK2;MYO6;BCL3
gs_ind_0,Signal Transduction In Response To DNA Damage (GO:0042770),13/54,0.29698825543679164,0.9999999999998647,1.2729837747901311,1.545482099513367,HINFP;E2F7;MAP2K6;ERCC4;TP53;E2F1;PAXIP1;DTX3L;PARP9;CEP63;MYO6;BCL3;UFL1
gs_ind_0,Signaling pathways regulating pluripotency of stem cells,5/104,0.9999988711150627,0.9999999999998647,0.214725094407662,2.4240006155954945e-07,WNT2B;PIK3R1;BMPR2;FZD2;PIK3R3
gs_ind_0,Single Strand Break Repair (GO:0000012),2/6,0.3535944927466926,0.9999999999998647,2.172948409516172,2.2590069951074945,LIG4;SIRT1
gs_ind_0,Sister Chromatid Segregation (GO:0000819),2/31,0.9923681519400541,0.9999999999998647,0.33078710940154676,0.0025341996199267423,MIS12;RB1
gs_ind_0,Skeletal Muscle Fiber Development (GO:0048741),1/5,0.6797672063173691,0.9999999999998647,1.3033509700176367,0.5030998387884896,PPP3CA
gs_ind_0,Skeletal Muscle Organ Development (GO:0060538),3/19,0.7749900719826985,0.9999999999998647,0.8291206627481295,0.21134705233127382,IGSF8;TAFAZZIN;DISP1
gs_ind_0,Skeletal Muscle Tissue Development (GO:0007519),3/24,0.8935907530633411,0.9999999999998647,0.6360407284558184,0.07155927544861866,IGSF8;TAFAZZIN;PPP3CA
gs_ind_0,Shigellosis,37/183,0.5493270184479879,0.9999999999998647,1.0007639736595169,0.5995190198845819,FNBP1;UBE2D1;NOD1;PIK3R1;BCL10;CYTH1;CCL5;NFKB1;PLCB2;PYCARD;TP53;BTRC;GLMN;TLR5;FOXO1;TIFA;BCAR1;ITPR2;HCLS1;BCL2;WIPI1;TRADD;FOXO4;RPS6KA5;NFKBIB;U2AF1L4;MYL5;PIK3R3;RRAGB;RBX1;MALT1;RRAGC;TECPR1;ATG14;GABARAPL1;WASL;TRAF5
gs_ind_0,Spinocerebellar ataxia,13/111,0.9943420450186512,0.9999999999998647,0.5338184795103765,0.003028897711875386,ATXN1L;ERN1;ULK1;ATG2B;ITPR2;PLCB2;ATG14;PIK3R1;WIPI1;ATXN3;MAP3K5;PIK3R3;ATXN1
gs_ind_0,Spliceosomal Complex Assembly (GO:0000245),5/53,0.9900630026585661,0.9999999999998647,0.44237545368934467,0.004417870425480694,ZRSR2;GCFC2;RBMX2;NOL3;HTATSF1
gs_ind_0,Spliceosomal snRNP Assembly (GO:0000387),3/35,0.9831965010933547,0.9999999999998647,0.4203852941539449,0.007123966662712389,GEMIN6;COIL;CD2BP2
gs_ind_0,Sulfur Compound Catabolic Process (GO:0044273),6/17,0.11316880953611234,0.9999999999998647,2.212308250884996,4.820342443962048,MLYCD;FITM2;NAGLU;IDUA;SGSH;NUDT8
gs_ind_0,Sulfur Compound Transport (GO:0072348),4/12,0.2151327165692436,0.9999999999998647,2.071341584298621,3.1826166651852184,SLC26A11;SLC27A1;SLC26A2;SLC35B3
gs_ind_0,Sulfur relay system,2/8,0.5073711921876385,0.9999999999998647,1.5041021528591696,1.0205519747850815,MOCS3;CTU1
gs_ind_0,Superoxide Metabolic Process (GO:0006801),2/15,0.8412494484890192,0.9999999999998647,0.7237815200926668,0.12511797883472436,NRROS;PREX1
gs_ind_0,Suppression Of Viral Release By Host (GO:0044790),5/10,0.03521184072130791,0.9999999999998647,3.9147535720019264,13.100225141441804,TRIM21;TRIM13;TRIM32;TRIM26;MARCHF2
gs_ind_0,Supramolecular Fiber Organization (GO:0097435),27/178,0.9695772176990554,0.9999999999998647,0.7070843705227434,0.021845485143081305,RND1;MAP10;TLE6;KIF24;LOXL3;MYO6;B4GALT7;KATNAL1;CARMIL1;MARCKS;MTM1;CRIPT;BCAR1;RHOF;CAMSAP2;WHAMM;HCLS1;CCDC88C;CORO1A;PLK3;CLIP2;EFEMP2;MYO1G;NCKAP5L;SERPINB8;DDR2;CCDC88B
gs_ind_0,Surfactant Homeostasis (GO:0043129),2/5,0.27018544485746365,0.9999999999998647,2.7940199335548175,3.6563850298756777,NAPSA;NKIRAS1
gs_ind_0,Sympathetic Nervous System Development (GO:0048485),1/7,0.796950772203989,0.9999999999998647,0.9021719021719021,0.20475907168261248,SOX4
gs_ind_0,Synapse Assembly (GO:0007416),2/27,0.9831718167600401,0.9999999999998647,0.3828010755224303,0.0064966647947288835,SRGAP3;ZDHHC2
gs_ind_0,Synapse Organization (GO:0050808),8/57,0.9174891705635876,0.9999999999998647,0.670450284623513,0.05773549259301584,CBLN3;NEDD4;CACNB3;CACNB1;PPFIBP2;PPFIBP1;ZDHHC2;APPL1
gs_ind_0,Synaptic Vesicle Cycle (GO:0099504),4/26,0.8059597139185256,0.9999999999998647,0.7816080885893115,0.16860968527122933,BRSK1;SNAPIN;VAMP2;RAB3A
gs_ind_0,Synaptic Vesicle Endocytosis (GO:0048488),4/29,0.8700129911051704,0.9999999999998647,0.689484267467218,0.09600870896904941,SYNJ1;PACSIN1;VAMP2;DNM1
gs_ind_0,Synaptic Vesicle Exocytosis (GO:0016079),4/27,0.8297302243867123,0.9999999999998647,0.7482867064813202,0.13967120219120238,SNAPIN;SYT11;VAMP2;RAB3A
gs_ind_0,Synaptic Vesicle Localization (GO:0097479),2/11,0.6886104060141844,0.9999999999998647,1.028869286287089,0.38385015860250277,SYNJ1;SNAPIN
gs_ind_0,Sulfur Compound Biosynthetic Process (GO:0044272),9/47,0.6393871807933493,0.9999999999998647,0.9646025088879935,0.43141373721709453,B4GAT1;XYLT2;SLC35D2;ST3GAL3;B4GALT4;CSGALNACT2;DSE;CHST14;CHST12
gs_ind_0,Synaptic Vesicle Recycling (GO:0036465),5/35,0.8681399960682665,0.9999999999998647,0.7044916822161807,0.09961673823201628,VAMP2;PACSIN1;SYNJ1;RAB3A;DNM1
gs_ind_0,Synaptic Vesicle Transport Along Microtubule (GO:0099517),4/15,0.3655177183974608,0.9999999999998647,1.5306148081472022,1.540472769277779,SNAPIN;BLOC1S5;BLOC1S2;BLOC1S3
gs_ind_0,Synaptic Vesicle Uncoating (GO:0016191),1/4,0.5978508540253882,0.9999999999998647,1.6758743901601045,0.8620931884147255,SYNJ1
gs_ind_0,Synaptic vesicle cycle,5/46,0.9710232675165578,0.9999999999998647,0.5172908684021686,0.015210859642164235,VAMP2;ATP6V1G2;RAB3A;ATP6V1E2;DNM1
gs_ind_0,Synthesis and degradation of ketone bodies,1/4,0.5978508540253882,0.9999999999998647,1.6758743901601045,0.8620931884147255,BDH2
gs_ind_0,Systemic lupus erythematosus,7/68,0.9913478078323189,0.9999999999998647,0.47552159858947984,0.004132206463441329,TRIM21;H2BC14;CD80;C5;H2BC6;H2AC14;HLA-DMA
gs_ind_0,T Cell Activation (GO:0042110),13/52,0.24888894049466972,0.9999999999998647,1.337658686258091,1.8603468169427675,PTPRC;KIF13B;CD80;TREML2;PIK3R1;NCK2;CD84;SOX4;SLAMF6;PPP3CA;CEACAM21;PTPN22;PIK3R3
gs_ind_0,T Cell Differentiation (GO:0030217),8/26,0.14184060633958787,0.9999999999998647,1.7984851314435117,3.512533800272932,LIG4;PTPRC;MR1;PIK3R1;SOX4;PTPN22;PIK3R3;RABL3
gs_ind_0,T Cell Differentiation In Thymus (GO:0033077),4/10,0.12731015554677688,0.9999999999998647,2.7091218843746527,5.583849680727797,LIG4;MR1;PTPRC;RABL3
gs_ind_0,T Cell Homeostasis (GO:0043029),4/8,0.059636426619357134,0.9999999999998647,3.9138180067404913,11.034965670161052,NCKAP1L;ZC3H8;PMAIP1;PPP2R3C
gs_ind_0,T Cell Mediated Immunity (GO:0002456),5/12,0.07741634178848614,0.9999999999998647,2.870348370524964,7.343951025102794,MYO1G;CD70;BTN3A2;CR2;BTN3A3
gs_ind_0,T Cell Migration (GO:0072678),2/9,0.5747801384335589,0.9999999999998647,1.303448275862069,0.7218075267435339,S1PR1;MYO1G
gs_ind_0,T Cell Receptor Signaling Pathway (GO:0050852),16/59,0.13075964267923568,0.9999999999998647,1.4855252412459792,3.0221442760819595,ZC3H12A;PTPRJ;PTPRC;TEC;MALT1;BTN2A1;BTN2A3P;DENND1B;BTN3A2;BTN3A3;BTN2A2;THEMIS2;BCL10;INPP5D;BTN3A1;PTPN22
gs_ind_0,T cell receptor signaling pathway,20/77,0.13996561326999046,0.9999999999998647,1.3964678734999334,2.7459564814714112,PTPN6;CBLB;PIK3R1;BCL10;NFKB1;CARD11;VAV2;MAP3K14;PPP3CA;PDCD1;SOS2;MAP3K8;PTPRC;NCK2;NFKBIB;PIK3R3;TEC;MALT1;NFKBIE;VAV1
gs_ind_0,T-Circle Formation (GO:0090656),2/9,0.5747801384335589,0.9999999999998647,1.303448275862069,0.7218075267435339,TERF1;SLX4
gs_ind_0,Synaptic Vesicle Transport (GO:0048489),2/9,0.5747801384335589,0.9999999999998647,1.303448275862069,0.7218075267435339,SYNJ1;SNAPIN
gs_ind_0,Sulfur Amino Acid Transport (GO:0000101),1/5,0.6797672063173691,0.9999999999998647,1.3033509700176367,0.5030998387884896,SLC43A2
gs_ind_0,Sulfur Amino Acid Metabolic Process (GO:0000096),1/11,0.9183821192811181,0.9999999999998647,0.5583041297327012,0.04753497558033882,MSRA
gs_ind_0,Sulfate Transport (GO:0008272),2/6,0.3535944927466926,0.9999999999998647,2.172948409516172,2.2590069951074945,SLC26A11;SLC26A2
gs_ind_0,Spliceosomal tri-snRNP Complex Assembly (GO:0000244),1/12,0.9350149954629013,0.9999999999998647,0.5097141184097705,0.03424907390651992,CD2BP2
gs_ind_0,Spliceosome,9/135,0.9999978135713661,0.9999999999998647,0.29145003567541533,6.372353999932193e-07,SLU7;ISY1-RAB43;RBMXL1;SYF2;PRPF18;U2AF1L4;LSM3;MAGOHB;PRPF40B
gs_ind_0,Sprouting Angiogenesis (GO:0002040),5/29,0.7323401659236473,0.9999999999998647,0.8774527309719843,0.27333544537153315,E2F7;E2F8;DLL1;GPLD1;PIK3R3
gs_ind_0,Staphylococcus aureus infection,3/16,0.6615859657744176,0.9999999999998647,1.0136192666274488,0.4187416761244309,HLA-DMA;SELPLG;C5
gs_ind_0,Starch and sucrose metabolism,1/18,0.9834488709535161,0.9999999999998647,0.3347900776472205,0.005587522300482694,PYGB
gs_ind_0,Stem Cell Development (GO:0048864),2/11,0.6886104060141844,0.9999999999998647,1.028869286287089,0.38385015860250277,KBTBD8;PTPRC
gs_ind_0,Stem Cell Differentiation (GO:0048863),9/31,0.16330974218419125,0.9999999999998647,1.65271392594974,2.994893850450977,SETD6;PTPRC;TP53;MLLT3;FBXL17;HOXB4;FOXO4;ELL3;UFL1
gs_ind_0,Steroid Biosynthetic Process (GO:0006694),5/29,0.7323401659236473,0.9999999999998647,0.8774527309719843,0.27333544537153315,AMACR;SRD5A1;PMVK;HSD17B1;CYP7B1
gs_ind_0,Steroid Catabolic Process (GO:0006706),2/6,0.3535944927466926,0.9999999999998647,2.172948409516172,2.2590069951074945,STS;HSD17B14
gs_ind_0,Steroid Hormone Biosynthetic Process (GO:0120178),3/8,0.21111686342347444,0.9999999999998647,2.4896080976620043,3.8721956321797006,HSD17B8;SRD5A1;HSD17B1
gs_ind_0,Steroid Hormone Mediated Signaling Pathway (GO:0043401),1/5,0.6797672063173691,0.9999999999998647,1.3033509700176367,0.5030998387884896,CALCOCO1
gs_ind_0,Steroid Metabolic Process (GO:0008202),8/38,0.5222408971885355,0.9999999999998647,1.0898096168892237,0.7079689985900423,DHRS4;HSD17B14;AMACR;SRD5A1;HSD17B1;CYP27B1;STS;CYP7B1
gs_ind_0,Steroid biosynthesis,3/17,0.703416858444551,0.9999999999998647,0.943637037569776,0.33197678677575543,LIPA;CYP27B1;TM7SF2
gs_ind_0,Steroid hormone biosynthesis,6/17,0.11316880953611234,0.9999999999998647,2.212308250884996,4.820342443962048,SRD5A1;HSD17B8;HSD17B1;STS;HSD11B1L;CYP7B1
gs_ind_0,Sterol Biosynthetic Process (GO:0016126),4/25,0.7795519571143958,0.9999999999998647,0.818029134149209,0.20371865297410585,PLPP6;INSIG2;PMVK;TM7SF2
gs_ind_0,Sterol Homeostasis (GO:0055092),6/39,0.834361328350273,0.9999999999998647,0.7580780855638302,0.13727939246842022,NR1D1;SIRT1;LIPC;ABCA5;ABCD1;CYP7B1
gs_ind_0,Sterol Metabolic Process (GO:0016125),7/35,0.5883597026709875,0.9999999999998647,1.0289156626506024,0.5457541315257182,ABCA5;PMVK;PPARD;CYP7B1;PIP4P1;FDX1;APOL2
gs_ind_0,Substrate-Dependent Cell Migration (GO:0006929),1/7,0.796950772203989,0.9999999999998647,0.9021719021719021,0.20475907168261248,PTPRC
gs_ind_0,Substrate Adhesion-Dependent Cell Spreading (GO:0034446),4/25,0.7795519571143958,0.9999999999998647,0.818029134149209,0.20371865297410585,LPXN;SRGAP3;PIK3R1;FER
gs_ind_0,Substantia Nigra Development (GO:0021762),1/31,0.9991469767826728,0.9999999999998647,0.19188765090404436,0.0001637544744577269,ERCC4
gs_ind_0,Striated Muscle Tissue Development (GO:0014706),2/6,0.3535944927466926,0.9999999999998647,2.172948409516172,2.2590069951074945,TAFAZZIN;BMPR2
gs_ind_0,Striated Muscle Contraction (GO:0006941),2/25,0.9751645410194862,0.9999999999998647,0.41544813936426145,0.0104481310988571,TAFAZZIN;CCDC78
gs_ind_0,Striated Muscle Cell Differentiation (GO:0051146),4/12,0.2151327165692436,0.9999999999998647,2.071341584298621,3.1826166651852184,MYEF2;CBY1;KDM6B;SDC1
gs_ind_0,Semaphorin-Plexin Signaling Pathway (GO:0071526),4/22,0.6832810987213362,0.9999999999998647,0.9509167328136996,0.36215562908814614,SEMA4D;SEMA7A;PLXNA3;SEMA4A
gs_ind_0,Striated Muscle Cell Development (GO:0055002),1/7,0.796950772203989,0.9999999999998647,0.9021719021719021,0.20475907168261248,SDC1
gs_ind_0,Stress-Activated Protein Kinase Signaling Cascade (GO:0031098),3/18,0.7411693826261057,0.9999999999998647,0.8826847735518029,0.26438712180913754,MAP3K5;MAP2K6;MAP2K3
gs_ind_0,Stress-Activated MAPK Cascade (GO:0051403),11/36,0.09829020322066008,0.9999999999998647,1.7659832149041055,4.096782464093766,ZFP36;TRIB1;MAP2K6;MAP2K3;MAP4K1;MAP3K12;SH2D3A;SH2D3C;MAP4K2;MAP3K5;MAP3K10
gs_ind_0,Stress Granule Assembly (GO:0034063),1/22,0.9933519865267691,0.9999999999998647,0.27241406311173755,0.0018170589927772288,BICD1
gs_ind_0,Stress Fiber Assembly (GO:0043149),1/11,0.9183821192811181,0.9999999999998647,0.5583041297327012,0.04753497558033882,KCTD13
gs_ind_0,Store-Operated Calcium Entry (GO:0002115),2/6,0.3535944927466926,0.9999999999998647,2.172948409516172,2.2590069951074945,STIM2;CRACR2B
gs_ind_0,Stimulatory C-type Lectin Receptor Signaling Pathway (GO:0002223),1/13,0.948259129620717,0.9999999999998647,0.4688985088985089,0.02491139174442143,SYK
gs_ind_0,Stress-Induced Premature Senescence (GO:0090400),2/6,0.3535944927466926,0.9999999999998647,2.172948409516172,2.2590069951074945,SIRT1;TP53
gs_ind_0,Self Proteolysis (GO:0097264),1/8,0.8383192836348962,0.9999999999998647,0.7818181818181819,0.1378785183025454,CARD8
gs_ind_0,Selenocysteine Incorporation (GO:0001514),4/7,0.03544154835510565,0.9999999999998647,5.032464406080198,16.807779234629297,SECISBP2;SEPSECS;SECISBP2L;EEFSEC
gs_ind_0,Selenocompound metabolism,3/13,0.5117635076996409,0.9999999999998647,1.3035456441520936,0.8732356585687845,KYAT1;SEPSECS;PSTK
gs_ind_0,Response To Glucocorticoid (GO:0051384),1/13,0.948259129620717,0.9999999999998647,0.4688985088985089,0.02491139174442143,ZFP36
gs_ind_0,Response To Glucose (GO:0009749),8/36,0.45581636799708397,0.9999999999998647,1.1664791901012372,0.9164621672340194,SELENOS;ERN1;VAMP2;SOX4;KHK;KLRG1;ZBTB20;GPLD1
gs_ind_0,Response To Granulocyte Macrophage Colony-Stimulating Factor (GO:0097012),1/2,0.36582651410140676,0.9999999999998647,3.911014911014911,3.9329011974146835,ZFP36
gs_ind_0,Response To Hepatocyte Growth Factor (GO:0035728),2/3,0.10750248347352222,0.9999999999998647,6.520449077786688,14.542175020845065,BCAR1;APPL1
gs_ind_0,Response To Hexose (GO:0009746),5/18,0.2973982685333484,0.9999999999998647,1.5938531242753429,1.9328386950714114,SELENOS;VAMP2;KHK;KLRG1;GPLD1
gs_ind_0,Response To Hydrogen Peroxide (GO:0042542),7/35,0.5883597026709875,0.9999999999998647,1.0289156626506024,0.5457541315257182,SIRT1;MAPK7;TNFAIP3;HMOX1;FXN;GLRX2;MAP3K5
gs_ind_0,Response To Hydroxyurea (GO:0072710),1/8,0.8383192836348962,0.9999999999998647,0.7818181818181819,0.1378785183025454,NSMCE3
gs_ind_0,Response To Insulin (GO:0032868),17/64,0.14109573307965653,0.9999999999998647,1.4428686543110394,2.8255937253430066,SELENOS;CAPN10;FOXO1;SIRT1;TBC1D4;VAMP2;INSR;SYAP1;SLC27A1;PIK3R1;KHK;CPEB2;RHOQ;INSIG2;FER;GPLD1;KAT2B
gs_ind_0,Response To Interferon-Alpha (GO:0035455),1/13,0.948259129620717,0.9999999999998647,0.4688985088985089,0.02491139174442143,LAMP3
gs_ind_0,Response To Interferon-Beta (GO:0035456),4/18,0.5146542375367785,0.9999999999998647,1.2136370428170604,0.8061705265524838,XAF1;TRIM6;IKBKE;SHFL
gs_ind_0,Response To Interleukin-1 (GO:0070555),7/41,0.7575439420240626,0.9999999999998647,0.8495547407019381,0.23589903709524157,PYCARD;NR1D1;ZC3H12A;SMPD1;CCL5;NFKB1;IRAK2
gs_ind_0,Response To Interleukin-6 (GO:0070741),2/9,0.5747801384335589,0.9999999999998647,1.303448275862069,0.7218075267435339,SELPLG;NFKB1
gs_ind_0,Response To Ionizing Radiation (GO:0010212),13/64,0.5538905715801858,0.9999999999998647,1.0249586288693142,0.605533397794863,LIG4;SIRT1;ERCC4;TP53;PAXIP1;IKBIP;KDM4D;RAD9B;XRCC4;BRSK1;BRCA2;SMPD1;DCUN1D3
gs_ind_0,Response To Iron Ion (GO:0010039),3/10,0.3332097623755485,0.9999999999998647,1.8254131236964544,2.0060981191955864,HFE;BCL2;FXN
gs_ind_0,Response To Gamma Radiation (GO:0010332),3/19,0.7749900719826985,0.9999999999998647,0.8291206627481295,0.21134705233127382,LIG4;DCUN1D3;TP53
gs_ind_0,Response To Ketone (GO:1901654),1/12,0.9350149954629013,0.9999999999998647,0.5097141184097705,0.03424907390651992,TGFB3
gs_ind_0,Response To Leptin (GO:0044321),2/6,0.3535944927466926,0.9999999999998647,2.172948409516172,2.2590069951074945,NR1D1;SIRT1
gs_ind_0,Response To Leucine (GO:0043201),1/9,0.8712616767850634,0.9999999999998647,0.689782983900631,0.09506100349519497,SESN1
gs_ind_0,Response To Light Stimulus (GO:0009416),7/35,0.5883597026709875,0.9999999999998647,1.0289156626506024,0.5457541315257182,PRIMPOL;ERCC4;TRIM32;SLC24A1;BRSK1;UVSSA;DDB2
gs_ind_0,Response To Lipid (GO:0033993),15/66,0.3627508574342772,0.9999999999998647,1.1775624797702051,1.1940943071138903,FOXO1;TRIB1;PAQR8;VPS4B;TIRAP;HNRNPA0;OVCA2;TRIM6;GCH1;SYK;ILDR1;CYP27B1;FER;SRR;PTPN22
gs_ind_0,Response To Lipopolysaccharide (GO:0032496),24/85,0.05124143815032861,0.9999999999998647,1.5619014226000765,4.640732026862015,TRIB1;ZC3H12A;CD80;TNFAIP3;GCH1;PEX2;BCL10;SRR;NFKB1;ZFP36;PYCARD;TICAM1;CD274;TIRAP;CASP7;CYP27B1;NFKBIB;PTPN22;NFKBIL1;SELENOS;NR1D1;HNRNPA0;FER;TRIM6
gs_ind_0,Response To Lipoteichoic Acid (GO:0070391),1/4,0.5978508540253882,0.9999999999998647,1.6758743901601045,0.8620931884147255,TIRAP
gs_ind_0,Response To Metal Ion (GO:0010038),7/46,0.8549142214840987,0.9999999999998647,0.7417111483910325,0.1162662938085363,HFE;NEDD4;MELTF;KHK;BCL2;FXN;PPP3CA
gs_ind_0,Response To Misfolded Protein (GO:0051788),2/6,0.3535944927466926,0.9999999999998647,2.172948409516172,2.2590069951074945,DNAJB14;UBE2W
gs_ind_0,Response To Molecule Of Bacterial Origin (GO:0002237),10/40,0.2878641179135945,0.9999999999998647,1.3471012945521261,1.677500414595631,TRIB1;TIRAP;HNRNPA0;TNFAIP3;TRIM6;GCH1;CYP27B1;FER;SRR;PTPN22
gs_ind_0,Response To Muramyl Dipeptide (GO:0032495),2/9,0.5747801384335589,0.9999999999998647,1.303448275862069,0.7218075267435339,NOD1;PTPN22
gs_ind_0,Response To Nitric Oxide (GO:0071731),1/6,0.7450017490315044,0.9999999999998647,1.0662906117451572,0.31388259496961246,FOXO1
gs_ind_0,Response To Nutrient Levels (GO:0031667),4/22,0.6832810987213362,0.9999999999998647,0.9509167328136996,0.36215562908814614,PRKAB2;ULK1;OTUD3;PPARD
gs_ind_0,Response To Organic Cyclic Compound (GO:0014070),7/34,0.5550719272226858,0.9999999999998647,1.0664184008762323,0.6277552698308435,PAQR8;PMAIP1;KYNU;TIPARP;CYP27B1;ADA;CCL5
gs_ind_0,Response To Organonitrogen Compound (GO:0010243),3/32,0.9716258792616584,0.9999999999998647,0.46325054997049603,0.013334410668409713,KYNU;RRAGC;RNF185
gs_ind_0,Response To Laminar Fluid Shear Stress (GO:0034616),2/8,0.5073711921876385,0.9999999999998647,1.5041021528591696,1.0205519747850815,MAPK7;SMAD7
gs_ind_0,Response To Fibroblast Growth Factor (GO:0071774),3/16,0.6615859657744176,0.9999999999998647,1.0136192666274488,0.4187416761244309,ZFP36;CCL5;DSTYK
gs_ind_0,Response To Fatty Acid (GO:0070542),2/11,0.6886104060141844,0.9999999999998647,1.028869286287089,0.38385015860250277,ILDR1;FOXO1
gs_ind_0,Response To Exogenous dsRNA (GO:0043330),4/15,0.3655177183974608,0.9999999999998647,1.5306148081472022,1.540472769277779,RIGI;IFIH1;TICAM1;IFIT1
gs_ind_0,Release Of Sequestered Calcium Ion Into Cytosol By Sarcoplasmic Reticulum (GO:0014808),1/1,0.2036432488900496,0.9999999999998647,11.734006734006734,18.67332929974073,NOL3
gs_ind_0,Renal Absorption (GO:0070293),1/6,0.7450017490315044,0.9999999999998647,1.0662906117451572,0.31388259496961246,MAGED2
gs_ind_0,Renal Filtration (GO:0097205),1/6,0.7450017490315044,0.9999999999998647,1.0662906117451572,0.31388259496961246,PPP3CA
gs_ind_0,Renal System Development (GO:0072001),4/32,0.9149494261049113,0.9999999999998647,0.6167549350024073,0.05482117966687333,NPHP3;CEP290;IFT27;ARL3
gs_ind_0,Renal cell carcinoma,6/59,0.9882787885499934,0.9999999999998647,0.47390396659707723,0.0055875393132633995,RBX1;TGFB3;PIK3R1;BAD;PIK3R3;SOS2
gs_ind_0,Renin secretion,4/33,0.9265042434326021,0.9999999999998647,0.5957990256481398,0.04548130359758708,GNAI3;PLCB2;ITPR2;PPP3CA
gs_ind_0,Replication Fork Processing (GO:0031297),10/43,0.3760343747673943,0.9999999999998647,1.2261629623229726,1.1992789930042096,ETAA1;PRIMPOL;EME1;EXD2;FAM111A;BRCA2;CENPS;SETMAR;EME2;TRAIP
gs_ind_0,Rescue Of Stalled Ribosome (GO:0072344),2/19,0.9227080233311012,0.9999999999998647,0.5581624470156948,0.0448999429825696,TRIP4;MTRES1
gs_ind_0,Resolution Of Meiotic Recombination Intermediates (GO:0000712),5/12,0.07741634178848614,0.9999999999998647,2.870348370524964,7.343951025102794,ERCC4;EME1;CENPS;EME2;SLX4
gs_ind_0,Respiratory Chain Complex III Assembly (GO:0017062),3/11,0.3947032014005075,0.9999999999998647,1.6105265144723058,1.4971795674609456,UQCC4;UQCC5;UQCC3
gs_ind_0,Respiratory Electron Transport Chain (GO:0022904),1/11,0.9183821192811181,0.9999999999998647,0.5583041297327012,0.04753497558033882,ETFRF1
gs_ind_0,Respiratory System Development (GO:0060541),3/20,0.8050898859562208,0.9999999999998647,0.781678164607733,0.16946887996429236,DISP1;LOXL3;NPHP3
gs_ind_0,Respiratory Tube Development (GO:0030323),3/15,0.6156231394758771,0.9999999999998647,1.0947986523343494,0.5311090388707119,HECA;LOXL3;NPHP3
gs_ind_0,Response To ATP (GO:0033198),3/13,0.5117635076996409,0.9999999999998647,1.3035456441520936,0.8732356585687845,DGKQ;P2RX4;SSH1
gs_ind_0,Response To Acidic pH (GO:0010447),1/6,0.7450017490315044,0.9999999999998647,1.0662906117451572,0.31388259496961246,CTSS
gs_ind_0,Response To Alcohol (GO:0097305),1/12,0.9350149954629013,0.9999999999998647,0.5097141184097705,0.03424907390651992,PMVK
gs_ind_0,Response To Amino Acid (GO:0043200),3/22,0.855158977207062,0.9999999999998647,0.7013908600624468,0.10974514729108541,CPEB3;RRAGC;RRAGB
gs_ind_0,Response To Estrogen (GO:0043627),6/27,0.48044136493869966,0.9999999999998647,1.1823566538816332,0.8667266483262177,ARID5A;GHRL;ESR2;CYP27B1;SFR1;BCAS3
gs_ind_0,Response To Epidermal Growth Factor (GO:0070849),4/25,0.7795519571143958,0.9999999999998647,0.818029134149209,0.20371865297410585,ZFP36;ERBB2;DUSP22;SYAP1
gs_ind_0,Response To Endoplasmic Reticulum Stress (GO:0034976),17/91,0.6954625817159135,0.9999999999998647,0.9179055643586845,0.3333631709555789,SELENOS;ERN1;MBTPS2;EIF2AK3;BBC3;TP53;NIBAN1;DNAJB9;RNF185;TMEM117;PIK3R1;ATG10;BCL2;FICD;CHAC1;MAP3K5;UFL1
gs_ind_0,Response To DNA Damage Checkpoint Signaling (GO:0072423),2/5,0.27018544485746365,0.9999999999998647,2.7940199335548175,3.6563850298756777,EME1;SLX4
gs_ind_0,Response To Cytokine (GO:0034097),20/88,0.32983759405332896,0.9999999999998647,1.1711554606759036,1.2989928001792033,MX1;KYNU;GCH1;TRIM56;NFKB1;TRIM21;CD274;RELB;LAMP3;SMPD1;IKBKE;NFKB2;TMEM102;HCLS1;BCL2;SHFL;CYP27B1;IRAK2;TRIM32;XAF1
gs_ind_0,Response To Cholesterol (GO:0070723),2/10,0.6351727324480614,0.9999999999998647,1.1500070758054626,0.5219402535113675,GPLD1;PMVK
gs_ind_0,Response To Organophosphorus (GO:0046683),2/14,0.8111659406206002,0.9999999999998647,0.7817481956696071,0.1636063210775793,DGKQ;P2RX4
gs_ind_0,Response To Chemokine (GO:1990868),2/11,0.6886104060141844,0.9999999999998647,1.028869286287089,0.38385015860250277,ZC3H12A;LRCH1
gs_ind_0,Response To Bile Acid (GO:1903412),1/4,0.5978508540253882,0.9999999999998647,1.6758743901601045,0.8620931884147255,CYP27B1
gs_ind_0,Response To BMP (GO:0071772),1/15,0.9672015674762875,0.9999999999998647,0.40415650760478344,0.013477956327923916,BMPR2
gs_ind_0,Response To Axon Injury (GO:0048678),2/10,0.6351727324480614,0.9999999999998647,1.1500070758054626,0.5219402535113675,P2RX4;MAPK8IP3
gs_ind_0,Response To Auditory Stimulus (GO:0010996),1/3,0.49498852941534904,0.9999999999998647,2.3464165464165463,1.650048661813499,USP53
gs_ind_0,Response To Amyloid-Beta (GO:1904645),2/19,0.9227080233311012,0.9999999999998647,0.5581624470156948,0.0448999429825696,TLR6;CACNB1
gs_ind_0,Response To Amino Acid Starvation (GO:1990928),10/37,0.2066708203571636,0.9999999999998647,1.494426171994913,2.356154133714444,EIF2AK3;TFEB;RRAGC;WDR24;DEPDC5;PEX2;SESN1;MAP3K5;KICS2;RRAGB
gs_ind_0,Response To Calcium Ion (GO:0051592),9/64,0.9262648030967415,0.9999999999998647,0.6682031653901128,0.05118110213770533,CAMK2D;NEDD4;ITPKC;CPNE8;SMPD1;CDKN2AIP;PPP3CA;GPLD1;SYT11
gs_ind_0,T-helper 1 Type Immune Response (GO:0042088),1/5,0.6797672063173691,0.9999999999998647,1.3033509700176367,0.5030998387884896,IL18BP
gs_ind_0,Response To Peptide Hormone (GO:0043434),3/32,0.9716258792616584,0.9999999999998647,0.46325054997049603,0.013334410668409713,KHK;SIRT1;SLC27A1
gs_ind_0,Response To Potassium Ion (GO:0035864),2/4,0.18640155558523228,0.9999999999998647,3.9119486768243785,6.571494931304808,DLG2;DLG4
gs_ind_0,Riboflavin metabolism,1/8,0.8383192836348962,0.9999999999998647,0.7818181818181819,0.1378785183025454,ACP5
gs_ind_0,Ribonucleoprotein Complex Biogenesis (GO:0022613),2/108,0.9999999994531907,0.9999999999998647,0.09104668104860116,4.978516871609804e-11,LTO1;UTP3
gs_ind_0,Ribonucleoside Bisphosphate Biosynthetic Process (GO:0034030),2/10,0.6351727324480614,0.9999999999998647,1.1500070758054626,0.5219402535113675,PANK1;PPCDC
gs_ind_0,Ribonucleoside Bisphosphate Catabolic Process (GO:0034031),3/8,0.21111686342347444,0.9999999999998647,2.4896080976620043,3.8721956321797006,MLYCD;FITM2;NUDT8
gs_ind_0,Ribonucleoside Bisphosphate Metabolic Process (GO:0033875),3/11,0.3947032014005075,0.9999999999998647,1.6105265144723058,1.4971795674609456,ACSF2;MLYCD;CROT
gs_ind_0,Ribosomal Large Subunit Biogenesis (GO:0042273),2/48,0.9997658262106686,0.9999999999998647,0.20956101094239077,4.907944281236589e-05,LTO1;NEDD4
gs_ind_0,Ribosomal Small Subunit Biogenesis (GO:0042274),2/80,0.9999997488807532,0.9999999999998647,0.12380796714662962,3.109056736653308e-08,UTP3;SRFBP1
gs_ind_0,Ribosome,2/128,0.9999999999934698,0.9999999999998647,0.07652516236596289,4.997262076609519e-13,MRPL33;MRPS17
gs_ind_0,Ribosome Assembly (GO:0042255),2/44,0.9994611530591405,0.9999999999998647,0.22935987546582387,0.0001236231772281396,MTERF4;DHX29
gs_ind_0,Ribosome Biogenesis (GO:0042254),6/144,0.9999999968981653,0.9999999999998647,0.181779127695334,5.638488028962307e-10,PIN4;DHX29;UTP3;LTO1;PIH1D2;ESF1
gs_ind_0,Ribosome Disassembly (GO:0032790),1/9,0.8712616767850634,0.9999999999998647,0.689782983900631,0.09506100349519497,TRIP4
gs_ind_0,Ribosome biogenesis in eukaryotes,2/71,0.9999982411141696,0.9999999999998647,0.13994449989326901,2.4614661438047663e-07,RPP40;POP1
gs_ind_0,Ribosome-Associated Ubiquitin-Dependent Protein Catabolic Process (GO:1990116),1/6,0.7450017490315044,0.9999999999998647,1.0662906117451572,0.31388259496961246,TRIP4
gs_ind_0,Ruffle Organization (GO:0031529),1/13,0.948259129620717,0.9999999999998647,0.4688985088985089,0.02491139174442143,CARMIL1
gs_ind_0,Rho Protein Signal Transduction (GO:0007266),4/34,0.9366239135868697,0.9999999999998647,0.5762172742843161,0.03772693302468156,ARHGDIB;WAS;RHOV;EPS8
gs_ind_0,SCF-dependent Proteasomal Ubiquitin-Dependent Protein Catabolic Process (GO:0031146),12/37,0.05804112116791398,0.9999999999998647,1.9201646869528182,5.465947583729659,RBX1;BTRC;FBXL8;FBXW4;FBXL14;FBXO17;FBXL17;FBXL9P;FBXL6;FBXL15;FBXL3;FBXL18
gs_ind_0,SNARE Complex Assembly (GO:0035493),4/8,0.059636426619357134,0.9999999999998647,3.9138180067404913,11.034965670161052,VAMP4;UVRAG;VAMP1;VAMP2
gs_ind_0,SNARE interactions in vesicular transport,8/31,0.2873953664179427,0.9999999999998647,1.4152474861614943,1.7646670350639349,VAMP4;VAMP1;VAMP2;STX8;STX7;STX6;BNIP1;VTI1A
gs_ind_0,SREBP Signaling Pathway (GO:0032933),2/7,0.4333076099965977,0.9999999999998647,1.7777210760370343,1.486721268820039,ERLIN1;INSIG2
gs_ind_0,SRP-dependent Cotranslational Protein Targeting To Membrane (GO:0006614),1/8,0.8383192836348962,0.9999999999998647,0.7818181818181819,0.1378785183025454,SEC61A2
gs_ind_0,Salivary secretion,3/38,0.9901666994410951,0.9999999999998647,0.3847648703063883,0.003802233656682713,VAMP2;PLCB2;ITPR2
gs_ind_0,Salmonella infection,25/202,0.9989923944542576,0.9999999999998647,0.5580509718514675,0.0005625787303902011,NOD1;MLKL;CYTH1;MYO6;NFKB1;PYCARD;MAP2K6;FYCO1;TIRAP;CASP7;TLR5;GSDMD;PTPRC;MAP2K3;TNFSF10;TLR6;BCL2;TRADD;RAB9A;NCKAP1L;MYL5;SNX18;DYNLT3;WASL;CYFIP2
gs_ind_0,Sarcoplasmic Reticulum Calcium Ion Transport (GO:0070296),1/4,0.5978508540253882,0.9999999999998647,1.6758743901601045,0.8620931884147255,NOL3
gs_ind_0,Schwann Cell Development (GO:0014044),1/6,0.7450017490315044,0.9999999999998647,1.0662906117451572,0.31388259496961246,CNTNAP1
gs_ind_0,Second-Messenger-Mediated Signaling (GO:0019932),7/31,0.44920110650167155,0.9999999999998647,1.1972953036636342,0.9581769846126265,NCALD;DDAH2;EIF2AK3;P2RX4;TPCN2;KLRG1;INPP5A
gs_ind_0,Secondary Alcohol Biosynthetic Process (GO:1902653),4/21,0.6453026935758588,0.9999999999998647,1.0053373684572529,0.4403737382587221,PLPP6;INSIG2;PMVK;TM7SF2
gs_ind_0,Secondary Alcohol Metabolic Process (GO:1902652),5/26,0.6343092946916826,0.9999999999998647,1.0001344050894727,0.4552797806827438,ABCA5;PPARD;PIP4P1;FDX1;APOL2
gs_ind_0,Secondary Palate Development (GO:0062009),1/9,0.8712616767850634,0.9999999999998647,0.689782983900631,0.09506100349519497,TGFB3
gs_ind_0,Secretory Granule Organization (GO:0033363),6/25,0.4011803929197172,0.9999999999998647,1.3038381242974144,1.1908528518924364,HPS3;HPS5;BLOC1S2;AP1S3;HPS6;BLOC1S3
gs_ind_0,Selective Autophagy (GO:0061912),10/48,0.52509886741618,0.9999999999998647,1.0664824803753892,0.6869946492012003,TAFAZZIN;ULK1;ATG2B;ATG14;SNX18;STK3;SPATA33;PEX2;PJVK;UFL1
gs_ind_0,SMAD Protein Signal Transduction (GO:0060395),3/30,0.9600690670051404,0.9999999999998647,0.4970231757653545,0.020253720412285476,TGFB3;ZMIZ2;SMAD7
gs_ind_0,Rheumatoid arthritis,9/48,0.6657614069573112,0.9999999999998647,0.9401048714134852,0.3824571494128663,CD80;IL23A;LTB;ACP5;ATP6V1G2;CCL5;TGFB3;HLA-DMA;ATP6V1E2
gs_ind_0,Reverse Cholesterol Transport (GO:0043691),2/7,0.4333076099965977,0.9999999999998647,1.7777210760370343,1.486721268820039,ABCA5;LIPC
gs_ind_0,Retrotransposon Silencing (GO:0010526),4/15,0.3655177183974608,0.9999999999998647,1.5306148081472022,1.540472769277779,APOBEC3G;APOBEC3D;APOBEC3F;ZNF91
gs_ind_0,Response To Progesterone (GO:0032570),2/10,0.6351727324480614,0.9999999999998647,1.1500070758054626,0.5219402535113675,TRERF1;TGFB3
gs_ind_0,Response To Purine-Containing Compound (GO:0014074),3/16,0.6615859657744176,0.9999999999998647,1.0136192666274488,0.4187416761244309,DGKQ;P2RX4;ADA
gs_ind_0,Response To Reactive Oxygen Species (GO:0000302),11/51,0.4704080712537728,0.9999999999998647,1.1105451599258902,0.8375228788703423,SIRT1;COA8;HMOX1;PDK2;GLRX2;PEX10;PEX2;PJVK;FER;PLK3;PEX12
gs_ind_0,Response To Retinoic Acid (GO:0032526),2/42,0.9991847724172399,0.9999999999998647,0.24072589028483174,0.00019632642187942558,OVCA2;ZNF35
gs_ind_0,Response To Steroid Hormone (GO:0048545),2/19,0.9227080233311012,0.9999999999998647,0.5581624470156948,0.0448999429825696,PAQR8;TGFB3
gs_ind_0,Response To Sterol (GO:0036314),1/7,0.796950772203989,0.9999999999998647,0.9021719021719021,0.20475907168261248,PMVK
gs_ind_0,Response To Thyroid Hormone (GO:0097066),2/9,0.5747801384335589,0.9999999999998647,1.303448275862069,0.7218075267435339,KLF9;CTSS
gs_ind_0,Response To Transforming Growth Factor Beta (GO:0071559),3/24,0.8935907530633411,0.9999999999998647,0.6360407284558184,0.07155927544861866,MAPK7;WWOX;SMAD7
gs_ind_0,Response To Tumor Necrosis Factor (GO:0034612),10/57,0.7507691480787169,0.9999999999998647,0.863772310660878,0.2476064372832618,ZFP36;PYCARD;SIRT1;NR1D1;ZC3H12A;TRIM32;GCH1;TRADD;SMPD1;CCL5
gs_ind_0,Response To Type I Interferon (GO:0034340),5/9,0.02109342287281697,0.9999999999998647,4.785091239899395,18.464681362536957,MX1;SHFL;SMPD1;TRIM56;IFIT1
gs_ind_0,Response To Type II Interferon (GO:0034341),8/39,0.5543717516109412,0.9999999999998647,1.0551257623409318,0.622439563382301,TRIM21;KYNU;SHFL;GCH1;IL12RB1;CYP27B1;AIF1;CCL5
gs_ind_0,Response To UV (GO:0009411),18/83,0.4249389522627891,0.9999999999998647,1.104864304762655,0.945553657822533,PRIMPOL;NSMCE3;RBX1;BMF;XPA;TP53;ERCC4;COPS9;TRIM32;UVSSA;NEDD4;BRSK1;ZBTB1;SMPD1;TENT4A;DCUN1D3;BCL3;DDB2
gs_ind_0,Response To UV-C (GO:0010225),2/7,0.4333076099965977,0.9999999999998647,1.7777210760370343,1.486721268820039,ST20;DCUN1D3
gs_ind_0,Response To Unfolded Protein (GO:0006986),4/38,0.9656285722650353,0.9999999999998647,0.5092420087500785,0.017811258412894725,ERN1;DNAJB5;DNAJB2;OPTN
gs_ind_0,Response To Vitamin (GO:0033273),2/6,0.3535944927466926,0.9999999999998647,2.172948409516172,2.2590069951074945,KYNU;CYP27B1
gs_ind_0,Response To Vitamin D (GO:0033280),2/6,0.3535944927466926,0.9999999999998647,2.172948409516172,2.2590069951074945,CYP27B1;FES
gs_ind_0,Response To X-ray (GO:0010165),3/10,0.3332097623755485,0.9999999999998647,1.8254131236964544,2.0060981191955864,LIG4;XRCC4;IKBIP
gs_ind_0,Retrograde endocannabinoid signaling,7/86,0.9994502017629276,0.9999999999998647,0.36731075244373723,0.00020200233950616456,ABHD6;ITPR2;GNG7;GNAI3;MGLL;NAPEPLD;PLCB2
gs_ind_0,"Retrograde Vesicle-Mediated Transport, Golgi To Endoplasmic Reticulum (GO:0006890)",5/42,0.9483533985803628,0.9999999999998647,0.5726569272756462,0.030366887548774212,UVRAG;PICK1;BNIP1;RAB43;BICD2
gs_ind_0,"Retrograde Transport, Vesicle Recycling Within Golgi (GO:0000301)",1/8,0.8383192836348962,0.9999999999998647,0.7818181818181819,0.1378785183025454,COG6
gs_ind_0,"Retrograde Transport, Endosome To Golgi (GO:0042147)",11/77,0.9344839706837894,0.9999999999998647,0.6749006181208208,0.04573180921933583,RAB43;SLC66A2;RGP1;SGSM2;TBC1D10C;TBC1D17;RAB9A;STX6;VTI1A;CLN5;TBC1D10A
gs_ind_0,"Retrograde Protein Transport, ER To Cytosol (GO:0030970)",2/17,0.8887155005535027,0.9999999999998647,0.6302868820653439,0.07436005923900754,SELENOS;DERL2
gs_ind_0,Retrograde Axonal Transport (GO:0008090),2/11,0.6886104060141844,0.9999999999998647,1.028869286287089,0.38385015860250277,DST;DLG2
gs_ind_0,Response To Platelet-Derived Growth Factor (GO:0036119),2/4,0.18640155558523228,0.9999999999998647,3.9119486768243785,6.571494931304808,FER;SYAP1
gs_ind_0,Retinol metabolism,1/13,0.948259129620717,0.9999999999998647,0.4688985088985089,0.02491139174442143,DHRS4
gs_ind_0,Retinal Rod Cell Differentiation (GO:0060221),1/3,0.49498852941534904,0.9999999999998647,2.3464165464165463,1.650048661813499,RPGRIP1L
gs_ind_0,Retinal Metabolic Process (GO:0042574),1/4,0.5978508540253882,0.9999999999998647,1.6758743901601045,0.8620931884147255,DHRS4
gs_ind_0,Reticulophagy (GO:0061709),3/11,0.3947032014005075,0.9999999999998647,1.6105265144723058,1.4971795674609456,ULK1;ATG2B;UFL1
gs_ind_0,Response To dsRNA (GO:0043331),3/8,0.21111686342347444,0.9999999999998647,2.4896080976620043,3.8721956321797006,RIGI;TICAM1;PMAIP1
gs_ind_0,Response To cAMP (GO:0051591),1/23,0.994707757026508,0.9999999999998647,0.26028539361872693,0.0013811514722157068,DGKQ
gs_ind_0,Response To Zinc Ion (GO:0010043),2/14,0.8111659406206002,0.9999999999998647,0.7817481956696071,0.1636063210775793,KHK;P2RX4
gs_ind_0,Retinoid Metabolic Process (GO:0001523),3/14,0.5656020552601939,0.9999999999998647,1.1900961920772326,0.6781936079104792,NAPEPLD;DHRS4;E2F1
gs_ind_0,Release Of Sequestered Calcium Ion Into Cytosol By Endoplasmic Reticulum (GO:1903514),1/1,0.2036432488900496,0.9999999999998647,11.734006734006734,18.67332929974073,NOL3
gs_ind_0,T-helper 17 Cell Differentiation (GO:0072539),1/6,0.7450017490315044,0.9999999999998647,1.0662906117451572,0.31388259496961246,SLAMF6
gs_ind_0,T-helper Cell Lineage Commitment (GO:0002295),1/9,0.8712616767850634,0.9999999999998647,0.689782983900631,0.09506100349519497,SLAMF6
gs_ind_0,Zymogen Inhibition (GO:0097341),1/2,0.36582651410140676,0.9999999999998647,3.911014911014911,3.9329011974146835,CARD8
gs_ind_0,[2Fe-2S] Cluster Assembly (GO:0044571),2/9,0.5747801384335589,0.9999999999998647,1.303448275862069,0.7218075267435339,FXN;HSCB
gs_ind_0,acetyl-CoA Biosynthetic Process (GO:0006085),1/10,0.8974937817113968,0.9999999999998647,0.6171236171236171,0.06674135581913541,MLYCD
gs_ind_0,acetyl-CoA Metabolic Process (GO:0006084),3/11,0.3947032014005075,0.9999999999998647,1.6105265144723058,1.4971795674609456,MLYCD;NUDT8;PMVK
gs_ind_0,acyl-CoA Biosynthetic Process (GO:0071616),2/11,0.6886104060141844,0.9999999999998647,1.028869286287089,0.38385015860250277,HTD2;MLYCD
gs_ind_0,acyl-CoA Metabolic Process (GO:0006637),3/15,0.6156231394758771,0.9999999999998647,1.0947986523343494,0.5311090388707119,ACSF2;MLYCD;MCEE
gs_ind_0,alpha-Linolenic acid metabolism,3/11,0.3947032014005075,0.9999999999998647,1.6105265144723058,1.4971795674609456,JMJD7-PLA2G4B;ACOX3;PLA2G4C
gs_ind_0,beta-Alanine metabolism,4/15,0.3655177183974608,0.9999999999998647,1.5306148081472022,1.540472769277779,ALDH3A2;MLYCD;ACOX3;ALDH6A1
gs_ind_0,cAMP signaling pathway,14/119,0.9953214479867014,0.9999999999998647,0.5351802832613899,0.0025097443651988204,CAMK2D;CREB3L4;VAV2;GHRL;NFKB1;ACOX3;PIK3R1;BAD;PLD1;CREB3;GNAI3;VAV1;CNGA1;PIK3R3
gs_ind_0,cAMP-mediated Signaling (GO:0019933),3/12,0.45456002967759573,0.9999999999998647,1.4408791914006096,1.1360256023861053,DGKQ;MAPK7;SERPINB8
gs_ind_0,cGMP-PKG signaling pathway,12/104,0.9939557536182282,0.9999999999998647,0.5264290839512078,0.003191522004371914,CREB3L4;NFATC4;ITPR2;BORCS8-MEF2B;INSR;BAD;GNAI3;CREB3;MEF2B;PPP3CA;CNGA1;PLCB2
gs_ind_0,calcineurin-NFAT Signaling Cascade (GO:0033173),2/9,0.5747801384335589,0.9999999999998647,1.303448275862069,0.7218075267435339,NFATC4;PPP3CA
gs_ind_0,fatty-acyl-CoA Biosynthetic Process (GO:0046949),3/20,0.8050898859562208,0.9999999999998647,0.781678164607733,0.16946887996429236,HACD2;ACSL1;HTD2
gs_ind_0,fatty-acyl-CoA Catabolic Process (GO:0036115),2/5,0.27018544485746365,0.9999999999998647,2.7940199335548175,3.6563850298756777,FITM2;NUDT8
gs_ind_0,Zymogen Activation (GO:0031638),4/21,0.6453026935758588,0.9999999999998647,1.0053373684572529,0.4403737382587221,VSIR;CYFIP2;TBC1D10A;BAD
gs_ind_0,fatty-acyl-CoA Metabolic Process (GO:0035337),2/15,0.8412494484890192,0.9999999999998647,0.7237815200926668,0.12511797883472436,HTD2;FITM2
gs_ind_0,interleukin-17A-mediated Signaling Pathway (GO:0038173),1/5,0.6797672063173691,0.9999999999998647,1.3033509700176367,0.5030998387884896,IL17RA
gs_ind_0,intra-Golgi Vesicle-Mediated Transport (GO:0006891),4/28,0.8510236359077189,0.9999999999998647,0.7176854371984711,0.11577369652446345,COG6;VTI1A;RAB33B;RAB43
gs_ind_0,mRNA 3'-End Processing (GO:0031124),8/36,0.45581636799708397,0.9999999999998647,1.1664791901012372,0.9164621672340194,LSM11;TUT1;HEXIM1;CSTF2T;PEX2;LEO1;TENT4B;MBLAC1
gs_ind_0,mRNA 3'-End Processing By Stem-Loop Binding And Cleavage (GO:0006398),1/5,0.6797672063173691,0.9999999999998647,1.3033509700176367,0.5030998387884896,LSM11
gs_ind_0,mRNA 3'-Splice Site Recognition (GO:0000389),1/4,0.5978508540253882,0.9999999999998647,1.6758743901601045,0.8620931884147255,SLU7
gs_ind_0,mRNA 5'-Splice Site Recognition (GO:0000395),1/4,0.5978508540253882,0.9999999999998647,1.6758743901601045,0.8620931884147255,PRPF39
gs_ind_0,mRNA Catabolic Process (GO:0006402),8/41,0.6156588015493214,0.9999999999998647,0.9919700868947885,0.4811673538716749,ZFP36;ERN1;NUDT12;DIS3L2;NUDT16;NBDY;DXO;NUDT16L1
gs_ind_0,"mRNA Cis Splicing, Via Spliceosome (GO:0045292)",2/16,0.8669156603053907,0.9999999999998647,0.6738102480435805,0.09622925683039828,PRPF39;WBP4
gs_ind_0,mRNA Cleavage Involved In mRNA Processing (GO:0098787),3/11,0.3947032014005075,0.9999999999998647,1.6105265144723058,1.4971795674609456,ERN1;TUT1;CSTF2T
gs_ind_0,mRNA Destabilization (GO:0061157),5/39,0.9218380213123405,0.9999999999998647,0.622606741259327,0.050671318294172776,ZFP36;ZC3H12A;DIS3L2;METTL14;CPEB3
gs_ind_0,mRNA Export From Nucleus (GO:0006406),4/56,0.9983445408584527,0.9999999999998647,0.3341495288534287,0.0005536292740474325,NCBP3;MAGOHB;DDX19B;RBM15B
gs_ind_0,mRNA Metabolic Process (GO:0016071),14/75,0.6872236010314894,0.9999999999998647,0.9214140136893239,0.3456183101949071,ZFP36;ERN1;NUDT12;DIS3L2;TP53;ANG;NUDT16;KIN;HNRNPA0;DXO;NUDT16L1;PRPF18;LSM3;MBLAC1
gs_ind_0,mRNA Methylation (GO:0080009),6/15,0.06577353236503242,0.9999999999998647,2.6784968684759916,7.289630381701658,TRMT61A;METTL14;METTL4;TRMT6;ZC3H13;TRMT61B
gs_ind_0,mRNA Modification (GO:0016556),7/26,0.26814905749145873,0.9999999999998647,1.504911955514365,1.980783578732454,TRMT61A;METTL14;METTL4;TRUB1;TRMT6;ZC3H13;TRMT61B
gs_ind_0,heme Metabolism,24/159,0.9644715220213064,0.9999999999998647,0.7045848604181406,0.02548833846356246,MINPP1;SYNJ1;BTRC;OPTN;CTNS;MOSPD1;ENDOD1;CCDC28A;PPP2R5B;TRAK2;KAT2B;MARCHF2;BPGM;SLC66A2;MAP2K3;ATG4A;TMEM9B;ALDH6A1;FOXJ2;ACP5;ISCA1;E2F2;KHNYN;DAAM1
gs_ind_0,mRNA Polyadenylation (GO:0006378),5/21,0.43069196449947617,0.9999999999998647,1.30374056830952,1.0982217002562886,TUT1;HEXIM1;LEO1;PEX2;TENT4B
gs_ind_0,Zinc Ion Transport (GO:0006829),2/15,0.8412494484890192,0.9999999999998647,0.7237815200926668,0.12511797883472436,SLC39A13;SLC39A6
gs_ind_0,Yersinia infection,14/102,0.9685759507174889,0.9999999999998647,0.6388801715927728,0.02039840776324849,PYCARD;TICAM1;BCAR1;MAP2K6;VAV2;MAP2K3;NFKB1;PIK3R1;PIP5K1B;WIPF2;WASL;WAS;VAV1;PIK3R3
gs_ind_0,"Vesicle Targeting, Rough ER To cis-Golgi (GO:0048207)",2/18,0.9071587652944273,0.9999999999998647,0.5920390755996209,0.05768698489803892,TRAPPC6A;TRAPPC2B
gs_ind_0,Vesicle Transport Along Actin Filament (GO:0030050),3/10,0.3332097623755485,0.9999999999998647,1.8254131236964544,2.0060981191955864,MYO6;WASL;MYO1G
gs_ind_0,Vesicle Transport Along Microtubule (GO:0047496),3/19,0.7749900719826985,0.9999999999998647,0.8291206627481295,0.21134705233127382,KIF3A;TRAK2;FYCO1
gs_ind_0,Vesicle-Mediated Transport (GO:0016192),72/314,0.1426839249008475,0.9999999999998647,1.1728711213348781,2.283724817795903,CHMP6;VAMP1;TBC1D2B;RAB12;CHMP2B;IFT27;RAB3IP;RAB22A;SNX16;CYTH1;ZFYVE27;AP5Z1;MITD1;AP4E1;ZFYVE16;PXK;AP5S1;MYO6;TSNARE1;EHD4;RAB2B;SCRN1;DTX3L;STX12;UEVLD;ARL11;RAB39A;DENND1B;RINL;COMMD1;RHOQ;AP1S3;AGAP2;RHOV;CHMP1B;RAB3A;NCALD;AP4S1;MTM1;ALS2;RAB4B;VAMP2;PLEKHF1;TMCC1;STX8;UVRAG;ARL6;CEP83;SNAPIN;STX7;BLOC1S2;CHM;ZFYVE9;RAB30;MAPK8IP3;EXPH5;SYTL1;RAB43;RAB4A;VPS4B;TBC1D4;ATG14;EXOC8;SNX18;TRIM23;WASL;CCL5;RAB34;STX6;SYT11;AKTIP;DNM1
gs_ind_0,Vesicle-Mediated Transport Between Endosomal Compartments (GO:0098927),6/21,0.24409462178147523,0.9999999999998647,1.6408512357734528,2.3139273209888556,WDR91;STX8;ATG14;KIF16B;SNX16;PXK
gs_ind_0,Vesicle-Mediated Transport In Synapse (GO:0099003),4/13,0.26388176960411197,0.9999999999998647,1.8531535869041886,2.4688714984696505,BRSK1;SNAPIN;VAMP2;RAB3A
gs_ind_0,Vesicle-Mediated Transport To The Plasma Membrane (GO:0098876),10/65,0.8782958364919782,0.9999999999998647,0.7387778516577359,0.0958725304920161,VAMP4;EHD4;STX12;DENND1B;EXOC8;COMMD1;STX6;CCDC93;VTI1A;ARL3
gs_ind_0,Vibrio cholerae infection,3/40,0.9931603082583498,0.9999999999998647,0.36418418097224453,0.0024994650979343045,SEC61A2;ATP6V1G2;ATP6V1E2
gs_ind_0,Viral carcinogenesis,21/161,0.9943333016970471,0.9999999999998647,0.5954809955683986,0.0033840083052949096,CREB3L4;PIK3R1;SYK;IRF7;NFKB1;PMAIP1;CCNE2;TP53;BAD;NFKB2;KAT2B;H2BC14;IRF9;TRADD;RASA2;H2BC6;HDAC10;PIK3R3;RB1;CREB3;TRAF5
gs_ind_0,Viral myocarditis,3/32,0.9716258792616584,0.9999999999998647,0.46325054997049603,0.013334410668409713,DAG1;HLA-DMA;CD80
gs_ind_0,Viral protein interaction with cytokine and cytokine receptor,3/29,0.9527499135950243,0.9999999999998647,0.5158211467266436,0.02496720323324831,TNFSF10;CCL5;TNFRSF14
gs_ind_0,Visual Perception (GO:0007601),6/46,0.9288071629401549,0.9999999999998647,0.6266914095724117,0.04628375296296041,RPGR;E2F1;ATXN7;SLC24A1;RGS16;RP2
gs_ind_0,Visual System Development (GO:0150063),4/22,0.6832810987213362,0.9999999999998647,0.9509167328136996,0.36215562908814614,PBX4;MEIS2;SIPA1L3;BLOC1S3
gs_ind_0,Vitamin B6 metabolism,1/5,0.6797672063173691,0.9999999999998647,1.3033509700176367,0.5030998387884896,PHOSPHO2
gs_ind_0,Zinc Ion Transmembrane Transport (GO:0071577),2/13,0.7760853855691137,0.9999999999998647,0.84979603221645,0.21541711776620684,SLC39A13;SLC39A6
gs_ind_0,Vitamin D Metabolic Process (GO:0042359),1/7,0.796950772203989,0.9999999999998647,0.9021719021719021,0.20475907168261248,CYP27B1
gs_ind_0,Vitamin digestion and absorption,3/11,0.3947032014005075,0.9999999999998647,1.6105265144723058,1.4971795674609456,BTD;TCN2;SLC23A1
gs_ind_0,Water-Soluble Vitamin Metabolic Process (GO:0006767),3/24,0.8935907530633411,0.9999999999998647,0.6360407284558184,0.07155927544861866,BTD;ABCD1;DHFR2
gs_ind_0,White Fat Cell Differentiation (GO:0050872),2/4,0.18640155558523228,0.9999999999998647,3.9119486768243785,6.571494931304808,SIRT1;PER2
gs_ind_0,Wnt Signaling Pathway (GO:0016055),8/57,0.9174891705635876,0.9999999999998647,0.670450284623513,0.05773549259301584,NR4A2;WNT2B;CCDC88C;DIXDC1;BCL9L;FZD2;PORCN;TMEM67
gs_ind_0,"Wnt Signaling Pathway, Planar Cell Polarity Pathway (GO:0060071)",5/19,0.34163623058366105,0.9999999999998647,1.4838104306331343,1.5936254025552787,VANGL1;SMURF2;FZD2;DAAM1;SMURF1
gs_ind_0,Wnt signaling pathway,19/117,0.8927231969412528,0.9999999999998647,0.7725632921495387,0.08766949041169535,CAMK2D;NFATC4;TLE4;TLE6;CBY1;PLCB2;RNF43;TP53;BTRC;WNT2B;CXXC4;PPP3CA;FOSL1;VANGL1;PPARD;FZD2;RBX1;DAAM1;PORCN
gs_ind_0,Wnt-beta Catenin Signaling,4/33,0.9265042434326021,0.9999999999998647,0.5957990256481398,0.04548130359758708,HEY1;PPARD;DLL1;TP53
gs_ind_0,Wound Healing (GO:0042060),13/55,0.3219759164204386,0.9999999999998647,1.2429289629903144,1.4085847080226999,CHMP6;VPS4B;HMOX1;CHMP2B;DCBLD2;ANXA6;SYT11;SMPD1;PPP3CA;ERBB2;DST;CHMP1B;RAB3A
gs_ind_0,"Wound Healing, Spreading Of Cells (GO:0044319)",2/18,0.9071587652944273,0.9999999999998647,0.5920390755996209,0.05768698489803892,ARHGAP24;CARMIL2
gs_ind_0,"Wound Healing, Spreading Of Epidermal Cells (GO:0035313)",1/4,0.5978508540253882,0.9999999999998647,1.6758743901601045,0.8620931884147255,ARHGAP24
gs_ind_0,Wybutosine Biosynthetic Process (GO:0031591),2/4,0.18640155558523228,0.9999999999998647,3.9119486768243785,6.571494931304808,TYW1B;TYW5
gs_ind_0,Wybutosine Metabolic Process (GO:0031590),2/4,0.18640155558523228,0.9999999999998647,3.9119486768243785,6.571494931304808,TYW1B;TYW5
gs_ind_0,Xenobiotic Catabolic Process (GO:0042178),1/6,0.7450017490315044,0.9999999999998647,1.0662906117451572,0.31388259496961246,NUDT15
gs_ind_0,Xenobiotic Metabolism,18/120,0.947215040925094,0.9999999999998647,0.7038820712243878,0.03817091630332907,ENTPD5;ABHD6;ABCD2;BCAR1;SLC35D1;KYNU;CROT;HMOX1;ACOX3;NINJ1;GABARAPL1;GCH1;PPARD;SLC46A3;DDAH2;CSAD;CYFIP2;SERTAD1
gs_ind_0,Vitamin Transport (GO:0051180),4/19,0.5607923727242765,0.9999999999998647,1.1352446922515416,0.656630688618161,TCN2;SLC2A8;SLC27A1;ABCD1
gs_ind_0,mRNA Processing (GO:0006397),34/197,0.8822234078953888,0.9999999999998647,0.8230075865360171,0.10313104619802016,ERN1;ZRSR2;CWF19L2;HEXIM1;SYF2;WDR83;GEMIN6;PRPF40B;SLU7;DBR1;RBM4B;CWC25;LSM3;CWC22;GPATCH1;KIN;RNPC3;RBM41;PRPF18;U2AF1L4;USP49;RNGTT;MAGOHB;HTATSF1;MBLAC1;PNN;HNRNPA0;CENATAC;CMTR2;GCFC2;RBMX2;WBP4;METTL14;FRA10AC1
gs_ind_0,mRNA Pseudouridine Synthesis (GO:1990481),1/8,0.8383192836348962,0.9999999999998647,0.7818181818181819,0.1378785183025454,TRUB1
gs_ind_0,mRNA Splice Site Recognition (GO:0006376),3/23,0.8756878983937938,0.9999999999998647,0.6671218886101904,0.08855744994639804,PRPF39;NOL3;SLU7
gs_ind_0,rRNA Base Methylation (GO:0070475),1/7,0.796950772203989,0.9999999999998647,0.9021719021719021,0.20475907168261248,FDXACB1
gs_ind_0,rRNA Catabolic Process (GO:0016075),1/14,0.958804759543803,0.9999999999998647,0.43412965635187856,0.018262884928106907,SLFN13
gs_ind_0,rRNA Metabolic Process (GO:0016072),4/85,0.9999928091237383,0.9999999999998647,0.2147357414392514,1.5441436975262416e-06,ESF1;PIN4;PIH1D2;SLFN13
gs_ind_0,rRNA Methylation (GO:0031167),2/18,0.9071587652944273,0.9999999999998647,0.5920390755996209,0.05768698489803892,NSUN3;FDXACB1
gs_ind_0,rRNA Modification (GO:0000154),1/16,0.9738872946210139,0.9999999999998647,0.3780508619218297,0.010003110870083008,NSUN3
gs_ind_0,rRNA Processing (GO:0006364),5/98,0.9999964575543759,0.9999999999998647,0.22861756678911732,8.098667335107928e-07,PIN4;NEDD4;PIH1D2;SRFBP1;ESF1
gs_ind_0,snRNA 3'-End Processing (GO:0034472),2/17,0.8887155005535027,0.9999999999998647,0.6302868820653439,0.07436005923900754,INTS6L;TUT1
gs_ind_0,snRNA Metabolic Process (GO:0016073),2/19,0.9227080233311012,0.9999999999998647,0.5581624470156948,0.0448999429825696,USPL1;TUT1
gs_ind_0,snRNA Modification (GO:0040031),1/5,0.6797672063173691,0.9999999999998647,1.3033509700176367,0.5030998387884896,METTL4
gs_ind_0,snRNA Processing (GO:0016180),2/15,0.8412494484890192,0.9999999999998647,0.7237815200926668,0.12511797883472436,INTS6L;TUT1
gs_ind_0,snRNA Transcription (GO:0009301),6/12,0.021109663207083684,0.9999999999998647,3.9156897382367113,15.10682644110511,ZC3H8;SNAPC4;USPL1;ELL;SNAPC1;ELL3
gs_ind_0,snRNA Transcription By RNA Polymerase II (GO:0042795),5/10,0.03521184072130791,0.9999999999998647,3.9147535720019264,13.100225141441804,ZC3H8;SNAPC4;ELL;SNAPC1;ELL3
gs_ind_0,snRNA Transcription By RNA Polymerase III (GO:0042796),3/7,0.15431169962193045,0.9999999999998647,3.0431039092999628,5.686893849611121,SNAPC4;SNAPC1;ZC3H8
gs_ind_0,sno(s)RNA 3'-End Processing (GO:0031126),1/9,0.8712616767850634,0.9999999999998647,0.689782983900631,0.09506100349519497,TENT4B
gs_ind_0,rDNA Heterochromatin Formation (GO:0000183),2/6,0.3535944927466926,0.9999999999998647,2.172948409516172,2.2590069951074945,BEND3;SIRT1
gs_ind_0,snoRNA Localization (GO:0048254),1/5,0.6797672063173691,0.9999999999998647,1.3033509700176367,0.5030998387884896,ZNHIT6
gs_ind_0,succinyl-CoA Metabolic Process (GO:0006104),1/8,0.8383192836348962,0.9999999999998647,0.7818181818181819,0.1378785183025454,NUDT8
gs_ind_0,tRNA 3'-End Processing (GO:0042780),1/5,0.6797672063173691,0.9999999999998647,1.3033509700176367,0.5030998387884896,PTCD1
gs_ind_0,tRNA 5'-End Processing (GO:0099116),3/13,0.5117635076996409,0.9999999999998647,1.3035456441520936,0.8732356585687845,RPP40;RPP14;POP1
gs_ind_0,tRNA 5'-Leader Removal (GO:0001682),2/11,0.6886104060141844,0.9999999999998647,1.028869286287089,0.38385015860250277,RPP14;RPP40
gs_ind_0,tRNA Aminoacylation (GO:0043039),1/20,0.9895100286579079,0.9999999999998647,0.3004033004033004,0.003167866629969656,RARS2
gs_ind_0,tRNA Aminoacylation For Protein Translation (GO:0006418),3/33,0.9761380428445641,0.9999999999998647,0.44802518588265,0.010820375093801836,TARS3;PARS2;RARS2
gs_ind_0,tRNA Catabolic Process (GO:0016078),2/5,0.27018544485746365,0.9999999999998647,2.7940199335548175,3.6563850298756777,SLFN13;POP1
gs_ind_0,tRNA Metabolic Process (GO:0006399),4/18,0.5146542375367785,0.9999999999998647,1.2136370428170604,0.8061705265524838,DTD1;SLFN13;ANG;POP1
gs_ind_0,tRNA Methylation (GO:0030488),11/33,0.05674222340565034,0.9999999999998647,2.001940914696263,5.744042272629183,TRMT5;TRMT61A;TRMT10B;THUMPD2;TRMT10A;TRMO;TRMT61B;TRDMT1;TRMT13;TRMT6;BCDIN3D
gs_ind_0,tRNA Modification (GO:0006400),20/62,0.01862467123488836,0.9999999999998647,1.8916732300276136,7.535041758949369,ALKBH8;PUS10;BCDIN3D;TRMT61A;KTI12;GON7;THUMPD2;TRMT10A;TRMO;TRUB1;CTU1;TRMT6;TYW5;OSGEPL1;ALKBH1;TRDMT1;DTWD2;MOCS3;TYW1B;TRMT13
gs_ind_0,tRNA Processing (GO:0008033),10/46,0.46618898910411394,0.9999999999998647,1.125104903884913,0.8586397513228997,ELAC1;KTI12;HEXIM1;POP1;TRDMT1;FAM98B;TRUB1;RPP40;DTWD2;PTCD1
gs_ind_0,tRNA Pseudouridine Synthesis (GO:0031119),1/5,0.6797672063173691,0.9999999999998647,1.3033509700176367,0.5030998387884896,PUS10
gs_ind_0,"tRNA Splicing, Via Endonucleolytic Cleavage And Ligation (GO:0006388)",2/11,0.6886104060141844,0.9999999999998647,1.028869286287089,0.38385015860250277,HEXIM1;FAM98B
gs_ind_0,tRNA Threonylcarbamoyladenosine Metabolic Process (GO:0070525),3/9,0.27143988032691707,0.9999999999998647,2.1064186896049564,2.746800723669715,GON7;TP53RK;OSGEPL1
gs_ind_0,succinyl-CoA Catabolic Process (GO:1901289),1/5,0.6797672063173691,0.9999999999998647,1.3033509700176367,0.5030998387884896,NUDT8
gs_ind_0,protein-RNA Complex Assembly (GO:0022618),9/129,0.9999939590677732,0.9999999999998647,0.30611414556905037,1.8492203925546718e-06,DHX29;ZRSR2;GCFC2;NOL3;HEXIM1;PRPF18;GEMIN6;MCTS2;COIL
gs_ind_0,protein-DNA Covalent Cross-Linking Repair (GO:0106300),2/4,0.18640155558523228,0.9999999999998647,3.9119486768243785,6.571494931304808,TRAIP;VCPIP1
gs_ind_0,protein-DNA Complex Organization (GO:0071824),4/46,0.9906357022498281,0.9999999999998647,0.4131128041009374,0.0038867381246882188,HMGN3;HIRIP3;SIRT1;HDAC10
gs_ind_0,"mRNA Splicing, Via Spliceosome (GO:0000398)",27/194,0.9923837891885088,0.9999999999998647,0.638692551792372,0.004883035928070077,ZRSR2;CWF19L2;SYF2;WDR83;GEMIN6;PRPF40B;SLU7;DBR1;RBM4B;CWC25;LSM3;CWC22;GPATCH1;RNPC3;RBM41;U2AF1L4;USP49;MAGOHB;HTATSF1;COIL;PNN;CENATAC;GCFC2;RBMX2;WBP4;METTL14;FRA10AC1
gs_ind_0,mRNA Stabilization (GO:0048255),5/38,0.9106230606761779,0.9999999999998647,0.6412447315517452,0.06003732781095875,ZFP36;TIRAP;HNRNPA0;NRDE2;E2F1
gs_ind_0,mRNA Transcription (GO:0009299),7/41,0.7575439420240626,0.9999999999998647,0.8495547407019381,0.23589903709524157,NCBP3;TP53;ZBTB1;TAF3;CYP27B1;TAF5;NCOA2
gs_ind_0,mRNA Transcription By RNA Polymerase II (GO:0042789),6/36,0.7704178691463934,0.9999999999998647,0.8328484889968856,0.21722539526576418,NCBP3;ZBTB1;CYP27B1;TAF3;TAF5;NCOA2
gs_ind_0,mRNA Transport (GO:0051028),7/53,0.9354603215965955,0.9999999999998647,0.6296929654100272,0.042010941129133665,ZFP36;NCBP3;DDX19B;NOL3;RBM15B;PEG10;MAGOHB
gs_ind_0,mRNA surveillance pathway,11/80,0.9522395632419761,0.9999999999998647,0.6456085252435015,0.03159519918628579,UPF3B;SAP18;PABPC1L;DDX19B;PPP2R3C;CSTF2T;PPP2R5B;GSPT2;RNGTT;MAGOHB;PNN
gs_ind_0,mTOR signaling pathway,15/127,0.9961312600603952,0.9999999999998647,0.5363547538519353,0.002079041291201935,ULK1;CAB39L;SOS2;RRAGC;WNT2B;WDR24;INSR;CASTOR1;DEPDC5;PIK3R1;ATP6V1G2;FZD2;PIK3R3;ATP6V1E2;RRAGB
gs_ind_0,mTORC1 Signaling,11/177,0.9999999729374779,0.9999999999998647,0.26733295946742947,7.2347042247893985e-09,MAP2K3;NUFIP1;NIBAN1;MLLT11;SRD5A1;GLRX;TM7SF2;ME1;CORO1A;NFKBIB;PIK3R3
gs_ind_0,miRNA Catabolic Process (GO:0010587),2/8,0.5073711921876385,0.9999999999998647,1.5041021528591696,1.0205519747850815,TENT4B;ZC3H12A
gs_ind_0,miRNA Metabolic Process (GO:0010586),3/13,0.5117635076996409,0.9999999999998647,1.3035456441520936,0.8732356585687845,TENT4B;ZC3H12A;DIS3L2
gs_ind_0,miRNA Processing (GO:0035196),2/28,0.986170347155942,0.9999999999998647,0.3683254906114297,0.005129364658576268,BCDIN3D;PUS10
gs_ind_0,miRNA-mediated Gene Silencing (GO:0035195),1/25,0.9966463810381839,0.9999999999998647,0.23899834103915737,0.0008028563592319656,ZFP36
gs_ind_0,miRNA-mediated Gene Silencing By Inhibition Of Translation (GO:0035278),1/14,0.958804759543803,0.9999999999998647,0.43412965635187856,0.018262884928106907,ZFP36
gs_ind_0,ncRNA Catabolic Process (GO:0034661),7/27,0.303359293681427,0.9999999999998647,1.4313840728768734,1.7074084390534465,ZC3H12A;DIS3L2;NUDT16;POP1;NUDT16L1;TENT4B;SLFN13
gs_ind_0,ncRNA Export From Nucleus (GO:0097064),1/7,0.796950772203989,0.9999999999998647,0.9021719021719021,0.20475907168261248,NCBP3
gs_ind_0,ncRNA Metabolic Process (GO:0034660),2/16,0.8669156603053907,0.9999999999998647,0.6738102480435805,0.09622925683039828,DTD1;TENT4B
gs_ind_0,ncRNA Processing (GO:0034470),5/95,0.9999937584877246,0.9999999999998647,0.23625458889936485,1.4745905185656335e-06,PIN4;TUT1;PIH1D2;POP1;ESF1
gs_ind_0,protein-DNA Complex Assembly (GO:0065004),4/48,0.9933227332971566,0.9999999999998647,0.39448102005377245,0.002642888468244381,H2BC14;DMC1;GTF2H5;KAT6B
gs_ind_0,pre-miRNA Processing (GO:0031054),1/9,0.8712616767850634,0.9999999999998647,0.689782983900631,0.09506100349519497,BCDIN3D
gs_ind_0,pre-mRNA Cleavage Required For Polyadenylation (GO:0098789),2/10,0.6351727324480614,0.9999999999998647,1.1500070758054626,0.5219402535113675,TUT1;CSTF2T
gs_ind_0,post-Golgi Vesicle-Mediated Transport (GO:0006892),9/50,0.7149479886845587,0.9999999999998647,0.8946514235692166,0.3001962431726454,DOP1B;RABIF;EXOC8;COMMD1;KIF16B;RP2;CCDC93;VTI1A;ARL3
gs_ind_0,poly-N-acetyllactosamine Metabolic Process (GO:0030309),1/3,0.49498852941534904,0.9999999999998647,2.3464165464165463,1.650048661813499,B4GAT1
gs_ind_0,poly(A)+ mRNA Export From Nucleus (GO:0016973),1/17,0.9792105317502333,0.9999999999998647,0.35510953692771874,0.007460358414195877,DDX19B
gs_ind_0,Vesicle Organization (GO:0016050),23/80,0.046089431996262885,0.9999999999998647,1.602379966160953,4.930798118064156,CHMP6;VAMP1;CHMP2B;RAB22A;PI4K2B;TRAPPC13;ZFYVE16;TSNARE1;SNX10;STX12;TRAPPC2B;ALS2;VAMP2;PLEKHF1;TRAPPC9;STX8;STX7;CORO1A;EXOC8;WASL;STX6;SYT11;DNM1
gs_ind_0,piRNA Processing (GO:0034587),1/8,0.8383192836348962,0.9999999999998647,0.7818181818181819,0.1378785183025454,PLD6
gs_ind_0,peptidyl-L-cysteine S-palmitoylation (GO:0018230),4/19,0.5607923727242765,0.9999999999998647,1.1352446922515416,0.656630688618161,ZDHHC24;ZDHHC21;ZDHHC6;ZDHHC2
gs_ind_0,p53 signaling pathway,16/64,0.21770257151847025,0.9999999999998647,1.331830208328143,2.030542295422539,GADD45B;PPM1D;BBC3;CCNE2;PMAIP1;TP53;GTSE1;AIFM2;CD82;GORAB;BCL2;RRM2B;CCNG2;SESN1;TP53I3;DDB2
gs_ind_0,p53 Pathway,35/154,0.26015420398838396,0.9999999999998647,1.1632918269305768,1.5663500300889257,ANKRA2;PPM1D;CSRNP2;CDK5R1;DGKA;HEXIM1;DRAM1;CD82;RHBDF2;IER3;DDB2;RNF19B;TP53;KIF13B;SLC35D1;CDKN2AIP;TCN2;GM2A;HMOX1;CCP110;RGS16;ADA;NUDT15;PLK3;NINJ1;SOCS1;RB1;ABHD4;CGRRF1;PITPNC1;MXD4;SDC1;SESN1;FUCA1;CYFIP2
gs_ind_0,p38MAPK Cascade (GO:0038066),3/8,0.21111686342347444,0.9999999999998647,2.4896080976620043,3.8721956321797006,ZFP36;MAP2K6;MAP2K3
gs_ind_0,ncRNA-mediated Post-Transcriptional Gene Silencing (GO:0035194),1/16,0.9738872946210139,0.9999999999998647,0.3780508619218297,0.010003110870083008,HELZ2
gs_ind_0,ncRNA Transcription (GO:0098781),1/11,0.9183821192811181,0.9999999999998647,0.5583041297327012,0.04753497558033882,USPL1
gs_ind_0,peptidyl-S-diacylglycerol-L-cysteine Biosynthetic Process From Peptidyl-Cysteine (GO:0018231),4/19,0.5607923727242765,0.9999999999998647,1.1352446922515416,0.656630688618161,ZDHHC24;ZDHHC21;ZDHHC6;ZDHHC2
gs_ind_0,Vesicle Fusion With Vacuole (GO:0051469),3/8,0.21111686342347444,0.9999999999998647,2.4896080976620043,3.8721956321797006,CHMP6;CHMP2B;CHMP1B
gs_ind_0,Vesicle Fusion With Golgi Apparatus (GO:0048280),2/6,0.3535944927466926,0.9999999999998647,2.172948409516172,2.2590069951074945,YIPF4;VTI1A
gs_ind_0,Vesicle Fusion (GO:0006906),19/68,0.08364947156930827,0.9999999999998647,1.5435486944920906,3.829729797324797,YIPF4;CHMP6;VAMP4;VAMP1;RAB12;CHMP2B;VTI1A;TSNARE1;RAB20;STX12;RAB39A;CHMP1B;VAMP2;STX8;UVRAG;STX7;RAB34;STX6;SYT11
gs_ind_0,Tight junction,12/106,0.9952963760485923,0.9999999999998647,0.5152025948486125,0.00242903639074347,NEDD4;PRKAB2;DLG2;WHAMM;PARD6B;HCLS1;JAM2;WAS;ERBB2;AMOT;MAP3K5;PALS1
gs_ind_0,Toll-Like Receptor 3 Signaling Pathway (GO:0034138),1/3,0.49498852941534904,0.9999999999998647,2.3464165464165463,1.650048661813499,UNC93B1
gs_ind_0,Toll-Like Receptor 4 Signaling Pathway (GO:0034142),3/8,0.21111686342347444,0.9999999999998647,2.4896080976620043,3.8721956321797006,RAB11FIP2;PIK3AP1;TIRAP
gs_ind_0,Toll-Like Receptor 9 Signaling Pathway (GO:0034162),2/5,0.27018544485746365,0.9999999999998647,2.7940199335548175,3.6563850298756777,UNC93B1;PIK3AP1
gs_ind_0,Toll-Like Receptor Signaling Pathway (GO:0002224),7/19,0.07328201397674926,0.9999999999998647,2.349012048192771,6.139002225018012,TICAM1;TIRAP;TLR6;TLR5;TLR1;CTSS;IRAK2
gs_ind_0,Toll-like receptor signaling pathway,15/65,0.33900305682711146,0.9999999999998647,1.2009794150618154,1.2991548638205987,TICAM1;MAP2K6;MAP2K3;CD80;TIRAP;PIK3R1;TLR5;TLR6;PIK3R3;TLR1;IKBKE;IRF7;CCL5;NFKB1;MAP3K8
gs_ind_0,Toxoplasmosis,12/79,0.9044441557829218,0.9999999999998647,0.7228926432466255,0.07260351767049698,MAP2K6;MAP2K3;TGFB3;IFNGR1;ALOX5;BAD;BCL2;GNAI3;NFKBIB;HLA-DMA;NFKB1;SOCS1
gs_ind_0,Transcription By RNA Polymerase I (GO:0006360),1/14,0.958804759543803,0.9999999999998647,0.43412965635187856,0.018262884928106907,RRN3P2
gs_ind_0,Transcription By RNA Polymerase II (GO:0006366),29/169,0.8734290297883629,0.9999999999998647,0.8191703308439766,0.1108570108596745,HSF2BP;ZC3H8;GMEB2;KLF13;PEX2;GTF2F2;NFKB1;NCBP3;MNT;ZBTB1;NFE2L3;SNAPC1;PKNOX1;ELL3;NCOA2;PIR;EAF2;ARRB2;IRF9;ZNF345;SNAPC4;TAF3;CYP27B1;GTF2H5;TAF5;CTDP1;LEO1;E2F2;ELL
gs_ind_0,Transcription By RNA Polymerase III (GO:0006383),6/28,0.5189030866690323,0.9999999999998647,1.129714683368128,0.7411359242854559,ZC3H8;ELL;ZNF345;SNAPC4;POLR3GL;SNAPC1
gs_ind_0,Transcription Elongation By RNA Polymerase II (GO:0006368),6/27,0.48044136493869966,0.9999999999998647,1.1823566538816332,0.8667266483262177,EAF2;CTDP1;PEX2;LEO1;GTF2F2;ELL3
gs_ind_0,Transcription Initiation At RNA Polymerase I Promoter (GO:0006361),1/7,0.796950772203989,0.9999999999998647,0.9021719021719021,0.20475907168261248,RRN3P2
gs_ind_0,Transcription Initiation At RNA Polymerase II Promoter (GO:0006367),8/60,0.9416441852758745,0.9999999999998647,0.6319827368517711,0.03799973059244849,MED29;MED11;MED31;TAF3;E2F2;GTF2F2;TAF5;MED9
gs_ind_0,Transcription Initiation-Coupled Chromatin Remodeling (GO:0045815),4/30,0.8868775329039789,0.9999999999998647,0.6634114879043613,0.07964147113519968,KAT2B;SGF29;SPHK2;TP53
gs_ind_0,Tight Junction Assembly (GO:0120192),2/23,0.9635250355325129,0.9999999999998647,0.4541690755487589,0.016875472921124977,ILDR1;ESAM
gs_ind_0,Transcription Preinitiation Complex Assembly (GO:0070897),6/45,0.9191689531850171,0.9999999999998647,0.6426098676039217,0.05416258406234043,MED29;MED11;MED31;TAF3;TAF5;MED9
gs_ind_0,Transcriptional misregulation in cancer,11/128,0.9999176826896722,0.9999999999998647,0.3803592756990955,3.1311441288282594e-05,GADD45B;FOXO1;TP53;MLLT3;ZEB1;PER2;ELK4;FUT8;ETV6;NFKB1;DDB2
gs_ind_0,Transepithelial Transport (GO:0070633),1/10,0.8974937817113968,0.9999999999998647,0.6171236171236171,0.06674135581913541,GPLD1
gs_ind_0,Transforming Growth Factor Beta Receptor Signaling Pathway (GO:0007179),10/54,0.6846178181216376,0.9999999999998647,0.9222317978070104,0.3494285800490541,LPXN;SIRT1;EID2;ARRB2;ZMIZ2;NRROS;ZFYVE9;SMAD7;TGFB3;APPL1
gs_ind_0,Transition Metal Ion Transport (GO:0000041),3/18,0.7411693826261057,0.9999999999998647,0.8826847735518029,0.26438712180913754,MELTF;COX17;SLC39A13
gs_ind_0,Translation (GO:0006412),11/218,0.9999999999827826,0.9999999999998647,0.21377955121111758,3.68073866737281e-12,MRPS31;MRPS17;MRPS26;RWDD1;RARS2;MRPL50;MRPL57;MRPL33;GSPT2;MRPL46;MRPL54
gs_ind_0,Translational Elongation (GO:0006414),2/37,0.9977254022098313,0.9999999999998647,0.27474389238397506,0.0006256436643803877,TRIP4;MTRES1
gs_ind_0,Translational Readthrough (GO:0006451),4/7,0.03544154835510565,0.9999999999998647,5.032464406080198,16.807779234629297,SECISBP2;SEPSECS;SECISBP2L;EEFSEC
gs_ind_0,Translational Termination (GO:0006415),1/8,0.8383192836348962,0.9999999999998647,0.7818181818181819,0.1378785183025454,GSPT2
gs_ind_0,Translesion Synthesis (GO:0019985),5/21,0.43069196449947617,0.9999999999998647,1.30374056830952,1.0982217002562886,PRIMPOL;POLI;POLN;ZBTB1;TENT4A
gs_ind_0,Transmembrane Receptor Protein Serine/Threonine Kinase Signaling Pathway (GO:0007178),14/85,0.8488905834410388,0.9999999999998647,0.7918918949348832,0.12973167223409787,LPXN;SIRT1;HFE;EID2;SMAD7;ARRB2;ZMIZ2;NRROS;BMPR2;SMURF2;ZFYVE9;TGFB3;SMURF1;APPL1
gs_ind_0,Transmembrane Receptor Protein Tyrosine Kinase Signaling Pathway (GO:0007169),40/173,0.2069466237665435,0.9999999999998647,1.1885101003190726,1.8722532758625947,NFATC4;EIF2AK3;RASGRP4;DOK4;CDK5R1;EFNA4;DOK3;PIK3R1;SYK;KIF16B;SIPA1L1;ZFYVE27;VAV2;PTPRJ;FRS3;SH2B2;STXBP4;SAMD10;BCAR3;RHOQ;MVP;FOXO1;BCAR1;RASA1;DOK2;ANKS1A;SAMD12;FOXO4;GPLD1;PIK3R3;FER;INSR;FRS2;PDK2;MST1R;VAV1;ERBB2;FGR;DDR2;APPL1
gs_ind_0,Transmembrane Receptor Protein Tyrosine Phosphatase Signaling Pathway (GO:0007185),1/2,0.36582651410140676,0.9999999999998647,3.911014911014911,3.9329011974146835,TRIO
gs_ind_0,Transport Across Blood-Brain Barrier (GO:0150104),7/55,0.9496502815833924,0.9999999999998647,0.6036268786486151,0.031184262030144957,INSR;SLC27A1;SLC4A8;FABP5;LRP3;SLC44A1;ATP8A1
gs_ind_0,Transport Along Microtubule (GO:0010970),6/17,0.11316880953611234,0.9999999999998647,2.212308250884996,4.820342443962048,BORCS8;BORCS6;BAG3;SNAPIN;BLOC1S2;BORCS7
gs_ind_0,Transcription-Coupled Nucleotide-Excision Repair (GO:0006283),1/7,0.796950772203989,0.9999999999998647,0.9021719021719021,0.20475907168261248,UVSSA
gs_ind_0,Thyroid hormone synthesis,5/44,0.961182826351565,0.9999999999998647,0.5435722254623637,0.02152037346800057,CREB3L4;ITPR2;CREB3;TTF1;PLCB2
gs_ind_0,Thyroid hormone signaling pathway,9/87,0.9958981018383211,0.9999999999998647,0.471529041248207,0.0019381418608585765,FOXO1;TBC1D4;TP53;PLCB2;PIK3R1;BAD;NCOA2;PIK3R3;KAT2B
gs_ind_0,Thyroid cancer,3/32,0.9716258792616584,0.9999999999998647,0.46325054997049603,0.013334410668409713,TP53;GADD45B;DDB2
gs_ind_0,TGF-beta Signaling,5/44,0.961182826351565,0.9999999999998647,0.5435722254623637,0.02152037346800057,BMPR2;BCAR3;SMURF2;SMAD7;SMURF1
gs_ind_0,TGF-beta signaling pathway,9/67,0.9473124552830883,0.9999999999998647,0.6337797122236923,0.03430414956651909,E2F5;RBX1;SMAD7;BMPR2;SMURF2;ZFYVE9;TGFB3;SMURF1;ZFYVE16
gs_ind_0,TNF signaling pathway,18/79,0.3378442629280747,0.9999999999998647,1.1771133558506308,1.2773683949407084,CREB3L4;MAP2K6;MAP3K14;MAP2K3;BCL3;TNFAIP3;NFKB1;PIK3R1;CASP7;CREB3;TRADD;RPS6KA5;TRAF5;CCL5;MLKL;MAP3K5;PIK3R3;MAP3K8
gs_ind_0,TNF-alpha Signaling via NF-kB,40/156,0.064029156174967,0.9999999999998647,1.3638598596422278,3.748455261244721,TRIB1;ZC3H12A;CD80;KYNU;TNFAIP3;DRAM1;IL23A;GCH1;IFIH1;SLC16A6;CCL5;CD83;NFKB1;BCL3;FOSB;ZFP36;RNF19B;PHLDA1;PLAUR;RELB;MAFF;KLF9;TIPARP;FUT4;NFKB2;MAP3K8;MARCKS;MAP2K3;FOSL1;ZBTB10;PFKFB3;NR4A2;KDM6B;NINJ1;GADD45B;BTG3;NFKBIE;SERPINB8;SNN;IER3
gs_ind_0,TOR Signaling (GO:0031929),2/28,0.986170347155942,0.9999999999998647,0.3683254906114297,0.005129364658576268,CARD11;SYAP1
gs_ind_0,TORC2 Signaling (GO:0038203),1/5,0.6797672063173691,0.9999999999998647,1.3033509700176367,0.5030998387884896,SYAP1
gs_ind_0,TRIF-dependent Toll-Like Receptor Signaling Pathway (GO:0035666),2/6,0.3535944927466926,0.9999999999998647,2.172948409516172,2.2590069951074945,TICAM1;TLR6
gs_ind_0,Tail-Anchored Membrane Protein Insertion Into ER Membrane (GO:0071816),2/15,0.8412494484890192,0.9999999999998647,0.7237815200926668,0.12511797883472436,CAMLG;EMC9
gs_ind_0,Taste transduction,2/22,0.9558870236074068,0.9999999999998647,0.4763627828740196,0.021491368499665764,TAS2R14;PLCB2
gs_ind_0,Taurine Metabolic Process (GO:0019530),1/4,0.5978508540253882,0.9999999999998647,1.6758743901601045,0.8620931884147255,CSAD
gs_ind_0,Taurine and hypotaurine metabolism,1/6,0.7450017490315044,0.9999999999998647,1.0662906117451572,0.31388259496961246,CSAD
gs_ind_0,Telomere Capping (GO:0016233),3/12,0.45456002967759573,0.9999999999998647,1.4408791914006096,1.1360256023861053,TERF1;CTC1;TINF2
gs_ind_0,Telomere Maintenance (GO:0000723),14/59,0.30676754714165305,0.9999999999998647,1.2470696265576318,1.4736185223241314,TERF1;TFPT;INO80B;ERCC4;INO80C;DCLRE1C;LTO1;SHLD1;PARP3;RAD51D;CTC1;TINF2;TRAPPC13;INO80D
gs_ind_0,Telomere Maintenance In Response To DNA Damage (GO:0043247),2/9,0.5747801384335589,0.9999999999998647,1.303448275862069,0.7218075267435339,SHLD1;TRAPPC13
gs_ind_0,Telomere Maintenance Via Recombination (GO:0000722),2/8,0.5073711921876385,0.9999999999998647,1.5041021528591696,1.0205519747850815,ERCC4;RAD51D
gs_ind_0,Telomere Maintenance Via Telomerase (GO:0007004),3/18,0.7411693826261057,0.9999999999998647,0.8826847735518029,0.26438712180913754,PIF1;PINX1;TERF1
gs_ind_0,Telomere Maintenance Via Telomere Lengthening (GO:0010833),4/23,0.7182995026288506,0.9999999999998647,0.9020777008258953,0.2984692421897909,PIF1;PINX1;TERF1;CTC1
gs_ind_0,Thymus Development (GO:0048538),1/9,0.8712616767850634,0.9999999999998647,0.689782983900631,0.09506100349519497,ZBTB1
gs_ind_0,Thiamine-Containing Compound Metabolic Process (GO:0042723),1/3,0.49498852941534904,0.9999999999998647,2.3464165464165463,1.650048661813499,THTPA
gs_ind_0,Thiamine metabolism,2/10,0.6351727324480614,0.9999999999998647,1.1500070758054626,0.5219402535113675,THTPA;TPK1
gs_ind_0,Thermogenesis,15/176,0.9999950179790723,0.9999999999998647,0.372106903640825,1.8538489992378794e-06,ACSL1;COX20;CREB3L4;MAP2K3;NDUFAF6;PRKAB2;COX17;FRS2;ZNF516;CREB3;MGLL;COX19;MAP3K5;COX16;SOS2
gs_ind_0,Th17 cell differentiation,9/70,0.9628696508267648,0.9999999999998647,0.6027146447320445,0.0228050548927976,NFKBIE;IFNGR1;IL23A;IL12RB1;IL27RA;NFKBIB;PPP3CA;HLA-DMA;NFKB1
gs_ind_0,Th1 and Th2 cell differentiation,9/60,0.8872394963365522,0.9999999999998647,0.7203396575644974,0.08618167144310562,MAML2;NFKBIE;IFNGR1;IL12RB1;DLL1;PPP3CA;NFKBIB;HLA-DMA;NFKB1
gs_ind_0,Triglyceride Catabolic Process (GO:0019433),1/7,0.796950772203989,0.9999999999998647,0.9021719021719021,0.20475907168261248,LIPC
gs_ind_0,Tetrapyrrole Metabolic Process (GO:0033013),1/7,0.796950772203989,0.9999999999998647,0.9021719021719021,0.20475907168261248,ABCD1
gs_ind_0,Terpenoid backbone biosynthesis,2/18,0.9071587652944273,0.9999999999998647,0.5920390755996209,0.05768698489803892,PCYOX1;PMVK
gs_ind_0,Terpenoid Metabolic Process (GO:0006721),1/2,0.36582651410140676,0.9999999999998647,3.911014911014911,3.9329011974146835,PLPP6
gs_ind_0,Telomeric Loop Disassembly (GO:0090657),2/7,0.4333076099965977,0.9999999999998647,1.7777210760370343,1.486721268820039,TERF1;SLX4
gs_ind_0,Telomeric D-loop Disassembly (GO:0061820),2/5,0.27018544485746365,0.9999999999998647,2.7940199335548175,3.6563850298756777,TERF1;SLX4
gs_ind_0,Telomere Organization (GO:0032200),12/58,0.5276458618667343,0.9999999999998647,1.0511769132950977,0.672048869193662,TERF1;TFPT;INO80B;ERCC4;INO80C;DCLRE1C;LTO1;PARP3;RAD51D;CTC1;TINF2;INO80D
gs_ind_0,Telomere Maintenance Via Telomere Trimming (GO:0090737),2/9,0.5747801384335589,0.9999999999998647,1.303448275862069,0.7218075267435339,TERF1;SLX4
gs_ind_0,Tetrahydrofolate Metabolic Process (GO:0046653),1/10,0.8974937817113968,0.9999999999998647,0.6171236171236171,0.06674135581913541,DHFR2
gs_ind_0,T-helper 17 Cell Lineage Commitment (GO:0072540),1/6,0.7450017490315044,0.9999999999998647,1.0662906117451572,0.31388259496961246,SLAMF6
gs_ind_0,Triglyceride Homeostasis (GO:0070328),3/11,0.3947032014005075,0.9999999999998647,1.6105265144723058,1.4971795674609456,SIRT1;FITM2;LIPC
gs_ind_0,Triglyceride-Rich Lipoprotein Particle Remodeling (GO:0034370),1/2,0.36582651410140676,0.9999999999998647,3.911014911014911,3.9329011974146835,LIPC
gs_ind_0,Urogenital System Development (GO:0001655),1/8,0.8383192836348962,0.9999999999998647,0.7818181818181819,0.1378785183025454,OSR2
gs_ind_0,V(D)J Recombination (GO:0033151),2/11,0.6886104060141844,0.9999999999998647,1.028869286287089,0.38385015860250277,LIG4;XRCC4
gs_ind_0,VEGF signaling pathway,7/45,0.8384620928622072,0.9999999999998647,0.7610389610389611,0.1340843396242889,PIK3R1;BAD;JMJD7-PLA2G4B;PPP3CA;SPHK2;PIK3R3;PLA2G4C
gs_ind_0,Vacuolar Acidification (GO:0007035),1/21,0.9916490336667981,0.9999999999998647,0.28572601743333453,0.002396107241114433,CLN5
gs_ind_0,Vacuolar Transport (GO:0007034),7/39,0.7074611537359483,0.9999999999998647,0.9019833178869323,0.31215167351036943,NEDD4;CHMP2B;VTI1A;HGSNAT;LYSET;VPS37C;CHMP1B
gs_ind_0,Vacuole Fusion (GO:0097576),3/9,0.27143988032691707,0.9999999999998647,2.1064186896049564,2.746800723669715,CHMP6;CHMP2B;CHMP1B
gs_ind_0,Vacuole Organization (GO:0007033),1/6,0.7450017490315044,0.9999999999998647,1.0662906117451572,0.31388259496961246,VPS4B
gs_ind_0,"Valine, leucine and isoleucine degradation",10/36,0.18198104756122932,0.9999999999998647,1.5509470369257934,2.6425853454432557,ACAD8;IL4I1;ACADSB;AACS;MCEE;ALDH3A2;PCCA;ACAA2;DBT;ALDH6A1
gs_ind_0,Various types of N-glycan biosynthesis,5/32,0.8097330769172972,0.9999999999998647,0.7815379675710387,0.16494407283928664,HEXD;FUT8;ALG12;ST3GAL3;ALG14
gs_ind_0,Vascular Associated Smooth Muscle Cell Differentiation (GO:0035886),1/5,0.6797672063173691,0.9999999999998647,1.3033509700176367,0.5030998387884896,EFEMP2
gs_ind_0,Vascular Endothelial Growth Factor Receptor Signaling Pathway (GO:0048010),3/19,0.7749900719826985,0.9999999999998647,0.8291206627481295,0.21134705233127382,VAV2;BCAR1;VAV1
gs_ind_0,Vascular Process In Circulatory System (GO:0003018),1/7,0.796950772203989,0.9999999999998647,0.9021719021719021,0.20475907168261248,SCPEP1
gs_ind_0,Vascular Transport (GO:0010232),6/54,0.9758147364173606,0.9999999999998647,0.5229752706454598,0.012803757664716909,INSR;SLC27A1;SLC4A8;LRP3;SLC44A1;ATP8A1
gs_ind_0,Vascular smooth muscle contraction,6/76,0.9991928624084662,0.9999999999998647,0.3591258384044774,0.0002899810073024817,ACTA2;ITPR2;JMJD7-PLA2G4B;PTGIR;PLCB2;PLA2G4C
gs_ind_0,Ureter Development (GO:0072189),1/5,0.6797672063173691,0.9999999999998647,1.3033509700176367,0.5030998387884896,NPHP3
gs_ind_0,Vasculature Development (GO:0001944),1/9,0.8712616767850634,0.9999999999998647,0.689782983900631,0.09506100349519497,BMPR2
gs_ind_0,Vasopressin-regulated water reabsorption,4/33,0.9265042434326021,0.9999999999998647,0.5957990256481398,0.04548130359758708,ARHGDIB;CREB3L4;VAMP2;CREB3
gs_ind_0,Venous Blood Vessel Development (GO:0060841),1/3,0.49498852941534904,0.9999999999998647,2.3464165464165463,1.650048661813499,BMPR2
gs_ind_0,Ventricular Cardiac Muscle Tissue Development (GO:0003229),1/13,0.948259129620717,0.9999999999998647,0.4688985088985089,0.02491139174442143,SMAD7
gs_ind_0,Ventricular Cardiac Muscle Tissue Morphogenesis (GO:0055010),1/20,0.9895100286579079,0.9999999999998647,0.3004033004033004,0.003167866629969656,SMAD7
gs_ind_0,Ventricular Septum Development (GO:0003281),4/28,0.8510236359077189,0.9999999999998647,0.7176854371984711,0.11577369652446345,HEY1;SMAD7;BMPR2;SOX4
gs_ind_0,Ventricular Septum Morphogenesis (GO:0060412),4/20,0.6044244594660717,0.9999999999998647,1.0663544447848732,0.5368866220617171,HEY1;SMAD7;BMPR2;SOX4
gs_ind_0,Very Long-Chain Fatty Acid Biosynthetic Process (GO:0042761),1/9,0.8712616767850634,0.9999999999998647,0.689782983900631,0.09506100349519497,HACD2
gs_ind_0,Very Long-Chain Fatty Acid Catabolic Process (GO:0042760),1/6,0.7450017490315044,0.9999999999998647,1.0662906117451572,0.31388259496961246,ABCD2
gs_ind_0,Very Long-Chain Fatty Acid Metabolic Process (GO:0000038),4/21,0.6453026935758588,0.9999999999998647,1.0053373684572529,0.4403737382587221,HACD2;ACSL1;ABCD2;PEX2
gs_ind_0,Very-Low-Density Lipoprotein Particle Remodeling (GO:0034372),1/2,0.36582651410140676,0.9999999999998647,3.911014911014911,3.9329011974146835,LIPC
gs_ind_0,Vesicle Budding From Membrane (GO:0006900),5/30,0.7603934694129155,0.9999999999998647,0.8429735676579189,0.2309066931231196,CHMP6;TRAPPC9;WASL;TRAPPC2B;TRAPPC13
gs_ind_0,Vesicle Coating (GO:0006901),4/27,0.8297302243867123,0.9999999999998647,0.7482867064813202,0.13967120219120238,TRAPPC2B;TRAPPC9;TRAPPC6A;TRAPPC13
gs_ind_0,Vesicle Cytoskeletal Trafficking (GO:0099518),5/26,0.6343092946916826,0.9999999999998647,1.0001344050894727,0.4552797806827438,MYO1G;CCDC186;WASL;TRAK2;MYO6
gs_ind_0,Vesicle Docking (GO:0048278),6/17,0.11316880953611234,0.9999999999998647,2.212308250884996,4.820342443962048,TSNARE1;STX12;STX8;CEP83;STX7;STX6
gs_ind_0,Vasculogenesis (GO:0001570),5/20,0.386264025757095,0.9999999999998647,1.3879667942350815,1.3202813981829662,ITGB8;SPRED1;RASA1;GLMN;TBX6
gs_ind_0,Unsaturated Fatty Acid Metabolic Process (GO:0033559),6/27,0.48044136493869966,0.9999999999998647,1.1823566538816332,0.8667266483262177,ABHD6;DECR2;ALOX5;ABHD12;MGLL;PLA2G4C
gs_ind_0,Unsaturated Fatty Acid Biosynthetic Process (GO:0006636),1/5,0.6797672063173691,0.9999999999998647,1.3033509700176367,0.5030998387884896,DECR2
gs_ind_0,Unfolded Protein Response,8/105,0.9999125468994087,0.9999999999998647,0.33903756535927515,2.965118287044142e-05,ERN1;EIF2AK3;DNAJB9;BAG3;WIPI1;CHAC1;IFIT1;FKBP14
gs_ind_0,Tryptophan Catabolic Process (GO:0006569),3/4,0.028603411361812166,0.9999999999998647,9.131557837317503,32.45565032766723,KYNU;IL4I1;KMO
gs_ind_0,Tryptophan Metabolic Process (GO:0006568),3/4,0.028603411361812166,0.9999999999998647,9.131557837317503,32.45565032766723,KYNU;IL4I1;KMO
gs_ind_0,Tryptophan metabolism,5/24,0.5579574372382914,0.9999999999998647,1.102893414179335,0.6435080844319162,KYNU;IL4I1;KYAT1;KMO;ALDH3A2
gs_ind_0,Tube Closure (GO:0060606),2/26,0.9795449201430425,0.9999999999998647,0.3984583408343289,0.008235011197004182,FUZ;BCL10
gs_ind_0,Tuberculosis,23/114,0.5574694977930927,0.9999999999998647,1.0041400523594857,0.5867667188265778,CAMK2D;IL23A;SYK;BCL10;SPHK2;NFKB1;TIRAP;BAD;PPP3CA;TGFB3;RFXAP;TLR6;BCL2;TRADD;CYP27B1;CORO1A;HLA-DMA;PLK3;IRAK2;MALT1;IFNGR1;TLR1;CTSS
gs_ind_0,Tubulin Complex Assembly (GO:0007021),1/4,0.5978508540253882,0.9999999999998647,1.6758743901601045,0.8620931884147255,TBCEL
gs_ind_0,Tumor Necrosis Factor-Mediated Signaling Pathway (GO:0033209),4/31,0.9017973824564596,0.9999999999998647,0.6392349104915306,0.06607478217359576,PYCARD;TRADD;TRAF5;TP53
gs_ind_0,Type B Pancreatic Cell Development (GO:0003323),1/4,0.5978508540253882,0.9999999999998647,1.6758743901601045,0.8620931884147255,DLL1
gs_ind_0,Type B Pancreatic Cell Differentiation (GO:0003309),1/4,0.5978508540253882,0.9999999999998647,1.6758743901601045,0.8620931884147255,DLL1
gs_ind_0,Type B Pancreatic Cell Proliferation (GO:0044342),1/4,0.5978508540253882,0.9999999999998647,1.6758743901601045,0.8620931884147255,BAD
gs_ind_0,Type I Interferon-Mediated Signaling Pathway (GO:0060337),1/17,0.9792105317502333,0.9999999999998647,0.35510953692771874,0.007460358414195877,IKBKE
gs_ind_0,Type I diabetes mellitus,2/13,0.7760853855691137,0.9999999999998647,0.84979603221645,0.21541711776620684,HLA-DMA;CD80
gs_ind_0,Type II Interferon-Mediated Signaling Pathway (GO:0060333),1/7,0.796950772203989,0.9999999999998647,0.9021719021719021,0.20475907168261248,IFNGR1
gs_ind_0,Type II diabetes mellitus,5/29,0.7323401659236473,0.9999999999998647,0.8774527309719843,0.27333544537153315,INSR;SOCS4;PIK3R1;PIK3R3;SOCS1
gs_ind_0,Type III Interferon-Mediated Signaling Pathway (GO:0038196),1/6,0.7450017490315044,0.9999999999998647,1.0662906117451572,0.31388259496961246,IFNGR1
gs_ind_0,Tyrosine Metabolic Process (GO:0006570),1/4,0.5978508540253882,0.9999999999998647,1.6758743901601045,0.8620931884147255,IL4I1
gs_ind_0,Tyrosine metabolism,2/11,0.6886104060141844,0.9999999999998647,1.028869286287089,0.38385015860250277,IL4I1;GSTZ1
gs_ind_0,Ubiquitin-Dependent Protein Catabolic Process Via The Multivesicular Body Sorting Pathway (GO:0043162),6/31,0.6263630585514578,0.9999999999998647,0.9965614638339678,0.46621647669900906,CHMP6;VPS4B;NEDD4;CHMP2B;VPS37C;CHMP1B
gs_ind_0,Ubiquitin-Dependent Protein Catabolic Process (GO:0006511),52/310,0.9538535986367109,0.9999999999998647,0.7904971790421512,0.037347102351881094,CHMP6;TOPORS;NHLRC3;HERC6;TNFAIP3;WDR91;UBE2D1;RNF215;CHMP2B;FBXL14;ATXN3;KBTBD7;RNF19B;RNF43;NEDD4;BTRC;UBE2L6;DTX3L;KCTD13;PEX10;SMURF2;UBXN2A;VPS37C;CHMP1B;SMURF1;RPGR;OTUD7B;UBXN11;UBE2C;ARRB2;FBXW4;ANKRD9;HACE1;SPOPL;ZFAND2A;ATE1;KBTBD6;UBE2W;PEX12;ZNRF2;UBXN2B;RBX1;VPS4B;RNF122;SIRT1;RNF20;TRIM32;RNF185;GID4;TRIM13;FBXL17;RNF146
gs_ind_0,Ubiquitin-Dependent ERAD Pathway (GO:0030433),13/70,0.6914409611626549,0.9999999999998647,0.9175529569836038,0.338556404856678,SELENOS;DERL3;TRIM13;RNF185;DNAJB9;ERLIN1;EDEM2;TMUB2;FBXO17;DERL2;DNAJB2;RNF103;TMEM67
gs_ind_0,Ubiquitin mediated proteolysis,17/123,0.9769326116591313,0.9999999999998647,0.6404081215739238,0.014945591189998999,UBE2Q2;RBX1;CBLB;SMURF1;PIAS2;UBE2W;TRIM32;UBE2L6;NEDD4;UBE2D1;BTRC;UBE2C;UBE2E2;SMURF2;UBOX5;SOCS1;DDB2
gs_ind_0,Ubiquinone and other terpenoid-quinone biosynthesis,4/9,0.09047082961658927,0.9999999999998647,3.2019521162515865,7.693419379716405,COQ6;COQ7;COQ2;COQ3
gs_ind_0,Ubiquinone Metabolic Process (GO:0006743),4/13,0.26388176960411197,0.9999999999998647,1.8531535869041886,2.4688714984696505,COQ6;COQ7;COQ2;COQ3
gs_ind_0,Triglyceride Metabolic Process (GO:0006641),3/21,0.8317210846862813,0.9999999999998647,0.7393645851852173,0.13623393520139163,SIRT1;GK5;LIPC
gs_ind_0,Ubiquinone Biosynthetic Process (GO:0006744),3/12,0.45456002967759573,0.9999999999998647,1.4408791914006096,1.1360256023861053,COQ6;COQ7;COQ3
gs_ind_0,UV Response Up,10/126,0.9999647575347437,0.9999999999998647,0.3501818806688902,1.2341490236415516e-05,CHRNA5;E2F5;BTG3;PARP2;CLCN2;ARRB2;HMOX1;GCH1;DLG4;FOSB
gs_ind_0,UV Response Dn,18/97,0.7097598578166516,0.9999999999998647,0.9092465909678519,0.31171573091376803,VAV2;TOGARAM1;SMAD7;MRPS31;NFKB1;DMAC2L;FZD2;DBP;GRK5;MGLL;ANXA4;RASA2;ERBB2;SFMBT1;SIPA1L1;TENT4A;PIK3R3;ATXN1
gs_ind_0,UV Protection (GO:0009650),1/3,0.49498852941534904,0.9999999999998647,2.3464165464165463,1.650048661813499,XPA
gs_ind_0,UDP-N-acetylglucosamine Metabolic Process (GO:0006047),3/10,0.3332097623755485,0.9999999999998647,1.8254131236964544,2.0060981191955864,GNPDA2;UAP1L1;SLC35A3
gs_ind_0,UDP-N-acetylglucosamine Biosynthetic Process (GO:0006048),2/8,0.5073711921876385,0.9999999999998647,1.5041021528591696,1.0205519747850815,GNPDA2;UAP1L1
gs_ind_0,U2-type Prespliceosome Assembly (GO:1903241),2/23,0.9635250355325129,0.9999999999998647,0.4541690755487589,0.016875472921124977,RBMX2;HTATSF1
gs_ind_0,UV-damage Excision Repair (GO:0070914),3/10,0.3332097623755485,0.9999999999998647,1.8254131236964544,2.0060981191955864,SIRT1;XPA;DDB2
gs_ind_0,Regulation Of Excitatory Synapse Assembly (GO:1904889),1/3,0.49498852941534904,0.9999999999998647,2.3464165464165463,1.650048661813499,SEMA4A
gs_ind_0,Release Of Sequestered Calcium Ion Into Cytosol (GO:0051209),3/22,0.855158977207062,0.9999999999998647,0.7013908600624468,0.10974514729108541,PTPRC;PLCB2;ITPR2
gs_ind_0,Relaxin signaling pathway,12/87,0.95702901121416,0.9999999999998647,0.6458685193374287,0.028367561475700416,ACTA2;CREB3L4;GNG7;ARRB2;NFKB1;PLCB2;PIK3R1;GNAI3;CREB3;PIK3R3;GNA15;SOS2
gs_ind_0,Regulation Of Mitochondrial Fusion (GO:0010635),2/9,0.5747801384335589,0.9999999999998647,1.303448275862069,0.7218075267435339,ZDHHC6;PLD6
gs_ind_0,Regulation Of Mitochondrial Gene Expression (GO:0062125),3/8,0.21111686342347444,0.9999999999998647,2.4896080976620043,3.8721956321797006,METTL4;MTRES1;NSUN3
gs_ind_0,Regulation Of Mitochondrial Membrane Permeability (GO:0046902),5/15,0.17365939932302765,0.9999999999998647,2.0497442836502073,3.5884040430012765,HEBP2;PMAIP1;TMEM102;BAD;BCL2
gs_ind_0,Regulation Of Mitochondrial Membrane Potential (GO:0051881),6/31,0.6263630585514578,0.9999999999998647,0.9965614638339678,0.46621647669900906,HEBP2;RNF122;PMAIP1;TUSC2;BAD;BCL2
gs_ind_0,Regulation Of Mitochondrial Outer Membrane Permeabilization Involved In Apoptotic Signaling Pathway (GO:1901028),3/15,0.6156231394758771,0.9999999999998647,1.0947986523343494,0.5311090388707119,TMEM14A;TMEM102;ZNF205
gs_ind_0,Regulation Of Mitochondrial Translation (GO:0070129),2/21,0.9467299284801028,0.9999999999998647,0.500832767873666,0.027416293324235817,NSUN3;FASTKD3
gs_ind_0,Regulation Of Mitochondrial mRNA Stability (GO:0044528),1/6,0.7450017490315044,0.9999999999998647,1.0662906117451572,0.31388259496961246,FASTKD3
gs_ind_0,Regulation Of Mitochondrion Organization (GO:0010821),3/42,0.995262447217411,0.9999999999998647,0.3456876120770013,0.0016416049813246522,PLSCR3;TMEM102;MIEF2
gs_ind_0,Regulation Of Mitotic Cell Cycle (GO:0007346),15/106,0.9617503303601463,0.9999999999998647,0.6605984438242741,0.025763599486378297,SIRT1;BTG3;CDK11B;THAP1;TMEM8B;DYNLT3;CYLD;MEIS2;HECA;CUL9;BORA;PIM3;NEK11;RB1;RNF20
gs_ind_0,Regulation Of Mitotic Cell Cycle Phase Transition (GO:1901990),6/71,0.9981745399204454,0.9999999999998647,0.3866993896317073,0.0007065493837904283,PTPN6;UBE2C;E2F1;BCL7C;NEK11;APPL1
gs_ind_0,Regulation Of Mitotic Centrosome Separation (GO:0046602),1/5,0.6797672063173691,0.9999999999998647,1.3033509700176367,0.5030998387884896,UBXN2B
gs_ind_0,Regulation Of Mitotic Metaphase/Anaphase Transition (GO:0030071),3/45,0.9972882987833689,0.9999999999998647,0.3212068591274148,0.0008722001389651058,UBE2C;RB1;BCL7C
gs_ind_0,Regulation Of Mitotic Nuclear Division (GO:0007088),3/37,0.9882294788745641,0.9999999999998647,0.3959500275532056,0.0046881837951800835,INSR;CUL9;BORA
gs_ind_0,Regulation Of Mitotic Spindle Assembly (GO:1901673),5/19,0.34163623058366105,0.9999999999998647,1.4838104306331343,1.5936254025552787,CHMP6;VPS4B;CHMP2B;CEP97;CHMP1B
gs_ind_0,Regulation Of Mitochondrial Fission (GO:0090140),2/21,0.9467299284801028,0.9999999999998647,0.500832767873666,0.027416293324235817,MIEF2;DDHD1
gs_ind_0,Regulation Of Mitotic Spindle Organization (GO:0060236),8/35,0.4219208254294794,0.9999999999998647,1.2089959534278993,1.0432880664779174,CHMP6;VPS4B;CHMP2B;PARP3;SASS6;BORA;CEP97;CHMP1B
gs_ind_0,Regulation Of Monoatomic Ion Transmembrane Transport (GO:0034765),1/12,0.9350149954629013,0.9999999999998647,0.5097141184097705,0.03424907390651992,NEDD4
gs_ind_0,Regulation Of Monoatomic Ion Transmembrane Transporter Activity (GO:0032412),4/39,0.970633206659629,0.9999999999998647,0.4948564763642035,0.01475000393808961,SPHK2;DLG4;NEDD4;RANGRF
gs_ind_0,Regulation Of Monoatomic Ion Transport (GO:0043269),2/12,0.7354204812815023,0.9999999999998647,0.9308053614388819,0.2860484576995813,PXK;NEDD4
gs_ind_0,Regulation Of Monocyte Chemotactic Protein-1 Production (GO:0071637),3/5,0.06072572167688534,0.9999999999998647,5.478485480506979,15.347363043995708,SYK;OAS3;CD84
gs_ind_0,Regulation Of Monocyte Chemotaxis (GO:0090025),2/11,0.6886104060141844,0.9999999999998647,1.028869286287089,0.38385015860250277,CREB3;CCL5
gs_ind_0,Regulation Of Monocyte Differentiation (GO:0045655),2/8,0.5073711921876385,0.9999999999998647,1.5041021528591696,1.0205519747850815,IRF7;FES
gs_ind_0,Regulation Of Mononuclear Cell Migration (GO:0071675),2/13,0.7760853855691137,0.9999999999998647,0.84979603221645,0.21541711776620684,CCL5;STK10
gs_ind_0,Regulation Of Monooxygenase Activity (GO:0032768),2/6,0.3535944927466926,0.9999999999998647,2.172948409516172,2.2590069951074945,DDAH2;ZDHHC21
gs_ind_0,Regulation Of Morphogenesis Of An Epithelium (GO:1905330),1/3,0.49498852941534904,0.9999999999998647,2.3464165464165463,1.650048661813499,RNF207
gs_ind_0,Regulation Of Multicellular Organism Growth (GO:0040014),2/9,0.5747801384335589,0.9999999999998647,1.303448275862069,0.7218075267435339,MBD5;GHRL
gs_ind_0,Regulation Of Multicellular Organismal Development (GO:2000026),12/49,0.2860793127802117,0.9999999999998647,1.3044247787610619,1.6324695954623294,SGF29;INO80B;TFPT;BRPF3;INO80C;INO80D;INSR;KAT14;KAT6B;MBIP;BRD1;KAT2B
gs_ind_0,Regulation Of Muscle Contraction (GO:0006937),2/15,0.8412494484890192,0.9999999999998647,0.7237815200926668,0.12511797883472436,MYL5;CACNB1
gs_ind_0,Regulation Of Muscle Organ Development (GO:0048634),1/3,0.49498852941534904,0.9999999999998647,2.3464165464165463,1.650048661813499,SFMBT1
gs_ind_0,Regulation Of Muscle System Process (GO:0090257),1/7,0.796950772203989,0.9999999999998647,0.9021719021719021,0.20475907168261248,MYL5
gs_ind_0,Regulation Of Monoatomic Cation Transmembrane Transport (GO:1904062),3/18,0.7411693826261057,0.9999999999998647,0.8826847735518029,0.26438712180913754,KCNAB2;KCNAB3;RANGRF
gs_ind_0,Regulation Of Myelination (GO:0031641),2/19,0.9227080233311012,0.9999999999998647,0.5581624470156948,0.0448999429825696,JAM2;EIF2AK3
gs_ind_0,Regulation Of Mitochondrial Depolarization (GO:0051900),3/6,0.10336734907900555,0.9999999999998647,3.912883041873897,8.880155572158289,BCL2;MLLT11;IFI6
gs_ind_0,Regulation Of Microtubule-Based Process (GO:0032886),6/31,0.6263630585514578,0.9999999999998647,0.9965614638339678,0.46621647669900906,MAP10;BICD1;ATF5;CYLD;ERBB2;BICD2
gs_ind_0,Regulation Of MAPK Cascade (GO:0043408),20/122,0.88846140407026,0.9999999999998647,0.7804807226972093,0.09230282819374987,CASC2;PTPN6;DOK4;DOK3;SYK;ULK4;PTPRJ;TIRAP;SPRED1;WWC1;STK3;BCAR3;PTPRC;MAP4K1;GHRL;DOK2;STYX;INSR;ERBB2;DAG1
gs_ind_0,Regulation Of MDA-5 Signaling Pathway (GO:0039533),2/4,0.18640155558523228,0.9999999999998647,3.9119486768243785,6.571494931304808,DDX60;DHX58
gs_ind_0,Regulation Of MHC Class II Biosynthetic Process (GO:0045346),2/10,0.6351727324480614,0.9999999999998647,1.1500070758054626,0.5219402535113675,RFXAP;SIRT1
gs_ind_0,Regulation Of Macroautophagy (GO:0016241),18/83,0.4249389522627891,0.9999999999998647,1.104864304762655,0.945553657822533,ERN1;SIRT1;ULK1;NEDD4;EPM2A;NRBP2;CDK5R1;TECPR1;WDR24;TRIM13;ATG14;EXOC8;SMCR8;GNAI3;ATP6V1G2;SESN1;TBC1D25;ATP6V1E2
gs_ind_0,Regulation Of Macromolecule Biosynthetic Process (GO:0010556),6/45,0.9191689531850171,0.9999999999998647,0.6426098676039217,0.05416258406234043,ING4;ULK1;RBM4B;NANOS3;METTL18;RABL3
gs_ind_0,Regulation Of Macromolecule Metabolic Process (GO:0060255),17/102,0.8548819261978604,0.9999999999998647,0.7990867579908676,0.12529034511094606,MTMR3;ZNF513;ANKRA2;HINFP;ZC3H12A;PTPRC;ZNF407;SSH1;MTMR9;RASA1;COQ7;TOB2;KIF16B;AIF1;KDM6B;EOLA1;ZNF335
gs_ind_0,Regulation Of Macrophage Activation (GO:0043030),3/19,0.7749900719826985,0.9999999999998647,0.8291206627481295,0.21134705233127382,ZC3H12A;TLR6;CD84
gs_ind_0,Regulation Of Macrophage Apoptotic Process (GO:2000109),3/3,0.008438733781277545,0.9999999999998647,27.396919621370127,130.8181818359212,SELENOS;SIRT1;IRF7
gs_ind_0,Regulation Of Macrophage Chemotaxis (GO:0010758),2/13,0.7760853855691137,0.9999999999998647,0.84979603221645,0.21541711776620684,CCL5;C5
gs_ind_0,Regulation Of Macrophage Cytokine Production (GO:0010935),3/10,0.3332097623755485,0.9999999999998647,1.8254131236964544,2.0060981191955864,SIRT1;TGFB3;SEMA7A
gs_ind_0,Regulation Of Macrophage Derived Foam Cell Differentiation (GO:0010743),2/13,0.7760853855691137,0.9999999999998647,0.84979603221645,0.21541711776620684,NFKB1;ABCA5
gs_ind_0,Regulation Of Mast Cell Activation (GO:0033003),2/6,0.3535944927466926,0.9999999999998647,2.172948409516172,2.2590069951074945,MILR1;CD84
gs_ind_0,Regulation Of Mast Cell Activation Involved In Immune Response (GO:0033006),3/7,0.15431169962193045,0.9999999999998647,3.0431039092999628,5.686893849611121,FER;SPHK2;FES
gs_ind_0,Regulation Of Mast Cell Degranulation (GO:0043304),6/11,0.012719778731395263,0.9999999999998647,4.6280129056747015,20.19941178347335,CD84;FES;SYK;FGR;FER;SPHK2
gs_ind_0,Regulation Of Microvillus Organization (GO:0032530),1/6,0.7450017490315044,0.9999999999998647,1.0662906117451572,0.31388259496961246,PLD1
gs_ind_0,Regulation Of Melanin Biosynthetic Process (GO:0048021),1/6,0.7450017490315044,0.9999999999998647,1.0662906117451572,0.31388259496961246,CTNS
gs_ind_0,Regulation Of Membrane Protein Ectodomain Proteolysis (GO:0051043),1/14,0.958804759543803,0.9999999999998647,0.43412965635187856,0.018262884928106907,GPLD1
gs_ind_0,Regulation Of Memory T Cell Differentiation (GO:0043380),2/4,0.18640155558523228,0.9999999999998647,3.9119486768243785,6.571494931304808,IL12RB1;IL23A
gs_ind_0,Regulation Of Metal Ion Transport (GO:0010959),3/19,0.7749900719826985,0.9999999999998647,0.8291206627481295,0.21134705233127382,HFE;BCL2;P2RX4
gs_ind_0,Regulation Of Metallopeptidase Activity (GO:1905048),1/4,0.5978508540253882,0.9999999999998647,1.6758743901601045,0.8620931884147255,SVBP
gs_ind_0,Regulation Of Metaphase/Anaphase Transition Of Cell Cycle (GO:1902099),2/29,0.9886459348271212,0.9999999999998647,0.3549026755121382,0.00405263885669027,UBE2C;BCL7C
gs_ind_0,Regulation Of Microglial Cell Activation (GO:1903978),3/8,0.21111686342347444,0.9999999999998647,2.4896080976620043,3.8721956321797006,NR1D1;SYT11;PTPRC
gs_ind_0,Regulation Of Microglial Cell Migration (GO:1904139),1/2,0.36582651410140676,0.9999999999998647,3.911014911014911,3.9329011974146835,P2RX4
gs_ind_0,Regulation Of Microtubule Binding (GO:1904526),1/4,0.5978508540253882,0.9999999999998647,1.6758743901601045,0.8620931884147255,TTBK2
gs_ind_0,Regulation Of Microtubule Cytoskeleton Organization (GO:0070507),2/26,0.9795449201430425,0.9999999999998647,0.3984583408343289,0.008235011197004182,BICD2;CYLD
gs_ind_0,Regulation Of Microtubule Depolymerization (GO:0031114),3/20,0.8050898859562208,0.9999999999998647,0.781678164607733,0.16946887996429236,ATXN7;TTBK2;CAMSAP2
gs_ind_0,Regulation Of Microtubule Nucleation (GO:0010968),1/8,0.8383192836348962,0.9999999999998647,0.7818181818181819,0.1378785183025454,RANGRF
gs_ind_0,Regulation Of Microtubule Polymerization (GO:0031113),4/35,0.9454605481053991,0.9999999999998647,0.5578788087213701,0.031287582899423676,CAMSAP2;TOGARAM1;CDK5R1;FES
gs_ind_0,Regulation Of Microtubule Polymerization Or Depolymerization (GO:0031110),1/22,0.9933519865267691,0.9999999999998647,0.27241406311173755,0.0018170589927772288,CAMSAP2
gs_ind_0,Regulation Of Microtubule-Based Movement (GO:0060632),1/7,0.796950772203989,0.9999999999998647,0.9021719021719021,0.20475907168261248,DYNLT2B
gs_ind_0,Regulation Of Membrane Depolarization (GO:0003254),3/14,0.5656020552601939,0.9999999999998647,1.1900961920772326,0.6781936079104792,CAMK2D;RANGRF;SMAD7
gs_ind_0,Regulation Of Myeloid Cell Differentiation (GO:0045637),5/20,0.386264025757095,0.9999999999998647,1.3879667942350815,1.3202813981829662,FES;PURB;MEIS2;LEO1;PEX2
gs_ind_0,Regulation Of Myeloid Leukocyte Differentiation (GO:0002761),1/7,0.796950772203989,0.9999999999998647,0.9021719021719021,0.20475907168261248,IRF7
gs_ind_0,Regulation Of Myeloid Leukocyte Mediated Immunity (GO:0002886),4/7,0.03544154835510565,0.9999999999998647,5.032464406080198,16.807779234629297,SYK;DNASE1;FER;FES
gs_ind_0,Regulation Of Nitrogen Compound Metabolic Process (GO:0051171),2/8,0.5073711921876385,0.9999999999998647,1.5041021528591696,1.0205519747850815,SELENOS;SSH1
gs_ind_0,Regulation Of Non-Canonical Wnt Signaling Pathway (GO:2000050),1/9,0.8712616767850634,0.9999999999998647,0.689782983900631,0.09506100349519497,NPHP3
gs_ind_0,Regulation Of Non-Motile Cilium Assembly (GO:1902855),1/5,0.6797672063173691,0.9999999999998647,1.3033509700176367,0.5030998387884896,CEP135
gs_ind_0,Regulation Of Notch Signaling Pathway (GO:0008593),6/49,0.9519021417374897,0.9999999999998647,0.5833273342451948,0.028753978650672887,HEY1;SYNJ2BP;POGLUT1;HIF1AN;DLL1;CHAC1
gs_ind_0,Regulation Of Nuclear Division (GO:0051783),1/15,0.9672015674762875,0.9999999999998647,0.40415650760478344,0.013477956327923916,CUL9
gs_ind_0,"Regulation Of Nuclear-Transcribed mRNA Catabolic Process, Deadenylation-Dependent Decay (GO:1900151)",3/22,0.855158977207062,0.9999999999998647,0.7013908600624468,0.10974514729108541,ZFP36;CPEB3;NANOS3
gs_ind_0,"Regulation Of Nuclear-Transcribed mRNA Catabolic Process, Nonsense-Mediated Decay (GO:2000622)",1/9,0.8712616767850634,0.9999999999998647,0.689782983900631,0.09506100349519497,MAGOHB
gs_ind_0,Regulation Of Nuclear-Transcribed mRNA poly(A) Tail Shortening (GO:0060211),4/14,0.31435549997761164,0.9999999999998647,1.676525208061077,1.9401265540223827,ZFP36;CPEB3;TENT4A;TENT4B
gs_ind_0,Regulation Of Nuclease Activity (GO:0032069),1/4,0.5978508540253882,0.9999999999998647,1.6758743901601045,0.8620931884147255,OAS3
gs_ind_0,Regulation Of Nucleic Acid-Templated Transcription (GO:1903506),81/352,0.11974196774304335,0.9999999999998647,1.1782611185913374,2.500760391850617,ZNF628;FOXN3;SAP30;HINFP;ZNF219;ATXN1L;RBAK;APBB3;ZSCAN26;MZF1;BRD1;NCOA2;SUFU;CDK11B;ZNF680;ZNF117;FOXO4;GZF1;PATZ1;ZNF212;GLRX2;MBIP;ZNF66;ZFAT;E2F1;SPIN3;ING2;WWC1;ZNF653;SPIN2B;ING4;TFEB;ZNF33A;ZBTB4;HIC1;ZSCAN21;IRF2;HCFC2;GCFC2;KAT6B;TRIP4;BRCA2;ATF5;SGF29;SAP30L;GLI4;TP53;KAT14;ZNF92;RFX3;NFKB2;KAT2B;HCLS1;ZNF221;RNF20;ZNF341;ESR2;ZNF85;ZNF138;ZNF519;ZNF736;ZNF35;KLRG1;PPARGC1B;BRPF3;THAP1;WWC3;ZNF205;CREBL2;ZNF2;RYBP;TULP3;RPS6KA5;HDAC10;RB1;INSR;ZNF646;ZNF516;SOX4;AKAP17A;ZNF395
gs_ind_0,Regulation Of Nucleocytoplasmic Transport (GO:0046822),2/14,0.8111659406206002,0.9999999999998647,0.7817481956696071,0.1636063210775793,TMEM53;NEDD4
gs_ind_0,Regulation Of Nucleotide-Binding Oligomerization Domain Containing 2 Signaling Pathway (GO:0070432),1/5,0.6797672063173691,0.9999999999998647,1.3033509700176367,0.5030998387884896,PTPN22
gs_ind_0,Regulation Of Nucleotide-Excision Repair (GO:2000819),1/23,0.994707757026508,0.9999999999998647,0.26028539361872693,0.0013811514722157068,BCL7C
gs_ind_0,Regulation Of Organ Growth (GO:0046620),3/8,0.21111686342347444,0.9999999999998647,2.4896080976620043,3.8721956321797006,WWC1;WWC3;LATS2
gs_ind_0,Regulation Of Nitric-Oxide Synthase Biosynthetic Process (GO:0051769),1/6,0.7450017490315044,0.9999999999998647,1.0662906117451572,0.31388259496961246,SELENOS
gs_ind_0,Regulation Of Organelle Assembly (GO:1902115),17/62,0.1126806906879882,0.9999999999998647,1.5065393913097378,3.2890725903657487,KIF9;SPICE1;FUZ;TBC1D13;MTMR3;TBC1D8;TBC1D2B;TBC1D22B;TBC1D22A;IFT20;CYLD;TBC1D12;TBC1D10C;TBC1D17;TBC1D2;DYNLT2B;TBC1D10A
gs_ind_0,Regulation Of Ossification (GO:0030278),5/24,0.5579574372382914,0.9999999999998647,1.102893414179335,0.6435080844319162,S1PR1;TMEM53;BMPR2;CYP27B1;DDR2
gs_ind_0,Regulation Of Osteoblast Differentiation (GO:0045667),9/53,0.7793615336448032,0.9999999999998647,0.8341319452597129,0.20793261242349328,SUFU;ZHX3;TMEM53;SEMA4D;BMPR2;PPP3CA;LRP3;DDR2;DNAI3
gs_ind_0,Regulation Of Osteoclast Differentiation (GO:0045670),4/22,0.6832810987213362,0.9999999999998647,0.9509167328136996,0.36215562908814614,PPP3CA;TCTA;IL23A;EEIG1
gs_ind_0,Regulation Of Oxidative Stress-Induced Intrinsic Apoptotic Signaling Pathway (GO:1902175),3/13,0.5117635076996409,0.9999999999998647,1.3035456441520936,0.8732356585687845,SIRT1;NOL3;MAPK7
gs_ind_0,Regulation Of Oxidoreductase Activity (GO:0051341),1/8,0.8383192836348962,0.9999999999998647,0.7818181818181819,0.1378785183025454,FDX1
gs_ind_0,Regulation Of PERK-mediated Unfolded Protein Response (GO:1903897),1/7,0.796950772203989,0.9999999999998647,0.9021719021719021,0.20475907168261248,NCK2
gs_ind_0,Regulation Of Pathway-Restricted SMAD Protein Phosphorylation (GO:0060393),4/37,0.9598385184135767,0.9999999999998647,0.5244863788903341,0.021498811352283487,HFE;BMPR2;TGFB3;SMAD7
gs_ind_0,Regulation Of Pattern Recognition Receptor Signaling Pathway (GO:0062207),1/6,0.7450017490315044,0.9999999999998647,1.0662906117451572,0.31388259496961246,APPL1
gs_ind_0,Regulation Of Pentose-Phosphate Shunt (GO:0043456),1/4,0.5978508540253882,0.9999999999998647,1.6758743901601045,0.8620931884147255,TP53
gs_ind_0,Regulation Of Peptidase Activity (GO:0052547),3/17,0.703416858444551,0.9999999999998647,0.943637037569776,0.33197678677575543,CTSS;SVBP;PSMB8
gs_ind_0,Regulation Of Peptide Hormone Secretion (GO:0090276),8/25,0.1182553489302142,0.9999999999998647,1.9014118133192535,4.059341228234638,HFE;PER2;PICK1;ALOX5;ILDR1;RFX3;CCL5;PASK
gs_ind_0,Regulation Of Peptidyl-Lysine Acetylation (GO:2000756),1/8,0.8383192836348962,0.9999999999998647,0.7818181818181819,0.1378785183025454,SIRT1
gs_ind_0,Regulation Of Peptidyl-Serine Phosphorylation (GO:0033135),9/62,0.9084993328538882,0.9999999999998647,0.6932968976048867,0.0665295505888854,NCK2;HCLS1;SH2D3A;SPRY2;SH2D3C;BCAR3;SMAD7;TRIM6;CREBL2
gs_ind_0,Regulation Of Peptidyl-Threonine Phosphorylation (GO:0010799),6/27,0.48044136493869966,0.9999999999998647,1.1823566538816332,0.8667266483262177,DGKQ;S1PR2;SPRED1;SMAD7;TRIM6;SPRY2
gs_ind_0,Regulation Of Organelle Organization (GO:0033043),13/86,0.9150387832254332,0.9999999999998647,0.7168675292425034,0.0636498281585548,INO80B;TFPT;MTM1;INO80C;CAMSAP2;TECPR1;MIEF2;ARMH3;RAB33B;PJVK;TBC1D25;SYT11;INO80D
gs_ind_0,Regulation Of Nitric-Oxide Synthase Activity (GO:0050999),3/14,0.5656020552601939,0.9999999999998647,1.1900961920772326,0.6781936079104792,GCH1;ZDHHC21;DDAH2
gs_ind_0,Regulation Of Nitric Oxide Metabolic Process (GO:0080164),1/5,0.6797672063173691,0.9999999999998647,1.3033509700176367,0.5030998387884896,SELENOS
gs_ind_0,Regulation Of Nitric Oxide Biosynthetic Process (GO:0045428),5/25,0.5971516983179352,0.9999999999998647,1.049007592339529,0.5408516320669873,ZC3H12A;INSR;P2RX4;TLR6;DDAH2
gs_ind_0,Regulation Of Myoblast Differentiation (GO:0045661),7/35,0.5883597026709875,0.9999999999998647,1.0289156626506024,0.5457541315257182,EID2B;SOX4;TMEM182;TRIP4;DLL1;HIF1AN;XKR8
gs_ind_0,Regulation Of Myoblast Fusion (GO:1901739),2/8,0.5073711921876385,0.9999999999998647,1.5041021528591696,1.0205519747850815,TMEM182;PLEKHO1
gs_ind_0,Regulation Of Myosin-Light-Chain-Phosphatase Activity (GO:0035507),1/3,0.49498852941534904,0.9999999999998647,2.3464165464165463,1.650048661813499,NCKAP1L
gs_ind_0,Regulation Of NIK/NF-kappaB Signaling (GO:1901222),11/50,0.44194598816134745,0.9999999999998647,1.138753886342674,0.929869531493122,PYCARD;ZC3H12A;IFI35;NOD1;IL23A;CYLD;TRIM6;TRADD;TRIM56;PTPN22;BCL3
gs_ind_0,Regulation Of NK T Cell Activation (GO:0051133),1/4,0.5978508540253882,0.9999999999998647,1.6758743901601045,0.8620931884147255,IL23A
gs_ind_0,Regulation Of NK T Cell Proliferation (GO:0051140),1/4,0.5978508540253882,0.9999999999998647,1.6758743901601045,0.8620931884147255,IL23A
gs_ind_0,Regulation Of NLRP3 Inflammasome Complex Assembly (GO:1900225),3/23,0.8756878983937938,0.9999999999998647,0.6671218886101904,0.08855744994639804,CARD8;PTPN22;TLR6
gs_ind_0,Regulation Of NMDA Receptor Activity (GO:2000310),1/8,0.8383192836348962,0.9999999999998647,0.7818181818181819,0.1378785183025454,DLG4
gs_ind_0,Regulation Of Natural Killer Cell Activation (GO:0032814),4/10,0.12731015554677688,0.9999999999998647,2.7091218843746527,5.583849680727797,PTPN22;TICAM1;PIBF1;IL23A
gs_ind_0,Regulation Of Natural Killer Cell Chemotaxis (GO:2000501),1/2,0.36582651410140676,0.9999999999998647,3.911014911014911,3.9329011974146835,CCL5
gs_ind_0,Regulation Of Natural Killer Cell Mediated Cytotoxicity (GO:0042269),2/12,0.7354204812815023,0.9999999999998647,0.9308053614388819,0.2860484576995813,ARRB2;SLAMF6
gs_ind_0,Regulation Of Natural Killer Cell Proliferation (GO:0032817),2/6,0.3535944927466926,0.9999999999998647,2.172948409516172,2.2590069951074945,PTPN22;IL23A
gs_ind_0,Regulation Of Necroptotic Process (GO:0060544),2/18,0.9071587652944273,0.9999999999998647,0.5920390755996209,0.05768698489803892,SPATA2;CYLD
gs_ind_0,Regulation Of Necrotic Cell Death (GO:0010939),1/4,0.5978508540253882,0.9999999999998647,1.6758743901601045,0.8620931884147255,HEBP2
gs_ind_0,Regulation Of Nervous System Development (GO:0051960),4/29,0.8700129911051704,0.9999999999998647,0.689484267467218,0.09600870896904941,HEY1;PER2;DLL1;NPHP3
gs_ind_0,Regulation Of Neuroblast Proliferation (GO:1902692),1/10,0.8974937817113968,0.9999999999998647,0.6171236171236171,0.06674135581913541,ZNF335
gs_ind_0,Regulation Of Neurogenesis (GO:0050767),8/43,0.6721878798506852,0.9999999999998647,0.9359305438932809,0.3717678920070548,LIG4;TRIM32;HEY1;PER2;NUMBL;FAIM;DLL1;ZNF335
gs_ind_0,Regulation Of Neutrophil Migration (GO:1902622),2/4,0.18640155558523228,0.9999999999998647,3.9119486768243785,6.571494931304808,NCKAP1L;FUT4
gs_ind_0,Regulation Of Neutrophil Chemotaxis (GO:0090022),2/11,0.6886104060141844,0.9999999999998647,1.028869286287089,0.38385015860250277,NCKAP1L;TIRAP
gs_ind_0,Regulation Of Neutrophil Activation (GO:1902563),2/3,0.10750248347352222,0.9999999999998647,6.520449077786688,14.542175020845065,SYK;PLPP6
gs_ind_0,Regulation Of Neurotransmitter Transport (GO:0051588),1/12,0.9350149954629013,0.9999999999998647,0.5097141184097705,0.03424907390651992,CASK
gs_ind_0,Regulation Of Neurotransmitter Secretion (GO:0046928),3/23,0.8756878983937938,0.9999999999998647,0.6671218886101904,0.08855744994639804,SNAPIN;SYT11;CASK
gs_ind_0,Regulation Of Neurotransmitter Receptor Activity (GO:0099601),1/21,0.9916490336667981,0.9999999999998647,0.28572601743333453,0.002396107241114433,DLG4
gs_ind_0,Regulation Of MAP Kinase Activity (GO:0043405),8/62,0.9540604760164064,0.9999999999998647,0.6086904602193403,0.02862562734868403,TRIB1;PTPRJ;INSR;MST1R;STK38;SMPD1;ERBB2;SPRY2
gs_ind_0,Regulation Of Neuronal Synaptic Plasticity (GO:0048168),5/24,0.5579574372382914,0.9999999999998647,1.102893414179335,0.6435080844319162,NOL3;DLG4;RAB3A;ZDHHC2;SYAP1
gs_ind_0,Regulation Of Neuron Projection Arborization (GO:0150011),1/11,0.9183821192811181,0.9999999999998647,0.5583041297327012,0.04753497558033882,NCOA2
gs_ind_0,Regulation Of Neuron Migration (GO:2001222),2/15,0.8412494484890192,0.9999999999998647,0.7237815200926668,0.12511797883472436,SRGAP3;ULK4
gs_ind_0,Regulation Of Neuron Differentiation (GO:0045664),9/45,0.583394937508116,0.9999999999998647,1.0176247927369295,0.5483887395573308,MMD;KCTD11;CDK5R1;ZEB1;ZFHX2;HEY1;MOSMO;TRIM32;DLL1
gs_ind_0,Regulation Of Neuron Death (GO:1901214),1/40,0.9998906950500512,0.9999999999998647,0.14805681894289488,1.6184227708340407e-05,MAP3K5
gs_ind_0,Regulation Of Neuron Apoptotic Process (GO:0043523),9/64,0.9262648030967415,0.9999999999998647,0.6682031653901128,0.05118110213770533,LIG4;NFATC4;CDK5R1;NRBP2;RASA1;BCL2;IL27RA;AGAP2;TGFB3
gs_ind_0,Regulation Of Neuroinflammatory Response (GO:0150077),1/8,0.8383192836348962,0.9999999999998647,0.7818181818181819,0.1378785183025454,NR1D1
gs_ind_0,Regulation Of Neuron Projection Development (GO:0010975),13/108,0.9918823473817966,0.9999999999998647,0.5507241613809248,0.004488831568552493,RTN4IP1;CDK5R1;KIF13B;CBFA2T2;CAMSAP2;KANK1;NOL3;FES;BRSK1;SERPINI1;SIPA1L1;ULK4;DDR2
gs_ind_0,Regulation Of Lysosomal Protein Catabolic Process (GO:1905165),1/8,0.8383192836348962,0.9999999999998647,0.7818181818181819,0.1378785183025454,MARCHF2
gs_ind_0,Regulation Of Lysosomal Lumen pH (GO:0035751),1/19,0.9868233624880947,0.9999999999998647,0.3166673166673167,0.004200344831304321,CLN5
gs_ind_0,Regulation Of Lymphocyte Proliferation (GO:0050670),2/8,0.5073711921876385,0.9999999999998647,1.5041021528591696,1.0205519747850815,PTPN22;ZNF335
gs_ind_0,Regulation Of Gluconeogenesis (GO:0006111),6/19,0.1735319747924727,0.9999999999998647,1.8842495940617026,3.300062310195911,SELENOS;DGKQ;SIRT1;FOXO1;MST1;PDK2
gs_ind_0,Regulation Of Glucose Import (GO:0046324),7/27,0.303359293681427,0.9999999999998647,1.4313840728768734,1.7074084390534465,SELENOS;CAPN10;INSR;PIK3R1;APPL1;RHOQ;CREBL2
gs_ind_0,Regulation Of Glucose Metabolic Process (GO:0010906),7/24,0.20169441164025526,0.9999999999998647,1.6771772805507745,2.685163410190523,SELENOS;DGKQ;SIRT1;PMAIP1;MLYCD;PDK2;GPLD1
gs_ind_0,Regulation Of Glycogen (Starch) Synthase Activity (GO:2000465),1/4,0.5978508540253882,0.9999999999998647,1.6758743901601045,0.8620931884147255,PPP1R3F
gs_ind_0,Regulation Of Glycogen Biosynthetic Process (GO:0005979),7/19,0.07328201397674926,0.9999999999998647,2.349012048192771,6.139002225018012,SELENOS;PPP1R3B;PPP1R3F;INSR;PPP1R3D;PASK;PPP1R3E
gs_ind_0,Regulation Of Glycolytic Process (GO:0006110),2/29,0.9886459348271212,0.9999999999998647,0.3549026755121382,0.00405263885669027,INSR;ZBTB20
gs_ind_0,Regulation Of Glycoprotein Biosynthetic Process (GO:0010559),1/4,0.5978508540253882,0.9999999999998647,1.6758743901601045,0.8620931884147255,FKTN
gs_ind_0,Regulation Of Golgi Organization (GO:1903358),3/15,0.6156231394758771,0.9999999999998647,1.0947986523343494,0.5311090388707119,ARMH3;RAB33B;CAMSAP2
gs_ind_0,Regulation Of Granulocyte Chemotaxis (GO:0071622),1/12,0.9350149954629013,0.9999999999998647,0.5097141184097705,0.03424907390651992,CCL5
gs_ind_0,Regulation Of Granulocyte Differentiation (GO:0030852),2/6,0.3535944927466926,0.9999999999998647,2.172948409516172,2.2590069951074945,EVI2B;HCLS1
gs_ind_0,Regulation Of Granulocyte Macrophage Colony-Stimulating Factor Production (GO:0032645),4/7,0.03544154835510565,0.9999999999998647,5.032464406080198,16.807779234629297,RIGI;IL23A;CD84;CD80
gs_ind_0,Regulation Of Growth Hormone Receptor Signaling Pathway (GO:0060398),2/5,0.27018544485746365,0.9999999999998647,2.7940199335548175,3.6563850298756777,MBD5;GHRL
gs_ind_0,Regulation Of Growth Hormone Secretion (GO:0060123),1/4,0.5978508540253882,0.9999999999998647,1.6758743901601045,0.8620931884147255,GHRL
gs_ind_0,Regulation Of Heart Contraction (GO:0008016),5/30,0.7603934694129155,0.9999999999998647,0.8429735676579189,0.2309066931231196,CAMK2D;TMEM65;P2RX4;SMAD7;RNF207
gs_ind_0,Regulation Of Glucan Biosynthetic Process (GO:0010962),4/6,0.018084094274765147,0.9999999999998647,7.04602792489167,28.273754764507046,PPP1R3B;PPP1R3E;PPP1R3F;PPP1R3D
gs_ind_0,Regulation Of Heart Rate By Cardiac Conduction (GO:0086091),2/21,0.9467299284801028,0.9999999999998647,0.500832767873666,0.027416293324235817,CAMK2D;CTNNA3
gs_ind_0,Regulation Of Hematopoietic Progenitor Cell Differentiation (GO:1901532),1/16,0.9738872946210139,0.9999999999998647,0.3780508619218297,0.010003110870083008,METTL14
gs_ind_0,Regulation Of Heme Biosynthetic Process (GO:0070453),1/6,0.7450017490315044,0.9999999999998647,1.0662906117451572,0.31388259496961246,TMEM14A
gs_ind_0,Regulation Of Hemopoiesis (GO:1903706),3/11,0.3947032014005075,0.9999999999998647,1.6105265144723058,1.4971795674609456,PURB;BRPF3;KAT6B
gs_ind_0,Regulation Of Heterotypic Cell-Cell Adhesion (GO:0034114),1/11,0.9183821192811181,0.9999999999998647,0.5583041297327012,0.04753497558033882,MAPK7
gs_ind_0,Regulation Of High Voltage-Gated Calcium Channel Activity (GO:1901841),1/5,0.6797672063173691,0.9999999999998647,1.3033509700176367,0.5030998387884896,CACNB3
gs_ind_0,Regulation Of Hippo Signaling (GO:0035330),3/17,0.703416858444551,0.9999999999998647,0.943637037569776,0.33197678677575543,WWC1;WWC3;MAP2K3
gs_ind_0,Regulation Of Histamine Secretion By Mast Cell (GO:1903593),1/6,0.7450017490315044,0.9999999999998647,1.0662906117451572,0.31388259496961246,VAMP2
gs_ind_0,Regulation Of Histone Deacetylase Activity (GO:1901725),1/4,0.5978508540253882,0.9999999999998647,1.6758743901601045,0.8620931884147255,CAMK2D
gs_ind_0,Regulation Of Histone Deacetylation (GO:0031063),7/20,0.09368327749373606,0.9999999999998647,2.1748326639892905,5.1496461498316215,SGF29;CAMK2D;SIRT1;KAT14;ING2;MBIP;KAT2B
gs_ind_0,Regulation Of Histone Methylation (GO:0031060),1/9,0.8712616767850634,0.9999999999998647,0.689782983900631,0.09506100349519497,SIRT1
gs_ind_0,Regulation Of Histone Modification (GO:0031056),5/17,0.25419710850453286,0.9999999999998647,1.7215026489003051,2.357848003698116,SGF29;HPF1;KAT14;MBIP;KAT2B
gs_ind_0,Regulation Of Homotypic Cell-Cell Adhesion (GO:0034110),3/9,0.27143988032691707,0.9999999999998647,2.1064186896049564,2.746800723669715,PLAUR;SYK;CCL5
gs_ind_0,Regulation Of Hormone Biosynthetic Process (GO:0046885),1/4,0.5978508540253882,0.9999999999998647,1.6758743901601045,0.8620931884147255,DGKQ
gs_ind_0,Regulation Of Hormone Secretion (GO:0046883),1/6,0.7450017490315044,0.9999999999998647,1.0662906117451572,0.31388259496961246,VAMP2
gs_ind_0,Regulation Of Helicase Activity (GO:0051095),3/7,0.15431169962193045,0.9999999999998647,3.0431039092999628,5.686893849611121,SIRT1;IFIT1;TP53
gs_ind_0,Regulation Of Glucagon Secretion (GO:0070092),1/3,0.49498852941534904,0.9999999999998647,2.3464165464165463,1.650048661813499,PASK
gs_ind_0,Regulation Of Glial Cell Apoptotic Process (GO:0034350),1/4,0.5978508540253882,0.9999999999998647,1.6758743901601045,0.8620931884147255,DLL1
gs_ind_0,Regulation Of Generation Of Precursor Metabolites And Energy (GO:0043467),1/4,0.5978508540253882,0.9999999999998647,1.6758743901601045,0.8620931884147255,KHK
gs_ind_0,Regulation Of Exit From Mitosis (GO:0007096),1/11,0.9183821192811181,0.9999999999998647,0.5583041297327012,0.04753497558033882,UBE2C
gs_ind_0,Regulation Of Exocytosis (GO:0017157),12/36,0.04776391553039048,0.9999999999998647,1.9987029405487053,6.079024672937777,CHMP6;VAMP2;RAB2B;RAB12;SEPTIN1;RAB3D;TPCN2;SMCR8;EXPH5;RAB33B;RAB9A;RAB3A
gs_ind_0,Regulation Of Exosomal Secretion (GO:1903541),3/14,0.5656020552601939,0.9999999999998647,1.1900961920772326,0.6781936079104792,CHMP6;VPS4B;SDC1
gs_ind_0,Regulation Of Extracellular Exosome Assembly (GO:1903551),1/5,0.6797672063173691,0.9999999999998647,1.3033509700176367,0.5030998387884896,SDC1
gs_ind_0,Positive Regulation Of Adenylate Cyclase Activity (GO:0045762),2/13,0.7760853855691137,0.9999999999998647,0.84979603221645,0.21541711776620684,AKAP5;SERPINB8
gs_ind_0,Regulation Of Extracellular Matrix Disassembly (GO:0010715),2/11,0.6886104060141844,0.9999999999998647,1.028869286287089,0.38385015860250277,DDR2;MELTF
gs_ind_0,Regulation Of Extracellular Matrix Organization (GO:1903053),3/11,0.3947032014005075,0.9999999999998647,1.6105265144723058,1.4971795674609456,EFEMP2;DDR2;RB1
gs_ind_0,Regulation Of Extrinsic Apoptotic Signaling Pathway (GO:2001236),11/48,0.38478338570762166,0.9999999999998647,1.1996847354029274,1.1457885838175408,TMC8;PYCARD;TNFSF10;WWOX;PELI3;NOL3;TLR6;CYLD;LTB;BCL10;SH3RF1
gs_ind_0,Regulation Of Extrinsic Apoptotic Signaling Pathway In Absence Of Ligand (GO:2001239),3/17,0.703416858444551,0.9999999999998647,0.943637037569776,0.33197678677575543,BCL2;MAPK7;IFI6
gs_ind_0,Regulation Of Extrinsic Apoptotic Signaling Pathway Via Death Domain Receptors (GO:1902041),5/22,0.4743998704212109,0.9999999999998647,1.2291401967754512,0.916575627153152,TMC8;PMAIP1;TNFAIP3;HMOX1;FAIM
gs_ind_0,Regulation Of Fat Cell Differentiation (GO:0045598),14/52,0.15734149604725,0.9999999999998647,1.474658492369006,2.7271400724915895,ZFP36;WDFY2;FOXO1;NR1D1;ZC3H12A;SIRT1;ANKRD26;E2F1;ALOX5;LRP3;PPARD;TRIO;SYAP1;CREBL2
gs_ind_0,Regulation Of Fat Cell Proliferation (GO:0070344),1/3,0.49498852941534904,0.9999999999998647,2.3464165464165463,1.650048661813499,PER2
gs_ind_0,Regulation Of Fatty Acid Beta-Oxidation (GO:0031998),2/11,0.6886104060141844,0.9999999999998647,1.028869286287089,0.38385015860250277,ABCD2;ABCD1
gs_ind_0,Regulation Of Fatty Acid Biosynthetic Process (GO:0042304),3/19,0.7749900719826985,0.9999999999998647,0.8291206627481295,0.21134705233127382,DCAF5;KAT2B;ERLIN1
gs_ind_0,Regulation Of Fatty Acid Oxidation (GO:0046320),2/11,0.6886104060141844,0.9999999999998647,1.028869286287089,0.38385015860250277,MLYCD;ABCD1
gs_ind_0,Regulation Of Fibrinolysis (GO:0051917),1/6,0.7450017490315044,0.9999999999998647,1.0662906117451572,0.31388259496961246,PLAUR
gs_ind_0,Regulation Of Fibroblast Apoptotic Process (GO:2000269),2/5,0.27018544485746365,0.9999999999998647,2.7940199335548175,3.6563850298756777,IER3IP1;STK17A
gs_ind_0,Regulation Of Gene Expression (GO:0010468),152/774,0.7105361091295765,0.9999999999998647,0.9556074339480923,0.3265649943711522,ANKRA2;BCL6B;ZC3H12A;ZNF628;FOXN3;EOLA1;SAP30;HINFP;ZNF219;ATXN1L;RIGI;RBAK;GLMN;LAMP3;ZC3H10;CALCOCO1;ZSCAN26;MZF1;APBB3;ZBTB1;RNF207;BRD1;TRAPPC2B;NCOA2;ACTA2;SUFU;ZNF513;PTPRC;ZBTB25;CDK11B;ZNF680;VSIR;SMCR8;ZNF117;CYP27B1;FOXO4;LRP3;PIK3R3;GZF1;SIRT1;TCEAL1;PATZ1;ZNF212;GLRX2;MBIP;ZNF66;ZBTB2;ZFAT;E2F1;SPIN3;BTN3A2;COQ7;ING2;ZBTB49;ATXN7;PARP9;TADA2B;ZNF407;WWC1;METTL4;ZBTB20;SPIN2B;ING4;ITGB8;SETDB2;TFEB;TLR6;ZNF33A;DLL1;ZBTB4;HIC1;KDM6B;BTN3A1;PTPN22;ZSCAN21;IRF2;HCFC2;BTN2A1;GCFC2;IFNGR1;KAT6B;TRIP4;BRCA2;TOB2;ATF5;ILDR1;AIF1;METTL18;TRIM6;SGF29;SAP30L;ADAM19;ZBTB32;GLI4;SPRY2;TICAM1;TP53;KAT14;ZNF92;RFX3;PDCL3;NFKB2;KAT2B;HFE;DGKQ;HAVCR2;HCLS1;ZNF221;RNF20;ZNF341;ESR2;ATG14;ZNF85;FAM98B;BTN3A3;BMPR2;ZNF138;EIF2AK3;ZNF519;MSL2;ZNF736;ZNF35;KLRG1;BTN2A2;PPARGC1B;NFKB1;BRPF3;ZBTB37;THAP1;WWC3;ZNF205;TIPARP;ZBTB6;ZBTB39;ZNF335;CREBL2;ZNF2;RYBP;BTN2A3P;TULP3;RPS6KA5;HDAC10;OSR2;RB1;INSR;ZNF646;SFMBT2;ZNF516;SOX4;AKAP17A;ZBTB26;ZNF395
gs_ind_0,Regulation Of Gastrulation (GO:0010470),2/8,0.5073711921876385,0.9999999999998647,1.5041021528591696,1.0205519747850815,DAG1;POGLUT1
gs_ind_0,Regulation Of GTPase Activity (GO:0043087),30/135,0.32713595213636293,0.9999999999998647,1.1315539792708678,1.264375150237562,SRGAP3;ADAP2;RASGRP4;PLXNA3;ARHGAP9;CPEB2;SIPA1L1;CCL5;BCAS3;VAV2;SGSM2;SEMA4D;FICD;RALGPS1;BCAR3;SOS2;ALS2;GMIP;RGP1;RGL1;SMCR8;SNX18;RAB11FIP2;TBC1D2;PREX1;VAV1;LRCH1;RGS16;ERBB2;TBC1D30
gs_ind_0,Regulation Of G2/M Transition Of Mitotic Cell Cycle (GO:0010389),4/27,0.8297302243867123,0.9999999999998647,0.7482867064813202,0.13967120219120238,RRM2B;RAD51B;VPS4B;PINX1
gs_ind_0,Regulation Of G1/S Transition Of Mitotic Cell Cycle (GO:2000045),12/83,0.9351984157864379,0.9999999999998647,0.6822260603435181,0.04570680110202728,PTPN6;E2F7;E2F1;LSM11;UBE2E2;SASS6;BCL7C;AIF1;DCUN1D3;MBLAC1;RB1;APPL1
gs_ind_0,Regulation Of G0 To G1 Transition (GO:0070316),3/26,0.9225999915368105,0.9999999999998647,0.5818140235056375,0.04687065673583295,RRM2B;FOXO4;BCL7C
gs_ind_0,Regulation Of Hyaluronan Biosynthetic Process (GO:1900125),1/4,0.5978508540253882,0.9999999999998647,1.6758743901601045,0.8620931884147255,NFKB1
gs_ind_0,Regulation Of G Protein-Coupled Receptor Signaling Pathway (GO:0008277),12/43,0.1492279401701483,0.9999999999998647,1.5536528368386775,2.9554832501039483,DGKQ;RASGRP4;GNG7;NMT2;RPGRIP1L;TULP3;GRK5;MGLL;RGS16;CAMKMT;RGS5;CCL5
gs_ind_0,Regulation Of Focal Adhesion Assembly (GO:0051893),3/39,0.9917944905062174,0.9999999999998647,0.37419259838816377,0.003083107522847602,PTPRJ;DUSP22;BCAS3
gs_ind_0,Regulation Of Flagellated Sperm Motility (GO:1901317),1/4,0.5978508540253882,0.9999999999998647,1.6758743901601045,0.8620931884147255,KIF9
gs_ind_0,Regulation Of Filopodium Assembly (GO:0051489),6/26,0.44108979354819455,0.9999999999998647,1.240134426396456,1.0150584742804778,PPP1R16B;PIK3R1;WASL;RHOQ;TGFB3;BCAS3
gs_ind_0,Regulation Of Fibroblast Proliferation (GO:0048145),8/35,0.4219208254294794,0.9999999999998647,1.2089959534278993,1.0432880664779174,LIG4;TP53;E2F1;TRIM32;PEX2;DDR2;B4GALT7;MED9
gs_ind_0,Regulation Of Fibroblast Migration (GO:0010762),3/18,0.7411693826261057,0.9999999999998647,0.8826847735518029,0.26438712180913754,DDR2;MACIR;APPL1
gs_ind_0,Regulation Of Fibroblast Growth Factor Receptor Signaling Pathway (GO:0040036),2/14,0.8111659406206002,0.9999999999998647,0.7817481956696071,0.1636063210775793,DSTYK;SPRY2
gs_ind_0,Regulation Of Focal Adhesion Disassembly (GO:0120182),1/5,0.6797672063173691,0.9999999999998647,1.3033509700176367,0.5030998387884896,PIK3R1
gs_ind_0,Regulation Of Peptidyl-Tyrosine Phosphorylation (GO:0050730),11/53,0.5264046626802873,0.9999999999998647,1.058110115527633,0.6789734332192681,PTPN6;DGKQ;PTPRJ;PTPRC;TP53;CD80;IL23A;SEMA4D;HCLS1;PDCL3;TNFRSF14
gs_ind_0,Regulation Of Hydrolase Activity (GO:0051336),7/47,0.869978316228873,0.9999999999998647,0.7233377956269522,0.10075154540484262,VAV2;ALS2;ADAP2;PLXNA3;ARHGAP9;VAV1;SIPA1L1
gs_ind_0,Regulation Of IRE1-mediated Unfolded Protein Response (GO:1903894),3/11,0.3947032014005075,0.9999999999998647,1.6105265144723058,1.4971795674609456,DNAJB9;FICD;UFL1
gs_ind_0,Regulation Of Keratinocyte Apoptotic Process (GO:1902172),1/3,0.49498852941534904,0.9999999999998647,2.3464165464165463,1.650048661813499,ZFP36
gs_ind_0,Regulation Of Keratinocyte Differentiation (GO:0045616),3/18,0.7411693826261057,0.9999999999998647,0.8826847735518029,0.26438712180913754,ZFP36;CYP27B1;SGPP1
gs_ind_0,Regulation Of Keratinocyte Proliferation (GO:0010837),5/15,0.17365939932302765,0.9999999999998647,2.0497442836502073,3.5884040430012765,ZFP36;KLF9;STXBP4;CYP27B1;CASK
gs_ind_0,Regulation Of Ketone Biosynthetic Process (GO:0010566),4/6,0.018084094274765147,0.9999999999998647,7.04602792489167,28.273754764507046,SIRT5;H6PD;CLCN2;DGKQ
gs_ind_0,Regulation Of Kinase Activity (GO:0043549),9/51,0.7376838829856357,0.9999999999998647,0.8735289389827624,0.26576234742091215,CCNYL1;INSR;DSTYK;MST1R;ANKRD54;ERBB2;FGR;DDR2;RB1
gs_ind_0,Regulation Of Lamellipodium Assembly (GO:0010591),4/26,0.8059597139185256,0.9999999999998647,0.7816080885893115,0.16860968527122933,FER;WAS;CARMIL2;PIK3R1
gs_ind_0,Regulation Of Lamellipodium Morphogenesis (GO:2000392),1/7,0.796950772203989,0.9999999999998647,0.9021719021719021,0.20475907168261248,KANK1
gs_ind_0,Regulation Of Lamellipodium Organization (GO:1902743),4/11,0.16922725830899113,0.9999999999998647,2.3477130476649015,4.170742147653361,FER;CARMIL1;WAS;CARMIL2
gs_ind_0,Regulation Of Lens Fiber Cell Differentiation (GO:1902746),2/6,0.3535944927466926,0.9999999999998647,2.172948409516172,2.2590069951074945,SPRED1;SPRY2
gs_ind_0,Regulation Of Leukocyte Activation (GO:0002694),1/8,0.8383192836348962,0.9999999999998647,0.7818181818181819,0.1378785183025454,CD84
gs_ind_0,Regulation Of Leukocyte Adhesion To Vascular Endothelial Cell (GO:1904994),1/9,0.8712616767850634,0.9999999999998647,0.689782983900631,0.09506100349519497,ZDHHC21
gs_ind_0,Regulation Of Leukocyte Cell-Cell Adhesion (GO:1903037),1/6,0.7450017490315044,0.9999999999998647,1.0662906117451572,0.31388259496961246,FUT4
gs_ind_0,Regulation Of Leukocyte Degranulation (GO:0043300),3/6,0.10336734907900555,0.9999999999998647,3.912883041873897,8.880155572158289,SYK;FER;FES
gs_ind_0,Regulation Of Leukocyte Mediated Cytotoxicity (GO:0001910),1/4,0.5978508540253882,0.9999999999998647,1.6758743901601045,0.8620931884147255,DNASE1
gs_ind_0,Regulation Of JUN Kinase Activity (GO:0043506),8/30,0.25537326984149067,0.9999999999998647,1.4782687878300926,2.017879766423838,ERN1;DUSP10;TLR6;MAP3K12;MAP4K2;MAP3K5;PTPN22;MAP3K10
gs_ind_0,Regulation Of Leukocyte Migration (GO:0002685),2/8,0.5073711921876385,0.9999999999998647,1.5041021528591696,1.0205519747850815,HMOX1;NCKAP1L
gs_ind_0,Regulation Of Lipid Biosynthetic Process (GO:0046890),3/18,0.7411693826261057,0.9999999999998647,0.8826847735518029,0.26438712180913754,CREBL2;FITM2;ZBTB20
gs_ind_0,Regulation Of Lipid Catabolic Process (GO:0050994),1/11,0.9183821192811181,0.9999999999998647,0.5583041297327012,0.04753497558033882,ABCD1
gs_ind_0,Regulation Of Lipid Kinase Activity (GO:0043550),4/10,0.12731015554677688,0.9999999999998647,2.7091218843746527,5.583849680727797,WDR91;PIK3R3;PIK3R1;RB1
gs_ind_0,Regulation Of Lipid Metabolic Process (GO:0019216),3/37,0.9882294788745641,0.9999999999998647,0.3959500275532056,0.0046881837951800835,PPARD;NR1D1;NCOA2
gs_ind_0,Regulation Of Lipid Storage (GO:0010883),4/16,0.4164508921822029,0.9999999999998647,1.4080500722195475,1.233433178794374,NFKB1;SIRT1;ZC3H12A;IKBKE
gs_ind_0,Regulation Of Lipopolysaccharide-Mediated Signaling Pathway (GO:0031664),3/7,0.15431169962193045,0.9999999999998647,3.0431039092999628,5.686893849611121,CARD8;TRIB1;NFKBIL1
gs_ind_0,Regulation Of Lipoprotein Metabolic Process (GO:0050746),2/6,0.3535944927466926,0.9999999999998647,2.172948409516172,2.2590069951074945,ULK1;RABL3
gs_ind_0,Regulation Of Long-Term Neuronal Synaptic Plasticity (GO:0048169),1/8,0.8383192836348962,0.9999999999998647,0.7818181818181819,0.1378785183025454,DLG4
gs_ind_0,Regulation Of Long-Term Synaptic Depression (GO:1900452),1/7,0.796950772203989,0.9999999999998647,0.9021719021719021,0.20475907168261248,NOL3
gs_ind_0,Regulation Of Long-Term Synaptic Potentiation (GO:1900271),3/17,0.703416858444551,0.9999999999998647,0.943637037569776,0.33197678677575543,ZDHHC2;AKAP5;NOL3
gs_ind_0,Regulation Of Lymphocyte Activation (GO:0051249),2/6,0.3535944927466926,0.9999999999998647,2.172948409516172,2.2590069951074945,PAG1;THEMIS2
gs_ind_0,Regulation Of Lymphocyte Apoptotic Process (GO:0070228),1/4,0.5978508540253882,0.9999999999998647,1.6758743901601045,0.8620931884147255,CD274
gs_ind_0,Regulation Of Lymphocyte Differentiation (GO:0045619),2/11,0.6886104060141844,0.9999999999998647,1.028869286287089,0.38385015860250277,IL4I1;NCKAP1L
gs_ind_0,Regulation Of Lymphocyte Migration (GO:2000401),3/9,0.27143988032691707,0.9999999999998647,2.1064186896049564,2.746800723669715,JAM2;STK10;WASL
gs_ind_0,Regulation Of Leukocyte Tethering Or Rolling (GO:1903236),1/6,0.7450017490315044,0.9999999999998647,1.0662906117451572,0.31388259496961246,FUT4
gs_ind_0,Regulation Of JNK Cascade (GO:0046328),16/68,0.30135546021894466,0.9999999999998647,1.2299523579368916,1.4752845344525147,PYCARD;GADD45B;TIRAP;MAPKBP1;FKTN;RAP2A;CYLD;MAP4K2;ULK4;TRAF5;MBIP;SH3RF1;MAP3K5;DUSP10;MAPK8IP3;MAP3K10
gs_ind_0,Regulation Of Isotype Switching (GO:0045191),4/14,0.31435549997761164,0.9999999999998647,1.676525208061077,1.9401265540223827,PARP3;SHLD1;TRAPPC13;PAXIP1
gs_ind_0,Regulation Of Intrinsic Apoptotic Signaling Pathway In Response To DNA Damage By P53 Class Mediator (GO:1902165),3/12,0.45456002967759573,0.9999999999998647,1.4408791914006096,1.1360256023861053,BCL2;SIRT1;ING2
gs_ind_0,Regulation Of Immune Response (GO:0050776),12/39,0.08275552870487123,0.9999999999998647,1.780223798727419,4.436076405661629,DHX58;TIRAP;IL4I1;FGR;DENND1B;SYK;SMCR8;INPP5D;IRF7;PTPN22;PDCD1;APPL1
gs_ind_0,Regulation Of Immunoglobulin Production (GO:0002637),2/17,0.8887155005535027,0.9999999999998647,0.6302868820653439,0.07436005923900754,DNAJB9;PTPRC
gs_ind_0,Regulation Of Inclusion Body Assembly (GO:0090083),1/6,0.7450017490315044,0.9999999999998647,1.0662906117451572,0.31388259496961246,DNAJB2
gs_ind_0,Regulation Of Inflammatory Response (GO:0050727),29/127,0.2750734060690176,0.9999999999998647,1.1725313450339463,1.5134064751486598,SETD6;TNFAIP3;MAPK7;IL23A;CCL5;AKNA;PYCARD;PIK3AP1;MACIR;CYLD;MGLL;IL17RA;UFL1;GSDMD;VAMP2;GHRL;TNFAIP8L2;ALOX5;DNASE1;TRADD;SEMA7A;PPARD;NINJ1;RB1;SELENOS;NR1D1;IFI35;SPATA2;NAPEPLD
gs_ind_0,Regulation Of Inflammatory Response To Antigenic Stimulus (GO:0002861),3/14,0.5656020552601939,0.9999999999998647,1.1900961920772326,0.6781936079104792,SYK;RHBDF2;FGR
gs_ind_0,Regulation Of Inflammatory Response To Wounding (GO:0106014),1/5,0.6797672063173691,0.9999999999998647,1.3033509700176367,0.5030998387884896,PTPN6
gs_ind_0,Regulation Of Innate Immune Response (GO:0045088),17/62,0.1126806906879882,0.9999999999998647,1.5065393913097378,3.2890725903657487,PTPN6;TRIM21;IFI35;DHX58;TIRAP;TNFAIP3;PARP9;RNF185;POLR3F;FGR;ADAM8;TRIM56;CEP63;CCL5;PTPN22;TREX1;APPL1
gs_ind_0,Regulation Of Insulin Receptor Signaling Pathway (GO:0046626),4/27,0.8297302243867123,0.9999999999998647,0.7482867064813202,0.13967120219120238,PIP4K2C;SIRT1;KANK1;SOCS1
gs_ind_0,Regulation Of Insulin Secretion (GO:0050796),12/54,0.4197309918167133,0.9999999999998647,1.1504898017131229,0.998787675952411,CAPN10;FOXO1;NR1D1;GHRL;PER2;PICK1;BAD;ALOX5;SOX4;RFX3;STXBP4;CCL5
gs_ind_0,Regulation Of Insulin Secretion Involved In Cellular Response To Glucose Stimulus (GO:0061178),4/17,0.4663751333137939,0.9999999999998647,1.3036430749478414,0.9943732599893775,GPLD1;NR1D1;STXBP4;PIM3
gs_ind_0,Regulation Of Integrin-Mediated Signaling Pathway (GO:2001044),1/11,0.9183821192811181,0.9999999999998647,0.5583041297327012,0.04753497558033882,LOXL3
gs_ind_0,Regulation Of Interferon-Alpha Production (GO:0032647),4/19,0.5607923727242765,0.9999999999998647,1.1352446922515416,0.656630688618161,RIGI;IFIH1;HAVCR2;IRF7
gs_ind_0,Regulation Of Interferon-Beta Production (GO:0032648),9/41,0.4613861225030427,0.9999999999998647,1.1432468190867162,0.8843242916503359,TRIM56;PYCARD;TIRAP;RIGI;RELB;POLR3F;IFIH1;IRF7;OAS3
gs_ind_0,Regulation Of Interleukin-1 Beta Production (GO:0032651),8/42,0.6445652864696094,0.9999999999998647,0.9631381481041578,0.42299020658047803,GSDMD;PYCARD;ZC3H12A;MALT1;GHRL;TNFAIP3;CARD8;TLR6
gs_ind_0,Regulation Of Interleukin-10 Production (GO:0032653),7/24,0.20169441164025526,0.9999999999998647,1.6771772805507745,2.685163410190523,PYCARD;CD274;PIBF1;IL23A;SYK;VSIR;DLL1
gs_ind_0,Regulation Of Interleukin-12 Production (GO:0032655),5/25,0.5971516983179352,0.9999999999998647,1.049007592339529,0.5408516320669873,TIRAP;PIBF1;IL23A;LTB;SYK
gs_ind_0,Regulation Of Interleukin-13 Production (GO:0032656),1/8,0.8383192836348962,0.9999999999998647,0.7818181818181819,0.1378785183025454,SPHK2
gs_ind_0,Regulation Of Intrinsic Apoptotic Signaling Pathway In Response To DNA Damage (GO:1902229),2/14,0.8111659406206002,0.9999999999998647,0.7817481956696071,0.1636063210775793,DDIAS;TRIM32
gs_ind_0,Regulation Of Intrinsic Apoptotic Signaling Pathway (GO:2001242),11/38,0.13390717226317028,0.9999999999998647,1.637279015017474,3.2919270445317435,PYCARD;EIF2AK3;PMAIP1;BBC3;TP53;PLAUR;PLEKHF1;NOL3;CYLD;BCL2;BCL2L2
gs_ind_0,Regulation Of Intracellular Transport (GO:0032386),5/27,0.6692792787264515,0.9999999999998647,0.9556055011505324,0.3837270670883206,CAPN10;TMEM53;WWC1;DYNLT2B;GRIPAP1
gs_ind_0,Regulation Of Intracellular Steroid Hormone Receptor Signaling Pathway (GO:0033143),2/16,0.8669156603053907,0.9999999999998647,0.6738102480435805,0.09622925683039828,TRIM68;UFL1
gs_ind_0,Regulation Of Intracellular Signal Transduction (GO:1902531),41/210,0.646734191606992,0.9999999999998647,0.956644785918898,0.4169248359233405,TP53RK;SRGAP3;PLEKHG6;ARHGAP9;PIP5K1B;ANKRD54;TMBIM4;ULK4;SPHK2;BCL3;PYCARD;VAV2;AKAP5;MAP2K6;PPP1R16B;OPTN;WWC3;SPRED1;CYLD;WWC1;STK3;UFL1;GMIP;RHOF;SETD9;DNMBP;ARHGEF17;PTPN22;TRIO;PLK3;RRAGB;RRAGC;CARD8;ARHGAP45;VAV1;PREX1;TRAF5;ARHGAP31;AKAP13;TRIM6;PIP4P1
gs_ind_0,Regulation Of Intracellular Protein Transport (GO:0033157),4/30,0.8868775329039789,0.9999999999998647,0.6634114879043613,0.07964147113519968,CEP290;PLK3;VAMP2;BCAS3
gs_ind_0,Regulation Of I-kappaB kinase/NF-kappaB Signaling (GO:0043122),43/156,0.01850780898539538,0.9999999999998647,1.50544593053351,6.006070673352207,ZC3H12A;MIB2;TNFAIP3;NOD1;BCL10;SPHK2;APOL2;CARD11;PYCARD;TICAM1;TRIM21;MAP3K14;OPTN;TRIM68;TIRAP;TRIM52;IKBKE;CARD19;UFL1;TIFA;OTUD7B;ARRB2;TNFSF10;HMOX1;TLR6;IFIT5;CC2D1A;LTB;TRIM38;TRADD;TMEM9B;MAPKBP1;SIRT1;NR1D1;ALPK1;TRIM13;MALT1;TRIM32;CARD8;ZDHHC13;TRAF5;AKAP13;TRIM6
gs_ind_0,Regulation Of Intracellular Estrogen Receptor Signaling Pathway (GO:0033146),2/18,0.9071587652944273,0.9999999999998647,0.5920390755996209,0.05768698489803892,PAGR1;UFL1
gs_ind_0,Regulation Of Interleukin-6 Production (GO:0032675),21/64,0.013224396151435032,0.9999999999998647,1.938807988292444,8.386686130637798,PTPN6;ZC3H12A;TNFAIP3;SYK;IFIH1;BCL10;EOLA1;SPHK2;PYCARD;TIRAP;RIGI;IL17RA;GHRL;TLR6;NCKAP1L;PTPN22;SELENOS;TLR1;CD84;AIF1;SYT11
gs_ind_0,Regulation Of Interleukin-4 Production (GO:0032673),2/14,0.8111659406206002,0.9999999999998647,0.7817481956696071,0.1636063210775793,SYK;HAVCR2
gs_ind_0,Regulation Of Interleukin-23 Production (GO:0032667),1/4,0.5978508540253882,0.9999999999998647,1.6758743901601045,0.8620931884147255,IL17RA
gs_ind_0,Regulation Of Interleukin-2 Production (GO:0032663),8/29,0.2245498210525631,0.9999999999998647,1.5471525361655374,2.31091626215043,CARD11;ZFP36;PTPRC;CD80;MALT1;TNFAIP3;GLMN;HAVCR2
gs_ind_0,Regulation Of Interleukin-18 Production (GO:0032661),1/4,0.5978508540253882,0.9999999999998647,1.6758743901601045,0.8620931884147255,CD84
gs_ind_0,Regulation Of Interleukin-17 Production (GO:0032660),4/18,0.5146542375367785,0.9999999999998647,1.2136370428170604,0.8061705265524838,VSIR;SLAMF6;NCKAP1L;IL23A
gs_ind_0,Regulation Of Interleukin-8 Production (GO:0032677),15/46,0.03499133472837668,0.9999999999998647,1.9283911986440574,6.46523006112384,PYCARD;PTPRC;OTUD7B;TIRAP;RIGI;NOD1;TLR6;TLR5;PTPN22;SYK;TLR1;ANXA4;BCL10;MAPKBP1;BCL3
gs_ind_0,Release Of Cytochrome C From Mitochondria (GO:0001836),3/16,0.6615859657744176,0.9999999999998647,1.0136192666274488,0.4187416761244309,BCL2;BBC3;IFI6
gs_ind_0,Regulation Of Peroxisome Proliferator Activated Receptor Signaling Pathway (GO:0035358),1/8,0.8383192836348962,0.9999999999998647,0.7818181818181819,0.1378785183025454,SIRT1
gs_ind_0,"Regulation Of Phagocytosis, Engulfment (GO:0060099)",1/8,0.8383192836348962,0.9999999999998647,0.7818181818181819,0.1378785183025454,NCKAP1L
gs_ind_0,Regulation Of TORC2 Signaling (GO:1903939),1/6,0.7450017490315044,0.9999999999998647,1.0662906117451572,0.31388259496961246,NCKAP1L
gs_ind_0,Regulation Of Tau-Protein Kinase Activity (GO:1902947),1/7,0.796950772203989,0.9999999999998647,0.9021719021719021,0.20475907168261248,RB1
gs_ind_0,Regulation Of Telomerase Activity (GO:0051972),6/41,0.8684176306584526,0.9999999999998647,0.7152518450998265,0.10090954613197228,TERF1;ERCC4;TP53;PIF1;PINX1;PKIB
gs_ind_0,Regulation Of Telomere Capping (GO:1904353),1/19,0.9868233624880947,0.9999999999998647,0.3166673166673167,0.004200344831304321,PKIB
gs_ind_0,Regulation Of Telomere Maintenance (GO:0032204),7/34,0.5550719272226858,0.9999999999998647,1.0664184008762323,0.6277552698308435,TERF1;NSMCE3;ERCC4;PIF1;SLF2;TINF2;SLX4
gs_ind_0,Regulation Of Telomere Maintenance In Response To DNA Damage (GO:1904505),4/15,0.3655177183974608,0.9999999999998647,1.5306148081472022,1.540472769277779,INO80B;TFPT;INO80C;INO80D
gs_ind_0,Regulation Of Telomere Maintenance Via Telomerase (GO:0032210),7/45,0.8384620928622072,0.9999999999998647,0.7610389610389611,0.1340843396242889,TERF1;PIF1;PINX1;CTC1;TINF2;PKIB;TENT4B
gs_ind_0,Regulation Of Telomere Maintenance Via Telomere Lengthening (GO:1904356),5/14,0.13769744367036255,0.9999999999998647,2.265692727564617,4.492180900330161,TERF1;ERCC4;PINX1;TINF2;SLX4
gs_ind_0,Regulation Of Tetrapyrrole Biosynthetic Process (GO:1901463),1/3,0.49498852941534904,0.9999999999998647,2.3464165464165463,1.650048661813499,TMEM14A
gs_ind_0,Regulation Of Thymocyte Apoptotic Process (GO:0070243),2/2,0.041459983678692434,0.9999999999998647,19.562951082598236,62.26939299819734,ZC3H8;TP53
gs_ind_0,Regulation Of Tissue Remodeling (GO:0034103),2/10,0.6351727324480614,0.9999999999998647,1.1500070758054626,0.5219402535113675,DDR2;IL23A
gs_ind_0,Regulation Of Toll-Like Receptor 2 Signaling Pathway (GO:0034135),4/9,0.09047082961658927,0.9999999999998647,3.2019521162515865,7.693419379716405,TLR6;TNFAIP3;TLR1;TIRAP
gs_ind_0,Regulation Of Toll-Like Receptor 3 Signaling Pathway (GO:0034139),3/8,0.21111686342347444,0.9999999999998647,2.4896080976620043,3.8721956321797006,TNFAIP3;PTPN22;TIRAP
gs_ind_0,Regulation Of Toll-Like Receptor 4 Signaling Pathway (GO:0034143),7/15,0.01983263562135045,0.9999999999998647,3.455563430191354,13.547282217719996,NR1D1;IFI35;TIRAP;TNFAIP3;PTPN22;NINJ1;APPL1
gs_ind_0,Regulation Of TORC1 Signaling (GO:1903432),11/44,0.27378922566185365,0.9999999999998647,1.3433724093062114,1.740200210103972,DGKQ;PIP4P1;RRAGC;WDR24;CASTOR1;DEPDC5;SMCR8;CASTOR3P;SESN1;KICS2;RRAGB
gs_ind_0,Regulation Of Toll-Like Receptor 7 Signaling Pathway (GO:0034155),1/3,0.49498852941534904,0.9999999999998647,2.3464165464165463,1.650048661813499,PTPN22
gs_ind_0,Regulation Of Toll-Like Receptor Signaling Pathway (GO:0034121),3/14,0.5656020552601939,0.9999999999998647,1.1900961920772326,0.6781936079104792,NFKBIL1;TLR5;IRF7
gs_ind_0,Regulation Of Trans-Synaptic Signaling (GO:0099177),6/15,0.06577353236503242,0.9999999999998647,2.6784968684759916,7.289630381701658,BTBD9;SLC4A8;NOL3;FABP5;PPP3CA;PXK
gs_ind_0,Regulation Of Transcription By RNA Polymerase I (GO:0006356),4/28,0.8510236359077189,0.9999999999998647,0.7176854371984711,0.11577369652446345,BEND3;PRR7;EIF2AK3;ERBB2
gs_ind_0,Regulation Of Transcription By RNA Polymerase III (GO:0006359),5/25,0.5971516983179352,0.9999999999998647,1.049007592339529,0.5408516320669873,ZC3H8;POLR3F;ZNF345;ELL;ZNF76
gs_ind_0,Regulation Of Transcription Elongation By RNA Polymerase II (GO:0034243),10/72,0.9407794714532735,0.9999999999998647,0.6556565364206464,0.04002555142738378,MED29;MED11;EAF2;HEXIM1;MED31;LEO1;ELL;PWWP2A;ELL3;MED9
gs_ind_0,Regulation Of Transcription From RNA Polymerase II Promoter In Response To Stress (GO:0043618),4/12,0.2151327165692436,0.9999999999998647,2.071341584298621,3.1826166651852184,HMOX1;MAPK7;TP53;BAG3
gs_ind_0,Regulation Of Transcription Initiation By RNA Polymerase II (GO:0060260),9/54,0.7983102767494364,0.9999999999998647,0.815732250389058,0.18375016559693147,MED29;PPM1D;MED11;PAXIP1;MED31;TAF3;PWWP2A;TAF5;MED9
gs_ind_0,Regulation Of Transcription Involved In G1/S Transition Of Mitotic Cell Cycle (GO:0000083),5/16,0.21271819704323267,0.9999999999998647,1.8713520908513475,2.896454453259395,E2F7;HINFP;E2F1;E2F2;RB1
gs_ind_0,Regulation Of Transcription Regulatory Region DNA Binding (GO:2000677),4/21,0.6453026935758588,0.9999999999998647,1.0053373684572529,0.4403737382587221,HEY1;PER2;TRIM6;RB1
gs_ind_0,Regulation Of Transferase Activity (GO:0051338),5/19,0.34163623058366105,0.9999999999998647,1.4838104306331343,1.5936254025552787,HPF1;PPP1R3F;PINX1;MARCHF6-DT;KAT2B
gs_ind_0,Regulation Of Transforming Growth Factor Beta Activation (GO:1901388),1/5,0.6797672063173691,0.9999999999998647,1.3033509700176367,0.5030998387884896,ITGB8
gs_ind_0,Regulation Of Transforming Growth Factor Beta Production (GO:0071634),1/10,0.8974937817113968,0.9999999999998647,0.6171236171236171,0.06674135581913541,ITGB8
gs_ind_0,Regulation Of Transforming Growth Factor Beta Receptor Signaling Pathway (GO:0017015),18/84,0.4469732253468689,0.9999999999998647,1.0881601068607356,0.876248091274247,SAP30;SIRT1;SAP30L;LEMD3;EID2;SPRED1;BRMS1L;ING2;PEG10;SMURF2;SMAD7;BCL9L;PBLD;PALS1;FAM89B;LATS2;SMURF1;SPRY2
gs_ind_0,Regulation Of Translation (GO:0006417),18/178,0.9999246793906386,0.9999999999998647,0.4473641786232468,3.369701159603799e-05,UPF3B;EIF2AK3;NHLRC3;NIBAN1;NSUN3;SHFL;METTL14;CPEB3;RBM4B;PLD1;NANOS3;SOX4;PATL2;ALKBH1;ERBB2;METTL18;PASK;BCL3
gs_ind_0,Regulation Of Toll-Like Receptor 9 Signaling Pathway (GO:0034163),1/6,0.7450017490315044,0.9999999999998647,1.0662906117451572,0.31388259496961246,PTPN22
gs_ind_0,Regulation Of Translation In Response To Endoplasmic Reticulum Stress (GO:0036490),1/5,0.6797672063173691,0.9999999999998647,1.3033509700176367,0.5030998387884896,NCK2
gs_ind_0,Regulation Of TOR Signaling (GO:0032006),10/61,0.823139722556531,0.9999999999998647,0.7964209274116121,0.1550068639110735,DGKQ;SIRT1;EPM2A;RRAGC;WDR24;TNFAIP8L1;DEPDC5;SMCR8;TSSK6;RRAGB
gs_ind_0,Regulation Of T-helper 17 Type Immune Response (GO:2000316),3/9,0.27143988032691707,0.9999999999998647,2.1064186896049564,2.746800723669715,IL12RB1;IL23A;SMAD7
gs_ind_0,Regulation Of Stress-Activated Protein Kinase Signaling Cascade (GO:0070302),1/10,0.8974937817113968,0.9999999999998647,0.6171236171236171,0.06674135581913541,TIRAP
gs_ind_0,Regulation Of Striated Muscle Contraction (GO:0006942),3/12,0.45456002967759573,0.9999999999998647,1.4408791914006096,1.1360256023861053,RNF207;P2RX4;SMAD7
gs_ind_0,Regulation Of Striated Muscle Tissue Development (GO:0016202),1/5,0.6797672063173691,0.9999999999998647,1.3033509700176367,0.5030998387884896,MRTFB
gs_ind_0,Regulation Of Substrate Adhesion-Dependent Cell Spreading (GO:1900024),4/35,0.9454605481053991,0.9999999999998647,0.5578788087213701,0.031287582899423676,CARMIL1;TESK1;KANK1;MELTF
gs_ind_0,Regulation Of Superoxide Anion Generation (GO:0032928),1/8,0.8383192836348962,0.9999999999998647,0.7818181818181819,0.1378785183025454,SYK
gs_ind_0,Regulation Of Superoxide Metabolic Process (GO:0090322),2/4,0.18640155558523228,0.9999999999998647,3.9119486768243785,6.571494931304808,GCH1;SYK
gs_ind_0,Regulation Of Supramolecular Fiber Organization (GO:1902903),3/18,0.7411693826261057,0.9999999999998647,0.8826847735518029,0.26438712180913754,EFEMP2;AKAP13;CAMSAP2
gs_ind_0,Regulation Of Synapse Assembly (GO:0051963),2/24,0.9698826975751649,0.9999999999998647,0.4339481422079658,0.013270197168590993,GHRL;RAP2A
gs_ind_0,Regulation Of Synapse Organization (GO:0050807),3/13,0.5117635076996409,0.9999999999998647,1.3035456441520936,0.8732356585687845,GRIPAP1;NEDD4;RAP2A
gs_ind_0,"Regulation Of Synaptic Transmission, GABAergic (GO:0032228)",1/10,0.8974937817113968,0.9999999999998647,0.6171236171236171,0.06674135581913541,USP46
gs_ind_0,Regulation Of Synaptic Vesicle Exocytosis (GO:2000300),2/12,0.7354204812815023,0.9999999999998647,0.9308053614388819,0.2860484576995813,SNAPIN;SLC4A8
gs_ind_0,Regulation Of Systemic Arterial Blood Pressure (GO:0003073),1/8,0.8383192836348962,0.9999999999998647,0.7818181818181819,0.1378785183025454,BMPR2
gs_ind_0,Regulation Of T Cell Activation (GO:0050863),8/31,0.2873953664179427,0.9999999999998647,1.4152474861614943,1.7646670350639349,PAG1;PYCARD;TNFAIP8L2;IL4I1;CCL5;PTPN22;HLA-DMA;CCDC88B
gs_ind_0,Regulation Of T Cell Activation Via T Cell Receptor Contact With Antigen Bound To MHC Molecule On Antigen Presenting Cell (GO:2001188),1/2,0.36582651410140676,0.9999999999998647,3.911014911014911,3.9329011974146835,HAVCR2
gs_ind_0,Regulation Of T-helper 2 Cell Cytokine Production (GO:2000551),1/6,0.7450017490315044,0.9999999999998647,1.0662906117451572,0.31388259496961246,DENND1B
gs_ind_0,Regulation Of T Cell Apoptotic Process (GO:0070232),2/5,0.27018544485746365,0.9999999999998647,2.7940199335548175,3.6563850298756777,CD274;PDCD1
gs_ind_0,Regulation Of T Cell Cytokine Production (GO:0002724),3/9,0.27143988032691707,0.9999999999998647,2.1064186896049564,2.746800723669715,HFE;SMAD7;MALT1
gs_ind_0,Regulation Of T Cell Differentiation (GO:0045580),2/32,0.9937509701186139,0.9999999999998647,0.3199153377943129,0.002005433057488941,IL7;ZBTB1
gs_ind_0,Regulation Of T Cell Differentiation In Thymus (GO:0033081),2/8,0.5073711921876385,0.9999999999998647,1.5041021528591696,1.0205519747850815,TESPA1;ZC3H8
gs_ind_0,Regulation Of T Cell Mediated Cytotoxicity (GO:0001914),5/20,0.386264025757095,0.9999999999998647,1.3879667942350815,1.3202813981829662,HFE;PTPRC;IL23A;STX7;IL12RB1
gs_ind_0,Regulation Of T Cell Mediated Immune Response To Tumor Cell (GO:0002840),1/4,0.5978508540253882,0.9999999999998647,1.6758743901601045,0.8620931884147255,IL4I1
gs_ind_0,Regulation Of T Cell Mediated Immunity (GO:0002709),3/5,0.06072572167688534,0.9999999999998647,5.478485480506979,15.347363043995708,WAS;ZBTB1;CD80
gs_ind_0,Regulation Of T Cell Migration (GO:2000404),6/12,0.021109663207083684,0.9999999999998647,3.9156897382367113,15.10682644110511,PYCARD;TMEM102;LRCH1;AIF1;CCL5;TNFRSF14
gs_ind_0,Regulation Of T Cell Proliferation (GO:0042129),12/40,0.09725022432337461,0.9999999999998647,1.7176186645213194,4.0028553163828535,CD274;PTPRC;CD80;CD70;IL4I1;NCKAP1L;NCK2;IL23A;GLMN;TNFRSF13C;CCL5;CCDC88B
gs_ind_0,Regulation Of T Cell Receptor Signaling Pathway (GO:0050856),4/20,0.6044244594660717,0.9999999999998647,1.0663544447848732,0.5368866220617171,CARD11;TESPA1;PTPN22;PTPRJ
gs_ind_0,Regulation Of T-Circle Formation (GO:1904429),1/3,0.49498852941534904,0.9999999999998647,2.3464165464165463,1.650048661813499,SLX4
gs_ind_0,Regulation Of T-helper 1 Cell Differentiation (GO:0045625),1/3,0.49498852941534904,0.9999999999998647,2.3464165464165463,1.650048661813499,CD80
gs_ind_0,Regulation Of T-helper 1 Type Immune Response (GO:0002825),2/4,0.18640155558523228,0.9999999999998647,3.9119486768243785,6.571494931304808,IL12RB1;IL23A
gs_ind_0,Regulation Of T-helper 17 Cell Differentiation (GO:2000319),3/10,0.3332097623755485,0.9999999999998647,1.8254131236964544,2.0060981191955864,SMAD7;ZC3H12A;MALT1
gs_ind_0,Regulation Of T-helper 17 Cell Lineage Commitment (GO:2000328),3/4,0.028603411361812166,0.9999999999998647,9.131557837317503,32.45565032766723,IL12RB1;LOXL3;IL23A
gs_ind_0,Regulation Of T Cell Chemotaxis (GO:0010819),1/5,0.6797672063173691,0.9999999999998647,1.3033509700176367,0.5030998387884896,CCL5
gs_ind_0,Regulation Of Translational Initiation (GO:0006446),4/58,0.998842453950054,0.9999999999998647,0.3218341556496888,0.0003727536370056195,CCL5;EIF2AK3;NCK2;ALKBH1
gs_ind_0,Regulation Of Translational Termination (GO:0006449),1/6,0.7450017490315044,0.9999999999998647,1.0662906117451572,0.31388259496961246,SHFL
gs_ind_0,Regulation Of Transmembrane Receptor Protein Serine/Threonine Kinase Signaling Pathway (GO:0090092),5/19,0.34163623058366105,0.9999999999998647,1.4838104306331343,1.5936254025552787,EID2;SMURF2;SMAD7;PALS1;LATS2
gs_ind_0,Regulation Of Vesicle-Mediated Transport (GO:0060627),16/62,0.1802324749723416,0.9999999999998647,1.3893418980651397,2.380648087188358,RUFY2;RAB4A;RAB4B;VAMP2;PACSIN1;SEPTIN1;RAB12;RAB3D;FES;TPCN2;PLD1;LYSET;RAB33B;DENND10;RAB3A;ZFYVE16
gs_ind_0,Regulation Of Viral Entry Into Host Cell (GO:0046596),6/25,0.4011803929197172,0.9999999999998647,1.3038381242974144,1.1908528518924364,TRIM21;TRIM68;TRIM26;TRIM38;SMPD1;TRIM6
gs_ind_0,Regulation Of Viral Genome Replication (GO:0045069),12/48,0.260851330982647,0.9999999999998647,1.3402726501283901,1.8010646155484002,MX1;APOBEC3G;FAM111A;RNASEL;IFIT5;SHFL;IFIH1;OAS3;CCL5;TRIM6;IFIT1;APOBEC3F
gs_ind_0,Regulation Of Viral Life Cycle (GO:1903900),5/14,0.13769744367036255,0.9999999999998647,2.265692727564617,4.492180900330161,TRIM21;TRIM68;TRIM38;LAMP3;TRIM6
gs_ind_0,Regulation Of Viral Transcription (GO:0046782),5/15,0.17365939932302765,0.9999999999998647,2.0497442836502073,3.5884040430012765,ZFP36;TRIM21;TRIM13;TRIM32;HEXIM1
gs_ind_0,Regulation Of Vitamin D Biosynthetic Process (GO:0060556),1/3,0.49498852941534904,0.9999999999998647,2.3464165464165463,1.650048661813499,NFKB1
gs_ind_0,Regulation Of Voltage-Gated Calcium Channel Activity (GO:1901385),4/14,0.31435549997761164,0.9999999999998647,1.676525208061077,1.9401265540223827,PPP3CA;AKAP5;CACNB3;CACNB1
gs_ind_0,Regulation Of Wnt Signaling Pathway (GO:0030111),11/72,0.8922970809210713,0.9999999999998647,0.7300713621580481,0.08319612274542708,RNF43;CCNYL1;BTRC;TNFAIP3;WWOX;KANK1;TMEM237;CXXC4;HIC1;CBY1;TRABD2A
gs_ind_0,"Regulation Of Wnt Signaling Pathway, Planar Cell Polarity Pathway (GO:2000095)",2/5,0.27018544485746365,0.9999999999998647,2.7940199335548175,3.6563850298756777,NPHP3;MLLT3
gs_ind_0,Regulation Of Wound Healing (GO:0061041),4/26,0.8059597139185256,0.9999999999998647,0.7816080885893115,0.16860968527122933,TNFAIP3;KANK1;ALOX5;CASK
gs_ind_0,Regulation Of cAMP-dependent Protein Kinase Activity (GO:2000479),4/13,0.26388176960411197,0.9999999999998647,1.8531535869041886,2.4688714984696505,PKIB;SIRT1;PKIA;MST1
gs_ind_0,Regulation Of calcineurin-NFAT Signaling Cascade (GO:0070884),3/23,0.8756878983937938,0.9999999999998647,0.6671218886101904,0.08855744994639804,STIMATE;AKAP5;PPP3CA
gs_ind_0,Regulation Of mRNA 3'-End Processing (GO:0031440),2/11,0.6886104060141844,0.9999999999998647,1.028869286287089,0.38385015860250277,LEO1;PEX2
gs_ind_0,Regulation Of mRNA Catabolic Process (GO:0061013),4/42,0.9818546634285565,0.9999999999998647,0.45618368150866945,0.00835362743872712,ZFP36;MAGOHB;ZC3H12A;PCBP4
gs_ind_0,Regulation Of Vesicle Size (GO:0097494),6/14,0.04739717366755962,0.9999999999998647,2.993859756846371,9.128855253503348,BORCS8;BORCS6;SNAPIN;BLOC1S2;BORCS7;RAB22A
gs_ind_0,Regulation Of mRNA Metabolic Process (GO:1903311),3/13,0.5117635076996409,0.9999999999998647,1.3035456441520936,0.8732356585687845,PTCD2;MAGOHB;CDK11B
gs_ind_0,Regulation Of mRNA Processing (GO:0050684),4/31,0.9017973824564596,0.9999999999998647,0.6392349104915306,0.06607478217359576,PTCD2;MAGOHB;CWC22;CDK11B
gs_ind_0,"Regulation Of mRNA Splicing, Via Spliceosome (GO:0048024)",6/73,0.9986795567031943,0.9999999999998647,0.3751797726745535,0.0004957309803262816,HNRNPA0;SAP18;RBM15B;PCBP4;RBMXL1;CWC22
gs_ind_0,Regulation Of mRNA Stability (GO:0043488),6/63,0.9935830602684613,0.9999999999998647,0.44079150403921213,0.0028376467883488086,ZFP36;E2F1;NRDE2;PCBP4;METTL14;FASTKD3
gs_ind_0,Regulation Of miRNA Metabolic Process (GO:2000628),1/8,0.8383192836348962,0.9999999999998647,0.7818181818181819,0.1378785183025454,NFKB1
gs_ind_0,Regulation Of miRNA Transcription (GO:1902893),6/46,0.9288071629401549,0.9999999999998647,0.6266914095724117,0.04628375296296041,NFATC4;TP53;ZNF512B;FOSL1;PPARD;MRTFB
gs_ind_0,Regulation Of miRNA-mediated Gene Silencing (GO:0060964),1/11,0.9183821192811181,0.9999999999998647,0.5583041297327012,0.04753497558033882,ZFP36
gs_ind_0,Regulation Of p38MAPK Cascade (GO:1900744),8/27,0.16754838266297717,0.9999999999998647,1.7061150323242562,3.047945702114057,GADD45B;DUSP10;ZC3H12A;RELL1;CYLD;RELL2;ULK4;PTPN22
gs_ind_0,Regulation Of pre-miRNA Processing (GO:2000631),1/2,0.36582651410140676,0.9999999999998647,3.911014911014911,3.9329011974146835,TRUB1
gs_ind_0,Regulation Of rRNA Processing (GO:2000232),3/14,0.5656020552601939,0.9999999999998647,1.1900961920772326,0.6781936079104792,NUDT16;METTL18;KAT2B
gs_ind_0,Regulation of actin cytoskeleton,17/143,0.9973539389466323,0.9999999999998647,0.5382660292445529,0.0014261724792928585,ITGB8;VAV2;BCAR1;PIP4K2C;ITGA7;SSH1;PIK3R1;PIP5K1B;LIMK2;WASL;VAV1;CFL2;NCKAP1L;MYL5;PIK3R3;CYFIP2;SOS2
gs_ind_0,Regulation of lipolysis in adipocytes,6/33,0.6896471049708996,0.9999999999998647,0.9239324349971532,0.34331042948370866,INSR;PIK3R1;GNAI3;MGLL;PTGS1;PIK3R3
gs_ind_0,Regulatory ncRNA Processing (GO:0070918),2/24,0.9698826975751649,0.9999999999998647,0.4339481422079658,0.013270197168590993,ANKRD34A;PLD6
gs_ind_0,Relaxation Of Cardiac Muscle (GO:0055119),2/8,0.5073711921876385,0.9999999999998647,1.5041021528591696,1.0205519747850815,CAMK2D;P2RX4
gs_ind_0,Relaxation Of Muscle (GO:0090075),2/9,0.5747801384335589,0.9999999999998647,1.303448275862069,0.7218075267435339,CAMK2D;P2RX4
gs_ind_0,Regulation Of mRNA Polyadenylation (GO:1900363),1/10,0.8974937817113968,0.9999999999998647,0.6171236171236171,0.06674135581913541,CPEB3
gs_ind_0,Regulation Of Vesicle Fusion (GO:0031338),1/3,0.49498852941534904,0.9999999999998647,2.3464165464165463,1.650048661813499,RAB3A
gs_ind_0,Regulation Of Ventricular Cardiac Muscle Cell Membrane Depolarization (GO:0060373),1/5,0.6797672063173691,0.9999999999998647,1.3033509700176367,0.5030998387884896,SMAD7
gs_ind_0,Regulation Of Ventricular Cardiac Muscle Cell Action Potential (GO:0098911),1/8,0.8383192836348962,0.9999999999998647,0.7818181818181819,0.1378785183025454,CTNNA3
gs_ind_0,Regulation Of Transmembrane Transport (GO:0034762),3/17,0.703416858444551,0.9999999999998647,0.943637037569776,0.33197678677575543,BCL2;CTTNBP2NL;NEDD4
gs_ind_0,Regulation Of Transmembrane Transporter Activity (GO:0022898),1/7,0.796950772203989,0.9999999999998647,0.9021719021719021,0.20475907168261248,BCL2
gs_ind_0,Regulation Of Transport (GO:0051049),8/29,0.2245498210525631,0.9999999999998647,1.5471525361655374,2.31091626215043,VAMP2;ICA1L;TMEM102;FES;WWC1;PLD1;LYSET;MYO6
gs_ind_0,Regulation Of Transposition (GO:0010528),3/7,0.15431169962193045,0.9999999999998647,3.0431039092999628,5.686893849611121,APOBEC3G;APOBEC3F;APOBEC3D
gs_ind_0,Regulation Of Triglyceride Biosynthetic Process (GO:0010866),4/15,0.3655177183974608,0.9999999999998647,1.5306148081472022,1.540472769277779,GPLD1;SIRT1;FITM2;SLC27A1
gs_ind_0,Regulation Of Triglyceride Catabolic Process (GO:0010896),1/6,0.7450017490315044,0.9999999999998647,1.0662906117451572,0.31388259496961246,GPLD1
gs_ind_0,Regulation Of Triglyceride Metabolic Process (GO:0090207),1/4,0.5978508540253882,0.9999999999998647,1.6758743901601045,0.8620931884147255,FITM2
gs_ind_0,Regulation Of Trophoblast Cell Migration (GO:1901163),2/8,0.5073711921876385,0.9999999999998647,1.5041021528591696,1.0205519747850815,ARHGDIB;SMURF2
gs_ind_0,Regulation Of Tube Diameter (GO:0035296),1/7,0.796950772203989,0.9999999999998647,0.9021719021719021,0.20475907168261248,SCPEP1
gs_ind_0,Regulation Of Tubulin Deacetylation (GO:0090043),4/15,0.3655177183974608,0.9999999999998647,1.5306148081472022,1.540472769277779,MBIP;SGF29;KAT14;KAT2B
gs_ind_0,Regulation Of Tumor Necrosis Factor Production (GO:0032680),24/78,0.01933818918970221,0.9999999999998647,1.7635291833810252,6.958310230708058,PTPN6;ZC3H12A;TNFAIP3;IL23A;SYK;IFIH1;OAS3;SPHK2;ZFP36;PYCARD;PTPRJ;TIRAP;RIGI;PTPRC;GHRL;HAVCR2;VSIR;PTPN22;NFKBIL1;SELENOS;IFNGR1;TLR1;CD84;SYT11
gs_ind_0,Regulation Of Tumor Necrosis Factor Superfamily Cytokine Production (GO:1903555),1/6,0.7450017490315044,0.9999999999998647,1.0662906117451572,0.31388259496961246,ZFP36
gs_ind_0,Regulation Of Tumor Necrosis Factor-Mediated Signaling Pathway (GO:0010803),11/37,0.11531866101220656,0.9999999999998647,1.6992027338308533,3.6703730898960187,PYCARD;ULK1;MIB2;SPATA2;TNFAIP3;CARD8;PELI3;CYLD;SYK;IKBKE;TRAIP
gs_ind_0,Regulation Of Type B Pancreatic Cell Development (GO:2000074),2/6,0.3535944927466926,0.9999999999998647,2.172948409516172,2.2590069951074945,RFX3;BAD
gs_ind_0,Regulation Of Type I Interferon Production (GO:0032479),13/50,0.2040295721945201,0.9999999999998647,1.4092322549493,2.2399610474704885,TICAM1;TRIM21;RBX1;DHX58;IRF7;RAB2B;TIRAP;CYLD;GPATCH3;IKBKE;TRIM56;XAF1;PTPN22
gs_ind_0,Regulation Of Type I Interferon-Mediated Signaling Pathway (GO:0060338),6/28,0.5189030866690323,0.9999999999998647,1.129714683368128,0.7411359242854559,PTPN6;RNF185;IKBKE;TRIM56;OAS3;TRIM6
gs_ind_0,Regulation Of Type II Interferon Production (GO:0032649),11/43,0.24765636076797606,0.9999999999998647,1.3848207767783125,1.9328125488387393,PYCARD;ZC3H12A;CD274;IL23A;BTN3A2;HAVCR2;VSIR;IL12RB1;SLAMF6;BTN3A1;PTPN22
gs_ind_0,Regulation Of Vasoconstriction (GO:0019229),3/14,0.5656020552601939,0.9999999999998647,1.1900961920772326,0.6781936079104792,ZDHHC21;PER2;BMPR2
gs_ind_0,Regulation Of Vasculogenesis (GO:2001212),2/8,0.5073711921876385,0.9999999999998647,1.5041021528591696,1.0205519747850815,HEY1;HIF1AN
gs_ind_0,Regulation Of Vasculature Development (GO:1901342),2/22,0.9558870236074068,0.9999999999998647,0.4763627828740196,0.021491368499665764,HMOX1;ERBB2
gs_ind_0,Regulation Of Vascular Wound Healing (GO:0061043),1/4,0.5978508540253882,0.9999999999998647,1.6758743901601045,0.8620931884147255,TNFAIP3
gs_ind_0,Regulation Of Vascular Endothelial Growth Factor Signaling Pathway (GO:1900746),2/10,0.6351727324480614,0.9999999999998647,1.1500070758054626,0.5219402535113675,DLL1;SPRY2
gs_ind_0,Regulation Of Vascular Endothelial Growth Factor Receptor Signaling Pathway (GO:0030947),1/12,0.9350149954629013,0.9999999999998647,0.5097141184097705,0.03424907390651992,NEDD4
gs_ind_0,Regulation Of Stress-Activated MAPK Cascade (GO:0032872),5/37,0.8980197927666089,0.9999999999998647,0.6610296750929276,0.07110244730388694,FOXO1;TIRAP;RAP2A;ULK4;MAPK8IP3
gs_ind_0,Regulation Of Vascular Endothelial Growth Factor Production (GO:0010574),2/14,0.8111659406206002,0.9999999999998647,0.7817481956696071,0.1636063210775793,EIF2AK3;C5
gs_ind_0,Regulation Of Vacuole Organization (GO:0044088),4/14,0.31435549997761164,0.9999999999998647,1.676525208061077,1.9401265540223827,MTMR3;IFT20;TBC1D12;MTM1
gs_ind_0,Regulation Of Ubiquitin-Protein Transferase Activity (GO:0051438),5/26,0.6343092946916826,0.9999999999998647,1.0001344050894727,0.4552797806827438,TOPORS;DTX3L;SMAD7;DCUN1D3;DCUN1D2
gs_ind_0,Regulation Of Ubiquitin-Dependent Protein Catabolic Process (GO:2000058),7/37,0.6509257081903543,0.9999999999998647,0.9612877740470077,0.41273829065597756,HFE;MAGEF1;GLMN;COMMD1;PDCL3;SMURF1;UFL1
gs_ind_0,Regulation Of Ubiquitin Protein Ligase Activity (GO:1904666),2/16,0.8669156603053907,0.9999999999998647,0.6738102480435805,0.09622925683039828,UBE2C;BTRC
gs_ind_0,Regulation Of Tyrosine Phosphorylation Of STAT Protein (GO:0042509),6/38,0.8148382245634537,0.9999999999998647,0.7814678015095552,0.16001778805035846,PARP9;PIBF1;IL23A;HCLS1;CCL5;SOCS1
gs_ind_0,Regulation Of Type II Interferon-Mediated Signaling Pathway (GO:0060334),1/7,0.796950772203989,0.9999999999998647,0.9021719021719021,0.20475907168261248,PARP9
gs_ind_0,Regulation Of Vascular Associated Smooth Muscle Cell Proliferation (GO:1904705),4/23,0.7182995026288506,0.9999999999998647,0.9020777008258953,0.2984692421897909,EFEMP2;ERN1;TGFB3;FOXJ2
gs_ind_0,Regulation Of Stress Fiber Assembly (GO:0051492),5/53,0.9900630026585661,0.9999999999998647,0.44237545368934467,0.004417870425480694,CARMIL1;PIK3R1;WAS;TESK1;TGFB3
gs_ind_0,Regulation Of Store-Operated Calcium Entry (GO:2001256),1/8,0.8383192836348962,0.9999999999998647,0.7818181818181819,0.1378785183025454,CD84
gs_ind_0,Regulation Of Sterol Biosynthetic Process (GO:0106118),2/6,0.3535944927466926,0.9999999999998647,2.172948409516172,2.2590069951074945,ERLIN1;MBTPS2
gs_ind_0,Regulation Of Protein Export From Nucleus (GO:0046825),1/19,0.9868233624880947,0.9999999999998647,0.3166673166673167,0.004200344831304321,BAG3
gs_ind_0,Regulation Of Protein Glycosylation (GO:0060049),2/6,0.3535944927466926,0.9999999999998647,2.172948409516172,2.2590069951074945,ALG10B;FKTN
gs_ind_0,Regulation Of Protein Import Into Nucleus (GO:0042306),7/31,0.44920110650167155,0.9999999999998647,1.1972953036636342,0.9581769846126265,SUFU;RAB23;ZC3H12A;PIK3R1;HCLS1;BAG3;EFCAB7
gs_ind_0,Regulation Of Protein K63-linked Ubiquitination (GO:1900044),2/8,0.5073711921876385,0.9999999999998647,1.5041021528591696,1.0205519747850815,CEP63;PTPN22
gs_ind_0,Regulation Of Protein Kinase A Signaling (GO:0010738),1/6,0.7450017490315044,0.9999999999998647,1.0662906117451572,0.31388259496961246,AKAP5
gs_ind_0,Regulation Of Protein Kinase Activity (GO:0045859),18/94,0.655673390614449,0.9999999999998647,0.9451372359358059,0.3989353332608327,SIRT1;TRIB1;MMD;ALS2;PTPRC;MAP2K3;CCNYL1;SPRED1;UVRAG;ANKRD54;SMCR8;MAP3K12;CAMKK1;FGR;DDR2;MAP3K5;AGAP2;RB1
gs_ind_0,Regulation Of Protein Kinase B Signaling (GO:0051896),10/82,0.9813337447040097,0.9999999999998647,0.564755393649051,0.010641498725926889,SIRT1;PTPRJ;ARRB2;INSR;P2RX4;MST1R;HCLS1;OTUD3;DAG1;SPRY2
gs_ind_0,Regulation Of Protein Kinase C Signaling (GO:0090036),2/10,0.6351727324480614,0.9999999999998647,1.1500070758054626,0.5219402535113675,SPHK2;ULK4
gs_ind_0,Regulation Of Protein Lipidation (GO:1903059),3/8,0.21111686342347444,0.9999999999998647,2.4896080976620043,3.8721956321797006,ULK1;RABL3;SVIP
gs_ind_0,Regulation Of Protein Localization (GO:0032880),14/69,0.5540999991136575,0.9999999999998647,1.0215311108887022,0.6031222901427282,HFE;MMD;KCNAB2;TRIM21;VCPIP1;TRIM68;TRIM38;CEP290;RAB9A;BORA;STX6;TESK1;TRIM6;UFL1
gs_ind_0,Regulation Of Protein Localization To Cell Periphery (GO:1904375),4/15,0.3655177183974608,0.9999999999998647,1.5306148081472022,1.540472769277779,STX7;STX8;ZDHHC2;APPL1
gs_ind_0,Regulation Of Protein Localization To Cell Surface (GO:2000008),4/22,0.6832810987213362,0.9999999999998647,0.9509167328136996,0.36215562908814614,HFE;KCNAB2;COMMD1;RANGRF
gs_ind_0,Regulation Of Protein Localization To Centrosome (GO:1904779),2/8,0.5073711921876385,0.9999999999998647,1.5041021528591696,1.0205519747850815,UBXN2B;BICD1
gs_ind_0,Regulation Of Protein Localization To Chromatin (GO:1905634),1/9,0.8712616767850634,0.9999999999998647,0.689782983900631,0.09506100349519497,VCPIP1
gs_ind_0,Regulation Of Protein Deubiquitination (GO:0090085),2/3,0.10750248347352222,0.9999999999998647,6.520449077786688,14.542175020845065,TRIM21;ZC3H12A
gs_ind_0,Regulation Of Protein Localization To Membrane (GO:1905475),5/21,0.43069196449947617,0.9999999999998647,1.30374056830952,1.0982217002562886,CRIPT;STX8;STX7;ZDHHC2;APPL1
gs_ind_0,Regulation Of Protein Localization To Nucleus (GO:1900180),7/41,0.7575439420240626,0.9999999999998647,0.8495547407019381,0.23589903709524157,EIF2AK3;OTUD7B;PARP9;DTX3L;LIMK2;TESK1;LATS2
gs_ind_0,Regulation Of Protein Localization To Plasma Membrane (GO:1903076),9/57,0.8478530869112144,0.9999999999998647,0.7650856676007604,0.12627578640409218,AKAP5;RANGRF;STX8;PIK3R1;STX7;RHOQ;ZDHHC2;CNPY4;APPL1
gs_ind_0,Regulation Of Protein Metabolic Process (GO:0051246),12/72,0.8222922220922959,0.9999999999998647,0.806998530614416,0.1578968852394444,CHMP6;PLAUR;MAPK7;WDR91;CENATAC;SSH1;SPOPL;RBM4B;NANOS3;METTL18;NFKB1;ZDHHC2
gs_ind_0,Regulation Of Protein Modification By Small Protein Conjugation Or Removal (GO:1903320),3/24,0.8935907530633411,0.9999999999998647,0.6360407284558184,0.07155927544861866,DCUN1D3;DNAJB2;DCUN1D2
gs_ind_0,Regulation Of Protein Modification Process (GO:0031399),12/40,0.09725022432337461,0.9999999999998647,1.7176186645213194,4.0028553163828535,ULK1;HPF1;PPP1R16B;KDM4D;SPRED1;ATG14;ATG10;CCDC88C;FER;FKTN;SOCS1;RABL3
gs_ind_0,Regulation Of Protein Neddylation (GO:2000434),3/15,0.6156231394758771,0.9999999999998647,1.0947986523343494,0.5311090388707119,DCUN1D2;DCUN1D3;COPS9
gs_ind_0,Regulation Of Protein Phosphorylation (GO:0001932),24/170,0.9864004996988884,0.9999999999998647,0.6510865987895013,0.008915211955592863,EIF2AK3;ZC3H12A;ANKRD54;PLAUR;SEMA4D;PDCL3;WDFY2;RAP2A;CCDC88C;TESK1;PIK3R3;SOCS1;SIRT1;CCNYL1;NIBAN1;KDM4D;INSR;MOB3C;ATG14;ERBB2;FGR;FER;LIMK2;AKTIP
gs_ind_0,Regulation Of Protein Polymerization (GO:0032271),4/28,0.8510236359077189,0.9999999999998647,0.7176854371984711,0.11577369652446345,HCLS1;RASA1;CAMSAP2;ESAM
gs_ind_0,Regulation Of Protein Processing (GO:0070613),4/13,0.26388176960411197,0.9999999999998647,1.8531535869041886,2.4688714984696505,PLAUR;ADAM8;CHAC1;BAG2
gs_ind_0,Regulation Of Protein Secretion (GO:0050708),13/69,0.6703321065937344,0.9999999999998647,0.9338697478452973,0.37353109688210434,ANG;SERGEF;PER2;PICK1;ALOX5;APBB3;RFX3;ADAM8;RHBDF2;IER3IP1;CCL5;TGFB3;EXPH5
gs_ind_0,Regulation Of Protein Serine/Threonine Kinase Activity (GO:0071900),14/87,0.8717858412830894,0.9999999999998647,0.7702167648576095,0.10568258230036928,PYCARD;SIRT1;TRIB1;ETAA1;SERTAD1;MST1;CDK5R1;CCNE2;SLC27A1;UVRAG;RB1;CCNG2;TESK1;SYAP1
gs_ind_0,Regulation Of Protein Targeting To Membrane (GO:0090313),2/21,0.9467299284801028,0.9999999999998647,0.500832767873666,0.027416293324235817,ERBB2;MIEF2
gs_ind_0,Regulation Of Protein Transport (GO:0051223),1/22,0.9933519865267691,0.9999999999998647,0.27241406311173755,0.0018170589927772288,RHBDF2
gs_ind_0,Regulation Of Protein Tyrosine Kinase Activity (GO:0061097),4/23,0.7182995026288506,0.9999999999998647,0.9020777008258953,0.2984692421897909,NCK2;DLG4;PTPRC;MVP
gs_ind_0,Regulation Of Protein Localization To Nucleolus (GO:1904749),1/7,0.796950772203989,0.9999999999998647,0.9021719021719021,0.20475907168261248,PINX1
gs_ind_0,Regulation Of Protein Dephosphorylation (GO:0035304),2/34,0.9958201190803884,0.9999999999998647,0.3001788908765653,0.001257341622035895,SMPD1;PPP1R16B
gs_ind_0,Regulation Of Protein Deacetylation (GO:0090311),5/16,0.21271819704323267,0.9999999999998647,1.8713520908513475,2.896454453259395,SGF29;SPRED1;KAT14;MBIP;KAT2B
gs_ind_0,Regulation Of Protein Catabolic Process (GO:0042176),14/87,0.8717858412830894,0.9999999999998647,0.7702167648576095,0.10568258230036928,CHMP6;RBX1;FOXO1;NEDD4;AMER1;TRIM32;CENATAC;TNFAIP3;WDR91;RGP1;TIPARP;NUDT15;AGAP2;ZDHHC2
gs_ind_0,Regulation Of Phosphatase Activity (GO:0010921),1/13,0.948259129620717,0.9999999999998647,0.4688985088985089,0.02491139174442143,MTMR9
gs_ind_0,Regulation Of Phosphatidylinositol 3-Kinase Activity (GO:0043551),6/24,0.3610914032655836,0.9999999999998647,1.374428708457936,1.4000262859611035,WDR91;ATG14;PIK3IP1;PIK3R1;FGR;PIK3R3
gs_ind_0,Regulation Of Phosphatidylinositol 3-Kinase Signaling (GO:0014066),14/54,0.19563159306580993,0.9999999999998647,1.401605276182639,2.286749865389158,PTPN6;HCST;SIRT1;NEDD4;PIK3AP1;PPP1R16B;INSR;PIK3IP1;PIP5K1B;SEMA4D;HCLS1;FGR;DDR2;CCL5
gs_ind_0,Regulation Of Phospholipase C Activity (GO:1900274),1/9,0.8712616767850634,0.9999999999998647,0.689782983900631,0.09506100349519497,BICD1
gs_ind_0,Regulation Of Phospholipid Metabolic Process (GO:1903725),2/8,0.5073711921876385,0.9999999999998647,1.5041021528591696,1.0205519747850815,MTMR3;MTMR9
gs_ind_0,Regulation Of Phosphoprotein Phosphatase Activity (GO:0043666),1/27,0.9978750018860646,0.9999999999998647,0.2209244284715983,0.0004699635066431081,BOD1
gs_ind_0,Regulation Of Phosphorylation (GO:0042325),12/63,0.6518520963921357,0.9999999999998647,0.9487303657765037,0.4059973851643258,SIRT1;NCKAP1L;ANG;KDM4D;ATG14;TESK1;GLMN;CCDC88C;BCL10;FER;CCL5;SOCS1
gs_ind_0,Regulation Of Plasma Membrane Bounded Cell Projection Assembly (GO:0120032),19/59,0.02186708357119392,0.9999999999998647,1.8879571395294665,7.2172312121249265,FUZ;TBC1D2B;TBC1D8;TBC1D22A;TBC1D10A;PPP1R16B;P2RX4;CYLD;TBC1D10C;TBC1D17;TBC1D13;TBC1D22B;IFT20;PLD1;WAS;DYNLT2B;SH3YL1;TBC1D2;FER
gs_ind_0,Regulation Of Plasma Membrane Bounded Cell Projection Organization (GO:0120035),2/19,0.9227080233311012,0.9999999999998647,0.5581624470156948,0.0448999429825696,BRSK1;ULK4
gs_ind_0,Regulation Of Plasma Membrane Repair (GO:1905684),1/4,0.5978508540253882,0.9999999999998647,1.6758743901601045,0.8620931884147255,RAB3A
gs_ind_0,Regulation Of Plasminogen Activation (GO:0010755),3/9,0.27143988032691707,0.9999999999998647,2.1064186896049564,2.746800723669715,PLAUR;PLGRKT;MELTF
gs_ind_0,Regulation Of Platelet Activation (GO:0010543),2/15,0.8412494484890192,0.9999999999998647,0.7237815200926668,0.12511797883472436,SYK;TEC
gs_ind_0,Regulation Of Platelet Aggregation (GO:0090330),1/15,0.9672015674762875,0.9999999999998647,0.40415650760478344,0.013477956327923916,SYK
gs_ind_0,Regulation Of Platelet-Derived Growth Factor Receptor Signaling Pathway (GO:0010640),4/8,0.059636426619357134,0.9999999999998647,3.9138180067404913,11.034965670161052,PTGIR;IFT20;CBLB;PTPRJ
gs_ind_0,Regulation Of Podosome Assembly (GO:0071801),1/5,0.6797672063173691,0.9999999999998647,1.3033509700176367,0.5030998387884896,KIF9
gs_ind_0,Regulation Of Postsynapse Organization (GO:0099175),3/17,0.703416858444551,0.9999999999998647,0.943637037569776,0.33197678677575543,SIPA1L1;NOL3;CDK5R1
gs_ind_0,Regulation Of Postsynaptic Membrane Potential (GO:0060078),1/9,0.8712616767850634,0.9999999999998647,0.689782983900631,0.09506100349519497,ARRB2
gs_ind_0,Regulation Of Protein Binding (GO:0043393),12/90,0.9688544461538844,0.9999999999998647,0.6210319188730777,0.01965000185003691,TMC8;HFE;TRIM21;DNAJB2;DTX3L;SNAPIN;STK3;BAG2;STYX;MITD1;IFIT1;AKTIP
gs_ind_0,Regulation Of Protein Autoubiquitination (GO:1902498),1/4,0.5978508540253882,0.9999999999998647,1.6758743901601045,0.8620931884147255,RBX1
gs_ind_0,Regulation Of Protein Autophosphorylation (GO:0031952),3/23,0.8756878983937938,0.9999999999998647,0.6671218886101904,0.08855744994639804,TESK1;RAP2A;MVP
gs_ind_0,Regulation Of Protein Acetylation (GO:1901983),2/8,0.5073711921876385,0.9999999999998647,1.5041021528591696,1.0205519747850815,SIRT1;FAM161A
gs_ind_0,Regulation Of Protein ADP-ribosylation (GO:0010835),4/8,0.059636426619357134,0.9999999999998647,3.9138180067404913,11.034965670161052,KAT2B;MARCHF6-DT;HPF1;TINF2
gs_ind_0,Regulation Of Proteasomal Ubiquitin-Dependent Protein Catabolic Process (GO:0032434),17/96,0.7779367477069594,0.9999999999998647,0.859820899153148,0.21590967693652183,HFE;TRIB1;RNF19B;RBX1;RYBP;FHIT;DDA1;PABIR1;GLMN;CAMLG;BAG2;COMMD1;ZER1;SMAD7;SH3RF1;DNAJB2;UFL1
gs_ind_0,Regulation Of Protein Ubiquitination (GO:0031396),23/93,0.17767856127418893,0.9999999999998647,1.3055062166962699,2.2556264823898453,SVBP;TNFAIP3;PER2;UBE2D1;MARCHF6-DT;BCL10;DNAJB2;SPRY2;AMER1;CAMLG;COMMD1;UFL1;NSMCE3;ARRB2;SPOPL;BAG2;PAXIP1;MALT1;PINX1;FBXO33;SOX4;CENPS;SMAD7
gs_ind_0,Regulation Of Proteasomal Protein Catabolic Process (GO:0061136),6/40,0.8521922128095174,0.9999999999998647,0.7360442951801761,0.11772526203287083,GLMN;LAMP3;BAG2;COMMD1;NUDT15;UFL1
gs_ind_0,Regulation Of Programmed Necrotic Cell Death (GO:0062098),2/9,0.5747801384335589,0.9999999999998647,1.303448275862069,0.7218075267435339,SPATA2;CYLD
gs_ind_0,Regulation Of Programmed Cell Death (GO:0043067),12/140,0.9999592844692942,0.9999999999998647,0.3778200725619892,1.5383457940631557e-05,PTPN6;SIRT1;BCAR1;TP53;MALT1;PLSCR3;USP42;MOAP1;BCL2L2;ACER3;BCL3;MBTD1
gs_ind_0,Regulation Of Primary Metabolic Process (GO:0080090),4/30,0.8868775329039789,0.9999999999998647,0.6634114879043613,0.07964147113519968,PPARD;SSH1;NR1D1;NCOA2
gs_ind_0,Regulation Of Potassium Ion Transport (GO:0043266),2/13,0.7760853855691137,0.9999999999998647,0.84979603221645,0.21541711776620684,KCNAB2;KCNAB3
gs_ind_0,Regulation Of Potassium Ion Transmembrane Transporter Activity (GO:1901016),2/15,0.8412494484890192,0.9999999999998647,0.7237815200926668,0.12511797883472436,VAMP2;NEDD4
gs_ind_0,Regulation Of Potassium Ion Transmembrane Transport (GO:1901379),3/21,0.8317210846862813,0.9999999999998647,0.7393645851852173,0.13623393520139163,KCNAB2;KCNAB3;NEDD4
gs_ind_0,Regulation Of Prostaglandin Biosynthetic Process (GO:0031392),2/2,0.041459983678692434,0.9999999999998647,19.562951082598236,62.26939299819734,SIRT1;PIBF1
gs_ind_0,Regulation Of Phagocytosis (GO:0050764),5/34,0.8506067172755939,0.9999999999998647,0.7284326183433966,0.11786433052198599,PYCARD;PTPRC;SYK;FGR;SYT11
gs_ind_0,Regulation Of Protein-Containing Complex Assembly (GO:0043254),12/89,0.9652833965825302,0.9999999999998647,0.6290971375184906,0.022228232358989273,TMC8;KIF9;ANKRA2;ULK1;BMF;SVIP;TIRAP;BBS10;SYK;SLF2;TRABD2A;RB1
gs_ind_0,Regulation Of Proteolysis (GO:0030162),7/36,0.6203529213853778,0.9999999999998647,0.9939554829487441,0.47458067903068124,BTRC;TRIM32;PLAUR;BAD;SPOPL;CYFIP2;TBC1D10A
gs_ind_0,Regulation Of Saliva Secretion (GO:0046877),1/1,0.2036432488900496,0.9999999999998647,11.734006734006734,18.67332929974073,PPP3CA
gs_ind_0,Regulation Of Secretion (GO:0051046),2/7,0.4333076099965977,0.9999999999998647,1.7777210760370343,1.486721268820039,GPLD1;MYO6
gs_ind_0,Regulation Of Secretion By Cell (GO:1903530),9/42,0.4928062406380981,0.9999999999998647,1.109028879073528,0.7847923123250319,VAMP2;RAB12;SEPTIN1;RAB3D;TPCN2;RHBDF2;RAB33B;CASK;RAB3A
gs_ind_0,Regulation Of Sensory Perception (GO:0051931),2/5,0.27018544485746365,0.9999999999998647,2.7940199335548175,3.6563850298756777,MGLL;ZFHX2
gs_ind_0,Regulation Of Sensory Perception Of Pain (GO:0051930),2/6,0.3535944927466926,0.9999999999998647,2.172948409516172,2.2590069951074945,MGLL;ZFHX2
gs_ind_0,Regulation Of Sequestering Of Calcium Ion (GO:0051282),1/5,0.6797672063173691,0.9999999999998647,1.3033509700176367,0.5030998387884896,ANXA6
gs_ind_0,Regulation Of Sequestering Of Triglyceride (GO:0010889),2/10,0.6351727324480614,0.9999999999998647,1.1500070758054626,0.5219402535113675,FITM2;OSBPL11
gs_ind_0,Regulation Of Short-Term Neuronal Synaptic Plasticity (GO:0048172),2/11,0.6886104060141844,0.9999999999998647,1.028869286287089,0.38385015860250277,SYAP1;RAB3A
gs_ind_0,Regulation Of Signal Transduction (GO:0009966),23/120,0.6636766603124642,0.9999999999998647,0.941879789837161,0.38613323216844897,FUZ;RASGRP4;CD80;ANKRD54;INPP5D;PIGBOS1;GNG7;SYNJ2BP;TMEM237;IFT81;MGLL;CDKN2AIP;RGS5;DGKQ;TULP3;NCK2;DLL1;IRAK2;SIRT1;FBXL17;GRK5;GLRX2;RGS16
gs_ind_0,Regulation Of Signal Transduction By P53 Class Mediator (GO:1901796),7/43,0.8011302996068946,0.9999999999998647,0.8028717610166695,0.17802209955639167,TP53RK;MAP2K6;PIP4P1;SETD9;HEXIM1;SOX4;PLK3
gs_ind_0,Regulation Of Single Stranded Viral RNA Replication Via Double Stranded DNA Intermediate (GO:0045091),4/14,0.31435549997761164,0.9999999999998647,1.676525208061077,1.9401265540223827,APOBEC3G;MPHOSPH8;APOBEC3F;APOBEC3D
gs_ind_0,Regulation Of Small GTPase Mediated Signal Transduction (GO:0051056),15/82,0.7213312461130005,0.9999999999998647,0.8972530913906337,0.2930938426874822,VAV2;SRGAP3;GMIP;RHOF;PLEKHG6;DNMBP;ARHGAP9;ARHGEF17;ARHGAP45;VAV1;PREX1;ARHGAP31;AKAP13;TRIO;RABL3
gs_ind_0,Regulation Of Small Molecule Metabolic Process (GO:0062012),4/31,0.9017973824564596,0.9999999999998647,0.6392349104915306,0.06607478217359576,DGKQ;MLYCD;SIRT1;PDK2
gs_ind_0,Regulation Of Smooth Muscle Cell Apoptotic Process (GO:0034391),1/7,0.796950772203989,0.9999999999998647,0.9021719021719021,0.20475907168261248,SIRT1
gs_ind_0,Regulation Of SMAD Protein Signal Transduction (GO:0060390),4/18,0.5146542375367785,0.9999999999998647,1.2136370428170604,0.8061705265524838,PBLD;BMPR2;TGFB3;FAM89B
gs_ind_0,Regulation Of Smooth Muscle Cell Differentiation (GO:0051150),1/4,0.5978508540253882,0.9999999999998647,1.6758743901601045,0.8620931884147255,FOXO4
gs_ind_0,Regulation Of Smooth Muscle Cell Proliferation (GO:0048660),7/34,0.5550719272226858,0.9999999999998647,1.0664184008762323,0.6277552698308435,TRIB1;ANG;TNFAIP3;HMOX1;BMPR2;PTGIR;CCL5
gs_ind_0,Regulation Of Smooth Muscle Contraction (GO:0006940),1/12,0.9350149954629013,0.9999999999998647,0.5097141184097705,0.03424907390651992,ZDHHC21
gs_ind_0,Regulation Of Sodium Ion Transmembrane Transport (GO:1902305),3/18,0.7411693826261057,0.9999999999998647,0.8826847735518029,0.26438712180913754,CAMK2D;COMMD1;RANGRF
gs_ind_0,Regulation Of Sodium Ion Transmembrane Transporter Activity (GO:2000649),5/24,0.5579574372382914,0.9999999999998647,1.102893414179335,0.6435080844319162,CAMK2D;NEDD4;RANGRF;GLRX;FGF11
gs_ind_0,Regulation Of Sodium Ion Transport (GO:0002028),3/26,0.9225999915368105,0.9999999999998647,0.5818140235056375,0.04687065673583295,P2RX4;NEDD4;RANGRF
gs_ind_0,Regulation Of Spindle Assembly (GO:0090169),6/27,0.48044136493869966,0.9999999999998647,1.1823566538816332,0.8667266483262177,CHMP6;VPS4B;CHMP2B;SASS6;CEP97;CHMP1B
gs_ind_0,Regulation Of Spindle Organization (GO:0090224),3/17,0.703416858444551,0.9999999999998647,0.943637037569776,0.33197678677575543,PARP3;SASS6;BORA
gs_ind_0,Regulation Of Sprouting Angiogenesis (GO:1903670),5/20,0.386264025757095,0.9999999999998647,1.3879667942350815,1.3202813981829662,PPP1R16B;SYNJ2BP;ALOX5;DLL1;E2F2
gs_ind_0,Regulation Of Stem Cell Differentiation (GO:2000736),1/38,0.9998274224033896,0.9999999999998647,0.15597883597883597,2.6920775663514467e-05,HOXB4
gs_ind_0,Regulation Of Stem Cell Division (GO:2000035),2/6,0.3535944927466926,0.9999999999998647,2.172948409516172,2.2590069951074945,EVI2B;MLLT3
gs_ind_0,Regulation Of Stem Cell Population Maintenance (GO:2000036),7/48,0.8837273716099725,0.9999999999998647,0.7058499056466832,0.0872477542863076,SAP30;SAP30L;BRMS1L;ING2;BICRA;BCL7C;ZC3H13
gs_ind_0,Regulation Of Stem Cell Proliferation (GO:0072091),1/10,0.8974937817113968,0.9999999999998647,0.6171236171236171,0.06674135581913541,PTPRC
gs_ind_0,Regulation Of Steroid Biosynthetic Process (GO:0050810),2/6,0.3535944927466926,0.9999999999998647,2.172948409516172,2.2590069951074945,DGKQ;SIRT1
gs_ind_0,Regulation Of Steroid Metabolic Process (GO:0019218),1/9,0.8712616767850634,0.9999999999998647,0.689782983900631,0.09506100349519497,DGKQ
gs_ind_0,Regulation Of Smooth Muscle Cell Migration (GO:0014910),2/12,0.7354204812815023,0.9999999999998647,0.9308053614388819,0.2860484576995813,TRIB1;CCL5
gs_ind_0,Regulation Of Ryanodine-Sensitive Calcium-Release Channel Activity (GO:0060314),1/15,0.9672015674762875,0.9999999999998647,0.40415650760478344,0.013477956327923916,CAMK2D
gs_ind_0,Regulation Of Ruffle Assembly (GO:1900027),6/17,0.11316880953611234,0.9999999999998647,2.212308250884996,4.820342443962048,SH3YL1;ARHGAP24;KANK1;P2RX4;CARMIL2;EPS8
gs_ind_0,Regulation Of Ribonuclease Activity (GO:0060700),1/3,0.49498852941534904,0.9999999999998647,2.3464165464165463,1.650048661813499,OAS3
gs_ind_0,Regulation Of Proteolysis Involved In Protein Catabolic Process (GO:1903050),1/21,0.9916490336667981,0.9999999999998647,0.28572601743333453,0.002396107241114433,NUDT15
gs_ind_0,Regulation Of Pyruvate Dehydrogenase Activity (GO:1904182),1/6,0.7450017490315044,0.9999999999998647,1.0662906117451572,0.31388259496961246,PPM1M
gs_ind_0,Regulation Of RIG-I Signaling Pathway (GO:0039535),3/15,0.6156231394758771,0.9999999999998647,1.0947986523343494,0.5311090388707119,GPATCH3;DDX60;DHX58
gs_ind_0,Regulation Of RNA Export From Nucleus (GO:0046831),1/11,0.9183821192811181,0.9999999999998647,0.5583041297327012,0.04753497558033882,NRDE2
gs_ind_0,Regulation Of RNA Metabolic Process (GO:0051252),11/81,0.9571359897337238,0.9999999999998647,0.636398481856543,0.02788048867620763,SGF29;ATXN7;TADA2B;RASA1;ILDR1;METTL4;ZC3H10;AKAP17A;OAS3;METTL18;KAT2B
gs_ind_0,Regulation Of RNA Splicing (GO:0043484),11/91,0.9864538559737358,0.9999999999998647,0.5568832004411866,0.007595179673013078,ERN1;SGF29;ATXN7;TADA2B;PIK3R1;ILDR1;METTL4;ZC3H10;AKAP17A;CWC22;KAT2B
gs_ind_0,Regulation Of Rac Protein Signal Transduction (GO:0035020),3/14,0.5656020552601939,0.9999999999998647,1.1900961920772326,0.6781936079104792,KBTBD6;ARHGAP24;KBTBD7
gs_ind_0,Regulation Of Ras Protein Signal Transduction (GO:0046578),10/58,0.7705562278197919,0.9999999999998647,0.8458929486127481,0.22047578069761406,RASGRP4;SYNGAP1;KANK1;RABL3;RALGPS1;EPS8;KBTBD7;KBTBD6;ARHGDIB;SPRY2
gs_ind_0,Regulation Of Reactive Oxygen Species Biosynthetic Process (GO:1903426),6/17,0.11316880953611234,0.9999999999998647,2.212308250884996,4.820342443962048,ABCD2;COA8;ABCD1;TLR6;ALOX5;SPHK2
gs_ind_0,Regulation Of Reactive Oxygen Species Metabolic Process (GO:2000377),8/42,0.6445652864696094,0.9999999999998647,0.9631381481041578,0.42299020658047803,SIRT5;ZC3H12A;TP53;DHRS4;ALOX5;STK17A;COQ7;SPHK2
gs_ind_0,Regulation Of Receptor Binding (GO:1900120),1/5,0.6797672063173691,0.9999999999998647,1.3033509700176367,0.5030998387884896,HFE
gs_ind_0,Regulation Of Receptor Internalization (GO:0002090),5/24,0.5579574372382914,0.9999999999998647,1.102893414179335,0.6435080844319162,ARRB2;INSR;PICK1;ANKRD13B;DLG4
gs_ind_0,Regulation Of Receptor Recycling (GO:0001919),2/13,0.7760853855691137,0.9999999999998647,0.84979603221645,0.21541711776620684,KIF16B;OPTN
gs_ind_0,Regulation Of Receptor Signaling Pathway Via JAK-STAT (GO:0046425),6/30,0.5920736484773055,0.9999999999998647,1.0373226534872821,0.5436859532279958,PTPRC;MST1;TP53INP2;CCL5;BCL3;SOCS1
gs_ind_0,Regulation Of Receptor Signaling Pathway Via STAT (GO:1904892),3/11,0.3947032014005075,0.9999999999998647,1.6105265144723058,1.4971795674609456,PTPRC;MST1;TP53INP2
gs_ind_0,Regulation Of Receptor-Mediated Endocytosis (GO:0048259),2/29,0.9886459348271212,0.9999999999998647,0.3549026755121382,0.00405263885669027,HFE;BICD1
gs_ind_0,Regulation Of Regulated Secretory Pathway (GO:1903305),4/20,0.6044244594660717,0.9999999999998647,1.0663544447848732,0.5368866220617171,SNAPIN;SYT11;RAB3D;RAB3A
gs_ind_0,Regulation Of Rhodopsin Mediated Signaling Pathway (GO:0022400),1/2,0.36582651410140676,0.9999999999998647,3.911014911014911,3.9329011974146835,NMT2
gs_ind_0,Regulation Of Rho Protein Signal Transduction (GO:0035023),6/40,0.8521922128095174,0.9999999999998647,0.7360442951801761,0.11772526203287083,KANK1;KCTD13;EPS8;ARHGDIB;CCDC125;AKAP13
gs_ind_0,"Regulation Of Retrograde Protein Transport, ER To Cytosol (GO:1904152)",4/12,0.2151327165692436,0.9999999999998647,2.071341584298621,3.1826166651852184,DERL2;EDEM2;DERL3;SVIP
gs_ind_0,Regulation Of Response To Oxidative Stress (GO:1902882),3/11,0.3947032014005075,0.9999999999998647,1.6105265144723058,1.4971795674609456,AIFM2;HEBP2;ALOX5
gs_ind_0,Regulation Of Response To External Stimulus (GO:0032101),17/72,0.2880437177143828,0.9999999999998647,1.2340745257747676,1.5359822357145076,AKNA;SETD6;PIK3AP1;DHX58;TIRAP;NMT2;SPATA2;P2RX4;ALOX5;CYLD;APPL1;MGLL;SEMA7A;CAMKMT;FGR;PTPN22;UFL1
gs_ind_0,Regulation Of Response To Endoplasmic Reticulum Stress (GO:1905897),3/10,0.3332097623755485,0.9999999999998647,1.8254131236964544,2.0060981191955864,PIGBOS1;EIF2AK3;MBTPS2
gs_ind_0,Regulation Of Protein-Containing Complex Disassembly (GO:0043244),4/16,0.4164508921822029,0.9999999999998647,1.4080500722195475,1.233433178794374,TBC1D25;SHFL;INSR;TECPR1
gs_ind_0,Regulation Of Response To Cytokine Stimulus (GO:0060759),5/14,0.13769744367036255,0.9999999999998647,2.265692727564617,4.492180900330161,RIGI;MAPK7;PARP9;IFIH1;IRAK2
gs_ind_0,Regulation Of Respiratory Gaseous Exchange (GO:0043576),1/4,0.5978508540253882,0.9999999999998647,1.6758743901601045,0.8620931884147255,PASK
gs_ind_0,Regulation Of Respiratory Burst (GO:0060263),1/4,0.5978508540253882,0.9999999999998647,1.6758743901601045,0.8620931884147255,INSR
gs_ind_0,Regulation Of Release Of Sequestered Calcium Ion Into Cytosol By Sarcoplasmic Reticulum (GO:0010880),1/9,0.8712616767850634,0.9999999999998647,0.689782983900631,0.09506100349519497,CAMK2D
gs_ind_0,Regulation Of Release Of Sequestered Calcium Ion Into Cytosol (GO:0051279),1/25,0.9966463810381839,0.9999999999998647,0.23899834103915737,0.0008028563592319656,CAMK2D
gs_ind_0,Regulation Of Release Of Cytochrome C From Mitochondria (GO:0090199),13/36,0.020888230588757745,0.9999999999998647,2.25136381848629,8.709557195268802,PYCARD;BMF;BBC3;PMAIP1;PLSCR3;PLAUR;TP53;MLLT11;TNFSF10;NOL3;BAD;MOAP1;FXN
gs_ind_0,Regulation Of Regulatory T Cell Differentiation (GO:0045589),5/14,0.13769744367036255,0.9999999999998647,2.265692727564617,4.492180900330161,IL4I1;VSIR;SOX12;DUSP10;SOCS1
gs_ind_0,Regulation Of Response To Biotic Stimulus (GO:0002831),5/21,0.43069196449947617,0.9999999999998647,1.30374056830952,1.0982217002562886,DHX58;TIRAP;FGR;PTPN22;APPL1
gs_ind_0,Positive Regulation Of Adaptive Immune Response Based On Somatic Recombination Of Immune Receptors Built From Immunoglobulin Superfamily Domains (GO:0002824),3/7,0.15431169962193045,0.9999999999998647,3.0431039092999628,5.686893849611121,IL12RB1;ZBTB1;IL23A
gs_ind_0,Positive Regulation By Symbiont Of Entry Into Host (GO:0075294),2/8,0.5073711921876385,0.9999999999998647,1.5041021528591696,1.0205519747850815,SMPD1;TRIM38
gs_ind_0,Positive Regulation Of Activation Of Janus Kinase Activity (GO:0010536),2/4,0.18640155558523228,0.9999999999998647,3.9119486768243785,6.571494931304808,CCL5;IL23A
gs_ind_0,Epithelial Cell Development (GO:0002064),4/11,0.16922725830899113,0.9999999999998647,2.3477130476649015,4.170742147653361,TMEM79;RILPL2;SIPA1L3;EXPH5
gs_ind_0,Epithelial Cell Differentiation (GO:0030855),5/65,0.9986137169302586,0.9999999999998647,0.354281294239554,0.0004914749005608197,E2F7;E2F8;ANXA4;KDM6B;BDH2
gs_ind_0,Epithelial Cell Migration (GO:0010631),3/26,0.9225999915368105,0.9999999999998647,0.5818140235056375,0.04687065673583295,LPXN;TESK1;KANK1
gs_ind_0,Epithelial Cell Morphogenesis (GO:0003382),2/6,0.3535944927466926,0.9999999999998647,2.172948409516172,2.2590069951074945,RILPL2;SIPA1L3
gs_ind_0,Epithelial Cell-Cell Adhesion (GO:0090136),1/6,0.7450017490315044,0.9999999999998647,1.0662906117451572,0.31388259496961246,SERPINB8
gs_ind_0,Epithelial Cilium Movement Involved In Determination Of Left/Right Asymmetry (GO:0060287),3/8,0.21111686342347444,0.9999999999998647,2.4896080976620043,3.8721956321797006,RFX3;OFD1;NPHP3
gs_ind_0,Epithelial Cilium Movement Involved In Extracellular Fluid Movement (GO:0003351),4/14,0.31435549997761164,0.9999999999998647,1.676525208061077,1.9401265540223827,DNAAF2;RFX3;OFD1;NPHP3
gs_ind_0,Epithelial Mesenchymal Transition,8/107,0.9999370284814744,0.9999999999998647,0.3321678293443757,2.091777123800105e-05,ACTA2;EFEMP2;GADD45B;PLAUR;TNFAIP3;SDC1;DST;FUCA1
gs_ind_0,Epithelial Structure Maintenance (GO:0010669),2/7,0.4333076099965977,0.9999999999998647,1.7777210760370343,1.486721268820039,ILDR1;PBLD
gs_ind_0,Epithelial To Mesenchymal Transition (GO:0001837),2/31,0.9923681519400541,0.9999999999998647,0.33078710940154676,0.0025341996199267423,HEY1;LOXL3
gs_ind_0,Epithelial cell signaling in Helicobacter pylori infection,7/57,0.9609821856900159,0.9999999999998647,0.5796254324227603,0.023068748751586352,MAP3K14;NOD1;JAM2;ATP6V1G2;CCL5;NFKB1;ATP6V1E2
gs_ind_0,Epithelium Development (GO:0060429),6/83,0.9997509477752522,0.9999999999998647,0.3265001010169035,8.132570413283228e-05,FUZ;ANXA4;DLL1;LOXL3;DAG1;BDH2
gs_ind_0,Epstein-Barr virus infection,32/150,0.41559044262037986,0.9999999999998647,1.0730179880079946,0.9421688272765673,SAP30L;E2F1;TNFAIP3;PIK3R1;SYK;IRF7;OAS3;NFKB1;DDB2;SAP30;MAP2K6;MAP3K14;CCNE2;TP53;NEDD4;RELB;IKBKE;NFKB2;MAP2K3;IRF9;BCL2;TRADD;NFKBIB;HLA-DMA;PIK3R3;RB1;GADD45B;TAP2;NFKBIE;CR2;TRAF5;E2F2
gs_ind_0,ErbB signaling pathway,8/68,0.978385709639773,0.9999999999998647,0.5480535417134251,0.011975682664241854,CAMK2D;CBLB;PIK3R1;NCK2;BAD;ERBB2;PIK3R3;SOS2
gs_ind_0,Epithelial Cell Apoptotic Process (GO:1904019),2/6,0.3535944927466926,0.9999999999998647,2.172948409516172,2.2590069951074945,CAPN10;BMPR2
gs_ind_0,Error-Prone Translesion Synthesis (GO:0042276),3/9,0.27143988032691707,0.9999999999998647,2.1064186896049564,2.746800723669715,TENT4A;PRIMPOL;POLI
gs_ind_0,Erythrocyte Differentiation (GO:0030218),4/36,0.9531554129382288,0.9999999999998647,0.5406688641161439,0.02593983826276446,NCKAP1L;UFL1;HCLS1;HSCB
gs_ind_0,Erythrose 4-Phosphate/Phosphoenolpyruvate Family Amino Acid Catabolic Process (GO:1902222),2/3,0.10750248347352222,0.9999999999998647,6.520449077786688,14.542175020845065,IL4I1;GSTZ1
gs_ind_0,Establishment Of Apical/Basal Cell Polarity (GO:0035089),1/9,0.8712616767850634,0.9999999999998647,0.689782983900631,0.09506100349519497,RAP2A
gs_ind_0,Establishment Of Chromosome Localization (GO:0051303),2/11,0.6886104060141844,0.9999999999998647,1.028869286287089,0.38385015860250277,CENPQ;SPICE1
gs_ind_0,Establishment Of Endothelial Barrier (GO:0061028),1/17,0.9792105317502333,0.9999999999998647,0.35510953692771874,0.007460358414195877,PPP1R16B
gs_ind_0,Establishment Of Epithelial Cell Apical/Basal Polarity (GO:0045198),1/6,0.7450017490315044,0.9999999999998647,1.0662906117451572,0.31388259496961246,RAP2A
gs_ind_0,Establishment Of Epithelial Cell Polarity (GO:0090162),4/14,0.31435549997761164,0.9999999999998647,1.676525208061077,1.9401265540223827,CYTH1;FBF1;SIPA1L3;RAP2A
gs_ind_0,Establishment Of Melanosome Localization (GO:0032401),3/9,0.27143988032691707,0.9999999999998647,2.1064186896049564,2.746800723669715,BLOC1S5;MKKS;BLOC1S3
gs_ind_0,Establishment Of Mitotic Sister Chromatid Cohesion (GO:0034087),1/6,0.7450017490315044,0.9999999999998647,1.0662906117451572,0.31388259496961246,STAG1
gs_ind_0,Establishment Of Mitotic Spindle Localization (GO:0040001),2/26,0.9795449201430425,0.9999999999998647,0.3984583408343289,0.008235011197004182,UBXN2B;ENKD1
gs_ind_0,Establishment Of Mitotic Spindle Orientation (GO:0000132),2/22,0.9558870236074068,0.9999999999998647,0.4763627828740196,0.021491368499665764,UBXN2B;ENKD1
gs_ind_0,Establishment Of Planar Polarity (GO:0001736),1/5,0.6797672063173691,0.9999999999998647,1.3033509700176367,0.5030998387884896,FUZ
gs_ind_0,Establishment Of Protein Localization To Chromatin (GO:0071169),1/8,0.8383192836348962,0.9999999999998647,0.7818181818181819,0.1378785183025454,SGF29
gs_ind_0,Establishment Of Protein Localization To Chromosome (GO:0070199),2/13,0.7760853855691137,0.9999999999998647,0.84979603221645,0.21541711776620684,SGF29;BRCA2
gs_ind_0,Erythrocyte Development (GO:0048821),1/9,0.8712616767850634,0.9999999999998647,0.689782983900631,0.09506100349519497,NCKAP1L
gs_ind_0,Establishment Of Protein Localization To Endoplasmic Reticulum (GO:0072599),1/13,0.948259129620717,0.9999999999998647,0.4688985088985089,0.02491139174442143,ZFAND2A
gs_ind_0,Epigenetic Regulation Of Gene Expression (GO:0040029),8/68,0.978385709639773,0.9999999999998647,0.5480535417134251,0.011975682664241854,SGF29;PPM1D;TP53;GLMN;MPHOSPH8;SPHK2;ZNF335;KAT2B
gs_ind_0,Epidermal Growth Factor Receptor Signaling Pathway (GO:0007173),4/31,0.9017973824564596,0.9999999999998647,0.6392349104915306,0.06607478217359576,ERBB2;BCAR1;KIF16B;NCK2
gs_ind_0,"Endonucleolytic Cleavage Of Tricistronic rRNA Transcript (SSU-rRNA, 5.8S rRNA, LSU-rRNA) (GO:0000479)",1/12,0.9350149954629013,0.9999999999998647,0.5097141184097705,0.03424907390651992,RPP40
gs_ind_0,Endoplasmic Reticulum Calcium Ion Homeostasis (GO:0032469),2/18,0.9071587652944273,0.9999999999998647,0.5920390755996209,0.05768698489803892,BCL2;CAMK2D
gs_ind_0,Endoplasmic Reticulum Mannose Trimming (GO:1904380),5/13,0.10544734724079009,0.9999999999998647,2.532452570047123,5.696862291280227,TRIM13;RNF185;EDEM2;UGGT2;RNF103
gs_ind_0,Endoplasmic Reticulum Membrane Organization (GO:0090158),3/9,0.27143988032691707,0.9999999999998647,2.1064186896049564,2.746800723669715,BNIP1;ATL1;VCPIP1
gs_ind_0,Endoplasmic Reticulum Organization (GO:0007029),7/43,0.8011302996068946,0.9999999999998647,0.8028717610166695,0.17802209955639167,DOP1B;EIF2AK3;VCPIP1;TMCC1;CAMLG;TRAM2;BNIP1
gs_ind_0,Endoplasmic Reticulum To Cytosol Transport (GO:1903513),2/15,0.8412494484890192,0.9999999999998647,0.7237815200926668,0.12511797883472436,SELENOS;DERL2
gs_ind_0,Endoplasmic Reticulum To Golgi Vesicle-Mediated Transport (GO:0006888),13/101,0.9818001033348039,0.9999999999998647,0.5946279943366424,0.010921860670752704,YIPF4;TRAPPC6A;RANGRF;MPPE1;TRAPPC9;WHAMM;PGAP1;IER3IP1;SEC22A;TRAPPC13;TRAPPC2B;LMAN2L;VTI1A
gs_ind_0,Endoplasmic Reticulum Tubular Network Organization (GO:0071786),2/14,0.8111659406206002,0.9999999999998647,0.7817481956696071,0.1636063210775793,ZFYVE27;ATL1
gs_ind_0,Endosomal Transport (GO:0016197),28/153,0.7669566877107796,0.9999999999998647,0.8868069691152904,0.23529201380687606,VAMP4;CHMP2B;AP5Z1;VTI1A;TBC1D10A;ZFYVE16;AP5S1;EHD4;STX12;DENND1B;TBC1D10C;TBC1D17;AGAP2;CCDC93;CHMP1B;CLN5;SLC66A2;ALS2;RGP1;TMCC1;BLOC1S2;RAB9A;ZFYVE9;VPS4B;SNX18;DENND10;STX6;RAB43
gs_ind_0,Endosome Organization (GO:0007032),9/46,0.6119044925253057,0.9999999999998647,0.990406687027809,0.48646703210189896,ALS2;SNX10;PLEKHF1;TMCC1;CHMP2B;EXOC8;RAB22A;PI4K2B;DNM1
gs_ind_0,Endosome To Lysosome Transport (GO:0008333),12/43,0.1492279401701483,0.9999999999998647,1.5536528368386775,2.9554832501039483,MTM1;VPS4B;PLEKHF1;RAB12;DTX3L;UEVLD;ATG14;TPCN2;SNAPIN;SNX16;PXK;AKTIP
gs_ind_0,Endosome To Lysosome Transport Via Multivesicular Body Sorting Pathway (GO:0032510),4/14,0.31435549997761164,0.9999999999998647,1.676525208061077,1.9401265540223827,CHMP6;CHMP1B;VPS4B;CHMP2B
gs_ind_0,Endosome To Melanosome Transport (GO:0035646),2/7,0.4333076099965977,0.9999999999998647,1.7777210760370343,1.486721268820039,BLOC1S5;BLOC1S3
gs_ind_0,Endosome To Pigment Granule Transport (GO:0043485),2/7,0.4333076099965977,0.9999999999998647,1.7777210760370343,1.486721268820039,BLOC1S5;BLOC1S3
gs_ind_0,Epidermis Development (GO:0008544),6/30,0.5920736484773055,0.9999999999998647,1.0373226534872821,0.5436859532279958,FABP5;ALDH3A2;WAS;DLL1;PPP3CA;STS
gs_ind_0,Endosome Transport Via Multivesicular Body Sorting Pathway (GO:0032509),6/22,0.2820850843655783,0.9999999999998647,1.5412791801100778,1.9505605273096753,CHMP6;VPS4B;CHMP2B;TMEM50B;DENND10;CHMP1B
gs_ind_0,Endothelial Cell Differentiation (GO:0045446),2/8,0.5073711921876385,0.9999999999998647,1.5041021528591696,1.0205519747850815,KDM6B;BMPR2
gs_ind_0,Endothelial Cell Migration (GO:0043542),1/22,0.9933519865267691,0.9999999999998647,0.27241406311173755,0.0018170589927772288,LPXN
gs_ind_0,Endothelial Cell Proliferation (GO:0001935),4/10,0.12731015554677688,0.9999999999998647,2.7091218843746527,5.583849680727797,ERN1;BMPR2;HMOX1;THAP1
gs_ind_0,Endothelin Receptor Signaling Pathway (GO:0086100),1/3,0.49498852941534904,0.9999999999998647,2.3464165464165463,1.650048661813499,BCAR3
gs_ind_0,Endothelium Development (GO:0003158),1/6,0.7450017490315044,0.9999999999998647,1.0662906117451572,0.31388259496961246,KDM6B
gs_ind_0,Energy Derivation By Oxidation Of Organic Compounds (GO:0015980),1/30,0.9989283050135561,0.9999999999998647,0.1984086221374357,0.00021274754622442813,CHCHD5
gs_ind_0,Engulfment Of Apoptotic Cell (GO:0043652),2/7,0.4333076099965977,0.9999999999998647,1.7777210760370343,1.486721268820039,XKR9;XKR8
gs_ind_0,Entrainment Of Circadian Clock By Photoperiod (GO:0043153),6/19,0.1735319747924727,0.9999999999998647,1.8842495940617026,3.300062310195911,TP53;CRTC1;PER2;RBM4B;FBXL17;FBXL3
gs_ind_0,Enzyme-Linked Receptor Protein Signaling Pathway (GO:0007167),16/65,0.23762788567344298,0.9999999999998647,1.3048171419365233,1.8750866053789847,BCAR1;DOK4;RASGRP4;INSR;DOK3;FRS2;MST1R;DOK2;SYK;SAMD10;SAMD12;BMPR2;ERBB2;FGR;DDR2;TRIO
gs_ind_0,Eosinophil Chemotaxis (GO:0048245),1/4,0.5978508540253882,0.9999999999998647,1.6758743901601045,0.8620931884147255,CCL5
gs_ind_0,Eosinophil Migration (GO:0072677),1/4,0.5978508540253882,0.9999999999998647,1.6758743901601045,0.8620931884147255,CCL5
gs_ind_0,Ephrin Receptor Signaling Pathway (GO:0048013),4/29,0.8700129911051704,0.9999999999998647,0.689484267467218,0.09600870896904941,SIPA1L1;EFNA4;RASA1;CDK5R1
gs_ind_0,Epiboly Involved In Wound Healing (GO:0090505),1/13,0.948259129620717,0.9999999999998647,0.4688985088985089,0.02491139174442143,CARMIL2
gs_ind_0,Epidermal Cell Differentiation (GO:0009913),1/24,0.995787107437436,0.9999999999998647,0.2491889513166109,0.0010520238707154806,PPP3CA
gs_ind_0,Endothelial Cell Development (GO:0001885),1/12,0.9350149954629013,0.9999999999998647,0.5097141184097705,0.03424907390651992,PPP1R16B
gs_ind_0,Establishment Of Protein Localization To Extracellular Region (GO:0035592),5/32,0.8097330769172972,0.9999999999998647,0.7815379675710387,0.16494407283928664,GSDMD;SVBP;RAB12;RAB3D;RAB3A
gs_ind_0,Establishment Of Protein Localization To Membrane (GO:0090150),9/54,0.7983102767494364,0.9999999999998647,0.815732250389058,0.18375016559693147,ZDHHC21;ARL6;ZDHHC24;RAB3IP;CHM;VPS37C;ZDHHC6;ZDHHC2;SYNE3
gs_ind_0,Establishment Of Protein Localization To Mitochondrion (GO:0072655),1/39,0.9998626540779431,0.9999999999998647,0.15191494412273632,2.086633106030967e-05,DNLZ
gs_ind_0,Fanconi anemia pathway,11/48,0.38478338570762166,0.9999999999998647,1.1996847354029274,1.1457885838175408,POLI;ERCC4;POLN;EME1;FANCC;BRCA2;FANCF;CENPS;FAAP24;EME2;SLX4
gs_ind_0,Fat Cell Differentiation (GO:0045444),14/46,0.0695555638042264,0.9999999999998647,1.747765131342655,4.65889406007394,FOXO1;SIRT1;SLC39A13;TRIM32;PER2;ZNF516;OSBPL11;ATF5;PSMB8;TMEM120B;NR4A2;BBS9;CBY1;MKKS
gs_ind_0,Fat digestion and absorption,1/14,0.958804759543803,0.9999999999998647,0.43412965635187856,0.018262884928106907,SLC27A1
gs_ind_0,Fat-Soluble Vitamin Metabolic Process (GO:0006775),1/15,0.9672015674762875,0.9999999999998647,0.40415650760478344,0.013477956327923916,CYP27B1
gs_ind_0,Fatty Acid Alpha-Oxidation (GO:0001561),1/4,0.5978508540253882,0.9999999999998647,1.6758743901601045,0.8620931884147255,PHYH
gs_ind_0,Fatty Acid Beta-Oxidation (GO:0006635),10/42,0.3461790226745061,0.9999999999998647,1.263994953430554,1.3408448747883963,ABCD2;DECR2;AMACR;CROT;ACOX3;ACAD11;PEX2;ACAA2;PPARD;BDH2
gs_ind_0,Fatty Acid Beta-Oxidation Using acyl-CoA Dehydrogenase (GO:0033539),1/8,0.8383192836348962,0.9999999999998647,0.7818181818181819,0.1378785183025454,ACAD11
gs_ind_0,Fatty Acid Beta-Oxidation Using acyl-CoA Oxidase (GO:0033540),4/9,0.09047082961658927,0.9999999999998647,3.2019521162515865,7.693419379716405,CROT;ACOX3;DECR2;AMACR
gs_ind_0,Fatty Acid Biosynthetic Process (GO:0006633),8/41,0.6156588015493214,0.9999999999998647,0.9919700868947885,0.4811673538716749,HTD2;LIPC;DECR2;HACD2;MLYCD;CBR4;ALOX5;HSD17B8
gs_ind_0,Fatty Acid Catabolic Process (GO:0009062),11/49,0.41335561734450327,0.9999999999998647,1.1684280011447457,1.0322442094929076,PHYH;ABCD2;CROT;ACAD11;MCEE;PCCA;PEX2;ACAA2;PPARD;BDH2;NUDT8
gs_ind_0,Fatty Acid Derivative Biosynthetic Process (GO:1901570),2/15,0.8412494484890192,0.9999999999998647,0.7237815200926668,0.12511797883472436,HTD2;ALOX5
gs_ind_0,Fatty Acid Elongation (GO:0030497),1/10,0.8974937817113968,0.9999999999998647,0.6171236171236171,0.06674135581913541,HACD2
gs_ind_0,Fatty Acid Homeostasis (GO:0055089),1/4,0.5978508540253882,0.9999999999998647,1.6758743901601045,0.8620931884147255,SIRT1
gs_ind_0,Fatty Acid Metabolic Process (GO:0006631),21/75,0.07030543277898033,0.9999999999998647,1.5460884446898693,4.10471980253832,DECR2;MLYCD;PER2;SLC27A3;PEX2;ACADSB;ACBD5;HTD2;SGPL1;ABCD2;LIPC;CROT;ALOX5;PCCA;PPARD;ACSF2;ACSL1;CBR4;ABCD1;HSD17B8;PHYH
gs_ind_0,Facultative Heterochromatin Formation (GO:0140718),2/13,0.7760853855691137,0.9999999999998647,0.84979603221645,0.21541711776620684,BEND3;SIRT1
gs_ind_0,Fatty Acid Metabolism,13/120,0.998175340377828,0.9999999999998647,0.48876287154840375,0.0008926405069643546,ACSL1;UBE2L6;IL4I1;MLYCD;GABARAPL1;TP53INP2;MCEE;ALDH3A2;MGLL;ME1;GSTZ1;ACAA2;ENO3
gs_ind_0,Fatty Acid Transmembrane Transport (GO:1902001),2/8,0.5073711921876385,0.9999999999998647,1.5041021528591696,1.0205519747850815,SLC27A1;ABCD2
gs_ind_0,Fatty Acid Transport (GO:0015908),5/20,0.386264025757095,0.9999999999998647,1.3879667942350815,1.3202813981829662,ACSL1;SLC27A1;SLC27A3;FABP5;PPARD
gs_ind_0,Fatty acid biosynthesis,4/12,0.2151327165692436,0.9999999999998647,2.071341584298621,3.1826166651852184,HTD2;CBR4;ACSL1;HSD17B8
gs_ind_0,Fatty acid degradation,5/28,0.701969755260673,0.9999999999998647,0.9148662911638424,0.3237391231243193,ACSL1;ACOX3;ACADSB;ALDH3A2;ACAA2
gs_ind_0,Fatty acid elongation,2/21,0.9467299284801028,0.9999999999998647,0.500832767873666,0.027416293324235817,HACD2;ACAA2
gs_ind_0,Fc Receptor Mediated Stimulatory Signaling Pathway (GO:0002431),5/18,0.2973982685333484,0.9999999999998647,1.5938531242753429,1.9328386950714114,VAV2;MYO1G;SYK;VAV1;FGR
gs_ind_0,Fc Receptor Signaling Pathway (GO:0038093),4/20,0.6044244594660717,0.9999999999998647,1.0663544447848732,0.5368866220617171,SYK;VAV2;VAV1;FER
gs_ind_0,Fc epsilon RI signaling pathway,12/50,0.3119897571756938,0.9999999999998647,1.2704391344777508,1.4797883472394304,VAV2;MAP2K6;SOS2;MAP2K3;PIK3R1;ALOX5;SYK;JMJD7-PLA2G4B;VAV1;INPP5D;PIK3R3;PLA2G4C
gs_ind_0,Fc gamma R-mediated phagocytosis,16/72,0.39261025922835396,0.9999999999998647,1.1424996899019235,1.068166221956854,MARCKS;VAV2;PTPRC;PIK3R1;PIP5K1B;SYK;PLD1;JMJD7-PLA2G4B;WAS;VAV1;INPP5D;CFL2;LIMK2;SPHK2;PIK3R3;PLA2G4C
gs_ind_0,Fc-epsilon Receptor Signaling Pathway (GO:0038095),4/19,0.5607923727242765,0.9999999999998647,1.1352446922515416,0.656630688618161,SYK;VAV2;VAV1;FER
gs_ind_0,Fc-gamma Receptor Signaling Pathway (GO:0038094),5/18,0.2973982685333484,0.9999999999998647,1.5938531242753429,1.9328386950714114,VAV2;MYO1G;SYK;VAV1;FGR
gs_ind_0,Fc-gamma Receptor Signaling Pathway Involved In Phagocytosis (GO:0038096),5/17,0.25419710850453286,0.9999999999998647,1.7215026489003051,2.357848003698116,VAV2;MYO1G;SYK;VAV1;FGR
gs_ind_0,Female Gamete Generation (GO:0007292),3/16,0.6615859657744176,0.9999999999998647,1.0136192666274488,0.4187416761244309,TOB2;NANOS3;DMC1
gs_ind_0,Ferroptosis,4/33,0.9265042434326021,0.9999999999998647,0.5957990256481398,0.04548130359758708,HMOX1;ACSL1;TP53;SAT2
gs_ind_0,Fatty Acid Oxidation (GO:0019395),8/39,0.5543717516109412,0.9999999999998647,1.0551257623409318,0.622439563382301,ABCD2;CROT;ACAD11;PEX2;ACAA2;PPARD;BDH2;PHYH
gs_ind_0,Eye Photoreceptor Cell Differentiation (GO:0001754),2/7,0.4333076099965977,0.9999999999998647,1.7777210760370343,1.486721268820039,DZANK1;CEP290
gs_ind_0,Eye Photoreceptor Cell Development (GO:0042462),3/6,0.10336734907900555,0.9999999999998647,3.912883041873897,8.880155572158289,RPGRIP1L;DZANK1;CEP290
gs_ind_0,Eye Development (GO:0001654),5/29,0.7323401659236473,0.9999999999998647,0.8774527309719843,0.27333544537153315,SIPA1L3;MEIS2;CEP290;PBX4;BLOC1S3
gs_ind_0,Establishment Of Protein Localization To Organelle (GO:0072594),8/72,0.9872770668251245,0.9999999999998647,0.5138963111338657,0.0065802175922915285,KPNA5;RANGRF;RANBP6;SYK;STK3;TSPAN10;BCL3;APPL1
gs_ind_0,Establishment Of Protein Localization To Peroxisome (GO:0072663),2/7,0.4333076099965977,0.9999999999998647,1.7777210760370343,1.486721268820039,PEX1;PEX12
gs_ind_0,Establishment Of Protein Localization To Plasma Membrane (GO:0061951),4/31,0.9017973824564596,0.9999999999998647,0.6392349104915306,0.06607478217359576,RAB34;RILPL2;VAMP2;OPTN
gs_ind_0,Establishment Of Protein Localization To Telomere (GO:0070200),1/5,0.6797672063173691,0.9999999999998647,1.3033509700176367,0.5030998387884896,BRCA2
gs_ind_0,Establishment Of Protein Localization To Vacuole (GO:0072666),1/20,0.9895100286579079,0.9999999999998647,0.3004033004033004,0.003167866629969656,VPS37C
gs_ind_0,Establishment Of Skin Barrier (GO:0061436),1/10,0.8974937817113968,0.9999999999998647,0.6171236171236171,0.06674135581913541,TMEM79
gs_ind_0,Establishment Of Spindle Localization (GO:0051293),1/9,0.8712616767850634,0.9999999999998647,0.689782983900631,0.09506100349519497,TLE6
gs_ind_0,Establishment Of Spindle Orientation (GO:0051294),2/27,0.9831718167600401,0.9999999999998647,0.3828010755224303,0.0064966647947288835,UBXN2B;ENKD1
gs_ind_0,Establishment Of Vesicle Localization (GO:0051650),5/14,0.13769744367036255,0.9999999999998647,2.265692727564617,4.492180900330161,TESK1;SNAPIN;SYNJ1;LIMK2;SYT11
gs_ind_0,Establishment Or Maintenance Of Apical/Basal Cell Polarity (GO:0035088),4/18,0.5146542375367785,0.9999999999998647,1.2136370428170604,0.8061705265524838,DLG2;DLG4;PALS1;PARD6B
gs_ind_0,Establishment Or Maintenance Of Epithelial Cell Apical/Basal Polarity (GO:0045197),5/28,0.701969755260673,0.9999999999998647,0.9148662911638424,0.3237391231243193,DLG2;PARD6B;RAP2A;DLG4;PALS1
gs_ind_0,Estrogen Biosynthetic Process (GO:0006703),2/4,0.18640155558523228,0.9999999999998647,3.9119486768243785,6.571494931304808,HSD17B8;HSD17B1
gs_ind_0,Estrogen Response Early,13/133,0.9996824768030128,0.9999999999998647,0.4355644335628748,0.00013832377310447257,TBC1D30;PMAIP1;INPP5F;SLC39A6;ENDOD1;DYNLT3;TIPARP;BCL2;SLC26A2;WWC1;MINDY1;ARL3;FCMR
gs_ind_0,Estrogen Response Late,11/127,0.9999042358427808,0.9999999999998647,0.38365591783846176,3.674224495711492e-05,ZFP36;PTPN6;BTG3;SNX10;DYNLT3;FABP5;BCL2;SLC26A2;ALDH3A2;SLC2A8;ARL3
gs_ind_0,Estrogen signaling pathway,11/85,0.9725573804733487,0.9999999999998647,0.602030803177691,0.016752230843427206,CREB3L4;SOS2;ITPR2;PLCB2;ESR2;PIK3R1;BCL2;GNAI3;CREB3;PIK3R3;NCOA2
gs_ind_0,Ether Lipid Biosynthetic Process (GO:0008611),2/8,0.5073711921876385,0.9999999999998647,1.5041021528591696,1.0205519747850815,PEX7;PLA2G4C
gs_ind_0,Ether Lipid Metabolic Process (GO:0046485),2/8,0.5073711921876385,0.9999999999998647,1.5041021528591696,1.0205519747850815,PEX7;NCEH1
gs_ind_0,Extrinsic Apoptotic Signaling Pathway Via Death Domain Receptors (GO:0008625),5/26,0.6343092946916826,0.9999999999998647,1.0001344050894727,0.4552797806827438,MOAP1;BCL2;CRADD;TRADD;BLOC1S2
gs_ind_0,Extrinsic Apoptotic Signaling Pathway In Absence Of Ligand (GO:0097192),3/11,0.3947032014005075,0.9999999999998647,1.6105265144723058,1.4971795674609456,BCL2;BCL2L2;MOAP1
gs_ind_0,Extrinsic Apoptotic Signaling Pathway (GO:0097191),10/53,0.6603725325726336,0.9999999999998647,0.9435101551973651,0.39151063328411784,CD70;MLLT11;BAD;MOAP1;BCL2L2;BAG3;BCL2;CRADD;BLOC1S2;TRADD
gs_ind_0,Extracellular Transport (GO:0006858),1/10,0.8974937817113968,0.9999999999998647,0.6171236171236171,0.06674135581913541,DNAAF2
gs_ind_0,Extracellular Structure Organization (GO:0043062),2/41,0.9989979950267719,0.9999999999998647,0.24684051851024738,0.0002474594256438297,ADAMTS6;COL19A1
gs_ind_0,Extracellular Matrix Organization (GO:0030198),8/83,0.9973064852108922,0.9999999999998647,0.4386259901050685,0.0011830395747434905,KIF9;ADAMTS6;EXOC8;ADAM8;CTSS;LOXL3;DDR2;COL19A1
gs_ind_0,"Endonucleolytic Cleavage In ITS1 To Separate SSU-rRNA From 5.8S rRNA And LSU-rRNA From Tricistronic rRNA Transcript (SSU-rRNA, 5.8S rRNA, LSU-rRNA) (GO:0000447)",1/6,0.7450017490315044,0.9999999999998647,1.0662906117451572,0.31388259496961246,RPP40
gs_ind_0,Extracellular Matrix Disassembly (GO:0022617),4/16,0.4164508921822029,0.9999999999998647,1.4080500722195475,1.233433178794374,KIF9;ADAM8;CTSS;EXOC8
gs_ind_0,External Encapsulating Structure Organization (GO:0045229),2/39,0.9984886187703581,0.9999999999998647,0.2600481154771451,0.00039332915061279723,ADAMTS6;COL19A1
gs_ind_0,Exocytosis (GO:0006887),9/57,0.8478530869112144,0.9999999999998647,0.7650856676007604,0.12627578640409218,TMEM79;SYTL1;VAMP2;SCRN1;EXOC8;RAB11FIP2;RAB3IP;CCL5;RAB3A
gs_ind_0,Exit From Mitosis (GO:0010458),3/10,0.3332097623755485,0.9999999999998647,1.8254131236964544,2.0060981191955864,EPS8;UBE2C;CTDP1
gs_ind_0,Excitatory Synapse Assembly (GO:1904861),1/6,0.7450017490315044,0.9999999999998647,1.0662906117451572,0.31388259496961246,SRGAP3
gs_ind_0,Excitatory Postsynaptic Potential (GO:0060079),1/9,0.8712616767850634,0.9999999999998647,0.689782983900631,0.09506100349519497,ARRB2
gs_ind_0,Ether lipid metabolism,4/25,0.7795519571143958,0.9999999999998647,0.818029134149209,0.20371865297410585,PLA2G4C;PLD1;JMJD7-PLA2G4B;PAFAH2
gs_ind_0,Extracellular Matrix Assembly (GO:0085029),1/10,0.8974937817113968,0.9999999999998647,0.6171236171236171,0.06674135581913541,EFEMP2
gs_ind_0,Fibroblast Growth Factor Receptor Signaling Pathway (GO:0008543),3/21,0.8317210846862813,0.9999999999998647,0.7393645851852173,0.13623393520139163,FRS2;KIF16B;FRS3
gs_ind_0,Endometrial cancer,9/51,0.7376838829856357,0.9999999999998647,0.8735289389827624,0.26576234742091215,GADD45B;TP53;PIK3R1;BAD;ERBB2;CTNNA3;DDB2;PIK3R3;SOS2
gs_ind_0,Endolysosomal Toll-Like Receptor Signaling Pathway (GO:0140894),2/8,0.5073711921876385,0.9999999999998647,1.5041021528591696,1.0205519747850815,UNC93B1;PIK3AP1
gs_ind_0,Deadenylation-Dependent Decapping Of Nuclear-Transcribed mRNA (GO:0000290),2/7,0.4333076099965977,0.9999999999998647,1.7777210760370343,1.486721268820039,DCP1B;PATL2
gs_ind_0,Defense Response To Bacterium (GO:0042742),15/68,0.41092760440013754,0.9999999999998647,1.1333548075374456,1.0079357528454016,GSDMD;PYCARD;TFEB;ANG;OPTN;TIRAP;NOD1;MR1;TLR6;IL23A;SYK;FGR;OAS3;TNFRSF14;MARCHF2
gs_ind_0,Defense Response To Gram-negative Bacterium (GO:0050829),6/19,0.1735319747924727,0.9999999999998647,1.8842495940617026,3.300062310195911,GSDMD;PYCARD;OPTN;MR1;IL23A;TNFRSF14
gs_ind_0,Defense Response To Gram-positive Bacterium (GO:0050830),6/29,0.5561917840783974,0.9999999999998647,1.0815528805578998,0.6344844626457373,GSDMD;ANG;TIRAP;MR1;FGR;TNFRSF14
gs_ind_0,Defense Response To Tumor Cell (GO:0002357),1/9,0.8712616767850634,0.9999999999998647,0.689782983900631,0.09506100349519497,CASC2
gs_ind_0,Dehydroascorbic Acid Transport (GO:0070837),1/6,0.7450017490315044,0.9999999999998647,1.0662906117451572,0.31388259496961246,SLC2A8
gs_ind_0,Delamination (GO:0060232),1/6,0.7450017490315044,0.9999999999998647,1.0662906117451572,0.31388259496961246,AKNA
gs_ind_0,Dendrite Extension (GO:0097484),1/3,0.49498852941534904,0.9999999999998647,2.3464165464165463,1.650048661813499,CDKL3
gs_ind_0,Dendrite Morphogenesis (GO:0048813),3/22,0.855158977207062,0.9999999999998647,0.7013908600624468,0.10974514729108541,WASL;DLG4;NOL3
gs_ind_0,Dendritic Cell Chemotaxis (GO:0002407),1/8,0.8383192836348962,0.9999999999998647,0.7818181818181819,0.1378785183025454,CCL5
gs_ind_0,Dendritic Cell Migration (GO:0036336),2/10,0.6351727324480614,0.9999999999998647,1.1500070758054626,0.5219402535113675,CCL5;EPS8
gs_ind_0,Dendritic Spine Maintenance (GO:0097062),2/6,0.3535944927466926,0.9999999999998647,2.172948409516172,2.2590069951074945,INSR;PICK1
gs_ind_0,Dendritic Spine Morphogenesis (GO:0060997),3/9,0.27143988032691707,0.9999999999998647,2.1064186896049564,2.746800723669715,WASL;DLG4;NOL3
gs_ind_0,Dendritic Spine Organization (GO:0097061),5/18,0.2973982685333484,0.9999999999998647,1.5938531242753429,1.9328386950714114,INSR;NOL3;PICK1;WASL;DLG4
gs_ind_0,DNA-templated Transcription Termination (GO:0006353),1/13,0.948259129620717,0.9999999999998647,0.4688985088985089,0.02491139174442143,MTERF2
gs_ind_0,Dephosphorylation (GO:0016311),28/111,0.12469384959075877,0.9999999999998647,1.337502578540154,2.7845382577459596,PTPN6;PPM1D;NANP;DUSP11;SSH1;PTPRJ;BTRC;DUSP18;PPP2R5B;PPM1M;PPP3CA;SGPP1;DUSP28;MTM1;PTPRC;MTMR6;UBLCP1;PTPN22;CTTNBP2NL;MTMR3;ACP6;DUSP22;CTDP1;THTPA;PLPP6;FRA10AC1;DUSP10;PPEF1
gs_ind_0,Dermatan Sulfate Metabolic Process (GO:0030205),3/5,0.06072572167688534,0.9999999999998647,5.478485480506979,15.347363043995708,DSE;CHST14;IDUA
gs_ind_0,Dermatan Sulfate Proteoglycan Biosynthetic Process (GO:0050651),4/7,0.03544154835510565,0.9999999999998647,5.032464406080198,16.807779234629297,CSGALNACT2;DSE;CHST14;CHST12
gs_ind_0,Dermatan Sulfate Proteoglycan Metabolic Process (GO:0050655),3/5,0.06072572167688534,0.9999999999998647,5.478485480506979,15.347363043995708,CSGALNACT2;DSE;CHST14
gs_ind_0,Desensitization Of G Protein-Coupled Receptor Signaling Pathway (GO:0002029),2/5,0.27018544485746365,0.9999999999998647,2.7940199335548175,3.6563850298756777,ARRB2;GRK3
gs_ind_0,Detection Of Bacterium (GO:0016045),1/3,0.49498852941534904,0.9999999999998647,2.3464165464165463,1.650048661813499,NOD1
gs_ind_0,Detection Of Chemical Stimulus Involved In Sensory Perception Of Bitter Taste (GO:0001580),1/4,0.5978508540253882,0.9999999999998647,1.6758743901601045,0.8620931884147255,TAS2R14
gs_ind_0,Detection Of Chemical Stimulus Involved In Sensory Perception Of Taste (GO:0050912),1/4,0.5978508540253882,0.9999999999998647,1.6758743901601045,0.8620931884147255,TAS2R14
gs_ind_0,Detection Of Mechanical Stimulus Involved In Sensory Perception (GO:0050974),1/6,0.7450017490315044,0.9999999999998647,1.0662906117451572,0.31388259496961246,MKKS
gs_ind_0,Detection Of Mechanical Stimulus Involved In Sensory Perception Of Sound (GO:0050910),1/4,0.5978508540253882,0.9999999999998647,1.6758743901601045,0.8620931884147255,MKKS
gs_ind_0,Detection Of Virus (GO:0009597),2/4,0.18640155558523228,0.9999999999998647,3.9119486768243785,6.571494931304808,RIGI;SERINC5
gs_ind_0,Determination Of Bilateral Symmetry (GO:0009855),3/20,0.8050898859562208,0.9999999999998647,0.781678164607733,0.16946887996429236,MKKS;DLL1;NPHP3
gs_ind_0,Determination Of Digestive Tract Left/Right Asymmetry (GO:0071907),1/4,0.5978508540253882,0.9999999999998647,1.6758743901601045,0.8620931884147255,NPHP3
gs_ind_0,Determination Of Heart Left/Right Asymmetry (GO:0061371),5/28,0.701969755260673,0.9999999999998647,0.9148662911638424,0.3237391231243193,SETDB2;DLL1;NPHP3;MKKS;TBX6
gs_ind_0,Determination Of Left/Right Symmetry (GO:0007368),5/31,0.7861685484247343,0.9999999999998647,0.8110966053486885,0.19513692356655,OFD1;RFX3;DLL1;NPHP3;MKKS
gs_ind_0,Depyrimidination (GO:0045008),1/7,0.796950772203989,0.9999999999998647,0.9021719021719021,0.20475907168261248,NEIL2
gs_ind_0,Determination Of Liver Left/Right Asymmetry (GO:0071910),1/4,0.5978508540253882,0.9999999999998647,1.6758743901601045,0.8620931884147255,NPHP3
gs_ind_0,DNA-templated Transcription Initiation (GO:0006352),4/55,0.9980227575878463,0.9999999999998647,0.34066591564569887,0.0006742458904556909,E2F2;GTF2F2;TAF5;RRN3P2
gs_ind_0,DNA-templated Transcription (GO:0006351),28/173,0.93218237547693,0.9999999999998647,0.7636419113932282,0.05362812900297904,TOPORS;HSF2BP;E2F1;GMEB2;KLF13;POLR3GL;GTF2F2;NFKB1;TCEANC2;MNT;TP53;THAP1;TEFM;NFE2L3;PKNOX1;ELL3;CREBL2;PIR;TCEANC;ARRB2;IRF9;ZNF345;GTF2H5;NFKBIB;NR4A2;TAF5;RRAGC;MTERF4
gs_ind_0,"DNA Damage Response, Signal Transduction By P53 Class Mediator (GO:0030330)",8/29,0.2245498210525631,0.9999999999998647,1.5471525361655374,2.31091626215043,E2F7;PAXIP1;GTSE1;TP53;PLK3;CRADD;MYO6;BCL3
gs_ind_0,"DNA Damage Response, Signal Transduction By P53 Class Mediator Resulting In Cell Cycle Arrest (GO:0006977)",4/13,0.26388176960411197,0.9999999999998647,1.8531535869041886,2.4688714984696505,TP53;CRADD;PLK3;GTSE1
gs_ind_0,"DNA Damage Response, Signal Transduction By P53 Class Mediator Resulting In Transcription Of P21 Class Mediator (GO:0006978)",1/7,0.796950772203989,0.9999999999998647,0.9021719021719021,0.20475907168261248,TP53
gs_ind_0,"DNA Damage Response, Signal Transduction Resulting In Transcription (GO:0042772)",1/8,0.8383192836348962,0.9999999999998647,0.7818181818181819,0.1378785183025454,TP53
gs_ind_0,DNA Dealkylation (GO:0035510),1/7,0.796950772203989,0.9999999999998647,0.9021719021719021,0.20475907168261248,ALKBH3
gs_ind_0,DNA Dealkylation Involved In DNA Repair (GO:0006307),1/7,0.796950772203989,0.9999999999998647,0.9021719021719021,0.20475907168261248,ALKBH3
gs_ind_0,DNA Deamination (GO:0045006),4/9,0.09047082961658927,0.9999999999998647,3.2019521162515865,7.693419379716405,CDADC1;APOBEC3G;APOBEC3F;APOBEC3D
gs_ind_0,DNA Double-Strand Break Processing (GO:0000729),4/13,0.26388176960411197,0.9999999999998647,1.8531535869041886,2.4688714984696505,EXD2;SETMAR;HELQ;SLX4
gs_ind_0,DNA Double-Strand Break Processing Involved In Repair Via Single-Strand Annealing (GO:0010792),1/3,0.49498852941534904,0.9999999999998647,2.3464165464165463,1.650048661813499,SLX4
gs_ind_0,DNA Duplex Unwinding (GO:0032508),3/39,0.9917944905062174,0.9999999999998647,0.37419259838816377,0.003083107522847602,DDX12P;DTD1;PURA
gs_ind_0,DNA Geometric Change (GO:0032392),2/28,0.986170347155942,0.9999999999998647,0.3683254906114297,0.005129364658576268,DDX12P;DTD1
gs_ind_0,DNA Integrity Checkpoint Signaling (GO:0031570),9/40,0.4296314964789067,0.9999999999998647,1.1796373267197893,0.9965899623930272,HINFP;ERCC4;E2F1;PARP9;DTX3L;RAD9B;SETMAR;CEP63;UFL1
gs_ind_0,DNA Ligation (GO:0006266),2/6,0.3535944927466926,0.9999999999998647,2.172948409516172,2.2590069951074945,LIG4;XRCC4
gs_ind_0,DNA Metabolic Process (GO:0006259),49/259,0.7427541561629077,0.9999999999998647,0.9180632801376675,0.2730229940450716,TFPT;DFFB;XPA;HELB;DDB2;HINFP;ALKBH3;LIG4;TERF1;TBRG1;ZNF668;PARP3;ZBTB1;CTC1;DMC1;DNASE1L1;RAD51B;PURA;SLX4;NSMCE3;HPF1;INO80B;POLI;PARP2;ERCC4;KIN;LTO1;EXD2;FANCC;INO80C;UVRAG;DNASE1;RRM2B;SETMAR;ALKBH1;NUDT15;TENT4A;ENDOV;TREX1;RAD51D;INO80D;THAP9;DCLRE1C;FAM111A;RAD9B;CENPS;NT5M;GLRX2;MUTYH
gs_ind_0,DNA-templated Transcription Elongation (GO:0006354),6/25,0.4011803929197172,0.9999999999998647,1.3038381242974144,1.1908528518924364,EAF2;CTDP1;PEX2;LEO1;GTF2F2;ELL3
gs_ind_0,DNA Methylation (GO:0006306),4/14,0.31435549997761164,0.9999999999998647,1.676525208061077,1.9401265540223827,BEND3;METTL4;PPM1D;PICK1
gs_ind_0,DNA Methylation-Dependent Heterochromatin Formation (GO:0006346),1/7,0.796950772203989,0.9999999999998647,0.9021719021719021,0.20475907168261248,SIRT1
gs_ind_0,DNA Modification (GO:0006304),4/17,0.4663751333137939,0.9999999999998647,1.3036430749478414,0.9943732599893775,PARP3;PARP2;MUTYH;NEIL2
gs_ind_0,DNA Recombination (GO:0006310),8/39,0.5543717516109412,0.9999999999998647,1.0551257623409318,0.622439563382301,LIG4;THAP9;RAD54B;DMC1;HDAC10;RAD51B;RAD51D;TREX1
gs_ind_0,DNA Repair,17/140,0.9962580681340507,0.9999999999998647,0.551478336329263,0.0020674649334698654,RBX1;TK2;UPF3B;ELL;TP53;ERCC4;COX17;HCLS1;SNAPC4;ZNF707;CMPK2;RRM2B;GTF2H5;ADA;POLR3GL;SURF1;DDB2
gs_ind_0,DNA Repair (GO:0006281),49/262,0.7717695349021715,0.9999999999998647,0.9049365667927818,0.23444128602159858,XPA;NEIL2;RNASEH2C;FANCF;ATXN3;DDB2;HINFP;ALKBH3;LIG4;TP53;EME1;PARP9;DTX3L;ZNF668;MPND;PARP3;ZBTB1;COMMD1;FAAP24;EME2;RAD51B;TRAIP;SLX4;PRIMPOL;NSMCE3;HPF1;POLI;PARP2;POLN;ERCC4;EXD2;FANCC;UVRAG;RRM2B;GTF2H5;ALKBH1;TENT4A;ENDOV;TREX1;RAD51D;SIRT1;DCLRE1C;VCPIP1;FAM111A;RAD9B;XRCC4;BRCA2;CENPS;MUTYH
gs_ind_0,DNA Repair-Dependent Chromatin Remodeling (GO:0140861),3/16,0.6615859657744176,0.9999999999998647,1.0136192666274488,0.4187416761244309,DTX3L;HPF1;PARP2
gs_ind_0,DNA Replication (GO:0006260),6/66,0.9959643612879879,0.9999999999998647,0.418830552632033,0.0016936686125786913,TBRG1;KIN;FAM111A;HELB;NT5M;TREX1
gs_ind_0,DNA Replication Checkpoint Signaling (GO:0000076),2/16,0.8669156603053907,0.9999999999998647,0.6738102480435805,0.09622925683039828,RAD9B;ZNF830
gs_ind_0,DNA Replication Initiation (GO:0006270),1/20,0.9895100286579079,0.9999999999998647,0.3004033004033004,0.003167866629969656,PURA
gs_ind_0,DNA Synthesis Involved In DNA Repair (GO:0000731),6/23,0.3212421553592512,0.9999999999998647,1.4530867879510885,1.650067323287437,PRIMPOL;SIRT1;POLI;POLN;RRM2B;ZBTB1
gs_ind_0,DNA Unwinding Involved In DNA Replication (GO:0006268),1/19,0.9868233624880947,0.9999999999998647,0.3166673166673167,0.004200344831304321,PURA
gs_ind_0,DNA replication,1/33,0.99945959631085,0.9999999999998647,0.18004958004958005,9.732575725702703e-05,RNASEH2C
gs_ind_0,DNA-templated DNA Replication (GO:0006261),5/66,0.9988308772288054,0.9999999999998647,0.3484919084220542,0.00040766817925122685,PRIMPOL;TEFM;HELB;RRM2B;PURA
gs_ind_0,DNA-templated DNA Replication Maintenance Of Fidelity (GO:0045005),9/40,0.4296314964789067,0.9999999999998647,1.1796373267197893,0.9965899623930272,ETAA1;PRIMPOL;EME1;EXD2;FAM111A;CENPS;SETMAR;EME2;TRAIP
gs_ind_0,DNA Methylation Involved In Embryo Development (GO:0043045),1/3,0.49498852941534904,0.9999999999998647,2.3464165464165463,1.650048661813499,PICK1
gs_ind_0,Development Of Primary Male Sexual Characteristics (GO:0046546),1/24,0.995787107437436,0.9999999999998647,0.2491889513166109,0.0010520238707154806,WNT2B
gs_ind_0,Diabetic cardiomyopathy,9/149,0.9999998077181451,0.9999999999998647,0.2621044207399916,5.039792903815457e-08,CAMK2D;TBC1D4;PLCB2;TGFB3;PDK2;INSR;PIK3R1;PIK3R3;NFKB1
gs_ind_0,Diacylglycerol Metabolic Process (GO:0046339),4/14,0.31435549997761164,0.9999999999998647,1.676525208061077,1.9401265540223827,DGKE;DGKQ;DGKH;DGKA
gs_ind_0,Early Endosome To Late Endosome Transport (GO:0045022),6/20,0.2077528450633598,0.9999999999998647,1.7541573680800517,2.7564936774812905,WDR91;STX8;ATG14;KIF16B;SNX16;PXK
gs_ind_0,Ectoderm Development (GO:0007398),1/6,0.7450017490315044,0.9999999999998647,1.0662906117451572,0.31388259496961246,SMURF1
gs_ind_0,Elastic Fiber Assembly (GO:0048251),1/3,0.49498852941534904,0.9999999999998647,2.3464165464165463,1.650048661813499,EFEMP2
gs_ind_0,Electron Transport Chain (GO:0022900),1/11,0.9183821192811181,0.9999999999998647,0.5583041297327012,0.04753497558033882,ETFRF1
gs_ind_0,Embryo Development Ending In Birth Or Egg Hatching (GO:0009792),1/10,0.8974937817113968,0.9999999999998647,0.6171236171236171,0.06674135581913541,OSR2
gs_ind_0,Embryonic Appendage Morphogenesis (GO:0035113),1/8,0.8383192836348962,0.9999999999998647,0.7818181818181819,0.1378785183025454,FBXW4
gs_ind_0,Embryonic Axis Specification (GO:0000578),1/13,0.948259129620717,0.9999999999998647,0.4688985088985089,0.02491139174442143,CXXC4
gs_ind_0,Embryonic Digit Morphogenesis (GO:0042733),1/10,0.8974937817113968,0.9999999999998647,0.6171236171236171,0.06674135581913541,OSR2
gs_ind_0,Embryonic Forelimb Morphogenesis (GO:0035115),1/7,0.796950772203989,0.9999999999998647,0.9021719021719021,0.20475907168261248,OSR2
gs_ind_0,Embryonic Heart Tube Morphogenesis (GO:0003143),5/29,0.7323401659236473,0.9999999999998647,0.8774527309719843,0.27333544537153315,SETDB2;DLL1;NPHP3;MKKS;TBX6
gs_ind_0,Embryonic Hemopoiesis (GO:0035162),2/11,0.6886104060141844,0.9999999999998647,1.028869286287089,0.38385015860250277,FLT3LG;HSCB
gs_ind_0,Embryonic Hindlimb Morphogenesis (GO:0035116),1/3,0.49498852941534904,0.9999999999998647,2.3464165464165463,1.650048661813499,OSR2
gs_ind_0,Embryonic Limb Morphogenesis (GO:0030326),2/22,0.9558870236074068,0.9999999999998647,0.4763627828740196,0.021491368499665764,FBXW4;OSR2
gs_ind_0,Embryonic Organ Development (GO:0048568),5/51,0.9864159625873807,0.9999999999998647,0.46147830905390497,0.006311705558644024,TFEB;FLT3LG;HEY1;UTP25;PBX4
gs_ind_0,Ear Morphogenesis (GO:0042471),2/17,0.8887155005535027,0.9999999999998647,0.6302868820653439,0.07436005923900754,MYO6;OSR2
gs_ind_0,Embryonic Organ Morphogenesis (GO:0048562),3/25,0.90914149796547,0.9999999999998647,0.6077223380929462,0.05788830786762473,FUZ;HOXB4;OSR2
gs_ind_0,Embryonic Skeletal Joint Development (GO:0072498),1/4,0.5978508540253882,0.9999999999998647,1.6758743901601045,0.8620931884147255,OSR2
gs_ind_0,Embryonic Skeletal System Development (GO:0048706),3/21,0.8317210846862813,0.9999999999998647,0.7393645851852173,0.13623393520139163,FUZ;HOXB4;OSR2
gs_ind_0,Embryonic Skeletal System Morphogenesis (GO:0048704),3/23,0.8756878983937938,0.9999999999998647,0.6671218886101904,0.08855744994639804,FUZ;HOXB4;OSR2
gs_ind_0,Endocardial Cushion Development (GO:0003197),2/13,0.7760853855691137,0.9999999999998647,0.84979603221645,0.21541711776620684,HEY1;BMPR2
gs_ind_0,Endocardial Cushion Morphogenesis (GO:0003203),1/11,0.9183821192811181,0.9999999999998647,0.5583041297327012,0.04753497558033882,HEY1
gs_ind_0,Endochondral Bone Morphogenesis (GO:0060350),1/8,0.8383192836348962,0.9999999999998647,0.7818181818181819,0.1378785183025454,BMPR2
gs_ind_0,Endocrine and other factor-regulated calcium reabsorption,2/28,0.986170347155942,0.9999999999998647,0.3683254906114297,0.005129364658576268,PLCB2;DNM1
gs_ind_0,Endocytic Recycling (GO:0032456),7/49,0.8962378336192279,0.9999999999998647,0.6891849751948972,0.07549984319788793,VAMP4;EHD4;STX12;DENND1B;STX6;CCDC93;VTI1A
gs_ind_0,Endocytosis,30/208,0.9894988310678932,0.9999999999998647,0.6647522579188658,0.007017587021115543,RUFY2;CHMP6;CBLB;CHMP2B;PIP5K1B;ACAP1;RAB22A;CYTH1;ZFYVE27;ZFYVE16;GRK3;NEDD4;EHD4;WIPF2;SMURF2;AGAP2;VPS37C;CHMP1B;SMURF1;ARRB2;PLD1;ZFYVE9;RAB4A;VPS4B;PARD6B;RAB11FIP2;WASL;GRK5;ARAP2;DNM1
gs_ind_0,Endocytosis (GO:0006897),17/127,0.9846030079597812,0.9999999999998647,0.6170217420632171,0.009574176222942685,RAB22A;TBC1D2B;EHD4;INSR;DENND1B;MST1R;SNX18;RAB11FIP2;RINL;CORO1A;RHOQ;ZFYVE9;LRP3;RAB34;MYO6;RHOV;DNM1
gs_ind_0,Endoderm Development (GO:0007492),1/10,0.8974937817113968,0.9999999999998647,0.6171236171236171,0.06674135581913541,KIF16B
gs_ind_0,Endoderm Formation (GO:0001706),1/21,0.9916490336667981,0.9999999999998647,0.28572601743333453,0.002396107241114433,ITGA7
gs_ind_0,Endodermal Cell Differentiation (GO:0035987),3/19,0.7749900719826985,0.9999999999998647,0.8291206627481295,0.21134705233127382,LEO1;ITGA7;PEX2
gs_ind_0,Endodermal Cell Fate Commitment (GO:0001711),2/4,0.18640155558523228,0.9999999999998647,3.9119486768243785,6.571494931304808,LEO1;PEX2
gs_ind_0,Embryonic Placenta Development (GO:0001892),1/5,0.6797672063173691,0.9999999999998647,1.3033509700176367,0.5030998387884896,TFEB
gs_ind_0,ESCRT III Complex Disassembly (GO:1904903),3/8,0.21111686342347444,0.9999999999998647,2.4896080976620043,3.8721956321797006,CHMP1B;VPS4B;CHMP2B
gs_ind_0,ESCRT Complex Disassembly (GO:1904896),3/8,0.21111686342347444,0.9999999999998647,2.4896080976620043,3.8721956321797006,CHMP1B;VPS4B;CHMP2B
gs_ind_0,ERBB2-EGFR Signaling Pathway (GO:0038134),1/3,0.49498852941534904,0.9999999999998647,2.3464165464165463,1.650048661813499,ERBB2
gs_ind_0,Dicarboxylic Acid Biosynthetic Process (GO:0043650),1/6,0.7450017490315044,0.9999999999998647,1.0662906117451572,0.31388259496961246,KYNU
gs_ind_0,Dicarboxylic Acid Metabolic Process (GO:0043648),6/38,0.8148382245634537,0.9999999999998647,0.7814678015095552,0.16001778805035846,DHFR2;NIT2;ME1;L2HGDH;PHYH;ADHFE1
gs_ind_0,Dilated cardiomyopathy,6/43,0.8964279734123559,0.9999999999998647,0.6769937369519833,0.07402068840184206,ITGB8;CACNB3;ITGA7;CACNB1;DAG1;TGFB3
gs_ind_0,Diol Biosynthetic Process (GO:0034312),4/13,0.26388176960411197,0.9999999999998647,1.8531535869041886,2.4688714984696505,GCH1;SPHK2;SPTSSA;ACER3
gs_ind_0,Diol Metabolic Process (GO:0034311),2/4,0.18640155558523228,0.9999999999998647,3.9119486768243785,6.571494931304808,SPHK2;SGPP1
gs_ind_0,Diterpenoid Metabolic Process (GO:0016101),4/12,0.2151327165692436,0.9999999999998647,2.071341584298621,3.1826166651852184,ALDH3A2;NAPEPLD;PECR;E2F1
gs_ind_0,Dolichol Metabolic Process (GO:0019348),3/13,0.5117635076996409,0.9999999999998647,1.3035456441520936,0.8732356585687845,ALG14;ALG12;ALG6
gs_ind_0,Dolichol-Linked Oligosaccharide Biosynthetic Process (GO:0006488),3/14,0.5656020552601939,0.9999999999998647,1.1900961920772326,0.6781936079104792,ALG14;ALG12;ALG6
gs_ind_0,Dopamine Catabolic Process (GO:0042420),1/2,0.36582651410140676,0.9999999999998647,3.911014911014911,3.9329011974146835,MOXD1
gs_ind_0,Dopamine Metabolic Process (GO:0042417),2/11,0.6886104060141844,0.9999999999998647,1.028869286287089,0.38385015860250277,GCH1;MOXD1
gs_ind_0,Dopaminergic Neuron Differentiation (GO:0071542),1/11,0.9183821192811181,0.9999999999998647,0.5583041297327012,0.04753497558033882,NR4A2
gs_ind_0,Dopaminergic synapse,11/78,0.9409516282375305,0.9999999999998647,0.6648472825407038,0.040464962734409124,CAMK2D;CREB3L4;ITPR2;GNG7;ARRB2;PPP2R3C;GNAI3;PPP2R5B;CREB3;PPP3CA;PLCB2
gs_ind_0,Dorsal Aorta Development (GO:0035907),1/4,0.5978508540253882,0.9999999999998647,1.6758743901601045,0.8620931884147255,HEY1
gs_ind_0,Dorsal Aorta Morphogenesis (GO:0035912),1/4,0.5978508540253882,0.9999999999998647,1.6758743901601045,0.8620931884147255,HEY1
gs_ind_0,Dorsal/Ventral Pattern Formation (GO:0009953),1/18,0.9834488709535161,0.9999999999998647,0.3347900776472205,0.005587522300482694,FBXL15
gs_ind_0,Dosage Compensation (GO:0007549),1/9,0.8712616767850634,0.9999999999998647,0.689782983900631,0.09506100349519497,RBM15B
gs_ind_0,Dosage Compensation By Inactivation Of X Chromosome (GO:0009048),1/10,0.8974937817113968,0.9999999999998647,0.6171236171236171,0.06674135581913541,RBM15B
gs_ind_0,ERBB2 Signaling Pathway (GO:0038128),1/8,0.8383192836348962,0.9999999999998647,0.7818181818181819,0.1378785183025454,ERBB2
gs_ind_0,ERBB Signaling Pathway (GO:0038127),4/36,0.9531554129382288,0.9999999999998647,0.5406688641161439,0.02593983826276446,BCAR1;KIF16B;NCK2;MVP
gs_ind_0,ERAD Pathway (GO:0036503),14/85,0.8488905834410388,0.9999999999998647,0.7918918949348832,0.12973167223409787,SELENOS;DERL3;TRIM13;RNF185;DNAJB9;ERLIN1;TMUB2;FBXO17;UGGT2;ATXN3;DERL2;DNAJB2;RNF103;TMEM67
gs_ind_0,ER-associated Misfolded Protein Catabolic Process (GO:0071712),2/9,0.5747801384335589,0.9999999999998647,1.303448275862069,0.7218075267435339,UGGT2;RNF185
gs_ind_0,ER Overload Response (GO:0006983),3/6,0.10336734907900555,0.9999999999998647,3.912883041873897,8.880155572158289,SELENOS;EIF2AK3;TP53
gs_ind_0,ECM-receptor interaction,5/41,0.9405887825087762,0.9999999999998647,0.5883945399006415,0.03603871570088686,ITGB8;ITGA7;THBS3;SDC1;DAG1
gs_ind_0,Endomembrane System Organization (GO:0010256),26/154,0.8825359518870936,0.9999999999998647,0.8046034769778984,0.10053983278685039,EIF2AK3;CHMP2B;RAB22A;PI4K2B;BCAS3;DOP1B;OPTN;SNX10;RAB2B;ATP8B3;GOLGA8A;FAM174B;UBXN2A;ALS2;PLEKHF1;TMCC1;HACE1;RAB30;UBXN2B;RAB43;EXOC8;COG6;BNIP1;ATL1;AKTIP;DNM1
gs_ind_0,E2F Targets,12/189,0.999999985729433,0.9999999999998647,0.27241000305938606,3.887445214344341e-09,STAG1;PPM1D;DCK;TP53;E2F8;CCP110;BRMS1L;BRCA2;PSMC3IP;DSCC1;MXD3;PNN
gs_ind_0,Double-Strand Break Repair Via Synthesis-Dependent Strand Annealing (GO:0045003),2/5,0.27018544485746365,0.9999999999998647,2.7940199335548175,3.6563850298756777,DMC1;HELQ
gs_ind_0,Double-Strand Break Repair Via Single-Strand Annealing (GO:0045002),1/3,0.49498852941534904,0.9999999999998647,2.3464165464165463,1.650048661813499,SLX4
gs_ind_0,Double-Strand Break Repair Via Nonhomologous End Joining (GO:0006303),8/37,0.48932669222119185,0.9999999999998647,1.1268449192035015,0.8053841563624821,LIG4;ERCC4;DCLRE1C;UVRAG;XRCC4;POLM;HELQ;SETMAR
gs_ind_0,Double-Strand Break Repair Via Homologous Recombination (GO:0000724),17/101,0.8436914850701949,0.9999999999998647,0.8086101588240062,0.13743816701749226,AP5S1;NSMCE3;ERCC4;SWSAP1;POLN;KDM4D;RAD54B;EXD2;SLF2;BRCA2;HELQ;SFR1;RAD51B;AP5Z1;SLX4;RAD51D;MBTD1
gs_ind_0,Double-Strand Break Repair Via Classical Nonhomologous End Joining (GO:0097680),2/5,0.27018544485746365,0.9999999999998647,2.7940199335548175,3.6563850298756777,LIG4;UVRAG
gs_ind_0,Double-Strand Break Repair (GO:0006302),32/152,0.44831660628070025,0.9999999999998647,1.05503385018563,0.8464067994365745,SLF2;POLM;AP5Z1;LIG4;AP5S1;EME1;PARP9;DTX3L;MPND;PARP3;HELQ;ANKLE1;EME2;RAD51B;SLX4;NSMCE3;HPF1;PARP2;ERCC4;POLN;SWSAP1;EXD2;SETMAR;TENT4A;SFR1;RAD51D;RAD54B;DCLRE1C;KDM4D;XRCC4;BRCA2;MBTD1
gs_ind_0,Drug metabolism,2/41,0.9989979950267719,0.9999999999998647,0.24684051851024738,0.0002474594256438297,RRM2B;TK2
gs_ind_0,DNA Damage Response (GO:0006974),66/332,0.6097269085776054,0.9999999999998647,0.9750380257515212,0.4823943231084744,ETAA1;TOPORS;ZC3H12A;XPA;ALKBH8;E2F1;BRSK1;SLF2;FANCF;ING2;HELB;IRF7;USP51;BCL3;TRAPPC13;DDB2;HINFP;ALKBH3;MAP2K6;TP53;SHLD1;DTX3L;ZNF668;MOAP1;BCL2L2;STXBP4;ZBTB1;UBE2E2;CDKN2AIP;ANKLE1;IKBKE;FLYWCH1;RAD51B;TRAIP;SLX4;FOXO1;NSMCE3;POLI;PARP2;HPF1;KIN;ERCC4;FANCC;UVRAG;BCL2;RRM2B;CRADD;ZBTB4;ALKBH1;HIC1;TENT4A;ENDOV;PLK3;RAD51D;TREX1;SIRT1;RBX1;SUSD6;VCPIP1;NRDE2;FAM111A;RAD9B;CENPS;CEP63;IER3;MUTYH
gs_ind_0,Filopodium Assembly (GO:0046847),2/11,0.6886104060141844,0.9999999999998647,1.028869286287089,0.38385015860250277,S1PR2;SRGAP3
gs_ind_0,Focal Adhesion Assembly (GO:0048041),2/16,0.8669156603053907,0.9999999999998647,0.6738102480435805,0.09622925683039828,WHAMM;TESK2
gs_ind_0,Histone Monoubiquitination (GO:0010390),2/11,0.6886104060141844,0.9999999999998647,1.028869286287089,0.38385015860250277,BRCA2;RNF20
gs_ind_0,Histone Ubiquitination (GO:0016574),1/7,0.796950772203989,0.9999999999998647,0.9021719021719021,0.20475907168261248,RNF20
gs_ind_0,Histone mRNA Catabolic Process (GO:0071044),2/12,0.7354204812815023,0.9999999999998647,0.9308053614388819,0.2860484576995813,TUT1;TENT4B
gs_ind_0,Histone mRNA Metabolic Process (GO:0008334),4/21,0.6453026935758588,0.9999999999998647,1.0053373684572529,0.4403737382587221,LSM11;TUT1;TENT4B;MBLAC1
gs_ind_0,Homologous Chromosome Pairing At Meiosis (GO:0007129),2/14,0.8111659406206002,0.9999999999998647,0.7817481956696071,0.1636063210775793,ZCWPW1;PSMC3IP
gs_ind_0,Homologous Chromosome Segregation (GO:0045143),2/8,0.5073711921876385,0.9999999999998647,1.5041021528591696,1.0205519747850815,ZCWPW1;PSMC3IP
gs_ind_0,Homologous Recombination (GO:0035825),1/8,0.8383192836348962,0.9999999999998647,0.7818181818181819,0.1378785183025454,HDAC10
gs_ind_0,Homologous recombination,5/36,0.8839016294427622,0.9999999999998647,0.6820708055256137,0.08417401806171079,RAD54B;EME1;BRCA2;RAD51B;RAD51D
gs_ind_0,Homophilic Cell Adhesion Via Plasma Membrane Adhesion Molecules (GO:0007156),2/20,0.9357767052616436,0.9999999999998647,0.527948156657058,0.03504435060623528,CD84;ESAM
gs_ind_0,Host-Mediated Regulation Of Intestinal Microbiota Composition (GO:0048874),1/1,0.2036432488900496,0.9999999999998647,11.734006734006734,18.67332929974073,NAPEPLD
gs_ind_0,Human T-cell leukemia virus 1 infection,23/176,0.9957516822140751,0.9999999999998647,0.5954937038823386,0.002535235557924513,CREB3L4;NFATC4;E2F1;PIK3R1;NFKB1;ZFP36;MAP3K14;CCNE2;TP53;RELB;TNFRSF13C;PPP3CA;NFKB2;TGFB3;KAT2B;FOSL1;HLA-DMA;PIK3R3;RB1;CRTC1;ELK4;CREB3;E2F2
gs_ind_0,Human cytomegalovirus infection,23/160,0.9801966445700332,0.9999999999998647,0.6656706251926662,0.013314790257033861,CREB3L4;NFATC4;E2F1;PIK3R1;GNAI3;CCL5;NFKB1;PLCB2;MAP2K6;GNG7;TP53;PPP3CA;SOS2;BCAR1;ITPR2;TRADD;PIK3R3;RB1;TAP2;CREB3;TRAF5;E2F2;AKAP13
gs_ind_0,Human immunodeficiency virus 1 infection,23/155,0.9692891604840264,0.9999999999998647,0.6910766568462872,0.021556270662445906,NFATC4;APOBEC3G;PIK3R1;GNAI3;CFL2;NFKB1;MAP2K6;GNG7;BTRC;BAD;AP1S3;PPP3CA;APOBEC3F;ITPR2;MAP2K3;BCL2;TRADD;PIK3R3;RBX1;TAP2;APOBEC3D;TRAF5;LIMK2
gs_ind_0,Human papillomavirus infection,31/228,0.9970661205771886,0.9999999999998647,0.6197195394101843,0.0018208547968259286,MX1;CREB3L4;E2F1;PIK3R1;PALS1;NFKB1;TICAM1;MAML2;CCNE2;TP53;WNT2B;BAD;PPP2R5B;THBS3;ATP6V1G2;IKBKE;ATP6V1E2;SOS2;ITGB8;FOXO1;HEY1;IRF9;PPP2R3C;TRADD;FZD2;PIK3R3;RB1;DLG2;ITGA7;PARD6B;CREB3
gs_ind_0,Histone Modification (GO:0016570),6/73,0.9986795567031943,0.9999999999998647,0.3751797726745535,0.0004957309803262816,ING4;SIRT1;KAT14;BRMS1L;KAT2B;MBTD1
gs_ind_0,Huntington disease,15/232,0.999999999380997,0.9999999999998647,0.27501457839287796,1.7023483812120034e-10,ERN1;ULK1;CREB3L4;ATG2B;BBC3;TP53;DNAL1;ATG14;CREB3;WIPI1;DLG4;DNAH7;MAP3K5;PLCB2;MAP3K10
gs_ind_0,Hypoxia,15/136,0.998716127279944,0.9999999999998647,0.49625493856985775,0.0006375375239693443,SAP30;ZFP36;PLAUR;TNFAIP3;MAFF;HMOX1;GLRX;TIPARP;BCL2;PFKFB3;CCNG2;IER3;ENO3;TGFB3;TMEM45A
gs_ind_0,IL-17 signaling pathway,9/54,0.7983102767494364,0.9999999999998647,0.815732250389058,0.18375016559693147,FOSL1;TNFAIP3;MAPK7;TRADD;TRAF5;IKBKE;IL17RA;NFKB1;FOSB
gs_ind_0,IL-2/STAT5 Signaling,25/138,0.7752723015472803,0.9999999999998647,0.877369469635982,0.22332646225464262,ADAM19;ENO3;CD83;LRRC8C;PHLDA1;FLT3LG;MAFF;P2RX4;PLAGL1;IKZF2;ANXA4;MAP3K8;TNFSF10;LTB;BCL2;EEF1AKMT1;SOCS1;CKAP4;GADD45B;AMACR;IFNGR1;GABARAPL1;BMPR2;RGS16;SYT11
gs_ind_0,IL-6/JAK/STAT3 Signaling,10/52,0.6350955759891722,0.9999999999998647,0.9657898470531483,0.4384490604049165,IL9R;HMOX1;IRF9;IFNGR1;LTB;IL7;IL12RB1;IL17RA;SOCS1;MAP3K8
gs_ind_0,IRE1-mediated Unfolded Protein Response (GO:0036498),1/4,0.5978508540253882,0.9999999999998647,1.6758743901601045,0.8620931884147255,ERN1
gs_ind_0,ISG15-protein Conjugation (GO:0032020),2/4,0.18640155558523228,0.9999999999998647,3.9119486768243785,6.571494931304808,UBE2L6;UBE2E2
gs_ind_0,Icosanoid Biosynthetic Process (GO:0046456),1/5,0.6797672063173691,0.9999999999998647,1.3033509700176367,0.5030998387884896,PYCARD
gs_ind_0,Icosanoid Metabolic Process (GO:0006690),6/22,0.2820850843655783,0.9999999999998647,1.5412791801100778,1.9505605273096753,PYCARD;ABHD6;ALOX5;ABHD12;MGLL;PLA2G4C
gs_ind_0,Immune Response-Activating Cell Surface Receptor Signaling Pathway (GO:0002429),3/8,0.21111686342347444,0.9999999999998647,2.4896080976620043,3.8721956321797006,SH2B2;BCAR1;GPLD1
gs_ind_0,Immune Response-Regulating Cell Surface Receptor Signaling Pathway (GO:0002768),1/7,0.796950772203989,0.9999999999998647,0.9021719021719021,0.20475907168261248,FGR
gs_ind_0,Immunoglobulin Mediated Immune Response (GO:0016064),2/11,0.6886104060141844,0.9999999999998647,1.028869286287089,0.38385015860250277,IL9R;HLA-DMA
gs_ind_0,Immunoglobulin Production Involved In Immunoglobulin-Mediated Immune Response (GO:0002381),3/10,0.3332097623755485,0.9999999999998647,1.8254131236964544,2.0060981191955864,SHLD1;TRAPPC13;HLA-DMA
gs_ind_0,Immunoglobulin V(D)J Recombination (GO:0033152),2/5,0.27018544485746365,0.9999999999998647,2.7940199335548175,3.6563850298756777,LIG4;XRCC4
gs_ind_0,Immunological Synapse Formation (GO:0001771),1/3,0.49498852941534904,0.9999999999998647,2.3464165464165463,1.650048661813499,CORO1A
gs_ind_0,Hypertrophic cardiomyopathy,7/41,0.7575439420240626,0.9999999999998647,0.8495547407019381,0.23589903709524157,ITGB8;CACNB3;PRKAB2;ITGA7;CACNB1;DAG1;TGFB3
gs_ind_0,Import Into Cell (GO:0098657),2/23,0.9635250355325129,0.9999999999998647,0.4541690755487589,0.016875472921124977,SLC27A1;LRRC8C
gs_ind_0,Histone Lysine Methylation (GO:0034968),7/31,0.44920110650167155,0.9999999999998647,1.1972953036636342,0.9581769846126265,SETDB2;HCFC2;PAXIP1;BOD1;PAGR1;WDR5B;SETD1B
gs_ind_0,Histone H4-K8 Acetylation (GO:0043982),1/14,0.958804759543803,0.9999999999998647,0.43412965635187856,0.018262884928106907,ING4
gs_ind_0,Hepatitis B,23/129,0.7941794469600446,0.9999999999998647,0.8616429726428976,0.19856203821614046,CREB3L4;NFATC4;E2F1;PIK3R1;IFIH1;IRF7;NFKB1;DDB2;TICAM1;MAP2K6;CCNE2;TP53;TIRAP;BAD;IKBKE;TGFB3;SOS2;MAP2K3;BCL2;PIK3R3;RB1;CREB3;E2F2
gs_ind_0,Hepatitis C,19/105,0.7544358861329947,0.9999999999998647,0.8806122078016505,0.24814329308929212,MX1;EIF2AK3;E2F1;PIK3R1;IRF7;OAS3;NFKB1;IFIT1;TICAM1;TP53;RNASEL;BAD;IKBKE;SOS2;IRF9;TRADD;PIK3R3;RB1;E2F2
gs_ind_0,Hepatocellular carcinoma,14/132,0.9990864704986503,0.9999999999998647,0.4759562964034818,0.00043499884052034145,GADD45B;SOS2;TP53;E2F1;WNT2B;HMOX1;TGFB3;PIK3R1;BAD;RB1;FZD2;E2F2;PIK3R3;DDB2
gs_ind_0,Hepatocyte Differentiation (GO:0070365),2/5,0.27018544485746365,0.9999999999998647,2.7940199335548175,3.6563850298756777,E2F7;E2F8
gs_ind_0,Heterochromatin Formation (GO:0031507),4/27,0.8297302243867123,0.9999999999998647,0.7482867064813202,0.13967120219120238,SIRT1;PPM1D;NRDE2;RB1
gs_ind_0,Heterochromatin Organization (GO:0070828),4/32,0.9149494261049113,0.9999999999998647,0.6167549350024073,0.05482117966687333,SIRT1;PPM1D;SETDB2;RB1
gs_ind_0,Heterocycle Biosynthetic Process (GO:0018130),2/7,0.4333076099965977,0.9999999999998647,1.7777210760370343,1.486721268820039,GCH1;PYCR3
gs_ind_0,Heterotypic Cell-Cell Adhesion (GO:0034113),3/16,0.6615859657744176,0.9999999999998647,1.0136192666274488,0.4187416761244309,CTNNA3;ITGA7;NINJ1
gs_ind_0,Hexose Biosynthetic Process (GO:0019319),2/28,0.986170347155942,0.9999999999998647,0.3683254906114297,0.005129364658576268,PER2;ENO3
gs_ind_0,Hexose Catabolic Process (GO:0019320),1/3,0.49498852941534904,0.9999999999998647,2.3464165464165463,1.650048661813499,GALT
gs_ind_0,Hexose Metabolic Process (GO:0019318),8/36,0.45581636799708397,0.9999999999998647,1.1664791901012372,0.9164621672340194,H6PD;GALT;GHRL;GDPGP1;KHK;FUOM;PPARD;FUCA1
gs_ind_0,Hexose Transmembrane Transport (GO:0008645),2/12,0.7354204812815023,0.9999999999998647,0.9308053614388819,0.2860484576995813,SLC2A11;SLC2A8
gs_ind_0,High-Density Lipoprotein Particle Remodeling (GO:0034375),1/7,0.796950772203989,0.9999999999998647,0.9021719021719021,0.20475907168261248,LIPC
gs_ind_0,Hindlimb Morphogenesis (GO:0035137),1/3,0.49498852941534904,0.9999999999998647,2.3464165464165463,1.650048661813499,OSR2
gs_ind_0,Histone Lysine Demethylation (GO:0070076),1/5,0.6797672063173691,0.9999999999998647,1.3033509700176367,0.5030998387884896,KDM6B
gs_ind_0,Hippo Signaling (GO:0035329),3/14,0.5656020552601939,0.9999999999998647,1.1900961920772326,0.6781936079104792,STK3;SAV1;LATS2
gs_ind_0,Histidine metabolism,1/8,0.8383192836348962,0.9999999999998647,0.7818181818181819,0.1378785183025454,ALDH3A2
gs_ind_0,Histone Acetylation (GO:0016573),8/56,0.9077156851386932,0.9999999999998647,0.6843303276339353,0.06625964857775198,SGF29;ATXN7;TADA2B;KAT14;MBIP;TAF5;KAT2B;MBTD1
gs_ind_0,Histone Deacetylation (GO:0016575),3/32,0.9716258792616584,0.9999999999998647,0.46325054997049603,0.013334410668409713,SIRT1;ELK4;BRMS1L
gs_ind_0,Histone Deubiquitination (GO:0016578),6/34,0.7184846430598026,0.9999999999998647,0.8914405010438413,0.2947199885147594,SGF29;ATXN7;TADA2B;MPND;TAF5;KAT2B
gs_ind_0,Histone H2A Acetylation (GO:0043968),1/19,0.9868233624880947,0.9999999999998647,0.3166673166673167,0.004200344831304321,MBTD1
gs_ind_0,Histone H2A K63-linked Deubiquitination (GO:0070537),1/7,0.796950772203989,0.9999999999998647,0.9021719021719021,0.20475907168261248,MPND
gs_ind_0,Histone H2A Monoubiquitination (GO:0035518),1/14,0.958804759543803,0.9999999999998647,0.43412965635187856,0.018262884928106907,BRCA2
gs_ind_0,Histone H2A Ubiquitination (GO:0033522),1/10,0.8974937817113968,0.9999999999998647,0.6171236171236171,0.06674135581913541,BRCA2
gs_ind_0,Histone H3 Acetylation (GO:0043966),6/36,0.7704178691463934,0.9999999999998647,0.8328484889968856,0.21722539526576418,SGF29;TADA2B;KAT14;MBIP;TAF5;KAT2B
gs_ind_0,Histone H3-K14 Acetylation (GO:0044154),4/10,0.12731015554677688,0.9999999999998647,2.7091218843746527,5.583849680727797,MBIP;SGF29;KAT14;KAT2B
gs_ind_0,Histone H3-K4 Methylation (GO:0051568),6/25,0.4011803929197172,0.9999999999998647,1.3038381242974144,1.1908528518924364,HCFC2;PAXIP1;BOD1;PAGR1;WDR5B;SETD1B
gs_ind_0,Histone H4 Acetylation (GO:0043967),3/35,0.9831965010933547,0.9999999999998647,0.4203852941539449,0.007123966662712389,ING4;MSL2;MBTD1
gs_ind_0,Histone H4-K16 Acetylation (GO:0043984),1/10,0.8974937817113968,0.9999999999998647,0.6171236171236171,0.06674135581913541,MSL2
gs_ind_0,Histone H4-K5 Acetylation (GO:0043981),1/14,0.958804759543803,0.9999999999998647,0.43412965635187856,0.018262884928106907,ING4
gs_ind_0,Hippo signaling pathway,18/121,0.951679868215139,0.9999999999998647,0.6970236468095148,0.03452119296307664,BBC3;BTRC;AMOT;WNT2B;DLG2;PARD6B;FZD2;WWC1;STK3;BMPR2;DLG4;RASSF4;SAV1;SMAD7;PALS1;CTNNA3;TGFB3;LATS2
gs_ind_0,Import Into Nucleus (GO:0051170),7/66,0.988487140543954,0.9999999999998647,0.4915865141237218,0.00569239757415747,KPNA5;RANGRF;RANBP6;SYK;STK3;BCL3;APPL1
gs_ind_0,In Utero Embryonic Development (GO:0001701),5/18,0.2973982685333484,0.9999999999998647,1.5938531242753429,1.9328386950714114,HINFP;LIG4;TFEB;FUT8;TGFB3
gs_ind_0,Inflammatory Response,21/106,0.5950095703171849,0.9999999999998647,0.983002528104997,0.5103530791221421,GCH1;CD82;GNAI3;IRF7;PTGIR;CCL5;NFKB1;CD70;PLAUR;P2RX4;SEMA4D;LAMP3;ITGB8;TNFSF10;DCBLD2;GNA15;IRAK2;SELENOS;NMI;TLR1;RGS16
gs_ind_0,Interleukin-12-Mediated Signaling Pathway (GO:0035722),1/5,0.6797672063173691,0.9999999999998647,1.3033509700176367,0.5030998387884896,IL12RB1
gs_ind_0,Interleukin-27-Mediated Signaling Pathway (GO:0070106),1/4,0.5978508540253882,0.9999999999998647,1.6758743901601045,0.8620931884147255,MX1
gs_ind_0,Interleukin-3-Mediated Signaling Pathway (GO:0038156),1/3,0.49498852941534904,0.9999999999998647,2.3464165464165463,1.650048661813499,SYK
gs_ind_0,Interleukin-6-Mediated Signaling Pathway (GO:0070102),1/11,0.9183821192811181,0.9999999999998647,0.5583041297327012,0.04753497558033882,FER
gs_ind_0,Interleukin-9-Mediated Signaling Pathway (GO:0038113),1/5,0.6797672063173691,0.9999999999998647,1.3033509700176367,0.5030998387884896,IL9R
gs_ind_0,Intermediate Filament Organization (GO:0045109),1/17,0.9792105317502333,0.9999999999998647,0.35510953692771874,0.007460358414195877,MTM1
gs_ind_0,Intermembrane Lipid Transfer (GO:0120009),1/7,0.796950772203989,0.9999999999998647,0.9021719021719021,0.20475907168261248,PLEKHA8P1
gs_ind_0,Internal Peptidyl-Lysine Acetylation (GO:0018393),4/35,0.9454605481053991,0.9999999999998647,0.5578788087213701,0.031287582899423676,KAT2B;KAT14;ATAT1;MBTD1
gs_ind_0,Internal Protein Amino Acid Acetylation (GO:0006475),1/8,0.8383192836348962,0.9999999999998647,0.7818181818181819,0.1378785183025454,KAT2B
gs_ind_0,Interstrand Cross-Link Repair (GO:0036297),8/34,0.3878726554393023,0.9999999999998647,1.254721529081102,1.188319408344245,ERCC4;XPA;POLN;DCLRE1C;FANCC;FANCF;CENPS;FAAP24
gs_ind_0,Intestinal immune network for IgA production,5/19,0.34163623058366105,0.9999999999998647,1.4838104306331343,1.5936254025552787,MAP3K14;CD80;TNFRSF13C;TNFRSF17;HLA-DMA
gs_ind_0,Intracellular Calcium Ion Homeostasis (GO:0006874),12/69,0.773919717025769,0.9999999999998647,0.8493126727062856,0.21766791207005076,ATP13A4;CAMK2D;STIM2;MCUB;SLC24A1;ANXA6;BCL2;MICU2;TPCN2;SLC35G1;CCL5;SMDT1
gs_ind_0,Intracellular Cholesterol Transport (GO:0032367),1/12,0.9350149954629013,0.9999999999998647,0.5097141184097705,0.03424907390651992,SERAC1
gs_ind_0,Intracellular Copper Ion Homeostasis (GO:0006878),2/8,0.5073711921876385,0.9999999999998647,1.5041021528591696,1.0205519747850815,COX19;ANKRD9
gs_ind_0,Interleukin-1-Mediated Signaling Pathway (GO:0070498),2/14,0.8111659406206002,0.9999999999998647,0.7817481956696071,0.1636063210775793,RPS6KA5;IRAK2
gs_ind_0,Intracellular Estrogen Receptor Signaling Pathway (GO:0030520),3/13,0.5117635076996409,0.9999999999998647,1.3035456441520936,0.8732356585687845,TRIP4;ESR2;PPARGC1B
gs_ind_0,Intracellular Iron Ion Homeostasis (GO:0006879),3/37,0.9882294788745641,0.9999999999998647,0.3959500275532056,0.0046881837951800835,HFE;HMOX1;FXN
gs_ind_0,Intracellular Lipid Transport (GO:0032365),3/12,0.45456002967759573,0.9999999999998647,1.4408791914006096,1.1360256023861053,ABCD2;PLEKHA8P1;SGPP1
gs_ind_0,Intracellular Monoatomic Cation Homeostasis (GO:0030003),15/103,0.9489062374881475,0.9999999999998647,0.6831608572575075,0.03582856697718767,TMC8;ATP13A4;HFE;SLC39A13;SLC39A6;HMOX1;ANKRD9;SLC24A1;CNNM4;STIM2;TPCN2;LETM2;FXN;COX19;CCL5
gs_ind_0,Intracellular Monoatomic Ion Homeostasis (GO:0006873),3/11,0.3947032014005075,0.9999999999998647,1.6105265144723058,1.4971795674609456,LETM2;CNNM4;SLC39A6
gs_ind_0,Intracellular Protein Transmembrane Transport (GO:0065002),7/42,0.7801396731349534,0.9999999999998647,0.8255557441031732,0.2049708848743791,PEX10;PEX7;PEX1;PEX2;DNLZ;SEC61A2;PEX12
gs_ind_0,Intracellular Protein Transport (GO:0006886),40/270,0.9926344298293535,0.9999999999998647,0.682821710570109,0.005047984772498948,IFT27;SYK;RAB22A;MYO6;AP4E1;IFT22;UNC93B1;BCL3;SLU7;TSNARE1;KPNA5;RANGRF;KIF13B;RAB20;ARL11;STX12;RANBP6;PICK1;STK3;TRAK2;ANKLE1;AP1S3;VPS37C;RABL3;SMURF1;AP4S1;RPGR;TBC1D13;STX8;ARL6;BAG3;DNAJC27;STX7;TECPR2;RAB23;RABL2A;TRIM23;STX6;RAB43;APPL1
gs_ind_0,Intracellular Steroid Hormone Receptor Signaling Pathway (GO:0030518),6/33,0.6896471049708996,0.9999999999998647,0.9239324349971532,0.34331042948370866,NEDD4;ESR2;TRIP4;CALCOCO1;PPARGC1B;TRERF1
gs_ind_0,Intracellular Sterol Transport (GO:0032366),1/8,0.8383192836348962,0.9999999999998647,0.7818181818181819,0.1378785183025454,SERAC1
gs_ind_0,Intracellular Triglyceride Homeostasis (GO:0035356),2/4,0.18640155558523228,0.9999999999998647,3.9119486768243785,6.571494931304808,SIRT1;FITM2
gs_ind_0,Intracellular Zinc Ion Homeostasis (GO:0006882),3/12,0.45456002967759573,0.9999999999998647,1.4408791914006096,1.1360256023861053,TMC8;SLC39A13;SLC39A6
gs_ind_0,Intracellular pH Reduction (GO:0051452),3/23,0.8756878983937938,0.9999999999998647,0.6671218886101904,0.08855744994639804,RAB20;RAB39A;TPCN2
gs_ind_0,Intraciliary Retrograde Transport (GO:0035721),3/12,0.45456002967759573,0.9999999999998647,1.4408791914006096,1.1360256023861053,DYNLT2B;WDR19;TTC21A
gs_ind_0,Intraciliary Transport Involved In Cilium Assembly (GO:0035735),2/5,0.27018544485746365,0.9999999999998647,2.7940199335548175,3.6563850298756777,IFT74;IFT81
gs_ind_0,Intrinsic Apoptotic Signaling Pathway (GO:0097193),21/84,0.17703507088758025,0.9999999999998647,1.3259743411531362,2.295801820199232,ERN1;TOPORS;E2F1;TMEM117;CHAC1;MAP3K5;IFI6;PYCARD;PMAIP1;TP53;BBC3;MLLT11;BAD;MOAP1;BCL2L2;IKBKE;FHIT;BCL2;HIC1;JMY;PDK2
gs_ind_0,Intracellular Glucose Homeostasis (GO:0001678),7/34,0.5550719272226858,0.9999999999998647,1.0664184008762323,0.6277552698308435,ERN1;NR1D1;FOXO1;SIRT1;PIK3R1;SOX4;ZBTB20
gs_ind_0,Interferon-Mediated Signaling Pathway (GO:0140888),2/23,0.9635250355325129,0.9999999999998647,0.4541690755487589,0.016875472921124977,IFNGR1;IKBKE
gs_ind_0,Integrin-Mediated Signaling Pathway (GO:0007229),9/46,0.6119044925253057,0.9999999999998647,0.990406687027809,0.48646703210189896,ITGB8;BCAR1;TEC;ITGA7;SYK;SEMA7A;FGR;DST;ZNF304
gs_ind_0,Integrated Stress Response Signaling (GO:0140467),4/25,0.7795519571143958,0.9999999999998647,0.818029134149209,0.20371865297410585,FOSL1;CREB3;EIF2AK3;NFE2L3
gs_ind_0,Inflammatory Response (GO:0006954),22/103,0.439458834583323,0.9999999999998647,1.0799180023470343,0.8879207094899351,NFATC4;NOD1;NRROS;KLRG1;LOXL3;PTGIR;CCL5;PXK;NFKB1;APOL2;RELB;TLR5;MGLL;NFKB2;PLA2G4C;TLR6;IRAK2;HNRNPA0;TUSC2;TLR1;ADAM8;AIF1
gs_ind_0,Inflammatory Response To Wounding (GO:0090594),1/3,0.49498852941534904,0.9999999999998647,2.3464165464165463,1.650048661813499,HMOX1
gs_ind_0,Inflammatory bowel disease,7/34,0.5550719272226858,0.9999999999998647,1.0664184008762323,0.6277552698308435,TGFB3;IFNGR1;TLR5;IL23A;IL12RB1;HLA-DMA;NFKB1
gs_ind_0,Inflammatory mediator regulation of TRP channels,9/59,0.8751626049881083,0.9999999999998647,0.7346642878401327,0.09796423234762523,CAMK2D;MAP2K6;ITPR2;MAP2K3;PIK3R1;PIK3R3;JMJD7-PLA2G4B;PLCB2;PLA2G4C
gs_ind_0,Influenza A,19/108,0.79694191501303,0.9999999999998647,0.8508836653666421,0.19312802862828835,MX1;PIK3R1;IFIH1;IRF7;OAS3;CCL5;NFKB1;PYCARD;TICAM1;KPNA5;RNASEL;IKBKE;TNFSF10;IRF9;TRADD;NFKBIB;HLA-DMA;PIK3R3;IFNGR1
gs_ind_0,Inhibition Of Cysteine-Type Endopeptidase Activity (GO:0097340),2/3,0.10750248347352222,0.9999999999998647,6.520449077786688,14.542175020845065,CARD8;NOL3
gs_ind_0,Inhibitory Synapse Assembly (GO:1904862),1/5,0.6797672063173691,0.9999999999998647,1.3033509700176367,0.5030998387884896,SRGAP3
gs_ind_0,Innate Immune Response Activating Cell Surface Receptor Signaling Pathway (GO:0002220),1/13,0.948259129620717,0.9999999999998647,0.4688985088985089,0.02491139174442143,SYK
gs_ind_0,Innate Immune Response-Activating Signaling Pathway (GO:0002758),2/7,0.4333076099965977,0.9999999999998647,1.7777210760370343,1.486721268820039,PYCARD;NOD1
gs_ind_0,Inner Dynein Arm Assembly (GO:0036159),2/8,0.5073711921876385,0.9999999999998647,1.5041021528591696,1.0205519747850815,DNAI3;DNAH7
gs_ind_0,Inner Ear Auditory Receptor Cell Differentiation (GO:0042491),1/4,0.5978508540253882,0.9999999999998647,1.6758743901601045,0.8620931884147255,MYO6
gs_ind_0,Inner Ear Morphogenesis (GO:0042472),1/13,0.948259129620717,0.9999999999998647,0.4688985088985089,0.02491139174442143,MYO6
gs_ind_0,Inner Ear Receptor Cell Differentiation (GO:0060113),1/4,0.5978508540253882,0.9999999999998647,1.6758743901601045,0.8620931884147255,MYO6
gs_ind_0,Inner Mitochondrial Membrane Organization (GO:0007007),6/33,0.6896471049708996,0.9999999999998647,0.9239324349971532,0.34331042948370866,TAFAZZIN;APOOL;TRMT10B;TIMM22;UQCC3;TIMM29
gs_ind_0,Inorganic Anion Transmembrane Transport (GO:0098661),6/28,0.5189030866690323,0.9999999999998647,1.129714683368128,0.7411359242854559,APOL1;SLC4A8;SLC26A2;ANO9;CYP27B1;ANO8
gs_ind_0,Inorganic Anion Transport (GO:0015698),6/29,0.5561917840783974,0.9999999999998647,1.0815528805578998,0.6344844626457373,SLC26A11;TTYH3;CLCN2;SLC26A2;ANO9;ANO8
gs_ind_0,Inorganic Cation Import Across Plasma Membrane (GO:0098659),3/40,0.9931603082583498,0.9999999999998647,0.36418418097224453,0.0024994650979343045,SLC9A7;SLC24A1;SLC39A6
gs_ind_0,Insulin-Like Growth Factor Receptor Signaling Pathway (GO:0048009),2/8,0.5073711921876385,0.9999999999998647,1.5041021528591696,1.0205519747850815,EIF2AK3;PIK3R1
gs_ind_0,Insulin signaling pathway,18/107,0.8498979347791694,0.9999999999998647,0.8069883287686531,0.13124778564687506,FOXO1;PPP1R3B;CBLB;PPP1R3F;PRKAB2;INSR;SOCS4;PIK3R1;PPP1R3D;BAD;SH2B2;SOCS1;RHOQ;INPP5A;PIK3R3;PYGB;SOS2;PPP1R3E
gs_ind_0,Insulin secretion,6/44,0.9084080384753092,0.9999999999998647,0.6593552585201855,0.06333873411870225,CAMK2D;CREB3L4;VAMP2;CREB3;PLCB2;RAB3A
gs_ind_0,Insulin resistance,16/80,0.5768315228240827,0.9999999999998647,1.0001348814729056,0.5502792557506893,FOXO1;CREB3L4;PPP1R3B;TBC1D4;PRKAB2;NFKB1;INSR;SLC27A1;SLC27A3;PIK3R1;PPP1R3D;CREB3;PPARGC1B;PIK3R3;PYGB;PPP1R3E
gs_ind_0,Insulin Secretion Involved In Cellular Response To Glucose Stimulus (GO:0035773),1/3,0.49498852941534904,0.9999999999998647,2.3464165464165463,1.650048661813499,RAB11FIP2
gs_ind_0,Insulin Secretion (GO:0030073),2/11,0.6886104060141844,0.9999999999998647,1.028869286287089,0.38385015860250277,KLRG1;RAB11FIP2
gs_ind_0,Heparan Sulfate Proteoglycan Metabolic Process (GO:0030201),1/7,0.796950772203989,0.9999999999998647,0.9021719021719021,0.20475907168261248,HS6ST1
gs_ind_0,Insulin Receptor Signaling Pathway (GO:0008286),14/38,0.01396115324387253,0.9999999999998647,2.319988565382682,9.909776810064333,FOXO1;BCAR1;FER;INSR;PDK2;PIK3R1;SH2B2;STXBP4;FOXO4;RHOQ;BCAR3;GPLD1;PIK3R3;APPL1
gs_ind_0,Inositol phosphate metabolism,17/59,0.07712336638040457,0.9999999999998647,1.6132815092193202,4.133790227075137,MINPP1;MTMR3;MTM1;INPP5A;MTMR6;INPP5F;IPMK;PIP4K2C;INPP5E;ALDH6A1;FIG4;ITPKC;PIP5K1B;INPP5D;SYNJ1;PI4K2B;PLCB2
gs_ind_0,Inositol Phosphate-Mediated Signaling (GO:0048016),3/13,0.5117635076996409,0.9999999999998647,1.3035456441520936,0.8732356585687845,INPP5A;NFATC4;PPP3CA
gs_ind_0,Inositol Phosphate Metabolic Process (GO:0043647),5/15,0.17365939932302765,0.9999999999998647,2.0497442836502073,3.5884040430012765,MINPP1;INPP5A;IPMK;ITPKC;SYNJ1
gs_ind_0,Inositol Phosphate Biosynthetic Process (GO:0032958),2/6,0.3535944927466926,0.9999999999998647,2.172948409516172,2.2590069951074945,IPMK;ITPKC
gs_ind_0,Inositol Lipid-Mediated Signaling (GO:0048017),2/22,0.9558870236074068,0.9999999999998647,0.4763627828740196,0.021491368499665764,INPP5A;PLCB2
gs_ind_0,Inorganic Cation Transmembrane Transport (GO:0098662),13/146,0.9999507049667719,0.9999999999998647,0.39272674005392827,1.935995487927035e-05,SLC9A7;SLC39A13;SLC39A6;P2RX4;SLC4A8;SLC9A8;CCDC51;SLC24A1;MCOLN2;CACNB1;DMAC2L;TPCN2;KCNQ5
gs_ind_0,Insulin Metabolic Process (GO:1901142),2/6,0.3535944927466926,0.9999999999998647,2.172948409516172,2.2590069951074945,ERN1;ERO1B
gs_ind_0,Fluid shear stress and atherosclerosis,11/90,0.984717875270952,0.9999999999998647,0.5639345555855673,0.008684648482426234,MAP2K6;TP53;MAPK7;NFKB1;HMOX1;PIK3R1;BCL2;BMPR2;SDC1;MAP3K5;PIK3R3
gs_ind_0,Heparan Sulfate Proteoglycan Catabolic Process (GO:0030200),3/5,0.06072572167688534,0.9999999999998647,5.478485480506979,15.347363043995708,NAGLU;IDUA;SGSH
gs_ind_0,Heparan Sulfate Proteoglycan Biosynthetic Process (GO:0015012),3/14,0.5656020552601939,0.9999999999998647,1.1900961920772326,0.6781936079104792,SLC35D2;HS6ST1;XYLT2
gs_ind_0,Generation Of Neurons (GO:0048699),11/106,0.9980375333020999,0.9999999999998647,0.46883355636083124,0.000920974227709481,MYEF2;NR4A2;CDK5R1;NRBP2;WNT2B;CEP85L;BRSK1;ERBB2;FZD2;SH3RF1;PALS1
gs_ind_0,Gland Development (GO:0048732),3/41,0.9943047483753499,0.9999999999998647,0.35469568134416524,0.002025855525436809,ARID5B;ZBTB1;TGFB3
gs_ind_0,Gland Morphogenesis (GO:0022612),1/3,0.49498852941534904,0.9999999999998647,2.3464165464165463,1.650048661813499,TGFB3
gs_ind_0,Glandular Epithelial Cell Development (GO:0002068),1/4,0.5978508540253882,0.9999999999998647,1.6758743901601045,0.8620931884147255,DLL1
gs_ind_0,Glial Cell Development (GO:0021782),3/18,0.7411693826261057,0.9999999999998647,0.8826847735518029,0.26438712180913754,NRROS;DLL1;PICK1
gs_ind_0,Glial Cell Differentiation (GO:0010001),2/20,0.9357767052616436,0.9999999999998647,0.527948156657058,0.03504435060623528,GPR157;PICK1
gs_ind_0,Gliogenesis (GO:0042063),1/13,0.948259129620717,0.9999999999998647,0.4688985088985089,0.02491139174442143,METTL14
gs_ind_0,Glioma,10/60,0.8067268873469258,0.9999999999998647,0.8122585051558702,0.17444883838823091,GADD45B;CAMK2D;SOS2;TP53;E2F1;PIK3R1;RB1;E2F2;PIK3R3;DDB2
gs_ind_0,Glucagon signaling pathway,10/67,0.9001163064183926,0.9999999999998647,0.7129637786027392,0.07502610146338222,FOXO1;CAMK2D;CREB3L4;SIRT1;ITPR2;PRKAB2;CREB3;PPP3CA;PLCB2;PYGB
gs_ind_0,Glucan Biosynthetic Process (GO:0009250),2/5,0.27018544485746365,0.9999999999998647,2.7940199335548175,3.6563850298756777,NR1D1;PER2
gs_ind_0,Glucan Catabolic Process (GO:0009251),1/4,0.5978508540253882,0.9999999999998647,1.6758743901601045,0.8620931884147255,PYGB
gs_ind_0,Gluconeogenesis (GO:0006094),2/26,0.9795449201430425,0.9999999999998647,0.3984583408343289,0.008235011197004182,PER2;ENO3
gs_ind_0,Glucosamine-Containing Compound Catabolic Process (GO:1901072),3/4,0.028603411361812166,0.9999999999998647,9.131557837317503,32.45565032766723,CHIT1;GNPDA2;CTBS
gs_ind_0,Glucose 6-Phosphate Metabolic Process (GO:0051156),2/13,0.7760853855691137,0.9999999999998647,0.84979603221645,0.21541711776620684,H6PD;DERA
gs_ind_0,Gene Expression (GO:0010467),16/260,0.9999999999790447,0.9999999999998647,0.25992521801528257,5.446823545050063e-12,NCBP3;MBTPS2;NUFIP1;RBMS2;BICD1;MRPS17;DUSP11;RNASEL;ZNF830;DDX19B;RBM15B;CASP7;GSPT2;RNGTT;MAGOHB;ATXN1
gs_ind_0,Glucose Homeostasis (GO:0042593),10/57,0.7507691480787169,0.9999999999998647,0.863772310660878,0.2476064372832618,MBD5;FOXO1;SIRT1;NR1D1;INSR;PDK2;PIK3R1;ALOX5;BAD;SOX4
gs_ind_0,Glucose Metabolic Process (GO:0006006),6/45,0.9191689531850171,0.9999999999998647,0.6426098676039217,0.05416258406234043,H6PD;GHRL;PER2;GDPGP1;PPARD;ENO3
gs_ind_0,Glucose Transmembrane Transport (GO:1904659),4/13,0.26388176960411197,0.9999999999998647,1.8531535869041886,2.4688714984696505,SLC2A11;SLC2A8;RAB4B;PPARD
gs_ind_0,Glutamate Receptor Signaling Pathway (GO:0007215),1/15,0.9672015674762875,0.9999999999998647,0.40415650760478344,0.013477956327923916,CDK5R1
gs_ind_0,Glutamatergic synapse,10/63,0.8527471171549524,0.9999999999998647,0.7665219488663773,0.12210099696716037,GRK3;ITPR2;GNG7;GNAI3;JMJD7-PLA2G4B;PLD1;DLG4;PPP3CA;PLCB2;PLA2G4C
gs_ind_0,Glutamine Family Amino Acid Catabolic Process (GO:0009065),1/6,0.7450017490315044,0.9999999999998647,1.0662906117451572,0.31388259496961246,DDAH2
gs_ind_0,Glutamine Family Amino Acid Metabolic Process (GO:0009064),2/23,0.9635250355325129,0.9999999999998647,0.4541690755487589,0.016875472921124977,DDAH2;NIT2
gs_ind_0,Glutamine Metabolic Process (GO:0006541),1/11,0.9183821192811181,0.9999999999998647,0.5583041297327012,0.04753497558033882,NIT2
gs_ind_0,Glutamine Transport (GO:0006868),2/7,0.4333076099965977,0.9999999999998647,1.7777210760370343,1.486721268820039,SLC38A6;SLC38A7
gs_ind_0,Glutathione metabolism,2/32,0.9937509701186139,0.9999999999998647,0.3199153377943129,0.002005433057488941,RRM2B;CHAC1
gs_ind_0,Glycerol Ether Biosynthetic Process (GO:0046504),1/4,0.5978508540253882,0.9999999999998647,1.6758743901601045,0.8620931884147255,PEX7
gs_ind_0,Glycerol Metabolic Process (GO:0006071),3/9,0.27143988032691707,0.9999999999998647,2.1064186896049564,2.746800723669715,GK5;COQ2;COQ3
gs_ind_0,Glycerol-3-Phosphate Metabolic Process (GO:0006072),1/1,0.2036432488900496,0.9999999999998647,11.734006734006734,18.67332929974073,GK5
gs_ind_0,Glycerolipid Catabolic Process (GO:0046503),4/12,0.2151327165692436,0.9999999999998647,2.071341584298621,3.1826166651852184,GPCPD1;ABHD6;MGLL;PLA2G4C
gs_ind_0,Glycerolipid Metabolic Process (GO:0046486),1/6,0.7450017490315044,0.9999999999998647,1.0662906117451572,0.31388259496961246,DGKQ
gs_ind_0,Glucose Import (GO:0046323),2/9,0.5747801384335589,0.9999999999998647,1.303448275862069,0.7218075267435339,SLC27A1;RAB4B
gs_ind_0,Glycerolipid metabolism,9/37,0.33434144268469346,0.9999999999998647,1.304131168622408,1.428796359563487,DGKQ;LIPC;DGKA;DGKE;ALDH3A2;MGLL;GK;DGKH;GLYCTK
gs_ind_0,Gastrulation (GO:0007369),2/15,0.8412494484890192,0.9999999999998647,0.7237815200926668,0.12511797883472436,MKKS;NPHP3
gs_ind_0,Gastric acid secretion,4/41,0.9786640667763475,0.9999999999998647,0.46838709677419355,0.010101626990123855,GNAI3;CAMK2D;PLCB2;ITPR2
gs_ind_0,Focal adhesion,14/127,0.9982601213867028,0.9999999999998647,0.4971292229148654,0.0008656978261365283,ITGB8;VAV2;BCAR1;ITGA7;PIK3R1;PIP5K1B;BAD;BCL2;THBS3;VAV1;ERBB2;MYL5;PIK3R3;SOS2
gs_ind_0,Folate biosynthesis,3/15,0.6156231394758771,0.9999999999998647,1.0947986523343494,0.5311090388707119,GCH1;DHFR2;PCBD2
gs_ind_0,Folic Acid Metabolic Process (GO:0046655),1/8,0.8383192836348962,0.9999999999998647,0.7818181818181819,0.1378785183025454,DHFR2
gs_ind_0,Folic Acid-Containing Compound Metabolic Process (GO:0006760),1/10,0.8974937817113968,0.9999999999998647,0.6171236171236171,0.06674135581913541,DHFR2
gs_ind_0,Forebrain Neuron Development (GO:0021884),1/4,0.5978508540253882,0.9999999999998647,1.6758743901601045,0.8620931884147255,PLXNA3
gs_ind_0,Forelimb Morphogenesis (GO:0035136),1/7,0.796950772203989,0.9999999999998647,0.9021719021719021,0.20475907168261248,OSR2
gs_ind_0,Formation Of Extrachromosomal Circular DNA (GO:0001325),2/9,0.5747801384335589,0.9999999999998647,1.303448275862069,0.7218075267435339,TERF1;SLX4
gs_ind_0,Formation Of Translation Preinitiation Complex (GO:0001731),2/6,0.3535944927466926,0.9999999999998647,2.172948409516172,2.2590069951074945,DHX29;MCTS2
gs_ind_0,FoxO signaling pathway,16/107,0.939676298983976,0.9999999999998647,0.7034442868575141,0.04376818099360526,SIRT1;GADD45B;S1PR1;FOXO1;PRKAB2;TNFSF10;TGFB3;PLK3;INSR;GABARAPL1;PIK3R1;FOXO4;CCNG2;AGAP2;PIK3R3;SOS2
gs_ind_0,Free Ubiquitin Chain Polymerization (GO:0010994),3/5,0.06072572167688534,0.9999999999998647,5.478485480506979,15.347363043995708,TRIM6;UBE2C;TRIM32
gs_ind_0,Fructose Metabolic Process (GO:0006000),1/7,0.796950772203989,0.9999999999998647,0.9021719021719021,0.20475907168261248,KHK
gs_ind_0,Fructose Transmembrane Transport (GO:0015755),1/4,0.5978508540253882,0.9999999999998647,1.6758743901601045,0.8620931884147255,SLC2A8
gs_ind_0,Fructose and mannose metabolism,4/24,0.7503679157069622,0.9999999999998647,0.8580034524466573,0.24641141731098654,GMPPB;KHK;GMDS;PFKFB3
gs_ind_0,Fucose Catabolic Process (GO:0019317),2/2,0.041459983678692434,0.9999999999998647,19.562951082598236,62.26939299819734,FUT8;FUT4
gs_ind_0,Gastric cancer,16/107,0.939676298983976,0.9999999999998647,0.7034442868575141,0.04376818099360526,GADD45B;SOS2;CCNE2;E2F1;TP53;WNT2B;TGFB3;PIK3R1;BCL2;RB1;ERBB2;FZD2;E2F2;CTNNA3;PIK3R3;DDB2
gs_ind_0,G Protein-Coupled Acetylcholine Receptor Signaling Pathway (GO:0007213),2/10,0.6351727324480614,0.9999999999998647,1.1500070758054626,0.5219402535113675,GNA15;CDK5R1
gs_ind_0,"G Protein-Coupled Receptor Signaling Pathway, Coupled To Cyclic Nucleotide Second Messenger (GO:0007187)",1/14,0.958804759543803,0.9999999999998647,0.43412965635187856,0.018262884928106907,PTGIR
gs_ind_0,G1/S Transition Of Mitotic Cell Cycle (GO:0000082),6/51,0.9632900892239343,0.9999999999998647,0.557594806029044,0.020854423588632834,HINFP;CCNE2;E2F1;E2F2;PLK3;LATS2
gs_ind_0,G2-M Checkpoint,16/189,0.9999978647986062,0.9999999999998647,0.3684679702984777,7.867541636933064e-07,SAP30;STAG1;MARCKS;TRAIP;UBE2C;E2F1;FANCC;ATF5;FOXN3;BRCA2;MEIS2;RPS6KA5;E2F2;TENT4A;PURA;BCL3
gs_ind_0,G2/M Transition Of Mitotic Cell Cycle (GO:0000086),4/31,0.9017973824564596,0.9999999999998647,0.6392349104915306,0.06607478217359576,BRSK1;KDM8;PLK3;FBXL15
gs_ind_0,GABAergic synapse,4/46,0.9906357022498281,0.9999999999998647,0.4131128041009374,0.0038867381246882188,GNAI3;TRAK2;GABARAPL1;GNG7
gs_ind_0,GDP-mannose Metabolic Process (GO:0019673),2/4,0.18640155558523228,0.9999999999998647,3.9119486768243785,6.571494931304808,GMPPB;GMDS
gs_ind_0,GPI Anchor Biosynthetic Process (GO:0006506),7/29,0.37596307993313455,0.9999999999998647,1.3039357429718876,1.2755938286743562,PIGM;PIGW;MPPE1;PGAP1;TP53INP2;PIGZ;PIGV
gs_ind_0,GPI Anchor Metabolic Process (GO:0006505),8/26,0.14184060633958787,0.9999999999998647,1.7984851314435117,3.512533800272932,PIGM;PIGW;MPPE1;PGAP1;TP53INP2;PIGZ;PIGV;GPLD1
gs_ind_0,GTP Metabolic Process (GO:0046039),3/11,0.3947032014005075,0.9999999999998647,1.6105265144723058,1.4971795674609456,RAB23;GNAI3;RHOQ
gs_ind_0,Galactose Metabolic Process (GO:0006012),1/6,0.7450017490315044,0.9999999999998647,1.0662906117451572,0.31388259496961246,GALT
gs_ind_0,Galactose metabolism,1/19,0.9868233624880947,0.9999999999998647,0.3166673166673167,0.004200344831304321,GALT
gs_ind_0,Ganglioside Biosynthetic Process (GO:0001574),2/11,0.6886104060141844,0.9999999999998647,1.028869286287089,0.38385015860250277,ST6GALNAC6;ST8SIA4
gs_ind_0,Ganglioside Metabolic Process (GO:0001573),4/13,0.26388176960411197,0.9999999999998647,1.8531535869041886,2.4688714984696505,ST6GALNAC6;GM2A;ST8SIA4;B3GALT4
gs_ind_0,Gap junction,6/57,0.9842758220107272,0.9999999999998647,0.4923890791900602,0.0078039307897825975,ITPR2;MAP3K2;MAPK7;GNAI3;PLCB2;SOS2
gs_ind_0,G Protein-Coupled Receptor Internalization (GO:0002031),1/2,0.36582651410140676,0.9999999999998647,3.911014911014911,3.9329011974146835,ARRB2
gs_ind_0,Glycerophospholipid Biosynthetic Process (GO:0046474),20/89,0.3500112567703066,0.9999999999998647,1.154209137932435,1.2116771679908176,DGKA;SLC27A1;PIP5K1B;INPP5D;SYNJ1;DGKH;PI4K2B;CDS2;PLA2G4C;DGKQ;MTM1;LIPC;MTMR6;DGKE;PLD1;SLC44A1;MTMR3;FIG4;ABHD4;ACP6
gs_ind_0,Glycerophospholipid Catabolic Process (GO:0046475),3/15,0.6156231394758771,0.9999999999998647,1.0947986523343494,0.5311090388707119,GPCPD1;LIPC;PLA2G4C
gs_ind_0,Glycerophospholipid Metabolic Process (GO:0006650),13/40,0.04893457226169667,0.9999999999998647,1.9232606119134366,5.802998725737001,ABHD6;PIGV;SERINC5;PIGW;ACP6;DGKH;ABHD12;GPLD1;PIGZ;SYNJ1;GPCPD1;PLCB2;PLA2G4C
gs_ind_0,Golgi To Plasma Membrane Protein Transport (GO:0043001),3/24,0.8935907530633411,0.9999999999998647,0.6360407284558184,0.07155927544861866,RAB34;VAMP2;OPTN
gs_ind_0,Golgi To Plasma Membrane Transport (GO:0006893),7/41,0.7575439420240626,0.9999999999998647,0.8495547407019381,0.23589903709524157,VAMP2;OPTN;EXOC8;COMMD1;RAB34;CCDC93;ARL3
gs_ind_0,Golgi To Vacuole Transport (GO:0006896),1/15,0.9672015674762875,0.9999999999998647,0.40415650760478344,0.013477956327923916,VTI1A
gs_ind_0,Golgi Vesicle Transport (GO:0048193),25/170,0.9771844108302276,0.9999999999998647,0.6825961591316819,0.01575424605667379,YIPF4;RAB12;SEC22A;TRAPPC13;VTI1A;ARL3;RANGRF;SGSM2;PICK1;TRAPPC2B;RP2;TRAPPC6A;MPPE1;TRAPPC9;WHAMM;UVRAG;PGAP1;RAB33B;LMAN2L;BICD2;RABIF;COG6;IER3IP1;BNIP1;RAB43
gs_ind_0,Gonad Development (GO:0008406),2/28,0.986170347155942,0.9999999999998647,0.3683254906114297,0.005129364658576268,WNT2B;MKKS
gs_ind_0,Graft-versus-host disease,2/10,0.6351727324480614,0.9999999999998647,1.1500070758054626,0.5219402535113675,HLA-DMA;CD80
gs_ind_0,Granulocyte Activation (GO:0036230),2/3,0.10750248347352222,0.9999999999998647,6.520449077786688,14.542175020845065,CCL5;PREX1
gs_ind_0,Granulocyte Chemotaxis (GO:0071621),3/22,0.855158977207062,0.9999999999998647,0.7013908600624468,0.10974514729108541,SYK;CCL5;NCKAP1L
gs_ind_0,Growth Hormone Receptor Signaling Pathway (GO:0060396),1/10,0.8974937817113968,0.9999999999998647,0.6171236171236171,0.06674135581913541,PIK3R1
gs_ind_0,"Growth hormone synthesis, secretion and action",13/86,0.9150387832254332,0.9999999999998647,0.7168675292425034,0.0636498281585548,CREB3L4;BCAR1;MAP2K6;ITPR2;MAP2K3;GHRL;PLCB2;PIK3R1;GNAI3;CREB3;PIK3R3;SOCS1;SOS2
gs_ind_0,Guanine Nucleotide Transmembrane Transport (GO:1903790),1/2,0.36582651410140676,0.9999999999998647,3.911014911014911,3.9329011974146835,LRRC8C
gs_ind_0,HIF-1 signaling pathway,12/79,0.9044441557829218,0.9999999999998647,0.7228926432466255,0.07260351767049698,CAMK2D;RBX1;NFKB1;HMOX1;INSR;IFNGR1;PIK3R1;BCL2;PFKFB3;ERBB2;ENO3;PIK3R3
gs_ind_0,Hair Cell Differentiation (GO:0035315),1/4,0.5978508540253882,0.9999999999998647,1.6758743901601045,0.8620931884147255,MYO6
gs_ind_0,Heart Contraction (GO:0060047),2/19,0.9227080233311012,0.9999999999998647,0.5581624470156948,0.0448999429825696,TAFAZZIN;RANGRF
gs_ind_0,Golgi To Endosome Transport (GO:0006895),3/14,0.5656020552601939,0.9999999999998647,1.1900961920772326,0.6781936079104792,DOP1B;WIPI1;KIF16B
gs_ind_0,Heart Development (GO:0007507),13/103,0.98547396065379,0.9999999999998647,0.5813910060263945,0.008507247622387507,BORCS8;TAFAZZIN;ADAP2;BORCS8-MEF2B;SMYD4;INSR;SOX4;POU6F1;BMPR2;KDM6B;AKAP13;MKKS;KAT2B
gs_ind_0,Heart Morphogenesis (GO:0003007),3/35,0.9831965010933547,0.9999999999998647,0.4203852941539449,0.007123966662712389,TAFAZZIN;HEY1;INSR
gs_ind_0,Heart Process (GO:0003015),1/5,0.6797672063173691,0.9999999999998647,1.3033509700176367,0.5030998387884896,RANGRF
gs_ind_0,Heart Trabecula Formation (GO:0060347),1/3,0.49498852941534904,0.9999999999998647,2.3464165464165463,1.650048661813499,HEY1
gs_ind_0,Heart Trabecula Morphogenesis (GO:0061384),2/10,0.6351727324480614,0.9999999999998647,1.1500070758054626,0.5219402535113675,HEY1;S1PR1
gs_ind_0,Hedgehog Signaling,4/24,0.7503679157069622,0.9999999999998647,0.8580034524466573,0.24641141731098654,AMOT;HEY1;RASA1;CDK5R1
gs_ind_0,Hedgehog signaling pathway,16/46,0.01617221148339656,0.9999999999998647,2.1209660166866073,8.747841300335256,SUFU;GRK3;KIF3A;BTRC;ARRB2;DISP1;MOSMO;SPOPL;BCL2;EVC;EVC2;HHAT;SMURF2;IQCE;EFCAB7;SMURF1
gs_ind_0,Hematopoietic Progenitor Cell Differentiation (GO:0002244),5/23,0.516943680160644,0.9999999999998647,1.1626047302720925,0.7671114183046762,PTPRC;TP53;MLLT3;HOXB4;UFL1
gs_ind_0,Hematopoietic Stem Cell Differentiation (GO:0060218),4/8,0.059636426619357134,0.9999999999998647,3.9138180067404913,11.034965670161052,HOXB4;UFL1;TP53;MLLT3
gs_ind_0,Hematopoietic Stem Cell Proliferation (GO:0071425),2/6,0.3535944927466926,0.9999999999998647,2.172948409516172,2.2590069951074945,WNT2B;ETV6
gs_ind_0,Hematopoietic cell lineage,6/40,0.8521922128095174,0.9999999999998647,0.7360442951801761,0.11772526203287083,IL9R;FLT3LG;IL7;CD37;CR2;HLA-DMA
gs_ind_0,Heme Biosynthetic Process (GO:0006783),1/18,0.9834488709535161,0.9999999999998647,0.3347900776472205,0.005587522300482694,FXN
gs_ind_0,Heme Catabolic Process (GO:0042167),1/5,0.6797672063173691,0.9999999999998647,1.3033509700176367,0.5030998387884896,HMOX1
gs_ind_0,Heme Transport (GO:0015886),1/3,0.49498852941534904,0.9999999999998647,2.3464165464165463,1.650048661813499,FLVCR2
gs_ind_0,Hemopoiesis (GO:0030097),12/73,0.8365650573874831,0.9999999999998647,0.7938111963581422,0.14165639247649173,TAFAZZIN;RASGRP4;TP53;TIRAP;FLT3LG;WNT2B;PTPRC;ETV6;PBXIP1;EVI2B;DLL1;TET2
gs_ind_0,Heart Looping (GO:0001947),5/26,0.6343092946916826,0.9999999999998647,1.0001344050894727,0.4552797806827438,SETDB2;DLL1;NPHP3;MKKS;TBX6
gs_ind_0,Golgi Ribbon Formation (GO:0090161),1/8,0.8383192836348962,0.9999999999998647,0.7818181818181819,0.1378785183025454,OPTN
gs_ind_0,Golgi Organization (GO:0007030),17/103,0.8654481882543084,0.9999999999998647,0.7897835513966455,0.11412985942108707,YIPF4;UBXN2B;OPTN;RAB2B;VCPIP1;PLK3;HACE1;ATP8B3;COG6;BCAS3;GOLGA8A;FAM174B;UBXN2A;RAB30;PI4K2B;VTI1A;RAB43
gs_ind_0,Golgi Inheritance (GO:0048313),2/9,0.5747801384335589,0.9999999999998647,1.303448275862069,0.7218075267435339,PLK3;VCPIP1
gs_ind_0,Glycerophospholipid metabolism,11/65,0.7984331565450756,0.9999999999998647,0.8243171652748531,0.1855571126935956,DGKQ;PNPLA7;DGKA;DGKE;PLD1;JMJD7-PLA2G4B;ADPRM;CDS2;DGKH;GPCPD1;PLA2G4C
gs_ind_0,"Glycine, serine and threonine metabolism",5/25,0.5971516983179352,0.9999999999998647,1.049007592339529,0.5408516320669873,BPGM;GATM;PIPOX;SRR;GLYCTK
gs_ind_0,Glycogen Biosynthetic Process (GO:0005978),2/5,0.27018544485746365,0.9999999999998647,2.7940199335548175,3.6563850298756777,NR1D1;PER2
gs_ind_0,Glycogen Catabolic Process (GO:0005980),1/4,0.5978508540253882,0.9999999999998647,1.6758743901601045,0.8620931884147255,PYGB
gs_ind_0,Glycogen Metabolic Process (GO:0005977),3/13,0.5117635076996409,0.9999999999998647,1.3035456441520936,0.8732356585687845,NR1D1;PER2;PYGB
gs_ind_0,Glycolipid Biosynthetic Process (GO:0009247),6/32,0.6589200945648945,0.9999999999998647,0.9588765903809036,0.3999982505150798,PIGM;PIGW;MPPE1;TP53INP2;PIGZ;PIGV
gs_ind_0,Glycolipid Metabolic Process (GO:0006664),6/28,0.5189030866690323,0.9999999999998647,1.129714683368128,0.7411359242854559,GM2A;PIGW;PGAP1;SMPD1;ST6GALNAC6;FUCA1
gs_ind_0,Glycolysis,20/163,0.9976482232540967,0.9999999999998647,0.5555965247851036,0.0013081778618869162,ANG;NANP;NOL3;B4GALT7;SAP30;GMPPB;LHPP;XYLT2;SLC35A3;B4GALT4;PYGB;GLRX;SPAG4;PAXIP1;FUT8;ME1;IDUA;SDC1;IER3;CHST12
gs_ind_0,Glycolysis / Gluconeogenesis,4/41,0.9786640667763475,0.9999999999998647,0.46838709677419355,0.010101626990123855,MINPP1;BPGM;ENO3;ALDH3A2
gs_ind_0,Glycolytic Process (GO:0006096),1/19,0.9868233624880947,0.9999999999998647,0.3166673166673167,0.004200344831304321,ENO3
gs_ind_0,Glycoprotein Biosynthetic Process (GO:0009101),11/48,0.38478338570762166,0.9999999999998647,1.1996847354029274,1.1457885838175408,GMPPB;B4GAT1;ST8SIA4;FUT4;ALG10B;BMPR2;ST3GAL3;CSGALNACT2;FKTN;B4GALT7;CHST12
gs_ind_0,Glycoprotein Catabolic Process (GO:0006516),3/12,0.45456002967759573,0.9999999999998647,1.4408791914006096,1.1360256023861053,FBXO17;EDEM2;MANBA
gs_ind_0,Glycoprotein Metabolic Process (GO:0009100),8/41,0.6156588015493214,0.9999999999998647,0.9919700868947885,0.4811673538716749,B4GAT1;ST8SIA4;FUT8;FBXO17;MANBA;AGA;ST6GALNAC6;B4GALT7
gs_ind_0,Glycosaminoglycan Biosynthetic Process (GO:0006024),10/40,0.2878641179135945,0.9999999999998647,1.3471012945521261,1.677500414595631,B4GAT1;XYLT2;SLC35D2;ST3GAL3;B4GALT4;CSGALNACT2;DSE;CHST14;B4GALT7;CHST12
gs_ind_0,Glycosaminoglycan Catabolic Process (GO:0006027),3/10,0.3332097623755485,0.9999999999998647,1.8254131236964544,2.0060981191955864,FUCA1;SGSH;IDUA
gs_ind_0,Glycosaminoglycan Metabolic Process (GO:0030203),5/15,0.17365939932302765,0.9999999999998647,2.0497442836502073,3.5884040430012765,XYLT2;IDUA;FUCA1;SGSH;B4GALT7
gs_ind_0,Glycosaminoglycan biosynthesis,10/39,0.25978038123347275,0.9999999999998647,1.392880211271636,1.8774892731581636,XYLT2;FUT8;ST3GAL3;CHST14;B4GALT4;CSGALNACT2;DSE;HS6ST1;B4GALT7;CHST12
gs_ind_0,Golgi Disassembly (GO:0090166),1/5,0.6797672063173691,0.9999999999998647,1.3033509700176367,0.5030998387884896,PLK3
gs_ind_0,GnRH signaling pathway,12/65,0.6961960355885906,0.9999999999998647,0.913113435237329,0.33066028777566425,CAMK2D;MAP2K6;SOS2;ITPR2;MAP2K3;MAP3K2;MAPK7;PLD1;JMJD7-PLA2G4B;GNRH2;PLCB2;PLA2G4C
gs_ind_0,GnRH secretion,7/42,0.7801396731349534,0.9999999999998647,0.8255557441031732,0.2049708848743791,ITPR2;ARRB2;ESR2;PIK3R1;PIK3R3;GNRH2;PLCB2
gs_ind_0,Glyoxylate and dicarboxylate metabolism,4/23,0.7182995026288506,0.9999999999998647,0.9020777008258953,0.2984692421897909,PCCA;GLYCTK;HYI;MCEE
gs_ind_0,Glyoxylate Metabolic Process (GO:0046487),1/3,0.49498852941534904,0.9999999999998647,2.3464165464165463,1.650048661813499,HYI
gs_ind_0,Glycosylphosphatidylinositol (GPI)-anchor biosynthesis,7/25,0.23414293602749348,0.9999999999998647,1.586388798436991,2.3031565573558526,PIGM;PIGW;MPPE1;PGAP1;PIGZ;PIGV;GPLD1
gs_ind_0,"Heparan Sulfate Proteoglycan Biosynthetic Process, Enzymatic Modification (GO:0015015)",1/6,0.7450017490315044,0.9999999999998647,1.0662906117451572,0.31388259496961246,HS6ST1
gs_ind_0,Glycosylceramide Metabolic Process (GO:0006677),1/3,0.49498852941534904,0.9999999999998647,2.3464165464165463,1.650048661813499,ST6GALNAC6
gs_ind_0,Glycosphingolipid biosynthesis,5/29,0.7323401659236473,0.9999999999998647,0.8774527309719843,0.27333544537153315,FUT4;ST3GAL3;B3GALT4;ST6GALNAC6;B4GALT4
gs_ind_0,Glycosphingolipid Metabolic Process (GO:0006687),3/19,0.7749900719826985,0.9999999999998647,0.8291206627481295,0.21134705233127382,ST6GALNAC6;GM2A;SMPD1
gs_ind_0,Glycosphingolipid Catabolic Process (GO:0046479),1/6,0.7450017490315044,0.9999999999998647,1.0662906117451572,0.31388259496961246,GM2A
gs_ind_0,Glycosphingolipid Biosynthetic Process (GO:0006688),4/10,0.12731015554677688,0.9999999999998647,2.7091218843746527,5.583849680727797,ST6GALNAC6;ST8SIA4;B4GALT4;B3GALT4
gs_ind_0,Glycoside Catabolic Process (GO:0016139),1/6,0.7450017490315044,0.9999999999998647,1.0662906117451572,0.31388259496961246,FUCA1
gs_ind_0,Glycosaminoglycan degradation,6/14,0.04739717366755962,0.9999999999998647,2.993859756846371,9.128855253503348,HYAL3;HGSNAT;NAGLU;GALNS;IDUA;SGSH
gs_ind_0,Glycosyl Compound Biosynthetic Process (GO:1901659),2/4,0.18640155558523228,0.9999999999998647,3.9119486768243785,6.571494931304808,TYW1B;TYW5
gs_ind_0,DNA Damage Checkpoint Signaling (GO:0000077),8/33,0.35392322015599353,0.9999999999998647,1.3040334243933793,1.35446728428142,HINFP;ERCC4;E2F1;PARP9;DTX3L;ZNF830;CEP63;UFL1
gs_ind_0,DNA Cytosine Deamination (GO:0070383),4/6,0.018084094274765147,0.9999999999998647,7.04602792489167,28.273754764507046,CDADC1;APOBEC3G;APOBEC3F;APOBEC3D
gs_ind_0,DNA Catabolic Process (GO:0006308),6/14,0.04739717366755962,0.9999999999998647,2.993859756846371,9.128855253503348,DFFB;DNASE1;SETMAR;EXOG;DNASE1L1;TREX1
gs_ind_0,Autophagosome Organization (GO:1905037),13/48,0.1631915266549247,0.9999999999998647,1.4888704510986732,2.699070148141076,RAB23;UBXN2B;ULK1;ATG2B;ATG16L2;STX12;ATG14;GABARAPL1;TP53INP2;WIPI1;TP53INP1;UBXN2A;RAB43
gs_ind_0,Autophagy,24/118,0.5395623827275543,0.9999999999998647,1.0137116602954108,0.625456921823054,ERN1;ATG4C;EIF2AK3;ZFYVE1;C9orf72;PIK3R1;TP53INP2;ATG10;BAD;ULK1;UVRAG;BCL2;ATG4A;SMCR8;WIPI1;RAB33B;ATG16L2;PIK3R3;RRAGB;MTMR3;ATG2B;RRAGC;ATG14;GABARAPL1
gs_ind_0,Autophagy Of Mitochondrion (GO:0000422),7/40,0.7333196497478871,0.9999999999998647,0.8749865132170473,0.27139770617969194,TAFAZZIN;ATG2B;ATG14;GABARAPL1;SPATA33;WIPI1;FUNDC1
gs_ind_0,Autophagy Of Nucleus (GO:0044804),3/14,0.5656020552601939,0.9999999999998647,1.1900961920772326,0.6781936079104792,ULK1;ATG2B;WIPI1
gs_ind_0,Autophagy Of Peroxisome (GO:0030242),2/7,0.4333076099965977,0.9999999999998647,1.7777210760370343,1.486721268820039,PEX2;PJVK
gs_ind_0,Axo-Dendritic Protein Transport (GO:0099640),1/5,0.6797672063173691,0.9999999999998647,1.3033509700176367,0.5030998387884896,MAPK8IP3
gs_ind_0,Axon Development (GO:0061564),8/64,0.9640604367234041,0.9999999999998647,0.5870471943219487,0.021486686153034007,SVBP;CDK5R1;CAMSAP2;PARD6B;ATL1;BRSK1;MAPK8IP3;RAB3A
gs_ind_0,Axon Ensheathment In Central Nervous System (GO:0032291),1/5,0.6797672063173691,0.9999999999998647,1.3033509700176367,0.5030998387884896,CNTNAP1
gs_ind_0,Axon Extension (GO:0048675),1/16,0.9738872946210139,0.9999999999998647,0.3780508619218297,0.010003110870083008,ULK1
gs_ind_0,Axon Guidance (GO:0007411),11/82,0.9615824746986621,0.9999999999998647,0.627446062060828,0.024580162157137077,FEZ1;PLXNA3;CDK5R1;EFNA4;SEMA4D;SEMA4A;RPS6KA5;SEMA7A;DAG1;TRIO;CYFIP2
gs_ind_0,Axon Regeneration (GO:0031103),1/5,0.6797672063173691,0.9999999999998647,1.3033509700176367,0.5030998387884896,MAPK8IP3
gs_ind_0,Axon guidance,22/122,0.7719446160815043,0.9999999999998647,0.8743811210292364,0.22632697115030073,RND1;CAMK2D;NFATC4;SRGAP3;PLXNA3;EFNA4;SSH1;PIK3R1;GNAI3;CFL2;SEMA4D;SEMA4A;FES;PPP3CA;RASA1;NCK2;SEMA7A;MYL5;PIK3R3;PARD6B;BMPR2;LIMK2
gs_ind_0,Axonal Fasciculation (GO:0007413),1/7,0.796950772203989,0.9999999999998647,0.9021719021719021,0.20475907168261248,CDK5R1
gs_ind_0,Axonal Transport (GO:0098930),6/33,0.6896471049708996,0.9999999999998647,0.9239324349971532,0.34331042948370866,KIF3A;BLOC1S5;SNAPIN;BLOC1S2;DST;BLOC1S3
gs_ind_0,Autophagosome Maturation (GO:0097352),6/38,0.8148382245634537,0.9999999999998647,0.7814678015095552,0.16001778805035846,CHMP6;VPS4B;TECPR1;CHMP2B;UVRAG;CHMP1B
gs_ind_0,Axonal Transport Of Mitochondrion (GO:0019896),1/8,0.8383192836348962,0.9999999999998647,0.7818181818181819,0.1378785183025454,TRAK2
gs_ind_0,Axoneme Assembly (GO:0035082),7/24,0.20169441164025526,0.9999999999998647,1.6771772805507745,2.685163410190523,TOGARAM1;TTC12;STK36;DNAAF2;DNAAF10;SPAG1;SPAG16
gs_ind_0,Axonogenesis (GO:0007409),16/111,0.9583488697616201,0.9999999999998647,0.6737579679082137,0.028663956500547188,ULK1;FEZ1;PLXNA3;CDK5R1;EFNA4;PARD6B;SEMA4D;BRSK1;SEMA4A;CYFIP2;RPS6KA5;SEMA7A;DAG1;TRIO;ATL1;RAB3A
gs_ind_0,B Cell Activation (GO:0042113),13/50,0.2040295721945201,0.9999999999998647,1.4092322549493,2.2399610474704885,PTPRJ;PTPRC;CD70;DNAJB9;MALT1;FCRLA;PIK3R1;BCL2;CR2;AKAP17A;CD79A;PIK3R3;RABL3
gs_ind_0,B Cell Activation Involved In Immune Response (GO:0002312),2/7,0.4333076099965977,0.9999999999998647,1.7777210760370343,1.486721268820039,LIG4;SANBR
gs_ind_0,B Cell Chemotaxis (GO:0035754),1/2,0.36582651410140676,0.9999999999998647,3.911014911014911,3.9329011974146835,CYP7B1
gs_ind_0,B Cell Differentiation (GO:0030183),8/36,0.45581636799708397,0.9999999999998647,1.1664791901012372,0.9164621672340194,PTPRJ;PTPRC;DNAJB9;PIK3R1;CR2;CD79A;PIK3R3;RABL3
gs_ind_0,B Cell Homeostasis (GO:0001782),3/6,0.10336734907900555,0.9999999999998647,3.912883041873897,8.880155572158289,TNFAIP3;NCKAP1L;PPP2R3C
gs_ind_0,B Cell Mediated Immunity (GO:0019724),2/5,0.27018544485746365,0.9999999999998647,2.7940199335548175,3.6563850298756777,IL9R;CD70
gs_ind_0,B Cell Proliferation (GO:0042100),4/9,0.09047082961658927,0.9999999999998647,3.2019521162515865,7.693419379716405,CR2;CD79A;PTPRC;CD70
gs_ind_0,B Cell Receptor Signaling Pathway (GO:0050853),8/19,0.02571749478744727,0.9999999999998647,2.8948780470764137,10.596943646334902,BCAR1;PTPRC;TEC;SYK;SH2B2;BCL2;NCKAP1L;CD79A
gs_ind_0,B cell receptor signaling pathway,19/59,0.02186708357119392,0.9999999999998647,1.8879571395294665,7.2172312121249265,PTPN6;PIK3R1;SYK;BCL10;INPP5D;NFKB1;CARD11;VAV2;PIK3AP1;CD72;PPP3CA;SOS2;NFKBIB;CD79A;PIK3R3;MALT1;NFKBIE;CR2;VAV1
gs_ind_0,BMP Signaling Pathway (GO:0030509),4/34,0.9366239135868697,0.9999999999998647,0.5762172742843161,0.03772693302468156,HFE;BMPR2;TGFB3;SMURF1
gs_ind_0,Bacterial invasion of epithelial cells,8/59,0.9343902267506315,0.9999999999998647,0.644307290992232,0.04372341848089726,BCAR1;SEPTIN1;PIK3R1;HCLS1;WASL;CTNNA3;PIK3R3;DNM1
gs_ind_0,Barbed-End Actin Filament Capping (GO:0051016),1/11,0.9183821192811181,0.9999999999998647,0.5583041297327012,0.04753497558033882,EPS8
gs_ind_0,Axonemal Dynein Complex Assembly (GO:0070286),7/24,0.20169441164025526,0.9999999999998647,1.6771772805507745,2.685163410190523,DNAL1;TTC12;DNAAF2;DNAAF10;DNAH7;SPAG1;DNAI3
gs_ind_0,Basal cell carcinoma,6/45,0.9191689531850171,0.9999999999998647,0.6426098676039217,0.05416258406234043,SUFU;GADD45B;TP53;WNT2B;FZD2;DDB2
gs_ind_0,Autophagosome Assembly (GO:0000045),14/52,0.15734149604725,0.9999999999998647,1.474658492369006,2.7271400724915895,RAB23;UBXN2B;ULK1;ATG2B;ATG16L2;RAB43;STX12;ATG14;GABARAPL1;TP53INP2;WIPI1;TP53INP1;UBXN2A;SMURF1
gs_ind_0,Autoimmune thyroid disease,2/15,0.8412494484890192,0.9999999999998647,0.7237815200926668,0.12511797883472436,HLA-DMA;CD80
gs_ind_0,Apoptotic Process (GO:0006915),33/160,0.4988758208154302,0.9999999999998647,1.027527848981809,0.7145408833426902,IFI27L1;MX1;BMF;PLSCR3;TCHP;NUDT2;IER3;IFI6;PYCARD;LIG4;PMAIP1;ZNF443;BBC3;CASP7;BAD;STK3;PLAGL1;TRAIP;PDCD1;FOXO1;CDK11B;RELT;BCL2;TRADD;PPARD;PLK3;MAP3K10;RRAGC;AIFM2;MAGEH1;GLRX2;BNIP1;CYFIP2
gs_ind_0,Arachidonic Acid Metabolic Process (GO:0019369),4/22,0.6832810987213362,0.9999999999998647,0.9509167328136996,0.36215562908814614,ABHD6;MGLL;PTGS1;PLA2G4C
gs_ind_0,Arachidonic acid metabolism,5/22,0.4743998704212109,0.9999999999998647,1.2291401967754512,0.916575627153152,ALOX5;JMJD7-PLA2G4B;PRXL2B;PTGS1;PLA2G4C
gs_ind_0,Arginine Catabolic Process (GO:0006527),1/4,0.5978508540253882,0.9999999999998647,1.6758743901601045,0.8620931884147255,DDAH2
gs_ind_0,Arginine Metabolic Process (GO:0006525),1/4,0.5978508540253882,0.9999999999998647,1.6758743901601045,0.8620931884147255,DDAH2
gs_ind_0,Arginine and proline metabolism,4/30,0.8868775329039789,0.9999999999998647,0.6634114879043613,0.07964147113519968,ALDH3A2;GATM;PYCR3;SAT2
gs_ind_0,Aromatic Amino Acid Family Catabolic Process (GO:0009074),4/6,0.018084094274765147,0.9999999999998647,7.04602792489167,28.273754764507046,KYNU;IL4I1;GSTZ1;KMO
gs_ind_0,Aromatic Amino Acid Transport (GO:0015801),1/6,0.7450017490315044,0.9999999999998647,1.0662906117451572,0.31388259496961246,SLC36A4
gs_ind_0,Aromatic Compound Biosynthetic Process (GO:0019438),1/3,0.49498852941534904,0.9999999999998647,2.3464165464165463,1.650048661813499,GCH1
gs_ind_0,Aromatic Compound Catabolic Process (GO:0019439),1/5,0.6797672063173691,0.9999999999998647,1.3033509700176367,0.5030998387884896,TET2
gs_ind_0,Arp2/3 Complex-Mediated Actin Nucleation (GO:0034314),2/13,0.7760853855691137,0.9999999999998647,0.84979603221645,0.21541711776620684,WHAMM;JMY
gs_ind_0,Arrhythmogenic right ventricular cardiomyopathy,6/36,0.7704178691463934,0.9999999999998647,0.8328484889968856,0.21722539526576418,ITGB8;CACNB3;ITGA7;CACNB1;DAG1;CTNNA3
gs_ind_0,Artery Development (GO:0060840),3/14,0.5656020552601939,0.9999999999998647,1.1900961920772326,0.6781936079104792,EFEMP2;BMPR2;SMAD7
gs_ind_0,Artery Morphogenesis (GO:0048844),2/20,0.9357767052616436,0.9999999999998647,0.527948156657058,0.03504435060623528,BMPR2;SMAD7
gs_ind_0,Autonomic Nervous System Development (GO:0048483),1/9,0.8712616767850634,0.9999999999998647,0.689782983900631,0.09506100349519497,SOX4
gs_ind_0,Ascorbate and aldarate metabolism,1/8,0.8383192836348962,0.9999999999998647,0.7818181818181819,0.1378785183025454,ALDH3A2
gs_ind_0,Aspartate Family Amino Acid Metabolic Process (GO:0009066),2/9,0.5747801384335589,0.9999999999998647,1.303448275862069,0.7218075267435339,MSRA;NIT2
gs_ind_0,Associative Learning (GO:0008306),1/11,0.9183821192811181,0.9999999999998647,0.5583041297327012,0.04753497558033882,BRSK1
gs_ind_0,Asthma,1/8,0.8383192836348962,0.9999999999998647,0.7818181818181819,0.1378785183025454,HLA-DMA
gs_ind_0,Astral Microtubule Organization (GO:0030953),1/7,0.796950772203989,0.9999999999998647,0.9021719021719021,0.20475907168261248,LIMK2
gs_ind_0,Astrocyte Activation (GO:0048143),1/5,0.6797672063173691,0.9999999999998647,1.3033509700176367,0.5030998387884896,IFNGR1
gs_ind_0,Astrocyte Development (GO:0014002),2/7,0.4333076099965977,0.9999999999998647,1.7777210760370343,1.486721268820039,IFNGR1;DLL1
gs_ind_0,Astrocyte Differentiation (GO:0048708),1/4,0.5978508540253882,0.9999999999998647,1.6758743901601045,0.8620931884147255,DLL1
gs_ind_0,Atrial Septum Development (GO:0003283),2/10,0.6351727324480614,0.9999999999998647,1.1500070758054626,0.5219402535113675,BMPR2;NPHP3
gs_ind_0,Atrial Septum Morphogenesis (GO:0060413),2/7,0.4333076099965977,0.9999999999998647,1.7777210760370343,1.486721268820039,BMPR2;SOX4
gs_ind_0,Atrioventricular Valve Development (GO:0003171),1/10,0.8974937817113968,0.9999999999998647,0.6171236171236171,0.06674135581913541,BMPR2
gs_ind_0,Atrioventricular Valve Formation (GO:0003190),1/5,0.6797672063173691,0.9999999999998647,1.3033509700176367,0.5030998387884896,HEY1
gs_ind_0,Atrioventricular Valve Morphogenesis (GO:0003181),3/17,0.703416858444551,0.9999999999998647,0.943637037569776,0.33197678677575543,HEY1;BMPR2;SOX4
gs_ind_0,Attachment Of GPI Anchor To Protein (GO:0016255),2/5,0.27018544485746365,0.9999999999998647,2.7940199335548175,3.6563850298756777,PGAP1;TP53INP2
gs_ind_0,Attachment Of Mitotic Spindle Microtubules To Kinetochore (GO:0051315),1/11,0.9183821192811181,0.9999999999998647,0.5583041297327012,0.04753497558033882,MIS12
gs_ind_0,Aspartate Family Amino Acid Catabolic Process (GO:0009068),1/6,0.7450017490315044,0.9999999999998647,1.0662906117451572,0.31388259496961246,PIPOX
gs_ind_0,Basal transcription factors,4/39,0.970633206659629,0.9999999999998647,0.4948564763642035,0.01475000393808961,GTF2F2;TAF3;GTF2H5;TAF5
gs_ind_0,Base Conversion Or Substitution Editing (GO:0016553),3/10,0.3332097623755485,0.9999999999998647,1.8254131236964544,2.0060981191955864,APOBEC3G;APOBEC3F;APOBEC3D
gs_ind_0,Base excision repair,4/33,0.9265042434326021,0.9999999999998647,0.5957990256481398,0.04548130359758708,PARP3;PARP2;MUTYH;NEIL2
gs_ind_0,C-terminal Protein Deglutamylation (GO:0035609),1/1,0.2036432488900496,0.9999999999998647,11.734006734006734,18.67332929974073,AGTPBP1
gs_ind_0,C-terminal Protein Lipidation (GO:0006501),1/3,0.49498852941534904,0.9999999999998647,2.3464165464165463,1.650048661813499,GPLD1
gs_ind_0,C-type lectin receptor signaling pathway,20/78,0.15399791637253504,0.9999999999998647,1.3724835684829233,2.567664503358987,CBLB;NFATC4;PIK3R1;IL23A;SYK;BCL10;BCL3;NFKB1;PYCARD;MAP3K14;RELB;CYLD;IKBKE;PPP3CA;NFKB2;ITPR2;IRF9;PIK3R3;PLK3;MALT1
gs_ind_0,CENP-A Containing Chromatin Assembly (GO:0034080),1/6,0.7450017490315044,0.9999999999998647,1.0662906117451572,0.31388259496961246,MIS18A
gs_ind_0,COPII Vesicle Coating (GO:0048208),2/18,0.9071587652944273,0.9999999999998647,0.5920390755996209,0.05768698489803892,TRAPPC6A;TRAPPC2B
gs_ind_0,COPII-coated Vesicle Budding (GO:0090114),2/34,0.9958201190803884,0.9999999999998647,0.3001788908765653,0.001257341622035895,TRAPPC2B;TRAPPC6A
gs_ind_0,Calcineurin-Mediated Signaling (GO:0097720),2/9,0.5747801384335589,0.9999999999998647,1.303448275862069,0.7218075267435339,NFATC4;PPP3CA
gs_ind_0,Calcium Import Into The Mitochondrion (GO:0036444),3/8,0.21111686342347444,0.9999999999998647,2.4896080976620043,3.8721956321797006,MCUB;MICU2;SMDT1
gs_ind_0,Calcium Ion Homeostasis (GO:0055074),6/45,0.9191689531850171,0.9999999999998647,0.6426098676039217,0.05416258406234043,ATP13A4;STIM2;SLC24A1;TPCN2;CYP27B1;CCL5
gs_ind_0,Calcium Ion Import Across Plasma Membrane (GO:0098703),1/11,0.9183821192811181,0.9999999999998647,0.5583041297327012,0.04753497558033882,SLC24A1
gs_ind_0,Calcium Ion Transmembrane Import Into Cytosol (GO:0097553),5/36,0.8839016294427622,0.9999999999998647,0.6820708055256137,0.08417401806171079,CACNB3;ITPR2;PTPRC;SLC24A1;PLCB2
gs_ind_0,Calcium Ion Transmembrane Transport (GO:0070588),9/46,0.6119044925253057,0.9999999999998647,0.990406687027809,0.48646703210189896,CACNB3;P2RX4;CACNB1;SLC24A1;MCOLN2;MCUB;MICU2;SLC35G1;SMDT1
gs_ind_0,Calcium Ion Transport (GO:0006816),9/55,0.8160216668105789,0.9999999999998647,0.7981239402440226,0.16227006761433083,CACNB3;CRACR2B;P2RX4;CACNB1;STIM2;MCOLN2;SLC24A1;CYP27B1;CCL5
gs_ind_0,Calcium Ion Transport Into Cytosol (GO:0060402),1/4,0.5978508540253882,0.9999999999998647,1.6758743901601045,0.8620931884147255,CACNB3
gs_ind_0,C-terminal Protein Amino Acid Modification (GO:0018410),2/7,0.4333076099965977,0.9999999999998647,1.7777210760370343,1.486721268820039,GPLD1;AGTPBP1
gs_ind_0,Calcium Ion-Regulated Exocytosis Of Neurotransmitter (GO:0048791),1/7,0.796950772203989,0.9999999999998647,0.9021719021719021,0.20475907168261248,SYT11
gs_ind_0,Calcium-Ion Regulated Exocytosis (GO:0017156),3/15,0.6156231394758771,0.9999999999998647,1.0947986523343494,0.5311090388707119,SYT11;VAMP2;RAB3A
gs_ind_0,Calcium-Mediated Signaling (GO:0019722),8/40,0.5855568153939499,0.9999999999998647,1.0225762988417657,0.5472747192164605,NCALD;EIF2AK3;PTPRJ;PTPRC;P2RX4;TPCN2;STIMATE;PPP3CA
gs_ind_0,Calcium-Mediated Signaling Using Intracellular Calcium Source (GO:0035584),3/10,0.3332097623755485,0.9999999999998647,1.8254131236964544,2.0060981191955864,STIMATE;PTPRJ;PTPRC
gs_ind_0,Camera-Type Eye Development (GO:0043010),1/14,0.958804759543803,0.9999999999998647,0.43412965635187856,0.018262884928106907,CEP290
gs_ind_0,Canonical Wnt Signaling Pathway (GO:0060070),5/47,0.9750241014519957,0.9999999999998647,0.505077767180078,0.012774976842387724,WNT2B;FZD2;DIXDC1;BCL9L;NR4A2
gs_ind_0,Carbohydrate Biosynthetic Process (GO:0016051),5/13,0.10544734724079009,0.9999999999998647,2.532452570047123,5.696862291280227,FUT8;FUT4;ST3GAL3;B3GALT4;ST6GALNAC6
gs_ind_0,Carbohydrate Catabolic Process (GO:0016052),4/27,0.8297302243867123,0.9999999999998647,0.7482867064813202,0.13967120219120238,CTBS;ENO3;DERA;MANBA
gs_ind_0,Carbohydrate Derivative Biosynthetic Process (GO:1901137),5/23,0.516943680160644,0.9999999999998647,1.1626047302720925,0.7671114183046762,B4GAT1;ALG6;RRM2B;DDR2;GK5
gs_ind_0,Carbohydrate Derivative Catabolic Process (GO:1901136),5/14,0.13769744367036255,0.9999999999998647,2.265692727564617,4.492180900330161,BPGM;DERA;FBXO17;MANBA;FUCA1
gs_ind_0,Carbohydrate digestion and absorption,3/20,0.8050898859562208,0.9999999999998647,0.781678164607733,0.16946887996429236,PLCB2;PIK3R1;PIK3R3
gs_ind_0,Carboxylic Acid Biosynthetic Process (GO:0046394),2/6,0.3535944927466926,0.9999999999998647,2.172948409516172,2.2590069951074945,PYCARD;NANP
gs_ind_0,Carboxylic Acid Catabolic Process (GO:0046395),2/13,0.7760853855691137,0.9999999999998647,0.84979603221645,0.21541711776620684,GNPDA2;IL4I1
gs_ind_0,Carboxylic Acid Metabolic Process (GO:0019752),2/17,0.8887155005535027,0.9999999999998647,0.6302868820653439,0.07436005923900754,LIPT1;LIPT2
gs_ind_0,Carboxylic Acid Transmembrane Transport (GO:1905039),5/21,0.43069196449947617,0.9999999999998647,1.30374056830952,1.0982217002562886,SLC38A6;SLC36A4;SLC27A1;SLC38A7;SLC7A7
gs_ind_0,Calcium signaling pathway,15/121,0.9922259342998135,0.9999999999998647,0.5668532049115437,0.004423972551650496,P2RX1;CAMK2D;ITPR2;MST1;P2RX4;MST1R;ITPKC;STIM2;MCOLN2;TPCN2;ERBB2;PPP3CA;SPHK2;PLCB2;GNA15
gs_ind_0,Butanoate metabolism,3/13,0.5117635076996409,0.9999999999998647,1.3035456441520936,0.8732356585687845,BDH2;AACS;L2HGDH
gs_ind_0,Brown Fat Cell Differentiation (GO:0050873),2/4,0.18640155558523228,0.9999999999998647,3.9119486768243785,6.571494931304808,ZNF516;SLC39A13
gs_ind_0,Breast cancer,17/112,0.9356011946939066,0.9999999999998647,0.7148221118756618,0.047582825356494725,GADD45B;SOS2;TP53;E2F1;WNT2B;HEY1;ESR2;E2F2;PIK3R1;BRCA2;DLL1;RB1;FZD2;ERBB2;NFKB2;PIK3R3;DDB2
gs_ind_0,Base-Excision Repair (GO:0006284),3/34,0.9799619908372442,0.9999999999998647,0.43376651157815926,0.008780081777218042,XPA;MUTYH;NEIL2
gs_ind_0,"Base-Excision Repair, AP Site Formation (GO:0006285)",2/11,0.6886104060141844,0.9999999999998647,1.028869286287089,0.38385015860250277,MUTYH;NEIL2
gs_ind_0,Basement Membrane Organization (GO:0071711),1/4,0.5978508540253882,0.9999999999998647,1.6758743901601045,0.8620931884147255,CTSS
gs_ind_0,Basic Amino Acid Transmembrane Transport (GO:1990822),1/6,0.7450017490315044,0.9999999999998647,1.0662906117451572,0.31388259496961246,SLC7A7
gs_ind_0,Basic Amino Acid Transport (GO:0015802),1/4,0.5978508540253882,0.9999999999998647,1.6758743901601045,0.8620931884147255,SLC7A7
gs_ind_0,Benzene-Containing Compound Metabolic Process (GO:0042537),3/6,0.10336734907900555,0.9999999999998647,3.912883041873897,8.880155572158289,KYNU;KYAT1;KMO
gs_ind_0,Bicarbonate Transport (GO:0015701),2/12,0.7354204812815023,0.9999999999998647,0.9308053614388819,0.2860484576995813,CYB5RL;SLC4A8
gs_ind_0,Bicellular Tight Junction Assembly (GO:0070830),1/21,0.9916490336667981,0.9999999999998647,0.28572601743333453,0.002396107241114433,ESAM
gs_ind_0,Bile Acid Biosynthetic Process (GO:0006699),2/16,0.8669156603053907,0.9999999999998647,0.6738102480435805,0.09622925683039828,CYP7B1;AMACR
gs_ind_0,Bile Acid Metabolic Process (GO:0008206),2/19,0.9227080233311012,0.9999999999998647,0.5581624470156948,0.0448999429825696,CYP7B1;AMACR
gs_ind_0,Bile Acid Metabolism,22/72,0.02639646113740917,0.9999999999998647,1.7472970057296286,6.350595218740131,MLYCD;EFHC1;NEDD4;OPTN;SLC23A1;PEX7;BCAR3;ATXN1;NUDT12;ABCD2;ABCA5;CROT;PAOX;PEX12;ACSL1;AMACR;ABCD1;PEX1;PECR;PIPOX;PHYH;CYP7B1
gs_ind_0,Bile secretion,1/29,0.9986535995021559,0.9999999999998647,0.2053872053872054,0.00027671976523013694,NCEH1
gs_ind_0,Biogenic Amine Biosynthetic Process (GO:0042401),1/4,0.5978508540253882,0.9999999999998647,1.6758743901601045,0.8620931884147255,MOXD1
gs_ind_0,Biomineral Tissue Development (GO:0031214),1/5,0.6797672063173691,0.9999999999998647,1.3033509700176367,0.5030998387884896,DDR2
gs_ind_0,Biosynthesis of unsaturated fatty acids,2/20,0.9357767052616436,0.9999999999998647,0.527948156657058,0.03504435060623528,HACD2;ACOX3
gs_ind_0,Bladder cancer,6/31,0.6263630585514578,0.9999999999998647,0.9965614638339678,0.46621647669900906,TP53;E2F1;RPS6KA5;ERBB2;E2F2;RB1
gs_ind_0,Blood Circulation (GO:0008015),3/21,0.8317210846862813,0.9999999999998647,0.7393645851852173,0.13623393520139163,SCPEP1;TBC1D8;RANGRF
gs_ind_0,Branched-Chain Amino Acid Transport (GO:0015803),2/7,0.4333076099965977,0.9999999999998647,1.7777210760370343,1.486721268820039,SLC43A2;SLC7A7
gs_ind_0,Branched-Chain Amino Acid Metabolic Process (GO:0009081),2/12,0.7354204812815023,0.9999999999998647,0.9308053614388819,0.2860484576995813,DBT;PCCA
gs_ind_0,Branched-Chain Amino Acid Catabolic Process (GO:0009083),2/11,0.6886104060141844,0.9999999999998647,1.028869286287089,0.38385015860250277,ALDH6A1;DBT
gs_ind_0,Brain Morphogenesis (GO:0048854),1/9,0.8712616767850634,0.9999999999998647,0.689782983900631,0.09506100349519497,MKKS
gs_ind_0,Brain Development (GO:0007420),16/115,0.9717521077179246,0.9999999999998647,0.64645848867343,0.018523970790247066,ROGDI;CDK5R1;CTNS;ZFHX2;UTP3;IER3IP1;DNAJC30;MATCAP1;ATXN1;MEIS2;POU6F1;SYNJ1;PBX4;MKKS;CLN5;ZNF335
gs_ind_0,Box C/D snoRNP Assembly (GO:0000492),3/8,0.21111686342347444,0.9999999999998647,2.4896080976620043,3.8721956321797006,PIH1D2;ZNHIT6;NUFIP1
gs_ind_0,Apoptotic Nuclear Changes (GO:0030262),2/10,0.6351727324480614,0.9999999999998647,1.1500070758054626,0.5219402535113675,DFFB;EXOG
gs_ind_0,Bone Resorption (GO:0045453),2/6,0.3535944927466926,0.9999999999998647,2.172948409516172,2.2590069951074945,IL7;RAB3D
gs_ind_0,Bone Development (GO:0060348),4/26,0.8059597139185256,0.9999999999998647,0.7816080885893115,0.16860968527122933,OSR2;MBTPS2;PTPRC;TP53
gs_ind_0,Blood Vessel Morphogenesis (GO:0048514),6/31,0.6263630585514578,0.9999999999998647,0.9965614638339678,0.46621647669900906,ITGB8;RASA1;GLMN;SYK;SMAD7;TBX6
gs_ind_0,Blood Vessel Endothelial Cell Migration (GO:0043534),2/16,0.8669156603053907,0.9999999999998647,0.6738102480435805,0.09622925683039828,GPLD1;PIK3R3
gs_ind_0,Blood Vessel Diameter Maintenance (GO:0097746),2/17,0.8887155005535027,0.9999999999998647,0.6302868820653439,0.07436005923900754,PER2;SCPEP1
gs_ind_0,"Blood Coagulation, Intrinsic Pathway (GO:0007597)",1/2,0.36582651410140676,0.9999999999998647,3.911014911014911,3.9329011974146835,F8
gs_ind_0,"Blood Coagulation, Fibrin Clot Formation (GO:0072378)",1/3,0.49498852941534904,0.9999999999998647,2.3464165464165463,1.650048661813499,F8
gs_ind_0,Bone Morphogenesis (GO:0060349),2/7,0.4333076099965977,0.9999999999998647,1.7777210760370343,1.486721268820039,BMPR2;OSR2
gs_ind_0,Carboxylic Acid Transport (GO:0046942),5/25,0.5971516983179352,0.9999999999998647,1.049007592339529,0.5408516320669873,SLC16A13;SLC16A5;SLC17A5;SLC16A6;SLC43A2
gs_ind_0,Apoptotic Mitochondrial Changes (GO:0008637),4/28,0.8510236359077189,0.9999999999998647,0.7176854371984711,0.11577369652446345,BAD;BCL2;BBC3;IFI6
gs_ind_0,Apoptotic Cell Clearance (GO:0043277),2/19,0.9227080233311012,0.9999999999998647,0.5581624470156948,0.0448999429825696,XKR9;XKR8
gs_ind_0,Activation Of NF-kappaB-inducing Kinase Activity (GO:0007250),3/11,0.3947032014005075,0.9999999999998647,1.6105265144723058,1.4971795674609456,MALT1;TLR6;TIRAP
gs_ind_0,Activation Of Phospholipase C Activity (GO:0007202),4/11,0.16922725830899113,0.9999999999998647,2.3477130476649015,4.170742147653361,RASGRP4;PLCB2;GNA15;ANG
gs_ind_0,Activation Of Protein Kinase Activity (GO:0032147),8/55,0.8969740221099745,0.9999999999998647,0.6987947935079544,0.07597882459353446,CAB39L;ANG;TIRAP;MALT1;INSR;PIBF1;TLR6;BORA
gs_ind_0,Activation Of Protein Kinase B Activity (GO:0032148),2/15,0.8412494484890192,0.9999999999998647,0.7237815200926668,0.12511797883472436,INSR;ANG
gs_ind_0,Actomyosin Structure Organization (GO:0031032),2/48,0.9997658262106686,0.9999999999998647,0.20956101094239077,4.907944281236589e-05,ALKBH4;KCTD13
gs_ind_0,Acute Inflammatory Response (GO:0002526),1/10,0.8974937817113968,0.9999999999998647,0.6171236171236171,0.06674135581913541,APOL2
gs_ind_0,Acute myeloid leukemia,7/53,0.9354603215965955,0.9999999999998647,0.6296929654100272,0.042010941129133665,PER2;PIK3R1;BAD;PIK3R3;PPARD;NFKB1;SOS2
gs_ind_0,Acute-Phase Response (GO:0006953),1/5,0.6797672063173691,0.9999999999998647,1.3033509700176367,0.5030998387884896,APOL2
gs_ind_0,Acylglycerol Biosynthetic Process (GO:0046463),1/12,0.9350149954629013,0.9999999999998647,0.5097141184097705,0.03424907390651992,ANG
gs_ind_0,Acylglycerol Catabolic Process (GO:0046464),3/15,0.6156231394758771,0.9999999999998647,1.0947986523343494,0.5311090388707119,ABHD6;MGLL;LIPC
gs_ind_0,Acylglycerol Homeostasis (GO:0055090),1/7,0.796950772203989,0.9999999999998647,0.9021719021719021,0.20475907168261248,LIPC
gs_ind_0,Acylglycerol Metabolic Process (GO:0006639),7/24,0.20169441164025526,0.9999999999998647,1.6771772805507745,2.685163410190523,DGKQ;ABHD6;DGKA;DGKE;MGLL;DGKH;GK5
gs_ind_0,Adaptive Immune Response Based On Somatic Recombination Of Immune Receptors Built From Immunoglobulin Superfamily Domains (GO:0002460),6/15,0.06577353236503242,0.9999999999998647,2.6784968684759916,7.289630381701658,MYO1G;CD70;BTN3A2;CR2;BTN3A3;IL18BP
gs_ind_0,Adenine Nucleotide Transport (GO:0051503),2/12,0.7354204812815023,0.9999999999998647,0.9308053614388819,0.2860484576995813,SLC35B3;LRRC8C
gs_ind_0,Activation Of Cysteine-Type Endopeptidase Activity Involved In Apoptotic Process (GO:0006919),9/51,0.7376838829856357,0.9999999999998647,0.8735289389827624,0.26576234742091215,PYCARD;EIF2AK3;BBC3;ST20;NOD1;CARD8;BAD;CRADD;KHDC1
gs_ind_0,Adenosine Metabolic Process (GO:0046085),1/3,0.49498852941534904,0.9999999999998647,2.3464165464165463,1.650048661813499,ADA
gs_ind_0,Adenylate Cyclase-Activating G Protein-Coupled Receptor Signaling Pathway (GO:0007189),2/43,0.9993370596052698,0.9999999999998647,0.23490594293774938,0.00015578028076325764,PTGIR;GPR157
gs_ind_0,Adenylate Cyclase-Inhibiting G Protein-Coupled Receptor Signaling Pathway (GO:0007193),2/22,0.9558870236074068,0.9999999999998647,0.4763627828740196,0.021491368499665764,GNAI3;AKAP5
gs_ind_0,Adenylate Cyclase-Modulating G Protein-Coupled Receptor Signaling Pathway (GO:0007188),6/62,0.9925267863674467,0.9999999999998647,0.4486300737155209,0.0033652989028456048,AKAP5;GNAI3;GRK5;PTGIR;GNA15;GPR157
gs_ind_0,Adherens Junction Assembly (GO:0034333),1/6,0.7450017490315044,0.9999999999998647,1.0662906117451572,0.31388259496961246,SMAD7
gs_ind_0,Adherens Junction Organization (GO:0034332),1/13,0.948259129620717,0.9999999999998647,0.4688985088985089,0.02491139174442143,SMAD7
gs_ind_0,Adherens junction,8/56,0.9077156851386932,0.9999999999998647,0.6843303276339353,0.06625964857775198,PTPN6;PTPRJ;INSR;WAS;WASL;ERBB2;FER;CTNNA3
gs_ind_0,Adipocytokine signaling pathway,6/51,0.9632900892239343,0.9999999999998647,0.557594806029044,0.020854423588632834,ACSL1;PRKAB2;NFKBIE;TRADD;NFKBIB;NFKB1
gs_ind_0,Adipogenesis,16/162,0.9998976302260111,0.9999999999998647,0.43735659013191647,4.4774387095415904e-05,NKIRAS1;DNAJB9;RAB34;ITGA7;SLC27A1;IFNGR1;COQ3;MGLL;ME1;ACAA2;DBT;CCNG2;PIM3;PFKFB3;PHYH;ELMOD3
gs_ind_0,Adiponectin-Activated Signaling Pathway (GO:0033211),2/5,0.27018544485746365,0.9999999999998647,2.7940199335548175,3.6563850298756777,SLC27A1;APPL1
gs_ind_0,Adipose Tissue Development (GO:0060612),3/10,0.3332097623755485,0.9999999999998647,1.8254131236964544,2.0060981191955864,DYRK1B;ZNF516;PGRMC2
gs_ind_0,Adrenergic Receptor Signaling Pathway (GO:0071875),2/10,0.6351727324480614,0.9999999999998647,1.1500070758054626,0.5219402535113675,ZDHHC21;AKAP13
gs_ind_0,Adrenergic signaling in cardiomyocytes,11/86,0.975530615541834,0.9999999999998647,0.594007884810608,0.014715793896699025,CAMK2D;CREB3L4;CACNB3;CACNB1;PPP2R3C;BCL2;GNAI3;CREB3;PPP2R5B;RPS6KA5;PLCB2
gs_ind_0,Adult Feeding Behavior (GO:0008343),1/3,0.49498852941534904,0.9999999999998647,2.3464165464165463,1.650048661813499,GHRL
gs_ind_0,Adult Locomotory Behavior (GO:0008344),1/9,0.8712616767850634,0.9999999999998647,0.689782983900631,0.09506100349519497,BTBD9
gs_ind_0,Adenylate Cyclase-Activating Adrenergic Receptor Signaling Pathway (GO:0071880),1/8,0.8383192836348962,0.9999999999998647,0.7818181818181819,0.1378785183025454,AKAP13
gs_ind_0,Aerobic Electron Transport Chain (GO:0019646),1/59,0.9999985779659437,0.9999999999998647,0.09981376648043315,1.4193867614224264e-07,UQCC3
gs_ind_0,Activation Of Cysteine-Type Endopeptidase Activity (GO:0097202),3/12,0.45456002967759573,0.9999999999998647,1.4408791914006096,1.1360256023861053,CYFIP2;TBC1D10A;BAD
gs_ind_0,Action Potential (GO:0001508),1/15,0.9672015674762875,0.9999999999998647,0.40415650760478344,0.013477956327923916,GNA15
gs_ind_0,2-Oxoglutarate Metabolic Process (GO:0006103),3/12,0.45456002967759573,0.9999999999998647,1.4408791914006096,1.1360256023861053,PHYH;L2HGDH;ADHFE1
gs_ind_0,3'-UTR-mediated mRNA Destabilization (GO:0061158),2/14,0.8111659406206002,0.9999999999998647,0.7817481956696071,0.1636063210775793,ZFP36;ZC3H12A
gs_ind_0,3'-UTR-mediated mRNA Stabilization (GO:0070935),3/11,0.3947032014005075,0.9999999999998647,1.6105265144723058,1.4971795674609456,ZFP36;HNRNPA0;TIRAP
gs_ind_0,7-Methylguanosine RNA Capping (GO:0009452),2/5,0.27018544485746365,0.9999999999998647,2.7940199335548175,3.6563850298756777,CMTR2;RNGTT
gs_ind_0,7-Methylguanosine mRNA Capping (GO:0006370),2/5,0.27018544485746365,0.9999999999998647,2.7940199335548175,3.6563850298756777,CMTR2;RNGTT
gs_ind_0,ABC transporters,4/22,0.6832810987213362,0.9999999999998647,0.9509167328136996,0.36215562908814614,ABCD2;ABCD1;ABCA5;TAP2
gs_ind_0,AGE-RAGE signaling pathway in diabetic complications,7/69,0.992512589004734,0.9999999999998647,0.46787469879518073,0.003516350835520429,FOXO1;NFKB1;TGFB3;PIK3R1;PIK3R3;BCL2;PLCB2
gs_ind_0,AMP Biosynthetic Process (GO:0006167),1/8,0.8383192836348962,0.9999999999998647,0.7818181818181819,0.1378785183025454,NUDT2
gs_ind_0,AMP Metabolic Process (GO:0046033),2/9,0.5747801384335589,0.9999999999998647,1.303448275862069,0.7218075267435339,NUDT2;AK9
gs_ind_0,AMPK signaling pathway,14/91,0.9092798828004297,0.9999999999998647,0.7302226538763172,0.06944587604051158,SIRT1;ULK1;CAB39L;CREB3L4;FOXO1;PRKAB2;MLYCD;INSR;PIK3R1;PPP2R3C;CREB3;PPP2R5B;PFKFB3;PIK3R3
gs_ind_0,ATF6-mediated Unfolded Protein Response (GO:0036500),1/5,0.6797672063173691,0.9999999999998647,1.3033509700176367,0.5030998387884896,MBTPS2
gs_ind_0,ATP Biosynthetic Process (GO:0006754),1/22,0.9933519865267691,0.9999999999998647,0.27241406311173755,0.0018170589927772288,NUDT2
gs_ind_0,ATP Metabolic Process (GO:0046034),4/27,0.8297302243867123,0.9999999999998647,0.7482867064813202,0.13967120219120238,BAD;NUDT2;NMNAT1;CTNS
gs_ind_0,ATP Synthesis Coupled Electron Transport (GO:0042773),1/6,0.7450017490315044,0.9999999999998647,1.0662906117451572,0.31388259496961246,TAFAZZIN
gs_ind_0,Activation Of Adenylate Cyclase Activity (GO:0007190),1/9,0.8712616767850634,0.9999999999998647,0.689782983900631,0.09506100349519497,SERPINB8
gs_ind_0,Acetylcholine Receptor Signaling Pathway (GO:0095500),1/9,0.8712616767850634,0.9999999999998647,0.689782983900631,0.09506100349519497,CDK5R1
gs_ind_0,Actin Crosslink Formation (GO:0051764),2/8,0.5073711921876385,0.9999999999998647,1.5041021528591696,1.0205519747850815,GAS2;EPS8
gs_ind_0,Actin Cytoskeleton Reorganization (GO:0031532),7/39,0.7074611537359483,0.9999999999998647,0.9019833178869323,0.31215167351036943,S1PR1;BCAR1;FER;S1PR2;WHAMM;RAP2A;SIPA1L1
gs_ind_0,Actin Filament Bundle Assembly (GO:0051017),3/20,0.8050898859562208,0.9999999999998647,0.781678164607733,0.16946887996429236,LIMD2;AIF1;EPS8
gs_ind_0,Actin Filament Bundle Organization (GO:0061572),3/19,0.7749900719826985,0.9999999999998647,0.8291206627481295,0.21134705233127382,LIMD2;AIF1;EPS8
gs_ind_0,Actin Filament Capping (GO:0051693),1/11,0.9183821192811181,0.9999999999998647,0.5583041297327012,0.04753497558033882,EPS8
gs_ind_0,Actin Filament Depolymerization (GO:0030042),1/6,0.7450017490315044,0.9999999999998647,1.0662906117451572,0.31388259496961246,CFL2
gs_ind_0,Actin Filament Network Formation (GO:0051639),2/6,0.3535944927466926,0.9999999999998647,2.172948409516172,2.2590069951074945,CARMIL1;CARMIL2
gs_ind_0,Actin Filament Organization (GO:0007015),19/90,0.47174465602833604,0.9999999999998647,1.066675462901878,0.801411859721025,RND1;TLE6;MYO6;CARMIL1;MARCKS;BCAR1;RHOF;GHRL;WHAMM;HCLS1;WAS;CORO1A;EPS8;GAS2;MYO1G;CARMIL2;SERPINB8;WASL;AIF1
gs_ind_0,Actin Filament Polymerization (GO:0030041),4/22,0.6832810987213362,0.9999999999998647,0.9509167328136996,0.36215562908814614,WASL;WAS;PREX1;ANG
gs_ind_0,Actin Filament Reorganization (GO:0090527),1/5,0.6797672063173691,0.9999999999998647,1.3033509700176367,0.5030998387884896,WHAMM
gs_ind_0,Actin Filament-Based Transport (GO:0099515),3/11,0.3947032014005075,0.9999999999998647,1.6105265144723058,1.4971795674609456,MYO6;WASL;MYO1G
gs_ind_0,Actin Nucleation (GO:0045010),2/15,0.8412494484890192,0.9999999999998647,0.7237815200926668,0.12511797883472436,WHAMM;JMY
gs_ind_0,Actin Polymerization Or Depolymerization (GO:0008154),7/40,0.7333196497478871,0.9999999999998647,0.8749865132170473,0.27139770617969194,ANG;GHRL;WASL;WAS;PREX1;AIF1;CFL2
gs_ind_0,Actin-Mediated Cell Contraction (GO:0070252),3/6,0.10336734907900555,0.9999999999998647,3.912883041873897,8.880155572158289,CCDC88C;CAMK2D;EPDR1
gs_ind_0,Acid Secretion (GO:0046717),1/3,0.49498852941534904,0.9999999999998647,2.3464165464165463,1.650048661813499,GHRL
gs_ind_0,Aerobic Respiration (GO:0009060),4/56,0.9983445408584527,0.9999999999998647,0.3341495288534287,0.0005536292740474325,SLC25A14;SURF1;TEFM;SIRT3
gs_ind_0,African trypanosomiasis,2/17,0.8887155005535027,0.9999999999998647,0.6302868820653439,0.07436005923900754,APOL1;PLCB2
gs_ind_0,Alanine Transport (GO:0032328),1/6,0.7450017490315044,0.9999999999998647,1.0662906117451572,0.31388259496961246,SLC36A4
gs_ind_0,Amyotrophic lateral sclerosis,23/279,0.9999999933019794,0.9999999999998647,0.3533200566948347,2.3665450199194756e-09,ERN1;EIF2AK3;C9orf72;ANG;CHMP2B;DNAH7;MAP3K5;MAP2K6;TP53;OPTN;BAD;PPP3CA;ULK1;ALS2;MAP2K3;BCL2;SMCR8;WIPI1;ATG2B;FIG4;DNAL1;ATG14;GABARAPL1
gs_ind_0,Anaphase-Promoting Complex-Dependent Catabolic Process (GO:0031145),1/20,0.9895100286579079,0.9999999999998647,0.3004033004033004,0.003167866629969656,UBE2C
gs_ind_0,Androgen Biosynthetic Process (GO:0006702),1/4,0.5978508540253882,0.9999999999998647,1.6758743901601045,0.8620931884147255,SRD5A1
gs_ind_0,Androgen Response,8/84,0.9976753170852121,0.9999999999998647,0.43285660720981306,0.0010074257863085792,RAB4A;HSD17B14;DNAJB9;ARID5B;ELK4;SLC26A2;GNAI3;ZBTB10
gs_ind_0,Angiogenesis,1/18,0.9834488709535161,0.9999999999998647,0.3347900776472205,0.005587522300482694,VAV2
gs_ind_0,Anoikis (GO:0043276),1/7,0.796950772203989,0.9999999999998647,0.9021719021719021,0.20475907168261248,BMF
gs_ind_0,Anterior/Posterior Pattern Specification (GO:0009952),3/37,0.9882294788745641,0.9999999999998647,0.3959500275532056,0.0046881837951800835,HEY1;BMPR2;HOXB4
gs_ind_0,Anterograde Axonal Protein Transport (GO:0099641),1/5,0.6797672063173691,0.9999999999998647,1.3033509700176367,0.5030998387884896,MAPK8IP3
gs_ind_0,Anterograde Axonal Transport (GO:0008089),8/34,0.3878726554393023,0.9999999999998647,1.254721529081102,1.188319408344245,KIF3A;BLOC1S5;DLG2;SNAPIN;BLOC1S2;TRAK2;MAPK8IP3;BLOC1S3
gs_ind_0,Anterograde Synaptic Vesicle Transport (GO:0048490),4/15,0.3655177183974608,0.9999999999998647,1.5306148081472022,1.540472769277779,SNAPIN;BLOC1S5;BLOC1S2;BLOC1S3
gs_ind_0,Anterograde Trans-Synaptic Signaling (GO:0098916),6/73,0.9986795567031943,0.9999999999998647,0.3751797726745535,0.0004957309803262816,CHRNA5;CACNB3;DLG2;CACNB1;DLG4;ATXN3
gs_ind_0,Antigen Processing And Presentation Of Endogenous Peptide Antigen (GO:0002483),3/16,0.6615859657744176,0.9999999999998647,1.0136192666274488,0.4187416761244309,HFE;TAP2;ERAP2
gs_ind_0,Antigen Processing And Presentation Of Endogenous Peptide Antigen Via MHC Class I (GO:0019885),2/5,0.27018544485746365,0.9999999999998647,2.7940199335548175,3.6563850298756777,TAP2;ERAP2
gs_ind_0,Antigen Processing And Presentation Of Exogenous Peptide Antigen (GO:0002478),3/16,0.6615859657744176,0.9999999999998647,1.0136192666274488,0.4187416761244309,CTSS;HLA-DMA;MFSD6
gs_ind_0,Amyloid-Beta Metabolic Process (GO:0050435),1/12,0.9350149954629013,0.9999999999998647,0.5097141184097705,0.03424907390651992,APH1B
gs_ind_0,Antigen Processing And Presentation Of Exogenous Peptide Antigen Via MHC Class I (GO:0042590),1/4,0.5978508540253882,0.9999999999998647,1.6758743901601045,0.8620931884147255,MFSD6
gs_ind_0,Antigen Processing And Presentation Of Peptide Antigen Via MHC Class I (GO:0002474),5/15,0.17365939932302765,0.9999999999998647,2.0497442836502073,3.5884040430012765,HFE;TAPBPL;TAP2;ERAP2;MFSD6
gs_ind_0,Antigen Processing And Presentation Of Peptide Antigen Via MHC Class II (GO:0002495),2/15,0.8412494484890192,0.9999999999998647,0.7237815200926668,0.12511797883472436,HLA-DMA;CTSS
gs_ind_0,Antigen Receptor-Mediated Signaling Pathway (GO:0050851),22/72,0.02639646113740917,0.9999999999998647,1.7472970057296286,6.350595218740131,ZC3H12A;BTN3A2;SYK;BTN2A2;INPP5D;BCL10;PTPRJ;DENND1B;SH2B2;BCAR1;PTPRC;BTN2A3P;BCL2;BTN3A1;NCKAP1L;CD79A;PTPN22;TEC;MALT1;BTN2A1;BTN3A3;THEMIS2
gs_ind_0,Antigen processing and presentation,4/40,0.9749494048965845,0.9999999999998647,0.4812591923282395,0.012209402171169862,RFXAP;HLA-DMA;TAP2;CTSS
gs_ind_0,Antiviral Innate Immune Response (GO:0140374),11/37,0.11531866101220656,0.9999999999998647,1.6992027338308533,3.6703730898960187,MX1;SENP7;DHX58;RIGI;CARD8;IFIT3;TRIM6;IFIH1;UBE2W;IFIT1;MARCHF2
gs_ind_0,Aorta Development (GO:0035904),1/7,0.796950772203989,0.9999999999998647,0.9021719021719021,0.20475907168261248,EFEMP2
gs_ind_0,Aorta Morphogenesis (GO:0035909),2/12,0.7354204812815023,0.9999999999998647,0.9308053614388819,0.2860484576995813,EFEMP2;HEY1
gs_ind_0,Aortic Valve Development (GO:0003176),3/26,0.9225999915368105,0.9999999999998647,0.5818140235056375,0.04687065673583295,HEY1;BMPR2;RB1
gs_ind_0,Aortic Valve Morphogenesis (GO:0003180),2/24,0.9698826975751649,0.9999999999998647,0.4339481422079658,0.013270197168590993,HEY1;RB1
gs_ind_0,Apelin signaling pathway,10/89,0.992275015381909,0.9999999999998647,0.514731179859651,0.003991728394804105,ACTA2;ITPR2;GNG7;BORCS8-MEF2B;PRKAB2;GABARAPL1;GNAI3;MEF2B;SPHK2;PLCB2
gs_ind_0,Apical Junction,12/117,0.9988886918924803,0.9999999999998647,0.46106537844154755,0.0005126706134552701,VAV2;PTPRC;CD274;RHOF;TMEM8B;RASA1;SYK;SGCE;WASL;THBS3;MAP4K2;PIK3R3
gs_ind_0,Apical Junction Assembly (GO:0043297),2/26,0.9795449201430425,0.9999999999998647,0.3984583408343289,0.008235011197004182,FBF1;ESAM
gs_ind_0,Apical Surface,4/30,0.8868775329039789,0.9999999999998647,0.6634114879043613,0.07964147113519968,PLAUR;DCBLD2;GHRL;TMEM8B
gs_ind_0,Apoptosis,22/111,0.5945757623185464,0.9999999999998647,0.9827397297333856,0.510933394635549,ERN1;EIF2AK3;DFFB;PIK3R1;MAP3K5;NFKB1;MAP3K14;PMAIP1;TP53;BBC3;CASP7;BAD;PARP3;PARP2;ITPR2;CTSO;TNFSF10;BCL2;TRADD;PIK3R3;GADD45B;CTSS
gs_ind_0,Antigen Processing And Presentation Of Exogenous Peptide Antigen Via MHC Class II (GO:0019886),2/14,0.8111659406206002,0.9999999999998647,0.7817481956696071,0.1636063210775793,HLA-DMA;CTSS
gs_ind_0,Amyloid-Beta Formation (GO:0034205),1/8,0.8383192836348962,0.9999999999998647,0.7818181818181819,0.1378785183025454,APH1B
gs_ind_0,Amyloid Precursor Protein Metabolic Process (GO:0042982),2/15,0.8412494484890192,0.9999999999998647,0.7237815200926668,0.12511797883472436,APH1B;ADAM19
gs_ind_0,Amyloid Precursor Protein Catabolic Process (GO:0042987),2/12,0.7354204812815023,0.9999999999998647,0.9308053614388819,0.2860484576995813,APH1B;ADAM19
gs_ind_0,"Alanine, aspartate and glutamate metabolism",2/24,0.9698826975751649,0.9999999999998647,0.4339481422079658,0.013270197168590993,IL4I1;NIT2
gs_ind_0,Alcoholism,12/120,0.9992629437614572,0.9999999999998647,0.4482058050428019,0.00033047468893991454,CREB3L4;H2BC14;GNG7;HDAC10;GNAI3;CREB3;H2BC6;CAMKK1;PKIA;H2AC14;SOS2;FOSB
gs_ind_0,Aldehyde Biosynthetic Process (GO:0046184),1/4,0.5978508540253882,0.9999999999998647,1.6758743901601045,0.8620931884147255,DDR2
gs_ind_0,Alditol Metabolic Process (GO:0019400),3/5,0.06072572167688534,0.9999999999998647,5.478485480506979,15.347363043995708,GK5;COQ2;COQ3
gs_ind_0,Aldosterone synthesis and secretion,6/55,0.9790185472133567,0.9999999999998647,0.5123679382552034,0.01086460410181341,CAMK2D;CREB3L4;ITPR2;CREB3;NR4A2;PLCB2
gs_ind_0,Aldosterone-regulated sodium reabsorption,3/24,0.8935907530633411,0.9999999999998647,0.6360407284558184,0.07155927544861866,INSR;PIK3R3;PIK3R1
gs_ind_0,Allograft Rejection,26/119,0.37843056551439874,0.9999999999998647,1.1089985989252953,1.0776390789022174,PTPN6;CD80;UBE2D1;IL27RA;BCL10;IRF7;CCL5;BCL3;GLMN;IL12RB1;PTPRC;MAP4K1;TLR6;HCLS1;IL7;LTB;WAS;HLA-DMA;CD79A;SOCS1;TAP2;ST8SIA4;IFNGR1;TLR1;CTSS;FGR
gs_ind_0,Allograft rejection,2/15,0.8412494484890192,0.9999999999998647,0.7237815200926668,0.12511797883472436,HLA-DMA;CD80
gs_ind_0,Alpha-Amino Acid Catabolic Process (GO:1901606),4/11,0.16922725830899113,0.9999999999998647,2.3477130476649015,4.170742147653361,KYNU;IL4I1;ALDH6A1;KMO
gs_ind_0,Alpha-Amino Acid Metabolic Process (GO:1901605),5/17,0.25419710850453286,0.9999999999998647,1.7215026489003051,2.357848003698116,DDAH2;KYAT1;KMO;ALDH6A1;SRR
gs_ind_0,"Alternative mRNA Splicing, Via Spliceosome (GO:0000380)",1/15,0.9672015674762875,0.9999999999998647,0.40415650760478344,0.013477956327923916,SLU7
gs_ind_0,Alzheimer disease,20/270,0.9999999991908043,0.9999999999998647,0.3154507246194818,2.552613733200351e-10,ERN1;EIF2AK3;CDK5R1;PIK3R1;MAP3K5;NFKB1;PLCB2;WNT2B;CASP7;BAD;PPP3CA;ULK1;ITPR2;WIPI1;FZD2;PIK3R3;ATG2B;INSR;ATG14;APH1B
gs_ind_0,Ameboidal-Type Cell Migration (GO:0001667),2/13,0.7760853855691137,0.9999999999998647,0.84979603221645,0.21541711776620684,AMOT;SRGAP3
gs_ind_0,Amide Biosynthetic Process (GO:0043604),4/32,0.9149494261049113,0.9999999999998647,0.6167549350024073,0.05482117966687333,NANP;CERS6;SMPD1;SPTSSA
gs_ind_0,Amide Transport (GO:0042886),2/18,0.9071587652944273,0.9999999999998647,0.5920390755996209,0.05768698489803892,DISP1;SLC27A1
gs_ind_0,Amine Transport (GO:0015837),1/3,0.49498852941534904,0.9999999999998647,2.3464165464165463,1.650048661813499,SLC44A1
gs_ind_0,Amino Acid Catabolic Process (GO:0009063),5/19,0.34163623058366105,0.9999999999998647,1.4838104306331343,1.5936254025552787,KYNU;IL4I1;KMO;DBT;ALDH6A1
gs_ind_0,Amphetamine addiction,6/36,0.7704178691463934,0.9999999999998647,0.8328484889968856,0.21722539526576418,SIRT1;CAMK2D;CREB3L4;CREB3;PPP3CA;FOSB
gs_ind_0,Amoebiasis,6/50,0.9579449792378858,0.9999999999998647,0.5701719406066008,0.024497400712767667,NFKB1;TGFB3;PIK3R1;PIK3R3;PLCB2;GNA15
gs_ind_0,Aminophospholipid Transport (GO:0015917),1/2,0.36582651410140676,0.9999999999998647,3.911014911014911,3.9329011974146835,ATP8A1
gs_ind_0,Aminoglycan Metabolic Process (GO:0006022),2/5,0.27018544485746365,0.9999999999998647,2.7940199335548175,3.6563850298756777,XYLT2;B4GALT7
gs_ind_0,Aminoglycan Catabolic Process (GO:0006026),5/8,0.01124667009085416,0.9999999999998647,6.152764718023989,27.611658772921214,CHIT1;CTBS;IDUA;FUCA1;SGSH
gs_ind_0,Aminoglycan Biosynthetic Process (GO:0006023),3/12,0.45456002967759573,0.9999999999998647,1.4408791914006096,1.1360256023861053,B4GAT1;XYLT2;B4GALT7
gs_ind_0,Apoptotic DNA Fragmentation (GO:0006309),2/6,0.3535944927466926,0.9999999999998647,2.172948409516172,2.2590069951074945,DFFB;EXOG
gs_ind_0,Aminoacyl-tRNA biosynthesis,6/42,0.8831306235790356,0.9999999999998647,0.6955987073526467,0.08645050827503636,TARS3;SEPSECS;PARS2;RARS2;PSTK;MTFMT
gs_ind_0,Amino sugar and nucleotide sugar metabolism,8/40,0.5855568153939499,0.9999999999998647,1.0225762988417657,0.5472747192164605,GMPPB;GNPDA2;CHIT1;GALT;NANP;GMDS;UAP1L1;CYB5RL
gs_ind_0,Amino Sugar Metabolic Process (GO:0006040),1/7,0.796950772203989,0.9999999999998647,0.9021719021719021,0.20475907168261248,SLC35A3
gs_ind_0,Amino Sugar Catabolic Process (GO:0046348),1/5,0.6797672063173691,0.9999999999998647,1.3033509700176367,0.5030998387884896,GNPDA2
gs_ind_0,Amino Sugar Biosynthetic Process (GO:0046349),3/9,0.27143988032691707,0.9999999999998647,2.1064186896049564,2.746800723669715,GNPDA2;UAP1L1;NANP
gs_ind_0,Amino Acid Transport (GO:0006865),5/24,0.5579574372382914,0.9999999999998647,1.102893414179335,0.6435080844319162,SLC38A6;SLC36A4;SLC38A7;SLC43A2;SLC7A7
gs_ind_0,Amino Acid Transmembrane Transport (GO:0003333),4/23,0.7182995026288506,0.9999999999998647,0.9020777008258953,0.2984692421897909,SLC38A6;SLC36A4;SLC7A7;SLC38A7
gs_ind_0,Amino-Acid Betaine Metabolic Process (GO:0006577),1/2,0.36582651410140676,0.9999999999998647,3.911014911014911,3.9329011974146835,CROT
gs_ind_0,Cardiac Atrium Development (GO:0003230),1/6,0.7450017490315044,0.9999999999998647,1.0662906117451572,0.31388259496961246,NPHP3
gs_ind_0,Cardiac Atrium Morphogenesis (GO:0003209),1/12,0.9350149954629013,0.9999999999998647,0.5097141184097705,0.03424907390651992,BMPR2
gs_ind_0,Cardiac Cell Development (GO:0055006),1/9,0.8712616767850634,0.9999999999998647,0.689782983900631,0.09506100349519497,LRRC27
gs_ind_0,Ceramide Biosynthetic Process (GO:0046513),7/30,0.41266432648276463,0.9999999999998647,1.248346577800564,1.104937503273916,SPTSSA;CERS6;ST8SIA4;SMPD1;B3GALT4;ST6GALNAC6;B4GALT4
gs_ind_0,Ceramide Catabolic Process (GO:0046514),2/9,0.5747801384335589,0.9999999999998647,1.303448275862069,0.7218075267435339,GM2A;ACER3
gs_ind_0,Ceramide Metabolic Process (GO:0006672),6/35,0.7454070445195574,0.9999999999998647,0.8611514100704151,0.25302767642062324,SGPL1;SPTSSA;ACER3;SMPD1;ST6GALNAC6;CERS6
gs_ind_0,Ceramide Transport (GO:0035627),2/11,0.6886104060141844,0.9999999999998647,1.028869286287089,0.38385015860250277,PLEKHA8P1;SGPP1
gs_ind_0,Chagas disease,11/70,0.8700600305994148,0.9999999999998647,0.7547359300805734,0.10505401041132499,TICAM1;NFKB1;TGFB3;IFNGR1;PIK3R1;TLR6;PIK3R3;GNAI3;CCL5;PLCB2;GNA15
gs_ind_0,Chaperone Cofactor-Dependent Protein Refolding (GO:0051085),2/21,0.9467299284801028,0.9999999999998647,0.500832767873666,0.027416293324235817,DNAJB14;DNAJB5
gs_ind_0,Chaperone-Mediated Protein Complex Assembly (GO:0051131),3/17,0.703416858444551,0.9999999999998647,0.943637037569776,0.33197678677575543,MKKS;PTGES3L;BBS10
gs_ind_0,Chemical Synaptic Transmission (GO:0007268),9/106,0.9997505886885989,0.9999999999998647,0.37904615879218034,9.455019097966524e-05,CHRNA5;CACNB3;DLG2;CACNB1;TSPOAP1;BRSK1;SNAPIN;DLG4;ATXN3
gs_ind_0,"Chemical Synaptic Transmission, Postsynaptic (GO:0099565)",1/9,0.8712616767850634,0.9999999999998647,0.689782983900631,0.09506100349519497,ARRB2
gs_ind_0,Chemical carcinogenesis,18/126,0.9694258551628117,0.9999999999998647,0.6646278632830406,0.020637548950378986,CREB3L4;PAQR8;KPNA5;E2F1;ARRB2;NFKB1;ESR2;PIK3R1;BAD;BCL2;GNAI3;CREB3;DLL1;IKBKE;RB1;PIK3R3;HSD11B1L;SOS2
gs_ind_0,Chemokine signaling pathway,19/110,0.8222563174286847,0.9999999999998647,0.8321476440870192,0.162853882628369,PIK3R1;GNAI3;CCL5;NFKB1;PLCB2;GRK3;VAV2;GNG7;BAD;SOS2;BCAR1;ARRB2;WAS;NFKBIB;PIK3R3;GRK5;VAV1;PREX1;FGR
gs_ind_0,Chemokine-Mediated Signaling Pathway (GO:0070098),1/15,0.9672015674762875,0.9999999999998647,0.40415650760478344,0.013477956327923916,CCL5
gs_ind_0,Chitin Catabolic Process (GO:0006032),2/2,0.041459983678692434,0.9999999999998647,19.562951082598236,62.26939299819734,CHIT1;CTBS
gs_ind_0,Chitin Metabolic Process (GO:0006030),2/2,0.041459983678692434,0.9999999999998647,19.562951082598236,62.26939299819734,CHIT1;CTBS
gs_ind_0,Centromere Complex Assembly (GO:0034508),2/14,0.8111659406206002,0.9999999999998647,0.7817481956696071,0.1636063210775793,MIS12;MIS18A
gs_ind_0,Chloride Transmembrane Transport (GO:1902476),4/16,0.4164508921822029,0.9999999999998647,1.4080500722195475,1.233433178794374,ANO9;APOL1;SLC4A8;ANO8
gs_ind_0,Cholesterol Biosynthetic Process (GO:0006695),4/22,0.6832810987213362,0.9999999999998647,0.9509167328136996,0.36215562908814614,PLPP6;INSIG2;PMVK;TM7SF2
gs_ind_0,Cholesterol Efflux (GO:0033344),2/12,0.7354204812815023,0.9999999999998647,0.9308053614388819,0.2860484576995813,STX12;ABCA5
gs_ind_0,Cholesterol Homeostasis,8/59,0.9343902267506315,0.9999999999998647,0.644307290992232,0.04372341848089726,NIBAN1;PLAUR;PMVK;FABP5;TM7SF2;ATF5;CPEB2;TP53INP1
gs_ind_0,Cholesterol Homeostasis (GO:0042632),5/38,0.9106230606761779,0.9999999999998647,0.6412447315517452,0.06003732781095875,NR1D1;SIRT1;LIPC;ABCA5;CYP7B1
gs_ind_0,Cholesterol Import (GO:0070508),1/4,0.5978508540253882,0.9999999999998647,1.6758743901601045,0.8620931884147255,STARD5
gs_ind_0,Cholesterol Metabolic Process (GO:0008203),10/44,0.4061064774454944,0.9999999999998647,1.1905241301201788,1.0728287884763068,ABCA5;PMVK;TM7SF2;INSIG2;ACAA2;PPARD;PLPP6;PIP4P1;FDX1;APOL2
gs_ind_0,Cholesterol Transport (GO:0030301),5/28,0.701969755260673,0.9999999999998647,0.9148662911638424,0.3237391231243193,LIPC;ABCA5;STARD5;STX12;SERAC1
gs_ind_0,Cholesterol metabolism,3/27,0.9342087124305728,0.9999999999998647,0.5580206733744356,0.03797632285261342,LIPA;NCEH1;LIPC
gs_ind_0,Choline Metabolic Process (GO:0019695),1/3,0.49498852941534904,0.9999999999998647,2.3464165464165463,1.650048661813499,SLC44A1
gs_ind_0,Choline Transport (GO:0015871),1/2,0.36582651410140676,0.9999999999998647,3.911014911014911,3.9329011974146835,SLC44A1
gs_ind_0,Choline metabolism in cancer,14/74,0.6666944715741352,0.9999999999998647,0.936721173178485,0.3797686843963974,DGKQ;SOS2;DGKA;DGKE;PIK3R1;PIP5K1B;PLD1;JMJD7-PLA2G4B;WAS;DGKH;GPCPD1;PIK3R3;PLA2G4C;SLC44A1
gs_ind_0,Cholinergic synapse,11/71,0.881601894155564,0.9999999999998647,0.7421998067149923,0.09352808007736536,CAMK2D;CREB3L4;ITPR2;GNG7;PIK3R1;PIK3R3;BCL2;GNAI3;CREB3;KCNQ5;PLCB2
gs_ind_0,Chondrocyte Development (GO:0002063),2/3,0.10750248347352222,0.9999999999998647,6.520449077786688,14.542175020845065,BMPR2;EIF2AK3
gs_ind_0,Chondrocyte Differentiation (GO:0002062),6/19,0.1735319747924727,0.9999999999998647,1.8842495940617026,3.300062310195911,EIF2AK3;WNT2B;SLC26A2;BMPR2;GPLD1;OSR2
gs_ind_0,Chloride Transport (GO:0006821),6/32,0.6589200945648945,0.9999999999998647,0.9588765903809036,0.3999982505150798,APOL1;TTYH3;CLCN2;SLC4A8;ANO9;ANO8
gs_ind_0,Chondroitin Sulfate Biosynthetic Process (GO:0030206),2/9,0.5747801384335589,0.9999999999998647,1.303448275862069,0.7218075267435339,CSGALNACT2;CHST12
gs_ind_0,Central carbon metabolism in cancer,5/53,0.9900630026585661,0.9999999999998647,0.44237545368934467,0.004417870425480694,TP53;PIK3R1;ERBB2;PIK3R3;SIRT3
gs_ind_0,Central Nervous System Neuron Development (GO:0021954),1/15,0.9672015674762875,0.9999999999998647,0.40415650760478344,0.013477956327923916,PALS1
gs_ind_0,Cellular Response To Peptide Hormone Stimulus (GO:0071375),16/64,0.21770257151847025,0.9999999999998647,1.331830208328143,2.030542295422539,SELENOS;CAPN10;FOXO1;TBC1D4;VAMP2;INSR;SYAP1;PIK3R1;GPLD1;CPEB2;RHOQ;INSIG2;NR4A2;FER;NFKB1;KAT2B
gs_ind_0,Cellular Response To Platelet-Derived Growth Factor Stimulus (GO:0036120),1/3,0.49498852941534904,0.9999999999998647,2.3464165464165463,1.650048661813499,SYAP1
gs_ind_0,Cellular Response To Potassium Ion (GO:0035865),2/4,0.18640155558523228,0.9999999999998647,3.9119486768243785,6.571494931304808,DLG2;DLG4
gs_ind_0,Cellular Response To Radiation (GO:0071478),8/29,0.2245498210525631,0.9999999999998647,1.5471525361655374,2.31091626215043,LIG4;NSMCE3;SIRT1;ERCC4;TP53;KDM4D;RAD9B;BRCA2
gs_ind_0,Cellular Response To Reactive Nitrogen Species (GO:1902170),1/3,0.49498852941534904,0.9999999999998647,2.3464165464165463,1.650048661813499,FOXO1
gs_ind_0,Cellular Response To Reactive Oxygen Species (GO:0034614),11/59,0.679175919503428,0.9999999999998647,0.9267522207979783,0.3585373570022271,SIRT1;TNFAIP3;MAPK7;PDK2;PEX10;PEX2;FXN;PJVK;FER;MAP3K5;PEX12
gs_ind_0,Cellular Response To Retinoic Acid (GO:0071300),1/28,0.9983085076168099,0.9999999999998647,0.21287332196423106,0.0003603784774090566,ZNF35
gs_ind_0,Cellular Response To Salt (GO:1902075),12/66,0.7170309298206249,0.9999999999998647,0.8962852524596455,0.29813701145622357,CAMK2D;ZC3H12A;DLG2;P2RX4;SSH1;ITPKC;CPNE8;DLG4;SMPD1;CDKN2AIP;GPLD1;SYT11
gs_ind_0,Cellular Response To Starvation (GO:0009267),23/101,0.3094825528755424,0.9999999999998647,1.1716875741154231,1.3742179429960075,EIF2AK3;ZC3H12A;ZFYVE1;MAP3K5;KICS2;PMAIP1;TP53;PICK1;FOXO1;TFEB;WIPI1;JMY;RRAGB;MTMR3;SIRT1;RRAGC;WDR24;DEPDC5;GABARAPL1;ATG14;BMPR2;SESN1;TSSK6
gs_ind_0,Cellular Response To Steroid Hormone Stimulus (GO:0071383),1/12,0.9350149954629013,0.9999999999998647,0.5097141184097705,0.03424907390651992,TRERF1
gs_ind_0,Cellular Response To Sterol (GO:0036315),2/6,0.3535944927466926,0.9999999999998647,2.172948409516172,2.2590069951074945,GPLD1;INSIG2
gs_ind_0,Cellular Response To Sterol Depletion (GO:0071501),2/7,0.4333076099965977,0.9999999999998647,1.7777210760370343,1.486721268820039,ERLIN1;INSIG2
gs_ind_0,Cellular Response To Thyroid Hormone Stimulus (GO:0097067),2/9,0.5747801384335589,0.9999999999998647,1.303448275862069,0.7218075267435339,KLF9;CTSS
gs_ind_0,Cellular Response To Topologically Incorrect Protein (GO:0035967),5/19,0.34163623058366105,0.9999999999998647,1.4838104306331343,1.5936254025552787,DNAJB14;ERN1;OPTN;BAG3;UBE2W
gs_ind_0,Central Nervous System Neuron Differentiation (GO:0021953),2/18,0.9071587652944273,0.9999999999998647,0.5920390755996209,0.05768698489803892,PALS1;NR4A2
gs_ind_0,Cellular Response To Transforming Growth Factor Beta Stimulus (GO:0071560),11/69,0.8576338423516181,0.9999999999998647,0.7677006388603622,0.11790195001619108,LPXN;SIRT1;ARRB2;MAPK7;WWOX;ZMIZ2;NRROS;ZFYVE9;SMAD7;TGFB3;APPL1
gs_ind_0,Cellular Response To Type I Interferon (GO:0071357),2/18,0.9071587652944273,0.9999999999998647,0.5920390755996209,0.05768698489803892,IFIT1;IKBKE
gs_ind_0,Cellular Response To Type II Interferon (GO:0071346),4/29,0.8700129911051704,0.9999999999998647,0.689484267467218,0.09600870896904941,CCL5;IL12RB1;IFNGR1;AIF1
gs_ind_0,Cellular Response To Type III Interferon (GO:0071358),1/6,0.7450017490315044,0.9999999999998647,1.0662906117451572,0.31388259496961246,IFNGR1
gs_ind_0,Cellular Response To UV (GO:0034644),14/62,0.38033600162842096,0.9999999999998647,1.169642486642422,1.1306936282660758,SIRT1;NSMCE3;RBX1;BMF;TP53;XPA;NEDD4;ERCC4;COPS9;ST20;ZBTB1;SMPD1;TENT4A;DDB2
gs_ind_0,Cellular Response To Unfolded Protein (GO:0034620),3/15,0.6156231394758771,0.9999999999998647,1.0947986523343494,0.5311090388707119,ERN1;BAG3;OPTN
gs_ind_0,Cellular Response To Vascular Endothelial Growth Factor Stimulus (GO:0035924),3/22,0.855158977207062,0.9999999999998647,0.7013908600624468,0.10974514729108541,ERN1;MAP2K3;SPRY2
gs_ind_0,Cellular Response To Virus (GO:0098586),5/32,0.8097330769172972,0.9999999999998647,0.7815379675710387,0.16494407283928664,ZC3H12A;IFNGR1;IFIH1;CCL5;IFI6
gs_ind_0,Cellular Response To Xenobiotic Stimulus (GO:0071466),5/18,0.2973982685333484,0.9999999999998647,1.5938531242753429,1.9328386950714114,VAV2;TP53;RAP2A;VAV1;GPLD1
gs_ind_0,Cellular Response To Zinc Ion (GO:0071294),1/8,0.8383192836348962,0.9999999999998647,0.7818181818181819,0.1378785183025454,P2RX4
gs_ind_0,Cellular Response To dsRNA (GO:0071359),3/14,0.5656020552601939,0.9999999999998647,1.1900961920772326,0.6781936079104792,RIGI;IFIH1;IFIT1
gs_ind_0,Cellular Response To pH (GO:0071467),1/8,0.8383192836348962,0.9999999999998647,0.7818181818181819,0.1378785183025454,GPLD1
gs_ind_0,Cellular senescence,21/133,0.9263988050293831,0.9999999999998647,0.7454165994298316,0.05698744346260295,E2F5;NFATC4;E2F1;PIK3R1;NFKB1;MAP2K6;LIN52;CCNE2;TP53;BTRC;PPP3CA;TGFB3;FOXO1;ITPR2;MAP2K3;PIK3R3;RB1;SIRT1;GADD45B;RAD9B;E2F2
gs_ind_0,Central Nervous System Development (GO:0007417),30/186,0.9408960706468448,0.9999999999998647,0.7595876376079548,0.04627604708297274,BTD;CDK5R1;ALDH3A2;SERPINI1;LOXL3;SYNJ1;PBX4;RNF103;LIG4;CTNS;MATCAP1;SOX12;JRKL;ATXN1;CLN5;ZNF335;MARCKS;ROGDI;UTP3;MELTF;DNAJC30;MEIS2;DLL1;NR4A2;POU6F1;ZNF76;ZFHX2;SOX4;ADAM22;IER3IP1
gs_ind_0,Central Nervous System Myelination (GO:0022010),1/8,0.8383192836348962,0.9999999999998647,0.7818181818181819,0.1378785183025454,CNTNAP1
gs_ind_0,Cellular Response To Tumor Necrosis Factor (GO:0071356),9/66,0.9409726740923082,0.9999999999998647,0.6448550841120189,0.039233743627429915,ZFP36;PYCARD;SIRT1;NR1D1;ZC3H12A;TP53;TRADD;TRAF5;CCL5
gs_ind_0,Chondroitin Sulfate Metabolic Process (GO:0030204),3/11,0.3947032014005075,0.9999999999998647,1.6105265144723058,1.4971795674609456,CSGALNACT2;DSE;CHST12
gs_ind_0,Chondroitin Sulfate Proteoglycan Biosynthetic Process (GO:0050650),3/14,0.5656020552601939,0.9999999999998647,1.1900961920772326,0.6781936079104792,CSGALNACT2;XYLT2;CHST12
gs_ind_0,Chondroitin Sulfate Proteoglycan Metabolic Process (GO:0050654),3/8,0.21111686342347444,0.9999999999998647,2.4896080976620043,3.8721956321797006,CSGALNACT2;DSE;XYLT2
gs_ind_0,Copper Ion Transport (GO:0006825),1/7,0.796950772203989,0.9999999999998647,0.9021719021719021,0.20475907168261248,COX17
gs_ind_0,Coronary Vasculature Morphogenesis (GO:0060977),1/5,0.6797672063173691,0.9999999999998647,1.3033509700176367,0.5030998387884896,SPRED1
gs_ind_0,Coronavirus disease,11/155,0.9999988709130974,0.9999999999998647,0.30859742207019153,3.484335041539202e-07,MX1;NFKB1;IRF9;C5;PIK3R1;SYK;IFIH1;NFKBIB;IKBKE;OAS3;PIK3R3
gs_ind_0,Cortical Actin Cytoskeleton Organization (GO:0030866),2/16,0.8669156603053907,0.9999999999998647,0.6738102480435805,0.09622925683039828,NCKAP1L;RHOQ
gs_ind_0,Cortical Cytoskeleton Organization (GO:0030865),3/23,0.8756878983937938,0.9999999999998647,0.6671218886101904,0.08855744994639804,NCKAP1L;RHOQ;PPP2R3C
gs_ind_0,Cortisol synthesis and secretion,5/34,0.8506067172755939,0.9999999999998647,0.7284326183433966,0.11786433052198599,CREB3L4;ITPR2;CREB3;NCEH1;PLCB2
gs_ind_0,Cristae Formation (GO:0042407),3/12,0.45456002967759573,0.9999999999998647,1.4408791914006096,1.1360256023861053,TAFAZZIN;APOOL;UQCC3
gs_ind_0,Cushing syndrome,15/100,0.932479784800631,0.9999999999998647,0.7073065979492135,0.049446252571385914,CAMK2D;CREB3L4;ITPR2;CCNE2;E2F1;WNT2B;GNAI3;CREB3;ARMC5;NCEH1;WDR5B;FZD2;E2F2;PLCB2;RB1
gs_ind_0,Cyclic Nucleotide Transport (GO:0070729),1/5,0.6797672063173691,0.9999999999998647,1.3033509700176367,0.5030998387884896,LRRC8C
gs_ind_0,Cyclic-Nucleotide-Mediated Signaling (GO:0019935),3/15,0.6156231394758771,0.9999999999998647,1.0947986523343494,0.5311090388707119,DGKQ;MAPK7;SERPINB8
gs_ind_0,Cyclooxygenase Pathway (GO:0019371),1/6,0.7450017490315044,0.9999999999998647,1.0662906117451572,0.31388259496961246,PTGS1
gs_ind_0,Cysteine and methionine metabolism,3/36,0.9859275091074571,0.9999999999998647,0.4078029553819224,0.00577956587649485,IL4I1;KYAT1;AHCYL2
gs_ind_0,Cytidine To Uridine Editing (GO:0016554),3/6,0.10336734907900555,0.9999999999998647,3.912883041873897,8.880155572158289,APOBEC3G;APOBEC3F;APOBEC3D
gs_ind_0,Cytochrome Complex Assembly (GO:0017004),1/7,0.796950772203989,0.9999999999998647,0.9021719021719021,0.20475907168261248,SURF1
gs_ind_0,Copper Ion Homeostasis (GO:0055070),3/10,0.3332097623755485,0.9999999999998647,1.8254131236964544,2.0060981191955864,COX19;COMMD1;ANKRD9
gs_ind_0,Cytokine-Mediated Signaling Pathway (GO:0019221),22/126,0.8214823349306405,0.9999999999998647,0.8406339423288576,0.16530633143220824,PTPN6;MX1;SLC27A1;SYK;IL27RA;CCL5;PYCARD;IL9R;PTPRJ;TP53;IL12RB1;IL17RA;IL7;TRADD;RPS6KA5;IRAK2;SOCS1;SIRT1;NUMBL;TRAF5;FER;APPL1
gs_ind_0,Cytoplasmic Microtubule Organization (GO:0031122),8/41,0.6156588015493214,0.9999999999998647,0.9919700868947885,0.4811673538716749,MAP10;CRIPT;CLIP2;CCDC88C;LIMK2;PLK3;KATNAL1;CCDC88B
gs_ind_0,Cytoplasmic Sequestering Of NF-kappaB (GO:0007253),1/7,0.796950772203989,0.9999999999998647,0.9021719021719021,0.20475907168261248,NFKBIB
gs_ind_0,Cytoplasmic Sequestering Of Protein (GO:0051220),2/13,0.7760853855691137,0.9999999999998647,0.84979603221645,0.21541711776620684,SUFU;NFKBIE
gs_ind_0,Cytoplasmic Sequestering Of Transcription Factor (GO:0042994),3/13,0.5117635076996409,0.9999999999998647,1.3035456441520936,0.8732356585687845,SUFU;NFKBIE;NFKBIB
gs_ind_0,Cytoplasmic Translation (GO:0002181),1/90,0.9999999988236915,0.9999999999998647,0.06507479691837234,7.654803647404701e-11,RWDD1
gs_ind_0,Cytoplasmic Translational Initiation (GO:0002183),2/26,0.9795449201430425,0.9999999999998647,0.3984583408343289,0.008235011197004182,DHX29;MCTS2
gs_ind_0,Cytoskeleton Organization (GO:0007010),11/76,0.9274144338612902,0.9999999999998647,0.68526092577972,0.051637661192145155,MAST3;SIPA1L3;PACSIN1;TNFAIP3;NOL3;PPP2R3C;FITM2;DST;CFAP410;SYNE3;CNTNAP1
gs_ind_0,Cytoskeleton-Dependent Cytokinesis (GO:0061640),8/65,0.9682830802914498,0.9999999999998647,0.5767901683097066,0.018590406330171533,SEPTIN1;RASA1;SNX18;EXOC8;EFHC1;CEP55;MITD1;ARL3
gs_ind_0,Cytoskeleton-Dependent Intracellular Transport (GO:0030705),3/15,0.6156231394758771,0.9999999999998647,1.0947986523343494,0.5311090388707119,CCDC88C;CCDC88B;KIF13B
gs_ind_0,Cytosolic DNA-sensing pathway,9/37,0.33434144268469346,0.9999999999998647,1.304131168622408,1.428796359563487,PYCARD;POLR3F;NFKBIB;IKBKE;IRF7;POLR3GL;CCL5;NFKB1;TREX1
gs_ind_0,Cytosolic Pattern Recognition Receptor Signaling Pathway (GO:0002753),9/20,0.011202807229386111,0.9999999999998647,3.236492105980445,14.536998447795696,TIFA;MAP2K6;DHX58;RIGI;TNFAIP3;CYLD;IFIH1;IRF7;OAS3
gs_ind_0,Cytosolic Transport (GO:0016482),17/108,0.9095485625577451,0.9999999999998647,0.7463177500957715,0.07075606309463946,DOP1B;RAB43;SLC66A2;PXK;RGP1;WDR91;STX8;ATG14;TBC1D10C;TBC1D17;KIF16B;RAB9A;SNX16;STX6;VTI1A;CLN5;TBC1D10A
gs_ind_0,DNA Alkylation (GO:0006305),2/11,0.6886104060141844,0.9999999999998647,1.028869286287089,0.38385015860250277,BEND3;PPM1D
gs_ind_0,DNA Biosynthetic Process (GO:0071897),2/17,0.8887155005535027,0.9999999999998647,0.6302868820653439,0.07436005923900754,SIRT1;RRM2B
gs_ind_0,Cytokine-cytokine receptor interaction,17/103,0.8654481882543084,0.9999999999998647,0.7897835513966455,0.11412985942108707,IL9R;CD70;TNFSF10;RELT;IFNGR1;IL23A;LTB;IL7;IL12RB1;IL27RA;BMPR2;TNFRSF13C;TNFRSF17;IL17RA;CCL5;TNFRSF14;TGFB3
gs_ind_0,Contractile Actin Filament Bundle Assembly (GO:0030038),1/11,0.9183821192811181,0.9999999999998647,0.5583041297327012,0.04753497558033882,KCTD13
gs_ind_0,Contact Inhibition (GO:0060242),1/3,0.49498852941534904,0.9999999999998647,2.3464165464165463,1.650048661813499,PTPRJ
gs_ind_0,Connective Tissue Development (GO:0061448),6/26,0.44108979354819455,0.9999999999998647,1.240134426396456,1.0150584742804778,ITGB8;SLC39A13;GHRL;DYRK1B;ZNF516;PGRMC2
gs_ind_0,Chordate Embryonic Development (GO:0043009),5/37,0.8980197927666089,0.9999999999998647,0.6610296750929276,0.07110244730388694,HINFP;FUZ;LIG4;FUT8;TGFB3
gs_ind_0,Chromatin Organization (GO:0006325),24/227,0.9999751067422664,0.9999999999998647,0.4665014642401171,1.1612885724301244e-05,TFPT;HMGN3;PER2;TADA2B;ZBTB1;HIRIP3;KAT2B;ING4;INO80B;H2BC14;INO80C;RYBP;KDM6B;HDAC10;INO80D;RB1;SIRT1;HCFC2;PAXIP1;KDM4D;KAT6B;BICRA;BCL7C;PWWP2A
gs_ind_0,Chromatin Remodeling (GO:0006338),24/198,0.999213858925725,0.9999999999998647,0.5453442676516748,0.0004288861330210325,TFPT;PER2;TADA2B;DTX3L;GLMN;ZBTB1;ZNF335;KAT2B;PRIMPOL;INO80B;HPF1;SETDB2;PARP2;INO80C;RYBP;KDM6B;INO80D;RB1;HCFC2;PAXIP1;KDM4D;BICRA;BCL7C;PWWP2A
gs_ind_0,Chromatin Remodeling At Centromere (GO:0031055),1/6,0.7450017490315044,0.9999999999998647,1.0662906117451572,0.31388259496961246,MIS18A
gs_ind_0,Chromosome Condensation (GO:0030261),3/24,0.8935907530633411,0.9999999999998647,0.6360407284558184,0.07155927544861866,TENT4A;PHF13;DFFB
gs_ind_0,Chromosome Organization (GO:0051276),3/37,0.9882294788745641,0.9999999999998647,0.3959500275532056,0.0046881837951800835,LIG4;XPA;RB1
gs_ind_0,Chronic myeloid leukemia,12/68,0.7559044804288935,0.9999999999998647,0.8644159505620858,0.24189838385579315,GADD45B;SOS2;TP53;E2F1;TGFB3;PIK3R1;BAD;PIK3R3;RB1;E2F2;NFKB1;DDB2
gs_ind_0,Cilium Movement (GO:0003341),3/33,0.9761380428445641,0.9999999999998647,0.44802518588265,0.010820375093801836,DNAAF2;DNAI3;DNAH7
gs_ind_0,Cilium Movement Involved In Cell Motility (GO:0060294),1/3,0.49498852941534904,0.9999999999998647,2.3464165464165463,1.650048661813499,DNAI3
gs_ind_0,Cilium-Dependent Cell Motility (GO:0060285),5/10,0.03521184072130791,0.9999999999998647,3.9147535720019264,13.100225141441804,EFHC1;DNAAF2;RFX3;DNAH7;DNAI3
gs_ind_0,Circadian entrainment,6/48,0.945086104008723,0.9999999999998647,0.5971018052314871,0.033723856332873524,CAMK2D;GNG7;PER2;GNAI3;RPS6KA5;PLCB2
gs_ind_0,Circadian rhythm,6/24,0.3610914032655836,0.9999999999998647,1.374428708457936,1.4000262859611035,NR1D1;RBX1;BTRC;PRKAB2;PER2;FBXL3
gs_ind_0,Circulatory System Development (GO:0072359),12/84,0.9414040014057741,0.9999999999998647,0.6727605625988293,0.04062323346586787,BORCS8;TAFAZZIN;ADAP2;BORCS8-MEF2B;SMYD4;HEY1;SOX4;POU6F1;KDM6B;AKAP13;MKKS;KAT2B
gs_ind_0,Citrulline Metabolic Process (GO:0000052),1/4,0.5978508540253882,0.9999999999998647,1.6758743901601045,0.8620931884147255,DDAH2
gs_ind_0,Clathrin Coat Disassembly (GO:0072318),1/5,0.6797672063173691,0.9999999999998647,1.3033509700176367,0.5030998387884896,SYNJ1
gs_ind_0,Clathrin-Dependent Endocytosis (GO:0072583),1/23,0.994707757026508,0.9999999999998647,0.26028539361872693,0.0013811514722157068,DLL1
gs_ind_0,Cleavage Furrow Formation (GO:0036089),1/5,0.6797672063173691,0.9999999999998647,1.3033509700176367,0.5030998387884896,SNX18
gs_ind_0,Complement and coagulation cascades,4/24,0.7503679157069622,0.9999999999998647,0.8580034524466573,0.24641141731098654,PLAUR;F8;C5;CR2
gs_ind_0,Complement Receptor Mediated Signaling Pathway (GO:0002430),1/3,0.49498852941534904,0.9999999999998647,2.3464165464165463,1.650048661813499,GPLD1
gs_ind_0,Complement,31/119,0.07894426767207453,0.9999999999998647,1.3955515677348722,3.543323779167585,F8;CBLB;ANG;CDK5R1;KYNU;TNFAIP3;APOBEC3G;ERAP2;GNAI3;IRF7;DGKH;CCL5;BRPF3;PLAUR;MAFF;CASP7;APOBEC3F;FDX1;LIPA;CTSO;ZEB1;PSMB9;WAS;GCA;IRF2;VCPIP1;GMFB;RABIF;CR2;ME1;CTSS
gs_ind_0,Columnar/Cuboidal Epithelial Cell Differentiation (GO:0002065),1/6,0.7450017490315044,0.9999999999998647,1.0662906117451572,0.31388259496961246,SOX4
gs_ind_0,Colorectal cancer,12/78,0.8950900564928208,0.9999999999998647,0.7338236984254684,0.0813303732184528,GADD45B;SOS2;PMAIP1;TP53;BBC3;TGFB3;PIK3R1;BAD;BCL2;PIK3R3;DDB2;APPL1
gs_ind_0,Collecting duct acid secretion,2/19,0.9227080233311012,0.9999999999998647,0.5581624470156948,0.0448999429825696,ATP6V1G2;ATP6V1E2
gs_ind_0,Cellular Response To Peptide (GO:1901653),5/33,0.8311770004791539,0.9999999999998647,0.7540536201637502,0.13943394745904397,TP53;NOD1;TLR6;CACNB1;PTPN22
gs_ind_0,Collagen-Activated Signaling Pathway (GO:0038065),1/6,0.7450017490315044,0.9999999999998647,1.0662906117451572,0.31388259496961246,DDR2
gs_ind_0,Cognition (GO:0050890),4/27,0.8297302243867123,0.9999999999998647,0.7482867064813202,0.13967120219120238,DOP1B;CHMP2B;JAKMIP1;CTNS
gs_ind_0,Coenzyme A Metabolic Process (GO:0015936),4/15,0.3655177183974608,0.9999999999998647,1.5306148081472022,1.540472769277779,CROT;PANK1;NUDT8;PPCDC
gs_ind_0,Coenzyme A Biosynthetic Process (GO:0015937),2/10,0.6351727324480614,0.9999999999998647,1.1500070758054626,0.5219402535113675,PANK1;PPCDC
gs_ind_0,Cocaine addiction,7/27,0.303359293681427,0.9999999999998647,1.4313840728768734,1.7074084390534465,CREB3L4;CDK5R1;GNAI3;CREB3;DLG4;NFKB1;FOSB
gs_ind_0,Cobalamin Transport (GO:0015889),2/5,0.27018544485746365,0.9999999999998647,2.7940199335548175,3.6563850298756777,TCN2;ABCD1
gs_ind_0,Coagulation,7/59,0.9699537374253204,0.9999999999998647,0.5574526678141136,0.0170061539055467,F8;CTSO;MST1;ANG;MAFF;RABIF;SH2B2
gs_ind_0,Collagen Fibril Organization (GO:0030199),2/27,0.9831718167600401,0.9999999999998647,0.3828010755224303,0.0064966647947288835,DDR2;LOXL3
gs_ind_0,Cellular Response To Oxygen-Containing Compound (GO:1901701),37/241,0.9814082781485649,0.9999999999998647,0.7134783669147348,0.013389648967396469,CAMK2D;ZC3H12A;CD80;TNFAIP3;SSH1;ZNF35;CPEB3;PEX2;BCL10;NFKB1;ZFP36;PYCARD;TICAM1;CD274;TIRAP;P2RX4;PEX10;CASP7;FES;CPNE8;DLG4;SMPD1;CDKN2AIP;FOXO1;ITPKC;NFKBIB;NFKBIL1;PEX12;SELENOS;RRAGB;NR1D1;RRAGC;FER;DLG2;PDK2;GPLD1;SYT11
gs_ind_0,Cellular Response To Oxygen Levels (GO:0071453),1/7,0.796950772203989,0.9999999999998647,0.9021719021719021,0.20475907168261248,PICK1
gs_ind_0,Cellular Response To Oxidised Low-Density Lipoprotein Particle Stimulus (GO:0140052),2/6,0.3535944927466926,0.9999999999998647,2.172948409516172,2.2590069951074945,TICAM1;TLR6
gs_ind_0,Cell Surface Receptor Signaling Pathway Involved In Cell-Cell Signaling (GO:1905114),2/19,0.9227080233311012,0.9999999999998647,0.5581624470156948,0.0448999429825696,PORCN;FZD2
gs_ind_0,Cell Surface Receptor Signaling Pathway Involved In Heart Development (GO:0061311),1/12,0.9350149954629013,0.9999999999998647,0.5097141184097705,0.03424907390651992,HEY1
gs_ind_0,Cell Surface Toll-Like Receptor Signaling Pathway (GO:0140895),2/7,0.4333076099965977,0.9999999999998647,1.7777210760370343,1.486721268820039,PIK3AP1;TIRAP
gs_ind_0,Cell adhesion molecules,13/57,0.37323629970423594,0.9999999999998647,1.1868716735659373,1.1697137209588921,ITGB8;CD274;PTPRC;CD80;SELPLG;ESAM;VSIR;JAM2;SDC1;HLA-DMA;CD99L2;PDCD1;CNTNAP1
gs_ind_0,Cell cycle,10/115,0.999805726620235,0.9999999999998647,0.38704581358609796,7.520000324518641e-05,STAG1;GADD45B;RBX1;E2F5;TP53;CCNE2;E2F1;E2F2;TGFB3;RB1
gs_ind_0,Cell-Cell Adhesion Mediated By Cadherin (GO:0044331),1/8,0.8383192836348962,0.9999999999998647,0.7818181818181819,0.1378785183025454,FER
gs_ind_0,Cell-Cell Adhesion Via Plasma-Membrane Adhesion Molecules (GO:0098742),2/46,0.9996444788952326,0.9999999999998647,0.21901552490020995,7.787848591685439e-05,CD84;ESAM
gs_ind_0,Cell-Cell Junction Assembly (GO:0007043),4/31,0.9017973824564596,0.9999999999998647,0.6392349104915306,0.06607478217359576,FBF1;PARD6B;CNTNAP1;SMAD7
gs_ind_0,Cell-Cell Junction Organization (GO:0045216),2/31,0.9923681519400541,0.9999999999998647,0.33078710940154676,0.0025341996199267423,TGFB3;PARD6B
gs_ind_0,Cell-Cell Signaling By Wnt (GO:0198738),2/19,0.9227080233311012,0.9999999999998647,0.5581624470156948,0.0448999429825696,PORCN;FZD2
gs_ind_0,Cell-Cell Signaling Involved In Cardiac Conduction (GO:0086019),1/3,0.49498852941534904,0.9999999999998647,2.3464165464165463,1.650048661813499,RNF207
gs_ind_0,Cell-Matrix Adhesion (GO:0007160),7/57,0.9609821856900159,0.9999999999998647,0.5796254324227603,0.023068748751586352,ITGB8;WHAMM;ITGA7;TMEM8B;SGCE;THBS3;TESK2
gs_ind_0,Cell-Substrate Junction Assembly (GO:0007044),3/22,0.855158977207062,0.9999999999998647,0.7013908600624468,0.10974514729108541,DST;WHAMM;TESK2
gs_ind_0,Cellular Biogenic Amine Catabolic Process (GO:0042402),1/4,0.5978508540253882,0.9999999999998647,1.6758743901601045,0.8620931884147255,SLC44A1
gs_ind_0,Cell Proliferation In Forebrain (GO:0021846),1/9,0.8712616767850634,0.9999999999998647,0.689782983900631,0.09506100349519497,NUMBL
gs_ind_0,Cellular Component Assembly (GO:0022607),23/173,0.994245771465546,0.9999999999998647,0.6075152902778992,0.0035058783325754373,ZFYVE27;TP53;DLG4;HFE;DNAJB14;VAMP2;FANCC;STK36;STX7;WAS;TINF2;EPS8;NCKAP1L;LPXN;TOGARAM1;VCPIP1;PARD6B;LIMD2;WASL;AIF1;WDR19;CYFIP2;SPAG16
gs_ind_0,Cellular Component Maintenance (GO:0043954),2/9,0.5747801384335589,0.9999999999998647,1.303448275862069,0.7218075267435339,INSR;PICK1
gs_ind_0,Cellular Defense Response (GO:0006968),4/19,0.5607923727242765,0.9999999999998647,1.1352446922515416,0.656630688618161,FOSL1;KLRG1;RAB23;FCMR
gs_ind_0,Cellular Lipid Biosynthetic Process (GO:0097384),1/4,0.5978508540253882,0.9999999999998647,1.6758743901601045,0.8620931884147255,PEX7
gs_ind_0,Cellular Lipid Catabolic Process (GO:0044242),2/15,0.8412494484890192,0.9999999999998647,0.7237815200926668,0.12511797883472436,PLD1;PPARD
gs_ind_0,Cellular Modified Amino Acid Biosynthetic Process (GO:0042398),2/7,0.4333076099965977,0.9999999999998647,1.7777210760370343,1.486721268820039,GATM;SLC27A1
gs_ind_0,Cellular Modified Amino Acid Catabolic Process (GO:0042219),2/7,0.4333076099965977,0.9999999999998647,1.7777210760370343,1.486721268820039,PCYOX1;GGACT
gs_ind_0,Cellular Nitrogen Compound Biosynthetic Process (GO:0044271),6/22,0.2820850843655783,0.9999999999998647,1.5412791801100778,1.9505605273096753,SPTSSA;GCH1;ACER3;GCHFR;DDAH2;SPHK2
gs_ind_0,Cellular Respiration (GO:0045333),5/77,0.9998294122100895,0.9999999999998647,0.29534933929728024,5.038728889258331e-05,ETFRF1;CHCHD5;SLC25A14;SURF1;SIRT3
gs_ind_0,Cellular Response To ATP (GO:0071318),2/7,0.4333076099965977,0.9999999999998647,1.7777210760370343,1.486721268820039,P2RX4;SSH1
gs_ind_0,Cellular Response To Acid Chemical (GO:0071229),3/21,0.8317210846862813,0.9999999999998647,0.7393645851852173,0.13623393520139163,CPEB3;RRAGC;RRAGB
gs_ind_0,Cellular Response To Alcohol (GO:0097306),4/26,0.8059597139185256,0.9999999999998647,0.7816080885893115,0.16860968527122933,KLF9;SPHK2;GPLD1;MAP4K1
gs_ind_0,Cellular Response To Alkaloid (GO:0071312),1/7,0.796950772203989,0.9999999999998647,0.9021719021719021,0.20475907168261248,CASP7
gs_ind_0,Cellular Response To Amino Acid Starvation (GO:0034198),9/38,0.3658984235936565,0.9999999999998647,1.2598198011655437,1.2666222174125126,EIF2AK3;TFEB;RRAGC;WDR24;DEPDC5;SESN1;MAP3K5;KICS2;RRAGB
gs_ind_0,Cellular Response To Amino Acid Stimulus (GO:0071230),6/27,0.48044136493869966,0.9999999999998647,1.1823566538816332,0.8667266483262177,RRAGC;CASTOR1;CPEB3;CASTOR3P;SESN1;RRAGB
gs_ind_0,Cellular Component Disassembly (GO:0022411),4/18,0.5146542375367785,0.9999999999998647,1.2136370428170604,0.8061705265524838,KIF9;ADAM8;CTSS;EXOC8
gs_ind_0,Cell Projection Organization (GO:0030030),2/12,0.7354204812815023,0.9999999999998647,0.9308053614388819,0.2860484576995813,NCKAP1L;CYFIP2
gs_ind_0,Cell Projection Assembly (GO:0030031),2/7,0.4333076099965977,0.9999999999998647,1.7777210760370343,1.486721268820039,NCKAP1L;CYFIP2
gs_ind_0,Cell Part Morphogenesis (GO:0032990),1/9,0.8712616767850634,0.9999999999998647,0.689782983900631,0.09506100349519497,MTM1
gs_ind_0,Cardiac Conduction (GO:0061337),2/25,0.9751645410194862,0.9999999999998647,0.41544813936426145,0.0104481310988571,CAMK2D;CTNNA3
gs_ind_0,Cardiac Conduction System Development (GO:0003161),1/18,0.9834488709535161,0.9999999999998647,0.3347900776472205,0.005587522300482694,HEY1
gs_ind_0,Cardiac Epithelial To Mesenchymal Transition (GO:0060317),1/12,0.9350149954629013,0.9999999999998647,0.5097141184097705,0.03424907390651992,HEY1
gs_ind_0,Cardiac Muscle Cell Contraction (GO:0086003),1/9,0.8712616767850634,0.9999999999998647,0.689782983900631,0.09506100349519497,CAMK2D
gs_ind_0,Cardiac Muscle Cell Development (GO:0055013),1/14,0.958804759543803,0.9999999999998647,0.43412965635187856,0.018262884928106907,LRRC27
gs_ind_0,Cardiac Muscle Cell Differentiation (GO:0055007),4/15,0.3655177183974608,0.9999999999998647,1.5306148081472022,1.540472769277779,KDM6B;CBY1;AKAP13;LRRC27
gs_ind_0,Cardiac Muscle Contraction (GO:0060048),2/17,0.8887155005535027,0.9999999999998647,0.6302868820653439,0.07436005923900754,TAFAZZIN;CAMK2D
gs_ind_0,Cardiac Muscle Tissue Development (GO:0048738),6/31,0.6263630585514578,0.9999999999998647,0.9965614638339678,0.46621647669900906,TAFAZZIN;HEY1;BMPR2;KDM6B;CBY1;AKAP13
gs_ind_0,Cardiac Muscle Tissue Morphogenesis (GO:0055008),2/15,0.8412494484890192,0.9999999999998647,0.7237815200926668,0.12511797883472436,S1PR1;SMAD7
gs_ind_0,Cardiac Right Ventricle Morphogenesis (GO:0003215),1/10,0.8974937817113968,0.9999999999998647,0.6171236171236171,0.06674135581913541,SOX4
gs_ind_0,Cardiac Ventricle Development (GO:0003231),2/15,0.8412494484890192,0.9999999999998647,0.7237815200926668,0.12511797883472436,HEY1;TMEM65
gs_ind_0,Cardiac Ventricle Morphogenesis (GO:0003208),3/24,0.8935907530633411,0.9999999999998647,0.6360407284558184,0.07155927544861866,HEY1;SMAD7;SOX4
gs_ind_0,Cardiac muscle contraction,3/40,0.9931603082583498,0.9999999999998647,0.36418418097224453,0.0024994650979343045,SLC9A7;CACNB1;CACNB3
gs_ind_0,Cardiocyte Differentiation (GO:0035051),2/8,0.5073711921876385,0.9999999999998647,1.5041021528591696,1.0205519747850815,KDM6B;CBY1
gs_ind_0,Cardiolipin Acyl-Chain Remodeling (GO:0035965),1/3,0.49498852941534904,0.9999999999998647,2.3464165464165463,1.650048661813499,TAFAZZIN
gs_ind_0,Cardiolipin Biosynthetic Process (GO:0032049),3/7,0.15431169962193045,0.9999999999998647,3.0431039092999628,5.686893849611121,PLSCR3;TAFAZZIN;SLC27A1
gs_ind_0,Cardiolipin Metabolic Process (GO:0032048),3/10,0.3332097623755485,0.9999999999998647,1.8254131236964544,2.0060981191955864,PLSCR3;TAFAZZIN;SLC27A1
gs_ind_0,Cell Morphogenesis Involved In Neuron Differentiation (GO:0048667),7/54,0.9429460303776847,0.9999999999998647,0.6163855421686747,0.03621032672012944,CFAP418;PARD6B;BRSK1;UNK;RAB3A;ATL1;RB1
gs_ind_0,Cell Morphogenesis Involved In Differentiation (GO:0000904),4/17,0.4663751333137939,0.9999999999998647,1.3036430749478414,0.9943732599893775,RILPL2;SIPA1L3;UNK;RB1
gs_ind_0,Cell Migration Involved In Sprouting Angiogenesis (GO:0002042),2/12,0.7354204812815023,0.9999999999998647,0.9308053614388819,0.2860484576995813,GPLD1;PIK3R3
gs_ind_0,Cell Junction Organization (GO:0034330),1/34,0.9995698834996518,0.9999999999998647,0.1746606074964284,7.514057000322179e-05,TGFB3
gs_ind_0,Cell Junction Maintenance (GO:0034331),1/11,0.9183821192811181,0.9999999999998647,0.5583041297327012,0.04753497558033882,CBLN3
gs_ind_0,Cell Junction Assembly (GO:0034329),2/41,0.9989979950267719,0.9999999999998647,0.24684051851024738,0.0002474594256438297,PARD6B;ZDHHC2
gs_ind_0,Cellular Response To Amyloid-Beta (GO:1904646),2/18,0.9071587652944273,0.9999999999998647,0.5920390755996209,0.05768698489803892,TLR6;CACNB1
gs_ind_0,Cell Cycle G2/M Phase Transition (GO:0044839),4/34,0.9366239135868697,0.9999999999998647,0.5762172742843161,0.03772693302468156,BRSK1;KDM8;PLK3;FBXL15
gs_ind_0,Cell Chemotaxis (GO:0060326),3/25,0.90914149796547,0.9999999999998647,0.6077223380929462,0.05788830786762473,ARRB2;BIN2;BCAR1
gs_ind_0,Cdc42 Protein Signal Transduction (GO:0032488),2/4,0.18640155558523228,0.9999999999998647,3.9119486768243785,6.571494931304808,WAS;RHOV
gs_ind_0,Catecholamine Catabolic Process (GO:0042424),1/2,0.36582651410140676,0.9999999999998647,3.911014911014911,3.9329011974146835,MOXD1
gs_ind_0,Catecholamine Biosynthetic Process (GO:0042423),2/6,0.3535944927466926,0.9999999999998647,2.172948409516172,2.2590069951074945,GCH1;MOXD1
gs_ind_0,Cartilage Development (GO:0051216),6/32,0.6589200945648945,0.9999999999998647,0.9588765903809036,0.3999982505150798,ITGB8;WNT2B;GHRL;SLC26A2;GPLD1;OSR2
gs_ind_0,Carnitine Metabolic Process (GO:0009437),1/4,0.5978508540253882,0.9999999999998647,1.6758743901601045,0.8620931884147255,CROT
gs_ind_0,Cell Cycle G1/S Phase Transition (GO:0044843),5/43,0.9551856913656268,0.9999999999998647,0.5577368529688325,0.025571964865547577,HINFP;CCNE2;E2F1;PLK3;LATS2
gs_ind_0,Intrinsic Apoptotic Signaling Pathway By P53 Class Mediator (GO:0072332),8/28,0.19519201894327126,0.9999999999998647,1.6227566501922452,2.6512135541868256,PYCARD;SIRT1;PMAIP1;TP53;FHIT;JMY;PDK2;BCL3
gs_ind_0,Cellular Response To Angiotensin (GO:1904385),1/4,0.5978508540253882,0.9999999999998647,1.6758743901601045,0.8620931884147255,NFKB1
gs_ind_0,Cellular Response To BMP Stimulus (GO:0071773),4/38,0.9656285722650353,0.9999999999998647,0.5092420087500785,0.017811258412894725,HFE;BMPR2;TGFB3;SMURF1
gs_ind_0,Cellular Response To Interleukin-6 (GO:0071354),3/18,0.7411693826261057,0.9999999999998647,0.8826847735518029,0.26438712180913754,FER;SELPLG;NFKB1
gs_ind_0,Cellular Response To Interleukin-9 (GO:0071355),1/5,0.6797672063173691,0.9999999999998647,1.3033509700176367,0.5030998387884896,IL9R
gs_ind_0,Cellular Response To Ionizing Radiation (GO:0071479),7/43,0.8011302996068946,0.9999999999998647,0.8028717610166695,0.17802209955639167,LIG4;SIRT1;ERCC4;TP53;KDM4D;RAD9B;BRCA2
gs_ind_0,Cellular Response To Iron Ion (GO:0071281),1/4,0.5978508540253882,0.9999999999998647,1.6758743901601045,0.8620931884147255,HFE
gs_ind_0,Cellular Response To Ketone (GO:1901655),4/24,0.7503679157069622,0.9999999999998647,0.8580034524466573,0.24641141731098654,KLF9;TRERF1;SPHK2;MAP4K1
gs_ind_0,Cellular Response To Laminar Fluid Shear Stress (GO:0071499),1/6,0.7450017490315044,0.9999999999998647,1.0662906117451572,0.31388259496961246,MAPK7
gs_ind_0,Cellular Response To Lectin (GO:1990858),1/13,0.948259129620717,0.9999999999998647,0.4688985088985089,0.02491139174442143,SYK
gs_ind_0,Cellular Response To Leptin Stimulus (GO:0044320),1/5,0.6797672063173691,0.9999999999998647,1.3033509700176367,0.5030998387884896,SIRT1
gs_ind_0,Cellular Response To Leucine (GO:0071233),1/9,0.8712616767850634,0.9999999999998647,0.689782983900631,0.09506100349519497,SESN1
gs_ind_0,Cellular Response To Leucine Starvation (GO:1990253),2/12,0.7354204812815023,0.9999999999998647,0.9308053614388819,0.2860484576995813,SESN1;RRAGB
gs_ind_0,Cellular Response To Light Stimulus (GO:0071482),11/45,0.3007257327202179,0.9999999999998647,1.3043268457455364,1.5672225517047498,NSMCE3;RBX1;BMF;TP53;NEDD4;ERCC4;COPS9;ZBTB1;SMPD1;TENT4A;DDB2
gs_ind_0,Cellular Response To Lipid (GO:0071396),21/122,0.8365470002532133,0.9999999999998647,0.8269526570539852,0.1475883687344764,ZC3H12A;CD80;TNFAIP3;ZNF35;SYK;PEX2;BCL10;SPHK2;NFKB1;ZFP36;PYCARD;TICAM1;CD274;CASP7;FES;MAP4K1;NFKBIB;NFKBIL1;SELENOS;NR1D1;GPLD1
gs_ind_0,Cellular Response To Lipopolysaccharide (GO:0071222),17/65,0.1566812969188669,0.9999999999998647,1.4130024838631965,2.6190587331536066,ZFP36;PYCARD;TICAM1;SELENOS;ZC3H12A;CD274;NR1D1;CD80;TNFAIP3;CASP7;PEX2;NFKBIB;BCL10;CCL5;PTPN22;NFKB1;NFKBIL1
gs_ind_0,Cellular Response To Lipoteichoic Acid (GO:0071223),1/4,0.5978508540253882,0.9999999999998647,1.6758743901601045,0.8620931884147255,TIRAP
gs_ind_0,Cellular Response To Interleukin-12 (GO:0071349),1/7,0.796950772203989,0.9999999999998647,0.9021719021719021,0.20475907168261248,IL12RB1
gs_ind_0,Cellular Response To Low-Density Lipoprotein Particle Stimulus (GO:0071404),3/14,0.5656020552601939,0.9999999999998647,1.1900961920772326,0.6781936079104792,SYK;TICAM1;TLR6
gs_ind_0,Cellular Response To Metal Ion (GO:0071248),11/81,0.9571359897337238,0.9999999999998647,0.636398481856543,0.02788048867620763,HFE;CAMK2D;DLG2;P2RX4;ITPKC;CPNE8;DLG4;SMPD1;CDKN2AIP;GPLD1;SYT11
gs_ind_0,Cellular Response To Misfolded Protein (GO:0071218),5/18,0.2973982685333484,0.9999999999998647,1.5938531242753429,1.9328386950714114,DNAJB14;RNF185;UGGT2;ATXN3;UBE2W
gs_ind_0,Cellular Response To Molecule Of Bacterial Origin (GO:0071219),16/59,0.13075964267923568,0.9999999999998647,1.4855252412459792,3.0221442760819595,ZFP36;PYCARD;TICAM1;SELENOS;ZC3H12A;CD274;NR1D1;CD80;TIRAP;TNFAIP3;CASP7;PEX2;NFKBIB;BCL10;NFKB1;NFKBIL1
gs_ind_0,Cellular Response To Muramyl Dipeptide (GO:0071225),2/6,0.3535944927466926,0.9999999999998647,2.172948409516172,2.2590069951074945,NOD1;PTPN22
gs_ind_0,Cellular Response To Nitric Oxide (GO:0071732),1/3,0.49498852941534904,0.9999999999998647,2.3464165464165463,1.650048661813499,FOXO1
gs_ind_0,Cellular Response To Nitrogen Compound (GO:1901699),1/14,0.958804759543803,0.9999999999998647,0.43412965635187856,0.018262884928106907,NSMCE3
gs_ind_0,Cellular Response To Nitrogen Levels (GO:0043562),1/7,0.796950772203989,0.9999999999998647,0.9021719021719021,0.20475907168261248,GABARAPL1
gs_ind_0,Cellular Response To Nitrogen Starvation (GO:0006995),1/7,0.796950772203989,0.9999999999998647,0.9021719021719021,0.20475907168261248,GABARAPL1
gs_ind_0,Cellular Response To Nutrient Levels (GO:0031669),15/60,0.22740735727200678,0.9999999999998647,1.3335038290747745,1.974935632044952,FOXO1;ULK1;TFEB;ZFYVE1;SIRT1;RRAGC;PRKAB2;PDK2;ATG14;WIPI1;BMPR2;OTUD3;PPARD;JMY;RRAGB
gs_ind_0,Cellular Response To Organic Cyclic Compound (GO:0071407),7/84,0.9992424862188757,0.9999999999998647,0.3768519238243296,0.00028557870430343673,ZC3H12A;P2RX4;SSH1;CASP7;FES;TIPARP;CCL5
gs_ind_0,Cellular Response To Organic Substance (GO:0071310),6/45,0.9191689531850171,0.9999999999998647,0.6426098676039217,0.05416258406234043,TIPARP;HCLS1;SYK;CCL5;GNRHR2;NCOA2
gs_ind_0,Cellular Response To Organonitrogen Compound (GO:0071417),5/59,0.9962192517219777,0.9999999999998647,0.3934791541782223,0.0014904649497566585,RRAGC;P2RX4;SSH1;CPEB3;RRAGB
gs_ind_0,Cellular Response To Osmotic Stress (GO:0071470),1/20,0.9895100286579079,0.9999999999998647,0.3004033004033004,0.003167866629969656,PYCARD
gs_ind_0,Cellular Response To Oxidative Stress (GO:0034599),16/93,0.8114027339030976,0.9999999999998647,0.831478507616271,0.17377132427423292,SELENOS;MSRA;FOXO1;ZC3H12A;TP53;PYROXD1;HMOX1;FANCC;PDK2;PEX10;CPEB2;PEX2;NUDT2;AIF1;FER;PEX12
gs_ind_0,Cellular Response To Mechanical Stimulus (GO:0071260),7/32,0.4852825691598975,0.9999999999998647,1.15024805102764,0.8316568788382666,MAP3K14;MAP3K2;TLR5;BAD;CRADD;BCL10;NFKB1
gs_ind_0,Cellular Response To Interleukin-1 (GO:0071347),7/40,0.7333196497478871,0.9999999999998647,0.8749865132170473,0.27139770617969194,PYCARD;NR1D1;ZC3H12A;RPS6KA5;CCL5;NFKB1;IRAK2
gs_ind_0,Cellular Response To Interferon-Beta (GO:0035458),1/11,0.9183821192811181,0.9999999999998647,0.5583041297327012,0.04753497558033882,TRIM6
gs_ind_0,Cellular Response To Insulin Stimulus (GO:0032869),23/80,0.046089431996262885,0.9999999999998647,1.602379966160953,4.930798118064156,CAPN10;SLC27A1;PIK3R1;CPEB2;SH2B2;STXBP4;BCAR3;RHOQ;INSIG2;KAT2B;FOXO1;BCAR1;VAMP2;FOXO4;PIK3R3;SELENOS;TBC1D4;FER;INSR;PDK2;GPLD1;SYAP1;APPL1
gs_ind_0,Cellular Response To Bacterial Lipopeptide (GO:0071221),3/4,0.028603411361812166,0.9999999999998647,9.131557837317503,32.45565032766723,TLR1;TLR6;TIRAP
gs_ind_0,Cellular Response To Calcium Ion (GO:0071277),7/41,0.7575439420240626,0.9999999999998647,0.8495547407019381,0.23589903709524157,CAMK2D;ITPKC;CPNE8;SMPD1;CDKN2AIP;GPLD1;SYT11
gs_ind_0,Cellular Response To Chemical Stress (GO:0062197),11/71,0.881601894155564,0.9999999999998647,0.7421998067149923,0.09352808007736536,SELENOS;FOXO1;MSRA;TRIM21;ZC3H12A;RBX1;PYROXD1;FANCC;CPEB2;NUDT2;AIF1
gs_ind_0,Cellular Response To Chemokine (GO:1990869),3/17,0.703416858444551,0.9999999999998647,0.943637037569776,0.33197678677575543,CCL5;ZC3H12A;LRCH1
gs_ind_0,Cellular Response To Cholesterol (GO:0071397),1/4,0.5978508540253882,0.9999999999998647,1.6758743901601045,0.8620931884147255,GPLD1
gs_ind_0,Cellular Response To Cold (GO:0070417),2/5,0.27018544485746365,0.9999999999998647,2.7940199335548175,3.6563850298756777,FOXO1;EIF2AK3
gs_ind_0,Cellular Response To Corticosteroid Stimulus (GO:0071384),1/8,0.8383192836348962,0.9999999999998647,0.7818181818181819,0.1378785183025454,ZFP36
gs_ind_0,Cellular Response To Cytokine Stimulus (GO:0071345),23/164,0.9862674548483166,0.9999999999998647,0.6466385449433105,0.008941529485475172,PTPN6;ZC3H12A;IL27RA;CCL5;IFIT1;NFKB1;ZFP36;PYCARD;IL9R;PTPRJ;IL12RB1;SELPLG;HCLS1;IL7;TRADD;LRCH1;SOCS1;SIRT1;NR1D1;NUMBL;AIF1;FER;TRIM6
gs_ind_0,Cellular Response To Decreased Oxygen Levels (GO:0036294),8/55,0.8969740221099745,0.9999999999998647,0.6987947935079544,0.07597882459353446,SIRT1;PMAIP1;TP53;HMOX1;PICK1;BAD;ADAM8;CPEB2
gs_ind_0,Cellular Response To Epidermal Growth Factor Stimulus (GO:0071364),4/22,0.6832810987213362,0.9999999999998647,0.9509167328136996,0.36215562908814614,ZFP36;ERBB2;DUSP22;SYAP1
gs_ind_0,Cellular Response To Estrogen Stimulus (GO:0071391),4/11,0.16922725830899113,0.9999999999998647,2.3477130476649015,4.170742147653361,ARID5A;SFR1;ESR2;BCAS3
gs_ind_0,Cellular Response To Exogenous dsRNA (GO:0071360),3/11,0.3947032014005075,0.9999999999998647,1.6105265144723058,1.4971795674609456,RIGI;IFIH1;IFIT1
gs_ind_0,Cellular Response To Fatty Acid (GO:0071398),1/6,0.7450017490315044,0.9999999999998647,1.0662906117451572,0.31388259496961246,ZC3H12A
gs_ind_0,Cellular Response To Fibroblast Growth Factor Stimulus (GO:0044344),6/34,0.7184846430598026,0.9999999999998647,0.8914405010438413,0.2947199885147594,ZFP36;FRS3;FRS2;DSTYK;KIF16B;CCL5
gs_ind_0,Cellular Response To Fluid Shear Stress (GO:0071498),1/8,0.8383192836348962,0.9999999999998647,0.7818181818181819,0.1378785183025454,MAPK7
gs_ind_0,Cellular Response To Gamma Radiation (GO:0071480),1/13,0.948259129620717,0.9999999999998647,0.4688985088985089,0.02491139174442143,TP53
gs_ind_0,Cellular Response To Glucocorticoid Stimulus (GO:0071385),2/11,0.6886104060141844,0.9999999999998647,1.028869286287089,0.38385015860250277,ZFP36;KLF9
gs_ind_0,Cellular Response To Inorganic Substance (GO:0071241),2/11,0.6886104060141844,0.9999999999998647,1.028869286287089,0.38385015860250277,FOXO1;NSMCE3
gs_ind_0,Cellular Response To Increased Oxygen Levels (GO:0036295),1/7,0.796950772203989,0.9999999999998647,0.9021719021719021,0.20475907168261248,FOXO1
gs_ind_0,Cellular Response To Hypoxia (GO:0071456),8/54,0.885199134066426,0.9999999999998647,0.7138813869464473,0.08705258742507499,SIRT1;PMAIP1;TP53;HMOX1;BAD;ADAM8;CPEB2;PLK3
gs_ind_0,Cellular Response To Hydroxyurea (GO:0072711),1/7,0.796950772203989,0.9999999999998647,0.9021719021719021,0.20475907168261248,NSMCE3
gs_ind_0,Cellular Response To Hydrogen Peroxide (GO:0070301),5/26,0.6343092946916826,0.9999999999998647,1.0001344050894727,0.4552797806827438,SIRT1;MAPK7;TNFAIP3;FXN;MAP3K5
gs_ind_0,Cellular Response To Hormone Stimulus (GO:0032870),8/54,0.885199134066426,0.9999999999998647,0.7138813869464473,0.08705258742507499,ARID5A;KLF9;ESR2;BCAS3;CTSS;SFR1;GNRHR2;NCOA2
gs_ind_0,Cellular Response To Arsenic-Containing Substance (GO:0071243),1/10,0.8974937817113968,0.9999999999998647,0.6171236171236171,0.06674135581913541,ZC3H12A
gs_ind_0,Cellular Response To Hexose Stimulus (GO:0071331),3/20,0.8050898859562208,0.9999999999998647,0.781678164607733,0.16946887996429236,ERN1;SOX4;ZBTB20
gs_ind_0,Cellular Response To Heat (GO:0034605),4/28,0.8510236359077189,0.9999999999998647,0.7176854371984711,0.11577369652446345,SLU7;ATXN3;BAG3;HMOX1
gs_ind_0,Cellular Response To Growth Hormone Stimulus (GO:0071378),1/6,0.7450017490315044,0.9999999999998647,1.0662906117451572,0.31388259496961246,PIK3R1
gs_ind_0,Cellular Response To Growth Factor Stimulus (GO:0071363),15/107,0.9653493572149567,0.9999999999998647,0.6534028633239456,0.023042392428978594,ZFP36;ERN1;BCAR1;MAP2K3;MAPK7;WWOX;DUSP22;DSTYK;BMPR2;SPRY2;ERBB2;SMAD7;CCL5;SYAP1;APPL1
gs_ind_0,Cellular Response To Granulocyte Macrophage Colony-Stimulating Factor Stimulus (GO:0097011),1/2,0.36582651410140676,0.9999999999998647,3.911014911014911,3.9329011974146835,ZFP36
gs_ind_0,Cellular Response To Glucose Stimulus (GO:0071333),4/25,0.7795519571143958,0.9999999999998647,0.818029134149209,0.20371865297410585,ERN1;SOX4;RAB11FIP2;ZBTB20
gs_ind_0,Cellular Response To Glucose Starvation (GO:0042149),11/36,0.09829020322066008,0.9999999999998647,1.7659832149041055,4.096782464093766,MTMR3;SIRT1;EIF2AK3;ZC3H12A;PMAIP1;TP53;ATG14;PICK1;SESN1;TSSK6;KICS2
gs_ind_0,Cellular Response To Hepatocyte Growth Factor Stimulus (GO:0035729),2/3,0.10750248347352222,0.9999999999998647,6.520449077786688,14.542175020845065,BCAR1;APPL1
gs_ind_0,Intrinsic Apoptotic Signaling Pathway In Response To DNA Damage (GO:0008630),11/40,0.17552917119310682,0.9999999999998647,1.5260262320646232,2.6552093917170017,PYCARD;TOPORS;SIRT1;TP53;E2F1;MOAP1;BCL2L2;BCL2;IKBKE;HIC1;BCL3
gs_ind_0,Intrinsic Apoptotic Signaling Pathway In Response To DNA Damage By P53 Class Mediator (GO:0042771),4/16,0.4164508921822029,0.9999999999998647,1.4080500722195475,1.233433178794374,PYCARD;SIRT1;BCL3;TP53
gs_ind_0,Intrinsic Apoptotic Signaling Pathway In Response To Endoplasmic Reticulum Stress (GO:0070059),6/23,0.3212421553592512,0.9999999999998647,1.4530867879510885,1.650067323287437,ERN1;BBC3;TMEM117;BCL2;CHAC1;MAP3K5
gs_ind_0,Negative Regulation Of Stress-Activated Protein Kinase Signaling Cascade (GO:0070303),1/6,0.7450017490315044,0.9999999999998647,1.0662906117451572,0.31388259496961246,FOXO1
gs_ind_0,Negative Regulation Of Striated Muscle Cell Differentiation (GO:0051154),1/12,0.9350149954629013,0.9999999999998647,0.5097141184097705,0.03424907390651992,FRS2
gs_ind_0,Negative Regulation Of Substrate Adhesion-Dependent Cell Spreading (GO:1900025),2/9,0.5747801384335589,0.9999999999998647,1.303448275862069,0.7218075267435339,KANK1;MELTF
gs_ind_0,Negative Regulation Of Supramolecular Fiber Organization (GO:1902904),6/52,0.9680076764924421,0.9999999999998647,0.5455586234763283,0.017738981292937873,CAMSAP2;ATXN7;SSH1;KANK1;CORO1A;TTBK2
gs_ind_0,Negative Regulation Of Synaptic Transmission (GO:0050805),2/5,0.27018544485746365,0.9999999999998647,2.7940199335548175,3.6563850298756777,PICK1;SLC24A1
gs_ind_0,Negative Regulation Of Systemic Arterial Blood Pressure (GO:0003085),1/3,0.49498852941534904,0.9999999999998647,2.3464165464165463,1.650048661813499,BMPR2
gs_ind_0,Negative Regulation Of T Cell Activation (GO:0050868),10/23,0.01012434156873397,0.9999999999998647,3.0477032749102215,13.997530301818438,PAG1;CD274;CD80;TNFAIP8L2;IL4I1;GLMN;HAVCR2;VSIR;NCKAP1L;PTPN22
gs_ind_0,Negative Regulation Of T Cell Apoptotic Process (GO:0070233),1/4,0.5978508540253882,0.9999999999998647,1.6758743901601045,0.8620931884147255,CCL5
gs_ind_0,Negative Regulation Of T Cell Cytokine Production (GO:0002725),2/3,0.10750248347352222,0.9999999999998647,6.520449077786688,14.542175020845065,HFE;SMAD7
gs_ind_0,Negative Regulation Of T Cell Differentiation (GO:0045581),1/3,0.49498852941534904,0.9999999999998647,2.3464165464165463,1.650048661813499,ZC3H8
gs_ind_0,Negative Regulation Of T Cell Differentiation In Thymus (GO:0033085),1/3,0.49498852941534904,0.9999999999998647,2.3464165464165463,1.650048661813499,ZC3H8
gs_ind_0,Negative Regulation Of T Cell Mediated Cytotoxicity (GO:0001915),2/3,0.10750248347352222,0.9999999999998647,6.520449077786688,14.542175020845065,NCKAP1L;PTPRC
gs_ind_0,Negative Regulation Of T Cell Proliferation (GO:0042130),6/20,0.2077528450633598,0.9999999999998647,1.7541573680800517,2.7564936774812905,CD274;CD80;IL4I1;GLMN;BTN2A2;TNFRSF14
gs_ind_0,Negative Regulation Of T Cell Receptor Signaling Pathway (GO:0050860),2/8,0.5073711921876385,0.9999999999998647,1.5041021528591696,1.0205519747850815,PTPN22;PTPRJ
gs_ind_0,Negative Regulation Of Stress-Activated MAPK Cascade (GO:0032873),5/32,0.8097330769172972,0.9999999999998647,0.7815379675710387,0.16494407283928664,FOXO1;PTPN22;CYLD;FKTN;DUSP10
gs_ind_0,Negative Regulation Of T-helper 17 Cell Differentiation (GO:2000320),3/7,0.15431169962193045,0.9999999999998647,3.0431039092999628,5.686893849611121,ZC3H12A;LOXL3;SMAD7
gs_ind_0,Negative Regulation Of T-helper Cell Differentiation (GO:0045623),2/7,0.4333076099965977,0.9999999999998647,1.7777210760370343,1.486721268820039,ZC3H12A;SMAD7
gs_ind_0,Negative Regulation Of TOR Signaling (GO:0032007),10/44,0.4061064774454944,0.9999999999998647,1.1905241301201788,1.0728287884763068,SIRT1;EPM2A;WDR24;TNFAIP8L1;CASTOR1;DEPDC5;CASTOR3P;SESN1;TSSK6;KICS2
gs_ind_0,Negative Regulation Of TORC1 Signaling (GO:1904262),6/22,0.2820850843655783,0.9999999999998647,1.5412791801100778,1.9505605273096753,WDR24;CASTOR1;DEPDC5;CASTOR3P;SESN1;KICS2
gs_ind_0,Negative Regulation Of Telomerase Activity (GO:0051974),5/9,0.02109342287281697,0.9999999999998647,4.785091239899395,18.464681362536957,TERF1;TP53;PIF1;PINX1;PARP3
gs_ind_0,Negative Regulation Of Telomere Capping (GO:1904354),1/5,0.6797672063173691,0.9999999999998647,1.3033509700176367,0.5030998387884896,ERCC4
gs_ind_0,Negative Regulation Of Telomere Maintenance (GO:0032205),4/13,0.26388176960411197,0.9999999999998647,1.8531535869041886,2.4688714984696505,PINX1;TERF1;ERCC4;SLX4
gs_ind_0,Negative Regulation Of Telomere Maintenance Via Telomerase (GO:0032211),6/17,0.11316880953611234,0.9999999999998647,2.212308250884996,4.820342443962048,TERF1;PIF1;PINX1;CTC1;TINF2;TENT4B
gs_ind_0,Negative Regulation Of Telomere Maintenance Via Telomere Lengthening (GO:1904357),8/22,0.06142343550565297,0.9999999999998647,2.295372561188472,6.404006424139378,TERF1;ERCC4;PIF1;PINX1;CTC1;TINF2;TENT4B;SLX4
gs_ind_0,Negative Regulation Of Toll-Like Receptor 2 Signaling Pathway (GO:0034136),2/4,0.18640155558523228,0.9999999999998647,3.9119486768243785,6.571494931304808,TNFAIP3;TLR6
gs_ind_0,Negative Regulation Of Toll-Like Receptor 4 Signaling Pathway (GO:0034144),2/4,0.18640155558523228,0.9999999999998647,3.9119486768243785,6.571494931304808,NR1D1;TNFAIP3
gs_ind_0,Negative Regulation Of Toll-Like Receptor Signaling Pathway (GO:0034122),1/8,0.8383192836348962,0.9999999999998647,0.7818181818181819,0.1378785183025454,NFKBIL1
gs_ind_0,Negative Regulation Of Transcription By Competitive Promoter Binding (GO:0010944),1/9,0.8712616767850634,0.9999999999998647,0.689782983900631,0.09506100349519497,SMAD7
gs_ind_0,Negative Regulation Of Transcription By RNA Polymerase I (GO:0016479),1/9,0.8712616767850634,0.9999999999998647,0.689782983900631,0.09506100349519497,BEND3
gs_ind_0,Negative Regulation Of Transcription By RNA Polymerase II (GO:0000122),133/563,0.03007386131871001,0.9999999999998647,1.221883493140736,4.281600578861257,BCL6B;ZNF25;CPEB3;PEX2;MAGED2;MED9;ARID5A;FOSB;ZMYM5;ZNF219;SAP30;MNT;ZNF436;ZNF641;ZBTB1;MZF1;SMURF2;ATXN1;SUFU;ZBTB25;ZNF778;ZSCAN2;CC2D1A;CYP27B1;JDP2;GZF1;SIRT1;ZNF491;ZNF19;PATZ1;ZNF133;ZNF79;ZNF619;SMAD7;ZBTB2;E2F1;TLE6;HEXIM1;ING2;ZBTB49;IRF7;ZFP36;MAFF;PARP9;ARID5B;E2F8;SEMA4D;WWC1;LINC-PINT;ZNF555;SOX12;FLYWCH1;ZBTB20;KLF12;PURA;NSMCE3;OTUD7B;TAF3;ZBTB4;HIC1;IRF2;HCFC2;ZNF169;MAGEH1;SAP30L;UBE2D1;PER2;ZNF8;ZBTB32;ZNF589;TP53;ZNF566;ZNF785;NKAP;E2F7;ZEB1;ZNF674;ZNF136;BAG3;ZNF599;BEND3;MEIS2;ZBTB10;PPARD;ZNF77;POU6F1;ZKSCAN3;ZNF10;MAGEF1;ESR2;DUSP22;ZNF202;ZNF557;ZNF550;ZNF224;ZNF559;IKZF5;IRF2BPL;SP2;ZNF764;ZNF304;NFKB1;TBX6;ZNF337;ZBTB37;THAP1;WWC3;MOSPD1;ZNF891;ZNF205;ZNF620;HEXIM2;ZNF248;ZBTB6;ZBTB39;ZNF596;HEY1;ZNF345;BRMS1L;NR4A2;HDAC10;PLK3;OSR2;RB1;NR1D1;ELK4;ETV6;SOX4;MXD4;ZNF684;MAFK;ZBTB26;ZNF20
gs_ind_0,Negative Regulation Of T-helper 17 Type Immune Response (GO:2000317),2/6,0.3535944927466926,0.9999999999998647,2.172948409516172,2.2590069951074945,ZC3H12A;SMAD7
gs_ind_0,Negative Regulation Of Transcription Elongation By RNA Polymerase II (GO:0034244),1/14,0.958804759543803,0.9999999999998647,0.43412965635187856,0.018262884928106907,HEXIM1
gs_ind_0,Negative Regulation Of Stress Fiber Assembly (GO:0051497),2/19,0.9227080233311012,0.9999999999998647,0.5581624470156948,0.0448999429825696,WAS;PIK3R1
gs_ind_0,Negative Regulation Of Stem Cell Population Maintenance (GO:1902455),4/17,0.4663751333137939,0.9999999999998647,1.3036430749478414,0.9943732599893775,SAP30;SAP30L;ING2;BRMS1L
gs_ind_0,Negative Regulation Of Receptor-Mediated Endocytosis (GO:0048261),2/21,0.9467299284801028,0.9999999999998647,0.500832767873666,0.027416293324235817,ANKRD13B;DLG4
gs_ind_0,Negative Regulation Of Release Of Cytochrome C From Mitochondria (GO:0090201),2/13,0.7760853855691137,0.9999999999998647,0.84979603221645,0.21541711776620684,FXN;NOL3
gs_ind_0,Negative Regulation Of Reproductive Process (GO:2000242),1/8,0.8383192836348962,0.9999999999998647,0.7818181818181819,0.1378785183025454,ARHGDIB
gs_ind_0,Negative Regulation Of Response To Biotic Stimulus (GO:0002832),9/32,0.18856524607632102,0.9999999999998647,1.5822557090431517,2.6396949190046564,TRIB1;TRIM21;DHX58;TNFAIP3;CARD8;CEP63;TREX1;MAPKBP1;NFKBIL1
gs_ind_0,Negative Regulation Of Response To Cytokine Stimulus (GO:0060761),2/6,0.3535944927466926,0.9999999999998647,2.172948409516172,2.2590069951074945,MAPK7;PTPRC
gs_ind_0,Negative Regulation Of Response To Endoplasmic Reticulum Stress (GO:1903573),2/22,0.9558870236074068,0.9999999999998647,0.4763627828740196,0.021491368499665764,SELENOS;CREB3
gs_ind_0,Negative Regulation Of Response To External Stimulus (GO:0032102),20/89,0.3500112567703066,0.9999999999998647,1.154209137932435,1.2116771679908176,TRIB1;TNFAIP3;MAPK7;TRIM21;DHX58;MACIR;CYLD;CASK;GHRL;TNFAIP8L2;ALOX5;PPARD;MAPKBP1;NFKBIL1;RB1;SELENOS;NR1D1;TREX1;CARD8;CEP63
gs_ind_0,Negative Regulation Of Response To Stimulus (GO:0048585),8/34,0.3878726554393023,0.9999999999998647,1.254721529081102,1.188319408344245,SIRT1;MAPK7;ALOX5;SMCR8;INPP5D;CASK;PDCD1;PIM3
gs_ind_0,Negative Regulation Of Response To Wounding (GO:1903035),3/13,0.5117635076996409,0.9999999999998647,1.3035456441520936,0.8732356585687845,PTPN6;ALOX5;CASK
gs_ind_0,"Negative Regulation Of Retrograde Protein Transport, ER To Cytosol (GO:1904153)",2/8,0.5073711921876385,0.9999999999998647,1.5041021528591696,1.0205519747850815,DERL3;SVIP
gs_ind_0,Negative Regulation Of Rho Protein Signal Transduction (GO:0035024),3/15,0.6156231394758771,0.9999999999998647,1.0947986523343494,0.5311090388707119,CCDC125;KANK1;KCTD13
gs_ind_0,Negative Regulation Of Ruffle Assembly (GO:1900028),2/4,0.18640155558523228,0.9999999999998647,3.9119486768243785,6.571494931304808,ARHGAP24;KANK1
gs_ind_0,Negative Regulation Of SMAD Protein Signal Transduction (GO:0060392),2/4,0.18640155558523228,0.9999999999998647,3.9119486768243785,6.571494931304808,PBLD;FAM89B
gs_ind_0,Negative Regulation Of Secretion By Cell (GO:1903531),4/26,0.8059597139185256,0.9999999999998647,0.7816080885893115,0.16860968527122933,SMCR8;SERGEF;RHBDF2;SYT11
gs_ind_0,Negative Regulation Of Steroid Biosynthetic Process (GO:0010894),1/7,0.796950772203989,0.9999999999998647,0.9021719021719021,0.20475907168261248,NFKB1
gs_ind_0,Negative Regulation Of Sequestering Of Calcium Ion (GO:0051283),3/19,0.7749900719826985,0.9999999999998647,0.8291206627481295,0.21134705233127382,PTPRC;PLCB2;ITPR2
gs_ind_0,Negative Regulation Of Signal Transduction By P53 Class Mediator (GO:1901797),2/17,0.8887155005535027,0.9999999999998647,0.6302868820653439,0.07436005923900754,SIRT1;YJU2
gs_ind_0,Negative Regulation Of Signal Transduction In Absence Of Ligand (GO:1901099),3/13,0.5117635076996409,0.9999999999998647,1.3035456441520936,0.8732356585687845,BCL2;MAPK7;IFI6
gs_ind_0,Negative Regulation Of Signaling (GO:0023057),3/17,0.703416858444551,0.9999999999998647,0.943637037569776,0.33197678677575543,PPP3CA;INPP5D;OPTN
gs_ind_0,Negative Regulation Of Signaling Receptor Activity (GO:2000272),4/18,0.5146542375367785,0.9999999999998647,1.2136370428170604,0.8061705265524838,HFE;CHMP6;CBLB;SOCS6
gs_ind_0,Negative Regulation Of Single Stranded Viral RNA Replication Via Double Stranded DNA Intermediate (GO:0045869),4/12,0.2151327165692436,0.9999999999998647,2.071341584298621,3.1826166651852184,APOBEC3G;MPHOSPH8;APOBEC3F;APOBEC3D
gs_ind_0,Negative Regulation Of Small GTPase Mediated Signal Transduction (GO:0051058),2/16,0.8669156603053907,0.9999999999998647,0.6738102480435805,0.09622925683039828,SYNGAP1;SPRY2
gs_ind_0,Negative Regulation Of Small Molecule Metabolic Process (GO:0062014),1/21,0.9916490336667981,0.9999999999998647,0.28572601743333453,0.002396107241114433,MST1
gs_ind_0,Negative Regulation Of Smooth Muscle Cell Differentiation (GO:0051151),1/8,0.8383192836348962,0.9999999999998647,0.7818181818181819,0.1378785183025454,FOXO4
gs_ind_0,Negative Regulation Of Smooth Muscle Cell Migration (GO:0014912),2/7,0.4333076099965977,0.9999999999998647,1.7777210760370343,1.486721268820039,TRIB1;AIF1
gs_ind_0,Negative Regulation Of Smooth Muscle Cell Proliferation (GO:0048662),9/20,0.011202807229386111,0.9999999999998647,3.236492105980445,14.536998447795696,EFEMP2;TRIB1;ANG;TNFAIP3;HMOX1;BMPR2;AIF1;PTGIR;TGFB3
gs_ind_0,Negative Regulation Of Smoothened Signaling Pathway (GO:0045879),3/20,0.8050898859562208,0.9999999999998647,0.781678164607733,0.16946887996429236,SUFU;MOSMO;TULP3
gs_ind_0,Negative Regulation Of Sodium Ion Transmembrane Transport (GO:1902306),2/9,0.5747801384335589,0.9999999999998647,1.303448275862069,0.7218075267435339,COMMD1;NEDD4
gs_ind_0,Negative Regulation Of Sodium Ion Transmembrane Transporter Activity (GO:2000650),2/9,0.5747801384335589,0.9999999999998647,1.303448275862069,0.7218075267435339,CAMK2D;NEDD4
gs_ind_0,Negative Regulation Of Sprouting Angiogenesis (GO:1903671),3/8,0.21111686342347444,0.9999999999998647,2.4896080976620043,3.8721956321797006,E2F2;SYNJ2BP;ALOX5
gs_ind_0,Negative Regulation Of Signal Transduction (GO:0009968),36/177,0.5335539075258212,0.9999999999998647,1.0085878272648046,0.6335899999047302,TRIB1;PIP4K2C;TNFAIP3;RPGRIP1L;KANK1;HIF1AN;INPP5D;PTGIR;CBY1;CHAC1;CCL5;TRABD2A;SPRY2;RNF43;PTPRJ;NEDD4;BTRC;CXXC4;SMPD1;ZNF653;SUFU;PTPRC;HEY1;MOSMO;TULP3;WWOX;TLR6;BCL2;NR4A2;HIC1;SOCS1;NFKBIL1;RB1;NR1D1;CARD8;APPL1
gs_ind_0,Negative Regulation Of Transcription Regulatory Region DNA Binding (GO:2000678),2/11,0.6886104060141844,0.9999999999998647,1.028869286287089,0.38385015860250277,HEY1;PER2
gs_ind_0,Negative Regulation Of Transferase Activity (GO:0051348),9/35,0.2729600817224538,0.9999999999998647,1.4027866659792,1.821419891313462,ZFP36;TERF1;ERCC4;TP53;PIF1;PINX1;DTX3L;TINF2;SMAD7
gs_ind_0,Negative Regulation Of Transforming Growth Factor Beta Receptor Signaling Pathway (GO:0030512),17/58,0.06714402508920585,0.9999999999998647,1.6522916808248302,4.462699944480199,SAP30;SIRT1;SAP30L;LEMD3;EID2;SPRED1;BRMS1L;NRROS;ING2;PEG10;SMURF2;SMAD7;BCL9L;PBLD;FAM89B;SMURF1;SPRY2
gs_ind_0,Negative Regulation Of miRNA Transcription (GO:1902894),3/15,0.6156231394758771,0.9999999999998647,1.0947986523343494,0.5311090388707119,ZNF512B;NFATC4;PPARD
gs_ind_0,Negative Regulation Of miRNA-mediated Gene Silencing (GO:0060965),1/6,0.7450017490315044,0.9999999999998647,1.0662906117451572,0.31388259496961246,ZC3H10
gs_ind_0,Negative Regulation Of p38MAPK Cascade (GO:1903753),2/5,0.27018544485746365,0.9999999999998647,2.7940199335548175,3.6563850298756777,DUSP10;PTPN22
gs_ind_0,Nervous System Development (GO:0007399),38/266,0.9960612129400248,0.9999999999998647,0.6544679177032697,0.0025828998575477885,BTD;MBD5;FUZ;ALDH3A2;SERPINI1;IRF2BPL;ATXN3;CHAC1;FGF11;RNF103;LIG4;NAGLU;DLG4;SMPD1;TRAK2;JRKL;FKTN;CLN5;ATXN1;MARCKS;ROGDI;FEZ1;MELTF;TMEM223;HOXB2;NINJ1;ZNF76;GMFB;IGSF8;ST8SIA4;NUMBL;MST1R;SOX4;ADAM22;FBXL17;ERBB2;RBM45;ZDHHC2
gs_ind_0,Neural Crest Cell Development (GO:0014032),4/25,0.7795519571143958,0.9999999999998647,0.818029134149209,0.20371865297410585,SEMA4D;KBTBD8;SEMA7A;SEMA4A
gs_ind_0,Neural Crest Cell Differentiation (GO:0014033),2/13,0.7760853855691137,0.9999999999998647,0.84979603221645,0.21541711776620684,FBXL17;KBTBD8
gs_ind_0,Neural Crest Cell Migration (GO:0001755),3/19,0.7749900719826985,0.9999999999998647,0.8291206627481295,0.21134705233127382,SEMA4D;SEMA7A;SEMA4A
gs_ind_0,Neural Tube Closure (GO:0001843),2/29,0.9886459348271212,0.9999999999998647,0.3549026755121382,0.00405263885669027,FUZ;BCL10
gs_ind_0,Neural Tube Development (GO:0021915),1/12,0.9350149954629013,0.9999999999998647,0.5097141184097705,0.03424907390651992,FUZ
gs_ind_0,Neuroactive ligand-receptor interaction,9/96,0.9988700392024377,0.9999999999998647,0.4227147679518681,0.00047792118331702526,CHRNA5;S1PR1;GHRL;S1PR2;P2RX4;C5;GNRH2;PTGIR;P2RX1
gs_ind_0,Neuroepithelial Cell Differentiation (GO:0060563),1/4,0.5978508540253882,0.9999999999998647,1.6758743901601045,0.8620931884147255,SOX4
gs_ind_0,Neurogenesis (GO:0022008),7/36,0.6203529213853778,0.9999999999998647,0.9939554829487441,0.47458067903068124,ROGDI;METTL14;TRAK2;ERBB2;CHAC1;PALS1;CLN5
gs_ind_0,Neuromuscular Junction Development (GO:0007528),5/14,0.13769744367036255,0.9999999999998647,2.265692727564617,4.492180900330161,CACNB3;NEDD4;CACNB1;PPFIBP2;PPFIBP1
gs_ind_0,Neuromuscular Process (GO:0050905),1/9,0.8712616767850634,0.9999999999998647,0.689782983900631,0.09506100349519497,GCH1
gs_ind_0,Negative Regulation Of miRNA Processing (GO:1903799),1/3,0.49498852941534904,0.9999999999998647,2.3464165464165463,1.650048661813499,ZC3H10
gs_ind_0,Neuromuscular Synaptic Transmission (GO:0007274),1/8,0.8383192836348962,0.9999999999998647,0.7818181818181819,0.1378785183025454,TSPOAP1
gs_ind_0,Neuron Cell-Cell Adhesion (GO:0007158),1/4,0.5978508540253882,0.9999999999998647,1.6758743901601045,0.8620931884147255,CDK5R1
gs_ind_0,Neuron Development (GO:0048666),15/98,0.9191943033574556,0.9999999999998647,0.724367660234371,0.061033589121684884,ULK1;NEDD4;CDK5R1;BLOC1S5;ARL3;SNAPIN;BLOC1S2;ZFYVE27;UNK;RB1;PBX4;PALS1;HS6ST1;CLN5;BLOC1S3
gs_ind_0,Neuron Differentiation (GO:0030182),11/102,0.9966452524042613,0.9999999999998647,0.48949074061866327,0.0016448785065949344,MYEF2;NR4A2;CDK5R1;NRBP2;WNT2B;SOX4;BRSK1;ERBB2;FZD2;PBX4;HS6ST1
gs_ind_0,Neuron Fate Commitment (GO:0048663),1/13,0.948259129620717,0.9999999999998647,0.4688985088985089,0.02491139174442143,DLL1
gs_ind_0,Neuron Fate Specification (GO:0048665),1/5,0.6797672063173691,0.9999999999998647,1.3033509700176367,0.5030998387884896,DLL1
gs_ind_0,Neuron Maturation (GO:0042551),4/12,0.2151327165692436,0.9999999999998647,2.071341584298621,3.1826166651852184,ANKS1A;RND1;CLN5;PICK1
gs_ind_0,Neuron Migration (GO:0001764),4/37,0.9598385184135767,0.9999999999998647,0.5244863788903341,0.021498811352283487,CEP85L;SH3RF1;CDK5R1;NR4A2
gs_ind_0,Neuron Projection Development (GO:0031175),23/130,0.8062144187544941,0.9999999999998647,0.8535570918403749,0.1838609293814519,SRGAP3;PLXNA3;CDK5R1;SVBP;PACSIN1;NOL3;ZFYVE27;CNTNAP1;NEDD4;DLG4;ZNF335;ULK1;ALS2;CAMSAP2;SNAPIN;BLOC1S2;NCKAP1L;TRIO;MAPK8IP3;BLOC1S3;RB1;BLOC1S5;WASL
gs_ind_0,Neuron Projection Extension (GO:1990138),2/24,0.9698826975751649,0.9999999999998647,0.4339481422079658,0.013270197168590993,ULK1;CDKL3
gs_ind_0,Neuron Projection Fasciculation (GO:0106030),1/6,0.7450017490315044,0.9999999999998647,1.0662906117451572,0.31388259496961246,CDK5R1
gs_ind_0,Neuron Projection Guidance (GO:0097485),11/65,0.7984331565450756,0.9999999999998647,0.8243171652748531,0.1855571126935956,PLXNA3;CDK5R1;FEZ1;EFNA4;SEMA4A;SEMA4D;RPS6KA5;SEMA7A;DAG1;TRIO;CYFIP2
gs_ind_0,Neuron Projection Maintenance (GO:1990535),2/7,0.4333076099965977,0.9999999999998647,1.7777210760370343,1.486721268820039,INSR;ABCD2
gs_ind_0,Neuron Projection Morphogenesis (GO:0048812),15/96,0.9037919173365498,0.9999999999998647,0.7422660752697203,0.07508475991022118,SRGAP3;ALS2;PLXNA3;PACSIN1;PARD6B;NOL3;CNTNAP1;BRSK1;WASL;DLG4;NCKAP1L;TRIO;ATL1;RAB3A;ZNF335
gs_ind_0,Neuron Projection Organization (GO:0106027),3/12,0.45456002967759573,0.9999999999998647,1.4408791914006096,1.1360256023861053,INSR;ABCD2;PICK1
gs_ind_0,Neuron Apoptotic Process (GO:0051402),2/14,0.8111659406206002,0.9999999999998647,0.7817481956696071,0.1636063210775793,BCL2;LIG4
gs_ind_0,Negative Regulation Of miRNA Metabolic Process (GO:2000629),3/16,0.6615859657744176,0.9999999999998647,1.0136192666274488,0.4187416761244309,ZNF512B;NFATC4;PPARD
gs_ind_0,"Negative Regulation Of mRNA Splicing, Via Spliceosome (GO:0048025)",2/13,0.7760853855691137,0.9999999999998647,0.84979603221645,0.21541711776620684,SAP18;PCBP4
gs_ind_0,Negative Regulation Of mRNA Processing (GO:0050686),2/13,0.7760853855691137,0.9999999999998647,0.84979603221645,0.21541711776620684,SAP18;PCBP4
gs_ind_0,Negative Regulation Of Translation (GO:0017148),9/93,0.9982493690223246,0.9999999999998647,0.4378308249686831,0.0007671519012092077,ZFP36;EIF2AK3;NHLRC3;METTL14;CPEB3;CPEB2;NANOS3;UNK;PATL2
gs_ind_0,Negative Regulation Of Transmembrane Receptor Protein Serine/Threonine Kinase Signaling Pathway (GO:0090101),18/81,0.38104330563434213,0.9999999999998647,1.1398510499745487,1.0997764485675765,SAP30;SIRT1;SAP30L;LEMD3;EID2;TMEM53;UBE2D1;SPRED1;BRMS1L;ING2;PEG10;SMURF2;SMAD7;BCL9L;PBLD;FAM89B;SMURF1;SPRY2
gs_ind_0,Negative Regulation Of Transmembrane Transport (GO:0034763),1/8,0.8383192836348962,0.9999999999998647,0.7818181818181819,0.1378785183025454,CTTNBP2NL
gs_ind_0,Negative Regulation Of Transport (GO:0051051),3/24,0.8935907530633411,0.9999999999998647,0.6360407284558184,0.07155927544861866,SYT11;PXK;CTTNBP2NL
gs_ind_0,Negative Regulation Of Transposition (GO:0010529),4/15,0.3655177183974608,0.9999999999998647,1.5306148081472022,1.540472769277779,APOBEC3G;APOBEC3D;APOBEC3F;ZNF91
gs_ind_0,Negative Regulation Of Triglyceride Metabolic Process (GO:0090209),2/6,0.3535944927466926,0.9999999999998647,2.172948409516172,2.2590069951074945,GPLD1;SIRT1
gs_ind_0,Negative Regulation Of Trophoblast Cell Migration (GO:1901164),1/3,0.49498852941534904,0.9999999999998647,2.3464165464165463,1.650048661813499,ARHGDIB
gs_ind_0,Negative Regulation Of Tumor Necrosis Factor Production (GO:0032720),10/28,0.04351370052449751,0.9999999999998647,2.223087052320048,6.968665267099043,PTPN6;SELENOS;ZC3H12A;GHRL;TNFAIP3;HAVCR2;VSIR;PTPN22;SYT11;NFKBIL1
gs_ind_0,Negative Regulation Of Tumor Necrosis Factor Superfamily Cytokine Production (GO:1903556),11/29,0.022284284001366273,0.9999999999998647,2.4355929035034714,9.264687551521213,PTPN6;SELENOS;ZC3H12A;CD274;GHRL;TNFAIP3;HAVCR2;VSIR;PTPN22;SYT11;NFKBIL1
gs_ind_0,Negative Regulation Of Tumor Necrosis Factor-Mediated Signaling Pathway (GO:0010804),3/15,0.6156231394758771,0.9999999999998647,1.0947986523343494,0.5311090388707119,CARD8;PELI3;TRAIP
gs_ind_0,Negative Regulation Of Type I Interferon Production (GO:0032480),8/33,0.35392322015599353,0.9999999999998647,1.3040334243933793,1.35446728428142,PYCARD;RBX1;DHX58;RELB;HAVCR2;CYLD;GPATCH3;XAF1
gs_ind_0,Negative Regulation Of Type I Interferon-Mediated Signaling Pathway (GO:0060339),1/12,0.9350149954629013,0.9999999999998647,0.5097141184097705,0.03424907390651992,OAS3
gs_ind_0,Negative Regulation Of Type II Interferon Production (GO:0032689),4/12,0.2151327165692436,0.9999999999998647,2.071341584298621,3.1826166651852184,VSIR;ZC3H12A;CD274;HAVCR2
gs_ind_0,Negative Regulation Of Tyrosine Phosphorylation Of STAT Protein (GO:0042532),2/7,0.4333076099965977,0.9999999999998647,1.7777210760370343,1.486721268820039,PIBF1;SOCS1
gs_ind_0,Negative Regulation Of Ubiquitin-Dependent Protein Catabolic Process (GO:2000059),5/34,0.8506067172755939,0.9999999999998647,0.7284326183433966,0.11786433052198599,HFE;RYBP;FHIT;CAMLG;PDCL3
gs_ind_0,Negative Regulation Of Ubiquitin-Protein Transferase Activity (GO:0051444),3/16,0.6615859657744176,0.9999999999998647,1.0136192666274488,0.4187416761244309,DTX3L;BAG2;SMAD7
gs_ind_0,Negative Regulation Of Vascular Associated Smooth Muscle Cell Proliferation (GO:1904706),2/9,0.5747801384335589,0.9999999999998647,1.303448275862069,0.7218075267435339,EFEMP2;TGFB3
gs_ind_0,Negative Regulation Of mRNA Catabolic Process (GO:1902373),2/30,0.9906871396715483,0.9999999999998647,0.34242181234963914,0.0032038683653794983,NRDE2;E2F1
gs_ind_0,Negative Regulation Of cAMP-dependent Protein Kinase Activity (GO:2000480),2/7,0.4333076099965977,0.9999999999998647,1.7777210760370343,1.486721268820039,PKIB;SIRT1
gs_ind_0,Negative Regulation Of Wound Healing (GO:0061045),2/13,0.7760853855691137,0.9999999999998647,0.84979603221645,0.21541711776620684,ALOX5;CASK
gs_ind_0,Negative Regulation Of Wnt Signaling Pathway (GO:0030178),18/101,0.7734105630205663,0.9999999999998647,0.8654041264560995,0.22236147270118212,RBX1;FUZ;RNF43;AMER1;MLLT3;TLE4;WWOX;TLE6;CXXC4;CYLD;CCDC88C;STK3;TMEM88;NPHP3;HIC1;CBY1;TRABD2A;LATS2
gs_ind_0,Negative Regulation Of Voltage-Gated Calcium Channel Activity (GO:1901386),1/8,0.8383192836348962,0.9999999999998647,0.7818181818181819,0.1378785183025454,PPP3CA
gs_ind_0,Negative Regulation Of Vitamin Metabolic Process (GO:0046137),1/5,0.6797672063173691,0.9999999999998647,1.3033509700176367,0.5030998387884896,NFKB1
gs_ind_0,Negative Regulation Of Receptor Signaling Pathway Via STAT (GO:1904893),2/10,0.6351727324480614,0.9999999999998647,1.1500070758054626,0.5219402535113675,BCL3;SOCS1
gs_ind_0,Negative Regulation Of Viral-Induced Cytoplasmic Pattern Recognition Receptor Signaling Pathway (GO:0039532),3/12,0.45456002967759573,0.9999999999998647,1.4408791914006096,1.1360256023861053,GPATCH3;TNFAIP3;DHX58
gs_ind_0,Negative Regulation Of Viral Life Cycle (GO:1903901),1/12,0.9350149954629013,0.9999999999998647,0.5097141184097705,0.03424907390651992,TRIM26
gs_ind_0,Negative Regulation Of Viral Genome Replication (GO:0045071),14/38,0.01396115324387253,0.9999999999998647,2.319988565382682,9.909776810064333,MX1;APOBEC3G;FAM111A;RNASEL;IFIT5;SHFL;APOBEC3D;IFIH1;MPHOSPH8;OAS3;CCL5;TRIM6;IFIT1;APOBEC3F
gs_ind_0,Negative Regulation Of Viral Entry Into Host Cell (GO:0046597),1/11,0.9183821192811181,0.9999999999998647,0.5583041297327012,0.04753497558033882,TRIM26
gs_ind_0,Negative Regulation Of Vascular Permeability (GO:0043116),1/4,0.5978508540253882,0.9999999999998647,1.6758743901601045,0.8620931884147255,PTPRJ
gs_ind_0,Negative Regulation Of Vascular Endothelial Growth Factor Signaling Pathway (GO:1900747),1/5,0.6797672063173691,0.9999999999998647,1.3033509700176367,0.5030998387884896,SPRY2
gs_ind_0,Negative Regulation Of Vascular Endothelial Growth Factor Receptor Signaling Pathway (GO:0030948),1/5,0.6797672063173691,0.9999999999998647,1.3033509700176367,0.5030998387884896,NEDD4
gs_ind_0,Negative Regulation Of Viral Transcription (GO:0032897),4/12,0.2151327165692436,0.9999999999998647,2.071341584298621,3.1826166651852184,ZFP36;TRIM21;TRIM13;TRIM32
gs_ind_0,Neuron Projection Regeneration (GO:0031102),1/4,0.5978508540253882,0.9999999999998647,1.6758743901601045,0.8620931884147255,MAPK8IP3
gs_ind_0,Negative Regulation Of Receptor Signaling Pathway Via JAK-STAT (GO:0046426),3/13,0.5117635076996409,0.9999999999998647,1.3035456441520936,0.8732356585687845,PIBF1;BCL3;SOCS1
gs_ind_0,Negative Regulation Of Receptor Binding (GO:1900121),1/7,0.796950772203989,0.9999999999998647,0.9021719021719021,0.20475907168261248,HFE
gs_ind_0,Negative Regulation Of Microtubule Depolymerization (GO:0007026),3/16,0.6615859657744176,0.9999999999998647,1.0136192666274488,0.4187416761244309,ATXN7;TTBK2;CAMSAP2
gs_ind_0,Negative Regulation Of Microtubule Polymerization Or Depolymerization (GO:0031111),3/24,0.8935907530633411,0.9999999999998647,0.6360407284558184,0.07155927544861866,ATXN7;TTBK2;CAMSAP2
gs_ind_0,Negative Regulation Of Mitochondrial Membrane Permeability (GO:0035795),1/8,0.8383192836348962,0.9999999999998647,0.7818181818181819,0.1378785183025454,TMEM14A
gs_ind_0,Negative Regulation Of Mitochondrial Membrane Potential (GO:0010917),3/7,0.15431169962193045,0.9999999999998647,3.0431039092999628,5.686893849611121,HEBP2;RNF122;PMAIP1
gs_ind_0,Negative Regulation Of Mitochondrial Outer Membrane Permeabilization Involved In Apoptotic Signaling Pathway (GO:1901029),1/8,0.8383192836348962,0.9999999999998647,0.7818181818181819,0.1378785183025454,TMEM14A
gs_ind_0,Negative Regulation Of Mitochondrion Organization (GO:0010823),4/31,0.9017973824564596,0.9999999999998647,0.6392349104915306,0.06607478217359576,TMEM14A;FXN;NOL3;ADCK1
gs_ind_0,Negative Regulation Of Mitotic Cell Cycle (GO:0045930),2/28,0.986170347155942,0.9999999999998647,0.3683254906114297,0.005129364658576268,BTG3;HECA
gs_ind_0,Negative Regulation Of Mitotic Cell Cycle Phase Transition (GO:1901991),4/29,0.8700129911051704,0.9999999999998647,0.689484267467218,0.09600870896904941,E2F7;DCUN1D3;PINX1;RB1
gs_ind_0,Negative Regulation Of Mitotic Metaphase/Anaphase Transition (GO:0045841),1/25,0.9966463810381839,0.9999999999998647,0.23899834103915737,0.0008028563592319656,HASPIN
gs_ind_0,Negative Regulation Of Monoatomic Ion Transport (GO:0043271),2/7,0.4333076099965977,0.9999999999998647,1.7777210760370343,1.486721268820039,PXK;NEDD4
gs_ind_0,Negative Regulation Of Mononuclear Cell Migration (GO:0071676),1/6,0.7450017490315044,0.9999999999998647,1.0662906117451572,0.31388259496961246,WASL
gs_ind_0,Negative Regulation Of Monooxygenase Activity (GO:0032769),2/6,0.3535944927466926,0.9999999999998647,2.172948409516172,2.2590069951074945,NFKB1;CYP27B1
gs_ind_0,Negative Regulation Of Multicellular Organismal Process (GO:0051241),23/146,0.9360322016531427,0.9999999999998647,0.7419915785812766,0.04904964981734728,SAP30L;ING2;BTN2A2;SPRY2;SAP30;MAP2K6;WWC3;SPRED1;WWC1;USF3;SFMBT1;ARHGDIB;TMEM53;BRMS1L;RPS6KA5;RB1;NR1D1;IFNGR1;BRCA2;BMPR2;SMAD7;DUSP10;SYT11
gs_ind_0,Negative Regulation Of Muscle Cell Apoptotic Process (GO:0010656),2/6,0.3535944927466926,0.9999999999998647,2.172948409516172,2.2590069951074945,ZC3H12A;BAG3
gs_ind_0,Negative Regulation Of Microglial Cell Activation (GO:1903979),3/5,0.06072572167688534,0.9999999999998647,5.478485480506979,15.347363043995708,NR1D1;SYT11;PTPRC
gs_ind_0,Negative Regulation Of Muscle Cell Differentiation (GO:0051148),1/5,0.6797672063173691,0.9999999999998647,1.3033509700176367,0.5030998387884896,FOXO4
gs_ind_0,Negative Regulation Of Myeloid Cell Apoptotic Process (GO:0033033),2/3,0.10750248347352222,0.9999999999998647,6.520449077786688,14.542175020845065,SELENOS;IRF7
gs_ind_0,Negative Regulation Of Myeloid Cell Differentiation (GO:0045638),4/18,0.5146542375367785,0.9999999999998647,1.2136370428170604,0.8061705265524838,ZFP36;MEIS2;PEX2;LEO1
gs_ind_0,Negative Regulation Of Myeloid Leukocyte Differentiation (GO:0002762),1/14,0.958804759543803,0.9999999999998647,0.43412965635187856,0.018262884928106907,TCTA
gs_ind_0,Negative Regulation Of Myeloid Leukocyte Mediated Immunity (GO:0002887),1/2,0.36582651410140676,0.9999999999998647,3.911014911014911,3.9329011974146835,CD84
gs_ind_0,Negative Regulation Of Myoblast Differentiation (GO:0045662),4/9,0.09047082961658927,0.9999999999998647,3.2019521162515865,7.693419379716405,TMEM182;DLL1;EID2B;SOX4
gs_ind_0,Negative Regulation Of NF-kappaB Transcription Factor Activity (GO:0032088),18/59,0.0424891818991854,0.9999999999998647,1.7472715300991164,5.518767225303818,SETD6;PYCARD;TRIM21;ZC3H12A;SIRT1;ARRB2;TNFAIP3;CARD8;HAVCR2;CYLD;COMMD1;ANXA4;COMMD6;NFKBIB;BCL3;IRAK2;NFKBIL1;UFL1
gs_ind_0,Negative Regulation Of NIK/NF-kappaB Signaling (GO:1901223),3/15,0.6156231394758771,0.9999999999998647,1.0947986523343494,0.5311090388707119,ZC3H12A;IFI35;CYLD
gs_ind_0,Negative Regulation Of Nervous System Process (GO:0031645),2/4,0.18640155558523228,0.9999999999998647,3.9119486768243785,6.571494931304808,JAM2;EIF2AK3
gs_ind_0,Negative Regulation Of Neuroinflammatory Response (GO:0150079),3/8,0.21111686342347444,0.9999999999998647,2.4896080976620043,3.8721956321797006,NR1D1;SYT11;PTPRC
gs_ind_0,Negative Regulation Of Neuron Apoptotic Process (GO:0043524),8/43,0.6721878798506852,0.9999999999998647,0.9359305438932809,0.3717678920070548,LIG4;NFATC4;NRBP2;RASA1;BCL2;IL27RA;AGAP2;TGFB3
gs_ind_0,Negative Regulation Of Neuron Death (GO:1901215),8/55,0.8969740221099745,0.9999999999998647,0.6987947935079544,0.07597882459353446,LIG4;NFATC4;NRBP2;RASA1;BCL2;IL27RA;AGAP2;TGFB3
gs_ind_0,Negative Regulation Of Neuron Differentiation (GO:0045665),2/14,0.8111659406206002,0.9999999999998647,0.7817481956696071,0.1636063210775793,HEY1;DLL1
gs_ind_0,Negative Regulation Of Neuron Migration (GO:2001223),1/1,0.2036432488900496,0.9999999999998647,11.734006734006734,18.67332929974073,SRGAP3
gs_ind_0,Negative Regulation Of Neuron Projection Development (GO:0010977),3/32,0.9716258792616584,0.9999999999998647,0.46325054997049603,0.013334410668409713,ZNF296;KANK1;CBFA2T2
gs_ind_0,Negative Regulation Of Muscle Hypertrophy (GO:0014741),1/5,0.6797672063173691,0.9999999999998647,1.3033509700176367,0.5030998387884896,P2RX4
gs_ind_0,Negative Regulation Of Nitric Oxide Biosynthetic Process (GO:0045019),1/6,0.7450017490315044,0.9999999999998647,1.0662906117451572,0.31388259496961246,ZC3H12A
gs_ind_0,Negative Regulation Of Metabolic Process (GO:0009892),3/38,0.9901666994410951,0.9999999999998647,0.3847648703063883,0.003802233656682713,NR1D1;MAP2K6;RB1
gs_ind_0,Negative Regulation Of Meiotic Nuclear Division (GO:0045835),1/4,0.5978508540253882,0.9999999999998647,1.6758743901601045,0.8620931884147255,ERCC4
gs_ind_0,Negative Regulation Of Kinase Activity (GO:0033673),5/54,0.9915169073770563,0.9999999999998647,0.43340290041205115,0.003692280161225161,TRIB1;PTPRC;SPRED1;SMCR8;RB1
gs_ind_0,Negative Regulation Of Lamellipodium Organization (GO:1902744),1/2,0.36582651410140676,0.9999999999998647,3.911014911014911,3.9329011974146835,KANK1
gs_ind_0,Negative Regulation Of Lens Fiber Cell Differentiation (GO:1902747),2/5,0.27018544485746365,0.9999999999998647,2.7940199335548175,3.6563850298756777,SPRED1;SPRY2
gs_ind_0,Negative Regulation Of Leukocyte Activation (GO:0002695),4/9,0.09047082961658927,0.9999999999998647,3.2019521162515865,7.693419379716405,CD84;ZC3H12A;MILR1;HAVCR2
gs_ind_0,Negative Regulation Of Leukocyte Apoptotic Process (GO:2000107),3/6,0.10336734907900555,0.9999999999998647,3.912883041873897,8.880155572158289,SELENOS;IRF7;HCLS1
gs_ind_0,Negative Regulation Of Leukocyte Cell-Cell Adhesion (GO:1903038),4/11,0.16922725830899113,0.9999999999998647,2.3477130476649015,4.170742147653361,PAG1;IL4I1;TNFAIP8L2;PTPN22
gs_ind_0,Negative Regulation Of Leukocyte Chemotaxis (GO:0002689),1/7,0.796950772203989,0.9999999999998647,0.9021719021719021,0.20475907168261248,C5
gs_ind_0,Negative Regulation Of Leukocyte Degranulation (GO:0043301),2/3,0.10750248347352222,0.9999999999998647,6.520449077786688,14.542175020845065,NCKAP1L;CD84
gs_ind_0,Negative Regulation Of Leukocyte Mediated Cytotoxicity (GO:0001911),1/4,0.5978508540253882,0.9999999999998647,1.6758743901601045,0.8620931884147255,PTPRC
gs_ind_0,Negative Regulation Of Leukocyte Migration (GO:0002686),1/1,0.2036432488900496,0.9999999999998647,11.734006734006734,18.67332929974073,HMOX1
gs_ind_0,Negative Regulation Of Leukocyte Proliferation (GO:0070664),1/5,0.6797672063173691,0.9999999999998647,1.3033509700176367,0.5030998387884896,TNFAIP3
gs_ind_0,Negative Regulation Of Lipid Biosynthetic Process (GO:0051055),4/15,0.3655177183974608,0.9999999999998647,1.5306148081472022,1.540472769277779,SIRT1;DCAF5;SLC27A1;ERLIN1
gs_ind_0,Negative Regulation Of Lipid Catabolic Process (GO:0050995),1/10,0.8974937817113968,0.9999999999998647,0.6171236171236171,0.06674135581913541,GPLD1
gs_ind_0,Negative Regulation Of Lipid Kinase Activity (GO:0090219),2/6,0.3535944927466926,0.9999999999998647,2.172948409516172,2.2590069951074945,PIP4K2C;PIK3IP1
gs_ind_0,Negative Regulation Of Membrane Potential (GO:0045837),3/8,0.21111686342347444,0.9999999999998647,2.4896080976620043,3.8721956321797006,HEBP2;RNF122;PMAIP1
gs_ind_0,Negative Regulation Of Lipopolysaccharide-Mediated Signaling Pathway (GO:0031665),3/3,0.008438733781277545,0.9999999999998647,27.396919621370127,130.8181818359212,CARD8;TRIB1;NFKBIL1
gs_ind_0,Negative Regulation Of Lyase Activity (GO:0051350),2/5,0.27018544485746365,0.9999999999998647,2.7940199335548175,3.6563850298756777,GNAI3;AKAP5
gs_ind_0,Negative Regulation Of Lymphocyte Activation (GO:0051250),6/11,0.012719778731395263,0.9999999999998647,4.6280129056747015,20.19941178347335,PAG1;TNFAIP8L2;IL4I1;TNFAIP3;PIBF1;PTPN22
gs_ind_0,Negative Regulation Of Lymphocyte Apoptotic Process (GO:0070229),1/7,0.796950772203989,0.9999999999998647,0.9021719021719021,0.20475907168261248,CCL5
gs_ind_0,Negative Regulation Of Lymphocyte Migration (GO:2000402),2/5,0.27018544485746365,0.9999999999998647,2.7940199335548175,3.6563850298756777,WASL;LRCH1
gs_ind_0,Negative Regulation Of Lymphocyte Proliferation (GO:0050672),4/19,0.5607923727242765,0.9999999999998647,1.1352446922515416,0.656630688618161,IL4I1;CD274;GLMN;CD80
gs_ind_0,Negative Regulation Of MAP Kinase Activity (GO:0043407),6/32,0.6589200945648945,0.9999999999998647,0.9588765903809036,0.3999982505150798,DUSP10;PTPRJ;STK38;SMPD1;PTPN22;SPRY2
gs_ind_0,Negative Regulation Of MAPK Cascade (GO:0043409),11/63,0.7627970873304097,0.9999999999998647,0.8558606585629266,0.2317355909123226,CASC2;FOXO1;PTPRJ;PTPRC;SYNJ2BP;SPRED1;SMPD1;STK38;DAG1;DUSP10;SPRY2
gs_ind_0,Negative Regulation Of Macroautophagy (GO:0016242),4/19,0.5607923727242765,0.9999999999998647,1.1352446922515416,0.656630688618161,SMCR8;MTM1;FEZ1;NRBP2
gs_ind_0,Negative Regulation Of Macromolecule Biosynthetic Process (GO:0010558),8/79,0.9951922428068991,0.9999999999998647,0.4633173350833643,0.0022328891562724607,SELENOS;EIF2AK3;NHLRC3;CPEB3;BMPR2;NANOS3;PATL2;PASK
gs_ind_0,Negative Regulation Of Macromolecule Metabolic Process (GO:0010605),18/127,0.9721857992670316,0.9999999999998647,0.6585037288629674,0.01857529791760842,HINFP;SIRT1;ITGB8;ZC3H12A;SETDB2;DGKQ;TCEAL1;OPTN;PARP9;SFMBT2;HAVCR2;TRIM6;TIPARP;SMCR8;LRP3;PTPN22;NFKB1;RB1
gs_ind_0,Negative Regulation Of Macrophage Activation (GO:0043031),4/9,0.09047082961658927,0.9999999999998647,3.2019521162515865,7.693419379716405,SYT11;NR1D1;ZC3H12A;PTPRC
gs_ind_0,Negative Regulation Of Macrophage Derived Foam Cell Differentiation (GO:0010745),1/8,0.8383192836348962,0.9999999999998647,0.7818181818181819,0.1378785183025454,ABCA5
gs_ind_0,Negative Regulation Of Macrophage Migration (GO:1905522),1/2,0.36582651410140676,0.9999999999998647,3.911014911014911,3.9329011974146835,C5
gs_ind_0,Negative Regulation Of Mast Cell Activation (GO:0033004),3/4,0.028603411361812166,0.9999999999998647,9.131557837317503,32.45565032766723,MILR1;FER;CD84
gs_ind_0,Negative Regulation Of Locomotion (GO:0040013),1/5,0.6797672063173691,0.9999999999998647,1.3033509700176367,0.5030998387884896,WAS
gs_ind_0,Negative Regulation Of Nitric Oxide Metabolic Process (GO:1904406),1/6,0.7450017490315044,0.9999999999998647,1.0662906117451572,0.31388259496961246,ZC3H12A
gs_ind_0,Negative Regulation Of Nitrogen Compound Metabolic Process (GO:0051172),1/7,0.796950772203989,0.9999999999998647,0.9021719021719021,0.20475907168261248,NFKB1
gs_ind_0,Negative Regulation Of Notch Signaling Pathway (GO:0045746),3/19,0.7749900719826985,0.9999999999998647,0.8291206627481295,0.21134705233127382,HEY1;CHAC1;HIF1AN
gs_ind_0,Negative Regulation Of Protein Kinase B Signaling (GO:0051898),5/27,0.6692792787264515,0.9999999999998647,0.9556055011505324,0.3837270670883206,SIRT1;PTPRJ;ARRB2;OTUD3;DAG1
gs_ind_0,Negative Regulation Of Protein Localization (GO:1903828),5/31,0.7861685484247343,0.9999999999998647,0.8110966053486885,0.19513692356655,UBXN2B;OTUD7B;COMMD1;TTBK2;LATS2
gs_ind_0,Negative Regulation Of Protein Localization To Cell Periphery (GO:1904376),1/15,0.9672015674762875,0.9999999999998647,0.40415650760478344,0.013477956327923916,RHOQ
gs_ind_0,Negative Regulation Of Protein Localization To Cell Surface (GO:2000009),1/8,0.8383192836348962,0.9999999999998647,0.7818181818181819,0.1378785183025454,COMMD1
gs_ind_0,Negative Regulation Of Protein Localization To Membrane (GO:1905476),1/18,0.9834488709535161,0.9999999999998647,0.3347900776472205,0.005587522300482694,RHOQ
gs_ind_0,Negative Regulation Of Protein Localization To Nucleus (GO:1900181),4/17,0.4663751333137939,0.9999999999998647,1.3036430749478414,0.9943732599893775,SUFU;RAB23;OTUD7B;LATS2
gs_ind_0,Negative Regulation Of Protein Localization To Plasma Membrane (GO:1903077),1/16,0.9738872946210139,0.9999999999998647,0.3780508619218297,0.010003110870083008,RHOQ
gs_ind_0,Negative Regulation Of Protein Maturation (GO:1903318),1/5,0.6797672063173691,0.9999999999998647,1.3033509700176367,0.5030998387884896,CHAC1
gs_ind_0,Negative Regulation Of Protein Metabolic Process (GO:0051248),9/107,0.9997864192453928,0.9999999999998647,0.37516696762317253,8.01370022140199e-05,EIF2AK3;NHLRC3;RGP1;CD84;CPEB3;NANOS3;PATL2;AGAP2;NFKB1
gs_ind_0,Negative Regulation Of Protein Modification By Small Protein Conjugation Or Removal (GO:1903321),16/45,0.012936711118680583,0.9999999999998647,2.193043392779612,9.534664464414458,TRIM21;SVBP;COPS9;ARRB2;TNFAIP3;PER2;PINX1;UFL1;SPOPL;SOX4;MARCHF6-DT;CAMLG;BAG2;SMAD7;DCUN1D3;SPRY2
gs_ind_0,Negative Regulation Of Protein Modification Process (GO:0031400),5/56,0.9938395750699625,0.9999999999998647,0.41650313987035276,0.0025737722565873787,SIRT1;ZC3H12A;PPP1R16B;NIBAN1;ATG14
gs_ind_0,Negative Regulation Of Protein Phosphorylation (GO:0001933),16/114,0.9688217387810544,0.9999999999998647,0.6530754944270387,0.02068593648247785,PTPN6;DGKQ;TRIB1;ZC3H12A;PTPRC;NIBAN1;SPRED1;ATG14;NCK2;SEMA4D;SMCR8;RB1;SMAD7;TESK1;MVP;SPRY2
gs_ind_0,Negative Regulation Of Protein Polymerization (GO:0032272),2/18,0.9071587652944273,0.9999999999998647,0.5920390755996209,0.05768698489803892,SSH1;KANK1
gs_ind_0,Negative Regulation Of Protein Processing (GO:0010955),1/8,0.8383192836348962,0.9999999999998647,0.7818181818181819,0.1378785183025454,CHAC1
gs_ind_0,Negative Regulation Of Protein Kinase Activity (GO:0006469),9/69,0.9582140393872205,0.9999999999998647,0.612727352435964,0.02615371730377771,PYCARD;TRIB1;PTPRC;SPRED1;SMCR8;RB1;TESK1;DUSP10;MVP
gs_ind_0,Negative Regulation Of Protein Secretion (GO:0050709),3/26,0.9225999915368105,0.9999999999998647,0.5818140235056375,0.04687065673583295,SERGEF;RHBDF2;FOXO1
gs_ind_0,Negative Regulation Of Protein Transport (GO:0051224),2/18,0.9071587652944273,0.9999999999998647,0.5920390755996209,0.05768698489803892,SERGEF;RHBDF2
gs_ind_0,Negative Regulation Of Protein Tyrosine Kinase Activity (GO:0061099),6/19,0.1735319747924727,0.9999999999998647,1.8842495940617026,3.300062310195911,CHMP6;CBLB;PTPRC;SOCS6;DUSP22;MVP
gs_ind_0,Negative Regulation Of Protein Ubiquitination (GO:0031397),14/48,0.09410215348967886,0.9999999999998647,1.646174739067433,3.890527149870226,SVBP;ARRB2;TNFAIP3;PER2;DTX3L;PINX1;UFL1;SPOPL;SOX4;MARCHF6-DT;CAMLG;BAG2;SMAD7;SPRY2
gs_ind_0,Negative Regulation Of Protein-Containing Complex Assembly (GO:0031333),4/44,0.9869306542407913,0.9999999999998647,0.43358476435029153,0.005704024863784444,TMC8;CARD8;ULK1;SVIP
gs_ind_0,Negative Regulation Of Proteolysis (GO:0045861),2/22,0.9558870236074068,0.9999999999998647,0.4763627828740196,0.021491368499665764,CHAC1;TRIM21
gs_ind_0,Negative Regulation Of Proteolysis Involved In Protein Catabolic Process (GO:1903051),3/19,0.7749900719826985,0.9999999999998647,0.8291206627481295,0.21134705233127382,HFE;LAMP3;PDCL3
gs_ind_0,Negative Regulation Of RIG-I Signaling Pathway (GO:0039536),2/6,0.3535944927466926,0.9999999999998647,2.172948409516172,2.2590069951074945,GPATCH3;DHX58
gs_ind_0,Negative Regulation Of RNA Biosynthetic Process (GO:1902679),5/13,0.10544734724079009,0.9999999999998647,2.532452570047123,5.696862291280227,APOBEC3G;APOBEC3D;MPHOSPH8;ZNF653;APOBEC3F
gs_ind_0,Negative Regulation Of RNA Catabolic Process (GO:1902369),1/4,0.5978508540253882,0.9999999999998647,1.6758743901601045,0.8620931884147255,NRDE2
gs_ind_0,Negative Regulation Of RNA Metabolic Process (GO:0051253),4/10,0.12731015554677688,0.9999999999998647,2.7091218843746527,5.583849680727797,NUDT16;NRDE2;ZC3H10;KAT2B
gs_ind_0,Negative Regulation Of RNA Splicing (GO:0033119),2/18,0.9071587652944273,0.9999999999998647,0.5920390755996209,0.05768698489803892,SAP18;PCBP4
gs_ind_0,Negative Regulation Of Ras Protein Signal Transduction (GO:0046580),6/30,0.5920736484773055,0.9999999999998647,1.0373226534872821,0.5436859532279958,ARHGAP24;KANK1;KCTD13;SYNGAP1;CCDC125;SPRY2
gs_ind_0,Negative Regulation Of Reactive Oxygen Species Biosynthetic Process (GO:1903427),3/6,0.10336734907900555,0.9999999999998647,3.912883041873897,8.880155572158289,ABCD2;ABCD1;COA8
gs_ind_0,Negative Regulation Of Reactive Oxygen Species Metabolic Process (GO:2000378),4/15,0.3655177183974608,0.9999999999998647,1.5306148081472022,1.540472769277779,SIRT5;ABCD2;ABCD1;COA8
gs_ind_0,Negative Regulation Of Protein Serine/Threonine Kinase Activity (GO:0071901),13/56,0.3474320129898856,0.9999999999998647,1.2142559816180756,1.2836947631919267,PYCARD;SIRT1;PTPRJ;HEXIM1;HEXIM2;SMPD1;STK38;PKIB;PKIA;TESK1;LATS2;RB1;SPRY2
gs_ind_0,Negative Regulation Of Protein Import Into Nucleus (GO:0042308),2/6,0.3535944927466926,0.9999999999998647,2.172948409516172,2.2590069951074945,RAB23;SUFU
gs_ind_0,Negative Regulation Of Protein Exit From Endoplasmic Reticulum (GO:0070862),2/9,0.5747801384335589,0.9999999999998647,1.303448275862069,0.7218075267435339,DERL3;SVIP
gs_ind_0,Negative Regulation Of Protein Depolymerization (GO:1901880),3/19,0.7749900719826985,0.9999999999998647,0.8291206627481295,0.21134705233127382,ATXN7;TTBK2;CAMSAP2
gs_ind_0,"Negative Regulation Of Nuclear-Transcribed mRNA Catabolic Process, Deadenylation-Dependent Decay (GO:1900152)",2/11,0.6886104060141844,0.9999999999998647,1.028869286287089,0.38385015860250277,TENT4A;TENT4B
gs_ind_0,Negative Regulation Of Nucleic Acid-Templated Transcription (GO:1903507),58/351,0.9719351152085106,0.9999999999998647,0.7750409618159919,0.0220624947826766,ZHX3;ZC3H8;ELK3;E2F1;CDK5R1;PER2;SAP18;HEXIM1;FOXN3;PBXIP1;LOXL3;CBY1;BCL3;ARID5A;HINFP;ZNF219;NMNAT1;BTRC;TP53;ZBTB14;RBAK;ARID5B;KDM8;RBM15B;NKAP;RFX3;MPHOSPH8;ZNF653;SMURF2;SFMBT1;ATXN1;ING4;FOXO1;SETDB2;CBFA2T2;ZEB1;HEY1;EID2B;RPS6KA5;CYP27B1;ZBTB4;PPARD;ZKSCAN3;HDAC10;TRERF1;GZF1;RB1;MAP3K10;NR1D1;SIRT1;EID2;GCFC2;PATZ1;KAT6B;ATF5;ZNF224;LANCL2;HEXIM2
gs_ind_0,Negative Regulation Of Nucleocytoplasmic Transport (GO:0046823),2/12,0.7354204812815023,0.9999999999998647,0.9308053614388819,0.2860484576995813,RAB23;SUFU
gs_ind_0,Negative Regulation Of Ossification (GO:0030279),1/15,0.9672015674762875,0.9999999999998647,0.40415650760478344,0.013477956327923916,TMEM53
gs_ind_0,Negative Regulation Of Osteoblast Differentiation (GO:0045668),3/21,0.8317210846862813,0.9999999999998647,0.7393645851852173,0.13623393520139163,SUFU;TMEM53;SEMA4D
gs_ind_0,Negative Regulation Of Osteoclast Differentiation (GO:0045671),1/10,0.8974937817113968,0.9999999999998647,0.6171236171236171,0.06674135581913541,TCTA
gs_ind_0,Negative Regulation Of Oxidative Stress-Induced Cell Death (GO:1903202),3/17,0.703416858444551,0.9999999999998647,0.943637037569776,0.33197678677575543,SIRT1;NOL3;MAPK7
gs_ind_0,Negative Regulation Of Oxidative Stress-Induced Intrinsic Apoptotic Signaling Pathway (GO:1902176),3/13,0.5117635076996409,0.9999999999998647,1.3035456441520936,0.8732356585687845,SIRT1;NOL3;MAPK7
gs_ind_0,Negative Regulation Of PERK-mediated Unfolded Protein Response (GO:1903898),1/5,0.6797672063173691,0.9999999999998647,1.3033509700176367,0.5030998387884896,NCK2
gs_ind_0,Negative Regulation Of Pathway-Restricted SMAD Protein Phosphorylation (GO:0060394),1/9,0.8712616767850634,0.9999999999998647,0.689782983900631,0.09506100349519497,SMAD7
gs_ind_0,Negative Regulation Of Peptidase Activity (GO:0010466),2/20,0.9357767052616436,0.9999999999998647,0.527948156657058,0.03504435060623528,SERPINI1;SERPINB8
gs_ind_0,Negative Regulation Of Peptide Hormone Secretion (GO:0090278),1/11,0.9183821192811181,0.9999999999998647,0.5583041297327012,0.04753497558033882,FOXO1
gs_ind_0,Negative Regulation Of Peptidyl-Lysine Acetylation (GO:2000757),1/6,0.7450017490315044,0.9999999999998647,1.0662906117451572,0.31388259496961246,SIRT1
gs_ind_0,Negative Regulation Of Peptidyl-Serine Phosphorylation (GO:0033137),2/13,0.7760853855691137,0.9999999999998647,0.84979603221645,0.21541711776620684,NCK2;SMAD7
gs_ind_0,Negative Regulation Of Peptidyl-Threonine Phosphorylation (GO:0010801),4/13,0.26388176960411197,0.9999999999998647,1.8531535869041886,2.4688714984696505,DGKQ;SPRED1;SPRY2;SMAD7
gs_ind_0,Negative Regulation Of Peptidyl-Tyrosine Phosphorylation (GO:0050732),6/20,0.2077528450633598,0.9999999999998647,1.7541573680800517,2.7564936774812905,PTPN6;PTPRC;PIBF1;SEMA4D;SOCS1;MVP
gs_ind_0,Negative Regulation Of Phagocytosis (GO:0050765),2/11,0.6886104060141844,0.9999999999998647,1.028869286287089,0.38385015860250277,SYT11;APPL1
gs_ind_0,Negative Regulation Of Protein Dephosphorylation (GO:0035308),2/17,0.8887155005535027,0.9999999999998647,0.6302868820653439,0.07436005923900754,BOD1;PPP1R16B
gs_ind_0,Negative Regulation Of Protein Catabolic Process (GO:0042177),3/37,0.9882294788745641,0.9999999999998647,0.3959500275532056,0.0046881837951800835,RGP1;LAMP3;AGAP2
gs_ind_0,Negative Regulation Of Protein Binding (GO:0032091),9/51,0.7376838829856357,0.9999999999998647,0.8735289389827624,0.26576234742091215,TMC8;HFE;ARRB2;IFIT1;BAG2;STYX;TTBK2;MITD1;DNAJB2
gs_ind_0,Negative Regulation Of Protein Autophosphorylation (GO:0031953),2/7,0.4333076099965977,0.9999999999998647,1.7777210760370343,1.486721268820039,TESK1;MVP
gs_ind_0,Negative Regulation Of Proteasomal Ubiquitin-Dependent Protein Catabolic Process (GO:0032435),6/28,0.5189030866690323,0.9999999999998647,1.129714683368128,0.7411359242854559,HFE;RYBP;SVIP;FHIT;CAMLG;STYX
gs_ind_0,Negative Regulation Of Proteasomal Protein Catabolic Process (GO:1901799),5/31,0.7861685484247343,0.9999999999998647,0.8110966053486885,0.19513692356655,HFE;RYBP;FHIT;LAMP3;CAMLG
gs_ind_0,Negative Regulation Of Receptor Internalization (GO:0002091),2/11,0.6886104060141844,0.9999999999998647,1.028869286287089,0.38385015860250277,ANKRD13B;DLG4
gs_ind_0,Negative Regulation Of Programmed Cell Death (GO:0043069),39/272,0.9961194655327216,0.9999999999998647,0.6570275063803639,0.002554577659708942,PIK3R1;NOL3;IER3;TMBIM4;DDAH2;BCL3;NFKB1;FCMR;IFI6;SPRY2;PIM3;TP53;PLAUR;ZNF830;DSTYK;SEMA4D;BCL2L2;EVI2B;ANXA4;FXN;SH3RF1;FOXO1;TMEM14A;GHRL;RASA1;IFIT3;IL7;BCL2;BAG3;NCKAP1L;PLK3;MAPK8IP3;SIRT1;MALT1;AIFM2;ATF5;GRK5;ERBB2;BNIP1
gs_ind_0,Negative Regulation Of Phosphorylation (GO:0042326),5/52,0.988374290895353,0.9999999999998647,0.4517257986835768,0.005282398388632848,SIRT1;ZC3H12A;NIBAN1;ATG14;TESK1
gs_ind_0,Negative Regulation Of Phosphoprotein Phosphatase Activity (GO:0032515),1/14,0.958804759543803,0.9999999999998647,0.43412965635187856,0.018262884928106907,NCKAP1L
gs_ind_0,Negative Regulation Of Phospholipase Activity (GO:0010519),1/3,0.49498852941534904,0.9999999999998647,2.3464165464165463,1.650048661813499,BICD1
gs_ind_0,Negative Regulation Of Phosphatidylinositol 3-Kinase Signaling (GO:0014067),1/7,0.796950772203989,0.9999999999998647,0.9021719021719021,0.20475907168261248,PIK3IP1
gs_ind_0,Negative Regulation Of Phosphate Metabolic Process (GO:0045936),2/13,0.7760853855691137,0.9999999999998647,0.84979603221645,0.21541711776620684,SIRT1;TESK1
gs_ind_0,Negative Regulation Of Phosphatase Activity (GO:0010923),1/13,0.948259129620717,0.9999999999998647,0.4688985088985089,0.02491139174442143,SEMA4D
gs_ind_0,Negative Regulation Of Platelet-Derived Growth Factor Receptor Signaling Pathway (GO:0010642),2/8,0.5073711921876385,0.9999999999998647,1.5041021528591696,1.0205519747850815,PTGIR;PTPRJ
gs_ind_0,Neuron Remodeling (GO:0016322),2/5,0.27018544485746365,0.9999999999998647,2.7940199335548175,3.6563850298756777,ANKS1A;RND1
gs_ind_0,Neuronal Ion Channel Clustering (GO:0045161),1/4,0.5978508540253882,0.9999999999998647,1.6758743901601045,0.8620931884147255,PICK1
gs_ind_0,Neurotransmitter Biosynthetic Process (GO:0042136),1/3,0.49498852941534904,0.9999999999998647,2.3464165464165463,1.650048661813499,MOXD1
gs_ind_0,Peptidyl-Tyrosine Modification (GO:0018212),8/35,0.4219208254294794,0.9999999999998647,1.2089959534278993,1.0432880664779174,PTPN6;FER;INSR;FES;SYK;ERBB2;FGR;DDR2
gs_ind_0,Peptidyl-Tyrosine Phosphorylation (GO:0018108),9/44,0.5539590023370362,0.9999999999998647,1.0463763128521977,0.618057444161354,PTPN6;FER;INSR;PIBF1;FES;SYK;ERBB2;FGR;DDR2
gs_ind_0,Peripheral Nervous System Axon Ensheathment (GO:0032292),1/6,0.7450017490315044,0.9999999999998647,1.0662906117451572,0.31388259496961246,CNTNAP1
gs_ind_0,Peripheral Nervous System Development (GO:0007422),2/14,0.8111659406206002,0.9999999999998647,0.7817481956696071,0.1636063210775793,ALDH3A2;SERPINI1
gs_ind_0,Peroxisomal Membrane Transport (GO:0015919),6/17,0.11316880953611234,0.9999999999998647,2.212308250884996,4.820342443962048,ABCD2;PEX10;PEX1;PEX7;PEX2;PEX12
gs_ind_0,Peroxisomal Transport (GO:0043574),2/8,0.5073711921876385,0.9999999999998647,1.5041021528591696,1.0205519747850815,PEX1;PEX12
gs_ind_0,Peroxisome,21/64,0.013224396151435032,0.9999999999998647,1.938807988292444,8.386686130637798,PXMP4;DECR2;MLYCD;PMVK;PEX2;DHRS4;PEX10;PEX7;NUDT12;ABCD2;CROT;ACOX3;PAOX;PEX12;ACSL1;AMACR;ABCD1;PEX1;PECR;PIPOX;PHYH
gs_ind_0,Peroxisome Organization (GO:0007031),6/21,0.24409462178147523,0.9999999999998647,1.6408512357734528,2.3139273209888556,ABCD2;PEX10;PEX7;PEX1;PEX2;PEX12
gs_ind_0,Peroxisome Proliferator Activated Receptor Signaling Pathway (GO:0035357),1/6,0.7450017490315044,0.9999999999998647,1.0662906117451572,0.31388259496961246,NCOA2
gs_ind_0,Pertussis,10/45,0.4362152616527162,0.9999999999998647,1.1568931194499366,0.9597810196829847,PYCARD;TICAM1;TIRAP;NOD1;C5;IL23A;CASP7;GNAI3;CFL2;NFKB1
gs_ind_0,Pexophagy (GO:0000425),2/4,0.18640155558523228,0.9999999999998647,3.9119486768243785,6.571494931304808,PEX2;PJVK
gs_ind_0,Phagocytosis (GO:0006909),5/43,0.9551856913656268,0.9999999999998647,0.5577368529688325,0.025571964865547577,BIN2;MST1R;RAB11FIP2;CORO1A;AIF1
gs_ind_0,"Phagocytosis, Engulfment (GO:0006911)",4/18,0.5146542375367785,0.9999999999998647,1.2136370428170604,0.8061705265524838,XKR8;BIN2;XKR9;AIF1
gs_ind_0,Phagolysosome Assembly (GO:0001845),4/10,0.12731015554677688,0.9999999999998647,2.7091218843746527,5.583849680727797,RAB34;RAB20;CORO1A;RAB39A
gs_ind_0,Peptidyl-Tyrosine Dephosphorylation Involved In Inactivation Of Protein Kinase Activity (GO:1990264),1/3,0.49498852941534904,0.9999999999998647,2.3464165464165463,1.650048661813499,DUSP10
gs_ind_0,Phagosome,11/95,0.9917284452949641,0.9999999999998647,0.5303467396611505,0.004405035535907424,TAP2;STX12;TLR6;STX7;ATP6V1G2;CORO1A;THBS3;CTSS;SEC61A2;HLA-DMA;ATP6V1E2
gs_ind_0,Phagosome Maturation (GO:0090382),4/10,0.12731015554677688,0.9999999999998647,2.7091218843746527,5.583849680727797,RAB34;RAB20;RAB39A;RAB43
gs_ind_0,Phagosome-Lysosome Fusion (GO:0090385),3/8,0.21111686342347444,0.9999999999998647,2.4896080976620043,3.8721956321797006,RAB34;RAB20;RAB39A
gs_ind_0,Pharyngeal Arch Artery Morphogenesis (GO:0061626),1/5,0.6797672063173691,0.9999999999998647,1.3033509700176367,0.5030998387884896,BMPR2
gs_ind_0,Pharyngeal System Development (GO:0060037),1/11,0.9183821192811181,0.9999999999998647,0.5583041297327012,0.04753497558033882,BMPR2
gs_ind_0,Phenol-Containing Compound Biosynthetic Process (GO:0046189),1/4,0.5978508540253882,0.9999999999998647,1.6758743901601045,0.8620931884147255,MOXD1
gs_ind_0,Phenylalanine metabolism,1/5,0.6797672063173691,0.9999999999998647,1.3033509700176367,0.5030998387884896,IL4I1
gs_ind_0,"Phenylalanine, tyrosine and tryptophan biosynthesis",1/3,0.49498852941534904,0.9999999999998647,2.3464165464165463,1.650048661813499,IL4I1
gs_ind_0,Phosphate-Containing Compound Metabolic Process (GO:0006796),25/125,0.576139204701055,0.9999999999998647,0.9919259736219532,0.5469539062884399,MINPP1;IPMK;NANP;ACYP2;INPP5D;INPP5A;SYNJ1;SPHK2;PLCB2;LHPP;DUSP18;PPP3CA;PLA2G4C;DUSP28;PTPRC;PFKFB3;GK5;ACP6;ACYP1;DUSP22;THTPA;FRA10AC1;LIMK2;DUSP10;PIP4P1
gs_ind_0,Phosphatidic Acid Biosynthetic Process (GO:0006654),8/24,0.0969365999028211,0.9999999999998647,2.0168144566344792,4.706636112741608,DGKQ;LIPC;ACP6;DGKA;DGKE;SLC27A1;PLD1;DGKH
gs_ind_0,Phosphatidic Acid Metabolic Process (GO:0046473),8/25,0.1182553489302142,0.9999999999998647,1.9014118133192535,4.059341228234638,DGKQ;LIPC;ACP6;DGKA;DGKE;SLC27A1;PLD1;DGKH
gs_ind_0,Phosphatidylcholine Acyl-Chain Remodeling (GO:0036151),1/9,0.8712616767850634,0.9999999999998647,0.689782983900631,0.09506100349519497,PLA2G4C
gs_ind_0,Phosphatidylcholine Biosynthetic Process (GO:0006656),2/12,0.7354204812815023,0.9999999999998647,0.9308053614388819,0.2860484576995813,SLC27A1;SLC44A1
gs_ind_0,Phosphatidylcholine Catabolic Process (GO:0034638),1/5,0.6797672063173691,0.9999999999998647,1.3033509700176367,0.5030998387884896,LIPC
gs_ind_0,Phosphatidylcholine Metabolic Process (GO:0046470),6/33,0.6896471049708996,0.9999999999998647,0.9239324349971532,0.34331042948370866,LIPC;ABHD4;SLC27A1;GPLD1;SLC44A1;PLA2G4C
gs_ind_0,Phagosome Acidification (GO:0090383),1/3,0.49498852941534904,0.9999999999998647,2.3464165464165463,1.650048661813499,RAB39A
gs_ind_0,Phosphatidylethanolamine Acyl-Chain Remodeling (GO:0036152),1/5,0.6797672063173691,0.9999999999998647,1.3033509700176367,0.5030998387884896,PLA2G4C
gs_ind_0,Peptidyl-Tyrosine Dephosphorylation (GO:0035335),6/20,0.2077528450633598,0.9999999999998647,1.7541573680800517,2.7564936774812905,PTPN6;DUSP10;PTPRJ;DUSP22;DUSP18;PTPN22
gs_ind_0,Peptidyl-Threonine Modification (GO:0018210),7/51,0.9178566543425222,0.9999999999998647,0.658102071206173,0.056408594170784955,ULK1;CAMK2D;CDK5R1;DYRK1B;GALNT6;GALNT4;MAP3K10
gs_ind_0,Pathways in cancer,45/358,0.99996537314978,0.9999999999998647,0.5610224870267153,1.9426777974356845e-05,CAMK2D;RASGRP4;E2F1;PIK3R1;IL23A;GNAI3;PLCB2;NFKB1;DDB2;BBC3;PMAIP1;CCNE2;FLT3LG;TP53;WNT2B;GNG7;CASP7;BAD;IL12RB1;NFKB2;TGFB3;SOS2;SUFU;FOXO1;HMOX1;HEY1;IL7;PLD1;BCL2;RPS6KA5;DLL1;PPARD;FZD2;CTNNA3;PIK3R3;RB1;GADD45B;RBX1;ESR2;IFNGR1;BRCA2;ERBB2;TRAF5;E2F2;APPL1
gs_ind_0,Pathways of neurodegeneration,36/345,0.9999997912410984,0.9999999999998647,0.4546899137181512,9.492057686859691e-08,ERN1;CAMK2D;EIF2AK3;C9orf72;ZFYVE1;CDK5R1;CHMP2B;ATXN3;DNAH7;MAP3K5;PLCB2;NFKB1;ATXN1L;MAP2K6;OPTN;WNT2B;UBE2L6;CASP7;BAD;DLG4;PPP3CA;ATXN1;ULK1;ALS2;ITPR2;MAP2K3;BCL2;SMCR8;WIPI1;FZD2;MAP3K10;ATG2B;FIG4;DNAL1;ATG14;GABARAPL1
gs_ind_0,Pentose and glucuronate interconversions,1/10,0.8974937817113968,0.9999999999998647,0.6171236171236171,0.06674135581913541,CRYL1
gs_ind_0,Pentose phosphate pathway,4/24,0.7503679157069622,0.9999999999998647,0.8580034524466573,0.24641141731098654,H6PD;GLYCTK;IDNK;DERA
gs_ind_0,Pentose-Phosphate Shunt (GO:0006098),2/10,0.6351727324480614,0.9999999999998647,1.1500070758054626,0.5219402535113675,H6PD;DERA
gs_ind_0,Peptide Antigen Assembly With MHC Class II Protein Complex (GO:0002503),1/6,0.7450017490315044,0.9999999999998647,1.0662906117451572,0.31388259496961246,HLA-DMA
gs_ind_0,Peptide Antigen Assembly With MHC Protein Complex (GO:0002501),2/10,0.6351727324480614,0.9999999999998647,1.1500070758054626,0.5219402535113675,HLA-DMA;TAPBPL
gs_ind_0,Peptide Biosynthetic Process (GO:0043043),2/135,0.9999999999986239,0.9999999999998647,0.07247055855401277,9.972828932420867e-14,MRPS17;GSPT2
gs_ind_0,Peptide Catabolic Process (GO:0043171),2/12,0.7354204812815023,0.9999999999998647,0.9308053614388819,0.2860484576995813,ERAP2;NPEPPSP1
gs_ind_0,Peptide Hormone Secretion (GO:0030072),2/15,0.8412494484890192,0.9999999999998647,0.7237815200926668,0.12511797883472436,GHRL;KLRG1
gs_ind_0,Peptide Metabolic Process (GO:0006518),5/37,0.8980197927666089,0.9999999999998647,0.6610296750929276,0.07110244730388694,SEC11C;ERAP2;NPEPPSP1;MIPEP;CLN5
gs_ind_0,Peptide Transport (GO:0015833),2/3,0.10750248347352222,0.9999999999998647,6.520449077786688,14.542175020845065,DISP1;TAP2
gs_ind_0,Peptidyl-Amino Acid Modification (GO:0018193),2/8,0.5073711921876385,0.9999999999998647,1.5041021528591696,1.0205519747850815,FKBP7;METAP1D
gs_ind_0,Peptidyl-Cysteine Modification (GO:0018198),1/5,0.6797672063173691,0.9999999999998647,1.3033509700176367,0.5030998387884896,HHAT
gs_ind_0,Peptidyl-Threonine Phosphorylation (GO:0018107),5/46,0.9710232675165578,0.9999999999998647,0.5172908684021686,0.015210859642164235,CAMK2D;ULK1;CDK5R1;DYRK1B;MAP3K10
gs_ind_0,Peptidyl-Glutamic Acid Modification (GO:0018200),4/16,0.4164508921822029,0.9999999999998647,1.4080500722195475,1.233433178794374,TPGS1;AGTPBP1;NAA80;TTLL1
gs_ind_0,Peptidyl-Lysine Deacetylation (GO:0034983),2/6,0.3535944927466926,0.9999999999998647,2.172948409516172,2.2590069951074945,SIRT1;SIRT3
gs_ind_0,Peptidyl-Lysine Methylation (GO:0018022),7/21,0.11689840326807181,0.9999999999998647,2.024678022434566,4.345870282077423,SETD6;EEF1AKMT2;EEF1AKMT3;VCPKMT;EEF1AKMT1;METTL18;EEF2KMT
gs_ind_0,Peptidyl-Lysine Modification (GO:0018205),20/78,0.15399791637253504,0.9999999999998647,1.3724835684829233,2.567664503358987,TOPORS;EEF1AKMT3;SLF2;IFIH1;LOXL3;USPL1;EEF1AKMT2;SENP7;ZMIZ2;VCPKMT;LIPT2;LIPT1;KAT2B;SIRT5;NSMCE3;PIAS2;EEF1AKMT1;HDAC10;SIRT1;SIRT3
gs_ind_0,Peptidyl-Lysine Monomethylation (GO:0018026),2/7,0.4333076099965977,0.9999999999998647,1.7777210760370343,1.486721268820039,SETD6;METTL18
gs_ind_0,Peptidyl-Lysine Trimethylation (GO:0018023),2/11,0.6886104060141844,0.9999999999998647,1.028869286287089,0.38385015860250277,EEF2KMT;VCPKMT
gs_ind_0,Peptidyl-Methionine Modification (GO:0018206),2/12,0.7354204812815023,0.9999999999998647,0.9308053614388819,0.2860484576995813,NAA30;METAP1D
gs_ind_0,Peptidyl-Proline Hydroxylation (GO:0019511),1/8,0.8383192836348962,0.9999999999998647,0.7818181818181819,0.1378785183025454,P4HTM
gs_ind_0,Peptidyl-Proline Hydroxylation To 4-hydroxy-L-proline (GO:0018401),1/6,0.7450017490315044,0.9999999999998647,1.0662906117451572,0.31388259496961246,P4HTM
gs_ind_0,Peptidyl-Proline Modification (GO:0018208),1/19,0.9868233624880947,0.9999999999998647,0.3166673166673167,0.004200344831304321,FKBP7
gs_ind_0,Peptidyl-Serine Autophosphorylation (GO:0036289),1/7,0.796950772203989,0.9999999999998647,0.9021719021719021,0.20475907168261248,ERN1
gs_ind_0,Peptidyl-Serine Dephosphorylation (GO:0070262),1/9,0.8712616767850634,0.9999999999998647,0.689782983900631,0.09506100349519497,PPP3CA
gs_ind_0,Peptidyl-Serine Modification (GO:0018209),19/129,0.9603704006788207,0.9999999999998647,0.6879820142861208,0.027819402332954057,CAMK2D;EIF2AK3;CDK5R1;BRSK1;MAP3K12;GALNT4;MAST3;POGLUT2;POGLUT1;IKBKE;DGKQ;ULK1;MAP4K1;STK32C;STK38;TTBK2;LATS2;MAP3K10;DYRK1B
gs_ind_0,Peptidyl-Serine Phosphorylation (GO:0018105),17/126,0.982940861914295,0.9999999999998647,0.6227081562593136,0.010714516715066758,ERN1;MAST3;CAMK2D;DGKQ;ULK1;CDK5R1;EIF2AK3;MAP4K1;DYRK1B;STK32C;BRSK1;MAP3K12;STK38;IKBKE;TTBK2;LATS2;MAP3K10
gs_ind_0,Peptidyl-Threonine Dephosphorylation (GO:0035970),4/15,0.3655177183974608,0.9999999999998647,1.5306148081472022,1.540472769277779,PPM1D;DUSP10;PPM1K;DUSP18
gs_ind_0,Peptidyl-Lysine Acetylation (GO:0018394),2/9,0.5747801384335589,0.9999999999998647,1.303448275862069,0.7218075267435339,SIRT1;KAT2B
gs_ind_0,Phosphatidylethanolamine Biosynthetic Process (GO:0006646),1/7,0.796950772203989,0.9999999999998647,0.9021719021719021,0.20475907168261248,SLC27A1
gs_ind_0,Phosphatidylethanolamine Metabolic Process (GO:0046337),2/15,0.8412494484890192,0.9999999999998647,0.7237815200926668,0.12511797883472436,NAPEPLD;SLC27A1
gs_ind_0,Phosphatidylglycerol Acyl-Chain Remodeling (GO:0036148),1/4,0.5978508540253882,0.9999999999998647,1.6758743901601045,0.8620931884147255,SERAC1
gs_ind_0,Plasma Membrane Repair (GO:0001778),7/20,0.09368327749373606,0.9999999999998647,2.1748326639892905,5.1496461498316215,CHMP6;VPS4B;CHMP2B;SYT11;SMPD1;CHMP1B;RAB3A
gs_ind_0,Plasma Membrane Tubulation (GO:0097320),3/11,0.3947032014005075,0.9999999999998647,1.6105265144723058,1.4971795674609456,PACSIN1;WHAMM;SNX18
gs_ind_0,Platelet Activating Factor Metabolic Process (GO:0046469),1/5,0.6797672063173691,0.9999999999998647,1.3033509700176367,0.5030998387884896,PLA2G4C
gs_ind_0,Platelet Dense Granule Organization (GO:0060155),6/22,0.2820850843655783,0.9999999999998647,1.5412791801100778,1.9505605273096753,HPS3;HPS5;BLOC1S2;AP1S3;HPS6;BLOC1S3
gs_ind_0,Platelet activation,11/83,0.9656133725880296,0.9999999999998647,0.6187406055698225,0.021650822958786058,ITPR2;PLCB2;PIK3R1;SYK;GNAI3;JMJD7-PLA2G4B;PTGS1;PTGIR;PIK3R3;P2RX1;PLA2G4C
gs_ind_0,Platelet-Derived Growth Factor Receptor Signaling Pathway (GO:0048008),3/9,0.27143988032691707,0.9999999999998647,2.1064186896049564,2.746800723669715,FER;BCAR1;PTPRJ
gs_ind_0,Plus-End-Directed Organelle Transport Along Microtubule (GO:0072386),1/4,0.5978508540253882,0.9999999999998647,1.6758743901601045,0.8620931884147255,KIF3A
gs_ind_0,Podocyte Cell Migration (GO:0090521),2/4,0.18640155558523228,0.9999999999998647,3.9119486768243785,6.571494931304808,TESK1;KANK1
gs_ind_0,Polarized Epithelial Cell Differentiation (GO:0030859),1/9,0.8712616767850634,0.9999999999998647,0.689782983900631,0.09506100349519497,RAP2A
gs_ind_0,Polyamine Biosynthetic Process (GO:0006596),1/5,0.6797672063173691,0.9999999999998647,1.3033509700176367,0.5030998387884896,PAOX
gs_ind_0,Polyamine Metabolic Process (GO:0006595),1/9,0.8712616767850634,0.9999999999998647,0.689782983900631,0.09506100349519497,HDAC10
gs_ind_0,Polyol Biosynthetic Process (GO:0046173),3/10,0.3332097623755485,0.9999999999998647,1.8254131236964544,2.0060981191955864,IPMK;CYP27B1;ITPKC
gs_ind_0,Polyol Metabolic Process (GO:0019751),4/12,0.2151327165692436,0.9999999999998647,2.071341584298621,3.1826166651852184,MINPP1;IPMK;SYNJ1;INPP5A
gs_ind_0,Polysaccharide Biosynthetic Process (GO:0000271),1/6,0.7450017490315044,0.9999999999998647,1.0662906117451572,0.31388259496961246,CSGALNACT2
gs_ind_0,Plasma Membrane Phospholipid Scrambling (GO:0017121),1/3,0.49498852941534904,0.9999999999998647,2.3464165464165463,1.650048661813499,PLSCR3
gs_ind_0,Pore Complex Assembly (GO:0046931),2/15,0.8412494484890192,0.9999999999998647,0.7237815200926668,0.12511797883472436,GSDMD;BAD
gs_ind_0,Porphyrin-Containing Compound Biosynthetic Process (GO:0006779),1/20,0.9895100286579079,0.9999999999998647,0.3004033004033004,0.003167866629969656,FXN
gs_ind_0,Porphyrin-Containing Compound Catabolic Process (GO:0006787),1/6,0.7450017490315044,0.9999999999998647,1.0662906117451572,0.31388259496961246,HMOX1
gs_ind_0,Positive Chemotaxis (GO:0050918),2/8,0.5073711921876385,0.9999999999998647,1.5041021528591696,1.0205519747850815,CORO1A;PTPRJ
gs_ind_0,Positive Regulation By Host Of Viral Genome Replication (GO:0044829),1/7,0.796950772203989,0.9999999999998647,0.9021719021719021,0.20475907168261248,ZFYVE1
gs_ind_0,Positive Regulation By Host Of Viral Process (GO:0044794),1/15,0.9672015674762875,0.9999999999998647,0.40415650760478344,0.013477956327923916,ZFYVE1
gs_ind_0,Positive Regulation By Host Of Viral Transcription (GO:0043923),1/14,0.958804759543803,0.9999999999998647,0.43412965635187856,0.018262884928106907,CTDP1
gs_ind_0,tRNA Wobble Base Modification (GO:0002097),4/13,0.26388176960411197,0.9999999999998647,1.8531535869041886,2.4688714984696505,CTU1;MOCS3;ALKBH8;ALKBH1
gs_ind_0,Positive Regulation Of ATP-dependent Activity (GO:0032781),3/26,0.9225999915368105,0.9999999999998647,0.5818140235056375,0.04687065673583295,SETMAR;DNAJB2;AHSA2P
gs_ind_0,Positive Regulation Of Actin Cytoskeleton Reorganization (GO:2000251),2/6,0.3535944927466926,0.9999999999998647,2.172948409516172,2.2590069951074945,BCAS3;FES
gs_ind_0,Positive Regulation Of Actin Filament Bundle Assembly (GO:0032233),3/29,0.9527499135950243,0.9999999999998647,0.5158211467266436,0.02496720323324831,CARMIL1;TESK1;TGFB3
gs_ind_0,Positive Regulation Of Actin Filament Depolymerization (GO:0030836),3/8,0.21111686342347444,0.9999999999998647,2.4896080976620043,3.8721956321797006,CFL2;CARMIL1;CARMIL2
gs_ind_0,Positive Regulation Of Actin Filament Polymerization (GO:0030838),6/29,0.5561917840783974,0.9999999999998647,1.0815528805578998,0.6344844626457373,PYCARD;CARMIL1;CARMIL2;NCK2;FER;NCKAP1L
gs_ind_0,Positive Regulation Of Actin Nucleation (GO:0051127),1/9,0.8712616767850634,0.9999999999998647,0.689782983900631,0.09506100349519497,WHAMM
gs_ind_0,Positive Regulation Of Activated T Cell Proliferation (GO:0042104),4/12,0.2151327165692436,0.9999999999998647,2.071341584298621,3.1826166651852184,PYCARD;IL12RB1;PPP3CA;IL23A
gs_ind_0,Porphyrin and chlorophyll metabolism,2/20,0.9357767052616436,0.9999999999998647,0.527948156657058,0.03504435060623528,HMOX1;FXN
gs_ind_0,Plasma Membrane Organization (GO:0007009),15/55,0.1352230830114497,0.9999999999998647,1.4987503206217976,2.998743701182259,CHMP6;ABCD2;VPS4B;PLSCR3;PACSIN1;BIN2;CHMP2B;WHAMM;ABCD1;SNX18;SYT11;ANXA6;SMPD1;CHMP1B;RAB3A
gs_ind_0,Plasma Membrane Invagination (GO:0099024),3/17,0.703416858444551,0.9999999999998647,0.943637037569776,0.33197678677575543,ALKBH4;BIN2;SNX18
gs_ind_0,Plasma Membrane Bounded Cell Projection Organization (GO:0120036),14/90,0.9008763354397752,0.9999999999998647,0.7398290824943727,0.07722874807072697,CCDC32;ULK1;NEDD4;CDK5R1;FAM161A;FAM161B;CARMIL1;CEP78;BLOC1S5;SNAPIN;BLOC1S2;RB1;ZFYVE27;BLOC1S3
gs_ind_0,Phosphatidylglycerol Biosynthetic Process (GO:0006655),3/8,0.21111686342347444,0.9999999999998647,2.4896080976620043,3.8721956321797006,PLSCR3;TAFAZZIN;SLC27A1
gs_ind_0,Phosphatidylglycerol Metabolic Process (GO:0046471),4/13,0.26388176960411197,0.9999999999998647,1.8531535869041886,2.4688714984696505,TAFAZZIN;SLC27A1;CDS2;SERAC1
gs_ind_0,Phosphatidylinositol 3-Kinase Signaling (GO:0014065),2/21,0.9467299284801028,0.9999999999998647,0.500832767873666,0.027416293324235817,ERBB2;PIK3R1
gs_ind_0,Phosphatidylinositol Biosynthetic Process (GO:0006661),22/87,0.15611107348277964,0.9999999999998647,1.345489159566013,2.498825669502453,PIGW;SLC27A1;PIK3R1;PIP5K1B;TP53INP2;PIGZ;INPP5D;SYNJ1;PI4K2B;SOCS7;MTM1;PIGM;MTMR6;MPPE1;TTC7A;SOCS6;ITPKC;PIGV;PIK3R3;SOCS1;MTMR3;FIG4
gs_ind_0,Phosphatidylinositol Dephosphorylation (GO:0046856),5/15,0.17365939932302765,0.9999999999998647,2.0497442836502073,3.5884040430012765,MTMR3;MTM1;MTMR6;SYNJ1;PIP4P1
gs_ind_0,Phosphatidylinositol Metabolic Process (GO:0046488),13/48,0.1631915266549247,0.9999999999998647,1.4888704510986732,2.699070148141076,MTMR3;MTM1;PIP4P1;PIGW;MTMR6;FIG4;SLC27A1;PGAP1;PIP5K1B;INPP5D;SYNJ1;PI4K2B;PLCB2
gs_ind_0,Phosphatidylinositol Phosphate Biosynthetic Process (GO:0046854),10/37,0.2066708203571636,0.9999999999998647,1.494426171994913,2.356154133714444,SOCS7;PIP4K2C;UVRAG;TTC7A;PIK3R1;ITPKC;SOCS6;PI4K2B;PIK3R3;SOCS1
gs_ind_0,Phosphatidylinositol signaling system,23/75,0.022587526551784563,0.9999999999998647,1.7557103642361191,6.654769854834662,IPMK;DGKA;PIP4K2C;PIK3R1;PIP5K1B;INPP5D;SYNJ1;INPP5A;DGKH;PI4K2B;PLCB2;INPP5E;CDS2;DGKQ;MTM1;ITPR2;MTMR6;DGKE;ITPKC;PIK3R3;MTMR3;INPP5F;PIP4P1
gs_ind_0,Phosphatidylinositol-3-Phosphate Biosynthetic Process (GO:0036092),1/9,0.8712616767850634,0.9999999999998647,0.689782983900631,0.09506100349519497,UVRAG
gs_ind_0,Phosphatidylinositol-Mediated Signaling (GO:0048015),4/40,0.9749494048965845,0.9999999999998647,0.4812591923282395,0.012209402171169862,INPP5A;ERBB2;PLCB2;PIK3R1
gs_ind_0,Phosphatidylserine Metabolic Process (GO:0006658),2/14,0.8111659406206002,0.9999999999998647,0.7817481956696071,0.1636063210775793,SERINC5;SLC27A1
gs_ind_0,Phospholipase C-activating Dopamine Receptor Signaling Pathway (GO:0060158),1/4,0.5978508540253882,0.9999999999998647,1.6758743901601045,0.8620931884147255,GNA15
gs_ind_0,Phospholipase C-activating G Protein-Coupled Receptor Signaling Pathway (GO:0007200),2/25,0.9751645410194862,0.9999999999998647,0.41544813936426145,0.0104481310988571,GNA15;GPR157
gs_ind_0,Phospholipase D signaling pathway,17/95,0.7627732783412962,0.9999999999998647,0.8708458865615873,0.23582022146513232,DGKQ;SOS2;DGKA;DGKE;PLCB2;INSR;PIK3R1;PIP5K1B;SYK;PLD1;JMJD7-PLA2G4B;DGKH;CYTH1;SPHK2;PIK3R3;PLA2G4C;DNM1
gs_ind_0,Phospholipid Biosynthetic Process (GO:0008654),2/21,0.9467299284801028,0.9999999999998647,0.500832767873666,0.027416293324235817,FITM2;SPHK2
gs_ind_0,Phospholipid Catabolic Process (GO:0009395),5/17,0.25419710850453286,0.9999999999998647,1.7215026489003051,2.357848003698116,PLD1;SMPD1;PLPP6;GPCPD1;PLA2G4C
gs_ind_0,Phospholipid Dephosphorylation (GO:0046839),8/22,0.06142343550565297,0.9999999999998647,2.295372561188472,6.404006424139378,MTMR3;MTM1;MTMR6;FIG4;SGPP1;PLPP6;SYNJ1;PIP4P1
gs_ind_0,Plasma Membrane Bounded Cell Projection Morphogenesis (GO:0120039),6/33,0.6896471049708996,0.9999999999998647,0.9239324349971532,0.34331042948370866,SRGAP3;PACSIN1;NCKAP1L;TRIO;ZNF335;CNTNAP1
gs_ind_0,Placenta Development (GO:0001890),5/14,0.13769744367036255,0.9999999999998647,2.265692727564617,4.492180900330161,E2F7;ITGB8;TFEB;ANG;E2F8
gs_ind_0,Placenta Blood Vessel Development (GO:0060674),2/5,0.27018544485746365,0.9999999999998647,2.7940199335548175,3.6563850298756777,ITGB8;HEY1
gs_ind_0,Pinocytosis (GO:0006907),3/9,0.27143988032691707,0.9999999999998647,2.1064186896049564,2.746800723669715,RAB34;PYCARD;CARMIL1
gs_ind_0,Pigment Granule Transport (GO:0051904),3/9,0.27143988032691707,0.9999999999998647,2.1064186896049564,2.746800723669715,BLOC1S5;MKKS;BLOC1S3
gs_ind_0,Piecemeal Microautophagy Of The Nucleus (GO:0034727),2/6,0.3535944927466926,0.9999999999998647,2.172948409516172,2.2590069951074945,ULK1;ATG2B
gs_ind_0,Pathway-Restricted SMAD Protein Phosphorylation (GO:0060389),1/8,0.8383192836348962,0.9999999999998647,0.7818181818181819,0.1378785183025454,SMAD7
gs_ind_0,Phototransduction,2/9,0.5747801384335589,0.9999999999998647,1.303448275862069,0.7218075267435339,CNGA1;SLC24A1
gs_ind_0,Photoreceptor Cell Development (GO:0042461),4/8,0.059636426619357134,0.9999999999998647,3.9138180067404913,11.034965670161052,CFAP418;DZANK1;ARL3;CEP290
gs_ind_0,Photoperiodism (GO:0009648),6/20,0.2077528450633598,0.9999999999998647,1.7541573680800517,2.7564936774812905,TP53;CRTC1;PER2;RBM4B;FBXL17;FBXL3
gs_ind_0,Phosphorylation (GO:0016310),60/336,0.8905708963023432,0.9999999999998647,0.8525908835817173,0.09880894471938756,ERN1;TP53RK;CAMK2D;TRIB1;EIF2AK3;DGKA;NEK3;LIMK2;BRSK1;SYK;TSSK6;MAP3K12;DGKH;MAP3K5;SPHK2;PASK;HASPIN;PXK;PIM3;GRK3;FGGY;RNASEL;PICK1;STK3;IKBKE;TESK2;CDKL3;CILK1;HCST;MAP3K9;DGKQ;ULK1;MAP4K1;CDK11B;DGKE;NEK1;CDK19;UVRAG;STK17A;STK36;RPS6KA5;TAF3;STK38;GK5;TAF5;LATS2;GMFB;INSR;DYRK1B;ATG14;PDK2;GRK5;BMPR2;STK10;MAP4K2;ERBB2;FGR;FER;NEK11;GLYCTK
gs_ind_0,Phospholipid Transport (GO:0015914),6/39,0.834361328350273,0.9999999999998647,0.7580780855638302,0.13727939246842022,SLC66A2;PITPNC1;ATP8B3;ATP10D;ATP8A1;ATP11A
gs_ind_0,Phospholipid Translocation (GO:0045332),6/19,0.1735319747924727,0.9999999999998647,1.8842495940617026,3.300062310195911,SLC66A2;PLSCR3;ATP8B3;ATP10D;ATP8A1;ATP11A
gs_ind_0,Phospholipid Metabolic Process (GO:0006644),9/37,0.33434144268469346,0.9999999999998647,1.304131168622408,1.428796359563487,PIP4P1;ACP6;ABHD12;PLD1;FITM2;SMPD1;PLPP6;PLCB2;PLA2G4C
gs_ind_0,Photoreceptor Cell Differentiation (GO:0046530),1/3,0.49498852941534904,0.9999999999998647,2.3464165464165463,1.650048661813499,ARL3
gs_ind_0,Pathogenic Escherichia coli infection,18/133,0.984552215566732,0.9999999999998647,0.6239858803134637,0.009714427247126577,PTPN6;PYCARD;MYO1G;CYTH1;TIRAP;TNFSF10;NCK2;CASP7;WIPF2;HCLS1;TLR5;WASL;TRADD;NFKBIB;MYO6;NCKAP1L;NFKB1;CYFIP2
gs_ind_0,Parkinson disease,8/189,0.9999999999786823,0.9999999999998647,0.18086331298316163,3.855594434410523e-12,ERN1;CAMK2D;EIF2AK3;ITPR2;TP53;UBE2L6;GNAI3;MAP3K5
gs_ind_0,"Parathyroid hormone synthesis, secretion and action",11/70,0.8700600305994148,0.9999999999998647,0.7547359300805734,0.10505401041132499,CREB3L4;ITPR2;ARRB2;BCL2;GNAI3;PLD1;CREB3;CYP27B1;NR4A2;AKAP13;PLCB2
gs_ind_0,Notch Receptor Processing (GO:0007220),1/7,0.796950772203989,0.9999999999998647,0.9021719021719021,0.20475907168261248,APH1B
gs_ind_0,Notch Signaling,5/26,0.6343092946916826,0.9999999999998647,1.0001344050894727,0.4552797806827438,SAP30;RBX1;MAML2;DLL1;PPARD
gs_ind_0,Notch Signaling Involved In Heart Development (GO:0061314),1/8,0.8383192836348962,0.9999999999998647,0.7818181818181819,0.1378785183025454,HEY1
gs_ind_0,Notch Signaling Pathway (GO:0007219),5/29,0.7323401659236473,0.9999999999998647,0.8774527309719843,0.27333544537153315,CRTC1;HEY1;GMDS;APH1B;DLL1
gs_ind_0,Notch signaling pathway,11/43,0.24765636076797606,0.9999999999998647,1.3848207767783125,1.9328125488387393,ATXN1L;MAML2;TLE4;DTX3L;HEY1;NUMBL;TLE6;APH1B;DLL1;ATXN1;KAT2B
gs_ind_0,Nuclear Body Organization (GO:0030575),1/9,0.8712616767850634,0.9999999999998647,0.689782983900631,0.09506100349519497,USPL1
gs_ind_0,Nuclear Chromosome Segregation (GO:0098813),2/14,0.8111659406206002,0.9999999999998647,0.7817481956696071,0.1636063210775793,CENPQ;SPICE1
gs_ind_0,Nuclear Export (GO:0051168),4/42,0.9818546634285565,0.9999999999998647,0.45618368150866945,0.00835362743872712,SMURF1;ATXN1;ANKLE1;MALT1
gs_ind_0,Nuclear Membrane Organization (GO:0071763),6/23,0.3212421553592512,0.9999999999998647,1.4530867879510885,1.650067323287437,CHMP6;UBXN2B;VPS4B;CHMP2B;UBXN2A;CHMP1B
gs_ind_0,Nuclear Membrane Reassembly (GO:0031468),6/21,0.24409462178147523,0.9999999999998647,1.6408512357734528,2.3139273209888556,CHMP6;UBXN2B;VPS4B;CHMP2B;UBXN2A;CHMP1B
gs_ind_0,Nuclear Migration (GO:0007097),1/14,0.958804759543803,0.9999999999998647,0.43412965635187856,0.018262884928106907,SYNE3
gs_ind_0,Nuclear Transport (GO:0051169),1/36,0.9997275418281507,0.9999999999998647,0.16479347465262958,4.4905446542311324e-05,RBM15B
gs_ind_0,Nuclear-Transcribed mRNA Catabolic Process (GO:0000956),11/79,0.9468572487816583,0.9999999999998647,0.6550874750067216,0.03577232088426443,ZFP36;UPF3B;ZC3H12A;DIS3L2;TUT1;NBDY;DXO;TENT4B;PATL2;DCP1B;MAGOHB
gs_ind_0,"Nuclear-Transcribed mRNA Catabolic Process, Deadenylation-Dependent Decay (GO:0000288)",3/35,0.9831965010933547,0.9999999999998647,0.4203852941539449,0.007123966662712389,ZFP36;DCP1B;PATL2
gs_ind_0,Norepinephrine Metabolic Process (GO:0042415),1/2,0.36582651410140676,0.9999999999998647,3.911014911014911,3.9329011974146835,MOXD1
gs_ind_0,"Nuclear-Transcribed mRNA Catabolic Process, Deadenylation-Independent Decay (GO:0031086)",2/6,0.3535944927466926,0.9999999999998647,2.172948409516172,2.2590069951074945,ZFP36;DCP1B
gs_ind_0,"Nuclear-Transcribed mRNA Catabolic Process, Nonsense-Mediated Decay (GO:0000184)",3/28,0.9441909216133153,0.9999999999998647,0.5360934683515634,0.03078617839274587,UPF3B;MAGOHB;ZC3H12A
gs_ind_0,Nuclear-Transcribed mRNA poly(A) Tail Shortening (GO:0000289),1/18,0.9834488709535161,0.9999999999998647,0.3347900776472205,0.005587522300482694,ZFP36
gs_ind_0,Nucleic Acid Metabolic Process (GO:0090304),5/27,0.6692792787264515,0.9999999999998647,0.9556055011505324,0.3837270670883206,EXD2;DXO;SETMAR;DNASE1L1;TREX1
gs_ind_0,Nucleic Acid Phosphodiester Bond Hydrolysis (GO:0090305),6/19,0.1735319747924727,0.9999999999998647,1.8842495940617026,3.300062310195911,ZC3H12A;EXD2;DXO;SETMAR;ANKLE1;DCP1B
gs_ind_0,Nucleic Acid-Templated Transcription (GO:0097659),9/33,0.21538723895626385,0.9999999999998647,1.5175491833126113,2.329920212033626,TOPORS;TCEANC2;THAP1;E2F1;RRAGC;NFKBIB;NR4A2;TCEANC;CREBL2
gs_ind_0,Nucleobase-Containing Compound Biosynthetic Process (GO:0034654),1/9,0.8712616767850634,0.9999999999998647,0.689782983900631,0.09506100349519497,DCK
gs_ind_0,Nucleobase-Containing Compound Catabolic Process (GO:0034655),7/37,0.6509257081903543,0.9999999999998647,0.9612877740470077,0.41273829065597756,DFFB;NUDT15;DNASE1;RNASEH2C;SETMAR;DNASE1L1;TREX1
gs_ind_0,Nucleobase-Containing Small Molecule Interconversion (GO:0015949),1/6,0.7450017490315044,0.9999999999998647,1.0662906117451572,0.31388259496961246,GLRX
gs_ind_0,Nucleocytoplasmic Transport (GO:0006913),3/46,0.9977524334252439,0.9999999999998647,0.31379697605072004,0.0007060733656443483,ATXN1;RBM15B;MALT1
gs_ind_0,Nucleolar Chromatin Organization (GO:1990700),2/7,0.4333076099965977,0.9999999999998647,1.7777210760370343,1.486721268820039,BEND3;SIRT1
gs_ind_0,Nucleoside Diphosphate Catabolic Process (GO:0009134),1/6,0.7450017490315044,0.9999999999998647,1.0662906117451572,0.31388259496961246,ENTPD5
gs_ind_0,Nucleoside Diphosphate Metabolic Process (GO:0009132),2/8,0.5073711921876385,0.9999999999998647,1.5041021528591696,1.0205519747850815,ENTPD5;RRM2B
gs_ind_0,Nucleoside Phosphate Biosynthetic Process (GO:1901293),3/10,0.3332097623755485,0.9999999999998647,1.8254131236964544,2.0060981191955864,ME1;DCK;NMNAT1
gs_ind_0,Nucleoside Phosphate Catabolic Process (GO:1901292),2/10,0.6351727324480614,0.9999999999998647,1.1500070758054626,0.5219402535113675,ENTPD5;NUDT15
gs_ind_0,"Nuclear-Transcribed mRNA Catabolic Process, Exonucleolytic (GO:0000291)",1/16,0.9738872946210139,0.9999999999998647,0.3780508619218297,0.010003110870083008,DIS3L2
gs_ind_0,Norepinephrine Biosynthetic Process (GO:0042421),1/3,0.49498852941534904,0.9999999999998647,2.3464165464165463,1.650048661813499,MOXD1
gs_ind_0,Noradrenergic Neuron Differentiation (GO:0003357),1/3,0.49498852941534904,0.9999999999998647,2.3464165464165463,1.650048661813499,SOX4
gs_ind_0,Nonribosomal Peptide Biosynthetic Process (GO:0019184),1/6,0.7450017490315044,0.9999999999998647,1.0662906117451572,0.31388259496961246,CHAC1
gs_ind_0,Neurotransmitter Receptor Diffusion Trapping (GO:0099628),1/2,0.36582651410140676,0.9999999999998647,3.911014911014911,3.9329011974146835,DLG4
gs_ind_0,Neurotransmitter Receptor Transport To Postsynaptic Membrane (GO:0098969),2/6,0.3535944927466926,0.9999999999998647,2.172948409516172,2.2590069951074945,GRIPAP1;NCOA2
gs_ind_0,"Neurotransmitter Receptor Transport, Endosome To Plasma Membrane (GO:0099639)",2/5,0.27018544485746365,0.9999999999998647,2.7940199335548175,3.6563850298756777,GRIPAP1;NCOA2
gs_ind_0,"Neurotransmitter Receptor Transport, Endosome To Postsynaptic Membrane (GO:0098887)",2/4,0.18640155558523228,0.9999999999998647,3.9119486768243785,6.571494931304808,GRIPAP1;NCOA2
gs_ind_0,Neurotransmitter Secretion (GO:0007269),3/27,0.9342087124305728,0.9999999999998647,0.5580206733744356,0.03797632285261342,SNAPIN;VAMP2;RAB3A
gs_ind_0,Neurotransmitter Transport (GO:0006836),3/24,0.8935907530633411,0.9999999999998647,0.6360407284558184,0.07155927544861866,BRSK1;SYNJ1;SNAPIN
gs_ind_0,Neurotrophin Signaling Pathway (GO:0038179),2/9,0.5747801384335589,0.9999999999998647,1.303448275862069,0.7218075267435339,BCAR1;ZFYVE27
gs_ind_0,Neurotrophin TRK Receptor Signaling Pathway (GO:0048011),2/6,0.3535944927466926,0.9999999999998647,2.172948409516172,2.2590069951074945,BCAR1;ZFYVE27
gs_ind_0,Neurotrophin signaling pathway,17/95,0.7627732783412962,0.9999999999998647,0.8708458865615873,0.23582022146513232,CAMK2D;TP53;MAPK7;NFKBIE;FRS2;NFKB1;PIK3R1;BAD;BCL2;SH2B2;RPS6KA5;NFKBIB;ARHGDIB;MAP3K5;PIK3R3;IRAK2;SOS2
gs_ind_0,Neutral Amino Acid Transport (GO:0015804),5/21,0.43069196449947617,0.9999999999998647,1.30374056830952,1.0982217002562886,SLC38A6;SLC36A4;SLC38A7;SLC43A2;SLC7A7
gs_ind_0,Neutrophil Activation (GO:0042119),4/6,0.018084094274765147,0.9999999999998647,7.04602792489167,28.273754764507046,SYK;CCL5;PREX1;DNASE1
gs_ind_0,Neutrophil Activation Involved In Immune Response (GO:0002283),3/8,0.21111686342347444,0.9999999999998647,2.4896080976620043,3.8721956321797006,SYK;VAMP2;DNASE1
gs_ind_0,Neutrophil Chemotaxis (GO:0030593),3/20,0.8050898859562208,0.9999999999998647,0.781678164607733,0.16946887996429236,SYK;CCL5;NCKAP1L
gs_ind_0,Neutrophil Degranulation (GO:0043312),1/5,0.6797672063173691,0.9999999999998647,1.3033509700176367,0.5030998387884896,VAMP2
gs_ind_0,Neutrophil Mediated Immunity (GO:0002446),1/11,0.9183821192811181,0.9999999999998647,0.5583041297327012,0.04753497558033882,VAMP2
gs_ind_0,Neutrophil Migration (GO:1990266),3/22,0.855158977207062,0.9999999999998647,0.7013908600624468,0.10974514729108541,SYK;CCL5;NCKAP1L
gs_ind_0,Neutrophil extracellular trap formation,12/113,0.9980996489506657,0.9999999999998647,0.47939396581447236,0.0009118835500981199,GSDMD;H2BC14;NFKB1;PLCB2;SELPLG;C5;PIK3R1;SYK;H2BC6;HDAC10;H2AC14;PIK3R3
gs_ind_0,Non-small cell lung cancer,12/61,0.6042142647537813,0.9999999999998647,0.9872254321168239,0.49739023642319125,GADD45B;SOS2;TP53;E2F1;FHIT;PIK3R1;BAD;RB1;ERBB2;E2F2;PIK3R3;DDB2
gs_ind_0,Non-homologous end-joining,4/12,0.2151327165692436,0.9999999999998647,2.071341584298621,3.1826166651852184,LIG4;POLM;XRCC4;DCLRE1C
gs_ind_0,Non-alcoholic fatty liver disease,9/124,0.9999860940722524,0.9999999999998647,0.3194980553926061,4.442947765527077e-06,ERN1;EIF2AK3;PRKAB2;NFKB1;INSR;PIK3R1;CASP7;MAP3K5;PIK3R3
gs_ind_0,Non-Motile Cilium Assembly (GO:1905515),11/27,0.012492080313135952,0.9999999999998647,2.731264714053841,11.97020573265112,ENKD1;FUZ;TOGARAM1;RPGRIP1L;PIBF1;CC2D2B;BBS10;GORAB;TMEM216;TBC1D32;TMEM80
gs_ind_0,Non-Membrane-Bounded Organelle Assembly (GO:0140694),15/102,0.9438625130206354,0.9999999999998647,0.691025469939949,0.039923835123114315,DHX29;ZFYVE1;STARD9;BIN2;BICD1;HAUS5;MIS12;FITM2;CEP63;GOLGA8A;CDS2;PATL2;LSM3;HAUS3;PLA2G4C
gs_ind_0,Non-Canonical Wnt Signaling Pathway (GO:0035567),7/32,0.4852825691598975,0.9999999999998647,1.15024805102764,0.8316568788382666,TMEM67;CCDC88C;VANGL1;SMURF2;FZD2;DAAM1;SMURF1
gs_ind_0,Nucleosome Assembly (GO:0006334),2/44,0.9994611530591405,0.9999999999998647,0.22935987546582387,0.0001236231772281396,H2BC14;KAT6B
gs_ind_0,Nitrogen metabolism,1/7,0.796950772203989,0.9999999999998647,0.9021719021719021,0.20475907168261248,CA13
gs_ind_0,Nitric Oxide Metabolic Process (GO:0046209),3/12,0.45456002967759573,0.9999999999998647,1.4408791914006096,1.1360256023861053,GCH1;DDAH2;GCHFR
gs_ind_0,Nitric Oxide Mediated Signal Transduction (GO:0007263),2/5,0.27018544485746365,0.9999999999998647,2.7940199335548175,3.6563850298756777,DDAH2;KLRG1
gs_ind_0,Nitric Oxide Biosynthetic Process (GO:0006809),3/11,0.3947032014005075,0.9999999999998647,1.6105265144723058,1.4971795674609456,GCH1;DDAH2;GCHFR
gs_ind_0,Nicotinate and nicotinamide metabolism,7/27,0.303359293681427,0.9999999999998647,1.4313840728768734,1.7074084390534465,SIRT5;SIRT1;NUDT12;NMNAT1;NT5M;NMRK1;SIRT3
gs_ind_0,Nicotinamide Nucleotide Metabolic Process (GO:0046496),4/13,0.26388176960411197,0.9999999999998647,1.8531535869041886,2.4688714984696505,NMRK1;TP53I3;ME1;KMO
gs_ind_0,Nicotinamide Nucleotide Biosynthetic Process (GO:0019359),2/8,0.5073711921876385,0.9999999999998647,1.5041021528591696,1.0205519747850815,KYNU;NMNAT1
gs_ind_0,Nitrogen Compound Transport (GO:0071705),14/91,0.9092798828004297,0.9999999999998647,0.7302226538763172,0.06944587604051158,SLC26A11;KIF3A;VAMP2;CHMP2B;ABCD1;SNX18;PICK1;SLC26A2;SLC43A2;CEP290;DENND10;TCN2;LMAN2L;CHMP1B
gs_ind_0,Negative Regulation Of Keratinocyte Proliferation (GO:0010839),2/6,0.3535944927466926,0.9999999999998647,2.172948409516172,2.2590069951074945,KLF9;CYP27B1
gs_ind_0,Nucleosome Organization (GO:0034728),2/62,0.9999878748294374,0.9999999999998647,0.16088198453147057,1.9507333294036878e-06,H2BC14;KAT6B
gs_ind_0,Nucleotide Catabolic Process (GO:0009166),1/5,0.6797672063173691,0.9999999999998647,1.3033509700176367,0.5030998387884896,NUDT15
gs_ind_0,Organic Substance Transport (GO:0071702),20/105,0.669469217485285,0.9999999999998647,0.9369790826477389,0.37598168388794556,CHMP2B;PLEKHA8P1;SLC24A1;CCL5;APOL2;KIF3A;PICK1;TCN2;CHMP1B;GM2A;VAMP2;ABCA5;DISP1;CEP290;CYP27B1;LMAN2L;CACNB3;ABCD1;SNX18;DENND10
gs_ind_0,Organonitrogen Compound Biosynthetic Process (GO:1901566),17/80,0.4660119108653823,0.9999999999998647,1.0778899414366112,0.8230164894811799,KDSR;SGPL1;B4GAT1;SPTSSA;CERS6;HACD2;NANP;SLC27A1;GCH1;ACER3;CSAD;SGPP1;TYW1B;SPHK2;SLC44A1;PLA2G4C;TYW5
gs_ind_0,Organonitrogen Compound Catabolic Process (GO:1901565),11/50,0.44194598816134745,0.9999999999998647,1.138753886342674,0.929869531493122,GNPDA2;SGPL1;LIPC;IL4I1;RAB12;ERAP2;GGACT;CASP7;NPEPPSP1;UTP25;CLN5
gs_ind_0,Organophosphate Biosynthetic Process (GO:0090407),7/26,0.26814905749145873,0.9999999999998647,1.504911955514365,1.980783578732454,DCK;IPMK;ITPKC;TPK1;FITM2;DDR2;GK5
gs_ind_0,Organophosphate Catabolic Process (GO:0046434),2/7,0.4333076099965977,0.9999999999998647,1.7777210760370343,1.486721268820039,NUDT15;PLD1
gs_ind_0,Organophosphate Ester Transport (GO:0015748),1/23,0.994707757026508,0.9999999999998647,0.26028539361872693,0.0013811514722157068,PITPNC1
gs_ind_0,Osmosensory Signaling Pathway (GO:0007231),1/4,0.5978508540253882,0.9999999999998647,1.6758743901601045,0.8620931884147255,PYCARD
gs_ind_0,Osteoclast Differentiation (GO:0030316),1/17,0.9792105317502333,0.9999999999998647,0.35510953692771874,0.007460358414195877,SNX10
gs_ind_0,Osteoclast differentiation,17/86,0.5976140248546202,0.9999999999998647,0.9843477353491904,0.506752231674376,MAP2K6;MAP3K14;TEC;FOSL1;RELB;NFKB1;IRF9;IFNGR1;PIK3R1;CYLD;SYK;ACP5;PPP3CA;NFKB2;PIK3R3;SOCS1;FOSB
gs_ind_0,Other glycan degradation,5/15,0.17365939932302765,0.9999999999998647,2.0497442836502073,3.5884040430012765,HEXD;MAN2B2;MANBA;AGA;FUCA1
gs_ind_0,Other types of O-glycan biosynthesis,8/31,0.2873953664179427,0.9999999999998647,1.4152474861614943,1.7646670350639349,POMT1;GXYLT1;GALNT6;C1GALT1C1;POGLUT1;GALNT4;ST3GAL3;EOGT
gs_ind_0,Outer Dynein Arm Assembly (GO:0036158),1/15,0.9672015674762875,0.9999999999998647,0.40415650760478344,0.013477956327923916,DNAL1
gs_ind_0,Outflow Tract Septum Morphogenesis (GO:0003148),1/12,0.9350149954629013,0.9999999999998647,0.5097141184097705,0.03424907390651992,BMPR2
gs_ind_0,Ovarian steroidogenesis,5/24,0.5579574372382914,0.9999999999998647,1.102893414179335,0.6435080844319162,INSR;ALOX5;JMJD7-PLA2G4B;HSD17B1;PLA2G4C
gs_ind_0,Organic Hydroxy Compound Transport (GO:0015850),2/21,0.9467299284801028,0.9999999999998647,0.500832767873666,0.027416293324235817,GHRL;SLC44A1
gs_ind_0,Oxidative Phosphorylation,11/187,0.9999999953043089,0.9999999999998647,0.2519770108552762,1.1832061995255045e-09,COX17;ACADSB;CASP7;FXN;ACAA2;ISCA1;ALDH6A1;BDH2;SURF1;PHYH;FDX1
gs_ind_0,Oxidative phosphorylation,4/102,0.999999751548125,0.9999999999998647,0.17742546478350021,4.4081694867619467e-08,COX17;LHPP;ATP6V1G2;ATP6V1E2
gs_ind_0,Oxoacid Metabolic Process (GO:0043436),3/11,0.3947032014005075,0.9999999999998647,1.6105265144723058,1.4971795674609456,MINPP1;LIPT1;LIPT2
gs_ind_0,Oxytocin signaling pathway,12/94,0.980066787770236,0.9999999999998647,0.5907262488115264,0.01189401242313506,CAMK2D;NFATC4;CACNB3;ITPR2;PRKAB2;MAPK7;CACNB1;GNAI3;JMJD7-PLA2G4B;PPP3CA;PLCB2;PLA2G4C
gs_ind_0,P-body Assembly (GO:0033962),2/11,0.6886104060141844,0.9999999999998647,1.028869286287089,0.38385015860250277,LSM3;PATL2
gs_ind_0,PD-L1 expression and PD-1 checkpoint pathway in cancer,14/70,0.5777778980992362,0.9999999999998647,1.003368274671116,0.5504134635994549,PTPN6;TICAM1;MAP2K6;CD274;MAP2K3;TIRAP;NFKBIE;IFNGR1;PIK3R1;PIK3R3;NFKBIB;PPP3CA;NFKB1;PDCD1
gs_ind_0,PERK-mediated Unfolded Protein Response (GO:0036499),1/5,0.6797672063173691,0.9999999999998647,1.3033509700176367,0.5030998387884896,EIF2AK3
gs_ind_0,PI3K-Akt signaling pathway,24/211,0.99982321566627,0.9999999999998647,0.5069849781941528,8.963492483988506e-05,CREB3L4;EFNA4;PIK3R1;SYK;NFKB1;PHLPP2;GNG7;PIK3AP1;FLT3LG;CCNE2;TP53;BAD;PPP2R5B;THBS3;SOS2;ITGB8;PPP2R3C;IL7;BCL2;PIK3R3;INSR;ITGA7;CREB3;ERBB2
gs_ind_0,PI3K/AKT/mTOR  Signaling,8/86,0.9982731498743317,0.9999999999998647,0.4217588133603409,0.0007289438295246387,CAB39L;MAP2K6;ITPR2;MAP2K3;E2F1;NOD1;NFKBIB;PIK3R3
gs_ind_0,PPAR signaling pathway,7/39,0.7074611537359483,0.9999999999998647,0.9019833178869323,0.31215167351036943,ACSL1;ACOX3;SLC27A1;FABP5;GK;ME1;PPARD
gs_ind_0,Pancreas Beta Cells,1/16,0.9738872946210139,0.9999999999998647,0.3780508619218297,0.010003110870083008,FOXO1
gs_ind_0,Pancreas Development (GO:0031016),1/10,0.8974937817113968,0.9999999999998647,0.6171236171236171,0.06674135581913541,NPHP3
gs_ind_0,Pancreatic cancer,14/69,0.5540999991136575,0.9999999999998647,1.0215311108887022,0.6031222901427282,GADD45B;TP53;E2F1;TGFB3;PIK3R1;BAD;PIK3R3;PLD1;BRCA2;RB1;ERBB2;E2F2;NFKB1;DDB2
gs_ind_0,Pancreatic secretion,4/42,0.9818546634285565,0.9999999999998647,0.45618368150866945,0.00835362743872712,RAB3D;PLCB2;ITPR2;TPCN2
gs_ind_0,Pantothenate and CoA biosynthesis,3/15,0.6156231394758771,0.9999999999998647,1.0947986523343494,0.5311090388707119,ALDH3A2;PANK1;PPCDC
gs_ind_0,Oxidative Phosphorylation (GO:0006119),1/59,0.9999985779659437,0.9999999999998647,0.09981376648043315,1.4193867614224264e-07,TEFM
gs_ind_0,Organic Hydroxy Compound Biosynthetic Process (GO:1901617),5/29,0.7323401659236473,0.9999999999998647,0.8774527309719843,0.27333544537153315,AMACR;PER2;PMVK;HSD17B1;CYP7B1
gs_ind_0,Organic Cyclic Compound Catabolic Process (GO:1901361),2/5,0.27018544485746365,0.9999999999998647,2.7940199335548175,3.6563850298756777,STS;HSD17B14
gs_ind_0,Organic Cyclic Compound Biosynthetic Process (GO:1901362),4/14,0.31435549997761164,0.9999999999998647,1.676525208061077,1.9401265540223827,GCH1;SRD5A1;HSD17B1;PYCR3
gs_ind_0,Nucleotide Metabolic Process (GO:0009117),4/12,0.2151327165692436,0.9999999999998647,2.071341584298621,3.1826166651852184,ME1;FHIT;DCK;NMNAT1
gs_ind_0,Nucleotide excision repair,5/41,0.9405887825087762,0.9999999999998647,0.5883945399006415,0.03603871570088686,RBX1;ERCC4;XPA;GTF2H5;DDB2
gs_ind_0,"Nucleotide-Binding Domain, Leucine Rich Repeat Containing Receptor Signaling Pathway (GO:0035872)",2/5,0.27018544485746365,0.9999999999998647,2.7940199335548175,3.6563850298756777,TNFAIP3;MAP2K6
gs_ind_0,Nucleotide-Binding Oligomerization Domain Containing Signaling Pathway (GO:0070423),2/8,0.5073711921876385,0.9999999999998647,1.5041021528591696,1.0205519747850815,TNFAIP3;MAP2K6
gs_ind_0,Nucleotide-Excision Repair (GO:0006289),13/47,0.14447982142267077,0.9999999999998647,1.532152079440724,2.9641250468138134,LIG4;SIRT1;XPA;TP53;ERCC4;FANCC;BRCA2;COMMD1;GTF2H5;TENT4A;UVSSA;SLX4;DDB2
gs_ind_0,"Nucleotide-Excision Repair, DNA Gap Filling (GO:0006297)",1/5,0.6797672063173691,0.9999999999998647,1.3033509700176367,0.5030998387884896,TENT4A
gs_ind_0,Nucleotide-Sugar Biosynthetic Process (GO:0009226),3/14,0.5656020552601939,0.9999999999998647,1.1900961920772326,0.6781936079104792,GMPPB;GNPDA2;UAP1L1
gs_ind_0,Nucleotide-Sugar Metabolic Process (GO:0009225),5/11,0.05395522571290178,0.9999999999998647,3.3122121096113712,9.67033689254169,ENTPD5;GALT;FUT8;GMDS;SLC35A3
gs_ind_0,Nucleus Organization (GO:0006997),6/38,0.8148382245634537,0.9999999999998647,0.7814678015095552,0.16001778805035846,CHMP6;VPS4B;ATXN7;CHMP2B;CEP55;CHMP1B
gs_ind_0,O-glycan Processing (GO:0016266),6/26,0.44108979354819455,0.9999999999998647,1.240134426396456,1.0150584742804778,B4GAT1;GXYLT1;GALNT6;C1GALT1C1;GALNT4;ST3GAL3
gs_ind_0,Odontogenesis (GO:0042476),3/24,0.8935907530633411,0.9999999999998647,0.6360407284558184,0.07155927544861866,ROGDI;TGFB3;OSR2
gs_ind_0,Odontogenesis Of Dentin-Containing Tooth (GO:0042475),1/7,0.796950772203989,0.9999999999998647,0.9021719021719021,0.20475907168261248,ROGDI
gs_ind_0,Olefinic Compound Biosynthetic Process (GO:0120255),1/1,0.2036432488900496,0.9999999999998647,11.734006734006734,18.67332929974073,HSD17B1
gs_ind_0,Olfactory transduction,5/23,0.516943680160644,0.9999999999998647,1.1626047302720925,0.7671114183046762,NCALD;GRK3;CAMK2D;GNG7;ARRB2
gs_ind_0,Oligodendrocyte Development (GO:0014003),1/13,0.948259129620717,0.9999999999998647,0.4688985088985089,0.02491139174442143,CNTNAP1
gs_ind_0,Oligosaccharide Biosynthetic Process (GO:0009312),5/11,0.05395522571290178,0.9999999999998647,3.3122121096113712,9.67033689254169,FUT8;FUT4;ST3GAL3;B3GALT4;ST6GALNAC6
gs_ind_0,Oligosaccharide Catabolic Process (GO:0009313),2/6,0.3535944927466926,0.9999999999998647,2.172948409516172,2.2590069951074945,MANBA;IDNK
gs_ind_0,Organic Cation Transport (GO:0015695),1/15,0.9672015674762875,0.9999999999998647,0.40415650760478344,0.013477956327923916,SLC44A1
gs_ind_0,Organic Anion Transport (GO:0015711),7/44,0.8205542280136515,0.9999999999998647,0.7813975903614457,0.15454112660901975,SLC35B3;SLC4A8;SLC35A3;SLC35A1;SLC2A8;CYB5RL;LRRC8C
gs_ind_0,Organelle Transport Along Microtubule (GO:0072384),8/37,0.48932669222119185,0.9999999999998647,1.1268449192035015,0.8053841563624821,BORCS8;BORCS6;BICD1;SNAPIN;TRAK2;BLOC1S2;BORCS7;BICD2
gs_ind_0,Organelle Organization (GO:0006996),64/323,0.6201685365593776,0.9999999999998647,0.971157857100292,0.4639842670261051,TAFAZZIN;CHMP6;EIF2AK3;FAM161A;PACSIN1;TNFAIP3;CHMP2B;AGTPBP1;NOL3;CEP55;PEX2;PI4K2B;CNTNAP1;ZFYVE16;BCAS3;KIF3A;LIG4;MAST3;DOP1B;OPTN;ATXN7;FAM161B;RAB2B;SNX10;PEX10;ATP8B3;PEX7;GOLGA8A;FAM174B;UBXN2A;PTCD2;CHMP1B;HPS3;SIRT5;KIF9;ABCD2;PLEKHF1;CEP78;TMCC1;HACE1;STX7;FITM2;DST;CFAP410;RAB30;RB1;PEX12;CCDC32;UBXN2B;VPS4B;SIPA1L3;RAB43;PYROXD2;ABCD1;MIEF2;PEX1;COG6;WASL;RAB34;BNIP1;HPS6;ATL1;SYNE3;ADCK1
gs_ind_0,Organelle Membrane Fusion (GO:0090174),9/22,0.022454809214035126,0.9999999999998647,2.7565593241529585,10.464589626721574,TSNARE1;VAMP1;VAMP2;VCPIP1;STX12;STX8;STX7;STX6;SYT11
gs_ind_0,Organelle Fusion (GO:0048284),3/19,0.7749900719826985,0.9999999999998647,0.8291206627481295,0.21134705233127382,MIEF2;PLD6;MIGA1
gs_ind_0,Nucleotide Biosynthetic Process (GO:0009165),3/17,0.703416858444551,0.9999999999998647,0.943637037569776,0.33197678677575543,RRM2B;ME1;NMNAT1
gs_ind_0,Organelle Fission (GO:0048285),1/19,0.9868233624880947,0.9999999999998647,0.3166673166673167,0.004200344831304321,TMCC1
gs_ind_0,Oogenesis (GO:0048477),1/8,0.8383192836348962,0.9999999999998647,0.7818181818181819,0.1378785183025454,NANOS3
gs_ind_0,Oocyte meiosis,9/96,0.9988700392024377,0.9999999999998647,0.4227147679518681,0.00047792118331702526,CAMK2D;RBX1;ITPR2;CCNE2;BTRC;CPEB3;PPP2R5B;CPEB2;PPP3CA
gs_ind_0,One-Carbon Compound Transport (GO:0019755),2/17,0.8887155005535027,0.9999999999998647,0.6302868820653439,0.07436005923900754,CYB5RL;SLC4A8
gs_ind_0,One carbon pool by folate,2/16,0.8669156603053907,0.9999999999998647,0.6738102480435805,0.09622925683039828,DHFR2;MTFMT
gs_ind_0,Oligosaccharide-Lipid Intermediate Biosynthetic Process (GO:0006490),3/12,0.45456002967759573,0.9999999999998647,1.4408791914006096,1.1360256023861053,ALG14;ALG12;ALG6
gs_ind_0,Oligosaccharide Metabolic Process (GO:0009311),9/27,0.08078463757153828,0.9999999999998647,2.0107178388805136,5.058902665783193,CTBS;ST8SIA4;FUT8;FUT4;MANBA;ST3GAL3;B3GALT4;IDUA;ST6GALNAC6
gs_ind_0,Organelle Disassembly (GO:1903008),6/42,0.8831306235790356,0.9999999999998647,0.6955987073526467,0.08645050827503636,KIF9;ULK1;ATG2B;TRIP4;PLK3;UFL1
gs_ind_0,Positive Regulation Of Adaptive Immune Response (GO:0002821),2/6,0.3535944927466926,0.9999999999998647,2.172948409516172,2.2590069951074945,PYCARD;SIRT1
gs_ind_0,Negative Regulation Of JUN Kinase Activity (GO:0043508),2/10,0.6351727324480614,0.9999999999998647,1.1500070758054626,0.5219402535113675,DUSP10;PTPN22
gs_ind_0,Negative Regulation Of Ion Transmembrane Transporter Activity (GO:0032413),2/16,0.8669156603053907,0.9999999999998647,0.6738102480435805,0.09622925683039828,CAMK2D;NEDD4
gs_ind_0,Metabolism of xenobiotics by cytochrome P450,1/19,0.9868233624880947,0.9999999999998647,0.3166673166673167,0.004200344831304321,HSD11B1L
gs_ind_0,Metal Ion Transport (GO:0030001),8/80,0.9958343265683165,0.9999999999998647,0.45688907113211835,0.0019072258686472058,CACNB3;KCNAB3;SLC38A7;CNNM4;SLC24A1;NIPAL1;CYP27B1;CCL5
gs_ind_0,Metallo-Sulfur Cluster Assembly (GO:0031163),6/25,0.4011803929197172,0.9999999999998647,1.3038381242974144,1.1908528518924364,ISCA2;BOLA1;HSCB;FXN;ISCA1;IBA57
gs_ind_0,Metanephros Development (GO:0001656),1/16,0.9738872946210139,0.9999999999998647,0.3780508619218297,0.010003110870083008,OSR2
gs_ind_0,Metaphase Plate Congression (GO:0051310),10/47,0.49586647539356427,0.9999999999998647,1.0950120598166908,0.7680946668525463,CHMP6;SPICE1;VPS4B;CENPQ;PINX1;CHMP2B;PIBF1;BOD1;CEP55;CHMP1B
gs_ind_0,Methionine Metabolic Process (GO:0006555),1/5,0.6797672063173691,0.9999999999998647,1.3033509700176367,0.5030998387884896,MSRA
gs_ind_0,Methylguanosine-Cap Decapping (GO:0110156),3/11,0.3947032014005075,0.9999999999998647,1.6105265144723058,1.4971795674609456,DCP1B;NUDT12;PATL2
gs_ind_0,MicroRNAs in cancer,23/158,0.9763368409895383,0.9999999999998647,0.6756080397878095,0.01617921010923919,BMF;E2F1;EFNA4;MAPK7;PIK3R1;NFKB1;SPRY2;CCNE2;TP53;BCL2L2;SOS2;MARCKS;ZEB1;HMOX1;BCL2;RPS6KA5;PIK3R3;SOCS1;SIRT1;SOX4;BMPR2;ERBB2;E2F2
gs_ind_0,Microglial Cell Activation (GO:0001774),2/10,0.6351727324480614,0.9999999999998647,1.1500070758054626,0.5219402535113675,IFNGR1;AIF1
gs_ind_0,Microtubule Anchoring (GO:0034453),3/9,0.27143988032691707,0.9999999999998647,2.1064186896049564,2.746800723669715,DAG1;BICD1;BICD2
gs_ind_0,Microtubule Anchoring At Centrosome (GO:0034454),2/9,0.5747801384335589,0.9999999999998647,1.303448275862069,0.7218075267435339,KIF3A;NIN
gs_ind_0,Microtubule Anchoring At Microtubule Organizing Center (GO:0072393),4/11,0.16922725830899113,0.9999999999998647,2.3477130476649015,4.170742147653361,KIF3A;BICD1;NIN;BICD2
gs_ind_0,Microtubule Bundle Formation (GO:0001578),4/39,0.970633206659629,0.9999999999998647,0.4948564763642035,0.01475000393808961,SPAG16;TOGARAM1;NCKAP5L;STK36
gs_ind_0,Microtubule Cytoskeleton Organization Involved In Mitosis (GO:1902850),3/49,0.9987263565564106,0.9999999999998647,0.29347955471139564,0.00037402654951032636,PLK3;FAM110A;EFHC1
gs_ind_0,Mesonephros Development (GO:0001823),1/6,0.7450017490315044,0.9999999999998647,1.0662906117451572,0.31388259496961246,OSR2
gs_ind_0,Microtubule Depolymerization (GO:0007019),2/11,0.6886104060141844,0.9999999999998647,1.028869286287089,0.38385015860250277,KIF24;NCKAP5L
gs_ind_0,Microtubule-Based Transport (GO:0099111),1/10,0.8974937817113968,0.9999999999998647,0.6171236171236171,0.06674135581913541,DNAAF2
gs_ind_0,Microvillus Assembly (GO:0030033),1/12,0.9350149954629013,0.9999999999998647,0.5097141184097705,0.03424907390651992,RAP2A
gs_ind_0,Microvillus Organization (GO:0032528),1/11,0.9183821192811181,0.9999999999998647,0.5583041297327012,0.04753497558033882,RAP2A
gs_ind_0,Midbody Abscission (GO:0061952),5/14,0.13769744367036255,0.9999999999998647,2.265692727564617,4.492180900330161,CHMP6;VPS4B;CHMP2B;MITD1;CHMP1B
gs_ind_0,Midbrain Dopaminergic Neuron Differentiation (GO:1904948),1/7,0.796950772203989,0.9999999999998647,0.9021719021719021,0.20475907168261248,NR4A2
gs_ind_0,Mineral absorption,2/34,0.9958201190803884,0.9999999999998647,0.3001788908765653,0.001257341622035895,HMOX1;CLCN2
gs_ind_0,Mismatch Repair (GO:0006298),3/23,0.8756878983937938,0.9999999999998647,0.6671218886101904,0.08855744994639804,MUTYH;TREX1;RNASEH2C
gs_ind_0,Mitochondrial ATP Synthesis Coupled Electron Transport (GO:0042775),2/61,0.9999849910873694,0.9999999999998647,0.16359936115584967,2.4554669450040377e-06,TAFAZZIN;UQCC3
gs_ind_0,Mitochondrial Calcium Ion Homeostasis (GO:0051560),4/17,0.4663751333137939,0.9999999999998647,1.3036430749478414,0.9943732599893775,MCUB;ANXA6;MICU2;SMDT1
gs_ind_0,Mitochondrial Calcium Ion Transmembrane Transport (GO:0006851),3/12,0.45456002967759573,0.9999999999998647,1.4408791914006096,1.1360256023861053,MCUB;MICU2;SMDT1
gs_ind_0,Mitochondrial DNA Metabolic Process (GO:0032042),3/13,0.5117635076996409,0.9999999999998647,1.3035456441520936,0.8732356585687845,PRIMPOL;TEFM;RRM2B
gs_ind_0,Mitochondrial DNA Replication (GO:0006264),3/9,0.27143988032691707,0.9999999999998647,2.1064186896049564,2.746800723669715,PRIMPOL;TEFM;RRM2B
gs_ind_0,"Mitochondrial Electron Transport, Ubiquinol To Cytochrome C (GO:0006122)",1/10,0.8974937817113968,0.9999999999998647,0.6171236171236171,0.06674135581913541,UQCC3
gs_ind_0,Mitochondrial Fusion (GO:0008053),3/15,0.6156231394758771,0.9999999999998647,1.0947986523343494,0.5311090388707119,PLD6;MIEF2;MIGA1
gs_ind_0,Microtubule Polymerization Or Depolymerization (GO:0031109),2/20,0.9357767052616436,0.9999999999998647,0.527948156657058,0.03504435060623528,KIF24;NCKAP5L
gs_ind_0,Mitochondrial Gene Expression (GO:0140053),12/100,0.9901353898865438,0.9999999999998647,0.5504042979669198,0.005456481301906641,MRPS31;MRPS17;TEFM;MRPS26;FASTKD3;RARS2;MRPL57;MRPL50;MRPL33;MTERF4;MRPL46;MRPL54
gs_ind_0,Mesodermal Cell Differentiation (GO:0048333),1/6,0.7450017490315044,0.9999999999998647,1.0662906117451572,0.31388259496961246,KDM6B
gs_ind_0,Mesoderm Formation (GO:0001707),2/14,0.8111659406206002,0.9999999999998647,0.7817481956696071,0.1636063210775793,KDM6B;BMPR2
gs_ind_0,"Maturation Of SSU-rRNA From Tricistronic rRNA Transcript (SSU-rRNA, 5.8S rRNA, LSU-rRNA) (GO:0000462)",4/27,0.8297302243867123,0.9999999999998647,0.7482867064813202,0.13967120219120238,UTP25;TSR2;RPP40;UTP3
gs_ind_0,Mature B Cell Differentiation Involved In Immune Response (GO:0002313),1/6,0.7450017490315044,0.9999999999998647,1.0662906117451572,0.31388259496961246,DLL1
gs_ind_0,Measles,20/98,0.5360347282848658,0.9999999999998647,1.0211211382974241,0.6367265478830645,MX1;CBLB;EIF2AK3;TNFAIP3;PIK3R1;IFIH1;IRF7;OAS3;NFKB1;BBC3;CCNE2;TP53;BAD;IKBKE;IRF9;BCL2;TRADD;RAB9A;NFKBIB;PIK3R3
gs_ind_0,Medium-Chain Fatty Acid Metabolic Process (GO:0051791),1/9,0.8712616767850634,0.9999999999998647,0.689782983900631,0.09506100349519497,CROT
gs_ind_0,Medium-Chain fatty-acyl-CoA Metabolic Process (GO:0036112),1/4,0.5978508540253882,0.9999999999998647,1.6758743901601045,0.8620931884147255,NUDT8
gs_ind_0,Meiosis I (GO:0007127),6/10,0.006975005024326036,0.9999999999998647,5.656924147529575,28.089016920893062,BRME1;HSF2BP;FOXJ2;ING2;ZCWPW1;ZSCAN21
gs_ind_0,Melanogenesis,7/68,0.9913478078323189,0.9999999999998647,0.47552159858947984,0.004132206463441329,CAMK2D;CREB3L4;WNT2B;GNAI3;CREB3;FZD2;PLCB2
gs_ind_0,Melanoma,9/51,0.7376838829856357,0.9999999999998647,0.8735289389827624,0.26576234742091215,GADD45B;TP53;E2F1;PIK3R1;BAD;RB1;E2F2;PIK3R3;DDB2
gs_ind_0,Melanosome Assembly (GO:1903232),4/17,0.4663751333137939,0.9999999999998647,1.3036430749478414,0.9943732599893775,HPS3;HPS6;HPS5;AP1S3
gs_ind_0,Melanosome Localization (GO:0032400),3/11,0.3947032014005075,0.9999999999998647,1.6105265144723058,1.4971795674609456,BLOC1S5;MKKS;BLOC1S3
gs_ind_0,Melanosome Organization (GO:0032438),8/30,0.25537326984149067,0.9999999999998647,1.4782687878300926,2.017879766423838,HPS3;HPS5;BLOC1S5;SNAPIN;BLOC1S2;AP1S3;HPS6;BLOC1S3
gs_ind_0,Melanosome Transport (GO:0032402),3/9,0.27143988032691707,0.9999999999998647,2.1064186896049564,2.746800723669715,BLOC1S5;MKKS;BLOC1S3
gs_ind_0,Membrane Assembly (GO:0071709),6/28,0.5189030866690323,0.9999999999998647,1.129714683368128,0.7411359242854559,CHMP6;UBXN2B;VPS4B;CHMP2B;UBXN2A;CHMP1B
gs_ind_0,Membrane Depolarization (GO:0051899),1/8,0.8383192836348962,0.9999999999998647,0.7818181818181819,0.1378785183025454,P2RX4
gs_ind_0,Mesoderm Morphogenesis (GO:0048332),1/9,0.8712616767850634,0.9999999999998647,0.689782983900631,0.09506100349519497,BMPR2
gs_ind_0,Membrane Fission (GO:0090148),7/36,0.6203529213853778,0.9999999999998647,0.9939554829487441,0.47458067903068124,CHMP6;VPS4B;TMCC1;CHMP2B;EXOC8;VPS37C;CHMP1B
gs_ind_0,Membrane Invagination (GO:0010324),1/6,0.7450017490315044,0.9999999999998647,1.0662906117451572,0.31388259496961246,SMURF1
gs_ind_0,Membrane Lipid Biosynthetic Process (GO:0046467),8/42,0.6445652864696094,0.9999999999998647,0.9631381481041578,0.42299020658047803,KDSR;SGPL1;SPTSSA;HACD2;ACER3;SGPP1;SPHK2;CERS6
gs_ind_0,Membrane Lipid Catabolic Process (GO:0046466),2/7,0.4333076099965977,0.9999999999998647,1.7777210760370343,1.486721268820039,FUCA1;SGPL1
gs_ind_0,Membrane Lipid Metabolic Process (GO:0006643),1/13,0.948259129620717,0.9999999999998647,0.4688985088985089,0.02491139174442143,B4GALT4
gs_ind_0,Membrane Organization (GO:0061024),19/137,0.9812078728144228,0.9999999999998647,0.6411113764827641,0.012162487361170312,CHMP6;CHMP2B;PLEKHA8P1;CEP55;SYNJ1;MITD1;PICK1;UBXN2A;VPS37C;CHMP1B;VAMP2;TMCC1;HACE1;GCA;UBXN2B;VPS4B;RABIF;EXOC8;WASL
gs_ind_0,Membrane Protein Ectodomain Proteolysis (GO:0006509),2/18,0.9071587652944273,0.9999999999998647,0.5920390755996209,0.05768698489803892,DAG1;ADAM19
gs_ind_0,Membrane Protein Intracellular Domain Proteolysis (GO:0031293),2/11,0.6886104060141844,0.9999999999998647,1.028869286287089,0.38385015860250277,MBTPS2;APH1B
gs_ind_0,Membrane Protein Proteolysis (GO:0033619),5/27,0.6692792787264515,0.9999999999998647,0.9556055011505324,0.3837270670883206,MBTPS2;NAPSA;ADAM19;APH1B;DAG1
gs_ind_0,Memory (GO:0007613),7/30,0.41266432648276463,0.9999999999998647,1.248346577800564,1.104937503273916,ATXN1L;NFATC4;INSR;NOL3;CPEB3;SYT11;ATXN1
gs_ind_0,Mesenchymal Cell Differentiation (GO:0048762),2/31,0.9923681519400541,0.9999999999998647,0.33078710940154676,0.0025341996199267423,FBXL17;LOXL3
gs_ind_0,Mesenchymal Cell Migration (GO:0090497),3/17,0.703416858444551,0.9999999999998647,0.943637037569776,0.33197678677575543,SEMA4D;SEMA7A;SEMA4A
gs_ind_0,Mesenchyme Development (GO:0060485),2/10,0.6351727324480614,0.9999999999998647,1.1500070758054626,0.5219402535113675,BMPR2;SOX4
gs_ind_0,Mesenchyme Morphogenesis (GO:0072132),1/10,0.8974937817113968,0.9999999999998647,0.6171236171236171,0.06674135581913541,HEY1
gs_ind_0,Mesoderm Development (GO:0007498),1/18,0.9834488709535161,0.9999999999998647,0.3347900776472205,0.005587522300482694,TBX6
gs_ind_0,Membrane Fusion (GO:0061025),6/19,0.1735319747924727,0.9999999999998647,1.8842495940617026,3.300062310195911,UBXN2B;VAMP2;RABIF;HACE1;UBXN2A;GCA
gs_ind_0,Mitochondrial Membrane Organization (GO:0007006),5/30,0.7603934694129155,0.9999999999998647,0.8429735676579189,0.2309066931231196,TAFAZZIN;APOOL;PMAIP1;BAD;BCL2
gs_ind_0,Mitochondrial Outer Membrane Permeabilization (GO:0097345),1/7,0.796950772203989,0.9999999999998647,0.9021719021719021,0.20475907168261248,MOAP1
gs_ind_0,Mitochondrial Protein Processing (GO:0034982),1/9,0.8712616767850634,0.9999999999998647,0.689782983900631,0.09506100349519497,MIPEP
gs_ind_0,Mitotic Spindle Assembly (GO:0090307),8/36,0.45581636799708397,0.9999999999998647,1.1664791901012372,0.9164621672340194,SPICE1;STAG1;MAP10;OFD1;PIBF1;MZT1;ABRAXAS2;KIFC2
gs_ind_0,Mitotic Spindle Assembly Checkpoint Signaling (GO:0007094),1/24,0.995787107437436,0.9999999999998647,0.2491889513166109,0.0010520238707154806,HASPIN
gs_ind_0,Mitotic Spindle Checkpoint Signaling (GO:0071174),1/24,0.995787107437436,0.9999999999998647,0.2491889513166109,0.0010520238707154806,HASPIN
gs_ind_0,Mitotic Spindle Elongation (GO:0000022),1/7,0.796950772203989,0.9999999999998647,0.9021719021719021,0.20475907168261248,MAP10
gs_ind_0,Mitotic Spindle Midzone Assembly (GO:0051256),1/7,0.796950772203989,0.9999999999998647,0.9021719021719021,0.20475907168261248,MAP10
gs_ind_0,Mitotic Spindle Organization (GO:0007052),10/71,0.9340458061015787,0.9999999999998647,0.6663725247961597,0.04546646343965894,SPICE1;STAG1;OFD1;FAM110A;PIBF1;EFHC1;MZT1;ABRAXAS2;KIFC2;PLK3
gs_ind_0,Mitotic intra-S DNA Damage Checkpoint Signaling (GO:0031573),4/13,0.26388176960411197,0.9999999999998647,1.8531535869041886,2.4688714984696505,EME1;NEK11;RAD9B;EME2
gs_ind_0,Mitral Valve Development (GO:0003174),2/7,0.4333076099965977,0.9999999999998647,1.7777210760370343,1.486721268820039,BMPR2;SOX4
gs_ind_0,Mitral Valve Morphogenesis (GO:0003183),2/9,0.5747801384335589,0.9999999999998647,1.303448275862069,0.7218075267435339,BMPR2;SOX4
gs_ind_0,Modification-Dependent Protein Catabolic Process (GO:0019941),26/164,0.9417620576381157,0.9999999999998647,0.7458908541783488,0.04475541223769697,TOPORS;HERC6;RNF215;UBE2D1;WDR91;FBXL14;ATXN3;RNF19B;RNF43;NEDD4;BTRC;UBE2L6;DTX3L;SMURF2;SMURF1;RPGR;UBE2C;PCYOX1;FBXW4;HACE1;RNF20;RBX1;RNF185;TRIM32;PCYOX1L;RNF146
gs_ind_0,Modified Amino Acid Transport (GO:0072337),2/14,0.8111659406206002,0.9999999999998647,0.7817481956696071,0.1636063210775793,SLC7A7;CTNS
gs_ind_0,Modulation By Host Of Symbiont Process (GO:0051851),4/31,0.9017973824564596,0.9999999999998647,0.6392349104915306,0.06607478217359576,SAP30;CCL5;NAPEPLD;CTDP1
gs_ind_0,Modulation By Host Of Viral Genome Replication (GO:0044827),2/19,0.9227080233311012,0.9999999999998647,0.5581624470156948,0.0448999429825696,ZFYVE1;ZC3H12A
gs_ind_0,Modulation By Symbiont Of Entry Into Host (GO:0052372),4/12,0.2151327165692436,0.9999999999998647,2.071341584298621,3.1826166651852184,TRIM68;TRIM21;TRIM38;TRIM6
gs_ind_0,Mitotic Spindle,17/179,0.9999743655001001,0.9999999999998647,0.41776978863199654,1.070945687123844e-05,MARCKS;ALS2;BCAR1;RHOF;PIF1;NIN;NCK2;RASA1;BRCA2;WASL;SASS6;RASA2;PREX1;DST;AKAP13;TRIO;CLIP2
gs_ind_0,Modulation Of Chemical Synaptic Transmission (GO:0050804),10/60,0.8067268873469258,0.9999999999998647,0.8122585051558702,0.17444883838823091,BTBD9;SLC4A8;NOL3;KCTD13;DLG4;USP46;PPP3CA;CASK;TRIO;PXK
gs_ind_0,Monoacylglycerol Catabolic Process (GO:0052651),2/4,0.18640155558523228,0.9999999999998647,3.9119486768243785,6.571494931304808,ABHD6;MGLL
gs_ind_0,Monoacylglycerol Metabolic Process (GO:0046462),2/7,0.4333076099965977,0.9999999999998647,1.7777210760370343,1.486721268820039,ABHD6;MGLL
gs_ind_0,Monoatomic Anion Transmembrane Transport (GO:0098656),5/21,0.43069196449947617,0.9999999999998647,1.30374056830952,1.0982217002562886,APOL1;SLC4A8;ANO9;ANO8;LRRC8C
gs_ind_0,Monoatomic Anion Transport (GO:0006820),6/30,0.5920736484773055,0.9999999999998647,1.0373226534872821,0.5436859532279958,TTYH3;CLCN2;SLC17A5;ANO9;ANO8;LRRC8C
gs_ind_0,Monoatomic Cation Homeostasis (GO:0055080),8/47,0.7688336800853888,0.9999999999998647,0.8408761291818632,0.22105003283605199,HFE;CNNM2;SLC39A6;HMOX1;CNNM4;LETM2;COMMD1;CYP27B1
gs_ind_0,Monoatomic Cation Transmembrane Transport (GO:0098655),14/147,0.9998810371046497,0.9999999999998647,0.421953438896919,5.0199788809508805e-05,SLC9A7;SLC39A13;SLC39A6;P2RX4;SLC4A8;SLC9A8;CCDC51;SLC24A1;MCOLN2;CACNB1;DMAC2L;TPCN2;KCNQ5;CNGA1
gs_ind_0,Monoatomic Cation Transport (GO:0006812),2/24,0.9698826975751649,0.9999999999998647,0.4339481422079658,0.013270197168590993,CNGA1;ATP10D
gs_ind_0,Monoatomic Ion Transport (GO:0006811),8/55,0.8969740221099745,0.9999999999998647,0.6987947935079544,0.07597882459353446,SLC26A11;SLC9A7;CTNS;SLC17A5;SLC9A8;SLC24A1;ATP10D;P2RX1
gs_ind_0,Monocarboxylic Acid Biosynthetic Process (GO:0072330),13/41,0.0587615381530055,0.9999999999998647,1.8556253017865765,5.259338951066027,HTD2;LIPC;AMACR;GATM;MLYCD;PER2;CBR4;HSD17B8;SRR;DSE;CHST14;CYP7B1;CHST12
gs_ind_0,Monocarboxylic Acid Catabolic Process (GO:0072329),2/10,0.6351727324480614,0.9999999999998647,1.1500070758054626,0.5219402535113675,IDUA;PPARD
gs_ind_0,Monocarboxylic Acid Metabolic Process (GO:0032787),15/57,0.16922239878040948,0.9999999999998647,1.4279859407122488,2.536876228076177,BTD;ACSF2;SGPL1;DECR2;AMACR;KYNU;GATM;PER2;ACADSB;CROT;PCCA;HYI;ME1;DSE;ACBD5
gs_ind_0,Monocarboxylic Acid Transport (GO:0015718),8/33,0.35392322015599353,0.9999999999998647,1.3040334243933793,1.35446728428142,ACSL1;SLC16A13;SLC16A5;SLC27A1;SLC27A3;FABP5;SLC16A6;PPARD
gs_ind_0,Monocyte Chemotaxis (GO:0002548),1/10,0.8974937817113968,0.9999999999998647,0.6171236171236171,0.06674135581913541,CCL5
gs_ind_0,Monocyte Differentiation (GO:0030224),1/6,0.7450017490315044,0.9999999999998647,1.0662906117451572,0.31388259496961246,PIR
gs_ind_0,Modulation Of Excitatory Postsynaptic Potential (GO:0098815),1/16,0.9738872946210139,0.9999999999998647,0.3780508619218297,0.010003110870083008,DLG4
gs_ind_0,Mitotic Sister Chromatid Segregation (GO:0000070),18/101,0.7734105630205663,0.9999999999998647,0.8654041264560995,0.22236147270118212,CHMP6;SPICE1;OFD1;STAG1;DIS3L2;PHF13;VPS4B;PINX1;CHMP2B;BOD1;PIBF1;CEP55;MIS12;MZT1;ABRAXAS2;TENT4A;KIFC2;CHMP1B
gs_ind_0,Mitotic Sister Chromatid Cohesion (GO:0007064),4/19,0.5607923727242765,0.9999999999998647,1.1352446922515416,0.656630688618161,STAG1;HASPIN;RB1;DSCC1
gs_ind_0,Mitotic Recombination (GO:0006312),2/13,0.7760853855691137,0.9999999999998647,0.84979603221645,0.21541711776620684,RAD51D;RAD54B
gs_ind_0,Mitochondrial Proton-Transporting ATP Synthase Complex Assembly (GO:0033615),1/7,0.796950772203989,0.9999999999998647,0.9021719021719021,0.20475907168261248,TMEM242
gs_ind_0,Mitochondrial RNA Metabolic Process (GO:0000959),4/20,0.6044244594660717,0.9999999999998647,1.0663544447848732,0.5368866220617171,MTERF4;MTERF2;TEFM;FASTKD3
gs_ind_0,Mitochondrial RNA Processing (GO:0000963),1/9,0.8712616767850634,0.9999999999998647,0.689782983900631,0.09506100349519497,FASTKD3
gs_ind_0,Mitochondrial Respiratory Chain Complex Assembly (GO:0033108),19/85,0.3650805271903208,0.9999999999998647,1.1473495058400718,1.1561121895367377,TAFAZZIN;SDHAF1;UQCC5;NDUFAF6;COA8;PET117;COX17;PET100;UQCC3;UQCC4;COX20;TMEM223;TMEM186;SURF1;FASTKD3;LYRM2;COX19;COX16;SMIM20
gs_ind_0,Mitochondrial Respiratory Chain Complex I Assembly (GO:0032981),4/49,0.9943711232778389,0.9999999999998647,0.3857793626691075,0.0021776390713363993,TMEM186;TAFAZZIN;NDUFAF6;LYRM2
gs_ind_0,Mitochondrial Respiratory Chain Complex III Assembly (GO:0034551),3/11,0.3947032014005075,0.9999999999998647,1.6105265144723058,1.4971795674609456,UQCC4;UQCC5;UQCC3
gs_ind_0,Mitochondrial Ribosome Assembly (GO:0061668),1/9,0.8712616767850634,0.9999999999998647,0.689782983900631,0.09506100349519497,MTERF4
gs_ind_0,Mitochondrial Transcription (GO:0006390),3/12,0.45456002967759573,0.9999999999998647,1.4408791914006096,1.1360256023861053,MTERF4;TEFM;MTERF2
gs_ind_0,Mitochondrial Translation (GO:0032543),9/95,0.9986913950702507,0.9999999999998647,0.42763695222131265,0.000559974296344975,MRPS31;MRPS17;MRPS26;RARS2;MRPL50;MRPL57;MRPL33;MRPL46;MRPL54
gs_ind_0,Mitochondrial Transport (GO:0006839),3/51,0.999131042655986,0.9999999999998647,0.28133099349819135,0.00024457090913888136,BCL2;PMAIP1;BAD
gs_ind_0,Mitochondrial tRNA Modification (GO:0070900),2/7,0.4333076099965977,0.9999999999998647,1.7777210760370343,1.486721268820039,TRMT5;TRMT61B
gs_ind_0,Mitochondrion Disassembly (GO:0061726),4/29,0.8700129911051704,0.9999999999998647,0.689484267467218,0.09600870896904941,WIPI1;ATG2B;GABARAPL1;FUNDC1
gs_ind_0,Mitochondrion Distribution (GO:0048311),2/9,0.5747801384335589,0.9999999999998647,1.303448275862069,0.7218075267435339,TRAK2;MTM1
gs_ind_0,Mitochondrion Morphogenesis (GO:0070584),1/7,0.796950772203989,0.9999999999998647,0.9021719021719021,0.20475907168261248,MTM1
gs_ind_0,Mitochondrion Organization (GO:0007005),12/135,0.9999140022778066,0.9999999999998647,0.3932792870845968,3.3822577228273564e-05,SIRT5;TAFAZZIN;MTM1;MIGA1;PYROXD2;AIFM2;AGTPBP1;MIEF2;TRAK2;PLD6;PTCD2;TMEM242
gs_ind_0,Mitophagy,9/61,0.8983336879523252,0.9999999999998647,0.7065607274898386,0.07575298248892304,ULK1;EIF2AK3;TFEB;TP53;OPTN;E2F1;GABARAPL1;TBC1D17;FUNDC1
gs_ind_0,Mitophagy (GO:0000423),3/16,0.6615859657744176,0.9999999999998647,1.0136192666274488,0.4187416761244309,TAFAZZIN;ATG14;SPATA33
gs_ind_0,Mitotic Nuclear Division (GO:0140014),4/40,0.9749494048965845,0.9999999999998647,0.4812591923282395,0.012209402171169862,MIS12;CTDP1;UBE2C;EPS8
gs_ind_0,Mitotic Metaphase Plate Congression (GO:0007080),9/47,0.6393871807933493,0.9999999999998647,0.9646025088879935,0.43141373721709453,CHMP6;VPS4B;PINX1;CHMP2B;PIBF1;BOD1;CEP55;MIS12;CHMP1B
gs_ind_0,Mitotic G2/M Transition Checkpoint (GO:0044818),4/41,0.9786640667763475,0.9999999999998647,0.46838709677419355,0.010101626990123855,BRSK1;FOXN3;ZNF830;PABIR1
gs_ind_0,Mitotic G2 DNA Damage Checkpoint Signaling (GO:0007095),2/27,0.9831718167600401,0.9999999999998647,0.3828010755224303,0.0064966647947288835,BRSK1;FOXN3
gs_ind_0,Mitotic G1/S Transition Checkpoint Signaling (GO:0044819),2/10,0.6351727324480614,0.9999999999998647,1.1500070758054626,0.5219402535113675,PLK3;TP53
gs_ind_0,Mitotic G1 DNA Damage Checkpoint Signaling (GO:0031571),4/22,0.6832810987213362,0.9999999999998647,0.9509167328136996,0.36215562908814614,GTSE1;CRADD;PLK3;TP53
gs_ind_0,Maturation Of SSU-rRNA (GO:0030490),4/36,0.9531554129382288,0.9999999999998647,0.5406688641161439,0.02593983826276446,UTP25;UTP3;TSR2;SRFBP1
gs_ind_0,Mitotic DNA Replication Checkpoint Signaling (GO:0033314),1/8,0.8383192836348962,0.9999999999998647,0.7818181818181819,0.1378785183025454,ZNF830
gs_ind_0,Mitotic DNA Damage Checkpoint Signaling (GO:0044773),8/52,0.8582942311956163,0.9999999999998647,0.7460887212533426,0.11400855770803588,TP53;EME1;RAD9B;ZNF830;BRSK1;FOXN3;EME2;NEK11
gs_ind_0,Mitotic Cytokinetic Process (GO:1902410),5/17,0.25419710850453286,0.9999999999998647,1.7215026489003051,2.357848003698116,CHMP6;VPS4B;CHMP2B;MITD1;CHMP1B
gs_ind_0,Mitotic Cytokinesis (GO:0000281),7/53,0.9354603215965955,0.9999999999998647,0.6296929654100272,0.042010941129133665,RASA1;EXOC8;SNX18;EFHC1;CEP55;MITD1;ARL3
gs_ind_0,Mitotic Chromosome Condensation (GO:0007076),2/13,0.7760853855691137,0.9999999999998647,0.84979603221645,0.21541711776620684,TENT4A;PHF13
gs_ind_0,Mitotic Cell Cycle Phase Transition (GO:0044772),12/91,0.9720925610688881,0.9999999999998647,0.6131695988099395,0.017355306609479034,HINFP;UBE2C;CCNE2;E2F1;KDM8;EPS8;CTDP1;BRSK1;CCNG2;FBXL15;PLK3;LATS2
gs_ind_0,Mitotic Cell Cycle Checkpoint Signaling (GO:0007093),3/23,0.8756878983937938,0.9999999999998647,0.6671218886101904,0.08855744994639804,PLK3;SETMAR;PABIR1
gs_ind_0,Mitotic DNA Integrity Checkpoint Signaling (GO:0044774),2/11,0.6886104060141844,0.9999999999998647,1.028869286287089,0.38385015860250277,SETMAR;ZNF830
gs_ind_0,Mononuclear Cell Differentiation (GO:1903131),2/15,0.8412494484890192,0.9999999999998647,0.7237815200926668,0.12511797883472436,PIR;RELB
gs_ind_0,"Maturation Of LSU-rRNA From Tricistronic rRNA Transcript (SSU-rRNA, 5.8S rRNA, LSU-rRNA) (GO:0000463)",1/14,0.958804759543803,0.9999999999998647,0.43412965635187856,0.018262884928106907,ZNHIT6
gs_ind_0,"Maturation Of 5.8S rRNA From Tricistronic rRNA Transcript (SSU-rRNA, 5.8S rRNA, LSU-rRNA) (GO:0000466)",1/19,0.9868233624880947,0.9999999999998647,0.3166673166673167,0.004200344831304321,RPP40
gs_ind_0,Late Endosome To Vacuole Transport (GO:0045324),5/17,0.25419710850453286,0.9999999999998647,1.7215026489003051,2.357848003698116,CHMP6;VPS4B;CHMP2B;TMEM50B;CHMP1B
gs_ind_0,Late Endosome To Vacuole Transport Via Multivesicular Body Sorting Pathway (GO:0032511),3/23,0.8756878983937938,0.9999999999998647,0.6671218886101904,0.08855744994639804,CHMP6;TMEM50B;VPS37C
gs_ind_0,Late Nucleophagy (GO:0044805),2/5,0.27018544485746365,0.9999999999998647,2.7940199335548175,3.6563850298756777,ULK1;ATG2B
gs_ind_0,Learning (GO:0007612),7/21,0.11689840326807181,0.9999999999998647,2.024678022434566,4.345870282077423,ATXN1L;INSR;BRSK1;DLG4;SYNJ1;SYT11;ATXN1
gs_ind_0,Left/Right Pattern Formation (GO:0060972),4/23,0.7182995026288506,0.9999999999998647,0.9020777008258953,0.2984692421897909,MKKS;SETDB2;DLL1;NPHP3
gs_ind_0,Legionellosis,5/43,0.9551856913656268,0.9999999999998647,0.5577368529688325,0.025571964865547577,PYCARD;TLR5;CASP7;NFKB2;NFKB1
gs_ind_0,Leishmaniasis,6/46,0.9288071629401549,0.9999999999998647,0.6266914095724117,0.04628375296296041,PTPN6;NFKB1;IFNGR1;NFKBIB;HLA-DMA;TGFB3
gs_ind_0,Leptin-Mediated Signaling Pathway (GO:0033210),2/6,0.3535944927466926,0.9999999999998647,2.172948409516172,2.2590069951074945,SIRT1;MKKS
gs_ind_0,Leucine Transport (GO:0015820),2/6,0.3535944927466926,0.9999999999998647,2.172948409516172,2.2590069951074945,SLC43A2;SLC7A7
gs_ind_0,Leukocyte Adhesion To Vascular Endothelial Cell (GO:0061756),2/9,0.5747801384335589,0.9999999999998647,1.303448275862069,0.7218075267435339,JAM2;SELPLG
gs_ind_0,Leukocyte Aggregation (GO:0070486),2/3,0.10750248347352222,0.9999999999998647,6.520449077786688,14.542175020845065,JAM2;SEMA4D
gs_ind_0,Leukocyte Apoptotic Process (GO:0071887),1/4,0.5978508540253882,0.9999999999998647,1.6758743901601045,0.8620931884147255,PLEKHO2
gs_ind_0,Leukocyte Cell-Cell Adhesion (GO:0007159),4/13,0.26388176960411197,0.9999999999998647,1.8531535869041886,2.4688714984696505,SYK;JAM2;CCL5;SEMA4D
gs_ind_0,Leukocyte Chemotaxis Involved In Inflammatory Response (GO:0002232),1/2,0.36582651410140676,0.9999999999998647,3.911014911014911,3.9329011974146835,NINJ1
gs_ind_0,Late Endosome To Lysosome Transport (GO:1902774),4/13,0.26388176960411197,0.9999999999998647,1.8531535869041886,2.4688714984696505,CHMP6;CHMP1B;VPS4B;CHMP2B
gs_ind_0,Leukocyte Tethering Or Rolling (GO:0050901),2/7,0.4333076099965977,0.9999999999998647,1.7777210760370343,1.486721268820039,JAM2;SELPLG
gs_ind_0,Leukotriene Metabolic Process (GO:0006691),1/8,0.8383192836348962,0.9999999999998647,0.7818181818181819,0.1378785183025454,ALOX5
gs_ind_0,Limb Development (GO:0060173),2/18,0.9071587652944273,0.9999999999998647,0.5920390755996209,0.05768698489803892,KAT2B;IQCE
gs_ind_0,Limb Morphogenesis (GO:0035108),2/13,0.7760853855691137,0.9999999999998647,0.84979603221645,0.21541711776620684,FBXW4;IQCE
gs_ind_0,Linoleic Acid Metabolic Process (GO:0043651),1/10,0.8974937817113968,0.9999999999998647,0.6171236171236171,0.06674135581913541,ALOX5
gs_ind_0,Linoleic acid metabolism,2/9,0.5747801384335589,0.9999999999998647,1.303448275862069,0.7218075267435339,JMJD7-PLA2G4B;PLA2G4C
gs_ind_0,Lipid Biosynthetic Process (GO:0008610),9/43,0.5237164404274021,0.9999999999998647,1.0767945877567566,0.6964759998848812,HTD2;ACSL1;LIPC;MLYCD;CBR4;SRD5A1;HSD17B8;FITM2;HSD17B1
gs_ind_0,Lipid Catabolic Process (GO:0016042),3/8,0.21111686342347444,0.9999999999998647,2.4896080976620043,3.8721956321797006,STS;LIPC;HSD17B14
gs_ind_0,Lipid Droplet Formation (GO:0140042),4/9,0.09047082961658927,0.9999999999998647,3.2019521162515865,7.693419379716405,FITM2;ZFYVE1;CDS2;PLA2G4C
gs_ind_0,Lipid Droplet Organization (GO:0034389),4/21,0.6453026935758588,0.9999999999998647,1.0053373684572529,0.4403737382587221,FITM2;ZFYVE1;CDS2;PLA2G4C
gs_ind_0,Lipid Import Into Cell (GO:0140354),1/6,0.7450017490315044,0.9999999999998647,1.0662906117451572,0.31388259496961246,SLC27A1
gs_ind_0,Lipid Modification (GO:0030258),8/24,0.0969365999028211,0.9999999999998647,2.0168144566344792,4.706636112741608,DGKQ;DGKA;DGKE;ALOX5;SGPP1;PLPP6;DGKH;PORCN
gs_ind_0,Lipid Oxidation (GO:0034440),1/5,0.6797672063173691,0.9999999999998647,1.3033509700176367,0.5030998387884896,ALOX5
gs_ind_0,Lipid Phosphorylation (GO:0046834),3/6,0.10336734907900555,0.9999999999998647,3.912883041873897,8.880155572158289,DGKE;DGKQ;DGKH
gs_ind_0,Lipid Translocation (GO:0034204),5/14,0.13769744367036255,0.9999999999998647,2.265692727564617,4.492180900330161,SLC66A2;ATP8B3;ATP10D;ATP8A1;ATP11A
gs_ind_0,Leukocyte transendothelial migration,11/59,0.679175919503428,0.9999999999998647,0.9267522207979783,0.3585373570022271,VAV2;BCAR1;PIK3R1;ESAM;GNAI3;JAM2;VAV1;CD99L2;MYL5;CTNNA3;PIK3R3
gs_ind_0,Lipid Transport (GO:0006869),10/67,0.9001163064183926,0.9999999999998647,0.7129637786027392,0.07502610146338222,GM2A;ACSL1;ABCA5;SLC27A1;PLEKHA8P1;SLC27A3;PITPNC1;FABP5;PPARD;APOL2
gs_ind_0,Lamellipodium Organization (GO:0097581),3/20,0.8050898859562208,0.9999999999998647,0.781678164607733,0.16946887996429236,CARMIL1;S1PR1;WHAMM
gs_ind_0,Lactate Metabolic Process (GO:0006089),1/3,0.49498852941534904,0.9999999999998647,2.3464165464165463,1.650048661813499,PER2
gs_ind_0,Intrinsic Apoptotic Signaling Pathway In Response To Oxidative Stress (GO:0008631),1/9,0.8712616767850634,0.9999999999998647,0.689782983900631,0.09506100349519497,MAP3K5
gs_ind_0,Ionotropic Glutamate Receptor Signaling Pathway (GO:0035235),1/6,0.7450017490315044,0.9999999999998647,1.0662906117451572,0.31388259496961246,CDK5R1
gs_ind_0,Iron Ion Transmembrane Transport (GO:0034755),1/8,0.8383192836348962,0.9999999999998647,0.7818181818181819,0.1378785183025454,SLC25A28
gs_ind_0,Iron Ion Transport (GO:0006826),1/15,0.9672015674762875,0.9999999999998647,0.40415650760478344,0.013477956327923916,MELTF
gs_ind_0,Iron-Sulfur Cluster Assembly (GO:0016226),6/25,0.4011803929197172,0.9999999999998647,1.3038381242974144,1.1908528518924364,ISCA2;BOLA1;HSCB;FXN;ISCA1;IBA57
gs_ind_0,Isoprenoid Metabolic Process (GO:0006720),2/7,0.4333076099965977,0.9999999999998647,1.7777210760370343,1.486721268820039,PHYH;PLPP6
gs_ind_0,Isotype Switching (GO:0045190),2/8,0.5073711921876385,0.9999999999998647,1.5041021528591696,1.0205519747850815,LIG4;SANBR
gs_ind_0,JAK-STAT signaling pathway,17/92,0.7132684905254039,0.9999999999998647,0.9056731646663927,0.306024575800258,PTPN6;IL9R;SOCS7;PIAS2;SOCS4;IRF9;IFNGR1;SOCS6;PIK3R1;BCL2;IL7;IL12RB1;IL27RA;IL23A;PIK3R3;SOCS1;SOS2
gs_ind_0,JNK Cascade (GO:0007254),8/25,0.1182553489302142,0.9999999999998647,1.9014118133192535,4.059341228234638,TRIB1;MAP4K1;MAP3K12;SH2D3A;SH2D3C;MAP4K2;MAP3K5;MAP3K10
gs_ind_0,KRAS Signaling Dn,17/82,0.5109805010681698,0.9999999999998647,1.044805039029101,0.7015070195953899,MX1;MAST3;FGGY;PTPRJ;ASB7;GPR19;CD80;PDK2;C5;MFSD6;CCDC106;SNN;CPEB3;IDUA;NR4A2;SPHK2;PDCD1
gs_ind_0,KRAS Signaling Up,25/114,0.3743374978123054,0.9999999999998647,1.1148514529743254,1.0954502370949197,TRIB1;TNFAIP3;ATG10;SPRY2;MMD;CAB39L;PLAUR;PTCD2;BPGM;MAP4K1;CROT;DNMBP;MTMR10;GLRX;DCBLD2;CDADC1;CBR4;NIN;USP12;PSMB8;ADAM8;CD37;CTSS;RGS16;FUCA1
gs_ind_0,Kaposi sarcoma-associated herpesvirus infection,24/144,0.8891780716924077,0.9999999999998647,0.793277753612358,0.09317662633995616,CLEC2B;NFATC4;E2F1;PIK3R1;SYK;IRF7;NFKB1;ZFP36;TICAM1;MAP2K6;GNG7;TP53;IKBKE;PPP3CA;ITPR2;IRF9;TRADD;PIK3R3;RB1;IFNGR1;GABARAPL1;ATG14;PREX1;E2F2
gs_ind_0,Keratan Sulfate Biosynthetic Process (GO:0018146),4/13,0.26388176960411197,0.9999999999998647,1.8531535869041886,2.4688714984696505,SLC35D2;B4GAT1;ST3GAL3;B4GALT4
gs_ind_0,Keratan Sulfate Metabolic Process (GO:0042339),4/15,0.3655177183974608,0.9999999999998647,1.5306148081472022,1.540472769277779,SLC35D2;B4GAT1;ST3GAL3;B4GALT4
gs_ind_0,Lamellipodium Assembly (GO:0030032),4/15,0.3655177183974608,0.9999999999998647,1.5306148081472022,1.540472769277779,CARMIL1;S1PR1;SRGAP3;WHAMM
gs_ind_0,Keratinocyte Differentiation (GO:0030216),2/19,0.9227080233311012,0.9999999999998647,0.5581624470156948,0.0448999429825696,EXPH5;PPP3CA
gs_ind_0,Kidney Development (GO:0001822),6/41,0.8684176306584526,0.9999999999998647,0.7152518450998265,0.10090954613197228,IFT27;ARL3;SOX4;CEP290;NPHP3;OSR2
gs_ind_0,Kidney Morphogenesis (GO:0060993),3/5,0.06072572167688534,0.9999999999998647,5.478485480506979,15.347363043995708,PPP3CA;NPHP3;SOX4
gs_ind_0,Kinetochore Assembly (GO:0051382),1/9,0.8712616767850634,0.9999999999998647,0.689782983900631,0.09506100349519497,MIS12
gs_ind_0,Kinetochore Organization (GO:0051383),1/9,0.8712616767850634,0.9999999999998647,0.689782983900631,0.09506100349519497,MIS12
gs_ind_0,Kynurenine Metabolic Process (GO:0070189),3/5,0.06072572167688534,0.9999999999998647,5.478485480506979,15.347363043995708,KYNU;KYAT1;KMO
gs_ind_0,L-alanine Transport (GO:0015808),1/4,0.5978508540253882,0.9999999999998647,1.6758743901601045,0.8620931884147255,SLC36A4
gs_ind_0,L-alpha-amino Acid Transmembrane Transport (GO:1902475),2/25,0.9751645410194862,0.9999999999998647,0.41544813936426145,0.0104481310988571,SLC36A4;SLC7A7
gs_ind_0,L-amino Acid Transport (GO:0015807),1/14,0.958804759543803,0.9999999999998647,0.43412965635187856,0.018262884928106907,SLC36A4
gs_ind_0,L-arginine Transmembrane Transport (GO:1903826),1/6,0.7450017490315044,0.9999999999998647,1.0662906117451572,0.31388259496961246,SLC7A7
gs_ind_0,L-fucose Catabolic Process (GO:0042355),2/2,0.041459983678692434,0.9999999999998647,19.562951082598236,62.26939299819734,FUT8;FUT4
gs_ind_0,L-fucose Metabolic Process (GO:0042354),2/2,0.041459983678692434,0.9999999999998647,19.562951082598236,62.26939299819734,FUT8;FUT4
gs_ind_0,L-phenylalanine Catabolic Process (GO:0006559),2/3,0.10750248347352222,0.9999999999998647,6.520449077786688,14.542175020845065,IL4I1;GSTZ1
gs_ind_0,L-phenylalanine Metabolic Process (GO:0006558),2/3,0.10750248347352222,0.9999999999998647,6.520449077786688,14.542175020845065,IL4I1;GSTZ1
gs_ind_0,L-serine Metabolic Process (GO:0006563),2/8,0.5073711921876385,0.9999999999998647,1.5041021528591696,1.0205519747850815,SRR;SERINC5
gs_ind_0,Ketone Biosynthetic Process (GO:0042181),1/3,0.49498852941534904,0.9999999999998647,2.3464165464165463,1.650048661813499,HSD17B1
gs_ind_0,Lipid and atherosclerosis,26/143,0.7723486094399985,0.9999999999998647,0.8807300138588461,0.22750952918358505,ERN1;CAMK2D;EIF2AK3;MIB2;PIK3R1;IRF7;CCL5;MAP3K5;NFKB1;PLCB2;PYCARD;TICAM1;VAV2;MAP2K6;TP53;TIRAP;CASP7;BAD;IKBKE;PPP3CA;MAP2K3;TNFSF10;TLR6;BCL2;PIK3R3;VAV1
gs_ind_0,Lipopolysaccharide-Mediated Signaling Pathway (GO:0031663),3/13,0.5117635076996409,0.9999999999998647,1.3035456441520936,0.8732356585687845,TICAM1;PTPN22;CCL5
gs_ind_0,Lipoprotein Biosynthetic Process (GO:0042158),4/12,0.2151327165692436,0.9999999999998647,2.071341584298621,3.1826166651852184,ATG10;ATG16L2;WIPI1;PORCN
gs_ind_0,MAPK signaling pathway,36/206,0.8705125274113867,0.9999999999998647,0.8350257995089748,0.11579564026728159,RASGRP4;EFNA4;MAPK7;JMJD7-PLA2G4B;MAP3K12;MAP3K5;NFKB1;MAP2K6;MAP3K14;TP53;FLT3LG;RELB;STK3;PPP3CA;NFKB2;TGFB3;PLA2G4C;MAP3K8;SOS2;MAP2K3;MAP4K1;ARRB2;RASA1;CACNB1;TRADD;RPS6KA5;RASA2;MAPK8IP3;GADD45B;CACNB3;MAP3K2;INSR;ELK4;MAP4K2;ERBB2;DUSP10
gs_ind_0,MHC Class II Protein Complex Assembly (GO:0002399),1/6,0.7450017490315044,0.9999999999998647,1.0662906117451572,0.31388259496961246,HLA-DMA
gs_ind_0,Macroautophagy (GO:0016236),18/93,0.6365414309053172,0.9999999999998647,0.9577346146331672,0.4326142528446998,MTMR3;CHMP6;ULK1;VPS4B;ZFYVE1;TECPR1;CHMP1B;CHMP2B;ATG14;GABARAPL1;SNX18;UVRAG;ATG10;STK3;HDAC10;ATG16L2;VPS37C;VTI1A
gs_ind_0,Macromolecule Biosynthetic Process (GO:0009059),3/159,0.9999999999998647,0.9999999999998647,0.08641062796237074,1.1694484878936547e-14,MRPS17;B4GAT1;GSPT2
gs_ind_0,Macromolecule Catabolic Process (GO:0009057),14/67,0.5054604346741081,0.9999999999998647,1.0598937369183707,0.723150142305103,DFFB;NEDD4;RAB12;UVRAG;CASP7;RNASEH2C;UTP25;DNASE1;KIF16B;SETMAR;DNASE1L1;CLN5;SMURF1;TREX1
gs_ind_0,Macromolecule Modification (GO:0043412),11/63,0.7627970873304097,0.9999999999998647,0.8558606585629266,0.2317355909123226,MSRA;UBE2L6;ADPRH;ST8SIA4;NTAQ1;MANBA;STK38;CDKL3;SLC35A1;LIPT1;B4GALT7
gs_ind_0,Macrophage Activation (GO:0042116),5/18,0.2973982685333484,0.9999999999998647,1.5938531242753429,1.9328386950714114,IFI35;IFNGR1;TLR1;SYK;AIF1
gs_ind_0,Macrophage Activation Involved In Immune Response (GO:0002281),2/8,0.5073711921876385,0.9999999999998647,1.5041021528591696,1.0205519747850815,SYK;IFI35
gs_ind_0,Macrophage Chemotaxis (GO:0048246),1/4,0.5978508540253882,0.9999999999998647,1.6758743901601045,0.8620931884147255,CCL5
gs_ind_0,Macrophage Differentiation (GO:0030225),2/12,0.7354204812815023,0.9999999999998647,0.9308053614388819,0.2860484576995813,SIRT1;SOCS1
gs_ind_0,Macrophage Migration (GO:1905517),1/4,0.5978508540253882,0.9999999999998647,1.6758743901601045,0.8620931884147255,CCL5
gs_ind_0,Macropinocytosis (GO:0044351),2/6,0.3535944927466926,0.9999999999998647,2.172948409516172,2.2590069951074945,RAB34;PYCARD
gs_ind_0,Magnesium Ion Transport (GO:0015693),1/7,0.796950772203989,0.9999999999998647,0.9021719021719021,0.20475907168261248,NIPAL1
gs_ind_0,Maintenance Of Blood-Brain Barrier (GO:0035633),2/10,0.6351727324480614,0.9999999999998647,1.1500070758054626,0.5219402535113675,JAM2;ESAM
gs_ind_0,MAPK Cascade (GO:0000165),6/69,0.9974855327143226,0.9999999999998647,0.39894465175151644,0.0010043965666411325,ZFP36;RBX1;MAP2K6;MAP2K3;MAP3K5;CCL5
gs_ind_0,Maintenance Of Gastrointestinal Epithelium (GO:0030277),1/5,0.6797672063173691,0.9999999999998647,1.3033509700176367,0.5030998387884896,PBLD
gs_ind_0,Maintenance Of Protein Localization In Organelle (GO:0072595),2/16,0.8669156603053907,0.9999999999998647,0.6738102480435805,0.09622925683039828,TOPORS;TAF3
gs_ind_0,Maintenance Of Protein Location In Extracellular Region (GO:0071694),1/4,0.5978508540253882,0.9999999999998647,1.6758743901601045,0.8620931884147255,NRROS
gs_ind_0,Maintenance Of Protein Location In Nucleus (GO:0051457),2/17,0.8887155005535027,0.9999999999998647,0.6302868820653439,0.07436005923900754,TOPORS;TAF3
gs_ind_0,Maintenance Of Synapse Structure (GO:0099558),2/8,0.5073711921876385,0.9999999999998647,1.5041021528591696,1.0205519747850815,CBLN3;RAB3A
gs_ind_0,Malaria,3/25,0.90914149796547,0.9999999999998647,0.6077223380929462,0.05788830786762473,TGFB3;THBS3;SDC1
gs_ind_0,Malate Metabolic Process (GO:0006108),1/6,0.7450017490315044,0.9999999999998647,1.0662906117451572,0.31388259496961246,ME1
gs_ind_0,Male Gonad Development (GO:0008584),2/24,0.9698826975751649,0.9999999999998647,0.4339481422079658,0.013270197168590993,WNT2B;ING2
gs_ind_0,Male Meiosis I (GO:0007141),4/7,0.03544154835510565,0.9999999999998647,5.032464406080198,16.807779234629297,ZSCAN21;ING2;HSF2BP;FOXJ2
gs_ind_0,Mammary Gland Development (GO:0030879),1/13,0.948259129620717,0.9999999999998647,0.4688985088985089,0.02491139174442143,TGFB3
gs_ind_0,Mannose type O-glycan biosynthesis,7/17,0.04109230814309388,0.9999999999998647,2.7969018932874357,8.927527156275913,B4GAT1;POMT1;FKRP;FUT4;ST3GAL3;RXYLT1;FKTN
gs_ind_0,Mast Cell Activation Involved In Immune Response (GO:0002279),1/5,0.6797672063173691,0.9999999999998647,1.3033509700176367,0.5030998387884896,MILR1
gs_ind_0,Mast Cell Degranulation (GO:0043303),1/5,0.6797672063173691,0.9999999999998647,1.3033509700176367,0.5030998387884896,MILR1
gs_ind_0,Mast Cell Mediated Immunity (GO:0002448),1/6,0.7450017490315044,0.9999999999998647,1.0662906117451572,0.31388259496961246,MILR1
gs_ind_0,Maturation Of 5.8S rRNA (GO:0000460),1/16,0.9738872946210139,0.9999999999998647,0.3780508619218297,0.010003110870083008,NEDD4
gs_ind_0,Maintenance Of Protein Localization In Endoplasmic Reticulum (GO:0035437),1/9,0.8712616767850634,0.9999999999998647,0.689782983900631,0.09506100349519497,INSIG2
gs_ind_0,Lytic Vacuole Organization (GO:0080171),7/29,0.37596307993313455,0.9999999999998647,1.3039357429718876,1.2755938286743562,TFEB;TPCN2;SNAPIN;LYSET;ZKSCAN3;CLN5;AKTIP
gs_ind_0,Lysosome Organization (GO:0007040),8/34,0.3878726554393023,0.9999999999998647,1.254721529081102,1.188319408344245,TFEB;TPCN2;SNAPIN;LYSET;CORO1A;ZKSCAN3;CLN5;AKTIP
gs_ind_0,Lysosome Localization (GO:0032418),11/35,0.08285161531529994,0.9999999999998647,1.838215163820072,4.578449932037652,BORCS8;TFEB;PIP4P1;BORCS6;RAB34;SNAPIN;BLOC1S2;BORCS7;MILR1;HPS6;RAB3A
gs_ind_0,Lipoxygenase Pathway (GO:0019372),1/5,0.6797672063173691,0.9999999999998647,1.3033509700176367,0.5030998387884896,ALOX5
gs_ind_0,Liver Development (GO:0001889),4/25,0.7795519571143958,0.9999999999998647,0.818029134149209,0.20371865297410585,E2F7;ARID5B;E2F8;NPHP3
gs_ind_0,Long-Chain Fatty Acid Biosynthetic Process (GO:0042759),1/10,0.8974937817113968,0.9999999999998647,0.6171236171236171,0.06674135581913541,ALOX5
gs_ind_0,Long-Chain Fatty Acid Import Into Cell (GO:0044539),1/7,0.796950772203989,0.9999999999998647,0.9021719021719021,0.20475907168261248,SLC27A1
gs_ind_0,Long-Chain Fatty Acid Metabolic Process (GO:0001676),7/41,0.7575439420240626,0.9999999999998647,0.8495547407019381,0.23589903709524157,ACSL1;ABHD6;SLC27A3;ALOX5;ABHD12;MGLL;PLA2G4C
gs_ind_0,Long-Chain Fatty Acid Transport (GO:0015909),4/14,0.31435549997761164,0.9999999999998647,1.676525208061077,1.9401265540223827,SLC27A1;ACSL1;ABCD2;FABP5
gs_ind_0,Long-Chain fatty-acyl-CoA Biosynthetic Process (GO:0035338),2/14,0.8111659406206002,0.9999999999998647,0.7817481956696071,0.1636063210775793,HACD2;ACSL1
gs_ind_0,Long-Chain fatty-acyl-CoA Metabolic Process (GO:0035336),2/17,0.8887155005535027,0.9999999999998647,0.6302868820653439,0.07436005923900754,HACD2;ACSL1
gs_ind_0,Long-Term Memory (GO:0007616),3/14,0.5656020552601939,0.9999999999998647,1.1900961920772326,0.6781936079104792,CPEB3;NFATC4;NOL3
gs_ind_0,Long-Term Synaptic Depression (GO:0060292),2/3,0.10750248347352222,0.9999999999998647,6.520449077786688,14.542175020845065,PICK1;SLC24A1
gs_ind_0,Long-Term Synaptic Potentiation (GO:0060291),4/10,0.12731015554677688,0.9999999999998647,2.7091218843746527,5.583849680727797,NFATC4;VAMP2;NOL3;SLC24A1
gs_ind_0,Long-term depression,5/37,0.8980197927666089,0.9999999999998647,0.6610296750929276,0.07110244730388694,ITPR2;GNAI3;JMJD7-PLA2G4B;PLCB2;PLA2G4C
gs_ind_0,Long-term potentiation,4/45,0.9889302731425872,0.9999999999998647,0.4231021341021283,0.004709741193520523,CAMK2D;PLCB2;ITPR2;PPP3CA
gs_ind_0,Longevity regulating pathway,13/84,0.8979649020704212,0.9999999999998647,0.7370413266115825,0.07932355389789679,SIRT1;ULK1;CREB3L4;FOXO1;TP53;PRKAB2;NFKB1;INSR;PIK3R1;CREB3;SESN1;PIK3R3;APPL1
gs_ind_0,Low-Density Lipoprotein Particle Remodeling (GO:0034374),1/1,0.2036432488900496,0.9999999999998647,11.734006734006734,18.67332929974073,LIPC
gs_ind_0,Lung Development (GO:0030324),2/19,0.9227080233311012,0.9999999999998647,0.5581624470156948,0.0448999429825696,LOXL3;NPHP3
gs_ind_0,Lymphatic Endothelial Cell Differentiation (GO:0060836),1/5,0.6797672063173691,0.9999999999998647,1.3033509700176367,0.5030998387884896,BMPR2
gs_ind_0,Lysosome,24/107,0.3331553978414038,0.9999999999998647,1.1482971708013467,1.2621465150125994,GALNS;AGA;AP4E1;HYAL3;CTNS;LAMP3;NAGLU;SMPD1;AP1S3;CLN5;AP4S1;LIPA;GM2A;NAPSA;CTSO;HGSNAT;SGSH;SLC17A5;ACP5;MANBA;ARSA;CTSS;IDUA;FUCA1
gs_ind_0,Lysosomal Transport (GO:0007041),18/88,0.5341341777386824,0.9999999999998647,1.0260820947997022,0.6434644979961509,CHMP6;MTM1;ALS2;NEDD4;PLEKHF1;RAB12;DTX3L;CHMP2B;UEVLD;ATG14;CHMP1B;HGSNAT;SNAPIN;LYSET;SNX16;PXK;AKTIP;ZFYVE16
gs_ind_0,Lysosomal Microautophagy (GO:0016237),2/7,0.4333076099965977,0.9999999999998647,1.7777210760370343,1.486721268820039,ULK1;ATG2B
gs_ind_0,Lysosomal Membrane Organization (GO:0097212),3/10,0.3332097623755485,0.9999999999998647,1.8254131236964544,2.0060981191955864,CHMP6;CHMP2B;CHMP1B
gs_ind_0,Lysosomal Lumen Acidification (GO:0007042),1/15,0.9672015674762875,0.9999999999998647,0.40415650760478344,0.013477956327923916,CLN5
gs_ind_0,Lysine degradation,7/52,0.9271219201653742,0.9999999999998647,0.6435853303323182,0.04870023121064497,SETDB2;ALDH3A2;PHYKPL;SETMAR;CAMKMT;PIPOX;SETD1B
gs_ind_0,Maturation Of LSU-rRNA (GO:0000470),2/20,0.9357767052616436,0.9999999999998647,0.527948156657058,0.03504435060623528,NEDD4;ZNHIT6
gs_ind_0,Lymphoid Progenitor Cell Differentiation (GO:0002320),2/5,0.27018544485746365,0.9999999999998647,2.7940199335548175,3.6563850298756777,LIG4;SOX4
gs_ind_0,Lymphocyte Migration Into Lymphoid Organs (GO:0097021),1/2,0.36582651410140676,0.9999999999998647,3.911014911014911,3.9329011974146835,FUT4
gs_ind_0,Lymphocyte Migration (GO:0072676),3/11,0.3947032014005075,0.9999999999998647,1.6105265144723058,1.4971795674609456,S1PR1;MYO1G;CCL5
gs_ind_0,Lymphocyte Mediated Immunity (GO:0002449),4/10,0.12731015554677688,0.9999999999998647,2.7091218843746527,5.583849680727797,CR2;BTN3A3;MYO1G;CD70
gs_ind_0,Lymphocyte Differentiation (GO:0030098),11/47,0.35638228983314807,0.9999999999998647,1.232654167428681,1.27179251066145,PTPRJ;PTPRC;DNAJB9;RELB;PIK3R1;SOX4;CR2;CD79A;PTPN22;PIK3R3;RABL3
gs_ind_0,Lymphocyte Chemotaxis (GO:0048247),2/13,0.7760853855691137,0.9999999999998647,0.84979603221645,0.21541711776620684,CCL5;CYP7B1
gs_ind_0,Lymphocyte Apoptotic Process (GO:0070227),1/5,0.6797672063173691,0.9999999999998647,1.3033509700176367,0.5030998387884896,CASP7
gs_ind_0,Lymphocyte Proliferation (GO:0046651),4/16,0.4164508921822029,0.9999999999998647,1.4080500722195475,1.233433178794374,CR2;CD79A;PTPRC;CD70
gs_ind_0,Monosaccharide Biosynthetic Process (GO:0046364),2/5,0.27018544485746365,0.9999999999998647,2.7940199335548175,3.6563850298756777,DSE;CHST14
gs_ind_0,Monosaccharide Transmembrane Transport (GO:0015749),2/7,0.4333076099965977,0.9999999999998647,1.7777210760370343,1.486721268820039,SLC2A11;SLC2A8
gs_ind_0,Monoubiquitinated Histone Deubiquitination (GO:0035521),5/27,0.6692792787264515,0.9999999999998647,0.9556055011505324,0.3837270670883206,SGF29;ATXN7;TADA2B;TAF5;KAT2B
gs_ind_0,Negative Regulation Of Cytokine Production (GO:0001818),32/110,0.018207996456514566,0.9999999999998647,1.6251424740194436,6.5101491613096165,PTPN6;ZC3H12A;TNFAIP3;PIBF1;IL23A;BTN2A2;BCL3;ZFP36;PYCARD;CD274;DHX58;MACIR;CYLD;ANXA4;ABCD2;PTPRC;OTUD7B;GHRL;TLR6;HAVCR2;VSIR;RPS6KA5;DLL1;NCKAP1L;PTPN22;MAPKBP1;SELENOS;RBX1;CD84;GPATCH3;XAF1;SYT11
gs_ind_0,Negative Regulation Of Cytokine Production Involved In Immune Response (GO:0002719),3/7,0.15431169962193045,0.9999999999998647,3.0431039092999628,5.686893849611121,HFE;TGFB3;SMAD7
gs_ind_0,Negative Regulation Of Cytokine Production Involved In Inflammatory Response (GO:1900016),4/12,0.2151327165692436,0.9999999999998647,2.071341584298621,3.1826166651852184,PYCARD;MACIR;ABCD2;ZC3H12A
gs_ind_0,Negative Regulation Of Cytokine-Mediated Signaling Pathway (GO:0001960),6/41,0.8684176306584526,0.9999999999998647,0.7152518450998265,0.10090954613197228,PTPRC;CARD8;PELI3;CYLD;OAS3;TRAIP
gs_ind_0,Negative Regulation Of Cytokinesis (GO:0032466),2/5,0.27018544485746365,0.9999999999998647,2.7940199335548175,3.6563850298756777,E2F7;E2F8
gs_ind_0,Negative Regulation Of Cytoplasmic Translation (GO:2000766),3/7,0.15431169962193045,0.9999999999998647,3.0431039092999628,5.686893849611121,CPEB3;CPEB2;UNK
gs_ind_0,Negative Regulation Of Cytoskeleton Organization (GO:0051494),3/22,0.855158977207062,0.9999999999998647,0.7013908600624468,0.10974514729108541,SSH1;CORO1A;KANK1
gs_ind_0,Negative Regulation Of DNA Binding (GO:0043392),3/23,0.8756878983937938,0.9999999999998647,0.6671218886101904,0.08855744994639804,HEY1;PER2;E2F1
gs_ind_0,Negative Regulation Of DNA Biosynthetic Process (GO:2000279),9/25,0.05163425821961072,0.9999999999998647,2.2548114158787684,6.682291259877166,TERF1;ERCC4;TP53;PIF1;PINX1;TINF2;CTC1;BMPR2;TENT4B
gs_ind_0,"Negative Regulation Of DNA Damage Response, Signal Transduction By P53 Class Mediator (GO:0043518)",2/12,0.7354204812815023,0.9999999999998647,0.9308053614388819,0.2860484576995813,SIRT1;YJU2
gs_ind_0,Negative Regulation Of DNA Metabolic Process (GO:0051053),3/33,0.9761380428445641,0.9999999999998647,0.44802518588265,0.010820375093801836,TERF1;BMPR2;ERCC4
gs_ind_0,Negative Regulation Of DNA Recombination (GO:0045910),6/32,0.6589200945648945,0.9999999999998647,0.9588765903809036,0.3999982505150798,MAGEF1;SHLD1;RADX;HELB;PARP3;TRAPPC13
gs_ind_0,Negative Regulation Of DNA Replication (GO:0008156),1/11,0.9183821192811181,0.9999999999998647,0.5583041297327012,0.04753497558033882,TERF1
gs_ind_0,Negative Regulation Of DNA-binding Transcription Factor Activity (GO:0043433),30/108,0.039523610225954284,0.9999999999998647,1.5241464050724511,4.924299170868626,SETD6;TRIB1;ZC3H12A;E2F1;TNFAIP3;HIF1AN;BCL3;TBX6;PYCARD;TRIM21;BTRC;CYLD;COMMD1;ANXA4;UFL1;SUFU;ARRB2;HAVCR2;TAF3;COMMD6;IRAK2;NFKBIL1;MAP3K10;RB1;SIRT1;PAXIP1;CARD8;NFKBIE;SMAD7;E2F2
gs_ind_0,Negative Regulation Of Cysteine-Type Endopeptidase Activity Involved In Apoptotic Process (GO:0043154),6/39,0.834361328350273,0.9999999999998647,0.7580780855638302,0.13727939246842022,CAAP1;PLAUR;NOL3;LAMP3;SH3RF1;IFI6
gs_ind_0,Negative Regulation Of DNA-templated Transcription (GO:0045892),166/761,0.16536710226047616,0.9999999999998647,1.098365982553253,1.9766055984297761,BCL6B;ZNF25;SAP18;FOXN3;CPEB3;PEX2;MAGED2;MED9;ARID5A;HINFP;ZMYM5;ZNF219;FOSB;SAP30;MNT;ZBTB14;RBAK;ZNF436;ZNF641;MPHOSPH8;ZBTB1;MZF1;SMURF2;SFMBT1;ATXN1;SUFU;ZBTB25;ZNF778;ZSCAN2;EID2B;ZNF20;CYP27B1;JDP2;TRERF1;GZF1;MAP3K10;SIRT1;ZNF491;ZNF19;PATZ1;ZNF133;ZNF79;ZNF619;SMAD7;ZBTB2;LANCL2;E2F1;TLE6;HEXIM1;PBXIP1;ING2;ZBTB49;IRF7;ZFP36;ZNF512B;MAFF;PARP9;ARID5B;E2F8;RBM15B;SEMA4D;WWC1;LINC-PINT;ZNF555;SOX12;FLYWCH1;ZBTB20;KLF12;PURA;ING4;NSMCE3;SETDB2;OTUD7B;TAF3;ZBTB4;HIC1;IRF2;HCFC2;GCFC2;KAT6B;ZNF169;ATF5;MAGEH1;NFATC4;SAP30L;ELK3;CDK5R1;UBE2D1;PER2;ZNF8;LOXL3;ZBTB32;CBY1;ZNF589;NMNAT1;TP53;ZNF566;ZNF785;NKAP;RFX3;E2F7;CBFA2T2;ZEB1;ZNF674;ZNF136;ZNF599;BEND3;MEIS2;ZBTB10;PPARD;ZNF77;POU6F1;ZKSCAN3;ZNF10;MAGEF1;ESR2;DUSP22;ZNF202;ZNF557;ZNF550;ZNF224;ZHX3;ZC3H8;ZNF559;IKZF5;IRF2BPL;SP2;ZNF764;ZNF304;BCL3;NFKB1;TBX6;ZNF337;ZBTB37;BTRC;THAP1;KDM8;WWC3;ZNF891;ZNF205;MOSPD1;ZNF620;ZNF248;ZBTB6;ZBTB39;FOXO1;ZNF596;HEY1;ZNF345;BRMS1L;RPS6KA5;NR4A2;HDAC10;PLK3;OSR2;RB1;NR1D1;EID2;ELK4;ETV6;SOX4;MXD4;ZNF684;MAFK;ZBTB26;HEXIM2
gs_ind_0,Negative Regulation Of Defense Response (GO:0031348),16/74,0.4394209716557314,0.9999999999998647,1.1032581080913608,0.9072062652435307,SELENOS;NR1D1;TRIM21;DHX58;GHRL;TNFAIP3;MACIR;MAPK7;TNFAIP8L2;ALOX5;CYLD;RB1;PPARD;CEP63;MAPKBP1;TREX1
gs_ind_0,Negative Regulation Of Dephosphorylation (GO:0035305),1/9,0.8712616767850634,0.9999999999998647,0.689782983900631,0.09506100349519497,PPP1R16B
gs_ind_0,Negative Regulation Of Developmental Growth (GO:0048640),5/17,0.25419710850453286,0.9999999999998647,1.7215026489003051,2.357848003698116,ULK1;WWC3;WWC1;CDKL3;DUSP10
gs_ind_0,Negative Regulation Of Developmental Process (GO:0051093),14/78,0.7441890672339491,0.9999999999998647,0.8783403788477308,0.2595145834287704,SAP30;FUZ;SAP30L;HEY1;KANK1;ZNF296;BRMS1L;PARP3;ING2;BICRA;DLL1;BCL7C;SFMBT1;ADCK1
gs_ind_0,Negative Regulation Of Double-Strand Break Repair (GO:2000780),6/30,0.5920736484773055,0.9999999999998647,1.0373226534872821,0.5436859532279958,MAGEF1;SHLD1;HELB;TRAPPC13;NUDT16L1;RADX
gs_ind_0,Negative Regulation Of Double-Strand Break Repair Via Homologous Recombination (GO:2000042),5/18,0.2973982685333484,0.9999999999998647,1.5938531242753429,1.9328386950714114,MAGEF1;SHLD1;HELB;TRAPPC13;RADX
gs_ind_0,Negative Regulation Of Double-Strand Break Repair Via Nonhomologous End Joining (GO:2001033),1/6,0.7450017490315044,0.9999999999998647,1.0662906117451572,0.31388259496961246,NUDT16L1
gs_ind_0,Negative Regulation Of ERAD Pathway (GO:1904293),1/5,0.6797672063173691,0.9999999999998647,1.3033509700176367,0.5030998387884896,SVIP
gs_ind_0,Negative Regulation Of ERBB Signaling Pathway (GO:1901185),2/13,0.7760853855691137,0.9999999999998647,0.84979603221645,0.21541711776620684,PTPRJ;MVP
gs_ind_0,Negative Regulation Of ERK1 And ERK2 Cascade (GO:0070373),5/29,0.7323401659236473,0.9999999999998647,0.8774527309719843,0.27333544537153315,PTPRC;SYNJ2BP;SPRED1;DUSP10;SPRY2
gs_ind_0,Negative Regulation Of Endocytosis (GO:0045806),1/23,0.994707757026508,0.9999999999998647,0.26028539361872693,0.0013811514722157068,SYT11
gs_ind_0,Negative Regulation Of Endopeptidase Activity (GO:0010951),2/21,0.9467299284801028,0.9999999999998647,0.500832767873666,0.027416293324235817,SERPINI1;SERPINB8
gs_ind_0,Negative Regulation Of Endoplasmic Reticulum Stress-Induced Intrinsic Apoptotic Signaling Pathway (GO:1902236),2/13,0.7760853855691137,0.9999999999998647,0.84979603221645,0.21541711776620684,SELENOS;CREB3
gs_ind_0,Negative Regulation Of Endoplasmic Reticulum Unfolded Protein Response (GO:1900102),3/12,0.45456002967759573,0.9999999999998647,1.4408791914006096,1.1360256023861053,DNAJB9;NCK2;UFL1
gs_ind_0,"Negative Regulation Of DNA-templated Transcription, Elongation (GO:0032785)",1/18,0.9834488709535161,0.9999999999998647,0.3347900776472205,0.005587522300482694,HEXIM1
gs_ind_0,Negative Regulation Of Endothelial Cell Apoptotic Process (GO:2000352),2/16,0.8669156603053907,0.9999999999998647,0.6738102480435805,0.09622925683039828,MAPK7;TNFAIP3
gs_ind_0,Negative Regulation Of Cysteine-Type Endopeptidase Activity (GO:2000117),4/32,0.9149494261049113,0.9999999999998647,0.6167549350024073,0.05482117966687333,LAMP3;SH3RF1;CARD8;IFI6
gs_ind_0,Negative Regulation Of Cyclin-Dependent Protein Kinase Activity (GO:1904030),3/16,0.6615859657744176,0.9999999999998647,1.0136192666274488,0.4187416761244309,LATS2;HEXIM2;HEXIM1
gs_ind_0,Negative Regulation Of Cell Junction Assembly (GO:1901889),2/17,0.8887155005535027,0.9999999999998647,0.6302868820653439,0.07436005923900754,DUSP22;BCAS3
gs_ind_0,Negative Regulation Of Cell Migration (GO:0030336),20/107,0.7035846655823327,0.9999999999998647,0.9154112414444726,0.32182843937889477,TRIB1;SAP30L;SRGAP3;FUZ;KANK1;ING2;SAP30;PTPRJ;MACIR;ARHGDIB;HMOX1;RAP2A;BRMS1L;TP53INP1;RNF20;DUSP22;SMAD7;DAG1;DUSP10;DNAI3
gs_ind_0,Negative Regulation Of Cell Motility (GO:2000146),18/89,0.5553731539604786,0.9999999999998647,1.0116478717155808,0.5949653302425387,SAP30;FUZ;SAP30L;PTPRJ;SRGAP3;KANK1;DUSP22;RAP2A;BRMS1L;WAS;ING2;TP53INP1;SMAD7;DAG1;CCDC125;DUSP10;DNAI3;RNF20
gs_ind_0,Negative Regulation Of Cell Population Proliferation (GO:0008285),47/241,0.6564033267207938,0.9999999999998647,0.9540914614887436,0.4016532819167704,PTPN6;TRIB1;PPM1D;FUZ;ANG;E2F1;TNFAIP3;PER2;ZBTB49;PEX2;PTGIR;SAV1;DNAJB2;B4GALT7;MED9;TBRG1;PTPRJ;TP53;DIS3L2;GLMN;NUDT6;FKTN;TGFB3;KAT2B;ING4;E2F7;ULK1;HMOX1;NCK2;IFIT3;TINF2;CYP27B1;FOXO4;TP53INP1;DLL1;BTG3;IFI35;TRIM32;PINX1;CGRRF1;ATF5;SOX4;TOB2;BMPR2;AIF1;GPLD1;DUSP10
gs_ind_0,Negative Regulation Of Cell Projection Organization (GO:0031345),3/32,0.9716258792616584,0.9999999999998647,0.46325054997049603,0.013334410668409713,KANK1;CBFA2T2;SPRY2
gs_ind_0,Negative Regulation Of Cell-Cell Adhesion (GO:0022408),2/29,0.9886459348271212,0.9999999999998647,0.3549026755121382,0.00405263885669027,AKNA;MAPK7
gs_ind_0,Negative Regulation Of Cell-Matrix Adhesion (GO:0001953),4/19,0.5607923727242765,0.9999999999998647,1.1352446922515416,0.656630688618161,RASA1;DUSP22;BCAS3;CASK
gs_ind_0,Negative Regulation Of Cell-Substrate Adhesion (GO:0010812),4/24,0.7503679157069622,0.9999999999998647,0.8580034524466573,0.24641141731098654,MELTF;RASA1;KANK1;CASK
gs_ind_0,Negative Regulation Of Cell-Substrate Junction Organization (GO:0150118),2/12,0.7354204812815023,0.9999999999998647,0.9308053614388819,0.2860484576995813,DUSP22;BCAS3
gs_ind_0,Negative Regulation Of Cellular Biosynthetic Process (GO:0031327),12/103,0.9931581663631812,0.9999999999998647,0.532226369307466,0.0036539183291031175,SIRT1;DCAF5;EIF2AK3;ZC3H12A;MST1;NHLRC3;ERLIN1;CPEB3;BMPR2;NANOS3;PATL2;NFKB1
gs_ind_0,Negative Regulation Of Cellular Catabolic Process (GO:0031330),9/53,0.7793615336448032,0.9999999999998647,0.8341319452597129,0.20793261242349328,BMF;RRAGC;NRDE2;MTMR9;BCL2;ZKSCAN3;PTPN22;GPLD1;RRAGB
gs_ind_0,Negative Regulation Of Cellular Component Organization (GO:0051129),9/53,0.7793615336448032,0.9999999999998647,0.8341319452597129,0.20793261242349328,TMC8;ULK1;SVIP;CARMIL1;CARMIL2;SYT11;WASL;DNAJB2;SPRY2
gs_ind_0,Negative Regulation Of Cellular Metabolic Process (GO:0031324),3/35,0.9831965010933547,0.9999999999998647,0.4203852941539449,0.007123966662712389,SIRT5;SIRT1;ZKSCAN3
gs_ind_0,Negative Regulation Of Cellular Process (GO:0048523),66/355,0.8169300289519544,0.9999999999998647,0.8958436381931547,0.18114122453027678,PTPN6;RND1;FUZ;CHMP6;PPM1D;PLXNA3;EIF2AK3;APOBEC3G;CHMP2B;TCHP;OSGIN2;ZBTB49;CCDC125;SAV1;SPHK2;DNAJB2;TBRG1;DIS3L2;TP53;PTPRJ;GLMN;SEMA4D;ANXA6;JAM2;NUDT6;CDKN2AIP;FKTN;DCUN1D3;CHMP1B;APOBEC3F;KAT2B;TGFB3;ING4;E2F7;ULK1;ST20;RASA1;NCK2;ALOX5;IFIT3;DCBLD2;WAS;CYP27B1;DLL1;FOXO4;TP53INP1;SERTAD2;CTTNBP2NL;RB1;LPXN;SIRT1;VPS4B;BTG3;IFI35;PINX1;ESR2;CGRRF1;APOBEC3D;ATF5;ADAM22;TOB2;BMPR2;BICRA;SOX4;BCL7C;GPLD1
gs_ind_0,Negative Regulation Of Cyclin-Dependent Protein Serine/Threonine Kinase Activity (GO:0045736),3/15,0.6156231394758771,0.9999999999998647,1.0947986523343494,0.5311090388707119,LATS2;HEXIM2;HEXIM1
gs_ind_0,Negative Regulation Of Cellular Response To Growth Factor Stimulus (GO:0090288),9/51,0.7376838829856357,0.9999999999998647,0.8735289389827624,0.26576234742091215,NEDD4;LEMD3;SMAD7;UBE2D1;TMEM53;SMURF2;CASK;SMURF1;SPRY2
gs_ind_0,Negative Regulation Of Cellular Response To Insulin Stimulus (GO:1900077),3/18,0.7411693826261057,0.9999999999998647,0.8826847735518029,0.26438712180913754,PIP4K2C;KANK1;SOCS1
gs_ind_0,Negative Regulation Of Cellular Response To Vascular Endothelial Growth Factor Stimulus (GO:1902548),1/7,0.796950772203989,0.9999999999998647,0.9021719021719021,0.20475907168261248,SPRY2
gs_ind_0,Negative Regulation Of Cellular Senescence (GO:2000773),2/14,0.8111659406206002,0.9999999999998647,0.7817481956696071,0.1636063210775793,ZKSCAN3;SIRT1
gs_ind_0,Negative Regulation Of Centriole Replication (GO:0046600),1/5,0.6797672063173691,0.9999999999998647,1.3033509700176367,0.5030998387884896,KAT2B
gs_ind_0,Negative Regulation Of Centrosome Duplication (GO:0010826),3/9,0.27143988032691707,0.9999999999998647,2.1064186896049564,2.746800723669715,CENATAC;TMEM67;KAT2B
gs_ind_0,Negative Regulation Of Chemokine Production (GO:0032682),1/9,0.8712616767850634,0.9999999999998647,0.689782983900631,0.09506100349519497,OAS3
gs_ind_0,Negative Regulation Of Chemotaxis (GO:0050922),3/16,0.6615859657744176,0.9999999999998647,1.0136192666274488,0.4187416761244309,SEMA4D;SEMA7A;SEMA4A
gs_ind_0,Negative Regulation Of Cholesterol Transport (GO:0032375),1/4,0.5978508540253882,0.9999999999998647,1.6758743901601045,0.8620931884147255,NFKB1
gs_ind_0,Negative Regulation Of Chromosome Organization (GO:2001251),2/6,0.3535944927466926,0.9999999999998647,2.172948409516172,2.2590069951074945,SETMAR;ERCC4
gs_ind_0,Negative Regulation Of Circadian Rhythm (GO:0042754),1/6,0.7450017490315044,0.9999999999998647,1.0662906117451572,0.31388259496961246,PER2
gs_ind_0,Negative Regulation Of Cold-Induced Thermogenesis (GO:0120163),3/34,0.9799619908372442,0.9999999999998647,0.43376651157815926,0.008780081777218042,NR1D1;MAP2K6;RB1
gs_ind_0,Negative Regulation Of Complement Activation (GO:0045916),1/8,0.8383192836348962,0.9999999999998647,0.7818181818181819,0.1378785183025454,CR2
gs_ind_0,"Negative Regulation Of Complement Activation, Classical Pathway (GO:0045959)",1/5,0.6797672063173691,0.9999999999998647,1.3033509700176367,0.5030998387884896,CR2
gs_ind_0,Negative Regulation Of Cyclase Activity (GO:0031280),2/4,0.18640155558523228,0.9999999999998647,3.9119486768243785,6.571494931304808,GNAI3;AKAP5
gs_ind_0,Negative Regulation Of Cellular Response To Hypoxia (GO:1900038),1/4,0.5978508540253882,0.9999999999998647,1.6758743901601045,0.8620931884147255,NOL3
gs_ind_0,Negative Regulation Of Endothelial Cell Migration (GO:0010596),2/21,0.9467299284801028,0.9999999999998647,0.500832767873666,0.027416293324235817,SYNJ2BP;SVBP
gs_ind_0,Negative Regulation Of Endothelial Cell Proliferation (GO:0001937),3/25,0.90914149796547,0.9999999999998647,0.6077223380929462,0.05788830786762473,GHRL;SYNJ2BP;ALOX5
gs_ind_0,Negative Regulation Of Epidermal Growth Factor Receptor Signaling Pathway (GO:0042059),5/17,0.25419710850453286,0.9999999999998647,1.7215026489003051,2.357848003698116,CHMP6;CBLB;PTPRJ;SOCS6;MVP
gs_ind_0,Negative Regulation Of Hippo Signaling (GO:0035331),3/9,0.27143988032691707,0.9999999999998647,2.1064186896049564,2.746800723669715,WWC1;WWC3;MAP2K3
gs_ind_0,Negative Regulation Of Humoral Immune Response Mediated By Circulating Immunoglobulin (GO:0002924),1/6,0.7450017490315044,0.9999999999998647,1.0662906117451572,0.31388259496961246,CR2
gs_ind_0,Negative Regulation Of Hydrolase Activity (GO:0051346),7/26,0.26814905749145873,0.9999999999998647,1.504911955514365,1.980783578732454,GMIP;MAPK7;FICD;CPEB2;GCHFR;LRCH1;BCAS3
gs_ind_0,Negative Regulation Of I-kappaB kinase/NF-kappaB Signaling (GO:0043124),10/25,0.01949504665687017,0.9999999999998647,2.6540155299316868,10.450437917715789,PYCARD;NR1D1;SIRT1;ZC3H12A;OTUD7B;ARRB2;TNFAIP3;CARD8;MAPKBP1;CARD19
gs_ind_0,Negative Regulation Of Immune Effector Process (GO:0002698),2/9,0.5747801384335589,0.9999999999998647,1.303448275862069,0.7218075267435339,FER;HAVCR2
gs_ind_0,Negative Regulation Of Immune Response (GO:0050777),12/47,0.2364363799007165,0.9999999999998647,1.3781401198826102,1.9873829486295407,TRIM21;DHX58;FER;TNFAIP3;HAVCR2;SYK;SMCR8;RHBDF2;FGR;CEP63;PDCD1;TREX1
gs_ind_0,Negative Regulation Of Immune System Process (GO:0002683),7/21,0.11689840326807181,0.9999999999998647,2.024678022434566,4.345870282077423,NR1D1;TNFAIP3;HMOX1;TLR6;SMCR8;PDCD1;NFKBIL1
gs_ind_0,Negative Regulation Of Inclusion Body Assembly (GO:0090084),1/5,0.6797672063173691,0.9999999999998647,1.3033509700176367,0.5030998387884896,DNAJB2
gs_ind_0,Negative Regulation Of Inflammatory Response (GO:0050728),15/68,0.41092760440013754,0.9999999999998647,1.1333548075374456,1.0079357528454016,PTPN6;SELENOS;NR1D1;GHRL;TNFAIP3;MAPK7;MACIR;TNFAIP8L2;ALOX5;CYLD;SYK;RHBDF2;PPARD;FGR;RB1
gs_ind_0,Negative Regulation Of Inflammatory Response To Antigenic Stimulus (GO:0002862),4/13,0.26388176960411197,0.9999999999998647,1.8531535869041886,2.4688714984696505,SELENOS;SYK;RHBDF2;FGR
gs_ind_0,Negative Regulation Of Inflammatory Response To Wounding (GO:0106015),1/4,0.5978508540253882,0.9999999999998647,1.6758743901601045,0.8620931884147255,PTPN6
gs_ind_0,Negative Regulation Of Innate Immune Response (GO:0045824),6/42,0.8831306235790356,0.9999999999998647,0.6955987073526467,0.08645050827503636,TRIM21;DHX58;TNFAIP3;CEP63;OAS3;TREX1
gs_ind_0,Negative Regulation Of Insulin Receptor Signaling Pathway (GO:0046627),3/17,0.703416858444551,0.9999999999998647,0.943637037569776,0.33197678677575543,PIP4K2C;KANK1;SOCS1
gs_ind_0,Negative Regulation Of Insulin Secretion (GO:0046676),2/12,0.7354204812815023,0.9999999999998647,0.9308053614388819,0.2860484576995813,FOXO1;PIM3
gs_ind_0,Negative Regulation Of Heterotypic Cell-Cell Adhesion (GO:0034115),1/7,0.796950772203989,0.9999999999998647,0.9021719021719021,0.20475907168261248,MAPK7
gs_ind_0,Negative Regulation Of Interferon-Beta Production (GO:0032688),2/9,0.5747801384335589,0.9999999999998647,1.303448275862069,0.7218075267435339,PYCARD;RELB
gs_ind_0,Negative Regulation Of Interleukin-1 Production (GO:0032692),4/16,0.4164508921822029,0.9999999999998647,1.4080500722195475,1.233433178794374,GHRL;TNFAIP3;ZC3H12A;CARD8
gs_ind_0,Negative Regulation Of Interleukin-10 Production (GO:0032693),4/8,0.059636426619357134,0.9999999999998647,3.9138180067404913,11.034965670161052,VSIR;DLL1;CD274;IL23A
gs_ind_0,Negative Regulation Of Interleukin-12 Production (GO:0032695),1/5,0.6797672063173691,0.9999999999998647,1.3033509700176367,0.5030998387884896,PIBF1
gs_ind_0,Negative Regulation Of Interleukin-17 Production (GO:0032700),2/5,0.27018544485746365,0.9999999999998647,2.7940199335548175,3.6563850298756777,VSIR;NCKAP1L
gs_ind_0,Negative Regulation Of Interleukin-2 Production (GO:0032703),4/15,0.3655177183974608,0.9999999999998647,1.5306148081472022,1.540472769277779,ZFP36;TNFAIP3;PTPRC;HAVCR2
gs_ind_0,Negative Regulation Of Interleukin-6 Production (GO:0032715),9/19,0.007497309691791468,0.9999999999998647,3.545020322869543,17.34653254739636,PTPN6;SELENOS;ZC3H12A;GHRL;TNFAIP3;CD84;NCKAP1L;PTPN22;SYT11
gs_ind_0,Negative Regulation Of Interleukin-8 Production (GO:0032717),6/13,0.03256673306479977,0.9999999999998647,3.3933194154488517,11.620300076113164,OTUD7B;TLR6;PTPN22;ANXA4;MAPKBP1;BCL3
gs_ind_0,Negative Regulation Of Intracellular Protein Transport (GO:0090317),2/17,0.8887155005535027,0.9999999999998647,0.6302868820653439,0.07436005923900754,SUFU;RAB23
gs_ind_0,Negative Regulation Of Intracellular Signal Transduction (GO:1902532),31/155,0.5771657699240196,0.9999999999998647,0.9890694394869425,0.5436180399049287,CASC2;ZC3H12A;EPM2A;TNFAIP3;NOL3;FAM89B;PYCARD;PTPRJ;PLAUR;WWC3;SPRED1;PIK3IP1;CYLD;WWC1;BCL2L2;CARD19;OTUD7B;MAP2K3;ARRB2;TNFAIP8L1;BCL2;OTUD3;PBLD;MAPKBP1;SIRT1;NR1D1;IFI35;CARD8;DEPDC5;DAG1;TSSK6
gs_ind_0,Negative Regulation Of Intracellular Steroid Hormone Receptor Signaling Pathway (GO:0033144),2/26,0.9795449201430425,0.9999999999998647,0.3984583408343289,0.008235011197004182,SIRT1;PIAS2
gs_ind_0,Negative Regulation Of Intrinsic Apoptotic Signaling Pathway (GO:2001243),10/52,0.6350955759891722,0.9999999999998647,0.9657898470531483,0.4384490604049165,SELENOS;SIRT1;TRIM32;PLAUR;MAPK7;DDIAS;NOL3;BCL2;BCL2L2;CREB3
gs_ind_0,Negative Regulation Of Intrinsic Apoptotic Signaling Pathway By P53 Class Mediator (GO:1902254),3/15,0.6156231394758771,0.9999999999998647,1.0947986523343494,0.5311090388707119,BCL2;SIRT1;ING2
gs_ind_0,Negative Regulation Of Intrinsic Apoptotic Signaling Pathway In Response To DNA Damage (GO:1902230),5/22,0.4743998704212109,0.9999999999998647,1.2291401967754512,0.916575627153152,SIRT1;TRIM32;DDIAS;BCL2;ING2
gs_ind_0,Negative Regulation Of Intrinsic Apoptotic Signaling Pathway In Response To DNA Damage By P53 Class Mediator (GO:1902166),3/11,0.3947032014005075,0.9999999999998647,1.6105265144723058,1.4971795674609456,BCL2;SIRT1;ING2
gs_ind_0,Negative Regulation Of Interleukin-1 Beta Production (GO:0032691),4/14,0.31435549997761164,0.9999999999998647,1.676525208061077,1.9401265540223827,GHRL;TNFAIP3;ZC3H12A;CARD8
gs_ind_0,Negative Regulation Of Hematopoietic Progenitor Cell Differentiation (GO:1901533),1/6,0.7450017490315044,0.9999999999998647,1.0662906117451572,0.31388259496961246,METTL14
gs_ind_0,Negative Regulation Of Heart Contraction (GO:0045822),1/6,0.7450017490315044,0.9999999999998647,1.0662906117451572,0.31388259496961246,ZC3H12A
gs_ind_0,Negative Regulation Of Growth (GO:0045926),18/91,0.596806540831851,0.9999999999998647,0.9839577294725725,0.5078818555373277,ING4;SIRT1;PTPRJ;TP53;ST20;CGRRF1;ESR2;TCHP;DCBLD2;OSGIN2;BMPR2;CYP27B1;CDKN2AIP;SERTAD2;DCUN1D3;SPHK2;DNAJB2;RB1
gs_ind_0,Negative Regulation Of Epidermal Growth Factor-Activated Receptor Activity (GO:0007175),3/11,0.3947032014005075,0.9999999999998647,1.6105265144723058,1.4971795674609456,CHMP6;CBLB;SOCS6
gs_ind_0,Negative Regulation Of Epithelial Cell Apoptotic Process (GO:1904036),2/21,0.9467299284801028,0.9999999999998647,0.500832767873666,0.027416293324235817,MAPK7;TNFAIP3
gs_ind_0,Negative Regulation Of Epithelial Cell Differentiation (GO:0030857),4/11,0.16922725830899113,0.9999999999998647,2.3477130476649015,4.170742147653361,SPRED1;SPRY2;DLL1;ZEB1
gs_ind_0,Negative Regulation Of Epithelial Cell Migration (GO:0010633),3/20,0.8050898859562208,0.9999999999998647,0.781678164607733,0.16946887996429236,SYNJ2BP;DUSP10;SVBP
gs_ind_0,Negative Regulation Of Epithelial Cell Proliferation (GO:0050680),10/47,0.49586647539356427,0.9999999999998647,1.0950120598166908,0.7680946668525463,KLF9;GHRL;SYNJ2BP;ALOX5;BRCA2;TINF2;PEX2;CYP27B1;CASK;DUSP10
gs_ind_0,Negative Regulation Of Epithelial To Mesenchymal Transition (GO:0010719),5/22,0.4743998704212109,0.9999999999998647,1.2291401967754512,0.916575627153152,FUZ;SPRED1;USF3;SMAD7;SPRY2
gs_ind_0,Negative Regulation Of Erythrocyte Differentiation (GO:0045647),1/5,0.6797672063173691,0.9999999999998647,1.3033509700176367,0.5030998387884896,ZFP36
gs_ind_0,Negative Regulation Of Establishment Of Protein Localization (GO:1904950),1/8,0.8383192836348962,0.9999999999998647,0.7818181818181819,0.1378785183025454,TERF1
gs_ind_0,Negative Regulation Of Exocytosis (GO:0045920),3/6,0.10336734907900555,0.9999999999998647,3.912883041873897,8.880155572158289,SMCR8;VPS4B;RAB33B
gs_ind_0,Negative Regulation Of Extrinsic Apoptotic Signaling Pathway (GO:2001237),9/48,0.6657614069573112,0.9999999999998647,0.9401048714134852,0.3824571494128663,MAPK7;TNFAIP3;PELI3;HMOX1;NOL3;BCL2;FAIM;SH3RF1;IFI6
gs_ind_0,Negative Regulation Of Extrinsic Apoptotic Signaling Pathway In Absence Of Ligand (GO:2001240),3/13,0.5117635076996409,0.9999999999998647,1.3035456441520936,0.8732356585687845,BCL2;MAPK7;IFI6
gs_ind_0,Negative Regulation Of Extrinsic Apoptotic Signaling Pathway Via Death Domain Receptors (GO:1902042),3/15,0.6156231394758771,0.9999999999998647,1.0947986523343494,0.5311090388707119,TNFAIP3;HMOX1;FAIM
gs_ind_0,Negative Regulation Of Fat Cell Differentiation (GO:0045599),6/22,0.2820850843655783,0.9999999999998647,1.5412791801100778,1.9505605273096753,FOXO1;SIRT1;ANKRD26;E2F1;LRP3;TRIO
gs_ind_0,Negative Regulation Of Fatty Acid Biosynthetic Process (GO:0045717),4/11,0.16922725830899113,0.9999999999998647,2.3477130476649015,4.170742147653361,SIRT1;DCAF5;PIBF1;ERLIN1
gs_ind_0,Negative Regulation Of Fatty Acid Metabolic Process (GO:0045922),2/12,0.7354204812815023,0.9999999999998647,0.9308053614388819,0.2860484576995813,DCAF5;ERLIN1
gs_ind_0,Negative Regulation Of Fibroblast Growth Factor Receptor Signaling Pathway (GO:0040037),2/11,0.6886104060141844,0.9999999999998647,1.028869286287089,0.38385015860250277,FUZ;SPRY2
gs_ind_0,Negative Regulation Of Fibroblast Migration (GO:0010764),1/4,0.5978508540253882,0.9999999999998647,1.6758743901601045,0.8620931884147255,MACIR
gs_ind_0,Negative Regulation Of Glycogen Metabolic Process (GO:0070874),2/5,0.27018544485746365,0.9999999999998647,2.7940199335548175,3.6563850298756777,SELENOS;PASK
gs_ind_0,Negative Regulation Of Glycogen Biosynthetic Process (GO:0045719),2/5,0.27018544485746365,0.9999999999998647,2.7940199335548175,3.6563850298756777,SELENOS;PASK
gs_ind_0,Negative Regulation Of Glucose Transmembrane Transport (GO:0010829),1/6,0.7450017490315044,0.9999999999998647,1.0662906117451572,0.31388259496961246,SELENOS
gs_ind_0,Negative Regulation Of Glucose Import (GO:0046325),1/4,0.5978508540253882,0.9999999999998647,1.6758743901601045,0.8620931884147255,SELENOS
gs_ind_0,Negative Regulation Of Gluconeogenesis (GO:0045721),1/8,0.8383192836348962,0.9999999999998647,0.7818181818181819,0.1378785183025454,MST1
gs_ind_0,Negative Regulation Of Glial Cell Apoptotic Process (GO:0034351),1/5,0.6797672063173691,0.9999999999998647,1.3033509700176367,0.5030998387884896,DLL1
gs_ind_0,Negative Regulation Of Cell Growth (GO:0030308),19/88,0.42893583142563063,0.9999999999998647,1.097552146961676,0.9290207629900308,TCHP;OSGIN2;SPHK2;DNAJB2;PTPRJ;TP53;CDKN2AIP;CDKL3;DCUN1D3;ULK1;ST20;DCBLD2;CYP27B1;SERTAD2;RB1;SIRT1;CGRRF1;ESR2;BMPR2
gs_ind_0,"Negative Regulation Of Gene Expression, Epigenetic (GO:0045814)",4/42,0.9818546634285565,0.9999999999998647,0.45618368150866945,0.00835362743872712,SIRT1;PPM1D;MPHOSPH8;RB1
gs_ind_0,Negative Regulation Of GTPase Activity (GO:0034260),5/13,0.10544734724079009,0.9999999999998647,2.532452570047123,5.696862291280227,GMIP;CPEB2;FICD;LRCH1;BCAS3
gs_ind_0,Negative Regulation Of G2/M Transition Of Mitotic Cell Cycle (GO:0010972),2/23,0.9635250355325129,0.9999999999998647,0.4541690755487589,0.016875472921124977,PINX1;PABIR1
gs_ind_0,Negative Regulation Of G1/S Transition Of Mitotic Cell Cycle (GO:2000134),4/25,0.7795519571143958,0.9999999999998647,0.818029134149209,0.20371865297410585,E2F7;DCUN1D3;PLK3;RB1
gs_ind_0,Negative Regulation Of G Protein-Coupled Receptor Signaling Pathway (GO:0045744),4/15,0.3655177183974608,0.9999999999998647,1.5306148081472022,1.540472769277779,GRK3;BICD1;CCL5;RPGRIP1L
gs_ind_0,Negative Regulation Of Focal Adhesion Assembly (GO:0051895),2/12,0.7354204812815023,0.9999999999998647,0.9308053614388819,0.2860484576995813,DUSP22;BCAS3
gs_ind_0,Negative Regulation Of Fibroblast Proliferation (GO:0048147),4/14,0.31435549997761164,0.9999999999998647,1.676525208061077,1.9401265540223827,MED9;PEX2;TP53;TRIM32
gs_ind_0,Negative Regulation Of Gene Expression (GO:0010629),36/249,0.9937841372776102,0.9999999999998647,0.6644632285842641,0.0041431020711736885,ERN1;PPM1D;EIF2AK3;ZC3H12A;NHLRC3;NUDT16;CPEB3;BTN2A2;PATL2;NFKB1;ZFP36;HINFP;DIS3L2;PARP9;TIPARP;DXO;ZC3H10;MPHOSPH8;NUDT16L1;KAT2B;ITGB8;DGKQ;SETDB2;NUDT12;HAVCR2;SMCR8;RPS6KA5;NANOS3;LRP3;PTPN22;RB1;SIRT1;TCEAL1;SFMBT2;TRIM6;SYT11
gs_ind_0,Negative Regulation Of Cell Division (GO:0051782),2/9,0.5747801384335589,0.9999999999998647,1.303448275862069,0.7218075267435339,E2F7;E2F8
gs_ind_0,Negative Regulation Of Cell Differentiation (GO:0045596),27/142,0.6881357280845628,0.9999999999998647,0.9302459868345074,0.3476972809189268,E2F1;TMEM182;PEX2;SPRY2;ANKRD26;SPRED1;SEMA4D;USF3;SUFU;FOXO1;ABCA5;HEY1;TMEM53;EID2B;MEIS2;BCL7C;DLL1;LRP3;TRIO;RB1;SIRT1;SOX4;METTL14;BICRA;LEO1;NPHP3;SMAD7
gs_ind_0,Negative Regulation Of Cell Death (GO:0060548),4/48,0.9933227332971566,0.9999999999998647,0.39448102005377245,0.002642888468244381,CHMP6;CHMP2B;CHMP1B;VPS4B
gs_ind_0,Myoblast Fusion (GO:0007520),1/7,0.796950772203989,0.9999999999998647,0.9021719021719021,0.20475907168261248,JAM2
gs_ind_0,Myogenesis,9/98,0.999159567157776,0.9999999999998647,0.4132003782466847,0.0003474131774775363,GADD45B;ACSL1;ITGA7;PICK1;DENND2B;FOXO4;PKIA;ENO3;RB1
gs_ind_0,Myotube Cell Development (GO:0014904),2/7,0.4333076099965977,0.9999999999998647,1.7777210760370343,1.486721268820039,TMEM182;PPP3CA
gs_ind_0,Myotube Differentiation (GO:0014902),3/11,0.3947032014005075,0.9999999999998647,1.6105265144723058,1.4971795674609456,MYEF2;TMEM182;JAM2
gs_ind_0,N-Glycan biosynthesis,5/44,0.961182826351565,0.9999999999998647,0.5435722254623637,0.02152037346800057,ALG6;FUT8;ALG12;ALG10B;ALG14
gs_ind_0,N-acetylglucosamine Metabolic Process (GO:0006044),1/11,0.9183821192811181,0.9999999999998647,0.5583041297327012,0.04753497558033882,GNPDA2
gs_ind_0,N-acetylneuraminate Catabolic Process (GO:0019262),1/4,0.5978508540253882,0.9999999999998647,1.6758743901601045,0.8620931884147255,GNPDA2
gs_ind_0,N-acetylneuraminate Metabolic Process (GO:0006054),2/7,0.4333076099965977,0.9999999999998647,1.7777210760370343,1.486721268820039,GNPDA2;NANP
gs_ind_0,N-acylphosphatidylethanolamine Metabolic Process (GO:0070292),1/3,0.49498852941534904,0.9999999999998647,2.3464165464165463,1.650048661813499,NAPEPLD
gs_ind_0,N-glycan Processing (GO:0006491),1/16,0.9738872946210139,0.9999999999998647,0.3780508619218297,0.010003110870083008,ST8SIA4
gs_ind_0,N-terminal Peptidyl-Methionine Acetylation (GO:0017196),1/7,0.796950772203989,0.9999999999998647,0.9021719021719021,0.20475907168261248,NAA30
gs_ind_0,N-terminal Protein Amino Acid Acetylation (GO:0006474),3/14,0.5656020552601939,0.9999999999998647,1.1900961920772326,0.6781936079104792,NAA30;NAA80;KAT2B
gs_ind_0,N-terminal Protein Amino Acid Modification (GO:0031365),1/11,0.9183821192811181,0.9999999999998647,0.5583041297327012,0.04753497558033882,METAP1D
gs_ind_0,NAD Biosynthesis Via Nicotinamide Riboside Salvage Pathway (GO:0034356),3/4,0.028603411361812166,0.9999999999998647,9.131557837317503,32.45565032766723,PARP9;NAXD;NUDT12
gs_ind_0,Myoblast Differentiation (GO:0045445),4/14,0.31435549997761164,0.9999999999998647,1.676525208061077,1.9401265540223827,HINFP;PLEKHM3;RB1;SDC1
gs_ind_0,NAD Biosynthetic Process (GO:0009435),5/12,0.07741634178848614,0.9999999999998647,2.870348370524964,7.343951025102794,NUDT12;NMNAT1;KYNU;PARP9;NAXD
gs_ind_0,NADH Dehydrogenase Complex Assembly (GO:0010257),4/49,0.9943711232778389,0.9999999999998647,0.3857793626691075,0.0021776390713363993,TMEM186;TAFAZZIN;NDUFAF6;LYRM2
gs_ind_0,NADH Metabolic Process (GO:0006734),3/7,0.15431169962193045,0.9999999999998647,3.0431039092999628,5.686893849611121,ME1;NUDT12;NUDT17
gs_ind_0,NADP Metabolic Process (GO:0006739),5/15,0.17365939932302765,0.9999999999998647,2.0497442836502073,3.5884040430012765,KCNAB2;NUDT12;NUDT17;ME1;TP53I3
gs_ind_0,NADPH Regeneration (GO:0006740),3/12,0.45456002967759573,0.9999999999998647,1.4408791914006096,1.1360256023861053,DDR2;H6PD;DERA
gs_ind_0,NF-kappa B signaling pathway,18/65,0.09708943518070913,0.9999999999998647,1.5258100918910205,3.558376371174155,CARD11;GADD45B;TICAM1;MAP3K14;TIRAP;MALT1;TNFAIP3;RELB;CYLD;SYK;LTB;BCL2;TRADD;TNFRSF13C;BCL10;TRAF5;NFKB2;NFKB1
gs_ind_0,NIK/NF-kappaB Signaling (GO:0038061),8/26,0.14184060633958787,0.9999999999998647,1.7984851314435117,3.512533800272932,MAP3K14;BTRC;TIRAP;MALT1;RELB;TLR6;NFKB2;NFKB1
gs_ind_0,NLS-bearing Protein Import Into Nucleus (GO:0006607),1/9,0.8712616767850634,0.9999999999998647,0.689782983900631,0.09506100349519497,KPNA5
gs_ind_0,NOD-like receptor signaling pathway,19/108,0.79694191501303,0.9999999999998647,0.8508836653666421,0.19312802862828835,TNFAIP3;NOD1;IRF7;OAS3;CCL5;PLCB2;NFKB1;PYCARD;TICAM1;RNASEL;IKBKE;GSDMD;ITPR2;IRF9;BCL2;NFKBIB;CARD8;GABARAPL1;TRAF5
gs_ind_0,Natural Killer Cell Activation (GO:0030101),2/18,0.9071587652944273,0.9999999999998647,0.5920390755996209,0.05768698489803892,PTPRC;RABL3
gs_ind_0,Natural Killer Cell Activation Involved In Immune Response (GO:0002323),2/3,0.10750248347352222,0.9999999999998647,6.520449077786688,14.542175020845065,CORO1A;VAMP2
gs_ind_0,Natural Killer Cell Degranulation (GO:0043320),1/2,0.36582651410140676,0.9999999999998647,3.911014911014911,3.9329011974146835,VAMP2
gs_ind_0,Natural Killer Cell Differentiation (GO:0001779),2/5,0.27018544485746365,0.9999999999998647,2.7940199335548175,3.6563850298756777,PTPRC;RABL3
gs_ind_0,Natural Killer Cell Mediated Cytotoxicity (GO:0042267),2/14,0.8111659406206002,0.9999999999998647,0.7817481956696071,0.1636063210775793,CORO1A;VAMP2
gs_ind_0,Natural killer cell mediated cytotoxicity,11/70,0.8700600305994148,0.9999999999998647,0.7547359300805734,0.10505401041132499,PTPN6;HCST;VAV2;TNFSF10;IFNGR1;PIK3R1;SYK;VAV1;PPP3CA;PIK3R3;SOS2
gs_ind_0,NAD Metabolic Process (GO:0019674),7/18,0.05575824374911168,0.9999999999998647,2.553483499214248,7.371217446287945,NUDT12;NUDT17;NMNAT1;KYNU;KMO;ME1;NMRK1
gs_ind_0,Myeloid Leukocyte Differentiation (GO:0002573),4/43,0.9845899426144981,0.9999999999998647,0.4445981606869694,0.0069046211737324335,PIR;SIRT1;SOCS1;SNX10
gs_ind_0,Myeloid Dendritic Cell Activation (GO:0001773),1/7,0.796950772203989,0.9999999999998647,0.9021719021719021,0.20475907168261248,PYCARD
gs_ind_0,Myeloid Cell Differentiation (GO:0030099),6/41,0.8684176306584526,0.9999999999998647,0.7152518450998265,0.10090954613197228,RASGRP4;TIRAP;HCLS1;EVI2B;TET2;UFL1
gs_ind_0,Monoubiquitinated Histone H2A Deubiquitination (GO:0035522),5/27,0.6692792787264515,0.9999999999998647,0.9556055011505324,0.3837270670883206,SGF29;ATXN7;TADA2B;TAF5;KAT2B
gs_ind_0,Monoubiquitinated Protein Deubiquitination (GO:0035520),5/32,0.8097330769172972,0.9999999999998647,0.7815379675710387,0.16494407283928664,SGF29;ATXN7;TADA2B;TAF5;KAT2B
gs_ind_0,Morphine addiction,5/40,0.9317874225270294,0.9999999999998647,0.6050187785890169,0.042744926244684296,GRK3;GNG7;ARRB2;GNAI3;GRK5
gs_ind_0,Morphogenesis Of A Polarized Epithelium (GO:0001738),1/7,0.796950772203989,0.9999999999998647,0.9021719021719021,0.20475907168261248,FUZ
gs_ind_0,Morphogenesis Of An Epithelial Sheet (GO:0002011),1/5,0.6797672063173691,0.9999999999998647,1.3033509700176367,0.5030998387884896,PALS1
gs_ind_0,Morphogenesis Of An Epithelium (GO:0002009),3/14,0.5656020552601939,0.9999999999998647,1.1900961920772326,0.6781936079104792,DAG1;PALS1;NPHP3
gs_ind_0,Motile Cilium Assembly (GO:0044458),2/10,0.6351727324480614,0.9999999999998647,1.1500070758054626,0.5219402535113675,ENKD1;BBOF1
gs_ind_0,Motor Neuron Axon Guidance (GO:0008045),1/5,0.6797672063173691,0.9999999999998647,1.3033509700176367,0.5030998387884896,PLXNA3
gs_ind_0,Mucin type O-glycan biosynthesis,3/18,0.7411693826261057,0.9999999999998647,0.8826847735518029,0.26438712180913754,GALNT4;GALNT6;C1GALT1C1
gs_ind_0,Mucosal Immune Response (GO:0002385),1/10,0.8974937817113968,0.9999999999998647,0.6171236171236171,0.06674135581913541,OTUD7B
gs_ind_0,Multi-Ciliated Epithelial Cell Differentiation (GO:1903251),1/7,0.796950772203989,0.9999999999998647,0.9021719021719021,0.20475907168261248,CEP63
gs_ind_0,Multicellular Organismal-Level Iron Ion Homeostasis (GO:0060586),2/8,0.5073711921876385,0.9999999999998647,1.5041021528591696,1.0205519747850815,HFE;HMOX1
gs_ind_0,Multinuclear Osteoclast Differentiation (GO:0072674),1/3,0.49498852941534904,0.9999999999998647,2.3464165464165463,1.650048661813499,TCTA
gs_ind_0,Multivesicular Body Assembly (GO:0036258),5/27,0.6692792787264515,0.9999999999998647,0.9556055011505324,0.3837270670883206,CHMP6;VPS4B;CHMP2B;VPS37C;CHMP1B
gs_ind_0,Multivesicular Body Organization (GO:0036257),5/28,0.701969755260673,0.9999999999998647,0.9148662911638424,0.3237391231243193,CHMP6;VPS4B;CHMP2B;VPS37C;CHMP1B
gs_ind_0,Multivesicular Body Sorting Pathway (GO:0071985),8/22,0.06142343550565297,0.9999999999998647,2.295372561188472,6.404006424139378,CHMP6;VPS4B;CHMP2B;UVRAG;DENND10;MITD1;CHMP1B;EXPH5
gs_ind_0,Multivesicular Body-Lysosome Fusion (GO:0061763),3/8,0.21111686342347444,0.9999999999998647,2.4896080976620043,3.8721956321797006,CHMP6;CHMP2B;CHMP1B
gs_ind_0,Myeloid Cell Development (GO:0061515),3/18,0.7411693826261057,0.9999999999998647,0.8826847735518029,0.26438712180913754,NRROS;EVI2B;NCKAP1L
gs_ind_0,Myeloid Cell Activation Involved In Immune Response (GO:0002275),3/11,0.3947032014005075,0.9999999999998647,1.6105265144723058,1.4971795674609456,SYK;PYCARD;IFI35
gs_ind_0,Myelination In Peripheral Nervous System (GO:0022011),1/10,0.8974937817113968,0.9999999999998647,0.6171236171236171,0.06674135581913541,CNTNAP1
gs_ind_0,Myelination (GO:0042552),3/31,0.9663124617782134,0.9999999999998647,0.4795443606609979,0.01643304421729139,ABCD2;ACER3;CNTNAP1
gs_ind_0,Myelin Maintenance (GO:0043217),1/7,0.796950772203989,0.9999999999998647,0.9021719021719021,0.20475907168261248,ABCD2
gs_ind_0,Myelin Assembly (GO:0032288),1/6,0.7450017490315044,0.9999999999998647,1.0662906117451572,0.31388259496961246,CNTNAP1
gs_ind_0,Necroptosis,23/108,0.4425672440234749,0.9999999999998647,1.075138597341084,0.8764130562537343,CHMP6;CAMK2D;TNFAIP3;CHMP2B;JMJD7-PLA2G4B;MLKL;H2AC14;PYCARD;TICAM1;SPATA2L;CYLD;SMPD1;CHMP1B;PYGB;PLA2G4C;TNFSF10;IRF9;BCL2;TRADD;VPS4B;SPATA2;IFNGR1;TRAF5
gs_ind_0,MyD88-independent Toll-Like Receptor Signaling Pathway (GO:0002756),2/6,0.3535944927466926,0.9999999999998647,2.172948409516172,2.2590069951074945,TICAM1;TLR6
gs_ind_0,Muscle Tissue Morphogenesis (GO:0060415),1/10,0.8974937817113968,0.9999999999998647,0.6171236171236171,0.06674135581913541,EFEMP2
gs_ind_0,Muscle Tissue Development (GO:0060537),3/21,0.8317210846862813,0.9999999999998647,0.7393645851852173,0.13623393520139163,IGSF8;TAFAZZIN;POGLUT1
gs_ind_0,Muscle Organ Development (GO:0007517),6/28,0.5189030866690323,0.9999999999998647,1.129714683368128,0.7411359242854559,BORCS8-MEF2B;ITGA7;EVC;SGCE;POU6F1;FKTN
gs_ind_0,Muscle Contraction (GO:0006936),2/34,0.9958201190803884,0.9999999999998647,0.3001788908765653,0.001257341622035895,TAFAZZIN;TPCN2
gs_ind_0,Muscle Cell Differentiation (GO:0042692),3/18,0.7411693826261057,0.9999999999998647,0.8826847735518029,0.26438712180913754,MRTFB;NINJ1;GLMN
gs_ind_0,Muscle Cell Development (GO:0055001),3/17,0.703416858444551,0.9999999999998647,0.943637037569776,0.33197678677575543,EFEMP2;LRRC27;SDC1
gs_ind_0,MyD88-dependent Toll-Like Receptor Signaling Pathway (GO:0002755),3/8,0.21111686342347444,0.9999999999998647,2.4896080976620043,3.8721956321797006,TLR6;IRAK2;TIRAP
gs_ind_0,Negative Regulation Of JNK Cascade (GO:0046329),4/28,0.8510236359077189,0.9999999999998647,0.7176854371984711,0.11577369652446345,FKTN;PTPN22;DUSP10;CYLD
gs_ind_0,Necroptotic Process (GO:0070266),2/7,0.4333076099965977,0.9999999999998647,1.7777210760370343,1.486721268820039,IPMK;MLKL
gs_ind_0,Negative Regulation By Host Of Viral Genome Replication (GO:0044828),1/7,0.796950772203989,0.9999999999998647,0.9021719021719021,0.20475907168261248,ZC3H12A
gs_ind_0,Negative Regulation Of Binding (GO:0051100),7/65,0.9867438109422391,0.9999999999998647,0.5000308928019771,0.006672830570787059,TMC8;E2F1;IFIT1;BAG2;STYX;MITD1;DNAJB2
gs_ind_0,Negative Regulation Of Biomineral Tissue Development (GO:0070168),1/12,0.9350149954629013,0.9999999999998647,0.5097141184097705,0.03424907390651992,HEY1
gs_ind_0,Negative Regulation Of Biosynthetic Process (GO:0009890),3/9,0.27143988032691707,0.9999999999998647,2.1064186896049564,2.746800723669715,ABCD2;ABCD1;COA8
gs_ind_0,Negative Regulation Of Blood Pressure (GO:0045776),2/5,0.27018544485746365,0.9999999999998647,2.7940199335548175,3.6563850298756777,BMPR2;SCPEP1
gs_ind_0,Negative Regulation Of Blood Vessel Morphogenesis (GO:2000181),8/37,0.48932669222119185,0.9999999999998647,1.1268449192035015,0.8053841563624821,GHRL;SYNJ2BP;SPRED1;ALOX5;FOXJ2;FOXO4;AMOT;SPRY2
gs_ind_0,Negative Regulation Of Bone Remodeling (GO:0046851),2/8,0.5073711921876385,0.9999999999998647,1.5041021528591696,1.0205519747850815,TNFAIP3;INPP5D
gs_ind_0,Negative Regulation Of Bone Resorption (GO:0045779),2/6,0.3535944927466926,0.9999999999998647,2.172948409516172,2.2590069951074945,TNFAIP3;INPP5D
gs_ind_0,"Negative Regulation Of CD4-positive, Alpha-Beta T Cell Activation (GO:2000515)",2/4,0.18640155558523228,0.9999999999998647,3.9119486768243785,6.571494931304808,VSIR;CD274
gs_ind_0,"Negative Regulation Of CD4-positive, Alpha-Beta T Cell Proliferation (GO:2000562)",1/2,0.36582651410140676,0.9999999999998647,3.911014911014911,3.9329011974146835,VSIR
gs_ind_0,"Negative Regulation Of CD8-positive, Alpha-Beta T Cell Activation (GO:2001186)",3/5,0.06072572167688534,0.9999999999998647,5.478485480506979,15.347363043995708,HFE;VSIR;SOCS1
gs_ind_0,Negative Regulation Of Calcium Ion Transmembrane Transport (GO:1903170),1/14,0.958804759543803,0.9999999999998647,0.43412965635187856,0.018262884928106907,PPP3CA
gs_ind_0,Negative Regulation Of Calcium Ion Transmembrane Transporter Activity (GO:1901020),1/19,0.9868233624880947,0.9999999999998647,0.3166673166673167,0.004200344831304321,PPP3CA
gs_ind_0,Negative Regulation Of Canonical Wnt Signaling Pathway (GO:0090090),11/82,0.9615824746986621,0.9999999999998647,0.627446062060828,0.024580162157137077,RBX1;FUZ;MLLT3;TLE4;TLE6;CYLD;CCDC88C;STK3;TMEM88;NPHP3;LATS2
gs_ind_0,Negative Regulation Of Carbohydrate Metabolic Process (GO:0045912),1/19,0.9868233624880947,0.9999999999998647,0.3166673166673167,0.004200344831304321,MST1
gs_ind_0,Negative Regulation Of BMP Signaling Pathway (GO:0030514),6/31,0.6263630585514578,0.9999999999998647,0.9965614638339678,0.46621647669900906,LEMD3;UBE2D1;TMEM53;SMURF2;SMAD7;SMURF1
gs_ind_0,Negative Regulation Of Cardiac Muscle Cell Differentiation (GO:2000726),1/4,0.5978508540253882,0.9999999999998647,1.6758743901601045,0.8620931884147255,FRS2
gs_ind_0,Negative Regulation Of Cardiocyte Differentiation (GO:1905208),1/4,0.5978508540253882,0.9999999999998647,1.6758743901601045,0.8620931884147255,FRS2
gs_ind_0,Negative Regulation Of Catabolic Process (GO:0009895),4/48,0.9933227332971566,0.9999999999998647,0.39448102005377245,0.002642888468244381,HFE;AGAP2;RGP1;PDCL3
gs_ind_0,Negative Regulation Of Catalytic Activity (GO:0043086),4/17,0.4663751333137939,0.9999999999998647,1.3036430749478414,0.9943732599893775,SIRT1;PARP9;IFIT1;TP53
gs_ind_0,Negative Regulation Of Catecholamine Secretion (GO:0033604),1/2,0.36582651410140676,0.9999999999998647,3.911014911014911,3.9329011974146835,SYT11
gs_ind_0,Negative Regulation Of Cation Channel Activity (GO:2001258),1/16,0.9738872946210139,0.9999999999998647,0.3780508619218297,0.010003110870083008,PPP3CA
gs_ind_0,Negative Regulation Of Cation Transmembrane Transport (GO:1904063),2/12,0.7354204812815023,0.9999999999998647,0.9308053614388819,0.2860484576995813,CAMK2D;COMMD1
gs_ind_0,Negative Regulation Of Cell Activation (GO:0050866),1/7,0.796950772203989,0.9999999999998647,0.9021719021719021,0.20475907168261248,NR1D1
gs_ind_0,Negative Regulation Of Cell Adhesion (GO:0007162),7/47,0.869978316228873,0.9999999999998647,0.7233377956269522,0.10075154540484262,LPXN;RND1;PTPRC;PLXNA3;RASA1;SEMA4D;ADAM22
gs_ind_0,Negative Regulation Of Cell Communication (GO:0010648),1/11,0.9183821192811181,0.9999999999998647,0.5583041297327012,0.04753497558033882,INPP5D
gs_ind_0,Negative Regulation Of Cell Cycle (GO:0045786),8/64,0.9640604367234041,0.9999999999998647,0.5870471943219487,0.021486686153034007,SIRT1;BTG3;HEXIM1;HEXIM2;NUDT6;HECA;LATS2;RB1
gs_ind_0,Negative Regulation Of Cell Cycle G1/S Phase Transition (GO:1902807),3/26,0.9225999915368105,0.9999999999998647,0.5818140235056375,0.04687065673583295,E2F7;DCUN1D3;RB1
gs_ind_0,Negative Regulation Of Cell Cycle G2/M Phase Transition (GO:1902750),1/4,0.5978508540253882,0.9999999999998647,1.6758743901601045,0.8620931884147255,PINX1
gs_ind_0,Negative Regulation Of Cell Cycle Phase Transition (GO:1901988),1/9,0.8712616767850634,0.9999999999998647,0.689782983900631,0.09506100349519497,ATF5
gs_ind_0,Negative Regulation Of Cell Cycle Process (GO:0010948),6/25,0.4011803929197172,0.9999999999998647,1.3038381242974144,1.1908528518924364,E2F7;TERF1;TP53;E2F8;CCP110;FOXO4
gs_ind_0,Negative Regulation Of Cardiac Muscle Hypertrophy (GO:0010614),2/9,0.5747801384335589,0.9999999999998647,1.303448275862069,0.7218075267435339,FOXO1;P2RX4
gs_ind_0,Negative Regulation Of B Cell Receptor Signaling Pathway (GO:0050859),1/2,0.36582651410140676,0.9999999999998647,3.911014911014911,3.9329011974146835,LPXN
gs_ind_0,Negative Regulation Of B Cell Apoptotic Process (GO:0002903),1/6,0.7450017490315044,0.9999999999998647,1.0662906117451572,0.31388259496961246,BCL10
gs_ind_0,Negative Regulation Of B Cell Activation (GO:0050869),2/13,0.7760853855691137,0.9999999999998647,0.84979603221645,0.21541711776620684,TNFAIP3;PARP3
gs_ind_0,Negative Regulation By Host Of Viral Process (GO:0044793),1/9,0.8712616767850634,0.9999999999998647,0.689782983900631,0.09506100349519497,ZC3H12A
gs_ind_0,Negative Regulation By Host Of Viral Transcription (GO:0043922),1/10,0.8974937817113968,0.9999999999998647,0.6171236171236171,0.06674135581913541,CCL5
gs_ind_0,Negative Regulation Of ATP-dependent Activity (GO:0032780),5/9,0.02109342287281697,0.9999999999998647,4.785091239899395,18.464681362536957,SIRT1;TP53;VCPKMT;IFIT1;PXK
gs_ind_0,Negative Regulation Of Actin Filament Bundle Assembly (GO:0032232),2/22,0.9558870236074068,0.9999999999998647,0.4763627828740196,0.021491368499665764,WAS;PIK3R1
gs_ind_0,Negative Regulation Of Actin Filament Polymerization (GO:0030837),2/15,0.8412494484890192,0.9999999999998647,0.7237815200926668,0.12511797883472436,SSH1;KANK1
gs_ind_0,Negative Regulation Of Actin Nucleation (GO:0051126),4/6,0.018084094274765147,0.9999999999998647,7.04602792489167,28.273754764507046,GMFB;CORO1A;DNAI3;PICK1
gs_ind_0,Negative Regulation Of Activated T Cell Proliferation (GO:0046007),1/5,0.6797672063173691,0.9999999999998647,1.3033509700176367,0.5030998387884896,CD274
gs_ind_0,Negative Regulation Of Activin Receptor Signaling Pathway (GO:0032926),1/5,0.6797672063173691,0.9999999999998647,1.3033509700176367,0.5030998387884896,LEMD3
gs_ind_0,Negative Regulation Of Acute Inflammatory Response (GO:0002674),1/4,0.5978508540253882,0.9999999999998647,1.6758743901601045,0.8620931884147255,SELENOS
gs_ind_0,Negative Regulation Of Adenylate Cyclase Activity (GO:0007194),2/4,0.18640155558523228,0.9999999999998647,3.9119486768243785,6.571494931304808,GNAI3;AKAP5
gs_ind_0,Negative Regulation Of Alcohol Biosynthetic Process (GO:1902931),3/9,0.27143988032691707,0.9999999999998647,2.1064186896049564,2.746800723669715,NFKB1;ERLIN1;CYP27B1
gs_ind_0,Negative Regulation Of Alpha-Beta T Cell Activation (GO:0046636),3/4,0.028603411361812166,0.9999999999998647,9.131557837317503,32.45565032766723,HFE;TNFRSF14;VSIR
gs_ind_0,Negative Regulation Of Alpha-Beta T Cell Differentiation (GO:0046639),1/4,0.5978508540253882,0.9999999999998647,1.6758743901601045,0.8620931884147255,SOCS1
gs_ind_0,Negative Regulation Of Alpha-Beta T Cell Proliferation (GO:0046642),2/5,0.27018544485746365,0.9999999999998647,2.7940199335548175,3.6563850298756777,VSIR;TNFRSF14
gs_ind_0,Negative Regulation Of Amide Metabolic Process (GO:0034249),5/75,0.9997563959915359,0.9999999999998647,0.30377814136349196,7.40105879239172e-05,EIF2AK3;NHLRC3;CPEB3;NANOS3;PATL2
gs_ind_0,Negative Regulation Of Amino Acid Transport (GO:0051956),1/4,0.5978508540253882,0.9999999999998647,1.6758743901601045,0.8620931884147255,SLC43A2
gs_ind_0,Negative Regulation Of Amyloid-Beta Clearance (GO:1900222),1/4,0.5978508540253882,0.9999999999998647,1.6758743901601045,0.8620931884147255,IFNGR1
gs_ind_0,Negative Regulation Of Axonogenesis (GO:0050771),1/10,0.8974937817113968,0.9999999999998647,0.6171236171236171,0.06674135581913541,ULK1
gs_ind_0,Negative Regulation Of Axon Extension Involved In Axon Guidance (GO:0048843),3/12,0.45456002967759573,0.9999999999998647,1.4408791914006096,1.1360256023861053,SEMA7A;SEMA4A;SEMA4D
gs_ind_0,Negative Regulation Of Axon Extension (GO:0030517),3/17,0.703416858444551,0.9999999999998647,0.943637037569776,0.33197678677575543,SEMA4D;SEMA7A;SEMA4A
gs_ind_0,Negative Regulation Of Autophagy (GO:0010507),9/50,0.7149479886845587,0.9999999999998647,0.8946514235692166,0.3001962431726454,BMF;NRBP2;RRAGC;MTMR9;BCL2;SMCR8;ZKSCAN3;PTPN22;RRAGB
gs_ind_0,Negative Regulation Of Autophagosome Assembly (GO:1902902),2/7,0.4333076099965977,0.9999999999998647,1.7777210760370343,1.486721268820039,SMCR8;MTM1
gs_ind_0,Negative Regulation Of Astrocyte Differentiation (GO:0048712),1/4,0.5978508540253882,0.9999999999998647,1.6758743901601045,0.8620931884147255,NR1D1
gs_ind_0,Negative Chemotaxis (GO:0050919),3/17,0.703416858444551,0.9999999999998647,0.943637037569776,0.33197678677575543,SEMA4D;SEMA7A;SEMA4A
gs_ind_0,Negative Regulation Of Arp2/3 Complex-Mediated Actin Nucleation (GO:0034316),3/4,0.028603411361812166,0.9999999999998647,9.131557837317503,32.45565032766723,GMFB;DNAI3;PICK1
gs_ind_0,Negative Regulation Of Apoptotic Signaling Pathway (GO:2001234),11/65,0.7984331565450756,0.9999999999998647,0.8243171652748531,0.1855571126935956,TMEM14A;CAAP1;PLAUR;PELI3;NOL3;BCL2;BCL2L2;FXN;NR4A2;SH3RF1;RB1
gs_ind_0,Negative Regulation Of Apoptotic Process (GO:0043066),53/322,0.9687917041528104,0.9999999999998647,0.7722143687530005,0.024483558340897014,NFATC4;ZC3H12A;PIK3R1;NOL3;IL27RA;TMBIM4;IER3;DDAH2;ZNF304;BCL3;NFKB1;FCMR;IFI6;SPRY2;LIG4;PIM3;TP53;NRBP2;PLAUR;ZNF830;DSTYK;SEMA4D;LAMP3;EVI2B;BCL2L2;ANXA4;FXN;SH3RF1;AGAP2;TGFB3;FOXO1;TMEM14A;GHRL;RASA1;BAG3;IL7;BCL2;IFIT3;HCLS1;DLL1;NR4A2;NCKAP1L;PIK3R3;MAPK8IP3;RB1;PLK3;SIRT1;MALT1;ATF5;ADAM8;GRK5;ERBB2;BNIP1
gs_ind_0,Negative Regulation Of Antigen Receptor-Mediated Signaling Pathway (GO:0050858),3/10,0.3332097623755485,0.9999999999998647,1.8254131236964544,2.0060981191955864,LPXN;PTPN22;PTPRJ
gs_ind_0,Negative Regulation Of Anoikis (GO:2000811),2/12,0.7354204812815023,0.9999999999998647,0.9308053614388819,0.2860484576995813,ZNF304;PIK3R3
gs_ind_0,Negative Regulation Of Angiogenesis (GO:0016525),9/43,0.5237164404274021,0.9999999999998647,1.0767945877567566,0.6964759998848812,GHRL;E2F2;SYNJ2BP;SPRED1;ALOX5;FOXJ2;FOXO4;AMOT;SPRY2
gs_ind_0,Negative Regulation Of Androgen Receptor Signaling Pathway (GO:0060766),2/13,0.7760853855691137,0.9999999999998647,0.84979603221645,0.21541711776620684,SIRT1;PIAS2
gs_ind_0,Negative Regulation Of Appetite (GO:0032099),1/4,0.5978508540253882,0.9999999999998647,1.6758743901601045,0.8620931884147255,MKKS
gs_ind_0,tRNA Wobble Uridine Modification (GO:0002098),2/12,0.7354204812815023,0.9999999999998647,0.9308053614388819,0.2860484576995813,MOCS3;CTU1
