Gene_set,Term,Overlap,P-value,Adjusted P-value,Odds Ratio,Combined Score,Genes,label,origin_group,nominal_p_threshold_used
gs_ind_0,Herpes simplex virus 1 infection,133/493,5.589442493031693e-41,2.4638262509283703e-37,4.8721779213116445,451.5783429878494,ZNF799;NFKB1;ZNF81;ZNF674;ZNF569;ZNF571;ZNF85;ZNF225;ZNF557;ZNF552;ZNF101;ZNF543;ZNF790;TRADD;ZNF605;ZNF785;ZNF514;ZNF597;ZNF200;ZNF436;ZNF563;ZNF34;ZNF726;ZNF224;ZNF184;ZNF182;ZNF30;ZNF44;ZNF17;ZNF484;ZNF671;BAD;ZNF786;C5;RNASEL;ZNF519;ZNF181;HLA-DMA;ZNF620;ZNF41;ZNF623;ZNF607;ZNF235;IKBKE;ZNF764;ZNF700;ZNF778;ZNF555;BCL2;ZNF14;ZNF813;TAP2;ZNF783;ZNF596;ZNF169;ZNF234;ZNF304;ZNF823;ZNF212;ZNF566;ZNF136;ZNF684;ZNF443;ZNF133;ZNF736;ZNF283;ZNF316;ZNF10;ZNF251;ZNF717;ZNF441;ZNF25;ZNF33A;ZNF567;ZNF79;ZFP82;ZNF222;ZNF688;ZNF205;ZNF845;PIK3R1;ZNF707;ZNF383;SYK;ZNF417;ZNF8;ZNF680;ZNF20;ZNF189;PIK3R3;ZNF19;ZNF77;ZNF2;TP53;TNFRSF14;IFNGR1;IRF9;ZNF891;ZNF23;ZNF418;ZNF221;IFIH1;ZNF599;ZNF780B;CCL5;ZNF619;ZNF641;ZNF559;HCFC2;ZNF510;ZNF248;ZNF559-ZNF177;ZNF57;ZNF91;ZNF517;ZNF761;ZNF878;ZNF433;ZNF589;ZNF616;RBAK;ZNF530;IRF7;ZNF547;ZNF337;ZNF550;EIF2AK3;TICAM1;OAS3;ZNF480;TRAF5;ZNF630;ZNF333,EXPLORATORY -- NOT FDR-CORRECTED,GM12878-origin,0.05
gs_ind_0,Regulation Of DNA-templated Transcription (GO:0006355),294/1911,3.61892198827935e-35,7.976104062167687e-32,2.450952123203427,194.37104752928977,ZNF799;MAP3K12;ZNF524;MTRES1;NFKB1;PKNOX1;CDK11B;PURB;IRF2;RB1;TGFB3;CDKN2AIP;ZSCAN31;KAT2B;NCOA2;CBFA2T2;ZNF85;OSR2;SFR1;WWC3;MBIP;JDP2;ZNF446;ZNF449;RYBP;JMY;ZNF101;CD80;NFATC4;HOXB4;BICRA;MAFK;FOSL1;ZNF397;ZNF516;SIRT1;EBF1;ANKRD49;ZBTB22;ZNF219;KAT6B;EID2B;ETV6;ZSCAN21;BRD1;FOXO1;SGF29;GZF1;TULP3;ZNF597;ZNF563;ZNF296;MLLT11;ZNF224;ZBTB3;THAP1;MELTF;MSL2;KLF9;ZNF44;ZNF500;FOXJ2;MED29;ZNF671;ZNF525;ZXDB;TADA2B;E2F7;TAF5;MXD3;CC2D1A;KLF12;FZD2;LANCL2;MAP2K3;RFX1;DXO;ZNF519;IKZF5;ATXN1L;ZNF740;PPP1R13L;ANXA4;ZNF76;EID2;KDM8;TBX6;RPS6KA5;PATZ1;PRR7;ZNF700;HEY1;LCORL;TFPT;ZEB1;SETDB2;ELK4;GMEB1;ZNF14;ZKSCAN2;SP2;HEXIM2;ZNF35;SPIN3;BCL7C;ELK3;APBB3;SPIN2B;GLI4;RELB;INO80D;ING4;BTRC;ZNF138;ZNF212;ZNF823;TSHZ1;ZHX3;HAVCR2;MAFF;ZSCAN22;ZNF579;CYP27B1;AKAP17A;SIX5;ZSCAN29;ZNF443;CREB3;ZNF736;CEP290;ZNF691;ZBTB43;ZNF316;METTL4;ZC3H8;PPARGC1B;ZNF18;ZKSCAN4;CREB3L4;BRPF3;DTX3L;MPHOSPH8;PCBD2;BCL3;E2F2;ZNF696;ZNF441;ZSCAN26;POLR3F;LOXL3;FOXP4;TFEB;MZF1;IKZF2;GPATCH3;ZNF33A;ZNF821;SAP30L;ZNF567;ING2;ZNF865;SFMBT1;ZBTB4;MAP3K5;RBM15B;CAMK2D;ZNF485;PBXIP1;ZXDC;SMURF2;KAT14;ZNF205;E2F5;PIAS2;ZNF707;RFX3;GLRX2;ZNF383;NMNAT1;ARID5A;HDAC10;ZSCAN20;ZNF680;INO80B;CALCOCO1;FOXN3;CREBRF;SOX4;ZFAT;ZNF165;ZNF628;GMEB2;CDK5R1;CSRNP2;ZNF2;SP140L;TP53;HIC1;HINFP;NFKB2;DGKQ;PARP9;IRF9;ZNF221;ZNF66;SMAD7;CREBL2;FOXO4;SUFU;ZFHX2;ZNF780B;RFXAP;DBP;BCL10;TOX2;HTATSF1;MED31;POU6F1;ZBTB10;ARID5B;NKAP;INSR;FOSB;CBY1;KTI12;ZNF92;ZNF215;PBX4;KLF13;ZNF345;ZNF367;PPARD;ZMIZ2;HCFC2;HMX3;HCLS1;TP53INP2;ZNF117;PURA;TRIP4;ZNF510;CCDC106;ATXN1;DYRK1B;E2F1;NRL;ZKSCAN3;ESR2;MBTD1;TRERF1;ZBTB14;ZNF57;ZNF517;ATXN7;BRCA2;ZNF653;ZNF646;ZNF75D;ZBTB24;ZNF395;ZNF878;MLLT3;ZNF408;ATF5;INO80C;RNF20;HIVEP3;ZNF433;ZBTB47;NR1D1;HEXIM1;TP53INP1;RBAK;WWC1;PER2;MNT;KLRG1;IRF7;ZNF202;ZNF710;NR4A2;ZBTB41;ZNF438;MXD4;ZNF341;ZNF497;E2F8;ZNF213;LOC122539214;SAP18;SAP30;NFE2L3;MAP3K10;GCFC2,EXPLORATORY -- NOT FDR-CORRECTED,GM12878-origin,0.05
gs_ind_0,Negative Regulation Of DNA-templated Transcription (GO:0045892),166/1023,1.4443337291927408e-22,2.122207692760534e-19,2.5504950641651134,128.26241738279256,LINC-PINT;NFKB1;RB1;IRF2;ZNF674;ZBTB37;CBFA2T2;OSR2;ZNF557;WWC3;JDP2;MAGEH1;TLE6;NFATC4;MAFK;MOSPD1;SIRT1;ZNF219;KAT6B;ZNF785;EID2B;MAGED2;ETV6;TAF3;GZF1;FOXO1;ZNF436;DUSP22;ZNF224;UBE2D1;PEX2;THAP1;ZSCAN2;E2F7;LANCL2;KLF12;PLK3;IKZF5;ZNF620;CPEB3;EID2;KDM8;ZNF764;TBX6;RPS6KA5;PATZ1;HEY1;ZNF778;SETDB2;ZEB1;ELK4;ZNF555;OTUD7B;SP2;HEXIM2;ELK3;ING4;BTRC;SEMA4D;ZNF596;ZNF169;ZMYM5;ZNF304;ZHX3;MAFF;CYP27B1;ZNF566;ZNF136;ZNF684;ZNF133;ZBTB39;ZC3H8;ZNF10;MPHOSPH8;BCL3;LOXL3;MZF1;ZNF25;SAP30L;ING2;ZBTB4;ZNF79;RBM15B;SFMBT1;ZBTB25;PBXIP1;SMURF2;ZNF205;MAGEF1;MEIS2;RFX3;ZBTB2;NMNAT1;ARID5A;HDAC10;ZNF8;IRF2BPL;ZNF20;FOXN3;ZNF19;SOX4;ZNF77;CDK5R1;HINFP;TP53;HIC1;ZBTB1;PARP9;ZNF891;ZBTB20;SMAD7;BRMS1L;SUFU;ZNF599;ZNF619;POU6F1;ZBTB10;ARID5B;ZNF491;NSMCE3;NKAP;CBY1;FOSB;BEND3;ZNF641;ZBTB26;ZNF559;ZNF345;HCFC2;PPARD;PURA;FLYWCH1;ATXN1;E2F1;ZKSCAN3;ESR2;ZNF248;TRERF1;ZBTB14;SOX12;BCL6B;ATF5;ZNF512B;NR1D1;ZBTB6;ZNF589;RBAK;HEXIM1;WWC1;PER2;IRF7;ZFP36;MNT;MXD4;NR4A2;ZNF337;ZNF202;ZNF550;ZBTB49;MED9;E2F8;SAP18;SAP30;ZBTB32;MAP3K10;GCFC2,EXPLORATORY -- NOT FDR-CORRECTED,GM12878-origin,0.05
gs_ind_0,Organelle Assembly (GO:0070925),78/313,3.1592359179522753e-22,3.4814779815834076e-19,4.319962737684257,213.86641604470395,TRAPPC14;UBXN2A;TOGARAM1;ALPK1;TXNDC15;TCTN1;AP1S3;GABARAPL1;MKKS;RILPL2;VPS4B;FUZ;ATG2B;OFD1;MACIR;HPS3;ATG14;IFT46;STX12;HPS6;CHMP6;RAB3IP;CHMP1B;KIF3A;RAB23;WIPI1;WDR19;BBIP1;CEP290;KIF27;CHMP2B;ATG16L2;VPS37C;ULK1;DNMBP;FBF1;ARL6;UBXN2B;ATAT1;RFX3;RP2;ARMC9;IFT22;STK36;IFT74;FAM149B1;TMEM67;CEP162;KIF24;FAM161A;TMEM216;IFT81;SPAG16;TMEM237;CEP83;NPHP3;TCTN2;NEK1;ARL3;IFT80;TP53INP2;B9D1;IFT20;KIAA0753;HPS5;RAB43;CILK1;STX7;EHD4;TTBK2;PIBF1;RPGR;TP53INP1;SNX10;DYNLT2B;CORO1A;BBS9;IFT27,EXPLORATORY -- NOT FDR-CORRECTED,GM12878-origin,0.05
gs_ind_0,Negative Regulation Of Transcription By RNA Polymerase II (GO:0000122),133/762,4.19248965286732e-21,3.696098877967829e-18,2.7710810641532646,130.0218730138088,LINC-PINT;NFKB1;RB1;IRF2;ZNF674;ZBTB37;OSR2;ZNF557;WWC3;JDP2;MAGEH1;TLE6;MAFK;MOSPD1;SIRT1;ZNF219;ZNF785;MAGED2;ETV6;TAF3;GZF1;ZNF436;DUSP22;ZNF224;UBE2D1;PEX2;THAP1;ZSCAN2;E2F7;CC2D1A;KLF12;PLK3;IKZF5;ZNF620;CPEB3;ZNF764;TBX6;PATZ1;HEY1;ZNF778;ZEB1;ELK4;ZNF555;OTUD7B;SP2;HEXIM2;SEMA4D;ZNF596;ZNF169;ZMYM5;ZNF304;MAFF;CYP27B1;ZNF566;ZNF136;ZNF684;ZNF133;ZBTB39;ZNF10;MZF1;ZNF25;SAP30L;ING2;ZBTB4;ZNF79;ZBTB25;SMURF2;ZNF205;MAGEF1;MEIS2;ZBTB2;ARID5A;HDAC10;ZNF8;IRF2BPL;ZNF20;ZNF19;SOX4;ZNF77;BAG3;TP53;HIC1;ZBTB1;PARP9;ZNF891;ZBTB20;SMAD7;BRMS1L;SUFU;ZNF599;ZNF619;POU6F1;ZBTB10;ARID5B;ZNF491;NSMCE3;NKAP;FOSB;BEND3;ZNF641;ZBTB26;ZNF559;ZNF345;HCFC2;PPARD;PURA;FLYWCH1;ATXN1;E2F1;ZKSCAN3;ESR2;ZNF248;SOX12;BCL6B;NR1D1;ZBTB6;ZNF589;HEXIM1;WWC1;PER2;IRF7;ZFP36;MNT;MXD4;NR4A2;ZNF337;ZNF202;ZNF550;ZBTB49;MED9;E2F8;SAP30;ZBTB32,EXPLORATORY -- NOT FDR-CORRECTED,GM12878-origin,0.05
gs_ind_0,Cilium Assembly (GO:0060271),63/232,2.730298124561471e-20,2.0058590221778273e-17,4.839441742946388,218.00374073101267,IFT46;TCTN2;TRAPPC14;FBF1;TOGARAM1;NEK1;ARL3;ARL6;TMEM80;TBC1D32;ALPK1;RPGRIP1L;ATAT1;IFT80;GORAB;RFX3;RP2;B9D1;RAB3IP;TXNDC15;ARMC9;IFT22;STK36;IFT20;IFT74;KIAA0753;BBOF1;CC2D2B;TCTN1;CEP162;FAM149B1;TMEM67;CILK1;MKKS;EHD4;ENKD1;TTBK2;DNMBP;RILPL2;PIBF1;KIF3A;RAB23;RPGR;FUZ;WDR19;KIF24;IFT27;SNX10;BBIP1;CEP290;KIF27;DYNLT2B;FAM161A;TMEM216;IFT81;BBS10;SPAG16;TMEM237;BBS9;OFD1;MACIR;CEP83;NPHP3,EXPLORATORY -- NOT FDR-CORRECTED,GM12878-origin,0.05
gs_ind_0,Cilium Organization (GO:0044782),59/217,3.9977398662384474e-19,2.517433904339868e-16,4.844310093451875,205.22138613816,IFT46;TCTN2;TRAPPC14;FBF1;TOGARAM1;NEK1;ARL3;ARL6;FAM161B;CEP78;ALPK1;ATAT1;IFT80;RFX3;CCDC32;RP2;B9D1;RAB3IP;TXNDC15;ARMC9;IFT22;STK36;IFT20;IFT74;KIAA0753;TCTN1;CEP162;FAM149B1;TMEM67;CILK1;MKKS;EHD4;TTBK2;DNMBP;RILPL2;PIBF1;KIF3A;RAB23;RPGR;FUZ;WDR19;KIF24;IFT27;SNX10;CEP290;KIF27;BBIP1;DYNLT2B;FAM161A;TMEM216;IFT81;SPAG16;TMEM237;CCP110;BBS9;OFD1;MACIR;CEP83;NPHP3,EXPLORATORY -- NOT FDR-CORRECTED,GM12878-origin,0.05
gs_ind_0,Plasma Membrane Bounded Cell Projection Assembly (GO:0120031),62/265,1.527647665797231e-16,8.417338638542743e-14,3.9626949479770412,144.31196796427272,AIF1;IFT46;TCTN2;TRAPPC14;FBF1;TOGARAM1;NEK1;ARL3;ARL6;ALPK1;ATAT1;IFT80;CARMIL1;RFX3;RP2;B9D1;RAB3IP;TXNDC15;ARMC9;SRGAP3;IFT22;STK36;IFT20;IFT74;KIAA0753;TCTN1;CEP162;FAM149B1;TMEM67;CILK1;MKKS;EHD4;TTBK2;DNMBP;RILPL2;PIBF1;KIF3A;S1PR2;RAB23;RPGR;FUZ;WDR19;KIF24;IFT27;SNX10;CEP290;BBIP1;KIF27;DYNLT2B;FAM161A;TMEM216;WHAMM;IFT81;SPAG16;TMEM237;BBS9;OFD1;S1PR1;MACIR;CEP83;NPHP3;RAP2A,EXPLORATORY -- NOT FDR-CORRECTED,GM12878-origin,0.05
gs_ind_0,Regulation Of Nucleic Acid-Templated Transcription (GO:1903506),81/451,4.3584668764787276e-14,2.1346802212798037e-11,2.843866955270608,87.4889247565167,CDK11B;RB1;IRF2;KAT2B;NCOA2;ZNF85;WWC3;MBIP;RYBP;ZNF516;ZNF219;KAT6B;ZSCAN21;BRD1;SGF29;GZF1;TULP3;THAP1;ZNF519;ATXN1L;RPS6KA5;PATZ1;SPIN3;ZNF35;APBB3;GLI4;SPIN2B;ING4;ZNF138;ZNF212;AKAP17A;ZNF736;PPARGC1B;BRPF3;ZSCAN26;MZF1;TFEB;ZNF33A;SAP30L;ING2;ZBTB4;KAT14;ZNF205;GLRX2;RFX3;HDAC10;ZNF680;FOXN3;SOX4;ZFAT;ZNF628;ZNF2;HINFP;TP53;HIC1;NFKB2;ZNF221;ZNF66;CREBL2;FOXO4;SUFU;INSR;ZNF92;HCFC2;HCLS1;ZNF117;TRIP4;E2F1;ESR2;BRCA2;ZNF653;ZNF646;ZNF395;ATF5;RNF20;RBAK;WWC1;KLRG1;ZNF341;SAP30;GCFC2,EXPLORATORY -- NOT FDR-CORRECTED,GM12878-origin,0.05
gs_ind_0,Regulation Of Gene Expression (GO:0010468),152/1123,1.0668149232307561e-13,4.702520181601173e-11,2.0461601298333596,61.11661104092349,NFKB1;CDK11B;RB1;IRF2;RIGI;KAT2B;NCOA2;ZBTB37;ZNF85;OSR2;DLL1;WWC3;MBIP;TCEAL1;RYBP;ZNF516;SIRT1;LAMP3;ZNF219;KAT6B;ZNF335;ZSCAN21;BRD1;SGF29;GZF1;TULP3;TOB2;THAP1;MSL2;EOLA1;BTN2A2;TADA2B;ZNF519;ATXN1L;BTN3A2;ATG14;ACTA2;AIF1;ADAM19;ZC3H12A;RPS6KA5;PATZ1;RNF207;SETDB2;SPIN3;ZNF35;VSIR;APBB3;GLI4;SPIN2B;ING4;ZNF138;HFE;ZNF212;PDCL3;HAVCR2;BTN3A1;ANKRA2;CYP27B1;AKAP17A;SMCR8;ZNF736;ZBTB39;METTL4;PPARGC1B;BRPF3;TRIM6;ZSCAN26;TFEB;MZF1;ITGB8;ZNF33A;SAP30L;GLMN;ING2;ZBTB4;ZNF513;BTN2A1;ZBTB25;KAT14;TIPARP;ZNF205;GLRX2;RFX3;ZBTB2;BMPR2;HDAC10;ZNF680;FOXN3;CALCOCO1;ZC3H10;PIK3R3;SOX4;ZFAT;ZNF628;ZNF2;PTPN22;HINFP;TP53;HIC1;TRAPPC2B;IFNGR1;NFKB2;ZBTB1;DGKQ;PARP9;LRP3;ZBTB20;ZNF221;ZNF66;KDM6B;CREBL2;FOXO4;SUFU;FAM98B;INSR;ZNF92;PTPRC;ZBTB26;ZNF407;COQ7;SPRY2;HCFC2;SFMBT2;HCLS1;ZNF117;TRIP4;E2F1;ESR2;ATXN7;BRCA2;ZNF646;BCL6B;ZNF395;BTN2A3P;ATF5;RNF20;TLR6;ZBTB6;ILDR1;RBAK;WWC1;KLRG1;ZBTB49;ZNF341;EIF2AK3;TICAM1;METTL18;SAP30;ZBTB32;BTN3A3;GCFC2,EXPLORATORY -- NOT FDR-CORRECTED,GM12878-origin,0.05
gs_ind_0,Vesicle-Mediated Transport (GO:0016192),72/405,1.8297200552917624e-12,7.332187276114626e-10,2.8048293326675466,75.80572446977455,TRIM23;DNM1;CYTH1;STX6;RAB22A;ARL6;SCRN1;ARL11;STX12;MYO6;VAMP2;PXK;EXOC8;TBC1D2B;DENND1B;CHMP6;EXPH5;SNAPIN;RAB12;RAB3IP;SYTL1;RAB39A;RHOQ;RAB30;RAB4A;ZFYVE9;NCALD;BLOC1S2;VAMP1;AP4E1;AP5S1;ALS2;MTM1;RAB43;UVRAG;AGAP2;TMCC1;STX7;AP1S3;RAB34;SNX18;EHD4;CHM;CHMP1B;RAB4B;VPS4B;AP5Z1;ZFYVE16;IFT27;RINL;TBC1D4;SNX16;WASL;RAB3A;UEVLD;TSNARE1;PLEKHF1;AP4S1;MAPK8IP3;CHMP2B;RHOV;STX8;MITD1;DTX3L;ZFYVE27;COMMD1;CCL5;SYT11;CEP83;AKTIP;ATG14;RAB2B,EXPLORATORY -- NOT FDR-CORRECTED,GM12878-origin,0.05
gs_ind_0,Protein Modification Process (GO:0036211),102/706,3.039479060930687e-11,1.1165019750485391e-08,2.1942425731345208,53.13742357784485,MAP3K12;HCST;CDK11B;LATS2;PASK;GLYCTK;GMPPB;NTAQ1;MTM1;TRIB1;UVRAG;MAP4K1;TP53RK;TAF3;PLPP6;CDK19;TAF5;B4GALT7;ATG4A;NEK3;ADPRH;RNASEL;ATG14;FER;IKBKE;AGA;MAP3K9;RPS6KA5;PTPRJ;FGR;ERBB2;LIMK2;ING4;BTRC;ALG10B;TESK2;PPEF1;MTMR6;TSSK6;WIPI1;RBX1;STK3;STK10;ATG16L2;MSRA;CTDP1;STK17A;ULK1;UBLCP1;NEK11;PICK1;NAA80;MAP3K5;FKTN;CAMK2D;PXK;GMFB;ERN1;FUT4;BMPR2;METAP1D;MTMR3;SYK;STK36;LIPT1;STK38;PPP2R5B;PIM3;MANBA;PORCN;ATG4C;PTPN22;PGAP1;ST8SIA4;PDK2;GRK5;CDKL3;MAP4K2;PTPN6;CTTNBP2NL;JMJD7;GRK3;INSR;NEK1;SLC35A1;PTPRC;PPM1D;PPP3CA;BRSK1;TP53INP2;ST3GAL3;DYRK1B;PPM1M;SSH1;CILK1;ATG10;HASPIN;DUSP11;ATE1;UBE2L6;EIF2AK3;GLRX,EXPLORATORY -- NOT FDR-CORRECTED,GM12878-origin,0.05
gs_ind_0,DNA Damage Response (GO:0006974),66/382,5.443343789371014e-11,1.8457122633498023e-08,2.7067348969703273,63.97108754720033,HELB;NSMCE3;CEP63;RAD51D;IKBKE;PARP2;DDB2;ZBTB4;ING2;MUTYH;CDKN2AIP;SHLD1;ZC3H12A;TRAIP;BRSK1;FANCC;ALKBH1;FLYWCH1;BCL2;E2F1;FAM111A;ETAA1;USP51;KIN;SIRT1;TREX1;SUSD6;TRAPPC13;ALKBH3;NRDE2;UVRAG;FANCF;SLF2;ERCC4;BCL2L2;HINFP;TP53;FOXO1;TENT4A;ENDOV;ZNF668;HIC1;CENPS;POLI;VCPIP1;RBX1;ZBTB1;RAD9B;RAD51B;IRF7;IER3;SLX4;UBE2E2;HPF1;RRM2B;MAP2K6;ALKBH8;ANKLE1;STXBP4;XPA;PLK3;DTX3L;BCL3;MOAP1;CRADD;TOPORS,EXPLORATORY -- NOT FDR-CORRECTED,GM12878-origin,0.05
gs_ind_0,Interferon Gamma Response,42/197,2.5236674536291475e-10,7.945947239712345e-08,3.5077617078630556,77.52201692972123,TRIM21;ARID5B;NFKB1;MVP;LATS2;IRF2;DDX60;XAF1;CMPK2;IFI35;GCH1;APOL6;TNFAIP3;CD274;BPGM;IL18BP;IL7;SAMD9L;NOD1;SLC25A28;SOCS1;ST8SIA4;NMI;IRF9;IFIT3;CASP7;MX1;UBE2L6;TRIM26;DHX58;IRF7;IFIT1;HERC6;HELZ2;TNFSF10;OAS3;PTPN6;IFIH1;PSMB9;CCL5;HLA-DMA;PSMB8,EXPLORATORY -- NOT FDR-CORRECTED,GM12878-origin,0.05
gs_ind_0,Positive Regulation Of DNA-templated Transcription (GO:0045893),151/1241,4.054768079561341e-10,1.1915611796470928e-07,1.8047418573610716,39.02927059333528,MAP3K12;NFKB1;IRF2;RIGI;TGFB3;KAT2B;NCOA2;OSR2;SFR1;DLL1;BORCS8-MEF2B;NCK2;RYBP;CD80;HOXB4;BICRA;FOSL1;ELL;ZNF516;MOSPD1;SIRT1;ANKRD49;KAT6B;ZSCAN21;TAF3;FOXO1;SGF29;FIZ1;TET2;MLLT11;THAP3;PEX2;MELTF;MSL2;FOXJ2;TADA2B;E2F7;TAF5;EAF2;FZD2;MAP2K3;DXO;RNASEL;MRTFB;GTF2F2;USF3;ZNF76;KDM8;ZC3H12A;RPS6KA5;HEY1;PLAGL1;TFPT;ELK4;ERBB2;ANKRD23;WWOX;ELK3;RELB;INO80D;EFCAB7;BTRC;MAPK7;ZNF304;MAFF;CYP27B1;CREB3;CEP290;LEO1;MIR9-1HG;ZC3H8;PPARGC1B;CRTC1;CREB3L4;E2F2;DTX3L;PCBD2;BCL3;TFEB;BCAS3;MZF1;GPATCH3;ING2;MAP3K5;ZXDC;PIK3R1;MEIS2;RFX3;WAS;BMPR2;RHOQ;IRF2BPL;NUFIP1;INO80B;CALCOCO1;CREBRF;SOX4;CSRNP2;HINFP;TP53;NFKB2;PARP9;IRF9;WASL;ATAD2B;AKNA;KDM6B;CREBL2;FOXO4;RFXAP;DBP;BCL10;TOX2;HOXB2;PAGR1;SPAG8;PBX4;ZMIZ2;PPP3CA;PPARD;HCLS1;TP53INP2;TRIP4;DYRK1B;E2F1;NRL;ZKSCAN3;ESR2;MBTD1;TRERF1;BCL9L;ATXN7;BRCA2;SOX12;ZNF395;MLLT3;IL4I1;ATF5;INO80C;RNF20;NR1D1;TP53INP1;IRF7;NR4A2;HELZ2;ELL3;ZBTB49;EIF2AK3;MED9;E2F8;HIVEP3,EXPLORATORY -- NOT FDR-CORRECTED,GM12878-origin,0.05
gs_ind_0,Defense Response To Virus (GO:0051607),40/189,8.373273938600276e-10,2.306836970084376e-07,3.475115134553073,72.63270715193357,MLKL;RNF185;TRIM21;IKBKE;DDX60;IRF2;APOBEC3D;RIGI;PTPRC;PYCARD;SHFL;IFI6;APOBEC3F;BCL2;CARD8;UBE2W;TRIM56;TRIM32;SENP7;NCBP3;IFIT3;MX1;PMAIP1;TRIM26;DHX58;MARCHF2;IFIT1;IRF7;SLFN13;MAP3K14;IFIT5;OAS3;SERINC5;IFIH1;RNASEL;TRIM6;APOBEC3G;TRIM13;TRIM52;RAB2B,EXPLORATORY -- NOT FDR-CORRECTED,GM12878-origin,0.05
gs_ind_0,Protein Ubiquitination (GO:0016567),67/430,3.421639852043989e-09,8.103745575958083e-07,2.3901226473441053,46.59100951198719,PEX12;TRIM21;TRIM69;RNF185;TRIM23;MIB2;RNF122;DDB2;TOPORS;UVSSA;RNF227;SMURF2;TRAIP;KLHL2;FANCC;DDA1;NHLRC3;MAGEF1;UBOX5;BCL2;RNF146;SMURF1;RNF103;SH3RF1;TRIM68;KBTBD8;SIRT1;FBXL15;HACE1;CUL9;BRCA2;RNF43;ARRB2;BTRC;FANCF;KCTD13;PEX10;RNF19B;UBE2W;DZIP3;TRIM56;FBXL17;RNFT1;RNF20;TRIM32;RPGR;VCPIP1;RBX1;ANKRD9;ZNF738;UBE2D1;MSL2;NEDD4;UBE2L6;PEX2;MARCHF2;TRIM26;TRIM13;HERC6;RNF38;OBI1;DTX3L;UBE2C;TRIM6;FBXL3;TRIM38;TRIM52,EXPLORATORY -- NOT FDR-CORRECTED,GM12878-origin,0.05
gs_ind_0,TNF-alpha Signaling via NF-kB,40/198,3.4869951954788845e-09,8.103745575958083e-07,3.2770432129022544,63.81787832792072,CD83;ZBTB10;NFKB1;FOSB;IL23A;PFKFB3;ZC3H12A;GADD45B;SERPINB8;MARCKS;TIPARP;FUT4;GCH1;CD80;FOSL1;PHLDA1;TNFAIP3;SLC16A6;RELB;BTG3;NFKBIE;TRIB1;RNF19B;KYNU;MAFF;NFKB2;NINJ1;ZFP36;KLF9;IER3;SNN;NR4A2;DRAM1;KDM6B;MAP2K3;IFIH1;BCL3;CCL5;PLAUR;MAP3K8,EXPLORATORY -- NOT FDR-CORRECTED,GM12878-origin,0.05
gs_ind_0,Mitochondrial Cytochrome C Oxidase Assembly (GO:0033617),12/21,3.492993782740553e-09,8.103745575958083e-07,16.78600160901046,326.86552797587433,COX19;TMEM223;SURF1;PET100;COX17;COA8;UQCC5;PET117;FASTKD3;SMIM20;COX16;COX20,EXPLORATORY -- NOT FDR-CORRECTED,GM12878-origin,0.05
gs_ind_0,Regulation Of I-kappaB kinase/NF-kappaB Signaling (GO:0043122),43/230,1.0684022387423629e-08,2.3547585341881675e-06,2.9761079148382903,54.62502166881829,TRIM21;IKBKE;MIB2;ZDHHC13;TIRAP;ZC3H12A;SPHK2;ALPK1;MAPKBP1;CARD19;OTUD7B;TRADD;TNFAIP3;CARD8;TRIM68;SIRT1;TIFA;ARRB2;NOD1;HMOX1;TRIM32;TLR6;NR1D1;UFL1;AKAP13;TRIM13;APOL2;MAP3K14;IFIT5;TNFSF10;TICAM1;CC2D1A;OPTN;CARD11;MALT1;TMEM9B;TRIM6;BCL10;TRAF5;PYCARD;TRIM38;TRIM52;LTB,EXPLORATORY -- NOT FDR-CORRECTED,GM12878-origin,0.05
gs_ind_0,Organelle Organization (GO:0006996),64/416,1.251394151766621e-08,2.6267359147558408e-06,2.353511804663373,42.825495139290894,MIEF2;BCAS3;KIF9;UBXN2A;ATL1;RB1;PI4K2B;LIG4;PYROXD2;FAM161B;ABCD2;UBXN2B;CEP78;DST;CEP55;HPS6;CNTNAP1;PEX1;CCDC32;CHMP6;PTCD2;AGTPBP1;RAB30;TNFAIP3;FAM174B;HACE1;ADCK1;ATXN7;RAB43;GOLGA8A;ABCD1;PEX10;TMCC1;DOP1B;STX7;RAB34;TAFAZZIN;CHMP1B;KIF3A;MAST3;CFAP410;VPS4B;ZFYVE16;ATP8B3;SYNE3;PEX2;SIPA1L3;WASL;SNX10;NOL3;RAB2B;PLEKHF1;FAM161A;CHMP2B;EIF2AK3;PACSIN1;SIRT5;OPTN;PEX7;FITM2;COG6;PEX12;HPS3;BNIP1,EXPLORATORY -- NOT FDR-CORRECTED,GM12878-origin,0.05
gs_ind_0,Regulation Of Cilium Assembly (GO:1902017),21/71,1.9077951782006127e-08,3.822527793412864e-06,5.441494367284074,96.72110691825132,TBC1D30;TESK1;TBC1D13;TBC1D17;TBC1D2B;TBC1D22A;TBC1D8;CYLD;IFT20;LIMK2;ODF2L;FUZ;KIF24;TBC1D2;TCHP;DYNLT2B;CEP97;TBC1D10C;CCP110;TBC1D22B;TBC1D10A,EXPLORATORY -- NOT FDR-CORRECTED,GM12878-origin,0.05
gs_ind_0,DNA Metabolic Process (GO:0006259),49/288,2.5564130007461194e-08,4.811316502081709e-06,2.652989812475714,46.37976857279734,HELB;NSMCE3;RAD51D;PARP2;DDB2;LIG4;DMC1;MUTYH;TFPT;CTC1;FANCC;PURA;ALKBH1;PARP3;GLRX2;FAM111A;DCLRE1C;DFFB;KIN;EXD2;INO80B;TREX1;INO80D;TERF1;THAP9;UVRAG;DNASE1L1;ALKBH3;ERCC4;TBRG1;POLI;ZNF668;TENT4A;HINFP;ENDOV;ZBTB1;INO80C;CENPS;SETMAR;NUDT15;RAD9B;RAD51B;LTO1;DNASE1;SLX4;HPF1;RRM2B;XPA;NT5M,EXPLORATORY -- NOT FDR-CORRECTED,GM12878-origin,0.05
gs_ind_0,tRNA Modification (GO:0006400),20/66,2.6195915619319648e-08,4.811316502081709e-06,5.633466722867198,98.34715979918712,BCDIN3D;KTI12;MOCS3;TYW5;TRDMT1;ALKBH1;GON7;DTWD2;OSGEPL1;CTU1;TYW1B;THUMPD2;TRMT6;TRMT10A;TRMT61A;TRUB1;TRMO;ALKBH8;TRMT13;PUS10,EXPLORATORY -- NOT FDR-CORRECTED,GM12878-origin,0.05
gs_ind_0,Positive Regulation Of Autophagy (GO:0010508),26/106,3.103599889727715e-08,5.4313045223434355e-06,4.21107872949392,72.80162619942055,TRIM21;TRIM23;GNAI3;ZC3H12A;SVIP;DHRSX;DEPDC5;TRIM68;SIRT1;EPM2A;WDR24;FOXO1;TRIM32;UFL1;TP53INP1;PLEKHF1;TRIM13;BAD;TICAM1;OPTN;PLK3;SESN1;TRIM6;ULK1;TRIM38;TFEB,EXPLORATORY -- NOT FDR-CORRECTED,GM12878-origin,0.05
gs_ind_0,DNA Repair (GO:0006281),49/290,3.2035825222533876e-08,5.4313045223434355e-06,2.630885373839007,45.399639363149866,NSMCE3;RAD51D;PARP2;DDB2;LIG4;RNASEH2C;MUTYH;TRAIP;EME2;FANCC;ALKBH1;PARP3;FAM111A;DCLRE1C;PRIMPOL;SIRT1;EXD2;TREX1;POLN;ALKBH3;BRCA2;UVRAG;FANCF;EME1;ERCC4;HINFP;POLI;ZNF668;TENT4A;TP53;ENDOV;ZBTB1;ATXN3;CENPS;VCPIP1;RAD9B;PARP9;RAD51B;SLX4;HPF1;MPND;RRM2B;NEIL2;FAAP24;XPA;DTX3L;XRCC4;COMMD1;GTF2H5,EXPLORATORY -- NOT FDR-CORRECTED,GM12878-origin,0.05
gs_ind_0,Respiratory Chain Complex IV Assembly (GO:0008535),12/25,4.687370879495238e-08,7.652566976598152e-06,11.81117964303805,199.32321052463266,COX19;TMEM223;SURF1;PET100;COX17;COA8;UQCC5;PET117;FASTKD3;SMIM20;COX16;COX20,EXPLORATORY -- NOT FDR-CORRECTED,GM12878-origin,0.05
gs_ind_0,Activation Of GTPase Activity (GO:0090630),25/102,5.765426722931779e-08,9.076428926672601e-06,4.207987115537973,70.14210225224824,BCAS3;GMIP;ARHGAP45;TBC1D30;CCDC125;TBC1D13;TBC1D17;TBC1D2B;TBC1D22A;TBC1D8;SIPA1L1;ARHGAP42;TBC1D25;AGAP2;SGSM2;TBC1D4;GARNL3;RALGAPA2;TBC1D2;SIPA1L3;TBC1D12;ARHGAP24;TBC1D10C;TBC1D22B;TBC1D10A,EXPLORATORY -- NOT FDR-CORRECTED,GM12878-origin,0.05
gs_ind_0,Defense Response To Symbiont (GO:0140546),31/148,8.126917319876375e-08,1.235291432621209e-05,3.431723724592603,56.024602459728115,MLKL;RNF185;IKBKE;DDX60;IRF2;APOBEC3D;RIGI;PTPRC;PYCARD;SHFL;IFI6;APOBEC3F;BCL2;CARD8;TRIM56;NCBP3;IFIT3;MX1;PMAIP1;IRF7;IFIT1;SLFN13;MAP3K14;IFIT5;OAS3;SERINC5;IFIH1;RNASEL;APOBEC3G;TRIM52;RAB2B,EXPLORATORY -- NOT FDR-CORRECTED,GM12878-origin,0.05
gs_ind_0,Interferon Alpha Response,24/97,8.690336488680358e-08,1.2769001080701007e-05,4.262047057556669,69.29436032008371,TRIM21;DDX60;IRF2;CMPK2;IFI35;IL7;LAMP3;SAMD9L;SLC25A28;NMI;IRF9;PARP9;IFIT3;MX1;UBE2L6;TRIM26;DHX58;IRF7;HERC6;HELZ2;TMEM140;IFIH1;PSMB9;PSMB8,EXPLORATORY -- NOT FDR-CORRECTED,GM12878-origin,0.05
gs_ind_0,Positive Regulation Of GTPase Activity (GO:0043547),41/230,9.188307975132927e-08,1.306518114657611e-05,2.8073420089882037,45.48665776149802,BCAS3;GMIP;ARHGAP45;TBC1D30;RASGRP4;CCDC125;RGP1;TBC1D13;TBC1D17;TBC1D2B;ERBB2;TBC1D22A;RGL1;TBC1D8;SRGAP3;BCAR3;RALGPS1;SIPA1L1;ARHGAP42;ALS2;TBC1D25;AGAP2;SEMA4D;SGSM2;SNX18;SOS2;PREX1;RGS16;TBC1D4;GARNL3;RALGAPA2;TBC1D2;SMCR8;SIPA1L3;TBC1D12;RAB11FIP2;ARHGAP24;TBC1D10C;CCL5;TBC1D22B;TBC1D10A,EXPLORATORY -- NOT FDR-CORRECTED,GM12878-origin,0.05
gs_ind_0,Regulation Of Autophagy (GO:0010506),42/239,9.747140605295707e-08,1.3426686183794838e-05,2.7588705282316526,44.53839683301383,TRIM21;MTMR9;TRIM23;ZC3H12A;SVIP;DHRSX;EXOC8;ERN1;BCL2;DEPDC5;ZKSCAN3;MTMR3;TPCN2;TRIM68;RRAGC;LAMP3;UVRAG;ATP6V1E2;CDK5R1;WDR24;RRAGB;PTPN22;FOXO1;TRIM32;BMF;UFL1;SMCR8;NEDD4;TP53INP1;PLEKHF1;DRAM1;BAD;ATP6V1G2;TICAM1;OPTN;PIP4K2C;TRIM6;ULK1;TRIM38;DEPP1;ATG14;TFEB,EXPLORATORY -- NOT FDR-CORRECTED,GM12878-origin,0.05
gs_ind_0,Vesicle Organization (GO:0016050),23/94,1.9930617931574234e-07,2.662247389163007e-05,4.201293136058194,64.81933019235426,DNM1;PI4K2B;STX6;RAB22A;STX12;VAMP2;EXOC8;CHMP6;VAMP1;ALS2;TRAPPC13;STX7;TRAPPC9;TRAPPC2B;ZFYVE16;WASL;SNX10;TSNARE1;PLEKHF1;CHMP2B;STX8;CORO1A;SYT11,EXPLORATORY -- NOT FDR-CORRECTED,GM12878-origin,0.05
gs_ind_0,Peroxisome,21/81,2.336071676335922e-07,3.028648220379042e-05,4.540926894778465,69.3382503956662,ABCD2;PECR;PHYH;PEX1;PIPOX;PEX10;ABCD1;AMACR;DHRS4;PAOX;MLYCD;PEX2;NUDT12;ACOX3;PMVK;DECR2;PEX7;ACSL1;PEX12;PXMP4;CROT,EXPLORATORY -- NOT FDR-CORRECTED,GM12878-origin,0.05
gs_ind_0,Regulation Of Smoothened Signaling Pathway (GO:0008589),16/50,2.769741597704157e-07,3.4882917036228356e-05,6.105357905870651,92.18688474005585,ARMC9;TXNDC15;FBXL17;IFT81;TULP3;STK36;PDCL;FUZ;MOSMO;TEDC1;TTC23;EVC;SUFU;BTRC;TEDC2;RAB34,EXPLORATORY -- NOT FDR-CORRECTED,GM12878-origin,0.05
gs_ind_0,Negative Regulation Of DNA-binding Transcription Factor Activity (GO:0043433),30/149,3.2354801888049045e-07,3.961665742292228e-05,3.265946000117824,48.806030193179886,TRIM21;ANXA4;HIF1AN;RB1;TBX6;ZC3H12A;PYCARD;E2F1;COMMD6;TNFAIP3;CYLD;CARD8;SIRT1;SETD6;NFKBIE;TRIB1;ARRB2;BTRC;NFKBIL1;HAVCR2;TAF3;UFL1;IRAK2;SMAD7;E2F2;BCL3;SUFU;COMMD1;PAXIP1;MAP3K10,EXPLORATORY -- NOT FDR-CORRECTED,GM12878-origin,0.05
gs_ind_0,Protein Polyubiquitination (GO:0000209),39/224,3.5134386201551315e-07,4.185739848011843e-05,2.7281709877496523,40.54471430530737,RNF185;TRIM21;DDB2;TOPORS;ZNRF2;DDA1;NHLRC3;UBOX5;BCL2;RNF146;SMURF1;TNFAIP3;TRIM68;KBTBD6;HACE1;PEX10;RNF19B;BTRC;UBE2W;DZIP3;TRIM56;FBXL17;KBTBD7;RNF20;TRIM32;RBX1;ZNF738;UBE2D1;NEDD4;UBE2L6;UBE2E2;PELI3;DTX3L;UBE2Q2;TRAF5;TRIM6;UBE2C;PEX12;TRIM38,EXPLORATORY -- NOT FDR-CORRECTED,GM12878-origin,0.05
gs_ind_0,Phosphatidylinositol signaling system,23/97,3.6614099629599745e-07,4.244772548566239e-05,4.031807940768805,59.75239091742325,DGKH;PI4K2B;CDS2;IPMK;INPP5A;PIK3R1;MTMR3;SYNJ1;PIP4P1;MTM1;PIP5K1B;PIK3R3;DGKE;MTMR6;INPP5F;ITPR2;INPP5E;DGKQ;PLCB2;INPP5D;PIP4K2C;DGKA;ITPKC,EXPLORATORY -- NOT FDR-CORRECTED,GM12878-origin,0.05
gs_ind_0,Double-Strand Break Repair (GO:0006302),32/166,3.7555836976879153e-07,4.244772548566239e-05,3.0928194091175896,45.75780521144382,NSMCE3;RAD51D;PARP2;LIG4;EME2;SFR1;PARP3;DCLRE1C;HELQ;MBTD1;EXD2;AP5S1;POLN;BRCA2;KDM4D;SLF2;EME1;ERCC4;TENT4A;POLM;SETMAR;AP5Z1;PARP9;RAD51B;SWSAP1;SLX4;HPF1;MPND;ANKLE1;RAD54B;DTX3L;XRCC4,EXPLORATORY -- NOT FDR-CORRECTED,GM12878-origin,0.05
gs_ind_0,Cellular Response To Insulin Stimulus (GO:0032869),23/98,4.455612023374594e-07,4.9100844497588024e-05,3.9783059917039427,58.1784731967297,INSR;INSIG2;GPLD1;KAT2B;VAMP2;PIK3R1;RHOQ;BCAR3;CPEB2;PIK3R3;APPL1;BCAR1;FOXO1;SLC27A1;TBC1D4;PDK2;SH2B2;CAPN10;STXBP4;FOXO4;SYAP1;SELENOS;FER,EXPLORATORY -- NOT FDR-CORRECTED,GM12878-origin,0.05
gs_ind_0,Negative Regulation Of Organelle Assembly (GO:1902116),13/35,5.150052413837465e-07,5.536934400047694e-05,7.654369869628199,110.82830073572224,NBDY;CEP97;TBC1D30;LIMK2;KAT2B;FEZ1;CCP110;KIF24;TESK1;MTM1;SMCR8;TCHP;ODF2L,EXPLORATORY -- NOT FDR-CORRECTED,GM12878-origin,0.05
gs_ind_0,Positive Regulation Of Intracellular Signal Transduction (GO:1902533),70/520,5.574087816942214e-07,5.850137880257447e-05,2.0117751877593513,28.969496249325804,MST1R;TRIM21;INSR;HCST;IKBKE;MIB2;ZDHHC13;IL23A;PTPRC;TIRAP;TGFB3;SPHK2;ALPK1;SPRY2;HCLS1;PTPRJ;FGR;DOK4;IFI35;ERBB2;BMPR2;TRADD;BCAR3;TRIM68;SIRT1;TIFA;SEMA4D;MAP4K1;NOD1;WDR24;TRIM56;RRAGB;TP53;P2RX4;HMOX1;TRIM32;TLR6;ADAM8;DOK2;HEXIM1;SMCR8;WWC1;AKAP13;NEDD4;LTB;PMAIP1;PLEKHF1;TRIM13;DOK3;APOL2;MAP3K14;IFIT5;TNFSF10;TICAM1;CC2D1A;BBC3;GHRL;PTPN6;CARD11;MALT1;DDR2;TRAF5;CCL5;TRIM6;TMEM9B;PYCARD;TRIM38;TRIM52;PIK3AP1;BCL10,EXPLORATORY -- NOT FDR-CORRECTED,GM12878-origin,0.05
gs_ind_0,Phosphorylation (GO:0016310),60/427,8.471055145058906e-07,8.683816530097595e-05,2.1138777066636427,29.555055539942806,MAP3K12;DGKH;NEK11;HCST;NEK1;ATG14;GRK3;CDK11B;LATS2;IKBKE;MAP3K5;PICK1;MAP3K9;PASK;SPHK2;CAMK2D;RPS6KA5;INSR;PXK;BRSK1;GMFB;ERN1;FGR;GLYCTK;ERBB2;DYRK1B;BMPR2;LIMK2;STK36;SYK;STK38;FGGY;PIM3;TRIB1;CILK1;UVRAG;TESK2;MAP4K1;TP53RK;TAF3;TSSK6;STK3;DGKQ;HASPIN;PDK2;GK5;GRK5;STK10;CDK19;CDKL3;MAP4K2;TAF5;EIF2AK3;NEK3;RNASEL;STK17A;ULK1;DGKA;DGKE;FER,EXPLORATORY -- NOT FDR-CORRECTED,GM12878-origin,0.05
gs_ind_0,Negative Regulation Of Protein Modification By Small Protein Conjugation Or Removal (GO:1903321),16/54,8.966672144317488e-07,8.982975184579883e-05,5.470482634813229,76.1741787880129,TRIM21;BAG2;SMAD7;PINX1;TNFAIP3;MARCHF6-DT;COPS9;UFL1;SPRY2;SVBP;SPOPL;DCUN1D3;ARRB2;PER2;SOX4;CAMLG,EXPLORATORY -- NOT FDR-CORRECTED,GM12878-origin,0.05
gs_ind_0,Positive Regulation Of Transcription By RNA Polymerase II (GO:0045944),109/936,9.430446125135926e-07,9.237645893244258e-05,1.7065717119989403,23.677235751498294,NFKB1;IRF2;RIGI;TGFB3;KAT2B;NCOA2;OSR2;DLL1;BORCS8-MEF2B;NCK2;HOXB4;ELL;MOSPD1;SIRT1;ZSCAN21;TAF3;FOXO1;FIZ1;TET2;THAP3;PEX2;MELTF;FOXJ2;MED29;E2F7;TAF5;EAF2;MED11;RNASEL;GTF2F2;MRTFB;PAXIP1;USF3;ZNF76;ZC3H12A;RPS6KA5;HEY1;PLAGL1;ELK4;WWOX;ANKRD23;ELK3;RELB;EFCAB7;MAPK7;ZNF304;MAFF;CYP27B1;CREB3;LEO1;MIR9-1HG;PPARGC1B;CRTC1;CREB3L4;PWWP2A;E2F2;BCL3;MZF1;TFEB;BCAS3;PIK3R1;MEIS2;RFX3;WAS;BMPR2;RHOQ;IRF2BPL;NUFIP1;CALCOCO1;CREBRF;SOX4;CSRNP2;HINFP;TP53;NFKB2;IRF9;WASL;ATAD2B;AKNA;KDM6B;FOXO4;RFXAP;DBP;TOX2;MED31;HOXB2;PAGR1;SPAG8;ZMIZ2;PPP3CA;PPARD;HCLS1;E2F1;NRL;TRERF1;BCL9L;SOX12;ZNF395;IL4I1;ATF5;RNF20;NR1D1;IRF7;NR4A2;HELZ2;ELL3;ZBTB49;MED9;E2F8,EXPLORATORY -- NOT FDR-CORRECTED,GM12878-origin,0.05
gs_ind_0,Regulation Of Cytokine Production (GO:0001817),31/165,1.012880901237638e-06,9.7060413318598e-05,2.996685148707912,41.36238179246347,TRIM21;GLMN;PTPRC;RIGI;RPS6KA5;BTN2A1;PATZ1;ZBTB37;ZBTB25;ZBTB26;FGR;ZBTB2;BCL6B;BTN2A3P;TRIM56;BTN3A1;ZBTB1;ZBTB6;BTN2A2;EOLA1;ALOX5;IRF7;ZBTB39;ZBTB32;ZBTB20;CCDC88B;ZBTB49;IFIH1;SYT11;BTN3A2;BTN3A3,EXPLORATORY -- NOT FDR-CORRECTED,GM12878-origin,0.05
gs_ind_0,p53 Pathway,35/199,1.0704870117214698e-06,9.873873296813323e-05,2.7627927853799834,37.98120886780932,PITPNC1;TCN2;RB1;DDB2;CDKN2AIP;PPM1D;CGRRF1;FUCA1;RHBDF2;ADA;RNF19B;CDK5R1;CSRNP2;ANKRA2;TP53;SOCS1;HMOX1;RGS16;NUDT15;NINJ1;HEXIM1;KIF13B;MXD4;IER3;DRAM1;SLC35D1;CD82;GM2A;PLK3;CCP110;SESN1;CYFIP2;ABHD4;SDC1;DGKA,EXPLORATORY -- NOT FDR-CORRECTED,GM12878-origin,0.05
gs_ind_0,Negative Regulation Of Viral Process (GO:0048525),17/61,1.0751949143535379e-06,9.873873296813323e-05,5.020588687991743,68.9979935017876,TRIM21;FAM111A;IFIT5;TRIM32;ZFP36;OAS3;IFIH1;RNASEL;SHFL;HEXIM1;MX1;CCL5;APOBEC3F;TRIM6;APOBEC3G;TRIM13;IFIT1,EXPLORATORY -- NOT FDR-CORRECTED,GM12878-origin,0.05
gs_ind_0,Hedgehog signaling pathway,16/55,1.1790450704913338e-06,0.00010606593205562855,5.331854806639298,72.78411403622586,BCL2;IQCE;GRK3;SMURF1;KIF3A;HHAT;EFCAB7;DISP1;MOSMO;SUFU;EVC;SMURF2;SPOPL;EVC2;ARRB2;BTRC,EXPLORATORY -- NOT FDR-CORRECTED,GM12878-origin,0.05
gs_ind_0,Regulation Of Plasma Membrane Bounded Cell Projection Assembly (GO:0120032),19/75,1.2689011066326045e-06,0.00011186632156073041,4.407691879556966,59.844816343122766,PPP1R16B;TBC1D13;TBC1D17;TBC1D2B;WAS;TBC1D22A;TBC1D8;CYLD;IFT20;SH3YL1;P2RX4;FUZ;TBC1D2;DYNLT2B;PLD1;TBC1D10C;TBC1D22B;TBC1D10A;FER,EXPLORATORY -- NOT FDR-CORRECTED,GM12878-origin,0.05
gs_ind_0,Proteasome-Mediated Ubiquitin-Dependent Protein Catabolic Process (GO:0043161),48/318,1.3579671906505676e-06,0.00011737096816446475,2.2989378530121445,31.05755078732322,FBXL3;PEX12;ZFAND2A;UBXN2A;RNF185;ERLIN1;RNF122;UBXN2B;ZNRF2;SMURF2;TMUB2;NHLRC3;TRIP4;SMURF1;RNF103;SIRT1;FBXL18;KBTBD6;FBXL15;FBXL8;FBXL9P;ARRB2;KCTD13;BTRC;DNAJB2;TMEM67;PEX10;UBXN11;UBE2W;FBXL17;FBXW4;KBTBD7;ATXN3;RBX1;FBXL6;ANKRD9;SPOPL;TRIM13;DERL3;GID4;DERL2;FBXO17;UBE2C;FBXL14;TOPORS;SELENOS;DNAJB9;AMN1,EXPLORATORY -- NOT FDR-CORRECTED,GM12878-origin,0.05
gs_ind_0,Negative Regulation Of Cytokine Production (GO:0001818),32/177,1.641787419638081e-06,0.00013917305664932038,2.858202206547296,38.07046744163505,ANXA4;GPATCH3;IL23A;PTPRC;ABCD2;ZC3H12A;RPS6KA5;XAF1;DLL1;MAPKBP1;OTUD7B;VSIR;TNFAIP3;CYLD;CD274;NCKAP1L;HAVCR2;PTPN22;PIBF1;TLR6;RBX1;MACIR;BTN2A2;DHX58;ZFP36;CD84;GHRL;PTPN6;BCL3;SYT11;PYCARD;SELENOS,EXPLORATORY -- NOT FDR-CORRECTED,GM12878-origin,0.05
gs_ind_0,Phosphatidylinositol Biosynthetic Process (GO:0006661),22/98,1.7542764380549135e-06,0.0001459028403574728,3.757916726012439,49.805376734863074,PI4K2B;TP53INP2;PIK3R1;SOCS6;PIGM;MTMR3;SYNJ1;SOCS7;MTM1;PIP5K1B;PIK3R3;TTC7A;MTMR6;SOCS1;SLC27A1;FIG4;PIGW;INPP5D;PIGZ;PIGV;ITPKC;MPPE1,EXPLORATORY -- NOT FDR-CORRECTED,GM12878-origin,0.05
gs_ind_0,Dephosphorylation (GO:0016311),28/146,2.1722593863876796e-06,0.0001773207291703128,3.0756258995162318,40.10537049476481,UBLCP1;DUSP28;PTPRC;DUSP10;PPM1D;ACP6;PPP3CA;PTPRJ;PPM1M;MTMR3;SSH1;PPP2R5B;MTM1;BTRC;PPEF1;MTMR6;PTPN22;THTPA;DUSP22;FRA10AC1;DUSP11;PLPP6;SGPP1;NANP;DUSP18;PTPN6;CTDP1;CTTNBP2NL,EXPLORATORY -- NOT FDR-CORRECTED,GM12878-origin,0.05
gs_ind_0,I-kappaB kinase/NF-kappaB Signaling (GO:0007249),14/45,2.2422103134564067e-06,0.00017970296475846984,5.87295709353349,76.39571030900159,FAIM;NFKB1;NFKB2;MAP3K14;TIRAP;IRAK1BP1;CARD11;TIFA;NKIRAS1;BCL3;RELB;BCL10;IRAK2;NFKBIL1,EXPLORATORY -- NOT FDR-CORRECTED,GM12878-origin,0.05
gs_ind_0,Ubiquitin-Dependent Protein Catabolic Process (GO:0006511),52/364,2.7045179101245004e-06,0.00021288419549694282,2.154589731051345,27.62310484484131,PEX12;ZFAND2A;RNF185;UBXN2A;RNF122;UBXN2B;ZNRF2;SMURF2;NHLRC3;CHMP6;OTUD7B;RNF146;SMURF1;TNFAIP3;WDR91;SIRT1;KBTBD6;HACE1;RNF43;ARRB2;BTRC;KCTD13;RNF215;PEX10;RNF19B;UBXN11;UBE2W;FBXL17;FBXW4;KBTBD7;ATXN3;RNF20;TRIM32;CHMP1B;RPGR;VPS4B;RBX1;ANKRD9;UBE2D1;NEDD4;ATE1;SPOPL;UBE2L6;TRIM13;HERC6;CHMP2B;GID4;VPS37C;DTX3L;UBE2C;FBXL14;TOPORS,EXPLORATORY -- NOT FDR-CORRECTED,GM12878-origin,0.05
gs_ind_0,Intraciliary Anterograde Transport (GO:0035720),7/11,2.7654025279578746e-06,0.00021385779549540896,21.23078982597055,271.7185344812762,IFT46;IFT81;IFT22;IFT20;IFT74;IFT80;IFT27,EXPLORATORY -- NOT FDR-CORRECTED,GM12878-origin,0.05
gs_ind_0,Positive Regulation Of Programmed Cell Death (GO:0043068),39/243,2.8562090079490793e-06,0.0002166467429843087,2.473506547416135,31.576822513334903,RNF122;SMPD1;LATS2;GPLD1;MAP3K5;TGFB3;GADD45B;SPHK2;PRR7;DCUN1D3;TFPT;RYBP;JMY;BCL2;AIFM2;E2F1;PHLDA1;TRADD;PNMA1;SYK;SIRT1;ING4;SOX4;SAV1;FOXO1;TP53;BMF;MLLT11;STK3;PMAIP1;BAD;TNFSF10;MOAP1;SAP18;STK17A;BCL10;CRADD;PYCARD;MAP3K10,EXPLORATORY -- NOT FDR-CORRECTED,GM12878-origin,0.05
gs_ind_0,Vesicle Fusion (GO:0006906),19/79,2.948912109586779e-06,0.0002166467429843087,4.115858412599407,52.411646554601205,YIPF4;STX6;RAB20;STX12;VAMP2;CHMP6;RAB12;RAB39A;VAMP1;UVRAG;VAMP4;STX7;RAB34;VTI1A;CHMP1B;TSNARE1;CHMP2B;STX8;SYT11,EXPLORATORY -- NOT FDR-CORRECTED,GM12878-origin,0.05
gs_ind_0,B cell receptor signaling pathway,19/79,2.948912109586779e-06,0.0002166467429843087,4.115858412599407,52.411646554601205,NFKB1;CD79A;PPP3CA;PIK3R1;VAV2;SYK;NFKBIB;NFKBIE;PIK3R3;CD72;SOS2;INPP5D;CR2;VAV1;PTPN6;CARD11;MALT1;BCL10;PIK3AP1,EXPLORATORY -- NOT FDR-CORRECTED,GM12878-origin,0.05
gs_ind_0,Insulin Receptor Signaling Pathway (GO:0008286),14/46,3.0070587294631573e-06,0.0002172969652372721,5.69210705572,72.37256908254618,APPL1;BCAR1;INSR;SH2B2;FOXO1;GPLD1;RHOQ;BCAR3;STXBP4;FOXO4;PDK2;PIK3R3;FER;PIK3R1,EXPLORATORY -- NOT FDR-CORRECTED,GM12878-origin,0.05
gs_ind_0,Regulation Of Release Of Cytochrome C From Mitochondria (GO:0090199),13/41,4.059342193978738e-06,0.00028860613533964965,6.042008691453404,75.0084541759319,BAD;TP53;TNFSF10;BBC3;FXN;BMF;MLLT11;PYCARD;MOAP1;PMAIP1;NOL3;PLAUR;PLSCR3,EXPLORATORY -- NOT FDR-CORRECTED,GM12878-origin,0.05
gs_ind_0,Protein Modification By Small Protein Conjugation (GO:0032446),51/361,4.6294223106312775e-06,0.0003239125959565503,2.1265786548002046,26.12093248650256,TRIM21;TRIM69;NSMCE3;TRIM23;MIB2;UVSSA;RNF227;SMURF2;MOCS3;DCUN1D3;KLHL2;TRAIP;ZMIZ2;MAGEF1;PIAS2;SMURF1;DCUN1D2;RNF103;SH3RF1;SIRT1;FBXL15;HACE1;CUL9;RNF43;ARRB2;BTRC;KCTD13;SLF2;FBXL17;TRIM32;ATG10;RPGR;VCPIP1;RBX1;UFL1;ANKRD9;TRIM52;NEDD4;MSL2;UBE2L6;TRIM26;MARCHF2;UBE2E2;TRIM13;HERC6;RNF38;IFIH1;UBE2C;FBXL3;TOPORS;AKTIP,EXPLORATORY -- NOT FDR-CORRECTED,GM12878-origin,0.05
gs_ind_0,Positive Regulation Of Apoptotic Process (GO:0043065),41/268,5.503223046874387e-06,0.00037903448735347343,2.336171640605618,28.291451203019033,RNF122;SMPD1;LATS2;GPLD1;MAP3K5;TGFB3;ZC3H12A;GADD45B;SPHK2;PRR7;DCUN1D3;TFPT;RYBP;JMY;BCL2;AIFM2;E2F1;PHLDA1;TRADD;PNMA1;SIRT1;ING4;SOX4;SAV1;CDK5R1;FOXO1;TP53;BMF;MLLT11;STK3;PMAIP1;CTSS;BAD;TNFSF10;MOAP1;SAP18;STK17A;BCL10;CRADD;PYCARD;MAP3K10,EXPLORATORY -- NOT FDR-CORRECTED,GM12878-origin,0.05
gs_ind_0,Regulation Of Protein Ubiquitination (GO:0031396),23/113,6.065787895170269e-06,0.00041135373910631607,3.3176603775604785,39.85454357907995,FBXO33;NSMCE3;BAG2;PINX1;SPRY2;CAMLG;TNFAIP3;SVBP;ARRB2;DNAJB2;SOX4;CENPS;UFL1;UBE2D1;SPOPL;PER2;SMAD7;MARCHF6-DT;MALT1;COMMD1;BCL10;PAXIP1;AMER1,EXPLORATORY -- NOT FDR-CORRECTED,GM12878-origin,0.05
gs_ind_0,Non-Motile Cilium Assembly (GO:1905515),11/31,6.550024948764492e-06,0.0004321107442847524,7.152281117470978,85.36992566362645,ENKD1;TMEM216;TOGARAM1;PIBF1;TMEM80;BBS10;FUZ;TBC1D32;CC2D2B;RPGRIP1L;GORAB,EXPLORATORY -- NOT FDR-CORRECTED,GM12878-origin,0.05
gs_ind_0,Protein Lipidation (GO:0006497),16/62,6.641351842103097e-06,0.0004321107442847524,4.5284096519538295,53.98858302151014,PORCN;ATG16L2;ZDHHC21;PIGZ;ZDHHC13;GPLD1;PIGM;ATG10;HHAT;ZDHHC2;WIPI1;PIGV;ZDHHC6;PIGW;TP53INP2;MPPE1,EXPLORATORY -- NOT FDR-CORRECTED,GM12878-origin,0.05
gs_ind_0,Positive Regulation Of Cellular Catabolic Process (GO:0031331),27/146,6.665955220363695e-06,0.0004321107442847524,2.9418487838372633,35.06241677457717,TRIM21;INSR;TRIM23;GPLD1;ABCD2;ZC3H12A;SVIP;DHRSX;DEPDC5;TRIM68;ABCD1;FOXO1;TRIM32;ADAM8;UFL1;TP53INP1;PLEKHF1;ZBTB20;BAD;TICAM1;OPTN;DTX3L;DXO;TRIM6;ULK1;TRIM38;TFEB,EXPLORATORY -- NOT FDR-CORRECTED,GM12878-origin,0.05
gs_ind_0,Positive Regulation Of I-kappaB kinase/NF-kappaB Signaling (GO:0043123),30/173,8.126004381939107e-06,0.0005191221350085158,2.718073975412956,31.857026263564173,TRIM21;IKBKE;MIB2;ZDHHC13;TIRAP;ALPK1;TRADD;TRIM68;TIFA;NOD1;HMOX1;TRIM32;TLR6;AKAP13;TRIM13;APOL2;MAP3K14;IFIT5;TNFSF10;TICAM1;CC2D1A;CARD11;MALT1;TMEM9B;TRIM6;BCL10;TRAF5;TRIM38;TRIM52;LTB,EXPLORATORY -- NOT FDR-CORRECTED,GM12878-origin,0.05
gs_ind_0,Peptidyl-Lysine Modification (GO:0018205),20/94,1.2014359960861262e-05,0.0007546975913904035,3.5137048517242984,39.808195716926086,NSMCE3;LIPT2;KAT2B;EEF1AKMT2;USPL1;ZMIZ2;VCPKMT;PIAS2;EEF1AKMT3;HDAC10;LIPT1;SIRT1;SLF2;EEF1AKMT1;SENP7;SIRT3;SIRT5;IFIH1;TOPORS;LOXL3,EXPLORATORY -- NOT FDR-CORRECTED,GM12878-origin,0.05
gs_ind_0,mRNA Processing (GO:0006397),34/212,1.2155973001070475e-05,0.0007546975913904035,2.4727030335712312,27.985286158514434,SLU7;RBMX2;ZRSR2;SYF2;GEMIN6;RBM4B;USP49;MAGOHB;LSM3;PRPF18;ERN1;GPATCH1;PRPF40B;RBM41;KIN;WBP4;MBLAC1;RNPC3;CWF19L2;U2AF1L4;PNN;HNRNPA0;CMTR2;FRA10AC1;CWC25;HEXIM1;CENATAC;CWC22;WDR83;DBR1;METTL14;RNGTT;HTATSF1;GCFC2,EXPLORATORY -- NOT FDR-CORRECTED,GM12878-origin,0.05
gs_ind_0,Positive Regulation Of Mitochondrion Organization (GO:0010822),15/58,1.2448890446769823e-05,0.0007621487373522415,4.546216745066024,51.34442209826066,MIEF2;BAD;TP53;TNFSF10;BBC3;BMF;MLLT11;MOAP1;PMAIP1;ZDHHC6;DDHD1;PYCARD;PLAUR;ZNF205;PLD6,EXPLORATORY -- NOT FDR-CORRECTED,GM12878-origin,0.05
gs_ind_0,Protein Phosphorylation (GO:0006468),63/497,1.400827867586303e-05,0.0008458697589480033,1.875212647422526,20.95711789787822,STK32C;MAP3K12;NEK11;GRK3;HCST;NEK1;IKBKE;INSR;CDK11B;LATS2;PICK1;MAP3K5;MAP3K9;PASK;CAMK2D;RPS6KA5;PXK;BRSK1;GMFB;ERN1;FGR;GLYCTK;ERBB2;DYRK1B;BMPR2;MAP3K10;LIMK2;STK36;SYK;STK38;PIM3;TRIB1;CILK1;UVRAG;TESK2;MAP4K1;CDK5R1;TP53RK;TTBK2;TAF3;TSSK6;MAST3;STK3;DGKQ;HASPIN;PDK2;GRK5;STK10;CDK19;CDKL3;MAP4K2;FES;TAF5;SMAD7;EIF2AK3;PTPN6;NEK3;RNASEL;DDR2;STK17A;ULK1;ATG14;FER,EXPLORATORY -- NOT FDR-CORRECTED,GM12878-origin,0.05
gs_ind_0,Lysosome,24/127,1.4525174116104644e-05,0.0008536929000505237,3.0243769785811883,33.69043225918972,NAGLU;ACP5;SMPD1;LIPA;AGA;CTNS;FUCA1;CLN5;GALNS;AP4E1;NAPSA;MANBA;LAMP3;AP1S3;IDUA;CTSS;AP4S1;HGSNAT;GM2A;HYAL3;ARSA;SGSH;CTSO;SLC17A5,EXPLORATORY -- NOT FDR-CORRECTED,GM12878-origin,0.05
gs_ind_0,Regulation Of Tumor Necrosis Factor Production (GO:0032680),24/127,1.4525174116104644e-05,0.0008536929000505237,3.0243769785811883,33.69043225918972,IL23A;TIRAP;RIGI;ZC3H12A;PTPRC;SPHK2;PTPRJ;VSIR;TNFAIP3;SYK;NFKBIL1;HAVCR2;PTPN22;IFNGR1;ZFP36;CD84;GHRL;OAS3;PTPN6;IFIH1;SYT11;PYCARD;SELENOS;TLR1,EXPLORATORY -- NOT FDR-CORRECTED,GM12878-origin,0.05
gs_ind_0,Bile Acid Metabolism,22/111,1.4920113538511695e-05,0.0008653665852336783,3.211018978181179,35.68341283549883,ABCD2;PECR;PHYH;PEX1;EFHC1;PIPOX;ATXN1;SLC23A1;BCAR3;ABCD1;AMACR;CYP7B1;PAOX;MLYCD;NUDT12;NEDD4;OPTN;PEX7;ACSL1;PEX12;ABCA5;CROT,EXPLORATORY -- NOT FDR-CORRECTED,GM12878-origin,0.05
gs_ind_0,Inositol phosphate metabolism,17/73,1.5270625855535827e-05,0.0008741937502753497,3.9530709604729273,43.837894501956285,INPP5D;ALDH6A1;MTMR6;MINPP1;FIG4;INPP5F;PI4K2B;MTMR3;SYNJ1;INPP5E;PLCB2;IPMK;PIP4K2C;INPP5A;MTM1;PIP5K1B;ITPKC,EXPLORATORY -- NOT FDR-CORRECTED,GM12878-origin,0.05
gs_ind_0,Shigellosis,37/242,1.5572526858999373e-05,0.0008800474153137082,2.335263229557012,25.851369310738278,GLMN;NFKB1;CYTH1;RPS6KA5;FNBP1;HCLS1;PIK3R1;BCL2;TRADD;TECPR1;NFKBIB;TIFA;RRAGC;PIK3R3;BTRC;U2AF1L4;GABARAPL1;NOD1;RRAGB;BCAR1;FOXO1;TP53;ITPR2;WIPI1;RBX1;PLCB2;UBE2D1;TLR5;WASL;MALT1;FOXO4;MYL5;CCL5;BCL10;TRAF5;PYCARD;ATG14,EXPLORATORY -- NOT FDR-CORRECTED,GM12878-origin,0.05
gs_ind_0,Positive Regulation Of Defense Response To Virus By Host (GO:0002230),10/28,1.6186015731930516e-05,0.0009031387005867052,7.234364610630891,79.80490147890023,IL12RB1;PTPN22;IL23A;RIGI;ZC3H12A;DTX3L;PARP9;TRIM6;APOBEC3F;APOBEC3G,EXPLORATORY -- NOT FDR-CORRECTED,GM12878-origin,0.05
gs_ind_0,Epstein-Barr virus infection,32/197,1.6590004176680142e-05,0.0009141092301350758,2.5115280648751788,27.643661574278614,SAP30L;NFKB1;IKBKE;RB1;DDB2;GADD45B;CCNE2;PIK3R1;BCL2;E2F1;TRADD;TNFAIP3;SYK;NFKBIB;RELB;TAP2;NFKBIE;PIK3R3;NFKB2;TP53;IRF9;NEDD4;IRF7;CR2;MAP3K14;MAP2K6;MAP2K3;OAS3;E2F2;SAP30;TRAF5;HLA-DMA,EXPLORATORY -- NOT FDR-CORRECTED,GM12878-origin,0.05
gs_ind_0,Intrinsic Apoptotic Signaling Pathway (GO:0097193),21/104,1.7185069469201766e-05,0.0009279215741174606,3.288221362664376,36.07662073576711,IKBKE;MAP3K5;IFI6;TMEM117;ERN1;BCL2;JMY;E2F1;BCL2L2;TP53;HIC1;MLLT11;PDK2;PMAIP1;BAD;BBC3;FHIT;MOAP1;PYCARD;TOPORS;CHAC1,EXPLORATORY -- NOT FDR-CORRECTED,GM12878-origin,0.05
gs_ind_0,Negative Regulation Of NF-kappaB Transcription Factor Activity (GO:0032088),18/81,1.7261698974054393e-05,0.0009279215741174606,3.7188292177648354,40.78447605513024,TRIM21;HAVCR2;ANXA4;COMMD6;TNFAIP3;ZC3H12A;CYLD;SIRT1;NFKBIB;UFL1;BCL3;CARD8;COMMD1;SETD6;ARRB2;PYCARD;IRAK2;NFKBIL1,EXPLORATORY -- NOT FDR-CORRECTED,GM12878-origin,0.05
gs_ind_0,Regulation Of Cytokine-Mediated Signaling Pathway (GO:0001959),12/40,1.794587402665228e-05,0.0009530772615600391,5.59265218557254,61.117343820019535,IKBKE;MIB2;PTPRC;CYLD;SYK;TNFAIP3;PTPN6;PYCARD;IL7;ULK1;SPATA2;IRAK2,EXPLORATORY -- NOT FDR-CORRECTED,GM12878-origin,0.05
gs_ind_0,Cytosolic Pattern Recognition Receptor Signaling Pathway (GO:0002753),9/23,1.8359030686843818e-05,0.0009550617634715702,8.349156638526903,91.05080070624308,MAP2K6;TNFAIP3;CYLD;RIGI;OAS3;IFIH1;DHX58;TIFA;IRF7,EXPLORATORY -- NOT FDR-CORRECTED,GM12878-origin,0.05
gs_ind_0,Negative Regulation Of Viral Genome Replication (GO:0045071),14/53,1.855429374336953e-05,0.0009550617634715702,4.682551781343431,51.015508821776436,FAM111A;IFIT5;APOBEC3D;OAS3;IFIH1;MPHOSPH8;RNASEL;SHFL;MX1;CCL5;APOBEC3F;TRIM6;APOBEC3G;IFIT1,EXPLORATORY -- NOT FDR-CORRECTED,GM12878-origin,0.05
gs_ind_0,Mitochondrial Respiratory Chain Complex Assembly (GO:0033108),19/89,1.8700621018293732e-05,0.0009550617634715702,3.5311566082340873,38.44353894311445,COX19;UQCC3;COA8;SDHAF1;NDUFAF6;SURF1;PET100;SMIM20;COX20;TAFAZZIN;TMEM223;COX17;UQCC5;FASTKD3;TMEM186;LYRM2;UQCC4;PET117;COX16,EXPLORATORY -- NOT FDR-CORRECTED,GM12878-origin,0.05
gs_ind_0,Negative Regulation Of Cellular Process (GO:0048523),66/533,1.884990322641257e-05,0.0009550617634715702,1.8254397294592248,19.858963887786828,ST20;GLMN;NUDT6;RB1;PINX1;GPLD1;APOBEC3D;TGFB3;KAT2B;FKTN;SPHK2;CDKN2AIP;RND1;PPM1D;CCDC125;DCUN1D3;APOBEC3F;DLL1;PTPRJ;NCK2;IFI35;CHMP6;WAS;CGRRF1;BMPR2;BICRA;ESR2;ANXA6;BCL7C;SIRT1;BTG3;ING4;DNAJB2;SEMA4D;SOX4;SAV1;ATF5;TBRG1;TP53;CHMP1B;RASA1;CYP27B1;TOB2;VPS4B;SERTAD2;LPXN;IFIT3;FUZ;TP53INP1;TCHP;ALOX5;ADAM22;DCBLD2;DIS3L2;JAM2;CHMP2B;E2F7;PLXNA3;ZBTB49;EIF2AK3;PTPN6;ULK1;FOXO4;CTTNBP2NL;OSGIN2;APOBEC3G,EXPLORATORY -- NOT FDR-CORRECTED,GM12878-origin,0.05
gs_ind_0,Positive Regulation Of DNA-binding Transcription Factor Activity (GO:0051091),37/246,2.2520234939229253e-05,0.0011280590410468472,2.2904435888948895,24.510257465506005,TRIM21;ARID5B;MBTPS2;IKBKE;TIRAP;RIGI;RPS6KA5;HCLS1;JMY;TRADD;ESR2;TRIM68;STK36;NOD1;TSSK6;TRIM32;TLR6;STK3;ADAM8;TRIM26;ANKRD42;IRAK2;TRIM13;PPARGC1B;TICAM1;FZD2;CRTC1;CARD11;MALT1;DDR2;TRAF5;TRIM6;BCL10;PYCARD;TRIM38;TRIM52;FER,EXPLORATORY -- NOT FDR-CORRECTED,GM12878-origin,0.05
gs_ind_0,Negative Regulation Of Plasma Membrane Bounded Cell Projection Assembly (GO:0120033),10/29,2.3090305733495477e-05,0.0011324156966080706,6.8631983870768245,73.2721764719322,CEP97;TBC1D30;LIMK2;ARHGAP24;KANK1;CCP110;KIF24;TESK1;TCHP;ODF2L,EXPLORATORY -- NOT FDR-CORRECTED,GM12878-origin,0.05
gs_ind_0,Negative Regulation Of Protein Ubiquitination (GO:0031397),14/54,2.3374341505606627e-05,0.0011324156966080706,4.566817931547176,48.699960289522096,BAG2;SMAD7;PINX1;TNFAIP3;MARCHF6-DT;DTX3L;UFL1;SPRY2;SVBP;SPOPL;ARRB2;PER2;SOX4;CAMLG,EXPLORATORY -- NOT FDR-CORRECTED,GM12878-origin,0.05
gs_ind_0,"RNA Phosphodiester Bond Hydrolysis, Endonucleolytic (GO:0090502)",7/14,2.3634810364778246e-05,0.0011324156966080706,12.737510040160643,135.69001852660185,POP1;LACTB2;RPP40;ZC3H12A;ZC3H12C;KHNYN;NUDT16,EXPLORATORY -- NOT FDR-CORRECTED,GM12878-origin,0.05
gs_ind_0,Negative Regulation Of Cilium Assembly (GO:1902018),7/14,2.3634810364778246e-05,0.0011324156966080706,12.737510040160643,135.69001852660185,CEP97;TBC1D30;LIMK2;KIF24;TCHP;TESK1;ODF2L,EXPLORATORY -- NOT FDR-CORRECTED,GM12878-origin,0.05
gs_ind_0,tRNA Methylation (GO:0030488),11/35,2.4575537745892063e-05,0.0011648276385364754,5.983957745877826,63.512285442826816,TRMT10B;TRMT61B;BCDIN3D;TRMT10A;TRMT13;TRMT61A;TRMT5;THUMPD2;TRMO;TRDMT1;TRMT6,EXPLORATORY -- NOT FDR-CORRECTED,GM12878-origin,0.05
gs_ind_0,Negative Regulation Of Nucleic Acid-Templated Transcription (GO:1903507),58/455,2.5513836193754353e-05,0.001196436063213502,1.8870568441293114,19.958059782959104,ARID5B;NKAP;EID2;CBY1;RB1;KDM8;ZBTB4;SFMBT1;RBM15B;RPS6KA5;PATZ1;PBXIP1;CBFA2T2;HEY1;SMURF2;PPARD;SETDB2;ZEB1;RFX3;ATXN1;E2F1;HEXIM2;ZKSCAN3;NMNAT1;ARID5A;HDAC10;TRERF1;ZBTB14;SIRT1;ELK3;FOXN3;ZNF653;ZNF219;BTRC;KAT6B;ING4;EID2B;CDK5R1;ZHX3;ATF5;HINFP;TP53;GZF1;FOXO1;CYP27B1;NR1D1;ZNF224;RBAK;HEXIM1;PER2;ZC3H8;LANCL2;MPHOSPH8;BCL3;SAP18;LOXL3;MAP3K10;GCFC2,EXPLORATORY -- NOT FDR-CORRECTED,GM12878-origin,0.05
gs_ind_0,Protein Complex Oligomerization (GO:0051259),20/100,3.1234703867687835e-05,0.0014492902594607155,3.2513208401675686,33.72913989851643,FKRP;LRRC8C;TRMT61B;ATL1;BEND3;ZC3H12A;GSDMD;PEG10;TIFA;ALS2;EHD4;ZBTB1;ZNHIT6;TMEM120B;NINJ1;NOL3;HGSNAT;CARD11;BCL10;PYCARD,EXPLORATORY -- NOT FDR-CORRECTED,GM12878-origin,0.05
gs_ind_0,Regulation Of Organelle Assembly (GO:1902115),17/77,3.204371118587294e-05,0.001456171947498226,3.6913379639187274,38.19947726954303,DYNLT2B;KIF9;TBC1D22A;TBC1D8;MTMR3;CYLD;IFT20;TBC1D10C;FUZ;TBC1D13;TBC1D2;TBC1D12;TBC1D22B;TBC1D10A;TBC1D17;TBC1D2B;SPICE1,EXPLORATORY -- NOT FDR-CORRECTED,GM12878-origin,0.05
gs_ind_0,Negative Regulation Of Transforming Growth Factor Beta Receptor Signaling Pathway (GO:0030512),17/77,3.204371118587294e-05,0.001456171947498226,3.6913379639187274,38.19947726954303,PBLD;FAM89B;SAP30L;EID2;SMURF1;NRROS;ING2;SMAD7;LEMD3;SPRED1;SIRT1;BRMS1L;BCL9L;PEG10;SMURF2;SPRY2;SAP30,EXPLORATORY -- NOT FDR-CORRECTED,GM12878-origin,0.05
gs_ind_0,Cellular Response To Starvation (GO:0009267),23/125,3.3797853096166905e-05,0.0015202136372235071,2.928362864445696,30.14782740081889,PICK1;MAP3K5;ZC3H12A;JMY;BMPR2;DEPDC5;MTMR3;SIRT1;RRAGC;GABARAPL1;WDR24;RRAGB;KICS2;TSSK6;FOXO1;TP53;WIPI1;PMAIP1;EIF2AK3;SESN1;ZFYVE1;ATG14;TFEB,EXPLORATORY -- NOT FDR-CORRECTED,GM12878-origin,0.05
gs_ind_0,Protein K48-linked Ubiquitination (GO:0070936),16/70,3.449842784138677e-05,0.0015360512113619484,3.8629085539705836,39.689827885784155,TRIM21;RNF146;KBTBD7;TRIM32;TNFAIP3;ZNRF2;RBX1;KBTBD6;DTX3L;UBE2Q2;HACE1;UBE2D1;TRIM6;UBE2C;TOPORS;UBE2E2,EXPLORATORY -- NOT FDR-CORRECTED,GM12878-origin,0.05
gs_ind_0,Positive Regulation Of Macroautophagy (GO:0016239),15/63,3.6112532692595325e-05,0.0015918404410896019,4.07701988965137,41.70330883135413,SNX18;WDR24;BAG3;GNAI3;OPTN;SIRT1;WIPI1;SESN1;FYCO1;MOAP1;SMCR8;PIP4K2C;UVRAG;TRIM13;EPM2A,EXPLORATORY -- NOT FDR-CORRECTED,GM12878-origin,0.05
gs_ind_0,Regulation Of Lysosome Size (GO:0062196),5/7,3.810104166013472e-05,0.0016512919489590874,28.008059078503774,284.98953350039403,SNAPIN;BLOC1S2;BORCS7;BORCS8;BORCS6,EXPLORATORY -- NOT FDR-CORRECTED,GM12878-origin,0.05
gs_ind_0,Regulation Of Innate Immune Response (GO:0045088),17/78,3.821047613290084e-05,0.0016512919489590874,3.631224491132905,36.938271047971625,IFI35;RNF185;TRIM21;TRIM56;APPL1;PTPN22;CEP63;TNFAIP3;TIRAP;PTPN6;ADAM8;PARP9;TREX1;CCL5;DHX58;POLR3F;FGR,EXPLORATORY -- NOT FDR-CORRECTED,GM12878-origin,0.05
gs_ind_0,SCF-dependent Proteasomal Ubiquitin-Dependent Protein Catabolic Process (GO:0031146),12/43,4.012269798729144e-05,0.0017015686437889805,5.05963554636121,51.22156627559473,FBXL17;FBXW4;FBXL14;FBXL18;FBXL6;FBXL15;FBXL8;FBXL9P;RBX1;FBXO17;FBXL3;BTRC,EXPLORATORY -- NOT FDR-CORRECTED,GM12878-origin,0.05
gs_ind_0,Positive Regulation Of Release Of Cytochrome C From Mitochondria (GO:0090200),9/25,4.0145902666527675e-05,0.0017015686437889805,7.3367674494502975,74.27002479549643,TP53;TNFSF10;BBC3;BMF;MLLT11;MOAP1;PMAIP1;PYCARD;PLAUR,EXPLORATORY -- NOT FDR-CORRECTED,GM12878-origin,0.05
gs_ind_0,Regulation Of Defense Response To Virus By Host (GO:0050691),11/37,4.395614917746005e-05,0.0018453210054689894,5.532059083280475,55.49937608751016,IL12RB1;PTPN22;IL23A;TNFAIP3;RIGI;ZC3H12A;DTX3L;PARP9;TRIM6;APOBEC3F;APOBEC3G,EXPLORATORY -- NOT FDR-CORRECTED,GM12878-origin,0.05
gs_ind_0,Positive Regulation Of Smoothened Signaling Pathway (GO:0045880),8/20,4.4968729268938505e-05,0.0018700203643158579,8.663197814558895,86.71465290394309,TXNDC15;STK36;PDCL;TEDC1;TTC23;EVC;TEDC2;RAB34,EXPLORATORY -- NOT FDR-CORRECTED,GM12878-origin,0.05
gs_ind_0,Response To Insulin (GO:0032868),17/79,4.5404967675061555e-05,0.00187051493001562,3.573034649476229,35.729950026361934,INSR;INSIG2;FOXO1;GPLD1;SLC27A1;RHOQ;CAPN10;KAT2B;SIRT1;PIK3R1;CPEB2;SYAP1;TBC1D4;VAMP2;KHK;FER;SELENOS,EXPLORATORY -- NOT FDR-CORRECTED,GM12878-origin,0.05
gs_ind_0,Transmembrane Receptor Protein Tyrosine Kinase Signaling Pathway (GO:0007169),40/283,4.6018175207790725e-05,0.0018782232992216807,2.1285152893896946,21.256362864922032,MST1R;INSR;MVP;KIF16B;GPLD1;FRS2;RASGRP4;PTPRJ;FGR;DOK4;PIK3R1;SAMD10;ERBB2;VAV2;NFATC4;RHOQ;SYK;BCAR3;SAMD12;SIPA1L1;PIK3R3;CDK5R1;APPL1;BCAR1;ANKS1A;FOXO1;RASA1;DOK2;EFNA4;FRS3;PDK2;DOK3;SH2B2;EIF2AK3;VAV1;STXBP4;FOXO4;ZFYVE27;DDR2;FER,EXPLORATORY -- NOT FDR-CORRECTED,GM12878-origin,0.05
gs_ind_0,Autophagy,24/137,5.2797345799491366e-05,0.0021351440393042012,2.7572147148375823,27.155944587583182,ERN1;TP53INP2;PIK3R1;BCL2;MTMR3;RAB33B;RRAGC;PIK3R3;UVRAG;GABARAPL1;ATG4C;RRAGB;ZFYVE1;ATG10;WIPI1;ATG2B;SMCR8;ATG16L2;BAD;ATG4A;EIF2AK3;C9orf72;ULK1;ATG14,EXPLORATORY -- NOT FDR-CORRECTED,GM12878-origin,0.05
gs_ind_0,Positive Regulation Of T Cell Proliferation (GO:0042102),15/65,5.337792666748343e-05,0.0021389990977296997,3.915356022637213,38.519715987252674,AIF1;IL12RB1;CD80;IL23A;PTPRC;CD70;SYK;CD274;TNFRSF13C;PPP3CA;CCL5;PYCARD;CCDC88B;NCKAP1L;NCK2,EXPLORATORY -- NOT FDR-CORRECTED,GM12878-origin,0.05
gs_ind_0,Regulation Of Intracellular Signal Transduction (GO:1902531),41/295,5.493887613942382e-05,0.0021723841216302188,2.086896158253276,20.470968225590752,GMIP;ARHGAP31;ARHGAP45;ULK4;PPP1R16B;SPHK2;WWC3;PLEKHG6;VAV2;SRGAP3;CYLD;CARD8;PIP4P1;RRAGC;TMBIM4;ARHGAP9;PIP5K1B;TP53RK;RRAGB;DNMBP;PTPN22;RHOF;SETD9;AKAP5;PREX1;SPRED1;STK3;UFL1;WWC1;AKAP13;ARHGEF17;TRIO;MAP2K6;VAV1;OPTN;PLK3;ANKRD54;BCL3;TRAF5;TRIM6;PYCARD,EXPLORATORY -- NOT FDR-CORRECTED,GM12878-origin,0.05
gs_ind_0,Complement,31/200,5.6115207792382876e-05,0.0021723841216302188,2.3757945905521627,23.25452381872874,ME1;DGKH;CBLB;GNAI3;IRF2;LIPA;APOBEC3F;GMFB;ZEB1;FDX1;WAS;TNFAIP3;F8;CDK5R1;KYNU;MAFF;ERAP2;VCPIP1;CASP7;CTSS;IRF7;ANG;GCA;CR2;BRPF3;PSMB9;CCL5;APOBEC3G;PLAUR;CTSO;RABIF,EXPLORATORY -- NOT FDR-CORRECTED,GM12878-origin,0.05
gs_ind_0,C-type lectin receptor signaling pathway,20/104,5.618234797319531e-05,0.0021723841216302188,3.097099074006019,30.311023528904286,CBLB;NFKB1;IKBKE;IL23A;PPP3CA;PIK3R1;NFATC4;CYLD;SYK;RELB;PIK3R3;NFKB2;ITPR2;IRF9;MAP3K14;PLK3;MALT1;BCL3;BCL10;PYCARD,EXPLORATORY -- NOT FDR-CORRECTED,GM12878-origin,0.05
gs_ind_0,T cell receptor signaling pathway,20/104,5.618234797319531e-05,0.0021723841216302188,3.097099074006019,30.311023528904286,CBLB;NFKB1;PDCD1;PTPRC;PPP3CA;PIK3R1;NCK2;VAV2;NFKBIB;NFKBIE;PIK3R3;SOS2;TEC;MAP3K14;VAV1;PTPN6;CARD11;MALT1;BCL10;MAP3K8,EXPLORATORY -- NOT FDR-CORRECTED,GM12878-origin,0.05
gs_ind_0,Organelle Membrane Fusion (GO:0090174),9/26,5.742857211043119e-05,0.0022012621379372235,6.9173490711185615,67.54769651986413,STX8;STX6;STX12;VAMP1;VCPIP1;VAMP2;SYT11;TSNARE1;STX7,EXPLORATORY -- NOT FDR-CORRECTED,GM12878-origin,0.05
gs_ind_0,p53 signaling pathway,16/73,5.951721325932038e-05,0.0022616541038541745,3.6610881122995775,35.619623170056045,BCL2;GTSE1;AIFM2;TP53I3;CD82;TP53;RRM2B;DDB2;BBC3;PPM1D;GADD45B;CCNG2;SESN1;PMAIP1;CCNE2;GORAB,EXPLORATORY -- NOT FDR-CORRECTED,GM12878-origin,0.05
gs_ind_0,Regulation Of Protein Modification Process (GO:0031399),12/45,6.56163273777024e-05,0.002472109154537711,4.757327601733889,45.82108565917736,HPF1;SOCS1;PPP1R16B;ATG10;SPRED1;FKTN;RABL3;CCDC88C;ULK1;KDM4D;ATG14;FER,EXPLORATORY -- NOT FDR-CORRECTED,GM12878-origin,0.05
gs_ind_0,Regulation Of Interleukin-6 Production (GO:0032675),21/114,7.15325258185657e-05,0.002672164184815573,2.935797811430233,28.023242021575488,AIF1;TIRAP;RIGI;ZC3H12A;SPHK2;IL17RA;TNFAIP3;SYK;NCKAP1L;PTPN22;TLR6;EOLA1;CD84;SYT11;GHRL;PTPN6;IFIH1;BCL10;PYCARD;SELENOS;TLR1,EXPLORATORY -- NOT FDR-CORRECTED,GM12878-origin,0.05
gs_ind_0,Protein Localization (GO:0008104),46/349,7.498074687985647e-05,0.002763171559257451,1.9615539544745177,18.631387097318196,SLU7;TRIM23;CBY1;STX6;RAB20;RAB22A;ARL6;ESAM;ARL11;STX12;MYO6;PICK1;RABL3;TM9SF1;DNAJC27;EXOC8;HPS6;TBC1D13;AKAP3;SMURF1;IFT22;AP4E1;RRAGC;NIN;RAB43;ABCD1;STX7;SPTSSA;RRAGB;CEP68;TP53;KIF3A;UNC93B1;RAB23;RPGR;WIPI1;IFT27;TSNARE1;AP4S1;STX8;PACSIN1;ULK1;RABL2A;BICD1;AKTIP;RAP2A,EXPLORATORY -- NOT FDR-CORRECTED,GM12878-origin,0.05
gs_ind_0,Protein Localization To Cilium (GO:0061512),11/39,7.522245624112843e-05,0.002763171559257451,5.143584794380998,48.83865010241322,TCTN2;SNX10;ARL6;TULP3;IFT20;WDR19;CC2D2B;BBS9;FAM149B1;TTC21A;TCTN1,EXPLORATORY -- NOT FDR-CORRECTED,GM12878-origin,0.05
gs_ind_0,Regulation Of Apoptotic Process (GO:0042981),79/700,8.035020023021129e-05,0.0029271378728493503,1.642087252501527,15.48343114294964,NFKB1;LATS2;TGFB3;RYBP;JMY;PHLDA1;TRADD;SIRT1;SAV1;NCKAP1L;FOXO1;FXN;RASA1;MLLT11;BAD;PLK3;MALT1;PYCARD;ANXA4;SPHK2;PRR7;TFPT;BCL2;ERBB2;AIFM2;FCMR;PNMA1;ING4;SEMA4D;BCL2L2;STK3;IER3;EVI2B;DSTYK;GHRL;DDAH2;BCL3;STK17A;SMPD1;GPLD1;MAP3K5;GADD45B;ZNF830;DCUN1D3;PIK3R1;SH3RF1;IL7;PIM3;SOX4;PLSCR3;BAG3;TP53;GRK5;NOL3;TNFSF10;PTPN6;MOAP1;BCL10;PLAUR;BNIP1;IER3IP1;RNF122;USP42;SPRY2;IFI6;E2F1;MBTD1;TMBIM4;BCAR1;ATF5;BMF;TMEM14A;IFIT3;PMAIP1;MAPK8IP3;ANKRD13C;SAP18;CRADD;MAP3K10,EXPLORATORY -- NOT FDR-CORRECTED,GM12878-origin,0.05
gs_ind_0,Signal Transduction By P53 Class Mediator (GO:0072331),10/33,8.146485257366018e-05,0.0029434186077433944,5.694419640566144,53.614890683567936,JMY;E2F7;TP53;MYO6;PDK2;FHIT;BCL3;PMAIP1;PYCARD;PAXIP1,EXPLORATORY -- NOT FDR-CORRECTED,GM12878-origin,0.05
gs_ind_0,snRNA Transcription (GO:0009301),6/12,9.41139826666771e-05,0.0033728002893879078,12.733740163802794,118.0545550858788,ELL3;ZC3H8;SNAPC1;ELL;USPL1;SNAPC4,EXPLORATORY -- NOT FDR-CORRECTED,GM12878-origin,0.05
gs_ind_0,Glycerophospholipid Biosynthetic Process (GO:0046474),20/108,9.748780516441071e-05,0.0034655342351993744,2.956818258457943,27.30853258325736,DGKH;PI4K2B;CDS2;ACP6;MTMR3;SYNJ1;MTM1;PIP5K1B;MTMR6;SLC27A1;LIPC;DGKQ;PLA2G4C;SLC44A1;FIG4;INPP5D;PLD1;ABHD4;DGKA;DGKE,EXPLORATORY -- NOT FDR-CORRECTED,GM12878-origin,0.05
gs_ind_0,RNA Methylation (GO:0001510),14/61,0.00010000364667290561,0.0035265285962733438,3.8931251006279184,35.85686532051745,METTL4;TRMT61B;BCDIN3D;RBM15B;TRMT10A;TRMT13;TRMT61A;NSUN3;ZC3H13;THUMPD2;METTL14;TRMO;TRDMT1;TRMT6,EXPLORATORY -- NOT FDR-CORRECTED,GM12878-origin,0.05
gs_ind_0,Protein Monoubiquitination (GO:0006513),12/47,0.00010399437424901913,0.0036381523943625105,4.489082524106829,41.17015582483266,UBE2W;TRIM21;TRIM56;RNF20;OBI1;KBTBD8;RBX1;PEX2;FANCC;PEX12;TOPORS;FANCF,EXPLORATORY -- NOT FDR-CORRECTED,GM12878-origin,0.05
gs_ind_0,Endosomal Transport (GO:0016197),28/180,0.00011747842546834459,0.004074874734173069,2.3878572394428934,21.60833110320002,DENND10;STX6;STX12;RGP1;TBC1D17;DENND1B;CLN5;ZFYVE9;CCDC93;AP5S1;ALS2;RAB43;AGAP2;VAMP4;TMCC1;SNX18;EHD4;VTI1A;CHMP1B;VPS4B;AP5Z1;ZFYVE16;SLC66A2;CHMP2B;TBC1D10C;RAB9A;BLOC1S2;TBC1D10A,EXPLORATORY -- NOT FDR-CORRECTED,GM12878-origin,0.05
gs_ind_0,Apoptotic Process (GO:0006915),33/227,0.00011832667104676788,0.004074874734173069,2.2019096346682647,19.909802025306515,PDCD1;CDK11B;LIG4;RELT;IFI6;IFI27L1;TRAIP;PLAGL1;PPARD;GLRX2;MAGEH1;BCL2;AIFM2;MAP3K10;TRADD;RRAGC;PLSCR3;NUDT2;FOXO1;BMF;STK3;CASP7;TCHP;ZNF443;MX1;PMAIP1;IER3;BAD;BBC3;PLK3;CYFIP2;PYCARD;BNIP1,EXPLORATORY -- NOT FDR-CORRECTED,GM12878-origin,0.05
gs_ind_0,Fat Cell Differentiation (GO:0045444),14/62,0.00012056984089175799,0.004088245066545148,3.8127582091633236,34.40359015697634,MKKS;OSBPL11;ATF5;CBY1;FOXO1;TRIM32;ZNF516;SIRT1;TMEM120B;BBS9;PSMB8;PER2;SLC39A13;NR4A2,EXPLORATORY -- NOT FDR-CORRECTED,GM12878-origin,0.05
gs_ind_0,Regulation Of Embryonic Development (GO:0045995),14/62,0.00012056984089175799,0.004088245066545148,3.8127582091633236,34.40359015697634,INSR;DAG1;TLE6;INO80C;SGF29;POGLUT1;UTP25;KAT2B;INO80B;KAT14;INO80D;TFPT;NPHP3;MBIP,EXPLORATORY -- NOT FDR-CORRECTED,GM12878-origin,0.05
gs_ind_0,Proteasomal Protein Catabolic Process (GO:0010498),32/219,0.00013506040150800132,0.004544627861429541,2.2156070175438596,19.740589839044844,RNF185;TRIM21;ZFAND2A;UBXN2A;RNF122;UBXN2B;ZNRF2;SMURF2;NHLRC3;SOCS6;SMURF1;SIRT1;KBTBD6;PEX10;ARRB2;BTRC;KCTD13;UBXN11;UBE2W;FBXL17;KBTBD7;ATXN3;NR1D1;RBX1;ANKRD9;PMAIP1;SPOPL;ATE1;TRIM13;GID4;PEX12;TOPORS,EXPLORATORY -- NOT FDR-CORRECTED,GM12878-origin,0.05
gs_ind_0,Proteolysis Involved In Protein Catabolic Process (GO:0051603),16/78,0.00013719675631642235,0.004581540165475679,3.3677757370710486,29.953315609667563,OTUD7B;UBE2W;TRIM21;SOCS6;ATE1;FBXL17;ATXN3;ZER1;TNFAIP3;NR1D1;VPS4B;MALT1;PMAIP1;CTSS;PEX10;PEX12,EXPLORATORY -- NOT FDR-CORRECTED,GM12878-origin,0.05
gs_ind_0,Transcription By RNA Polymerase II (GO:0006366),29/192,0.00015206645324139628,0.004966945498737828,2.3054576345484112,20.267722880959234,NFKB1;PKNOX1;KLF13;NCOA2;ZNF345;HSF2BP;NFE2L3;ELL;ARRB2;GMEB2;TAF3;SNAPC1;ZBTB1;CYP27B1;IRF9;NCBP3;PEX2;MNT;LEO1;ELL3;ZC3H8;EAF2;TAF5;PIR;E2F2;CTDP1;GTF2F2;SNAPC4;GTF2H5,EXPLORATORY -- NOT FDR-CORRECTED,GM12878-origin,0.05
gs_ind_0,Nucleotide-Excision Repair (GO:0006289),13/56,0.00015513675729866106,0.004966945498737828,3.9570588920894454,34.70816890251114,TP53;TENT4A;DDB2;UVSSA;LIG4;XPA;SIRT1;COMMD1;BRCA2;FANCC;GTF2H5;SLX4;ERCC4,EXPLORATORY -- NOT FDR-CORRECTED,GM12878-origin,0.05
gs_ind_0,Pattern Recognition Receptor Signaling Pathway (GO:0002221),13/56,0.00015513675729866106,0.004966945498737828,3.9570588920894454,34.70816890251114,NOD1;TICAM1;RIGI;TLR6;IFIH1;TIFA;PYCARD;ALPK1;CTSS;DHX58;TLR5;TLR1;BCL10,EXPLORATORY -- NOT FDR-CORRECTED,GM12878-origin,0.05
gs_ind_0,Plasma Membrane Organization (GO:0007009),15/71,0.0001554318142464027,0.004966945498737828,3.4990357987334972,30.68410658290272,CHMP6;SNX18;CHMP2B;WHAMM;SYT11;SMPD1;CHMP1B;PACSIN1;ANXA6;ABCD2;BIN2;VPS4B;RAB3A;ABCD1;PLSCR3,EXPLORATORY -- NOT FDR-CORRECTED,GM12878-origin,0.05
gs_ind_0,Lysosome Localization (GO:0032418),11/42,0.00015674988195413407,0.004966945498737828,4.653367239341182,40.76749487116895,SNAPIN;BORCS8;TFEB;PIP4P1;BLOC1S2;MILR1;RAB3A;HPS6;BORCS7;BORCS6;RAB34,EXPLORATORY -- NOT FDR-CORRECTED,GM12878-origin,0.05
gs_ind_0,Stress-Activated MAPK Cascade (GO:0051403),11/42,0.00015674988195413407,0.004966945498737828,4.653367239341182,40.76749487116895,MAP3K12;SH2D3C;MAP2K6;MAP2K3;MAP3K5;TRIB1;ZFP36;MAP4K2;SH2D3A;MAP3K10;MAP4K1,EXPLORATORY -- NOT FDR-CORRECTED,GM12878-origin,0.05
gs_ind_0,Cellular Response To Glucose Starvation (GO:0042149),11/42,0.00015674988195413407,0.004966945498737828,4.653367239341182,40.76749487116895,KICS2;TSSK6;TP53;EIF2AK3;PICK1;MTMR3;ZC3H12A;SIRT1;SESN1;PMAIP1;ATG14,EXPLORATORY -- NOT FDR-CORRECTED,GM12878-origin,0.05
gs_ind_0,Regulation Of Macroautophagy (GO:0016241),18/95,0.0001577523525007477,0.004966945498737828,3.045963191587837,26.66583646339266,CDK5R1;EXOC8;WDR24;ATG14;ATP6V1G2;GNAI3;NRBP2;TECPR1;SIRT1;SESN1;EPM2A;SMCR8;TBC1D25;NEDD4;ULK1;ERN1;TRIM13;ATP6V1E2,EXPLORATORY -- NOT FDR-CORRECTED,GM12878-origin,0.05
gs_ind_0,Regulation Of Mast Cell Degranulation (GO:0043304),6/13,0.00016396987921820383,0.005105977166151506,11.03562978427279,96.1846489780709,CD84;FES;SYK;SPHK2;FGR;FER,EXPLORATORY -- NOT FDR-CORRECTED,GM12878-origin,0.05
gs_ind_0,Positive Regulation Of Cytokine Production (GO:0001819),42/320,0.00016448474537057936,0.005105977166151506,1.9524535962792435,17.011128244921526,AIF1;GLMN;IKBKE;IL23A;PTPRC;RIGI;TIRAP;SPHK2;IL17RA;FGR;IL12RB1;CD80;SYK;CD274;IL7;NOD1;APPL1;HAVCR2;BTN3A1;PTPN22;PIBF1;TNFRSF14;HMOX1;TLR6;LTB;IRF7;DHX58;SLAMF6;CCDC88B;EIF2AK3;TICAM1;C5;CARD11;IFIH1;MALT1;TLR1;TRIM6;BCL10;BTN3A2;PYCARD;TLR5;RAB2B,EXPLORATORY -- NOT FDR-CORRECTED,GM12878-origin,0.05
gs_ind_0,Positive Regulation Of Cysteine-Type Endopeptidase Activity (GO:2001056),14/64,0.00017289462324836084,0.005292496522769269,3.661572967794284,31.719577793262456,NOD1;BAD;TNFSF10;SYK;MAP3K5;CARD8;SIRT1;CASC2;MALT1;CYFIP2;PMAIP1;BCL10;PYCARD;TBC1D10A,EXPLORATORY -- NOT FDR-CORRECTED,GM12878-origin,0.05
gs_ind_0,Positive Regulation Of T Cell Differentiation (GO:0045582),14/64,0.00017289462324836084,0.005292496522769269,3.661572967794284,31.719577793262456,NKAP;IL12RB1;IL4I1;TESPA1;VSIR;IL23A;ZBTB1;SOCS1;DUSP10;ADAM8;IL7;SOX4;SOX12;NCKAP1L,EXPLORATORY -- NOT FDR-CORRECTED,GM12878-origin,0.05
gs_ind_0,Signal Transduction In Response To DNA Damage (GO:0042770),13/57,0.00018766443093113058,0.00570499870030637,3.8680385635772763,33.191078558647135,E2F1;HINFP;CEP63;TP53;E2F7;MAP2K6;DTX3L;MYO6;UFL1;PARP9;BCL3;PAXIP1;ERCC4,EXPLORATORY -- NOT FDR-CORRECTED,GM12878-origin,0.05
gs_ind_0,Fatty Acid Metabolic Process (GO:0006631),21/122,0.0001941784501094649,0.005862593206044667,2.7038579767263835,23.109152131499325,ABCD2;ACADSB;PPARD;PCCA;PHYH;ABCD1;ACBD5;SGPL1;CBR4;MLYCD;ACSF2;LIPC;SLC27A3;PEX2;ALOX5;HSD17B8;PER2;DECR2;HTD2;ACSL1;CROT,EXPLORATORY -- NOT FDR-CORRECTED,GM12878-origin,0.05
gs_ind_0,Antigen Receptor-Mediated Signaling Pathway (GO:0050851),22/131,0.00019989882230909379,0.005891684785026958,2.6232047497429436,22.343669018980734,PTPRC;ZC3H12A;CD79A;BTN2A1;PTPRJ;DENND1B;BCL2;SYK;THEMIS2;NCKAP1L;BTN2A3P;BCAR1;BTN3A1;PTPN22;BTN2A2;TEC;INPP5D;SH2B2;MALT1;BCL10;BTN3A2;BTN3A3,EXPLORATORY -- NOT FDR-CORRECTED,GM12878-origin,0.05
gs_ind_0,Multivesicular Body Sorting Pathway (GO:0071985),8/24,0.00020162458857889961,0.005891684785026958,6.562366392512624,55.83985196480487,CHMP6;EXPH5;CHMP2B;DENND10;MITD1;CHMP1B;VPS4B;UVRAG,EXPLORATORY -- NOT FDR-CORRECTED,GM12878-origin,0.05
gs_ind_0,Response To Type I Interferon (GO:0034340),5/9,0.0002018249552039634,0.005891684785026958,15.559247962041347,132.37978998304632,TRIM56;SMPD1;SHFL;MX1;IFIT1,EXPLORATORY -- NOT FDR-CORRECTED,GM12878-origin,0.05
gs_ind_0,Negative Regulation Of Telomerase Activity (GO:0051974),5/9,0.0002018249552039634,0.005891684785026958,15.559247962041347,132.37978998304632,PARP3;TP53;PINX1;TERF1;PIF1,EXPLORATORY -- NOT FDR-CORRECTED,GM12878-origin,0.05
gs_ind_0,Positive Regulation Of T Cell Apoptotic Process (GO:0070234),5/9,0.0002018249552039634,0.005891684785026958,15.559247962041347,132.37978998304632,ZC3H8;PDCD1;TP53;CD274;CCL5,EXPLORATORY -- NOT FDR-CORRECTED,GM12878-origin,0.05
gs_ind_0,Autophagosome Assembly (GO:0000045),14/65,0.0002057031281921309,0.005965390717571796,3.590383800741872,30.479042942291837,UBXN2A;ATG16L2;SMURF1;RAB23;UBXN2B;STX12;WIPI1;ULK1;ATG2B;TP53INP1;RAB43;TP53INP2;ATG14;GABARAPL1,EXPLORATORY -- NOT FDR-CORRECTED,GM12878-origin,0.05
gs_ind_0,Negative Regulation Of Cell Population Proliferation (GO:0008285),47/375,0.00020986531402350013,0.006046315713827376,1.8506724230388643,15.673427281082931,AIF1;GLMN;NUDT6;PINX1;GPLD1;TGFB3;KAT2B;FKTN;PPM1D;DUSP10;DLL1;PTPRJ;NCK2;IFI35;CGRRF1;E2F1;BMPR2;TNFAIP3;BTG3;ING4;TRIB1;DNAJB2;SOX4;SAV1;ATF5;TBRG1;TP53;HMOX1;TRIM32;CYP27B1;TOB2;FUZ;IFIT3;TP53INP1;PEX2;PER2;PTGIR;ANG;DIS3L2;E2F7;B4GALT7;ZBTB49;TINF2;PTPN6;MED9;FOXO4;ULK1,EXPLORATORY -- NOT FDR-CORRECTED,GM12878-origin,0.05
gs_ind_0,Regulation Of Type I Interferon Production (GO:0032479),13/58,0.00022587011813355034,0.006465165459303181,3.7829312165381697,31.759789772987524,TRIM21;TRIM56;GPATCH3;PTPN22;IKBKE;TICAM1;TIRAP;CYLD;IRF7;RBX1;XAF1;DHX58;RAB2B,EXPLORATORY -- NOT FDR-CORRECTED,GM12878-origin,0.05
gs_ind_0,Protein Acylation (GO:0043543),10/37,0.0002342485493114056,0.006661726486223715,4.865649256676753,40.672584111398386,PORCN;ZDHHC21;FOXO1;ZDHHC13;NAA80;HHAT;KAT2B;ZDHHC2;ZDHHC6;ING4,EXPLORATORY -- NOT FDR-CORRECTED,GM12878-origin,0.05
gs_ind_0,Protein Dephosphorylation (GO:0006470),21/124,0.000244961147761005,0.006921722688016091,2.651475429516698,22.04545631980523,UBLCP1;PTPRC;DUSP10;PPM1D;PPP3CA;PTPRJ;PPM1M;MTMR3;SSH1;PPP2R5B;MTM1;PPEF1;MTMR6;PTPN22;DUSP22;DUSP11;DUSP18;PTPN6;CTDP1;CTTNBP2NL;PPM1K,EXPLORATORY -- NOT FDR-CORRECTED,GM12878-origin,0.05
gs_ind_0,Negative Regulation Of Signal Transduction (GO:0009968),36/266,0.0002556496501471857,0.007177730304769392,2.024520337236857,16.746230147241157,TRABD2A;CBY1;SMPD1;RB1;HIF1AN;PTPRC;MOSMO;SPRY2;HEY1;RPGRIP1L;PTPRJ;BCL2;TNFAIP3;WWOX;CARD8;TRIB1;RNF43;BTRC;ZNF653;NFKBIL1;APPL1;HIC1;SOCS1;TULP3;TLR6;NR1D1;NEDD4;NR4A2;PTGIR;INPP5D;CXXC4;KANK1;SUFU;PIP4K2C;CCL5;CHAC1,EXPLORATORY -- NOT FDR-CORRECTED,GM12878-origin,0.05
gs_ind_0,Negative Regulation Of DNA Biosynthetic Process (GO:2000279),9/31,0.00026547368486648526,0.007406379765135867,5.3794816839021955,44.29462441407997,BMPR2;TP53;PINX1;TINF2;TENT4B;TERF1;CTC1;PIF1;ERCC4,EXPLORATORY -- NOT FDR-CORRECTED,GM12878-origin,0.05
gs_ind_0,Regulation Of Vesicle Size (GO:0097494),6/14,0.0002692211808582732,0.007463691605177789,9.73707478816161,80.03853355705691,SNAPIN;RAB22A;BLOC1S2;BORCS7;BORCS8;BORCS6,EXPLORATORY -- NOT FDR-CORRECTED,GM12878-origin,0.05
gs_ind_0,Negative Regulation Of Telomere Maintenance Via Telomere Lengthening (GO:1904357),8/25,0.00027761455842001566,0.0076007762330150865,6.187217924290076,50.668840741172836,PINX1;TINF2;TENT4B;TERF1;CTC1;PIF1;SLX4;ERCC4,EXPLORATORY -- NOT FDR-CORRECTED,GM12878-origin,0.05
gs_ind_0,Regulation Of Double-Strand Break Repair Via Nonhomologous End Joining (GO:2001032),8/25,0.00027761455842001566,0.0076007762330150865,6.187217924290076,50.668840741172836,WAS;USP51;SHLD1;SETMAR;TRAPPC13;KDM4D;NUDT16L1;PARP3,EXPLORATORY -- NOT FDR-CORRECTED,GM12878-origin,0.05
gs_ind_0,Positive Regulation Of B Cell Activation (GO:0050871),12/52,0.00029215316599139605,0.007942301882824458,3.93437819691507,32.01888392774018,INPP5D;BCL2;TIRAP;PTPRC;SYK;SHLD1;TNFRSF13C;PPP2R3C;IL7;TRAPPC13;PAXIP1;NCKAP1L,EXPLORATORY -- NOT FDR-CORRECTED,GM12878-origin,0.05
gs_ind_0,Regulation Of GTPase Activity (GO:0043087),30/209,0.000293692197572683,0.007942301882824458,2.170965003667287,17.656411234685493,BCAS3;GMIP;TBC1D30;RASGRP4;RGP1;ERBB2;LRCH1;VAV2;RGL1;SRGAP3;BCAR3;RALGPS1;SIPA1L1;CPEB2;ALS2;ARHGAP9;SEMA4D;SGSM2;SNX18;FICD;SOS2;PREX1;RGS16;TBC1D2;SMCR8;ADAP2;RAB11FIP2;PLXNA3;VAV1;CCL5,EXPLORATORY -- NOT FDR-CORRECTED,GM12878-origin,0.05
gs_ind_0,Response To UV (GO:0009411),18/100,0.00030716075081331447,0.008255881643811526,2.8609978553876667,23.140149274725818,BRSK1;NSMCE3;TP53;SMPD1;TENT4A;DDB2;UVSSA;PRIMPOL;ZBTB1;XPA;TRIM32;RBX1;BMF;BCL3;COPS9;NEDD4;DCUN1D3;ERCC4,EXPLORATORY -- NOT FDR-CORRECTED,GM12878-origin,0.05
gs_ind_0,Telomere Maintenance (GO:0000723),14/68,0.00033816921810028423,0.009034241899309412,3.3924909785686537,27.112666254459036,RAD51D;INO80C;DCLRE1C;TINF2;SHLD1;INO80B;LTO1;INO80D;TERF1;TFPT;CTC1;TRAPPC13;ERCC4;PARP3,EXPLORATORY -- NOT FDR-CORRECTED,GM12878-origin,0.05
gs_ind_0,NF-kappa B signaling pathway,18/101,0.0003486271608134995,0.009257521234131963,2.8266629726199706,22.50449849587089,BCL2;MAP3K14;NFKB1;NFKB2;TICAM1;TRADD;TNFAIP3;TIRAP;CYLD;SYK;CARD11;MALT1;TNFRSF13C;GADD45B;RELB;TRAF5;BCL10;LTB,EXPLORATORY -- NOT FDR-CORRECTED,GM12878-origin,0.05
gs_ind_0,Positive Regulation Of Nucleic Acid-Templated Transcription (GO:1903508),63/556,0.0003590265950875293,0.009476582222430113,1.6485393047620043,13.076401849193315,MAP3K12;GPATCH3;NFKB1;ING2;KDM8;MAP3K5;TGFB3;KAT2B;PBX4;ZXDC;PPARD;SFR1;OSR2;TFPT;TP53INP2;TRIP4;RFX3;RYBP;DYRK1B;E2F1;CD80;BICRA;ZKSCAN3;ESR2;ZNF516;MBTD1;TRERF1;ANKRD49;INO80B;CALCOCO1;INO80D;BRCA2;ATXN7;KAT6B;BTRC;SOX4;HIVEP3;MLLT3;ATF5;HINFP;SGF29;TP53;INO80C;RNF20;FOXO1;NR1D1;MLLT11;PARP9;TP53INP1;MSL2;IRF7;CEP290;TADA2B;TAF5;FZD2;MAP2K3;CREBL2;DTX3L;DXO;PCBD2;BCL3;BCL10;TFEB,EXPLORATORY -- NOT FDR-CORRECTED,GM12878-origin,0.05
gs_ind_0,Antiviral Innate Immune Response (GO:0140374),11/46,0.0003727040024946782,0.009738571358169641,4.128627321270392,32.594381508534646,UBE2W;RIGI;CARD8;SENP7;IFIH1;IFIT3;MX1;TRIM6;DHX58;MARCHF2;IFIT1,EXPLORATORY -- NOT FDR-CORRECTED,GM12878-origin,0.05
gs_ind_0,Regulation Of Autophagosome Assembly (GO:2000785),10/39,0.00037383240980285636,0.009738571358169641,4.535545798686911,35.793180218813646,SNX18;MTMR3;IFT20;FEZ1;WIPI1;MOAP1;PIP4K2C;SMCR8;MTM1;TBC1D12,EXPLORATORY -- NOT FDR-CORRECTED,GM12878-origin,0.05
gs_ind_0,Regulation Of Ketone Biosynthetic Process (GO:0010566),4/6,0.00037558011136316677,0.009738571358169641,22.908329321136254,180.67888136682083,DGKQ;SIRT5;CLCN2;H6PD,EXPLORATORY -- NOT FDR-CORRECTED,GM12878-origin,0.05
gs_ind_0,snRNA Transcription By RNA Polymerase II (GO:0042795),5/10,0.00037933919957798377,0.00975379233764861,12.729972708299888,100.27501046072516,ELL3;ZC3H8;SNAPC1;ELL;SNAPC4,EXPLORATORY -- NOT FDR-CORRECTED,GM12878-origin,0.05
gs_ind_0,Autophagosome Organization (GO:1905037),13/61,0.00038280537078339596,0.00975379233764861,3.5486666633480515,27.920852060927622,UBXN2A;ATG16L2;RAB23;UBXN2B;STX12;WIPI1;ULK1;ATG2B;TP53INP1;RAB43;TP53INP2;ATG14;GABARAPL1,EXPLORATORY -- NOT FDR-CORRECTED,GM12878-origin,0.05
gs_ind_0,Positive Regulation Of Apoptotic Signaling Pathway (GO:2001235),13/61,0.00038280537078339596,0.00975379233764861,3.5486666633480515,27.920852060927622,TP53;TNFSF10;BBC3;CYLD;WWOX;TLR6;PMAIP1;CRADD;CTSS;PYCARD;PLEKHF1;LTB;BCL10,EXPLORATORY -- NOT FDR-CORRECTED,GM12878-origin,0.05
gs_ind_0,mRNA Methylation (GO:0080009),6/15,0.0004210251906787958,0.01066597149719616,8.711899791231733,67.71601055953643,METTL4;TRMT61B;TRMT61A;ZC3H13;METTL14;TRMT6,EXPLORATORY -- NOT FDR-CORRECTED,GM12878-origin,0.05
gs_ind_0,Regulation Of Exocytosis (GO:0017157),12/54,0.00042382579845859196,0.010675566397745563,3.7490416923004117,29.115762751632747,CHMP6;EXPH5;RAB12;SEPTIN1;RAB3D;RAB33B;TPCN2;RAB9A;VAMP2;SMCR8;RAB3A;RAB2B,EXPLORATORY -- NOT FDR-CORRECTED,GM12878-origin,0.05
gs_ind_0,Glycerophospholipid Metabolic Process (GO:0006650),13/62,0.0004523780623873002,0.011326560766203876,3.4768886352662305,26.775492630834634,DGKH;PIGZ;GPLD1;SYNJ1;ABHD6;SERINC5;PLCB2;PIGV;PLA2G4C;ACP6;GPCPD1;PIGW;ABHD12,EXPLORATORY -- NOT FDR-CORRECTED,GM12878-origin,0.05
gs_ind_0,Regulation Of Intrinsic Apoptotic Signaling Pathway (GO:2001242),11/47,0.0004548097222364079,0.011326560766203876,4.015412886892105,30.901137574099522,BCL2;BCL2L2;TP53;EIF2AK3;BBC3;CYLD;PYCARD;PMAIP1;NOL3;PLAUR;PLEKHF1,EXPLORATORY -- NOT FDR-CORRECTED,GM12878-origin,0.05
gs_ind_0,Cellular Response To Nutrient Levels (GO:0031669),15/78,0.00045783714516158756,0.011337899639731898,3.1127649348228315,23.934040293285456,JMY;RRAGB;OTUD3;BMPR2;FOXO1;SIRT1;WIPI1;ULK1;RRAGC;PDK2;PPARD;ZFYVE1;PRKAB2;ATG14;TFEB,EXPLORATORY -- NOT FDR-CORRECTED,GM12878-origin,0.05
gs_ind_0,Protein Autoubiquitination (GO:0051865),14/70,0.00046227355275337586,0.011383809053278664,3.272237523206757,25.128669450818567,RNF185;TRIM21;RNF146;RNFT1;RNF122;OBI1;SH3RF1;DDB2;TRIM68;DTX3L;BRCA2;RNF19B;TRIM13;TRIM52,EXPLORATORY -- NOT FDR-CORRECTED,GM12878-origin,0.05
gs_ind_0,Response To Amino Acid Starvation (GO:1990928),10/40,0.0004661271942733264,0.011414937068649017,4.386728665986572,33.650823759305865,WDR24;RRAGB;KICS2;DEPDC5;EIF2AK3;MAP3K5;RRAGC;SESN1;PEX2;TFEB,EXPLORATORY -- NOT FDR-CORRECTED,GM12878-origin,0.05
gs_ind_0,Recombinational Repair (GO:0000725),17/95,0.00047856688392298167,0.011654822233881233,2.843623131130124,21.738687206383933,NSMCE3;RAD51D;HELQ;RAD54B;MBTD1;EXD2;AP5Z1;AP5S1;RAD51B;POLN;BRCA2;SFR1;KDM4D;SWSAP1;SLF2;SLX4;ERCC4,EXPLORATORY -- NOT FDR-CORRECTED,GM12878-origin,0.05
gs_ind_0,Protein Quality Control For Misfolded Or Incompletely Synthesized Proteins (GO:0006515),8/27,0.0004996429400453112,0.011973207051454228,5.55235128575961,42.2068470052019,UBE2W;RNF185;FBXL17;ATXN3;ZER1;PEX10;PEX12;UGGT2,EXPLORATORY -- NOT FDR-CORRECTED,GM12878-origin,0.05
gs_ind_0,GPI Anchor Metabolic Process (GO:0006505),8/27,0.0004996429400453112,0.011973207051454228,5.55235128575961,42.2068470052019,PGAP1;PIGZ;GPLD1;PIGM;PIGV;PIGW;TP53INP2;MPPE1,EXPLORATORY -- NOT FDR-CORRECTED,GM12878-origin,0.05
gs_ind_0,Macroautophagy (GO:0016236),18/104,0.0005034537265493544,0.011973207051454228,2.7284215450476603,20.7196843808327,CHMP6;SNX18;CHMP2B;VTI1A;ATG16L2;CHMP1B;MTMR3;HDAC10;TECPR1;ATG10;STK3;VPS4B;VPS37C;ULK1;ZFYVE1;UVRAG;ATG14;GABARAPL1,EXPLORATORY -- NOT FDR-CORRECTED,GM12878-origin,0.05
gs_ind_0,Lysosomal Transport (GO:0007041),18/104,0.0005034537265493544,0.011973207051454228,2.7284215450476603,20.7196843808327,CHMP6;RAB12;CHMP2B;SNAPIN;AKTIP;HGSNAT;CHMP1B;DTX3L;ZFYVE16;SNX16;LYSET;ALS2;NEDD4;MTM1;PXK;UEVLD;PLEKHF1;ATG14,EXPLORATORY -- NOT FDR-CORRECTED,GM12878-origin,0.05
gs_ind_0,Regulation Of Histone Deacetylation (GO:0031063),7/21,0.000507937776456883,0.011973207051454228,6.587203988367262,49.96494090599605,SGF29;ING2;KAT2B;SIRT1;CAMK2D;KAT14;MBIP,EXPLORATORY -- NOT FDR-CORRECTED,GM12878-origin,0.05
gs_ind_0,Plasma Membrane Repair (GO:0001778),7/21,0.000507937776456883,0.011973207051454228,6.587203988367262,49.96494090599605,CHMP6;CHMP2B;SYT11;SMPD1;CHMP1B;VPS4B;RAB3A,EXPLORATORY -- NOT FDR-CORRECTED,GM12878-origin,0.05
gs_ind_0,Phosphatidylinositol Metabolic Process (GO:0046488),13/63,0.0005323742285099176,0.012482476591870835,3.4079533013658683,25.689710477231234,INPP5D;MTMR6;PGAP1;FIG4;PI4K2B;MTMR3;SYNJ1;SLC27A1;PIP4P1;PLCB2;MTM1;PIP5K1B;PIGW,EXPLORATORY -- NOT FDR-CORRECTED,GM12878-origin,0.05
gs_ind_0,Response To Lipopolysaccharide (GO:0032496),24/159,0.0005441820420787907,0.012661957670632168,2.3082638111149323,17.34943415909951,NFKB1;TIRAP;ZC3H12A;GCH1;CD80;TNFAIP3;CD274;NFKBIB;TRIB1;NFKBIL1;PTPN22;CYP27B1;HNRNPA0;NR1D1;PEX2;CASP7;ZFP36;TICAM1;SRR;TRIM6;BCL10;PYCARD;SELENOS;FER,EXPLORATORY -- NOT FDR-CORRECTED,GM12878-origin,0.05
gs_ind_0,"RNA Splicing, Via Transesterification Reactions With Bulged Adenosine As Nucleophile (GO:0000377)",26/178,0.0005485035961866832,0.012661957670632168,2.2188528564653014,16.659850005563317,SLU7;RBMX2;ZRSR2;SYF2;GEMIN6;RBM4B;USP49;MAGOHB;LSM3;GPATCH1;PRPF40B;RBM41;WBP4;RNPC3;CWF19L2;U2AF1L4;PNN;FRA10AC1;CWC25;CENATAC;CWC22;WDR83;DBR1;METTL14;HTATSF1;GCFC2,EXPLORATORY -- NOT FDR-CORRECTED,GM12878-origin,0.05
gs_ind_0,Regulation Of Tumor Necrosis Factor-Mediated Signaling Pathway (GO:0010803),11/48,0.0005515190273959565,0.012661957670632168,3.9082365556806606,29.32285096471397,PELI3;IKBKE;MIB2;CYLD;CARD8;SYK;TNFAIP3;PYCARD;TRAIP;ULK1;SPATA2,EXPLORATORY -- NOT FDR-CORRECTED,GM12878-origin,0.05
gs_ind_0,Regulation Of TORC1 Signaling (GO:1903432),11/48,0.0005515190273959565,0.012661957670632168,3.9082365556806606,29.32285096471397,CASTOR3P;WDR24;RRAGB;KICS2;DEPDC5;PIP4P1;DGKQ;RRAGC;SESN1;SMCR8;CASTOR1,EXPLORATORY -- NOT FDR-CORRECTED,GM12878-origin,0.05
gs_ind_0,Negative Regulation Of Interleukin-6 Production (GO:0032715),9/34,0.0005658613092789728,0.012923920473065866,4.746242171518985,35.48841945476981,CD84;PTPN22;TNFAIP3;GHRL;ZC3H12A;PTPN6;SYT11;SELENOS;NCKAP1L,EXPLORATORY -- NOT FDR-CORRECTED,GM12878-origin,0.05
gs_ind_0,Protein Transport (GO:0015031),39/309,0.000601431704283314,0.013665520373612619,1.866860620185227,13.845007197437866,SLU7;DENND10;TRIM23;STX6;RAB20;RAB22A;ARL6;ARL11;LMAN2L;STX12;MYO6;GSDMD;RABL3;VAMP2;DNAJC27;TBC1D13;RAB12;IFT22;PICK1;SVBP;RAB43;ABCD1;STX7;RAB34;SNX18;CHMP1B;UNC93B1;KIF3A;RAB23;RPGR;RAB3A;CEP290;TSNARE1;CHMP2B;STX8;OPTN;RABL2A;IFT27;RAB3D,EXPLORATORY -- NOT FDR-CORRECTED,GM12878-origin,0.05
gs_ind_0,Negative Regulation Of Intracellular Signal Transduction (GO:1902532),31/228,0.0006082774339599552,0.013750189378951191,2.037527126969587,15.08764280066105,FAM89B;DAG1;ZC3H12A;PLAUR;WWC3;PTPRJ;MAPKBP1;IFI35;OTUD7B;BCL2;DEPDC5;TNFAIP3;CYLD;CARD8;SIRT1;CASC2;ARRB2;PIK3IP1;EPM2A;BCL2L2;TSSK6;SPRED1;NR1D1;TNFAIP8L1;WWC1;NOL3;PBLD;OTUD3;MAP2K3;PYCARD;CARD19,EXPLORATORY -- NOT FDR-CORRECTED,GM12878-origin,0.05
gs_ind_0,Positive Regulation Of Lymphocyte Migration (GO:2000403),6/16,0.0006321522732396634,0.01410911309598253,7.881996222288498,58.06178133529373,AIF1;JAM2;TMEM102;TNFRSF14;CCL5;PYCARD,EXPLORATORY -- NOT FDR-CORRECTED,GM12878-origin,0.05
gs_ind_0,DNA-templated Transcription (GO:0006351),28/199,0.0006328677360446734,0.01410911309598253,2.122291961076383,15.631208967820399,NFKB1;PKNOX1;KLF13;ZNF345;HSF2BP;POLR3GL;E2F1;NFKBIB;RRAGC;ARRB2;TEFM;GMEB2;TP53;TCEANC;IRF9;THAP1;TCEANC2;MNT;NR4A2;ELL3;MTERF4;TAF5;PIR;CREBL2;GTF2F2;NFE2L3;TOPORS;GTF2H5,EXPLORATORY -- NOT FDR-CORRECTED,GM12878-origin,0.05
gs_ind_0,Apoptosis,22/142,0.0006337578024057488,0.01410911309598253,2.3830789788311413,17.54862110496062,NFKB1;PARP2;MAP3K5;GADD45B;ERN1;PIK3R1;PARP3;BCL2;TRADD;DFFB;PIK3R3;TP53;ITPR2;CASP7;PMAIP1;CTSS;MAP3K14;BAD;TNFSF10;EIF2AK3;BBC3;CTSO,EXPLORATORY -- NOT FDR-CORRECTED,GM12878-origin,0.05
gs_ind_0,Regulation Of Endosome Size (GO:0051036),5/11,0.0006536509652327003,0.014206051040795399,10.771243686478877,78.98485180919383,SNAPIN;BLOC1S2;BORCS7;BORCS8;BORCS6,EXPLORATORY -- NOT FDR-CORRECTED,GM12878-origin,0.05
gs_ind_0,Regulation Of Glycogen Metabolic Process (GO:0070873),5/11,0.0006536509652327003,0.014206051040795399,10.771243686478877,78.98485180919383,PPP1R3F;PPP1R3B;PPP1R3D;KHK;PPP1R3E,EXPLORATORY -- NOT FDR-CORRECTED,GM12878-origin,0.05
gs_ind_0,Regulation Of Alcohol Biosynthetic Process (GO:1902930),5/11,0.0006536509652327003,0.014206051040795399,10.771243686478877,78.98485180919383,MBTPS2;ERLIN1;H6PD;DGKQ;CLCN2,EXPLORATORY -- NOT FDR-CORRECTED,GM12878-origin,0.05
gs_ind_0,RNA Phosphodiester Bond Hydrolysis (GO:0090501),8/28,0.000655069430987784,0.014206051040795399,5.281371622972215,38.71651709520859,POP1;LACTB2;ZC3H12A;KHNYN;ZC3H12C;ERN1;ELAC1;NUDT16,EXPLORATORY -- NOT FDR-CORRECTED,GM12878-origin,0.05
gs_ind_0,Cellular Response To Peptide Hormone Stimulus (GO:0071375),16/89,0.0006574488231221101,0.014206051040795399,2.862959200113105,20.977313273208654,INSR;NR4A2;NFKB1;FOXO1;INSIG2;GPLD1;RHOQ;CAPN10;KAT2B;PIK3R1;CPEB2;TBC1D4;SYAP1;VAMP2;SELENOS;FER,EXPLORATORY -- NOT FDR-CORRECTED,GM12878-origin,0.05
gs_ind_0,Regulation Of Vesicle-Mediated Transport (GO:0060627),16/89,0.0006574488231221101,0.014206051040795399,2.862959200113105,20.977313273208654,PLD1;SEPTIN1;RAB12;DENND10;FES;PACSIN1;RAB4A;RAB33B;TPCN2;RAB4B;ZFYVE16;LYSET;VAMP2;RUFY2;RAB3A;RAB3D,EXPLORATORY -- NOT FDR-CORRECTED,GM12878-origin,0.05
gs_ind_0,Intrinsic Apoptotic Signaling Pathway In Response To DNA Damage (GO:0008630),11/49,0.0006647913544840315,0.014225244128959275,3.8066278260905895,27.849431235963646,BCL2;BCL2L2;E2F1;IKBKE;TP53;HIC1;SIRT1;BCL3;MOAP1;PYCARD;TOPORS,EXPLORATORY -- NOT FDR-CORRECTED,GM12878-origin,0.05
gs_ind_0,Negative Regulation Of Tumor Necrosis Factor Superfamily Cytokine Production (GO:1903556),11/49,0.0006647913544840315,0.014225244128959275,3.8066278260905895,27.849431235963646,HAVCR2;PTPN22;VSIR;TNFAIP3;GHRL;ZC3H12A;CD274;PTPN6;SYT11;SELENOS;NFKBIL1,EXPLORATORY -- NOT FDR-CORRECTED,GM12878-origin,0.05
gs_ind_0,Regulation Of Interleukin-8 Production (GO:0032677),15/81,0.0006943366967448018,0.014785681928749208,2.972114212088443,21.614859797701,OTUD7B;NOD1;ANXA4;PTPN22;TIRAP;RIGI;SYK;PTPRC;TLR6;BCL3;BCL10;PYCARD;MAPKBP1;TLR5;TLR1,EXPLORATORY -- NOT FDR-CORRECTED,GM12878-origin,0.05
gs_ind_0,NAD Metabolic Process (GO:0019674),7/22,0.0006982990820882964,0.014798569008871203,6.16206762534007,44.778901615875895,ME1;KYNU;NMNAT1;KMO;NUDT12;NMRK1;NUDT17,EXPLORATORY -- NOT FDR-CORRECTED,GM12878-origin,0.05
gs_ind_0,Intracellular Protein Transport (GO:0006886),40/322,0.0007072154487762503,0.014855818083772582,1.832851557616956,13.29582631801111,SLU7;RANGRF;TRIM23;STX6;RAB20;RAB22A;ARL6;ARL11;STX12;PICK1;MYO6;RABL3;DNAJC27;TBC1D13;KPNA5;TECPR2;SMURF1;IFT22;SYK;AP4E1;RAB43;STX7;AP1S3;APPL1;BAG3;RANBP6;UNC93B1;RAB23;RPGR;STK3;KIF13B;TSNARE1;AP4S1;TRAK2;STX8;ANKLE1;VPS37C;BCL3;RABL2A;IFT27,EXPLORATORY -- NOT FDR-CORRECTED,GM12878-origin,0.05
gs_ind_0,Negative Regulation Of I-kappaB kinase/NF-kappaB Signaling (GO:0043124),10/42,0.0007077408796715613,0.014855818083772582,4.116568332776726,29.859250617516057,OTUD7B;TNFAIP3;CARD8;ZC3H12A;SIRT1;NR1D1;ARRB2;PYCARD;CARD19;MAPKBP1,EXPLORATORY -- NOT FDR-CORRECTED,GM12878-origin,0.05
gs_ind_0,Endosome To Lysosome Transport (GO:0008333),12/57,0.0007129034792620454,0.014893263206573915,3.5015869086665545,25.37307481923707,RAB12;SNAPIN;AKTIP;TPCN2;SNX16;VPS4B;DTX3L;MTM1;PXK;UEVLD;PLEKHF1;ATG14,EXPLORATORY -- NOT FDR-CORRECTED,GM12878-origin,0.05
gs_ind_0,Response To Cytokine (GO:0034097),20/125,0.0007227353037290562,0.015027439711498489,2.4792983733043625,17.931444935242087,TRIM21;NFKB1;IKBKE;SMPD1;SHFL;XAF1;TMEM102;HCLS1;BCL2;GCH1;CD274;RELB;LAMP3;KYNU;TRIM56;NFKB2;TRIM32;CYP27B1;MX1;IRAK2,EXPLORATORY -- NOT FDR-CORRECTED,GM12878-origin,0.05
gs_ind_0,Monocarboxylic Acid Biosynthetic Process (GO:0072330),13/65,0.000728582073893292,0.015077886299162586,3.27796095743947,23.681334829146156,CBR4;CHST14;CYP7B1;HTD2;SRR;MLYCD;CHST12;LIPC;DSE;GATM;HSD17B8;PER2;AMACR,EXPLORATORY -- NOT FDR-CORRECTED,GM12878-origin,0.05
gs_ind_0,RNA Processing (GO:0006396),26/182,0.0007703976528342633,0.01586875165277305,2.1619220141583066,15.497962245297696,SLU7;ZRSR2;MAGOHB;ZNF830;LSM3;PRPF18;ATXN1;KIN;NUFIP1;RRAGC;TENT4B;WBP4;NRDE2;RNPC3;YJU2;SNRNP48;TENT4A;HNRNPA0;ZMAT5;DUSP11;FASTKD3;NOL3;RNASEL;RBMS2;BICD1;RNGTT,EXPLORATORY -- NOT FDR-CORRECTED,GM12878-origin,0.05
gs_ind_0,Positive Regulation Of Tumor Necrosis Factor Superfamily Cytokine Production (GO:1903557),15/82,0.0007932981722313395,0.016264457410212766,2.92800892372482,20.903967493327976,CD84;HAVCR2;IL23A;TIRAP;RIGI;SYK;IFNGR1;IFIH1;SPHK2;PTPRC;OAS3;BCL10;PYCARD;PTPRJ;TLR1,EXPLORATORY -- NOT FDR-CORRECTED,GM12878-origin,0.05
gs_ind_0,Dermatan Sulfate Proteoglycan Biosynthetic Process (GO:0050651),4/7,0.0008255522043005426,0.016766739549823856,16.362679689112042,116.16615815282323,CHST14;CSGALNACT2;CHST12;DSE,EXPLORATORY -- NOT FDR-CORRECTED,GM12878-origin,0.05
gs_ind_0,Negative Regulation Of Actin Nucleation (GO:0051126),4/7,0.0008255522043005426,0.016766739549823856,16.362679689112042,116.16615815282323,GMFB;DNAI3;PICK1;CORO1A,EXPLORATORY -- NOT FDR-CORRECTED,GM12878-origin,0.05
gs_ind_0,Positive Regulation Of Lymphocyte Proliferation (GO:0050671),14/74,0.0008292080811845737,0.016766739549823856,3.0555825375134225,21.679478590440137,ZNF335;BCL2;CD80;IL23A;TIRAP;PTPRC;CD70;CD274;TNFRSF13C;IL7;CCL5;CCDC88B;NCKAP1L;NCK2,EXPLORATORY -- NOT FDR-CORRECTED,GM12878-origin,0.05
gs_ind_0,JNK Cascade (GO:0007254),8/29,0.0008472213681948762,0.016975235413650064,5.035599370676672,35.61955658582936,MAP3K12;SH2D3C;MAP3K5;TRIB1;MAP4K2;SH2D3A;MAP3K10;MAP4K1,EXPLORATORY -- NOT FDR-CORRECTED,GM12878-origin,0.05
gs_ind_0,Phosphatidic Acid Biosynthetic Process (GO:0006654),8/29,0.0008472213681948762,0.016975235413650064,5.035599370676672,35.61955658582936,PLD1;DGKH;SLC27A1;LIPC;DGKQ;ACP6;DGKA;DGKE,EXPLORATORY -- NOT FDR-CORRECTED,GM12878-origin,0.05
gs_ind_0,Regulation Of Chromosome Organization (GO:0033044),10/43,0.0008625591836802964,0.017204347880826906,3.993584897509558,28.177164729905492,NSMCE3;INO80C;RB1;LIG4;SETMAR;INO80B;INO80D;TFPT;SLF2;PIF1,EXPLORATORY -- NOT FDR-CORRECTED,GM12878-origin,0.05
gs_ind_0,Negative Regulation Of Smooth Muscle Cell Proliferation (GO:0048662),9/36,0.0008895311038701601,0.01766240137774624,4.400838801128144,30.91508319174319,ANG;AIF1;BMPR2;EFEMP2;HMOX1;TNFAIP3;TGFB3;TRIB1;PTGIR,EXPLORATORY -- NOT FDR-CORRECTED,GM12878-origin,0.05
gs_ind_0,Positive Regulation Of Cysteine-Type Endopeptidase Activity Involved In Apoptotic Process (GO:0043280),18/109,0.0008935478229225617,0.017662595531132967,2.5790015231480625,18.105391992555052,NOD1;ST20;BAD;TNFSF10;EIF2AK3;BBC3;SYK;MAP3K5;CARD8;SIRT1;MALT1;PRR7;CASC2;KHDC1;PMAIP1;CRADD;BCL10;PYCARD,EXPLORATORY -- NOT FDR-CORRECTED,GM12878-origin,0.05
gs_ind_0,Negative Regulation Of Interleukin-8 Production (GO:0032717),6/17,0.000916886641171211,0.01793478813826545,7.196423708813652,50.335577866295864,OTUD7B;ANXA4;PTPN22;TLR6;BCL3;MAPKBP1,EXPLORATORY -- NOT FDR-CORRECTED,GM12878-origin,0.05
gs_ind_0,Peroxisomal Membrane Transport (GO:0015919),6/17,0.000916886641171211,0.01793478813826545,7.196423708813652,50.335577866295864,ABCD2;PEX7;PEX2;PEX10;PEX12;PEX1,EXPLORATORY -- NOT FDR-CORRECTED,GM12878-origin,0.05
gs_ind_0,Negative Regulation Of Apoptotic Process (GO:0043066),53/466,0.0009195240742395625,0.01793478813826545,1.6556127564106482,11.575472101104843,ANXA4;NFKB1;RB1;NRBP2;LIG4;TGFB3;ZC3H12A;IL27RA;ZNF830;SPRY2;IFI6;HCLS1;DLL1;PIK3R1;BCL2;ERBB2;NFATC4;FCMR;SH3RF1;SIRT1;TMBIM4;IL7;PIM3;PIK3R3;AGAP2;LAMP3;SEMA4D;NCKAP1L;ZNF304;BCL2L2;ATF5;BAG3;TP53;FOXO1;FXN;RASA1;ADAM8;TMEM14A;IFIT3;GRK5;NOL3;IER3;NR4A2;MAPK8IP3;EVI2B;DSTYK;GHRL;DDAH2;PLK3;MALT1;BCL3;PLAUR;BNIP1,EXPLORATORY -- NOT FDR-CORRECTED,GM12878-origin,0.05
gs_ind_0,Regulation Of Toll-Like Receptor 4 Signaling Pathway (GO:0034143),7/23,0.0009409914894675201,0.018192502129705388,5.78846294267981,40.33734661673806,IFI35;APPL1;PTPN22;TNFAIP3;TIRAP;NR1D1;NINJ1,EXPLORATORY -- NOT FDR-CORRECTED,GM12878-origin,0.05
gs_ind_0,Mannose type O-glycan biosynthesis,7/23,0.0009409914894675201,0.018192502129705388,5.78846294267981,40.33734661673806,FKRP;B4GAT1;RXYLT1;POMT1;FKTN;FUT4;ST3GAL3,EXPLORATORY -- NOT FDR-CORRECTED,GM12878-origin,0.05
gs_ind_0,Regulation Of Fat Cell Differentiation (GO:0045598),14/75,0.0009520642738794514,0.01829852319975204,3.0058223477098722,20.911139395372444,E2F1;TRIO;FOXO1;ZFP36;ZC3H12A;CREBL2;SIRT1;NR1D1;SYAP1;PPARD;LRP3;ALOX5;WDFY2;ANKRD26,EXPLORATORY -- NOT FDR-CORRECTED,GM12878-origin,0.05
gs_ind_0,Protein O-linked Glycosylation (GO:0006493),16/92,0.0009547777531631054,0.01829852319975204,2.7504777970476093,19.126910516302708,C1GALT1C1;GALNT6;B4GAT1;FKRP;RXYLT1;GXYLT1;ST3GAL3;POGLUT1;GALNT4;TET2;B3GNT9;POMT1;FKTN;B3GALT4;EOGT;POGLUT2,EXPLORATORY -- NOT FDR-CORRECTED,GM12878-origin,0.05
gs_ind_0,Necroptosis,23/156,0.0009752278239614963,0.01860954219923063,2.2466062021213995,15.575360103672464,MLKL;SMPD1;CAMK2D;SPATA2L;SPATA2;CHMP6;BCL2;PYGB;TRADD;TNFAIP3;CYLD;CHMP1B;IFNGR1;VPS4B;IRF9;PLA2G4C;JMJD7-PLA2G4B;CHMP2B;TNFSF10;TICAM1;H2AC14;TRAF5;PYCARD,EXPLORATORY -- NOT FDR-CORRECTED,GM12878-origin,0.05
gs_ind_0,Regulation Of Multicellular Organismal Development (GO:2000026),12/59,0.000985338507073625,0.018721431634398874,3.353982300884956,23.218027380003047,INSR;BRD1;INO80C;SGF29;KAT2B;BRPF3;INO80B;KAT14;INO80D;TFPT;KAT6B;MBIP,EXPLORATORY -- NOT FDR-CORRECTED,GM12878-origin,0.05
gs_ind_0,Sphingolipid signaling pathway,19/119,0.0009942957244556253,0.018810538855795693,2.4752026033355237,17.112253511228964,NFKB1;SMPD1;GNAI3;MAP3K5;SPHK2;PPP2R3C;CERS6;PIK3R1;BCL2;TRADD;PPP2R5B;PIK3R3;SGPL1;TP53;S1PR2;PLCB2;SGPP1;PLD1;S1PR1,EXPLORATORY -- NOT FDR-CORRECTED,GM12878-origin,0.05
gs_ind_0,Regulation Of Cysteine-Type Endopeptidase Activity Involved In Apoptotic Process (GO:0043281),15/84,0.0010273891732731446,0.019353553315333425,2.8436059977915558,19.566097830774233,NOD1;BAD;TNFSF10;SH3RF1;SYK;MAP3K5;CARD8;SIRT1;MALT1;CASC2;IFI6;PMAIP1;BCL10;LAMP3;PYCARD,EXPLORATORY -- NOT FDR-CORRECTED,GM12878-origin,0.05
gs_ind_0,Phosphatidylinositol Phosphate Biosynthetic Process (GO:0046854),10/44,0.0010441119157504983,0.019584873721822115,3.877730936750631,26.619027567830923,SOCS6;TTC7A;PI4K2B;SOCS1;SOCS7;PIP4K2C;PIK3R3;UVRAG;ITPKC;PIK3R1,EXPLORATORY -- NOT FDR-CORRECTED,GM12878-origin,0.05
gs_ind_0,T Cell Receptor Signaling Pathway (GO:0050852),16/93,0.0010763343054671633,0.020103735671607014,2.714919159949485,18.55428470223549,INPP5D;BTN2A3P;BTN3A1;PTPN22;PTPRC;BTN3A2;ZC3H12A;MALT1;PTPRJ;BTN2A1;BCL10;BTN2A2;THEMIS2;TEC;DENND1B;BTN3A3,EXPLORATORY -- NOT FDR-CORRECTED,GM12878-origin,0.05
gs_ind_0,Phospholipid Dephosphorylation (GO:0046839),8/30,0.0010820766194488845,0.020105402392231547,4.811673540807399,32.85830891467408,MTMR6;MTMR3;SYNJ1;PIP4P1;PLPP6;MTM1;FIG4;SGPP1,EXPLORATORY -- NOT FDR-CORRECTED,GM12878-origin,0.05
gs_ind_0,Pancreatic cancer,14/76,0.0010898727428958598,0.020105402392231547,2.9576544839800354,20.176214850657413,PLD1;ERBB2;E2F1;NFKB1;TP53;BAD;RB1;DDB2;TGFB3;E2F2;GADD45B;BRCA2;PIK3R3;PIK3R1,EXPLORATORY -- NOT FDR-CORRECTED,GM12878-origin,0.05
gs_ind_0,Protein Stabilization (GO:0050821),28/206,0.001090106890141411,0.020105402392231547,2.038703302767007,13.906972833703636,IFT46;BAG2;MTMR9;PDRG1;CEP63;COA8;STX12;RABL3;CAMLG;PIK3R1;DNAAF10;SOX4;PDCL3;BAG3;TBRG1;STK3;CDC37L1;SWSAP1;DNAAF2;MAPK8IP3;OTUD3;SMAD7;SPAG1;STXBP4;CREBL2;PIH1D2;DNLZ;TMEM88,EXPLORATORY -- NOT FDR-CORRECTED,GM12878-origin,0.05
gs_ind_0,Negative Regulation Of Transferase Activity (GO:0051348),9/37,0.0011001576392640458,0.02013367785422065,4.246316240690136,28.927187774169273,TP53;SMAD7;PINX1;TINF2;DTX3L;TERF1;ZFP36;PIF1;ERCC4,EXPLORATORY -- NOT FDR-CORRECTED,GM12878-origin,0.05
gs_ind_0,Mitotic Sister Chromatid Segregation (GO:0000070),18/111,0.0011099100994953763,0.02013367785422065,2.523708124669709,17.169988309279873,CHMP6;DIS3L2;ABRAXAS2;CHMP2B;KIFC2;PIBF1;TENT4A;CHMP1B;PINX1;VPS4B;MIS12;MZT1;OFD1;CEP55;PHF13;SPICE1;BOD1;STAG1,EXPLORATORY -- NOT FDR-CORRECTED,GM12878-origin,0.05
gs_ind_0,Negative Regulation Of Transmembrane Receptor Protein Serine/Threonine Kinase Signaling Pathway (GO:0090101),18/111,0.0011099100994953763,0.02013367785422065,2.523708124669709,17.169988309279873,PBLD;FAM89B;SAP30L;EID2;SMURF1;SMAD7;ING2;LEMD3;SPRED1;SIRT1;BRMS1L;BCL9L;PEG10;UBE2D1;TMEM53;SMURF2;SPRY2;SAP30,EXPLORATORY -- NOT FDR-CORRECTED,GM12878-origin,0.05
gs_ind_0,Regulation Of Transforming Growth Factor Beta Receptor Signaling Pathway (GO:0017015),18/111,0.0011099100994953763,0.02013367785422065,2.523708124669709,17.169988309279873,PBLD;FAM89B;SAP30L;PALS1;EID2;SMURF1;SMAD7;LATS2;ING2;LEMD3;SPRED1;SIRT1;BRMS1L;BCL9L;PEG10;SMURF2;SPRY2;SAP30,EXPLORATORY -- NOT FDR-CORRECTED,GM12878-origin,0.05
gs_ind_0,TNF signaling pathway,18/112,0.0012338397297640324,0.0222900226590158,2.496939098422252,16.723559832817898,MLKL;MAP3K14;NFKB1;MAP2K6;TRADD;TNFAIP3;MAP2K3;CREB3L4;MAP3K5;RPS6KA5;BCL3;CASP7;CCL5;CREB3;PIK3R3;TRAF5;MAP3K8;PIK3R1,EXPLORATORY -- NOT FDR-CORRECTED,GM12878-origin,0.05
gs_ind_0,Positive Regulation Of Response To Endoplasmic Reticulum Stress (GO:1905898),6/18,0.0012908899241894985,0.023131068235070364,6.620542797494781,44.042654056769,RNF185;RNFT1;PMAIP1;ERN1;PIK3R1;NCK2,EXPLORATORY -- NOT FDR-CORRECTED,GM12878-origin,0.05
gs_ind_0,Positive Regulation Of Extracellular Matrix Organization (GO:1903055),6/18,0.0012908899241894985,0.023131068235070364,6.620542797494781,44.042654056769,IER3IP1;EFEMP2;RB1;CARMIL2;DDR2;MELTF,EXPLORATORY -- NOT FDR-CORRECTED,GM12878-origin,0.05
gs_ind_0,Positive Regulation Of Extrinsic Apoptotic Signaling Pathway (GO:2001238),8/31,0.001366112422781894,0.024379852468107647,4.606805228373809,30.385502445841077,TNFSF10;CYLD;WWOX;TLR6;PMAIP1;BCL10;PYCARD;LTB,EXPLORATORY -- NOT FDR-CORRECTED,GM12878-origin,0.05
gs_ind_0,Positive Regulation Of Tumor Necrosis Factor Production (GO:0032760),14/78,0.0014160068578722815,0.02516837995766539,2.865799488030114,18.799399445370465,CD84;HAVCR2;IL23A;TIRAP;RIGI;SYK;IFNGR1;IFIH1;SPHK2;PTPRC;OAS3;PYCARD;PTPRJ;TLR1,EXPLORATORY -- NOT FDR-CORRECTED,GM12878-origin,0.05
gs_ind_0,Hepatitis B,23/161,0.0015001403513315507,0.026466168614643508,2.1652273062459595,14.078733645564906,NFKB1;IKBKE;RB1;DDB2;TIRAP;TGFB3;CCNE2;PIK3R1;BCL2;E2F1;NFATC4;PIK3R3;TP53;SOS2;CREB3;IRF7;BAD;MAP2K6;TICAM1;MAP2K3;CREB3L4;E2F2;IFIH1,EXPLORATORY -- NOT FDR-CORRECTED,GM12878-origin,0.05
gs_ind_0,Replication Fork Processing (GO:0031297),10/46,0.0015010304341335928,0.026466168614643508,3.665067501932875,23.8288155173632,FAM111A;ETAA1;CENPS;PRIMPOL;EXD2;SETMAR;TRAIP;EME2;BRCA2;EME1,EXPLORATORY -- NOT FDR-CORRECTED,GM12878-origin,0.05
gs_ind_0,Fc gamma R-mediated phagocytosis,16/96,0.00152230167273564,0.026552203176662417,2.613543915054832,16.955449340839447,INPP5D;PLD1;WAS;VAV2;LIMK2;SYK;PTPRC;VAV1;SPHK2;CFL2;PLA2G4C;MARCKS;PIP5K1B;PIK3R3;JMJD7-PLA2G4B;PIK3R1,EXPLORATORY -- NOT FDR-CORRECTED,GM12878-origin,0.05
gs_ind_0,Positive Regulation Of Chromatin Binding (GO:0035563),4/8,0.0015556441308632956,0.026552203176662417,12.726207671320815,82.2859482357077,KDM4D;PARP9;DTX3L;MED9,EXPLORATORY -- NOT FDR-CORRECTED,GM12878-origin,0.05
gs_ind_0,Regulation Of Myeloid Leukocyte Mediated Immunity (GO:0002886),4/8,0.0015556441308632956,0.026552203176662417,12.726207671320815,82.2859482357077,DNASE1;SYK;FES;FER,EXPLORATORY -- NOT FDR-CORRECTED,GM12878-origin,0.05
gs_ind_0,Translational Readthrough (GO:0006451),4/8,0.0015556441308632956,0.026552203176662417,12.726207671320815,82.2859482357077,SECISBP2;SECISBP2L;EEFSEC;SEPSECS,EXPLORATORY -- NOT FDR-CORRECTED,GM12878-origin,0.05
gs_ind_0,Regulation Of Protein ADP-ribosylation (GO:0010835),4/8,0.0015556441308632956,0.026552203176662417,12.726207671320815,82.2859482357077,HPF1;TINF2;MARCHF6-DT;KAT2B,EXPLORATORY -- NOT FDR-CORRECTED,GM12878-origin,0.05
gs_ind_0,Regulation Of Glucan Biosynthetic Process (GO:0010962),4/8,0.0015556441308632956,0.026552203176662417,12.726207671320815,82.2859482357077,PPP1R3F;PPP1R3D;PPP1R3B;PPP1R3E,EXPLORATORY -- NOT FDR-CORRECTED,GM12878-origin,0.05
gs_ind_0,Selenocysteine Incorporation (GO:0001514),4/8,0.0015556441308632956,0.026552203176662417,12.726207671320815,82.2859482357077,SECISBP2;SECISBP2L;EEFSEC;SEPSECS,EXPLORATORY -- NOT FDR-CORRECTED,GM12878-origin,0.05
gs_ind_0,DNA Cytosine Deamination (GO:0070383),4/8,0.0015556441308632956,0.026552203176662417,12.726207671320815,82.2859482357077,APOBEC3G;APOBEC3D;CDADC1;APOBEC3F,EXPLORATORY -- NOT FDR-CORRECTED,GM12878-origin,0.05
gs_ind_0,Fanconi anemia pathway,11/54,0.001560122645815691,0.026552203176662417,3.3686591640644212,21.77161332615171,POLI;CENPS;FAAP24;POLN;BRCA2;EME2;FANCC;FANCF;EME1;SLX4;ERCC4,EXPLORATORY -- NOT FDR-CORRECTED,GM12878-origin,0.05
gs_ind_0,Modification-Dependent Protein Catabolic Process (GO:0019941),26/191,0.001571889637673205,0.02664957508793649,2.0438894143601947,13.194280680802072,RNF185;SMURF2;RNF146;SMURF1;WDR91;HACE1;RNF43;RNF19B;BTRC;RNF215;PCYOX1;FBXW4;ATXN3;RNF20;TRIM32;RPGR;RBX1;PCYOX1L;UBE2D1;NEDD4;UBE2L6;HERC6;DTX3L;UBE2C;FBXL14;TOPORS,EXPLORATORY -- NOT FDR-CORRECTED,GM12878-origin,0.05
gs_ind_0,Cellular Response To UV (GO:0034644),14/79,0.001607372517245399,0.026766776796556268,2.8219755395807242,18.15420438730051,ST20;NSMCE3;TP53;SMPD1;TENT4A;DDB2;ZBTB1;BMF;XPA;SIRT1;RBX1;COPS9;NEDD4;ERCC4,EXPLORATORY -- NOT FDR-CORRECTED,GM12878-origin,0.05
gs_ind_0,Suppression Of Viral Release By Host (GO:0044790),5/13,0.0016091642130416086,0.026766776796556268,8.236417893534039,52.97697228924063,TRIM21;TRIM32;TRIM26;TRIM13;MARCHF2,EXPLORATORY -- NOT FDR-CORRECTED,GM12878-origin,0.05
gs_ind_0,Nucleotide-Sugar Metabolic Process (GO:0009225),5/13,0.0016091642130416086,0.026766776796556268,8.236417893534039,52.97697228924063,FUT8;SLC35A3;GMDS;ENTPD5;GALT,EXPLORATORY -- NOT FDR-CORRECTED,GM12878-origin,0.05
gs_ind_0,Positive Regulation Of Double-Strand Break Repair Via Nonhomologous End Joining (GO:2001034),5/13,0.0016091642130416086,0.026766776796556268,8.236417893534039,52.97697228924063,SHLD1;SETMAR;TRAPPC13;KDM4D;PARP3,EXPLORATORY -- NOT FDR-CORRECTED,GM12878-origin,0.05
gs_ind_0,Endoplasmic Reticulum Mannose Trimming (GO:1904380),5/13,0.0016091642130416086,0.026766776796556268,8.236417893534039,52.97697228924063,RNF185;EDEM2;RNF103;TRIM13;UGGT2,EXPLORATORY -- NOT FDR-CORRECTED,GM12878-origin,0.05
gs_ind_0,Regulation Of Glycogen Biosynthetic Process (GO:0005979),7/25,0.0016218119549909244,0.02687574096842103,5.162422663627483,33.16449382544947,PPP1R3F;INSR;PPP1R3B;PASK;PPP1R3D;SELENOS;PPP1R3E,EXPLORATORY -- NOT FDR-CORRECTED,GM12878-origin,0.05
gs_ind_0,MAPK signaling pathway,36/294,0.0016283647625799523,0.02688326544364206,1.8039477608874088,11.581667497018286,MAP3K12;INSR;NFKB1;MAP3K5;TGFB3;DUSP10;RPS6KA5;GADD45B;RASGRP4;PPP3CA;ELK4;ERBB2;TRADD;FLT3LG;CACNB3;RELB;ARRB2;MAPK7;MAP4K1;NFKB2;TP53;SOS2;RASA1;STK3;EFNA4;MAP3K2;PLA2G4C;RASA2;MAP4K2;JMJD7-PLA2G4B;MAPK8IP3;MAP3K14;MAP2K6;MAP2K3;CACNB1;MAP3K8,EXPLORATORY -- NOT FDR-CORRECTED,GM12878-origin,0.05
gs_ind_0,Prostate cancer,16/97,0.0017017543676039614,0.02787479629939262,2.581410657470637,16.4593210809472,BCL2;ERBB2;E2F1;BAD;NFKB1;FOXO1;RB1;SOS2;TP53;CREB3L4;E2F2;CREB3;PIK3R3;ZEB1;CCNE2;PIK3R1,EXPLORATORY -- NOT FDR-CORRECTED,GM12878-origin,0.05
gs_ind_0,NIK/NF-kappaB Signaling (GO:0038061),8/32,0.0017062872203552025,0.02787479629939262,4.4186608598123485,28.162049920733153,NFKB1;NFKB2;MAP3K14;TIRAP;TLR6;MALT1;RELB;BTRC,EXPLORATORY -- NOT FDR-CORRECTED,GM12878-origin,0.05
gs_ind_0,Regulation Of Cellular Localization (GO:0060341),13/71,0.0017137181935425135,0.02787479629939262,2.9413141180403373,18.733494003191343,TRIM21;PARD6B;STX6;TRIM68;CAMK2D;UFL1;RAB9A;TESK1;MMD;WWC1;BORA;TRIM6;TRIM38,EXPLORATORY -- NOT FDR-CORRECTED,GM12878-origin,0.05
gs_ind_0,Response To Ionizing Radiation (GO:0010212),13/71,0.0017137181935425135,0.02787479629939262,2.9413141180403373,18.733494003191343,BRSK1;PAXIP1;TP53;SMPD1;LIG4;IKBIP;SIRT1;RAD9B;XRCC4;BRCA2;DCUN1D3;KDM4D;ERCC4,EXPLORATORY -- NOT FDR-CORRECTED,GM12878-origin,0.05
gs_ind_0,Glycosaminoglycan degradation,6/19,0.001771034048127195,0.028388065760526094,6.129977576741669,38.84071301227442,NAGLU;HGSNAT;HYAL3;IDUA;GALNS;SGSH,EXPLORATORY -- NOT FDR-CORRECTED,GM12878-origin,0.05
gs_ind_0,Negative Regulation Of Telomere Maintenance Via Telomerase (GO:0032211),6/19,0.001771034048127195,0.028388065760526094,6.129977576741669,38.84071301227442,PINX1;TINF2;TENT4B;TERF1;CTC1;PIF1,EXPLORATORY -- NOT FDR-CORRECTED,GM12878-origin,0.05
gs_ind_0,DNA Catabolic Process (GO:0006308),6/19,0.001771034048127195,0.028388065760526094,6.129977576741669,38.84071301227442,EXOG;DFFB;SETMAR;TREX1;DNASE1L1;DNASE1,EXPLORATORY -- NOT FDR-CORRECTED,GM12878-origin,0.05
gs_ind_0,Vesicle Docking (GO:0048278),6/19,0.001771034048127195,0.028388065760526094,6.129977576741669,38.84071301227442,STX8;STX6;STX12;CEP83;TSNARE1;STX7,EXPLORATORY -- NOT FDR-CORRECTED,GM12878-origin,0.05
gs_ind_0,Negative Regulation Of Tumor Necrosis Factor Production (GO:0032720),10/47,0.0017837927887004,0.028488980480403495,3.567242321916707,22.57712446145868,HAVCR2;PTPN22;VSIR;TNFAIP3;GHRL;ZC3H12A;PTPN6;SYT11;SELENOS;NFKBIL1,EXPLORATORY -- NOT FDR-CORRECTED,GM12878-origin,0.05
gs_ind_0,Telomere Organization (GO:0032200),12/63,0.0017919242310950826,0.028515530724430055,3.093166391989315,19.562623349566913,RAD51D;INO80C;DCLRE1C;TINF2;INO80B;LTO1;INO80D;TERF1;TFPT;CTC1;ERCC4;PARP3,EXPLORATORY -- NOT FDR-CORRECTED,GM12878-origin,0.05
gs_ind_0,Negative Regulation Of Cell Growth (GO:0030308),19/125,0.0018017158858641283,0.028568214478018265,2.335400242123601,14.757431025166238,ST20;RB1;CDKN2AIP;SPHK2;DCUN1D3;PTPRJ;CGRRF1;BMPR2;ESR2;SIRT1;DNAJB2;TP53;CYP27B1;SERTAD2;TCHP;CDKL3;DCBLD2;OSGIN2;ULK1,EXPLORATORY -- NOT FDR-CORRECTED,GM12878-origin,0.05
gs_ind_0,Protein Glycosylation (GO:0006486),21/144,0.0018155748461027626,0.028626974117281104,2.220962996983652,14.017281788822203,C1GALT1C1;ALG12;POGLUT1;FKTN;B3GALT4;FUT4;ST3GAL3;GALNT6;GMPPB;ALG10B;GALNT4;TET2;B3GNT9;ST8SIA4;ENTPD5;FUT8;B4GAT1;B4GALT7;POMT1;EOGT;ALG6,EXPLORATORY -- NOT FDR-CORRECTED,GM12878-origin,0.05
gs_ind_0,Phosphate-Containing Compound Metabolic Process (GO:0006796),25/183,0.0018184103341285637,0.028626974117281104,2.0533219362938113,12.956035563876547,DUSP28;PFKFB3;PTPRC;DUSP10;SPHK2;IPMK;INPP5A;ACP6;PPP3CA;MINPP1;LIMK2;LHPP;SYNJ1;PIP4P1;THTPA;DUSP22;FRA10AC1;PLCB2;PLA2G4C;GK5;ACYP1;NANP;INPP5D;DUSP18;ACYP2,EXPLORATORY -- NOT FDR-CORRECTED,GM12878-origin,0.05
gs_ind_0,Regulation Of Cell Cycle (GO:0051726),36/296,0.0018313023943009228,0.02872733435615113,1.790006993448816,11.28192697295545,TRIM21;NUDT6;CDK11B;RB1;PTPRC;KAT2B;GADD45B;KAT14;PLAGL1;TFPT;DCUN1D3;DYNLT3;MBIP;NANOS3;CYLD;USP51;MBTD1;SIRT1;INO80B;INO80D;PIM3;ING4;TBRG1;SGF29;TP53;INO80C;TRIM32;RNF20;THAP1;GRK5;TP53INP1;PER2;TMEM8B;MAP2K6;ZBTB49;EVI2B,EXPLORATORY -- NOT FDR-CORRECTED,GM12878-origin,0.05
gs_ind_0,Regulation Of Cellular Response To Stress (GO:0080135),17/107,0.0018880146900650326,0.02951194593548462,2.4658202038099732,15.466190052743032,ALOX5;AIFM2;MBTPS2;TADA2B;TAF5;SGF29;RADX;ETAA1;INO80C;KAT2B;SIRT1;INO80B;ATXN7;INO80D;BRCA2;TFPT;SOX4,EXPLORATORY -- NOT FDR-CORRECTED,GM12878-origin,0.05
gs_ind_0,Positive Regulation Of Cellular Biosynthetic Process (GO:0031328),24/174,0.001946915323398807,0.030325098040784246,2.0774154530394835,12.966207339007603,CPEB3;INSR;GPLD1;NIBAN1;KAT2B;PASK;ZNF205;ERBB2;SIRT1;UPF3B;SOX4;APPL1;FOXO1;P2RX4;SLC27A1;PAOX;TLR6;NR1D1;PPP1R3E;PLD1;DDAH2;BCL3;CCL5;METTL14,EXPLORATORY -- NOT FDR-CORRECTED,GM12878-origin,0.05
gs_ind_0,Stem Cell Differentiation (GO:0048863),9/40,0.001983357336494653,0.030675926804450634,3.8416142966858287,23.906228414167504,ELL3;MLLT3;FBXL17;HOXB4;TP53;PTPRC;SETD6;FOXO4;UFL1,EXPLORATORY -- NOT FDR-CORRECTED,GM12878-origin,0.05
gs_ind_0,Nucleic Acid-Templated Transcription (GO:0097659),9/40,0.001983357336494653,0.030675926804450634,3.8416142966858287,23.906228414167504,E2F1;TCEANC;CREBL2;NFKBIB;RRAGC;TCEANC2;THAP1;TOPORS;NR4A2,EXPLORATORY -- NOT FDR-CORRECTED,GM12878-origin,0.05
gs_ind_0,Regulation Of Protein Kinase Activity (GO:0045859),18/117,0.0020443070311409396,0.031508060815626786,2.371165030375155,14.683905163987404,MAP3K12;RB1;CAMKK1;CCNYL1;MAP2K3;MAP3K5;SIRT1;SPRED1;PTPRC;ANKRD54;AGAP2;ALS2;SMCR8;MMD;DDR2;TRIB1;UVRAG;FGR,EXPLORATORY -- NOT FDR-CORRECTED,GM12878-origin,0.05
gs_ind_0,Glycosylphosphatidylinositol (GPI)-anchor biosynthesis,7/26,0.002080988729068696,0.031783668281028965,4.897559468643806,30.241999457003857,PGAP1;PIGZ;GPLD1;PIGM;PIGV;PIGW;MPPE1,EXPLORATORY -- NOT FDR-CORRECTED,GM12878-origin,0.05
gs_ind_0,Regulation Of Proteasomal Ubiquitin-Dependent Protein Catabolic Process (GO:0032434),17/108,0.0020913396196383656,0.031783668281028965,2.4388097030862648,15.047335029905074,RYBP;BAG2;GLMN;SMAD7;ZER1;SH3RF1;RBX1;UFL1;FHIT;COMMD1;PABIR1;TRIB1;RNF19B;DDA1;DNAJB2;CAMLG;HFE,EXPLORATORY -- NOT FDR-CORRECTED,GM12878-origin,0.05
gs_ind_0,"Valine, leucine and isoleucine degradation",10/48,0.002108075357464726,0.031783668281028965,3.4744989694338466,21.409792814372974,ALDH3A2;ALDH6A1;IL4I1;MCEE;ACAA2;DBT;ACADSB;PCCA;ACAD8;AACS,EXPLORATORY -- NOT FDR-CORRECTED,GM12878-origin,0.05
gs_ind_0,Phosphatidic Acid Metabolic Process (GO:0046473),8/33,0.0021100161799504427,0.031783668281028965,4.245272912314532,26.155379699763746,PLD1;DGKH;SLC27A1;LIPC;DGKQ;ACP6;DGKA;DGKE,EXPLORATORY -- NOT FDR-CORRECTED,GM12878-origin,0.05
gs_ind_0,SNARE interactions in vesicular transport,8/33,0.0021100161799504427,0.031783668281028965,4.245272912314532,26.155379699763746,VTI1A;STX8;STX6;VAMP1;VAMP2;VAMP4;STX7;BNIP1,EXPLORATORY -- NOT FDR-CORRECTED,GM12878-origin,0.05
gs_ind_0,Smoothened Signaling Pathway (GO:0007224),8/33,0.0021100161799504427,0.031783668281028965,4.245272912314532,26.155379699763746,TCTN2;B9D1;TTBK2;STK36;DISP1;EVC2;IFT27;MAP3K10,EXPLORATORY -- NOT FDR-CORRECTED,GM12878-origin,0.05
gs_ind_0,Endomembrane System Organization (GO:0010256),26/195,0.00211266216114825,0.031783668281028965,1.9954538801264237,12.291609659540896,BCAS3;UBXN2A;DNM1;ATL1;PI4K2B;RAB22A;UBXN2B;EXOC8;RAB30;FAM174B;HACE1;ALS2;RAB43;GOLGA8A;TMCC1;DOP1B;ATP8B3;BNIP1;SNX10;PLEKHF1;CHMP2B;EIF2AK3;OPTN;COG6;AKTIP;RAB2B,EXPLORATORY -- NOT FDR-CORRECTED,GM12878-origin,0.05
gs_ind_0,Protein-Containing Complex Assembly (GO:0065003),38/320,0.002139318137732223,0.03207521888137292,1.7412095304694444,10.703681850735425,TBCEL;PARD6B;EID2;ARL6;ZC3H12A;GSDMD;VAMP2;FANCC;NCK2;WAS;PDCL;VAMP1;PTGES3L;DNAAF10;UVRAG;VAMP4;TRAPPC6A;DLG4;NCKAP1L;HFE;MKKS;TRAPPC2B;TP53;TESPA1;ZNHIT6;BIN2;WDR19;LPXN;WASL;NOL3;DNAAF2;DNAJB14;HGSNAT;BAD;SPAG1;BBS10;MIS12;TTC12,EXPLORATORY -- NOT FDR-CORRECTED,GM12878-origin,0.05
gs_ind_0,Regulation Of Cell Growth (GO:0001558),29/226,0.002192664911765285,0.03276361671546229,1.9069254698453202,11.67541362065732,ST20;CDK11B;RB1;CDKN2AIP;SPHK2;CAMK2D;DCUN1D3;PTPRJ;CGRRF1;BCL2;ERBB2;BMPR2;ESR2;RAB33B;SIRT1;PABIR1;ING4;DNAJB2;BCAR1;TP53;TRIM32;FXN;CYP27B1;SERTAD2;TCHP;MELTF;DCBLD2;DERL2;OSGIN2,EXPLORATORY -- NOT FDR-CORRECTED,GM12878-origin,0.05
gs_ind_0,Ubiquitin-Dependent ERAD Pathway (GO:0030433),13/73,0.0022213742566300314,0.03308046528116614,2.8439369330901747,17.375400243415864,RNF185;ERLIN1;EDEM2;RNF103;DERL3;DERL2;FBXO17;DNAJB2;TMEM67;TMUB2;DNAJB9;TRIM13;SELENOS,EXPLORATORY -- NOT FDR-CORRECTED,GM12878-origin,0.05
gs_ind_0,Negative Regulation Of Cell Differentiation (GO:0045596),27/206,0.0022530938279311987,0.03343985721724149,1.9555285836206295,11.919828607024666,USF3;RB1;TMEM182;SPRY2;HEY1;DLL1;MEIS2;E2F1;BICRA;SIRT1;BCL7C;SEMA4D;SOX4;EID2B;FOXO1;SPRED1;PEX2;TMEM53;LRP3;ANKRD26;LEO1;TRIO;SMAD7;SUFU;METTL14;NPHP3;ABCA5,EXPLORATORY -- NOT FDR-CORRECTED,GM12878-origin,0.05
gs_ind_0,Positive Regulation Of Protein Metabolic Process (GO:0051247),26/196,0.002270341541823211,0.033582770189116484,1.9837000957925686,12.076419035378144,CPEB3;IL23A;NIBAN1;RIGI;PASK;TIPARP;ERBB2;CD80;TNFAIP3;UPF3B;BTRC;MAPK7;SOX4;FOXO1;TRIM32;ATG10;RBX1;NEDD4;PLD1;BAD;BCL3;CYFIP2;BCL10;METTL14;TBC1D10A;AMER1,EXPLORATORY -- NOT FDR-CORRECTED,GM12878-origin,0.05
gs_ind_0,Protein Maturation By Iron-Sulfur Cluster Transfer (GO:0097428),5/14,0.0023535770086990193,0.034273872489716195,7.369240648579226,44.59731040118051,ISCA2;MAGEF1;LTO1;ISCA1;YAE1,EXPLORATORY -- NOT FDR-CORRECTED,GM12878-origin,0.05
gs_ind_0,Resolution Of Meiotic Recombination Intermediates (GO:0000712),5/14,0.0023535770086990193,0.034273872489716195,7.369240648579226,44.59731040118051,CENPS;EME2;EME1;SLX4;ERCC4,EXPLORATORY -- NOT FDR-CORRECTED,GM12878-origin,0.05
gs_ind_0,Aminoglycan Catabolic Process (GO:0006026),5/14,0.0023535770086990193,0.034273872489716195,7.369240648579226,44.59731040118051,CHIT1;IDUA;FUCA1;SGSH;CTBS,EXPLORATORY -- NOT FDR-CORRECTED,GM12878-origin,0.05
gs_ind_0,Negative Regulation Of T Cell Mediated Immunity (GO:0002710),5/14,0.0023535770086990193,0.034273872489716195,7.369240648579226,44.59731040118051,IL4I1;CD80;SMAD7;PTPRC;HFE,EXPLORATORY -- NOT FDR-CORRECTED,GM12878-origin,0.05
gs_ind_0,Transport Along Microtubule (GO:0010970),6/20,0.0023752100025463056,0.034273872489716195,5.707076524368296,34.48597681011813,SNAPIN;BAG3;BLOC1S2;BORCS7;BORCS8;BORCS6,EXPLORATORY -- NOT FDR-CORRECTED,GM12878-origin,0.05
gs_ind_0,Sulfur Compound Catabolic Process (GO:0044273),6/20,0.0023752100025463056,0.034273872489716195,5.707076524368296,34.48597681011813,NAGLU;NUDT8;IDUA;MLYCD;FITM2;SGSH,EXPLORATORY -- NOT FDR-CORRECTED,GM12878-origin,0.05
gs_ind_0,Cellular Response To Amino Acid Starvation (GO:0034198),9/41,0.002379021183573297,0.034273872489716195,3.7233168053614927,22.49280309364389,WDR24;RRAGB;KICS2;DEPDC5;EIF2AK3;MAP3K5;RRAGC;SESN1;TFEB,EXPLORATORY -- NOT FDR-CORRECTED,GM12878-origin,0.05
gs_ind_0,Protein Homooligomerization (GO:0051260),19/128,0.002379266102961242,0.034273872489716195,2.2712443640331985,13.720503618951291,MLKL;ME1;TRMT61B;CBY1;ATL1;BEND3;GSDMD;PEG10;TIFA;ALS2;CLYBL;EHD4;CBR4;ZBTB1;NINJ1;NOL3;CARD11;BCL10;PYCARD,EXPLORATORY -- NOT FDR-CORRECTED,GM12878-origin,0.05
gs_ind_0,Fatty Acid Beta-Oxidation (GO:0006635),10/49,0.002478148178741829,0.035240709088758086,3.3864514828994854,20.319534175103,ACOX3;ACAD11;DECR2;ACAA2;ABCD2;BDH2;PEX2;PPARD;CROT;AMACR,EXPLORATORY -- NOT FDR-CORRECTED,GM12878-origin,0.05
gs_ind_0,tRNA Processing (GO:0008033),10/49,0.002478148178741829,0.035240709088758086,3.3864514828994854,20.319534175103,DTWD2;POP1;KTI12;PTCD1;RPP40;HEXIM1;FAM98B;TRUB1;ELAC1;TRDMT1,EXPLORATORY -- NOT FDR-CORRECTED,GM12878-origin,0.05
gs_ind_0,Negative Regulation Of T Cell Activation (GO:0050868),10/49,0.002478148178741829,0.035240709088758086,3.3864514828994854,20.319534175103,HAVCR2;IL4I1;CD80;GLMN;PTPN22;VSIR;CD274;PAG1;TNFAIP8L2;NCKAP1L,EXPLORATORY -- NOT FDR-CORRECTED,GM12878-origin,0.05
gs_ind_0,Measles,20/138,0.0024783620275669258,0.035240709088758086,2.206582251254626,13.239840845129619,CBLB;NFKB1;IKBKE;CCNE2;PIK3R1;BCL2;TRADD;TNFAIP3;NFKBIB;PIK3R3;TP53;IRF9;MX1;IRF7;BAD;EIF2AK3;BBC3;OAS3;IFIH1;RAB9A,EXPLORATORY -- NOT FDR-CORRECTED,GM12878-origin,0.05
gs_ind_0,DNA Damage Checkpoint Signaling (GO:0000077),8/34,0.0025851407555416623,0.03664083746118215,4.08497084764674,24.338155499806675,E2F1;HINFP;CEP63;DTX3L;ZNF830;UFL1;PARP9;ERCC4,EXPLORATORY -- NOT FDR-CORRECTED,GM12878-origin,0.05
gs_ind_0,Peptidyl-Lysine Methylation (GO:0018022),7/27,0.0026344597552268806,0.03669207340659454,4.658536585365853,27.667408160912057,EEF1AKMT3;EEF2KMT;EEF1AKMT2;SETD6;METTL18;VCPKMT;EEF1AKMT1,EXPLORATORY -- NOT FDR-CORRECTED,GM12878-origin,0.05
gs_ind_0,mRNA Modification (GO:0016556),7/27,0.0026344597552268806,0.03669207340659454,4.658536585365853,27.667408160912057,METTL4;TRMT61B;TRMT61A;ZC3H13;TRUB1;METTL14;TRMT6,EXPLORATORY -- NOT FDR-CORRECTED,GM12878-origin,0.05
gs_ind_0,Protein K11-linked Deubiquitination (GO:0035871),4/9,0.0026386994713907598,0.03669207340659454,10.41208911454458,61.82145746398227,OTUD7B;OTUD3;TNFAIP3;VCPIP1,EXPLORATORY -- NOT FDR-CORRECTED,GM12878-origin,0.05
gs_ind_0,Hematopoietic Stem Cell Differentiation (GO:0060218),4/9,0.0026386994713907598,0.03669207340659454,10.41208911454458,61.82145746398227,UFL1;MLLT3;HOXB4;TP53,EXPLORATORY -- NOT FDR-CORRECTED,GM12878-origin,0.05
gs_ind_0,Regulation Of Endoplasmic Reticulum Unfolded Protein Response (GO:1900101),4/9,0.0026386994713907598,0.03669207340659454,10.41208911454458,61.82145746398227,ERN1;PIGBOS1;PIK3R1;FICD,EXPLORATORY -- NOT FDR-CORRECTED,GM12878-origin,0.05
gs_ind_0,SNARE Complex Assembly (GO:0035493),4/9,0.0026386994713907598,0.03669207340659454,10.41208911454458,61.82145746398227,VAMP1;UVRAG;VAMP4;VAMP2,EXPLORATORY -- NOT FDR-CORRECTED,GM12878-origin,0.05
gs_ind_0,Negative Regulation Of Immune Response (GO:0050777),12/66,0.0027000495838239123,0.03742710240721951,2.9226789286056967,17.286141097377083,TRIM21;HAVCR2;CEP63;PDCD1;SYK;TNFAIP3;RHBDF2;TREX1;SMCR8;DHX58;FGR;FER,EXPLORATORY -- NOT FDR-CORRECTED,GM12878-origin,0.05
gs_ind_0,"mRNA Splicing, Via Spliceosome (GO:0000398)",27/209,0.0027682840751381693,0.03825265267463652,1.9232367304902493,11.326955840542215,SLU7;RBMX2;ZRSR2;SYF2;GEMIN6;RBM4B;USP49;MAGOHB;LSM3;GPATCH1;PRPF40B;RBM41;WBP4;RNPC3;CWF19L2;U2AF1L4;PNN;FRA10AC1;CWC25;CENATAC;CWC22;COIL;WDR83;DBR1;METTL14;HTATSF1;GCFC2,EXPLORATORY -- NOT FDR-CORRECTED,GM12878-origin,0.05
gs_ind_0,Double-Strand Break Repair Via Homologous Recombination (GO:0000724),17/111,0.0028142421521262255,0.038729543784155426,2.361208105768944,13.867522240805004,NSMCE3;RAD51D;HELQ;RAD54B;MBTD1;EXD2;AP5Z1;AP5S1;RAD51B;POLN;BRCA2;SFR1;KDM4D;SWSAP1;SLF2;SLX4;ERCC4,EXPLORATORY -- NOT FDR-CORRECTED,GM12878-origin,0.05
gs_ind_0,DNA Integrity Checkpoint Signaling (GO:0031570),9/42,0.0028348249028192227,0.038729543784155426,3.6120818508326398,21.187659802834855,E2F1;HINFP;CEP63;SETMAR;RAD9B;UFL1;PARP9;DTX3L;ERCC4,EXPLORATORY -- NOT FDR-CORRECTED,GM12878-origin,0.05
gs_ind_0,Regulation Of Cellular Component Size (GO:0032535),9/42,0.0028348249028192227,0.038729543784155426,3.6120818508326398,21.187659802834855,SNAPIN;EPS8;BORCS8;VAV2;VAV1;RAB22A;BLOC1S2;BORCS7;BORCS6,EXPLORATORY -- NOT FDR-CORRECTED,GM12878-origin,0.05
gs_ind_0,Notch signaling pathway,11/58,0.0028379407083217335,0.038729543784155426,3.0846710632137686,18.090598180074398,ATXN1;TLE6;NUMBL;KAT2B;DTX3L;TLE4;APH1B;HEY1;ATXN1L;DLL1;MAML2,EXPLORATORY -- NOT FDR-CORRECTED,GM12878-origin,0.05
gs_ind_0,Metaphase Plate Congression (GO:0051310),10/50,0.0028984966167791655,0.0394338675517363,3.3027520203915124,19.299839783342787,CHMP6;CHMP2B;PIBF1;PINX1;CHMP1B;SPICE1;VPS4B;CEP55;CENPQ;BOD1,EXPLORATORY -- NOT FDR-CORRECTED,GM12878-origin,0.05
gs_ind_0,Allograft Rejection,26/200,0.0030052864675249634,0.040760931534923196,1.9380320970627478,11.25489346252636,GLMN;PTPRC;CD79A;IL27RA;HCLS1;FGR;WAS;IL12RB1;CD80;IL7;TAP2;MAP4K1;SOCS1;IFNGR1;ST8SIA4;TLR6;UBE2D1;CTSS;IRF7;PTPN6;BCL3;CCL5;HLA-DMA;LTB;TLR1;BCL10,EXPLORATORY -- NOT FDR-CORRECTED,GM12878-origin,0.05
gs_ind_0,Fc epsilon RI signaling pathway,12/67,0.003074833677528956,0.04144913409953406,2.8699455690606133,16.601212966559487,INPP5D;VAV2;MAP2K6;SOS2;SYK;MAP2K3;VAV1;PLA2G4C;ALOX5;PIK3R3;JMJD7-PLA2G4B;PIK3R1,EXPLORATORY -- NOT FDR-CORRECTED,GM12878-origin,0.05
gs_ind_0,Regulation Of Viral Genome Replication (GO:0045069),12/67,0.003074833677528956,0.04144913409953406,2.8699455690606133,16.601212966559487,FAM111A;IFIT5;OAS3;IFIH1;RNASEL;SHFL;MX1;CCL5;APOBEC3F;TRIM6;APOBEC3G;IFIT1,EXPLORATORY -- NOT FDR-CORRECTED,GM12878-origin,0.05
gs_ind_0,Intrinsic Apoptotic Signaling Pathway By P53 Class Mediator (GO:0072332),8/35,0.0031398927214423542,0.042197094866213106,3.9363271149547865,22.68728366274123,JMY;TP53;SIRT1;FHIT;PDK2;BCL3;PMAIP1;PYCARD,EXPLORATORY -- NOT FDR-CORRECTED,GM12878-origin,0.05
gs_ind_0,Macromolecule Catabolic Process (GO:0009057),14/85,0.0032608743802671923,0.043557376570356916,2.5847745878336768,14.799798697862675,RAB12;CLN5;SMURF1;KIF16B;UTP25;RNASEH2C;DFFB;SETMAR;TREX1;CASP7;NEDD4;DNASE1L1;DNASE1;UVRAG,EXPLORATORY -- NOT FDR-CORRECTED,GM12878-origin,0.05
gs_ind_0,mRNA Metabolic Process (GO:0016071),14/85,0.0032608743802671923,0.043557376570356916,2.5847745878336768,14.799798697862675,ANG;DIS3L2;TP53;ZFP36;HNRNPA0;KIN;DXO;LSM3;NUDT12;PRPF18;MBLAC1;ERN1;NUDT16L1;NUDT16,EXPLORATORY -- NOT FDR-CORRECTED,GM12878-origin,0.05
gs_ind_0,Regulation Of Glucose Metabolic Process (GO:0010906),7/28,0.003294256529973246,0.04387034073752891,4.441748388904455,25.387145036558515,GPLD1;MLYCD;SIRT1;DGKQ;PDK2;PMAIP1;SELENOS,EXPLORATORY -- NOT FDR-CORRECTED,GM12878-origin,0.05
gs_ind_0,Receptor Catabolic Process (GO:0032801),5/15,0.0033198529177091295,0.043945680664449975,6.667240021711044,38.0555046087407,SMURF1;KIF16B;NEDD4;RNF43;UVRAG,EXPLORATORY -- NOT FDR-CORRECTED,GM12878-origin,0.05
gs_ind_0,Midbody Abscission (GO:0061952),5/15,0.0033198529177091295,0.043945680664449975,6.667240021711044,38.0555046087407,CHMP6;CHMP2B;MITD1;CHMP1B;VPS4B,EXPLORATORY -- NOT FDR-CORRECTED,GM12878-origin,0.05
gs_ind_0,DNA-templated DNA Replication Maintenance Of Fidelity (GO:0045005),9/43,0.0033568952402383543,0.044122831132523764,3.507295299464879,19.980145102705226,FAM111A;ETAA1;CENPS;PRIMPOL;EXD2;SETMAR;TRAIP;EME2;EME1,EXPLORATORY -- NOT FDR-CORRECTED,GM12878-origin,0.05
gs_ind_0,Response To Endoplasmic Reticulum Stress (GO:0034976),17/113,0.0034030024237445373,0.044122831132523764,2.3121542463248344,13.14019725672691,RNF185;BCL2;FICD;MBTPS2;TP53;EIF2AK3;NIBAN1;BBC3;MAP3K5;ATG10;UFL1;CHAC1;TMEM117;ERN1;SELENOS;DNAJB9;PIK3R1,EXPLORATORY -- NOT FDR-CORRECTED,GM12878-origin,0.05
gs_ind_0,Kidney Morphogenesis (GO:0060993),3/5,0.0034633619718360304,0.044122831132523764,17.81187229263597,100.91343844245273,NPHP3;SOX4;PPP3CA,EXPLORATORY -- NOT FDR-CORRECTED,GM12878-origin,0.05
gs_ind_0,Dermatan Sulfate Proteoglycan Metabolic Process (GO:0050655),3/5,0.0034633619718360304,0.044122831132523764,17.81187229263597,100.91343844245273,CHST14;CSGALNACT2;DSE,EXPLORATORY -- NOT FDR-CORRECTED,GM12878-origin,0.05
gs_ind_0,Heparan Sulfate Proteoglycan Catabolic Process (GO:0030200),3/5,0.0034633619718360304,0.044122831132523764,17.81187229263597,100.91343844245273,NAGLU;IDUA;SGSH,EXPLORATORY -- NOT FDR-CORRECTED,GM12878-origin,0.05
gs_ind_0,Purine Deoxyribonucleotide Catabolic Process (GO:0009155),3/5,0.0034633619718360304,0.044122831132523764,17.81187229263597,100.91343844245273,NUDT15;NUDT18;NUDT16,EXPLORATORY -- NOT FDR-CORRECTED,GM12878-origin,0.05
gs_ind_0,Regulation Of T-helper 17 Cell Lineage Commitment (GO:2000328),3/5,0.0034633619718360304,0.044122831132523764,17.81187229263597,100.91343844245273,IL23A;IL12RB1;LOXL3,EXPLORATORY -- NOT FDR-CORRECTED,GM12878-origin,0.05
gs_ind_0,Negative Regulation Of Mast Cell Activation (GO:0033004),3/5,0.0034633619718360304,0.044122831132523764,17.81187229263597,100.91343844245273,CD84;MILR1;FER,EXPLORATORY -- NOT FDR-CORRECTED,GM12878-origin,0.05
gs_ind_0,Regulation Of Macrophage Apoptotic Process (GO:2000109),3/5,0.0034633619718360304,0.044122831132523764,17.81187229263597,100.91343844245273,IRF7;SELENOS;SIRT1,EXPLORATORY -- NOT FDR-CORRECTED,GM12878-origin,0.05
gs_ind_0,Protein Localization To Site Of Double-Strand Break (GO:1990166),3/5,0.0034633619718360304,0.044122831132523764,17.81187229263597,100.91343844245273,XRCC4;SLF2;PARP3,EXPLORATORY -- NOT FDR-CORRECTED,GM12878-origin,0.05
gs_ind_0,Dermatan Sulfate Metabolic Process (GO:0030205),3/5,0.0034633619718360304,0.044122831132523764,17.81187229263597,100.91343844245273,CHST14;IDUA;DSE,EXPLORATORY -- NOT FDR-CORRECTED,GM12878-origin,0.05
gs_ind_0,Negative Regulation Of Arp2/3 Complex-Mediated Actin Nucleation (GO:0034316),3/5,0.0034633619718360304,0.044122831132523764,17.81187229263597,100.91343844245273,GMFB;DNAI3;PICK1,EXPLORATORY -- NOT FDR-CORRECTED,GM12878-origin,0.05
gs_ind_0,RNA Decapping (GO:0110154),3/5,0.0034633619718360304,0.044122831132523764,17.81187229263597,100.91343844245273,DXO;NUDT12;NUDT16,EXPLORATORY -- NOT FDR-CORRECTED,GM12878-origin,0.05
gs_ind_0,Regulation Of Cellular Component Organization (GO:0051128),21/152,0.003522879135166575,0.044623135712109956,2.0854252425587996,11.779475866269072,CDK11B;ALKBH4;CAMK2D;LSM11;RAB4A;RAB33B;ING4;SEMA4D;BCAR1;MLLT3;ATF5;ANKRA2;RAB4B;ZFYVE16;CAMSAP2;NEDD4;MELTF;METTL4;PACSIN1;BBS10;RUFY2,EXPLORATORY -- NOT FDR-CORRECTED,GM12878-origin,0.05
gs_ind_0,Positive Regulation Of NF-kappaB Transcription Factor Activity (GO:0051092),21/152,0.003522879135166575,0.044623135712109956,2.0854252425587996,11.779475866269072,TRIM21;TIRAP;RPS6KA5;TRADD;TRIM68;NOD1;TRIM32;TLR6;ANKRD42;IRAK2;TRIM13;TICAM1;CARD11;MALT1;TRAF5;TRIM6;BCL10;PYCARD;TRIM38;TRIM52;FER,EXPLORATORY -- NOT FDR-CORRECTED,GM12878-origin,0.05
gs_ind_0,Protein Localization To Organelle (GO:0033365),19/133,0.0036842163519031387,0.04653302486873649,2.17178874515943,12.170047020328603,BICD2;ARL3;ARL6;TOPORS;TTC21A;CAMLG;RAB33B;IFT20;TRAM2;FAM149B1;CEP68;TULP3;TSPAN10;PEX2;SNX10;OPTN;XPA;BBS9;BICD1,EXPLORATORY -- NOT FDR-CORRECTED,GM12878-origin,0.05
gs_ind_0,Fatty Acid Catabolic Process (GO:0009062),11/60,0.0037364957695745593,0.046924425505084494,2.959888412839997,16.54461318930224,ACAD11;MCEE;NUDT8;ACAA2;ABCD2;BDH2;PEX2;PPARD;PCCA;PHYH;CROT,EXPLORATORY -- NOT FDR-CORRECTED,GM12878-origin,0.05
gs_ind_0,Regulation Of Extrinsic Apoptotic Signaling Pathway (GO:2001236),11/60,0.0037364957695745593,0.046924425505084494,2.959888412839997,16.54461318930224,PELI3;TNFSF10;SH3RF1;CYLD;WWOX;TLR6;PYCARD;BCL10;NOL3;TMC8;LTB,EXPLORATORY -- NOT FDR-CORRECTED,GM12878-origin,0.05
gs_ind_0,Protein Destabilization (GO:0031648),8/36,0.0037828531836058385,0.04710400235405236,3.798114521399111,21.183135789725164,TRIM21;KDM8;UTP25;NR1D1;SIRT1;PEX2;CCDC88C;FBXL3,EXPLORATORY -- NOT FDR-CORRECTED,GM12878-origin,0.05
gs_ind_0,"DNA Damage Response, Signal Transduction By P53 Class Mediator (GO:0030330)",8/36,0.0037828531836058385,0.04710400235405236,3.798114521399111,21.183135789725164,GTSE1;E2F7;TP53;PLK3;MYO6;BCL3;CRADD;PAXIP1,EXPLORATORY -- NOT FDR-CORRECTED,GM12878-origin,0.05
gs_ind_0,Interstrand Cross-Link Repair (GO:0036297),8/36,0.0037828531836058385,0.04710400235405236,3.798114521399111,21.183135789725164,CENPS;DCLRE1C;FAAP24;XPA;POLN;FANCC;FANCF;ERCC4,EXPLORATORY -- NOT FDR-CORRECTED,GM12878-origin,0.05
gs_ind_0,Regulation Of DNA Metabolic Process (GO:0051052),18/124,0.0038932165783405115,0.048205895161025206,2.214921751477212,12.289536704333852,HELB;NSMCE3;TADA2B;TAF5;RADX;SGF29;OBI1;INO80C;KAT2B;DSCC1;MPHOSPH8;INO80B;ATXN7;INO80D;TFPT;SLF2;ING4;PIF1,EXPLORATORY -- NOT FDR-CORRECTED,GM12878-origin,0.05
gs_ind_0,Negative Regulation Of Growth (GO:0045926),18/124,0.0038932165783405115,0.048205895161025206,2.214921751477212,12.289536704333852,ST20;BMPR2;TP53;RB1;ESR2;DCBLD2;CDKN2AIP;SERTAD2;SIRT1;SPHK2;CYP27B1;TCHP;DCUN1D3;OSGIN2;DNAJB2;PTPRJ;ING4;CGRRF1,EXPLORATORY -- NOT FDR-CORRECTED,GM12878-origin,0.05
gs_ind_0,Negative Regulation Of Response To Biotic Stimulus (GO:0002832),9/44,0.003951610952249513,0.04879187976895197,3.40841221577981,18.86089872646274,TRIM21;CEP63;TNFAIP3;CARD8;TREX1;TRIB1;DHX58;MAPKBP1;NFKBIL1,EXPLORATORY -- NOT FDR-CORRECTED,GM12878-origin,0.05
gs_ind_0,Platelet Dense Granule Organization (GO:0060155),6/22,0.004031051322067241,0.04963372689293966,5.015056620484596,27.65165842631684,BLOC1S3;HPS5;BLOC1S2;HPS6;HPS3;AP1S3,EXPLORATORY -- NOT FDR-CORRECTED,GM12878-origin,0.05
gs_ind_0,Wound Healing (GO:0042060),13/78,0.004046391305913646,0.049683824168432734,2.626510775854125,14.471890074398997,CHMP6;ERBB2;CHMP2B;SMPD1;HMOX1;CHMP1B;ANXA6;VPS4B;DST;SYT11;PPP3CA;RAB3A;DCBLD2,EXPLORATORY -- NOT FDR-CORRECTED,GM12878-origin,0.05
gs_ind_0,Regulation Of Centrosome Duplication (GO:0010824),7/29,0.004072858626902725,0.049784452285170595,4.244230254350736,23.357739906307007,CHMP2B;CHMP1B;SIRT1;VPS4B;CENATAC;TMEM67;SPICE1,EXPLORATORY -- NOT FDR-CORRECTED,GM12878-origin,0.05
gs_ind_0,Histone H3-K14 Acetylation (GO:0044154),4/10,0.004144939652599276,0.049784452285170595,8.810007036776415,48.3305273096573,KAT14;MBIP;KAT2B;SGF29,EXPLORATORY -- NOT FDR-CORRECTED,GM12878-origin,0.05
gs_ind_0,Regulation Of Chromatin Binding (GO:0035561),4/10,0.004144939652599276,0.049784452285170595,8.810007036776415,48.3305273096573,KDM4D;PARP9;MED9;DTX3L,EXPLORATORY -- NOT FDR-CORRECTED,GM12878-origin,0.05
gs_ind_0,Aromatic Amino Acid Family Catabolic Process (GO:0009074),4/10,0.004144939652599276,0.049784452285170595,8.810007036776415,48.3305273096573,KYNU;IL4I1;KMO;GSTZ1,EXPLORATORY -- NOT FDR-CORRECTED,GM12878-origin,0.05
gs_ind_0,Positive Regulation Of B Cell Differentiation (GO:0045579),4/10,0.004144939652599276,0.049784452285170595,8.810007036776415,48.3305273096573,INPP5D;PPP2R3C;SYK;NCKAP1L,EXPLORATORY -- NOT FDR-CORRECTED,GM12878-origin,0.05
gs_ind_0,Positive Regulation Of Toll-Like Receptor 4 Signaling Pathway (GO:0034145),4/10,0.004144939652599276,0.049784452285170595,8.810007036776415,48.3305273096573,IFI35;NINJ1;TIRAP;PTPN22,EXPLORATORY -- NOT FDR-CORRECTED,GM12878-origin,0.05
gs_ind_0,Protein auto-ADP-ribosylation (GO:0070213),4/10,0.004144939652599276,0.049784452285170595,8.810007036776415,48.3305273096573,PARP3;PARP2;PARP11;PARP8,EXPLORATORY -- NOT FDR-CORRECTED,GM12878-origin,0.05
gs_ind_0,Regulation Of Toll-Like Receptor 2 Signaling Pathway (GO:0034135),4/10,0.004144939652599276,0.049784452285170595,8.810007036776415,48.3305273096573,TNFAIP3;TIRAP;TLR6;TLR1,EXPLORATORY -- NOT FDR-CORRECTED,GM12878-origin,0.05
gs_ind_0,Golgi Vesicle Transport (GO:0048193),25/195,0.004282460904398764,0.051296433876602585,1.9082266380282111,10.405993896600757,YIPF4;IER3IP1;RANGRF;BICD2;ARL3;PICK1;LMAN2L;RAB12;RP2;RAB33B;TRAPPC13;RAB43;UVRAG;TRAPPC6A;SGSM2;TRAPPC9;VTI1A;PGAP1;TRAPPC2B;WHAMM;COG6;SEC22A;RABIF;BNIP1;MPPE1,EXPLORATORY -- NOT FDR-CORRECTED,GM12878-origin,0.05
gs_ind_0,Monocarboxylic Acid Metabolic Process (GO:0032787),15/97,0.004407974866321325,0.0521330375184629,2.3947358916919232,12.989861468772526,ME1;AMACR;KYNU;HYI;SGPL1;DECR2;ACSF2;BTD;ACADSB;DSE;PCCA;PER2;ACBD5;CROT;GATM,EXPLORATORY -- NOT FDR-CORRECTED,GM12878-origin,0.05
gs_ind_0,Negative Regulation Of Response To External Stimulus (GO:0032102),20/145,0.004413407221334753,0.0521330375184629,2.083137043694877,11.297077740219105,TRIM21;CEP63;RB1;PPARD;MAPKBP1;CASK;TNFAIP3;CYLD;CARD8;TREX1;TRIB1;MAPK7;NFKBIL1;NR1D1;ALOX5;DHX58;GHRL;MACIR;SELENOS;TNFAIP8L2,EXPLORATORY -- NOT FDR-CORRECTED,GM12878-origin,0.05
gs_ind_0,Regulation Of G Protein-Coupled Receptor Signaling Pathway (GO:0008277),12/70,0.004457881765298091,0.0521330375184629,2.722562589819227,14.737453368011034,NMT2;RGS5;RGS16;TULP3;RASGRP4;GNG7;DGKQ;RPGRIP1L;GRK5;CCL5;MGLL;CAMKMT,EXPLORATORY -- NOT FDR-CORRECTED,GM12878-origin,0.05
gs_ind_0,Glycosaminoglycan biosynthesis,10/53,0.004509048703358547,0.0521330375184629,3.0747431397663445,16.60874494159318,B4GALT7;CHST14;CSGALNACT2;CHST12;B4GALT4;HS6ST1;DSE;FUT8;XYLT2;ST3GAL3,EXPLORATORY -- NOT FDR-CORRECTED,GM12878-origin,0.05
gs_ind_0,Negative Regulation Of TOR Signaling (GO:0032007),10/53,0.004509048703358547,0.0521330375184629,3.0747431397663445,16.60874494159318,CASTOR3P;WDR24;KICS2;TSSK6;DEPDC5;SIRT1;SESN1;TNFAIP8L1;CASTOR1;EPM2A,EXPLORATORY -- NOT FDR-CORRECTED,GM12878-origin,0.05
gs_ind_0,Positive Regulation Of Chemokine Production (GO:0032722),10/53,0.004509048703358547,0.0521330375184629,3.0747431397663445,16.60874494159318,CD84;AIF1;HMOX1;TIRAP;SYK;OAS3;C5;PYCARD;IL7;IL17RA,EXPLORATORY -- NOT FDR-CORRECTED,GM12878-origin,0.05
gs_ind_0,Melanosome Organization (GO:0032438),8/37,0.004522907126872545,0.0521330375184629,3.6692722731692435,19.808934476247668,SNAPIN;BLOC1S3;HPS5;BLOC1S2;HPS6;HPS3;AP1S3;BLOC1S5,EXPLORATORY -- NOT FDR-CORRECTED,GM12878-origin,0.05
gs_ind_0,Negative Regulation Of Type I Interferon Production (GO:0032480),8/37,0.004522907126872545,0.0521330375184629,3.6692722731692435,19.808934476247668,HAVCR2;GPATCH3;CYLD;RBX1;PYCARD;XAF1;RELB;DHX58,EXPLORATORY -- NOT FDR-CORRECTED,GM12878-origin,0.05
gs_ind_0,Regulation Of p38MAPK Cascade (GO:1900744),8/37,0.004522907126872545,0.0521330375184629,3.6692722731692435,19.808934476247668,PTPN22;ULK4;CYLD;RELL1;ZC3H12A;DUSP10;GADD45B;RELL2,EXPLORATORY -- NOT FDR-CORRECTED,GM12878-origin,0.05
gs_ind_0,"Protein Alpha-1,2-Demannosylation (GO:0036508)",5/16,0.0045415350288316135,0.0521330375184629,6.087326460385155,32.83802300778683,RNF185;EDEM2;RNF103;TRIM13;UGGT2,EXPLORATORY -- NOT FDR-CORRECTED,GM12878-origin,0.05
gs_ind_0,Negative Regulation Of RNA Biosynthetic Process (GO:1902679),5/16,0.0045415350288316135,0.0521330375184629,6.087326460385155,32.83802300778683,APOBEC3D;MPHOSPH8;APOBEC3F;ZNF653;APOBEC3G,EXPLORATORY -- NOT FDR-CORRECTED,GM12878-origin,0.05
gs_ind_0,Protein Targeting To Peroxisome (GO:0006625),5/16,0.0045415350288316135,0.0521330375184629,6.087326460385155,32.83802300778683,PEX7;PEX2;PEX10;PEX12;PEX1,EXPLORATORY -- NOT FDR-CORRECTED,GM12878-origin,0.05
gs_ind_0,Regulation Of Autophagosome Maturation (GO:1901096),5/16,0.0045415350288316135,0.0521330375184629,6.087326460385155,32.83802300778683,TECPR1;FYCO1;SMCR8;TBC1D25;UVRAG,EXPLORATORY -- NOT FDR-CORRECTED,GM12878-origin,0.05
gs_ind_0,Regulation Of Response To Cytokine Stimulus (GO:0060759),5/16,0.0045415350288316135,0.0521330375184629,6.087326460385155,32.83802300778683,RIGI;IFIH1;PARP9;IRAK2;MAPK7,EXPLORATORY -- NOT FDR-CORRECTED,GM12878-origin,0.05
gs_ind_0,Negative Regulation Of ATP-dependent Activity (GO:0032780),5/16,0.0045415350288316135,0.0521330375184629,6.087326460385155,32.83802300778683,TP53;SIRT1;PXK;VCPKMT;IFIT1,EXPLORATORY -- NOT FDR-CORRECTED,GM12878-origin,0.05
gs_ind_0,Phosphatidylinositol Dephosphorylation (GO:0046856),5/16,0.0045415350288316135,0.0521330375184629,6.087326460385155,32.83802300778683,MTMR6;MTMR3;SYNJ1;PIP4P1;MTM1,EXPLORATORY -- NOT FDR-CORRECTED,GM12878-origin,0.05
gs_ind_0,Cellular senescence,21/156,0.004785993889184945,0.05479652224292789,2.023658037129024,10.81050582349577,NFKB1;RB1;TGFB3;GADD45B;PPP3CA;CCNE2;E2F5;PIK3R1;E2F1;NFATC4;SIRT1;PIK3R3;BTRC;LIN52;FOXO1;TP53;ITPR2;RAD9B;MAP2K6;MAP2K3;E2F2,EXPLORATORY -- NOT FDR-CORRECTED,GM12878-origin,0.05
gs_ind_0,Protein-Containing Complex Disassembly (GO:0032984),11/62,0.004848824375262215,0.05537206695895296,2.844797618805936,15.159980562536166,CHMP6;PEX12;CHMP2B;GSPT2;CHMP1B;TECPR1;VPS4B;PEX2;PEX10;UVRAG;ATG14,EXPLORATORY -- NOT FDR-CORRECTED,GM12878-origin,0.05
gs_ind_0,GPI Anchor Biosynthetic Process (GO:0006506),7/30,0.00498309662917129,0.05627127837654029,4.063522173801589,21.54359082062058,PGAP1;PIGZ;PIGM;PIGV;PIGW;TP53INP2;MPPE1,EXPLORATORY -- NOT FDR-CORRECTED,GM12878-origin,0.05
gs_ind_0,Protein Palmitoylation (GO:0018345),7/30,0.00498309662917129,0.05627127837654029,4.063522173801589,21.54359082062058,PORCN;ZDHHC21;ZDHHC13;HHAT;ZDHHC2;ZDHHC6;ZDHHC24,EXPLORATORY -- NOT FDR-CORRECTED,GM12878-origin,0.05
gs_ind_0,ERAD Pathway (GO:0036503),14/89,0.004991395155450829,0.05627127837654029,2.4475855164038167,12.97230069496415,RNF185;ERLIN1;ATXN3;RNF103;DERL3;DERL2;FBXO17;DNAJB2;TMEM67;UGGT2;TMUB2;DNAJB9;TRIM13;SELENOS,EXPLORATORY -- NOT FDR-CORRECTED,GM12878-origin,0.05
gs_ind_0,Regulation Of Phosphatidylinositol 3-Kinase Signaling (GO:0014066),14/89,0.004991395155450829,0.05627127837654029,2.4475855164038167,12.97230069496415,INSR;HCST;PIK3IP1;PPP1R16B;PTPN6;SIRT1;DDR2;PIK3AP1;PIP5K1B;CCL5;NEDD4;HCLS1;SEMA4D;FGR,EXPLORATORY -- NOT FDR-CORRECTED,GM12878-origin,0.05
gs_ind_0,PD-L1 expression and PD-1 checkpoint pathway in cancer,14/89,0.004991395155450829,0.05627127837654029,2.4475855164038167,12.97230069496415,NFKB1;MAP2K6;PDCD1;TICAM1;IFNGR1;MAP2K3;TIRAP;CD274;PTPN6;NFKBIB;PPP3CA;NFKBIE;PIK3R3;PIK3R1,EXPLORATORY -- NOT FDR-CORRECTED,GM12878-origin,0.05
gs_ind_0,Negative Regulation Of Protein Serine/Threonine Kinase Activity (GO:0071901),13/80,0.005052049150708599,0.05644010158590374,2.548559472074682,13.476683975244443,HEXIM2;SMPD1;LATS2;RB1;PKIB;SIRT1;STK38;SPRY2;TESK1;HEXIM1;PYCARD;PKIA;PTPRJ,EXPLORATORY -- NOT FDR-CORRECTED,GM12878-origin,0.05
gs_ind_0,Tuberculosis,23/177,0.005064943656485465,0.05644010158590374,1.9402107087185292,10.25481347738557,NFKB1;IL23A;TIRAP;TGFB3;SPHK2;CAMK2D;PPP3CA;BCL2;TRADD;SYK;IFNGR1;TLR6;CYP27B1;CTSS;IRAK2;BAD;CORO1A;PLK3;MALT1;RFXAP;HLA-DMA;TLR1;BCL10,EXPLORATORY -- NOT FDR-CORRECTED,GM12878-origin,0.05
gs_ind_0,Negative Regulation Of Protein Tyrosine Kinase Activity (GO:0061099),6/23,0.005121660674749496,0.05644010158590374,4.728362660304205,24.938692261235403,CHMP6;SOCS6;CBLB;MVP;PTPRC;DUSP22,EXPLORATORY -- NOT FDR-CORRECTED,GM12878-origin,0.05
gs_ind_0,Protein Alkylation (GO:0008213),6/23,0.005121660674749496,0.05644010158590374,4.728362660304205,24.938692261235403,EEF2KMT;EEF1AKMT2;FAM98B;VCPKMT;CAMKMT;EEF1AKMT1,EXPLORATORY -- NOT FDR-CORRECTED,GM12878-origin,0.05
gs_ind_0,Adaptive Immune Response Based On Somatic Recombination Of Immune Receptors Built From Immunoglobulin Superfamily Domains (GO:0002460),6/23,0.005121660674749496,0.05644010158590374,4.728362660304205,24.938692261235403,CR2;CD70;IL18BP;BTN3A2;MYO1G;BTN3A3,EXPLORATORY -- NOT FDR-CORRECTED,GM12878-origin,0.05
gs_ind_0,Nuclear Membrane Reassembly (GO:0031468),6/23,0.005121660674749496,0.05644010158590374,4.728362660304205,24.938692261235403,CHMP6;CHMP2B;UBXN2A;CHMP1B;UBXN2B;VPS4B,EXPLORATORY -- NOT FDR-CORRECTED,GM12878-origin,0.05
gs_ind_0,Regulation Of T Cell Migration (GO:2000404),6/23,0.005121660674749496,0.05644010158590374,4.728362660304205,24.938692261235403,AIF1;LRCH1;TNFRSF14;PYCARD;CCL5;TMEM102,EXPLORATORY -- NOT FDR-CORRECTED,GM12878-origin,0.05
gs_ind_0,Negative Regulation Of Lymphocyte Activation (GO:0051250),6/23,0.005121660674749496,0.05644010158590374,4.728362660304205,24.938692261235403,IL4I1;PTPN22;PIBF1;TNFAIP3;PAG1;TNFAIP8L2,EXPLORATORY -- NOT FDR-CORRECTED,GM12878-origin,0.05
gs_ind_0,Entrainment Of Circadian Clock By Photoperiod (GO:0043153),6/23,0.005121660674749496,0.05644010158590374,4.728362660304205,24.938692261235403,FBXL3;FBXL17;TP53;CRTC1;RBM4B;PER2,EXPLORATORY -- NOT FDR-CORRECTED,GM12878-origin,0.05
gs_ind_0,Insulin resistance,16/108,0.005134410330296597,0.05644010158590374,2.273799851083563,11.98699594367886,PYGB;PPARGC1B;NFKB1;FOXO1;INSR;SLC27A1;CREB3L4;PPP1R3B;TBC1D4;SLC27A3;PPP1R3D;CREB3;PIK3R3;PRKAB2;PPP1R3E;PIK3R1,EXPLORATORY -- NOT FDR-CORRECTED,GM12878-origin,0.05
gs_ind_0,IL-2/STAT5 Signaling,25/198,0.00521574120138008,0.0571915104867746,1.8750888789862836,9.855606039326364,CD83;IKZF2;LRRC8C;ANXA4;ADAM19;GADD45B;PLAGL1;BCL2;ENO3;BMPR2;PHLDA1;FLT3LG;AMACR;EEF1AKMT1;GABARAPL1;MAFF;SOCS1;P2RX4;IFNGR1;RGS16;TNFSF10;CKAP4;SYT11;MAP3K8;LTB,EXPLORATORY -- NOT FDR-CORRECTED,GM12878-origin,0.05
gs_ind_0,Regulation Of Inflammatory Response (GO:0050727),29/240,0.0052347023261380965,0.05725699219259734,1.7800668792452123,9.34970391094827,RB1;IL23A;PYCARD;GSDMD;VAMP2;PPARD;IL17RA;SPATA2;IFI35;TRADD;TNFAIP3;CYLD;SETD6;MAPK7;NAPEPLD;NR1D1;UFL1;NINJ1;ALOX5;DNASE1;AKNA;SEMA7A;GHRL;CCL5;MACIR;MGLL;SELENOS;PIK3AP1;TNFAIP8L2,EXPLORATORY -- NOT FDR-CORRECTED,GM12878-origin,0.05
gs_ind_0,Positive Regulation Of Cell Cycle G1/S Phase Transition (GO:1902808),8/38,0.0053691940986671256,0.05843804342450541,3.54887869695445,18.55026383256106,AIF1;LSM11;PAGR1;STXBP4;PEX2;SASS6;MBLAC1;UBE2E2,EXPLORATORY -- NOT FDR-CORRECTED,GM12878-origin,0.05
gs_ind_0,Regulation Of Mitotic Spindle Organization (GO:0060236),8/38,0.0053691940986671256,0.05843804342450541,3.54887869695445,18.55026383256106,CHMP6;CEP97;CHMP2B;CHMP1B;VPS4B;SASS6;BORA;PARP3,EXPLORATORY -- NOT FDR-CORRECTED,GM12878-origin,0.05
gs_ind_0,Regulation Of Cytokine Production Involved In Inflammatory Response (GO:1900015),9/46,0.0053856032955055646,0.05847226435120328,3.226467341799282,16.855149094760446,APPL1;TICAM1;ABCD2;TLR6;ZC3H12A;MACIR;PYCARD;ALOX5;IL17RA,EXPLORATORY -- NOT FDR-CORRECTED,GM12878-origin,0.05
gs_ind_0,Non-small cell lung cancer,12/72,0.005628419098675659,0.06095840635617274,2.632427544663338,13.635781660677718,ERBB2;E2F1;BAD;TP53;RB1;DDB2;SOS2;E2F2;GADD45B;FHIT;PIK3R3;PIK3R1,EXPLORATORY -- NOT FDR-CORRECTED,GM12878-origin,0.05
gs_ind_0,Endocytosis,30/252,0.005655103808970931,0.06109729801456829,1.7494998463443596,9.054006028372921,GRK3;PARD6B;CBLB;DNM1;CYTH1;RAB22A;SMURF2;ARAP2;CHMP6;SMURF1;ZFYVE9;RAB4A;PIP5K1B;ARRB2;AGAP2;EHD4;CHMP1B;ACAP1;VPS4B;ZFYVE16;GRK5;NEDD4;WASL;PLD1;CHMP2B;RAB11FIP2;WIPF2;VPS37C;ZFYVE27;RUFY2,EXPLORATORY -- NOT FDR-CORRECTED,GM12878-origin,0.05
gs_ind_0,Neurotrophin signaling pathway,17/119,0.0058066921885774345,0.06258166055562184,2.176478449716004,11.206130796485658,BCL2;NFKB1;BAD;SH2B2;TP53;SOS2;FRS2;MAP3K5;ARHGDIB;RPS6KA5;NFKBIB;CAMK2D;NFKBIE;PIK3R3;IRAK2;MAPK7;PIK3R1,EXPLORATORY -- NOT FDR-CORRECTED,GM12878-origin,0.05
gs_ind_0,KRAS Signaling Up,25/200,0.005927389308204888,0.0636667238164503,1.8536264367577988,9.505714106104188,SPRY2;CAB39L;FUCA1;PTCD2;TNFAIP3;BPGM;NIN;TRIB1;MAP4K1;USP12;CBR4;RGS16;CDADC1;ATG10;CD37;ADAM8;MMD;CTSS;DCBLD2;GLRX;PSMB8;DNMBP;PLAUR;CROT;MTMR10,EXPLORATORY -- NOT FDR-CORRECTED,GM12878-origin,0.05
gs_ind_0,Toll-Like Receptor Signaling Pathway (GO:0002224),7/31,0.006038050356034864,0.0636667238164503,3.897565773297271,19.915290915571912,TICAM1;TIRAP;TLR6;CTSS;IRAK2;TLR5;TLR1,EXPLORATORY -- NOT FDR-CORRECTED,GM12878-origin,0.05
gs_ind_0,Regulation Of Mitochondrial Membrane Permeability (GO:0046902),5/17,0.0060518051903567785,0.0636667238164503,5.600199068871408,28.60244929218433,BCL2;BAD;HEBP2;PMAIP1;TMEM102,EXPLORATORY -- NOT FDR-CORRECTED,GM12878-origin,0.05
gs_ind_0,Regulation Of Viral Transcription (GO:0046782),5/17,0.0060518051903567785,0.0636667238164503,5.600199068871408,28.60244929218433,TRIM21;TRIM32;HEXIM1;ZFP36;TRIM13,EXPLORATORY -- NOT FDR-CORRECTED,GM12878-origin,0.05
gs_ind_0,Other glycan degradation,5/17,0.0060518051903567785,0.0636667238164503,5.600199068871408,28.60244929218433,MAN2B2;HEXD;AGA;MANBA;FUCA1,EXPLORATORY -- NOT FDR-CORRECTED,GM12878-origin,0.05
gs_ind_0,Positive Regulation Of Regulatory T Cell Differentiation (GO:0045591),5/17,0.0060518051903567785,0.0636667238164503,5.600199068871408,28.60244929218433,IL4I1;VSIR;SOCS1;DUSP10;SOX12,EXPLORATORY -- NOT FDR-CORRECTED,GM12878-origin,0.05
gs_ind_0,Regulation Of Telomere Maintenance Via Telomere Lengthening (GO:1904356),5/17,0.0060518051903567785,0.0636667238164503,5.600199068871408,28.60244929218433,PINX1;TINF2;TERF1;SLX4;ERCC4,EXPLORATORY -- NOT FDR-CORRECTED,GM12878-origin,0.05
gs_ind_0,Establishment Of Vesicle Localization (GO:0051650),5/17,0.0060518051903567785,0.0636667238164503,5.600199068871408,28.60244929218433,SNAPIN;LIMK2;SYNJ1;TESK1;SYT11,EXPLORATORY -- NOT FDR-CORRECTED,GM12878-origin,0.05
gs_ind_0,Carbohydrate Derivative Catabolic Process (GO:1901136),5/17,0.0060518051903567785,0.0636667238164503,5.600199068871408,28.60244929218433,BPGM;FBXO17;MANBA;DERA;FUCA1,EXPLORATORY -- NOT FDR-CORRECTED,GM12878-origin,0.05
gs_ind_0,NAD Biosynthetic Process (GO:0009435),5/17,0.0060518051903567785,0.0636667238164503,5.600199068871408,28.60244929218433,KYNU;NAXD;NMNAT1;PARP9;NUDT12,EXPLORATORY -- NOT FDR-CORRECTED,GM12878-origin,0.05
gs_ind_0,Negative Regulation Of RNA Metabolic Process (GO:0051253),4/11,0.006139961759665892,0.0637018679530239,7.635146846413096,38.88532007958332,NRDE2;NUDT16;KAT2B;ZC3H10,EXPLORATORY -- NOT FDR-CORRECTED,GM12878-origin,0.05
gs_ind_0,Ubiquinone and other terpenoid-quinone biosynthesis,4/11,0.006139961759665892,0.0637018679530239,7.635146846413096,38.88532007958332,COQ2;COQ6;COQ7;COQ3,EXPLORATORY -- NOT FDR-CORRECTED,GM12878-origin,0.05
gs_ind_0,Regulation Of Lipid Kinase Activity (GO:0043550),4/11,0.006139961759665892,0.0637018679530239,7.635146846413096,38.88532007958332,PIK3R3;RB1;WDR91;PIK3R1,EXPLORATORY -- NOT FDR-CORRECTED,GM12878-origin,0.05
gs_ind_0,Fatty Acid Beta-Oxidation Using acyl-CoA Oxidase (GO:0033540),4/11,0.006139961759665892,0.0637018679530239,7.635146846413096,38.88532007958332,AMACR;ACOX3;DECR2;CROT,EXPLORATORY -- NOT FDR-CORRECTED,GM12878-origin,0.05
gs_ind_0,Regulation Of Platelet-Derived Growth Factor Receptor Signaling Pathway (GO:0010640),4/11,0.006139961759665892,0.0637018679530239,7.635146846413096,38.88532007958332,PTPRJ;IFT20;CBLB;PTGIR,EXPLORATORY -- NOT FDR-CORRECTED,GM12878-origin,0.05
gs_ind_0,Regulation Of JNK Cascade (GO:0046328),16/110,0.006141854328501625,0.0637018679530239,2.225564582741963,11.333973788509185,MAPK8IP3;MAP3K10;MAP4K2;SH3RF1;ULK4;TIRAP;MAP3K5;CYLD;DUSP10;FKTN;GADD45B;MAPKBP1;TRAF5;PYCARD;MBIP;RAP2A,EXPLORATORY -- NOT FDR-CORRECTED,GM12878-origin,0.05
gs_ind_0,Positive Regulation Of Type I Interferon Production (GO:0032481),11/64,0.006208200070124378,0.06423884016222596,2.738311743951992,13.915783374741714,TRIM56;PTPN22;IKBKE;TICAM1;RIGI;IRF7;OAS3;IFIH1;DHX58;POLR3F;RAB2B,EXPLORATORY -- NOT FDR-CORRECTED,GM12878-origin,0.05
gs_ind_0,Organelle Transport Along Microtubule (GO:0072384),8/39,0.0063310556584535126,0.06484345268679415,3.4361291573247223,17.394676382455675,SNAPIN;BORCS8;TRAK2;BICD2;BLOC1S2;BORCS7;BICD1;BORCS6,EXPLORATORY -- NOT FDR-CORRECTED,GM12878-origin,0.05
gs_ind_0,Positive Regulation Of Pattern Recognition Receptor Signaling Pathway (GO:0062208),8/39,0.0063310556584535126,0.06484345268679415,3.4361291573247223,17.394676382455675,IFI35;PTPN22;DDX60;TIRAP;NINJ1;DHX58;TLR5;TLR1,EXPLORATORY -- NOT FDR-CORRECTED,GM12878-origin,0.05
gs_ind_0,Anterograde Axonal Transport (GO:0008089),8/39,0.0063310556584535126,0.06484345268679415,3.4361291573247223,17.394676382455675,MAPK8IP3;SNAPIN;TRAK2;KIF3A;BLOC1S3;BLOC1S2;DLG2;BLOC1S5,EXPLORATORY -- NOT FDR-CORRECTED,GM12878-origin,0.05
gs_ind_0,Endosome Transport Via Multivesicular Body Sorting Pathway (GO:0032509),6/24,0.006413735338348967,0.06484345268679415,4.472662641764938,22.5838755971745,CHMP6;CHMP2B;DENND10;CHMP1B;VPS4B;TMEM50B,EXPLORATORY -- NOT FDR-CORRECTED,GM12878-origin,0.05
gs_ind_0,Regulation Of Actin Nucleation (GO:0051125),6/24,0.006413735338348967,0.06484345268679415,4.472662641764938,22.5838755971745,WHAMM;CARMIL3;PICK1;CARMIL2;CORO1A;CARMIL1,EXPLORATORY -- NOT FDR-CORRECTED,GM12878-origin,0.05
gs_ind_0,Negative Regulation Of TORC1 Signaling (GO:1904262),6/24,0.006413735338348967,0.06484345268679415,4.472662641764938,22.5838755971745,CASTOR3P;WDR24;KICS2;DEPDC5;SESN1;CASTOR1,EXPLORATORY -- NOT FDR-CORRECTED,GM12878-origin,0.05
gs_ind_0,Peroxisome Organization (GO:0007031),6/24,0.006413735338348967,0.06484345268679415,4.472662641764938,22.5838755971745,ABCD2;PEX7;PEX2;PEX10;PEX12;PEX1,EXPLORATORY -- NOT FDR-CORRECTED,GM12878-origin,0.05
gs_ind_0,Early Endosome To Late Endosome Transport (GO:0045022),6/24,0.006413735338348967,0.06484345268679415,4.472662641764938,22.5838755971745,STX8;KIF16B;WDR91;PXK;SNX16;ATG14,EXPLORATORY -- NOT FDR-CORRECTED,GM12878-origin,0.05
gs_ind_0,Regulation Of Ruffle Assembly (GO:1900027),6/24,0.006413735338348967,0.06484345268679415,4.472662641764938,22.5838755971745,EPS8;P2RX4;CARMIL2;ARHGAP24;SH3YL1;KANK1,EXPLORATORY -- NOT FDR-CORRECTED,GM12878-origin,0.05
gs_ind_0,Photoperiodism (GO:0009648),6/24,0.006413735338348967,0.06484345268679415,4.472662641764938,22.5838755971745,FBXL3;FBXL17;TP53;CRTC1;RBM4B;PER2,EXPLORATORY -- NOT FDR-CORRECTED,GM12878-origin,0.05
gs_ind_0,Protein Localization To Ciliary Membrane (GO:1903441),3/6,0.0065511438323088925,0.06503928381265225,12.722445050537463,63.969924602975446,WDR19;BBIP1;ARL3,EXPLORATORY -- NOT FDR-CORRECTED,GM12878-origin,0.05
gs_ind_0,Regulation Of Leukocyte Degranulation (GO:0043300),3/6,0.0065511438323088925,0.06503928381265225,12.722445050537463,63.969924602975446,SYK;FES;FER,EXPLORATORY -- NOT FDR-CORRECTED,GM12878-origin,0.05
gs_ind_0,Positive Regulation Of Autophagosome Maturation (GO:1901098),3/6,0.0065511438323088925,0.06503928381265225,12.722445050537463,63.969924602975446,UVRAG;FYCO1;SMCR8,EXPLORATORY -- NOT FDR-CORRECTED,GM12878-origin,0.05
gs_ind_0,Free Ubiquitin Chain Polymerization (GO:0010994),3/6,0.0065511438323088925,0.06503928381265225,12.722445050537463,63.969924602975446,TRIM32;UBE2C;TRIM6,EXPLORATORY -- NOT FDR-CORRECTED,GM12878-origin,0.05
gs_ind_0,Cellular Response To Bacterial Lipopeptide (GO:0071221),3/6,0.0065511438323088925,0.06503928381265225,12.722445050537463,63.969924602975446,TIRAP;TLR6;TLR1,EXPLORATORY -- NOT FDR-CORRECTED,GM12878-origin,0.05
gs_ind_0,"Protein Import Into Peroxisome Matrix, Receptor Recycling (GO:0016562)",3/6,0.0065511438323088925,0.06503928381265225,12.722445050537463,63.969924602975446,PEX10;PEX12;PEX2,EXPLORATORY -- NOT FDR-CORRECTED,GM12878-origin,0.05
gs_ind_0,Positive Regulation Of T-helper 17 Cell Differentiation (GO:2000321),3/6,0.0065511438323088925,0.06503928381265225,12.722445050537463,63.969924602975446,MALT1;IL23A;IL12RB1,EXPLORATORY -- NOT FDR-CORRECTED,GM12878-origin,0.05
gs_ind_0,Proteoglycan Catabolic Process (GO:0030167),3/6,0.0065511438323088925,0.06503928381265225,12.722445050537463,63.969924602975446,NAGLU;IDUA;SGSH,EXPLORATORY -- NOT FDR-CORRECTED,GM12878-origin,0.05
gs_ind_0,Negative Regulation Of Defense Response (GO:0031348),16/111,0.0067022942739964324,0.06635141841835916,2.202204570587,11.022706389965718,TRIM21;CEP63;RB1;MAPKBP1;TNFAIP3;GHRL;CYLD;NR1D1;MACIR;TREX1;PPARD;ALOX5;DHX58;SELENOS;MAPK7;TNFAIP8L2,EXPLORATORY -- NOT FDR-CORRECTED,GM12878-origin,0.05
gs_ind_0,Positive Regulation Of Gene Expression (GO:0010628),50/478,0.006713414839970096,0.06635141841835916,1.5060185819643448,7.535586171974337,ACTA2;CPEB3;ITGB8;GLMN;ADAM19;NIBAN1;RIGI;KAT2B;PASK;ZC3H12A;SPHK2;SPRY2;OSR2;RNF207;ERN1;DLL1;MBIP;FGR;PIK3R1;ERBB2;E2F1;BMPR2;VSIR;UPF3B;TENT4B;CALCOCO1;PIK3R3;LAMP3;SOX4;HFE;PDCL3;BTN3A1;PTPN22;HINFP;SGF29;TP53;TENT4A;IFNGR1;TRAPPC2B;TLR6;CYP27B1;DGKQ;LRP3;CCDC88B;PLD1;EIF2AK3;TICAM1;BCL3;FAM98B;METTL14,EXPLORATORY -- NOT FDR-CORRECTED,GM12878-origin,0.05
gs_ind_0,Lipid and atherosclerosis,26/213,0.006920069944069276,0.06814847318312126,1.8030679381498842,8.967250790386485,NFKB1;IKBKE;MIB2;TIRAP;MAP3K5;CAMK2D;PPP3CA;ERN1;PIK3R1;BCL2;VAV2;PIK3R3;TP53;TLR6;PLCB2;CASP7;IRF7;BAD;MAP2K6;TNFSF10;EIF2AK3;TICAM1;MAP2K3;VAV1;CCL5;PYCARD,EXPLORATORY -- NOT FDR-CORRECTED,GM12878-origin,0.05
gs_ind_0,Regulation Of Cell Division (GO:0051302),13/83,0.006926160613892542,0.06814847318312126,2.439925208296948,12.132405231620286,EFHC1;MLLT3;TLE6;SGF29;EVI2B;KAT2B;PLK3;CCP110;KAT14;UVRAG;DLL1;CSPP1;MBIP,EXPLORATORY -- NOT FDR-CORRECTED,GM12878-origin,0.05
gs_ind_0,Response To Reactive Oxygen Species (GO:0000302),11/65,0.006991435984959103,0.06848499960377716,2.687999610420082,13.34072837082513,GLRX2;PEX12;HMOX1;COA8;SIRT1;PLK3;PDK2;PEX2;PEX10;PJVK;FER,EXPLORATORY -- NOT FDR-CORRECTED,GM12878-origin,0.05
gs_ind_0,Cellular Response To Light Stimulus (GO:0071482),11/65,0.006991435984959103,0.06848499960377716,2.687999610420082,13.34072837082513,NSMCE3;TP53;SMPD1;TENT4A;DDB2;ZBTB1;BMF;RBX1;COPS9;NEDD4;ERCC4,EXPLORATORY -- NOT FDR-CORRECTED,GM12878-origin,0.05
gs_ind_0,Toll-like receptor signaling pathway,15/102,0.007068157048460236,0.06908300724969561,2.25760854059775,11.180028562738846,CD80;NFKB1;MAP2K6;IKBKE;TICAM1;MAP2K3;TIRAP;TLR6;TLR1;CCL5;PIK3R3;IRF7;MAP3K8;TLR5;PIK3R1,EXPLORATORY -- NOT FDR-CORRECTED,GM12878-origin,0.05
gs_ind_0,Post-Translational Protein Modification (GO:0043687),9/48,0.007191876368211229,0.06998187865579492,3.0629472651838707,15.115041880334704,MAP3K12;PARP11;PARP2;DSCC1;RPS6KA5;RBX1;PARP8;PARP9;PARP3,EXPLORATORY -- NOT FDR-CORRECTED,GM12878-origin,0.05
gs_ind_0,Oligosaccharide Metabolic Process (GO:0009311),9/48,0.007191876368211229,0.06998187865579492,3.0629472651838707,15.115041880334704,CTBS;IDUA;ST8SIA4;ST6GALNAC6;B3GALT4;MANBA;FUT4;FUT8;ST3GAL3,EXPLORATORY -- NOT FDR-CORRECTED,GM12878-origin,0.05
gs_ind_0,Positive Regulation Of Hydrolase Activity (GO:0051345),22/172,0.007236912857728458,0.07024650835600647,1.9065986662698189,9.396786998687318,BCAS3;MTMR9;TBC1D30;RASGRP4;RGP1;ERBB2;RGL1;SRGAP3;BCAR3;RALGPS1;ALS2;SEMA4D;SGSM2;SNX18;SOS2;PREX1;RGS16;TBC1D2;SMCR8;CTSS;RAB11FIP2;CCL5,EXPLORATORY -- NOT FDR-CORRECTED,GM12878-origin,0.05
gs_ind_0,Histone Lysine Methylation (GO:0034968),7/32,0.007250944034025169,0.07024650835600647,3.7446255610678008,18.44836068854224,PAXIP1;PAGR1;WDR5B;SETD1B;HCFC2;SETDB2;BOD1,EXPLORATORY -- NOT FDR-CORRECTED,GM12878-origin,0.05
gs_ind_0,Kaposi sarcoma-associated herpesvirus infection,24/193,0.0073576899659055775,0.07112433633708724,1.8436616289036944,9.0560829913334,NFKB1;IKBKE;RB1;PPP3CA;PIK3R1;E2F1;NFATC4;TRADD;SYK;GNG7;PIK3R3;GABARAPL1;TP53;ITPR2;IFNGR1;PREX1;CLEC2B;IRF9;IRF7;ZFP36;MAP2K6;TICAM1;E2F2;ATG14,EXPLORATORY -- NOT FDR-CORRECTED,GM12878-origin,0.05
gs_ind_0,Protein Localization To Chromosome (GO:0034502),8/40,0.00741798023894323,0.07123846817704087,3.330318050902978,16.331375058057578,PINX1;RB1;TINF2;XRCC4;HASPIN;SLF2;BOD1;PARP3,EXPLORATORY -- NOT FDR-CORRECTED,GM12878-origin,0.05
gs_ind_0,Double-Strand Break Repair Via Nonhomologous End Joining (GO:0006303),8/40,0.00741798023894323,0.07123846817704087,3.330318050902978,16.331375058057578,DCLRE1C;LIG4;HELQ;POLM;SETMAR;XRCC4;UVRAG;ERCC4,EXPLORATORY -- NOT FDR-CORRECTED,GM12878-origin,0.05
gs_ind_0,mRNA 3'-End Processing (GO:0031124),8/40,0.00741798023894323,0.07123846817704087,3.330318050902978,16.331375058057578,LSM11;CSTF2T;TUT1;HEXIM1;TENT4B;PEX2;MBLAC1;LEO1,EXPLORATORY -- NOT FDR-CORRECTED,GM12878-origin,0.05
gs_ind_0,Organonitrogen Compound Biosynthetic Process (GO:1901566),17/122,0.007445095702917041,0.07134343882273547,2.1144276706982215,10.361117960839826,SPTSSA;B4GAT1;GCH1;SGPL1;KDSR;SLC27A1;ACER3;SPHK2;CSAD;PLA2G4C;SLC44A1;TYW1B;TYW5;HACD2;SGPP1;CERS6;NANP,EXPLORATORY -- NOT FDR-CORRECTED,GM12878-origin,0.05
gs_ind_0,Negative Regulation Of Cell Motility (GO:2000146),18/132,0.007509497797347654,0.07180448219242615,2.0597506348174957,10.075448783059457,WAS;SAP30L;DAG1;RNF20;SMAD7;DNAI3;ING2;SRGAP3;KANK1;DUSP10;DUSP22;FUZ;BRMS1L;CCDC125;TP53INP1;SAP30;PTPRJ;RAP2A,EXPLORATORY -- NOT FDR-CORRECTED,GM12878-origin,0.05
gs_ind_0,Positive Regulation Of Protein Ubiquitination (GO:0031398),13/84,0.00766048343479875,0.07308963415712746,2.405739600814444,11.719993945069698,FBXO33;NSMCE3;SMAD7;DCUN1D2;CENPS;MALT1;RBX1;COMMD1;UBE2D1;DCUN1D3;PAXIP1;TOPORS;BCL10,EXPLORATORY -- NOT FDR-CORRECTED,GM12878-origin,0.05
gs_ind_0,Regulation Of Endocytosis (GO:0030100),11/66,0.007849713265186143,0.07387336727500349,2.6395005267451785,12.794393559041806,SMPD1;PACSIN1;RAB4A;PTPRC;SYK;RAB4B;ZFYVE16;RUFY2;SYT11;DLL1;FGR,EXPLORATORY -- NOT FDR-CORRECTED,GM12878-origin,0.05
gs_ind_0,Antigen Processing And Presentation Of Peptide Antigen Via MHC Class I (GO:0002474),5/18,0.00788292644657496,0.07387336727500349,5.18523869832266,25.112401739796496,ERAP2;TAPBPL;MFSD6;TAP2;HFE,EXPLORATORY -- NOT FDR-CORRECTED,GM12878-origin,0.05
gs_ind_0,Regulation Of Protein Deacetylation (GO:0090311),5/18,0.00788292644657496,0.07387336727500349,5.18523869832266,25.112401739796496,SGF29;KAT2B;SPRED1;KAT14;MBIP,EXPLORATORY -- NOT FDR-CORRECTED,GM12878-origin,0.05
gs_ind_0,Mitotic Cytokinetic Process (GO:1902410),5/18,0.00788292644657496,0.07387336727500349,5.18523869832266,25.112401739796496,CHMP6;CHMP2B;MITD1;CHMP1B;VPS4B,EXPLORATORY -- NOT FDR-CORRECTED,GM12878-origin,0.05
gs_ind_0,Regulation Of Histone Modification (GO:0031056),5/18,0.00788292644657496,0.07387336727500349,5.18523869832266,25.112401739796496,HPF1;SGF29;KAT2B;KAT14;MBIP,EXPLORATORY -- NOT FDR-CORRECTED,GM12878-origin,0.05
gs_ind_0,Cilium-Dependent Cell Motility (GO:0060285),5/18,0.00788292644657496,0.07387336727500349,5.18523869832266,25.112401739796496,EFHC1;RFX3;DNAI3;DNAH7;DNAAF2,EXPLORATORY -- NOT FDR-CORRECTED,GM12878-origin,0.05
gs_ind_0,Vesicle-Mediated Transport Between Endosomal Compartments (GO:0098927),6/25,0.007926974301514667,0.07387336727500349,4.243188266152775,20.52635478226516,STX8;KIF16B;WDR91;PXK;SNX16;ATG14,EXPLORATORY -- NOT FDR-CORRECTED,GM12878-origin,0.05
gs_ind_0,Secretory Granule Organization (GO:0033363),6/25,0.007926974301514667,0.07387336727500349,4.243188266152775,20.52635478226516,BLOC1S3;HPS5;BLOC1S2;HPS6;HPS3;AP1S3,EXPLORATORY -- NOT FDR-CORRECTED,GM12878-origin,0.05
gs_ind_0,Nucleic Acid Phosphodiester Bond Hydrolysis (GO:0090305),6/25,0.007926974301514667,0.07387336727500349,4.243188266152775,20.52635478226516,DCP1B;ANKLE1;ZC3H12A;SETMAR;EXD2;DXO,EXPLORATORY -- NOT FDR-CORRECTED,GM12878-origin,0.05
gs_ind_0,Regulation Of Actin Cytoskeleton Reorganization (GO:2000249),6/25,0.007926974301514667,0.07387336727500349,4.243188266152775,20.52635478226516,BCAS3;FES;CARMIL3;CARMIL2;ARHGDIB;CARMIL1,EXPLORATORY -- NOT FDR-CORRECTED,GM12878-origin,0.05
gs_ind_0,Positive Regulation Of Glucose Import (GO:0046326),6/25,0.007926974301514667,0.07387336727500349,4.243188266152775,20.52635478226516,APPL1;INSR;RHOQ;CAPN10;CREBL2;PIK3R1,EXPLORATORY -- NOT FDR-CORRECTED,GM12878-origin,0.05
gs_ind_0,Actin Filament Organization (GO:0007015),19/143,0.008084044633717143,0.0751782041042725,1.9968427167790659,9.620514558550067,AIF1;CARMIL2;RND1;SERPINB8;MYO6;MARCKS;CARMIL1;HCLS1;MYO1G;WAS;TLE6;EPS8;BCAR1;RHOF;WASL;WHAMM;GHRL;CORO1A;GAS2,EXPLORATORY -- NOT FDR-CORRECTED,GM12878-origin,0.05
gs_ind_0,ncRNA Catabolic Process (GO:0034661),7/33,0.00863503999473759,0.07884777787940368,3.603228006365083,17.12227621889065,DIS3L2;POP1;NUDT16;ZC3H12A;TENT4B;NUDT16L1;SLFN13,EXPLORATORY -- NOT FDR-CORRECTED,GM12878-origin,0.05
gs_ind_0,Protein K63-linked Deubiquitination (GO:0070536),7/33,0.00863503999473759,0.07884777787940368,3.603228006365083,17.12227621889065,OTUD7B;ABRAXAS2;MPND;ATXN3;CYLD;TNFAIP3;SPATA2,EXPLORATORY -- NOT FDR-CORRECTED,GM12878-origin,0.05
gs_ind_0,Glycosaminoglycan Biosynthetic Process (GO:0006024),10/58,0.008670685535443364,0.07884777787940368,2.757411192504513,13.091657323854731,B4GAT1;B4GALT7;CHST14;CSGALNACT2;CHST12;B4GALT4;DSE;ST3GAL3;XYLT2;SLC35D2,EXPLORATORY -- NOT FDR-CORRECTED,GM12878-origin,0.05
gs_ind_0,Selective Autophagy (GO:0061912),10/58,0.008670685535443364,0.07884777787940368,2.757411192504513,13.091657323854731,SNX18;TAFAZZIN;SPATA33;STK3;UFL1;ATG2B;PEX2;ULK1;PJVK;ATG14,EXPLORATORY -- NOT FDR-CORRECTED,GM12878-origin,0.05
gs_ind_0,Spinal Cord Development (GO:0021510),4/12,0.008683282520251766,0.07884777787940368,6.736724347899969,31.974889679652126,DLL1;LOXL3;SOX12;SOX4,EXPLORATORY -- NOT FDR-CORRECTED,GM12878-origin,0.05
gs_ind_0,Nucleotide Metabolic Process (GO:0009117),4/12,0.008683282520251766,0.07884777787940368,6.736724347899969,31.974889679652126,ME1;DCK;NMNAT1;FHIT,EXPLORATORY -- NOT FDR-CORRECTED,GM12878-origin,0.05
gs_ind_0,Lipid Droplet Formation (GO:0140042),4/12,0.008683282520251766,0.07884777787940368,6.736724347899969,31.974889679652126,ZFYVE1;CDS2;PLA2G4C;FITM2,EXPLORATORY -- NOT FDR-CORRECTED,GM12878-origin,0.05
gs_ind_0,"Regulation Of Retrograde Protein Transport, ER To Cytosol (GO:1904152)",4/12,0.008683282520251766,0.07884777787940368,6.736724347899969,31.974889679652126,SVIP;DERL3;DERL2;EDEM2,EXPLORATORY -- NOT FDR-CORRECTED,GM12878-origin,0.05
gs_ind_0,DNA Deamination (GO:0045006),4/12,0.008683282520251766,0.07884777787940368,6.736724347899969,31.974889679652126,APOBEC3G;APOBEC3D;CDADC1;APOBEC3F,EXPLORATORY -- NOT FDR-CORRECTED,GM12878-origin,0.05
gs_ind_0,Regulation Of Transcription From RNA Polymerase II Promoter In Response To Stress (GO:0043618),4/12,0.008683282520251766,0.07884777787940368,6.736724347899969,31.974889679652126,HMOX1;MAPK7;BAG3;TP53,EXPLORATORY -- NOT FDR-CORRECTED,GM12878-origin,0.05
gs_ind_0,Microtubule Anchoring At Microtubule Organizing Center (GO:0072393),4/12,0.008683282520251766,0.07884777787940368,6.736724347899969,31.974889679652126,BICD1;KIF3A;NIN;BICD2,EXPLORATORY -- NOT FDR-CORRECTED,GM12878-origin,0.05
gs_ind_0,Chronic myeloid leukemia,12/76,0.008693289484888882,0.07884777787940368,2.4689267650782365,11.715560851557035,E2F1;NFKB1;TP53;BAD;RB1;DDB2;SOS2;TGFB3;E2F2;GADD45B;PIK3R3;PIK3R1,EXPLORATORY -- NOT FDR-CORRECTED,GM12878-origin,0.05
gs_ind_0,Cellular Response To Lipopolysaccharide (GO:0071222),17/124,0.00873040976867513,0.0790218609041478,2.0749845398497087,9.837383371706318,CD80;NFKB1;PTPN22;TICAM1;BCL10;TNFAIP3;ZFP36;ZC3H12A;CD274;NR1D1;NFKBIB;PEX2;CASP7;CCL5;PYCARD;SELENOS;NFKBIL1,EXPLORATORY -- NOT FDR-CORRECTED,GM12878-origin,0.05
gs_ind_0,Positive Regulation Of T Cell Activation (GO:0050870),15/105,0.009198340922876337,0.08308665325417806,2.1826051828169586,10.233651081956515,AIF1;CD80;ZBTB1;IL23A;PTPRC;NCK2;CD274;CD70;TNFRSF13C;IL7;CCL5;HLA-DMA;PYCARD;CCDC88B;NCKAP1L,EXPLORATORY -- NOT FDR-CORRECTED,GM12878-origin,0.05
gs_ind_0,Mitotic Metaphase Plate Congression (GO:0007080),9/50,0.009427726609538532,0.08481105896907316,2.9151881598084994,13.596729947526518,CHMP6;CHMP2B;PIBF1;PINX1;CHMP1B;VPS4B;MIS12;CEP55;BOD1,EXPLORATORY -- NOT FDR-CORRECTED,GM12878-origin,0.05
gs_ind_0,Regulation Of Interferon-Beta Production (GO:0032648),9/50,0.009427726609538532,0.08481105896907316,2.9151881598084994,13.596729947526518,TRIM56;TIRAP;RIGI;OAS3;IFIH1;PYCARD;RELB;IRF7;POLR3F,EXPLORATORY -- NOT FDR-CORRECTED,GM12878-origin,0.05
gs_ind_0,Regulation Of Immune Response (GO:0050776),12/77,0.009632113285562495,0.0858608330826543,2.431171814067173,11.287086214397071,INPP5D;APPL1;IL4I1;PTPN22;FGR;PDCD1;TIRAP;SYK;IRF7;SMCR8;DHX58;DENND1B,EXPLORATORY -- NOT FDR-CORRECTED,GM12878-origin,0.05
gs_ind_0,Regulation Of T Cell Proliferation (GO:0042129),12/77,0.009632113285562495,0.0858608330826543,2.431171814067173,11.287086214397071,IL4I1;CD80;GLMN;IL23A;PTPRC;NCK2;CD274;CD70;TNFRSF13C;CCL5;CCDC88B;NCKAP1L,EXPLORATORY -- NOT FDR-CORRECTED,GM12878-origin,0.05
gs_ind_0,Nuclear Membrane Organization (GO:0071763),6/26,0.009680769973248455,0.0858608330826543,4.036101634502775,18.717880792414675,CHMP6;CHMP2B;UBXN2A;CHMP1B;UBXN2B;VPS4B,EXPLORATORY -- NOT FDR-CORRECTED,GM12878-origin,0.05
gs_ind_0,DNA-templated Transcription Elongation (GO:0006354),6/26,0.009680769973248455,0.0858608330826543,4.036101634502775,18.717880792414675,ELL3;EAF2;CTDP1;GTF2F2;PEX2;LEO1,EXPLORATORY -- NOT FDR-CORRECTED,GM12878-origin,0.05
gs_ind_0,Meiosis I (GO:0007127),6/26,0.009680769973248455,0.0858608330826543,4.036101634502775,18.717880792414675,ZSCAN21;ING2;BRME1;HSF2BP;ZCWPW1;FOXJ2,EXPLORATORY -- NOT FDR-CORRECTED,GM12878-origin,0.05
gs_ind_0,Regulation Of Reactive Oxygen Species Biosynthetic Process (GO:1903426),6/26,0.009680769973248455,0.0858608330826543,4.036101634502775,18.717880792414675,ABCD2;TLR6;COA8;SPHK2;ALOX5;ABCD1,EXPLORATORY -- NOT FDR-CORRECTED,GM12878-origin,0.05
gs_ind_0,Histone H3-K4 Methylation (GO:0051568),6/26,0.009680769973248455,0.0858608330826543,4.036101634502775,18.717880792414675,PAGR1;WDR5B;SETD1B;HCFC2;PAXIP1;BOD1,EXPLORATORY -- NOT FDR-CORRECTED,GM12878-origin,0.05
gs_ind_0,Regulation Of Protein Localization (GO:0032880),14/96,0.009741166017984538,0.08622301166119647,2.2395154247351963,10.372079318036482,TRIM21;CEP290;STX6;TRIM68;KCNAB2;VCPIP1;UFL1;RAB9A;TESK1;TRIM6;MMD;BORA;TRIM38;HFE,EXPLORATORY -- NOT FDR-CORRECTED,GM12878-origin,0.05
gs_ind_0,Lipid Modification (GO:0030258),8/42,0.010005362815896025,0.08803532671950443,3.137097769611097,14.445187202314353,PORCN;DGKH;DGKQ;PLPP6;ALOX5;SGPP1;DGKA;DGKE,EXPLORATORY -- NOT FDR-CORRECTED,GM12878-origin,0.05
gs_ind_0,DNA Recombination (GO:0006310),8/42,0.010005362815896025,0.08803532671950443,3.137097769611097,14.445187202314353,RAD51D;HDAC10;LIG4;DMC1;RAD54B;RAD51B;TREX1;THAP9,EXPLORATORY -- NOT FDR-CORRECTED,GM12878-origin,0.05
gs_ind_0,Cellular Response To Misfolded Protein (GO:0071218),5/19,0.010065745160306314,0.08803532671950443,4.82751424095305,22.19988996292351,UBE2W;RNF185;ATXN3;UGGT2;DNAJB14,EXPLORATORY -- NOT FDR-CORRECTED,GM12878-origin,0.05
gs_ind_0,NADP Metabolic Process (GO:0006739),5/19,0.010065745160306314,0.08803532671950443,4.82751424095305,22.19988996292351,ME1;TP53I3;KCNAB2;NUDT12;NUDT17,EXPLORATORY -- NOT FDR-CORRECTED,GM12878-origin,0.05
gs_ind_0,Regulation Of Transcription Involved In G1/S Transition Of Mitotic Cell Cycle (GO:0000083),5/19,0.010065745160306314,0.08803532671950443,4.82751424095305,22.19988996292351,E2F1;E2F7;HINFP;RB1;E2F2,EXPLORATORY -- NOT FDR-CORRECTED,GM12878-origin,0.05
gs_ind_0,Regulation Of B Cell Differentiation (GO:0045577),5/19,0.010065745160306314,0.08803532671950443,4.82751424095305,22.19988996292351,INPP5D;IL4I1;SYK;PPP2R3C;NCKAP1L,EXPLORATORY -- NOT FDR-CORRECTED,GM12878-origin,0.05
gs_ind_0,Cellular Response To Oxidative Stress (GO:0034599),16/116,0.010151928343858778,0.08836379327208894,2.0923776477688887,9.604205079536229,AIF1;PYROXD1;NUDT2;FANCC;FOXO1;TP53;HMOX1;ZC3H12A;MSRA;CPEB2;PDK2;PEX2;PEX10;PEX12;SELENOS;FER,EXPLORATORY -- NOT FDR-CORRECTED,GM12878-origin,0.05
gs_ind_0,Osteoclast differentiation,17/126,0.010187208414250441,0.08836379327208894,2.0369822539636986,9.342868480750997,ACP5;MAP3K14;NFKB1;FOSL1;MAP2K6;SOCS1;SYK;CYLD;NFKB2;IFNGR1;FOSB;IRF9;RELB;PPP3CA;PIK3R3;TEC;PIK3R1,EXPLORATORY -- NOT FDR-CORRECTED,GM12878-origin,0.05
gs_ind_0,Protein Methylation (GO:0006479),7/34,0.010203532390084681,0.08836379327208894,3.4721139101861995,15.919716254684,EEF1AKMT3;EEF2KMT;EEF1AKMT2;FAM98B;VCPKMT;CAMKMT;EEF1AKMT1,EXPLORATORY -- NOT FDR-CORRECTED,GM12878-origin,0.05
gs_ind_0,Protein Targeting To Vacuole (GO:0006623),7/34,0.010203532390084681,0.08836379327208894,3.4721139101861995,15.919716254684,SMURF1;VPS37C;ZFYVE16;NEDD4;PXK;SNX16;ATG14,EXPLORATORY -- NOT FDR-CORRECTED,GM12878-origin,0.05
gs_ind_0,Organophosphate Biosynthetic Process (GO:0090407),7/34,0.010203532390084681,0.08836379327208894,3.4721139101861995,15.919716254684,DCK;TPK1;FITM2;IPMK;GK5;DDR2;ITPKC,EXPLORATORY -- NOT FDR-CORRECTED,GM12878-origin,0.05
gs_ind_0,heme Metabolism,24/199,0.010586349479510279,0.09037097908320076,1.7803598735596797,8.097414782334782,ACP5;CCDC28A;KAT2B;KHNYN;CTNS;MINPP1;DAAM1;SYNJ1;MOSPD1;BPGM;PPP2R5B;BTRC;ENDOD1;MARCHF2;FOXJ2;ISCA1;SLC66A2;TRAK2;ALDH6A1;ATG4A;MAP2K3;OPTN;E2F2;TMEM9B,EXPLORATORY -- NOT FDR-CORRECTED,GM12878-origin,0.05
gs_ind_0,RNA Splicing (GO:0008380),14/97,0.010640740429108453,0.09037097908320076,2.2126389629371106,10.05216309102188,SLU7;ZRSR2;WDR83;DBR1;ZMAT5;MAGOHB;RRAGC;WBP4;PRPF18;NRDE2;NOL3;RNPC3;YJU2;SNRNP48,EXPLORATORY -- NOT FDR-CORRECTED,GM12878-origin,0.05
gs_ind_0,Regulation Of Defense Response (GO:0031347),14/97,0.010640740429108453,0.09037097908320076,2.2126389629371106,10.05216309102188,APPL1;AKNA;PTPN22;FGR;SEMA7A;SPATA2;TIRAP;CYLD;SETD6;UFL1;ALOX5;DHX58;MGLL;PIK3AP1,EXPLORATORY -- NOT FDR-CORRECTED,GM12878-origin,0.05
gs_ind_0,RNA Modification (GO:0009451),9/51,0.010724994242602181,0.09037097908320076,2.846523634369356,12.909492362169035,DTWD2;BCDIN3D;KTI12;RBM15B;APOBEC3F;TRUB1;APOBEC3G;TRDMT1;ALKBH1,EXPLORATORY -- NOT FDR-CORRECTED,GM12878-origin,0.05
gs_ind_0,Benzene-Containing Compound Metabolic Process (GO:0042537),3/7,0.010845337553315154,0.09037097908320076,9.894985471593847,44.76511227155244,KYAT1;KYNU;KMO,EXPLORATORY -- NOT FDR-CORRECTED,GM12878-origin,0.05
gs_ind_0,"Negative Regulation Of CD8-positive, Alpha-Beta T Cell Activation (GO:2001186)",3/7,0.010845337553315154,0.09037097908320076,9.894985471593847,44.76511227155244,VSIR;SOCS1;HFE,EXPLORATORY -- NOT FDR-CORRECTED,GM12878-origin,0.05
gs_ind_0,Tryptophan Catabolic Process (GO:0006569),3/7,0.010845337553315154,0.09037097908320076,9.894985471593847,44.76511227155244,KYNU;IL4I1;KMO,EXPLORATORY -- NOT FDR-CORRECTED,GM12878-origin,0.05
gs_ind_0,Protein Localization To Ciliary Transition Zone (GO:1904491),3/7,0.010845337553315154,0.09037097908320076,9.894985471593847,44.76511227155244,TCTN2;CC2D2B;TCTN1,EXPLORATORY -- NOT FDR-CORRECTED,GM12878-origin,0.05
gs_ind_0,Preassembly Of GPI Anchor In ER Membrane (GO:0016254),3/7,0.010845337553315154,0.09037097908320076,9.894985471593847,44.76511227155244,PIGW;PIGV;PIGZ,EXPLORATORY -- NOT FDR-CORRECTED,GM12878-origin,0.05
gs_ind_0,NADH Metabolic Process (GO:0006734),3/7,0.010845337553315154,0.09037097908320076,9.894985471593847,44.76511227155244,ME1;NUDT17;NUDT12,EXPLORATORY -- NOT FDR-CORRECTED,GM12878-origin,0.05
gs_ind_0,Cardiolipin Biosynthetic Process (GO:0032049),3/7,0.010845337553315154,0.09037097908320076,9.894985471593847,44.76511227155244,TAFAZZIN;SLC27A1;PLSCR3,EXPLORATORY -- NOT FDR-CORRECTED,GM12878-origin,0.05
gs_ind_0,Negative Regulation Of Mitochondrial Membrane Potential (GO:0010917),3/7,0.010845337553315154,0.09037097908320076,9.894985471593847,44.76511227155244,HEBP2;PMAIP1;RNF122,EXPLORATORY -- NOT FDR-CORRECTED,GM12878-origin,0.05
gs_ind_0,Negative Regulation Of Microglial Cell Activation (GO:1903979),3/7,0.010845337553315154,0.09037097908320076,9.894985471593847,44.76511227155244,PTPRC;SYT11;NR1D1,EXPLORATORY -- NOT FDR-CORRECTED,GM12878-origin,0.05
gs_ind_0,Purine Nucleotide Catabolic Process (GO:0006195),3/7,0.010845337553315154,0.09037097908320076,9.894985471593847,44.76511227155244,NUDT15;NUDT17;NUDT12,EXPLORATORY -- NOT FDR-CORRECTED,GM12878-origin,0.05
gs_ind_0,Negative Regulation Of T-helper 17 Cell Differentiation (GO:2000320),3/7,0.010845337553315154,0.09037097908320076,9.894985471593847,44.76511227155244,SMAD7;LOXL3;ZC3H12A,EXPLORATORY -- NOT FDR-CORRECTED,GM12878-origin,0.05
gs_ind_0,snRNA Transcription By RNA Polymerase III (GO:0042796),3/7,0.010845337553315154,0.09037097908320076,9.894985471593847,44.76511227155244,SNAPC4;ZC3H8;SNAPC1,EXPLORATORY -- NOT FDR-CORRECTED,GM12878-origin,0.05
gs_ind_0,ER Overload Response (GO:0006983),3/7,0.010845337553315154,0.09037097908320076,9.894985471593847,44.76511227155244,EIF2AK3;SELENOS;TP53,EXPLORATORY -- NOT FDR-CORRECTED,GM12878-origin,0.05
gs_ind_0,Regulation Of Alpha-Beta T Cell Proliferation (GO:0046640),3/7,0.010845337553315154,0.09037097908320076,9.894985471593847,44.76511227155244,SH3RF1;SYK;TNFRSF14,EXPLORATORY -- NOT FDR-CORRECTED,GM12878-origin,0.05
gs_ind_0,Alditol Metabolic Process (GO:0019400),3/7,0.010845337553315154,0.09037097908320076,9.894985471593847,44.76511227155244,COQ2;GK5;COQ3,EXPLORATORY -- NOT FDR-CORRECTED,GM12878-origin,0.05
gs_ind_0,Tryptophan Metabolic Process (GO:0006568),3/7,0.010845337553315154,0.09037097908320076,9.894985471593847,44.76511227155244,KYNU;IL4I1;KMO,EXPLORATORY -- NOT FDR-CORRECTED,GM12878-origin,0.05
gs_ind_0,Insulin signaling pathway,18/137,0.010897996534665465,0.09051616082557298,1.9733190243349654,8.917776588425989,PPP1R3F;PYGB;CBLB;BAD;FOXO1;SH2B2;RHOQ;SOCS1;SOS2;SOCS4;INSR;PPP1R3B;PPP1R3D;INPP5A;PIK3R3;PRKAB2;PPP1R3E;PIK3R1,EXPLORATORY -- NOT FDR-CORRECTED,GM12878-origin,0.05
gs_ind_0,Positive Regulation Of Phosphatidylinositol 3-Kinase Signaling (GO:0014068),11/69,0.010921121074594002,0.09051616082557298,2.503951805705063,11.31049215881071,INSR;HCST;PTPN6;SIRT1;DDR2;NEDD4;CCL5;PIK3AP1;HCLS1;SEMA4D;FGR,EXPLORATORY -- NOT FDR-CORRECTED,GM12878-origin,0.05
gs_ind_0,Negative Regulation Of Intrinsic Apoptotic Signaling Pathway (GO:2001243),10/60,0.010981978220699322,0.09051616082557298,2.6480730562202384,11.946780780997576,BCL2;BCL2L2;TRIM32;PLAUR;SIRT1;CREB3;NOL3;DDIAS;SELENOS;MAPK7,EXPLORATORY -- NOT FDR-CORRECTED,GM12878-origin,0.05
gs_ind_0,Cytosolic Transport (GO:0016482),17/127,0.010984627926523664,0.09051616082557298,2.0184969791548926,9.105961542952176,CLN5;VTI1A;STX8;DOP1B;KIF16B;STX6;WDR91;TBC1D10C;RAB9A;RGP1;PXK;SNX16;RAB43;TBC1D17;TBC1D10A;ATG14;SLC66A2,EXPLORATORY -- NOT FDR-CORRECTED,GM12878-origin,0.05
gs_ind_0,Regulation Of Response To External Stimulus (GO:0032101),17/127,0.010984627926523664,0.09051616082557298,2.0184969791548926,9.105961542952176,APPL1;AKNA;NMT2;PTPN22;FGR;SEMA7A;P2RX4;TIRAP;CYLD;SPATA2;SETD6;UFL1;ALOX5;DHX58;MGLL;PIK3AP1;CAMKMT,EXPLORATORY -- NOT FDR-CORRECTED,GM12878-origin,0.05
gs_ind_0,Cellular Response To Molecule Of Bacterial Origin (GO:0071219),16/117,0.010985967795299806,0.09051616082557298,2.0717107095834115,9.345769748679364,CD80;NFKB1;TICAM1;TNFAIP3;TIRAP;ZC3H12A;CD274;NR1D1;NFKBIB;ZFP36;PEX2;CASP7;BCL10;PYCARD;SELENOS;NFKBIL1,EXPLORATORY -- NOT FDR-CORRECTED,GM12878-origin,0.05
gs_ind_0,Lysosome Organization (GO:0007040),8/43,0.01152501254747492,0.09425279278157597,3.0486518662028415,13.606851545456257,SNAPIN;CLN5;ZKSCAN3;TPCN2;CORO1A;LYSET;AKTIP;TFEB,EXPLORATORY -- NOT FDR-CORRECTED,GM12878-origin,0.05
gs_ind_0,Regulation Of JUN Kinase Activity (GO:0043506),8/43,0.01152501254747492,0.09425279278157597,3.0486518662028415,13.606851545456257,MAP3K12;PTPN22;MAP3K5;TLR6;DUSP10;ERN1;MAP4K2;MAP3K10,EXPLORATORY -- NOT FDR-CORRECTED,GM12878-origin,0.05
gs_ind_0,Positive Regulation Of Transcription Elongation By RNA Polymerase II (GO:0032968),8/43,0.01152501254747492,0.09425279278157597,3.0486518662028415,13.606851545456257,ELL3;MED29;MED31;ELL;MED11;PWWP2A;MED9;LEO1,EXPLORATORY -- NOT FDR-CORRECTED,GM12878-origin,0.05
gs_ind_0,mRNA Catabolic Process (GO:0006402),8/43,0.01152501254747492,0.09425279278157597,3.0486518662028415,13.606851545456257,NBDY;DIS3L2;ZFP36;DXO;NUDT12;ERN1;NUDT16L1;NUDT16,EXPLORATORY -- NOT FDR-CORRECTED,GM12878-origin,0.05
gs_ind_0,Choline metabolism in cancer,14/98,0.01160395105132154,0.09427647943262156,2.186398630412353,9.743487913755065,PLD1;WAS;DGKH;PIK3R3;SOS2;JMJD7-PLA2G4B;DGKQ;PLA2G4C;SLC44A1;PIP5K1B;GPCPD1;DGKA;DGKE;PIK3R1,EXPLORATORY -- NOT FDR-CORRECTED,GM12878-origin,0.05
gs_ind_0,DNA Synthesis Involved In DNA Repair (GO:0000731),6/27,0.01169400146411176,0.09427647943262156,3.8482788755644024,17.119758435915355,POLI;RRM2B;ZBTB1;PRIMPOL;SIRT1;POLN,EXPLORATORY -- NOT FDR-CORRECTED,GM12878-origin,0.05
gs_ind_0,Iron-Sulfur Cluster Assembly (GO:0016226),6/27,0.01169400146411176,0.09427647943262156,3.8482788755644024,17.119758435915355,ISCA2;FXN;IBA57;BOLA1;HSCB;ISCA1,EXPLORATORY -- NOT FDR-CORRECTED,GM12878-origin,0.05
gs_ind_0,Metallo-Sulfur Cluster Assembly (GO:0031163),6/27,0.01169400146411176,0.09427647943262156,3.8482788755644024,17.119758435915355,ISCA2;FXN;IBA57;BOLA1;HSCB;ISCA1,EXPLORATORY -- NOT FDR-CORRECTED,GM12878-origin,0.05
gs_ind_0,Protein processing in endoplasmic reticulum,21/169,0.011697101861888727,0.09427647943262156,1.8458953474283473,8.211307023481558,RNF185;UBXN2A;BAG2;SEC61A2;MBTPS2;MAP3K5;SVIP;ERN1;BCL2;DNAJB2;UGGT2;EDEM2;ATXN3;ERO1B;RBX1;UBE2D1;EIF2AK3;DERL3;DERL2;CKAP4;SELENOS,EXPLORATORY -- NOT FDR-CORRECTED,GM12878-origin,0.05
gs_ind_0,Negative Regulation Of Wnt Signaling Pathway (GO:0030178),18/138,0.011702559659906244,0.09427647943262156,1.9568934319694058,8.704159613954536,MLLT3;TLE6;TRABD2A;CXXC4;CBY1;HIC1;LATS2;CYLD;WWOX;STK3;FUZ;RBX1;TLE4;CCDC88C;RNF43;NPHP3;AMER1;TMEM88,EXPLORATORY -- NOT FDR-CORRECTED,GM12878-origin,0.05
gs_ind_0,Positive Regulation Of Protein Modification By Small Protein Conjugation Or Removal (GO:1903322),12/79,0.011743978801970626,0.09427647943262156,2.359017907690474,10.484453659194461,FBXO33;NSMCE3;SMAD7;DCUN1D2;CENPS;ZC3H12A;MALT1;COMMD1;UBE2D1;DCUN1D3;PAXIP1;BCL10,EXPLORATORY -- NOT FDR-CORRECTED,GM12878-origin,0.05
gs_ind_0,Negative Regulation Of Viral Transcription (GO:0032897),4/13,0.011827335101234057,0.09427647943262156,6.027443428021185,26.745827228048892,ZFP36;TRIM21;TRIM32;TRIM13,EXPLORATORY -- NOT FDR-CORRECTED,GM12878-origin,0.05
gs_ind_0,Non-homologous end-joining,4/13,0.011827335101234057,0.09427647943262156,6.027443428021185,26.745827228048892,XRCC4;DCLRE1C;LIG4;POLM,EXPLORATORY -- NOT FDR-CORRECTED,GM12878-origin,0.05
gs_ind_0,T Cell Differentiation In Thymus (GO:0033077),4/13,0.011827335101234057,0.09427647943262156,6.027443428021185,26.745827228048892,LIG4;PTPRC;RABL3;MR1,EXPLORATORY -- NOT FDR-CORRECTED,GM12878-origin,0.05
gs_ind_0,Negative Regulation Of Myoblast Differentiation (GO:0045662),4/13,0.011827335101234057,0.09427647943262156,6.027443428021185,26.745827228048892,DLL1;SOX4;EID2B;TMEM182,EXPLORATORY -- NOT FDR-CORRECTED,GM12878-origin,0.05
gs_ind_0,Regulation Of Lamellipodium Organization (GO:1902743),4/13,0.011827335101234057,0.09427647943262156,6.027443428021185,26.745827228048892,CARMIL1;WAS;CARMIL2;FER,EXPLORATORY -- NOT FDR-CORRECTED,GM12878-origin,0.05
gs_ind_0,Protein Import Into Peroxisome Matrix (GO:0016558),4/13,0.011827335101234057,0.09427647943262156,6.027443428021185,26.745827228048892,PEX10;PEX12;PEX2;PEX7,EXPLORATORY -- NOT FDR-CORRECTED,GM12878-origin,0.05
gs_ind_0,Regulation Of cAMP-dependent Protein Kinase Activity (GO:2000479),4/13,0.011827335101234057,0.09427647943262156,6.027443428021185,26.745827228048892,PKIA;PKIB;MST1;SIRT1,EXPLORATORY -- NOT FDR-CORRECTED,GM12878-origin,0.05
gs_ind_0,Positive Regulation Of Cell Development (GO:0010720),7/35,0.011969442307245264,0.09489442750060635,3.3502008032128514,14.825973111300138,RFX3;FAIM;ZNF335;BAD;NUMBL;TRIM32;LIG4,EXPLORATORY -- NOT FDR-CORRECTED,GM12878-origin,0.05
gs_ind_0,Nicotinate and nicotinamide metabolism,7/35,0.011969442307245264,0.09489442750060635,3.3502008032128514,14.825973111300138,NMNAT1;SIRT5;SIRT1;SIRT3;NT5M;NUDT12;NMRK1,EXPLORATORY -- NOT FDR-CORRECTED,GM12878-origin,0.05
gs_ind_0,Axonemal Dynein Complex Assembly (GO:0070286),7/35,0.011969442307245264,0.09489442750060635,3.3502008032128514,14.825973111300138,DNAI3;SPAG1;DNAAF10;DNAL1;DNAH7;DNAAF2;TTC12,EXPLORATORY -- NOT FDR-CORRECTED,GM12878-origin,0.05
gs_ind_0,Regulation Of Cellular Catabolic Process (GO:0031329),10/61,0.012299247345149715,0.09733407952858159,2.596588593989294,11.420360641184592,WDR24;DRAM1;MTMR3;TPCN2;UVRAG;PIP4K2C;SMCR8;LAMP3;ABCD1;DEPP1,EXPLORATORY -- NOT FDR-CORRECTED,GM12878-origin,0.05
gs_ind_0,Protein Localization To Cell Periphery (GO:1990778),18/139,0.012553416966626972,0.09888057606589509,1.94073821972509,8.49609077202095,TTC7A;RAB12;EHD4;PALS1;SMURF1;ARL3;RAB3D;RAB34;PACSIN1;CACNB3;ZDHHC2;WDR19;ZFYVE27;RAB3A;PIGW;PLEKHF1;RAP2A;TMEM88,EXPLORATORY -- NOT FDR-CORRECTED,GM12878-origin,0.05
gs_ind_0,T Cell Mediated Immunity (GO:0002456),5/20,0.01262925687955965,0.09888057606589509,4.5159477780827455,19.742545845642795,CR2;CD70;BTN3A2;MYO1G;BTN3A3,EXPLORATORY -- NOT FDR-CORRECTED,GM12878-origin,0.05
gs_ind_0,Fc-gamma Receptor Signaling Pathway Involved In Phagocytosis (GO:0038096),5/20,0.01262925687955965,0.09888057606589509,4.5159477780827455,19.742545845642795,VAV2;FGR;SYK;VAV1;MYO1G,EXPLORATORY -- NOT FDR-CORRECTED,GM12878-origin,0.05
gs_ind_0,Late Endosome To Vacuole Transport (GO:0045324),5/20,0.01262925687955965,0.09888057606589509,4.5159477780827455,19.742545845642795,CHMP6;CHMP2B;CHMP1B;VPS4B;TMEM50B,EXPLORATORY -- NOT FDR-CORRECTED,GM12878-origin,0.05
gs_ind_0,Positive Regulation Of Lipid Storage (GO:0010884),5/20,0.01262925687955965,0.09888057606589509,4.5159477780827455,19.742545845642795,OSBPL11;IKBKE;NFKB1;ZC3H12A;FITM2,EXPLORATORY -- NOT FDR-CORRECTED,GM12878-origin,0.05
gs_ind_0,Regulation Of Mitotic Spindle Assembly (GO:1901673),5/20,0.01262925687955965,0.09888057606589509,4.5159477780827455,19.742545845642795,CHMP6;CHMP2B;CEP97;CHMP1B;VPS4B,EXPLORATORY -- NOT FDR-CORRECTED,GM12878-origin,0.05
gs_ind_0,Positive Regulation Of Immune Response (GO:0050778),12/80,0.012924907563958057,0.10101594422327502,2.3245209670505194,10.108409576825665,IFI35;RNF185;TRIM56;IL12RB1;IL23A;TIRAP;PTPRC;SIRT1;SPHK2;CCL5;PYCARD;POLR3F,EXPLORATORY -- NOT FDR-CORRECTED,GM12878-origin,0.05
gs_ind_0,Negative Regulation Of Gene Expression (GO:0010629),36/335,0.012983124866918582,0.1012913529440303,1.5553761972348379,6.7567172849775465,CPEB3;ITGB8;NFKB1;RB1;KAT2B;ZC3H12A;PPM1D;RPS6KA5;TIPARP;SETDB2;ERN1;SFMBT2;NHLRC3;TCEAL1;NUDT16;NANOS3;SIRT1;ZC3H10;PATL2;HAVCR2;PTPN22;HINFP;DGKQ;PARP9;NUDT12;SMCR8;LRP3;BTN2A2;ZFP36;DIS3L2;EIF2AK3;MPHOSPH8;DXO;TRIM6;SYT11;NUDT16L1,EXPLORATORY -- NOT FDR-CORRECTED,GM12878-origin,0.05
gs_ind_0,Neuron Projection Development (GO:0031175),23/192,0.013092574583559259,0.1017849537289757,1.767839034174563,7.6648374410251785,RB1;CNTNAP1;SNAPIN;SRGAP3;BLOC1S3;ALS2;SVBP;DLG4;NCKAP1L;ZNF335;CDK5R1;CAMSAP2;NEDD4;WASL;NOL3;MAPK8IP3;TRIO;PLXNA3;PACSIN1;ZFYVE27;BLOC1S2;ULK1;BLOC1S5,EXPLORATORY -- NOT FDR-CORRECTED,GM12878-origin,0.05
gs_ind_0,Regulation Of Signal Transduction (GO:0009966),23/192,0.013092574583559259,0.1017849537289757,1.767839034174563,7.6648374410251785,PIGBOS1;RGS5;RASGRP4;CDKN2AIP;DLL1;NCK2;GLRX2;CD80;GNG7;SIRT1;SYNJ2BP;FBXL17;TULP3;RGS16;FUZ;DGKQ;GRK5;IRAK2;INPP5D;IFT81;TMEM237;ANKRD54;MGLL,EXPLORATORY -- NOT FDR-CORRECTED,GM12878-origin,0.05
gs_ind_0,Regulation Of Transport (GO:0051049),8/44,0.013207990679747234,0.10214179459004527,2.965052313666271,12.82958352706284,PLD1;ICA1L;FES;MYO6;LYSET;VAMP2;WWC1;TMEM102,EXPLORATORY -- NOT FDR-CORRECTED,GM12878-origin,0.05
gs_ind_0,Mitotic Spindle Assembly (GO:0090307),8/44,0.013207990679747234,0.10214179459004527,2.965052313666271,12.82958352706284,ABRAXAS2;MAP10;PIBF1;KIFC2;MZT1;OFD1;SPICE1;STAG1,EXPLORATORY -- NOT FDR-CORRECTED,GM12878-origin,0.05
gs_ind_0,T Cell Differentiation (GO:0030217),8/44,0.013207990679747234,0.10214179459004527,2.965052313666271,12.82958352706284,PTPN22;LIG4;PTPRC;RABL3;MR1;PIK3R3;SOX4;PIK3R1,EXPLORATORY -- NOT FDR-CORRECTED,GM12878-origin,0.05
gs_ind_0,Positive Regulation Of Proteasomal Protein Catabolic Process (GO:1901800),13/90,0.013441860083725268,0.10376833493705952,2.219152349651875,9.563174201941507,RNF185;BAG2;RNFT1;ATXN3;SMAD7;ZER1;SH3RF1;RBX1;PABIR1;TRIB1;RNF19B;DDA1;DNAJB2,EXPLORATORY -- NOT FDR-CORRECTED,GM12878-origin,0.05
gs_ind_0,Axon guidance,22/182,0.013596040661845495,0.10477508258289325,1.7873548912674526,7.682009599426236,PARD6B;GNAI3;RND1;CAMK2D;CFL2;PPP3CA;PIK3R1;NCK2;NFATC4;BMPR2;SRGAP3;LIMK2;SSH1;PIK3R3;SEMA4D;RASA1;EFNA4;FES;PLXNA3;SEMA4A;SEMA7A;MYL5,EXPLORATORY -- NOT FDR-CORRECTED,GM12878-origin,0.05
gs_ind_0,Golgi Organization (GO:0007030),17/130,0.013676153621867656,0.10520852559370442,1.9649955450166308,8.43396047228783,BCAS3;YIPF4;VTI1A;UBXN2A;PI4K2B;RAB30;OPTN;PLK3;UBXN2B;COG6;ATP8B3;VCPIP1;HACE1;FAM174B;RAB43;GOLGA8A;RAB2B,EXPLORATORY -- NOT FDR-CORRECTED,GM12878-origin,0.05
gs_ind_0,Endosome Organization (GO:0007032),9/53,0.013714852804945513,0.10527086702269156,2.718452721752527,11.660193709536362,CHMP2B;SNX10;DNM1;PI4K2B;RAB22A;ALS2;EXOC8;TMCC1;PLEKHF1,EXPLORATORY -- NOT FDR-CORRECTED,GM12878-origin,0.05
gs_ind_0,Positive Regulation Of Mitotic Cell Cycle Phase Transition (GO:1901992),10/62,0.013732020993205002,0.10527086702269156,2.547065444605242,10.92187998372177,AIF1;LSM11;RRM2B;RB1;VPS4B;RAD51B;UBE2C;SASS6;MBLAC1;UBE2E2,EXPLORATORY -- NOT FDR-CORRECTED,GM12878-origin,0.05
gs_ind_0,Response To Lipid (GO:0033993),15/110,0.013844473051038314,0.10573787151113348,2.0680712595042325,8.85107445320699,GCH1;PTPN22;FOXO1;SRR;TIRAP;OVCA2;SYK;CYP27B1;HNRNPA0;VPS4B;TRIM6;ILDR1;TRIB1;PAQR8;FER,EXPLORATORY -- NOT FDR-CORRECTED,GM12878-origin,0.05
gs_ind_0,Lytic Vacuole Organization (GO:0080171),7/36,0.013945515543985815,0.10573787151113348,3.236552991627527,13.828487537011187,SNAPIN;CLN5;ZKSCAN3;TPCN2;LYSET;AKTIP;TFEB,EXPLORATORY -- NOT FDR-CORRECTED,GM12878-origin,0.05
gs_ind_0,Regulation Of Glucose Import (GO:0046324),7/36,0.013945515543985815,0.10573787151113348,3.236552991627527,13.828487537011187,APPL1;INSR;RHOQ;CAPN10;CREBL2;SELENOS;PIK3R1,EXPLORATORY -- NOT FDR-CORRECTED,GM12878-origin,0.05
gs_ind_0,Transcription By RNA Polymerase III (GO:0006383),6/28,0.013984840991604089,0.10573787151113348,3.6771514729761074,15.700632678645592,ZC3H8;SNAPC1;ELL;ZNF345;SNAPC4;POLR3GL,EXPLORATORY -- NOT FDR-CORRECTED,GM12878-origin,0.05
gs_ind_0,Membrane Fusion (GO:0061025),6/28,0.013984840991604089,0.10573787151113348,3.6771514729761074,15.700632678645592,GCA;UBXN2A;UBXN2B;VAMP2;HACE1;RABIF,EXPLORATORY -- NOT FDR-CORRECTED,GM12878-origin,0.05
gs_ind_0,Transcription Elongation By RNA Polymerase II (GO:0006368),6/28,0.013984840991604089,0.10573787151113348,3.6771514729761074,15.700632678645592,ELL3;EAF2;CTDP1;GTF2F2;PEX2;LEO1,EXPLORATORY -- NOT FDR-CORRECTED,GM12878-origin,0.05
gs_ind_0,Regulation Of Spindle Assembly (GO:0090169),6/28,0.013984840991604089,0.10573787151113348,3.6771514729761074,15.700632678645592,CHMP6;CEP97;CHMP2B;CHMP1B;VPS4B;SASS6,EXPLORATORY -- NOT FDR-CORRECTED,GM12878-origin,0.05
gs_ind_0,"Regulation Of DNA Damage Response, Signal Transduction By P53 Class Mediator (GO:0043516)",6/28,0.013984840991604089,0.10573787151113348,3.6771514729761074,15.700632678645592,HIC1;SPRED1;SIRT1;PMAIP1;SOX4;YJU2,EXPLORATORY -- NOT FDR-CORRECTED,GM12878-origin,0.05
gs_ind_0,Spindle Assembly (GO:0051225),12/81,0.014194452116898397,0.10713894680015092,2.2910167441268223,9.74805650730524,ABRAXAS2;HAUS3;CEP63;KIFC2;PIBF1;SPICE1;MZT1;OFD1;HAUS5;GOLGA8A;STARD9;STAG1,EXPLORATORY -- NOT FDR-CORRECTED,GM12878-origin,0.05
gs_ind_0,Negative Regulation Of Cell Migration (GO:0030336),20/162,0.014560599395239732,0.10971473869096877,1.833833413991504,7.756081187150174,SAP30L;DAG1;ING2;DUSP10;PTPRJ;SRGAP3;TRIB1;RNF20;HMOX1;ARHGDIB;DUSP22;FUZ;TP53INP1;SMAD7;DNAI3;KANK1;BRMS1L;SAP30;MACIR;RAP2A,EXPLORATORY -- NOT FDR-CORRECTED,GM12878-origin,0.05
gs_ind_0,Positive Regulation Of Protein Localization To Nucleus (GO:1900182),11/72,0.01483643275210349,0.1116023815209423,2.3816273501322756,10.028245526213022,BAG3;EIF2AK3;PINX1;LIMK2;ZC3H12A;DTX3L;PARP9;TESK1;EFCAB7;HCLS1;PIK3R1,EXPLORATORY -- NOT FDR-CORRECTED,GM12878-origin,0.05
gs_ind_0,Negative Regulation Of Inflammatory Response (GO:0050728),15/111,0.014960438484951108,0.1121524027919464,2.046588730882882,8.600473959449754,RB1;TNFAIP3;GHRL;CYLD;SYK;PTPN6;RHBDF2;NR1D1;PPARD;ALOX5;MACIR;SELENOS;MAPK7;FGR;TNFAIP8L2,EXPLORATORY -- NOT FDR-CORRECTED,GM12878-origin,0.05
gs_ind_0,Protein Deubiquitination (GO:0016579),15/111,0.014960438484951108,0.1121524027919464,2.046588730882882,8.600473959449754,OTUD7B;ABRAXAS2;OTUD3;ATXN3;USP42;TNFAIP3;CYLD;ZC3H12A;USP51;USP40;VCPIP1;USP49;USP46;SPATA2;MINDY1,EXPLORATORY -- NOT FDR-CORRECTED,GM12878-origin,0.05
gs_ind_0,Positive Regulation Of Innate Immune Response (GO:0045089),8/45,0.015063647438513218,0.11235288986288709,2.8859114039316514,12.107757292496455,IFI35;RNF185;TRIM56;IKBKE;TIRAP;CCL5;TRIM6;POLR3F,EXPLORATORY -- NOT FDR-CORRECTED,GM12878-origin,0.05
gs_ind_0,B Cell Receptor Signaling Pathway (GO:0050853),8/45,0.015063647438513218,0.11235288986288709,2.8859114039316514,12.107757292496455,BCL2;BCAR1;SH2B2;PTPRC;SYK;CD79A;TEC;NCKAP1L,EXPLORATORY -- NOT FDR-CORRECTED,GM12878-origin,0.05
gs_ind_0,Hexose Metabolic Process (GO:0019318),8/45,0.015063647438513218,0.11235288986288709,2.8859114039316514,12.107757292496455,H6PD;FUOM;GHRL;PPARD;GDPGP1;KHK;GALT;FUCA1,EXPLORATORY -- NOT FDR-CORRECTED,GM12878-origin,0.05
gs_ind_0,Regulation Of Phosphorylation (GO:0042325),12/82,0.015556578725726876,0.11322207795229856,2.2584629956123083,9.40259498625231,ANG;GLMN;BCL10;SOCS1;SIRT1;TESK1;CCDC88C;CCL5;KDM4D;ATG14;FER;NCKAP1L,EXPLORATORY -- NOT FDR-CORRECTED,GM12878-origin,0.05
gs_ind_0,Regulation Of Transferase Activity (GO:0051338),5/21,0.01560023750036515,0.11322207795229856,4.242146947075507,17.6493214626049,PPP1R3F;HPF1;PINX1;MARCHF6-DT;KAT2B,EXPLORATORY -- NOT FDR-CORRECTED,GM12878-origin,0.05
gs_ind_0,Negative Regulation Of Double-Strand Break Repair Via Homologous Recombination (GO:2000042),5/21,0.01560023750036515,0.11322207795229856,4.242146947075507,17.6493214626049,HELB;RADX;SHLD1;TRAPPC13;MAGEF1,EXPLORATORY -- NOT FDR-CORRECTED,GM12878-origin,0.05
gs_ind_0,Negative Regulation Of GTPase Activity (GO:0034260),5/21,0.01560023750036515,0.11322207795229856,4.242146947075507,17.6493214626049,BCAS3;GMIP;FICD;LRCH1;CPEB2,EXPLORATORY -- NOT FDR-CORRECTED,GM12878-origin,0.05
gs_ind_0,Phagolysosome Assembly (GO:0001845),4/14,0.015616838338248078,0.11322207795229856,5.453263635738359,22.68233512034898,RAB34;RAB20;CORO1A;RAB39A,EXPLORATORY -- NOT FDR-CORRECTED,GM12878-origin,0.05
gs_ind_0,Primary Alcohol Metabolic Process (GO:0034308),4/14,0.015616838338248078,0.11322207795229856,5.453263635738359,22.68233512034898,THTPA;ALDH3A2;PECR;NAPEPLD,EXPLORATORY -- NOT FDR-CORRECTED,GM12878-origin,0.05
gs_ind_0,Negative Regulation Of Peptidyl-Threonine Phosphorylation (GO:0010801),4/14,0.015616838338248078,0.11322207795229856,5.453263635738359,22.68233512034898,SMAD7;DGKQ;SPRY2;SPRED1,EXPLORATORY -- NOT FDR-CORRECTED,GM12878-origin,0.05
gs_ind_0,Negative Regulation Of Single Stranded Viral RNA Replication Via Double Stranded DNA Intermediate (GO:0045869),4/14,0.015616838338248078,0.11322207795229856,5.453263635738359,22.68233512034898,APOBEC3G;APOBEC3D;MPHOSPH8;APOBEC3F,EXPLORATORY -- NOT FDR-CORRECTED,GM12878-origin,0.05
gs_ind_0,Negative Regulation Of Fatty Acid Biosynthetic Process (GO:0045717),4/14,0.015616838338248078,0.11322207795229856,5.453263635738359,22.68233512034898,DCAF5;SIRT1;ERLIN1;PIBF1,EXPLORATORY -- NOT FDR-CORRECTED,GM12878-origin,0.05
gs_ind_0,Photoreceptor Cell Development (GO:0042461),4/14,0.015616838338248078,0.11322207795229856,5.453263635738359,22.68233512034898,CEP290;CFAP418;DZANK1;ARL3,EXPLORATORY -- NOT FDR-CORRECTED,GM12878-origin,0.05
gs_ind_0,Regulation Of Nuclear-Transcribed mRNA poly(A) Tail Shortening (GO:0060211),4/14,0.015616838338248078,0.11322207795229856,5.453263635738359,22.68233512034898,TENT4A;CPEB3;TENT4B;ZFP36,EXPLORATORY -- NOT FDR-CORRECTED,GM12878-origin,0.05
gs_ind_0,Positive Regulation Of Type I Interferon-Mediated Signaling Pathway (GO:0060340),4/14,0.015616838338248078,0.11322207795229856,5.453263635738359,22.68233512034898,RNF185;TRIM56;IKBKE;TRIM6,EXPLORATORY -- NOT FDR-CORRECTED,GM12878-origin,0.05
gs_ind_0,Positive Regulation Of Telomere Maintenance In Response To DNA Damage (GO:1904507),4/14,0.015616838338248078,0.11322207795229856,5.453263635738359,22.68233512034898,TFPT;INO80B;INO80D;INO80C,EXPLORATORY -- NOT FDR-CORRECTED,GM12878-origin,0.05
gs_ind_0,Mitotic intra-S DNA Damage Checkpoint Signaling (GO:0031573),4/14,0.015616838338248078,0.11322207795229856,5.453263635738359,22.68233512034898,RAD9B;NEK11;EME1;EME2,EXPLORATORY -- NOT FDR-CORRECTED,GM12878-origin,0.05
gs_ind_0,Lipoprotein Biosynthetic Process (GO:0042158),4/14,0.015616838338248078,0.11322207795229856,5.453263635738359,22.68233512034898,PORCN;ATG10;ATG16L2;WIPI1,EXPLORATORY -- NOT FDR-CORRECTED,GM12878-origin,0.05
gs_ind_0,Positive Regulation Of Protein-Containing Complex Disassembly (GO:0043243),4/14,0.015616838338248078,0.11322207795229856,5.453263635738359,22.68233512034898,UVRAG;FYCO1;INSR;SMCR8,EXPLORATORY -- NOT FDR-CORRECTED,GM12878-origin,0.05
gs_ind_0,Ubiquinone Metabolic Process (GO:0006743),4/14,0.015616838338248078,0.11322207795229856,5.453263635738359,22.68233512034898,COQ2;COQ6;COQ7;COQ3,EXPLORATORY -- NOT FDR-CORRECTED,GM12878-origin,0.05
gs_ind_0,Small cell lung cancer,13/92,0.015972657004701688,0.11358155470910479,2.163215291127247,8.948955488401149,BCL2;E2F1;NFKB1;TP53;RB1;DDB2;E2F2;GADD45B;FHIT;TRAF5;PIK3R3;CCNE2;PIK3R1,EXPLORATORY -- NOT FDR-CORRECTED,GM12878-origin,0.05
gs_ind_0,B Cell Activation (GO:0042113),13/92,0.015972657004701688,0.11358155470910479,2.163215291127247,8.948955488401149,BCL2;CR2;FCRLA;PTPRC;CD79A;CD70;MALT1;AKAP17A;RABL3;PIK3R3;PTPRJ;DNAJB9;PIK3R1,EXPLORATORY -- NOT FDR-CORRECTED,GM12878-origin,0.05
gs_ind_0,Positive Regulation Of Exocytosis (GO:0045921),7/37,0.016144124174645582,0.11358155470910479,3.1303574955559945,12.916478355063198,EXPH5;RAB3D;VPS4B;RAB9A;SDC1;RAB3A;RAB2B,EXPLORATORY -- NOT FDR-CORRECTED,GM12878-origin,0.05
gs_ind_0,Primary immunodeficiency,7/37,0.016144124174645582,0.11358155470910479,3.1303574955559945,12.916478355063198,DCLRE1C;PTPRC;CD79A;TNFRSF13C;RFXAP;TAP2;ADA,EXPLORATORY -- NOT FDR-CORRECTED,GM12878-origin,0.05
gs_ind_0,Axoneme Assembly (GO:0035082),7/37,0.016144124174645582,0.11358155470910479,3.1303574955559945,12.916478355063198,TOGARAM1;SPAG1;STK36;SPAG16;DNAAF10;DNAAF2;TTC12,EXPLORATORY -- NOT FDR-CORRECTED,GM12878-origin,0.05
gs_ind_0,Small GTPase Mediated Signal Transduction (GO:0007264),15/112,0.016144552453981664,0.11358155470910479,2.0255468695153023,8.357755984028637,PLD1;ARHGAP31;RGL1;TP53;ARL3;RB1;SOS2;ARHGAP33;RALGPS1;RASGRP4;DOK2;RRAGC;CCDC88C;DOK4;DOK3,EXPLORATORY -- NOT FDR-CORRECTED,GM12878-origin,0.05
gs_ind_0,Cellular Response To Reactive Oxygen Species (GO:0034614),11/73,0.016351199341817953,0.11358155470910479,2.343462119993566,9.6397237018497,PEX12;TNFAIP3;MAP3K5;FXN;SIRT1;PDK2;PEX2;PEX10;PJVK;MAPK7;FER,EXPLORATORY -- NOT FDR-CORRECTED,GM12878-origin,0.05
gs_ind_0,Regulation Of Toll-Like Receptor 3 Signaling Pathway (GO:0034139),3/8,0.01641915360678627,0.11358155470910479,8.095693012266091,33.26768572076416,TNFAIP3;TIRAP;PTPN22,EXPLORATORY -- NOT FDR-CORRECTED,GM12878-origin,0.05
gs_ind_0,p38MAPK Cascade (GO:0038066),3/8,0.01641915360678627,0.11358155470910479,8.095693012266091,33.26768572076416,ZFP36;MAP2K3;MAP2K6,EXPLORATORY -- NOT FDR-CORRECTED,GM12878-origin,0.05
gs_ind_0,"Regulation Of CD8-positive, Alpha-Beta T Cell Proliferation (GO:2000564)",3/8,0.01641915360678627,0.11358155470910479,8.095693012266091,33.26768572076416,SH3RF1;VSIR;PTPN22,EXPLORATORY -- NOT FDR-CORRECTED,GM12878-origin,0.05
gs_ind_0,Ribonucleoside Bisphosphate Catabolic Process (GO:0034031),3/8,0.01641915360678627,0.11358155470910479,8.095693012266091,33.26768572076416,MLYCD;NUDT8;FITM2,EXPLORATORY -- NOT FDR-CORRECTED,GM12878-origin,0.05
gs_ind_0,Purine Nucleoside Bisphosphate Catabolic Process (GO:0034034),3/8,0.01641915360678627,0.11358155470910479,8.095693012266091,33.26768572076416,MLYCD;NUDT8;FITM2,EXPLORATORY -- NOT FDR-CORRECTED,GM12878-origin,0.05
gs_ind_0,Regulation Of Organ Growth (GO:0046620),3/8,0.01641915360678627,0.11358155470910479,8.095693012266091,33.26768572076416,LATS2;WWC3;WWC1,EXPLORATORY -- NOT FDR-CORRECTED,GM12878-origin,0.05
gs_ind_0,Protein poly-ADP-ribosylation (GO:0070212),3/8,0.01641915360678627,0.11358155470910479,8.095693012266091,33.26768572076416,PARP2;PARP9;PARP3,EXPLORATORY -- NOT FDR-CORRECTED,GM12878-origin,0.05
gs_ind_0,Box C/D snoRNP Assembly (GO:0000492),3/8,0.01641915360678627,0.11358155470910479,8.095693012266091,33.26768572076416,NUFIP1;PIH1D2;ZNHIT6,EXPLORATORY -- NOT FDR-CORRECTED,GM12878-origin,0.05
gs_ind_0,Regulation Of Mitochondrial Gene Expression (GO:0062125),3/8,0.01641915360678627,0.11358155470910479,8.095693012266091,33.26768572076416,METTL4;NSUN3;MTRES1,EXPLORATORY -- NOT FDR-CORRECTED,GM12878-origin,0.05
gs_ind_0,Glucosamine-Containing Compound Catabolic Process (GO:1901072),3/8,0.01641915360678627,0.11358155470910479,8.095693012266091,33.26768572076416,GNPDA2;CHIT1;CTBS,EXPLORATORY -- NOT FDR-CORRECTED,GM12878-origin,0.05
gs_ind_0,Regulation Of Epidermis Development (GO:0045682),3/8,0.01641915360678627,0.11358155470910479,8.095693012266091,33.26768572076416,SGPP1;MAFF;TMEM79,EXPLORATORY -- NOT FDR-CORRECTED,GM12878-origin,0.05
gs_ind_0,Kynurenine Metabolic Process (GO:0070189),3/8,0.01641915360678627,0.11358155470910479,8.095693012266091,33.26768572076416,KYAT1;KYNU;KMO,EXPLORATORY -- NOT FDR-CORRECTED,GM12878-origin,0.05
gs_ind_0,Positive Regulation Of Monocyte Chemotactic Protein-1 Production (GO:0071639),3/8,0.01641915360678627,0.11358155470910479,8.095693012266091,33.26768572076416,CD84;SYK;OAS3,EXPLORATORY -- NOT FDR-CORRECTED,GM12878-origin,0.05
gs_ind_0,Negative Regulation Of Membrane Potential (GO:0045837),3/8,0.01641915360678627,0.11358155470910479,8.095693012266091,33.26768572076416,HEBP2;PMAIP1;RNF122,EXPLORATORY -- NOT FDR-CORRECTED,GM12878-origin,0.05
gs_ind_0,Negative Regulation Of Cytoplasmic Translation (GO:2000766),3/8,0.01641915360678627,0.11358155470910479,8.095693012266091,33.26768572076416,CPEB3;UNK;CPEB2,EXPLORATORY -- NOT FDR-CORRECTED,GM12878-origin,0.05
gs_ind_0,Regulation Of Helicase Activity (GO:0051095),3/8,0.01641915360678627,0.11358155470910479,8.095693012266091,33.26768572076416,IFIT1;SIRT1;TP53,EXPLORATORY -- NOT FDR-CORRECTED,GM12878-origin,0.05
gs_ind_0,Regulation Of Mast Cell Activation Involved In Immune Response (GO:0033006),3/8,0.01641915360678627,0.11358155470910479,8.095693012266091,33.26768572076416,SPHK2;FES;FER,EXPLORATORY -- NOT FDR-CORRECTED,GM12878-origin,0.05
gs_ind_0,Epithelial Cilium Movement Involved In Determination Of Left/Right Asymmetry (GO:0060287),3/8,0.01641915360678627,0.11358155470910479,8.095693012266091,33.26768572076416,RFX3;NPHP3;OFD1,EXPLORATORY -- NOT FDR-CORRECTED,GM12878-origin,0.05
gs_ind_0,UV Response Dn,18/143,0.01645504761211012,0.11358155470910479,1.8786919065636536,7.716018745217872,ERBB2;PIK3R3;ANXA4;VAV2;TOGARAM1;NFKB1;SMAD7;FZD2;TENT4A;ATXN1;SFMBT1;SIPA1L1;GRK5;DBP;MRPS31;DMAC2L;MGLL;RASA2,EXPLORATORY -- NOT FDR-CORRECTED,GM12878-origin,0.05
gs_ind_0,Positive Regulation Of Protein Phosphorylation (GO:0001934),39/375,0.016477103944436217,0.11358155470910479,1.4981857550478699,6.15122635521342,MAP3K12;INSR;NIBAN1;PTPRC;MAP3K5;TGFB3;SPRY2;TESK1;HCLS1;PTPRJ;ERBB2;CD80;BMPR2;SH2D3C;LIMK2;BCAR3;CAMKK1;SIRT1;ALS2;PIK3R3;WDFY2;AGAP2;SEMA4D;SH2D3A;HFE;TP53;TNFRSF14;S1PR2;DGKQ;MMD;MOB3C;MAP2K3;CREBL2;DDR2;TRIM6;PLAUR;AKTIP;ATG14;RAP2A,EXPLORATORY -- NOT FDR-CORRECTED,GM12878-origin,0.05
gs_ind_0,Phospholipid Translocation (GO:0045332),6/29,0.016570575521526174,0.11358155470910479,3.5205881046506464,14.434857341816445,ATP11A;ATP8A1;ATP8B3;SLC66A2;ATP10D;PLSCR3,EXPLORATORY -- NOT FDR-CORRECTED,GM12878-origin,0.05
gs_ind_0,Protein Acetylation (GO:0006473),6/29,0.016570575521526174,0.11358155470910479,3.5205881046506464,14.434857341816445,FOXO1;NAA80;KAT2B;DSCC1;SIRT1;ING4,EXPLORATORY -- NOT FDR-CORRECTED,GM12878-origin,0.05
gs_ind_0,Chondrocyte Differentiation (GO:0002062),6/29,0.016570575521526174,0.11358155470910479,3.5205881046506464,14.434857341816445,WNT2B;BMPR2;EIF2AK3;GPLD1;SLC26A2;OSR2,EXPLORATORY -- NOT FDR-CORRECTED,GM12878-origin,0.05
gs_ind_0,Intrinsic Apoptotic Signaling Pathway In Response To Endoplasmic Reticulum Stress (GO:0070059),6/29,0.016570575521526174,0.11358155470910479,3.5205881046506464,14.434857341816445,BCL2;BBC3;MAP3K5;TMEM117;ERN1;CHAC1,EXPLORATORY -- NOT FDR-CORRECTED,GM12878-origin,0.05
gs_ind_0,Positive Regulation Of B Cell Proliferation (GO:0030890),6/29,0.016570575521526174,0.11358155470910479,3.5205881046506464,14.434857341816445,BCL2;TIRAP;PTPRC;TNFRSF13C;IL7;NCKAP1L,EXPLORATORY -- NOT FDR-CORRECTED,GM12878-origin,0.05
gs_ind_0,Peptidyl-Tyrosine Dephosphorylation (GO:0035335),6/29,0.016570575521526174,0.11358155470910479,3.5205881046506464,14.434857341816445,DUSP18;PTPN22;DUSP10;PTPN6;DUSP22;PTPRJ,EXPLORATORY -- NOT FDR-CORRECTED,GM12878-origin,0.05
gs_ind_0,Circadian rhythm,6/29,0.016570575521526174,0.11358155470910479,3.5205881046506464,14.434857341816445,NR1D1;RBX1;FBXL3;BTRC;PRKAB2;PER2,EXPLORATORY -- NOT FDR-CORRECTED,GM12878-origin,0.05
gs_ind_0,Regulation Of Establishment Of Planar Polarity (GO:0090175),6/29,0.016570575521526174,0.11358155470910479,3.5205881046506464,14.434857341816445,SMURF1;DAAM1;FZD2;VANGL1;SMURF2;NPHP3,EXPLORATORY -- NOT FDR-CORRECTED,GM12878-origin,0.05
gs_ind_0,Positive Regulation Of Signal Transduction (GO:0009967),29/262,0.01659403839216504,0.11358155470910479,1.6114524478724779,6.604879132818364,POGLUT1;MBD5;PTPRC;CDKN2AIP;EVC;ERN1;DLL1;PIK3R1;TEDC2;ARMC9;TXNDC15;CD80;TNFAIP3;STK36;SIRT1;PDCL;TTC23;TEDC1;IL7;DLG4;RAB34;CYP27B1;CTSS;LANCL2;DSTYK;GHRL;KANK1;CRADD;LOXL3,EXPLORATORY -- NOT FDR-CORRECTED,GM12878-origin,0.05
gs_ind_0,Positive Regulation Of Ubiquitin-Dependent Protein Catabolic Process (GO:2000060),12/83,0.01701524094181154,0.11628400321163607,2.2268198414618365,9.071275318079405,BAG2;SMURF1;SMAD7;ZER1;SH3RF1;RBX1;PABIR1;TRIB1;RNF19B;DDA1;DNAJB2;MAGEF1,EXPLORATORY -- NOT FDR-CORRECTED,GM12878-origin,0.05
gs_ind_0,Response To Glucose (GO:0009749),8/46,0.017101130415988517,0.11650971077848127,2.8108817102871417,11.436383435122062,GPLD1;VAMP2;ERN1;KLRG1;KHK;SOX4;ZBTB20;SELENOS,EXPLORATORY -- NOT FDR-CORRECTED,GM12878-origin,0.05
gs_ind_0,Regulation Of Fibroblast Proliferation (GO:0048145),8/46,0.017101130415988517,0.11650971077848127,2.8108817102871417,11.436383435122062,E2F1;TP53;B4GALT7;TRIM32;LIG4;MED9;DDR2;PEX2,EXPLORATORY -- NOT FDR-CORRECTED,GM12878-origin,0.05
gs_ind_0,Enzyme-Linked Receptor Protein Signaling Pathway (GO:0007167),16/123,0.017181845112463914,0.11687897107367429,1.9557836051569684,7.948112844580758,MST1R;ERBB2;BCAR1;INSR;BMPR2;TRIO;SYK;FRS2;RASGRP4;SAMD12;DOK2;SAMD10;DDR2;FGR;DOK4;DOK3,EXPLORATORY -- NOT FDR-CORRECTED,GM12878-origin,0.05
gs_ind_0,Regulation Of Cell Adhesion (GO:0030155),18/144,0.01756391178832872,0.11911034332762001,1.8637934341345734,7.533283359761027,ERBB2;FES;ATXN3;PLXNA3;CYTH1;RASA1;PLAUR;ADAM8;RND1;ZDHHC2;LPXN;ADAM22;CCL5;PPP3CA;TMEM102;DLL1;SEMA4D;PTPRJ,EXPLORATORY -- NOT FDR-CORRECTED,GM12878-origin,0.05
gs_ind_0,Ras Protein Signal Transduction (GO:0007265),18/144,0.01756391178832872,0.11911034332762001,1.8637934341345734,7.533283359761027,AIF1;PLD1;WAS;RGL1;EPS8;TP53;GARRE1;RB1;SOS2;RALGPS1;RASGRP4;ARHGDIB;DOK4;DOK2;NKIRAS1;HACE1;RAP2A;DOK3,EXPLORATORY -- NOT FDR-CORRECTED,GM12878-origin,0.05
gs_ind_0,Positive Regulation Of Double-Strand Break Repair (GO:2000781),12/84,0.018574367192980334,0.12502011931255164,2.1960496019086193,8.753393885418749,WAS;HELQ;MBTD1;BCL7C;SETMAR;SIRT1;SHLD1;TRAPPC13;KDM4D;ZCWPW1;SLF2;PARP3,EXPLORATORY -- NOT FDR-CORRECTED,GM12878-origin,0.05
gs_ind_0,Membrane Fission (GO:0090148),7/38,0.01857717290147943,0.12502011931255164,3.0309045706636066,12.080645254840034,CHMP6;CHMP2B;CHMP1B;VPS37C;VPS4B;EXOC8;TMCC1,EXPLORATORY -- NOT FDR-CORRECTED,GM12878-origin,0.05
gs_ind_0,Regulation Of Protein Import Into Nucleus (GO:0042306),7/38,0.01857717290147943,0.12502011931255164,3.0309045706636066,12.080645254840034,BAG3;ZC3H12A;RAB23;SUFU;EFCAB7;HCLS1;PIK3R1,EXPLORATORY -- NOT FDR-CORRECTED,GM12878-origin,0.05
gs_ind_0,RNA 3'-End Processing (GO:0031123),7/38,0.01857717290147943,0.12502011931255164,3.0309045706636066,12.080645254840034,TENT4A;PTCD1;INTS6L;TENT4B;HEXIM1;MBLAC1;ELAC1,EXPLORATORY -- NOT FDR-CORRECTED,GM12878-origin,0.05
gs_ind_0,Regulation Of Telomere Maintenance (GO:0032204),7/38,0.01857717290147943,0.12502011931255164,3.0309045706636066,12.080645254840034,NSMCE3;TINF2;TERF1;PIF1;SLF2;SLX4;ERCC4,EXPLORATORY -- NOT FDR-CORRECTED,GM12878-origin,0.05
gs_ind_0,Positive Regulation Of Protein Kinase Activity (GO:0045860),18/145,0.018729741774426323,0.12585472826474273,1.8491286632337927,7.355172850115522,MAP3K12;INSR;ETAA1;CAB39L;IL23A;CAMKK1;MAP2K3;SLC27A1;MAP3K5;PTPRC;SYAP1;ALS2;DDR2;MMD;CCL5;BORA;AGAP2;DLG4,EXPLORATORY -- NOT FDR-CORRECTED,GM12878-origin,0.05
gs_ind_0,Oligosaccharide Biosynthetic Process (GO:0009312),5/22,0.019002939317511573,0.12634231751371194,3.9996376396119535,15.851210350656753,ST6GALNAC6;B3GALT4;FUT4;FUT8;ST3GAL3,EXPLORATORY -- NOT FDR-CORRECTED,GM12878-origin,0.05
gs_ind_0,Inositol Phosphate Metabolic Process (GO:0043647),5/22,0.019002939317511573,0.12634231751371194,3.9996376396119535,15.851210350656753,MINPP1;SYNJ1;IPMK;INPP5A;ITPKC,EXPLORATORY -- NOT FDR-CORRECTED,GM12878-origin,0.05
gs_ind_0,Regulation Of Regulatory T Cell Differentiation (GO:0045589),5/22,0.019002939317511573,0.12634231751371194,3.9996376396119535,15.851210350656753,IL4I1;VSIR;SOCS1;DUSP10;SOX12,EXPLORATORY -- NOT FDR-CORRECTED,GM12878-origin,0.05
gs_ind_0,Fc Receptor Mediated Stimulatory Signaling Pathway (GO:0002431),5/22,0.019002939317511573,0.12634231751371194,3.9996376396119535,15.851210350656753,VAV2;MYO1G;SYK;VAV1;FGR,EXPLORATORY -- NOT FDR-CORRECTED,GM12878-origin,0.05
gs_ind_0,Cellular Response To Topologically Incorrect Protein (GO:0035967),5/22,0.019002939317511573,0.12634231751371194,3.9996376396119535,15.851210350656753,UBE2W;BAG3;OPTN;ERN1;DNAJB14,EXPLORATORY -- NOT FDR-CORRECTED,GM12878-origin,0.05
gs_ind_0,Lipid Translocation (GO:0034204),5/22,0.019002939317511573,0.12634231751371194,3.9996376396119535,15.851210350656753,ATP11A;ATP8A1;ATP8B3;ATP10D;SLC66A2,EXPLORATORY -- NOT FDR-CORRECTED,GM12878-origin,0.05
gs_ind_0,Placenta Development (GO:0001890),5/22,0.019002939317511573,0.12634231751371194,3.9996376396119535,15.851210350656753,ANG;ITGB8;E2F7;E2F8;TFEB,EXPLORATORY -- NOT FDR-CORRECTED,GM12878-origin,0.05
gs_ind_0,Negative Regulation Of Programmed Cell Death (GO:0043069),39/379,0.01921013461528809,0.12712962761224075,1.4804352898639326,5.851149999758764,ANXA4;NFKB1;ZNF830;SPRY2;IFI6;PIK3R1;BCL2;ERBB2;AIFM2;FCMR;SH3RF1;SIRT1;TMBIM4;IL7;PIM3;SEMA4D;NCKAP1L;BCL2L2;ATF5;BAG3;TP53;FOXO1;FXN;RASA1;TMEM14A;IFIT3;GRK5;NOL3;IER3;MAPK8IP3;EVI2B;DSTYK;GHRL;DDAH2;PLK3;MALT1;BCL3;PLAUR;BNIP1,EXPLORATORY -- NOT FDR-CORRECTED,GM12878-origin,0.05
gs_ind_0,Hepatitis C,19/156,0.019279856233725426,0.12712962761224075,1.807455688965123,7.137090241464177,NFKB1;IKBKE;RB1;PIK3R1;E2F1;TRADD;PIK3R3;TP53;SOS2;IRF9;MX1;IRF7;IFIT1;BAD;EIF2AK3;TICAM1;OAS3;E2F2;RNASEL,EXPLORATORY -- NOT FDR-CORRECTED,GM12878-origin,0.05
gs_ind_0,post-Golgi Vesicle-Mediated Transport (GO:0006892),9/56,0.019296151390848497,0.12712962761224075,2.546568075872046,10.053467792189958,RP2;VTI1A;ARL3;KIF16B;CCDC93;COMMD1;EXOC8;DOP1B;RABIF,EXPLORATORY -- NOT FDR-CORRECTED,GM12878-origin,0.05
gs_ind_0,Regulation Of Interleukin-2 Production (GO:0032663),8/47,0.019329328721074117,0.12712962761224075,2.739650988472734,10.811023650016399,HAVCR2;CD80;GLMN;TNFAIP3;PTPRC;CARD11;MALT1;ZFP36,EXPLORATORY -- NOT FDR-CORRECTED,GM12878-origin,0.05
gs_ind_0,Other types of O-glycan biosynthesis,8/47,0.019329328721074117,0.12712962761224075,2.739650988472734,10.811023650016399,GALNT6;C1GALT1C1;GXYLT1;POGLUT1;GALNT4;POMT1;EOGT;ST3GAL3,EXPLORATORY -- NOT FDR-CORRECTED,GM12878-origin,0.05
gs_ind_0,Cellular Response To Radiation (GO:0071478),8/47,0.019329328721074117,0.12712962761224075,2.739650988472734,10.811023650016399,NSMCE3;TP53;LIG4;SIRT1;RAD9B;BRCA2;KDM4D;ERCC4,EXPLORATORY -- NOT FDR-CORRECTED,GM12878-origin,0.05
gs_ind_0,Positive Regulation Of Developmental Process (GO:0051094),26/232,0.01941411780589365,0.12712962761224075,1.6363800376560866,6.450208795433827,MIEF2;PPP1R13L;CPEB3;SAP30L;DAG1;INSR;TMEM79;ING2;SHLD1;NCOA2;SMURF2;TLE6;BMPR2;BICRA;SIRT1;BCL7C;TRAPPC13;DLG4;ZDHHC6;DDHD1;PACSIN1;UTP25;BRMS1L;SAP30;PAXIP1;PLD6,EXPLORATORY -- NOT FDR-CORRECTED,GM12878-origin,0.05
gs_ind_0,Positive Regulation Of G1/S Transition Of Mitotic Cell Cycle (GO:1900087),6/30,0.019467445244614908,0.12712962761224075,3.376805419453794,13.30127599903146,AIF1;LSM11;MTBP;SASS6;MBLAC1;UBE2E2,EXPLORATORY -- NOT FDR-CORRECTED,GM12878-origin,0.05
gs_ind_0,Positive Regulation Of JUN Kinase Activity (GO:0043507),6/30,0.019467445244614908,0.12712962761224075,3.376805419453794,13.30127599903146,MAP3K12;MAP3K5;TLR6;ERN1;MAP4K2;MAP3K10,EXPLORATORY -- NOT FDR-CORRECTED,GM12878-origin,0.05
gs_ind_0,Regulation Of Arp2/3 Complex-Mediated Actin Nucleation (GO:0034315),6/30,0.019467445244614908,0.12712962761224075,3.376805419453794,13.30127599903146,CARMIL3;DNAI3;PICK1;CARMIL2;GMFB;CARMIL1,EXPLORATORY -- NOT FDR-CORRECTED,GM12878-origin,0.05
gs_ind_0,Regulation Of Gluconeogenesis (GO:0006111),6/30,0.019467445244614908,0.12712962761224075,3.376805419453794,13.30127599903146,FOXO1;SIRT1;DGKQ;PDK2;SELENOS;MST1,EXPLORATORY -- NOT FDR-CORRECTED,GM12878-origin,0.05
gs_ind_0,Negative Regulation Of Peptidyl-Tyrosine Phosphorylation (GO:0050732),6/30,0.019467445244614908,0.12712962761224075,3.376805419453794,13.30127599903146,MVP;PIBF1;SOCS1;PTPRC;PTPN6;SEMA4D,EXPLORATORY -- NOT FDR-CORRECTED,GM12878-origin,0.05
gs_ind_0,Negative Regulation Of Epithelial Cell Differentiation (GO:0030857),4/15,0.020088469400262238,0.1274100332609438,4.978941198635155,19.4557568831583,ZEB1;DLL1;SPRY2;SPRED1,EXPLORATORY -- NOT FDR-CORRECTED,GM12878-origin,0.05
gs_ind_0,tRNA Wobble Base Modification (GO:0002097),4/15,0.020088469400262238,0.1274100332609438,4.978941198635155,19.4557568831583,ALKBH8;CTU1;ALKBH1;MOCS3,EXPLORATORY -- NOT FDR-CORRECTED,GM12878-origin,0.05
gs_ind_0,Negative Regulation Of Macrophage Activation (GO:0043031),4/15,0.020088469400262238,0.1274100332609438,4.978941198635155,19.4557568831583,PTPRC;SYT11;ZC3H12A;NR1D1,EXPLORATORY -- NOT FDR-CORRECTED,GM12878-origin,0.05
gs_ind_0,Cellular Response To Estrogen Stimulus (GO:0071391),4/15,0.020088469400262238,0.1274100332609438,4.978941198635155,19.4557568831583,BCAS3;ESR2;ARID5A;SFR1,EXPLORATORY -- NOT FDR-CORRECTED,GM12878-origin,0.05
gs_ind_0,Protein Localization To Microtubule Organizing Center (GO:1905508),4/15,0.020088469400262238,0.1274100332609438,4.978941198635155,19.4557568831583,SNX10;CEP83;KIAA0753;PIBF1,EXPLORATORY -- NOT FDR-CORRECTED,GM12878-origin,0.05
gs_ind_0,Regulation Of Telomere Maintenance In Response To DNA Damage (GO:1904505),4/15,0.020088469400262238,0.1274100332609438,4.978941198635155,19.4557568831583,TFPT;INO80B;INO80D;INO80C,EXPLORATORY -- NOT FDR-CORRECTED,GM12878-origin,0.05
gs_ind_0,Regulation Of Isotype Switching (GO:0045191),4/15,0.020088469400262238,0.1274100332609438,4.978941198635155,19.4557568831583,PARP3;PAXIP1;TRAPPC13;SHLD1,EXPLORATORY -- NOT FDR-CORRECTED,GM12878-origin,0.05
gs_ind_0,DNA Double-Strand Break Processing (GO:0000729),4/15,0.020088469400262238,0.1274100332609438,4.978941198635155,19.4557568831583,HELQ;SLX4;SETMAR;EXD2,EXPLORATORY -- NOT FDR-CORRECTED,GM12878-origin,0.05
gs_ind_0,Anterograde Synaptic Vesicle Transport (GO:0048490),4/15,0.020088469400262238,0.1274100332609438,4.978941198635155,19.4557568831583,BLOC1S3;SNAPIN;BLOC1S5;BLOC1S2,EXPLORATORY -- NOT FDR-CORRECTED,GM12878-origin,0.05
gs_ind_0,Regulation Of Granulocyte Macrophage Colony-Stimulating Factor Production (GO:0032645),4/15,0.020088469400262238,0.1274100332609438,4.978941198635155,19.4557568831583,CD84;IL23A;RIGI;CD80,EXPLORATORY -- NOT FDR-CORRECTED,GM12878-origin,0.05
gs_ind_0,T Cell Homeostasis (GO:0043029),4/15,0.020088469400262238,0.1274100332609438,4.978941198635155,19.4557568831583,ZC3H8;PPP2R3C;PMAIP1;NCKAP1L,EXPLORATORY -- NOT FDR-CORRECTED,GM12878-origin,0.05
gs_ind_0,Keratan Sulfate Biosynthetic Process (GO:0018146),4/15,0.020088469400262238,0.1274100332609438,4.978941198635155,19.4557568831583,ST3GAL3;B4GALT4;B4GAT1;SLC35D2,EXPLORATORY -- NOT FDR-CORRECTED,GM12878-origin,0.05
gs_ind_0,Phagosome Maturation (GO:0090382),4/15,0.020088469400262238,0.1274100332609438,4.978941198635155,19.4557568831583,RAB43;RAB34;RAB20;RAB39A,EXPLORATORY -- NOT FDR-CORRECTED,GM12878-origin,0.05
gs_ind_0,Endosome To Lysosome Transport Via Multivesicular Body Sorting Pathway (GO:0032510),4/15,0.020088469400262238,0.1274100332609438,4.978941198635155,19.4557568831583,CHMP6;CHMP1B;CHMP2B;VPS4B,EXPLORATORY -- NOT FDR-CORRECTED,GM12878-origin,0.05
gs_ind_0,Synaptic Vesicle Transport Along Microtubule (GO:0099517),4/15,0.020088469400262238,0.1274100332609438,4.978941198635155,19.4557568831583,BLOC1S3;SNAPIN;BLOC1S5;BLOC1S2,EXPLORATORY -- NOT FDR-CORRECTED,GM12878-origin,0.05
gs_ind_0,Late Endosome To Lysosome Transport (GO:1902774),4/15,0.020088469400262238,0.1274100332609438,4.978941198635155,19.4557568831583,CHMP6;CHMP1B;CHMP2B;VPS4B,EXPLORATORY -- NOT FDR-CORRECTED,GM12878-origin,0.05
gs_ind_0,Coenzyme A Metabolic Process (GO:0015936),4/15,0.020088469400262238,0.1274100332609438,4.978941198635155,19.4557568831583,PANK1;CROT;PPCDC;NUDT8,EXPLORATORY -- NOT FDR-CORRECTED,GM12878-origin,0.05
gs_ind_0,Negative Regulation Of Telomere Maintenance (GO:0032205),4/15,0.020088469400262238,0.1274100332609438,4.978941198635155,19.4557568831583,PINX1;ERCC4;SLX4;TERF1,EXPLORATORY -- NOT FDR-CORRECTED,GM12878-origin,0.05
gs_ind_0,Positive Regulation Of Glucose Metabolic Process (GO:0010907),4/15,0.020088469400262238,0.1274100332609438,4.978941198635155,19.4557568831583,PMAIP1;GPLD1;SIRT1;FOXO1,EXPLORATORY -- NOT FDR-CORRECTED,GM12878-origin,0.05
gs_ind_0,"Positive Regulation Of DNA Damage Response, Signal Transduction By P53 Class Mediator (GO:0043517)",4/15,0.020088469400262238,0.1274100332609438,4.978941198635155,19.4557568831583,HIC1;ING4;PMAIP1;SPRED1,EXPLORATORY -- NOT FDR-CORRECTED,GM12878-origin,0.05
gs_ind_0,Positive Regulation Of Amide Metabolic Process (GO:0034250),12/85,0.02023784827261541,0.12799626456962607,2.1661166477854215,8.448289776133906,PLD1;ERBB2;CPEB3;NIBAN1;IFNGR1;PASK;UPF3B;SPHK2;SIRT3;BCL3;METTL14;SOX4,EXPLORATORY -- NOT FDR-CORRECTED,GM12878-origin,0.05
gs_ind_0,Protein Localization To Membrane (GO:0072657),22/189,0.02023897377609559,0.12799626456962607,1.7123558960644718,6.678436523606664,PALS1;RAB3D;ARL3;PICK1;ZDHHC2;TM9SF1;HPS6;RAB12;SMURF1;CACNB3;RAB34;TTC7A;EHD4;WDR19;SYNE3;RAB3A;PIGW;PLEKHF1;PACSIN1;ZFYVE27;RAP2A;TMEM88,EXPLORATORY -- NOT FDR-CORRECTED,GM12878-origin,0.05
gs_ind_0,Positive Regulation Of Stress-Activated MAPK Cascade (GO:0032874),14/105,0.02037115022532894,0.12864760772671915,2.0187759598033805,7.8603779126163955,MAPK8IP3;MAP4K2;SH3RF1;MAPKBP1;TIRAP;RELL1;ZC3H12A;MAP3K5;GADD45B;RELL2;TRAF5;PYCARD;MBIP;MAP3K10,EXPLORATORY -- NOT FDR-CORRECTED,GM12878-origin,0.05
gs_ind_0,Positive Regulation Of Intracellular Transport (GO:0032388),7/39,0.02125601104839136,0.13404362904336067,2.937571825764597,11.312928539638946,BCAS3;PGAP1;CAPN10;PLK3;VAMP2;NEDD4;CEP290,EXPLORATORY -- NOT FDR-CORRECTED,GM12878-origin,0.05
gs_ind_0,Regulation Of Transcription Initiation By RNA Polymerase II (GO:0060260),9/57,0.02147698479995859,0.13524364142602496,2.493998545001384,9.578883250420247,MED29;TAF3;TAF5;MED11;PWWP2A;PPM1D;MED9;PAXIP1;MED31,EXPLORATORY -- NOT FDR-CORRECTED,GM12878-origin,0.05
gs_ind_0,Positive Regulation Of Interleukin-6 Production (GO:0032755),11/76,0.021590034069753832,0.13576158370823807,2.2359585328089566,8.576071400177186,AIF1;TIRAP;RIGI;SYK;TLR6;IFIH1;SPHK2;PYCARD;BCL10;IL17RA;TLR1,EXPLORATORY -- NOT FDR-CORRECTED,GM12878-origin,0.05
gs_ind_0,Cytoplasmic Microtubule Organization (GO:0031122),8/48,0.021756819191646713,0.1362273565295152,2.6719378331676795,10.227718571049966,CRIPT;MAP10;CLIP2;LIMK2;PLK3;CCDC88C;KATNAL1;CCDC88B,EXPLORATORY -- NOT FDR-CORRECTED,GM12878-origin,0.05
gs_ind_0,Sphingolipid metabolism,8/48,0.021756819191646713,0.1362273565295152,2.6719378331676795,10.227718571049966,SGPL1;KDSR;SMPD1;ACER3;SPHK2;SGPP1;ARSA;CERS6,EXPLORATORY -- NOT FDR-CORRECTED,GM12878-origin,0.05
gs_ind_0,Amino sugar and nucleotide sugar metabolism,8/48,0.021756819191646713,0.1362273565295152,2.6719378331676795,10.227718571049966,CHIT1;GMPPB;CYB5RL;GMDS;GNPDA2;UAP1L1;GALT;NANP,EXPLORATORY -- NOT FDR-CORRECTED,GM12878-origin,0.05
gs_ind_0,Colorectal cancer,12/86,0.022009524789229032,0.1376141635048533,2.1369872629004303,8.155341696853263,BCL2;APPL1;BAD;TP53;SOS2;DDB2;BBC3;TGFB3;GADD45B;PMAIP1;PIK3R3;PIK3R1,EXPLORATORY -- NOT FDR-CORRECTED,GM12878-origin,0.05
gs_ind_0,Regulation Of Cell Migration (GO:0030334),43/430,0.022549513354029636,0.13941350069623556,1.4327544392192637,5.433064714085536,AIF1;FAM89B;PARD6B;DAG1;SAP30L;INSR;ULK4;ING2;CARMIL2;RIGI;DUSP10;SPRY2;PPP3CA;CARMIL1;PTPRJ;FGR;SRGAP3;TRADD;VSIR;HACE1;PIK3R3;SEMA4D;ZNF304;APPL1;BCAR1;TTBK2;RNF20;TRIM32;DUSP22;FUZ;TP53INP1;AMOT;PLXNA3;SEMA7A;DNAI3;SMAD7;SEMA4A;KANK1;BRMS1L;CCL5;SAP30;FER;RAP2A,EXPLORATORY -- NOT FDR-CORRECTED,GM12878-origin,0.05
gs_ind_0,Regulation Of Anatomical Structure Morphogenesis (GO:0022603),16/127,0.022611006406509867,0.13941350069623556,1.8854302353555692,7.144495637574599,CDK5R1;ERBB2;DAG1;POGLUT1;HMOX1;TNFAIP3;KIF13B;SIPA1L1;FITM2;BCL9L;NEDD4;BRSK1;NOL3;DLL1;SEMA4D;RAP2A,EXPLORATORY -- NOT FDR-CORRECTED,GM12878-origin,0.05
gs_ind_0,Negative Regulation Of Proteasomal Ubiquitin-Dependent Protein Catabolic Process (GO:0032435),6/31,0.022690500017874118,0.13941350069623556,3.2442998076057146,12.282299227049077,RYBP;SVIP;FHIT;STYX;CAMLG;HFE,EXPLORATORY -- NOT FDR-CORRECTED,GM12878-origin,0.05
gs_ind_0,Positive Regulation Of Glucose Transmembrane Transport (GO:0010828),6/31,0.022690500017874118,0.13941350069623556,3.2442998076057146,12.282299227049077,APPL1;INSR;RHOQ;CAPN10;CREBL2;PIK3R1,EXPLORATORY -- NOT FDR-CORRECTED,GM12878-origin,0.05
gs_ind_0,Extrinsic Apoptotic Signaling Pathway (GO:0097191),10/67,0.022828622573749315,0.13941350069623556,2.3252878625810105,8.788983904517238,BCL2;BCL2L2;BAG3;BAD;TRADD;CD70;MLLT11;MOAP1;CRADD;BLOC1S2,EXPLORATORY -- NOT FDR-CORRECTED,GM12878-origin,0.05
gs_ind_0,Cholesterol Metabolic Process (GO:0008203),10/67,0.022828622573749315,0.13941350069623556,2.3252878625810105,8.788983904517238,APOL2;PMVK;INSIG2;ACAA2;TM7SF2;PIP4P1;PLPP6;PPARD;FDX1;ABCA5,EXPLORATORY -- NOT FDR-CORRECTED,GM12878-origin,0.05
gs_ind_0,Regulation Of Cellular Response To Transforming Growth Factor Beta Stimulus (GO:1903844),5/23,0.022858850051612156,0.13941350069623556,3.7833455545768917,14.295056879694922,PALS1;EID2;SMAD7;LATS2;SMURF2,EXPLORATORY -- NOT FDR-CORRECTED,GM12878-origin,0.05
gs_ind_0,Negative Regulation Of Epidermal Growth Factor Receptor Signaling Pathway (GO:0042059),5/23,0.022858850051612156,0.13941350069623556,3.7833455545768917,14.295056879694922,CHMP6;SOCS6;CBLB;MVP;PTPRJ,EXPLORATORY -- NOT FDR-CORRECTED,GM12878-origin,0.05
gs_ind_0,Translesion Synthesis (GO:0019985),5/23,0.022858850051612156,0.13941350069623556,3.7833455545768917,14.295056879694922,POLI;ZBTB1;TENT4A;PRIMPOL;POLN,EXPLORATORY -- NOT FDR-CORRECTED,GM12878-origin,0.05
gs_ind_0,Regulation Of Small GTPase Mediated Signal Transduction (GO:0051056),15/117,0.0231760894543908,0.13941350069623556,1.9264961562484042,7.2525532364881755,GMIP;PLEKHG6;ARHGAP31;ARHGEF17;VAV2;ARHGAP45;RHOF;TRIO;SRGAP3;PREX1;VAV1;RABL3;ARHGAP9;AKAP13;DNMBP,EXPLORATORY -- NOT FDR-CORRECTED,GM12878-origin,0.05
gs_ind_0,Lipid Phosphorylation (GO:0046834),3/9,0.023309380674484032,0.13941350069623556,6.850029001962261,25.74856987380209,DGKQ;DGKH;DGKE,EXPLORATORY -- NOT FDR-CORRECTED,GM12878-origin,0.05
gs_ind_0,Regulation Of Actin Filament Length (GO:0030832),3/9,0.023309380674484032,0.13941350069623556,6.850029001962261,25.74856987380209,EPS8;NAA80;WAS,EXPLORATORY -- NOT FDR-CORRECTED,GM12878-origin,0.05
gs_ind_0,Microtubule Anchoring (GO:0034453),3/9,0.023309380674484032,0.13941350069623556,6.850029001962261,25.74856987380209,BICD1;DAG1;BICD2,EXPLORATORY -- NOT FDR-CORRECTED,GM12878-origin,0.05
gs_ind_0,Mitochondrial DNA Replication (GO:0006264),3/9,0.023309380674484032,0.13941350069623556,6.850029001962261,25.74856987380209,TEFM;PRIMPOL;RRM2B,EXPLORATORY -- NOT FDR-CORRECTED,GM12878-origin,0.05
gs_ind_0,Negative Regulation Of Centrosome Duplication (GO:0010826),3/9,0.023309380674484032,0.13941350069623556,6.850029001962261,25.74856987380209,TMEM67;KAT2B;CENATAC,EXPLORATORY -- NOT FDR-CORRECTED,GM12878-origin,0.05
gs_ind_0,NAD Biosynthesis Via Nicotinamide Riboside Salvage Pathway (GO:0034356),3/9,0.023309380674484032,0.13941350069623556,6.850029001962261,25.74856987380209,NAXD;NUDT12;PARP9,EXPLORATORY -- NOT FDR-CORRECTED,GM12878-origin,0.05
gs_ind_0,B Cell Homeostasis (GO:0001782),3/9,0.023309380674484032,0.13941350069623556,6.850029001962261,25.74856987380209,PPP2R3C;TNFAIP3;NCKAP1L,EXPLORATORY -- NOT FDR-CORRECTED,GM12878-origin,0.05
gs_ind_0,Phosphatidylglycerol Biosynthetic Process (GO:0006655),3/9,0.023309380674484032,0.13941350069623556,6.850029001962261,25.74856987380209,TAFAZZIN;SLC27A1;PLSCR3,EXPLORATORY -- NOT FDR-CORRECTED,GM12878-origin,0.05
gs_ind_0,Multivesicular Body-Lysosome Fusion (GO:0061763),3/9,0.023309380674484032,0.13941350069623556,6.850029001962261,25.74856987380209,CHMP6;CHMP1B;CHMP2B,EXPLORATORY -- NOT FDR-CORRECTED,GM12878-origin,0.05
gs_ind_0,Calcium Import Into The Mitochondrion (GO:0036444),3/9,0.023309380674484032,0.13941350069623556,6.850029001962261,25.74856987380209,SMDT1;MCUB;MICU2,EXPLORATORY -- NOT FDR-CORRECTED,GM12878-origin,0.05
gs_ind_0,Regulation Of Cellular Response To Oxidative Stress (GO:1900407),3/9,0.023309380674484032,0.13941350069623556,6.850029001962261,25.74856987380209,ALOX5;GCH1;AIFM2,EXPLORATORY -- NOT FDR-CORRECTED,GM12878-origin,0.05
gs_ind_0,ESCRT Complex Disassembly (GO:1904896),3/9,0.023309380674484032,0.13941350069623556,6.850029001962261,25.74856987380209,VPS4B;CHMP1B;CHMP2B,EXPLORATORY -- NOT FDR-CORRECTED,GM12878-origin,0.05
gs_ind_0,Protein O-linked Glycosylation Via Serine (GO:0018242),3/9,0.023309380674484032,0.13941350069623556,6.850029001962261,25.74856987380209,POGLUT1;GALNT4;POGLUT2,EXPLORATORY -- NOT FDR-CORRECTED,GM12878-origin,0.05
gs_ind_0,ESCRT III Complex Disassembly (GO:1904903),3/9,0.023309380674484032,0.13941350069623556,6.850029001962261,25.74856987380209,VPS4B;CHMP1B;CHMP2B,EXPLORATORY -- NOT FDR-CORRECTED,GM12878-origin,0.05
gs_ind_0,Vesicle Fusion With Vacuole (GO:0051469),3/9,0.023309380674484032,0.13941350069623556,6.850029001962261,25.74856987380209,CHMP6;CHMP1B;CHMP2B,EXPLORATORY -- NOT FDR-CORRECTED,GM12878-origin,0.05
gs_ind_0,Amino Sugar Biosynthetic Process (GO:0046349),3/9,0.023309380674484032,0.13941350069623556,6.850029001962261,25.74856987380209,GNPDA2;NANP;UAP1L1,EXPLORATORY -- NOT FDR-CORRECTED,GM12878-origin,0.05
gs_ind_0,Chondroitin Sulfate Proteoglycan Metabolic Process (GO:0050654),3/9,0.023309380674484032,0.13941350069623556,6.850029001962261,25.74856987380209,CSGALNACT2;XYLT2;DSE,EXPLORATORY -- NOT FDR-CORRECTED,GM12878-origin,0.05
gs_ind_0,Actin-Mediated Cell Contraction (GO:0070252),3/9,0.023309380674484032,0.13941350069623556,6.850029001962261,25.74856987380209,CAMK2D;CCDC88C;EPDR1,EXPLORATORY -- NOT FDR-CORRECTED,GM12878-origin,0.05
gs_ind_0,Regulation Of Protein Lipidation (GO:1903059),3/9,0.023309380674484032,0.13941350069623556,6.850029001962261,25.74856987380209,ULK1;RABL3;SVIP,EXPLORATORY -- NOT FDR-CORRECTED,GM12878-origin,0.05
gs_ind_0,Positive Regulation Of mRNA 3'-End Processing (GO:0031442),3/9,0.023309380674484032,0.13941350069623556,6.850029001962261,25.74856987380209,CPEB3;PEX2;LEO1,EXPLORATORY -- NOT FDR-CORRECTED,GM12878-origin,0.05
gs_ind_0,Error-Prone Translesion Synthesis (GO:0042276),3/9,0.023309380674484032,0.13941350069623556,6.850029001962261,25.74856987380209,TENT4A;PRIMPOL;POLI,EXPLORATORY -- NOT FDR-CORRECTED,GM12878-origin,0.05
gs_ind_0,Pinocytosis (GO:0006907),3/9,0.023309380674484032,0.13941350069623556,6.850029001962261,25.74856987380209,CARMIL1;PYCARD;RAB34,EXPLORATORY -- NOT FDR-CORRECTED,GM12878-origin,0.05
gs_ind_0,Central Nervous System Development (GO:0007417),30/281,0.023527335758408086,0.14028873951722118,1.5466299146374383,5.799231634480536,POU6F1;IER3IP1;ZNF76;LIG4;PBX4;MARCKS;CTNS;DLL1;SERPINI1;MEIS2;ALDH3A2;CLN5;ATXN1;UTP3;RNF103;SYNJ1;BTD;MATCAP1;ROGDI;SOX4;SOX12;ZNF335;CDK5R1;MELTF;ADAM22;NR4A2;JRKL;ZFHX2;LOXL3;DNAJC30,EXPLORATORY -- NOT FDR-CORRECTED,GM12878-origin,0.05
gs_ind_0,Positive Regulation Of Cytoskeleton Organization (GO:0051495),11/77,0.023583020867119078,0.14028873951722118,2.202279464142099,8.252443889962038,BCAS3;FES;WHAMM;PLXNA3;CARMIL1;NCK2;CFL2;SASS6;PYCARD;FER;NCKAP1L,EXPLORATORY -- NOT FDR-CORRECTED,GM12878-origin,0.05
gs_ind_0,Organonitrogen Compound Catabolic Process (GO:1901565),11/77,0.023583020867119078,0.14028873951722118,2.202279464142099,8.252443889962038,NPEPPSP1;RAB12;CLN5;IL4I1;SGPL1;GNPDA2;ERAP2;GGACT;UTP25;LIPC;CASP7,EXPLORATORY -- NOT FDR-CORRECTED,GM12878-origin,0.05
gs_ind_0,Positive Regulation Of JNK Cascade (GO:0046330),11/77,0.023583020867119078,0.14028873951722118,2.202279464142099,8.252443889962038,MAPK8IP3;MAP4K2;SH3RF1;MAPKBP1;TIRAP;MAP3K5;GADD45B;TRAF5;PYCARD;MBIP;MAP3K10,EXPLORATORY -- NOT FDR-CORRECTED,GM12878-origin,0.05
gs_ind_0,Endometrial cancer,9/58,0.02382916221588994,0.14156192324480169,2.4435530355800408,9.131179298015113,ERBB2;CTNNA3;BAD;TP53;DDB2;SOS2;GADD45B;PIK3R3;PIK3R1,EXPLORATORY -- NOT FDR-CORRECTED,GM12878-origin,0.05
gs_ind_0,Regulation Of Insulin Secretion (GO:0050796),12/87,0.023893174637500455,0.1417511625869475,2.108629517350141,7.873965145359328,RFX3;BAD;FOXO1;PICK1;GHRL;CAPN10;STXBP4;NR1D1;CCL5;ALOX5;PER2;SOX4,EXPLORATORY -- NOT FDR-CORRECTED,GM12878-origin,0.05
gs_ind_0,FoxO signaling pathway,16/128,0.024151061049859937,0.1428964793393055,1.8686235970141238,6.957683486757635,INSR;FOXO1;TNFSF10;SOS2;TGFB3;SIRT1;PLK3;CCNG2;GADD45B;FOXO4;S1PR1;PIK3R3;AGAP2;PRKAB2;PIK3R1;GABARAPL1,EXPLORATORY -- NOT FDR-CORRECTED,GM12878-origin,0.05
gs_ind_0,Protein Targeting (GO:0006605),16/128,0.024151061049859937,0.1428964793393055,1.8686235970141238,6.957683486757635,AP4S1;ZFAND2A;TRAK2;RAB3IP;CHM;ZDHHC21;ARL6;KIF13B;ZDHHC2;VPS37C;AP4E1;ZDHHC6;PEX12;ZDHHC24;AP1S3;PEX1,EXPLORATORY -- NOT FDR-CORRECTED,GM12878-origin,0.05
gs_ind_0,Lymphocyte Mediated Immunity (GO:0002449),4/16,0.025270780857405778,0.14734603441725486,4.580510351468464,16.847604702333076,BTN3A3;CD70;CR2;MYO1G,EXPLORATORY -- NOT FDR-CORRECTED,GM12878-origin,0.05
gs_ind_0,Negative Regulation Of Interleukin-10 Production (GO:0032693),4/16,0.025270780857405778,0.14734603441725486,4.580510351468464,16.847604702333076,VSIR;IL23A;DLL1;CD274,EXPLORATORY -- NOT FDR-CORRECTED,GM12878-origin,0.05
gs_ind_0,Positive Regulation Of Myeloid Leukocyte Cytokine Production Involved In Immune Response (GO:0061081),4/16,0.025270780857405778,0.14734603441725486,4.580510351468464,16.847604702333076,TICAM1;SEMA7A;RIGI;SIRT1,EXPLORATORY -- NOT FDR-CORRECTED,GM12878-origin,0.05
gs_ind_0,Regulation Of DNA Strand Elongation (GO:0060382),4/16,0.025270780857405778,0.14734603441725486,4.580510351468464,16.847604702333076,TFPT;INO80B;INO80D;INO80C,EXPLORATORY -- NOT FDR-CORRECTED,GM12878-origin,0.05
gs_ind_0,Regulation Of Triglyceride Biosynthetic Process (GO:0010866),4/16,0.025270780857405778,0.14734603441725486,4.580510351468464,16.847604702333076,GPLD1;SLC27A1;SIRT1;FITM2,EXPLORATORY -- NOT FDR-CORRECTED,GM12878-origin,0.05
gs_ind_0,Regulation Of Natural Killer Cell Activation (GO:0032814),4/16,0.025270780857405778,0.14734603441725486,4.580510351468464,16.847604702333076,TICAM1;IL23A;PTPN22;PIBF1,EXPLORATORY -- NOT FDR-CORRECTED,GM12878-origin,0.05
gs_ind_0,Protein O-linked Mannosylation (GO:0035269),4/16,0.025270780857405778,0.14734603441725486,4.580510351468464,16.847604702333076,FKRP;RXYLT1;POMT1;FKTN,EXPLORATORY -- NOT FDR-CORRECTED,GM12878-origin,0.05
gs_ind_0,Negative Regulation Of Inflammatory Response To Antigenic Stimulus (GO:0002862),4/16,0.025270780857405778,0.14734603441725486,4.580510351468464,16.847604702333076,RHBDF2;SYK;FGR;SELENOS,EXPLORATORY -- NOT FDR-CORRECTED,GM12878-origin,0.05
gs_ind_0,Regulation Of Vacuole Organization (GO:0044088),4/16,0.025270780857405778,0.14734603441725486,4.580510351468464,16.847604702333076,TBC1D12;MTMR3;IFT20;MTM1,EXPLORATORY -- NOT FDR-CORRECTED,GM12878-origin,0.05
gs_ind_0,Positive Regulation Of Autophagosome Assembly (GO:2000786),4/16,0.025270780857405778,0.14734603441725486,4.580510351468464,16.847604702333076,SNX18;MOAP1;PIP4K2C;WIPI1,EXPLORATORY -- NOT FDR-CORRECTED,GM12878-origin,0.05
gs_ind_0,Male Meiosis I (GO:0007141),4/16,0.025270780857405778,0.14734603441725486,4.580510351468464,16.847604702333076,ZSCAN21;HSF2BP;FOXJ2;ING2,EXPLORATORY -- NOT FDR-CORRECTED,GM12878-origin,0.05
gs_ind_0,Negative Regulation Of Developmental Process (GO:0051093),14/108,0.025372176733588905,0.1475469063874141,1.9545396075745456,7.181178095370525,SAP30L;BICRA;ING2;KANK1;ZNF296;SFMBT1;BCL7C;FUZ;BRMS1L;ADCK1;HEY1;SAP30;DLL1;PARP3,EXPLORATORY -- NOT FDR-CORRECTED,GM12878-origin,0.05
gs_ind_0,Positive Regulation Of DNA Metabolic Process (GO:0051054),14/108,0.025372176733588905,0.1475469063874141,1.9545396075745456,7.181178095370525,INO80C;TINF2;MARCHF6-DT;BCAR3;BRPF3;SIRT1;INO80B;INO80D;TERF1;TFPT;CTC1;ZCWPW1;SLX4;PARP3,EXPLORATORY -- NOT FDR-CORRECTED,GM12878-origin,0.05
gs_ind_0,Glycoprotein Biosynthetic Process (GO:0009101),11/78,0.025706730410967195,0.14929547780176997,2.169598293806111,7.942904642391646,B4GAT1;GMPPB;BMPR2;B4GALT7;CSGALNACT2;FUT4;ST8SIA4;CHST12;FKTN;ALG10B;ST3GAL3,EXPLORATORY -- NOT FDR-CORRECTED,GM12878-origin,0.05
gs_ind_0,Cellular Nitrogen Compound Biosynthetic Process (GO:0044271),6/32,0.026253474475685414,0.15167144887132541,3.1217946192933392,11.363197982649222,SPTSSA;GCH1;ACER3;DDAH2;SPHK2;GCHFR,EXPLORATORY -- NOT FDR-CORRECTED,GM12878-origin,0.05
gs_ind_0,Proteoglycan Biosynthetic Process (GO:0030166),6/32,0.026253474475685414,0.15167144887132541,3.1217946192933392,11.363197982649222,BMPR2;B4GALT7;CSGALNACT2;CHST12;XYLT2;SLC35D2,EXPLORATORY -- NOT FDR-CORRECTED,GM12878-origin,0.05
gs_ind_0,Negative Regulation Of Fat Cell Differentiation (GO:0045599),6/32,0.026253474475685414,0.15167144887132541,3.1217946192933392,11.363197982649222,E2F1;TRIO;FOXO1;SIRT1;LRP3;ANKRD26,EXPLORATORY -- NOT FDR-CORRECTED,GM12878-origin,0.05
gs_ind_0,Protein Transmembrane Import Into Intracellular Organelle (GO:0044743),6/32,0.026253474475685414,0.15167144887132541,3.1217946192933392,11.363197982649222,PEX7;DNLZ;PEX2;PEX10;PEX12;PEX1,EXPLORATORY -- NOT FDR-CORRECTED,GM12878-origin,0.05
gs_ind_0,Positive Regulation Of Proteolysis (GO:0045862),9/59,0.02635901980855796,0.1520818839216276,2.395105368115979,8.708470800498873,BAG2;BAD;GPLD1;TRIM32;ZC3H12A;CYFIP2;CTSS;BTRC;TBC1D10A,EXPLORATORY -- NOT FDR-CORRECTED,GM12878-origin,0.05
gs_ind_0,Ubiquitin mediated proteolysis,17/140,0.02649064512020621,0.1526415211632274,1.8054298642533937,6.55545016034283,UBE2W;CBLB;SMURF1;SOCS1;DDB2;TRIM32;PIAS2;RBX1;UBE2Q2;UBE2L6;UBE2D1;SMURF2;NEDD4;UBE2C;BTRC;UBE2E2;UBOX5,EXPLORATORY -- NOT FDR-CORRECTED,GM12878-origin,0.05
gs_ind_0,Regulation Of Viral Life Cycle (GO:1903900),5/24,0.027186511818260383,0.15523075659960073,3.5892372731351703,12.939323544050263,TRIM21;TRIM68;TRIM6;LAMP3;TRIM38,EXPLORATORY -- NOT FDR-CORRECTED,GM12878-origin,0.05
gs_ind_0,Neuromuscular Junction Development (GO:0007528),5/24,0.027186511818260383,0.15523075659960073,3.5892372731351703,12.939323544050263,PPFIBP1;CACNB3;NEDD4;CACNB1;PPFIBP2,EXPLORATORY -- NOT FDR-CORRECTED,GM12878-origin,0.05
gs_ind_0,mRNA Polyadenylation (GO:0006378),5/24,0.027186511818260383,0.15523075659960073,3.5892372731351703,12.939323544050263,TUT1;HEXIM1;TENT4B;PEX2;LEO1,EXPLORATORY -- NOT FDR-CORRECTED,GM12878-origin,0.05
gs_ind_0,Fc-gamma Receptor Signaling Pathway (GO:0038094),5/24,0.027186511818260383,0.15523075659960073,3.5892372731351703,12.939323544050263,VAV2;MYO1G;SYK;VAV1;FGR,EXPLORATORY -- NOT FDR-CORRECTED,GM12878-origin,0.05
gs_ind_0,Protein K48-linked Deubiquitination (GO:0071108),5/24,0.027186511818260383,0.15523075659960073,3.5892372731351703,12.939323544050263,OTUD7B;OTUD3;TNFAIP3;VCPIP1;MINDY1,EXPLORATORY -- NOT FDR-CORRECTED,GM12878-origin,0.05
gs_ind_0,Regulation Of Endoplasmic Reticulum Stress-Induced Intrinsic Apoptotic Signaling Pathway (GO:1902235),5/24,0.027186511818260383,0.15523075659960073,3.5892372731351703,12.939323544050263,EIF2AK3;PMAIP1;CREB3;SELENOS;NCK2,EXPLORATORY -- NOT FDR-CORRECTED,GM12878-origin,0.05
gs_ind_0,Response To Hexose (GO:0009746),5/24,0.027186511818260383,0.15523075659960073,3.5892372731351703,12.939323544050263,GPLD1;VAMP2;KLRG1;KHK;SELENOS,EXPLORATORY -- NOT FDR-CORRECTED,GM12878-origin,0.05
gs_ind_0,Non-Canonical Wnt Signaling Pathway (GO:0035567),7/41,0.02739319309134445,0.155604632920936,2.7671381176881438,9.954670695642362,SMURF1;DAAM1;FZD2;VANGL1;SMURF2;CCDC88C;TMEM67,EXPLORATORY -- NOT FDR-CORRECTED,GM12878-origin,0.05
gs_ind_0,Acylglycerol Metabolic Process (GO:0006639),7/41,0.02739319309134445,0.155604632920936,2.7671381176881438,9.954670695642362,DGKH;ABHD6;DGKQ;GK5;MGLL;DGKA;DGKE,EXPLORATORY -- NOT FDR-CORRECTED,GM12878-origin,0.05
gs_ind_0,Positive Regulation Of Response To Biotic Stimulus (GO:0002833),7/41,0.02739319309134445,0.155604632920936,2.7671381176881438,9.954670695642362,IFI35;RNF185;TRIM56;TIRAP;ADAM8;CCL5;POLR3F,EXPLORATORY -- NOT FDR-CORRECTED,GM12878-origin,0.05
gs_ind_0,Regulation Of Dendrite Development (GO:0050773),7/41,0.02739319309134445,0.155604632920936,2.7671381176881438,9.954670695642362,PACSIN1;ZNF296;CAMSAP2;NEDD4;SEMA4D;RTN4IP1;RAP2A,EXPLORATORY -- NOT FDR-CORRECTED,GM12878-origin,0.05
gs_ind_0,Regulation Of Actin Filament Polymerization (GO:0030833),10/69,0.027471898723089017,0.1556505521482987,2.247013421866576,8.077095709259869,RASA1;KANK1;ESAM;SSH1;PYCARD;CARMIL1;HCLS1;NCKAP1L;FER;NCK2,EXPLORATORY -- NOT FDR-CORRECTED,GM12878-origin,0.05
gs_ind_0,Response To Molecule Of Bacterial Origin (GO:0002237),10/69,0.027471898723089017,0.1556505521482987,2.247013421866576,8.077095709259869,GCH1;PTPN22;SRR;TIRAP;TNFAIP3;CYP27B1;HNRNPA0;TRIM6;TRIB1;FER,EXPLORATORY -- NOT FDR-CORRECTED,GM12878-origin,0.05
gs_ind_0,Wybutosine Metabolic Process (GO:0031590),2/4,0.028882433972795125,0.1630137886710383,12.718684843624699,45.08165429233507,TYW1B;TYW5,EXPLORATORY -- NOT FDR-CORRECTED,GM12878-origin,0.05
gs_ind_0,Wybutosine Biosynthetic Process (GO:0031591),2/4,0.028882433972795125,0.1630137886710383,12.718684843624699,45.08165429233507,TYW1B;TYW5,EXPLORATORY -- NOT FDR-CORRECTED,GM12878-origin,0.05
gs_ind_0,Glycosyl Compound Biosynthetic Process (GO:1901659),2/4,0.028882433972795125,0.1630137886710383,12.718684843624699,45.08165429233507,TYW1B;TYW5,EXPLORATORY -- NOT FDR-CORRECTED,GM12878-origin,0.05
gs_ind_0,Positive Regulation Of Organelle Assembly (GO:1902117),9/60,0.02907261538288599,0.16387735116082025,2.3485391634660555,8.309034330837367,SNX18;IFT20;WIPI1;FUZ;CCP110;SDC1;MOAP1;PIP4K2C;SASS6,EXPLORATORY -- NOT FDR-CORRECTED,GM12878-origin,0.05
gs_ind_0,Regulation Of Organelle Organization (GO:0033043),13/100,0.02982618839134551,0.167910393906834,1.9650382837828517,6.901938503060966,MIEF2;PJVK;INO80C;RAB33B;TECPR1;INO80B;CAMSAP2;MTM1;SYT11;TFPT;INO80D;TBC1D25;ARMH3,EXPLORATORY -- NOT FDR-CORRECTED,GM12878-origin,0.05
gs_ind_0,Negative Regulation Of Epithelial Cell Proliferation (GO:0050680),10/70,0.030029526544724523,0.1681207975535085,2.209816890122113,7.746676995387703,CASK;TINF2;GHRL;CYP27B1;DUSP10;PEX2;BRCA2;ALOX5;SYNJ2BP;KLF9,EXPLORATORY -- NOT FDR-CORRECTED,GM12878-origin,0.05
gs_ind_0,Positive Regulation Of Protein Transport (GO:0051222),10/70,0.030029526544724523,0.1681207975535085,2.209816890122113,7.746676995387703,BCAS3;EXPH5;IER3IP1;ANG;TGFB3;ADAM8;PLK3;APBB3;VAMP2;CEP290,EXPLORATORY -- NOT FDR-CORRECTED,GM12878-origin,0.05
gs_ind_0,Prolactin signaling pathway,10/70,0.030029526544724523,0.1681207975535085,2.209816890122113,7.746676995387703,SOCS6;NFKB1;ESR2;SOCS1;SOS2;SOCS7;PIK3R3;SOCS4;GALT;PIK3R1,EXPLORATORY -- NOT FDR-CORRECTED,GM12878-origin,0.05
gs_ind_0,Negative Regulation Of Double-Strand Break Repair (GO:2000780),6/33,0.030168682138118248,0.1681207975535085,3.008198899221864,10.531556667578508,HELB;RADX;SHLD1;TRAPPC13;NUDT16L1;MAGEF1,EXPLORATORY -- NOT FDR-CORRECTED,GM12878-origin,0.05
gs_ind_0,Glycolipid Metabolic Process (GO:0006664),6/33,0.030168682138118248,0.1681207975535085,3.008198899221864,10.531556667578508,PGAP1;GM2A;SMPD1;ST6GALNAC6;PIGW;FUCA1,EXPLORATORY -- NOT FDR-CORRECTED,GM12878-origin,0.05
gs_ind_0,Ubiquitin-Dependent Protein Catabolic Process Via The Multivesicular Body Sorting Pathway (GO:0043162),6/33,0.030168682138118248,0.1681207975535085,3.008198899221864,10.531556667578508,CHMP6;CHMP2B;CHMP1B;VPS37C;VPS4B;NEDD4,EXPLORATORY -- NOT FDR-CORRECTED,GM12878-origin,0.05
gs_ind_0,Regulation Of Type I Interferon-Mediated Signaling Pathway (GO:0060338),6/33,0.030168682138118248,0.1681207975535085,3.008198899221864,10.531556667578508,RNF185;TRIM56;IKBKE;OAS3;PTPN6;TRIM6,EXPLORATORY -- NOT FDR-CORRECTED,GM12878-origin,0.05
gs_ind_0,Regulation Of Activated T Cell Proliferation (GO:0046006),6/33,0.030168682138118248,0.1681207975535085,3.008198899221864,10.531556667578508,IL12RB1;IL23A;CD274;PPP3CA;BTN2A2;PYCARD,EXPLORATORY -- NOT FDR-CORRECTED,GM12878-origin,0.05
gs_ind_0,Fatty Acid Oxidation (GO:0019395),8/51,0.030315070851695318,0.1684268083403088,2.487477858371152,8.696496967340835,ACAD11;ACAA2;ABCD2;BDH2;PEX2;PPARD;PHYH;CROT,EXPLORATORY -- NOT FDR-CORRECTED,GM12878-origin,0.05
gs_ind_0,Macromolecule Modification (GO:0043412),11/80,0.030363172206678984,0.1684268083403088,2.1070573491343647,7.363164257500358,NTAQ1;B4GALT7;SLC35A1;ST8SIA4;LIPT1;MSRA;STK38;ADPRH;UBE2L6;MANBA;CDKL3,EXPLORATORY -- NOT FDR-CORRECTED,GM12878-origin,0.05
gs_ind_0,Regulation Of Ubiquitin-Dependent Protein Catabolic Process (GO:2000058),7/42,0.030870759146434144,0.1684268083403088,2.6891226879348378,9.352623090087043,PDCL3;GLMN;SMURF1;UFL1;COMMD1;MAGEF1;HFE,EXPLORATORY -- NOT FDR-CORRECTED,GM12878-origin,0.05
gs_ind_0,Ceramide Biosynthetic Process (GO:0046513),7/42,0.030870759146434144,0.1684268083403088,2.6891226879348378,9.352623090087043,SPTSSA;SMPD1;ST8SIA4;B4GALT4;ST6GALNAC6;B3GALT4;CERS6,EXPLORATORY -- NOT FDR-CORRECTED,GM12878-origin,0.05
gs_ind_0,Negative Regulation Of Fibroblast Proliferation (GO:0048147),4/17,0.03118431183188239,0.1684268083403088,4.241106296474616,14.70747863819308,TRIM32;MED9;PEX2;TP53,EXPLORATORY -- NOT FDR-CORRECTED,GM12878-origin,0.05
gs_ind_0,Negative Regulation Of Leukocyte Activation (GO:0002695),4/17,0.03118431183188239,0.1684268083403088,4.241106296474616,14.70747863819308,CD84;MILR1;HAVCR2;ZC3H12A,EXPLORATORY -- NOT FDR-CORRECTED,GM12878-origin,0.05
gs_ind_0,Diol Biosynthetic Process (GO:0034312),4/17,0.03118431183188239,0.1684268083403088,4.241106296474616,14.70747863819308,SPTSSA;ACER3;GCH1;SPHK2,EXPLORATORY -- NOT FDR-CORRECTED,GM12878-origin,0.05
gs_ind_0,Polyol Metabolic Process (GO:0019751),4/17,0.03118431183188239,0.1684268083403088,4.241106296474616,14.70747863819308,IPMK;SYNJ1;MINPP1;INPP5A,EXPLORATORY -- NOT FDR-CORRECTED,GM12878-origin,0.05
gs_ind_0,Keratan Sulfate Metabolic Process (GO:0042339),4/17,0.03118431183188239,0.1684268083403088,4.241106296474616,14.70747863819308,ST3GAL3;B4GALT4;B4GAT1;SLC35D2,EXPLORATORY -- NOT FDR-CORRECTED,GM12878-origin,0.05
gs_ind_0,Epithelial Cilium Movement Involved In Extracellular Fluid Movement (GO:0003351),4/17,0.03118431183188239,0.1684268083403088,4.241106296474616,14.70747863819308,RFX3;NPHP3;DNAAF2;OFD1,EXPLORATORY -- NOT FDR-CORRECTED,GM12878-origin,0.05
gs_ind_0,Protein Localization To Centrosome (GO:0071539),4/17,0.03118431183188239,0.1684268083403088,4.241106296474616,14.70747863819308,SNX10;CEP83;KIAA0753;PIBF1,EXPLORATORY -- NOT FDR-CORRECTED,GM12878-origin,0.05
gs_ind_0,Peptidyl-Threonine Dephosphorylation (GO:0035970),4/17,0.03118431183188239,0.1684268083403088,4.241106296474616,14.70747863819308,PPM1K;DUSP18;DUSP10;PPM1D,EXPLORATORY -- NOT FDR-CORRECTED,GM12878-origin,0.05
gs_ind_0,Rac Protein Signal Transduction (GO:0016601),4/17,0.03118431183188239,0.1684268083403088,4.241106296474616,14.70747863819308,GARRE1;AIF1;EPS8;HACE1,EXPLORATORY -- NOT FDR-CORRECTED,GM12878-origin,0.05
gs_ind_0,DNA Modification (GO:0006304),4/17,0.03118431183188239,0.1684268083403088,4.241106296474616,14.70747863819308,PARP3;PARP2;MUTYH;NEIL2,EXPLORATORY -- NOT FDR-CORRECTED,GM12878-origin,0.05
gs_ind_0,Nicotinamide Nucleotide Metabolic Process (GO:0046496),4/17,0.03118431183188239,0.1684268083403088,4.241106296474616,14.70747863819308,ME1;KMO;NMRK1;TP53I3,EXPLORATORY -- NOT FDR-CORRECTED,GM12878-origin,0.05
gs_ind_0,Regulation Of Single Stranded Viral RNA Replication Via Double Stranded DNA Intermediate (GO:0045091),4/17,0.03118431183188239,0.1684268083403088,4.241106296474616,14.70747863819308,APOBEC3G;APOBEC3D;MPHOSPH8;APOBEC3F,EXPLORATORY -- NOT FDR-CORRECTED,GM12878-origin,0.05
gs_ind_0,Neuron Maturation (GO:0042551),4/17,0.03118431183188239,0.1684268083403088,4.241106296474616,14.70747863819308,CLN5;PICK1;RND1;ANKS1A,EXPLORATORY -- NOT FDR-CORRECTED,GM12878-origin,0.05
gs_ind_0,"DNA Damage Response, Signal Transduction By P53 Class Mediator Resulting In Cell Cycle Arrest (GO:0006977)",4/17,0.03118431183188239,0.1684268083403088,4.241106296474616,14.70747863819308,GTSE1;PLK3;CRADD;TP53,EXPLORATORY -- NOT FDR-CORRECTED,GM12878-origin,0.05
gs_ind_0,Regulation Of Tubulin Deacetylation (GO:0090043),4/17,0.03118431183188239,0.1684268083403088,4.241106296474616,14.70747863819308,KAT14;MBIP;KAT2B;SGF29,EXPLORATORY -- NOT FDR-CORRECTED,GM12878-origin,0.05
gs_ind_0,Receptor Recycling (GO:0001881),4/17,0.03118431183188239,0.1684268083403088,4.241106296474616,14.70747863819308,PEX10;PEX12;PEX2;PEX1,EXPLORATORY -- NOT FDR-CORRECTED,GM12878-origin,0.05
gs_ind_0,Negative Regulation Of Exocytosis (GO:0045920),3/10,0.03152271254100607,0.1684268083403088,5.936542061072784,20.52290468468183,VPS4B;RAB33B;SMCR8,EXPLORATORY -- NOT FDR-CORRECTED,GM12878-origin,0.05
gs_ind_0,Positive Regulation Of Lipid Localization (GO:1905954),3/10,0.03152271254100607,0.1684268083403088,5.936542061072784,20.52290468468183,ZC3H12A;IKBKE;NFKB1,EXPLORATORY -- NOT FDR-CORRECTED,GM12878-origin,0.05
gs_ind_0,Negative Regulation Of Lipopolysaccharide-Mediated Signaling Pathway (GO:0031665),3/10,0.03152271254100607,0.1684268083403088,5.936542061072784,20.52290468468183,TRIB1;CARD8;NFKBIL1,EXPLORATORY -- NOT FDR-CORRECTED,GM12878-origin,0.05
gs_ind_0,Positive Regulation Of Actin Filament Depolymerization (GO:0030836),3/10,0.03152271254100607,0.1684268083403088,5.936542061072784,20.52290468468183,CFL2;CARMIL1;CARMIL2,EXPLORATORY -- NOT FDR-CORRECTED,GM12878-origin,0.05
gs_ind_0,Negative Regulation Of Alpha-Beta T Cell Activation (GO:0046636),3/10,0.03152271254100607,0.1684268083403088,5.936542061072784,20.52290468468183,VSIR;HFE;TNFRSF14,EXPLORATORY -- NOT FDR-CORRECTED,GM12878-origin,0.05
gs_ind_0,Regulation Of Mitochondrial Depolarization (GO:0051900),3/10,0.03152271254100607,0.1684268083403088,5.936542061072784,20.52290468468183,BCL2;IFI6;MLLT11,EXPLORATORY -- NOT FDR-CORRECTED,GM12878-origin,0.05
gs_ind_0,Protein Prenylation (GO:0018342),3/10,0.03152271254100607,0.1684268083403088,5.936542061072784,20.52290468468183,PGGT1B;CHM;PLPP6,EXPLORATORY -- NOT FDR-CORRECTED,GM12878-origin,0.05
gs_ind_0,Negative Regulation Of Sprouting Angiogenesis (GO:1903671),3/10,0.03152271254100607,0.1684268083403088,5.936542061072784,20.52290468468183,ALOX5;SYNJ2BP;E2F2,EXPLORATORY -- NOT FDR-CORRECTED,GM12878-origin,0.05
gs_ind_0,UDP-N-acetylglucosamine Metabolic Process (GO:0006047),3/10,0.03152271254100607,0.1684268083403088,5.936542061072784,20.52290468468183,GNPDA2;SLC35A3;UAP1L1,EXPLORATORY -- NOT FDR-CORRECTED,GM12878-origin,0.05
gs_ind_0,Positive Regulation Of DNA Methylation-Dependent Heterochromatin Formation (GO:0090309),3/10,0.03152271254100607,0.1684268083403088,5.936542061072784,20.52290468468183,SETDB2;ZNF304;MPHOSPH8,EXPLORATORY -- NOT FDR-CORRECTED,GM12878-origin,0.05
gs_ind_0,Vacuole Fusion (GO:0097576),3/10,0.03152271254100607,0.1684268083403088,5.936542061072784,20.52290468468183,CHMP6;CHMP1B;CHMP2B,EXPLORATORY -- NOT FDR-CORRECTED,GM12878-origin,0.05
gs_ind_0,Regulation Of ERAD Pathway (GO:1904292),3/10,0.03152271254100607,0.1684268083403088,5.936542061072784,20.52290468468183,RNF185;RNFT1;ATXN3,EXPLORATORY -- NOT FDR-CORRECTED,GM12878-origin,0.05
gs_ind_0,tRNA Threonylcarbamoyladenosine Metabolic Process (GO:0070525),3/10,0.03152271254100607,0.1684268083403088,5.936542061072784,20.52290468468183,TP53RK;OSGEPL1;GON7,EXPLORATORY -- NOT FDR-CORRECTED,GM12878-origin,0.05
gs_ind_0,Small Nucleolar Ribonucleoprotein Complex Assembly (GO:0000491),3/10,0.03152271254100607,0.1684268083403088,5.936542061072784,20.52290468468183,NUFIP1;PIH1D2;ZNHIT6,EXPLORATORY -- NOT FDR-CORRECTED,GM12878-origin,0.05
gs_ind_0,Negative Regulation Of Autophagy (GO:0010507),9/61,0.0319756983124942,0.16888845726184062,2.3037469094694623,7.931291694167746,BCL2;RRAGB;MTMR9;PTPN22;ZKSCAN3;NRBP2;BMF;RRAGC;SMCR8,EXPLORATORY -- NOT FDR-CORRECTED,GM12878-origin,0.05
gs_ind_0,Cytosolic DNA-sensing pathway,9/61,0.0319756983124942,0.16888845726184062,2.3037469094694623,7.931291694167746,IKBKE;NFKB1;IRF7;NFKBIB;PYCARD;TREX1;CCL5;POLR3GL;POLR3F,EXPLORATORY -- NOT FDR-CORRECTED,GM12878-origin,0.05
gs_ind_0,Glycerolipid metabolism,9/61,0.0319756983124942,0.16888845726184062,2.3037469094694623,7.931291694167746,ALDH3A2;DGKH;LIPC;DGKQ;GK;MGLL;DGKA;DGKE;GLYCTK,EXPLORATORY -- NOT FDR-CORRECTED,GM12878-origin,0.05
gs_ind_0,RNA Polyadenylation (GO:0043631),5/25,0.03200139619744679,0.16888845726184062,3.4140663850048356,11.751133692297671,TUT1;HEXIM1;TENT4B;PEX2;LEO1,EXPLORATORY -- NOT FDR-CORRECTED,GM12878-origin,0.05
gs_ind_0,Positive Regulation Of T Cell Migration (GO:2000406),5/25,0.03200139619744679,0.16888845726184062,3.4140663850048356,11.751133692297671,AIF1;TNFRSF14;PYCARD;CCL5;TMEM102,EXPLORATORY -- NOT FDR-CORRECTED,GM12878-origin,0.05
gs_ind_0,Negative Regulation Of Intrinsic Apoptotic Signaling Pathway In Response To DNA Damage (GO:1902230),5/25,0.03200139619744679,0.16888845726184062,3.4140663850048356,11.751133692297671,BCL2;ING2;TRIM32;SIRT1;DDIAS,EXPLORATORY -- NOT FDR-CORRECTED,GM12878-origin,0.05
gs_ind_0,Regulation Of Keratinocyte Proliferation (GO:0010837),5/25,0.03200139619744679,0.16888845726184062,3.4140663850048356,11.751133692297671,CASK;STXBP4;CYP27B1;ZFP36;KLF9,EXPLORATORY -- NOT FDR-CORRECTED,GM12878-origin,0.05
gs_ind_0,Proteoglycan Metabolic Process (GO:0006029),5/25,0.03200139619744679,0.16888845726184062,3.4140663850048356,11.751133692297671,BMPR2;B4GALT7;CHST14;CSGALNACT2;CHST12,EXPLORATORY -- NOT FDR-CORRECTED,GM12878-origin,0.05
gs_ind_0,Positive Regulation Of Interleukin-2 Production (GO:0032743),5/25,0.03200139619744679,0.16888845726184062,3.4140663850048356,11.751133692297671,CD80;GLMN;PTPRC;CARD11;MALT1,EXPLORATORY -- NOT FDR-CORRECTED,GM12878-origin,0.05
gs_ind_0,Carbohydrate Biosynthetic Process (GO:0016051),5/25,0.03200139619744679,0.16888845726184062,3.4140663850048356,11.751133692297671,ST6GALNAC6;B3GALT4;FUT4;FUT8;ST3GAL3,EXPLORATORY -- NOT FDR-CORRECTED,GM12878-origin,0.05
gs_ind_0,Longevity regulating pathway,13/101,0.03203056948069391,0.16888845726184062,1.9427853571107054,6.685249793250199,PIK3R3;APPL1;INSR;NFKB1;FOXO1;TP53;CREB3L4;SIRT1;SESN1;CREB3;ULK1;PRKAB2;PIK3R1,EXPLORATORY -- NOT FDR-CORRECTED,GM12878-origin,0.05
gs_ind_0,Wnt signaling pathway,19/165,0.032296981209801325,0.16988674602959933,1.696031081632215,5.822104144396863,CBY1;CAMK2D;TLE4;PPARD;PPP3CA;WNT2B;TLE6;NFATC4;DAAM1;FOSL1;RNF43;BTRC;PORCN;TP53;RBX1;PLCB2;CXXC4;FZD2;VANGL1,EXPLORATORY -- NOT FDR-CORRECTED,GM12878-origin,0.05
gs_ind_0,Peptidyl-Serine Modification (GO:0018209),19/165,0.032296981209801325,0.16988674602959933,1.696031081632215,5.822104144396863,STK32C;MAP3K12;IKBKE;LATS2;POGLUT1;CAMK2D;BRSK1;DYRK1B;STK38;MAP4K1;CDK5R1;TTBK2;MAST3;GALNT4;DGKQ;POGLUT2;EIF2AK3;ULK1;MAP3K10,EXPLORATORY -- NOT FDR-CORRECTED,GM12878-origin,0.05
gs_ind_0,Protein Localization To Plasma Membrane (GO:0072659),16/133,0.033056179911909164,0.17367299291024504,1.7888814619047129,6.099274962801051,TTC7A;RAB12;EHD4;PALS1;SMURF1;RAB3D;RAB34;PACSIN1;CACNB3;ZDHHC2;ZFYVE27;RAB3A;PIGW;PLEKHF1;RAP2A;TMEM88,EXPLORATORY -- NOT FDR-CORRECTED,GM12878-origin,0.05
gs_ind_0,Regulation Of Protein Serine/Threonine Kinase Activity (GO:0071900),14/112,0.033384075083842765,0.17518690829711775,1.874977831209897,6.374317670662657,CDK5R1;SERTAD1;ETAA1;RB1;SLC27A1;SIRT1;CCNG2;PYCARD;SYAP1;TESK1;TRIB1;UVRAG;CCNE2;MST1,EXPLORATORY -- NOT FDR-CORRECTED,GM12878-origin,0.05
gs_ind_0,Positive Regulation Of Telomere Maintenance (GO:0032206),8/52,0.03361751954257705,0.17557586035981002,2.43151809073625,8.249430715539846,INO80C;TINF2;PKIB;INO80B;INO80D;TERF1;TFPT;SLX4,EXPLORATORY -- NOT FDR-CORRECTED,GM12878-origin,0.05
gs_ind_0,Negative Regulation Of Response To Stimulus (GO:0048585),8/52,0.03361751954257705,0.17557586035981002,2.43151809073625,8.249430715539846,INPP5D;CASK;PDCD1;SIRT1;SMCR8;PIM3;ALOX5;MAPK7,EXPLORATORY -- NOT FDR-CORRECTED,GM12878-origin,0.05
gs_ind_0,Regulation Of Peptide Hormone Secretion (GO:0090276),8/52,0.03361751954257705,0.17557586035981002,2.43151809073625,8.249430715539846,RFX3;PICK1;PASK;CCL5;ILDR1;ALOX5;PER2;HFE,EXPLORATORY -- NOT FDR-CORRECTED,GM12878-origin,0.05
gs_ind_0,Positive Regulation Of Transcription Initiation By RNA Polymerase II (GO:0060261),8/52,0.03361751954257705,0.17557586035981002,2.43151809073625,8.249430715539846,MED29;TAF3;TAF5;TP53;MED11;MED9;PAXIP1;MED31,EXPLORATORY -- NOT FDR-CORRECTED,GM12878-origin,0.05
gs_ind_0,Membrane Organization (GO:0061024),19/166,0.03407027324100419,0.17738558514482225,1.6844899264470738,5.692447389216309,UBXN2A;PICK1;UBXN2B;VAMP2;CEP55;EXOC8;CHMP6;SYNJ1;HACE1;TMCC1;CHMP1B;VPS4B;WASL;CHMP2B;GCA;PLEKHA8P1;MITD1;VPS37C;RABIF,EXPLORATORY -- NOT FDR-CORRECTED,GM12878-origin,0.05
gs_ind_0,Regulation Of Protein Secretion (GO:0050708),13/102,0.034350075982200697,0.17738558514482225,1.921029702542965,6.476081295574284,ANG;RFX3;EXPH5;IER3IP1;SERGEF;PICK1;TGFB3;ADAM8;RHBDF2;APBB3;CCL5;ALOX5;PER2,EXPLORATORY -- NOT FDR-CORRECTED,GM12878-origin,0.05
gs_ind_0,Protein Catabolic Process (GO:0030163),13/102,0.034350075982200697,0.17738558514482225,1.921029702542965,6.476081295574284,SOCS6;RAB12;TRIM21;CLN5;ATE1;UTP25;NR1D1;MALT1;CTSS;FBXO17;CASP7;PMAIP1;MANBA,EXPLORATORY -- NOT FDR-CORRECTED,GM12878-origin,0.05
gs_ind_0,Positive Regulation Of Organelle Organization (GO:0010638),6/34,0.03444692851269688,0.17738558514482225,2.9025748086290886,9.776845604819236,PLXNA3;LIG4;SYNJ1;FYCO1;SMCR8;UVRAG,EXPLORATORY -- NOT FDR-CORRECTED,GM12878-origin,0.05
gs_ind_0,Negative Regulation Of Cell Cycle Process (GO:0010948),6/34,0.03444692851269688,0.17738558514482225,2.9025748086290886,9.776845604819236,E2F7;TP53;E2F8;CCP110;FOXO4;TERF1,EXPLORATORY -- NOT FDR-CORRECTED,GM12878-origin,0.05
gs_ind_0,Propanoate metabolism,6/34,0.03444692851269688,0.17738558514482225,2.9025748086290886,9.776845604819236,ACOX3;ALDH6A1;MCEE;MLYCD;DBT;PCCA,EXPLORATORY -- NOT FDR-CORRECTED,GM12878-origin,0.05
gs_ind_0,Purine Nucleotide Metabolic Process (GO:0006163),6/34,0.03444692851269688,0.17738558514482225,2.9025748086290886,9.776845604819236,ME1;TP53I3;KMO;NUDT15;FHIT;NMRK1,EXPLORATORY -- NOT FDR-CORRECTED,GM12878-origin,0.05
gs_ind_0,Response To Estrogen (GO:0043627),6/34,0.03444692851269688,0.17738558514482225,2.9025748086290886,9.776845604819236,BCAS3;ESR2;ARID5A;GHRL;CYP27B1;SFR1,EXPLORATORY -- NOT FDR-CORRECTED,GM12878-origin,0.05
gs_ind_0,Inner Mitochondrial Membrane Organization (GO:0007007),6/34,0.03444692851269688,0.17738558514482225,2.9025748086290886,9.776845604819236,TAFAZZIN;APOOL;UQCC3;TIMM29;TIMM22;TRMT10B,EXPLORATORY -- NOT FDR-CORRECTED,GM12878-origin,0.05
gs_ind_0,Regulation Of Phosphatidylinositol 3-Kinase Activity (GO:0043551),6/34,0.03444692851269688,0.17738558514482225,2.9025748086290886,9.776845604819236,ATG14;PIK3IP1;WDR91;PIK3R3;FGR;PIK3R1,EXPLORATORY -- NOT FDR-CORRECTED,GM12878-origin,0.05
gs_ind_0,Histone Deubiquitination (GO:0016578),6/34,0.03444692851269688,0.17738558514482225,2.9025748086290886,9.776845604819236,TADA2B;MPND;SGF29;TAF5;KAT2B;ATXN7,EXPLORATORY -- NOT FDR-CORRECTED,GM12878-origin,0.05
gs_ind_0,Negative Regulation Of Ras Protein Signal Transduction (GO:0046580),6/34,0.03444692851269688,0.17738558514482225,2.9025748086290886,9.776845604819236,ARHGAP24;KANK1;SYNGAP1;SPRY2;CCDC125;KCTD13,EXPLORATORY -- NOT FDR-CORRECTED,GM12878-origin,0.05
gs_ind_0,mRNA Transcription (GO:0009299),7/43,0.03463243209623179,0.17771799846355033,2.6153820762502065,8.7954375788568,TAF3;TAF5;TP53;ZBTB1;CYP27B1;NCOA2;NCBP3,EXPLORATORY -- NOT FDR-CORRECTED,GM12878-origin,0.05
gs_ind_0,Intracellular Glucose Homeostasis (GO:0001678),7/43,0.03463243209623179,0.17771799846355033,2.6153820762502065,8.7954375788568,ZBTB20;FOXO1;SIRT1;NR1D1;ERN1;SOX4;PIK3R1,EXPLORATORY -- NOT FDR-CORRECTED,GM12878-origin,0.05
gs_ind_0,Learning (GO:0007612),7/43,0.03463243209623179,0.17771799846355033,2.6153820762502065,8.7954375788568,ATXN1;INSR;SYT11;SYNJ1;BRSK1;ATXN1L;DLG4,EXPLORATORY -- NOT FDR-CORRECTED,GM12878-origin,0.05
gs_ind_0,Human immunodeficiency virus 1 infection,23/211,0.03511251614016549,0.179972059471918,1.5888834017700313,5.32148451860008,NFKB1;GNAI3;APOBEC3D;CFL2;PPP3CA;APOBEC3F;PIK3R1;BCL2;NFATC4;TRADD;LIMK2;GNG7;TAP2;PIK3R3;BTRC;AP1S3;ITPR2;RBX1;BAD;MAP2K6;MAP2K3;TRAF5;APOBEC3G,EXPLORATORY -- NOT FDR-CORRECTED,GM12878-origin,0.05
gs_ind_0,Negative Regulation Of Apoptotic Signaling Pathway (GO:2001234),11/82,0.03559159524517302,0.18221573965240725,2.0480151985701287,6.831453208643935,BCL2;BCL2L2;PELI3;RB1;SH3RF1;FXN;TMEM14A;NOL3;PLAUR;CAAP1;NR4A2,EXPLORATORY -- NOT FDR-CORRECTED,GM12878-origin,0.05
gs_ind_0,Transforming Growth Factor Beta Receptor Signaling Pathway (GO:0007179),10/72,0.03564023417192255,0.18225307683275477,2.138994693680656,7.132007453809316,APPL1;EID2;NRROS;SMAD7;ZFYVE9;TGFB3;SIRT1;LPXN;ZMIZ2;ARRB2,EXPLORATORY -- NOT FDR-CORRECTED,GM12878-origin,0.05
gs_ind_0,Regulation Of Mitotic Cell Cycle (GO:0007346),15/124,0.03657990401056102,0.18662525101684374,1.8030219794362432,5.96485875060221,NEK11;RNF20;RB1;CDK11B;CYLD;SIRT1;THAP1;CUL9;PIM3;BORA;HECA;DYNLT3;BTG3;TMEM8B;MEIS2,EXPLORATORY -- NOT FDR-CORRECTED,GM12878-origin,0.05
gs_ind_0,Positive Regulation Of Defense Response (GO:0031349),15/124,0.03657990401056102,0.18662525101684374,1.8030219794362432,5.96485875060221,IFI35;RNF185;TRIM56;IL17RA;IL23A;TRADD;OPTN;TIRAP;NAPEPLD;ADAM8;GSDMD;NINJ1;CCL5;PYCARD;POLR3F,EXPLORATORY -- NOT FDR-CORRECTED,GM12878-origin,0.05
gs_ind_0,Positive Regulation Of Kinase Activity (GO:0033674),13/103,0.03678749394719453,0.18746736799911384,1.8997548359214729,6.274125248686883,MST1R;MAP3K12;ERBB2;INSR;CAMKK1;MAP2K3;DSTYK;MAP3K5;PTPRC;ALS2;DDR2;MMD;AGAP2,EXPLORATORY -- NOT FDR-CORRECTED,GM12878-origin,0.05
gs_ind_0,Glycoprotein Metabolic Process (GO:0009100),8/53,0.037155771407044916,0.18863323750472838,2.3780180931072783,7.82994837611236,B4GAT1;B4GALT7;ST8SIA4;AGA;FBXO17;ST6GALNAC6;MANBA;FUT8,EXPLORATORY -- NOT FDR-CORRECTED,GM12878-origin,0.05
gs_ind_0,Cellular Response To Xenobiotic Stimulus (GO:0071466),5/26,0.037315831012732115,0.18863323750472838,3.255190463212207,10.704165255370732,VAV2;TP53;GPLD1;VAV1;RAP2A,EXPLORATORY -- NOT FDR-CORRECTED,GM12878-origin,0.05
gs_ind_0,Regulation Of Transcription By RNA Polymerase III (GO:0006359),5/26,0.037315831012732115,0.18863323750472838,3.255190463212207,10.704165255370732,ZC3H8;ZNF76;ELL;ZNF345;POLR3F,EXPLORATORY -- NOT FDR-CORRECTED,GM12878-origin,0.05
gs_ind_0,Protein Targeting To Lysosome (GO:0006622),5/26,0.037315831012732115,0.18863323750472838,3.255190463212207,10.704165255370732,ZFYVE16;NEDD4;PXK;SNX16;ATG14,EXPLORATORY -- NOT FDR-CORRECTED,GM12878-origin,0.05
gs_ind_0,Dendritic Spine Organization (GO:0097061),5/26,0.037315831012732115,0.18863323750472838,3.255190463212207,10.704165255370732,INSR;PICK1;WASL;NOL3;DLG4,EXPLORATORY -- NOT FDR-CORRECTED,GM12878-origin,0.05
gs_ind_0,Regulation Of Myeloid Cell Differentiation (GO:0045637),5/26,0.037315831012732115,0.18863323750472838,3.255190463212207,10.704165255370732,FES;PURB;MEIS2;PEX2;LEO1,EXPLORATORY -- NOT FDR-CORRECTED,GM12878-origin,0.05
gs_ind_0,"Wnt Signaling Pathway, Planar Cell Polarity Pathway (GO:0060071)",5/26,0.037315831012732115,0.18863323750472838,3.255190463212207,10.704165255370732,SMURF1;DAAM1;FZD2;VANGL1;SMURF2,EXPLORATORY -- NOT FDR-CORRECTED,GM12878-origin,0.05
gs_ind_0,GnRH signaling pathway,12/93,0.03774707342681015,0.18869556228853152,1.953096851571253,6.400000206056421,PLD1;GNRH2;MAP2K6;ITPR2;SOS2;MAP2K3;JMJD7-PLA2G4B;CAMK2D;PLCB2;MAP3K2;PLA2G4C;MAPK7,EXPLORATORY -- NOT FDR-CORRECTED,GM12878-origin,0.05
gs_ind_0,Neutrophil Activation (GO:0042119),4/18,0.037841850513398785,0.18869556228853152,3.9485165938937126,12.928784372429764,DNASE1;SYK;PREX1;CCL5,EXPLORATORY -- NOT FDR-CORRECTED,GM12878-origin,0.05
gs_ind_0,Regulation Of Epidermal Cell Differentiation (GO:0045604),4/18,0.037841850513398785,0.18869556228853152,3.9485165938937126,12.928784372429764,SGPP1;DLL1;ZFP36;MAFF,EXPLORATORY -- NOT FDR-CORRECTED,GM12878-origin,0.05
gs_ind_0,Melanosome Assembly (GO:1903232),4/18,0.037841850513398785,0.18869556228853152,3.9485165938937126,12.928784372429764,HPS6;HPS5;AP1S3;HPS3,EXPLORATORY -- NOT FDR-CORRECTED,GM12878-origin,0.05
gs_ind_0,Endothelial Cell Proliferation (GO:0001935),4/18,0.037841850513398785,0.18869556228853152,3.9485165938937126,12.928784372429764,ERN1;HMOX1;THAP1;BMPR2,EXPLORATORY -- NOT FDR-CORRECTED,GM12878-origin,0.05
gs_ind_0,"Protein Localization To Chromosome, Centromeric Region (GO:0071459)",4/18,0.037841850513398785,0.18869556228853152,3.9485165938937126,12.928784372429764,RB1;HASPIN;BOD1;MTBP,EXPLORATORY -- NOT FDR-CORRECTED,GM12878-origin,0.05
gs_ind_0,Regulation Of Adaptive Immune Response (GO:0002819),4/18,0.037841850513398785,0.18869556228853152,3.9485165938937126,12.928784372429764,IRF7;IL4I1;PYCARD;SIRT1,EXPLORATORY -- NOT FDR-CORRECTED,GM12878-origin,0.05
gs_ind_0,Epithelial Cell Development (GO:0002064),4/18,0.037841850513398785,0.18869556228853152,3.9485165938937126,12.928784372429764,EXPH5;TMEM79;SIPA1L3;RILPL2,EXPLORATORY -- NOT FDR-CORRECTED,GM12878-origin,0.05
gs_ind_0,Fatty acid biosynthesis,4/18,0.037841850513398785,0.18869556228853152,3.9485165938937126,12.928784372429764,HTD2;HSD17B8;ACSL1;CBR4,EXPLORATORY -- NOT FDR-CORRECTED,GM12878-origin,0.05
gs_ind_0,Establishment Of Epithelial Cell Polarity (GO:0090162),4/18,0.037841850513398785,0.18869556228853152,3.9485165938937126,12.928784372429764,CYTH1;FBF1;RAP2A;SIPA1L3,EXPLORATORY -- NOT FDR-CORRECTED,GM12878-origin,0.05
gs_ind_0,Vesicle-Mediated Transport In Synapse (GO:0099003),4/18,0.037841850513398785,0.18869556228853152,3.9485165938937126,12.928784372429764,SNAPIN;VAMP2;RAB3A;BRSK1,EXPLORATORY -- NOT FDR-CORRECTED,GM12878-origin,0.05
gs_ind_0,Glycerolipid Catabolic Process (GO:0046503),4/18,0.037841850513398785,0.18869556228853152,3.9485165938937126,12.928784372429764,GPCPD1;MGLL;PLA2G4C;ABHD6,EXPLORATORY -- NOT FDR-CORRECTED,GM12878-origin,0.05
gs_ind_0,Positive Regulation Of Proteasomal Ubiquitin-Dependent Protein Catabolic Process (GO:0032436),11/83,0.038429649374853235,0.19119401178820888,2.0197156850238223,6.582103954860678,BAG2;SMAD7;ZER1;SH3RF1;PLK3;RBX1;PABIR1;TRIB1;RNF19B;DDA1;DNAJB2,EXPLORATORY -- NOT FDR-CORRECTED,GM12878-origin,0.05
gs_ind_0,Regulation Of NIK/NF-kappaB Signaling (GO:1901222),11/83,0.038429649374853235,0.19119401178820888,2.0197156850238223,6.582103954860678,IFI35;NOD1;TRIM56;PTPN22;IL23A;TRADD;CYLD;ZC3H12A;BCL3;TRIM6;PYCARD,EXPLORATORY -- NOT FDR-CORRECTED,GM12878-origin,0.05
gs_ind_0,Nucleobase-Containing Compound Catabolic Process (GO:0034655),7/44,0.038685704796647784,0.19168354281773822,2.545574297188755,8.278933439874901,RNASEH2C;DFFB;SETMAR;NUDT15;TREX1;DNASE1L1;DNASE1,EXPLORATORY -- NOT FDR-CORRECTED,GM12878-origin,0.05
gs_ind_0,Positive Regulation Of Nucleocytoplasmic Transport (GO:0046824),7/44,0.038685704796647784,0.19168354281773822,2.545574297188755,8.278933439874901,BAG3;ZC3H12A;NRDE2;NEDD4;EFCAB7;HCLS1;PIK3R1,EXPLORATORY -- NOT FDR-CORRECTED,GM12878-origin,0.05
gs_ind_0,Negative Regulation Of Immune System Process (GO:0002683),7/44,0.038685704796647784,0.19168354281773822,2.545574297188755,8.278933439874901,PDCD1;HMOX1;TNFAIP3;TLR6;NR1D1;SMCR8;NFKBIL1,EXPLORATORY -- NOT FDR-CORRECTED,GM12878-origin,0.05
gs_ind_0,Positive Regulation Of Secretion By Cell (GO:1903532),10/73,0.03870198573225658,0.19168354281773822,2.105256560730198,6.846008798182514,ANG;EXPH5;IER3IP1;P2RX4;TGFB3;ADAM8;APBB3;RAB9A;RAB3A;RAB2B,EXPLORATORY -- NOT FDR-CORRECTED,GM12878-origin,0.05
gs_ind_0,Cellular Response To Amino Acid Stimulus (GO:0071230),6/35,0.039097442900031726,0.19320799137145722,2.8041116733307385,9.090083800784793,CASTOR3P;CPEB3;RRAGB;RRAGC;SESN1;CASTOR1,EXPLORATORY -- NOT FDR-CORRECTED,GM12878-origin,0.05
gs_ind_0,Regulation Of Peptidyl-Threonine Phosphorylation (GO:0010799),6/35,0.039097442900031726,0.19320799137145722,2.8041116733307385,9.090083800784793,SMAD7;S1PR2;SPRED1;DGKQ;SPRY2;TRIM6,EXPLORATORY -- NOT FDR-CORRECTED,GM12878-origin,0.05
gs_ind_0,Phospholipase D signaling pathway,17/147,0.039754836020741154,0.19601713331032103,1.708284321443898,5.509257567144692,PLD1;DGKH;INSR;DNM1;SOS2;SYK;CYTH1;JMJD7-PLA2G4B;SPHK2;DGKQ;PLCB2;PLA2G4C;PIP5K1B;PIK3R3;DGKA;DGKE;PIK3R1,EXPLORATORY -- NOT FDR-CORRECTED,GM12878-origin,0.05
gs_ind_0,Breast cancer,17/147,0.039754836020741154,0.19601713331032103,1.708284321443898,5.509257567144692,WNT2B;ERBB2;E2F1;NFKB2;TP53;FZD2;RB1;SOS2;DDB2;ESR2;E2F2;GADD45B;HEY1;BRCA2;PIK3R3;DLL1;PIK3R1,EXPLORATORY -- NOT FDR-CORRECTED,GM12878-origin,0.05
gs_ind_0,Influenza A,19/169,0.03982157968565679,0.19612684162500016,1.6507866858898013,5.3210571733417655,NFKB1;IKBKE;KPNA5;PIK3R1;TRADD;NFKBIB;PIK3R3;IFNGR1;IRF9;MX1;IRF7;TNFSF10;TICAM1;OAS3;IFIH1;RNASEL;CCL5;HLA-DMA;PYCARD,EXPLORATORY -- NOT FDR-CORRECTED,GM12878-origin,0.05
gs_ind_0,Peptidyl-Tyrosine Modification (GO:0018212),8/54,0.040935562689706904,0.19685506411568016,2.326819170645144,7.435946535654818,ERBB2;INSR;FES;SYK;PTPN6;DDR2;FGR;FER,EXPLORATORY -- NOT FDR-CORRECTED,GM12878-origin,0.05
gs_ind_0,Endoplasmic Reticulum Membrane Organization (GO:0090158),3/11,0.04104124408400863,0.19685506411568016,5.237993223922009,16.72584349396929,ATL1;BNIP1;VCPIP1,EXPLORATORY -- NOT FDR-CORRECTED,GM12878-origin,0.05
gs_ind_0,Response To X-ray (GO:0010165),3/11,0.04104124408400863,0.19685506411568016,5.237993223922009,16.72584349396929,XRCC4;LIG4;IKBIP,EXPLORATORY -- NOT FDR-CORRECTED,GM12878-origin,0.05
gs_ind_0,Regulation Of Monocyte Chemotactic Protein-1 Production (GO:0071637),3/11,0.04104124408400863,0.19685506411568016,5.237993223922009,16.72584349396929,CD84;SYK;OAS3,EXPLORATORY -- NOT FDR-CORRECTED,GM12878-origin,0.05
gs_ind_0,Methylguanosine-Cap Decapping (GO:0110156),3/11,0.04104124408400863,0.19685506411568016,5.237993223922009,16.72584349396929,DCP1B;NUDT12;PATL2,EXPLORATORY -- NOT FDR-CORRECTED,GM12878-origin,0.05
gs_ind_0,Lysosomal Membrane Organization (GO:0097212),3/11,0.04104124408400863,0.19685506411568016,5.237993223922009,16.72584349396929,CHMP6;CHMP1B;CHMP2B,EXPLORATORY -- NOT FDR-CORRECTED,GM12878-origin,0.05
gs_ind_0,Cytidine To Uridine Editing (GO:0016554),3/11,0.04104124408400863,0.19685506411568016,5.237993223922009,16.72584349396929,APOBEC3G;APOBEC3D;APOBEC3F,EXPLORATORY -- NOT FDR-CORRECTED,GM12878-origin,0.05
gs_ind_0,Neutrophil Activation Involved In Immune Response (GO:0002283),3/11,0.04104124408400863,0.19685506411568016,5.237993223922009,16.72584349396929,DNASE1;SYK;VAMP2,EXPLORATORY -- NOT FDR-CORRECTED,GM12878-origin,0.05
gs_ind_0,"Regulation Of CD4-positive, Alpha-Beta T Cell Differentiation (GO:0043370)",3/11,0.04104124408400863,0.19685506411568016,5.237993223922009,16.72584349396929,SH3RF1;SOCS1;NCKAP1L,EXPLORATORY -- NOT FDR-CORRECTED,GM12878-origin,0.05
gs_ind_0,Exit From Mitosis (GO:0010458),3/11,0.04104124408400863,0.19685506411568016,5.237993223922009,16.72584349396929,CTDP1;EPS8;UBE2C,EXPLORATORY -- NOT FDR-CORRECTED,GM12878-origin,0.05
gs_ind_0,Regulation Of T-helper 17 Cell Differentiation (GO:2000319),3/11,0.04104124408400863,0.19685506411568016,5.237993223922009,16.72584349396929,SMAD7;MALT1;ZC3H12A,EXPLORATORY -- NOT FDR-CORRECTED,GM12878-origin,0.05
gs_ind_0,Negative Regulation Of Reactive Oxygen Species Biosynthetic Process (GO:1903427),3/11,0.04104124408400863,0.19685506411568016,5.237993223922009,16.72584349396929,ABCD1;ABCD2;COA8,EXPLORATORY -- NOT FDR-CORRECTED,GM12878-origin,0.05
gs_ind_0,Programmed Necrotic Cell Death (GO:0097300),3/11,0.04104124408400863,0.19685506411568016,5.237993223922009,16.72584349396929,MLKL;IPMK;CYLD,EXPLORATORY -- NOT FDR-CORRECTED,GM12878-origin,0.05
gs_ind_0,"RNA Splicing, Via Endonucleolytic Cleavage And Ligation (GO:0000394)",3/11,0.04104124408400863,0.19685506411568016,5.237993223922009,16.72584349396929,ERN1;HEXIM1;FAM98B,EXPLORATORY -- NOT FDR-CORRECTED,GM12878-origin,0.05
gs_ind_0,Regulation Of Homotypic Cell-Cell Adhesion (GO:0034110),3/11,0.04104124408400863,0.19685506411568016,5.237993223922009,16.72584349396929,PLAUR;SYK;CCL5,EXPLORATORY -- NOT FDR-CORRECTED,GM12878-origin,0.05
gs_ind_0,Nucleoside Phosphate Biosynthetic Process (GO:1901293),3/11,0.04104124408400863,0.19685506411568016,5.237993223922009,16.72584349396929,ME1;DCK;NMNAT1,EXPLORATORY -- NOT FDR-CORRECTED,GM12878-origin,0.05
gs_ind_0,Mitochondrial Respiratory Chain Complex III Assembly (GO:0034551),3/11,0.04104124408400863,0.19685506411568016,5.237993223922009,16.72584349396929,UQCC4;UQCC5;UQCC3,EXPLORATORY -- NOT FDR-CORRECTED,GM12878-origin,0.05
gs_ind_0,Regulation Of T Cell Mediated Immunity (GO:0002709),3/11,0.04104124408400863,0.19685506411568016,5.237993223922009,16.72584349396929,ZBTB1;WAS;CD80,EXPLORATORY -- NOT FDR-CORRECTED,GM12878-origin,0.05
gs_ind_0,Negative Regulation Of Leukocyte Apoptotic Process (GO:2000107),3/11,0.04104124408400863,0.19685506411568016,5.237993223922009,16.72584349396929,IRF7;HCLS1;SELENOS,EXPLORATORY -- NOT FDR-CORRECTED,GM12878-origin,0.05
gs_ind_0,Regulation Of Response To Oxidative Stress (GO:1902882),3/11,0.04104124408400863,0.19685506411568016,5.237993223922009,16.72584349396929,ALOX5;HEBP2;AIFM2,EXPLORATORY -- NOT FDR-CORRECTED,GM12878-origin,0.05
gs_ind_0,Phagosome-Lysosome Fusion (GO:0090385),3/11,0.04104124408400863,0.19685506411568016,5.237993223922009,16.72584349396929,RAB34;RAB20;RAB39A,EXPLORATORY -- NOT FDR-CORRECTED,GM12878-origin,0.05
gs_ind_0,Sphingoid Metabolic Process (GO:0046519),3/11,0.04104124408400863,0.19685506411568016,5.237993223922009,16.72584349396929,SPHK2;SGPP1;KDSR,EXPLORATORY -- NOT FDR-CORRECTED,GM12878-origin,0.05
gs_ind_0,Respiratory Chain Complex III Assembly (GO:0017062),3/11,0.04104124408400863,0.19685506411568016,5.237993223922009,16.72584349396929,UQCC4;UQCC5;UQCC3,EXPLORATORY -- NOT FDR-CORRECTED,GM12878-origin,0.05
gs_ind_0,Glycerol Metabolic Process (GO:0006071),3/11,0.04104124408400863,0.19685506411568016,5.237993223922009,16.72584349396929,COQ2;GK5;COQ3,EXPLORATORY -- NOT FDR-CORRECTED,GM12878-origin,0.05
gs_ind_0,Nuclear-Transcribed mRNA Catabolic Process (GO:0000956),11/84,0.041421541210477926,0.19846321049542032,1.9921862262678918,6.343029730947953,NBDY;DIS3L2;DCP1B;ZC3H12A;UPF3B;DXO;MAGOHB;TUT1;TENT4B;PATL2;ZFP36,EXPLORATORY -- NOT FDR-CORRECTED,GM12878-origin,0.05
gs_ind_0,Regulation Of Secretion By Cell (GO:1903530),9/64,0.04187415815506621,0.20019662597346188,2.1790549591546218,6.914329640053845,RAB12;SEPTIN1;CASK;TPCN2;RAB33B;RHBDF2;VAMP2;RAB3A;RAB3D,EXPLORATORY -- NOT FDR-CORRECTED,GM12878-origin,0.05
gs_ind_0,Protein N-linked Glycosylation (GO:0006487),9/64,0.04187415815506621,0.20019662597346188,2.1790549591546218,6.914329640053845,ALG14;B4GALT7;ALG12;UGGT2;DERL3;ALG10B;ALG6;ENTPD5;FUT8,EXPLORATORY -- NOT FDR-CORRECTED,GM12878-origin,0.05
gs_ind_0,Positive Regulation Of Lymphocyte Activation (GO:0051251),7/45,0.043037136415251524,0.2026198079627877,2.479392896260366,7.799406146828133,ZNF335;TICAM1;IL23A;HLA-DMA;PYCARD;NCKAP1L;CCDC88B,EXPLORATORY -- NOT FDR-CORRECTED,GM12878-origin,0.05
gs_ind_0,Regulation Of Epidermal Growth Factor Receptor Signaling Pathway (GO:0042058),7/45,0.043037136415251524,0.2026198079627877,2.479392896260366,7.799406146828133,MVP;BCAR3;RHBDF2;IFI6;PLAUR;PTPRJ;FER,EXPLORATORY -- NOT FDR-CORRECTED,GM12878-origin,0.05
gs_ind_0,Regulation Of Apoptotic Signaling Pathway (GO:2001233),7/45,0.043037136415251524,0.2026198079627877,2.479392896260366,7.799406146828133,BCL2;RB1;CYLD;CRADD;CTSS;PYCARD;NR4A2,EXPLORATORY -- NOT FDR-CORRECTED,GM12878-origin,0.05
gs_ind_0,Monoubiquitinated Histone H2A Deubiquitination (GO:0035522),5/27,0.04313897409196399,0.2026198079627877,3.110436845578923,9.777124532847873,TADA2B;TAF5;SGF29;KAT2B;ATXN7,EXPLORATORY -- NOT FDR-CORRECTED,GM12878-origin,0.05
gs_ind_0,Positive Regulation Of Ubiquitin-Protein Transferase Activity (GO:0051443),5/27,0.04313897409196399,0.2026198079627877,3.110436845578923,9.777124532847873,DCUN1D2;TOPORS;UBE2C;DCUN1D3;BTRC,EXPLORATORY -- NOT FDR-CORRECTED,GM12878-origin,0.05
gs_ind_0,In Utero Embryonic Development (GO:0001701),5/27,0.04313897409196399,0.2026198079627877,3.110436845578923,9.777124532847873,HINFP;LIG4;TGFB3;FUT8;TFEB,EXPLORATORY -- NOT FDR-CORRECTED,GM12878-origin,0.05
gs_ind_0,Monoubiquitinated Histone Deubiquitination (GO:0035521),5/27,0.04313897409196399,0.2026198079627877,3.110436845578923,9.777124532847873,TADA2B;TAF5;SGF29;KAT2B;ATXN7,EXPLORATORY -- NOT FDR-CORRECTED,GM12878-origin,0.05
gs_ind_0,Regulation Of Actin Polymerization Or Depolymerization (GO:0008064),5/27,0.04313897409196399,0.2026198079627877,3.110436845578923,9.777124532847873,WAS;NAA80;RASA1;ESAM;HCLS1,EXPLORATORY -- NOT FDR-CORRECTED,GM12878-origin,0.05
gs_ind_0,Positive Regulation Of Filopodium Assembly (GO:0051491),5/27,0.04313897409196399,0.2026198079627877,3.110436845578923,9.777124532847873,BCAS3;RHOQ;TGFB3;WASL;PIK3R1,EXPLORATORY -- NOT FDR-CORRECTED,GM12878-origin,0.05
gs_ind_0,Chromatin Remodeling (GO:0006338),24/227,0.0432381545133227,0.2026198079627877,1.53430735033061,4.81930843490201,GLMN;RB1;PARP2;KAT2B;HCFC2;TFPT;SETDB2;RYBP;BICRA;PRIMPOL;BCL7C;INO80B;INO80D;KDM4D;ZNF335;INO80C;ZBTB1;PER2;HPF1;TADA2B;KDM6B;PWWP2A;DTX3L;PAXIP1,EXPLORATORY -- NOT FDR-CORRECTED,GM12878-origin,0.05
gs_ind_0,Regulation Of Protein Metabolic Process (GO:0051246),12/95,0.0434163811455347,0.2026198079627877,1.906219740727716,5.979655899873596,CHMP6;NANOS3;NFKB1;WDR91;ZDHHC2;RBM4B;METTL18;SSH1;CENATAC;SPOPL;PLAUR;MAPK7,EXPLORATORY -- NOT FDR-CORRECTED,GM12878-origin,0.05
gs_ind_0,Positive Regulation Of Supramolecular Fiber Organization (GO:1902905),12/95,0.0434163811455347,0.2026198079627877,1.906219740727716,5.979655899873596,CDK5R1;FES;TOGARAM1;WHAMM;EFEMP2;RB1;CARMIL1;NCK2;CFL2;PYCARD;FER;NCKAP1L,EXPLORATORY -- NOT FDR-CORRECTED,GM12878-origin,0.05
gs_ind_0,Negative Regulation Of T Cell Proliferation (GO:0042130),6/36,0.044127828371240886,0.2026198079627877,2.7121051370683458,8.463570673673521,IL4I1;CD80;GLMN;TNFRSF14;CD274;BTN2A2,EXPLORATORY -- NOT FDR-CORRECTED,GM12878-origin,0.05
gs_ind_0,Histone H3 Acetylation (GO:0043966),6/36,0.044127828371240886,0.2026198079627877,2.7121051370683458,8.463570673673521,TADA2B;TAF5;SGF29;KAT2B;KAT14;MBIP,EXPLORATORY -- NOT FDR-CORRECTED,GM12878-origin,0.05
gs_ind_0,Regulation Of Trans-Synaptic Signaling (GO:0099177),6/36,0.044127828371240886,0.2026198079627877,2.7121051370683458,8.463570673673521,SLC4A8;BTBD9;PPP3CA;PXK;FABP5;NOL3,EXPLORATORY -- NOT FDR-CORRECTED,GM12878-origin,0.05
gs_ind_0,Positive Regulation Of Interferon-Beta Production (GO:0032728),6/36,0.044127828371240886,0.2026198079627877,2.7121051370683458,8.463570673673521,TRIM56;OAS3;RIGI;IFIH1;IRF7;POLR3F,EXPLORATORY -- NOT FDR-CORRECTED,GM12878-origin,0.05
gs_ind_0,DNA Repair,17/149,0.044298878598387145,0.2026198079627877,1.6824137564046038,5.243740325081005,ZNF707;TP53;RRM2B;SURF1;DDB2;ELL;CMPK2;COX17;TK2;UPF3B;RBX1;ADA;SNAPC4;POLR3GL;HCLS1;GTF2H5;ERCC4,EXPLORATORY -- NOT FDR-CORRECTED,GM12878-origin,0.05
gs_ind_0,Intrinsic Apoptotic Signaling Pathway In Response To DNA Damage By P53 Class Mediator (GO:0042771),4/19,0.04524881194089013,0.2026198079627877,3.6936804013232485,11.434078983037347,PYCARD;BCL3;TP53;SIRT1,EXPLORATORY -- NOT FDR-CORRECTED,GM12878-origin,0.05
gs_ind_0,DNA Methylation (GO:0006306),4/19,0.04524881194089013,0.2026198079627877,3.6936804013232485,11.434078983037347,BEND3;PICK1;METTL4;PPM1D,EXPLORATORY -- NOT FDR-CORRECTED,GM12878-origin,0.05
gs_ind_0,Negative Regulation Of Leukocyte Cell-Cell Adhesion (GO:1903038),4/19,0.04524881194089013,0.2026198079627877,3.6936804013232485,11.434078983037347,IL4I1;PAG1;PTPN22;TNFAIP8L2,EXPLORATORY -- NOT FDR-CORRECTED,GM12878-origin,0.05
gs_ind_0,Ganglioside Metabolic Process (GO:0001573),4/19,0.04524881194089013,0.2026198079627877,3.6936804013232485,11.434078983037347,ST8SIA4;ST6GALNAC6;B3GALT4;GM2A,EXPLORATORY -- NOT FDR-CORRECTED,GM12878-origin,0.05
gs_ind_0,Positive Regulation Of Activated T Cell Proliferation (GO:0042104),4/19,0.04524881194089013,0.2026198079627877,3.6936804013232485,11.434078983037347,PYCARD;IL23A;IL12RB1;PPP3CA,EXPLORATORY -- NOT FDR-CORRECTED,GM12878-origin,0.05
gs_ind_0,Mitotic Sister Chromatid Cohesion (GO:0007064),4/19,0.04524881194089013,0.2026198079627877,3.6936804013232485,11.434078983037347,RB1;HASPIN;DSCC1;STAG1,EXPLORATORY -- NOT FDR-CORRECTED,GM12878-origin,0.05
gs_ind_0,tRNA Metabolic Process (GO:0006399),4/19,0.04524881194089013,0.2026198079627877,3.6936804013232485,11.434078983037347,DTD1;SLFN13;ANG;POP1,EXPLORATORY -- NOT FDR-CORRECTED,GM12878-origin,0.05
gs_ind_0,Regulation Of Protein-Containing Complex Disassembly (GO:0043244),4/19,0.04524881194089013,0.2026198079627877,3.6936804013232485,11.434078983037347,SHFL;INSR;TECPR1;TBC1D25,EXPLORATORY -- NOT FDR-CORRECTED,GM12878-origin,0.05
gs_ind_0,Sphingosine Metabolic Process (GO:0006670),4/19,0.04524881194089013,0.2026198079627877,3.6936804013232485,11.434078983037347,SPHK2;SGPP1;ACER3;SPTSSA,EXPLORATORY -- NOT FDR-CORRECTED,GM12878-origin,0.05
gs_ind_0,Glycosphingolipid Biosynthetic Process (GO:0006688),4/19,0.04524881194089013,0.2026198079627877,3.6936804013232485,11.434078983037347,B4GALT4;ST8SIA4;ST6GALNAC6;B3GALT4,EXPLORATORY -- NOT FDR-CORRECTED,GM12878-origin,0.05
gs_ind_0,Striated Muscle Cell Differentiation (GO:0051146),4/19,0.04524881194089013,0.2026198079627877,3.6936804013232485,11.434078983037347,KDM6B;SDC1;MYEF2;CBY1,EXPLORATORY -- NOT FDR-CORRECTED,GM12878-origin,0.05
gs_ind_0,Regulation Of Ras Protein Signal Transduction (GO:0046578),10/75,0.045357947710506254,0.2026198079627877,2.040870810824744,6.312760090530969,EPS8;KBTBD7;RALGPS1;RASGRP4;ARHGDIB;SYNGAP1;KANK1;KBTBD6;RABL3;SPRY2,EXPLORATORY -- NOT FDR-CORRECTED,GM12878-origin,0.05
gs_ind_0,Glioma,10/75,0.045357947710506254,0.2026198079627877,2.040870810824744,6.312760090530969,E2F1;TP53;RB1;DDB2;SOS2;E2F2;GADD45B;CAMK2D;PIK3R3;PIK3R1,EXPLORATORY -- NOT FDR-CORRECTED,GM12878-origin,0.05
gs_ind_0,Regulation Of DNA Replication (GO:0006275),10/75,0.045357947710506254,0.2026198079627877,2.040870810824744,6.312760090530969,INO80C;OBI1;BCAR3;DSCC1;BRPF3;INO80B;INO80D;TERF1;TFPT;CTC1,EXPLORATORY -- NOT FDR-CORRECTED,GM12878-origin,0.05
gs_ind_0,Regulation Of Neutrophil Activation (GO:1902563),2/5,0.04582848197343451,0.2026198079627877,9.084545766983618,28.006287411794737,SYK;PLPP6,EXPLORATORY -- NOT FDR-CORRECTED,GM12878-origin,0.05
gs_ind_0,fatty-acyl-CoA Catabolic Process (GO:0036115),2/5,0.04582848197343451,0.2026198079627877,9.084545766983618,28.006287411794737,NUDT8;FITM2,EXPLORATORY -- NOT FDR-CORRECTED,GM12878-origin,0.05
gs_ind_0,Detection Of Virus (GO:0009597),2/5,0.04582848197343451,0.2026198079627877,9.084545766983618,28.006287411794737,RIGI;SERINC5,EXPLORATORY -- NOT FDR-CORRECTED,GM12878-origin,0.05
gs_ind_0,Regulation Of Growth Hormone Receptor Signaling Pathway (GO:0060398),2/5,0.04582848197343451,0.2026198079627877,9.084545766983618,28.006287411794737,MBD5;GHRL,EXPLORATORY -- NOT FDR-CORRECTED,GM12878-origin,0.05
gs_ind_0,Erythrose 4-Phosphate/Phosphoenolpyruvate Family Amino Acid Catabolic Process (GO:1902222),2/5,0.04582848197343451,0.2026198079627877,9.084545766983618,28.006287411794737,IL4I1;GSTZ1,EXPLORATORY -- NOT FDR-CORRECTED,GM12878-origin,0.05
gs_ind_0,Radial Glial Cell Differentiation (GO:0060019),2/5,0.04582848197343451,0.2026198079627877,9.084545766983618,28.006287411794737,METTL14;GPR157,EXPLORATORY -- NOT FDR-CORRECTED,GM12878-origin,0.05
gs_ind_0,7-Methylguanosine RNA Capping (GO:0009452),2/5,0.04582848197343451,0.2026198079627877,9.084545766983618,28.006287411794737,RNGTT;CMTR2,EXPLORATORY -- NOT FDR-CORRECTED,GM12878-origin,0.05
gs_ind_0,Negative Regulation Of Myeloid Cell Apoptotic Process (GO:0033033),2/5,0.04582848197343451,0.2026198079627877,9.084545766983618,28.006287411794737,IRF7;SELENOS,EXPLORATORY -- NOT FDR-CORRECTED,GM12878-origin,0.05
gs_ind_0,Negative Regulation Of Nervous System Process (GO:0031645),2/5,0.04582848197343451,0.2026198079627877,9.084545766983618,28.006287411794737,EIF2AK3;JAM2,EXPLORATORY -- NOT FDR-CORRECTED,GM12878-origin,0.05
gs_ind_0,Intraciliary Transport Involved In Cilium Assembly (GO:0035735),2/5,0.04582848197343451,0.2026198079627877,9.084545766983618,28.006287411794737,IFT74;IFT81,EXPLORATORY -- NOT FDR-CORRECTED,GM12878-origin,0.05
gs_ind_0,Podocyte Cell Migration (GO:0090521),2/5,0.04582848197343451,0.2026198079627877,9.084545766983618,28.006287411794737,KANK1;TESK1,EXPLORATORY -- NOT FDR-CORRECTED,GM12878-origin,0.05
gs_ind_0,GDP-mannose Metabolic Process (GO:0019673),2/5,0.04582848197343451,0.2026198079627877,9.084545766983618,28.006287411794737,GMPPB;GMDS,EXPLORATORY -- NOT FDR-CORRECTED,GM12878-origin,0.05
gs_ind_0,Negative Regulation Of Toll-Like Receptor 2 Signaling Pathway (GO:0034136),2/5,0.04582848197343451,0.2026198079627877,9.084545766983618,28.006287411794737,TNFAIP3;TLR6,EXPLORATORY -- NOT FDR-CORRECTED,GM12878-origin,0.05
gs_ind_0,Pexophagy (GO:0000425),2/5,0.04582848197343451,0.2026198079627877,9.084545766983618,28.006287411794737,PJVK;PEX2,EXPLORATORY -- NOT FDR-CORRECTED,GM12878-origin,0.05
gs_ind_0,Regulation Of 3'-UTR-mediated mRNA Stabilization (GO:1905868),2/5,0.04582848197343451,0.2026198079627877,9.084545766983618,28.006287411794737,TENT4A;TENT4B,EXPLORATORY -- NOT FDR-CORRECTED,GM12878-origin,0.05
gs_ind_0,L-phenylalanine Catabolic Process (GO:0006559),2/5,0.04582848197343451,0.2026198079627877,9.084545766983618,28.006287411794737,IL4I1;GSTZ1,EXPLORATORY -- NOT FDR-CORRECTED,GM12878-origin,0.05
gs_ind_0,Attachment Of GPI Anchor To Protein (GO:0016255),2/5,0.04582848197343451,0.2026198079627877,9.084545766983618,28.006287411794737,TP53INP2;PGAP1,EXPLORATORY -- NOT FDR-CORRECTED,GM12878-origin,0.05
gs_ind_0,Immunoglobulin V(D)J Recombination (GO:0033152),2/5,0.04582848197343451,0.2026198079627877,9.084545766983618,28.006287411794737,XRCC4;LIG4,EXPLORATORY -- NOT FDR-CORRECTED,GM12878-origin,0.05
gs_ind_0,L-phenylalanine Metabolic Process (GO:0006558),2/5,0.04582848197343451,0.2026198079627877,9.084545766983618,28.006287411794737,IL4I1;GSTZ1,EXPLORATORY -- NOT FDR-CORRECTED,GM12878-origin,0.05
gs_ind_0,"Nucleotide-Binding Domain, Leucine Rich Repeat Containing Receptor Signaling Pathway (GO:0035872)",2/5,0.04582848197343451,0.2026198079627877,9.084545766983618,28.006287411794737,TNFAIP3;MAP2K6,EXPLORATORY -- NOT FDR-CORRECTED,GM12878-origin,0.05
gs_ind_0,Pyrimidine Nucleotide-Sugar Transmembrane Transport (GO:0090481),2/5,0.04582848197343451,0.2026198079627877,9.084545766983618,28.006287411794737,SLC35D1;SLC35A3,EXPLORATORY -- NOT FDR-CORRECTED,GM12878-origin,0.05
gs_ind_0,Cellular Response To Cold (GO:0070417),2/5,0.04582848197343451,0.2026198079627877,9.084545766983618,28.006287411794737,EIF2AK3;FOXO1,EXPLORATORY -- NOT FDR-CORRECTED,GM12878-origin,0.05
gs_ind_0,Double-Strand Break Repair Via Classical Nonhomologous End Joining (GO:0097680),2/5,0.04582848197343451,0.2026198079627877,9.084545766983618,28.006287411794737,UVRAG;LIG4,EXPLORATORY -- NOT FDR-CORRECTED,GM12878-origin,0.05
gs_ind_0,tRNA Catabolic Process (GO:0016078),2/5,0.04582848197343451,0.2026198079627877,9.084545766983618,28.006287411794737,SLFN13;POP1,EXPLORATORY -- NOT FDR-CORRECTED,GM12878-origin,0.05
gs_ind_0,Adiponectin-Activated Signaling Pathway (GO:0033211),2/5,0.04582848197343451,0.2026198079627877,9.084545766983618,28.006287411794737,SLC27A1;APPL1,EXPLORATORY -- NOT FDR-CORRECTED,GM12878-origin,0.05
gs_ind_0,Hepatocyte Differentiation (GO:0070365),2/5,0.04582848197343451,0.2026198079627877,9.084545766983618,28.006287411794737,E2F7;E2F8,EXPLORATORY -- NOT FDR-CORRECTED,GM12878-origin,0.05
gs_ind_0,Negative Regulation Of Glycogen Biosynthetic Process (GO:0045719),2/5,0.04582848197343451,0.2026198079627877,9.084545766983618,28.006287411794737,SELENOS;PASK,EXPLORATORY -- NOT FDR-CORRECTED,GM12878-origin,0.05
gs_ind_0,Negative Regulation Of Cytokinesis (GO:0032466),2/5,0.04582848197343451,0.2026198079627877,9.084545766983618,28.006287411794737,E2F7;E2F8,EXPLORATORY -- NOT FDR-CORRECTED,GM12878-origin,0.05
gs_ind_0,Regulation Of Thymocyte Apoptotic Process (GO:0070243),2/5,0.04582848197343451,0.2026198079627877,9.084545766983618,28.006287411794737,ZC3H8;TP53,EXPLORATORY -- NOT FDR-CORRECTED,GM12878-origin,0.05
gs_ind_0,Toll-Like Receptor 9 Signaling Pathway (GO:0034162),2/5,0.04582848197343451,0.2026198079627877,9.084545766983618,28.006287411794737,UNC93B1;PIK3AP1,EXPLORATORY -- NOT FDR-CORRECTED,GM12878-origin,0.05
gs_ind_0,Regulation Of Superoxide Metabolic Process (GO:0090322),2/5,0.04582848197343451,0.2026198079627877,9.084545766983618,28.006287411794737,SYK;GCH1,EXPLORATORY -- NOT FDR-CORRECTED,GM12878-origin,0.05
gs_ind_0,Regulation Of Protein Deubiquitination (GO:0090085),2/5,0.04582848197343451,0.2026198079627877,9.084545766983618,28.006287411794737,TRIM21;ZC3H12A,EXPLORATORY -- NOT FDR-CORRECTED,GM12878-origin,0.05
gs_ind_0,Response To Hepatocyte Growth Factor (GO:0035728),2/5,0.04582848197343451,0.2026198079627877,9.084545766983618,28.006287411794737,APPL1;BCAR1,EXPLORATORY -- NOT FDR-CORRECTED,GM12878-origin,0.05
gs_ind_0,Positive Regulation Of Toll-Like Receptor 2 Signaling Pathway (GO:0034137),2/5,0.04582848197343451,0.2026198079627877,9.084545766983618,28.006287411794737,TIRAP;TLR1,EXPLORATORY -- NOT FDR-CORRECTED,GM12878-origin,0.05
gs_ind_0,Regulation Of Apoptotic DNA Fragmentation (GO:1902510),2/5,0.04582848197343451,0.2026198079627877,9.084545766983618,28.006287411794737,ST20;DFFB,EXPLORATORY -- NOT FDR-CORRECTED,GM12878-origin,0.05
gs_ind_0,ISG15-protein Conjugation (GO:0032020),2/5,0.04582848197343451,0.2026198079627877,9.084545766983618,28.006287411794737,UBE2E2;UBE2L6,EXPLORATORY -- NOT FDR-CORRECTED,GM12878-origin,0.05
gs_ind_0,Negative Regulation Of Lens Fiber Cell Differentiation (GO:1902747),2/5,0.04582848197343451,0.2026198079627877,9.084545766983618,28.006287411794737,SPRY2;SPRED1,EXPLORATORY -- NOT FDR-CORRECTED,GM12878-origin,0.05
gs_ind_0,Chondrocyte Development (GO:0002063),2/5,0.04582848197343451,0.2026198079627877,9.084545766983618,28.006287411794737,EIF2AK3;BMPR2,EXPLORATORY -- NOT FDR-CORRECTED,GM12878-origin,0.05
gs_ind_0,Short-Chain Fatty Acid Catabolic Process (GO:0019626),2/5,0.04582848197343451,0.2026198079627877,9.084545766983618,28.006287411794737,PCCA;MCEE,EXPLORATORY -- NOT FDR-CORRECTED,GM12878-origin,0.05
gs_ind_0,Chitin Metabolic Process (GO:0006030),2/5,0.04582848197343451,0.2026198079627877,9.084545766983618,28.006287411794737,CHIT1;CTBS,EXPLORATORY -- NOT FDR-CORRECTED,GM12878-origin,0.05
gs_ind_0,Chitin Catabolic Process (GO:0006032),2/5,0.04582848197343451,0.2026198079627877,9.084545766983618,28.006287411794737,CHIT1;CTBS,EXPLORATORY -- NOT FDR-CORRECTED,GM12878-origin,0.05
gs_ind_0,Double-Strand Break Repair Via Synthesis-Dependent Strand Annealing (GO:0045003),2/5,0.04582848197343451,0.2026198079627877,9.084545766983618,28.006287411794737,HELQ;DMC1,EXPLORATORY -- NOT FDR-CORRECTED,GM12878-origin,0.05
gs_ind_0,Cellular Response To Hepatocyte Growth Factor Stimulus (GO:0035729),2/5,0.04582848197343451,0.2026198079627877,9.084545766983618,28.006287411794737,APPL1;BCAR1,EXPLORATORY -- NOT FDR-CORRECTED,GM12878-origin,0.05
gs_ind_0,Response To DNA Damage Checkpoint Signaling (GO:0072423),2/5,0.04582848197343451,0.2026198079627877,9.084545766983618,28.006287411794737,EME1;SLX4,EXPLORATORY -- NOT FDR-CORRECTED,GM12878-origin,0.05
gs_ind_0,Human T-cell leukemia virus 1 infection,23/217,0.0459274597789362,0.20285395060676428,1.5396348892127565,4.743141022426778,NFKB1;RB1;TGFB3;KAT2B;PPP3CA;ELK4;CCNE2;PIK3R1;E2F1;NFATC4;FOSL1;TNFRSF13C;RELB;PIK3R3;NFKB2;TP53;CREB3;ZFP36;MAP3K14;CRTC1;CREB3L4;E2F2;HLA-DMA,EXPLORATORY -- NOT FDR-CORRECTED,GM12878-origin,0.05
gs_ind_0,Intracellular Protein Transmembrane Transport (GO:0065002),7/46,0.04769231697922178,0.20980811701038882,2.4165624523410094,7.353563206264791,SEC61A2;PEX7;DNLZ;PEX2;PEX10;PEX12;PEX1,EXPLORATORY -- NOT FDR-CORRECTED,GM12878-origin,0.05
gs_ind_0,Response To Hydrogen Peroxide (GO:0042542),7/46,0.04769231697922178,0.20980811701038882,2.4165624523410094,7.353563206264791,GLRX2;HMOX1;TNFAIP3;MAP3K5;FXN;SIRT1;MAPK7,EXPLORATORY -- NOT FDR-CORRECTED,GM12878-origin,0.05
gs_ind_0,Regulation Of Interleukin-10 Production (GO:0032653),7/46,0.04769231697922178,0.20980811701038882,2.4165624523410094,7.353563206264791,PIBF1;VSIR;IL23A;SYK;CD274;PYCARD;DLL1,EXPLORATORY -- NOT FDR-CORRECTED,GM12878-origin,0.05
gs_ind_0,Vacuolar Transport (GO:0007034),7/46,0.04769231697922178,0.20980811701038882,2.4165624523410094,7.353563206264791,CHMP2B;VTI1A;HGSNAT;CHMP1B;VPS37C;LYSET;NEDD4,EXPLORATORY -- NOT FDR-CORRECTED,GM12878-origin,0.05
gs_ind_0,Hippo signaling pathway,18/162,0.04895168273204889,0.21431173670377873,1.6308823668868786,4.920244132160165,WNT2B;CTNNA3;PARD6B;PALS1;BMPR2;SMAD7;FZD2;LATS2;BBC3;TGFB3;STK3;AMOT;RASSF4;WWC1;DLG2;BTRC;DLG4;SAV1,EXPLORATORY -- NOT FDR-CORRECTED,GM12878-origin,0.05
gs_ind_0,Protein Autophosphorylation (GO:0046777),18/162,0.04895168273204889,0.21431173670377873,1.6308823668868786,4.920244132160165,MAP3K12;ERBB2;INSR;FES;MAP3K10;EIF2AK3;MAP3K9;PASK;CAMK2D;DDR2;GRK5;PIM3;STK10;ULK1;ERN1;FGR;FER;MAP4K1,EXPLORATORY -- NOT FDR-CORRECTED,GM12878-origin,0.05
gs_ind_0,Pertussis,10/76,0.048959146746983935,0.21431173670377873,2.0101302460202604,6.06409874981677,NOD1;NFKB1;TICAM1;GNAI3;IL23A;TIRAP;C5;CFL2;CASP7;PYCARD,EXPLORATORY -- NOT FDR-CORRECTED,GM12878-origin,0.05
gs_ind_0,Positive Regulation Of Protein Secretion (GO:0050714),10/76,0.048959146746983935,0.21431173670377873,2.0101302460202604,6.06409874981677,ANG;EXPH5;IER3IP1;BAD;CAPN10;TGFB3;GHRL;ADAM8;APBB3;SOX4,EXPLORATORY -- NOT FDR-CORRECTED,GM12878-origin,0.05
gs_ind_0,Regulation Of TOR Signaling (GO:0032006),10/76,0.048959146746983935,0.21431173670377873,2.0101302460202604,6.06409874981677,WDR24;RRAGB;TSSK6;DEPDC5;SIRT1;DGKQ;RRAGC;TNFAIP8L1;SMCR8;EPM2A,EXPLORATORY -- NOT FDR-CORRECTED,GM12878-origin,0.05
gs_ind_0,Pyrimidine metabolism,8/56,0.049239674074916806,0.21444824260919212,2.2307552130357786,6.716927969302067,DCK;NUDT2;RRM2B;TK2;NT5M;AK9;ENTPD5;CMPK2,EXPLORATORY -- NOT FDR-CORRECTED,GM12878-origin,0.05
gs_ind_0,Regulation Of Reactive Oxygen Species Metabolic Process (GO:2000377),8/56,0.049239674074916806,0.21444824260919212,2.2307552130357786,6.716927969302067,DHRS4;TP53;SIRT5;ZC3H12A;SPHK2;COQ7;STK17A;ALOX5,EXPLORATORY -- NOT FDR-CORRECTED,GM12878-origin,0.05
gs_ind_0,Mitotic DNA Damage Checkpoint Signaling (GO:0044773),8/56,0.049239674074916806,0.21444824260919212,2.2307552130357786,6.716927969302067,NEK11;TP53;EME2;RAD9B;ZNF830;FOXN3;BRSK1;EME1,EXPLORATORY -- NOT FDR-CORRECTED,GM12878-origin,0.05
gs_ind_0,Positive Regulation Of DNA-templated Transcription Initiation (GO:2000144),8/56,0.049239674074916806,0.21444824260919212,2.2307552130357786,6.716927969302067,MED29;TAF3;TAF5;FOSL1;MED11;MED9;PAXIP1;MED31,EXPLORATORY -- NOT FDR-CORRECTED,GM12878-origin,0.05
gs_ind_0,"Positive Regulation Of DNA-templated Transcription, Elongation (GO:0032786)",8/56,0.049239674074916806,0.21444824260919212,2.2307552130357786,6.716927969302067,ELL3;MED29;MED31;ELL;MED11;PWWP2A;MED9;LEO1,EXPLORATORY -- NOT FDR-CORRECTED,GM12878-origin,0.05
gs_ind_0,Glycosaminoglycan Metabolic Process (GO:0030203),5/28,0.049476829113781394,0.21444824260919212,2.978002684765493,8.952623006222955,B4GALT7;IDUA;SGSH;XYLT2;FUCA1,EXPLORATORY -- NOT FDR-CORRECTED,GM12878-origin,0.05
gs_ind_0,Regulation Of Protein Localization To Membrane (GO:1905475),5/28,0.049476829113781394,0.21444824260919212,2.978002684765493,8.952623006222955,APPL1;CRIPT;STX8;ZDHHC2;STX7,EXPLORATORY -- NOT FDR-CORRECTED,GM12878-origin,0.05
gs_ind_0,Hematopoietic Progenitor Cell Differentiation (GO:0002244),5/28,0.049476829113781394,0.21444824260919212,2.978002684765493,8.952623006222955,MLLT3;HOXB4;TP53;PTPRC;UFL1,EXPLORATORY -- NOT FDR-CORRECTED,GM12878-origin,0.05
gs_ind_0,Alpha-Amino Acid Metabolic Process (GO:1901605),5/28,0.049476829113781394,0.21444824260919212,2.978002684765493,8.952623006222955,ALDH6A1;SRR;KMO;DDAH2;KYAT1,EXPLORATORY -- NOT FDR-CORRECTED,GM12878-origin,0.05
gs_ind_0,Phospholipid Catabolic Process (GO:0009395),5/28,0.049476829113781394,0.21444824260919212,2.978002684765493,8.952623006222955,PLD1;SMPD1;PLA2G4C;PLPP6;GPCPD1,EXPLORATORY -- NOT FDR-CORRECTED,GM12878-origin,0.05
gs_ind_0,Positive Regulation Of Immune Effector Process (GO:0002699),6/37,0.04954402918348512,0.21452856644479606,2.62594028564801,7.89067096480665,IL12RB1;DDX60;IL23A;PTPRC;DHX58;PTPRJ,EXPLORATORY -- NOT FDR-CORRECTED,GM12878-origin,0.05
