gene_id	mean_tpm	decile	is_switching
ENSG00000000457	2.215	4	True
ENSG00000001461	7.015	6	True
ENSG00000002016	0.81	2	True
ENSG00000002330	0.825	2	True
ENSG00000003096	1.42	3	True
ENSG00000003147	4.465	5	True
ENSG00000003249	0.5549999999999999	1	True
ENSG00000003393	2.97	4	True
ENSG00000004059	9.635	6	True
ENSG00000004399	0.16	0	True
ENSG00000004660	0.345	1	True
ENSG00000004975	0.9750000000000001	2	True
ENSG00000005059	0.915	2	True
ENSG00000005238	0.305	1	True
ENSG00000005249	41.974999999999994	8	True
ENSG00000005436	7.005000000000001	6	True
ENSG00000005448	7.595000000000001	6	True
ENSG00000005469	3.0549999999999997	4	True
ENSG00000005801	24.875	8	True
ENSG00000005812	2.44	4	True
ENSG00000006016	1.3199999999999998	3	True
ENSG00000006042	80.425	9	True
ENSG00000006062	0.265	1	True
ENSG00000006194	3.12	4	True
ENSG00000006327	0.275	1	True
ENSG00000006459	0.685	2	True
ENSG00000006468	4.255	5	True
ENSG00000006638	1.65	3	True
ENSG00000006704	7.305	6	True
ENSG00000006747	2.77	4	True
ENSG00000006837	2.375	4	True
ENSG00000007038	9.425	6	True
ENSG00000007255	0.31999999999999995	1	True
ENSG00000007372	0.925	2	True
ENSG00000007545	0.275	1	True
ENSG00000007866	0.6000000000000001	2	True
ENSG00000007968	2.605	4	True
ENSG00000008256	0.18	0	True
ENSG00000008282	137.96	9	True
ENSG00000008300	0.125	0	True
ENSG00000008324	235.425	9	True
ENSG00000008382	0.74	2	True
ENSG00000008513	1.085	2	True
ENSG00000008710	0.10500000000000001	0	True
ENSG00000008838	4.475	5	True
ENSG00000008952	102.73	9	True
ENSG00000009307	108.97999999999999	9	True
ENSG00000009780	10.315000000000001	6	True
ENSG00000010278	0.45499999999999996	1	True
ENSG00000010539	3.895	5	True
ENSG00000010626	1.58	3	True
ENSG00000010704	0.225	0	True
ENSG00000010810	2.5300000000000002	4	True
ENSG00000011052	17.64	7	True
ENSG00000011258	1.8299999999999998	3	True
ENSG00000011422	5.65	5	True
ENSG00000011523	0.995	2	True
ENSG00000012174	2.9299999999999997	4	True
ENSG00000012822	2.26	4	True
ENSG00000012983	3.825	5	True
ENSG00000013288	0.20500000000000002	0	True
ENSG00000013392	1.685	3	True
ENSG00000013563	0.495	1	True
ENSG00000013583	1.17	3	True
ENSG00000014123	13.760000000000002	7	True
ENSG00000015133	0.385	1	True
ENSG00000015285	0.235	0	True
ENSG00000015532	0.495	1	True
ENSG00000017427	10.54	6	True
ENSG00000019144	2.1900000000000004	4	True
ENSG00000020577	1.0150000000000001	2	True
ENSG00000021355	42.73	8	True
ENSG00000022567	0.56	2	True
ENSG00000022976	0.43499999999999994	1	True
ENSG00000023041	13.754999999999999	7	True
ENSG00000023516	2.31	4	True
ENSG00000023572	9.785	6	True
ENSG00000023608	4.395	5	True
ENSG00000023697	11.135	6	True
ENSG00000023902	0.245	0	True
ENSG00000024862	15.52	7	True
ENSG00000025434	7.140000000000001	6	True
ENSG00000026508	1.0	2	True
ENSG00000026652	1.865	3	True
ENSG00000026950	0.505	1	True
ENSG00000027001	1.4449999999999998	3	True
ENSG00000027075	0.585	2	True
ENSG00000027697	29.535	8	True
ENSG00000027847	0.29000000000000004	1	True
ENSG00000031691	30.06	8	True
ENSG00000032219	1.725	3	True
ENSG00000032742	5.495	5	True
ENSG00000033011	0.885	2	True
ENSG00000033170	4.3100000000000005	5	True
ENSG00000033327	3.7	4	True
ENSG00000034152	0.115	0	True
ENSG00000034533	5.915	5	True
ENSG00000035115	3.33	4	True
ENSG00000035687	7.035	6	True
ENSG00000036672	3.6999999999999997	4	True
ENSG00000037965	0.17	0	True
ENSG00000038002	11.315000000000001	7	True
ENSG00000038210	2.98	4	True
ENSG00000038382	0.29500000000000004	1	True
ENSG00000039319	4.295	5	True
ENSG00000039560	7.3	6	True
ENSG00000040199	0.675	2	True
ENSG00000040531	0.43999999999999995	1	True
ENSG00000041880	0.42500000000000004	1	True
ENSG00000041988	1.71	3	True
ENSG00000042286	2.13	4	True
ENSG00000042317	0.58	2	True
ENSG00000043355	7.0649999999999995	6	True
ENSG00000046647	13.370000000000001	7	True
ENSG00000046651	31.534999999999997	8	True
ENSG00000046653	0.2	0	True
ENSG00000047188	1.625	3	True
ENSG00000047315	37.465	8	True
ENSG00000047346	1.6800000000000002	3	True
ENSG00000047578	0.915	2	True
ENSG00000047597	2.7750000000000004	4	True
ENSG00000047648	8.705	6	True
ENSG00000048392	4.455	5	True
ENSG00000048471	3.425	4	True
ENSG00000049192	0.28	1	True
ENSG00000049246	8.14	6	True
ENSG00000049323	2.77	4	True
ENSG00000049449	1.19	3	True
ENSG00000049860	17.630000000000003	7	True
ENSG00000049883	12.74	7	True
ENSG00000050344	2.39	4	True
ENSG00000050405	11.32	7	True
ENSG00000050628	2.9	4	True
ENSG00000051620	6.2	5	True
ENSG00000052126	4.495	5	True
ENSG00000053254	0.20500000000000002	0	True
ENSG00000053524	0.5	1	True
ENSG00000054611	0.19	0	True
ENSG00000054690	0.37	1	True
ENSG00000054965	0.345	1	True
ENSG00000054967	0.73	2	True
ENSG00000054983	1.415	3	True
ENSG00000055118	14.54	7	True
ENSG00000055163	0.92	2	True
ENSG00000055211	3.085	4	True
ENSG00000056050	24.729999999999997	8	True
ENSG00000056277	1.1	2	True
ENSG00000056736	0.78	2	True
ENSG00000057019	2.935	4	True
ENSG00000057294	1.095	2	True
ENSG00000057657	0.16499999999999998	0	True
ENSG00000057935	11.065	6	True
ENSG00000058056	0.11000000000000001	0	True
ENSG00000058673	20.59	7	True
ENSG00000059122	0.195	0	True
ENSG00000059145	0.33	1	True
ENSG00000059377	0.95	2	True
ENSG00000059378	3.3	4	True
ENSG00000059769	2.9749999999999996	4	True
ENSG00000060140	0.36	1	True
ENSG00000060642	7.545	6	True
ENSG00000061273	1.8050000000000002	3	True
ENSG00000061656	1.63	3	True
ENSG00000061676	22.195	7	True
ENSG00000061936	1.535	3	True
ENSG00000062524	0.16999999999999998	0	True
ENSG00000063322	1.26	3	True
ENSG00000063761	2.87	4	True
ENSG00000064933	10.655	6	True
ENSG00000064999	0.815	2	True
ENSG00000065029	0.7849999999999999	2	True
ENSG00000065054	0.14	0	True
ENSG00000065135	4.765000000000001	5	True
ENSG00000065154	187.88	9	True
ENSG00000065308	1.825	3	True
ENSG00000065357	2.21	4	True
ENSG00000065491	3.6900000000000004	4	True
ENSG00000065534	0.16	0	True
ENSG00000065615	6.98	6	True
ENSG00000065665	0.8	2	True
ENSG00000065675	2.5700000000000003	4	True
ENSG00000065717	0.29000000000000004	1	True
ENSG00000065833	2.145	4	True
ENSG00000065882	0.365	1	True
ENSG00000065970	0.7849999999999999	2	True
ENSG00000065989	0.475	1	True
ENSG00000066027	19.285	7	True
ENSG00000066294	1.0750000000000002	2	True
ENSG00000066379	240.83499999999998	9	True
ENSG00000066427	10.09	6	True
ENSG00000066455	4.824999999999999	5	True
ENSG00000066583	13.445	7	True
ENSG00000066739	0.6699999999999999	2	True
ENSG00000066827	0.19	0	True
ENSG00000066923	0.7749999999999999	2	True
ENSG00000067208	3.145	4	True
ENSG00000067221	0.15	0	True
ENSG00000067248	4.6899999999999995	5	True
ENSG00000067533	37.379999999999995	8	True
ENSG00000067601	8.725	6	True
ENSG00000067836	0.6	2	True
ENSG00000068078	0.885	2	True
ENSG00000068079	4.03	5	True
ENSG00000068137	0.385	1	True
ENSG00000068305	1.155	3	True
ENSG00000068354	0.32	1	True
ENSG00000068383	0.425	1	True
ENSG00000068400	2.625	4	True
ENSG00000068650	0.38	1	True
ENSG00000068724	0.6	2	True
ENSG00000068885	4.01	5	True
ENSG00000068903	2.36	4	True
ENSG00000069011	0.12	0	True
ENSG00000069275	43.465	8	True
ENSG00000069424	2.01	3	True
ENSG00000069482	9.045	6	True
ENSG00000069509	41.915	8	True
ENSG00000069869	4.92	5	True
ENSG00000070010	416.69	9	True
ENSG00000070182	0.15	0	True
ENSG00000070423	0.24	0	True
ENSG00000070444	0.12	0	True
ENSG00000070476	0.515	1	True
ENSG00000070540	2.635	4	True
ENSG00000070759	1.1	2	True
ENSG00000070814	11.29	7	True
ENSG00000071051	0.765	2	True
ENSG00000071054	5.1850000000000005	5	True
ENSG00000071189	3.4000000000000004	4	True
ENSG00000071537	5.45	5	True
ENSG00000071553	6.85	6	True
ENSG00000071575	8.185	6	True
ENSG00000072071	0.155	0	True
ENSG00000072110	2.1	3	True
ENSG00000072135	12.4	7	True
ENSG00000072182	0.135	0	True
ENSG00000072401	3.08	4	True
ENSG00000072415	2.7800000000000002	4	True
ENSG00000072422	1.275	3	True
ENSG00000072609	0.33499999999999996	1	True
ENSG00000072682	10.785	6	True
ENSG00000072778	20.415	7	True
ENSG00000072786	0.305	1	True
ENSG00000072818	0.48	1	True
ENSG00000072849	79.315	9	True
ENSG00000072954	0.185	0	True
ENSG00000073050	1.5699999999999998	3	True
ENSG00000073169	0.23	0	True
ENSG00000073331	2.365	4	True
ENSG00000073350	0.26	1	True
ENSG00000073711	0.11000000000000001	0	True
ENSG00000073792	2.58	4	True
ENSG00000073910	0.15000000000000002	0	True
ENSG00000074219	1.2349999999999999	3	True
ENSG00000074356	2.4050000000000002	4	True
ENSG00000074621	2.05	3	True
ENSG00000075035	0.5549999999999999	1	True
ENSG00000075218	2.455	4	True
ENSG00000075240	0.18	0	True
ENSG00000075340	2.6950000000000003	4	True
ENSG00000075407	2.4749999999999996	4	True
ENSG00000075624	1614.905	9	True
ENSG00000075651	16.240000000000002	7	True
ENSG00000076043	96.07499999999999	9	True
ENSG00000076053	49.035	8	True
ENSG00000076067	0.12	0	True
ENSG00000076351	0.27	1	True
ENSG00000076650	2.64	4	True
ENSG00000076864	0.445	1	True
ENSG00000077232	6.220000000000001	5	True
ENSG00000077238	0.185	0	True
ENSG00000077713	1.035	2	True
ENSG00000078043	2.085	3	True
ENSG00000078070	10.100000000000001	6	True
ENSG00000078081	0.515	1	True
ENSG00000078124	1.565	3	True
ENSG00000078177	2.145	4	True
ENSG00000078246	2.465	4	True
ENSG00000078269	1.86	3	True
ENSG00000078319	21.655	7	True
ENSG00000078487	0.245	0	True
ENSG00000078699	0.25	0	True
ENSG00000078804	0.575	2	True
ENSG00000078808	3.27	4	True
ENSG00000079150	15.655000000000001	7	True
ENSG00000079156	2.005	3	True
ENSG00000079332	84.99	9	True
ENSG00000079393	2.61	4	True
ENSG00000079785	109.99000000000001	9	True
ENSG00000079950	7.945	6	True
ENSG00000079974	0.635	2	True
ENSG00000080200	0.11000000000000001	0	True
ENSG00000080298	0.665	2	True
ENSG00000080371	5.335	5	True
ENSG00000080546	2.17	4	True
ENSG00000080823	1.7000000000000002	3	True
ENSG00000080839	2.275	4	True
ENSG00000081014	0.73	2	True
ENSG00000081026	0.57	2	True
ENSG00000081041	1.925	3	True
ENSG00000081059	1.4	3	True
ENSG00000081177	1.0699999999999998	2	True
ENSG00000081181	17.555	7	True
ENSG00000081237	24.93	8	True
ENSG00000081377	0.9750000000000001	2	True
ENSG00000081386	3.295	4	True
ENSG00000081760	1.78	3	True
ENSG00000082068	11.8	7	True
ENSG00000082175	0.365	1	True
ENSG00000082258	7.029999999999999	6	True
ENSG00000082512	1.245	3	True
ENSG00000082805	0.75	2	True
ENSG00000083097	0.54	1	True
ENSG00000083099	61.75	8	True
ENSG00000083123	2.9	4	True
ENSG00000083454	0.435	1	True
ENSG00000083535	6.285	5	True
ENSG00000083544	2.325	4	True
ENSG00000083635	2.02	3	True
ENSG00000083750	4.975	5	True
ENSG00000083799	3.38	4	True
ENSG00000083814	0.335	1	True
ENSG00000083817	0.41500000000000004	1	True
ENSG00000083937	5.225	5	True
ENSG00000084092	1.715	3	True
ENSG00000084093	4.16	5	True
ENSG00000084112	0.315	1	True
ENSG00000084444	0.74	2	True
ENSG00000084731	0.45999999999999996	1	True
ENSG00000084734	0.17	0	True
ENSG00000084754	89.14500000000001	9	True
ENSG00000084764	0.7050000000000001	2	True
ENSG00000085117	0.215	0	True
ENSG00000085185	0.42500000000000004	1	True
ENSG00000085276	6.53	6	True
ENSG00000085382	2.965	4	True
ENSG00000085433	0.96	2	True
ENSG00000085491	5.065	5	True
ENSG00000085644	0.375	1	True
ENSG00000085733	8.78	6	True
ENSG00000085831	0.14500000000000002	0	True
ENSG00000085982	3.575	4	True
ENSG00000086065	67.23	9	True
ENSG00000086300	8.705	6	True
ENSG00000086506	13.704999999999998	7	True
ENSG00000086544	0.105	0	True
ENSG00000086619	1.31	3	True
ENSG00000087008	0.615	2	True
ENSG00000087253	1.905	3	True
ENSG00000087266	0.51	1	True
ENSG00000087274	15.165	7	True
ENSG00000087299	0.965	2	True
ENSG00000087301	1.03	2	True
ENSG00000087470	14.895	7	True
ENSG00000087589	5.955	5	True
ENSG00000087842	16.54	7	True
ENSG00000088035	19.075	7	True
ENSG00000088256	0.21999999999999997	0	True
ENSG00000088280	1.7200000000000002	3	True
ENSG00000088298	6.625	6	True
ENSG00000088305	7.895	6	True
ENSG00000088356	24.31	8	True
ENSG00000088727	41.305	8	True
ENSG00000088854	0.265	1	True
ENSG00000088876	0.955	2	True
ENSG00000088899	0.14	0	True
ENSG00000088970	3.6950000000000003	4	True
ENSG00000088992	0.685	2	True
ENSG00000089048	9.12	6	True
ENSG00000089050	0.525	1	True
ENSG00000089123	5.47	5	True
ENSG00000089159	3.81	5	True
ENSG00000089177	0.6699999999999999	2	True
ENSG00000089195	6.994999999999999	6	True
ENSG00000089327	96.11	9	True
ENSG00000089639	0.21500000000000002	0	True
ENSG00000089682	7.085	6	True
ENSG00000089775	0.345	1	True
ENSG00000090534	0.14	0	True
ENSG00000090554	0.14500000000000002	0	True
ENSG00000090565	0.275	1	True
ENSG00000090674	0.145	0	True
ENSG00000090932	0.5800000000000001	2	True
ENSG00000091136	6.865	6	True
ENSG00000091157	0.81	2	True
ENSG00000091490	8.225	6	True
ENSG00000091640	4.07	5	True
ENSG00000091656	2.07	3	True
ENSG00000092020	27.08	8	True
ENSG00000092199	447.445	9	True
ENSG00000092330	6.725	6	True
ENSG00000092445	1.7200000000000002	3	True
ENSG00000092607	2.0100000000000002	3	True
ENSG00000092621	5.109999999999999	5	True
ENSG00000092871	2.48	4	True
ENSG00000092931	11.215	7	True
ENSG00000092978	0.195	0	True
ENSG00000094841	5.045	5	True
ENSG00000095203	0.155	0	True
ENSG00000095303	3.075	4	True
ENSG00000095397	0.18	0	True
ENSG00000095539	1.54	3	True
ENSG00000095574	6.66	6	True
ENSG00000095596	0.14	0	True
ENSG00000095637	1.185	3	True
ENSG00000095739	1.415	3	True
ENSG00000096070	1.5950000000000002	3	True
ENSG00000096092	32.105000000000004	8	True
ENSG00000096093	12.74	7	True
ENSG00000096654	4.85	5	True
ENSG00000096717	5.404999999999999	5	True
ENSG00000096872	5.1	5	True
ENSG00000099256	13.01	7	True
ENSG00000099308	1.77	3	True
ENSG00000099326	0.9299999999999999	2	True
ENSG00000099385	1.025	2	True
ENSG00000099785	0.24	0	True
ENSG00000099889	0.11	0	True
ENSG00000099958	0.95	2	True
ENSG00000099992	0.115	0	True
ENSG00000100030	34.269999999999996	8	True
ENSG00000100031	0.81	2	True
ENSG00000100034	1.75	3	True
ENSG00000100065	0.19	0	True
ENSG00000100068	0.53	1	True
ENSG00000100077	0.87	2	True
ENSG00000100092	0.12000000000000001	0	True
ENSG00000100105	0.545	1	True
ENSG00000100116	2.245	4	True
ENSG00000100124	8.46	6	True
ENSG00000100150	1.775	3	True
ENSG00000100151	0.11000000000000001	0	True
ENSG00000100154	0.34	1	True
ENSG00000100206	4.525	5	True
ENSG00000100207	0.44499999999999995	1	True
ENSG00000100209	2.16	4	True
ENSG00000100211	11.135	6	True
ENSG00000100243	1.055	2	True
ENSG00000100246	0.34500000000000003	1	True
ENSG00000100263	0.20500000000000002	0	True
ENSG00000100300	3.79	5	True
ENSG00000100319	1.185	3	True
ENSG00000100320	5.25	5	True
ENSG00000100330	1.05	2	True
ENSG00000100342	2.71	4	True
ENSG00000100364	0.22999999999999998	0	True
ENSG00000100387	194.32999999999998	9	True
ENSG00000100422	0.745	2	True
ENSG00000100425	0.32999999999999996	1	True
ENSG00000100429	0.14500000000000002	0	True
ENSG00000100439	4.555	5	True
ENSG00000100441	0.865	2	True
ENSG00000100442	62.925	8	True
ENSG00000100445	8.43	6	True
ENSG00000100473	18.315	7	True
ENSG00000100478	4.0649999999999995	5	True
ENSG00000100483	2.125	4	True
ENSG00000100485	1.435	3	True
ENSG00000100503	0.7949999999999999	2	True
ENSG00000100504	2.98	4	True
ENSG00000100523	1.275	3	True
ENSG00000100532	10.94	6	True
ENSG00000100577	7.1899999999999995	6	True
ENSG00000100592	4.04	5	True
ENSG00000100600	0.105	0	True
ENSG00000100601	3.75	5	True
ENSG00000100625	0.7	2	True
ENSG00000100647	3.665	4	True
ENSG00000100731	0.22	0	True
ENSG00000100784	0.76	2	True
ENSG00000100852	2.475	4	True
ENSG00000100908	2.175	4	True
ENSG00000100916	0.875	2	True
ENSG00000100926	4.025	5	True
ENSG00000100934	4.41	5	True
ENSG00000100941	17.375	7	True
ENSG00000100994	0.265	1	True
ENSG00000100997	0.44	1	True
ENSG00000101017	0.825	2	True
ENSG00000101052	15.345	7	True
ENSG00000101096	3.0149999999999997	4	True
ENSG00000101104	4.275	5	True
ENSG00000101190	0.62	2	True
ENSG00000101210	0.435	1	True
ENSG00000101236	12.594999999999999	7	True
ENSG00000101290	6.795	6	True
ENSG00000101350	1.79	3	True
ENSG00000101363	11.0	6	True
ENSG00000101400	0.86	2	True
ENSG00000101412	0.11	0	True
ENSG00000101417	20.535	7	True
ENSG00000101444	66.575	9	True
ENSG00000101445	1.21	3	True
ENSG00000101474	3.86	5	True
ENSG00000101546	3.2750000000000004	4	True
ENSG00000101574	18.07	7	True
ENSG00000101670	0.93	2	True
ENSG00000101751	2.16	4	True
ENSG00000101752	4.635	5	True
ENSG00000101844	10.72	6	True
ENSG00000101882	1.8199999999999998	3	True
ENSG00000101888	19.115000000000002	7	True
ENSG00000101898	0.345	1	True
ENSG00000101928	11.29	7	True
ENSG00000101955	0.52	1	True
ENSG00000101966	3.56	4	True
ENSG00000102038	0.315	1	True
ENSG00000102043	2.035	3	True
ENSG00000102078	20.17	7	True
ENSG00000102098	11.545	7	True
ENSG00000102103	29.62	8	True
ENSG00000102125	0.275	1	True
ENSG00000102181	0.505	1	True
ENSG00000102218	1.17	3	True
ENSG00000102221	1.635	3	True
ENSG00000102241	11.395	7	True
ENSG00000102309	41.0	8	True
ENSG00000102312	0.15	0	True
ENSG00000102316	16.700000000000003	7	True
ENSG00000102362	1.175	3	True
ENSG00000102390	29.78	8	True
ENSG00000102401	2.19	4	True
ENSG00000102409	55.175	8	True
ENSG00000102471	16.68	7	True
ENSG00000102531	2.75	4	True
ENSG00000102543	9.745000000000001	6	True
ENSG00000102547	1.955	3	True
ENSG00000102595	2.99	4	True
ENSG00000102738	35.394999999999996	8	True
ENSG00000102780	0.36000000000000004	1	True
ENSG00000102781	1.87	3	True
ENSG00000102796	0.5	1	True
ENSG00000102805	3.225	4	True
ENSG00000102870	0.28500000000000003	1	True
ENSG00000102871	0.645	2	True
ENSG00000102879	0.2	0	True
ENSG00000102984	0.615	2	True
ENSG00000103037	6.0649999999999995	5	True
ENSG00000103042	1.68	3	True
ENSG00000103061	1.725	3	True
ENSG00000103066	0.37	1	True
ENSG00000103091	8.33	6	True
ENSG00000103145	1.62	3	True
ENSG00000103150	0.125	0	True
ENSG00000103160	8.735	6	True
ENSG00000103199	0.7	2	True
ENSG00000103260	0.23500000000000001	0	True
ENSG00000103343	3.9299999999999997	5	True
ENSG00000103351	6.005000000000001	5	True
ENSG00000103404	0.7749999999999999	2	True
ENSG00000103490	0.845	2	True
ENSG00000103494	3.99	5	True
ENSG00000103510	7.145	6	True
ENSG00000103540	2.395	4	True
ENSG00000103599	1.565	3	True
ENSG00000103642	2.36	4	True
ENSG00000103671	8.379999999999999	6	True
ENSG00000103707	0.89	2	True
ENSG00000103852	0.355	1	True
ENSG00000103966	0.685	2	True
ENSG00000104043	0.20500000000000002	0	True
ENSG00000104205	1.115	2	True
ENSG00000104218	7.895	6	True
ENSG00000104219	1.98	3	True
ENSG00000104231	91.22	9	True
ENSG00000104324	8.225	6	True
ENSG00000104331	2.42	4	True
ENSG00000104341	44.735	8	True
ENSG00000104343	10.14	6	True
ENSG00000104356	17.69	7	True
ENSG00000104375	6.555	6	True
ENSG00000104381	0.765	2	True
ENSG00000104427	1.895	3	True
ENSG00000104450	0.19	0	True
ENSG00000104490	1.71	3	True
ENSG00000104497	4.705	5	True
ENSG00000104524	0.41000000000000003	1	True
ENSG00000104643	2.23	4	True
ENSG00000104689	5.47	5	True
ENSG00000104756	16.225	7	True
ENSG00000104765	51.995000000000005	8	True
ENSG00000104783	0.465	1	True
ENSG00000104814	0.49	1	True
ENSG00000104825	1.0	2	True
ENSG00000104833	0.11	0	True
ENSG00000104881	0.43499999999999994	1	True
ENSG00000104894	5.484999999999999	5	True
ENSG00000104901	0.11499999999999999	0	True
ENSG00000104946	0.24	0	True
ENSG00000104953	1.175	3	True
ENSG00000104976	0.55	1	True
ENSG00000104998	1.165	3	True
ENSG00000105072	0.35	1	True
ENSG00000105136	0.12	0	True
ENSG00000105186	5.449999999999999	5	True
ENSG00000105245	0.435	1	True
ENSG00000105248	0.27	1	True
ENSG00000105290	0.7	2	True
ENSG00000105321	0.325	1	True
ENSG00000105327	0.185	0	True
ENSG00000105401	5.0	5	True
ENSG00000105404	4.32	5	True
ENSG00000105426	0.7849999999999999	2	True
ENSG00000105429	0.155	0	True
ENSG00000105438	4.08	5	True
ENSG00000105464	0.31	1	True
ENSG00000105483	11.775	7	True
ENSG00000105514	0.69	2	True
ENSG00000105516	0.255	1	True
ENSG00000105520	0.395	1	True
ENSG00000105538	0.14500000000000002	0	True
ENSG00000105610	6.71	6	True
ENSG00000105613	0.23	0	True
ENSG00000105617	0.18	0	True
ENSG00000105619	0.5700000000000001	2	True
ENSG00000105655	17.885	7	True
ENSG00000105656	0.53	1	True
ENSG00000105677	61.295	8	True
ENSG00000105698	0.24	0	True
ENSG00000105708	2.005	3	True
ENSG00000105750	0.34500000000000003	1	True
ENSG00000105792	0.19	0	True
ENSG00000105854	7.04	6	True
ENSG00000105875	1.52	3	True
ENSG00000105889	21.04	7	True
ENSG00000105928	0.38	1	True
ENSG00000105948	9.635	6	True
ENSG00000105976	0.795	2	True
ENSG00000105982	2.495	4	True
ENSG00000106012	0.375	1	True
ENSG00000106034	182.235	9	True
ENSG00000106066	1.775	3	True
ENSG00000106069	0.115	0	True
ENSG00000106077	4.895	5	True
ENSG00000106080	6.29	5	True
ENSG00000106086	2.08	3	True
ENSG00000106089	0.105	0	True
ENSG00000106100	0.40499999999999997	1	True
ENSG00000106123	1.475	3	True
ENSG00000106125	1.3399999999999999	3	True
ENSG00000106144	15.335	7	True
ENSG00000106246	0.335	1	True
ENSG00000106299	2.765	4	True
ENSG00000106330	1.105	2	True
ENSG00000106346	2.505	4	True
ENSG00000106348	0.6799999999999999	2	True
ENSG00000106351	0.195	0	True
ENSG00000106415	2.055	3	True
ENSG00000106477	10.22	6	True
ENSG00000106479	1.17	3	True
ENSG00000106484	0.25	0	True
ENSG00000106524	22.84	8	True
ENSG00000106537	5.385	5	True
ENSG00000106560	0.935	2	True
ENSG00000106615	20.884999999999998	7	True
ENSG00000106665	0.10500000000000001	0	True
ENSG00000106692	3.9350000000000005	5	True
ENSG00000106701	1.1	2	True
ENSG00000106733	0.845	2	True
ENSG00000106789	7.13	6	True
ENSG00000106799	35.63	8	True
ENSG00000106803	53.55	8	True
ENSG00000106829	0.76	2	True
ENSG00000106852	2.415	4	True
ENSG00000106948	0.225	0	True
ENSG00000106976	0.305	1	True
ENSG00000106993	1.0550000000000002	2	True
ENSG00000107020	8.275	6	True
ENSG00000107021	2.335	4	True
ENSG00000107104	0.17500000000000002	0	True
ENSG00000107130	0.255	1	True
ENSG00000107175	4.335	5	True
ENSG00000107185	0.42000000000000004	1	True
ENSG00000107201	0.235	0	True
ENSG00000107242	1.995	3	True
ENSG00000107262	6.27	5	True
ENSG00000107338	0.69	2	True
ENSG00000107443	0.43	1	True
ENSG00000107537	4.45	5	True
ENSG00000107554	0.5	1	True
ENSG00000107560	2.535	4	True
ENSG00000107566	6.1850000000000005	5	True
ENSG00000107614	5.4350000000000005	5	True
ENSG00000107669	1.9899999999999998	3	True
ENSG00000107679	0.185	0	True
ENSG00000107738	0.22000000000000003	0	True
ENSG00000107789	8.86	6	True
ENSG00000107819	0.125	0	True
ENSG00000107821	0.165	0	True
ENSG00000107829	0.875	2	True
ENSG00000107882	0.32	1	True
ENSG00000107890	1.5699999999999998	3	True
ENSG00000107897	1.26	3	True
ENSG00000107902	0.33499999999999996	1	True
ENSG00000107960	7.175000000000001	6	True
ENSG00000107968	11.379999999999999	7	True
ENSG00000108021	8.425	6	True
ENSG00000108175	1.125	2	True
ENSG00000108187	1.25	3	True
ENSG00000108239	2.38	4	True
ENSG00000108344	1.2	3	True
ENSG00000108352	0.185	0	True
ENSG00000108370	0.27	1	True
ENSG00000108375	0.285	1	True
ENSG00000108384	234.10500000000002	9	True
ENSG00000108405	0.44999999999999996	1	True
ENSG00000108515	5.050000000000001	5	True
ENSG00000108557	0.675	2	True
ENSG00000108590	28.805	8	True
ENSG00000108599	2.705	4	True
ENSG00000108622	30.015	8	True
ENSG00000108641	7.85	6	True
ENSG00000108666	31.52	8	True
ENSG00000108669	0.485	1	True
ENSG00000108733	3.075	4	True
ENSG00000108773	1.435	3	True
ENSG00000108786	0.37	1	True
ENSG00000108828	34.325	8	True
ENSG00000108854	2.795	4	True
ENSG00000108932	0.11	0	True
ENSG00000108960	2.1550000000000002	4	True
ENSG00000108961	41.66	8	True
ENSG00000109066	0.31	1	True
ENSG00000109083	8.125	6	True
ENSG00000109089	5.425	5	True
ENSG00000109103	0.39	1	True
ENSG00000109189	2.31	4	True
ENSG00000109220	0.775	2	True
ENSG00000109255	56.93	8	True
ENSG00000109320	1.755	3	True
ENSG00000109321	1.0699999999999998	2	True
ENSG00000109323	1.49	3	True
ENSG00000109339	0.11	0	True
ENSG00000109445	51.255	8	True
ENSG00000109458	0.855	2	True
ENSG00000109466	2.21	4	True
ENSG00000109618	2.635	4	True
ENSG00000109689	6.25	5	True
ENSG00000109771	0.32	1	True
ENSG00000109861	271.59000000000003	9	True
ENSG00000109881	4.375	5	True
ENSG00000110031	1.5150000000000001	3	True
ENSG00000110047	0.305	1	True
ENSG00000110060	26.4	8	True
ENSG00000110077	3.9	5	True
ENSG00000110171	0.355	1	True
ENSG00000110274	2.8049999999999997	4	True
ENSG00000110315	34.150000000000006	8	True
ENSG00000110324	0.16499999999999998	0	True
ENSG00000110442	82.95500000000001	9	True
ENSG00000110455	3.035	4	True
ENSG00000110492	17.125	7	True
ENSG00000110660	26.695	8	True
ENSG00000110696	271.52	9	True
ENSG00000110723	3.13	4	True
ENSG00000110756	7.42	6	True
ENSG00000110841	0.375	1	True
ENSG00000110844	0.355	1	True
ENSG00000110848	128.315	9	True
ENSG00000110852	3.95	5	True
ENSG00000110876	0.32	1	True
ENSG00000110925	1.385	3	True
ENSG00000110944	23.695	8	True
ENSG00000110975	0.15	0	True
ENSG00000110987	0.255	1	True
ENSG00000111012	0.14500000000000002	0	True
ENSG00000111057	18.375	7	True
ENSG00000111087	0.29	1	True
ENSG00000111110	5.3	5	True
ENSG00000111145	0.9450000000000001	2	True
ENSG00000111186	0.315	1	True
ENSG00000111196	135.635	9	True
ENSG00000111224	0.7649999999999999	2	True
ENSG00000111254	0.13	0	True
ENSG00000111269	1.1800000000000002	3	True
ENSG00000111331	0.2	0	True
ENSG00000111348	119.375	9	True
ENSG00000111412	0.72	2	True
ENSG00000111450	13.765	7	True
ENSG00000111481	304.725	9	True
ENSG00000111554	4.4	5	True
ENSG00000111615	45.875	8	True
ENSG00000111642	51.535	8	True
ENSG00000111653	4.975	5	True
ENSG00000111674	14.325	7	True
ENSG00000111679	1.105	2	True
ENSG00000111696	21.060000000000002	7	True
ENSG00000111727	0.6499999999999999	2	True
ENSG00000111752	1.32	3	True
ENSG00000111780	0.14	0	True
ENSG00000111785	0.855	2	True
ENSG00000111801	0.21500000000000002	0	True
ENSG00000111817	0.42	1	True
ENSG00000111832	36.900000000000006	8	True
ENSG00000111837	0.745	2	True
ENSG00000111843	372.78999999999996	9	True
ENSG00000111850	39.5	8	True
ENSG00000111860	4.125	5	True
ENSG00000111877	2.86	4	True
ENSG00000111880	3.99	5	True
ENSG00000111911	0.865	2	True
ENSG00000111981	0.8899999999999999	2	True
ENSG00000112079	3.7350000000000003	5	True
ENSG00000112144	1.1099999999999999	2	True
ENSG00000112149	2.5	4	True
ENSG00000112167	2.6100000000000003	4	True
ENSG00000112195	0.175	0	True
ENSG00000112208	9.42	6	True
ENSG00000112210	1.905	3	True
ENSG00000112218	1.47	3	True
ENSG00000112309	0.17	0	True
ENSG00000112343	1.02	2	True
ENSG00000112357	1.1949999999999998	3	True
ENSG00000112365	1.19	3	True
ENSG00000112367	0.9850000000000001	2	True
ENSG00000112406	0.32	1	True
ENSG00000112419	9.105	6	True
ENSG00000112425	0.5	1	True
ENSG00000112655	0.14500000000000002	0	True
ENSG00000112659	0.395	1	True
ENSG00000112679	5.81	5	True
ENSG00000112697	3.92	5	True
ENSG00000112699	0.49	1	True
ENSG00000112763	4.609999999999999	5	True
ENSG00000112773	1.0899999999999999	2	True
ENSG00000112837	2.63	4	True
ENSG00000112874	14.635000000000002	7	True
ENSG00000112941	0.845	2	True
ENSG00000113013	145.64	9	True
ENSG00000113070	0.11000000000000001	0	True
ENSG00000113108	0.135	0	True
ENSG00000113140	7.395	6	True
ENSG00000113269	4.155	5	True
ENSG00000113273	0.575	2	True
ENSG00000113282	17.115	7	True
ENSG00000113356	64.53999999999999	9	True
ENSG00000113391	2.69	4	True
ENSG00000113532	0.235	0	True
ENSG00000113552	94.34	9	True
ENSG00000113580	6.645	6	True
ENSG00000113595	1.73	3	True
ENSG00000113597	19.275	7	True
ENSG00000113621	1.755	3	True
ENSG00000113649	39.235	8	True
ENSG00000113734	37.91	8	True
ENSG00000113739	0.385	1	True
ENSG00000113742	6.975	6	True
ENSG00000113811	120.245	9	True
ENSG00000113966	1.955	3	True
ENSG00000113971	0.595	2	True
ENSG00000114021	42.33	8	True
ENSG00000114107	13.344999999999999	7	True
ENSG00000114166	2.315	4	True
ENSG00000114315	5.48	5	True
ENSG00000114354	22.04	7	True
ENSG00000114383	2.39	4	True
ENSG00000114395	3.85	5	True
ENSG00000114423	1.295	3	True
ENSG00000114450	4.665	5	True
ENSG00000114473	3.04	4	True
ENSG00000114491	35.63	8	True
ENSG00000114529	3.4050000000000002	4	True
ENSG00000114646	0.105	0	True
ENSG00000114656	0.17	0	True
ENSG00000114670	0.375	1	True
ENSG00000114698	0.19	0	True
ENSG00000114735	1.565	3	True
ENSG00000114739	1.685	3	True
ENSG00000114770	25.82	8	True
ENSG00000114786	1.3199999999999998	3	True
ENSG00000114805	0.125	0	True
ENSG00000114859	0.135	0	True
ENSG00000114861	9.225	6	True
ENSG00000114933	0.905	2	True
ENSG00000114988	17.810000000000002	7	True
ENSG00000115107	1.8199999999999998	3	True
ENSG00000115129	0.46	1	True
ENSG00000115137	0.48	1	True
ENSG00000115145	3.095	4	True
ENSG00000115170	4.35	5	True
ENSG00000115226	0.23500000000000001	0	True
ENSG00000115255	0.97	2	True
ENSG00000115271	0.46	1	True
ENSG00000115274	0.54	1	True
ENSG00000115282	4.335	5	True
ENSG00000115306	11.065	6	True
ENSG00000115318	0.18	0	True
ENSG00000115350	18.975	7	True
ENSG00000115414	6.63	6	True
ENSG00000115425	1.05	2	True
ENSG00000115446	26.805	8	True
ENSG00000115459	2.6399999999999997	4	True
ENSG00000115507	0.215	0	True
ENSG00000115520	5.43	5	True
ENSG00000115539	49.605000000000004	8	True
ENSG00000115540	23.305	8	True
ENSG00000115561	13.055	7	True
ENSG00000115607	3.4349999999999996	4	True
ENSG00000115616	0.275	1	True
ENSG00000115687	1.76	3	True
ENSG00000115738	15.115	7	True
ENSG00000115758	103.965	9	True
ENSG00000115760	18.485	7	True
ENSG00000115806	18.83	7	True
ENSG00000115825	2.81	4	True
ENSG00000115841	1.51	3	True
ENSG00000115844	1.35	3	True
ENSG00000115896	1.46	3	True
ENSG00000115919	7.46	6	True
ENSG00000115935	0.63	2	True
ENSG00000115977	1.8649999999999998	3	True
ENSG00000115993	2.145	4	True
ENSG00000115998	2.9349999999999996	4	True
ENSG00000116005	3.415	4	True
ENSG00000116014	0.55	1	True
ENSG00000116096	5.695	5	True
ENSG00000116117	0.245	0	True
ENSG00000116128	0.32	1	True
ENSG00000116151	0.265	1	True
ENSG00000116171	171.65499999999997	9	True
ENSG00000116191	0.25	0	True
ENSG00000116205	6.96	6	True
ENSG00000116213	2.79	4	True
ENSG00000116251	443.725	9	True
ENSG00000116273	1.2349999999999999	3	True
ENSG00000116514	1.63	3	True
ENSG00000116525	0.25	0	True
ENSG00000116668	0.9850000000000001	2	True
ENSG00000116670	9.725	6	True
ENSG00000116704	1.5899999999999999	3	True
ENSG00000116717	14.47	7	True
ENSG00000116731	3.7800000000000002	5	True
ENSG00000116741	2.5949999999999998	4	True
ENSG00000116809	0.8400000000000001	2	True
ENSG00000116857	41.16	8	True
ENSG00000116903	2.83	4	True
ENSG00000116954	11.095	6	True
ENSG00000117010	3.405	4	True
ENSG00000117133	52.415	8	True
ENSG00000117151	2.415	4	True
ENSG00000117174	13.370000000000001	7	True
ENSG00000117280	4.2250000000000005	5	True
ENSG00000117298	0.41500000000000004	1	True
ENSG00000117322	0.14500000000000002	0	True
ENSG00000117419	37.29	8	True
ENSG00000117461	0.975	2	True
ENSG00000117500	19.380000000000003	7	True
ENSG00000117533	2.08	3	True
ENSG00000117597	3.365	4	True
ENSG00000117614	13.780000000000001	7	True
ENSG00000117620	2.8	4	True
ENSG00000117632	1439.9650000000001	9	True
ENSG00000117758	14.989999999999998	7	True
ENSG00000118007	1.705	3	True
ENSG00000118096	15.25	7	True
ENSG00000118200	1.1	2	True
ENSG00000118292	1.7850000000000001	3	True
ENSG00000118418	108.185	9	True
ENSG00000118420	7.76	6	True
ENSG00000118454	2.285	4	True
ENSG00000118495	3.845	5	True
ENSG00000118496	2.315	4	True
ENSG00000118503	0.785	2	True
ENSG00000118515	2.2800000000000002	4	True
ENSG00000118518	7.77	6	True
ENSG00000118600	5.61	5	True
ENSG00000118690	0.20500000000000002	0	True
ENSG00000118816	41.1	8	True
ENSG00000118894	3.63	4	True
ENSG00000118960	0.245	0	True
ENSG00000118971	28.405	8	True
ENSG00000118997	0.16	0	True
ENSG00000119042	6.59	6	True
ENSG00000119138	2.835	4	True
ENSG00000119242	0.18	0	True
ENSG00000119280	1.8399999999999999	3	True
ENSG00000119328	17.189999999999998	7	True
ENSG00000119401	4.545	5	True
ENSG00000119403	76.19999999999999	9	True
ENSG00000119431	0.605	2	True
ENSG00000119514	22.174999999999997	7	True
ENSG00000119523	3.5999999999999996	4	True
ENSG00000119537	3.225	4	True
ENSG00000119541	6.58	6	True
ENSG00000119547	0.275	1	True
ENSG00000119599	2.005	3	True
ENSG00000119632	1.5	3	True
ENSG00000119636	0.935	2	True
ENSG00000119640	73.405	9	True
ENSG00000119661	7.484999999999999	6	True
ENSG00000119669	0.5549999999999999	1	True
ENSG00000119688	2.9050000000000002	4	True
ENSG00000119699	0.19	0	True
ENSG00000119711	3.3600000000000003	4	True
ENSG00000119720	4.035	5	True
ENSG00000119723	3.635	4	True
ENSG00000119729	5.225	5	True
ENSG00000119772	6.125	5	True
ENSG00000119778	2.39	4	True
ENSG00000119782	0.76	2	True
ENSG00000119801	14.34	7	True
ENSG00000119820	3.475	4	True
ENSG00000119865	1.25	3	True
ENSG00000119878	23.225	8	True
ENSG00000119899	0.94	2	True
ENSG00000119906	1.15	3	True
ENSG00000119915	2.065	3	True
ENSG00000119917	0.265	1	True
ENSG00000119943	0.29000000000000004	1	True
ENSG00000119950	9.485	6	True
ENSG00000119965	1.83	3	True
ENSG00000119979	11.79	7	True
ENSG00000120051	0.12	0	True
ENSG00000120159	5.58	5	True
ENSG00000120217	0.115	0	True
ENSG00000120256	0.49	1	True
ENSG00000120318	0.905	2	True
ENSG00000120370	3.415	4	True
ENSG00000120458	0.7150000000000001	2	True
ENSG00000120647	7.01	6	True
ENSG00000120688	3.715	4	True
ENSG00000120696	1.5699999999999998	3	True
ENSG00000120756	6.13	5	True
ENSG00000120784	0.8049999999999999	2	True
ENSG00000120800	2.7750000000000004	4	True
ENSG00000120832	7.3	6	True
ENSG00000120833	25.195	8	True
ENSG00000120885	0.51	1	True
ENSG00000121058	16.79	7	True
ENSG00000121064	6.869999999999999	6	True
ENSG00000121236	3.02	4	True
ENSG00000121274	5.265000000000001	5	True
ENSG00000121281	1.6	3	True
ENSG00000121310	1.5950000000000002	3	True
ENSG00000121316	6.05	5	True
ENSG00000121350	3.075	4	True
ENSG00000121361	0.135	0	True
ENSG00000121542	32.71	8	True
ENSG00000121578	8.905000000000001	6	True
ENSG00000121594	4.4350000000000005	5	True
ENSG00000121690	4.09	5	True
ENSG00000121749	19.740000000000002	7	True
ENSG00000121851	9.18	6	True
ENSG00000121858	0.15	0	True
ENSG00000121892	10.01	6	True
ENSG00000121895	3.41	4	True
ENSG00000121903	0.29	1	True
ENSG00000121931	51.56	8	True
ENSG00000121964	3.82	5	True
ENSG00000121989	2.2199999999999998	4	True
ENSG00000122042	0.655	2	True
ENSG00000122085	10.885000000000002	6	True
ENSG00000122126	1.21	3	True
ENSG00000122335	1.115	2	True
ENSG00000122378	0.125	0	True
ENSG00000122390	1.665	3	True
ENSG00000122417	1.775	3	True
ENSG00000122432	0.7050000000000001	2	True
ENSG00000122435	17.43	7	True
ENSG00000122481	43.765	8	True
ENSG00000122490	0.175	0	True
ENSG00000122507	0.915	2	True
ENSG00000122515	0.135	0	True
ENSG00000122574	1.74	3	True
ENSG00000122642	5.265000000000001	5	True
ENSG00000122644	439.9	9	True
ENSG00000122678	0.355	1	True
ENSG00000122694	2.16	4	True
ENSG00000122729	0.755	2	True
ENSG00000122861	1.56	3	True
ENSG00000122958	85.48	9	True
ENSG00000122970	1.92	3	True
ENSG00000123066	13.59	7	True
ENSG00000123080	8.94	6	True
ENSG00000123104	0.2	0	True
ENSG00000123136	148.85500000000002	9	True
ENSG00000123154	0.485	1	True
ENSG00000123159	0.48	1	True
ENSG00000123178	7.6450000000000005	6	True
ENSG00000123191	0.725	2	True
ENSG00000123200	5.46	5	True
ENSG00000123240	1.5150000000000001	3	True
ENSG00000123243	0.6	2	True
ENSG00000123329	1.285	3	True
ENSG00000123338	7.6499999999999995	6	True
ENSG00000123405	10.86	6	True
ENSG00000123427	6.34	5	True
ENSG00000123444	18.215	7	True
ENSG00000123575	3.285	4	True
ENSG00000123595	9.21	6	True
ENSG00000123600	9.72	6	True
ENSG00000123609	21.09	7	True
ENSG00000123685	0.5349999999999999	1	True
ENSG00000123689	3.4699999999999998	4	True
ENSG00000123892	1.58	3	True
ENSG00000123989	0.11499999999999999	0	True
ENSG00000124074	0.72	2	True
ENSG00000124098	9.629999999999999	6	True
ENSG00000124104	0.2	0	True
ENSG00000124120	1.1400000000000001	3	True
ENSG00000124126	0.2	0	True
ENSG00000124171	4.415	5	True
ENSG00000124209	1.32	3	True
ENSG00000124214	12.004999999999999	7	True
ENSG00000124217	0.61	2	True
ENSG00000124243	0.13	0	True
ENSG00000124253	0.14	0	True
ENSG00000124257	0.18	0	True
ENSG00000124279	95.735	9	True
ENSG00000124299	1.26	3	True
ENSG00000124313	2.125	4	True
ENSG00000124334	0.42	1	True
ENSG00000124370	36.269999999999996	8	True
ENSG00000124444	10.780000000000001	6	True
ENSG00000124508	5.52	5	True
ENSG00000124523	1.6949999999999998	3	True
ENSG00000124549	1.79	3	True
ENSG00000124570	96.325	9	True
ENSG00000124588	38.62	8	True
ENSG00000124593	4.73	5	True
ENSG00000124615	0.42	1	True
ENSG00000124762	0.36	1	True
ENSG00000124766	0.20500000000000002	0	True
ENSG00000124767	115.53	9	True
ENSG00000124772	0.45999999999999996	1	True
ENSG00000124786	5.645	5	True
ENSG00000124787	83.22	9	True
ENSG00000124788	0.44999999999999996	1	True
ENSG00000124795	55.405	8	True
ENSG00000124882	0.825	2	True
ENSG00000124920	1.54	3	True
ENSG00000124942	1.03	2	True
ENSG00000125246	1.49	3	True
ENSG00000125249	1.735	3	True
ENSG00000125351	24.585	8	True
ENSG00000125375	25.795	8	True
ENSG00000125430	3.0999999999999996	4	True
ENSG00000125434	0.65	2	True
ENSG00000125462	0.5800000000000001	2	True
ENSG00000125482	5.87	5	True
ENSG00000125534	0.43000000000000005	1	True
ENSG00000125611	44.22	8	True
ENSG00000125629	6.35	5	True
ENSG00000125633	2.0549999999999997	3	True
ENSG00000125703	24.355	8	True
ENSG00000125730	0.75	2	True
ENSG00000125731	0.48	1	True
ENSG00000125740	0.16999999999999998	0	True
ENSG00000125741	1.42	3	True
ENSG00000125744	0.55	1	True
ENSG00000125755	0.54	1	True
ENSG00000125772	2.265	4	True
ENSG00000125798	0.135	0	True
ENSG00000125812	0.905	2	True
ENSG00000125814	0.8400000000000001	2	True
ENSG00000125821	4.945	5	True
ENSG00000125827	3.075	4	True
ENSG00000125834	1.315	3	True
ENSG00000125843	1.86	3	True
ENSG00000125844	0.6	2	True
ENSG00000125846	0.875	2	True
ENSG00000125863	6.08	5	True
ENSG00000125870	88.66	9	True
ENSG00000125895	0.16	0	True
ENSG00000125898	0.7050000000000001	2	True
ENSG00000125901	2.01	3	True
ENSG00000125931	0.43	1	True
ENSG00000125945	1.5899999999999999	3	True
ENSG00000125954	58.22	8	True
ENSG00000125962	10.03	6	True
ENSG00000125968	1.17	3	True
ENSG00000125970	0.585	2	True
ENSG00000126091	0.96	2	True
ENSG00000126106	0.33	1	True
ENSG00000126246	0.89	2	True
ENSG00000126264	0.5449999999999999	1	True
ENSG00000126353	0.32999999999999996	1	True
ENSG00000126368	0.20500000000000002	0	True
ENSG00000126562	0.30000000000000004	1	True
ENSG00000126603	0.15	0	True
ENSG00000126705	0.295	1	True
ENSG00000126709	0.175	0	True
ENSG00000126767	3.065	4	True
ENSG00000126775	0.35	1	True
ENSG00000126804	1.6949999999999998	3	True
ENSG00000126814	12.100000000000001	7	True
ENSG00000126821	1.6400000000000001	3	True
ENSG00000126878	0.32999999999999996	1	True
ENSG00000127081	0.62	2	True
ENSG00000127084	0.10500000000000001	0	True
ENSG00000127125	9.469999999999999	6	True
ENSG00000127184	1329.17	9	True
ENSG00000127191	0.28500000000000003	1	True
ENSG00000127252	0.235	0	True
ENSG00000127311	0.55	1	True
ENSG00000127324	0.335	1	True
ENSG00000127328	4.145	5	True
ENSG00000127418	0.4	1	True
ENSG00000127527	3.46	4	True
ENSG00000127533	1.1099999999999999	2	True
ENSG00000127554	3.61	4	True
ENSG00000127720	1.3	3	True
ENSG00000127804	10.010000000000002	6	True
ENSG00000127980	6.01	5	True
ENSG00000127989	27.235	8	True
ENSG00000127990	0.19	0	True
ENSG00000127993	11.985	7	True
ENSG00000127995	1.005	2	True
ENSG00000128000	2.16	4	True
ENSG00000128016	1.01	2	True
ENSG00000128039	2.025	3	True
ENSG00000128165	0.21000000000000002	0	True
ENSG00000128203	0.20500000000000002	0	True
ENSG00000128283	0.395	1	True
ENSG00000128335	1.39	3	True
ENSG00000128394	1.345	3	True
ENSG00000128487	1.795	3	True
ENSG00000128512	0.275	1	True
ENSG00000128563	12.855	7	True
ENSG00000128581	12.68	7	True
ENSG00000128590	3.0599999999999996	4	True
ENSG00000128591	0.62	2	True
ENSG00000128596	1.745	3	True
ENSG00000128694	4.94	5	True
ENSG00000128699	37.265	8	True
ENSG00000128731	7.665	6	True
ENSG00000128789	178.14499999999998	9	True
ENSG00000128805	1.115	2	True
ENSG00000128872	0.395	1	True
ENSG00000128881	0.635	2	True
ENSG00000128886	1.565	3	True
ENSG00000128891	38.55	8	True
ENSG00000128965	2.275	4	True
ENSG00000129084	677.905	9	True
ENSG00000129158	7.819999999999999	6	True
ENSG00000129173	4.365	5	True
ENSG00000129195	0.7849999999999999	2	True
ENSG00000129219	0.215	0	True
ENSG00000129292	7.605	6	True
ENSG00000129472	3.3600000000000003	4	True
ENSG00000129473	1.935	3	True
ENSG00000129474	0.63	2	True
ENSG00000129484	16.56	7	True
ENSG00000129534	3.58	4	True
ENSG00000129566	0.79	2	True
ENSG00000129595	0.13	0	True
ENSG00000129757	13.55	7	True
ENSG00000130005	1.065	2	True
ENSG00000130119	7.065	6	True
ENSG00000130158	0.3	1	True
ENSG00000130202	3.25	4	True
ENSG00000130208	308.695	9	True
ENSG00000130270	1.375	3	True
ENSG00000130311	1.18	3	True
ENSG00000130347	25.22	8	True
ENSG00000130349	14.605	7	True
ENSG00000130363	0.575	2	True
ENSG00000130396	6.74	6	True
ENSG00000130544	2.545	4	True
ENSG00000130590	0.29500000000000004	1	True
ENSG00000130640	2.5	4	True
ENSG00000130684	0.125	0	True
ENSG00000130702	0.53	1	True
ENSG00000130714	0.935	2	True
ENSG00000130741	94.235	9	True
ENSG00000130748	0.12000000000000001	0	True
ENSG00000130775	2.3449999999999998	4	True
ENSG00000130787	0.18	0	True
ENSG00000130813	1.05	2	True
ENSG00000130818	1.895	3	True
ENSG00000130827	0.235	0	True
ENSG00000130829	0.10500000000000001	0	True
ENSG00000130830	167.76999999999998	9	True
ENSG00000130844	0.18	0	True
ENSG00000130958	1.9700000000000002	3	True
ENSG00000131015	2.99	4	True
ENSG00000131069	14.965	7	True
ENSG00000131115	1.905	3	True
ENSG00000131116	0.155	0	True
ENSG00000131149	10.25	6	True
ENSG00000131171	31.655	8	True
ENSG00000131196	0.75	2	True
ENSG00000131242	0.49	1	True
ENSG00000131389	10.82	6	True
ENSG00000131400	0.215	0	True
ENSG00000131408	0.2	0	True
ENSG00000131435	0.185	0	True
ENSG00000131437	1.145	3	True
ENSG00000131470	8.995000000000001	6	True
ENSG00000131507	3.635	4	True
ENSG00000131591	0.25	0	True
ENSG00000131626	6.529999999999999	6	True
ENSG00000131669	0.20500000000000002	0	True
ENSG00000131711	18.53	7	True
ENSG00000131724	2.09	3	True
ENSG00000131791	1.395	3	True
ENSG00000131797	6.029999999999999	5	True
ENSG00000131845	0.43999999999999995	1	True
ENSG00000131848	6.43	6	True
ENSG00000131871	17.805	7	True
ENSG00000131931	13.295	7	True
ENSG00000131941	0.405	1	True
ENSG00000131943	1.355	3	True
ENSG00000131944	11.855	7	True
ENSG00000131979	3.305	4	True
ENSG00000132004	0.195	0	True
ENSG00000132005	0.27	1	True
ENSG00000132010	1.85	3	True
ENSG00000132016	0.615	2	True
ENSG00000132024	0.225	0	True
ENSG00000132109	7.67	6	True
ENSG00000132185	0.45999999999999996	1	True
ENSG00000132199	11.025	6	True
ENSG00000132326	1.09	2	True
ENSG00000132394	0.235	0	True
ENSG00000132405	1.9549999999999998	3	True
ENSG00000132406	6.615	6	True
ENSG00000132423	72.03	9	True
ENSG00000132429	3.0949999999999998	4	True
ENSG00000132434	3.66	4	True
ENSG00000132463	24.465	8	True
ENSG00000132467	8.98	6	True
ENSG00000132478	9.719999999999999	6	True
ENSG00000132481	0.33	1	True
ENSG00000132541	72.11	9	True
ENSG00000132570	5.01	5	True
ENSG00000132635	1.4249999999999998	3	True
ENSG00000132640	1.22	3	True
ENSG00000132664	7.36	6	True
ENSG00000132694	0.31000000000000005	1	True
ENSG00000132749	9.25	6	True
ENSG00000132773	39.94	8	True
ENSG00000132781	2.8899999999999997	4	True
ENSG00000132801	1.075	2	True
ENSG00000132825	0.225	0	True
ENSG00000132879	0.42	1	True
ENSG00000132950	4.6850000000000005	5	True
ENSG00000132952	3.4749999999999996	4	True
ENSG00000133026	9.14	6	True
ENSG00000133056	0.125	0	True
ENSG00000133059	3.255	4	True
ENSG00000133065	2.45	4	True
ENSG00000133069	0.10500000000000001	0	True
ENSG00000133103	2.05	3	True
ENSG00000133111	1.53	3	True
ENSG00000133243	0.165	0	True
ENSG00000133315	0.48	1	True
ENSG00000133460	0.28500000000000003	1	True
ENSG00000133619	0.595	2	True
ENSG00000133624	3.745	5	True
ENSG00000133627	3.7199999999999998	4	True
ENSG00000133678	4.13	5	True
ENSG00000133739	5.03	5	True
ENSG00000133740	2.29	4	True
ENSG00000133805	3.0549999999999997	4	True
ENSG00000133863	3.08	4	True
ENSG00000133884	10.89	6	True
ENSG00000133935	18.54	7	True
ENSG00000133983	52.545	8	True
ENSG00000134049	25.35	8	True
ENSG00000134070	0.37	1	True
ENSG00000134086	15.715	7	True
ENSG00000134138	5.3149999999999995	5	True
ENSG00000134202	17.515	7	True
ENSG00000134242	0.585	2	True
ENSG00000134243	20.72	7	True
ENSG00000134247	15.875	7	True
ENSG00000134253	2.75	4	True
ENSG00000134291	93.155	9	True
ENSG00000134297	1.4500000000000002	3	True
ENSG00000134313	9.6	6	True
ENSG00000134317	0.9199999999999999	2	True
ENSG00000134326	1.8849999999999998	3	True
ENSG00000134369	1.29	3	True
ENSG00000134463	0.28	1	True
ENSG00000134574	5.705	5	True
ENSG00000134575	1.48	3	True
ENSG00000134590	15.385	7	True
ENSG00000134597	33.120000000000005	8	True
ENSG00000134864	0.19	0	True
ENSG00000134884	13.755	7	True
ENSG00000134897	2.445	4	True
ENSG00000134901	3.175	4	True
ENSG00000135040	14.475000000000001	7	True
ENSG00000135045	4.145	5	True
ENSG00000135047	37.17	8	True
ENSG00000135049	0.845	2	True
ENSG00000135052	0.62	2	True
ENSG00000135070	5.1	5	True
ENSG00000135074	0.17	0	True
ENSG00000135119	11.445	7	True
ENSG00000135124	5.275	5	True
ENSG00000135185	2.955	4	True
ENSG00000135298	0.6950000000000001	2	True
ENSG00000135314	11.89	7	True
ENSG00000135315	2.455	4	True
ENSG00000135316	71.285	9	True
ENSG00000135324	5.29	5	True
ENSG00000135338	0.75	2	True
ENSG00000135363	5.075	5	True
ENSG00000135406	1.13	2	True
ENSG00000135414	0.9949999999999999	2	True
ENSG00000135426	1.12	2	True
ENSG00000135454	0.665	2	True
ENSG00000135469	2.01	3	True
ENSG00000135482	0.28	1	True
ENSG00000135502	1.205	3	True
ENSG00000135503	0.495	1	True
ENSG00000135525	0.965	2	True
ENSG00000135549	18.630000000000003	7	True
ENSG00000135605	3.49	4	True
ENSG00000135637	0.33499999999999996	1	True
ENSG00000135698	108.195	9	True
ENSG00000135709	0.135	0	True
ENSG00000135747	0.195	0	True
ENSG00000135823	1.7850000000000001	3	True
ENSG00000135828	2.49	4	True
ENSG00000135838	13.895	7	True
ENSG00000135842	2.24	4	True
ENSG00000135916	0.385	1	True
ENSG00000135931	0.755	2	True
ENSG00000135951	1.96	3	True
ENSG00000135953	0.925	2	True
ENSG00000135974	15.0	7	True
ENSG00000135976	6.68	6	True
ENSG00000135999	4.535	5	True
ENSG00000136040	0.41000000000000003	1	True
ENSG00000136044	1.425	3	True
ENSG00000136048	1.135	3	True
ENSG00000136098	4.93	5	True
ENSG00000136111	1.6549999999999998	3	True
ENSG00000136122	8.55	6	True
ENSG00000136141	0.76	2	True
ENSG00000136144	2.2399999999999998	4	True
ENSG00000136147	1.425	3	True
ENSG00000136156	28.8	8	True
ENSG00000136158	1.2850000000000001	3	True
ENSG00000136159	16.2	7	True
ENSG00000136161	1.78	3	True
ENSG00000136169	0.825	2	True
ENSG00000136197	0.9550000000000001	2	True
ENSG00000136213	0.125	0	True
ENSG00000136244	0.9750000000000001	2	True
ENSG00000136261	156.685	9	True
ENSG00000136319	4.385	5	True
ENSG00000136425	1.4249999999999998	3	True
ENSG00000136754	21.130000000000003	7	True
ENSG00000136824	32.39	8	True
ENSG00000136856	0.14	0	True
ENSG00000136870	1.56	3	True
ENSG00000136895	0.125	0	True
ENSG00000136897	73.795	9	True
ENSG00000136928	0.78	2	True
ENSG00000136930	659.365	9	True
ENSG00000136932	4.095	5	True
ENSG00000136936	3.605	4	True
ENSG00000136940	14.719999999999999	7	True
ENSG00000136982	3.88	5	True
ENSG00000137040	5.85	5	True
ENSG00000137075	1.635	3	True
ENSG00000137094	0.165	0	True
ENSG00000137100	8.45	6	True
ENSG00000137133	4.155	5	True
ENSG00000137166	0.11000000000000001	0	True
ENSG00000137177	2.9349999999999996	4	True
ENSG00000137198	29.189999999999998	8	True
ENSG00000137203	0.14500000000000002	0	True
ENSG00000137266	0.22999999999999998	0	True
ENSG00000137275	2.235	4	True
ENSG00000137331	0.775	2	True
ENSG00000137338	2.075	3	True
ENSG00000137343	0.46499999999999997	1	True
ENSG00000137449	0.255	1	True
ENSG00000137492	17.955	7	True
ENSG00000137494	3.835	5	True
ENSG00000137496	0.18	0	True
ENSG00000137501	0.10500000000000001	0	True
ENSG00000137502	0.405	1	True
ENSG00000137575	136.995	9	True
ENSG00000137601	4.824999999999999	5	True
ENSG00000137714	4.555	5	True
ENSG00000137720	55.125	8	True
ENSG00000137760	3.08	4	True
ENSG00000137802	0.17	0	True
ENSG00000137825	0.14	0	True
ENSG00000137834	0.18	0	True
ENSG00000137841	0.23	0	True
ENSG00000137842	2.465	4	True
ENSG00000137871	7.225	6	True
ENSG00000137880	7.91	6	True
ENSG00000137936	4.225	5	True
ENSG00000137942	0.9550000000000001	2	True
ENSG00000137992	2.025	3	True
ENSG00000137996	8.07	6	True
ENSG00000138002	4.535	5	True
ENSG00000138029	129.54500000000002	9	True
ENSG00000138030	1.4300000000000002	3	True
ENSG00000138050	8.0	6	True
ENSG00000138111	0.84	2	True
ENSG00000138175	6.25	5	True
ENSG00000138180	3.27	4	True
ENSG00000138231	1.705	3	True
ENSG00000138286	9.3	6	True
ENSG00000138336	1.8250000000000002	3	True
ENSG00000138380	0.12	0	True
ENSG00000138398	106.005	9	True
ENSG00000138433	18.884999999999998	7	True
ENSG00000138439	2.5149999999999997	4	True
ENSG00000138449	32.505	8	True
ENSG00000138463	0.12	0	True
ENSG00000138468	2.7	4	True
ENSG00000138495	121.495	9	True
ENSG00000138496	1.2149999999999999	3	True
ENSG00000138593	0.765	2	True
ENSG00000138604	6.015000000000001	5	True
ENSG00000138606	0.11	0	True
ENSG00000138613	6.365	5	True
ENSG00000138621	36.06	8	True
ENSG00000138639	5.75	5	True
ENSG00000138640	8.254999999999999	6	True
ENSG00000138641	1.115	2	True
ENSG00000138675	0.365	1	True
ENSG00000138678	4.9399999999999995	5	True
ENSG00000138686	13.114999999999998	7	True
ENSG00000138735	1.36	3	True
ENSG00000138764	0.755	2	True
ENSG00000138772	9.365	6	True
ENSG00000138780	3.105	4	True
ENSG00000138795	10.02	6	True
ENSG00000138814	0.78	2	True
ENSG00000138834	0.135	0	True
ENSG00000138942	3.4450000000000003	4	True
ENSG00000139083	1.365	3	True
ENSG00000139112	1.79	3	True
ENSG00000139117	4.98	5	True
ENSG00000139173	0.33499999999999996	1	True
ENSG00000139182	0.245	0	True
ENSG00000139187	4.365	5	True
ENSG00000139190	0.445	1	True
ENSG00000139192	0.12	0	True
ENSG00000139194	11.785	7	True
ENSG00000139211	1.855	3	True
ENSG00000139233	48.175	8	True
ENSG00000139266	0.835	2	True
ENSG00000139278	1.4249999999999998	3	True
ENSG00000139289	0.325	1	True
ENSG00000139291	11.14	6	True
ENSG00000139354	1.275	3	True
ENSG00000139433	3.54	4	True
ENSG00000139437	2.895	4	True
ENSG00000139505	2.46	4	True
ENSG00000139517	0.79	2	True
ENSG00000139618	3.12	4	True
ENSG00000139625	0.345	1	True
ENSG00000139629	1.6	3	True
ENSG00000139631	1.605	3	True
ENSG00000139637	0.67	2	True
ENSG00000139651	0.925	2	True
ENSG00000139668	0.46499999999999997	1	True
ENSG00000139687	3.115	4	True
ENSG00000139718	1.5699999999999998	3	True
ENSG00000139725	0.22	0	True
ENSG00000139800	0.615	2	True
ENSG00000139826	1.33	3	True
ENSG00000139832	0.43999999999999995	1	True
ENSG00000139946	0.435	1	True
ENSG00000139971	0.66	2	True
ENSG00000139974	27.299999999999997	8	True
ENSG00000139977	2.5999999999999996	4	True
ENSG00000139990	3.435	4	True
ENSG00000140006	9.67	6	True
ENSG00000140022	18.85	7	True
ENSG00000140025	27.130000000000003	8	True
ENSG00000140043	8.64	6	True
ENSG00000140044	0.245	0	True
ENSG00000140057	0.8600000000000001	2	True
ENSG00000140265	1.5899999999999999	3	True
ENSG00000140280	2.9850000000000003	4	True
ENSG00000140284	3.4450000000000003	4	True
ENSG00000140320	0.375	1	True
ENSG00000140367	4.755	5	True
ENSG00000140386	2.245	4	True
ENSG00000140396	0.54	1	True
ENSG00000140403	0.445	1	True
ENSG00000140406	1.195	3	True
ENSG00000140416	6.99	6	True
ENSG00000140443	0.27	1	True
ENSG00000140451	0.975	2	True
ENSG00000140543	2.715	4	True
ENSG00000140545	1.76	3	True
ENSG00000140548	0.46499999999999997	1	True
ENSG00000140600	2.685	4	True
ENSG00000140691	0.10500000000000001	0	True
ENSG00000140718	6.859999999999999	6	True
ENSG00000140848	2.065	3	True
ENSG00000140931	3.55	4	True
ENSG00000140939	0.4	1	True
ENSG00000140948	0.9450000000000001	2	True
ENSG00000140983	3.46	4	True
ENSG00000140987	10.105	6	True
ENSG00000140995	33.519999999999996	8	True
ENSG00000141002	6.0	5	True
ENSG00000141012	0.21000000000000002	0	True
ENSG00000141013	0.615	2	True
ENSG00000141026	1.685	3	True
ENSG00000141034	0.885	2	True
ENSG00000141076	98.745	9	True
ENSG00000141198	18.89	7	True
ENSG00000141258	0.20500000000000002	0	True
ENSG00000141295	0.19	0	True
ENSG00000141376	1.495	3	True
ENSG00000141391	0.11	0	True
ENSG00000141424	3.3550000000000004	4	True
ENSG00000141429	9.065	6	True
ENSG00000141480	0.6000000000000001	2	True
ENSG00000141504	1.325	3	True
ENSG00000141510	2.2	4	True
ENSG00000141524	3.025	4	True
ENSG00000141542	0.23	0	True
ENSG00000141570	0.125	0	True
ENSG00000141576	5.734999999999999	5	True
ENSG00000141582	0.6799999999999999	2	True
ENSG00000141642	3.125	4	True
ENSG00000141682	8.625	6	True
ENSG00000141736	0.56	2	True
ENSG00000141744	0.365	1	True
ENSG00000141854	0.26	1	True
ENSG00000141968	0.32	1	True
ENSG00000142039	0.53	1	True
ENSG00000142046	1.08	2	True
ENSG00000142065	1.295	3	True
ENSG00000142082	1.3250000000000002	3	True
ENSG00000142089	356.23	9	True
ENSG00000142102	0.35	1	True
ENSG00000142188	32.345	8	True
ENSG00000142330	0.115	0	True
ENSG00000142347	0.47	1	True
ENSG00000142444	1.5150000000000001	3	True
ENSG00000142556	4.385	5	True
ENSG00000142733	0.625	2	True
ENSG00000142794	0.855	2	True
ENSG00000142798	0.47	1	True
ENSG00000142856	110.47	9	True
ENSG00000142867	7.65	6	True
ENSG00000142871	0.28500000000000003	1	True
ENSG00000142961	0.54	1	True
ENSG00000143013	2.545	4	True
ENSG00000143061	0.83	2	True
ENSG00000143067	1.095	2	True
ENSG00000143079	0.43	1	True
ENSG00000143126	0.5800000000000001	2	True
ENSG00000143147	0.135	0	True
ENSG00000143194	1.2349999999999999	3	True
ENSG00000143248	1.48	3	True
ENSG00000143315	2.2800000000000002	4	True
ENSG00000143320	0.305	1	True
ENSG00000143367	1.19	3	True
ENSG00000143382	8.825	6	True
ENSG00000143409	0.405	1	True
ENSG00000143458	1.5350000000000001	3	True
ENSG00000143476	22.314999999999998	8	True
ENSG00000143493	21.465	7	True
ENSG00000143507	4.155	5	True
ENSG00000143514	10.16	6	True
ENSG00000143553	8.335	6	True
ENSG00000143554	0.375	1	True
ENSG00000143578	10.350000000000001	6	True
ENSG00000143590	0.495	1	True
ENSG00000143612	36.394999999999996	8	True
ENSG00000143630	0.58	2	True
ENSG00000143643	1.295	3	True
ENSG00000143669	0.895	2	True
ENSG00000143674	0.265	1	True
ENSG00000143702	13.955	7	True
ENSG00000143740	1.71	3	True
ENSG00000143776	31.705	8	True
ENSG00000143786	0.4	1	True
ENSG00000143793	2.745	4	True
ENSG00000143801	2.0	3	True
ENSG00000143882	0.18	0	True
ENSG00000143889	14.620000000000001	7	True
ENSG00000143919	1.07	2	True
ENSG00000143971	1.805	3	True
ENSG00000143995	2.06	3	True
ENSG00000144026	7.9	6	True
ENSG00000144034	176.385	9	True
ENSG00000144036	0.185	0	True
ENSG00000144048	48.815	8	True
ENSG00000144061	0.14	0	True
ENSG00000144134	0.28	1	True
ENSG00000144161	18.455	7	True
ENSG00000144182	11.68	7	True
ENSG00000144228	0.32	1	True
ENSG00000144233	2.03	3	True
ENSG00000144306	5.045	5	True
ENSG00000144339	0.49	1	True
ENSG00000144355	1.18	3	True
ENSG00000144362	5.035	5	True
ENSG00000144366	5.545	5	True
ENSG00000144395	3.49	4	True
ENSG00000144445	0.8200000000000001	2	True
ENSG00000144451	1.3	3	True
ENSG00000144455	0.715	2	True
ENSG00000144485	4.305	5	True
ENSG00000144535	1.205	3	True
ENSG00000144566	18.275	7	True
ENSG00000144591	5.415	5	True
ENSG00000144635	14.215	7	True
ENSG00000144647	0.46	1	True
ENSG00000144677	3.5549999999999997	4	True
ENSG00000144711	0.505	1	True
ENSG00000144712	0.935	2	True
ENSG00000144815	0.24	0	True
ENSG00000144840	13.635000000000002	7	True
ENSG00000144909	1.865	3	True
ENSG00000144959	1.13	2	True
ENSG00000145014	0.47000000000000003	1	True
ENSG00000145016	6.505	6	True
ENSG00000145022	2.08	3	True
ENSG00000145088	11.795	7	True
ENSG00000145214	0.14500000000000002	0	True
ENSG00000145246	0.245	0	True
ENSG00000145248	1.77	3	True
ENSG00000145331	8.875	6	True
ENSG00000145335	1.8599999999999999	3	True
ENSG00000145365	1.145	3	True
ENSG00000145388	9.01	6	True
ENSG00000145390	2.135	4	True
ENSG00000145439	18.445	7	True
ENSG00000145545	0.825	2	True
ENSG00000145675	1.175	3	True
ENSG00000145685	0.63	2	True
ENSG00000145715	2.88	4	True
ENSG00000145723	6.58	6	True
ENSG00000145730	0.195	0	True
ENSG00000145743	0.355	1	True
ENSG00000145781	66.85	9	True
ENSG00000145782	80.55000000000001	9	True
ENSG00000145819	0.33	1	True
ENSG00000145860	9.879999999999999	6	True
ENSG00000145882	1.42	3	True
ENSG00000145907	38.58	8	True
ENSG00000145919	8.82	6	True
ENSG00000145990	3.505	4	True
ENSG00000146072	0.505	1	True
ENSG00000146094	1.095	2	True
ENSG00000146215	0.85	2	True
ENSG00000146232	1.835	3	True
ENSG00000146242	0.125	0	True
ENSG00000146243	1.175	3	True
ENSG00000146263	8.505	6	True
ENSG00000146281	0.215	0	True
ENSG00000146282	37.129999999999995	8	True
ENSG00000146350	2.495	4	True
ENSG00000146373	2.64	4	True
ENSG00000146386	3.075	4	True
ENSG00000146530	26.295	8	True
ENSG00000146576	0.515	1	True
ENSG00000146587	1.45	3	True
ENSG00000146676	1.185	3	True
ENSG00000146707	2.06	3	True
ENSG00000146757	5.645	5	True
ENSG00000146826	0.255	1	True
ENSG00000146828	0.12000000000000001	0	True
ENSG00000146842	52.78	8	True
ENSG00000146856	0.475	1	True
ENSG00000146859	0.56	2	True
ENSG00000146872	7.62	6	True
ENSG00000147044	0.9550000000000001	2	True
ENSG00000147118	0.415	1	True
ENSG00000147124	0.33999999999999997	1	True
ENSG00000147180	1.35	3	True
ENSG00000147224	31.68	8	True
ENSG00000147316	5.015000000000001	5	True
ENSG00000147324	3.605	4	True
ENSG00000147364	1.075	2	True
ENSG00000147592	31.11	8	True
ENSG00000147601	7.795	6	True
ENSG00000147679	9.0	6	True
ENSG00000147894	4.375	5	True
ENSG00000148019	2.42	4	True
ENSG00000148057	0.39	1	True
ENSG00000148090	3.175	4	True
ENSG00000148120	3.185	4	True
ENSG00000148154	23.275	8	True
ENSG00000148158	0.605	2	True
ENSG00000148175	23.47	8	True
ENSG00000148218	1.0050000000000001	2	True
ENSG00000148288	0.515	1	True
ENSG00000148290	12.45	7	True
ENSG00000148291	4.1899999999999995	5	True
ENSG00000148308	3.3649999999999998	4	True
ENSG00000148331	0.5800000000000001	2	True
ENSG00000148335	37.32	8	True
ENSG00000148337	6.275	5	True
ENSG00000148362	1.09	2	True
ENSG00000148384	0.405	1	True
ENSG00000148444	151.48000000000002	9	True
ENSG00000148468	0.385	1	True
ENSG00000148481	22.555	8	True
ENSG00000148488	0.44	1	True
ENSG00000148516	1.83	3	True
ENSG00000148572	23.770000000000003	8	True
ENSG00000148690	2.89	4	True
ENSG00000148737	0.735	2	True
ENSG00000148803	2.1	3	True
ENSG00000148832	0.835	2	True
ENSG00000148835	3.495	4	True
ENSG00000148842	0.14	0	True
ENSG00000148935	0.75	2	True
ENSG00000149016	0.8150000000000001	2	True
ENSG00000149054	7.285	6	True
ENSG00000149084	6.405	6	True
ENSG00000149131	0.16999999999999998	0	True
ENSG00000149177	0.46499999999999997	1	True
ENSG00000149212	0.225	0	True
ENSG00000149218	3.175	4	True
ENSG00000149231	15.735	7	True
ENSG00000149269	0.4	1	True
ENSG00000149289	0.375	1	True
ENSG00000149292	3.0949999999999998	4	True
ENSG00000149308	5.130000000000001	5	True
ENSG00000149311	5.385	5	True
ENSG00000149328	0.78	2	True
ENSG00000149346	3.87	5	True
ENSG00000149474	1.1400000000000001	3	True
ENSG00000149531	2.795	4	True
ENSG00000149532	9.415	6	True
ENSG00000149547	36.85	8	True
ENSG00000149548	1.58	3	True
ENSG00000149557	2.9	4	True
ENSG00000149582	0.22499999999999998	0	True
ENSG00000149639	0.175	0	True
ENSG00000149646	2.395	4	True
ENSG00000149679	0.35	1	True
ENSG00000149716	2.4749999999999996	4	True
ENSG00000149798	0.23500000000000001	0	True
ENSG00000149809	0.95	2	True
ENSG00000149929	2.475	4	True
ENSG00000150347	0.915	2	True
ENSG00000150401	1.2850000000000001	3	True
ENSG00000150433	18.275	7	True
ENSG00000150455	0.815	2	True
ENSG00000150456	24.990000000000002	8	True
ENSG00000150457	0.185	0	True
ENSG00000150459	254.29	9	True
ENSG00000150477	3.24	4	True
ENSG00000150636	0.44499999999999995	1	True
ENSG00000150637	0.205	0	True
ENSG00000150672	0.27	1	True
ENSG00000150764	1.62	3	True
ENSG00000150773	2.825	4	True
ENSG00000150961	4.785	5	True
ENSG00000150977	0.42	1	True
ENSG00000151012	5.225	5	True
ENSG00000151065	0.8	2	True
ENSG00000151090	1.395	3	True
ENSG00000151116	4.3149999999999995	5	True
ENSG00000151150	6.665	6	True
ENSG00000151151	0.8899999999999999	2	True
ENSG00000151164	0.205	0	True
ENSG00000151208	0.795	2	True
ENSG00000151229	1.22	3	True
ENSG00000151233	1.005	2	True
ENSG00000151276	10.91	6	True
ENSG00000151287	103.825	9	True
ENSG00000151304	12.055	7	True
ENSG00000151332	19.95	7	True
ENSG00000151348	4.88	5	True
ENSG00000151353	38.57	8	True
ENSG00000151422	6.405	6	True
ENSG00000151458	1.16	3	True
ENSG00000151470	23.77	8	True
ENSG00000151491	0.14500000000000002	0	True
ENSG00000151498	4.984999999999999	5	True
ENSG00000151532	6.685	6	True
ENSG00000151552	3.675	4	True
ENSG00000151575	1.22	3	True
ENSG00000151657	25.53	8	True
ENSG00000151690	0.635	2	True
ENSG00000151692	0.655	2	True
ENSG00000151718	2.385	4	True
ENSG00000151726	6.335	5	True
ENSG00000151743	18.015	7	True
ENSG00000151746	2.765	4	True
ENSG00000151748	4.445	5	True
ENSG00000151849	5.025	5	True
ENSG00000151881	41.745000000000005	8	True
ENSG00000151914	3.2	4	True
ENSG00000151929	2.9450000000000003	4	True
ENSG00000152056	0.57	2	True
ENSG00000152078	2.275	4	True
ENSG00000152117	0.7050000000000001	2	True
ENSG00000152133	5.1	5	True
ENSG00000152147	34.43	8	True
ENSG00000152192	0.345	1	True
ENSG00000152193	5.475	5	True
ENSG00000152213	0.16	0	True
ENSG00000152219	27.545	8	True
ENSG00000152229	9.55	6	True
ENSG00000152242	4.19	5	True
ENSG00000152270	1.755	3	True
ENSG00000152348	9.795	6	True
ENSG00000152404	3.08	4	True
ENSG00000152409	0.73	2	True
ENSG00000152422	37.135	8	True
ENSG00000152433	0.21	0	True
ENSG00000152457	13.335	7	True
ENSG00000152465	4.37	5	True
ENSG00000152484	1.295	3	True
ENSG00000152527	0.505	1	True
ENSG00000152620	6.71	6	True
ENSG00000152642	1.12	2	True
ENSG00000152749	0.51	1	True
ENSG00000152782	1.5	3	True
ENSG00000152804	39.0	8	True
ENSG00000152904	67.675	9	True
ENSG00000152926	1.565	3	True
ENSG00000152952	0.305	1	True
ENSG00000153029	10.2	6	True
ENSG00000153094	1.435	3	True
ENSG00000153140	64.365	9	True
ENSG00000153157	7.925000000000001	6	True
ENSG00000153208	0.185	0	True
ENSG00000153234	1.26	3	True
ENSG00000153363	8.925	6	True
ENSG00000153391	37.475	8	True
ENSG00000153485	28.4	8	True
ENSG00000153558	1.225	3	True
ENSG00000153721	3.1900000000000004	4	True
ENSG00000153790	0.42	1	True
ENSG00000153815	1.3599999999999999	3	True
ENSG00000153879	5.92	5	True
ENSG00000153885	0.955	2	True
ENSG00000153896	0.495	1	True
ENSG00000153933	1.475	3	True
ENSG00000154079	3.605	4	True
ENSG00000154114	0.415	1	True
ENSG00000154122	0.8150000000000001	2	True
ENSG00000154144	6.705	6	True
ENSG00000154217	0.375	1	True
ENSG00000154229	3.4299999999999997	4	True
ENSG00000154265	1.88	3	True
ENSG00000154309	0.20500000000000002	0	True
ENSG00000154328	2.105	3	True
ENSG00000154359	1.5	3	True
ENSG00000154511	1.355	3	True
ENSG00000154518	911.98	9	True
ENSG00000154640	9.915	6	True
ENSG00000154642	3.0300000000000002	4	True
ENSG00000154781	24.845	8	True
ENSG00000154864	3.035	4	True
ENSG00000154889	10.219999999999999	6	True
ENSG00000154917	0.51	1	True
ENSG00000154920	9.545	6	True
ENSG00000154957	1.03	2	True
ENSG00000155008	5.225	5	True
ENSG00000155034	0.235	0	True
ENSG00000155085	1.15	3	True
ENSG00000155111	2.62	4	True
ENSG00000155158	0.49	1	True
ENSG00000155254	2.2	4	True
ENSG00000155256	0.64	2	True
ENSG00000155287	7.495	6	True
ENSG00000155330	10.16	6	True
ENSG00000155465	0.17	0	True
ENSG00000155542	23.85	8	True
ENSG00000155592	1.205	3	True
ENSG00000155621	8.01	6	True
ENSG00000155629	0.12000000000000001	0	True
ENSG00000155636	4.66	5	True
ENSG00000155666	0.33499999999999996	1	True
ENSG00000155755	15.465	7	True
ENSG00000155760	0.27999999999999997	1	True
ENSG00000155827	3.425	4	True
ENSG00000155846	4.055	5	True
ENSG00000155849	1.715	3	True
ENSG00000155850	1.095	2	True
ENSG00000155858	1.5150000000000001	3	True
ENSG00000155903	1.255	3	True
ENSG00000155957	195.15	9	True
ENSG00000155962	57.275000000000006	8	True
ENSG00000155974	0.22	0	True
ENSG00000156030	8.715	6	True
ENSG00000156050	0.13	0	True
ENSG00000156052	5.720000000000001	5	True
ENSG00000156136	13.375	7	True
ENSG00000156140	2.7750000000000004	4	True
ENSG00000156170	6.324999999999999	5	True
ENSG00000156172	1.42	3	True
ENSG00000156232	1.25	3	True
ENSG00000156239	20.595	7	True
ENSG00000156253	17.835	7	True
ENSG00000156313	1.645	3	True
ENSG00000156374	6.6899999999999995	6	True
ENSG00000156384	11.705	7	True
ENSG00000156467	352.44	9	True
ENSG00000156587	15.7	7	True
ENSG00000156603	5.765000000000001	5	True
ENSG00000156650	1.42	3	True
ENSG00000156795	24.905	8	True
ENSG00000156858	1.675	3	True
ENSG00000156876	9.774999999999999	6	True
ENSG00000156973	0.625	2	True
ENSG00000156976	221.805	9	True
ENSG00000157014	3.285	4	True
ENSG00000157036	8.61	6	True
ENSG00000157045	3.77	5	True
ENSG00000157077	0.575	2	True
ENSG00000157107	2.625	4	True
ENSG00000157212	6.25	5	True
ENSG00000157240	0.225	0	True
ENSG00000157326	0.42	1	True
ENSG00000157349	4.92	5	True
ENSG00000157404	0.22	0	True
ENSG00000157429	1.01	2	True
ENSG00000157500	2.12	4	True
ENSG00000157514	0.445	1	True
ENSG00000157557	1.085	2	True
ENSG00000157613	1.25	3	True
ENSG00000157657	0.26	1	True
ENSG00000157693	1.79	3	True
ENSG00000157734	1.41	3	True
ENSG00000157796	4.165	5	True
ENSG00000157827	0.215	0	True
ENSG00000157833	1.315	3	True
ENSG00000157870	0.74	2	True
ENSG00000157895	3.895	5	True
ENSG00000157985	1.23	3	True
ENSG00000158006	3.21	4	True
ENSG00000158062	0.41500000000000004	1	True
ENSG00000158109	0.9	2	True
ENSG00000158122	2.545	4	True
ENSG00000158156	0.49	1	True
ENSG00000158158	0.85	2	True
ENSG00000158169	3.2249999999999996	4	True
ENSG00000158186	0.835	2	True
ENSG00000158201	4.609999999999999	5	True
ENSG00000158234	5.13	5	True
ENSG00000158286	2.625	4	True
ENSG00000158411	45.6	8	True
ENSG00000158467	0.6100000000000001	2	True
ENSG00000158480	0.33499999999999996	1	True
ENSG00000158483	2.245	4	True
ENSG00000158526	5.74	5	True
ENSG00000158555	0.18	0	True
ENSG00000158560	0.16	0	True
ENSG00000158711	2.0549999999999997	3	True
ENSG00000158828	1.4849999999999999	3	True
ENSG00000158856	0.375	1	True
ENSG00000158863	0.33999999999999997	1	True
ENSG00000159055	12.375	7	True
ENSG00000159082	1.9649999999999999	3	True
ENSG00000159176	4.97	5	True
ENSG00000159200	3.175	4	True
ENSG00000159214	0.19	0	True
ENSG00000159217	10.54	6	True
ENSG00000159433	0.255	1	True
ENSG00000159556	0.28	1	True
ENSG00000159685	3.91	5	True
ENSG00000159692	10.305	6	True
ENSG00000159733	0.775	2	True
ENSG00000159788	0.155	0	True
ENSG00000159885	1.33	3	True
ENSG00000159905	0.5	1	True
ENSG00000159915	0.14500000000000002	0	True
ENSG00000159917	0.835	2	True
ENSG00000160014	25.33	8	True
ENSG00000160051	4.955	5	True
ENSG00000160055	4.305	5	True
ENSG00000160117	0.45999999999999996	1	True
ENSG00000160124	92.55	9	True
ENSG00000160145	0.235	0	True
ENSG00000160172	2.89	4	True
ENSG00000160199	6.675	6	True
ENSG00000160219	12.77	7	True
ENSG00000160298	1.2000000000000002	3	True
ENSG00000160336	8.93	6	True
ENSG00000160471	0.375	1	True
ENSG00000160588	1.65	3	True
ENSG00000160606	5.109999999999999	5	True
ENSG00000160710	26.6	8	True
ENSG00000160753	4.35	5	True
ENSG00000160789	0.76	2	True
ENSG00000160838	0.16999999999999998	0	True
ENSG00000160867	0.595	2	True
ENSG00000160961	2.45	4	True
ENSG00000160972	0.29000000000000004	1	True
ENSG00000160973	0.345	1	True
ENSG00000160993	4.949999999999999	5	True
ENSG00000161048	4.865	5	True
ENSG00000161243	1.33	3	True
ENSG00000161265	7.615	6	True
ENSG00000161405	0.11499999999999999	0	True
ENSG00000161542	14.115	7	True
ENSG00000161547	119.07	9	True
ENSG00000161638	6.550000000000001	6	True
ENSG00000161642	0.8	2	True
ENSG00000161647	0.52	1	True
ENSG00000161714	0.19	0	True
ENSG00000161920	15.41	7	True
ENSG00000161939	1.48	3	True
ENSG00000161940	0.79	2	True
ENSG00000161958	0.75	2	True
ENSG00000162004	0.14500000000000002	0	True
ENSG00000162062	0.52	1	True
ENSG00000162174	2.3049999999999997	4	True
ENSG00000162341	0.5249999999999999	1	True
ENSG00000162367	15.335	7	True
ENSG00000162396	4.52	5	True
ENSG00000162419	4.855	5	True
ENSG00000162430	1.125	2	True
ENSG00000162434	5.955	5	True
ENSG00000162437	1.28	3	True
ENSG00000162496	17.05	7	True
ENSG00000162512	0.39	1	True
ENSG00000162520	0.33999999999999997	1	True
ENSG00000162522	1.705	3	True
ENSG00000162526	0.515	1	True
ENSG00000162542	0.175	0	True
ENSG00000162545	0.175	0	True
ENSG00000162604	35.715	8	True
ENSG00000162620	2.1	3	True
ENSG00000162650	0.235	0	True
ENSG00000162669	1.08	2	True
ENSG00000162670	0.155	0	True
ENSG00000162722	3.745	5	True
ENSG00000162729	0.245	0	True
ENSG00000162733	0.36	1	True
ENSG00000162738	0.22	0	True
ENSG00000162739	0.495	1	True
ENSG00000162757	3.45	4	True
ENSG00000162825	0.155	0	True
ENSG00000162836	0.19	0	True
ENSG00000162869	3.8	5	True
ENSG00000162924	1.655	3	True
ENSG00000162927	4.77	5	True
ENSG00000162929	0.895	2	True
ENSG00000162971	2.295	4	True
ENSG00000162976	1.8900000000000001	3	True
ENSG00000162981	1.3450000000000002	3	True
ENSG00000162994	2.665	4	True
ENSG00000162997	2.37	4	True
ENSG00000163001	9.6	6	True
ENSG00000163013	0.22999999999999998	0	True
ENSG00000163026	7.715	6	True
ENSG00000163040	0.66	2	True
ENSG00000163093	0.9	2	True
ENSG00000163126	0.255	1	True
ENSG00000163131	5.705	5	True
ENSG00000163132	1.52	3	True
ENSG00000163154	0.615	2	True
ENSG00000163155	1.7349999999999999	3	True
ENSG00000163156	131.86	9	True
ENSG00000163191	600.3	9	True
ENSG00000163216	3.01	4	True
ENSG00000163249	1.06	2	True
ENSG00000163251	2.075	3	True
ENSG00000163281	15.22	7	True
ENSG00000163291	7.545	6	True
ENSG00000163293	0.11	0	True
ENSG00000163312	2.62	4	True
ENSG00000163344	0.895	2	True
ENSG00000163346	0.125	0	True
ENSG00000163376	1.815	3	True
ENSG00000163378	2.855	4	True
ENSG00000163389	11.04	6	True
ENSG00000163393	0.41000000000000003	1	True
ENSG00000163453	0.415	1	True
ENSG00000163463	318.7	9	True
ENSG00000163472	0.5349999999999999	1	True
ENSG00000163482	2.23	4	True
ENSG00000163497	0.12	0	True
ENSG00000163510	24.85	8	True
ENSG00000163513	0.115	0	True
ENSG00000163521	0.205	0	True
ENSG00000163536	6.984999999999999	6	True
ENSG00000163576	0.7350000000000001	2	True
ENSG00000163596	0.665	2	True
ENSG00000163602	3.425	4	True
ENSG00000163611	1.44	3	True
ENSG00000163617	0.195	0	True
ENSG00000163625	0.365	1	True
ENSG00000163635	0.8	2	True
ENSG00000163644	6.59	6	True
ENSG00000163659	2.55	4	True
ENSG00000163683	2.505	4	True
ENSG00000163684	14.475	7	True
ENSG00000163686	0.52	1	True
ENSG00000163689	3.185	4	True
ENSG00000163694	1.745	3	True
ENSG00000163710	0.22000000000000003	0	True
ENSG00000163714	213.135	9	True
ENSG00000163734	1.85	3	True
ENSG00000163755	0.765	2	True
ENSG00000163785	2.635	4	True
ENSG00000163807	30.165	8	True
ENSG00000163808	6.74	6	True
ENSG00000163814	2.9450000000000003	4	True
ENSG00000163820	2.0949999999999998	3	True
ENSG00000163840	1.755	3	True
ENSG00000163866	34.295	8	True
ENSG00000163874	0.11	0	True
ENSG00000163877	1.9049999999999998	3	True
ENSG00000163898	0.36	1	True
ENSG00000163913	1.75	3	True
ENSG00000163935	0.5700000000000001	2	True
ENSG00000163945	0.12	0	True
ENSG00000163947	0.585	2	True
ENSG00000163975	0.31	1	True
ENSG00000164008	0.655	2	True
ENSG00000164011	12.754999999999999	7	True
ENSG00000164031	4.2	5	True
ENSG00000164039	8.02	6	True
ENSG00000164040	11.64	7	True
ENSG00000164048	3.035	4	True
ENSG00000164051	4.609999999999999	5	True
ENSG00000164056	0.145	0	True
ENSG00000164074	3.75	5	True
ENSG00000164078	2.0549999999999997	3	True
ENSG00000164088	0.79	2	True
ENSG00000164105	3.5250000000000004	4	True
ENSG00000164107	1.105	2	True
ENSG00000164120	1.9100000000000001	3	True
ENSG00000164169	2.11	3	True
ENSG00000164219	12.21	7	True
ENSG00000164221	2.1550000000000002	4	True
ENSG00000164237	37.905	8	True
ENSG00000164241	15.370000000000001	7	True
ENSG00000164291	1.67	3	True
ENSG00000164294	0.5800000000000001	2	True
ENSG00000164296	1.1800000000000002	3	True
ENSG00000164300	1.745	3	True
ENSG00000164306	8.09	6	True
ENSG00000164308	0.765	2	True
ENSG00000164323	27.17	8	True
ENSG00000164331	9.004999999999999	6	True
ENSG00000164332	14.7	7	True
ENSG00000164366	2.785	4	True
ENSG00000164398	0.47	1	True
ENSG00000164403	0.39	1	True
ENSG00000164414	24.93	8	True
ENSG00000164463	0.735	2	True
ENSG00000164466	21.86	7	True
ENSG00000164483	0.17	0	True
ENSG00000164543	2.525	4	True
ENSG00000164576	3.01	4	True
ENSG00000164603	0.46499999999999997	1	True
ENSG00000164609	28.66	8	True
ENSG00000164615	11.344999999999999	7	True
ENSG00000164631	4.595000000000001	5	True
ENSG00000164647	3.835	5	True
ENSG00000164649	1.34	3	True
ENSG00000164659	4.895	5	True
ENSG00000164663	0.77	2	True
ENSG00000164675	0.95	2	True
ENSG00000164683	1.115	2	True
ENSG00000164687	79.74000000000001	9	True
ENSG00000164692	0.505	1	True
ENSG00000164713	3.105	4	True
ENSG00000164751	38.525000000000006	8	True
ENSG00000164818	2.56	4	True
ENSG00000164823	3.1950000000000003	4	True
ENSG00000164902	36.305	8	True
ENSG00000164920	0.42	1	True
ENSG00000164938	0.8	2	True
ENSG00000164953	3.1550000000000002	4	True
ENSG00000164970	0.42000000000000004	1	True
ENSG00000164978	20.48	7	True
ENSG00000164983	0.33499999999999996	1	True
ENSG00000165025	3.88	5	True
ENSG00000165028	5.125	5	True
ENSG00000165030	2.605	4	True
ENSG00000165046	1.075	2	True
ENSG00000165060	15.254999999999999	7	True
ENSG00000165115	0.22	0	True
ENSG00000165119	158.2	9	True
ENSG00000165138	7.324999999999999	6	True
ENSG00000165169	11.405000000000001	7	True
ENSG00000165233	0.8800000000000001	2	True
ENSG00000165244	1.885	3	True
ENSG00000165272	3.255	4	True
ENSG00000165275	4.795	5	True
ENSG00000165304	25.955	8	True
ENSG00000165312	0.285	1	True
ENSG00000165325	7.045	6	True
ENSG00000165338	0.83	2	True
ENSG00000165355	1.01	2	True
ENSG00000165359	4.109999999999999	5	True
ENSG00000165389	15.705	7	True
ENSG00000165392	8.62	6	True
ENSG00000165410	4.01	5	True
ENSG00000165475	0.79	2	True
ENSG00000165476	4.16	5	True
ENSG00000165487	6.71	6	True
ENSG00000165490	7.855	6	True
ENSG00000165501	45.34	8	True
ENSG00000165506	2.7800000000000002	4	True
ENSG00000165511	0.2	0	True
ENSG00000165512	71.125	9	True
ENSG00000165572	1.69	3	True
ENSG00000165626	0.895	2	True
ENSG00000165630	12.05	7	True
ENSG00000165632	1.495	3	True
ENSG00000165633	0.71	2	True
ENSG00000165660	5.375	5	True
ENSG00000165661	0.425	1	True
ENSG00000165669	40.265	8	True
ENSG00000165684	0.37	1	True
ENSG00000165695	0.19	0	True
ENSG00000165702	6.99	6	True
ENSG00000165752	0.9	2	True
ENSG00000165782	4.885	5	True
ENSG00000165795	7.75	6	True
ENSG00000165801	0.31	1	True
ENSG00000165804	0.3	1	True
ENSG00000165806	5.0600000000000005	5	True
ENSG00000165813	1.7650000000000001	3	True
ENSG00000165832	3.67	4	True
ENSG00000165861	0.53	1	True
ENSG00000165891	2.84	4	True
ENSG00000165895	0.675	2	True
ENSG00000165898	4.23	5	True
ENSG00000165905	0.32	1	True
ENSG00000165914	1.28	3	True
ENSG00000165915	0.15	0	True
ENSG00000165923	0.34500000000000003	1	True
ENSG00000165943	0.8500000000000001	2	True
ENSG00000165948	16.785	7	True
ENSG00000165996	0.705	2	True
ENSG00000166002	1.06	2	True
ENSG00000166024	6.215	5	True
ENSG00000166035	0.105	0	True
ENSG00000166046	0.6	2	True
ENSG00000166068	2.08	3	True
ENSG00000166073	0.265	1	True
ENSG00000166086	0.435	1	True
ENSG00000166123	0.555	1	True
ENSG00000166130	2.395	4	True
ENSG00000166135	1.1099999999999999	2	True
ENSG00000166145	0.48	1	True
ENSG00000166153	8.175	6	True
ENSG00000166165	21.14	7	True
ENSG00000166167	1.185	3	True
ENSG00000166171	27.925	8	True
ENSG00000166188	0.165	0	True
ENSG00000166189	0.36	1	True
ENSG00000166199	12.585	7	True
ENSG00000166224	5.335	5	True
ENSG00000166225	0.69	2	True
ENSG00000166261	1.65	3	True
ENSG00000166262	7.38	6	True
ENSG00000166263	9.575	6	True
ENSG00000166275	12.835	7	True
ENSG00000166311	0.5	1	True
ENSG00000166321	4.26	5	True
ENSG00000166323	1.04	2	True
ENSG00000166352	14.84	7	True
ENSG00000166377	0.39	1	True
ENSG00000166387	0.195	0	True
ENSG00000166398	2.84	4	True
ENSG00000166401	0.10500000000000001	0	True
ENSG00000166436	0.73	2	True
ENSG00000166444	0.195	0	True
ENSG00000166477	16.41	7	True
ENSG00000166478	12.575	7	True
ENSG00000166484	0.385	1	True
ENSG00000166503	5.2	5	True
ENSG00000166510	0.155	0	True
ENSG00000166529	3.425	4	True
ENSG00000166548	0.77	2	True
ENSG00000166562	17.63	7	True
ENSG00000166578	0.195	0	True
ENSG00000166801	8.81	6	True
ENSG00000166825	0.16999999999999998	0	True
ENSG00000166839	0.23	0	True
ENSG00000166845	2.49	4	True
ENSG00000166860	1.9249999999999998	3	True
ENSG00000166869	0.255	1	True
ENSG00000166908	5.68	5	True
ENSG00000166912	1.06	2	True
ENSG00000166949	3.015	4	True
ENSG00000166963	3.3	4	True
ENSG00000166965	7.94	6	True
ENSG00000166971	2.9749999999999996	4	True
ENSG00000166987	1.8599999999999999	3	True
ENSG00000166997	2.01	3	True
ENSG00000167065	0.9	2	True
ENSG00000167106	0.12	0	True
ENSG00000167107	0.73	2	True
ENSG00000167182	0.555	1	True
ENSG00000167186	1.98	3	True
ENSG00000167191	0.585	2	True
ENSG00000167202	0.275	1	True
ENSG00000167232	0.73	2	True
ENSG00000167302	0.615	2	True
ENSG00000167306	0.12000000000000001	0	True
ENSG00000167315	14.22	7	True
ENSG00000167333	3.4299999999999997	4	True
ENSG00000167377	2.85	4	True
ENSG00000167380	13.625	7	True
ENSG00000167394	0.14	0	True
ENSG00000167414	1.94	3	True
ENSG00000167487	0.11	0	True
ENSG00000167523	2.6550000000000002	4	True
ENSG00000167525	0.625	2	True
ENSG00000167528	1.335	3	True
ENSG00000167535	0.29000000000000004	1	True
ENSG00000167555	0.855	2	True
ENSG00000167578	0.125	0	True
ENSG00000167600	0.12000000000000001	0	True
ENSG00000167625	1.665	3	True
ENSG00000167632	0.495	1	True
ENSG00000167637	4.175	5	True
ENSG00000167641	0.52	1	True
ENSG00000167700	0.305	1	True
ENSG00000167720	8.825	6	True
ENSG00000167733	0.25	0	True
ENSG00000167740	0.875	2	True
ENSG00000167779	0.18	0	True
ENSG00000167785	3.0300000000000002	4	True
ENSG00000167799	0.28	1	True
ENSG00000167842	8.370000000000001	6	True
ENSG00000167895	0.15	0	True
ENSG00000167981	0.14	0	True
ENSG00000167985	98.975	9	True
ENSG00000167987	0.44	1	True
ENSG00000168002	430.075	9	True
ENSG00000168010	0.275	1	True
ENSG00000168016	0.305	1	True
ENSG00000168026	0.16999999999999998	0	True
ENSG00000168032	0.465	1	True
ENSG00000168038	2.19	4	True
ENSG00000168066	9.879999999999999	6	True
ENSG00000168067	0.14500000000000002	0	True
ENSG00000168071	0.22999999999999998	0	True
ENSG00000168101	1.0899999999999999	2	True
ENSG00000168118	6.87	6	True
ENSG00000168152	2.715	4	True
ENSG00000168216	54.625	8	True
ENSG00000168255	1.3650000000000002	3	True
ENSG00000168273	26.049999999999997	8	True
ENSG00000168297	2.38	4	True
ENSG00000168301	3.585	4	True
ENSG00000168310	5.859999999999999	5	True
ENSG00000168394	0.9450000000000001	2	True
ENSG00000168404	0.94	2	True
ENSG00000168495	7.055	6	True
ENSG00000168497	14.755	7	True
ENSG00000168502	0.315	1	True
ENSG00000168556	2.215	4	True
ENSG00000168564	4.08	5	True
ENSG00000168566	4.335	5	True
ENSG00000168569	5.375	5	True
ENSG00000168591	3.66	4	True
ENSG00000168646	0.185	0	True
ENSG00000168661	5.845000000000001	5	True
ENSG00000168734	0.21000000000000002	0	True
ENSG00000168758	0.265	1	True
ENSG00000168769	0.78	2	True
ENSG00000168778	0.49	1	True
ENSG00000168779	0.35	1	True
ENSG00000168792	0.54	1	True
ENSG00000168807	1.12	2	True
ENSG00000168813	1.865	3	True
ENSG00000168826	0.32499999999999996	1	True
ENSG00000168876	20.095	7	True
ENSG00000168883	47.585	8	True
ENSG00000168890	2.84	4	True
ENSG00000168904	5.84	5	True
ENSG00000168917	1.83	3	True
ENSG00000168918	0.47500000000000003	1	True
ENSG00000168938	1.7650000000000001	3	True
ENSG00000168952	0.585	2	True
ENSG00000168958	7.484999999999999	6	True
ENSG00000169019	29.96	8	True
ENSG00000169045	89.625	9	True
ENSG00000169071	4.205	5	True
ENSG00000169084	0.415	1	True
ENSG00000169087	1.31	3	True
ENSG00000169093	0.365	1	True
ENSG00000169105	1.135	3	True
ENSG00000169131	0.35000000000000003	1	True
ENSG00000169136	3.735	4	True
ENSG00000169139	227.15	9	True
ENSG00000169155	3.45	4	True
ENSG00000169174	2.56	4	True
ENSG00000169193	10.645	6	True
ENSG00000169217	2.815	4	True
ENSG00000169231	0.67	2	True
ENSG00000169242	2.13	4	True
ENSG00000169249	4.09	5	True
ENSG00000169251	82.105	9	True
ENSG00000169255	0.465	1	True
ENSG00000169258	0.10500000000000001	0	True
ENSG00000169372	16.21	7	True
ENSG00000169398	10.26	6	True
ENSG00000169439	0.355	1	True
ENSG00000169508	6.525	6	True
ENSG00000169554	20.630000000000003	7	True
ENSG00000169570	0.625	2	True
ENSG00000169598	1.995	3	True
ENSG00000169607	8.585	6	True
ENSG00000169609	35.144999999999996	8	True
ENSG00000169612	74.07	9	True
ENSG00000169635	1.69	3	True
ENSG00000169641	7.08	6	True
ENSG00000169660	0.655	2	True
ENSG00000169684	2.455	4	True
ENSG00000169715	0.17	0	True
ENSG00000169740	13.48	7	True
ENSG00000169752	1.345	3	True
ENSG00000169814	17.61	7	True
ENSG00000169826	1.02	2	True
ENSG00000169860	3.575	4	True
ENSG00000169871	1.92	3	True
ENSG00000169884	0.18	0	True
ENSG00000169895	4.42	5	True
ENSG00000169902	0.125	0	True
ENSG00000169914	1.8	3	True
ENSG00000169926	1.81	3	True
ENSG00000169946	1.7149999999999999	3	True
ENSG00000169951	0.505	1	True
ENSG00000169967	1.78	3	True
ENSG00000169981	9.17	6	True
ENSG00000169992	0.10500000000000001	0	True
ENSG00000170006	0.36	1	True
ENSG00000170100	0.42000000000000004	1	True
ENSG00000170144	124.875	9	True
ENSG00000170145	0.55	1	True
ENSG00000170175	4.75	5	True
ENSG00000170191	4.02	5	True
ENSG00000170222	11.129999999999999	6	True
ENSG00000170231	0.26	1	True
ENSG00000170234	2.1799999999999997	4	True
ENSG00000170260	1.26	3	True
ENSG00000170264	0.335	1	True
ENSG00000170270	17.16	7	True
ENSG00000170271	1.725	3	True
ENSG00000170275	6.41	6	True
ENSG00000170310	27.229999999999997	8	True
ENSG00000170315	2864.4350000000004	9	True
ENSG00000170345	0.56	2	True
ENSG00000170348	159.45	9	True
ENSG00000170364	4.555	5	True
ENSG00000170396	0.37	1	True
ENSG00000170417	7.47	6	True
ENSG00000170421	28.15	8	True
ENSG00000170425	5.16	5	True
ENSG00000170456	0.595	2	True
ENSG00000170469	4.62	5	True
ENSG00000170500	0.24	0	True
ENSG00000170525	0.335	1	True
ENSG00000170542	12.725	7	True
ENSG00000170545	19.145	7	True
ENSG00000170608	0.87	2	True
ENSG00000170619	2.825	4	True
ENSG00000170627	941.435	9	True
ENSG00000170631	2.355	4	True
ENSG00000170634	1.54	3	True
ENSG00000170677	1.5350000000000001	3	True
ENSG00000170689	3.955	5	True
ENSG00000170776	0.175	0	True
ENSG00000170791	59.81999999999999	8	True
ENSG00000170836	1.595	3	True
ENSG00000170860	147.505	9	True
ENSG00000170881	6.539999999999999	6	True
ENSG00000170903	3.13	4	True
ENSG00000170915	0.905	2	True
ENSG00000170917	12.89	7	True
ENSG00000170919	0.375	1	True
ENSG00000170921	0.5349999999999999	1	True
ENSG00000170989	0.18	0	True
ENSG00000171084	0.865	2	True
ENSG00000171097	5.36	5	True
ENSG00000171100	3.33	4	True
ENSG00000171103	14.745000000000001	7	True
ENSG00000171150	1.16	3	True
ENSG00000171155	33.07	8	True
ENSG00000171160	7.175	6	True
ENSG00000171202	113.175	9	True
ENSG00000171262	2.5	4	True
ENSG00000171345	14.36	7	True
ENSG00000171365	0.7350000000000001	2	True
ENSG00000171448	1.4449999999999998	3	True
ENSG00000171453	261.18	9	True
ENSG00000171475	3.125	4	True
ENSG00000171488	0.58	2	True
ENSG00000171574	4.805	5	True
ENSG00000171617	0.21500000000000002	0	True
ENSG00000171700	0.22999999999999998	0	True
ENSG00000171703	0.9950000000000001	2	True
ENSG00000171766	0.345	1	True
ENSG00000171777	0.255	1	True
ENSG00000171791	0.19	0	True
ENSG00000171806	23.425	8	True
ENSG00000171817	0.265	1	True
ENSG00000171827	0.29500000000000004	1	True
ENSG00000171843	0.145	0	True
ENSG00000171867	5.74	5	True
ENSG00000171877	0.33	1	True
ENSG00000171943	4.24	5	True
ENSG00000171970	2.875	4	True
ENSG00000171984	16.01	7	True
ENSG00000171988	22.595	8	True
ENSG00000172007	2.27	4	True
ENSG00000172059	2.23	4	True
ENSG00000172071	0.995	2	True
ENSG00000172159	0.2	0	True
ENSG00000172167	5.73	5	True
ENSG00000172171	40.995	8	True
ENSG00000172175	0.235	0	True
ENSG00000172216	0.84	2	True
ENSG00000172250	1.615	3	True
ENSG00000172270	4.775	5	True
ENSG00000172273	15.035	7	True
ENSG00000172292	1.05	2	True
ENSG00000172301	8.440000000000001	6	True
ENSG00000172315	1.875	3	True
ENSG00000172318	0.5700000000000001	2	True
ENSG00000172331	20.979999999999997	7	True
ENSG00000172339	10.46	6	True
ENSG00000172345	0.88	2	True
ENSG00000172361	0.14500000000000002	0	True
ENSG00000172409	29.700000000000003	8	True
ENSG00000172428	71.07	9	True
ENSG00000172456	8.01	6	True
ENSG00000172458	0.37	1	True
ENSG00000172465	2.955	4	True
ENSG00000172469	5.205	5	True
ENSG00000172531	15.56	7	True
ENSG00000172575	0.135	0	True
ENSG00000172594	0.10500000000000001	0	True
ENSG00000172663	0.5650000000000001	2	True
ENSG00000172671	0.365	1	True
ENSG00000172687	5.835	5	True
ENSG00000172731	1.4449999999999998	3	True
ENSG00000172738	1.245	3	True
ENSG00000172748	0.74	2	True
ENSG00000172752	0.7150000000000001	2	True
ENSG00000172765	0.755	2	True
ENSG00000172819	0.16999999999999998	0	True
ENSG00000172878	5.720000000000001	5	True
ENSG00000172922	3.985	5	True
ENSG00000172965	191.565	9	True
ENSG00000172986	1.105	2	True
ENSG00000173011	0.45	1	True
ENSG00000173041	7.4	6	True
ENSG00000173085	1.9050000000000002	3	True
ENSG00000173110	0.135	0	True
ENSG00000173141	5.555	5	True
ENSG00000173163	53.644999999999996	8	True
ENSG00000173166	0.16999999999999998	0	True
ENSG00000173209	4.83	5	True
ENSG00000173214	0.175	0	True
ENSG00000173218	0.785	2	True
ENSG00000173221	8.615	6	True
ENSG00000173275	1.075	2	True
ENSG00000173281	0.49	1	True
ENSG00000173295	0.655	2	True
ENSG00000173334	2.5949999999999998	4	True
ENSG00000173402	0.25	0	True
ENSG00000173451	12.030000000000001	7	True
ENSG00000173480	0.3	1	True
ENSG00000173540	0.52	1	True
ENSG00000173545	6.744999999999999	6	True
ENSG00000173548	1.12	2	True
ENSG00000173581	0.14500000000000002	0	True
ENSG00000173588	4.215	5	True
ENSG00000173599	0.61	2	True
ENSG00000173611	0.61	2	True
ENSG00000173614	8.325	6	True
ENSG00000173681	0.515	1	True
ENSG00000173727	52.980000000000004	8	True
ENSG00000173801	6.355	5	True
ENSG00000173812	763.39	9	True
ENSG00000173818	0.6699999999999999	2	True
ENSG00000173846	0.625	2	True
ENSG00000173848	37.335	8	True
ENSG00000173867	0.9450000000000001	2	True
ENSG00000173894	0.475	1	True
ENSG00000173898	0.245	0	True
ENSG00000173914	19.655	7	True
ENSG00000173917	1.57	3	True
ENSG00000173960	2.205	4	True
ENSG00000174004	0.15	0	True
ENSG00000174021	199.59	9	True
ENSG00000174032	1.13	2	True
ENSG00000174080	0.18	0	True
ENSG00000174106	4.515000000000001	5	True
ENSG00000174109	1.12	2	True
ENSG00000174125	0.19999999999999998	0	True
ENSG00000174130	0.125	0	True
ENSG00000174132	0.28	1	True
ENSG00000174151	0.49	1	True
ENSG00000174165	0.43000000000000005	1	True
ENSG00000174173	74.735	9	True
ENSG00000174206	1.545	3	True
ENSG00000174282	0.735	2	True
ENSG00000174292	0.21999999999999997	0	True
ENSG00000174306	0.635	2	True
ENSG00000174365	5.13	5	True
ENSG00000174405	0.845	2	True
ENSG00000174428	0.925	2	True
ENSG00000174516	0.21000000000000002	0	True
ENSG00000174579	1.4849999999999999	3	True
ENSG00000174606	7.19	6	True
ENSG00000174607	3.79	5	True
ENSG00000174628	7.1850000000000005	6	True
ENSG00000174684	0.52	1	True
ENSG00000174721	0.395	1	True
ENSG00000174738	0.7649999999999999	2	True
ENSG00000174799	2.015	3	True
ENSG00000174804	0.9099999999999999	2	True
ENSG00000174840	5.4	5	True
ENSG00000174842	14.02	7	True
ENSG00000174891	63.489999999999995	9	True
ENSG00000174938	0.115	0	True
ENSG00000174943	1.37	3	True
ENSG00000174989	0.365	1	True
ENSG00000175040	2.46	4	True
ENSG00000175048	0.735	2	True
ENSG00000175063	0.4	1	True
ENSG00000175066	1.47	3	True
ENSG00000175073	2.54	4	True
ENSG00000175105	1.605	3	True
ENSG00000175175	0.74	2	True
ENSG00000175182	0.615	2	True
ENSG00000175183	3.11	4	True
ENSG00000175198	3.5700000000000003	4	True
ENSG00000175213	0.19	0	True
ENSG00000175265	7.35	6	True
ENSG00000175279	8.184999999999999	6	True
ENSG00000175305	18.03	7	True
ENSG00000175309	3.0	4	True
ENSG00000175322	3.41	4	True
ENSG00000175348	5.32	5	True
ENSG00000175352	4.145	5	True
ENSG00000175395	0.33999999999999997	1	True
ENSG00000175536	0.59	2	True
ENSG00000175548	0.45999999999999996	1	True
ENSG00000175556	1.075	2	True
ENSG00000175592	2.955	4	True
ENSG00000175595	5.905	5	True
ENSG00000175600	0.7749999999999999	2	True
ENSG00000175611	0.7150000000000001	2	True
ENSG00000175691	2.435	4	True
ENSG00000175707	0.28500000000000003	1	True
ENSG00000175711	4.22	5	True
ENSG00000175727	2.715	4	True
ENSG00000175764	0.9	2	True
ENSG00000175782	2.29	4	True
ENSG00000175787	1.1099999999999999	2	True
ENSG00000175806	0.53	1	True
ENSG00000175866	1.47	3	True
ENSG00000175893	0.14500000000000002	0	True
ENSG00000176022	0.505	1	True
ENSG00000176024	1.5750000000000002	3	True
ENSG00000176055	1.73	3	True
ENSG00000176102	51.235	8	True
ENSG00000176108	0.235	0	True
ENSG00000176125	0.33	1	True
ENSG00000176148	0.9600000000000001	2	True
ENSG00000176165	0.9450000000000001	2	True
ENSG00000176182	0.19	0	True
ENSG00000176273	0.6799999999999999	2	True
ENSG00000176371	1.6	3	True
ENSG00000176383	0.13	0	True
ENSG00000176396	1.755	3	True
ENSG00000176401	3.73	4	True
ENSG00000176410	0.905	2	True
ENSG00000176422	2.55	4	True
ENSG00000176444	9.975000000000001	6	True
ENSG00000176473	0.275	1	True
ENSG00000176476	4.645	5	True
ENSG00000176542	1.165	3	True
ENSG00000176597	9.059999999999999	6	True
ENSG00000176700	1.705	3	True
ENSG00000176834	3.44	4	True
ENSG00000176842	0.175	0	True
ENSG00000176845	0.135	0	True
ENSG00000176894	2.56	4	True
ENSG00000176896	1.22	3	True
ENSG00000176903	1.35	3	True
ENSG00000176912	2.46	4	True
ENSG00000176933	0.5	1	True
ENSG00000176973	0.40499999999999997	1	True
ENSG00000176994	0.18	0	True
ENSG00000177042	3.585	4	True
ENSG00000177051	2.64	4	True
ENSG00000177054	3.685	4	True
ENSG00000177076	0.16999999999999998	0	True
ENSG00000177084	2.325	4	True
ENSG00000177112	0.145	0	True
ENSG00000177189	14.315000000000001	7	True
ENSG00000177337	9.5	6	True
ENSG00000177354	0.295	1	True
ENSG00000177370	4.25	5	True
ENSG00000177380	0.14	0	True
ENSG00000177383	1.215	3	True
ENSG00000177409	0.2	0	True
ENSG00000177469	5.705	5	True
ENSG00000177556	227.51999999999998	9	True
ENSG00000177576	27.07	8	True
ENSG00000177599	0.14	0	True
ENSG00000177602	0.435	1	True
ENSG00000177613	10.04	6	True
ENSG00000177640	0.11	0	True
ENSG00000177663	0.18	0	True
ENSG00000177697	3.0500000000000003	4	True
ENSG00000177721	1.8	3	True
ENSG00000177732	0.4	1	True
ENSG00000177733	4.255000000000001	5	True
ENSG00000177738	3.495	4	True
ENSG00000177842	1.165	3	True
ENSG00000177853	8.2	6	True
ENSG00000177854	0.22499999999999998	0	True
ENSG00000177868	27.615000000000002	8	True
ENSG00000177873	1.04	2	True
ENSG00000177879	34.58	8	True
ENSG00000177888	1.605	3	True
ENSG00000177946	2.455	4	True
ENSG00000177971	10.925	6	True
ENSG00000178074	3.04	4	True
ENSG00000178078	1.06	2	True
ENSG00000178177	3.045	4	True
ENSG00000178229	0.42000000000000004	1	True
ENSG00000178338	1.025	2	True
ENSG00000178381	38.625	8	True
ENSG00000178385	0.125	0	True
ENSG00000178386	0.9850000000000001	2	True
ENSG00000178409	1.04	2	True
ENSG00000178538	7.955	6	True
ENSG00000178605	0.17	0	True
ENSG00000178607	2.59	4	True
ENSG00000178665	0.19	0	True
ENSG00000178694	5.72	5	True
ENSG00000178695	0.11000000000000001	0	True
ENSG00000178700	0.365	1	True
ENSG00000178752	0.745	2	True
ENSG00000178761	4.9399999999999995	5	True
ENSG00000178852	0.28500000000000003	1	True
ENSG00000178878	0.19	0	True
ENSG00000178904	2.71	4	True
ENSG00000178935	2.5700000000000003	4	True
ENSG00000178966	4.615	5	True
ENSG00000178971	3.085	4	True
ENSG00000178996	2.335	4	True
ENSG00000179097	1.745	3	True
ENSG00000179104	0.23	0	True
ENSG00000179151	12.565000000000001	7	True
ENSG00000179163	5.5649999999999995	5	True
ENSG00000179240	0.35	1	True
ENSG00000179348	7.970000000000001	6	True
ENSG00000179428	0.355	1	True
ENSG00000179431	0.12000000000000001	0	True
ENSG00000179456	0.18	0	True
ENSG00000179523	25.515	8	True
ENSG00000179583	0.135	0	True
ENSG00000179598	10.745000000000001	6	True
ENSG00000179715	0.905	2	True
ENSG00000179743	1.18	3	True
ENSG00000179750	113.18	9	True
ENSG00000179820	17.744999999999997	7	True
ENSG00000179832	0.9199999999999999	2	True
ENSG00000179833	2.34	4	True
ENSG00000179859	0.805	2	True
ENSG00000179941	1.725	3	True
ENSG00000179943	0.595	2	True
ENSG00000179965	1.1	2	True
ENSG00000179981	0.74	2	True
ENSG00000179988	34.489999999999995	8	True
ENSG00000180008	1.815	3	True
ENSG00000180035	0.225	0	True
ENSG00000180096	0.11	0	True
ENSG00000180233	1.0	2	True
ENSG00000180346	2.19	4	True
ENSG00000180353	3.285	4	True
ENSG00000180354	0.845	2	True
ENSG00000180385	4.96	5	True
ENSG00000180423	3.6950000000000003	4	True
ENSG00000180425	2.005	3	True
ENSG00000180448	0.105	0	True
ENSG00000180479	1.6	3	True
ENSG00000180488	1.1	2	True
ENSG00000180537	12.205	7	True
ENSG00000180592	0.42000000000000004	1	True
ENSG00000180626	0.195	0	True
ENSG00000180769	0.105	0	True
ENSG00000180773	1.4649999999999999	3	True
ENSG00000180806	1.3599999999999999	3	True
ENSG00000180818	0.155	0	True
ENSG00000180822	11.280000000000001	7	True
ENSG00000180855	1.495	3	True
ENSG00000180867	0.19	0	True
ENSG00000180881	0.325	1	True
ENSG00000180884	2.13	4	True
ENSG00000180914	0.10500000000000001	0	True
ENSG00000180917	4.385	5	True
ENSG00000180938	0.54	1	True
ENSG00000180953	0.9349999999999999	2	True
ENSG00000180979	2.99	4	True
ENSG00000181007	1.92	3	True
ENSG00000181027	0.46499999999999997	1	True
ENSG00000181104	2.6799999999999997	4	True
ENSG00000181191	1.385	3	True
ENSG00000181274	2.915	4	True
ENSG00000181350	0.22999999999999998	0	True
ENSG00000181450	2.1550000000000002	4	True
ENSG00000181458	2.6399999999999997	4	True
ENSG00000181472	3.4299999999999997	4	True
ENSG00000181513	0.16	0	True
ENSG00000181523	0.175	0	True
ENSG00000181588	1.345	3	True
ENSG00000181649	1.01	2	True
ENSG00000181690	0.48	1	True
ENSG00000181704	31.29	8	True
ENSG00000181722	0.245	0	True
ENSG00000181751	0.995	2	True
ENSG00000181754	0.14500000000000002	0	True
ENSG00000181798	0.165	0	True
ENSG00000181873	0.615	2	True
ENSG00000181885	2.11	3	True
ENSG00000181894	0.12	0	True
ENSG00000181896	6.925	6	True
ENSG00000182013	4.68	5	True
ENSG00000182108	1.905	3	True
ENSG00000182118	6.37	6	True
ENSG00000182134	3.185	4	True
ENSG00000182141	1.605	3	True
ENSG00000182165	4.035	5	True
ENSG00000182185	8.765	6	True
ENSG00000182224	1.275	3	True
ENSG00000182247	0.295	1	True
ENSG00000182310	1.0699999999999998	2	True
ENSG00000182318	1.375	3	True
ENSG00000182325	0.135	0	True
ENSG00000182359	20.92	7	True
ENSG00000182362	4.985	5	True
ENSG00000182378	4.75	5	True
ENSG00000182405	1.335	3	True
ENSG00000182446	1.355	3	True
ENSG00000182473	14.985	7	True
ENSG00000182504	1.775	3	True
ENSG00000182511	0.47	1	True
ENSG00000182518	32.245	8	True
ENSG00000182534	2.265	4	True
ENSG00000182541	0.775	2	True
ENSG00000182552	8.3	6	True
ENSG00000182704	0.725	2	True
ENSG00000182712	2.52	4	True
ENSG00000182742	1.185	3	True
ENSG00000182749	0.795	2	True
ENSG00000182796	1.25	3	True
ENSG00000182858	0.175	0	True
ENSG00000182871	0.145	0	True
ENSG00000182923	3.57	4	True
ENSG00000183060	0.23	0	True
ENSG00000183150	0.135	0	True
ENSG00000183155	6.775	6	True
ENSG00000183161	0.875	2	True
ENSG00000183172	8.29	6	True
ENSG00000183208	0.655	2	True
ENSG00000183242	0.165	0	True
ENSG00000183309	1.185	3	True
ENSG00000183323	3.78	5	True
ENSG00000183340	3.045	4	True
ENSG00000183354	1.48	3	True
ENSG00000183401	0.485	1	True
ENSG00000183475	1.26	3	True
ENSG00000183496	0.67	2	True
ENSG00000183508	2.835	4	True
ENSG00000183513	13.754999999999999	7	True
ENSG00000183579	0.43	1	True
ENSG00000183597	12.73	7	True
ENSG00000183617	2.78	4	True
ENSG00000183621	0.345	1	True
ENSG00000183647	0.255	1	True
ENSG00000183696	0.23500000000000001	0	True
ENSG00000183718	1.76	3	True
ENSG00000183723	1.59	3	True
ENSG00000183735	12.8	7	True
ENSG00000183742	4.7	5	True
ENSG00000183762	0.7050000000000001	2	True
ENSG00000183763	25.17	8	True
ENSG00000183770	0.32999999999999996	1	True
ENSG00000183856	0.925	2	True
ENSG00000183864	4.4	5	True
ENSG00000183963	1.96	3	True
ENSG00000184014	7.210000000000001	6	True
ENSG00000184068	3.6500000000000004	4	True
ENSG00000184083	0.26	1	True
ENSG00000184162	38.695	8	True
ENSG00000184164	0.7450000000000001	2	True
ENSG00000184205	0.22999999999999998	0	True
ENSG00000184208	1.0	2	True
ENSG00000184226	3.4749999999999996	4	True
ENSG00000184232	0.9550000000000001	2	True
ENSG00000184271	0.20500000000000002	0	True
ENSG00000184307	0.23	0	True
ENSG00000184357	0.53	1	True
ENSG00000184384	0.5	1	True
ENSG00000184432	39.835	8	True
ENSG00000184500	4.03	5	True
ENSG00000184675	0.30500000000000005	1	True
ENSG00000184677	1.93	3	True
ENSG00000184786	1.3	3	True
ENSG00000184838	1.415	3	True
ENSG00000184857	18.63	7	True
ENSG00000184860	0.8049999999999999	2	True
ENSG00000184898	1.085	2	True
ENSG00000184916	0.12	0	True
ENSG00000184924	26.78	8	True
ENSG00000184937	5.01	5	True
ENSG00000184939	0.32999999999999996	1	True
ENSG00000184979	0.11	0	True
ENSG00000184983	326.845	9	True
ENSG00000185010	0.485	1	True
ENSG00000185015	1.105	2	True
ENSG00000185019	0.19	0	True
ENSG00000185022	0.355	1	True
ENSG00000185024	0.11	0	True
ENSG00000185049	0.51	1	True
ENSG00000185065	0.825	2	True
ENSG00000185090	0.425	1	True
ENSG00000185101	0.13	0	True
ENSG00000185115	0.645	2	True
ENSG00000185129	2.705	4	True
ENSG00000185158	1.6600000000000001	3	True
ENSG00000185163	0.73	2	True
ENSG00000185189	1.55	3	True
ENSG00000185220	9.13	6	True
ENSG00000185246	8.105	6	True
ENSG00000185261	0.115	0	True
ENSG00000185272	3.115	4	True
ENSG00000185278	0.665	2	True
ENSG00000185298	1.7650000000000001	3	True
ENSG00000185339	3.2350000000000003	4	True
ENSG00000185340	0.56	2	True
ENSG00000185361	0.445	1	True
ENSG00000185379	1.695	3	True
ENSG00000185404	2.64	4	True
ENSG00000185418	1.19	3	True
ENSG00000185432	8.93	6	True
ENSG00000185442	0.28	1	True
ENSG00000185482	0.28	1	True
ENSG00000185499	5.25	5	True
ENSG00000185507	0.25	0	True
ENSG00000185518	0.135	0	True
ENSG00000185551	7.695	6	True
ENSG00000185591	8.24	6	True
ENSG00000185614	0.44	1	True
ENSG00000185621	1.3050000000000002	3	True
ENSG00000185634	0.39	1	True
ENSG00000185670	1.89	3	True
ENSG00000185716	1.5150000000000001	3	True
ENSG00000185721	102.645	9	True
ENSG00000185730	0.25	0	True
ENSG00000185753	0.7849999999999999	2	True
ENSG00000185760	0.45	1	True
ENSG00000185761	0.7150000000000001	2	True
ENSG00000185798	12.615	7	True
ENSG00000185862	1.33	3	True
ENSG00000185875	3.215	4	True
ENSG00000185880	0.57	2	True
ENSG00000185909	5.05	5	True
ENSG00000185946	10.615	6	True
ENSG00000185950	0.37	1	True
ENSG00000185963	2.69	4	True
ENSG00000185986	0.365	1	True
ENSG00000186017	6.125	5	True
ENSG00000186026	0.175	0	True
ENSG00000186056	0.49	1	True
ENSG00000186130	0.9099999999999999	2	True
ENSG00000186132	20.130000000000003	7	True
ENSG00000186141	13.965	7	True
ENSG00000186153	0.965	2	True
ENSG00000186162	9.355	6	True
ENSG00000186166	3.165	4	True
ENSG00000186187	13.335	7	True
ENSG00000186222	2.66	4	True
ENSG00000186235	0.32	1	True
ENSG00000186260	1.5899999999999999	3	True
ENSG00000186272	2.8449999999999998	4	True
ENSG00000186280	0.18000000000000002	0	True
ENSG00000186300	2.99	4	True
ENSG00000186314	5.47	5	True
ENSG00000186318	0.16499999999999998	0	True
ENSG00000186364	1.5	3	True
ENSG00000186376	1.355	3	True
ENSG00000186470	2.58	4	True
ENSG00000186496	0.97	2	True
ENSG00000186532	0.835	2	True
ENSG00000186594	1.685	3	True
ENSG00000186615	0.875	2	True
ENSG00000186638	0.43	1	True
ENSG00000186665	6.305	5	True
ENSG00000186666	3.7750000000000004	5	True
ENSG00000186787	3.7699999999999996	5	True
ENSG00000186792	0.39	1	True
ENSG00000186812	4.705	5	True
ENSG00000186814	2.745	4	True
ENSG00000186834	1.15	3	True
ENSG00000186866	1.8399999999999999	3	True
ENSG00000186871	4.33	5	True
ENSG00000186918	2.44	4	True
ENSG00000186951	0.5	1	True
ENSG00000186952	0.525	1	True
ENSG00000186998	0.18	0	True
ENSG00000187049	17.31	7	True
ENSG00000187079	1.07	2	True
ENSG00000187097	1.775	3	True
ENSG00000187098	6.18	5	True
ENSG00000187140	0.11	0	True
ENSG00000187189	0.47	1	True
ENSG00000187193	15.585	7	True
ENSG00000187231	0.28	1	True
ENSG00000187239	1.455	3	True
ENSG00000187240	0.155	0	True
ENSG00000187257	5.6	5	True
ENSG00000187266	0.96	2	True
ENSG00000187531	0.9600000000000001	2	True
ENSG00000187535	0.27	1	True
ENSG00000187554	0.7150000000000001	2	True
ENSG00000187601	2.715	4	True
ENSG00000187607	6.9399999999999995	6	True
ENSG00000187608	5.609999999999999	5	True
ENSG00000187609	0.22999999999999998	0	True
ENSG00000187626	0.8049999999999999	2	True
ENSG00000187676	0.79	2	True
ENSG00000187742	2.69	4	True
ENSG00000187764	0.4	1	True
ENSG00000187792	0.16	0	True
ENSG00000187800	0.69	2	True
ENSG00000187801	1.3399999999999999	3	True
ENSG00000187815	1.255	3	True
ENSG00000187838	1.96	3	True
ENSG00000187866	1.065	2	True
ENSG00000187961	0.135	0	True
ENSG00000187994	0.51	1	True
ENSG00000187997	3.6100000000000003	4	True
ENSG00000188026	0.55	1	True
ENSG00000188033	0.5	1	True
ENSG00000188070	0.33999999999999997	1	True
ENSG00000188092	5.545	5	True
ENSG00000188153	0.33499999999999996	1	True
ENSG00000188167	0.205	0	True
ENSG00000188171	3.8600000000000003	5	True
ENSG00000188177	0.33	1	True
ENSG00000188211	2.785	4	True
ENSG00000188215	1.12	2	True
ENSG00000188243	86.22	9	True
ENSG00000188283	1.645	3	True
ENSG00000188295	4.175	5	True
ENSG00000188312	4.87	5	True
ENSG00000188321	6.785	6	True
ENSG00000188342	13.275	7	True
ENSG00000188343	2.365	4	True
ENSG00000188352	1.2650000000000001	3	True
ENSG00000188419	2.73	4	True
ENSG00000188428	5.84	5	True
ENSG00000188542	2.5300000000000002	4	True
ENSG00000188559	0.21	0	True
ENSG00000188610	8.635	6	True
ENSG00000188612	512.45	9	True
ENSG00000188629	0.33999999999999997	1	True
ENSG00000188649	0.25	0	True
ENSG00000188659	5.805	5	True
ENSG00000188672	21.2	7	True
ENSG00000188706	4.824999999999999	5	True
ENSG00000188735	2.3	4	True
ENSG00000188766	0.155	0	True
ENSG00000188786	1.565	3	True
ENSG00000188811	3.7249999999999996	4	True
ENSG00000188825	0.905	2	True
ENSG00000188827	0.225	0	True
ENSG00000188868	0.165	0	True
ENSG00000188878	0.19	0	True
ENSG00000188994	4.32	5	True
ENSG00000188997	0.36	1	True
ENSG00000189042	5.300000000000001	5	True
ENSG00000189050	44.015	8	True
ENSG00000189056	8.44	6	True
ENSG00000189114	11.094999999999999	6	True
ENSG00000189136	0.5700000000000001	2	True
ENSG00000189149	0.21000000000000002	0	True
ENSG00000189164	0.435	1	True
ENSG00000189180	8.21	6	True
ENSG00000189227	1.585	3	True
ENSG00000189283	3.3449999999999998	4	True
ENSG00000189298	2.75	4	True
ENSG00000189362	0.165	0	True
ENSG00000189369	1.03	2	True
ENSG00000189376	13.295	7	True
ENSG00000189420	0.22	0	True
ENSG00000196072	31.92	8	True
ENSG00000196074	0.47500000000000003	1	True
ENSG00000196081	0.135	0	True
ENSG00000196083	0.13	0	True
ENSG00000196110	0.16499999999999998	0	True
ENSG00000196116	1.3250000000000002	3	True
ENSG00000196118	3.355	4	True
ENSG00000196123	2.4050000000000002	4	True
ENSG00000196150	2.695	4	True
ENSG00000196151	3.975	5	True
ENSG00000196152	0.52	1	True
ENSG00000196177	3.96	5	True
ENSG00000196199	6.5	6	True
ENSG00000196205	68.75	9	True
ENSG00000196214	6.265000000000001	5	True
ENSG00000196220	0.28500000000000003	1	True
ENSG00000196227	3.82	5	True
ENSG00000196247	1.52	3	True
ENSG00000196268	3.8549999999999995	5	True
ENSG00000196284	9.985	6	True
ENSG00000196290	53.18	8	True
ENSG00000196371	0.8049999999999999	2	True
ENSG00000196372	3.745	5	True
ENSG00000196378	0.515	1	True
ENSG00000196391	0.24	0	True
ENSG00000196411	1.19	3	True
ENSG00000196422	0.63	2	True
ENSG00000196437	1.325	3	True
ENSG00000196458	0.49	1	True
ENSG00000196466	0.56	2	True
ENSG00000196476	1.4	3	True
ENSG00000196511	10.835	6	True
ENSG00000196535	1.5350000000000001	3	True
ENSG00000196586	0.795	2	True
ENSG00000196605	2.725	4	True
ENSG00000196646	0.7849999999999999	2	True
ENSG00000196653	0.335	1	True
ENSG00000196659	0.31	1	True
ENSG00000196668	1.08	2	True
ENSG00000196696	0.44	1	True
ENSG00000196704	40.66	8	True
ENSG00000196724	0.175	0	True
ENSG00000196741	0.52	1	True
ENSG00000196743	5.01	5	True
ENSG00000196757	7.02	6	True
ENSG00000196810	0.6950000000000001	2	True
ENSG00000196839	2.005	3	True
ENSG00000196911	1.94	3	True
ENSG00000196912	5.42	5	True
ENSG00000196937	8.75	6	True
ENSG00000196951	7.984999999999999	6	True
ENSG00000196975	9.024999999999999	6	True
ENSG00000196976	22.645	8	True
ENSG00000196981	2.495	4	True
ENSG00000197008	11.285	7	True
ENSG00000197019	0.24	0	True
ENSG00000197043	0.93	2	True
ENSG00000197044	1.365	3	True
ENSG00000197045	12.84	7	True
ENSG00000197062	4.76	5	True
ENSG00000197128	0.14	0	True
ENSG00000197162	0.485	1	True
ENSG00000197168	0.18	0	True
ENSG00000197183	3.525	4	True
ENSG00000197208	2.05	3	True
ENSG00000197275	11.385	7	True
ENSG00000197279	2.075	3	True
ENSG00000197296	0.41000000000000003	1	True
ENSG00000197302	8.844999999999999	6	True
ENSG00000197321	0.125	0	True
ENSG00000197329	2.165	4	True
ENSG00000197355	0.15000000000000002	0	True
ENSG00000197362	0.265	1	True
ENSG00000197363	1.25	3	True
ENSG00000197372	8.89	6	True
ENSG00000197380	0.525	1	True
ENSG00000197381	5.36	5	True
ENSG00000197386	0.8	2	True
ENSG00000197410	0.24	0	True
ENSG00000197429	8.14	6	True
ENSG00000197442	1.59	3	True
ENSG00000197461	5.9350000000000005	5	True
ENSG00000197497	2.0	3	True
ENSG00000197498	214.69	9	True
ENSG00000197536	0.195	0	True
ENSG00000197555	2.045	3	True
ENSG00000197557	0.35	1	True
ENSG00000197566	0.21	0	True
ENSG00000197568	17.155	7	True
ENSG00000197579	2.745	4	True
ENSG00000197587	0.2	0	True
ENSG00000197601	10.754999999999999	6	True
ENSG00000197608	2.0949999999999998	3	True
ENSG00000197619	0.6599999999999999	2	True
ENSG00000197620	5.220000000000001	5	True
ENSG00000197647	1.51	3	True
ENSG00000197694	1.06	2	True
ENSG00000197712	0.9750000000000001	2	True
ENSG00000197721	48.695	8	True
ENSG00000197724	0.28500000000000003	1	True
ENSG00000197766	0.41000000000000003	1	True
ENSG00000197774	0.27	1	True
ENSG00000197776	0.15000000000000002	0	True
ENSG00000197779	7.055	6	True
ENSG00000197780	13.55	7	True
ENSG00000197782	24.62	8	True
ENSG00000197798	20.08	7	True
ENSG00000197813	0.355	1	True
ENSG00000197818	0.505	1	True
ENSG00000197826	0.41500000000000004	1	True
ENSG00000197841	2.34	4	True
ENSG00000197857	1.95	3	True
ENSG00000197860	0.905	2	True
ENSG00000197863	0.18	0	True
ENSG00000197885	3.825	5	True
ENSG00000197892	1.645	3	True
ENSG00000197894	143.34	9	True
ENSG00000197905	0.505	1	True
ENSG00000197933	3.915	5	True
ENSG00000197935	3.01	4	True
ENSG00000197937	2.34	4	True
ENSG00000197943	0.72	2	True
ENSG00000197956	51.555	8	True
ENSG00000197958	1673.23	9	True
ENSG00000197976	1.1400000000000001	3	True
ENSG00000197980	1.0550000000000002	2	True
ENSG00000197993	6.65	6	True
ENSG00000198026	0.28500000000000003	1	True
ENSG00000198081	2.165	4	True
ENSG00000198088	30.32	8	True
ENSG00000198105	2.625	4	True
ENSG00000198157	10.425	6	True
ENSG00000198168	33.355000000000004	8	True
ENSG00000198169	1.155	3	True
ENSG00000198182	0.335	1	True
ENSG00000198221	0.79	2	True
ENSG00000198246	4.585	5	True
ENSG00000198252	7.495	6	True
ENSG00000198298	7.415	6	True
ENSG00000198346	0.75	2	True
ENSG00000198355	0.175	0	True
ENSG00000198382	2.08	3	True
ENSG00000198393	0.8300000000000001	2	True
ENSG00000198400	0.405	1	True
ENSG00000198455	0.395	1	True
ENSG00000198464	20.119999999999997	7	True
ENSG00000198467	0.23500000000000001	0	True
ENSG00000198468	2.795	4	True
ENSG00000198478	3.255	4	True
ENSG00000198496	7.4	6	True
ENSG00000198521	2.23	4	True
ENSG00000198538	17.15	7	True
ENSG00000198585	0.935	2	True
ENSG00000198624	0.555	1	True
ENSG00000198707	7.619999999999999	6	True
ENSG00000198715	9.655000000000001	6	True
ENSG00000198718	0.815	2	True
ENSG00000198720	0.14	0	True
ENSG00000198729	10.17	6	True
ENSG00000198742	0.69	2	True
ENSG00000198746	1.245	3	True
ENSG00000198756	12.335	7	True
ENSG00000198783	8.555	6	True
ENSG00000198795	0.545	1	True
ENSG00000198814	5.025	5	True
ENSG00000198825	1.065	2	True
ENSG00000198839	16.94	7	True
ENSG00000198841	2.0949999999999998	3	True
ENSG00000198853	0.185	0	True
ENSG00000198855	0.74	2	True
ENSG00000198863	2.445	4	True
ENSG00000198879	0.77	2	True
ENSG00000198885	0.97	2	True
ENSG00000198912	27.68	8	True
ENSG00000198919	3.2350000000000003	4	True
ENSG00000198920	1.16	3	True
ENSG00000198959	4.385	5	True
ENSG00000198960	28.380000000000003	8	True
ENSG00000199293	0.925	2	True
ENSG00000199477	1.59	3	True
ENSG00000200320	1.76	3	True
ENSG00000200354	2.535	4	True
ENSG00000200463	16.67	7	True
ENSG00000200534	6.42	6	True
ENSG00000200795	0.855	2	True
ENSG00000200983	0.65	2	True
ENSG00000200997	5.075	5	True
ENSG00000201512	1.24	3	True
ENSG00000201558	5.83	5	True
ENSG00000202408	0.465	1	True
ENSG00000202538	2.585	4	True
ENSG00000203288	0.41000000000000003	1	True
ENSG00000203326	1.2200000000000002	3	True
ENSG00000203546	0.34	1	True
ENSG00000203667	126.17	9	True
ENSG00000203668	8.27	6	True
ENSG00000203724	1.37	3	True
ENSG00000203761	0.16999999999999998	0	True
ENSG00000203791	7.135	6	True
ENSG00000203867	0.44	1	True
ENSG00000203875	1494.885	9	True
ENSG00000203883	0.16	0	True
ENSG00000203950	16.535	7	True
ENSG00000203965	3.915	5	True
ENSG00000203993	0.33499999999999996	1	True
ENSG00000204054	3.995	5	True
ENSG00000204104	0.835	2	True
ENSG00000204130	2.9699999999999998	4	True
ENSG00000204147	8.395	6	True
ENSG00000204165	5.265000000000001	5	True
ENSG00000204177	1.37	3	True
ENSG00000204178	3.05	4	True
ENSG00000204217	0.43000000000000005	1	True
ENSG00000204228	2.66	4	True
ENSG00000204257	0.155	0	True
ENSG00000204261	0.525	1	True
ENSG00000204264	1.7349999999999999	3	True
ENSG00000204267	1.51	3	True
ENSG00000204271	0.975	2	True
ENSG00000204272	19.395	7	True
ENSG00000204291	0.45499999999999996	1	True
ENSG00000204305	0.84	2	True
ENSG00000204311	0.43	1	True
ENSG00000204314	0.16999999999999998	0	True
ENSG00000204348	5.0649999999999995	5	True
ENSG00000204396	0.14	0	True
ENSG00000204406	2.705	4	True
ENSG00000204472	23.475	8	True
ENSG00000204498	0.27999999999999997	1	True
ENSG00000204524	0.375	1	True
ENSG00000204525	0.175	0	True
ENSG00000204580	1.315	3	True
ENSG00000204604	10.355	6	True
ENSG00000204611	2.2350000000000003	4	True
ENSG00000204623	2.76	4	True
ENSG00000204634	0.22499999999999998	0	True
ENSG00000204685	0.43	1	True
ENSG00000204792	0.41000000000000003	1	True
ENSG00000204839	0.75	2	True
ENSG00000204852	0.425	1	True
ENSG00000204899	20.025	7	True
ENSG00000204922	4.1	5	True
ENSG00000204946	0.78	2	True
ENSG00000204977	15.545	7	True
ENSG00000205138	0.36	1	True
ENSG00000205189	0.62	2	True
ENSG00000205208	7.865	6	True
ENSG00000205309	0.15500000000000003	0	True
ENSG00000205339	19.225	7	True
ENSG00000205356	0.135	0	True
ENSG00000205464	1.47	3	True
ENSG00000205476	0.125	0	True
ENSG00000205485	0.69	2	True
ENSG00000205534	1.335	3	True
ENSG00000205544	85.77	9	True
ENSG00000205583	3.39	4	True
ENSG00000205593	0.16	0	True
ENSG00000205628	0.355	1	True
ENSG00000205639	1.595	3	True
ENSG00000205643	0.7849999999999999	2	True
ENSG00000205659	4.5	5	True
ENSG00000205707	75.57	9	True
ENSG00000205726	1.05	2	True
ENSG00000205740	0.115	0	True
ENSG00000205758	49.35	8	True
ENSG00000205763	2.865	4	True
ENSG00000205771	0.275	1	True
ENSG00000205808	1.5	3	True
ENSG00000205930	0.41	1	True
ENSG00000206172	270.51	9	True
ENSG00000206262	0.5700000000000001	2	True
ENSG00000206344	0.53	1	True
ENSG00000206418	0.61	2	True
ENSG00000206527	0.895	2	True
ENSG00000206535	1.405	3	True
ENSG00000206633	3.4	4	True
ENSG00000206652	1.775	3	True
ENSG00000206737	1.775	3	True
ENSG00000206760	1.535	3	True
ENSG00000206828	9.805	6	True
ENSG00000206941	0.56	2	True
ENSG00000207005	1.775	3	True
ENSG00000207088	0.97	2	True
ENSG00000207205	0.7	2	True
ENSG00000207217	2.37	4	True
ENSG00000207405	3.415	4	True
ENSG00000207496	3.21	4	True
ENSG00000207501	0.675	2	True
ENSG00000209582	0.385	1	True
ENSG00000211455	1.645	3	True
ENSG00000211772	2.5149999999999997	4	True
ENSG00000211829	4.645	5	True
ENSG00000212127	2.715	4	True
ENSG00000212232	10.165	6	True
ENSG00000212607	3.01	4	True
ENSG00000212694	3.6399999999999997	4	True
ENSG00000213020	2.8	4	True
ENSG00000213047	2.2350000000000003	4	True
ENSG00000213062	0.625	2	True
ENSG00000213123	8.225	6	True
ENSG00000213185	10.86	6	True
ENSG00000213190	58.455	8	True
ENSG00000213347	0.21500000000000002	0	True
ENSG00000213366	9.045	6	True
ENSG00000213424	0.125	0	True
ENSG00000213463	2.645	4	True
ENSG00000213516	7.415	6	True
ENSG00000213533	0.16	0	True
ENSG00000213563	0.33499999999999996	1	True
ENSG00000213593	261.01	9	True
ENSG00000213654	3.785	5	True
ENSG00000213689	0.865	2	True
ENSG00000213722	1.32	3	True
ENSG00000213742	1.41	3	True
ENSG00000213753	13.36	7	True
ENSG00000213780	2.5300000000000002	4	True
ENSG00000213793	1.01	2	True
ENSG00000213799	0.9650000000000001	2	True
ENSG00000213801	8.525	6	True
ENSG00000213853	2.09	3	True
ENSG00000213904	0.7649999999999999	2	True
ENSG00000213918	0.345	1	True
ENSG00000213920	21.08	7	True
ENSG00000213928	1.03	2	True
ENSG00000213930	10.935	6	True
ENSG00000213963	1.6949999999999998	3	True
ENSG00000213967	6.15	5	True
ENSG00000213995	0.515	1	True
ENSG00000214029	0.375	1	True
ENSG00000214087	3.825	5	True
ENSG00000214106	0.6950000000000001	2	True
ENSG00000214114	163.26999999999998	9	True
ENSG00000214135	3.0300000000000002	4	True
ENSG00000214174	7.75	6	True
ENSG00000214184	0.16499999999999998	0	True
ENSG00000214188	0.17	0	True
ENSG00000214198	0.315	1	True
ENSG00000214248	0.19	0	True
ENSG00000214274	0.12	0	True
ENSG00000214293	19.34	7	True
ENSG00000214367	6.08	5	True
ENSG00000214413	19.295	7	True
ENSG00000214456	0.11	0	True
ENSG00000214575	1.7200000000000002	3	True
ENSG00000214765	2.29	4	True
ENSG00000214783	0.45	1	True
ENSG00000214796	1.79	3	True
ENSG00000214870	1.04	2	True
ENSG00000214922	2.1550000000000002	4	True
ENSG00000215067	8.129999999999999	6	True
ENSG00000215068	2.65	4	True
ENSG00000215114	3.33	4	True
ENSG00000215154	0.575	2	True
ENSG00000215190	2.64	4	True
ENSG00000215256	3.3600000000000003	4	True
ENSG00000215375	0.9199999999999999	2	True
ENSG00000215421	0.47500000000000003	1	True
ENSG00000215458	0.105	0	True
ENSG00000215472	0.625	2	True
ENSG00000215712	18.729999999999997	7	True
ENSG00000215717	21.91	7	True
ENSG00000215883	6.055	5	True
ENSG00000216775	2.2800000000000002	4	True
ENSG00000216895	13.295000000000002	7	True
ENSG00000216937	1.375	3	True
ENSG00000217442	0.385	1	True
ENSG00000217801	10.454999999999998	6	True
ENSG00000218510	19.85	7	True
ENSG00000219435	0.8500000000000001	2	True
ENSG00000219481	3.34	4	True
ENSG00000219545	6.915000000000001	6	True
ENSG00000219626	0.515	1	True
ENSG00000219665	4.645	5	True
ENSG00000220205	1.625	3	True
ENSG00000220323	2.095	3	True
ENSG00000220586	1.05	2	True
ENSG00000221102	3.465	4	True
ENSG00000221817	3.09	4	True
ENSG00000221823	7.290000000000001	6	True
ENSG00000221883	0.52	1	True
ENSG00000221886	1.19	3	True
ENSG00000221909	1.9	3	True
ENSG00000221916	0.31499999999999995	1	True
ENSG00000221926	2.96	4	True
ENSG00000221944	1.3900000000000001	3	True
ENSG00000221946	0.10500000000000001	0	True
ENSG00000221963	0.25	0	True
ENSG00000221968	1.005	2	True
ENSG00000221988	19.29	7	True
ENSG00000221994	0.105	0	True
ENSG00000222009	0.23500000000000001	0	True
ENSG00000222011	1.44	3	True
ENSG00000222328	1.22	3	True
ENSG00000222724	4.9350000000000005	5	True
ENSG00000223478	15.715	7	True
ENSG00000223482	21.77	7	True
ENSG00000223546	2.5250000000000004	4	True
ENSG00000223551	0.9199999999999999	2	True
ENSG00000223553	9.205	6	True
ENSG00000223745	7.359999999999999	6	True
ENSG00000223773	0.39	1	True
ENSG00000223797	32.95	8	True
ENSG00000223804	2.745	4	True
ENSG00000223812	20.675	7	True
ENSG00000223881	0.955	2	True
ENSG00000223959	3.605	4	True
ENSG00000223960	9.815	6	True
ENSG00000224020	0.2	0	True
ENSG00000224023	0.7	2	True
ENSG00000224032	8.67	6	True
ENSG00000224043	1.425	3	True
ENSG00000224152	0.32499999999999996	1	True
ENSG00000224186	0.44	1	True
ENSG00000224281	0.5700000000000001	2	True
ENSG00000224287	13.545	7	True
ENSG00000224358	0.24	0	True
ENSG00000224424	0.14500000000000002	0	True
ENSG00000224470	0.9	2	True
ENSG00000224505	0.825	2	True
ENSG00000224531	3.865	5	True
ENSG00000224616	0.565	2	True
ENSG00000224699	4.4350000000000005	5	True
ENSG00000224738	0.455	1	True
ENSG00000224843	1.3900000000000001	3	True
ENSG00000224856	0.45	1	True
ENSG00000224897	0.8500000000000001	2	True
ENSG00000224905	1.835	3	True
ENSG00000224914	0.16	0	True
ENSG00000224934	0.54	1	True
ENSG00000225091	1.27	3	True
ENSG00000225190	0.29000000000000004	1	True
ENSG00000225205	0.11	0	True
ENSG00000225265	5.1899999999999995	5	True
ENSG00000225335	0.9	2	True
ENSG00000225361	0.37	1	True
ENSG00000225377	4.725	5	True
ENSG00000225793	4.39	5	True
ENSG00000225806	0.33999999999999997	1	True
ENSG00000225855	2.3899999999999997	4	True
ENSG00000225873	14.91	7	True
ENSG00000225880	0.3	1	True
ENSG00000225889	0.945	2	True
ENSG00000225973	49.7	8	True
ENSG00000225975	1.98	3	True
ENSG00000226067	1.175	3	True
ENSG00000226137	0.27999999999999997	1	True
ENSG00000226179	0.165	0	True
ENSG00000226251	0.545	1	True
ENSG00000226266	2.63	4	True
ENSG00000226287	0.17	0	True
ENSG00000226310	0.10500000000000001	0	True
ENSG00000226314	1.185	3	True
ENSG00000226328	1.4700000000000002	3	True
ENSG00000226419	1.29	3	True
ENSG00000226435	0.59	2	True
ENSG00000226471	2.2350000000000003	4	True
ENSG00000226479	2.545	4	True
ENSG00000226853	1.6199999999999999	3	True
ENSG00000227124	3.755	5	True
ENSG00000227268	0.22999999999999998	0	True
ENSG00000227354	2.76	4	True
ENSG00000227355	0.965	2	True
ENSG00000227372	1.51	3	True
ENSG00000227533	1.19	3	True
ENSG00000227540	43.195	8	True
ENSG00000227543	0.345	1	True
ENSG00000227615	13.68	7	True
ENSG00000227627	2.65	4	True
ENSG00000227671	4.725	5	True
ENSG00000227674	1.085	2	True
ENSG00000227896	0.21500000000000002	0	True
ENSG00000227946	1.27	3	True
ENSG00000228063	0.28	1	True
ENSG00000228065	0.30000000000000004	1	True
ENSG00000228150	0.36	1	True
ENSG00000228192	10.225000000000001	6	True
ENSG00000228223	2.865	4	True
ENSG00000228242	0.32	1	True
ENSG00000228274	2.21	4	True
ENSG00000228292	0.145	0	True
ENSG00000228315	0.31	1	True
ENSG00000228350	0.33	1	True
ENSG00000228393	2.215	4	True
ENSG00000228401	0.315	1	True
ENSG00000228409	1.855	3	True
ENSG00000228451	0.45499999999999996	1	True
ENSG00000228486	0.61	2	True
ENSG00000228506	2.165	4	True
ENSG00000228623	2.66	4	True
ENSG00000228624	0.41000000000000003	1	True
ENSG00000228634	0.22	0	True
ENSG00000228649	2.02	3	True
ENSG00000228782	6.1850000000000005	5	True
ENSG00000228791	0.42500000000000004	1	True
ENSG00000228801	0.51	1	True
ENSG00000228857	0.175	0	True
ENSG00000229018	0.8049999999999999	2	True
ENSG00000229043	0.65	2	True
ENSG00000229048	0.16	0	True
ENSG00000229117	8429.455	9	True
ENSG00000229124	10.995000000000001	6	True
ENSG00000229267	0.69	2	True
ENSG00000229320	0.8899999999999999	2	True
ENSG00000229334	0.12	0	True
ENSG00000229473	0.555	1	True
ENSG00000229474	0.48	1	True
ENSG00000229666	2.2350000000000003	4	True
ENSG00000229809	0.24000000000000002	0	True
ENSG00000229833	253.43	9	True
ENSG00000229852	0.625	2	True
ENSG00000229931	1.26	3	True
ENSG00000229956	1.67	3	True
ENSG00000229970	0.55	1	True
ENSG00000229980	0.155	0	True
ENSG00000230021	0.8700000000000001	2	True
ENSG00000230148	0.58	2	True
ENSG00000230185	0.155	0	True
ENSG00000230359	0.8500000000000001	2	True
ENSG00000230366	0.155	0	True
ENSG00000230457	0.815	2	True
ENSG00000230487	0.58	2	True
ENSG00000230513	0.41	1	True
ENSG00000230590	2.11	3	True
ENSG00000230658	1.0550000000000002	2	True
ENSG00000230798	1.62	3	True
ENSG00000230844	4.805	5	True
ENSG00000230910	0.5249999999999999	1	True
ENSG00000231084	0.265	1	True
ENSG00000231154	0.185	0	True
ENSG00000231185	1.245	3	True
ENSG00000231312	5.79	5	True
ENSG00000231389	0.285	1	True
ENSG00000231607	36.475	8	True
ENSG00000231663	4.91	5	True
ENSG00000231721	1.83	3	True
ENSG00000231770	2.4450000000000003	4	True
ENSG00000231808	0.125	0	True
ENSG00000231856	0.185	0	True
ENSG00000231880	0.155	0	True
ENSG00000231889	2.28	4	True
ENSG00000231890	0.28500000000000003	1	True
ENSG00000232021	2.42	4	True
ENSG00000232070	0.41000000000000003	1	True
ENSG00000232104	0.21	0	True
ENSG00000232139	0.26	1	True
ENSG00000232442	1.5350000000000001	3	True
ENSG00000232445	1.025	2	True
ENSG00000232485	0.295	1	True
ENSG00000232593	0.745	2	True
ENSG00000232818	0.46499999999999997	1	True
ENSG00000232838	4.745	5	True
ENSG00000232859	0.7849999999999999	2	True
ENSG00000232884	12.625	7	True
ENSG00000232888	3.455	4	True
ENSG00000232940	17.01	7	True
ENSG00000232995	4.705	5	True
ENSG00000233006	0.43999999999999995	1	True
ENSG00000233058	0.485	1	True
ENSG00000233080	1.76	3	True
ENSG00000233184	5.800000000000001	5	True
ENSG00000233223	3.3600000000000003	4	True
ENSG00000233382	1.02	2	True
ENSG00000233461	32.485	8	True
ENSG00000233509	1.45	3	True
ENSG00000233527	1.07	2	True
ENSG00000233593	11.11	6	True
ENSG00000233723	1.075	2	True
ENSG00000233766	6.725	6	True
ENSG00000233806	0.25	0	True
ENSG00000233834	10.204999999999998	6	True
ENSG00000233871	0.22	0	True
ENSG00000233912	0.79	2	True
ENSG00000233922	3.1399999999999997	4	True
ENSG00000233937	2.55	4	True
ENSG00000234006	0.74	2	True
ENSG00000234028	0.81	2	True
ENSG00000234072	0.53	1	True
ENSG00000234127	0.76	2	True
ENSG00000234129	1.145	3	True
ENSG00000234147	17.21	7	True
ENSG00000234171	5.195	5	True
ENSG00000234183	0.455	1	True
ENSG00000234235	0.16999999999999998	0	True
ENSG00000234350	4.16	5	True
ENSG00000234380	0.15	0	True
ENSG00000234420	0.755	2	True
ENSG00000234444	2.285	4	True
ENSG00000234494	1.46	3	True
ENSG00000234545	27.729999999999997	8	True
ENSG00000234684	0.935	2	True
ENSG00000234753	23.0	8	True
ENSG00000234772	0.12	0	True
ENSG00000234816	0.125	0	True
ENSG00000234996	0.35	1	True
ENSG00000235016	0.195	0	True
ENSG00000235106	1.06	2	True
ENSG00000235109	3.365	4	True
ENSG00000235169	8.41	6	True
ENSG00000235194	2.145	4	True
ENSG00000235437	3.37	4	True
ENSG00000235527	0.5	1	True
ENSG00000235530	0.485	1	True
ENSG00000235560	4.890000000000001	5	True
ENSG00000235703	0.29500000000000004	1	True
ENSG00000235706	0.25	0	True
ENSG00000235750	2.525	4	True
ENSG00000235781	0.575	2	True
ENSG00000235823	6.6850000000000005	6	True
ENSG00000235897	1.405	3	True
ENSG00000235919	1.4649999999999999	3	True
ENSG00000235954	25.965	8	True
ENSG00000236088	4.865	5	True
ENSG00000236104	0.18	0	True
ENSG00000236137	0.385	1	True
ENSG00000236144	4.795	5	True
ENSG00000236194	9.745000000000001	6	True
ENSG00000236200	8.55	6	True
ENSG00000236204	0.165	0	True
ENSG00000236208	0.745	2	True
ENSG00000236283	0.33999999999999997	1	True
ENSG00000236397	1.1199999999999999	2	True
ENSG00000236423	0.185	0	True
ENSG00000236499	0.14500000000000002	0	True
ENSG00000236519	0.745	2	True
ENSG00000236617	0.22999999999999998	0	True
ENSG00000236753	3.52	4	True
ENSG00000236778	1.9849999999999999	3	True
ENSG00000236810	20.565	7	True
ENSG00000236824	51.06	8	True
ENSG00000236859	22.4	8	True
ENSG00000237036	1.12	2	True
ENSG00000237037	0.265	1	True
ENSG00000237125	1.085	2	True
ENSG00000237181	0.85	2	True
ENSG00000237310	15.66	7	True
ENSG00000237311	70.81	9	True
ENSG00000237491	1.355	3	True
ENSG00000237499	6.38	6	True
ENSG00000237531	0.14	0	True
ENSG00000237595	0.12000000000000001	0	True
ENSG00000237686	22.975	8	True
ENSG00000237742	0.335	1	True
ENSG00000237749	0.385	1	True
ENSG00000237753	0.14	0	True
ENSG00000237765	18.46	7	True
ENSG00000237813	0.28500000000000003	1	True
ENSG00000237854	0.125	0	True
ENSG00000237877	0.175	0	True
ENSG00000237883	37.55	8	True
ENSG00000237943	15.21	7	True
ENSG00000237945	4.0600000000000005	5	True
ENSG00000237953	0.125	0	True
ENSG00000237976	5.295	5	True
ENSG00000238045	1.72	3	True
ENSG00000238057	0.625	2	True
ENSG00000238097	0.265	1	True
ENSG00000238113	0.87	2	True
ENSG00000238123	0.27	1	True
ENSG00000238197	0.195	0	True
ENSG00000238363	7.985	6	True
ENSG00000238825	0.38	1	True
ENSG00000238917	2.705	4	True
ENSG00000239183	6.695	6	True
ENSG00000239213	12.065	7	True
ENSG00000239280	1.775	3	True
ENSG00000239282	0.235	0	True
ENSG00000239305	0.9199999999999999	2	True
ENSG00000239415	2.23	4	True
ENSG00000239419	0.605	2	True
ENSG00000239521	0.41000000000000003	1	True
ENSG00000239523	2.4450000000000003	4	True
ENSG00000239569	0.76	2	True
ENSG00000239572	0.19	0	True
ENSG00000239672	1014.9300000000001	9	True
ENSG00000239713	13.21	7	True
ENSG00000239779	1.4100000000000001	3	True
ENSG00000239789	73.83500000000001	9	True
ENSG00000239883	0.38	1	True
ENSG00000240024	11.655	7	True
ENSG00000240065	1.915	3	True
ENSG00000240230	3.685	4	True
ENSG00000240280	2.7350000000000003	4	True
ENSG00000240303	0.885	2	True
ENSG00000240344	44.615	8	True
ENSG00000240356	12.655000000000001	7	True
ENSG00000240370	0.8400000000000001	2	True
ENSG00000240429	2.52	4	True
ENSG00000240616	0.815	2	True
ENSG00000240771	0.89	2	True
ENSG00000240857	6.98	6	True
ENSG00000241015	4.859999999999999	5	True
ENSG00000241112	0.5650000000000001	2	True
ENSG00000241127	42.445	8	True
ENSG00000241135	1.01	2	True
ENSG00000241547	4.205	5	True
ENSG00000241666	0.165	0	True
ENSG00000241769	0.275	1	True
ENSG00000241839	0.21000000000000002	0	True
ENSG00000241852	0.315	1	True
ENSG00000242086	15.165	7	True
ENSG00000242110	0.575	2	True
ENSG00000242207	0.105	0	True
ENSG00000242251	0.15	0	True
ENSG00000242288	0.16	0	True
ENSG00000242299	97.71000000000001	9	True
ENSG00000242338	1.53	3	True
ENSG00000242474	0.54	1	True
ENSG00000242485	478.895	9	True
ENSG00000242553	2.615	4	True
ENSG00000242612	0.73	2	True
ENSG00000242616	27.14	8	True
ENSG00000242622	0.24	0	True
ENSG00000242715	12.36	7	True
ENSG00000242802	0.16	0	True
ENSG00000243147	243.345	9	True
ENSG00000243176	0.30000000000000004	1	True
ENSG00000243224	0.51	1	True
ENSG00000243276	0.52	1	True
ENSG00000243323	0.135	0	True
ENSG00000243335	0.895	2	True
ENSG00000243364	0.5349999999999999	1	True
ENSG00000243406	0.985	2	True
ENSG00000243449	1.435	3	True
ENSG00000243477	0.52	1	True
ENSG00000243667	4.265	5	True
ENSG00000243749	100.335	9	True
ENSG00000243789	1.065	2	True
ENSG00000243811	3.44	4	True
ENSG00000244026	1.135	3	True
ENSG00000244045	4.075	5	True
ENSG00000244119	0.24000000000000002	0	True
ENSG00000244274	12.205	7	True
ENSG00000244300	0.19	0	True
ENSG00000244558	0.48	1	True
ENSG00000244625	4.67	5	True
ENSG00000244879	5.015000000000001	5	True
ENSG00000245060	7.82	6	True
ENSG00000245149	2.975	4	True
ENSG00000245275	1.025	2	True
ENSG00000245317	0.22	0	True
ENSG00000245534	0.965	2	True
ENSG00000245556	14.33	7	True
ENSG00000245571	0.365	1	True
ENSG00000245614	2.46	4	True
ENSG00000245648	0.32499999999999996	1	True
ENSG00000245680	6.6	6	True
ENSG00000245849	5.005	5	True
ENSG00000245888	0.4	1	True
ENSG00000245904	0.45	1	True
ENSG00000245937	3.585	4	True
ENSG00000246067	91.64	9	True
ENSG00000246089	0.73	2	True
ENSG00000246090	1.245	3	True
ENSG00000246174	1.46	3	True
ENSG00000246225	0.265	1	True
ENSG00000246263	2.23	4	True
ENSG00000246273	0.41000000000000003	1	True
ENSG00000246334	0.21500000000000002	0	True
ENSG00000246366	0.125	0	True
ENSG00000246523	1.045	2	True
ENSG00000246582	1.77	3	True
ENSG00000246985	2.705	4	True
ENSG00000247095	0.33	1	True
ENSG00000247121	0.155	0	True
ENSG00000247137	9.23	6	True
ENSG00000247151	0.46499999999999997	1	True
ENSG00000247240	14.51	7	True
ENSG00000247271	17.04	7	True
ENSG00000247345	1.0899999999999999	2	True
ENSG00000247363	0.46499999999999997	1	True
ENSG00000247400	0.885	2	True
ENSG00000247572	5.9399999999999995	5	True
ENSG00000247708	0.6799999999999999	2	True
ENSG00000247728	0.23	0	True
ENSG00000247735	0.16	0	True
ENSG00000247746	0.54	1	True
ENSG00000247774	2.42	4	True
ENSG00000247796	2.995	4	True
ENSG00000247809	4.79	5	True
ENSG00000247877	0.12	0	True
ENSG00000247934	0.41	1	True
ENSG00000247950	1.725	3	True
ENSG00000248008	9.285	6	True
ENSG00000248049	18.275	7	True
ENSG00000248268	2.165	4	True
ENSG00000248275	10.02	6	True
ENSG00000248278	0.4	1	True
ENSG00000248309	3.165	4	True
ENSG00000248333	1.98	3	True
ENSG00000248334	0.44	1	True
ENSG00000248487	0.9099999999999999	2	True
ENSG00000248503	0.9199999999999999	2	True
ENSG00000248508	11.23	7	True
ENSG00000248592	0.35	1	True
ENSG00000248693	0.175	0	True
ENSG00000248783	0.155	0	True
ENSG00000248866	0.11	0	True
ENSG00000248884	0.20500000000000002	0	True
ENSG00000248932	1.7349999999999999	3	True
ENSG00000249035	0.305	1	True
ENSG00000249069	23.66	8	True
ENSG00000249087	0.75	2	True
ENSG00000249115	2.955	4	True
ENSG00000249307	20.8	7	True
ENSG00000249492	0.35	1	True
ENSG00000249502	0.14500000000000002	0	True
ENSG00000249572	1.42	3	True
ENSG00000249592	1.505	3	True
ENSG00000249673	0.865	2	True
ENSG00000249741	0.735	2	True
ENSG00000249816	0.575	2	True
ENSG00000249898	0.3	1	True
ENSG00000249992	1.775	3	True
ENSG00000250132	0.32	1	True
ENSG00000250151	1.155	3	True
ENSG00000250159	2.42	4	True
ENSG00000250240	0.36	1	True
ENSG00000250299	1.325	3	True
ENSG00000250312	0.735	2	True
ENSG00000250317	37.84	8	True
ENSG00000250451	0.3	1	True
ENSG00000250565	2.995	4	True
ENSG00000250838	10.065000000000001	6	True
ENSG00000250903	1.04	2	True
ENSG00000250950	0.14500000000000002	0	True
ENSG00000250959	0.125	0	True
ENSG00000250988	39.88	8	True
ENSG00000250999	0.19	0	True
ENSG00000251002	0.48	1	True
ENSG00000251079	0.395	1	True
ENSG00000251136	0.47500000000000003	1	True
ENSG00000251141	6.455	6	True
ENSG00000251192	0.7	2	True
ENSG00000251247	0.25	0	True
ENSG00000251369	0.97	2	True
ENSG00000251474	3.09	4	True
ENSG00000251595	2.2800000000000002	4	True
ENSG00000251602	0.20500000000000002	0	True
ENSG00000251661	2.0949999999999998	3	True
ENSG00000251669	5.3149999999999995	5	True
ENSG00000252213	5.199999999999999	5	True
ENSG00000252690	1.25	3	True
ENSG00000252699	0.525	1	True
ENSG00000252947	0.695	2	True
ENSG00000253194	0.8200000000000001	2	True
ENSG00000253251	10.68	6	True
ENSG00000253256	0.395	1	True
ENSG00000253304	0.19	0	True
ENSG00000253320	0.26	1	True
ENSG00000253368	0.11	0	True
ENSG00000253559	0.835	2	True
ENSG00000253633	0.375	1	True
ENSG00000253661	0.78	2	True
ENSG00000253710	11.629999999999999	7	True
ENSG00000253716	22.875	8	True
ENSG00000253738	29.92	8	True
ENSG00000253853	1.1800000000000002	3	True
ENSG00000253981	3.3099999999999996	4	True
ENSG00000253982	1.56	3	True
ENSG00000254004	1.84	3	True
ENSG00000254093	6.98	6	True
ENSG00000254165	0.175	0	True
ENSG00000254186	0.46499999999999997	1	True
ENSG00000254469	7.27	6	True
ENSG00000254635	1.81	3	True
ENSG00000254694	0.5800000000000001	2	True
ENSG00000254726	0.265	1	True
ENSG00000254788	0.115	0	True
ENSG00000254815	0.13	0	True
ENSG00000254860	0.18	0	True
ENSG00000254870	40.045	8	True
ENSG00000254884	0.43999999999999995	1	True
ENSG00000254901	4.185	5	True
ENSG00000254929	1.5899999999999999	3	True
ENSG00000254979	0.81	2	True
ENSG00000255042	2.055	3	True
ENSG00000255046	0.18	0	True
ENSG00000255062	1.445	3	True
ENSG00000255100	0.77	2	True
ENSG00000255112	9.79	6	True
ENSG00000255118	0.11	0	True
ENSG00000255121	0.49	1	True
ENSG00000255135	26.740000000000002	8	True
ENSG00000255152	1.665	3	True
ENSG00000255154	11.945	7	True
ENSG00000255185	0.53	1	True
ENSG00000255198	61.56	8	True
ENSG00000255224	0.20500000000000002	0	True
ENSG00000255284	0.5	1	True
ENSG00000255292	1.375	3	True
ENSG00000255339	0.485	1	True
ENSG00000255508	0.15	0	True
ENSG00000255517	0.13	0	True
ENSG00000255529	6.605	6	True
ENSG00000255561	5.37	5	True
ENSG00000255621	0.14500000000000002	0	True
ENSG00000255639	28.145	8	True
ENSG00000255647	1.85	3	True
ENSG00000255856	0.105	0	True
ENSG00000255857	13.52	7	True
ENSG00000256053	4.28	5	True
ENSG00000256060	13.115	7	True
ENSG00000256073	4.24	5	True
ENSG00000256087	1.6800000000000002	3	True
ENSG00000256092	0.88	2	True
ENSG00000256128	0.23500000000000001	0	True
ENSG00000256223	2.7649999999999997	4	True
ENSG00000256235	3.42	4	True
ENSG00000256294	0.875	2	True
ENSG00000256537	2.005	3	True
ENSG00000256546	28.79	8	True
ENSG00000256591	61.05500000000001	8	True
ENSG00000256594	1.25	3	True
ENSG00000256628	0.9	2	True
ENSG00000256690	0.48000000000000004	1	True
ENSG00000256771	2.425	4	True
ENSG00000256950	0.11	0	True
ENSG00000256966	0.325	1	True
ENSG00000257122	1.0899999999999999	2	True
ENSG00000257135	0.195	0	True
ENSG00000257167	0.6599999999999999	2	True
ENSG00000257221	0.135	0	True
ENSG00000257242	0.24	0	True
ENSG00000257252	2.54	4	True
ENSG00000257261	3.42	4	True
ENSG00000257267	18.03	7	True
ENSG00000257303	4.725	5	True
ENSG00000257315	0.585	2	True
ENSG00000257337	1.02	2	True
ENSG00000257355	0.185	0	True
ENSG00000257379	0.4	1	True
ENSG00000257433	3.13	4	True
ENSG00000257446	0.17500000000000002	0	True
ENSG00000257475	0.525	1	True
ENSG00000257488	0.13	0	True
ENSG00000257489	0.4	1	True
ENSG00000257553	5.9	5	True
ENSG00000257594	0.81	2	True
ENSG00000257596	1.835	3	True
ENSG00000257621	12.08	7	True
ENSG00000257702	0.5	1	True
ENSG00000257704	0.61	2	True
ENSG00000257815	4.34	5	True
ENSG00000257839	0.11	0	True
ENSG00000257913	0.755	2	True
ENSG00000257949	0.72	2	True
ENSG00000258017	623.94	9	True
ENSG00000258056	0.41000000000000003	1	True
ENSG00000258057	0.13	0	True
ENSG00000258072	1.0	2	True
ENSG00000258102	0.445	1	True
ENSG00000258168	0.28	1	True
ENSG00000258289	173.035	9	True
ENSG00000258311	0.28	1	True
ENSG00000258315	38.855000000000004	8	True
ENSG00000258325	4.31	5	True
ENSG00000258388	0.11	0	True
ENSG00000258446	0.145	0	True
ENSG00000258561	0.27	1	True
ENSG00000258568	0.505	1	True
ENSG00000258604	0.14	0	True
ENSG00000258655	1.17	3	True
ENSG00000258667	0.115	0	True
ENSG00000258704	7.135	6	True
ENSG00000258738	0.345	1	True
ENSG00000258790	0.435	1	True
ENSG00000258940	0.10500000000000001	0	True
ENSG00000259030	0.15	0	True
ENSG00000259088	0.215	0	True
ENSG00000259132	6.965	6	True
ENSG00000259305	1.73	3	True
ENSG00000259321	0.41000000000000003	1	True
ENSG00000259330	7.905	6	True
ENSG00000259343	5.325	5	True
ENSG00000259431	5.505000000000001	5	True
ENSG00000259460	0.8300000000000001	2	True
ENSG00000259467	0.14500000000000002	0	True
ENSG00000259488	0.14500000000000002	0	True
ENSG00000259494	48.055	8	True
ENSG00000259520	0.325	1	True
ENSG00000259529	0.13	0	True
ENSG00000259673	0.515	1	True
ENSG00000259704	0.315	1	True
ENSG00000259736	0.685	2	True
ENSG00000259768	0.755	2	True
ENSG00000259775	0.28500000000000003	1	True
ENSG00000259802	0.245	0	True
ENSG00000259826	0.4	1	True
ENSG00000259877	0.505	1	True
ENSG00000259943	9.08	6	True
ENSG00000259953	1.375	3	True
ENSG00000259956	1.315	3	True
ENSG00000260000	1.335	3	True
ENSG00000260035	0.135	0	True
ENSG00000260063	0.165	0	True
ENSG00000260083	1.3	3	True
ENSG00000260095	0.11	0	True
ENSG00000260101	0.12	0	True
ENSG00000260103	0.235	0	True
ENSG00000260231	1.195	3	True
ENSG00000260233	0.12000000000000001	0	True
ENSG00000260236	0.10500000000000001	0	True
ENSG00000260261	1.345	3	True
ENSG00000260448	4.645	5	True
ENSG00000260456	9.89	6	True
ENSG00000260526	0.98	2	True
ENSG00000260563	0.685	2	True
ENSG00000260565	1.145	3	True
ENSG00000260588	0.37	1	True
ENSG00000260589	0.76	2	True
ENSG00000260625	1.02	2	True
ENSG00000260630	0.18	0	True
ENSG00000260669	0.21000000000000002	0	True
ENSG00000260708	25.064999999999998	8	True
ENSG00000260774	0.125	0	True
ENSG00000260793	0.36	1	True
ENSG00000260804	0.14	0	True
ENSG00000260805	0.13	0	True
ENSG00000260806	0.16	0	True
ENSG00000260852	0.46499999999999997	1	True
ENSG00000260924	1.245	3	True
ENSG00000260942	0.565	2	True
ENSG00000261008	1.71	3	True
ENSG00000261071	0.125	0	True
ENSG00000261114	0.175	0	True
ENSG00000261135	4.845000000000001	5	True
ENSG00000261136	0.25	0	True
ENSG00000261150	0.29500000000000004	1	True
ENSG00000261183	0.32	1	True
ENSG00000261186	0.105	0	True
ENSG00000261188	4.435	5	True
ENSG00000261218	0.14500000000000002	0	True
ENSG00000261220	0.22499999999999998	0	True
ENSG00000261270	0.15	0	True
ENSG00000261302	0.115	0	True
ENSG00000261335	1.785	3	True
ENSG00000261366	0.755	2	True
ENSG00000261373	1.13	2	True
ENSG00000261386	0.15	0	True
ENSG00000261423	0.12	0	True
ENSG00000261441	0.26	1	True
ENSG00000261455	0.9349999999999999	2	True
ENSG00000261485	0.855	2	True
ENSG00000261487	0.77	2	True
ENSG00000261526	1.77	3	True
ENSG00000261553	0.22999999999999998	0	True
ENSG00000261716	0.885	2	True
ENSG00000261777	0.69	2	True
ENSG00000261840	0.375	1	True
ENSG00000261884	0.855	2	True
ENSG00000261971	0.195	0	True
ENSG00000262001	8.65	6	True
ENSG00000262049	0.44499999999999995	1	True
ENSG00000262333	0.77	2	True
ENSG00000262413	0.175	0	True
ENSG00000262664	2.695	4	True
ENSG00000262728	0.37	1	True
ENSG00000262766	0.675	2	True
ENSG00000262772	0.20500000000000002	0	True
ENSG00000263002	0.76	2	True
ENSG00000263080	0.635	2	True
ENSG00000263266	42.760000000000005	8	True
ENSG00000263412	0.405	1	True
ENSG00000263528	6.300000000000001	5	True
ENSG00000263603	0.105	0	True
ENSG00000263766	0.5700000000000001	2	True
ENSG00000263809	0.135	0	True
ENSG00000263884	0.13	0	True
ENSG00000263956	1.45	3	True
ENSG00000264235	0.9199999999999999	2	True
ENSG00000264247	1.705	3	True
ENSG00000264290	0.12	0	True
ENSG00000264293	0.235	0	True
ENSG00000264522	0.7	2	True
ENSG00000264772	0.235	0	True
ENSG00000264808	0.9400000000000001	2	True
ENSG00000264920	3.205	4	True
ENSG00000264937	0.175	0	True
ENSG00000264968	0.365	1	True
ENSG00000265491	1.375	3	True
ENSG00000265590	0.18	0	True
ENSG00000265683	0.52	1	True
ENSG00000265688	0.21500000000000002	0	True
ENSG00000265817	1.25	3	True
ENSG00000265967	0.175	0	True
ENSG00000266053	0.15	0	True
ENSG00000266088	0.205	0	True
ENSG00000266094	4.255	5	True
ENSG00000266338	0.9850000000000001	2	True
ENSG00000266402	3.0300000000000002	4	True
ENSG00000266412	74.66499999999999	9	True
ENSG00000266469	6.3	5	True
ENSG00000266498	0.11	0	True
ENSG00000266680	0.12	0	True
ENSG00000266709	2.4299999999999997	4	True
ENSG00000266904	2.4050000000000002	4	True
ENSG00000267002	1.49	3	True
ENSG00000267040	0.31	1	True
ENSG00000267060	7.47	6	True
ENSG00000267064	0.11499999999999999	0	True
ENSG00000267080	3.46	4	True
ENSG00000267100	12.44	7	True
ENSG00000267106	2.275	4	True
ENSG00000267121	0.7649999999999999	2	True
ENSG00000267169	0.16499999999999998	0	True
ENSG00000267213	0.175	0	True
ENSG00000267248	0.25	0	True
ENSG00000267265	1.285	3	True
ENSG00000267278	1.6099999999999999	3	True
ENSG00000267284	0.245	0	True
ENSG00000267309	0.135	0	True
ENSG00000267321	80.66	9	True
ENSG00000267470	0.115	0	True
ENSG00000267475	2.785	4	True
ENSG00000267519	0.165	0	True
ENSG00000267534	1.365	3	True
ENSG00000267546	0.3	1	True
ENSG00000267549	0.19	0	True
ENSG00000267606	0.335	1	True
ENSG00000267607	0.835	2	True
ENSG00000267680	2.34	4	True
ENSG00000267698	1.42	3	True
ENSG00000267751	5.4399999999999995	5	True
ENSG00000268001	2.63	4	True
ENSG00000268043	1.4249999999999998	3	True
ENSG00000268061	0.77	2	True
ENSG00000268129	5.76	5	True
ENSG00000268204	0.19	0	True
ENSG00000268350	1.375	3	True
ENSG00000268362	0.5	1	True
ENSG00000268400	0.405	1	True
ENSG00000268403	5.475	5	True
ENSG00000268471	0.7050000000000001	2	True
ENSG00000268516	0.8	2	True
ENSG00000268543	1.095	2	True
ENSG00000268573	0.735	2	True
ENSG00000268584	2.165	4	True
ENSG00000268603	0.15	0	True
ENSG00000268858	0.27	1	True
ENSG00000268889	0.13	0	True
ENSG00000268895	0.7	2	True
ENSG00000269176	0.265	1	True
ENSG00000269190	3.43	4	True
ENSG00000269293	5.4	5	True
ENSG00000269386	1.24	3	True
ENSG00000269399	0.245	0	True
ENSG00000269439	1.7850000000000001	3	True
ENSG00000269463	0.72	2	True
ENSG00000269556	0.8	2	True
ENSG00000269680	0.485	1	True
ENSG00000269688	0.61	2	True
ENSG00000269743	3.005	4	True
ENSG00000269821	0.105	0	True
ENSG00000269825	1.395	3	True
ENSG00000269891	4.859999999999999	5	True
ENSG00000269906	2.49	4	True
ENSG00000269921	2.115	3	True
ENSG00000269951	1.43	3	True
ENSG00000269961	0.16	0	True
ENSG00000270011	0.135	0	True
ENSG00000270012	0.20500000000000002	0	True
ENSG00000270019	0.17	0	True
ENSG00000270049	4.52	5	True
ENSG00000270061	0.69	2	True
ENSG00000270069	0.185	0	True
ENSG00000270083	0.16	0	True
ENSG00000270103	3.01	4	True
ENSG00000270123	53.335	8	True
ENSG00000270175	0.33999999999999997	1	True
ENSG00000270231	1.035	2	True
ENSG00000270332	0.9550000000000001	2	True
ENSG00000270362	0.11	0	True
ENSG00000270419	0.155	0	True
ENSG00000270562	0.2	0	True
ENSG00000270673	0.52	1	True
ENSG00000270757	5.35	5	True
ENSG00000270761	2.45	4	True
ENSG00000270800	8.58	6	True
ENSG00000270820	0.56	2	True
ENSG00000270964	0.21999999999999997	0	True
ENSG00000271092	1.275	3	True
ENSG00000271122	1.18	3	True
ENSG00000271147	4.82	5	True
ENSG00000271151	0.33499999999999996	1	True
ENSG00000271270	2.01	3	True
ENSG00000271335	0.4	1	True
ENSG00000271380	0.6	2	True
ENSG00000271503	0.30500000000000005	1	True
ENSG00000271605	2.775	4	True
ENSG00000271646	0.405	1	True
ENSG00000271659	0.47	1	True
ENSG00000271751	1.54	3	True
ENSG00000271754	0.42	1	True
ENSG00000271793	0.195	0	True
ENSG00000271816	0.33999999999999997	1	True
ENSG00000271856	0.33999999999999997	1	True
ENSG00000271882	0.425	1	True
ENSG00000271888	0.38	1	True
ENSG00000271918	0.165	0	True
ENSG00000271991	1.31	3	True
ENSG00000272030	0.20500000000000002	0	True
ENSG00000272047	43.239999999999995	8	True
ENSG00000272070	0.375	1	True
ENSG00000272086	0.77	2	True
ENSG00000272106	1.47	3	True
ENSG00000272112	0.43	1	True
ENSG00000272146	2.375	4	True
ENSG00000272156	0.22499999999999998	0	True
ENSG00000272168	0.2	0	True
ENSG00000272186	2.555	4	True
ENSG00000272240	0.355	1	True
ENSG00000272269	0.125	0	True
ENSG00000272341	1.8900000000000001	3	True
ENSG00000272368	1.5750000000000002	3	True
ENSG00000272398	6.22	5	True
ENSG00000272419	0.45499999999999996	1	True
ENSG00000272455	2.6100000000000003	4	True
ENSG00000272462	0.77	2	True
ENSG00000272476	0.43	1	True
ENSG00000272482	0.5800000000000001	2	True
ENSG00000272501	0.32	1	True
ENSG00000272525	1.92	3	True
ENSG00000272554	0.295	1	True
ENSG00000272578	0.11	0	True
ENSG00000272606	9.36	6	True
ENSG00000272631	0.125	0	True
ENSG00000272654	3.1	4	True
ENSG00000272667	0.565	2	True
ENSG00000272677	0.225	0	True
ENSG00000272686	16.595	7	True
ENSG00000272688	6.59	6	True
ENSG00000272689	0.155	0	True
ENSG00000272690	1.03	2	True
ENSG00000272695	0.16999999999999998	0	True
ENSG00000272711	1.205	3	True
ENSG00000272716	11.585	7	True
ENSG00000272735	0.315	1	True
ENSG00000272758	6.06	5	True
ENSG00000272795	2.405	4	True
ENSG00000272812	2.245	4	True
ENSG00000272821	0.155	0	True
ENSG00000272829	1.1099999999999999	2	True
ENSG00000272831	0.7050000000000001	2	True
ENSG00000272853	0.14500000000000002	0	True
ENSG00000272870	4.0600000000000005	5	True
ENSG00000272888	5.48	5	True
ENSG00000272892	0.32	1	True
ENSG00000272894	0.15	0	True
ENSG00000272916	0.405	1	True
ENSG00000272931	0.6699999999999999	2	True
ENSG00000272953	0.185	0	True
ENSG00000272991	4.574999999999999	5	True
ENSG00000272994	2.06	3	True
ENSG00000273002	0.31	1	True
ENSG00000273008	0.275	1	True
ENSG00000273010	0.32999999999999996	1	True
ENSG00000273015	0.47	1	True
ENSG00000273026	0.245	0	True
ENSG00000273061	1.7999999999999998	3	True
ENSG00000273064	0.745	2	True
ENSG00000273066	0.16999999999999998	0	True
ENSG00000273080	3.81	5	True
ENSG00000273117	4.0	5	True
ENSG00000273139	1.145	3	True
ENSG00000273148	1.455	3	True
ENSG00000273162	2.8	4	True
ENSG00000273175	0.225	0	True
ENSG00000273181	0.685	2	True
ENSG00000273210	0.33499999999999996	1	True
ENSG00000273226	1.76	3	True
ENSG00000273240	0.30000000000000004	1	True
ENSG00000273247	0.85	2	True
ENSG00000273297	0.535	1	True
ENSG00000273320	2.3899999999999997	4	True
ENSG00000273338	38.32	8	True
ENSG00000273343	0.135	0	True
ENSG00000273344	1.775	3	True
ENSG00000273345	0.18	0	True
ENSG00000273355	2.535	4	True
ENSG00000273367	0.24000000000000002	0	True
ENSG00000273375	0.435	1	True
ENSG00000273382	0.14500000000000002	0	True
ENSG00000273416	0.19	0	True
ENSG00000273437	2.9749999999999996	4	True
ENSG00000273451	1.4249999999999998	3	True
ENSG00000273559	16.705000000000002	7	True
ENSG00000273604	0.275	1	True
ENSG00000273619	0.16	0	True
ENSG00000273654	0.71	2	True
ENSG00000273702	0.33499999999999996	1	True
ENSG00000273703	0.21	0	True
ENSG00000273723	2.9450000000000003	4	True
ENSG00000273759	0.22	0	True
ENSG00000273768	1.775	3	True
ENSG00000273797	0.145	0	True
ENSG00000274015	0.655	2	True
ENSG00000274104	4.92	5	True
ENSG00000274180	0.235	0	True
ENSG00000274210	0.7	2	True
ENSG00000274211	0.76	2	True
ENSG00000274213	1.51	3	True
ENSG00000274220	0.25	0	True
ENSG00000274265	1.84	3	True
ENSG00000274290	0.13	0	True
ENSG00000274292	0.605	2	True
ENSG00000274430	46.08	8	True
ENSG00000274460	0.47000000000000003	1	True
ENSG00000274487	2.9450000000000003	4	True
ENSG00000274528	0.67	2	True
ENSG00000274536	69.215	9	True
ENSG00000274605	2.455	4	True
ENSG00000274667	3.63	4	True
ENSG00000274828	0.425	1	True
ENSG00000274922	0.21000000000000002	0	True
ENSG00000274925	0.185	0	True
ENSG00000274929	0.30000000000000004	1	True
ENSG00000275004	19.450000000000003	7	True
ENSG00000275055	2.275	4	True
ENSG00000275074	0.435	1	True
ENSG00000275092	0.175	0	True
ENSG00000275111	2.035	3	True
ENSG00000275143	1.885	3	True
ENSG00000275180	0.76	2	True
ENSG00000275183	0.12	0	True
ENSG00000275372	1.53	3	True
ENSG00000275457	0.14	0	True
ENSG00000275481	0.11	0	True
ENSG00000275494	0.225	0	True
ENSG00000275645	0.245	0	True
ENSG00000275709	0.43500000000000005	1	True
ENSG00000275778	3.37	4	True
ENSG00000275857	0.14	0	True
ENSG00000275895	17.57	7	True
ENSG00000275994	0.13	0	True
ENSG00000276058	0.64	2	True
ENSG00000276141	0.81	2	True
ENSG00000276161	1.53	3	True
ENSG00000276216	0.835	2	True
ENSG00000276533	1.0950000000000002	2	True
ENSG00000276698	2.835	4	True
ENSG00000276728	0.125	0	True
ENSG00000276744	0.41000000000000003	1	True
ENSG00000276853	0.19	0	True
ENSG00000276900	1.23	3	True
ENSG00000276903	0.46499999999999997	1	True
ENSG00000276931	1.7999999999999998	3	True
ENSG00000276957	0.28500000000000003	1	True
ENSG00000277072	18.155	7	True
ENSG00000277149	3.7	4	True
ENSG00000277161	6.390000000000001	6	True
ENSG00000277170	2.145	4	True
ENSG00000277182	0.16	0	True
ENSG00000277194	12.32	7	True
ENSG00000277258	1.405	3	True
ENSG00000277283	0.79	2	True
ENSG00000277342	0.475	1	True
ENSG00000277443	1.145	3	True
ENSG00000277453	0.64	2	True
ENSG00000277462	14.235	7	True
ENSG00000277511	1.355	3	True
ENSG00000277526	0.195	0	True
ENSG00000277782	0.365	1	True
ENSG00000277969	2.255	4	True
ENSG00000278002	0.475	1	True
ENSG00000278023	6.515000000000001	6	True
ENSG00000278071	0.37	1	True
ENSG00000278099	0.695	2	True
ENSG00000278129	0.65	2	True
ENSG00000278238	4.7	5	True
ENSG00000278274	0.995	2	True
ENSG00000278390	0.125	0	True
ENSG00000278396	0.21000000000000002	0	True
ENSG00000278416	0.45	1	True
ENSG00000278514	0.385	1	True
ENSG00000278611	0.13	0	True
ENSG00000278637	0.48	1	True
ENSG00000278834	0.46499999999999997	1	True
ENSG00000278876	0.64	2	True
ENSG00000278963	0.14500000000000002	0	True
ENSG00000278970	2.2249999999999996	4	True
ENSG00000278993	0.11	0	True
ENSG00000279069	0.11499999999999999	0	True
ENSG00000279088	23.62	8	True
ENSG00000279114	0.19999999999999998	0	True
ENSG00000279130	0.145	0	True
ENSG00000279331	0.67	2	True
ENSG00000279354	0.12	0	True
ENSG00000279407	0.48	1	True
ENSG00000279423	17.275	7	True
ENSG00000279476	0.14	0	True
ENSG00000279529	0.325	1	True
ENSG00000279632	0.17	0	True
ENSG00000279660	0.265	1	True
ENSG00000279673	1.895	3	True
ENSG00000279677	0.115	0	True
ENSG00000279689	4.8149999999999995	5	True
ENSG00000279691	0.44999999999999996	1	True
ENSG00000279799	0.25	0	True
ENSG00000279819	0.13	0	True
ENSG00000279865	0.24	0	True
ENSG00000279968	0.155	0	True
ENSG00000280063	0.795	2	True
ENSG00000280120	11.05	6	True
ENSG00000280129	0.125	0	True
ENSG00000280195	0.6100000000000001	2	True
ENSG00000280367	0.325	1	True
ENSG00000280420	0.26	1	True
ENSG00000280623	0.485	1	True
ENSG00000280670	2.145	4	True
ENSG00000280734	0.375	1	True
ENSG00000280739	2.9450000000000003	4	True
ENSG00000280789	1.2349999999999999	3	True
ENSG00000280832	1.92	3	True
ENSG00000281091	0.2	0	True
ENSG00000281202	0.125	0	True
ENSG00000281357	0.385	1	True
ENSG00000281501	6.98	6	True
ENSG00000281706	1.42	3	True
ENSG00000281731	0.14	0	True
ENSG00000281880	0.13	0	True
ENSG00000281912	0.15	0	True
ENSG00000282057	0.175	0	True
ENSG00000282381	0.565	2	True
ENSG00000282728	0.155	0	True
ENSG00000282826	6.745	6	True
ENSG00000282876	0.355	1	True
ENSG00000282885	0.155	0	True
ENSG00000283122	0.11	0	True
ENSG00000000419	129.51	9	False
ENSG00000001036	14.16	7	False
ENSG00000001167	4.94	5	False
ENSG00000001460	7.155	6	False
ENSG00000001497	30.185	8	False
ENSG00000001629	4.45	5	False
ENSG00000001630	26.71	8	False
ENSG00000001631	13.690000000000001	7	False
ENSG00000002549	61.515	8	False
ENSG00000002586	3.65	4	False
ENSG00000002822	1.63	3	False
ENSG00000002834	15.514999999999999	7	False
ENSG00000002919	12.77	7	False
ENSG00000003056	58.55	8	False
ENSG00000003400	5.005	5	False
ENSG00000003402	18.145000000000003	7	False
ENSG00000003509	12.100000000000001	7	False
ENSG00000003756	14.254999999999999	7	False
ENSG00000004142	14.780000000000001	7	False
ENSG00000004455	76.815	9	False
ENSG00000004478	12.845	7	False
ENSG00000004487	41.32	8	False
ENSG00000004534	12.73	7	False
ENSG00000004700	16.24	7	False
ENSG00000004766	6.82	6	False
ENSG00000004779	115.16999999999999	9	False
ENSG00000004864	14.53	7	False
ENSG00000004866	20.455	7	False
ENSG00000004897	21.509999999999998	7	False
ENSG00000004961	15.530000000000001	7	False
ENSG00000005007	0.33999999999999997	1	False
ENSG00000005022	3532.615	9	False
ENSG00000005075	28.5	8	False
ENSG00000005100	5.25	5	False
ENSG00000005156	5.779999999999999	5	False
ENSG00000005175	25.47	8	False
ENSG00000005189	6.13	5	False
ENSG00000005194	183.175	9	False
ENSG00000005206	0.125	0	False
ENSG00000005302	16.064999999999998	7	False
ENSG00000005339	1.72	3	False
ENSG00000005486	3.09	4	False
ENSG00000005700	7.805	6	False
ENSG00000005810	9.01	6	False
ENSG00000005889	6.744999999999999	6	False
ENSG00000005893	30.545	8	False
ENSG00000006007	13.855	7	False
ENSG00000006015	1.2000000000000002	3	False
ENSG00000006025	0.24	0	False
ENSG00000006125	40.455	8	False
ENSG00000006451	4.805	5	False
ENSG00000006453	2.4	4	False
ENSG00000006530	34.05	8	False
ENSG00000006576	11.1	6	False
ENSG00000006607	2.555	4	False
ENSG00000006625	196.925	9	False
ENSG00000006634	25.205	8	False
ENSG00000006695	8.03	6	False
ENSG00000006712	1.01	2	False
ENSG00000006744	3.55	4	False
ENSG00000006757	40.894999999999996	8	False
ENSG00000006831	10.875	6	False
ENSG00000007047	0.54	1	False
ENSG00000007080	4.17	5	False
ENSG00000007168	21.549999999999997	7	False
ENSG00000007202	9.955	6	False
ENSG00000007264	0.15	0	False
ENSG00000007341	7.005	6	False
ENSG00000007376	0.395	1	False
ENSG00000007384	0.705	2	False
ENSG00000007392	1.775	3	False
ENSG00000007520	1.5699999999999998	3	False
ENSG00000007541	0.185	0	False
ENSG00000007923	9.34	6	False
ENSG00000007944	8.93	6	False
ENSG00000008018	1945.73	9	False
ENSG00000008083	4.305	5	False
ENSG00000008128	5.115	5	False
ENSG00000008130	1.01	2	False
ENSG00000008283	2.635	4	False
ENSG00000008294	8.925	6	False
ENSG00000008394	130.29500000000002	9	False
ENSG00000008405	6.09	5	False
ENSG00000008441	0.27	1	False
ENSG00000008869	2.5700000000000003	4	False
ENSG00000008988	1908.245	9	False
ENSG00000009335	6.71	6	False
ENSG00000009413	4.359999999999999	5	False
ENSG00000009830	0.33	1	False
ENSG00000009844	108.97	9	False
ENSG00000009954	16.705	7	False
ENSG00000010017	20.465	7	False
ENSG00000010072	5.3	5	False
ENSG00000010165	12.83	7	False
ENSG00000010244	126.02499999999999	9	False
ENSG00000010256	97.31	9	False
ENSG00000010270	64.275	9	False
ENSG00000010292	10.035	6	False
ENSG00000010310	1.335	3	False
ENSG00000010318	1.78	3	False
ENSG00000010322	0.345	1	False
ENSG00000010671	8.745	6	False
ENSG00000010803	5.77	5	False
ENSG00000011007	19.675	7	False
ENSG00000011009	2.575	4	False
ENSG00000011021	1.46	3	False
ENSG00000011028	0.305	1	False
ENSG00000011114	2.795	4	False
ENSG00000011132	0.155	0	False
ENSG00000011143	11.865	7	False
ENSG00000011198	23.69	8	False
ENSG00000011243	6.984999999999999	6	False
ENSG00000011260	21.645	7	False
ENSG00000011275	3.385	4	False
ENSG00000011295	6.6	6	False
ENSG00000011304	13.085	7	False
ENSG00000011376	3.6399999999999997	4	False
ENSG00000011405	1.7	3	False
ENSG00000011426	11.99	7	False
ENSG00000011454	1.1800000000000002	3	False
ENSG00000011478	1.025	2	False
ENSG00000011485	1.465	3	False
ENSG00000011566	2.325	4	False
ENSG00000011600	0.66	2	False
ENSG00000011638	12.265	7	False
ENSG00000012048	16.55	7	False
ENSG00000012061	7.035	6	False
ENSG00000012211	0.995	2	False
ENSG00000012660	81.055	9	False
ENSG00000012963	8.594999999999999	6	False
ENSG00000013275	311.90999999999997	9	False
ENSG00000013306	3.54	4	False
ENSG00000013374	27.445	8	False
ENSG00000013375	45.980000000000004	8	False
ENSG00000013441	33.57	8	False
ENSG00000013503	4.615	5	False
ENSG00000013573	2.785	4	False
ENSG00000013810	1.315	3	False
ENSG00000014138	1.6749999999999998	3	False
ENSG00000014216	2.545	4	False
ENSG00000014641	907.3	9	False
ENSG00000014824	9.07	6	False
ENSG00000014919	27.665	8	False
ENSG00000015153	12.71	7	False
ENSG00000015475	4.3100000000000005	5	False
ENSG00000015479	88.705	9	False
ENSG00000015676	14.47	7	False
ENSG00000016864	11.09	6	False
ENSG00000017260	7.635	6	False
ENSG00000017483	7.515000000000001	6	False
ENSG00000017797	8.715	6	False
ENSG00000018189	3.475	4	False
ENSG00000018510	10.26	6	False
ENSG00000018610	14.09	7	False
ENSG00000018699	31.405	8	False
ENSG00000018869	0.39	1	False
ENSG00000020129	1.795	3	False
ENSG00000020426	54.614999999999995	8	False
ENSG00000020922	12.34	7	False
ENSG00000021574	8.100000000000001	6	False
ENSG00000021776	17.755000000000003	7	False
ENSG00000021826	1.865	3	False
ENSG00000022277	68.71	9	False
ENSG00000022840	51.08	8	False
ENSG00000023191	2.595	4	False
ENSG00000023228	43.555	8	False
ENSG00000023318	7.130000000000001	6	False
ENSG00000023330	24.09	8	False
ENSG00000023734	60.79	8	False
ENSG00000023892	1.0350000000000001	2	False
ENSG00000023909	6.6850000000000005	6	False
ENSG00000024048	8.29	6	False
ENSG00000024526	6.135	5	False
ENSG00000025156	17.415	7	False
ENSG00000025293	123.825	9	False
ENSG00000025423	0.4	1	False
ENSG00000025770	2.945	4	False
ENSG00000025772	13.09	7	False
ENSG00000025796	15.96	7	False
ENSG00000025800	20.795	7	False
ENSG00000026025	59.93000000000001	8	False
ENSG00000026297	5.925000000000001	5	False
ENSG00000027869	0.6950000000000001	2	False
ENSG00000028137	6.605	6	False
ENSG00000028203	9.575	6	False
ENSG00000028310	1.69	3	False
ENSG00000028528	7.805	6	False
ENSG00000028839	79.35	9	False
ENSG00000029363	39.365	8	False
ENSG00000029364	13.59	7	False
ENSG00000029639	99.38	9	False
ENSG00000029725	5.26	5	False
ENSG00000030066	26.41	8	False
ENSG00000030110	4.2	5	False
ENSG00000030582	3.325	4	False
ENSG00000031698	224.035	9	False
ENSG00000031823	1.215	3	False
ENSG00000032389	14.754999999999999	7	False
ENSG00000033030	8.76	6	False
ENSG00000033050	65.925	9	False
ENSG00000033100	0.125	0	False
ENSG00000033178	19.380000000000003	7	False
ENSG00000033627	8.13	6	False
ENSG00000033800	13.585	7	False
ENSG00000033867	1.33	3	False
ENSG00000034510	455.135	9	False
ENSG00000034693	43.730000000000004	8	False
ENSG00000034713	204.75	9	False
ENSG00000035141	85.495	9	False
ENSG00000035499	29.23	8	False
ENSG00000035681	18.015	7	False
ENSG00000035928	16.715	7	False
ENSG00000036054	26.465	8	False
ENSG00000036257	20.775	7	False
ENSG00000036549	9.535	6	False
ENSG00000037241	232.045	9	False
ENSG00000037474	6.3149999999999995	5	False
ENSG00000037637	5.32	5	False
ENSG00000037749	5.235	5	False
ENSG00000037757	4.195	5	False
ENSG00000037897	39.095	8	False
ENSG00000038219	4.015000000000001	5	False
ENSG00000038274	37.025000000000006	8	False
ENSG00000038358	1.505	3	False
ENSG00000038532	0.72	2	False
ENSG00000039123	32.855000000000004	8	False
ENSG00000039650	2.2350000000000003	4	False
ENSG00000040275	20.85	7	False
ENSG00000040341	12.48	7	False
ENSG00000040487	0.88	2	False
ENSG00000040633	5.37	5	False
ENSG00000040933	1.1800000000000002	3	False
ENSG00000041357	1219.78	9	False
ENSG00000041802	10.024999999999999	6	False
ENSG00000042088	17.765	7	False
ENSG00000042429	4.465	5	False
ENSG00000042445	1.445	3	False
ENSG00000042493	7.935	6	False
ENSG00000042753	24.369999999999997	8	False
ENSG00000043143	0.33999999999999997	1	False
ENSG00000043462	3.56	4	False
ENSG00000043514	19.61	7	False
ENSG00000044090	0.405	1	False
ENSG00000044446	1.92	3	False
ENSG00000044574	33.025000000000006	8	False
ENSG00000046604	10.355	6	False
ENSG00000047056	1.205	3	False
ENSG00000047230	3.74	5	False
ENSG00000047249	17.45	7	False
ENSG00000047410	34.69	8	False
ENSG00000047579	14.754999999999999	7	False
ENSG00000047621	6.050000000000001	5	False
ENSG00000047849	16.305	7	False
ENSG00000047932	6.02	5	False
ENSG00000048028	2.365	4	False
ENSG00000048140	0.63	2	False
ENSG00000048162	166.305	9	False
ENSG00000048544	90.755	9	False
ENSG00000048649	6.5600000000000005	6	False
ENSG00000048707	5.63	5	False
ENSG00000048828	5.745	5	False
ENSG00000048991	8.815000000000001	6	False
ENSG00000049167	30.064999999999998	8	False
ENSG00000049245	18.375	7	False
ENSG00000049541	23.395	8	False
ENSG00000049618	16.74	7	False
ENSG00000049656	2.665	4	False
ENSG00000049759	6.355	5	False
ENSG00000050130	80.145	9	False
ENSG00000050393	3.94	5	False
ENSG00000050426	42.385	8	False
ENSG00000050748	3.925	5	False
ENSG00000051009	0.885	2	False
ENSG00000051108	9.774999999999999	6	False
ENSG00000051180	10.825	6	False
ENSG00000051341	1.1099999999999999	2	False
ENSG00000051382	10.23	6	False
ENSG00000051523	0.21	0	False
ENSG00000052723	21.47	7	False
ENSG00000052749	4.01	5	False
ENSG00000052795	1.7149999999999999	3	False
ENSG00000052802	51.599999999999994	8	False
ENSG00000052841	12.435	7	False
ENSG00000053371	1.45	3	False
ENSG00000053372	48.855	8	False
ENSG00000053501	31.125	8	False
ENSG00000053770	28.08	8	False
ENSG00000053900	14.085	7	False
ENSG00000054116	16.25	7	False
ENSG00000054118	83.025	9	False
ENSG00000054148	103.995	9	False
ENSG00000054267	6.505	6	False
ENSG00000054282	14.6	7	False
ENSG00000054523	2.15	4	False
ENSG00000055044	186.32	9	False
ENSG00000055070	3.175	4	False
ENSG00000055130	20.384999999999998	7	False
ENSG00000055147	8.735	6	False
ENSG00000055332	3.67	4	False
ENSG00000055483	4.994999999999999	5	False
ENSG00000055609	7.76	6	False
ENSG00000055917	8.49	6	False
ENSG00000055950	14.685	7	False
ENSG00000056097	23.905	8	False
ENSG00000056586	6.0649999999999995	5	False
ENSG00000056972	5.654999999999999	5	False
ENSG00000057252	6.545	6	False
ENSG00000057663	20.615000000000002	7	False
ENSG00000057757	34.69499999999999	8	False
ENSG00000058063	7.595	6	False
ENSG00000058262	1.6	3	False
ENSG00000058272	27.96	8	False
ENSG00000058600	10.829999999999998	6	False
ENSG00000058668	6.529999999999999	6	False
ENSG00000058729	53.61	8	False
ENSG00000058799	6.96	6	False
ENSG00000058804	19.310000000000002	7	False
ENSG00000059573	8.57	6	False
ENSG00000059588	6.89	6	False
ENSG00000059691	12.7	7	False
ENSG00000059758	3.46	4	False
ENSG00000059804	56.239999999999995	8	False
ENSG00000060138	30.745	8	False
ENSG00000060237	7.51	6	False
ENSG00000060339	27.28	8	False
ENSG00000060491	0.27	1	False
ENSG00000060688	35.04	8	False
ENSG00000060749	4.375	5	False
ENSG00000060762	103.405	9	False
ENSG00000060971	3.25	4	False
ENSG00000060982	30.045	8	False
ENSG00000061794	116.6	9	False
ENSG00000061938	0.125	0	False
ENSG00000061987	2.4	4	False
ENSG00000062194	20.78	7	False
ENSG00000062485	63.065	8	False
ENSG00000062582	38.625	8	False
ENSG00000062598	5.63	5	False
ENSG00000062650	12.465	7	False
ENSG00000062716	174.04000000000002	9	False
ENSG00000062725	1.9	3	False
ENSG00000062822	1.2	3	False
ENSG00000063046	85.28	9	False
ENSG00000063177	238.04000000000002	9	False
ENSG00000063180	6.550000000000001	6	False
ENSG00000063241	1.04	2	False
ENSG00000063244	2.1950000000000003	4	False
ENSG00000063587	1.325	3	False
ENSG00000063601	0.655	2	False
ENSG00000063854	0.28500000000000003	1	False
ENSG00000063978	14.765	7	False
ENSG00000064012	6.3149999999999995	5	False
ENSG00000064102	32.165	8	False
ENSG00000064115	7.125	6	False
ENSG00000064199	5.795	5	False
ENSG00000064313	6.15	5	False
ENSG00000064393	1.0499999999999998	2	False
ENSG00000064419	20.34	7	False
ENSG00000064490	81.44	9	False
ENSG00000064545	0.7999999999999999	2	False
ENSG00000064601	7.265000000000001	6	False
ENSG00000064607	8.934999999999999	6	False
ENSG00000064651	3.59	4	False
ENSG00000064652	5.3149999999999995	5	False
ENSG00000064666	8.895	6	False
ENSG00000064687	1.8	3	False
ENSG00000064703	5.630000000000001	5	False
ENSG00000064726	13.03	7	False
ENSG00000064763	5.4	5	False
ENSG00000064961	0.33999999999999997	1	False
ENSG00000064995	27.025	8	False
ENSG00000065000	0.905	2	False
ENSG00000065057	1.04	2	False
ENSG00000065060	4.135	5	False
ENSG00000065183	32.31	8	False
ENSG00000065243	2.5949999999999998	4	False
ENSG00000065268	1.3699999999999999	3	False
ENSG00000065328	6.995	6	False
ENSG00000065427	150.635	9	False
ENSG00000065457	9.739999999999998	6	False
ENSG00000065485	2.3	4	False
ENSG00000065518	492.185	9	False
ENSG00000065526	8.445	6	False
ENSG00000065548	121.39999999999999	9	False
ENSG00000065559	1.895	3	False
ENSG00000065600	5.994999999999999	5	False
ENSG00000065613	5.1899999999999995	5	False
ENSG00000065802	4.77	5	False
ENSG00000065883	7.54	6	False
ENSG00000065911	282.615	9	False
ENSG00000065978	262.0	9	False
ENSG00000066044	4.375	5	False
ENSG00000066084	2.9400000000000004	4	False
ENSG00000066117	1.06	2	False
ENSG00000066135	2.005	3	False
ENSG00000066136	3.5949999999999998	4	False
ENSG00000066279	16.0	7	False
ENSG00000066322	49.76	8	False
ENSG00000066422	3.8649999999999998	5	False
ENSG00000066557	23.715	8	False
ENSG00000066651	48.535	8	False
ENSG00000066654	25.375	8	False
ENSG00000066697	6.2	5	False
ENSG00000066777	7.275	6	False
ENSG00000066855	11.985	7	False
ENSG00000066926	13.785	7	False
ENSG00000066933	1.635	3	False
ENSG00000067057	18.03	7	False
ENSG00000067064	126.88499999999999	9	False
ENSG00000067066	13.885	7	False
ENSG00000067082	2.28	4	False
ENSG00000067167	12.2	7	False
ENSG00000067182	0.505	1	False
ENSG00000067225	101.97	9	False
ENSG00000067334	71.35	9	False
ENSG00000067365	5.37	5	False
ENSG00000067369	3.535	4	False
ENSG00000067560	341.62	9	False
ENSG00000067596	15.605	7	False
ENSG00000067704	25.735	8	False
ENSG00000067829	16.97	7	False
ENSG00000067900	5.08	5	False
ENSG00000067955	25.96	8	False
ENSG00000068024	0.125	0	False
ENSG00000068028	2.87	4	False
ENSG00000068097	3.25	4	False
ENSG00000068120	60.125	8	False
ENSG00000068308	2.58	4	False
ENSG00000068323	2.3449999999999998	4	False
ENSG00000068366	7.525	6	False
ENSG00000068394	2.75	4	False
ENSG00000068438	9.49	6	False
ENSG00000068489	18.865000000000002	7	False
ENSG00000068654	5.390000000000001	5	False
ENSG00000068697	94.4	9	False
ENSG00000068784	3.9749999999999996	5	False
ENSG00000068796	25.165	8	False
ENSG00000068831	0.45	1	False
ENSG00000068878	15.809999999999999	7	False
ENSG00000068912	8.495000000000001	6	False
ENSG00000069020	3.2199999999999998	4	False
ENSG00000069248	14.370000000000001	7	False
ENSG00000069329	56.37	8	False
ENSG00000069345	22.475	8	False
ENSG00000069849	55.75	8	False
ENSG00000069943	17.07	7	False
ENSG00000069974	36.394999999999996	8	False
ENSG00000070018	6.05	5	False
ENSG00000070061	10.865	6	False
ENSG00000070081	60.5	8	False
ENSG00000070366	0.355	1	False
ENSG00000070367	4.140000000000001	5	False
ENSG00000070371	0.615	2	False
ENSG00000070413	0.565	2	False
ENSG00000070495	2.505	4	False
ENSG00000070501	66.875	9	False
ENSG00000070610	8.99	6	False
ENSG00000070614	0.33	1	False
ENSG00000070669	143.35999999999999	9	False
ENSG00000070718	16.105	7	False
ENSG00000070756	817.175	9	False
ENSG00000070761	15.129999999999999	7	False
ENSG00000070770	16.255000000000003	7	False
ENSG00000070785	258.59499999999997	9	False
ENSG00000070831	236.595	9	False
ENSG00000070882	3.13	4	False
ENSG00000070950	13.275	7	False
ENSG00000070961	6.09	5	False
ENSG00000071082	4341.805	9	False
ENSG00000071127	11.440000000000001	7	False
ENSG00000071243	148.95499999999998	9	False
ENSG00000071462	54.864999999999995	8	False
ENSG00000071539	19.314999999999998	7	False
ENSG00000071564	3.85	5	False
ENSG00000071626	9.68	6	False
ENSG00000071655	0.17	0	False
ENSG00000071794	26.215	8	False
ENSG00000071859	3.725	4	False
ENSG00000071889	0.615	2	False
ENSG00000071894	4.875	5	False
ENSG00000071967	6.745	6	False
ENSG00000071994	51.995000000000005	8	False
ENSG00000072042	65.835	9	False
ENSG00000072062	1.35	3	False
ENSG00000072121	0.30000000000000004	1	False
ENSG00000072274	86.43	9	False
ENSG00000072310	1.1749999999999998	3	False
ENSG00000072364	2.2249999999999996	4	False
ENSG00000072501	15.995000000000001	7	False
ENSG00000072506	33.8	8	False
ENSG00000072518	0.28	1	False
ENSG00000072571	50.015	8	False
ENSG00000072736	9.565	6	False
ENSG00000072756	37.665	8	False
ENSG00000072803	2.045	3	False
ENSG00000072864	2.075	3	False
ENSG00000072958	0.635	2	False
ENSG00000073060	0.47500000000000003	1	False
ENSG00000073111	3.62	4	False
ENSG00000073417	4.17	5	False
ENSG00000073536	3.2800000000000002	4	False
ENSG00000073578	58.3	8	False
ENSG00000073584	71.8	9	False
ENSG00000073614	3.62	4	False
ENSG00000073849	20.445	7	False
ENSG00000073921	27.215	8	False
ENSG00000074054	4.15	5	False
ENSG00000074071	5.04	5	False
ENSG00000074201	102.13	9	False
ENSG00000074266	75.52	9	False
ENSG00000074319	16.58	7	False
ENSG00000074370	0.51	1	False
ENSG00000074582	63.275	8	False
ENSG00000074603	6.335	5	False
ENSG00000074695	12.365	7	False
ENSG00000074696	37.665	8	False
ENSG00000074755	0.385	1	False
ENSG00000074800	4180.03	9	False
ENSG00000074842	3.05	4	False
ENSG00000074935	15.114999999999998	7	False
ENSG00000075089	70.875	9	False
ENSG00000075131	38.815	8	False
ENSG00000075151	4.82	5	False
ENSG00000075188	304.125	9	False
ENSG00000075234	0.7849999999999999	2	False
ENSG00000075303	12.825	7	False
ENSG00000075336	126.725	9	False
ENSG00000075399	0.905	2	False
ENSG00000075413	6.655	6	False
ENSG00000075415	201.275	9	False
ENSG00000075420	6.3100000000000005	5	False
ENSG00000075539	4.8100000000000005	5	False
ENSG00000075568	1.6099999999999999	3	False
ENSG00000075618	0.565	2	False
ENSG00000075643	3.3049999999999997	4	False
ENSG00000075702	0.38	1	False
ENSG00000075711	5.975	5	False
ENSG00000075790	45.004999999999995	8	False
ENSG00000075856	6.369999999999999	6	False
ENSG00000075914	155.585	9	False
ENSG00000075975	21.015	7	False
ENSG00000076003	27.560000000000002	8	False
ENSG00000076108	11.195	6	False
ENSG00000076201	0.63	2	False
ENSG00000076242	48.72	8	False
ENSG00000076248	5.715	5	False
ENSG00000076321	5.71	5	False
ENSG00000076382	61.555	8	False
ENSG00000076513	3.41	4	False
ENSG00000076604	1.955	3	False
ENSG00000076706	8.855	6	False
ENSG00000076924	0.21999999999999997	0	False
ENSG00000076928	1.58	3	False
ENSG00000076944	1.85	3	False
ENSG00000076984	0.35	1	False
ENSG00000077044	0.295	1	False
ENSG00000077097	27.095	8	False
ENSG00000077147	10.969999999999999	6	False
ENSG00000077152	320.13	9	False
ENSG00000077157	0.855	2	False
ENSG00000077235	0.515	1	False
ENSG00000077254	14.754999999999999	7	False
ENSG00000077312	11.57	7	False
ENSG00000077348	16.965	7	False
ENSG00000077380	42.755	8	False
ENSG00000077458	14.45	7	False
ENSG00000077463	1.26	3	False
ENSG00000077514	16.56	7	False
ENSG00000077549	50.125	8	False
ENSG00000077585	0.225	0	False
ENSG00000077684	7.175	6	False
ENSG00000078061	4.715	5	False
ENSG00000078140	41.785	8	False
ENSG00000078142	28.57	8	False
ENSG00000078304	405.42999999999995	9	False
ENSG00000078369	24.755000000000003	8	False
ENSG00000078403	16.695	7	False
ENSG00000078596	74.685	9	False
ENSG00000078618	91.185	9	False
ENSG00000078668	474.70000000000005	9	False
ENSG00000078674	34.769999999999996	8	False
ENSG00000078687	0.22499999999999998	0	False
ENSG00000078747	4.955	5	False
ENSG00000078902	0.245	0	False
ENSG00000078967	3.065	4	False
ENSG00000079134	55.730000000000004	8	False
ENSG00000079246	204.32999999999998	9	False
ENSG00000079277	30.43	8	False
ENSG00000079313	0.11	0	False
ENSG00000079387	12.805	7	False
ENSG00000079462	8.26	6	False
ENSG00000079616	7.225	6	False
ENSG00000079805	2.205	4	False
ENSG00000079819	7.685	6	False
ENSG00000079999	1.905	3	False
ENSG00000080189	1.4700000000000002	3	False
ENSG00000080345	9.29	6	False
ENSG00000080603	0.27	1	False
ENSG00000080608	35.035	8	False
ENSG00000080802	16.405	7	False
ENSG00000080815	4.395	5	False
ENSG00000080819	12.035	7	False
ENSG00000080822	49.260000000000005	8	False
ENSG00000080824	543.135	9	False
ENSG00000080986	56.445	8	False
ENSG00000081019	8.23	6	False
ENSG00000081087	3.9800000000000004	5	False
ENSG00000081154	112.205	9	False
ENSG00000081692	1.385	3	False
ENSG00000081721	7.869999999999999	6	False
ENSG00000081791	12.77	7	False
ENSG00000081870	133.095	9	False
ENSG00000081913	0.365	1	False
ENSG00000082153	143.585	9	False
ENSG00000082212	7.720000000000001	6	False
ENSG00000082213	20.7	7	False
ENSG00000082269	5.0	5	False
ENSG00000082515	297.62	9	False
ENSG00000082516	6.295	5	False
ENSG00000082641	2.1799999999999997	4	False
ENSG00000082701	3.4850000000000003	4	False
ENSG00000082898	56.055	8	False
ENSG00000082996	21.64	7	False
ENSG00000083093	4.715	5	False
ENSG00000083168	2.025	3	False
ENSG00000083223	3.75	5	False
ENSG00000083312	14.3	7	False
ENSG00000083444	13.155000000000001	7	False
ENSG00000083520	4.48	5	False
ENSG00000083642	4.285	5	False
ENSG00000083720	14.59	7	False
ENSG00000083807	244.71	9	False
ENSG00000083812	0.735	2	False
ENSG00000083828	1.5550000000000002	3	False
ENSG00000083845	2128.985	9	False
ENSG00000083896	9.26	6	False
ENSG00000084072	279.83500000000004	9	False
ENSG00000084073	50.385000000000005	8	False
ENSG00000084090	100.21000000000001	9	False
ENSG00000084207	638.425	9	False
ENSG00000084234	11.934999999999999	7	False
ENSG00000084463	9.31	6	False
ENSG00000084623	819.405	9	False
ENSG00000084652	5.6899999999999995	5	False
ENSG00000084676	3.73	4	False
ENSG00000084733	16.715	7	False
ENSG00000084774	6.58	6	False
ENSG00000085063	186.375	9	False
ENSG00000085224	6.720000000000001	6	False
ENSG00000085231	495.21	9	False
ENSG00000085274	15.59	7	False
ENSG00000085365	8.38	6	False
ENSG00000085415	71.845	9	False
ENSG00000085449	3.365	4	False
ENSG00000085511	14.43	7	False
ENSG00000085719	31.145	8	False
ENSG00000085721	13.585	7	False
ENSG00000085760	37.105000000000004	8	False
ENSG00000085832	20.37	7	False
ENSG00000085840	16.2	7	False
ENSG00000085871	84.005	9	False
ENSG00000085872	0.535	1	False
ENSG00000085999	22.585	8	False
ENSG00000086061	129.05	9	False
ENSG00000086062	4.13	5	False
ENSG00000086102	6.0	5	False
ENSG00000086189	21.325	7	False
ENSG00000086200	23.72	8	False
ENSG00000086232	18.134999999999998	7	False
ENSG00000086475	9.6	6	False
ENSG00000086504	2.0	3	False
ENSG00000086589	22.08	7	False
ENSG00000086598	86.42	9	False
ENSG00000086666	63.834999999999994	9	False
ENSG00000086712	9.295	6	False
ENSG00000086758	15.265	7	False
ENSG00000086827	6.145	5	False
ENSG00000086848	7.635	6	False
ENSG00000087053	7.485	6	False
ENSG00000087074	1.36	3	False
ENSG00000087077	4.84	5	False
ENSG00000087086	19999.205	9	False
ENSG00000087087	8.295	6	False
ENSG00000087088	3.495	4	False
ENSG00000087095	8.004999999999999	6	False
ENSG00000087111	32.095	8	False
ENSG00000087152	0.475	1	False
ENSG00000087157	1.065	2	False
ENSG00000087191	97.885	9	False
ENSG00000087206	10.625	6	False
ENSG00000087263	37.47	8	False
ENSG00000087269	8.245	6	False
ENSG00000087302	106.065	9	False
ENSG00000087338	5.25	5	False
ENSG00000087365	39.835	8	False
ENSG00000087448	0.98	2	False
ENSG00000087502	123.94	9	False
ENSG00000087586	79.62	9	False
ENSG00000087884	28.35	8	False
ENSG00000087903	3.2199999999999998	4	False
ENSG00000087995	31.975	8	False
ENSG00000088038	0.33	1	False
ENSG00000088179	3.355	4	False
ENSG00000088205	62.230000000000004	8	False
ENSG00000088247	3.27	4	False
ENSG00000088325	29.950000000000003	8	False
ENSG00000088387	1.975	3	False
ENSG00000088448	19.625	7	False
ENSG00000088451	32.915	8	False
ENSG00000088682	26.060000000000002	8	False
ENSG00000088756	0.655	2	False
ENSG00000088766	8.809999999999999	6	False
ENSG00000088812	0.485	1	False
ENSG00000088832	48.2	8	False
ENSG00000088888	1.06	2	False
ENSG00000088930	27.055	8	False
ENSG00000088986	733.23	9	False
ENSG00000089006	35.09	8	False
ENSG00000089009	1116.0749999999998	9	False
ENSG00000089022	11.015	6	False
ENSG00000089053	98.69999999999999	9	False
ENSG00000089060	0.52	1	False
ENSG00000089063	17.115000000000002	7	False
ENSG00000089094	5.77	5	False
ENSG00000089154	7.87	6	False
ENSG00000089157	5473.525	9	False
ENSG00000089163	3.585	4	False
ENSG00000089220	53.075	8	False
ENSG00000089234	1.715	3	False
ENSG00000089248	29.245	8	False
ENSG00000089280	29.265	8	False
ENSG00000089289	50.365	8	False
ENSG00000089597	5.115	5	False
ENSG00000089685	73.435	9	False
ENSG00000089693	11.555	7	False
ENSG00000089737	59.865	8	False
ENSG00000089820	0.29	1	False
ENSG00000089876	3.9450000000000003	5	False
ENSG00000089902	6.68	6	False
ENSG00000089916	9.155	6	False
ENSG00000090013	75.095	9	False
ENSG00000090054	66.36	9	False
ENSG00000090060	34.089999999999996	8	False
ENSG00000090061	10.215	6	False
ENSG00000090238	0.345	1	False
ENSG00000090263	310.9	9	False
ENSG00000090273	7.455	6	False
ENSG00000090316	1.9500000000000002	3	False
ENSG00000090339	1.1300000000000001	2	False
ENSG00000090372	0.43	1	False
ENSG00000090432	7.25	6	False
ENSG00000090447	0.135	0	False
ENSG00000090470	7.915	6	False
ENSG00000090487	15.98	7	False
ENSG00000090520	10.690000000000001	6	False
ENSG00000090581	0.495	1	False
ENSG00000090612	4.635	5	False
ENSG00000090615	2.01	3	False
ENSG00000090621	65.725	9	False
ENSG00000090686	17.645	7	False
ENSG00000090857	3.3150000000000004	4	False
ENSG00000090861	31.61	8	False
ENSG00000090863	4.57	5	False
ENSG00000090889	8.825	6	False
ENSG00000090905	2.83	4	False
ENSG00000090924	1.86	3	False
ENSG00000090971	1.9049999999999998	3	False
ENSG00000090989	10.315000000000001	6	False
ENSG00000091009	5.555	5	False
ENSG00000091039	12.695	7	False
ENSG00000091127	11.4	7	False
ENSG00000091140	254.89000000000001	9	False
ENSG00000091164	34.25	8	False
ENSG00000091317	5.99	5	False
ENSG00000091436	6.5649999999999995	6	False
ENSG00000091483	82.52	9	False
ENSG00000091527	162.085	9	False
ENSG00000091542	13.89	7	False
ENSG00000091592	2.38	4	False
ENSG00000091651	13.295	7	False
ENSG00000091732	119.79500000000002	9	False
ENSG00000092010	131.375	9	False
ENSG00000092036	9.08	6	False
ENSG00000092094	22.77	8	False
ENSG00000092098	3.09	4	False
ENSG00000092108	50.644999999999996	8	False
ENSG00000092140	30.125	8	False
ENSG00000092148	17.035	7	False
ENSG00000092201	47.06	8	False
ENSG00000092203	25.455	8	False
ENSG00000092208	41.519999999999996	8	False
ENSG00000092439	8.735	6	False
ENSG00000092470	5.825	5	False
ENSG00000092531	50.925	8	False
ENSG00000092820	44.035	8	False
ENSG00000092841	1138.1	9	False
ENSG00000092853	14.975	7	False
ENSG00000092929	0.73	2	False
ENSG00000092964	1.56	3	False
ENSG00000093000	17.455	7	False
ENSG00000093009	194.29500000000002	9	False
ENSG00000093010	10.17	6	False
ENSG00000093144	66.9	9	False
ENSG00000093183	27.505	8	False
ENSG00000093217	2.56	4	False
ENSG00000094631	22.56	8	False
ENSG00000094804	19.965	7	False
ENSG00000094880	79.11	9	False
ENSG00000094914	82.695	9	False
ENSG00000094916	32.705	8	False
ENSG00000094975	1.55	3	False
ENSG00000095002	39.19	8	False
ENSG00000095015	4.5600000000000005	5	False
ENSG00000095059	31.924999999999997	8	False
ENSG00000095139	20.354999999999997	7	False
ENSG00000095209	37.980000000000004	8	False
ENSG00000095261	32.525	8	False
ENSG00000095319	9.940000000000001	6	False
ENSG00000095321	0.26	1	False
ENSG00000095380	30.185000000000002	8	False
ENSG00000095485	26.01	8	False
ENSG00000095564	4.43	5	False
ENSG00000095787	14.9	7	False
ENSG00000095794	31.59	8	False
ENSG00000095906	1.15	3	False
ENSG00000095951	3.4	4	False
ENSG00000096060	20.93	7	False
ENSG00000096063	105.03999999999999	9	False
ENSG00000096080	174.89	9	False
ENSG00000096384	1242.02	9	False
ENSG00000096401	15.620000000000001	7	False
ENSG00000096433	0.245	0	False
ENSG00000096746	84.465	9	False
ENSG00000096968	2.9699999999999998	4	False
ENSG00000097007	1.02	2	False
ENSG00000097021	6.415	6	False
ENSG00000097033	7.655	6	False
ENSG00000097046	14.625	7	False
ENSG00000097096	0.56	2	False
ENSG00000099194	114.84	9	False
ENSG00000099203	1.185	3	False
ENSG00000099246	28.835	8	False
ENSG00000099290	3.205	4	False
ENSG00000099330	7.98	6	False
ENSG00000099331	1.755	3	False
ENSG00000099337	0.36	1	False
ENSG00000099341	107.18	9	False
ENSG00000099622	14.62	7	False
ENSG00000099624	9.285	6	False
ENSG00000099783	9.075	6	False
ENSG00000099795	25.625	8	False
ENSG00000099797	25.595	8	False
ENSG00000099800	15.82	7	False
ENSG00000099804	0.565	2	False
ENSG00000099817	3.37	4	False
ENSG00000099821	23.145	8	False
ENSG00000099849	0.51	1	False
ENSG00000099875	3.585	4	False
ENSG00000099899	1.395	3	False
ENSG00000099901	117.315	9	False
ENSG00000099910	0.99	2	False
ENSG00000099917	3.0549999999999997	4	False
ENSG00000099940	16.35	7	False
ENSG00000099942	63.63	9	False
ENSG00000099949	1.73	3	False
ENSG00000099956	1.08	2	False
ENSG00000099968	26.9	8	False
ENSG00000099991	3.045	4	False
ENSG00000099995	5.37	5	False
ENSG00000100014	1.4	3	False
ENSG00000100023	18.1	7	False
ENSG00000100028	189.66000000000003	9	False
ENSG00000100029	4.925000000000001	5	False
ENSG00000100038	2.8200000000000003	4	False
ENSG00000100056	0.5449999999999999	1	False
ENSG00000100075	8.14	6	False
ENSG00000100083	1.31	3	False
ENSG00000100084	0.855	2	False
ENSG00000100097	209.07	9	False
ENSG00000100099	7.734999999999999	6	False
ENSG00000100104	3.215	4	False
ENSG00000100109	8.14	6	False
ENSG00000100129	229.63	9	False
ENSG00000100138	707.4549999999999	9	False
ENSG00000100139	0.31	1	False
ENSG00000100142	144.95	9	False
ENSG00000100147	0.45	1	False
ENSG00000100162	13.905000000000001	7	False
ENSG00000100196	5.505000000000001	5	False
ENSG00000100201	43.635	8	False
ENSG00000100216	21.58	7	False
ENSG00000100219	19.205	7	False
ENSG00000100220	57.355000000000004	8	False
ENSG00000100221	5.789999999999999	5	False
ENSG00000100225	23.98	8	False
ENSG00000100226	0.63	2	False
ENSG00000100227	10.100000000000001	6	False
ENSG00000100239	0.21000000000000002	0	False
ENSG00000100241	0.265	1	False
ENSG00000100266	0.45499999999999996	1	False
ENSG00000100280	0.835	2	False
ENSG00000100281	19.86	7	False
ENSG00000100284	0.9949999999999999	2	False
ENSG00000100285	1.645	3	False
ENSG00000100294	2.385	4	False
ENSG00000100296	29.465	8	False
ENSG00000100297	4.79	5	False
ENSG00000100304	1.1	2	False
ENSG00000100316	2390.7250000000004	9	False
ENSG00000100321	1.13	2	False
ENSG00000100324	0.89	2	False
ENSG00000100325	2.635	4	False
ENSG00000100345	0.835	2	False
ENSG00000100347	10.969999999999999	6	False
ENSG00000100348	246.015	9	False
ENSG00000100350	3.8899999999999997	5	False
ENSG00000100353	129.17000000000002	9	False
ENSG00000100354	11.24	7	False
ENSG00000100359	1.3250000000000002	3	False
ENSG00000100372	71.66	9	False
ENSG00000100376	12.91	7	False
ENSG00000100380	36.455	8	False
ENSG00000100393	2.565	4	False
ENSG00000100395	7.0649999999999995	6	False
ENSG00000100401	1.675	3	False
ENSG00000100403	0.195	0	False
ENSG00000100410	23.655	8	False
ENSG00000100412	12.26	7	False
ENSG00000100413	4.85	5	False
ENSG00000100417	12.754999999999999	7	False
ENSG00000100418	5.045	5	False
ENSG00000100426	1.135	3	False
ENSG00000100461	43.06999999999999	8	False
ENSG00000100462	88.465	9	False
ENSG00000100479	36.65	8	False
ENSG00000100519	149.19	9	False
ENSG00000100522	11.18	6	False
ENSG00000100526	95.355	9	False
ENSG00000100528	192.36	9	False
ENSG00000100554	57.085	8	False
ENSG00000100564	20.54	7	False
ENSG00000100567	556.3299999999999	9	False
ENSG00000100568	6.195	5	False
ENSG00000100575	64.705	9	False
ENSG00000100578	8.435	6	False
ENSG00000100580	1.98	3	False
ENSG00000100591	30.794999999999998	8	False
ENSG00000100596	4.05	5	False
ENSG00000100603	51.315	8	False
ENSG00000100605	0.875	2	False
ENSG00000100614	9.344999999999999	6	False
ENSG00000100629	1.45	3	False
ENSG00000100632	326.825	9	False
ENSG00000100644	4.470000000000001	5	False
ENSG00000100650	62.19499999999999	8	False
ENSG00000100664	67.63	9	False
ENSG00000100697	2.045	3	False
ENSG00000100711	0.8800000000000001	2	False
ENSG00000100714	58.785	8	False
ENSG00000100722	14.61	7	False
ENSG00000100726	0.42	1	False
ENSG00000100744	37.675	8	False
ENSG00000100749	117.55	9	False
ENSG00000100764	108.69999999999999	9	False
ENSG00000100796	6.295	5	False
ENSG00000100802	1.63	3	False
ENSG00000100804	1326.205	9	False
ENSG00000100811	14.59	7	False
ENSG00000100813	3.81	5	False
ENSG00000100814	49.34	8	False
ENSG00000100815	8.48	6	False
ENSG00000100823	119.045	9	False
ENSG00000100836	25.705	8	False
ENSG00000100865	29.665	8	False
ENSG00000100883	28.535	8	False
ENSG00000100888	7.140000000000001	6	False
ENSG00000100889	2.84	4	False
ENSG00000100890	23.17	8	False
ENSG00000100897	4.505	5	False
ENSG00000100906	6.074999999999999	5	False
ENSG00000100911	397.96	9	False
ENSG00000100938	27.59	8	False
ENSG00000100949	12.29	7	False
ENSG00000100979	2.17	4	False
ENSG00000100982	5.675	5	False
ENSG00000100983	14.385	7	False
ENSG00000100991	1.715	3	False
ENSG00000101003	8.655000000000001	6	False
ENSG00000101019	21.93	7	False
ENSG00000101040	37.27	8	False
ENSG00000101057	3.4050000000000002	4	False
ENSG00000101079	9.600000000000001	6	False
ENSG00000101084	19.82	7	False
ENSG00000101109	7.725	6	False
ENSG00000101126	27.884999999999998	8	False
ENSG00000101132	103.835	9	False
ENSG00000101138	47.825	8	False
ENSG00000101146	140.49	9	False
ENSG00000101150	1.635	3	False
ENSG00000101152	0.695	2	False
ENSG00000101158	10.135	6	False
ENSG00000101160	4.33	5	False
ENSG00000101161	2.965	4	False
ENSG00000101166	109.07	9	False
ENSG00000101181	6.38	6	False
ENSG00000101182	225.425	9	False
ENSG00000101187	1.625	3	False
ENSG00000101189	1.395	3	False
ENSG00000101191	3.1550000000000002	4	False
ENSG00000101193	9.67	6	False
ENSG00000101199	0.21	0	False
ENSG00000101220	1.065	2	False
ENSG00000101224	2.2	4	False
ENSG00000101246	1.38	3	False
ENSG00000101247	20.62	7	False
ENSG00000101266	42.875	8	False
ENSG00000101294	5.324999999999999	5	False
ENSG00000101310	24.305	8	False
ENSG00000101337	11.055	6	False
ENSG00000101346	2.495	4	False
ENSG00000101347	6.11	5	False
ENSG00000101361	191.72	9	False
ENSG00000101365	62.925	8	False
ENSG00000101367	95.58500000000001	9	False
ENSG00000101391	74.63499999999999	9	False
ENSG00000101407	6.09	5	False
ENSG00000101413	3.95	5	False
ENSG00000101421	1.55	3	False
ENSG00000101439	7.1899999999999995	6	False
ENSG00000101442	0.755	2	False
ENSG00000101447	6.12	5	False
ENSG00000101452	4.484999999999999	5	False
ENSG00000101457	5.525	5	False
ENSG00000101473	5.96	5	False
ENSG00000101544	7.24	6	False
ENSG00000101557	22.805	8	False
ENSG00000101558	145.025	9	False
ENSG00000101577	4.925	5	False
ENSG00000101596	4.59	5	False
ENSG00000101608	682.035	9	False
ENSG00000101624	3.77	5	False
ENSG00000101639	10.5	6	False
ENSG00000101654	39.86	8	False
ENSG00000101745	9.84	6	False
ENSG00000101782	15.445	7	False
ENSG00000101811	8.075	6	False
ENSG00000101843	113.485	9	False
ENSG00000101849	4.925	5	False
ENSG00000101856	19.82	7	False
ENSG00000101868	5.825	5	False
ENSG00000101911	44.515	8	False
ENSG00000101945	4.0600000000000005	5	False
ENSG00000101972	25.14	8	False
ENSG00000101997	0.25	0	False
ENSG00000102003	0.335	1	False
ENSG00000102007	85.91	9	False
ENSG00000102030	9.715	6	False
ENSG00000102034	3.8949999999999996	5	False
ENSG00000102054	57.9	8	False
ENSG00000102081	5.795	5	False
ENSG00000102096	63.575	9	False
ENSG00000102100	2.8200000000000003	4	False
ENSG00000102119	1.85	3	False
ENSG00000102144	363.895	9	False
ENSG00000102158	13.105	7	False
ENSG00000102172	51.39	8	False
ENSG00000102178	12.405000000000001	7	False
ENSG00000102189	3.325	4	False
ENSG00000102225	2.815	4	False
ENSG00000102226	1.935	3	False
ENSG00000102265	481.32	9	False
ENSG00000102317	48.480000000000004	8	False
ENSG00000102384	4.295	5	False
ENSG00000102393	96.635	9	False
ENSG00000102572	3.3649999999999998	4	False
ENSG00000102580	8.105	6	False
ENSG00000102606	1.545	3	False
ENSG00000102699	4.04	5	False
ENSG00000102710	8.25	6	False
ENSG00000102743	3.92	5	False
ENSG00000102753	7.734999999999999	6	False
ENSG00000102760	0.37	1	False
ENSG00000102763	1.58	3	False
ENSG00000102786	2.6	4	False
ENSG00000102804	1.75	3	False
ENSG00000102858	0.14500000000000002	0	False
ENSG00000102882	0.71	2	False
ENSG00000102893	16.055	7	False
ENSG00000102897	30.405	8	False
ENSG00000102898	170.425	9	False
ENSG00000102900	66.77	9	False
ENSG00000102901	2.38	4	False
ENSG00000102908	0.895	2	False
ENSG00000102910	4.970000000000001	5	False
ENSG00000102931	11.765	7	False
ENSG00000102967	3.06	4	False
ENSG00000102974	6.08	5	False
ENSG00000102977	3.165	4	False
ENSG00000102978	61.235	8	False
ENSG00000103005	8.555	6	False
ENSG00000103024	0.64	2	False
ENSG00000103035	71.78999999999999	9	False
ENSG00000103043	1.255	3	False
ENSG00000103047	1.025	2	False
ENSG00000103051	10.434999999999999	6	False
ENSG00000103064	8.629999999999999	6	False
ENSG00000103111	3.455	4	False
ENSG00000103126	0.47	1	False
ENSG00000103148	0.785	2	False
ENSG00000103152	0.33499999999999996	1	False
ENSG00000103168	1.09	2	False
ENSG00000103187	23.96	8	False
ENSG00000103194	39.875	8	False
ENSG00000103197	1.1949999999999998	3	False
ENSG00000103202	11.645	7	False
ENSG00000103222	2.55	4	False
ENSG00000103245	1.6	3	False
ENSG00000103248	2.125	4	False
ENSG00000103253	0.34	1	False
ENSG00000103254	0.9149999999999999	2	False
ENSG00000103257	3.165	4	False
ENSG00000103264	0.43	1	False
ENSG00000103266	7.975	6	False
ENSG00000103274	12.780000000000001	7	False
ENSG00000103275	33.0	8	False
ENSG00000103316	0.265	1	False
ENSG00000103319	2.4000000000000004	4	False
ENSG00000103326	0.38	1	False
ENSG00000103335	2.625	4	False
ENSG00000103342	42.28	8	False
ENSG00000103353	6.71	6	False
ENSG00000103356	11.595	7	False
ENSG00000103363	648.365	9	False
ENSG00000103381	8.34	6	False
ENSG00000103415	23.564999999999998	8	False
ENSG00000103423	6.785	6	False
ENSG00000103429	35.595	8	False
ENSG00000103479	4.865	5	False
ENSG00000103485	7.82	6	False
ENSG00000103495	41.69	8	False
ENSG00000103496	3.43	4	False
ENSG00000103502	0.9850000000000001	2	False
ENSG00000103507	0.43	1	False
ENSG00000103544	10.955	6	False
ENSG00000103549	5.135	5	False
ENSG00000103550	27.15	8	False
ENSG00000103591	11.6	7	False
ENSG00000103653	1.2650000000000001	3	False
ENSG00000103657	14.85	7	False
ENSG00000103876	210.18	9	False
ENSG00000103932	4.74	5	False
ENSG00000103978	25.705	8	False
ENSG00000103994	10.39	6	False
ENSG00000103995	6.375	6	False
ENSG00000104047	53.515	8	False
ENSG00000104064	8.825	6	False
ENSG00000104093	6.41	6	False
ENSG00000104129	2.185	4	False
ENSG00000104131	31.8	8	False
ENSG00000104133	13.25	7	False
ENSG00000104142	0.5900000000000001	2	False
ENSG00000104147	6.6	6	False
ENSG00000104154	0.3	1	False
ENSG00000104164	12.075	7	False
ENSG00000104221	0.99	2	False
ENSG00000104228	0.915	2	False
ENSG00000104267	0.355	1	False
ENSG00000104299	27.06	8	False
ENSG00000104312	3.255	4	False
ENSG00000104320	10.865	6	False
ENSG00000104325	104.78	9	False
ENSG00000104365	4.135	5	False
ENSG00000104388	23.259999999999998	8	False
ENSG00000104408	737.03	9	False
ENSG00000104412	39.96	8	False
ENSG00000104442	39.135000000000005	8	False
ENSG00000104472	9.79	6	False
ENSG00000104517	22.035	7	False
ENSG00000104522	12.17	7	False
ENSG00000104529	56.06999999999999	8	False
ENSG00000104549	51.1	8	False
ENSG00000104613	31.705	8	False
ENSG00000104626	5.075	5	False
ENSG00000104635	6.824999999999999	6	False
ENSG00000104660	22.705	8	False
ENSG00000104671	59.385	8	False
ENSG00000104687	12.735	7	False
ENSG00000104691	34.81	8	False
ENSG00000104695	24.755	8	False
ENSG00000104731	1.12	2	False
ENSG00000104738	81.38499999999999	9	False
ENSG00000104763	59.36	8	False
ENSG00000104774	0.46499999999999997	1	False
ENSG00000104805	2.185	4	False
ENSG00000104808	0.305	1	False
ENSG00000104812	1.8	3	False
ENSG00000104823	44.754999999999995	8	False
ENSG00000104824	29.625	8	False
ENSG00000104835	2.755	4	False
ENSG00000104852	2.34	4	False
ENSG00000104853	0.28	1	False
ENSG00000104859	1.03	2	False
ENSG00000104863	0.5800000000000001	2	False
ENSG00000104872	21.15	7	False
ENSG00000104884	1.54	3	False
ENSG00000104885	0.245	0	False
ENSG00000104886	1.7850000000000001	3	False
ENSG00000104888	1.385	3	False
ENSG00000104889	16.925	7	False
ENSG00000104897	0.305	1	False
ENSG00000104903	0.96	2	False
ENSG00000104904	84.995	9	False
ENSG00000104907	4.67	5	False
ENSG00000104915	0.59	2	False
ENSG00000104957	1.445	3	False
ENSG00000104960	3.955	5	False
ENSG00000104964	1.905	3	False
ENSG00000104969	0.895	2	False
ENSG00000104973	2.5300000000000002	4	False
ENSG00000104979	339.4	9	False
ENSG00000104980	14.504999999999999	7	False
ENSG00000104983	0.19	0	False
ENSG00000105011	3.94	5	False
ENSG00000105053	29.205000000000002	8	False
ENSG00000105058	22.205	8	False
ENSG00000105063	0.33	1	False
ENSG00000105085	0.5800000000000001	2	False
ENSG00000105127	3.175	4	False
ENSG00000105135	0.445	1	False
ENSG00000105171	32.34	8	False
ENSG00000105173	5.2	5	False
ENSG00000105185	109.815	9	False
ENSG00000105193	2289.13	9	False
ENSG00000105197	26.06	8	False
ENSG00000105202	145.385	9	False
ENSG00000105220	64.47999999999999	9	False
ENSG00000105221	1.19	3	False
ENSG00000105223	1.7200000000000002	3	False
ENSG00000105229	0.185	0	False
ENSG00000105254	2.6900000000000004	4	False
ENSG00000105258	196.52499999999998	9	False
ENSG00000105281	24.86	8	False
ENSG00000105287	1.48	3	False
ENSG00000105298	0.19	0	False
ENSG00000105323	6.51	6	False
ENSG00000105325	0.12	0	False
ENSG00000105329	0.18	0	False
ENSG00000105341	10.8	6	False
ENSG00000105355	4.865	5	False
ENSG00000105364	1.2850000000000001	3	False
ENSG00000105371	10.325	6	False
ENSG00000105372	2594.5	9	False
ENSG00000105373	4.7	5	False
ENSG00000105379	14.3	7	False
ENSG00000105393	11.49	7	False
ENSG00000105397	12.645	7	False
ENSG00000105402	5.05	5	False
ENSG00000105443	2.775	4	False
ENSG00000105447	1.07	2	False
ENSG00000105472	0.5700000000000001	2	False
ENSG00000105486	6.734999999999999	6	False
ENSG00000105497	2.65	4	False
ENSG00000105518	15.030000000000001	7	False
ENSG00000105552	2.87	4	False
ENSG00000105556	0.48	1	False
ENSG00000105576	4.43	5	False
ENSG00000105583	453.03	9	False
ENSG00000105607	2.4699999999999998	4	False
ENSG00000105612	3.3	4	False
ENSG00000105618	3.665	4	False
ENSG00000105640	892.1949999999999	9	False
ENSG00000105641	0.16	0	False
ENSG00000105643	1.3	3	False
ENSG00000105647	0.405	1	False
ENSG00000105669	4.275	5	False
ENSG00000105671	0.635	2	False
ENSG00000105676	1.755	3	False
ENSG00000105699	0.3	1	False
ENSG00000105700	17.65	7	False
ENSG00000105701	0.31	1	False
ENSG00000105705	0.76	2	False
ENSG00000105723	0.96	2	False
ENSG00000105726	0.755	2	False
ENSG00000105755	2.415	4	False
ENSG00000105771	1.03	2	False
ENSG00000105778	3.9	5	False
ENSG00000105810	9.95	6	False
ENSG00000105819	102.70500000000001	9	False
ENSG00000105821	28.369999999999997	8	False
ENSG00000105829	130.42000000000002	9	False
ENSG00000105835	28.095	8	False
ENSG00000105849	68.41499999999999	9	False
ENSG00000105851	3.8150000000000004	5	False
ENSG00000105856	21.255	7	False
ENSG00000105865	7.92	6	False
ENSG00000105866	2.5300000000000002	4	False
ENSG00000105879	9.690000000000001	6	False
ENSG00000105887	45.945	8	False
ENSG00000105926	5.6	5	False
ENSG00000105939	9.125	6	False
ENSG00000105953	2.1100000000000003	3	False
ENSG00000105968	79.16	9	False
ENSG00000105974	0.61	2	False
ENSG00000105983	4.405	5	False
ENSG00000105993	69.47999999999999	9	False
ENSG00000106009	0.2	0	False
ENSG00000106028	1372.69	9	False
ENSG00000106049	8.485	6	False
ENSG00000106052	69.43	9	False
ENSG00000106153	123.305	9	False
ENSG00000106211	80.72999999999999	9	False
ENSG00000106244	7.02	6	False
ENSG00000106245	224.85000000000002	9	False
ENSG00000106261	3.5999999999999996	4	False
ENSG00000106263	20.055	7	False
ENSG00000106266	2.425	4	False
ENSG00000106268	4.53	5	False
ENSG00000106290	0.48	1	False
ENSG00000106305	33.39	8	False
ENSG00000106333	3.915	5	False
ENSG00000106336	0.11	0	False
ENSG00000106344	42.415	8	False
ENSG00000106355	464.15999999999997	9	False
ENSG00000106367	9.195	6	False
ENSG00000106397	2.56	4	False
ENSG00000106400	6.3500000000000005	5	False
ENSG00000106443	19.09	7	False
ENSG00000106459	6.0649999999999995	5	False
ENSG00000106460	5.6850000000000005	5	False
ENSG00000106462	39.06	8	False
ENSG00000106526	7.285	6	False
ENSG00000106554	48.099999999999994	8	False
ENSG00000106588	733.69	9	False
ENSG00000106591	247.07999999999998	9	False
ENSG00000106603	307.94	9	False
ENSG00000106605	87.735	9	False
ENSG00000106608	2.585	4	False
ENSG00000106609	4.915	5	False
ENSG00000106610	22.880000000000003	8	False
ENSG00000106617	0.6499999999999999	2	False
ENSG00000106628	24.66	8	False
ENSG00000106635	7.445	6	False
ENSG00000106636	1.38	3	False
ENSG00000106638	1.87	3	False
ENSG00000106682	9.16	6	False
ENSG00000106683	0.22000000000000003	0	False
ENSG00000106723	4.51	5	False
ENSG00000106771	7.994999999999999	6	False
ENSG00000106780	1.4500000000000002	3	False
ENSG00000106785	4.53	5	False
ENSG00000106868	7.085000000000001	6	False
ENSG00000107036	1.795	3	False
ENSG00000107099	10.649999999999999	6	False
ENSG00000107164	2.395	4	False
ENSG00000107223	66.53	9	False
ENSG00000107290	5.575	5	False
ENSG00000107341	5.4399999999999995	5	False
ENSG00000107362	1.39	3	False
ENSG00000107372	7.915	6	False
ENSG00000107404	0.43	1	False
ENSG00000107438	17.405	7	False
ENSG00000107521	12.98	7	False
ENSG00000107581	20.1	7	False
ENSG00000107625	25.814999999999998	8	False
ENSG00000107643	4.23	5	False
ENSG00000107651	9.235	6	False
ENSG00000107672	6.295	5	False
ENSG00000107736	0.39	1	False
ENSG00000107745	21.965	7	False
ENSG00000107758	7.58	6	False
ENSG00000107771	2.195	4	False
ENSG00000107779	1.175	3	False
ENSG00000107815	7.035	6	False
ENSG00000107816	0.16999999999999998	0	False
ENSG00000107833	39.745	8	False
ENSG00000107854	1.9649999999999999	3	False
ENSG00000107862	0.425	1	False
ENSG00000107863	9.075	6	False
ENSG00000107874	6.73	6	False
ENSG00000107929	8.855	6	False
ENSG00000107937	49.665	8	False
ENSG00000107938	5.1	5	False
ENSG00000107949	113.39500000000001	9	False
ENSG00000107957	0.32	1	False
ENSG00000107959	14.59	7	False
ENSG00000108010	104.95500000000001	9	False
ENSG00000108039	16.34	7	False
ENSG00000108055	13.2	7	False
ENSG00000108061	7.795	6	False
ENSG00000108064	144.66	9	False
ENSG00000108091	8.01	6	False
ENSG00000108094	12.195	7	False
ENSG00000108106	1.26	3	False
ENSG00000108107	214.94	9	False
ENSG00000108179	29.805	8	False
ENSG00000108219	4.865	5	False
ENSG00000108256	4.175	5	False
ENSG00000108262	0.15	0	False
ENSG00000108298	2957.38	9	False
ENSG00000108306	1.735	3	False
ENSG00000108312	0.8999999999999999	2	False
ENSG00000108349	8.684999999999999	6	False
ENSG00000108389	5.715	5	False
ENSG00000108395	3.6900000000000004	4	False
ENSG00000108406	4.43	5	False
ENSG00000108423	7.76	6	False
ENSG00000108424	94.245	9	False
ENSG00000108433	48.495000000000005	8	False
ENSG00000108439	15.43	7	False
ENSG00000108443	5.369999999999999	5	False
ENSG00000108468	6.925	6	False
ENSG00000108469	2.785	4	False
ENSG00000108474	39.375	8	False
ENSG00000108479	0.37	1	False
ENSG00000108506	3.255	4	False
ENSG00000108509	0.35000000000000003	1	False
ENSG00000108510	3.995	5	False
ENSG00000108518	43.65	8	False
ENSG00000108523	13.76	7	False
ENSG00000108528	2.455	4	False
ENSG00000108559	39.385000000000005	8	False
ENSG00000108578	15.91	7	False
ENSG00000108582	2.83	4	False
ENSG00000108587	61.955	8	False
ENSG00000108588	13.809999999999999	7	False
ENSG00000108591	5.515	5	False
ENSG00000108592	11.085	6	False
ENSG00000108604	1.755	3	False
ENSG00000108639	1.7599999999999998	3	False
ENSG00000108651	137.55	9	False
ENSG00000108654	292.425	9	False
ENSG00000108671	252.785	9	False
ENSG00000108774	1.4249999999999998	3	False
ENSG00000108788	55.615	8	False
ENSG00000108799	5.359999999999999	5	False
ENSG00000108813	0.21500000000000002	0	False
ENSG00000108819	0.11	0	False
ENSG00000108825	1.545	3	False
ENSG00000108826	276.735	9	False
ENSG00000108829	18.1	7	False
ENSG00000108830	0.13	0	False
ENSG00000108840	0.375	1	False
ENSG00000108848	67.57499999999999	9	False
ENSG00000108861	2.96	4	False
ENSG00000108883	41.535	8	False
ENSG00000108946	10.515	6	False
ENSG00000108953	224.225	9	False
ENSG00000108963	0.505	1	False
ENSG00000109046	15.125	7	False
ENSG00000109062	14.03	7	False
ENSG00000109065	3.115	4	False
ENSG00000109072	0.415	1	False
ENSG00000109079	1.415	3	False
ENSG00000109084	66.34	9	False
ENSG00000109107	79.405	9	False
ENSG00000109111	2.2	4	False
ENSG00000109118	0.7	2	False
ENSG00000109133	22.869999999999997	8	False
ENSG00000109171	2.6399999999999997	4	False
ENSG00000109184	11.795	7	False
ENSG00000109270	100.50999999999999	9	False
ENSG00000109332	124.17999999999999	9	False
ENSG00000109381	11.64	7	False
ENSG00000109390	283.19	9	False
ENSG00000109475	3267.9700000000003	9	False
ENSG00000109519	82.53999999999999	9	False
ENSG00000109534	30.145000000000003	8	False
ENSG00000109536	112.975	9	False
ENSG00000109572	7.645	6	False
ENSG00000109586	10.335	6	False
ENSG00000109606	112.63	9	False
ENSG00000109670	6.24	5	False
ENSG00000109674	2.12	4	False
ENSG00000109685	6.145	5	False
ENSG00000109686	0.765	2	False
ENSG00000109736	0.13	0	False
ENSG00000109756	1.7799999999999998	3	False
ENSG00000109762	1.5350000000000001	3	False
ENSG00000109775	26.119999999999997	8	False
ENSG00000109787	9.775	6	False
ENSG00000109790	5.805	5	False
ENSG00000109805	16.095	7	False
ENSG00000109814	4.625	5	False
ENSG00000109854	61.845	8	False
ENSG00000109911	35.739999999999995	8	False
ENSG00000109917	9.945	6	False
ENSG00000109919	414.29999999999995	9	False
ENSG00000109920	8.59	6	False
ENSG00000109929	12.79	7	False
ENSG00000109971	892.55	9	False
ENSG00000110002	5.609999999999999	5	False
ENSG00000110011	3.38	4	False
ENSG00000110025	1.975	3	False
ENSG00000110046	0.33999999999999997	1	False
ENSG00000110048	7.425000000000001	6	False
ENSG00000110063	6.085	5	False
ENSG00000110066	4.25	5	False
ENSG00000110074	12.09	7	False
ENSG00000110075	21.52	7	False
ENSG00000110079	28.68	8	False
ENSG00000110080	0.235	0	False
ENSG00000110104	3.07	4	False
ENSG00000110107	6.74	6	False
ENSG00000110108	7.82	6	False
ENSG00000110172	76.48	9	False
ENSG00000110200	132.21	9	False
ENSG00000110218	1.69	3	False
ENSG00000110321	134.165	9	False
ENSG00000110330	9.555	6	False
ENSG00000110344	10.41	6	False
ENSG00000110367	10.955	6	False
ENSG00000110395	4.205	5	False
ENSG00000110422	3.0949999999999998	4	False
ENSG00000110429	35.66	8	False
ENSG00000110435	13.42	7	False
ENSG00000110497	0.30000000000000004	1	False
ENSG00000110514	0.5700000000000001	2	False
ENSG00000110536	8.475	6	False
ENSG00000110583	4.18	5	False
ENSG00000110619	10.239999999999998	6	False
ENSG00000110651	1.68	3	False
ENSG00000110693	1.6349999999999998	3	False
ENSG00000110700	2762.3900000000003	9	False
ENSG00000110711	3.9450000000000003	5	False
ENSG00000110713	28.525	8	False
ENSG00000110717	25.305	8	False
ENSG00000110719	0.32499999999999996	1	False
ENSG00000110721	2.565	4	False
ENSG00000110768	55.36	8	False
ENSG00000110801	9.33	6	False
ENSG00000110851	3.7750000000000004	5	False
ENSG00000110871	14.22	7	False
ENSG00000110880	37.305	8	False
ENSG00000110906	8.265	6	False
ENSG00000110911	14.205	7	False
ENSG00000110917	12.41	7	False
ENSG00000110921	0.32999999999999996	1	False
ENSG00000110931	2.915	4	False
ENSG00000110955	792.69	9	False
ENSG00000110958	120.145	9	False
ENSG00000111011	34.705	8	False
ENSG00000111142	48.400000000000006	8	False
ENSG00000111203	13.434999999999999	7	False
ENSG00000111206	6.11	5	False
ENSG00000111229	308.02	9	False
ENSG00000111231	84.465	9	False
ENSG00000111237	443.61	9	False
ENSG00000111247	71.21000000000001	9	False
ENSG00000111252	9.735	6	False
ENSG00000111261	0.575	2	False
ENSG00000111266	0.745	2	False
ENSG00000111271	1.94	3	False
ENSG00000111275	1.145	3	False
ENSG00000111300	33.08	8	False
ENSG00000111325	1.2	3	False
ENSG00000111328	19.325000000000003	7	False
ENSG00000111358	22.810000000000002	8	False
ENSG00000111361	23.78	8	False
ENSG00000111364	7.26	6	False
ENSG00000111371	47.6	8	False
ENSG00000111530	15.745000000000001	7	False
ENSG00000111540	4.425	5	False
ENSG00000111581	98.84	9	False
ENSG00000111596	27.57	8	False
ENSG00000111602	7.95	6	False
ENSG00000111605	23.625	8	False
ENSG00000111639	468.255	9	False
ENSG00000111640	4100.1849999999995	9	False
ENSG00000111641	12.625	7	False
ENSG00000111647	2.3600000000000003	4	False
ENSG00000111652	11.445	7	False
ENSG00000111665	19.69	7	False
ENSG00000111666	12.69	7	False
ENSG00000111667	1.4100000000000001	3	False
ENSG00000111669	3887.5650000000005	9	False
ENSG00000111670	4.1850000000000005	5	False
ENSG00000111678	59.42999999999999	8	False
ENSG00000111684	2.88	4	False
ENSG00000111707	7.75	6	False
ENSG00000111711	40.935	8	False
ENSG00000111725	23.92	8	False
ENSG00000111726	22.57	8	False
ENSG00000111731	2.775	4	False
ENSG00000111737	0.535	1	False
ENSG00000111775	2655.3	9	False
ENSG00000111786	35.795	8	False
ENSG00000111790	22.17	7	False
ENSG00000111802	18.36	7	False
ENSG00000111845	126.97999999999999	9	False
ENSG00000111875	23.29	8	False
ENSG00000111879	4.625	5	False
ENSG00000111885	16.425	7	False
ENSG00000111897	19.005	7	False
ENSG00000111906	426.615	9	False
ENSG00000111912	3.725	4	False
ENSG00000112029	12.85	7	False
ENSG00000112031	7.535	6	False
ENSG00000112039	3.75	5	False
ENSG00000112062	5.67	5	False
ENSG00000112078	18.564999999999998	7	False
ENSG00000112081	802.355	9	False
ENSG00000112110	308.16499999999996	9	False
ENSG00000112118	48.945	8	False
ENSG00000112130	8.115	6	False
ENSG00000112139	0.15	0	False
ENSG00000112159	19.955	7	False
ENSG00000112234	3.315	4	False
ENSG00000112237	120.185	9	False
ENSG00000112242	7.66	6	False
ENSG00000112249	9.79	6	False
ENSG00000112282	9.14	6	False
ENSG00000112290	1.5150000000000001	3	False
ENSG00000112294	1.5550000000000002	3	False
ENSG00000112304	78.89500000000001	9	False
ENSG00000112305	8.105	6	False
ENSG00000112306	2122.835	9	False
ENSG00000112308	370.935	9	False
ENSG00000112312	239.29500000000002	9	False
ENSG00000112335	35.66	8	False
ENSG00000112473	14.024999999999999	7	False
ENSG00000112511	2.69	4	False
ENSG00000112514	495.03499999999997	9	False
ENSG00000112531	40.84	8	False
ENSG00000112576	15.09	7	False
ENSG00000112578	15.920000000000002	7	False
ENSG00000112584	2.09	3	False
ENSG00000112592	43.65	8	False
ENSG00000112624	0.905	2	False
ENSG00000112640	1.02	2	False
ENSG00000112651	49.72	8	False
ENSG00000112658	1.72	3	False
ENSG00000112667	7.345000000000001	6	False
ENSG00000112685	8.215	6	False
ENSG00000112701	6.74	6	False
ENSG00000112715	11.155000000000001	6	False
ENSG00000112739	16.564999999999998	7	False
ENSG00000112742	20.735	7	False
ENSG00000112759	14.55	7	False
ENSG00000112769	0.17	0	False
ENSG00000112787	0.2	0	False
ENSG00000112855	6.92	6	False
ENSG00000112877	0.6799999999999999	2	False
ENSG00000112893	3.87	5	False
ENSG00000112972	58.894999999999996	8	False
ENSG00000112977	10.655000000000001	6	False
ENSG00000112983	52.43	8	False
ENSG00000112984	22.22	8	False
ENSG00000112992	13.065000000000001	7	False
ENSG00000112996	24.135	8	False
ENSG00000113048	66.28999999999999	9	False
ENSG00000113068	112.64500000000001	9	False
ENSG00000113119	2.99	4	False
ENSG00000113141	56.19	8	False
ENSG00000113161	17.3	7	False
ENSG00000113163	3.0949999999999998	4	False
ENSG00000113194	14.89	7	False
ENSG00000113272	17.405	7	False
ENSG00000113300	5.025	5	False
ENSG00000113312	82.32499999999999	9	False
ENSG00000113318	2.84	4	False
ENSG00000113328	193.915	9	False
ENSG00000113360	34.835	8	False
ENSG00000113368	4.9399999999999995	5	False
ENSG00000113369	22.424999999999997	8	False
ENSG00000113384	13.719999999999999	7	False
ENSG00000113407	165.485	9	False
ENSG00000113441	1.9300000000000002	3	False
ENSG00000113456	99.815	9	False
ENSG00000113460	101.57	9	False
ENSG00000113520	0.44	1	False
ENSG00000113522	9.725	6	False
ENSG00000113525	0.175	0	False
ENSG00000113558	1441.345	9	False
ENSG00000113569	23.939999999999998	8	False
ENSG00000113575	16.015	7	False
ENSG00000113583	20.54	7	False
ENSG00000113593	30.549999999999997	8	False
ENSG00000113615	7.49	6	False
ENSG00000113638	13.2	7	False
ENSG00000113643	85.495	9	False
ENSG00000113648	31.68	8	False
ENSG00000113658	10.83	6	False
ENSG00000113712	42.155	8	False
ENSG00000113716	1.255	3	False
ENSG00000113719	8.280000000000001	6	False
ENSG00000113732	287.695	9	False
ENSG00000113758	0.5	1	False
ENSG00000113761	4.140000000000001	5	False
ENSG00000113810	70.11500000000001	9	False
ENSG00000113812	2.885	4	False
ENSG00000113838	12.195	7	False
ENSG00000113845	155.95499999999998	9	False
ENSG00000113851	188.835	9	False
ENSG00000114023	149.60000000000002	9	False
ENSG00000114026	5.4399999999999995	5	False
ENSG00000114030	5.3149999999999995	5	False
ENSG00000114054	51.745000000000005	8	False
ENSG00000114062	22.115000000000002	7	False
ENSG00000114098	23.875	8	False
ENSG00000114120	8.135	6	False
ENSG00000114125	80.06	9	False
ENSG00000114126	91.65	9	False
ENSG00000114127	4.255	5	False
ENSG00000114209	323.12	9	False
ENSG00000114302	12.765	7	False
ENSG00000114316	9.395	6	False
ENSG00000114331	7.8149999999999995	6	False
ENSG00000114346	12.399999999999999	7	False
ENSG00000114353	0.93	2	False
ENSG00000114388	24.615000000000002	8	False
ENSG00000114391	885.24	9	False
ENSG00000114439	11.739999999999998	7	False
ENSG00000114446	1.12	2	False
ENSG00000114480	4.83	5	False
ENSG00000114503	35.14	8	False
ENSG00000114520	11.81	7	False
ENSG00000114554	0.14500000000000002	0	False
ENSG00000114573	24.950000000000003	8	False
ENSG00000114648	66.47	9	False
ENSG00000114650	2.2800000000000002	4	False
ENSG00000114686	62.209999999999994	8	False
ENSG00000114737	1.49	3	False
ENSG00000114738	5.835	5	False
ENSG00000114742	18.03	7	False
ENSG00000114744	67.16	9	False
ENSG00000114745	6.16	5	False
ENSG00000114767	4.605	5	False
ENSG00000114779	7.93	6	False
ENSG00000114784	123.09	9	False
ENSG00000114796	3.98	5	False
ENSG00000114850	296.78	9	False
ENSG00000114854	0.125	0	False
ENSG00000114857	19.380000000000003	7	False
ENSG00000114867	4.17	5	False
ENSG00000114902	417.09000000000003	9	False
ENSG00000114904	3.715	4	False
ENSG00000114942	664.31	9	False
ENSG00000114956	202.24	9	False
ENSG00000114978	19.53	7	False
ENSG00000114999	5.755	5	False
ENSG00000115020	2.46	4	False
ENSG00000115042	10.57	6	False
ENSG00000115073	0.5249999999999999	1	False
ENSG00000115084	4.255	5	False
ENSG00000115091	30.415	8	False
ENSG00000115109	1.5299999999999998	3	False
ENSG00000115128	441.6	9	False
ENSG00000115159	2.9850000000000003	4	False
ENSG00000115163	8.26	6	False
ENSG00000115204	52.815	8	False
ENSG00000115207	22.52	8	False
ENSG00000115211	22.875	8	False
ENSG00000115216	2.48	4	False
ENSG00000115233	328.8	9	False
ENSG00000115234	2.475	4	False
ENSG00000115241	59.585	8	False
ENSG00000115268	484.86	9	False
ENSG00000115275	2.5949999999999998	4	False
ENSG00000115286	20.439999999999998	7	False
ENSG00000115289	32.099999999999994	8	False
ENSG00000115307	65.305	9	False
ENSG00000115317	49.41	8	False
ENSG00000115325	0.405	1	False
ENSG00000115355	19.575	7	False
ENSG00000115364	7.494999999999999	6	False
ENSG00000115365	14.04	7	False
ENSG00000115368	41.56	8	False
ENSG00000115392	69.49	9	False
ENSG00000115415	5.615	5	False
ENSG00000115419	9.81	6	False
ENSG00000115421	2.77	4	False
ENSG00000115464	13.765	7	False
ENSG00000115468	0.425	1	False
ENSG00000115484	73.175	9	False
ENSG00000115486	32.68	8	False
ENSG00000115514	152.635	9	False
ENSG00000115524	79.895	9	False
ENSG00000115526	0.7150000000000001	2	False
ENSG00000115541	744.7850000000001	9	False
ENSG00000115548	4.625	5	False
ENSG00000115568	0.79	2	False
ENSG00000115649	6.965	6	False
ENSG00000115652	3.8600000000000003	5	False
ENSG00000115657	3.1550000000000002	4	False
ENSG00000115661	4.02	5	False
ENSG00000115677	15.49	7	False
ENSG00000115685	26.355	8	False
ENSG00000115694	4.005	5	False
ENSG00000115750	10.69	6	False
ENSG00000115756	2.17	4	False
ENSG00000115761	20.205	7	False
ENSG00000115762	30.56	8	False
ENSG00000115808	0.8400000000000001	2	False
ENSG00000115816	36.045	8	False
ENSG00000115827	5.965	5	False
ENSG00000115839	10.184999999999999	6	False
ENSG00000115840	10.975	6	False
ENSG00000115866	60.245000000000005	8	False
ENSG00000115875	467.265	9	False
ENSG00000115902	3.175	4	False
ENSG00000115904	1.67	3	False
ENSG00000115942	4.12	5	False
ENSG00000115946	8.125	6	False
ENSG00000115947	61.959999999999994	8	False
ENSG00000115966	14.715	7	False
ENSG00000115970	12.485	7	False
ENSG00000116001	17.535	7	False
ENSG00000116017	1.51	3	False
ENSG00000116030	199.62	9	False
ENSG00000116044	19.6	7	False
ENSG00000116095	1.75	3	False
ENSG00000116120	93.355	9	False
ENSG00000116127	1.275	3	False
ENSG00000116133	15.955000000000002	7	False
ENSG00000116138	4.665	5	False
ENSG00000116161	310.6	9	False
ENSG00000116198	8.235	6	False
ENSG00000116199	4.77	5	False
ENSG00000116209	143.69	9	False
ENSG00000116212	11.23	7	False
ENSG00000116237	3.645	4	False
ENSG00000116260	2.96	4	False
ENSG00000116266	21.115000000000002	7	False
ENSG00000116285	0.605	2	False
ENSG00000116288	765.54	9	False
ENSG00000116350	13.155	7	False
ENSG00000116353	7.529999999999999	6	False
ENSG00000116406	12.455	7	False
ENSG00000116455	15.155000000000001	7	False
ENSG00000116459	1890.385	9	False
ENSG00000116478	113.225	9	False
ENSG00000116489	685.345	9	False
ENSG00000116497	16.634999999999998	7	False
ENSG00000116521	53.0	8	False
ENSG00000116539	4.16	5	False
ENSG00000116560	50.315	8	False
ENSG00000116580	24.990000000000002	8	False
ENSG00000116586	115.315	9	False
ENSG00000116641	4.745	5	False
ENSG00000116649	19.439999999999998	7	False
ENSG00000116663	8.84	6	False
ENSG00000116678	7.88	6	False
ENSG00000116679	19.365000000000002	7	False
ENSG00000116685	1.92	3	False
ENSG00000116688	9.945	6	False
ENSG00000116691	1.7349999999999999	3	False
ENSG00000116698	7.73	6	False
ENSG00000116747	120.845	9	False
ENSG00000116750	46.86	8	False
ENSG00000116752	121.31	9	False
ENSG00000116754	52.345	8	False
ENSG00000116761	30.71	8	False
ENSG00000116786	0.28500000000000003	1	False
ENSG00000116791	105.145	9	False
ENSG00000116793	4.96	5	False
ENSG00000116815	18.225	7	False
ENSG00000116830	7.15	6	False
ENSG00000116833	0.135	0	False
ENSG00000116852	0.32	1	False
ENSG00000116863	4.755	5	False
ENSG00000116871	2.815	4	False
ENSG00000116874	4.28	5	False
ENSG00000116898	51.865	8	False
ENSG00000116906	20.83	7	False
ENSG00000116918	51.345	8	False
ENSG00000116922	16.355	7	False
ENSG00000116984	3.17	4	False
ENSG00000116990	2.405	4	False
ENSG00000117000	3.545	4	False
ENSG00000117016	0.135	0	False
ENSG00000117036	2.86	4	False
ENSG00000117054	67.575	9	False
ENSG00000117118	163.745	9	False
ENSG00000117139	11.370000000000001	7	False
ENSG00000117143	122.72	9	False
ENSG00000117153	15.774999999999999	7	False
ENSG00000117155	13.99	7	False
ENSG00000117222	12.46	7	False
ENSG00000117308	7.895	6	False
ENSG00000117318	4.75	5	False
ENSG00000117335	89.535	9	False
ENSG00000117360	16.325	7	False
ENSG00000117362	4.465	5	False
ENSG00000117385	1.3900000000000001	3	False
ENSG00000117394	10.705	6	False
ENSG00000117399	32.785	8	False
ENSG00000117408	5.19	5	False
ENSG00000117410	111.47	9	False
ENSG00000117411	1.13	2	False
ENSG00000117448	63.105000000000004	8	False
ENSG00000117475	15.625	7	False
ENSG00000117479	5.025	5	False
ENSG00000117481	31.825	8	False
ENSG00000117505	6.18	5	False
ENSG00000117523	59.379999999999995	8	False
ENSG00000117528	8.16	6	False
ENSG00000117543	82.4	9	False
ENSG00000117569	7.98	6	False
ENSG00000117592	722.03	9	False
ENSG00000117593	32.23	8	False
ENSG00000117616	20.435	7	False
ENSG00000117625	6.73	6	False
ENSG00000117640	51.795	8	False
ENSG00000117650	19.745	7	False
ENSG00000117676	1.88	3	False
ENSG00000117682	21.975	7	False
ENSG00000117691	5.015000000000001	5	False
ENSG00000117697	66.835	9	False
ENSG00000117713	13.79	7	False
ENSG00000117724	54.084999999999994	8	False
ENSG00000117748	190.85	9	False
ENSG00000117751	13.395	7	False
ENSG00000117862	14.15	7	False
ENSG00000117868	4.654999999999999	5	False
ENSG00000117877	4.775	5	False
ENSG00000117899	7.685	6	False
ENSG00000117906	15.899999999999999	7	False
ENSG00000117984	0.6799999999999999	2	False
ENSG00000118046	0.62	2	False
ENSG00000118058	7.015000000000001	6	False
ENSG00000118162	0.38	1	False
ENSG00000118181	2130.2200000000003	9	False
ENSG00000118193	6.93	6	False
ENSG00000118197	5.07	5	False
ENSG00000118217	7.984999999999999	6	False
ENSG00000118246	55.964999999999996	8	False
ENSG00000118260	6.385	6	False
ENSG00000118363	258.585	9	False
ENSG00000118412	9.5	6	False
ENSG00000118432	0.31	1	False
ENSG00000118482	5.375	5	False
ENSG00000118507	0.77	2	False
ENSG00000118513	24.48	8	False
ENSG00000118564	3.77	5	False
ENSG00000118579	62.485	8	False
ENSG00000118620	2.86	4	False
ENSG00000118640	359.67	9	False
ENSG00000118655	8.370000000000001	6	False
ENSG00000118680	677.45	9	False
ENSG00000118689	2.9349999999999996	4	False
ENSG00000118705	311.32500000000005	9	False
ENSG00000118707	10.77	6	False
ENSG00000118873	9.395	6	False
ENSG00000118900	1.385	3	False
ENSG00000118939	83.72999999999999	9	False
ENSG00000118961	22.945	8	False
ENSG00000118965	2.11	3	False
ENSG00000118985	4.74	5	False
ENSG00000119004	19.4	7	False
ENSG00000119013	570.315	9	False
ENSG00000119041	10.370000000000001	6	False
ENSG00000119048	117.075	9	False
ENSG00000119185	27.384999999999998	8	False
ENSG00000119203	57.365	8	False
ENSG00000119231	15.885	7	False
ENSG00000119285	17.105	7	False
ENSG00000119314	17.29	7	False
ENSG00000119318	19.740000000000002	7	False
ENSG00000119321	5.45	5	False
ENSG00000119326	14.39	7	False
ENSG00000119333	0.855	2	False
ENSG00000119383	1.495	3	False
ENSG00000119392	11.26	7	False
ENSG00000119397	5.24	5	False
ENSG00000119402	1.9449999999999998	3	False
ENSG00000119408	1.93	3	False
ENSG00000119411	0.13	0	False
ENSG00000119414	24.345	8	False
ENSG00000119421	87.695	9	False
ENSG00000119446	60.89	8	False
ENSG00000119471	21.475	7	False
ENSG00000119487	1.775	3	False
ENSG00000119509	0.555	1	False
ENSG00000119522	5.51	5	False
ENSG00000119559	0.5800000000000001	2	False
ENSG00000119596	4.855	5	False
ENSG00000119616	4.55	5	False
ENSG00000119638	1.62	3	False
ENSG00000119655	37.475	8	False
ENSG00000119682	3.59	4	False
ENSG00000119684	6.855	6	False
ENSG00000119689	5.37	5	False
ENSG00000119703	5.035	5	False
ENSG00000119705	1349.365	9	False
ENSG00000119707	21.869999999999997	7	False
ENSG00000119714	0.305	1	False
ENSG00000119718	8.61	6	False
ENSG00000119725	28.04	8	False
ENSG00000119760	16.785	7	False
ENSG00000119777	8.14	6	False
ENSG00000119787	9.135	6	False
ENSG00000119812	15.605	7	False
ENSG00000119844	5.27	5	False
ENSG00000119912	7.79	6	False
ENSG00000119953	5.555	5	False
ENSG00000119969	8.305	6	False
ENSG00000119977	13.445	7	False
ENSG00000119986	0.665	2	False
ENSG00000120008	7.205	6	False
ENSG00000120053	76.02000000000001	9	False
ENSG00000120063	5.67	5	False
ENSG00000120071	4.93	5	False
ENSG00000120129	1.7599999999999998	3	False
ENSG00000120137	3.975	5	False
ENSG00000120158	25.18	8	False
ENSG00000120162	4.795	5	False
ENSG00000120253	19.175	7	False
ENSG00000120254	13.5	7	False
ENSG00000120265	374.895	9	False
ENSG00000120306	302.34000000000003	9	False
ENSG00000120314	3.845	5	False
ENSG00000120333	169.0	9	False
ENSG00000120334	23.310000000000002	8	False
ENSG00000120437	155.52	9	False
ENSG00000120438	299.745	9	False
ENSG00000120451	1.5	3	False
ENSG00000120509	78.64500000000001	9	False
ENSG00000120519	4.9350000000000005	5	False
ENSG00000120526	59.04	8	False
ENSG00000120533	386.4	9	False
ENSG00000120539	3.8950000000000005	5	False
ENSG00000120616	4.525	5	False
ENSG00000120656	53.7	8	False
ENSG00000120662	12.559999999999999	7	False
ENSG00000120664	0.21000000000000002	0	False
ENSG00000120685	6.415	6	False
ENSG00000120686	36.305	8	False
ENSG00000120690	16.43	7	False
ENSG00000120694	23.17	8	False
ENSG00000120697	57.25	8	False
ENSG00000120699	391.23	9	False
ENSG00000120705	34.66	8	False
ENSG00000120709	8.004999999999999	6	False
ENSG00000120725	1.385	3	False
ENSG00000120727	119.685	9	False
ENSG00000120733	7.975	6	False
ENSG00000120738	22.79	8	False
ENSG00000120742	27.68	8	False
ENSG00000120798	5.91	5	False
ENSG00000120802	56.144999999999996	8	False
ENSG00000120805	86.325	9	False
ENSG00000120820	0.2	0	False
ENSG00000120837	34.445	8	False
ENSG00000120860	50.72	8	False
ENSG00000120868	2.855	4	False
ENSG00000120889	4.4	5	False
ENSG00000120899	1.575	3	False
ENSG00000120910	3.0999999999999996	4	False
ENSG00000120915	9.055	6	False
ENSG00000120925	11.969999999999999	7	False
ENSG00000120942	4.949999999999999	5	False
ENSG00000120948	79.31	9	False
ENSG00000120949	2.5199999999999996	4	False
ENSG00000120963	102.855	9	False
ENSG00000120992	141.745	9	False
ENSG00000121039	10.815	6	False
ENSG00000121057	8.28	6	False
ENSG00000121060	4.3149999999999995	5	False
ENSG00000121067	25.775	8	False
ENSG00000121073	45.165	8	False
ENSG00000121104	2.915	4	False
ENSG00000121152	31.534999999999997	8	False
ENSG00000121210	0.8300000000000001	2	False
ENSG00000121211	51.185	8	False
ENSG00000121289	3.86	5	False
ENSG00000121390	6.140000000000001	5	False
ENSG00000121454	0.125	0	False
ENSG00000121481	5.075	5	False
ENSG00000121486	4.71	5	False
ENSG00000121579	38.105000000000004	8	False
ENSG00000121621	13.07	7	False
ENSG00000121644	11.215	7	False
ENSG00000121671	1.9500000000000002	3	False
ENSG00000121680	0.79	2	False
ENSG00000121691	78.28999999999999	9	False
ENSG00000121741	3.59	4	False
ENSG00000121766	72.94999999999999	9	False
ENSG00000121774	32.510000000000005	8	False
ENSG00000121775	1.5899999999999999	3	False
ENSG00000121797	2.91	4	False
ENSG00000121864	14.145	7	False
ENSG00000121879	2.76	4	False
ENSG00000121897	29.07	8	False
ENSG00000121900	1.1099999999999999	2	False
ENSG00000121940	17.67	7	False
ENSG00000121957	4.865	5	False
ENSG00000121988	6.705	6	False
ENSG00000122008	3.95	5	False
ENSG00000122026	2988.89	9	False
ENSG00000122033	42.935	8	False
ENSG00000122034	36.055	8	False
ENSG00000122068	21.585	7	False
ENSG00000122140	5.4	5	False
ENSG00000122203	19.985	7	False
ENSG00000122218	32.9	8	False
ENSG00000122257	14.205	7	False
ENSG00000122299	14.45	7	False
ENSG00000122359	32.835	8	False
ENSG00000122376	14.855	7	False
ENSG00000122406	2976.87	9	False
ENSG00000122482	32.949999999999996	8	False
ENSG00000122483	15.39	7	False
ENSG00000122484	19.990000000000002	7	False
ENSG00000122512	3.1	4	False
ENSG00000122545	167.55	9	False
ENSG00000122550	3.94	5	False
ENSG00000122557	2.8	4	False
ENSG00000122565	148.615	9	False
ENSG00000122566	535.105	9	False
ENSG00000122591	7.285	6	False
ENSG00000122643	18.200000000000003	7	False
ENSG00000122674	25.255000000000003	8	False
ENSG00000122687	47.56	8	False
ENSG00000122692	12.565000000000001	7	False
ENSG00000122696	7.1899999999999995	6	False
ENSG00000122705	26.17	8	False
ENSG00000122741	4.585	5	False
ENSG00000122779	8.565	6	False
ENSG00000122783	11.02	6	False
ENSG00000122862	219.60000000000002	9	False
ENSG00000122873	256.55	9	False
ENSG00000122882	21.34	7	False
ENSG00000122884	13.55	7	False
ENSG00000122912	3.385	4	False
ENSG00000122952	92.72999999999999	9	False
ENSG00000122965	9.55	6	False
ENSG00000122966	1.4849999999999999	3	False
ENSG00000123064	1.115	2	False
ENSG00000123091	3.84	5	False
ENSG00000123124	2.035	3	False
ENSG00000123143	0.535	1	False
ENSG00000123144	27.485	8	False
ENSG00000123146	2.0549999999999997	3	False
ENSG00000123179	3.715	4	False
ENSG00000123213	4.41	5	False
ENSG00000123219	88.94	9	False
ENSG00000123268	17.200000000000003	7	False
ENSG00000123297	118.45500000000001	9	False
ENSG00000123349	1115.165	9	False
ENSG00000123352	4.03	5	False
ENSG00000123353	86.125	9	False
ENSG00000123374	11.52	7	False
ENSG00000123395	2.15	4	False
ENSG00000123411	2.0	3	False
ENSG00000123415	81.88	9	False
ENSG00000123416	2070.75	9	False
ENSG00000123472	4.6	5	False
ENSG00000123473	6.92	6	False
ENSG00000123485	9.23	6	False
ENSG00000123505	53.32	8	False
ENSG00000123545	297.75	9	False
ENSG00000123552	39.59	8	False
ENSG00000123562	320.04499999999996	9	False
ENSG00000123607	3.3899999999999997	4	False
ENSG00000123636	4.46	5	False
ENSG00000123684	4.205	5	False
ENSG00000123728	10.71	6	False
ENSG00000123737	104.04499999999999	9	False
ENSG00000123739	17.32	7	False
ENSG00000123810	0.675	2	False
ENSG00000123908	4.06	5	False
ENSG00000123975	714.125	9	False
ENSG00000123983	12.875	7	False
ENSG00000124067	0.63	2	False
ENSG00000124116	0.20500000000000002	0	False
ENSG00000124140	0.86	2	False
ENSG00000124145	1.365	3	False
ENSG00000124151	2.285	4	False
ENSG00000124155	27.53	8	False
ENSG00000124160	3.025	4	False
ENSG00000124164	2.5250000000000004	4	False
ENSG00000124172	123.675	9	False
ENSG00000124177	8.41	6	False
ENSG00000124181	1.4649999999999999	3	False
ENSG00000124193	107.17	9	False
ENSG00000124198	2.59	4	False
ENSG00000124201	3.1500000000000004	4	False
ENSG00000124207	93.12	9	False
ENSG00000124216	0.23	0	False
ENSG00000124222	2.9	4	False
ENSG00000124226	28.0	8	False
ENSG00000124228	10.82	6	False
ENSG00000124333	24.68	8	False
ENSG00000124356	35.605000000000004	8	False
ENSG00000124374	0.16	0	False
ENSG00000124380	23.67	8	False
ENSG00000124383	25.049999999999997	8	False
ENSG00000124422	4.76	5	False
ENSG00000124459	1.83	3	False
ENSG00000124486	9.315	6	False
ENSG00000124532	11.780000000000001	7	False
ENSG00000124535	9.61	6	False
ENSG00000124541	19.245	7	False
ENSG00000124562	546.755	9	False
ENSG00000124571	23.205	8	False
ENSG00000124574	2.335	4	False
ENSG00000124575	1.525	3	False
ENSG00000124587	0.26	1	False
ENSG00000124608	0.6699999999999999	2	False
ENSG00000124613	1.25	3	False
ENSG00000124614	2204.41	9	False
ENSG00000124635	222.735	9	False
ENSG00000124641	40.519999999999996	8	False
ENSG00000124659	2.69	4	False
ENSG00000124688	223.3	9	False
ENSG00000124702	4.085	5	False
ENSG00000124733	128.825	9	False
ENSG00000124782	3.395	4	False
ENSG00000124784	32.665	8	False
ENSG00000124789	13.21	7	False
ENSG00000124802	974.9749999999999	9	False
ENSG00000124831	9.135	6	False
ENSG00000125037	223.185	9	False
ENSG00000125107	92.64500000000001	9	False
ENSG00000125144	0.155	0	False
ENSG00000125148	10.055	6	False
ENSG00000125149	3.59	4	False
ENSG00000125166	58.269999999999996	8	False
ENSG00000125247	2.12	4	False
ENSG00000125257	6.105	5	False
ENSG00000125319	4.0	5	False
ENSG00000125352	18.635	7	False
ENSG00000125354	5.96	5	False
ENSG00000125356	910.405	9	False
ENSG00000125386	0.355	1	False
ENSG00000125388	0.71	2	False
ENSG00000125445	175.70999999999998	9	False
ENSG00000125447	4.470000000000001	5	False
ENSG00000125449	1.03	2	False
ENSG00000125450	104.22	9	False
ENSG00000125454	28.92	8	False
ENSG00000125457	36.025	8	False
ENSG00000125458	1.9249999999999998	3	False
ENSG00000125459	10.765	6	False
ENSG00000125484	2.6100000000000003	4	False
ENSG00000125485	8.93	6	False
ENSG00000125503	1.185	3	False
ENSG00000125505	1.32	3	False
ENSG00000125520	0.43	1	False
ENSG00000125618	0.22999999999999998	0	False
ENSG00000125630	12.754999999999999	7	False
ENSG00000125637	0.29000000000000004	1	False
ENSG00000125651	4.16	5	False
ENSG00000125652	0.495	1	False
ENSG00000125656	1.4449999999999998	3	False
ENSG00000125657	1.1	2	False
ENSG00000125676	126.47	9	False
ENSG00000125686	8.16	6	False
ENSG00000125691	1899.815	9	False
ENSG00000125733	0.85	2	False
ENSG00000125734	2.3499999999999996	4	False
ENSG00000125743	3109.9049999999997	9	False
ENSG00000125746	2.105	3	False
ENSG00000125753	15.585	7	False
ENSG00000125779	9.315000000000001	6	False
ENSG00000125817	0.185	0	False
ENSG00000125826	5.955	5	False
ENSG00000125835	10.18	6	False
ENSG00000125841	6.755	6	False
ENSG00000125864	0.16999999999999998	0	False
ENSG00000125868	27.740000000000002	8	False
ENSG00000125871	8.95	6	False
ENSG00000125875	4.715	5	False
ENSG00000125877	3.09	4	False
ENSG00000125885	3.035	4	False
ENSG00000125912	3.175	4	False
ENSG00000125944	57.849999999999994	8	False
ENSG00000125952	23.59	8	False
ENSG00000125967	0.74	2	False
ENSG00000125971	135.235	9	False
ENSG00000125977	54.18	8	False
ENSG00000125991	161.98000000000002	9	False
ENSG00000125995	572.575	9	False
ENSG00000126001	1.425	3	False
ENSG00000126003	3.24	4	False
ENSG00000126005	0.745	2	False
ENSG00000126012	0.63	2	False
ENSG00000126062	1.615	3	False
ENSG00000126067	381.83500000000004	9	False
ENSG00000126070	3.15	4	False
ENSG00000126088	1837.345	9	False
ENSG00000126107	4.03	5	False
ENSG00000126214	3.5	4	False
ENSG00000126215	0.32	1	False
ENSG00000126216	2.4	4	False
ENSG00000126226	45.894999999999996	8	False
ENSG00000126247	58.540000000000006	8	False
ENSG00000126249	9.535	6	False
ENSG00000126254	5.195	5	False
ENSG00000126261	58.975	8	False
ENSG00000126267	1809.375	9	False
ENSG00000126391	3.54	4	False
ENSG00000126432	33.2	8	False
ENSG00000126453	5.73	5	False
ENSG00000126456	5.54	5	False
ENSG00000126457	9.685	6	False
ENSG00000126458	0.785	2	False
ENSG00000126522	1.94	3	False
ENSG00000126524	73.225	9	False
ENSG00000126561	49.19	8	False
ENSG00000126581	16.2	7	False
ENSG00000126602	16.2	7	False
ENSG00000126653	36.25	8	False
ENSG00000126698	186.03	9	False
ENSG00000126746	0.42500000000000004	1	False
ENSG00000126749	122.22	9	False
ENSG00000126756	107.6	9	False
ENSG00000126768	11.15	6	False
ENSG00000126773	7.105	6	False
ENSG00000126787	31.119999999999997	8	False
ENSG00000126790	13.785	7	False
ENSG00000126858	18.385	7	False
ENSG00000126870	0.81	2	False
ENSG00000126882	0.48000000000000004	1	False
ENSG00000126883	56.254999999999995	8	False
ENSG00000126903	3.6100000000000003	4	False
ENSG00000126934	0.865	2	False
ENSG00000126945	35.33	8	False
ENSG00000126953	96.195	9	False
ENSG00000127022	140.16	9	False
ENSG00000127054	3.12	4	False
ENSG00000127080	2.245	4	False
ENSG00000127314	79.09	9	False
ENSG00000127334	1.3399999999999999	3	False
ENSG00000127337	17.765	7	False
ENSG00000127399	1.06	2	False
ENSG00000127419	0.16999999999999998	0	False
ENSG00000127423	8.684999999999999	6	False
ENSG00000127445	1.955	3	False
ENSG00000127452	2.175	4	False
ENSG00000127463	19.845	7	False
ENSG00000127481	75.935	9	False
ENSG00000127483	58.705	8	False
ENSG00000127511	0.565	2	False
ENSG00000127526	11.74	7	False
ENSG00000127540	190.375	9	False
ENSG00000127561	3.135	4	False
ENSG00000127564	6.54	6	False
ENSG00000127586	1.77	3	False
ENSG00000127603	13.49	7	False
ENSG00000127616	18.015	7	False
ENSG00000127663	0.195	0	False
ENSG00000127774	2.135	4	False
ENSG00000127824	21.795	7	False
ENSG00000127837	4.3	5	False
ENSG00000127838	67.92	9	False
ENSG00000127870	7.92	6	False
ENSG00000127884	73.84	9	False
ENSG00000127914	31.700000000000003	8	False
ENSG00000127922	532.5699999999999	9	False
ENSG00000127946	2.36	4	False
ENSG00000127947	10.489999999999998	6	False
ENSG00000127952	26.21	8	False
ENSG00000128045	0.215	0	False
ENSG00000128050	242.79000000000002	9	False
ENSG00000128059	33.515	8	False
ENSG00000128159	0.515	1	False
ENSG00000128185	3.07	4	False
ENSG00000128191	4.734999999999999	5	False
ENSG00000128228	13.96	7	False
ENSG00000128245	25.73	8	False
ENSG00000128254	0.11	0	False
ENSG00000128272	62.025	8	False
ENSG00000128309	0.49	1	False
ENSG00000128311	1.545	3	False
ENSG00000128346	0.355	1	False
ENSG00000128463	34.269999999999996	8	False
ENSG00000128513	24.02	8	False
ENSG00000128524	653.565	9	False
ENSG00000128534	170.54500000000002	9	False
ENSG00000128578	6.625	6	False
ENSG00000128585	16.765	7	False
ENSG00000128595	135.39	9	False
ENSG00000128607	7.32	6	False
ENSG00000128609	479.985	9	False
ENSG00000128626	6.930000000000001	6	False
ENSG00000128654	28.384999999999998	8	False
ENSG00000128656	0.345	1	False
ENSG00000128708	250.655	9	False
ENSG00000128791	6.395	6	False
ENSG00000128829	9.88	6	False
ENSG00000128908	2.02	3	False
ENSG00000128915	13.91	7	False
ENSG00000128923	2.425	4	False
ENSG00000128944	33.545	8	False
ENSG00000128951	10.504999999999999	6	False
ENSG00000128989	23.92	8	False
ENSG00000129003	6.155	5	False
ENSG00000129055	146.01	9	False
ENSG00000129071	9.129999999999999	6	False
ENSG00000129083	55.635	8	False
ENSG00000129103	28.415	8	False
ENSG00000129128	60.504999999999995	8	False
ENSG00000129187	30.015	8	False
ENSG00000129197	41.58	8	False
ENSG00000129226	25.049999999999997	8	False
ENSG00000129235	570.415	9	False
ENSG00000129245	1.9849999999999999	3	False
ENSG00000129250	0.34	1	False
ENSG00000129255	3.435	4	False
ENSG00000129315	6.5	6	False
ENSG00000129317	28.275	8	False
ENSG00000129347	1.0150000000000001	2	False
ENSG00000129351	18.130000000000003	7	False
ENSG00000129353	1.0	2	False
ENSG00000129355	0.31	1	False
ENSG00000129460	114.485	9	False
ENSG00000129480	3.0700000000000003	4	False
ENSG00000129493	33.065	8	False
ENSG00000129515	71.4	9	False
ENSG00000129518	45.224999999999994	8	False
ENSG00000129521	1.8900000000000001	3	False
ENSG00000129559	510.27	9	False
ENSG00000129562	455.08500000000004	9	False
ENSG00000129625	77.095	9	False
ENSG00000129636	11.5	7	False
ENSG00000129657	2.215	4	False
ENSG00000129691	102.895	9	False
ENSG00000129696	19.945	7	False
ENSG00000129810	11.774999999999999	7	False
ENSG00000129933	0.755	2	False
ENSG00000129990	1.35	3	False
ENSG00000129993	1.83	3	False
ENSG00000130021	41.510000000000005	8	False
ENSG00000130023	46.465	8	False
ENSG00000130024	15.835	7	False
ENSG00000130066	109.465	9	False
ENSG00000130150	5.345000000000001	5	False
ENSG00000130159	0.89	2	False
ENSG00000130164	21.435000000000002	7	False
ENSG00000130165	14.579999999999998	7	False
ENSG00000130175	4.645	5	False
ENSG00000130177	14.73	7	False
ENSG00000130193	0.18	0	False
ENSG00000130204	0.71	2	False
ENSG00000130227	7.675	6	False
ENSG00000130244	1.495	3	False
ENSG00000130254	4.245	5	False
ENSG00000130299	3.635	4	False
ENSG00000130303	8.63	6	False
ENSG00000130305	3.7600000000000002	5	False
ENSG00000130309	3.69	4	False
ENSG00000130312	8.795	6	False
ENSG00000130313	0.665	2	False
ENSG00000130332	30.305	8	False
ENSG00000130338	2.435	4	False
ENSG00000130348	8.855	6	False
ENSG00000130382	0.13	0	False
ENSG00000130402	2.4450000000000003	4	False
ENSG00000130414	24.015	8	False
ENSG00000130429	5.095	5	False
ENSG00000130449	0.975	2	False
ENSG00000130475	0.35000000000000003	1	False
ENSG00000130479	1.94	3	False
ENSG00000130511	0.8200000000000001	2	False
ENSG00000130513	1.685	3	False
ENSG00000130517	10.254999999999999	6	False
ENSG00000130520	10.465	6	False
ENSG00000130522	8.77	6	False
ENSG00000130559	1.115	2	False
ENSG00000130560	80.565	9	False
ENSG00000130584	0.415	1	False
ENSG00000130638	8.17	6	False
ENSG00000130669	0.22	0	False
ENSG00000130695	27.115000000000002	8	False
ENSG00000130699	0.33499999999999996	1	False
ENSG00000130706	4.39	5	False
ENSG00000130713	27.605	8	False
ENSG00000130717	0.22	0	False
ENSG00000130724	41.39	8	False
ENSG00000130725	0.7250000000000001	2	False
ENSG00000130726	10.36	6	False
ENSG00000130731	7.07	6	False
ENSG00000130733	0.91	2	False
ENSG00000130734	0.6	2	False
ENSG00000130749	5.46	5	False
ENSG00000130755	101.03	9	False
ENSG00000130764	3.555	4	False
ENSG00000130766	2.9749999999999996	4	False
ENSG00000130768	0.165	0	False
ENSG00000130770	228.79500000000002	9	False
ENSG00000130772	26.025	8	False
ENSG00000130779	3.46	4	False
ENSG00000130803	14.754999999999999	7	False
ENSG00000130810	1.4100000000000001	3	False
ENSG00000130811	26.225	8	False
ENSG00000130816	110.53999999999999	9	False
ENSG00000130826	132.055	9	False
ENSG00000130856	0.34500000000000003	1	False
ENSG00000130921	38.545	8	False
ENSG00000130935	84.38	9	False
ENSG00000130939	7.470000000000001	6	False
ENSG00000130956	0.345	1	False
ENSG00000130985	21.58	7	False
ENSG00000131013	30.78	8	False
ENSG00000131023	3.425	4	False
ENSG00000131043	5.845000000000001	5	False
ENSG00000131051	97.01	9	False
ENSG00000131100	116.405	9	False
ENSG00000131143	1655.255	9	False
ENSG00000131148	7.82	6	False
ENSG00000131153	41.06	8	False
ENSG00000131165	0.925	2	False
ENSG00000131174	2204.985	9	False
ENSG00000131236	177.70499999999998	9	False
ENSG00000131238	129.19	9	False
ENSG00000131263	2.455	4	False
ENSG00000131269	14.805	7	False
ENSG00000131323	0.36	1	False
ENSG00000131351	26.935000000000002	8	False
ENSG00000131368	23.38	8	False
ENSG00000131373	23.34	8	False
ENSG00000131375	4.325	5	False
ENSG00000131381	2.29	4	False
ENSG00000131462	27.475	8	False
ENSG00000131467	20.770000000000003	7	False
ENSG00000131469	3105.1850000000004	9	False
ENSG00000131473	26.46	8	False
ENSG00000131475	226.505	9	False
ENSG00000131495	382.53	9	False
ENSG00000131503	25.36	8	False
ENSG00000131504	69.10499999999999	9	False
ENSG00000131558	11.495000000000001	7	False
ENSG00000131652	1.72	3	False
ENSG00000131653	0.74	2	False
ENSG00000131697	0.405	1	False
ENSG00000131725	3.59	4	False
ENSG00000131732	48.59	8	False
ENSG00000131747	117.62	9	False
ENSG00000131748	0.5650000000000001	2	False
ENSG00000131773	0.255	1	False
ENSG00000131778	17.87	7	False
ENSG00000131779	31.415	8	False
ENSG00000131788	0.8500000000000001	2	False
ENSG00000131828	309.095	9	False
ENSG00000131873	6.705	6	False
ENSG00000131876	151.58499999999998	9	False
ENSG00000131966	19.575000000000003	7	False
ENSG00000132000	0.125	0	False
ENSG00000132017	0.35	1	False
ENSG00000132128	8.165	6	False
ENSG00000132141	0.23	0	False
ENSG00000132153	9.905000000000001	6	False
ENSG00000132155	21.185	7	False
ENSG00000132182	0.9650000000000001	2	False
ENSG00000132196	17.384999999999998	7	False
ENSG00000132254	7.29	6	False
ENSG00000132275	4.78	5	False
ENSG00000132286	106.205	9	False
ENSG00000132294	3.2199999999999998	4	False
ENSG00000132300	44.724999999999994	8	False
ENSG00000132305	98.745	9	False
ENSG00000132313	124.225	9	False
ENSG00000132323	2.705	4	False
ENSG00000132330	2.45	4	False
ENSG00000132341	2259.8450000000003	9	False
ENSG00000132356	14.585	7	False
ENSG00000132357	2.07	3	False
ENSG00000132361	0.275	1	False
ENSG00000132376	0.475	1	False
ENSG00000132382	1.605	3	False
ENSG00000132383	15.82	7	False
ENSG00000132388	10.985	6	False
ENSG00000132424	69.08500000000001	9	False
ENSG00000132432	386.28499999999997	9	False
ENSG00000132466	15.5	7	False
ENSG00000132471	1.915	3	False
ENSG00000132475	2313.365	9	False
ENSG00000132485	127.16499999999999	9	False
ENSG00000132507	20.32	7	False
ENSG00000132522	12.245000000000001	7	False
ENSG00000132549	3.44	4	False
ENSG00000132581	86.635	9	False
ENSG00000132589	14.045	7	False
ENSG00000132591	203.085	9	False
ENSG00000132600	4.6899999999999995	5	False
ENSG00000132603	47.815	8	False
ENSG00000132612	5.625	5	False
ENSG00000132646	268.42	9	False
ENSG00000132661	6.055	5	False
ENSG00000132670	2.525	4	False
ENSG00000132676	186.61	9	False
ENSG00000132680	9.845	6	False
ENSG00000132716	7.75	6	False
ENSG00000132740	1.14	3	False
ENSG00000132763	6.05	5	False
ENSG00000132768	14.945	7	False
ENSG00000132780	122.83	9	False
ENSG00000132792	28.735	8	False
ENSG00000132819	0.16	0	False
ENSG00000132823	37.08	8	False
ENSG00000132824	57.005	8	False
ENSG00000132837	0.11	0	False
ENSG00000132842	14.129999999999999	7	False
ENSG00000132881	0.11499999999999999	0	False
ENSG00000132906	7.71	6	False
ENSG00000132912	13.370000000000001	7	False
ENSG00000132953	3.385	4	False
ENSG00000132963	445.82	9	False
ENSG00000132964	9.370000000000001	6	False
ENSG00000133027	1.605	3	False
ENSG00000133028	4.914999999999999	5	False
ENSG00000133030	7.390000000000001	6	False
ENSG00000133112	435.05999999999995	9	False
ENSG00000133114	7.74	6	False
ENSG00000133119	52.835	8	False
ENSG00000133134	6.05	5	False
ENSG00000133195	9.184999999999999	6	False
ENSG00000133247	0.155	0	False
ENSG00000133265	0.77	2	False
ENSG00000133275	0.54	1	False
ENSG00000133302	20.64	7	False
ENSG00000133313	22.479999999999997	8	False
ENSG00000133316	25.39	8	False
ENSG00000133318	32.94	8	False
ENSG00000133393	69.315	9	False
ENSG00000133398	36.230000000000004	8	False
ENSG00000133422	2.7199999999999998	4	False
ENSG00000133519	0.13	0	False
ENSG00000133597	0.195	0	False
ENSG00000133606	20.814999999999998	7	False
ENSG00000133612	2.71	4	False
ENSG00000133639	3.09	4	False
ENSG00000133641	71.13499999999999	9	False
ENSG00000133703	5.48	5	False
ENSG00000133704	4.22	5	False
ENSG00000133706	85.595	9	False
ENSG00000133731	30.515	8	False
ENSG00000133773	95.685	9	False
ENSG00000133812	0.5	1	False
ENSG00000133835	31.725	8	False
ENSG00000133858	9.48	6	False
ENSG00000133872	23.799999999999997	8	False
ENSG00000133895	2.42	4	False
ENSG00000133943	7.375	6	False
ENSG00000133961	14.885000000000002	7	False
ENSG00000133997	14.760000000000002	7	False
ENSG00000134001	468.28499999999997	9	False
ENSG00000134046	2.74	4	False
ENSG00000134056	114.17	9	False
ENSG00000134057	292.185	9	False
ENSG00000134058	92.565	9	False
ENSG00000134077	39.705	8	False
ENSG00000134107	14.239999999999998	7	False
ENSG00000134108	32.715	8	False
ENSG00000134109	5.705	5	False
ENSG00000134146	43.795	8	False
ENSG00000134152	5.99	5	False
ENSG00000134153	18.505000000000003	7	False
ENSG00000134186	20.825	7	False
ENSG00000134222	4.285	5	False
ENSG00000134248	512.64	9	False
ENSG00000134255	28.015	8	False
ENSG00000134262	14.14	7	False
ENSG00000134265	31.21	8	False
ENSG00000134278	2.035	3	False
ENSG00000134283	67.3	9	False
ENSG00000134287	4.785	5	False
ENSG00000134294	77.00999999999999	9	False
ENSG00000134308	44.96	8	False
ENSG00000134321	0.165	0	False
ENSG00000134333	602.2349999999999	9	False
ENSG00000134352	1.245	3	False
ENSG00000134371	18.555	7	False
ENSG00000134375	482.90999999999997	9	False
ENSG00000134419	1527.225	9	False
ENSG00000134440	86.47999999999999	9	False
ENSG00000134444	1.0499999999999998	2	False
ENSG00000134452	8.71	6	False
ENSG00000134453	15.879999999999999	7	False
ENSG00000134461	1.13	2	False
ENSG00000134470	1.035	2	False
ENSG00000134480	142.04	9	False
ENSG00000134490	8.49	6	False
ENSG00000134516	3.09	4	False
ENSG00000134532	6.375	6	False
ENSG00000134602	20.84	7	False
ENSG00000134627	5.13	5	False
ENSG00000134644	24.155	8	False
ENSG00000134684	40.245000000000005	8	False
ENSG00000134686	2.91	4	False
ENSG00000134690	55.305	8	False
ENSG00000134697	102.27000000000001	9	False
ENSG00000134698	0.7450000000000001	2	False
ENSG00000134717	64.91499999999999	9	False
ENSG00000134744	8.475	6	False
ENSG00000134748	89.5	9	False
ENSG00000134755	4.075	5	False
ENSG00000134758	32.480000000000004	8	False
ENSG00000134759	86.41	9	False
ENSG00000134779	63.325	9	False
ENSG00000134802	43.925	8	False
ENSG00000134809	387.35	9	False
ENSG00000134815	0.32999999999999996	1	False
ENSG00000134824	2.29	4	False
ENSG00000134825	623.2950000000001	9	False
ENSG00000134851	17.095	7	False
ENSG00000134852	2.5300000000000002	4	False
ENSG00000134882	3.545	4	False
ENSG00000134899	4.805	5	False
ENSG00000134900	11.754999999999999	7	False
ENSG00000134905	1.27	3	False
ENSG00000134910	125.42500000000001	9	False
ENSG00000134982	6.449999999999999	6	False
ENSG00000134987	21.67	7	False
ENSG00000134996	11.704999999999998	7	False
ENSG00000135002	3.005	4	False
ENSG00000135018	7.754999999999999	6	False
ENSG00000135069	94.41	9	False
ENSG00000135090	17.7	7	False
ENSG00000135108	2.915	4	False
ENSG00000135148	34.735	8	False
ENSG00000135164	18.755	7	False
ENSG00000135211	100.97	9	False
ENSG00000135241	9.185	6	False
ENSG00000135245	23.15	8	False
ENSG00000135249	13.705	7	False
ENSG00000135269	17.075	7	False
ENSG00000135297	24.66	8	False
ENSG00000135317	32.4	8	False
ENSG00000135334	6.45	6	False
ENSG00000135336	85.58500000000001	9	False
ENSG00000135341	9.23	6	False
ENSG00000135365	0.95	2	False
ENSG00000135372	35.425	8	False
ENSG00000135387	35.84	8	False
ENSG00000135390	875.73	9	False
ENSG00000135392	3.925	5	False
ENSG00000135404	405.94	9	False
ENSG00000135441	93.815	9	False
ENSG00000135446	29.92	8	False
ENSG00000135451	41.615	8	False
ENSG00000135457	4.66	5	False
ENSG00000135473	9.655	6	False
ENSG00000135476	1.5099999999999998	3	False
ENSG00000135486	1130.34	9	False
ENSG00000135506	3.0149999999999997	4	False
ENSG00000135517	0.17	0	False
ENSG00000135521	60.465	8	False
ENSG00000135535	111.91	9	False
ENSG00000135537	2.05	3	False
ENSG00000135541	22.384999999999998	8	False
ENSG00000135587	0.12	0	False
ENSG00000135597	6.1899999999999995	5	False
ENSG00000135617	6.4	6	False
ENSG00000135624	226.555	9	False
ENSG00000135632	7.455	6	False
ENSG00000135655	118.97999999999999	9	False
ENSG00000135677	3.425	4	False
ENSG00000135679	14.559999999999999	7	False
ENSG00000135686	2.165	4	False
ENSG00000135720	4.62	5	False
ENSG00000135723	13.149999999999999	7	False
ENSG00000135750	2.495	4	False
ENSG00000135763	2.185	4	False
ENSG00000135766	4.02	5	False
ENSG00000135775	13.015	7	False
ENSG00000135776	9.415	6	False
ENSG00000135778	74.435	9	False
ENSG00000135801	1.65	3	False
ENSG00000135821	2607.98	9	False
ENSG00000135829	69.89500000000001	9	False
ENSG00000135837	5.15	5	False
ENSG00000135845	61.65	8	False
ENSG00000135870	2.025	3	False
ENSG00000135900	8.21	6	False
ENSG00000135912	12.86	7	False
ENSG00000135913	1.435	3	False
ENSG00000135926	10.36	6	False
ENSG00000135930	52.765	8	False
ENSG00000135932	21.96	7	False
ENSG00000135940	251.685	9	False
ENSG00000135945	8.11	6	False
ENSG00000135956	1.255	3	False
ENSG00000135966	2.535	4	False
ENSG00000135968	10.89	6	False
ENSG00000135972	63.510000000000005	9	False
ENSG00000136003	10.975	6	False
ENSG00000136010	0.865	2	False
ENSG00000136021	6.1	5	False
ENSG00000136045	279.77	9	False
ENSG00000136051	8.06	6	False
ENSG00000136068	7.890000000000001	6	False
ENSG00000136100	6.6899999999999995	6	False
ENSG00000136104	20.075000000000003	7	False
ENSG00000136108	13.885000000000002	7	False
ENSG00000136143	28.595	8	False
ENSG00000136146	49.269999999999996	8	False
ENSG00000136152	2.675	4	False
ENSG00000136167	50.235	8	False
ENSG00000136231	4.975	5	False
ENSG00000136238	60.875	8	False
ENSG00000136240	18.94	7	False
ENSG00000136243	60.935	8	False
ENSG00000136247	48.55	8	False
ENSG00000136270	8.895	6	False
ENSG00000136271	22.875	8	False
ENSG00000136273	17.685000000000002	7	False
ENSG00000136279	1.9	3	False
ENSG00000136280	0.28500000000000003	1	False
ENSG00000136371	13.735	7	False
ENSG00000136381	10.54	6	False
ENSG00000136404	3.52	4	False
ENSG00000136436	19.665	7	False
ENSG00000136444	2.885	4	False
ENSG00000136450	65.28	9	False
ENSG00000136451	6.215	5	False
ENSG00000136463	7.0649999999999995	6	False
ENSG00000136478	3.2199999999999998	4	False
ENSG00000136485	23.845	8	False
ENSG00000136492	1.77	3	False
ENSG00000136504	6.85	6	False
ENSG00000136518	152.31	9	False
ENSG00000136521	326.88	9	False
ENSG00000136522	281.15	9	False
ENSG00000136527	88.85	9	False
ENSG00000136536	50.285	8	False
ENSG00000136603	6.17	5	False
ENSG00000136628	121.98	9	False
ENSG00000136631	14.495000000000001	7	False
ENSG00000136636	10.575	6	False
ENSG00000136643	2.65	4	False
ENSG00000136682	74.955	9	False
ENSG00000136699	6.41	6	False
ENSG00000136709	28.854999999999997	8	False
ENSG00000136710	8.54	6	False
ENSG00000136715	4.135	5	False
ENSG00000136718	28.155	8	False
ENSG00000136731	3.29	4	False
ENSG00000136732	38.065	8	False
ENSG00000136738	13.629999999999999	7	False
ENSG00000136758	21.025	7	False
ENSG00000136770	3.27	4	False
ENSG00000136783	88.69	9	False
ENSG00000136802	1.94	3	False
ENSG00000136807	3.12	4	False
ENSG00000136810	1193.6950000000002	9	False
ENSG00000136811	10.825	6	False
ENSG00000136813	10.29	6	False
ENSG00000136816	3.6850000000000005	4	False
ENSG00000136819	86.83500000000001	9	False
ENSG00000136827	4.045	5	False
ENSG00000136840	1.85	3	False
ENSG00000136842	9.125	6	False
ENSG00000136861	13.885000000000002	7	False
ENSG00000136867	0.875	2	False
ENSG00000136868	14.379999999999999	7	False
ENSG00000136874	9.545	6	False
ENSG00000136875	16.52	7	False
ENSG00000136878	1.5550000000000002	3	False
ENSG00000136888	349.185	9	False
ENSG00000136891	17.54	7	False
ENSG00000136908	35.485	8	False
ENSG00000136925	5.705	5	False
ENSG00000136933	65.905	9	False
ENSG00000136937	18.905	7	False
ENSG00000136938	92.695	9	False
ENSG00000136942	3805.76	9	False
ENSG00000136950	18.195	7	False
ENSG00000136986	4.865	5	False
ENSG00000136997	21.134999999999998	7	False
ENSG00000137054	12.335	7	False
ENSG00000137055	2.545	4	False
ENSG00000137073	7.325	6	False
ENSG00000137074	50.955	8	False
ENSG00000137076	6.29	5	False
ENSG00000137106	32.61	8	False
ENSG00000137124	5.96	5	False
ENSG00000137145	2.8200000000000003	4	False
ENSG00000137154	1983.8600000000001	9	False
ENSG00000137161	1.9049999999999998	3	False
ENSG00000137168	132.93	9	False
ENSG00000137185	12.07	7	False
ENSG00000137193	14.73	7	False
ENSG00000137200	1.835	3	False
ENSG00000137207	28.65	8	False
ENSG00000137210	614.875	9	False
ENSG00000137216	0.105	0	False
ENSG00000137221	0.145	0	False
ENSG00000137267	2.6399999999999997	4	False
ENSG00000137274	3.6399999999999997	4	False
ENSG00000137288	641.47	9	False
ENSG00000137309	21.990000000000002	7	False
ENSG00000137310	2.9050000000000002	4	False
ENSG00000137312	8.155	6	False
ENSG00000137337	6.205	5	False
ENSG00000137364	28.564999999999998	8	False
ENSG00000137404	11.83	7	False
ENSG00000137409	6.925000000000001	6	False
ENSG00000137411	1.8849999999999998	3	False
ENSG00000137413	54.945	8	False
ENSG00000137414	3.265	4	False
ENSG00000137434	23.69	8	False
ENSG00000137478	1.22	3	False
ENSG00000137486	6.109999999999999	5	False
ENSG00000137491	1.02	2	False
ENSG00000137497	6.3	5	False
ENSG00000137500	42.89	8	False
ENSG00000137513	21.39	7	False
ENSG00000137522	6.550000000000001	6	False
ENSG00000137547	56.84	8	False
ENSG00000137563	26.845	8	False
ENSG00000137574	9.114999999999998	6	False
ENSG00000137648	2.4450000000000003	4	False
ENSG00000137656	5.835	5	False
ENSG00000137692	27.689999999999998	8	False
ENSG00000137700	21.775	7	False
ENSG00000137710	34.045	8	False
ENSG00000137713	29.435	8	False
ENSG00000137764	0.32499999999999996	1	False
ENSG00000137770	9.995000000000001	6	False
ENSG00000137776	43.900000000000006	8	False
ENSG00000137807	17.8	7	False
ENSG00000137812	10.285	6	False
ENSG00000137814	41.165	8	False
ENSG00000137817	10.73	6	False
ENSG00000137818	1744.2	9	False
ENSG00000137822	6.4350000000000005	6	False
ENSG00000137824	5.875	5	False
ENSG00000137845	8.145	6	False
ENSG00000137876	217.54	9	False
ENSG00000137941	0.375	1	False
ENSG00000137944	36.474999999999994	8	False
ENSG00000137947	60.585	8	False
ENSG00000137955	119.95	9	False
ENSG00000138031	1.145	3	False
ENSG00000138032	5.9399999999999995	5	False
ENSG00000138035	40.84	8	False
ENSG00000138036	24.369999999999997	8	False
ENSG00000138069	31.125	8	False
ENSG00000138071	31.325	8	False
ENSG00000138073	24.735	8	False
ENSG00000138074	27.685000000000002	8	False
ENSG00000138078	7.965	6	False
ENSG00000138081	7.68	6	False
ENSG00000138085	100.53	9	False
ENSG00000138092	20.604999999999997	7	False
ENSG00000138095	27.19	8	False
ENSG00000138107	28.630000000000003	8	False
ENSG00000138160	7.055	6	False
ENSG00000138166	0.315	1	False
ENSG00000138182	34.725	8	False
ENSG00000138193	0.295	1	False
ENSG00000138246	2.13	4	False
ENSG00000138279	60.175	8	False
ENSG00000138303	31.015	8	False
ENSG00000138326	1693.38	9	False
ENSG00000138346	14.045	7	False
ENSG00000138363	201.09	9	False
ENSG00000138375	5.245	5	False
ENSG00000138376	11.835	7	False
ENSG00000138381	25.225	8	False
ENSG00000138382	318.45500000000004	9	False
ENSG00000138386	2.06	3	False
ENSG00000138399	79.22	9	False
ENSG00000138411	0.65	2	False
ENSG00000138413	84.58	9	False
ENSG00000138430	136.66	9	False
ENSG00000138434	12.08	7	False
ENSG00000138442	328.18	9	False
ENSG00000138443	3.54	4	False
ENSG00000138448	2.565	4	False
ENSG00000138459	6.995000000000001	6	False
ENSG00000138587	1.4849999999999999	3	False
ENSG00000138592	29.990000000000002	8	False
ENSG00000138594	7.955	6	False
ENSG00000138600	8.115	6	False
ENSG00000138614	27.42	8	False
ENSG00000138629	16.13	7	False
ENSG00000138658	5.93	5	False
ENSG00000138660	1.705	3	False
ENSG00000138663	117.505	9	False
ENSG00000138668	122.275	9	False
ENSG00000138674	70.86	9	False
ENSG00000138685	1.7000000000000002	3	False
ENSG00000138688	1.525	3	False
ENSG00000138698	19.47	7	False
ENSG00000138709	11.915	7	False
ENSG00000138744	1.085	2	False
ENSG00000138750	19.8	7	False
ENSG00000138756	13.835	7	False
ENSG00000138757	16.84	7	False
ENSG00000138758	16.235	7	False
ENSG00000138767	4.355	5	False
ENSG00000138768	11.7	7	False
ENSG00000138777	63.69	9	False
ENSG00000138778	9.844999999999999	6	False
ENSG00000138794	16.884999999999998	7	False
ENSG00000138796	48.305	8	False
ENSG00000138801	28.025	8	False
ENSG00000138802	4.734999999999999	5	False
ENSG00000138821	5.71	5	False
ENSG00000138867	33.900000000000006	8	False
ENSG00000139116	11.614999999999998	7	False
ENSG00000139131	11.025	6	False
ENSG00000139133	1.5	3	False
ENSG00000139146	94.72999999999999	9	False
ENSG00000139163	22.235	8	False
ENSG00000139168	49.0	8	False
ENSG00000139174	0.17500000000000002	0	False
ENSG00000139178	1.08	2	False
ENSG00000139180	218.915	9	False
ENSG00000139197	1.12	2	False
ENSG00000139218	26.33	8	False
ENSG00000139323	3.8499999999999996	5	False
ENSG00000139324	3.515	4	False
ENSG00000139343	149.92000000000002	9	False
ENSG00000139350	7.074999999999999	6	False
ENSG00000139370	3.795	5	False
ENSG00000139372	25.375	8	False
ENSG00000139405	2.03	3	False
ENSG00000139410	0.42	1	False
ENSG00000139428	7.824999999999999	6	False
ENSG00000139436	2.455	4	False
ENSG00000139496	8.175	6	False
ENSG00000139514	3.15	4	False
ENSG00000139531	8.195	6	False
ENSG00000139546	6.425	6	False
ENSG00000139579	9.515	6	False
ENSG00000139613	17.314999999999998	7	False
ENSG00000139620	55.739999999999995	8	False
ENSG00000139624	4.125	5	False
ENSG00000139636	2.06	3	False
ENSG00000139641	101.125	9	False
ENSG00000139644	833.995	9	False
ENSG00000139645	0.445	1	False
ENSG00000139684	283.865	9	False
ENSG00000139697	16.94	7	False
ENSG00000139719	6.85	6	False
ENSG00000139722	0.33999999999999997	1	False
ENSG00000139726	22.009999999999998	7	False
ENSG00000139734	5.845	5	False
ENSG00000139746	7.32	6	False
ENSG00000139793	4.725	5	False
ENSG00000139842	17.335	7	False
ENSG00000139921	70.125	9	False
ENSG00000140105	183.235	9	False
ENSG00000140153	4.38	5	False
ENSG00000140157	13.0	7	False
ENSG00000140199	1.0	2	False
ENSG00000140259	23.61	8	False
ENSG00000140262	6.975	6	False
ENSG00000140263	4.64	5	False
ENSG00000140264	2480.87	9	False
ENSG00000140299	13.059999999999999	7	False
ENSG00000140307	492.525	9	False
ENSG00000140319	749.8199999999999	9	False
ENSG00000140326	1.04	2	False
ENSG00000140332	1.0950000000000002	2	False
ENSG00000140350	15.1	7	False
ENSG00000140365	15.34	7	False
ENSG00000140374	93.485	9	False
ENSG00000140382	13.725000000000001	7	False
ENSG00000140395	270.275	9	False
ENSG00000140400	1.15	3	False
ENSG00000140455	24.455	8	False
ENSG00000140463	36.06	8	False
ENSG00000140464	3.73	4	False
ENSG00000140471	18.555	7	False
ENSG00000140474	0.375	1	False
ENSG00000140497	4.75	5	False
ENSG00000140521	10.965	6	False
ENSG00000140525	49.67	8	False
ENSG00000140526	11.705	7	False
ENSG00000140534	0.735	2	False
ENSG00000140553	14.765	7	False
ENSG00000140564	0.7250000000000001	2	False
ENSG00000140575	24.795	8	False
ENSG00000140577	1.45	3	False
ENSG00000140598	3.625	4	False
ENSG00000140612	157.58499999999998	9	False
ENSG00000140632	6.08	5	False
ENSG00000140688	0.8400000000000001	2	False
ENSG00000140694	6.154999999999999	5	False
ENSG00000140740	176.81	9	False
ENSG00000140743	3.7199999999999998	4	False
ENSG00000140750	5.225	5	False
ENSG00000140795	0.51	1	False
ENSG00000140829	1.6	3	False
ENSG00000140830	14.375	7	False
ENSG00000140854	0.99	2	False
ENSG00000140876	18.075	7	False
ENSG00000140905	25.765	8	False
ENSG00000140941	24.78	8	False
ENSG00000140943	2.025	3	False
ENSG00000140988	637.54	9	False
ENSG00000140990	64.03999999999999	9	False
ENSG00000140992	2.31	4	False
ENSG00000140993	0.63	2	False
ENSG00000141027	23.27	8	False
ENSG00000141030	176.12	9	False
ENSG00000141068	0.735	2	False
ENSG00000141084	0.63	2	False
ENSG00000141098	1.295	3	False
ENSG00000141101	37.665	8	False
ENSG00000141179	7.845	6	False
ENSG00000141219	4.98	5	False
ENSG00000141232	41.48	8	False
ENSG00000141294	0.14500000000000002	0	False
ENSG00000141298	3.075	4	False
ENSG00000141349	7.3100000000000005	6	False
ENSG00000141367	80.645	9	False
ENSG00000141378	153.635	9	False
ENSG00000141380	18.52	7	False
ENSG00000141384	3.145	4	False
ENSG00000141385	17.935000000000002	7	False
ENSG00000141401	0.58	2	False
ENSG00000141425	20.185000000000002	7	False
ENSG00000141428	19.505000000000003	7	False
ENSG00000141446	10.315000000000001	6	False
ENSG00000141452	5.915	5	False
ENSG00000141456	0.32	1	False
ENSG00000141458	11.36	7	False
ENSG00000141499	1.255	3	False
ENSG00000141522	7.945	6	False
ENSG00000141543	44.515	8	False
ENSG00000141551	4.32	5	False
ENSG00000141552	144.135	9	False
ENSG00000141556	8.190000000000001	6	False
ENSG00000141560	1.67	3	False
ENSG00000141562	54.405	8	False
ENSG00000141564	0.21000000000000002	0	False
ENSG00000141568	2.505	4	False
ENSG00000141569	2.36	4	False
ENSG00000141580	0.765	2	False
ENSG00000141627	3.545	4	False
ENSG00000141644	1.84	3	False
ENSG00000141646	4.025	5	False
ENSG00000141664	1.32	3	False
ENSG00000141665	0.185	0	False
ENSG00000141698	2.06	3	False
ENSG00000141699	3.56	4	False
ENSG00000141741	51.76	8	False
ENSG00000141753	7.609999999999999	6	False
ENSG00000141759	22.09	7	False
ENSG00000141858	2.2800000000000002	4	False
ENSG00000141867	3.76	5	False
ENSG00000141873	1.8599999999999999	3	False
ENSG00000141956	0.845	2	False
ENSG00000141959	0.7050000000000001	2	False
ENSG00000141971	0.71	2	False
ENSG00000141985	1.205	3	False
ENSG00000141994	1.855	3	False
ENSG00000142002	0.63	2	False
ENSG00000142166	17.95	7	False
ENSG00000142168	998.925	9	False
ENSG00000142186	1.355	3	False
ENSG00000142207	0.675	2	False
ENSG00000142208	0.575	2	False
ENSG00000142227	96.915	9	False
ENSG00000142230	56.650000000000006	8	False
ENSG00000142252	70.25999999999999	9	False
ENSG00000142327	0.125	0	False
ENSG00000142396	173.65499999999997	9	False
ENSG00000142409	0.33	1	False
ENSG00000142453	0.44	1	False
ENSG00000142507	251.245	9	False
ENSG00000142528	5.199999999999999	5	False
ENSG00000142534	3087.42	9	False
ENSG00000142541	2049.0099999999998	9	False
ENSG00000142546	11.879999999999999	7	False
ENSG00000142634	1.5350000000000001	3	False
ENSG00000142655	2.16	4	False
ENSG00000142657	192.215	9	False
ENSG00000142669	82.57	9	False
ENSG00000142676	1773.2849999999999	9	False
ENSG00000142684	8.97	6	False
ENSG00000142686	2.165	4	False
ENSG00000142687	1.795	3	False
ENSG00000142731	10.934999999999999	6	False
ENSG00000142751	7.91	6	False
ENSG00000142784	0.18	0	False
ENSG00000142864	51.36	8	False
ENSG00000142875	0.625	2	False
ENSG00000142892	36.79	8	False
ENSG00000142937	1772.915	9	False
ENSG00000142945	53.74	8	False
ENSG00000143033	19.705	7	False
ENSG00000143093	6.75	6	False
ENSG00000143106	307.345	9	False
ENSG00000143119	112.185	9	False
ENSG00000143149	16.965	7	False
ENSG00000143153	0.53	1	False
ENSG00000143155	60.33	8	False
ENSG00000143156	27.46	8	False
ENSG00000143157	3.96	5	False
ENSG00000143158	58.22	8	False
ENSG00000143162	33.345	8	False
ENSG00000143164	11.98	7	False
ENSG00000143179	66.10499999999999	9	False
ENSG00000143183	387.58000000000004	9	False
ENSG00000143190	4.220000000000001	5	False
ENSG00000143198	206.325	9	False
ENSG00000143207	18.715	7	False
ENSG00000143222	143.97	9	False
ENSG00000143224	12.245000000000001	7	False
ENSG00000143252	75.93	9	False
ENSG00000143256	37.385000000000005	8	False
ENSG00000143258	9.315	6	False
ENSG00000143294	16.055	7	False
ENSG00000143303	8.365	6	False
ENSG00000143314	154.48	9	False
ENSG00000143319	14.385	7	False
ENSG00000143321	27.84	8	False
ENSG00000143322	1.455	3	False
ENSG00000143324	2.96	4	False
ENSG00000143337	17.005	7	False
ENSG00000143353	117.30000000000001	9	False
ENSG00000143363	11.795	7	False
ENSG00000143368	2.27	4	False
ENSG00000143373	0.14500000000000002	0	False
ENSG00000143374	12.1	7	False
ENSG00000143376	2.8550000000000004	4	False
ENSG00000143379	13.085	7	False
ENSG00000143384	16.055	7	False
ENSG00000143390	3.6849999999999996	4	False
ENSG00000143393	2.135	4	False
ENSG00000143398	1.37	3	False
ENSG00000143401	118.6	9	False
ENSG00000143418	16.855	7	False
ENSG00000143420	46.77	8	False
ENSG00000143436	30.47	8	False
ENSG00000143437	4.9350000000000005	5	False
ENSG00000143442	8.71	6	False
ENSG00000143443	12.73	7	False
ENSG00000143450	1.14	3	False
ENSG00000143457	10.39	6	False
ENSG00000143479	2.91	4	False
ENSG00000143486	64.425	9	False
ENSG00000143498	25.14	8	False
ENSG00000143499	9.925	6	False
ENSG00000143515	0.47	1	False
ENSG00000143537	0.51	1	False
ENSG00000143543	18.479999999999997	7	False
ENSG00000143545	14.364999999999998	7	False
ENSG00000143569	49.82	8	False
ENSG00000143570	7.3149999999999995	6	False
ENSG00000143575	316.805	9	False
ENSG00000143614	4.365	5	False
ENSG00000143621	319.13	9	False
ENSG00000143622	39.675	8	False
ENSG00000143624	3.625	4	False
ENSG00000143633	43.644999999999996	8	False
ENSG00000143653	5.26	5	False
ENSG00000143727	337.15999999999997	9	False
ENSG00000143742	1248.35	9	False
ENSG00000143748	20.695	7	False
ENSG00000143751	9.67	6	False
ENSG00000143756	3.1550000000000002	4	False
ENSG00000143761	50.555	8	False
ENSG00000143771	208.195	9	False
ENSG00000143774	6.32	5	False
ENSG00000143797	5.895	5	False
ENSG00000143799	75.66	9	False
ENSG00000143811	3.865	5	False
ENSG00000143815	139.16500000000002	9	False
ENSG00000143819	0.105	0	False
ENSG00000143851	12.65	7	False
ENSG00000143862	0.155	0	False
ENSG00000143891	21.01	7	False
ENSG00000143924	10.705	6	False
ENSG00000143933	1232.585	9	False
ENSG00000143942	24.92	8	False
ENSG00000143947	2132.6400000000003	9	False
ENSG00000143952	2.94	4	False
ENSG00000143970	1.585	3	False
ENSG00000143977	1947.06	9	False
ENSG00000143994	0.12000000000000001	0	False
ENSG00000144021	8.425	6	False
ENSG00000144028	54.18	8	False
ENSG00000144029	58.32	8	False
ENSG00000144043	7.7250000000000005	6	False
ENSG00000144120	9.44	6	False
ENSG00000144136	34.495000000000005	8	False
ENSG00000144224	31.58	8	False
ENSG00000144231	32.925	8	False
ENSG00000144283	14.8	7	False
ENSG00000144320	5.970000000000001	5	False
ENSG00000144354	21.145000000000003	7	False
ENSG00000144357	8.315	6	False
ENSG00000144381	394.29	9	False
ENSG00000144401	5.835000000000001	5	False
ENSG00000144426	3.0	4	False
ENSG00000144468	5.875	5	False
ENSG00000144504	0.865	2	False
ENSG00000144524	3.84	5	False
ENSG00000144554	62.565	8	False
ENSG00000144559	46.75	8	False
ENSG00000144567	3.7350000000000003	5	False
ENSG00000144579	1.9	3	False
ENSG00000144580	14.07	7	False
ENSG00000144589	0.48	1	False
ENSG00000144597	7.26	6	False
ENSG00000144655	0.505	1	False
ENSG00000144659	9.19	6	False
ENSG00000144674	8.0	6	False
ENSG00000144713	3145.6099999999997	9	False
ENSG00000144744	39.41	8	False
ENSG00000144746	35.120000000000005	8	False
ENSG00000144747	2.575	4	False
ENSG00000144791	0.77	2	False
ENSG00000144802	0.935	2	False
ENSG00000144827	4.255	5	False
ENSG00000144848	32.849999999999994	8	False
ENSG00000144895	80.77000000000001	9	False
ENSG00000144935	1.37	3	False
ENSG00000145029	4.13	5	False
ENSG00000145041	2.03	3	False
ENSG00000145050	5.835	5	False
ENSG00000145191	13.934999999999999	7	False
ENSG00000145216	24.935000000000002	8	False
ENSG00000145220	19.055	7	False
ENSG00000145241	11.760000000000002	7	False
ENSG00000145293	25.08	8	False
ENSG00000145337	17.59	7	False
ENSG00000145348	3.6950000000000003	4	False
ENSG00000145354	67.105	9	False
ENSG00000145375	2.215	4	False
ENSG00000145386	26.5	8	False
ENSG00000145414	1.645	3	False
ENSG00000145425	2508.655	9	False
ENSG00000145476	0.63	2	False
ENSG00000145494	27.83	8	False
ENSG00000145495	109.445	9	False
ENSG00000145592	2394.39	9	False
ENSG00000145604	24.07	8	False
ENSG00000145687	57.39	8	False
ENSG00000145703	5.785	5	False
ENSG00000145725	42.019999999999996	8	False
ENSG00000145734	4.165	5	False
ENSG00000145740	15.625	7	False
ENSG00000145741	701.5350000000001	9	False
ENSG00000145777	1.825	3	False
ENSG00000145779	21.79	7	False
ENSG00000145780	2.43	4	False
ENSG00000145817	30.06	8	False
ENSG00000145833	15.379999999999999	7	False
ENSG00000145868	5.345000000000001	5	False
ENSG00000145908	3.01	4	False
ENSG00000145912	38.775000000000006	8	False
ENSG00000145916	1.8650000000000002	3	False
ENSG00000145979	60.715	8	False
ENSG00000145982	36.885	8	False
ENSG00000145996	10.075	6	False
ENSG00000146007	28.645000000000003	8	False
ENSG00000146054	1.845	3	False
ENSG00000146063	1.3	3	False
ENSG00000146066	206.58499999999998	9	False
ENSG00000146067	2.365	4	False
ENSG00000146083	1.615	3	False
ENSG00000146085	12.72	7	False
ENSG00000146109	7.795	6	False
ENSG00000146112	9.899999999999999	6	False
ENSG00000146143	13.825	7	False
ENSG00000146223	112.81	9	False
ENSG00000146247	5.865	5	False
ENSG00000146267	0.115	0	False
ENSG00000146278	1.09	2	False
ENSG00000146376	11.625	7	False
ENSG00000146409	7.965	6	False
ENSG00000146410	30.270000000000003	8	False
ENSG00000146411	0.135	0	False
ENSG00000146414	5.53	5	False
ENSG00000146416	95.05	9	False
ENSG00000146425	396.675	9	False
ENSG00000146433	3.77	5	False
ENSG00000146457	81.495	9	False
ENSG00000146463	10.045	6	False
ENSG00000146476	47.144999999999996	8	False
ENSG00000146535	0.705	2	False
ENSG00000146540	1.205	3	False
ENSG00000146670	12.98	7	False
ENSG00000146701	207.285	9	False
ENSG00000146729	19.6	7	False
ENSG00000146731	176.64499999999998	9	False
ENSG00000146733	4.1899999999999995	5	False
ENSG00000146776	7.96	6	False
ENSG00000146802	17.25	7	False
ENSG00000146830	0.42500000000000004	1	False
ENSG00000146833	3.7249999999999996	4	False
ENSG00000146834	8.690000000000001	6	False
ENSG00000146909	5.795	5	False
ENSG00000146918	12.325	7	False
ENSG00000146963	44.665	8	False
ENSG00000147003	0.155	0	False
ENSG00000147050	5.145	5	False
ENSG00000147099	25.055	8	False
ENSG00000147121	4.975	5	False
ENSG00000147123	17.975	7	False
ENSG00000147130	2.605	4	False
ENSG00000147133	4.13	5	False
ENSG00000147140	243.37	9	False
ENSG00000147144	0.11	0	False
ENSG00000147155	701.24	9	False
ENSG00000147162	26.615	8	False
ENSG00000147168	12.75	7	False
ENSG00000147251	27.935	8	False
ENSG00000147274	282.36	9	False
ENSG00000147383	32.92	8	False
ENSG00000147400	17.415	7	False
ENSG00000147416	17.810000000000002	7	False
ENSG00000147419	74.105	9	False
ENSG00000147421	10.175	6	False
ENSG00000147439	10.274999999999999	6	False
ENSG00000147454	14.204999999999998	7	False
ENSG00000147471	6.59	6	False
ENSG00000147475	7.075	6	False
ENSG00000147526	7.3549999999999995	6	False
ENSG00000147533	40.5	8	False
ENSG00000147536	14.275	7	False
ENSG00000147548	18.115000000000002	7	False
ENSG00000147586	140.88	9	False
ENSG00000147604	4870.075	9	False
ENSG00000147649	26.04	8	False
ENSG00000147650	3.9400000000000004	5	False
ENSG00000147654	25.795	8	False
ENSG00000147669	220.02	9	False
ENSG00000147677	299.92999999999995	9	False
ENSG00000147684	1204.83	9	False
ENSG00000147687	77.215	9	False
ENSG00000147789	7.545	6	False
ENSG00000147813	1.415	3	False
ENSG00000147853	8.45	6	False
ENSG00000147854	3.6799999999999997	4	False
ENSG00000147874	6.73	6	False
ENSG00000147905	30.0	8	False
ENSG00000147955	4.945	5	False
ENSG00000148110	33.855000000000004	8	False
ENSG00000148153	53.355000000000004	8	False
ENSG00000148187	53.519999999999996	8	False
ENSG00000148200	12.435	7	False
ENSG00000148225	0.2	0	False
ENSG00000148229	37.06	8	False
ENSG00000148248	6.779999999999999	6	False
ENSG00000148296	1.275	3	False
ENSG00000148297	0.48	1	False
ENSG00000148300	2.375	4	False
ENSG00000148303	1641.32	9	False
ENSG00000148334	1.66	3	False
ENSG00000148341	0.135	0	False
ENSG00000148343	0.365	1	False
ENSG00000148358	3.1050000000000004	4	False
ENSG00000148396	7.970000000000001	6	False
ENSG00000148399	11.995000000000001	7	False
ENSG00000148411	0.47	1	False
ENSG00000148426	0.6799999999999999	2	False
ENSG00000148429	2.635	4	False
ENSG00000148450	1.2000000000000002	3	False
ENSG00000148459	8.219999999999999	6	False
ENSG00000148484	42.125	8	False
ENSG00000148498	1.89	3	False
ENSG00000148606	9.11	6	False
ENSG00000148634	8.265	6	False
ENSG00000148660	6.9	6	False
ENSG00000148672	15.844999999999999	7	False
ENSG00000148688	115.47	9	False
ENSG00000148700	9.06	6	False
ENSG00000148719	2.325	4	False
ENSG00000148730	16.314999999999998	7	False
ENSG00000148773	9.3	6	False
ENSG00000148824	1.56	3	False
ENSG00000148840	5.54	5	False
ENSG00000148841	2.755	4	False
ENSG00000148843	12.45	7	False
ENSG00000148908	24.985	8	False
ENSG00000148925	9.06	6	False
ENSG00000148943	31.54	8	False
ENSG00000148950	166.05	9	False
ENSG00000148985	23.44	8	False
ENSG00000149089	76.31	9	False
ENSG00000149091	0.345	1	False
ENSG00000149100	1313.5749999999998	9	False
ENSG00000149115	0.675	2	False
ENSG00000149136	61.35000000000001	8	False
ENSG00000149150	2.13	4	False
ENSG00000149179	5.1850000000000005	5	False
ENSG00000149182	21.98	7	False
ENSG00000149187	16.1	7	False
ENSG00000149196	145.445	9	False
ENSG00000149257	2.27	4	False
ENSG00000149262	19.235	7	False
ENSG00000149273	3728.96	9	False
ENSG00000149313	73.445	9	False
ENSG00000149357	62.34	8	False
ENSG00000149428	31.32	8	False
ENSG00000149476	1.29	3	False
ENSG00000149480	5.09	5	False
ENSG00000149483	89.95	9	False
ENSG00000149489	0.44	1	False
ENSG00000149499	0.32999999999999996	1	False
ENSG00000149503	1.9300000000000002	3	False
ENSG00000149541	0.345	1	False
ENSG00000149554	40.86	8	False
ENSG00000149577	1.805	3	False
ENSG00000149600	8.7	6	False
ENSG00000149636	19.18	7	False
ENSG00000149657	0.54	1	False
ENSG00000149658	8.31	6	False
ENSG00000149743	4.885	5	False
ENSG00000149761	4.96	5	False
ENSG00000149781	2.075	3	False
ENSG00000149782	0.21500000000000002	0	False
ENSG00000149792	56.875	8	False
ENSG00000149806	346.985	9	False
ENSG00000149923	3.435	4	False
ENSG00000149925	235.465	9	False
ENSG00000149930	0.115	0	False
ENSG00000150281	0.22	0	False
ENSG00000150316	89.38	9	False
ENSG00000150403	7.58	6	False
ENSG00000150593	10.475	6	False
ENSG00000150712	2.8449999999999998	4	False
ENSG00000150753	585.2	9	False
ENSG00000150756	25.810000000000002	8	False
ENSG00000150768	28.575000000000003	8	False
ENSG00000150776	9.215	6	False
ENSG00000150779	256.74	9	False
ENSG00000150787	54.72	8	False
ENSG00000150867	55.705	8	False
ENSG00000150967	0.31	1	False
ENSG00000150990	0.125	0	False
ENSG00000150991	740.7	9	False
ENSG00000150995	21.384999999999998	7	False
ENSG00000151014	1.865	3	False
ENSG00000151092	37.39	8	False
ENSG00000151093	68.58500000000001	9	False
ENSG00000151131	80.86500000000001	9	False
ENSG00000151135	13.11	7	False
ENSG00000151148	5.45	5	False
ENSG00000151176	3.915	5	False
ENSG00000151239	8.135	6	False
ENSG00000151247	306.57500000000005	9	False
ENSG00000151292	6.6850000000000005	6	False
ENSG00000151327	5.895	5	False
ENSG00000151366	872.04	9	False
ENSG00000151414	5.539999999999999	5	False
ENSG00000151445	3.0549999999999997	4	False
ENSG00000151461	12.085	7	False
ENSG00000151465	122.50999999999999	9	False
ENSG00000151466	5.57	5	False
ENSG00000151500	160.68	9	False
ENSG00000151502	2.34	4	False
ENSG00000151503	15.305	7	False
ENSG00000151553	0.905	2	False
ENSG00000151665	63.08	8	False
ENSG00000151694	3.86	5	False
ENSG00000151725	26.450000000000003	8	False
ENSG00000151729	7.1850000000000005	6	False
ENSG00000151779	10.375	6	False
ENSG00000151806	6.0600000000000005	5	False
ENSG00000151876	3.815	5	False
ENSG00000151893	6.52	6	False
ENSG00000151917	0.235	0	False
ENSG00000151923	14.55	7	False
ENSG00000152061	11.45	7	False
ENSG00000152082	3.73	4	False
ENSG00000152102	2.26	4	False
ENSG00000152127	1.025	2	False
ENSG00000152223	0.875	2	False
ENSG00000152234	466.165	9	False
ENSG00000152240	96.08500000000001	9	False
ENSG00000152256	2.515	4	False
ENSG00000152291	9.165	6	False
ENSG00000152292	0.135	0	False
ENSG00000152332	13.61	7	False
ENSG00000152359	18.630000000000003	7	False
ENSG00000152382	39.93	8	False
ENSG00000152413	5.24	5	False
ENSG00000152443	1.525	3	False
ENSG00000152455	29.855	8	False
ENSG00000152464	20.735	7	False
ENSG00000152492	7.575	6	False
ENSG00000152518	29.325	8	False
ENSG00000152520	7.09	6	False
ENSG00000152556	8.91	6	False
ENSG00000152601	46.120000000000005	8	False
ENSG00000152683	9.27	6	False
ENSG00000152700	155.58499999999998	9	False
ENSG00000152763	1.675	3	False
ENSG00000152795	172.24	9	False
ENSG00000152818	0.5900000000000001	2	False
ENSG00000152942	16.215	7	False
ENSG00000152944	43.99	8	False
ENSG00000153006	34.8	8	False
ENSG00000153015	27.6	8	False
ENSG00000153037	202.855	9	False
ENSG00000153044	8.17	6	False
ENSG00000153048	5.595000000000001	5	False
ENSG00000153066	0.565	2	False
ENSG00000153107	9.295	6	False
ENSG00000153132	1.69	3	False
ENSG00000153147	15.094999999999999	7	False
ENSG00000153187	110.92	9	False
ENSG00000153201	6.925000000000001	6	False
ENSG00000153207	5.98	5	False
ENSG00000153214	2.795	4	False
ENSG00000153237	0.8400000000000001	2	False
ENSG00000153310	59.945	8	False
ENSG00000153317	2.99	4	False
ENSG00000153395	0.135	0	False
ENSG00000153487	0.75	2	False
ENSG00000153560	9.26	6	False
ENSG00000153561	8.39	6	False
ENSG00000153574	6.51	6	False
ENSG00000153767	10.15	6	False
ENSG00000153774	24.705	8	False
ENSG00000153786	1.455	3	False
ENSG00000153827	9.985	6	False
ENSG00000153832	0.525	1	False
ENSG00000153922	17.165	7	False
ENSG00000153936	5.029999999999999	5	False
ENSG00000153944	3.6950000000000003	4	False
ENSG00000153975	9.7	6	False
ENSG00000153982	5.525	5	False
ENSG00000153989	14.215	7	False
ENSG00000154001	4.38	5	False
ENSG00000154059	4.02	5	False
ENSG00000154124	2.19	4	False
ENSG00000154174	10.89	6	False
ENSG00000154222	0.675	2	False
ENSG00000154269	8.725000000000001	6	False
ENSG00000154305	12.82	7	False
ENSG00000154310	4.09	5	False
ENSG00000154370	2.945	4	False
ENSG00000154429	2.885	4	False
ENSG00000154473	494.91499999999996	9	False
ENSG00000154479	0.78	2	False
ENSG00000154582	199.945	9	False
ENSG00000154639	0.11	0	False
ENSG00000154710	4.699999999999999	5	False
ENSG00000154719	178.305	9	False
ENSG00000154723	1811.3600000000001	9	False
ENSG00000154727	5.96	5	False
ENSG00000154743	29.35	8	False
ENSG00000154767	2.5949999999999998	4	False
ENSG00000154803	1.065	2	False
ENSG00000154813	97.03999999999999	9	False
ENSG00000154814	10.260000000000002	6	False
ENSG00000154832	3.905	5	False
ENSG00000154839	18.869999999999997	7	False
ENSG00000154845	16.175	7	False
ENSG00000154945	5.975	5	False
ENSG00000154978	5.720000000000001	5	False
ENSG00000155090	7.89	6	False
ENSG00000155097	22.765	8	False
ENSG00000155099	4.615	5	False
ENSG00000155100	13.61	7	False
ENSG00000155115	86.28999999999999	9	False
ENSG00000155189	16.375	7	False
ENSG00000155229	29.28	8	False
ENSG00000155252	3.4050000000000002	4	False
ENSG00000155275	1.29	3	False
ENSG00000155304	17.35	7	False
ENSG00000155313	4.745	5	False
ENSG00000155329	97.41	9	False
ENSG00000155363	14.605	7	False
ENSG00000155366	29.14	8	False
ENSG00000155367	0.245	0	False
ENSG00000155368	321.58500000000004	9	False
ENSG00000155380	57.125	8	False
ENSG00000155393	1.2650000000000001	3	False
ENSG00000155438	156.575	9	False
ENSG00000155463	85.38499999999999	9	False
ENSG00000155506	35.24	8	False
ENSG00000155508	11.335	7	False
ENSG00000155561	64.555	9	False
ENSG00000155660	7.035	6	False
ENSG00000155744	5.925000000000001	5	False
ENSG00000155876	4.39	5	False
ENSG00000155906	22.085	7	False
ENSG00000155975	2.9	4	False
ENSG00000155980	2.185	4	False
ENSG00000156017	7.105	6	False
ENSG00000156026	5.225	5	False
ENSG00000156110	57.614999999999995	8	False
ENSG00000156162	5.949999999999999	5	False
ENSG00000156171	66.66499999999999	9	False
ENSG00000156256	41.04	8	False
ENSG00000156261	451.45500000000004	9	False
ENSG00000156298	0.11	0	False
ENSG00000156304	3.33	4	False
ENSG00000156398	7.835	6	False
ENSG00000156469	13.715	7	False
ENSG00000156471	18.810000000000002	7	False
ENSG00000156482	1900.835	9	False
ENSG00000156500	9.42	6	False
ENSG00000156502	30.810000000000002	8	False
ENSG00000156504	16.23	7	False
ENSG00000156508	4061.44	9	False
ENSG00000156531	35.265	8	False
ENSG00000156599	2.8150000000000004	4	False
ENSG00000156639	0.535	1	False
ENSG00000156642	7.365	6	False
ENSG00000156675	4.605	5	False
ENSG00000156697	19.975	7	False
ENSG00000156709	31.635	8	False
ENSG00000156735	41.9	8	False
ENSG00000156787	11.1	6	False
ENSG00000156802	8.785	6	False
ENSG00000156831	49.03	8	False
ENSG00000156860	0.245	0	False
ENSG00000156869	1.105	2	False
ENSG00000156873	5.9	5	False
ENSG00000156875	11.365	7	False
ENSG00000156928	8.925	6	False
ENSG00000156931	4.305	5	False
ENSG00000156958	47.540000000000006	8	False
ENSG00000156970	19.11	7	False
ENSG00000156983	0.9450000000000001	2	False
ENSG00000156990	12.83	7	False
ENSG00000157020	68.1	9	False
ENSG00000157106	2.38	4	False
ENSG00000157110	0.32499999999999996	1	False
ENSG00000157181	34.03	8	False
ENSG00000157184	5.125	5	False
ENSG00000157191	15.35	7	False
ENSG00000157193	5.800000000000001	5	False
ENSG00000157259	5.805	5	False
ENSG00000157303	1.28	3	False
ENSG00000157350	1.575	3	False
ENSG00000157353	0.555	1	False
ENSG00000157379	20.935000000000002	7	False
ENSG00000157426	20.89	7	False
ENSG00000157456	161.7	9	False
ENSG00000157538	23.615000000000002	8	False
ENSG00000157540	7.904999999999999	6	False
ENSG00000157578	2.95	4	False
ENSG00000157593	10.46	6	False
ENSG00000157600	1.8599999999999999	3	False
ENSG00000157617	0.8900000000000001	2	False
ENSG00000157637	0.345	1	False
ENSG00000157653	0.11	0	False
ENSG00000157741	0.925	2	False
ENSG00000157764	4.285	5	False
ENSG00000157778	27.35	8	False
ENSG00000157823	11.64	7	False
ENSG00000157837	2.985	4	False
ENSG00000157869	5.720000000000001	5	False
ENSG00000157881	0.845	2	False
ENSG00000157916	19.04	7	False
ENSG00000157933	0.21500000000000002	0	False
ENSG00000157954	5.92	5	False
ENSG00000157978	0.43000000000000005	1	False
ENSG00000158019	22.82	8	False
ENSG00000158042	56.64	8	False
ENSG00000158079	1.15	3	False
ENSG00000158092	11.565000000000001	7	False
ENSG00000158161	19.905	7	False
ENSG00000158195	6.825	6	False
ENSG00000158290	10.05	6	False
ENSG00000158296	5.17	5	False
ENSG00000158373	13.8	7	False
ENSG00000158402	20.735	7	False
ENSG00000158406	47.92	8	False
ENSG00000158417	20.43	7	False
ENSG00000158435	8.92	6	False
ENSG00000158470	10.795	6	False
ENSG00000158486	0.28	1	False
ENSG00000158545	1.3399999999999999	3	False
ENSG00000158604	14.325	7	False
ENSG00000158615	15.035	7	False
ENSG00000158623	4.205	5	False
ENSG00000158636	9.61	6	False
ENSG00000158669	2.215	4	False
ENSG00000158691	1.6400000000000001	3	False
ENSG00000158710	280.3	9	False
ENSG00000158716	0.74	2	False
ENSG00000158717	0.41000000000000003	1	False
ENSG00000158769	18.505	7	False
ENSG00000158773	5.255	5	False
ENSG00000158793	48.24	8	False
ENSG00000158796	20.465	7	False
ENSG00000158805	0.37	1	False
ENSG00000158850	32.745	8	False
ENSG00000158864	50.025	8	False
ENSG00000158882	6.045	5	False
ENSG00000158941	7.895	6	False
ENSG00000158987	2.33	4	False
ENSG00000159023	4.075	5	False
ENSG00000159063	126.32499999999999	9	False
ENSG00000159069	0.21999999999999997	0	False
ENSG00000159079	20.845	7	False
ENSG00000159086	10.68	6	False
ENSG00000159111	22.9	8	False
ENSG00000159128	5.09	5	False
ENSG00000159131	163.91000000000003	9	False
ENSG00000159140	493.63	9	False
ENSG00000159147	17.17	7	False
ENSG00000159199	1058.045	9	False
ENSG00000159202	8.175	6	False
ENSG00000159210	4.485	5	False
ENSG00000159228	2.25	4	False
ENSG00000159256	8.09	6	False
ENSG00000159259	4.745	5	False
ENSG00000159267	1.7550000000000001	3	False
ENSG00000159322	8.56	6	False
ENSG00000159335	4.12	5	False
ENSG00000159346	21.02	7	False
ENSG00000159348	6.984999999999999	6	False
ENSG00000159352	133.35500000000002	9	False
ENSG00000159363	0.375	1	False
ENSG00000159377	458.46	9	False
ENSG00000159388	2.065	3	False
ENSG00000159399	3.3	4	False
ENSG00000159423	0.215	0	False
ENSG00000159445	6.125	5	False
ENSG00000159459	3.66	4	False
ENSG00000159461	14.149999999999999	7	False
ENSG00000159479	64.985	9	False
ENSG00000159579	9.23	6	False
ENSG00000159592	55.135000000000005	8	False
ENSG00000159593	169.10500000000002	9	False
ENSG00000159596	108.21000000000001	9	False
ENSG00000159658	5.225	5	False
ENSG00000159708	0.12	0	False
ENSG00000159720	18.259999999999998	7	False
ENSG00000159792	0.8300000000000001	2	False
ENSG00000159840	1.615	3	False
ENSG00000159873	4.800000000000001	5	False
ENSG00000159882	1.075	2	False
ENSG00000160007	0.595	2	False
ENSG00000160049	43.35	8	False
ENSG00000160050	4.140000000000001	5	False
ENSG00000160058	7.12	6	False
ENSG00000160075	50.765	8	False
ENSG00000160087	0.7250000000000001	2	False
ENSG00000160111	0.20500000000000002	0	False
ENSG00000160113	0.73	2	False
ENSG00000160131	18.245	7	False
ENSG00000160193	4.085	5	False
ENSG00000160194	13.17	7	False
ENSG00000160208	6.16	5	False
ENSG00000160209	4.345	5	False
ENSG00000160211	12.379999999999999	7	False
ENSG00000160213	9.579999999999998	6	False
ENSG00000160214	0.675	2	False
ENSG00000160216	0.9550000000000001	2	False
ENSG00000160218	1.095	2	False
ENSG00000160256	0.65	2	False
ENSG00000160271	0.65	2	False
ENSG00000160285	1.85	3	False
ENSG00000160294	5.9	5	False
ENSG00000160299	6.165	5	False
ENSG00000160305	3.09	4	False
ENSG00000160310	24.39	8	False
ENSG00000160318	0.495	1	False
ENSG00000160345	1.525	3	False
ENSG00000160352	16.675	7	False
ENSG00000160392	0.30000000000000004	1	False
ENSG00000160404	0.505	1	False
ENSG00000160410	0.9949999999999999	2	False
ENSG00000160446	0.49	1	False
ENSG00000160447	0.625	2	False
ENSG00000160551	2.21	4	False
ENSG00000160563	53.595	8	False
ENSG00000160570	3.5999999999999996	4	False
ENSG00000160584	1.085	2	False
ENSG00000160602	1.33	3	False
ENSG00000160613	2.185	4	False
ENSG00000160633	0.97	2	False
ENSG00000160679	7.395	6	False
ENSG00000160688	19.869999999999997	7	False
ENSG00000160691	4.04	5	False
ENSG00000160695	14.425	7	False
ENSG00000160714	6.595000000000001	6	False
ENSG00000160741	1.9449999999999998	3	False
ENSG00000160746	4.705	5	False
ENSG00000160752	570.63	9	False
ENSG00000160767	1.45	3	False
ENSG00000160783	7.195	6	False
ENSG00000160785	2.9749999999999996	4	False
ENSG00000160796	0.19	0	False
ENSG00000160799	7.32	6	False
ENSG00000160803	20.355	7	False
ENSG00000160808	0.16	0	False
ENSG00000160813	2.6849999999999996	4	False
ENSG00000160818	56.77	8	False
ENSG00000160888	3.795	5	False
ENSG00000160908	2.0999999999999996	3	False
ENSG00000160917	13.815	7	False
ENSG00000160932	4.255	5	False
ENSG00000160948	39.87	8	False
ENSG00000160949	0.105	0	False
ENSG00000160953	6.79	6	False
ENSG00000160957	1.24	3	False
ENSG00000160959	1.225	3	False
ENSG00000160991	0.89	2	False
ENSG00000161011	5.07	5	False
ENSG00000161013	0.21500000000000002	0	False
ENSG00000161016	1259.225	9	False
ENSG00000161021	0.22	0	False
ENSG00000161036	0.41000000000000003	1	False
ENSG00000161040	16.58	7	False
ENSG00000161091	0.52	1	False
ENSG00000161179	10.719999999999999	6	False
ENSG00000161202	3.5949999999999998	4	False
ENSG00000161203	96.70500000000001	9	False
ENSG00000161204	5.5	5	False
ENSG00000161217	9.065000000000001	6	False
ENSG00000161513	0.725	2	False
ENSG00000161526	67.875	9	False
ENSG00000161533	5.7	5	False
ENSG00000161551	1.155	3	False
ENSG00000161558	0.47	1	False
ENSG00000161618	2.255	4	False
ENSG00000161654	178.99	9	False
ENSG00000161671	0.95	2	False
ENSG00000161677	0.29500000000000004	1	False
ENSG00000161692	1.62	3	False
ENSG00000161791	0.365	1	False
ENSG00000161860	0.495	1	False
ENSG00000161888	13.525	7	False
ENSG00000161904	0.20500000000000002	0	False
ENSG00000161956	0.47	1	False
ENSG00000161960	139.16	9	False
ENSG00000161970	1235.3400000000001	9	False
ENSG00000161980	227.245	9	False
ENSG00000161981	42.485	8	False
ENSG00000161999	0.87	2	False
ENSG00000162063	3.715	4	False
ENSG00000162065	2.4450000000000003	4	False
ENSG00000162073	0.38	1	False
ENSG00000162076	0.515	1	False
ENSG00000162086	4.345	5	False
ENSG00000162129	5.1899999999999995	5	False
ENSG00000162139	4.075	5	False
ENSG00000162144	23.134999999999998	8	False
ENSG00000162191	4.13	5	False
ENSG00000162194	1.59	3	False
ENSG00000162222	40.865	8	False
ENSG00000162227	0.215	0	False
ENSG00000162231	20.015	7	False
ENSG00000162236	2.165	4	False
ENSG00000162244	503.83	9	False
ENSG00000162298	0.315	1	False
ENSG00000162300	2.425	4	False
ENSG00000162302	0.175	0	False
ENSG00000162337	0.34	1	False
ENSG00000162368	37.21	8	False
ENSG00000162377	38.91	8	False
ENSG00000162378	4.47	5	False
ENSG00000162384	68.645	9	False
ENSG00000162385	94.86	9	False
ENSG00000162402	5.01	5	False
ENSG00000162408	6.53	6	False
ENSG00000162413	1.59	3	False
ENSG00000162433	7.42	6	False
ENSG00000162441	69.55000000000001	9	False
ENSG00000162511	1.81	3	False
ENSG00000162517	19.945	7	False
ENSG00000162521	192.0	9	False
ENSG00000162595	68.20500000000001	9	False
ENSG00000162600	31.165	8	False
ENSG00000162601	11.545	7	False
ENSG00000162607	17.560000000000002	7	False
ENSG00000162613	70.36500000000001	9	False
ENSG00000162616	12.365	7	False
ENSG00000162623	28.42	8	False
ENSG00000162636	5.33	5	False
ENSG00000162642	13.305	7	False
ENSG00000162664	4.46	5	False
ENSG00000162688	3.8249999999999997	5	False
ENSG00000162694	24.240000000000002	8	False
ENSG00000162695	5.16	5	False
ENSG00000162702	8.74	6	False
ENSG00000162704	48.69	8	False
ENSG00000162714	2.465	4	False
ENSG00000162734	5.62	5	False
ENSG00000162735	54.065	8	False
ENSG00000162736	29.055	8	False
ENSG00000162769	3.875	5	False
ENSG00000162775	3.0	4	False
ENSG00000162779	0.135	0	False
ENSG00000162783	1.8199999999999998	3	False
ENSG00000162813	21.11	7	False
ENSG00000162819	93.50999999999999	9	False
ENSG00000162851	109.195	9	False
ENSG00000162852	9.7	6	False
ENSG00000162885	1.75	3	False
ENSG00000162889	0.585	2	False
ENSG00000162910	30.035000000000004	8	False
ENSG00000162923	9.3	6	False
ENSG00000162928	3.275	4	False
ENSG00000162959	65.44	9	False
ENSG00000162961	286.65	9	False
ENSG00000162972	3.385	4	False
ENSG00000162980	11.605	7	False
ENSG00000162999	2.3550000000000004	4	False
ENSG00000163006	24.965	8	False
ENSG00000163041	379.48	9	False
ENSG00000163050	1.745	3	False
ENSG00000163104	6.785	6	False
ENSG00000163110	29.34	8	False
ENSG00000163125	2.63	4	False
ENSG00000163161	12.14	7	False
ENSG00000163162	6.1899999999999995	5	False
ENSG00000163166	14.23	7	False
ENSG00000163170	266.57	9	False
ENSG00000163214	5.5649999999999995	5	False
ENSG00000163257	14.12	7	False
ENSG00000163319	285.785	9	False
ENSG00000163320	18.145	7	False
ENSG00000163348	6.035	5	False
ENSG00000163349	7.025	6	False
ENSG00000163374	11.385	7	False
ENSG00000163382	21.055	7	False
ENSG00000163399	72.69	9	False
ENSG00000163428	4.325	5	False
ENSG00000163444	17.53	7	False
ENSG00000163466	68.145	9	False
ENSG00000163467	4.12	5	False
ENSG00000163479	263.84	9	False
ENSG00000163481	1.7200000000000002	3	False
ENSG00000163507	11.075	6	False
ENSG00000163512	63.22	8	False
ENSG00000163516	1.78	3	False
ENSG00000163517	0.655	2	False
ENSG00000163527	14.795	7	False
ENSG00000163528	101.95	9	False
ENSG00000163535	11.91	7	False
ENSG00000163539	10.14	6	False
ENSG00000163541	181.97	9	False
ENSG00000163558	9.6	6	False
ENSG00000163568	0.15000000000000002	0	False
ENSG00000163577	12.620000000000001	7	False
ENSG00000163584	76.275	9	False
ENSG00000163597	172.09	9	False
ENSG00000163605	8.615	6	False
ENSG00000163607	24.310000000000002	8	False
ENSG00000163608	4.46	5	False
ENSG00000163626	4.605	5	False
ENSG00000163634	89.51	9	False
ENSG00000163636	57.864999999999995	8	False
ENSG00000163655	55.475	8	False
ENSG00000163660	12.315	7	False
ENSG00000163666	0.925	2	False
ENSG00000163681	7.79	6	False
ENSG00000163682	2840.625	9	False
ENSG00000163703	2.3899999999999997	4	False
ENSG00000163719	6.07	5	False
ENSG00000163728	6.0	5	False
ENSG00000163743	56.56	8	False
ENSG00000163754	19.134999999999998	7	False
ENSG00000163781	9.59	6	False
ENSG00000163788	1.26	3	False
ENSG00000163798	5.435	5	False
ENSG00000163811	22.240000000000002	8	False
ENSG00000163812	6.785	6	False
ENSG00000163832	71.87	9	False
ENSG00000163848	2.145	4	False
ENSG00000163864	1.45	3	False
ENSG00000163867	8.540000000000001	6	False
ENSG00000163870	0.51	1	False
ENSG00000163872	1.4849999999999999	3	False
ENSG00000163875	38.095	8	False
ENSG00000163882	374.01	9	False
ENSG00000163900	21.805	7	False
ENSG00000163902	31.604999999999997	8	False
ENSG00000163918	117.165	9	False
ENSG00000163930	2.62	4	False
ENSG00000163931	43.26	8	False
ENSG00000163933	5.75	5	False
ENSG00000163938	141.965	9	False
ENSG00000163939	4.34	5	False
ENSG00000163946	11.0	6	False
ENSG00000163950	56.525000000000006	8	False
ENSG00000163956	0.7450000000000001	2	False
ENSG00000163960	2.69	4	False
ENSG00000163961	5.285	5	False
ENSG00000163964	2.525	4	False
ENSG00000164002	0.765	2	False
ENSG00000164010	5.535	5	False
ENSG00000164022	96.69	9	False
ENSG00000164024	20.205	7	False
ENSG00000164032	3108.49	9	False
ENSG00000164045	2.19	4	False
ENSG00000164050	0.355	1	False
ENSG00000164053	1.045	2	False
ENSG00000164054	7.83	6	False
ENSG00000164062	51.0	8	False
ENSG00000164068	6.365	5	False
ENSG00000164070	9.61	6	False
ENSG00000164073	18.6	7	False
ENSG00000164077	0.885	2	False
ENSG00000164080	1.4249999999999998	3	False
ENSG00000164086	0.525	1	False
ENSG00000164087	4.26	5	False
ENSG00000164091	4.1899999999999995	5	False
ENSG00000164104	505.64	9	False
ENSG00000164109	342.95000000000005	9	False
ENSG00000164111	58.415	8	False
ENSG00000164117	15.344999999999999	7	False
ENSG00000164118	14.364999999999998	7	False
ENSG00000164134	28.05	8	False
ENSG00000164144	13.415	7	False
ENSG00000164151	3.5700000000000003	4	False
ENSG00000164162	65.745	9	False
ENSG00000164163	95.63	9	False
ENSG00000164164	2.94	4	False
ENSG00000164167	79.86	9	False
ENSG00000164168	2.54	4	False
ENSG00000164172	46.0	8	False
ENSG00000164180	30.835	8	False
ENSG00000164181	2.615	4	False
ENSG00000164182	105.14	9	False
ENSG00000164187	1.28	3	False
ENSG00000164190	9.655000000000001	6	False
ENSG00000164199	14.08	7	False
ENSG00000164209	8.649999999999999	6	False
ENSG00000164211	18.744999999999997	7	False
ENSG00000164244	28.355	8	False
ENSG00000164252	3.29	4	False
ENSG00000164258	235.81	9	False
ENSG00000164284	11.46	7	False
ENSG00000164305	11.030000000000001	6	False
ENSG00000164307	1.415	3	False
ENSG00000164318	0.84	2	False
ENSG00000164327	10.75	6	False
ENSG00000164329	19.354999999999997	7	False
ENSG00000164338	19.15	7	False
ENSG00000164346	43.894999999999996	8	False
ENSG00000164347	20.84	7	False
ENSG00000164405	1800.9850000000001	9	False
ENSG00000164442	0.175	0	False
ENSG00000164494	14.015	7	False
ENSG00000164506	15.290000000000001	7	False
ENSG00000164535	0.8999999999999999	2	False
ENSG00000164548	44.16	8	False
ENSG00000164574	2.9299999999999997	4	False
ENSG00000164587	1578.33	9	False
ENSG00000164597	9.705	6	False
ENSG00000164604	2.225	4	False
ENSG00000164610	7.154999999999999	6	False
ENSG00000164611	767.285	9	False
ENSG00000164626	1.155	3	False
ENSG00000164654	4.745	5	False
ENSG00000164695	3.355	4	False
ENSG00000164715	1.145	3	False
ENSG00000164733	36.790000000000006	8	False
ENSG00000164754	40.035	8	False
ENSG00000164758	1.46	3	False
ENSG00000164808	7.945	6	False
ENSG00000164815	83.84	9	False
ENSG00000164828	27.4	8	False
ENSG00000164830	10.455	6	False
ENSG00000164877	1.06	2	False
ENSG00000164880	0.365	1	False
ENSG00000164885	2.92	4	False
ENSG00000164889	7.540000000000001	6	False
ENSG00000164896	0.43	1	False
ENSG00000164897	0.29000000000000004	1	False
ENSG00000164898	89.255	9	False
ENSG00000164916	0.24	0	False
ENSG00000164919	1402.97	9	False
ENSG00000164924	258.93	9	False
ENSG00000164933	8.545	6	False
ENSG00000164934	299.43	9	False
ENSG00000164944	16.509999999999998	7	False
ENSG00000164961	11.59	7	False
ENSG00000164967	14.559999999999999	7	False
ENSG00000164975	1.745	3	False
ENSG00000164985	12.059999999999999	7	False
ENSG00000165006	0.815	2	False
ENSG00000165055	61.61	8	False
ENSG00000165097	1.02	2	False
ENSG00000165118	3.0250000000000004	4	False
ENSG00000165120	0.215	0	False
ENSG00000165152	1.5899999999999999	3	False
ENSG00000165156	16.14	7	False
ENSG00000165175	0.365	1	False
ENSG00000165185	1.605	3	False
ENSG00000165195	13.085	7	False
ENSG00000165209	18.035	7	False
ENSG00000165219	7.404999999999999	6	False
ENSG00000165240	4.555	5	False
ENSG00000165264	56.94	8	False
ENSG00000165271	6.175	5	False
ENSG00000165280	4.585	5	False
ENSG00000165282	2.96	4	False
ENSG00000165283	83.565	9	False
ENSG00000165288	0.575	2	False
ENSG00000165322	2.8	4	False
ENSG00000165406	0.7150000000000001	2	False
ENSG00000165416	42.79	8	False
ENSG00000165417	3.495	4	False
ENSG00000165424	0.5449999999999999	1	False
ENSG00000165434	0.255	1	False
ENSG00000165458	0.505	1	False
ENSG00000165480	13.115	7	False
ENSG00000165494	5.91	5	False
ENSG00000165502	489.115	9	False
ENSG00000165516	4.415	5	False
ENSG00000165525	48.81	8	False
ENSG00000165526	18.78	7	False
ENSG00000165527	20.765	7	False
ENSG00000165533	5.800000000000001	5	False
ENSG00000165609	297.365	9	False
ENSG00000165629	981.705	9	False
ENSG00000165637	152.89	9	False
ENSG00000165644	0.43999999999999995	1	False
ENSG00000165650	3.34	4	False
ENSG00000165671	3.825	5	False
ENSG00000165672	693.355	9	False
ENSG00000165675	4.955	5	False
ENSG00000165678	815.22	9	False
ENSG00000165688	16.17	7	False
ENSG00000165689	5.3149999999999995	5	False
ENSG00000165699	5.195	5	False
ENSG00000165704	87.16499999999999	9	False
ENSG00000165714	0.29	1	False
ENSG00000165724	0.89	2	False
ENSG00000165730	0.115	0	False
ENSG00000165732	103.235	9	False
ENSG00000165733	6.4	6	False
ENSG00000165775	95.23	9	False
ENSG00000165792	67.005	9	False
ENSG00000165802	0.135	0	False
ENSG00000165819	30.4	8	False
ENSG00000165916	33.67	8	False
ENSG00000165934	12.309999999999999	7	False
ENSG00000165983	25.595	8	False
ENSG00000165997	2.71	4	False
ENSG00000166004	4.18	5	False
ENSG00000166012	81.225	9	False
ENSG00000166037	17.04	7	False
ENSG00000166049	1.37	3	False
ENSG00000166105	0.11499999999999999	0	False
ENSG00000166128	5.52	5	False
ENSG00000166133	3.045	4	False
ENSG00000166136	240.445	9	False
ENSG00000166140	1.2349999999999999	3	False
ENSG00000166164	14.795	7	False
ENSG00000166169	0.9199999999999999	2	False
ENSG00000166170	5.8149999999999995	5	False
ENSG00000166181	35.925	8	False
ENSG00000166197	63.89	9	False
ENSG00000166200	63.685	9	False
ENSG00000166226	358.40999999999997	9	False
ENSG00000166228	11.425	7	False
ENSG00000166233	11.285	7	False
ENSG00000166260	12.120000000000001	7	False
ENSG00000166266	11.030000000000001	6	False
ENSG00000166272	4.745	5	False
ENSG00000166295	130.78	9	False
ENSG00000166326	6.67	6	False
ENSG00000166333	39.345	8	False
ENSG00000166337	14.42	7	False
ENSG00000166340	6.175000000000001	5	False
ENSG00000166348	1.9449999999999998	3	False
ENSG00000166349	0.51	1	False
ENSG00000166411	115.39999999999999	9	False
ENSG00000166435	5.859999999999999	5	False
ENSG00000166439	0.435	1	False
ENSG00000166441	616.255	9	False
ENSG00000166451	269.33000000000004	9	False
ENSG00000166452	6.734999999999999	6	False
ENSG00000166454	4.605	5	False
ENSG00000166471	15.07	7	False
ENSG00000166479	7.984999999999999	6	False
ENSG00000166483	21.625	7	False
ENSG00000166501	39.91	8	False
ENSG00000166507	4.395	5	False
ENSG00000166508	279.5	9	False
ENSG00000166526	19.185	7	False
ENSG00000166557	5.29	5	False
ENSG00000166575	15.73	7	False
ENSG00000166582	13.285	7	False
ENSG00000166595	82.05	9	False
ENSG00000166598	131.965	9	False
ENSG00000166619	12.309999999999999	7	False
ENSG00000166685	5.785	5	False
ENSG00000166710	2312.5950000000003	9	False
ENSG00000166716	1.125	2	False
ENSG00000166734	7.735	6	False
ENSG00000166747	3.6950000000000003	4	False
ENSG00000166780	0.285	1	False
ENSG00000166783	3.035	4	False
ENSG00000166788	27.775	8	False
ENSG00000166794	463.02	9	False
ENSG00000166797	282.32500000000005	9	False
ENSG00000166803	634.1500000000001	9	False
ENSG00000166822	4.47	5	False
ENSG00000166831	0.18	0	False
ENSG00000166847	30.895000000000003	8	False
ENSG00000166848	10.18	6	False
ENSG00000166851	10.004999999999999	6	False
ENSG00000166855	8.17	6	False
ENSG00000166881	5.895	5	False
ENSG00000166886	0.375	1	False
ENSG00000166887	2.285	4	False
ENSG00000166889	3.1550000000000002	4	False
ENSG00000166902	46.515	8	False
ENSG00000166913	83.78999999999999	9	False
ENSG00000166925	0.255	1	False
ENSG00000166938	4.529999999999999	5	False
ENSG00000166946	27.115000000000002	8	False
ENSG00000166974	22.48	8	False
ENSG00000167004	9.02	6	False
ENSG00000167005	91.245	9	False
ENSG00000167085	147.765	9	False
ENSG00000167088	743.0250000000001	9	False
ENSG00000167103	0.36	1	False
ENSG00000167105	0.59	2	False
ENSG00000167110	14.7	7	False
ENSG00000167112	6.67	6	False
ENSG00000167113	6.54	6	False
ENSG00000167114	0.365	1	False
ENSG00000167118	8.265	6	False
ENSG00000167130	2.2750000000000004	4	False
ENSG00000167136	3.08	4	False
ENSG00000167196	20.045	7	False
ENSG00000167220	4.415	5	False
ENSG00000167257	4.395	5	False
ENSG00000167258	2.215	4	False
ENSG00000167264	4.225	5	False
ENSG00000167272	178.4	9	False
ENSG00000167283	1569.3899999999999	9	False
ENSG00000167323	5.28	5	False
ENSG00000167325	92.43	9	False
ENSG00000167378	6.68	6	False
ENSG00000167384	1.275	3	False
ENSG00000167397	23.924999999999997	8	False
ENSG00000167447	2.4349999999999996	4	False
ENSG00000167461	9.335	6	False
ENSG00000167468	48.545	8	False
ENSG00000167470	1.145	3	False
ENSG00000167491	3.495	4	False
ENSG00000167508	9.61	6	False
ENSG00000167513	0.65	2	False
ENSG00000167515	271.72	9	False
ENSG00000167522	3.835	5	False
ENSG00000167526	176.71	9	False
ENSG00000167548	0.99	2	False
ENSG00000167550	18.255	7	False
ENSG00000167552	14.735	7	False
ENSG00000167553	518.735	9	False
ENSG00000167562	2.935	4	False
ENSG00000167565	3.525	4	False
ENSG00000167595	0.795	2	False
ENSG00000167604	0.48	1	False
ENSG00000167615	1.4649999999999999	3	False
ENSG00000167635	23.305	8	False
ENSG00000167645	9.41	6	False
ENSG00000167657	0.11499999999999999	0	False
ENSG00000167658	251.815	9	False
ENSG00000167670	1.4649999999999999	3	False
ENSG00000167671	0.42000000000000004	1	False
ENSG00000167674	0.235	0	False
ENSG00000167695	1.065	2	False
ENSG00000167699	39.125	8	False
ENSG00000167705	0.615	2	False
ENSG00000167721	10.48	6	False
ENSG00000167747	5.235	5	False
ENSG00000167766	12.555	7	False
ENSG00000167770	91.235	9	False
ENSG00000167775	0.515	1	False
ENSG00000167778	1.01	2	False
ENSG00000167792	9.08	6	False
ENSG00000167797	3.9050000000000002	5	False
ENSG00000167815	771.4200000000001	9	False
ENSG00000167861	0.19	0	False
ENSG00000167862	22.875	8	False
ENSG00000167863	615.09	9	False
ENSG00000167881	19.215	7	False
ENSG00000167900	8.49	6	False
ENSG00000167904	40.370000000000005	8	False
ENSG00000167920	119.975	9	False
ENSG00000167925	0.535	1	False
ENSG00000167930	1.0	2	False
ENSG00000167962	0.13	0	False
ENSG00000167965	1.145	3	False
ENSG00000167967	0.45499999999999996	1	False
ENSG00000167969	3.49	4	False
ENSG00000167972	0.495	1	False
ENSG00000167977	0.5449999999999999	1	False
ENSG00000167978	19.895	7	False
ENSG00000167996	261.69500000000005	9	False
ENSG00000168003	15.84	7	False
ENSG00000168005	0.61	2	False
ENSG00000168014	2.885	4	False
ENSG00000168028	1936.63	9	False
ENSG00000168040	0.25	0	False
ENSG00000168061	0.17	0	False
ENSG00000168078	168.465	9	False
ENSG00000168090	116.805	9	False
ENSG00000168092	52.545	8	False
ENSG00000168096	0.37	1	False
ENSG00000168116	22.34	8	False
ENSG00000168137	22.71	8	False
ENSG00000168159	1.81	3	False
ENSG00000168172	1.72	3	False
ENSG00000168175	38.835	8	False
ENSG00000168209	5.5600000000000005	5	False
ENSG00000168228	3.565	4	False
ENSG00000168259	59.33	8	False
ENSG00000168264	12.045	7	False
ENSG00000168268	20.505000000000003	7	False
ENSG00000168275	125.92500000000001	9	False
ENSG00000168283	14.34	7	False
ENSG00000168286	1.97	3	False
ENSG00000168288	573.595	9	False
ENSG00000168291	105.205	9	False
ENSG00000168298	1.655	3	False
ENSG00000168300	4.0600000000000005	5	False
ENSG00000168303	5.615	5	False
ENSG00000168374	183.505	9	False
ENSG00000168385	75.785	9	False
ENSG00000168393	6.550000000000001	6	False
ENSG00000168395	8.95	6	False
ENSG00000168397	5.015000000000001	5	False
ENSG00000168411	13.175	7	False
ENSG00000168434	3.37	4	False
ENSG00000168438	10.885	6	False
ENSG00000168439	38.81	8	False
ENSG00000168461	16.345	7	False
ENSG00000168476	0.8799999999999999	2	False
ENSG00000168488	4.015	5	False
ENSG00000168496	40.225	8	False
ENSG00000168509	0.595	2	False
ENSG00000168538	7.39	6	False
ENSG00000168575	3.05	4	False
ENSG00000168610	108.33	9	False
ENSG00000168612	1.65	3	False
ENSG00000168615	8.2	6	False
ENSG00000168653	1927.01	9	False
ENSG00000168701	185.22	9	False
ENSG00000168710	18.055	7	False
ENSG00000168724	19.240000000000002	7	False
ENSG00000168763	0.935	2	False
ENSG00000168765	23.674999999999997	8	False
ENSG00000168785	0.405	1	False
ENSG00000168795	1.585	3	False
ENSG00000168802	12.085	7	False
ENSG00000168803	11.765	7	False
ENSG00000168806	1.835	3	False
ENSG00000168818	4.055	5	False
ENSG00000168827	28.445	8	False
ENSG00000168872	17.67	7	False
ENSG00000168884	0.555	1	False
ENSG00000168887	21.445	7	False
ENSG00000168894	346.29499999999996	9	False
ENSG00000168899	1.435	3	False
ENSG00000168906	79.71000000000001	9	False
ENSG00000168924	3.135	4	False
ENSG00000168936	0.19	0	False
ENSG00000168944	2.105	3	False
ENSG00000169016	9.79	6	False
ENSG00000169018	4.234999999999999	5	False
ENSG00000169020	1877.6550000000002	9	False
ENSG00000169021	7.92	6	False
ENSG00000169032	5.725	5	False
ENSG00000169062	11.21	6	False
ENSG00000169100	19.03	7	False
ENSG00000169118	2.995	4	False
ENSG00000169180	8.73	6	False
ENSG00000169188	12.51	7	False
ENSG00000169189	106.655	9	False
ENSG00000169221	1.78	3	False
ENSG00000169223	2.145	4	False
ENSG00000169228	10.195	6	False
ENSG00000169230	30.195	8	False
ENSG00000169241	76.025	9	False
ENSG00000169288	46.095	8	False
ENSG00000169299	10.965	6	False
ENSG00000169359	4.625	5	False
ENSG00000169371	43.735	8	False
ENSG00000169375	6.01	5	False
ENSG00000169379	3.24	4	False
ENSG00000169410	3.3600000000000003	4	False
ENSG00000169442	253.075	9	False
ENSG00000169446	12.735	7	False
ENSG00000169490	19.525	7	False
ENSG00000169499	1.665	3	False
ENSG00000169504	9.43	6	False
ENSG00000169519	13.77	7	False
ENSG00000169564	14.215	7	False
ENSG00000169592	0.25	0	False
ENSG00000169599	23.805	8	False
ENSG00000169621	0.10500000000000001	0	False
ENSG00000169679	42.760000000000005	8	False
ENSG00000169682	0.39	1	False
ENSG00000169689	28.205	8	False
ENSG00000169696	0.73	2	False
ENSG00000169710	0.23	0	False
ENSG00000169714	450.175	9	False
ENSG00000169718	5.57	5	False
ENSG00000169727	3.16	4	False
ENSG00000169733	0.21000000000000002	0	False
ENSG00000169738	17.965	7	False
ENSG00000169750	0.285	1	False
ENSG00000169756	47.91	8	False
ENSG00000169762	1.0899999999999999	2	False
ENSG00000169764	36.14	8	False
ENSG00000169813	133.505	9	False
ENSG00000169905	20.65	7	False
ENSG00000169919	14.2	7	False
ENSG00000169925	0.615	2	False
ENSG00000169972	0.57	2	False
ENSG00000169976	739.47	9	False
ENSG00000170004	0.455	1	False
ENSG00000170027	21.53	7	False
ENSG00000170037	1.5	3	False
ENSG00000170043	22.909999999999997	8	False
ENSG00000170088	2.84	4	False
ENSG00000170089	33.685	8	False
ENSG00000170142	44.35	8	False
ENSG00000170185	2.95	4	False
ENSG00000170242	10.275	6	False
ENSG00000170248	23.56	8	False
ENSG00000170265	0.575	2	False
ENSG00000170266	54.86	8	False
ENSG00000170291	38.864999999999995	8	False
ENSG00000170296	177.495	9	False
ENSG00000170312	460.91499999999996	9	False
ENSG00000170322	7.66	6	False
ENSG00000170325	0.645	2	False
ENSG00000170340	4.705	5	False
ENSG00000170385	2.6900000000000004	4	False
ENSG00000170445	10.280000000000001	6	False
ENSG00000170448	5.33	5	False
ENSG00000170468	1.75	3	False
ENSG00000170471	2.53	4	False
ENSG00000170473	22.54	8	False
ENSG00000170502	5.23	5	False
ENSG00000170515	156.065	9	False
ENSG00000170522	21.490000000000002	7	False
ENSG00000170540	258.255	9	False
ENSG00000170581	9.245000000000001	6	False
ENSG00000170584	10.530000000000001	6	False
ENSG00000170604	0.35	1	False
ENSG00000170606	62.59	8	False
ENSG00000170632	12.265	7	False
ENSG00000170633	41.81	8	False
ENSG00000170653	19.95	7	False
ENSG00000170734	3.62	4	False
ENSG00000170759	15.895	7	False
ENSG00000170779	4.765	5	False
ENSG00000170802	15.260000000000002	7	False
ENSG00000170852	13.379999999999999	7	False
ENSG00000170854	23.685000000000002	8	False
ENSG00000170855	250.195	9	False
ENSG00000170871	2.025	3	False
ENSG00000170876	12.864999999999998	7	False
ENSG00000170889	356.575	9	False
ENSG00000170892	1.8199999999999998	3	False
ENSG00000170899	1.88	3	False
ENSG00000170906	195.02499999999998	9	False
ENSG00000170946	8.52	6	False
ENSG00000170949	2.35	4	False
ENSG00000171067	1.47	3	False
ENSG00000171109	6.265000000000001	5	False
ENSG00000171130	0.43	1	False
ENSG00000171135	23.28	8	False
ENSG00000171148	3.06	4	False
ENSG00000171159	4.775	5	False
ENSG00000171161	1.655	3	False
ENSG00000171163	5.460000000000001	5	False
ENSG00000171169	3.9699999999999998	5	False
ENSG00000171204	161.32	9	False
ENSG00000171206	2.455	4	False
ENSG00000171208	2.885	4	False
ENSG00000171219	0.105	0	False
ENSG00000171223	0.3	1	False
ENSG00000171224	1.1949999999999998	3	False
ENSG00000171236	1.245	3	False
ENSG00000171241	4.43	5	False
ENSG00000171295	3.44	4	False
ENSG00000171302	2.185	4	False
ENSG00000171307	9.825	6	False
ENSG00000171310	1.58	3	False
ENSG00000171311	79.435	9	False
ENSG00000171314	32.980000000000004	8	False
ENSG00000171316	7.35	6	False
ENSG00000171320	16.259999999999998	7	False
ENSG00000171421	426.22	9	False
ENSG00000171425	2.425	4	False
ENSG00000171456	5.05	5	False
ENSG00000171466	7.8	6	False
ENSG00000171467	2.185	4	False
ENSG00000171469	12.280000000000001	7	False
ENSG00000171490	236.68	9	False
ENSG00000171492	2.075	3	False
ENSG00000171497	37.485	8	False
ENSG00000171503	10.585	6	False
ENSG00000171552	2.7	4	False
ENSG00000171566	135.085	9	False
ENSG00000171603	0.9950000000000001	2	False
ENSG00000171604	1.415	3	False
ENSG00000171606	3.68	4	False
ENSG00000171612	2.245	4	False
ENSG00000171634	15.98	7	False
ENSG00000171681	1.705	3	False
ENSG00000171720	63.72	9	False
ENSG00000171723	6.17	5	False
ENSG00000171735	54.17	8	False
ENSG00000171763	3.2	4	False
ENSG00000171792	13.99	7	False
ENSG00000171793	48.22	8	False
ENSG00000171824	16.79	7	False
ENSG00000171848	33.695	8	False
ENSG00000171853	7.615	6	False
ENSG00000171858	2936.9449999999997	9	False
ENSG00000171861	1.835	3	False
ENSG00000171862	8.85	6	False
ENSG00000171863	2185.135	9	False
ENSG00000171865	19.83	7	False
ENSG00000171914	0.12000000000000001	0	False
ENSG00000171928	34.980000000000004	8	False
ENSG00000171940	4.87	5	False
ENSG00000171953	1.9	3	False
ENSG00000171960	153.625	9	False
ENSG00000171962	0.25	0	False
ENSG00000172009	0.9950000000000001	2	False
ENSG00000172046	0.255	1	False
ENSG00000172053	155.105	9	False
ENSG00000172057	2.775	4	False
ENSG00000172081	0.74	2	False
ENSG00000172113	51.62	8	False
ENSG00000172115	931.7850000000001	9	False
ENSG00000172172	349.79	9	False
ENSG00000172239	39.215	8	False
ENSG00000172244	13.605	7	False
ENSG00000172262	18.395	7	False
ENSG00000172269	71.85	9	False
ENSG00000172336	9.405000000000001	6	False
ENSG00000172340	8.504999999999999	6	False
ENSG00000172354	0.6900000000000001	2	False
ENSG00000172366	0.865	2	False
ENSG00000172375	0.55	1	False
ENSG00000172380	1.645	3	False
ENSG00000172432	32.495	8	False
ENSG00000172466	43.595	8	False
ENSG00000172493	6.305	5	False
ENSG00000172500	31.630000000000003	8	False
ENSG00000172530	3.4699999999999998	4	False
ENSG00000172534	7.220000000000001	6	False
ENSG00000172586	76.935	9	False
ENSG00000172590	39.64	8	False
ENSG00000172613	0.88	2	False
ENSG00000172661	2.16	4	False
ENSG00000172667	0.7649999999999999	2	False
ENSG00000172725	0.385	1	False
ENSG00000172728	11.614999999999998	7	False
ENSG00000172732	9.715	6	False
ENSG00000172757	74.495	9	False
ENSG00000172766	2.145	4	False
ENSG00000172775	45.785	8	False
ENSG00000172795	24.189999999999998	8	False
ENSG00000172809	2074.68	9	False
ENSG00000172831	1.395	3	False
ENSG00000172840	2.21	4	False
ENSG00000172845	7.8100000000000005	6	False
ENSG00000172888	3.375	4	False
ENSG00000172890	8.83	6	False
ENSG00000172893	5.95	5	False
ENSG00000172901	1.525	3	False
ENSG00000172932	0.75	2	False
ENSG00000172936	27.015	8	False
ENSG00000172939	9.805	6	False
ENSG00000172954	42.095	8	False
ENSG00000172977	3.315	4	False
ENSG00000172992	6.1850000000000005	5	False
ENSG00000173020	0.655	2	False
ENSG00000173039	4.225	5	False
ENSG00000173064	3.15	4	False
ENSG00000173065	4.3500000000000005	5	False
ENSG00000173113	312.06	9	False
ENSG00000173120	5.3149999999999995	5	False
ENSG00000173145	23.135	8	False
ENSG00000173153	0.32999999999999996	1	False
ENSG00000173171	26.634999999999998	8	False
ENSG00000173193	4.04	5	False
ENSG00000173207	763.79	9	False
ENSG00000173226	12.440000000000001	7	False
ENSG00000173230	2.785	4	False
ENSG00000173264	0.3	1	False
ENSG00000173272	4.5600000000000005	5	False
ENSG00000173273	2.005	3	False
ENSG00000173276	1.32	3	False
ENSG00000173327	1.105	2	False
ENSG00000173409	45.955	8	False
ENSG00000173418	252.54999999999998	9	False
ENSG00000173436	881.03	9	False
ENSG00000173442	0.165	0	False
ENSG00000173456	5.755	5	False
ENSG00000173457	6.154999999999999	5	False
ENSG00000173464	0.14500000000000002	0	False
ENSG00000173465	27.34	8	False
ENSG00000173473	23.985	8	False
ENSG00000173486	2.795	4	False
ENSG00000173511	7.6049999999999995	6	False
ENSG00000173517	0.855	2	False
ENSG00000173542	5.82	5	False
ENSG00000173559	8.76	6	False
ENSG00000173575	34.205	8	False
ENSG00000173598	38.455	8	False
ENSG00000173653	0.805	2	False
ENSG00000173660	3737.92	9	False
ENSG00000173674	39.485	8	False
ENSG00000173692	79.09	9	False
ENSG00000173715	0.27	1	False
ENSG00000173726	51.82	8	False
ENSG00000173728	3.295	4	False
ENSG00000173744	7.77	6	False
ENSG00000173757	13.825	7	False
ENSG00000173786	1.1099999999999999	2	False
ENSG00000173821	4.495	5	False
ENSG00000173852	2.485	4	False
ENSG00000173875	4.725	5	False
ENSG00000173889	3.41	4	False
ENSG00000173890	0.885	2	False
ENSG00000173905	7.789999999999999	6	False
ENSG00000173915	1365.685	9	False
ENSG00000173926	3.785	5	False
ENSG00000173933	158.14999999999998	9	False
ENSG00000173950	1.585	3	False
ENSG00000173988	0.20500000000000002	0	False
ENSG00000173992	1.03	2	False
ENSG00000174007	2.3	4	False
ENSG00000174010	1.93	3	False
ENSG00000174013	9.83	6	False
ENSG00000174177	1.11	2	False
ENSG00000174227	5.23	5	False
ENSG00000174231	83.33	9	False
ENSG00000174238	5.355	5	False
ENSG00000174243	22.17	7	False
ENSG00000174353	40.615	8	False
ENSG00000174371	20.61	7	False
ENSG00000174373	1.8599999999999999	3	False
ENSG00000174437	3.545	4	False
ENSG00000174442	58.83	8	False
ENSG00000174446	101.5	9	False
ENSG00000174483	7.5	6	False
ENSG00000174485	4.185	5	False
ENSG00000174501	7.69	6	False
ENSG00000174514	0.28	1	False
ENSG00000174547	24.575000000000003	8	False
ENSG00000174574	8.32	6	False
ENSG00000174652	3.155	4	False
ENSG00000174669	2.0949999999999998	3	False
ENSG00000174695	328.7	9	False
ENSG00000174718	14.795	7	False
ENSG00000174720	36.525	8	False
ENSG00000174744	2.11	3	False
ENSG00000174748	6269.805	9	False
ENSG00000174749	1.3599999999999999	3	False
ENSG00000174775	2.0300000000000002	3	False
ENSG00000174780	186.98000000000002	9	False
ENSG00000174796	10.48	6	False
ENSG00000174839	1.0	2	False
ENSG00000174851	8.16	6	False
ENSG00000174886	182.535	9	False
ENSG00000174903	11.525	7	False
ENSG00000174915	0.33999999999999997	1	False
ENSG00000174917	11.585	7	False
ENSG00000174928	2.98	4	False
ENSG00000174953	33.480000000000004	8	False
ENSG00000174996	0.13	0	False
ENSG00000175054	11.82	7	False
ENSG00000175061	457.21000000000004	9	False
ENSG00000175087	12.94	7	False
ENSG00000175104	1.495	3	False
ENSG00000175115	0.18	0	False
ENSG00000175130	10.635	6	False
ENSG00000175137	2.04	3	False
ENSG00000175166	110.37	9	False
ENSG00000175193	30.43	8	False
ENSG00000175197	167.275	9	False
ENSG00000175203	30.555	8	False
ENSG00000175215	13.785	7	False
ENSG00000175216	35.975	8	False
ENSG00000175220	4.16	5	False
ENSG00000175221	0.865	2	False
ENSG00000175224	8.485	6	False
ENSG00000175264	0.165	0	False
ENSG00000175283	2.0949999999999998	3	False
ENSG00000175324	71.87	9	False
ENSG00000175334	455.095	9	False
ENSG00000175336	0.165	0	False
ENSG00000175376	46.215	8	False
ENSG00000175387	7.34	6	False
ENSG00000175416	1.7750000000000001	3	False
ENSG00000175449	352.765	9	False
ENSG00000175455	12.675	7	False
ENSG00000175467	4.17	5	False
ENSG00000175470	2.245	4	False
ENSG00000175471	0.765	2	False
ENSG00000175482	3.4349999999999996	4	False
ENSG00000175505	0.61	2	False
ENSG00000175550	7.234999999999999	6	False
ENSG00000175567	71.8	9	False
ENSG00000175573	2.83	4	False
ENSG00000175575	45.045	8	False
ENSG00000175581	152.21499999999997	9	False
ENSG00000175582	9.835	6	False
ENSG00000175602	0.12000000000000001	0	False
ENSG00000175606	10.385	6	False
ENSG00000175634	0.73	2	False
ENSG00000175756	6.46	6	False
ENSG00000175768	1338.685	9	False
ENSG00000175792	15.184999999999999	7	False
ENSG00000175793	0.115	0	False
ENSG00000175826	9.22	6	False
ENSG00000175854	59.010000000000005	8	False
ENSG00000175895	6.49	6	False
ENSG00000175931	1.1400000000000001	3	False
ENSG00000175938	3.42	4	False
ENSG00000175970	2.55	4	False
ENSG00000176014	33.53	8	False
ENSG00000176018	6.46	6	False
ENSG00000176058	0.22999999999999998	0	False
ENSG00000176087	21.815	7	False
ENSG00000176095	0.30000000000000004	1	False
ENSG00000176101	1.4500000000000002	3	False
ENSG00000176105	33.21	8	False
ENSG00000176124	76.225	9	False
ENSG00000176142	9.0	6	False
ENSG00000176155	0.72	2	False
ENSG00000176171	7.505	6	False
ENSG00000176208	3.0999999999999996	4	False
ENSG00000176209	8.86	6	False
ENSG00000176222	0.145	0	False
ENSG00000176225	2.675	4	False
ENSG00000176244	0.175	0	False
ENSG00000176261	164.365	9	False
ENSG00000176340	344.30999999999995	9	False
ENSG00000176386	97.495	9	False
ENSG00000176390	8.69	6	False
ENSG00000176393	23.3	8	False
ENSG00000176407	5.54	5	False
ENSG00000176454	5.66	5	False
ENSG00000176563	0.45999999999999996	1	False
ENSG00000176619	0.28500000000000003	1	False
ENSG00000176623	16.24	7	False
ENSG00000176658	1.7149999999999999	3	False
ENSG00000176714	1.385	3	False
ENSG00000176731	256.23	9	False
ENSG00000176783	4.255	5	False
ENSG00000176853	3.52	4	False
ENSG00000176871	23.92	8	False
ENSG00000176890	125.795	9	False
ENSG00000176915	2.16	4	False
ENSG00000176946	6.539999999999999	6	False
ENSG00000176953	9.245000000000001	6	False
ENSG00000176974	2.51	4	False
ENSG00000176986	13.719999999999999	7	False
ENSG00000177000	4.085	5	False
ENSG00000177030	1.5899999999999999	3	False
ENSG00000177082	7.07	6	False
ENSG00000177105	16.18	7	False
ENSG00000177106	0.63	2	False
ENSG00000177119	2.285	4	False
ENSG00000177125	4.01	5	False
ENSG00000177150	7.52	6	False
ENSG00000177156	261.425	9	False
ENSG00000177192	1.34	3	False
ENSG00000177200	45.209999999999994	8	False
ENSG00000177225	1.895	3	False
ENSG00000177239	0.28500000000000003	1	False
ENSG00000177302	3.8899999999999997	5	False
ENSG00000177352	0.18	0	False
ENSG00000177410	358.37	9	False
ENSG00000177432	3.0700000000000003	4	False
ENSG00000177463	3.6550000000000002	4	False
ENSG00000177479	17.915	7	False
ENSG00000177485	3.9299999999999997	5	False
ENSG00000177542	0.315	1	False
ENSG00000177595	0.21000000000000002	0	False
ENSG00000177600	1475.375	9	False
ENSG00000177606	0.24	0	False
ENSG00000177628	10.095	6	False
ENSG00000177646	6.470000000000001	6	False
ENSG00000177666	0.21500000000000002	0	False
ENSG00000177674	24.645	8	False
ENSG00000177683	20.494999999999997	7	False
ENSG00000177692	0.5700000000000001	2	False
ENSG00000177700	74.825	9	False
ENSG00000177731	9.015	6	False
ENSG00000177788	6.404999999999999	6	False
ENSG00000177885	49.575	8	False
ENSG00000177889	512.6	9	False
ENSG00000177917	20.105	7	False
ENSG00000177951	6.57	6	False
ENSG00000177954	6757.4349999999995	9	False
ENSG00000177963	7.995	6	False
ENSG00000177981	13.065000000000001	7	False
ENSG00000178028	1.1600000000000001	3	False
ENSG00000178035	285.67499999999995	9	False
ENSG00000178053	43.17	8	False
ENSG00000178057	16.65	7	False
ENSG00000178105	21.32	7	False
ENSG00000178107	0.7450000000000001	2	False
ENSG00000178127	304.09000000000003	9	False
ENSG00000178149	5.105	5	False
ENSG00000178163	9.15	6	False
ENSG00000178188	0.135	0	False
ENSG00000178202	2.825	4	False
ENSG00000178234	5.699999999999999	5	False
ENSG00000178252	12.024999999999999	7	False
ENSG00000178295	7.345000000000001	6	False
ENSG00000178301	0.605	2	False
ENSG00000178307	14.559999999999999	7	False
ENSG00000178397	0.8600000000000001	2	False
ENSG00000178425	13.469999999999999	7	False
ENSG00000178449	192.91500000000002	9	False
ENSG00000178502	0.17	0	False
ENSG00000178537	13.274999999999999	7	False
ENSG00000178567	5.865	5	False
ENSG00000178585	0.51	1	False
ENSG00000178691	14.405000000000001	7	False
ENSG00000178718	0.72	2	False
ENSG00000178719	0.475	1	False
ENSG00000178741	66.13499999999999	9	False
ENSG00000178773	0.245	0	False
ENSG00000178802	30.545	8	False
ENSG00000178821	0.25	0	False
ENSG00000178896	4.095	5	False
ENSG00000178913	34.39	8	False
ENSG00000178917	1.03	2	False
ENSG00000178921	11.870000000000001	7	False
ENSG00000178927	1.28	3	False
ENSG00000178950	0.86	2	False
ENSG00000178951	0.175	0	False
ENSG00000178952	25.655	8	False
ENSG00000178974	6.6899999999999995	6	False
ENSG00000178977	0.375	1	False
ENSG00000178980	221.11	9	False
ENSG00000178982	1013.44	9	False
ENSG00000178988	26.3	8	False
ENSG00000178999	54.735	8	False
ENSG00000179010	32.985	8	False
ENSG00000179021	9.57	6	False
ENSG00000179029	14.6	7	False
ENSG00000179041	1.435	3	False
ENSG00000179051	124.20500000000001	9	False
ENSG00000179085	10.280000000000001	6	False
ENSG00000179091	43.55	8	False
ENSG00000179115	27.564999999999998	8	False
ENSG00000179119	2.11	3	False
ENSG00000179134	4.3149999999999995	5	False
ENSG00000179152	27.415	8	False
ENSG00000179195	2.27	4	False
ENSG00000179218	119.02000000000001	9	False
ENSG00000179222	4.425000000000001	5	False
ENSG00000179241	0.7	2	False
ENSG00000179262	7.385	6	False
ENSG00000179271	4.645	5	False
ENSG00000179284	0.21	0	False
ENSG00000179295	20.245	7	False
ENSG00000179335	1.3699999999999999	3	False
ENSG00000179361	0.315	1	False
ENSG00000179387	6.67	6	False
ENSG00000179406	1.69	3	False
ENSG00000179409	1.19	3	False
ENSG00000179604	0.5	1	False
ENSG00000179632	1.1400000000000001	3	False
ENSG00000179818	30.665	8	False
ENSG00000179889	3.96	5	False
ENSG00000179912	2.675	4	False
ENSG00000179918	13.91	7	False
ENSG00000179933	175.17000000000002	9	False
ENSG00000179950	11.52	7	False
ENSG00000179958	34.6	8	False
ENSG00000180011	2.8200000000000003	4	False
ENSG00000180098	69.555	9	False
ENSG00000180104	1.0699999999999998	2	False
ENSG00000180182	8.02	6	False
ENSG00000180185	1.475	3	False
ENSG00000180198	10.765	6	False
ENSG00000180209	0.185	0	False
ENSG00000180228	10.485	6	False
ENSG00000180257	7.42	6	False
ENSG00000180263	1.1099999999999999	2	False
ENSG00000180304	4.9350000000000005	5	False
ENSG00000180329	7.64	6	False
ENSG00000180357	4.345	5	False
ENSG00000180370	8.44	6	False
ENSG00000180376	16.72	7	False
ENSG00000180398	158.29000000000002	9	False
ENSG00000180530	4.105	5	False
ENSG00000180573	51.900000000000006	8	False
ENSG00000180596	57.94	8	False
ENSG00000180628	7.299999999999999	6	False
ENSG00000180667	16.335	7	False
ENSG00000180747	2.275	4	False
ENSG00000180776	2.12	4	False
ENSG00000180817	216.04000000000002	9	False
ENSG00000180879	401.97	9	False
ENSG00000180900	0.69	2	False
ENSG00000180901	1.06	2	False
ENSG00000180902	0.23500000000000001	0	False
ENSG00000180957	19.84	7	False
ENSG00000180964	120.07	9	False
ENSG00000180992	307.24	9	False
ENSG00000181004	3.74	5	False
ENSG00000181019	82.735	9	False
ENSG00000181026	6.705	6	False
ENSG00000181029	1.395	3	False
ENSG00000181035	0.67	2	False
ENSG00000181038	32.754999999999995	8	False
ENSG00000181061	811.3050000000001	9	False
ENSG00000181090	1.4649999999999999	3	False
ENSG00000181163	2735.285	9	False
ENSG00000181192	1.87	3	False
ENSG00000181218	2.795	4	False
ENSG00000181220	1.475	3	False
ENSG00000181222	1.02	2	False
ENSG00000181264	0.865	2	False
ENSG00000181315	3.08	4	False
ENSG00000181396	0.575	2	False
ENSG00000181444	0.46499999999999997	1	False
ENSG00000181467	20.3	7	False
ENSG00000181544	12.035	7	False
ENSG00000181555	5.385	5	False
ENSG00000181610	196.11	9	False
ENSG00000181744	5.71	5	False
ENSG00000181773	0.265	1	False
ENSG00000181788	3.245	4	False
ENSG00000181789	25.115	8	False
ENSG00000181817	30.14	8	False
ENSG00000181827	1.6600000000000001	3	False
ENSG00000181830	0.5700000000000001	2	False
ENSG00000181852	19.04	7	False
ENSG00000181856	1.0899999999999999	2	False
ENSG00000181904	6.245	5	False
ENSG00000181915	2.235	4	False
ENSG00000181924	101.60499999999999	9	False
ENSG00000181929	55.68	8	False
ENSG00000181991	22.424999999999997	8	False
ENSG00000182004	1387.74	9	False
ENSG00000182054	0.575	2	False
ENSG00000182087	0.365	1	False
ENSG00000182117	1280.3899999999999	9	False
ENSG00000182149	80.135	9	False
ENSG00000182154	2.06	3	False
ENSG00000182158	5.93	5	False
ENSG00000182173	4.9350000000000005	5	False
ENSG00000182180	49.69	8	False
ENSG00000182196	2.1	3	False
ENSG00000182199	38.455	8	False
ENSG00000182220	19.665	7	False
ENSG00000182287	8.05	6	False
ENSG00000182307	19.595	7	False
ENSG00000182400	2.7	4	False
ENSG00000182481	362.44	9	False
ENSG00000182512	12.684999999999999	7	False
ENSG00000182544	4.4399999999999995	5	False
ENSG00000182551	4.3149999999999995	5	False
ENSG00000182606	3.4	4	False
ENSG00000182628	65.77	9	False
ENSG00000182648	13.120000000000001	7	False
ENSG00000182670	11.190000000000001	6	False
ENSG00000182768	10.275	6	False
ENSG00000182774	1653.585	9	False
ENSG00000182810	2.025	3	False
ENSG00000182827	9.67	6	False
ENSG00000182831	11.035	6	False
ENSG00000182841	0.69	2	False
ENSG00000182872	0.8500000000000001	2	False
ENSG00000182899	2108.01	9	False
ENSG00000182903	19.744999999999997	7	False
ENSG00000182919	19.95	7	False
ENSG00000182934	21.445	7	False
ENSG00000182944	70.565	9	False
ENSG00000182952	24.04	8	False
ENSG00000182973	24.21	8	False
ENSG00000182979	0.13	0	False
ENSG00000182986	4.075	5	False
ENSG00000182993	2.545	4	False
ENSG00000183011	59.239999999999995	8	False
ENSG00000183020	0.5	1	False
ENSG00000183048	0.155	0	False
ENSG00000183077	56.845	8	False
ENSG00000183111	0.235	0	False
ENSG00000183137	44.56	8	False
ENSG00000183207	53.92	8	False
ENSG00000183250	0.275	1	False
ENSG00000183255	3.755	5	False
ENSG00000183258	30.494999999999997	8	False
ENSG00000183283	241.445	9	False
ENSG00000183291	271.255	9	False
ENSG00000183337	24.245	8	False
ENSG00000183386	4.175	5	False
ENSG00000183431	131.72	9	False
ENSG00000183474	67.91	9	False
ENSG00000183495	4.085	5	False
ENSG00000183527	38.760000000000005	8	False
ENSG00000183530	4.484999999999999	5	False
ENSG00000183569	17.884999999999998	7	False
ENSG00000183576	5.359999999999999	5	False
ENSG00000183604	6.23	5	False
ENSG00000183605	63.265	8	False
ENSG00000183624	15.969999999999999	7	False
ENSG00000183648	317.04	9	False
ENSG00000183665	8.084999999999999	6	False
ENSG00000183666	3.015	4	False
ENSG00000183684	1.89	3	False
ENSG00000183726	30.09	8	False
ENSG00000183741	0.67	2	False
ENSG00000183751	0.84	2	False
ENSG00000183765	47.61	8	False
ENSG00000183784	0.195	0	False
ENSG00000183808	2.2649999999999997	4	False
ENSG00000183814	12.235	7	False
ENSG00000183891	46.04	8	False
ENSG00000183943	2.14	4	False
ENSG00000183955	19.619999999999997	7	False
ENSG00000183978	86.44	9	False
ENSG00000184007	350.7	9	False
ENSG00000184047	27.735	8	False
ENSG00000184056	6.0	5	False
ENSG00000184076	675.775	9	False
ENSG00000184117	6.845000000000001	6	False
ENSG00000184154	4.51	5	False
ENSG00000184178	3.7649999999999997	5	False
ENSG00000184182	12.495000000000001	7	False
ENSG00000184203	6.505000000000001	6	False
ENSG00000184207	0.905	2	False
ENSG00000184209	11.870000000000001	7	False
ENSG00000184216	8.005	6	False
ENSG00000184220	52.385	8	False
ENSG00000184260	1.85	3	False
ENSG00000184277	49.235	8	False
ENSG00000184281	0.385	1	False
ENSG00000184371	0.12	0	False
ENSG00000184402	1.855	3	False
ENSG00000184436	6.199999999999999	5	False
ENSG00000184445	23.97	8	False
ENSG00000184465	3.36	4	False
ENSG00000184470	2.44	4	False
ENSG00000184489	1.32	3	False
ENSG00000184508	11.77	7	False
ENSG00000184517	1.875	3	False
ENSG00000184557	0.545	1	False
ENSG00000184574	1.3849999999999998	3	False
ENSG00000184575	17.395	7	False
ENSG00000184584	15.41	7	False
ENSG00000184634	1.505	3	False
ENSG00000184635	10.850000000000001	6	False
ENSG00000184640	0.855	2	False
ENSG00000184661	6.74	6	False
ENSG00000184678	6.775	6	False
ENSG00000184708	1.6800000000000002	3	False
ENSG00000184716	0.135	0	False
ENSG00000184743	13.684999999999999	7	False
ENSG00000184752	701.4200000000001	9	False
ENSG00000184787	33.33	8	False
ENSG00000184792	0.32	1	False
ENSG00000184831	39.269999999999996	8	False
ENSG00000184840	35.09	8	False
ENSG00000184863	2.96	4	False
ENSG00000184897	0.20500000000000002	0	False
ENSG00000184900	11.795000000000002	7	False
ENSG00000184903	82.66	9	False
ENSG00000184922	0.52	1	False
ENSG00000184967	1.1	2	False
ENSG00000184990	3.86	5	False
ENSG00000184992	10.64	6	False
ENSG00000185000	1.245	3	False
ENSG00000185009	30.22	8	False
ENSG00000185033	0.855	2	False
ENSG00000185043	11.185	6	False
ENSG00000185046	0.38	1	False
ENSG00000185085	0.43	1	False
ENSG00000185088	284.86	9	False
ENSG00000185100	0.52	1	False
ENSG00000185104	33.614999999999995	8	False
ENSG00000185122	0.71	2	False
ENSG00000185127	6.484999999999999	6	False
ENSG00000185130	1.8599999999999999	3	False
ENSG00000185164	18.19	7	False
ENSG00000185215	33.07	8	False
ENSG00000185219	1.05	2	False
ENSG00000185222	72.06	9	False
ENSG00000185236	0.725	2	False
ENSG00000185238	17.79	7	False
ENSG00000185252	1.645	3	False
ENSG00000185262	1.775	3	False
ENSG00000185267	0.18	0	False
ENSG00000185305	15.440000000000001	7	False
ENSG00000185344	13.7	7	False
ENSG00000185359	7.025	6	False
ENSG00000185414	45.94	8	False
ENSG00000185420	254.44	9	False
ENSG00000185437	17.66	7	False
ENSG00000185475	73.105	9	False
ENSG00000185480	38.92	8	False
ENSG00000185485	8.344999999999999	6	False
ENSG00000185504	0.2	0	False
ENSG00000185515	20.475	7	False
ENSG00000185608	441.88	9	False
ENSG00000185619	1.945	3	False
ENSG00000185624	3.7750000000000004	5	False
ENSG00000185627	247.79500000000002	9	False
ENSG00000185650	2.285	4	False
ENSG00000185664	0.505	1	False
ENSG00000185722	2.8899999999999997	4	False
ENSG00000185728	6.92	6	False
ENSG00000185787	235.32	9	False
ENSG00000185800	5.555	5	False
ENSG00000185808	86.835	9	False
ENSG00000185811	9.17	6	False
ENSG00000185813	0.7150000000000001	2	False
ENSG00000185825	387.15999999999997	9	False
ENSG00000185838	0.45	1	False
ENSG00000185883	2.52	4	False
ENSG00000185885	3992.26	9	False
ENSG00000185896	1.545	3	False
ENSG00000185900	1.42	3	False
ENSG00000185917	34.3	8	False
ENSG00000185947	9.625	6	False
ENSG00000185989	0.61	2	False
ENSG00000186001	3.2649999999999997	4	False
ENSG00000186010	223.125	9	False
ENSG00000186019	0.30500000000000005	1	False
ENSG00000186063	11.809999999999999	7	False
ENSG00000186073	4.755	5	False
ENSG00000186104	17.85	7	False
ENSG00000186106	12.844999999999999	7	False
ENSG00000186111	0.39	1	False
ENSG00000186184	135.7	9	False
ENSG00000186185	2.14	4	False
ENSG00000186193	2.34	4	False
ENSG00000186230	4.095	5	False
ENSG00000186231	0.32	1	False
ENSG00000186283	6.12	5	False
ENSG00000186298	43.6	8	False
ENSG00000186352	1.7399999999999998	3	False
ENSG00000186416	6.5649999999999995	6	False
ENSG00000186432	14.905000000000001	7	False
ENSG00000186446	0.615	2	False
ENSG00000186468	4536.38	9	False
ENSG00000186480	41.64	8	False
ENSG00000186501	5.88	5	False
ENSG00000186566	8.41	6	False
ENSG00000186575	1.92	3	False
ENSG00000186577	8.4	6	False
ENSG00000186591	4.375	5	False
ENSG00000186625	16.1	7	False
ENSG00000186635	0.14	0	False
ENSG00000186660	15.56	7	False
ENSG00000186687	48.33	8	False
ENSG00000186716	0.3	1	False
ENSG00000186767	8.44	6	False
ENSG00000186806	0.74	2	False
ENSG00000186815	0.5249999999999999	1	False
ENSG00000186908	6.365	5	False
ENSG00000187051	2.2	4	False
ENSG00000187109	193.93	9	False
ENSG00000187118	35.475	8	False
ENSG00000187147	4.125	5	False
ENSG00000187186	1.245	3	False
ENSG00000187325	13.235	7	False
ENSG00000187416	0.185	0	False
ENSG00000187446	54.965	8	False
ENSG00000187514	915.63	9	False
ENSG00000187522	48.14	8	False
ENSG00000187605	0.42	1	False
ENSG00000187678	1.9449999999999998	3	False
ENSG00000187688	7.725	6	False
ENSG00000187713	6.835	6	False
ENSG00000187735	36.03	8	False
ENSG00000187736	11.385000000000002	7	False
ENSG00000187741	5.359999999999999	5	False
ENSG00000187778	51.47	8	False
ENSG00000187790	4.2	5	False
ENSG00000187796	1.585	3	False
ENSG00000187837	1359.37	9	False
ENSG00000187840	13.64	7	False
ENSG00000187954	0.675	2	False
ENSG00000188002	2.02	3	False
ENSG00000188010	28.205	8	False
ENSG00000188021	1.32	3	False
ENSG00000188130	0.785	2	False
ENSG00000188186	177.805	9	False
ENSG00000188191	0.8	2	False
ENSG00000188223	0.635	2	False
ENSG00000188229	21.009999999999998	7	False
ENSG00000188242	4.125	5	False
ENSG00000188266	2.245	4	False
ENSG00000188313	84.58	9	False
ENSG00000188372	1.3900000000000001	3	False
ENSG00000188483	0.125	0	False
ENSG00000188486	4.6	5	False
ENSG00000188493	3.2199999999999998	4	False
ENSG00000188511	0.865	2	False
ENSG00000188529	132.08499999999998	9	False
ENSG00000188554	3.08	4	False
ENSG00000188603	2.795	4	False
ENSG00000188636	0.7949999999999999	2	False
ENSG00000188647	6.945	6	False
ENSG00000188690	4.625	5	False
ENSG00000188707	1.61	3	False
ENSG00000188725	11.94	7	False
ENSG00000188739	77.32499999999999	9	False
ENSG00000188785	1.165	3	False
ENSG00000188807	0.305	1	False
ENSG00000188846	1428.045	9	False
ENSG00000188895	8.385	6	False
ENSG00000188917	2.2600000000000002	4	False
ENSG00000188938	13.15	7	False
ENSG00000188976	2.8	4	False
ENSG00000188986	0.2	0	False
ENSG00000189007	9.14	6	False
ENSG00000189043	476.88	9	False
ENSG00000189046	5.365	5	False
ENSG00000189077	2.15	4	False
ENSG00000189079	26.84	8	False
ENSG00000189091	125.74	9	False
ENSG00000189157	7.130000000000001	6	False
ENSG00000189190	8.255	6	False
ENSG00000189195	0.395	1	False
ENSG00000189221	0.85	2	False
ENSG00000189241	25.03	8	False
ENSG00000189266	110.3	9	False
ENSG00000189306	2.51	4	False
ENSG00000189308	1.35	3	False
ENSG00000189337	3.765	5	False
ENSG00000189339	2.91	4	False
ENSG00000189366	0.61	2	False
ENSG00000189403	1245.9	9	False
ENSG00000189430	0.17	0	False
ENSG00000196141	7.484999999999999	6	False
ENSG00000196155	2.8200000000000003	4	False
ENSG00000196172	1.97	3	False
ENSG00000196182	0.7	2	False
ENSG00000196187	1.105	2	False
ENSG00000196204	63.3	9	False
ENSG00000196230	741.89	9	False
ENSG00000196233	4.1450000000000005	5	False
ENSG00000196235	12.094999999999999	7	False
ENSG00000196236	12.715	7	False
ENSG00000196262	2295.005	9	False
ENSG00000196295	14.815000000000001	7	False
ENSG00000196296	0.315	1	False
ENSG00000196305	68.36	9	False
ENSG00000196312	3.115	4	False
ENSG00000196313	2.71	4	False
ENSG00000196323	5.734999999999999	5	False
ENSG00000196352	18.575000000000003	7	False
ENSG00000196363	2.05	3	False
ENSG00000196365	1.0150000000000001	2	False
ENSG00000196367	0.815	2	False
ENSG00000196387	1.5150000000000001	3	False
ENSG00000196388	0.245	0	False
ENSG00000196396	11.969999999999999	7	False
ENSG00000196405	2.09	3	False
ENSG00000196419	107.185	9	False
ENSG00000196428	31.04	8	False
ENSG00000196449	8.129999999999999	6	False
ENSG00000196455	13.39	7	False
ENSG00000196459	20.439999999999998	7	False
ENSG00000196465	41.120000000000005	8	False
ENSG00000196497	5.050000000000001	5	False
ENSG00000196498	0.14	0	False
ENSG00000196504	129.16500000000002	9	False
ENSG00000196505	3.24	4	False
ENSG00000196510	29.225	8	False
ENSG00000196517	0.11499999999999999	0	False
ENSG00000196547	4.8100000000000005	5	False
ENSG00000196584	10.18	6	False
ENSG00000196588	0.6	2	False
ENSG00000196636	286.475	9	False
ENSG00000196642	4.1000000000000005	5	False
ENSG00000196652	2.56	4	False
ENSG00000196655	359.7	9	False
ENSG00000196670	9.004999999999999	6	False
ENSG00000196678	15.25	7	False
ENSG00000196683	573.235	9	False
ENSG00000196693	5.835	5	False
ENSG00000196705	2.015	3	False
ENSG00000196712	5.08	5	False
ENSG00000196715	4.01	5	False
ENSG00000196730	1.56	3	False
ENSG00000196747	1.44	3	False
ENSG00000196756	20.97	7	False
ENSG00000196776	7.1	6	False
ENSG00000196787	4.18	5	False
ENSG00000196792	4.130000000000001	5	False
ENSG00000196793	9.065	6	False
ENSG00000196821	15.23	7	False
ENSG00000196850	1.94	3	False
ENSG00000196865	1.385	3	False
ENSG00000196890	0.275	1	False
ENSG00000196914	3.04	4	False
ENSG00000196923	1.745	3	False
ENSG00000196924	5.715	5	False
ENSG00000196943	0.7849999999999999	2	False
ENSG00000196961	0.77	2	False
ENSG00000196967	21.455	7	False
ENSG00000196968	5.1899999999999995	5	False
ENSG00000196998	16.48	7	False
ENSG00000197006	9.25	6	False
ENSG00000197020	2.925	4	False
ENSG00000197021	23.54	8	False
ENSG00000197024	2.22	4	False
ENSG00000197037	0.89	2	False
ENSG00000197056	8.525	6	False
ENSG00000197061	10742.035	9	False
ENSG00000197063	0.985	2	False
ENSG00000197070	0.33	1	False
ENSG00000197081	2.4749999999999996	4	False
ENSG00000197102	22.939999999999998	8	False
ENSG00000197111	217.64499999999998	9	False
ENSG00000197114	0.12000000000000001	0	False
ENSG00000197147	3.43	4	False
ENSG00000197150	5.45	5	False
ENSG00000197153	0.28	1	False
ENSG00000197157	37.995000000000005	8	False
ENSG00000197170	26.814999999999998	8	False
ENSG00000197180	3.7	4	False
ENSG00000197217	1.095	2	False
ENSG00000197226	2.195	4	False
ENSG00000197238	7.05	6	False
ENSG00000197256	3.37	4	False
ENSG00000197265	16.79	7	False
ENSG00000197299	13.27	7	False
ENSG00000197312	4.475	5	False
ENSG00000197323	7.870000000000001	6	False
ENSG00000197324	1.455	3	False
ENSG00000197332	0.245	0	False
ENSG00000197343	17.945	7	False
ENSG00000197345	332.705	9	False
ENSG00000197375	2.08	3	False
ENSG00000197409	0.165	0	False
ENSG00000197417	1.705	3	False
ENSG00000197451	23.174999999999997	8	False
ENSG00000197457	0.48	1	False
ENSG00000197471	15.505	7	False
ENSG00000197472	6.03	5	False
ENSG00000197548	13.15	7	False
ENSG00000197562	0.125	0	False
ENSG00000197563	8.295	6	False
ENSG00000197586	0.59	2	False
ENSG00000197622	51.135	8	False
ENSG00000197713	27.235	8	False
ENSG00000197714	0.5900000000000001	2	False
ENSG00000197728	1169.855	9	False
ENSG00000197746	291.54499999999996	9	False
ENSG00000197747	0.13	0	False
ENSG00000197756	1816.295	9	False
ENSG00000197771	7.975	6	False
ENSG00000197785	0.12000000000000001	0	False
ENSG00000197858	0.745	2	False
ENSG00000197872	1.7799999999999998	3	False
ENSG00000197879	0.345	1	False
ENSG00000197889	0.47000000000000003	1	False
ENSG00000197903	247.79500000000002	9	False
ENSG00000197912	4.52	5	False
ENSG00000197930	15.3	7	False
ENSG00000197948	0.475	1	False
ENSG00000197961	16.785	7	False
ENSG00000197965	13.52	7	False
ENSG00000197969	4.5600000000000005	5	False
ENSG00000197977	0.125	0	False
ENSG00000197982	3.145	4	False
ENSG00000197989	21.549999999999997	7	False
ENSG00000198000	56.595	8	False
ENSG00000198001	8.47	6	False
ENSG00000198015	574.315	9	False
ENSG00000198018	0.88	2	False
ENSG00000198034	623.105	9	False
ENSG00000198040	5.595000000000001	5	False
ENSG00000198042	34.46	8	False
ENSG00000198055	0.585	2	False
ENSG00000198056	114.86500000000001	9	False
ENSG00000198060	2.875	4	False
ENSG00000198087	6.6	6	False
ENSG00000198089	2.7800000000000002	4	False
ENSG00000198093	0.735	2	False
ENSG00000198113	4.74	5	False
ENSG00000198131	17.525	7	False
ENSG00000198146	3.3600000000000003	4	False
ENSG00000198160	14.985	7	False
ENSG00000198162	2.51	4	False
ENSG00000198171	1.585	3	False
ENSG00000198176	23.905	8	False
ENSG00000198189	69.995	9	False
ENSG00000198198	0.91	2	False
ENSG00000198208	1.27	3	False
ENSG00000198218	13.370000000000001	7	False
ENSG00000198231	10.9	6	False
ENSG00000198242	4830.67	9	False
ENSG00000198258	825.235	9	False
ENSG00000198265	7.375	6	False
ENSG00000198270	13.030000000000001	7	False
ENSG00000198276	2.43	4	False
ENSG00000198301	76.68	9	False
ENSG00000198315	1.965	3	False
ENSG00000198342	1.81	3	False
ENSG00000198356	7.640000000000001	6	False
ENSG00000198363	8.86	6	False
ENSG00000198369	3.8049999999999997	5	False
ENSG00000198373	1.24	3	False
ENSG00000198380	5.654999999999999	5	False
ENSG00000198399	4.01	5	False
ENSG00000198408	10.47	6	False
ENSG00000198420	4.29	5	False
ENSG00000198429	2.645	4	False
ENSG00000198431	70.57	9	False
ENSG00000198466	2.415	4	False
ENSG00000198482	2.25	4	False
ENSG00000198492	33.08	8	False
ENSG00000198498	33.7	8	False
ENSG00000198522	84.645	9	False
ENSG00000198546	0.835	2	False
ENSG00000198547	0.47500000000000003	1	False
ENSG00000198551	4.395	5	False
ENSG00000198554	7.075	6	False
ENSG00000198556	4.01	5	False
ENSG00000198563	337.51	9	False
ENSG00000198589	16.055	7	False
ENSG00000198604	14.11	7	False
ENSG00000198612	54.265	8	False
ENSG00000198625	6.835	6	False
ENSG00000198646	5.955	5	False
ENSG00000198648	0.13	0	False
ENSG00000198663	22.905	8	False
ENSG00000198668	44.56	8	False
ENSG00000198677	21.965	7	False
ENSG00000198689	3.41	4	False
ENSG00000198700	17.36	7	False
ENSG00000198721	214.43	9	False
ENSG00000198722	1.435	3	False
ENSG00000198728	1.5950000000000002	3	False
ENSG00000198730	15.47	7	False
ENSG00000198736	5.665	5	False
ENSG00000198740	4.46	5	False
ENSG00000198743	2.245	4	False
ENSG00000198752	0.15	0	False
ENSG00000198755	1512.12	9	False
ENSG00000198771	4.875	5	False
ENSG00000198791	31.775	8	False
ENSG00000198792	0.31	1	False
ENSG00000198793	7.5200000000000005	6	False
ENSG00000198799	1.155	3	False
ENSG00000198805	68.27	9	False
ENSG00000198815	7.835	6	False
ENSG00000198818	52.315	8	False
ENSG00000198824	0.45	1	False
ENSG00000198826	12.46	7	False
ENSG00000198830	609.1	9	False
ENSG00000198833	8.23	6	False
ENSG00000198836	13.135000000000002	7	False
ENSG00000198837	9.33	6	False
ENSG00000198843	210.245	9	False
ENSG00000198856	711.395	9	False
ENSG00000198858	2.38	4	False
ENSG00000198860	17.810000000000002	7	False
ENSG00000198862	14.23	7	False
ENSG00000198865	8.525	6	False
ENSG00000198874	12.19	7	False
ENSG00000198876	7.25	6	False
ENSG00000198887	2.145	4	False
ENSG00000198890	4.045	5	False
ENSG00000198894	2.9850000000000003	4	False
ENSG00000198900	18.05	7	False
ENSG00000198901	100.82	9	False
ENSG00000198909	0.59	2	False
ENSG00000198911	0.77	2	False
ENSG00000198917	7.5	6	False
ENSG00000198918	2455.335	9	False
ENSG00000198924	5.12	5	False
ENSG00000198925	0.155	0	False
ENSG00000198931	32.785	8	False
ENSG00000198937	81.17	9	False
ENSG00000198951	4.25	5	False
ENSG00000198952	0.88	2	False
ENSG00000198954	6.035	5	False
ENSG00000198961	19.479999999999997	7	False
ENSG00000198964	15.765	7	False
ENSG00000199325	1.995	3	False
ENSG00000200087	17.384999999999998	7	False
ENSG00000200959	0.325	1	False
ENSG00000202198	28.445	8	False
ENSG00000203441	0.14	0	False
ENSG00000203497	0.7300000000000001	2	False
ENSG00000203499	0.425	1	False
ENSG00000203666	45.12	8	False
ENSG00000203705	45.145	8	False
ENSG00000203711	1.635	3	False
ENSG00000203760	191.94	9	False
ENSG00000203778	9.684999999999999	6	False
ENSG00000203780	0.14	0	False
ENSG00000203814	0.43	1	False
ENSG00000203876	0.27999999999999997	1	False
ENSG00000203879	0.7	2	False
ENSG00000203880	11.465	7	False
ENSG00000203943	0.625	2	False
ENSG00000203995	3.16	4	False
ENSG00000204070	14.215	7	False
ENSG00000204084	9.02	6	False
ENSG00000204120	9.08	6	False
ENSG00000204138	8.18	6	False
ENSG00000204152	4.795	5	False
ENSG00000204160	0.275	1	False
ENSG00000204161	64.405	9	False
ENSG00000204209	27.64	8	False
ENSG00000204220	6.47	6	False
ENSG00000204227	3.09	4	False
ENSG00000204231	0.645	2	False
ENSG00000204237	4.085	5	False
ENSG00000204256	72.36	9	False
ENSG00000204304	1.75	3	False
ENSG00000204308	48.225	8	False
ENSG00000204310	31.0	8	False
ENSG00000204315	11.925	7	False
ENSG00000204316	4.335	5	False
ENSG00000204334	0.5	1	False
ENSG00000204344	25.34	8	False
ENSG00000204351	2.66	4	False
ENSG00000204356	10.785	6	False
ENSG00000204370	864.885	9	False
ENSG00000204371	1.665	3	False
ENSG00000204386	10.35	6	False
ENSG00000204387	120.47999999999999	9	False
ENSG00000204388	0.23500000000000001	0	False
ENSG00000204389	2.115	3	False
ENSG00000204390	0.2	0	False
ENSG00000204392	299.515	9	False
ENSG00000204394	2.1849999999999996	4	False
ENSG00000204410	8.455	6	False
ENSG00000204427	21.9	7	False
ENSG00000204435	609.925	9	False
ENSG00000204438	29.46	8	False
ENSG00000204444	16.759999999999998	7	False
ENSG00000204463	34.72	8	False
ENSG00000204469	0.675	2	False
ENSG00000204516	9.690000000000001	6	False
ENSG00000204519	1.5950000000000002	3	False
ENSG00000204520	12.524999999999999	7	False
ENSG00000204536	1.44	3	False
ENSG00000204560	11.045	6	False
ENSG00000204564	11.575	7	False
ENSG00000204568	249.77499999999998	9	False
ENSG00000204569	15.04	7	False
ENSG00000204574	27.615000000000002	8	False
ENSG00000204576	15.030000000000001	7	False
ENSG00000204590	0.54	1	False
ENSG00000204592	1.87	3	False
ENSG00000204599	2.98	4	False
ENSG00000204619	13.71	7	False
ENSG00000204620	0.315	1	False
ENSG00000204628	3630.7	9	False
ENSG00000204650	9.93	6	False
ENSG00000204673	0.85	2	False
ENSG00000204681	1.6400000000000001	3	False
ENSG00000204709	0.9650000000000001	2	False
ENSG00000204710	3.795	5	False
ENSG00000204713	27.245	8	False
ENSG00000204758	0.14	0	False
ENSG00000204815	0.235	0	False
ENSG00000204822	15.15	7	False
ENSG00000204842	13.219999999999999	7	False
ENSG00000204843	16.28	7	False
ENSG00000204856	12.215	7	False
ENSG00000204859	2.2	4	False
ENSG00000204923	0.545	1	False
ENSG00000204929	0.26	1	False
ENSG00000204947	0.195	0	False
ENSG00000204954	47.315	8	False
ENSG00000204991	0.55	1	False
ENSG00000205060	4.13	5	False
ENSG00000205084	1.35	3	False
ENSG00000205155	224.345	9	False
ENSG00000205213	0.635	2	False
ENSG00000205220	28.215	8	False
ENSG00000205250	9.995	6	False
ENSG00000205268	2.75	4	False
ENSG00000205277	0.22000000000000003	0	False
ENSG00000205302	35.0	8	False
ENSG00000205323	239.83	9	False
ENSG00000205352	452.53999999999996	9	False
ENSG00000205358	0.13	0	False
ENSG00000205423	6.305	5	False
ENSG00000205531	32.4	8	False
ENSG00000205542	1391.215	9	False
ENSG00000205559	0.11	0	False
ENSG00000205581	86.78	9	False
ENSG00000205629	26.82	8	False
ENSG00000205765	9.955	6	False
ENSG00000205791	0.62	2	False
ENSG00000205861	0.9299999999999999	2	False
ENSG00000205885	0.2	0	False
ENSG00000205923	0.275	1	False
ENSG00000205937	32.96	8	False
ENSG00000205981	89.88499999999999	9	False
ENSG00000206053	16.015	7	False
ENSG00000206149	5.220000000000001	5	False
ENSG00000206559	0.55	1	False
ENSG00000206560	7.525	6	False
ENSG00000206567	0.5900000000000001	2	False
ENSG00000206573	97.33000000000001	9	False
ENSG00000207406	0.695	2	False
ENSG00000211450	12.12	7	False
ENSG00000211456	20.635	7	False
ENSG00000211460	97.03	9	False
ENSG00000213015	2.49	4	False
ENSG00000213024	13.280000000000001	7	False
ENSG00000213064	4.525	5	False
ENSG00000213066	9.785	6	False
ENSG00000213079	7.805	6	False
ENSG00000213088	0.35000000000000003	1	False
ENSG00000213096	5.86	5	False
ENSG00000213160	4.15	5	False
ENSG00000213246	217.09	9	False
ENSG00000213281	34.239999999999995	8	False
ENSG00000213337	13.47	7	False
ENSG00000213339	1.145	3	False
ENSG00000213341	5.605	5	False
ENSG00000213380	3.61	4	False
ENSG00000213390	8.71	6	False
ENSG00000213445	0.355	1	False
ENSG00000213462	6.255	5	False
ENSG00000213465	4.255	5	False
ENSG00000213468	2.115	3	False
ENSG00000213523	18.03	7	False
ENSG00000213551	46.040000000000006	8	False
ENSG00000213553	66.445	9	False
ENSG00000213585	197.895	9	False
ENSG00000213588	1.4700000000000002	3	False
ENSG00000213614	15.455	7	False
ENSG00000213619	30.525000000000002	8	False
ENSG00000213625	24.689999999999998	8	False
ENSG00000213626	4.125	5	False
ENSG00000213639	75.11	9	False
ENSG00000213672	0.475	1	False
ENSG00000213676	17.565	7	False
ENSG00000213699	27.665	8	False
ENSG00000213719	949.755	9	False
ENSG00000213741	3031.645	9	False
ENSG00000213762	0.8200000000000001	2	False
ENSG00000213782	94.37	9	False
ENSG00000213923	2.0949999999999998	3	False
ENSG00000213939	0.475	1	False
ENSG00000213965	25.3	8	False
ENSG00000213977	0.76	2	False
ENSG00000213983	15.899999999999999	7	False
ENSG00000214013	8.129999999999999	6	False
ENSG00000214022	6.494999999999999	6	False
ENSG00000214046	159.505	9	False
ENSG00000214063	0.175	0	False
ENSG00000214078	29.78	8	False
ENSG00000214113	40.4	8	False
ENSG00000214160	26.54	8	False
ENSG00000214189	4.915	5	False
ENSG00000214194	626.925	9	False
ENSG00000214253	72.285	9	False
ENSG00000214401	0.33499999999999996	1	False
ENSG00000214432	0.47	1	False
ENSG00000214517	7.905	6	False
ENSG00000214530	0.375	1	False
ENSG00000214595	0.255	1	False
ENSG00000214654	4.05	5	False
ENSG00000214655	4.574999999999999	5	False
ENSG00000214706	23.91	8	False
ENSG00000214717	0.425	1	False
ENSG00000214736	1251.635	9	False
ENSG00000214753	0.625	2	False
ENSG00000214756	23.5	8	False
ENSG00000214941	4.71	5	False
ENSG00000215012	17.8	7	False
ENSG00000215014	0.345	1	False
ENSG00000215021	57.989999999999995	8	False
ENSG00000215193	0.51	1	False
ENSG00000215251	20.735	7	False
ENSG00000215301	33.915	8	False
ENSG00000215305	5.4399999999999995	5	False
ENSG00000215417	35.37	8	False
ENSG00000215424	10.129999999999999	6	False
ENSG00000215559	0.27	1	False
ENSG00000216316	0.11	0	False
ENSG00000216331	1.2200000000000002	3	False
ENSG00000216490	254.695	9	False
ENSG00000216866	0.15500000000000003	0	False
ENSG00000217128	5.76	5	False
ENSG00000217275	7.17	6	False
ENSG00000217555	248.58999999999997	9	False
ENSG00000217644	0.195	0	False
ENSG00000217646	1.03	2	False
ENSG00000217862	0.47000000000000003	1	False
ENSG00000218358	0.135	0	False
ENSG00000218739	19.315	7	False
ENSG00000219200	80.88499999999999	9	False
ENSG00000219410	2.585	4	False
ENSG00000219529	4.140000000000001	5	False
ENSG00000220875	0.94	2	False
ENSG00000221829	6.105	5	False
ENSG00000221838	1.285	3	False
ENSG00000221869	0.25	0	False
ENSG00000221874	0.9	2	False
ENSG00000221914	13.774999999999999	7	False
ENSG00000221978	2.385	4	False
ENSG00000221983	1876.79	9	False
ENSG00000222041	421.555	9	False
ENSG00000222222	0.185	0	False
ENSG00000223442	0.16	0	False
ENSG00000223476	0.25	0	False
ENSG00000223496	6.18	5	False
ENSG00000223501	16.0	7	False
ENSG00000223508	6.225	5	False
ENSG00000223547	0.37	1	False
ENSG00000223552	0.78	2	False
ENSG00000223768	0.935	2	False
ENSG00000223791	0.20500000000000002	0	False
ENSG00000223799	0.5	1	False
ENSG00000223886	2.825	4	False
ENSG00000223891	1.62	3	False
ENSG00000224046	6.375	6	False
ENSG00000224086	0.14500000000000002	0	False
ENSG00000224138	1.015	2	False
ENSG00000224157	0.425	1	False
ENSG00000224165	1.6949999999999998	3	False
ENSG00000224195	0.255	1	False
ENSG00000224292	3.52	4	False
ENSG00000224349	0.7949999999999999	2	False
ENSG00000224597	14.620000000000001	7	False
ENSG00000224786	1.19	3	False
ENSG00000224805	1.415	3	False
ENSG00000224846	7.8999999999999995	6	False
ENSG00000224870	2.5700000000000003	4	False
ENSG00000224877	9.745000000000001	6	False
ENSG00000225062	0.32999999999999996	1	False
ENSG00000225077	0.45	1	False
ENSG00000225096	0.26	1	False
ENSG00000225173	1.935	3	False
ENSG00000225195	0.11	0	False
ENSG00000225230	0.6200000000000001	2	False
ENSG00000225339	10.059999999999999	6	False
ENSG00000225439	14.395	7	False
ENSG00000225470	27.955	8	False
ENSG00000225484	10.225	6	False
ENSG00000225506	0.22999999999999998	0	False
ENSG00000225595	0.155	0	False
ENSG00000225648	18.8	7	False
ENSG00000225663	0.395	1	False
ENSG00000225697	1.585	3	False
ENSG00000225733	20.685	7	False
ENSG00000225791	0.615	2	False
ENSG00000225830	5.67	5	False
ENSG00000225921	13.285	7	False
ENSG00000226009	0.955	2	False
ENSG00000226124	0.345	1	False
ENSG00000226312	0.215	0	False
ENSG00000226386	0.19	0	False
ENSG00000226457	0.235	0	False
ENSG00000226609	0.505	1	False
ENSG00000226645	0.37	1	False
ENSG00000226648	0.16	0	False
ENSG00000226688	4.5600000000000005	5	False
ENSG00000226696	0.8400000000000001	2	False
ENSG00000226756	0.14	0	False
ENSG00000226803	0.5700000000000001	2	False
ENSG00000226824	0.29000000000000004	1	False
ENSG00000226833	0.255	1	False
ENSG00000226912	0.10500000000000001	0	False
ENSG00000226944	0.385	1	False
ENSG00000226950	477.265	9	False
ENSG00000227053	0.87	2	False
ENSG00000227057	8.055	6	False
ENSG00000227070	14.09	7	False
ENSG00000227071	0.115	0	False
ENSG00000227198	0.235	0	False
ENSG00000227199	0.24	0	False
ENSG00000227218	0.105	0	False
ENSG00000227256	0.27	1	False
ENSG00000227373	0.14	0	False
ENSG00000227375	0.13	0	False
ENSG00000227477	0.46	1	False
ENSG00000227500	0.6950000000000001	2	False
ENSG00000227598	0.17	0	False
ENSG00000227775	0.245	0	False
ENSG00000227932	14.285	7	False
ENSG00000227963	0.25	0	False
ENSG00000228007	0.13	0	False
ENSG00000228022	0.28	1	False
ENSG00000228084	0.58	2	False
ENSG00000228175	2.685	4	False
ENSG00000228288	0.36	1	False
ENSG00000228300	0.8099999999999999	2	False
ENSG00000228397	0.235	0	False
ENSG00000228436	0.485	1	False
ENSG00000228474	866.2149999999999	9	False
ENSG00000228541	0.5449999999999999	1	False
ENSG00000228606	0.115	0	False
ENSG00000228661	0.11	0	False
ENSG00000228705	4.890000000000001	5	False
ENSG00000228716	33.59	8	False
ENSG00000228737	0.275	1	False
ENSG00000228794	18.56	7	False
ENSG00000228889	0.71	2	False
ENSG00000229017	0.28500000000000003	1	False
ENSG00000229278	0.5499999999999999	1	False
ENSG00000229388	0.575	2	False
ENSG00000229503	0.20500000000000002	0	False
ENSG00000229525	0.16	0	False
ENSG00000229539	0.13	0	False
ENSG00000229635	0.135	0	False
ENSG00000229750	0.11	0	False
ENSG00000229807	15.155	7	False
ENSG00000229896	0.865	2	False
ENSG00000229953	0.125	0	False
ENSG00000230074	4.6899999999999995	5	False
ENSG00000230124	12.675	7	False
ENSG00000230269	3.435	4	False
ENSG00000230337	0.18	0	False
ENSG00000230424	1.3399999999999999	3	False
ENSG00000230426	1.555	3	False
ENSG00000230530	1.115	2	False
ENSG00000230555	0.365	1	False
ENSG00000230565	0.37	1	False
ENSG00000230613	0.235	0	False
ENSG00000230615	0.305	1	False
ENSG00000230648	1.205	3	False
ENSG00000230679	1.3	3	False
ENSG00000230790	0.16	0	False
ENSG00000230832	0.135	0	False
ENSG00000230863	1.27	3	False
ENSG00000230955	26.814999999999998	8	False
ENSG00000231064	0.16	0	False
ENSG00000231074	16.685	7	False
ENSG00000231160	0.135	0	False
ENSG00000231233	6.57	6	False
ENSG00000231249	0.3	1	False
ENSG00000231365	3.955	5	False
ENSG00000231500	12606.33	9	False
ENSG00000231784	0.20500000000000002	0	False
ENSG00000231789	2.66	4	False
ENSG00000231887	4.9399999999999995	5	False
ENSG00000231908	0.505	1	False
ENSG00000231925	7.505	6	False
ENSG00000231969	0.24	0	False
ENSG00000232006	1.5550000000000002	3	False
ENSG00000232037	0.215	0	False
ENSG00000232065	0.31	1	False
ENSG00000232098	0.74	2	False
ENSG00000232112	680.7149999999999	9	False
ENSG00000232194	1.15	3	False
ENSG00000232265	1.96	3	False
ENSG00000232369	0.13	0	False
ENSG00000232388	132.185	9	False
ENSG00000232412	1.565	3	False
ENSG00000232533	3.115	4	False
ENSG00000232581	2.665	4	False
ENSG00000232645	0.54	1	False
ENSG00000232671	4.875	5	False
ENSG00000232850	0.15000000000000002	0	False
ENSG00000232858	0.10500000000000001	0	False
ENSG00000232860	0.265	1	False
ENSG00000232956	156.51999999999998	9	False
ENSG00000233016	1.18	3	False
ENSG00000233170	0.925	2	False
ENSG00000233203	0.705	2	False
ENSG00000233230	0.53	1	False
ENSG00000233246	0.145	0	False
ENSG00000233250	0.46	1	False
ENSG00000233325	0.175	0	False
ENSG00000233396	0.355	1	False
ENSG00000233452	1.14	3	False
ENSG00000233554	0.21000000000000002	0	False
ENSG00000233621	0.11499999999999999	0	False
ENSG00000233785	0.125	0	False
ENSG00000233791	0.12	0	False
ENSG00000233822	7.94	6	False
ENSG00000233927	2077.6949999999997	9	False
ENSG00000234093	0.62	2	False
ENSG00000234142	1.225	3	False
ENSG00000234222	0.635	2	False
ENSG00000234264	2.06	3	False
ENSG00000234327	35.97	8	False
ENSG00000234465	5.08	5	False
ENSG00000234608	71.775	9	False
ENSG00000234636	0.45	1	False
ENSG00000234676	0.15	0	False
ENSG00000234694	0.14	0	False
ENSG00000234695	0.115	0	False
ENSG00000234741	624.59	9	False
ENSG00000234911	0.10500000000000001	0	False
ENSG00000234912	4.03	5	False
ENSG00000234917	0.175	0	False
ENSG00000234936	0.435	1	False
ENSG00000234948	1.0150000000000001	2	False
ENSG00000235043	0.8400000000000001	2	False
ENSG00000235084	0.15	0	False
ENSG00000235145	0.125	0	False
ENSG00000235173	6.71	6	False
ENSG00000235299	2.1500000000000004	4	False
ENSG00000235354	0.895	2	False
ENSG00000235358	0.14	0	False
ENSG00000235363	138.13	9	False
ENSG00000235453	11.945	7	False
ENSG00000235570	0.22000000000000003	0	False
ENSG00000235681	0.46499999999999997	1	False
ENSG00000235831	0.12	0	False
ENSG00000235903	1.42	3	False
ENSG00000235912	9.215	6	False
ENSG00000236051	3.37	4	False
ENSG00000236065	0.2	0	False
ENSG00000236081	6.395	6	False
ENSG00000236287	13.935	7	False
ENSG00000236317	0.365	1	False
ENSG00000236377	0.47500000000000003	1	False
ENSG00000236618	3.465	4	False
ENSG00000236643	0.27	1	False
ENSG00000236756	14.455	7	False
ENSG00000236782	0.16	0	False
ENSG00000236848	0.13	0	False
ENSG00000236900	0.15	0	False
ENSG00000237054	3.96	5	False
ENSG00000237190	16.15	7	False
ENSG00000237296	4.025	5	False
ENSG00000237298	24.775	8	False
ENSG00000237424	1.3599999999999999	3	False
ENSG00000237429	1.885	3	False
ENSG00000237441	1.295	3	False
ENSG00000237493	0.135	0	False
ENSG00000237505	0.20500000000000002	0	False
ENSG00000237649	1.975	3	False
ENSG00000237668	0.215	0	False
ENSG00000237819	1.455	3	False
ENSG00000238058	0.4	1	False
ENSG00000238098	0.365	1	False
ENSG00000238198	0.21	0	False
ENSG00000238227	0.22	0	False
ENSG00000238795	2.005	3	False
ENSG00000239264	25.880000000000003	8	False
ENSG00000239306	4.76	5	False
ENSG00000239350	0.245	0	False
ENSG00000239382	1.79	3	False
ENSG00000239857	0.88	2	False
ENSG00000239900	213.94	9	False
ENSG00000240005	1.525	3	False
ENSG00000240137	0.56	2	False
ENSG00000240204	0.255	1	False
ENSG00000240401	0.21000000000000002	0	False
ENSG00000240497	0.295	1	False
ENSG00000240682	23.200000000000003	8	False
ENSG00000240849	2.515	4	False
ENSG00000240889	1.605	3	False
ENSG00000240972	60.89	8	False
ENSG00000241058	8.16	6	False
ENSG00000241081	0.77	2	False
ENSG00000241258	13.15	7	False
ENSG00000241343	2111.515	9	False
ENSG00000241357	0.375	1	False
ENSG00000241360	8.254999999999999	6	False
ENSG00000241370	171.96499999999997	9	False
ENSG00000241468	3777.21	9	False
ENSG00000241553	16.085	7	False
ENSG00000241685	95.41999999999999	9	False
ENSG00000241721	0.97	2	False
ENSG00000241735	0.13	0	False
ENSG00000241764	2.125	4	False
ENSG00000241837	1971.81	9	False
ENSG00000241878	32.19	8	False
ENSG00000241959	0.79	2	False
ENSG00000241962	0.19	0	False
ENSG00000241973	5.529999999999999	5	False
ENSG00000242028	7.29	6	False
ENSG00000242114	9.695	6	False
ENSG00000242125	121.465	9	False
ENSG00000242247	15.38	7	False
ENSG00000242259	14.825	7	False
ENSG00000242294	9.774999999999999	6	False
ENSG00000242372	615.48	9	False
ENSG00000242588	0.445	1	False
ENSG00000242759	0.74	2	False
ENSG00000242798	0.115	0	False
ENSG00000243056	3.5	4	False
ENSG00000243156	0.525	1	False
ENSG00000243317	173.56	9	False
ENSG00000243414	0.76	2	False
ENSG00000243554	0.20500000000000002	0	False
ENSG00000243646	8.1	6	False
ENSG00000243660	4.255	5	False
ENSG00000243678	521.92	9	False
ENSG00000243725	30.415	8	False
ENSG00000243819	0.385	1	False
ENSG00000243926	3.67	4	False
ENSG00000243927	23.155	8	False
ENSG00000243943	15.935	7	False
ENSG00000243989	134.665	9	False
ENSG00000244005	7.865	6	False
ENSG00000244038	140.055	9	False
ENSG00000244041	7.51	6	False
ENSG00000244115	6.91	6	False
ENSG00000244184	0.875	2	False
ENSG00000244187	17.925	7	False
ENSG00000244405	7.775	6	False
ENSG00000244462	3.4850000000000003	4	False
ENSG00000244509	150.95	9	False
ENSG00000244513	0.43500000000000005	1	False
ENSG00000244687	99.32	9	False
ENSG00000244754	30.340000000000003	8	False
ENSG00000245017	0.295	1	False
ENSG00000245146	0.13	0	False
ENSG00000245248	13.0	7	False
ENSG00000245281	1.075	2	False
ENSG00000245385	4.775	5	False
ENSG00000245532	14.515	7	False
ENSG00000245694	24.555	8	False
ENSG00000245748	2.1399999999999997	4	False
ENSG00000245750	0.275	1	False
ENSG00000245910	173.255	9	False
ENSG00000245958	3.0949999999999998	4	False
ENSG00000245970	2.05	3	False
ENSG00000245975	0.905	2	False
ENSG00000246082	1.085	2	False
ENSG00000246283	0.64	2	False
ENSG00000246422	0.21500000000000002	0	False
ENSG00000246560	9.455	6	False
ENSG00000246889	0.21500000000000002	0	False
ENSG00000247077	5.4350000000000005	5	False
ENSG00000247092	8.879999999999999	6	False
ENSG00000247315	2.24	4	False
ENSG00000247324	0.135	0	False
ENSG00000247556	14.280000000000001	7	False
ENSG00000247595	3.67	4	False
ENSG00000247626	3.035	4	False
ENSG00000247828	54.265	8	False
ENSG00000248092	6.859999999999999	6	False
ENSG00000248098	3.88	5	False
ENSG00000248367	0.8400000000000001	2	False
ENSG00000248468	0.755	2	False
ENSG00000248489	0.155	0	False
ENSG00000248538	25.845	8	False
ENSG00000248643	0.5349999999999999	1	False
ENSG00000248668	0.135	0	False
ENSG00000248925	2.855	4	False
ENSG00000249014	0.29000000000000004	1	False
ENSG00000249159	0.18	0	False
ENSG00000249166	0.29000000000000004	1	False
ENSG00000249375	0.12	0	False
ENSG00000249406	0.185	0	False
ENSG00000249456	0.19	0	False
ENSG00000249471	0.15	0	False
ENSG00000249637	0.32	1	False
ENSG00000249700	0.23	0	False
ENSG00000249709	1.07	2	False
ENSG00000249859	238.07	9	False
ENSG00000249915	29.095	8	False
ENSG00000250021	12.219999999999999	7	False
ENSG00000250214	0.195	0	False
ENSG00000250222	1.335	3	False
ENSG00000250365	0.5	1	False
ENSG00000250479	10.815	6	False
ENSG00000250616	0.26	1	False
ENSG00000251022	23.67	8	False
ENSG00000251230	5.675000000000001	5	False
ENSG00000251503	0.375	1	False
ENSG00000251562	4788.54	9	False
ENSG00000251569	0.51	1	False
ENSG00000251580	11.2	6	False
ENSG00000252481	2.16	4	False
ENSG00000253250	19.68	7	False
ENSG00000253276	4.92	5	False
ENSG00000253352	15.575	7	False
ENSG00000253540	0.17	0	False
ENSG00000253582	0.12000000000000001	0	False
ENSG00000253669	0.535	1	False
ENSG00000253719	7.25	6	False
ENSG00000253729	41.975	8	False
ENSG00000253917	0.16	0	False
ENSG00000253948	7.97	6	False
ENSG00000254087	16.735	7	False
ENSG00000254298	0.155	0	False
ENSG00000254319	31.155	8	False
ENSG00000254389	0.41	1	False
ENSG00000254427	0.165	0	False
ENSG00000254470	0.455	1	False
ENSG00000254473	0.985	2	False
ENSG00000254485	8.275	6	False
ENSG00000254501	0.99	2	False
ENSG00000254505	61.300000000000004	8	False
ENSG00000254578	7.16	6	False
ENSG00000254614	0.62	2	False
ENSG00000254653	0.12	0	False
ENSG00000254662	0.265	1	False
ENSG00000254682	55.93	8	False
ENSG00000254685	15.32	7	False
ENSG00000254772	776.59	9	False
ENSG00000254806	0.24	0	False
ENSG00000254827	0.135	0	False
ENSG00000254837	0.5549999999999999	1	False
ENSG00000254858	7.575	6	False
ENSG00000254873	29.29	8	False
ENSG00000254893	0.28	1	False
ENSG00000254986	4.135	5	False
ENSG00000254996	3.88	5	False
ENSG00000254999	451.155	9	False
ENSG00000255129	0.22500000000000003	0	False
ENSG00000255139	0.285	1	False
ENSG00000255145	0.915	2	False
ENSG00000255302	30.410000000000004	8	False
ENSG00000255314	0.6399999999999999	2	False
ENSG00000255328	0.575	2	False
ENSG00000255458	0.28500000000000003	1	False
ENSG00000255468	0.41	1	False
ENSG00000255526	0.285	1	False
ENSG00000255624	0.895	2	False
ENSG00000255717	215.77999999999997	9	False
ENSG00000255920	0.355	1	False
ENSG00000255949	0.265	1	False
ENSG00000256116	0.245	0	False
ENSG00000256206	0.55	1	False
ENSG00000256229	0.39	1	False
ENSG00000256269	245.67	9	False
ENSG00000256407	0.17	0	False
ENSG00000256442	0.255	1	False
ENSG00000256514	2.41	4	False
ENSG00000256525	7.5600000000000005	6	False
ENSG00000256646	4.88	5	False
ENSG00000256683	1.6	3	False
ENSG00000256806	0.13	0	False
ENSG00000256940	4.1	5	False
ENSG00000257086	0.135	0	False
ENSG00000257103	17.825	7	False
ENSG00000257218	4.07	5	False
ENSG00000257222	1.02	2	False
ENSG00000257285	0.515	1	False
ENSG00000257327	0.72	2	False
ENSG00000257365	10.41	6	False
ENSG00000257390	2.07	3	False
ENSG00000257526	0.14500000000000002	0	False
ENSG00000257543	0.575	2	False
ENSG00000257557	0.185	0	False
ENSG00000257595	0.13	0	False
ENSG00000257605	0.175	0	False
ENSG00000257698	159.99	9	False
ENSG00000257727	23.134999999999998	8	False
ENSG00000257921	1.01	2	False
ENSG00000257923	4.335	5	False
ENSG00000258038	2.565	4	False
ENSG00000258101	0.14	0	False
ENSG00000258199	1.06	2	False
ENSG00000258283	0.5	1	False
ENSG00000258366	0.625	2	False
ENSG00000258377	3.465	4	False
ENSG00000258458	0.5900000000000001	2	False
ENSG00000258512	4.38	5	False
ENSG00000258644	17.46	7	False
ENSG00000258651	0.135	0	False
ENSG00000258653	0.39	1	False
ENSG00000258677	0.15	0	False
ENSG00000258818	0.18	0	False
ENSG00000258884	0.48	1	False
ENSG00000258890	18.28	7	False
ENSG00000259001	0.115	0	False
ENSG00000259040	0.495	1	False
ENSG00000259075	0.21000000000000002	0	False
ENSG00000259083	0.135	0	False
ENSG00000259112	0.12	0	False
ENSG00000259153	0.855	2	False
ENSG00000259172	0.765	2	False
ENSG00000259212	0.32999999999999996	1	False
ENSG00000259316	54.465	8	False
ENSG00000259349	0.42500000000000004	1	False
ENSG00000259426	0.30000000000000004	1	False
ENSG00000259456	0.2	0	False
ENSG00000259642	0.22	0	False
ENSG00000259728	0.235	0	False
ENSG00000259764	0.315	1	False
ENSG00000259865	28.09	8	False
ENSG00000259950	0.15	0	False
ENSG00000260007	0.28	1	False
ENSG00000260032	17.065	7	False
ENSG00000260081	0.22999999999999998	0	False
ENSG00000260088	1.705	3	False
ENSG00000260136	0.7050000000000001	2	False
ENSG00000260213	0.10500000000000001	0	False
ENSG00000260238	0.645	2	False
ENSG00000260260	18.365000000000002	7	False
ENSG00000260273	2.37	4	False
ENSG00000260304	0.875	2	False
ENSG00000260329	0.935	2	False
ENSG00000260342	3.74	5	False
ENSG00000260360	0.51	1	False
ENSG00000260442	1.05	2	False
ENSG00000260482	0.13	0	False
ENSG00000260552	2.8899999999999997	4	False
ENSG00000260643	1.0	2	False
ENSG00000260735	0.385	1	False
ENSG00000260742	0.31	1	False
ENSG00000260778	2.195	4	False
ENSG00000260814	0.195	0	False
ENSG00000260877	0.395	1	False
ENSG00000260916	25.425	8	False
ENSG00000260920	1.845	3	False
ENSG00000260979	0.21500000000000002	0	False
ENSG00000260992	0.14	0	False
ENSG00000261159	0.24000000000000002	0	False
ENSG00000261173	0.275	1	False
ENSG00000261202	0.29000000000000004	1	False
ENSG00000261211	0.48	1	False
ENSG00000261236	2.7350000000000003	4	False
ENSG00000261407	0.18	0	False
ENSG00000261431	5.855	5	False
ENSG00000261573	0.12000000000000001	0	False
ENSG00000261575	0.11	0	False
ENSG00000261588	0.56	2	False
ENSG00000261609	1.3399999999999999	3	False
ENSG00000261652	3.5300000000000002	4	False
ENSG00000261824	27.535	8	False
ENSG00000261832	1.38	3	False
ENSG00000261886	0.24	0	False
ENSG00000261889	0.51	1	False
ENSG00000262136	0.665	2	False
ENSG00000262246	0.49	1	False
ENSG00000262420	0.22499999999999998	0	False
ENSG00000262468	2.5	4	False
ENSG00000262533	6.359999999999999	5	False
ENSG00000262633	4.145	5	False
ENSG00000262721	0.595	2	False
ENSG00000262791	0.38	1	False
ENSG00000262814	2.64	4	False
ENSG00000262874	0.64	2	False
ENSG00000262879	1.49	3	False
ENSG00000262904	0.25	0	False
ENSG00000262919	0.71	2	False
ENSG00000263001	5.0	5	False
ENSG00000263004	0.4	1	False
ENSG00000263011	0.14	0	False
ENSG00000263020	2.875	4	False
ENSG00000263280	1.26	3	False
ENSG00000263327	0.14500000000000002	0	False
ENSG00000263465	17.035	7	False
ENSG00000263585	78.245	9	False
ENSG00000263627	0.115	0	False
ENSG00000263727	0.195	0	False
ENSG00000263753	3.66	4	False
ENSG00000263823	0.465	1	False
ENSG00000263847	0.125	0	False
ENSG00000264019	9.175	6	False
ENSG00000264107	0.29000000000000004	1	False
ENSG00000264304	0.19	0	False
ENSG00000264364	1.675	3	False
ENSG00000264538	3.0	4	False
ENSG00000264569	1.275	3	False
ENSG00000264575	1.13	2	False
ENSG00000264577	7.1899999999999995	6	False
ENSG00000265008	0.215	0	False
ENSG00000265073	0.56	2	False
ENSG00000265168	50.620000000000005	8	False
ENSG00000265206	1.3900000000000001	3	False
ENSG00000265241	507.62	9	False
ENSG00000265254	0.39	1	False
ENSG00000265354	115.065	9	False
ENSG00000265458	0.29500000000000004	1	False
ENSG00000265681	1413.99	9	False
ENSG00000265692	0.13	0	False
ENSG00000265808	20.435	7	False
ENSG00000265840	9.675	6	False
ENSG00000265972	80.52	9	False
ENSG00000266086	0.61	2	False
ENSG00000266173	5.13	5	False
ENSG00000266313	0.625	2	False
ENSG00000266405	0.295	1	False
ENSG00000266441	0.135	0	False
ENSG00000266472	291.845	9	False
ENSG00000266642	0.93	2	False
ENSG00000266651	0.28500000000000003	1	False
ENSG00000266967	32.36	8	False
ENSG00000266969	0.535	1	False
ENSG00000266970	0.115	0	False
ENSG00000267001	0.26	1	False
ENSG00000267007	0.37	1	False
ENSG00000267041	1.475	3	False
ENSG00000267058	1.615	3	False
ENSG00000267114	0.255	1	False
ENSG00000267119	0.21500000000000002	0	False
ENSG00000267120	0.115	0	False
ENSG00000267168	0.18	0	False
ENSG00000267185	1.325	3	False
ENSG00000267219	0.14	0	False
ENSG00000267228	37.989999999999995	8	False
ENSG00000267289	0.185	0	False
ENSG00000267302	0.31	1	False
ENSG00000267308	0.13	0	False
ENSG00000267334	0.125	0	False
ENSG00000267340	0.33	1	False
ENSG00000267348	0.255	1	False
ENSG00000267422	0.165	0	False
ENSG00000267454	1.315	3	False
ENSG00000267458	0.5549999999999999	1	False
ENSG00000267484	1.7599999999999998	3	False
ENSG00000267575	9.370000000000001	6	False
ENSG00000267633	10.93	6	False
ENSG00000267637	0.43	1	False
ENSG00000267649	0.7749999999999999	2	False
ENSG00000267670	0.12000000000000001	0	False
ENSG00000267673	1.8199999999999998	3	False
ENSG00000267729	0.165	0	False
ENSG00000267740	1.03	2	False
ENSG00000267796	1.005	2	False
ENSG00000267855	263.63	9	False
ENSG00000267858	0.31	1	False
ENSG00000267892	0.2	0	False
ENSG00000268030	0.2	0	False
ENSG00000268093	0.155	0	False
ENSG00000268173	0.895	2	False
ENSG00000268530	0.315	1	False
ENSG00000268650	0.415	1	False
ENSG00000268746	0.14	0	False
ENSG00000268750	0.58	2	False
ENSG00000268790	0.145	0	False
ENSG00000268996	0.16999999999999998	0	False
ENSG00000269066	0.2	0	False
ENSG00000269145	5.390000000000001	5	False
ENSG00000269246	10.415	6	False
ENSG00000269313	0.155	0	False
ENSG00000269335	0.615	2	False
ENSG00000269343	5.9	5	False
ENSG00000269427	10.094999999999999	6	False
ENSG00000269481	0.29500000000000004	1	False
ENSG00000269559	0.62	2	False
ENSG00000269609	23.68	8	False
ENSG00000269646	0.15	0	False
ENSG00000269693	0.405	1	False
ENSG00000269815	0.27	1	False
ENSG00000269858	7.074999999999999	6	False
ENSG00000269867	0.245	0	False
ENSG00000269893	397.85	9	False
ENSG00000269897	52.519999999999996	8	False
ENSG00000269929	3.3600000000000003	4	False
ENSG00000269968	6.055	5	False
ENSG00000269970	0.225	0	False
ENSG00000270006	0.29000000000000004	1	False
ENSG00000270022	0.17500000000000002	0	False
ENSG00000270068	0.41000000000000003	1	False
ENSG00000270136	0.52	1	False
ENSG00000270170	5.8149999999999995	5	False
ENSG00000270194	0.175	0	False
ENSG00000270557	0.165	0	False
ENSG00000270617	0.10500000000000001	0	False
ENSG00000270647	14.190000000000001	7	False
ENSG00000270804	2.02	3	False
ENSG00000270933	0.96	2	False
ENSG00000271040	0.125	0	False
ENSG00000271228	0.31	1	False
ENSG00000271267	0.29000000000000004	1	False
ENSG00000271303	4.385	5	False
ENSG00000271361	9.69	6	False
ENSG00000271427	0.205	0	False
ENSG00000271440	0.125	0	False
ENSG00000271576	1.2799999999999998	3	False
ENSG00000271601	6.015000000000001	5	False
ENSG00000271643	0.4	1	False
ENSG00000271741	1.345	3	False
ENSG00000271788	0.26	1	False
ENSG00000271797	0.12000000000000001	0	False
ENSG00000271849	0.32499999999999996	1	False
ENSG00000271853	0.28	1	False
ENSG00000271869	5.57	5	False
ENSG00000271914	0.555	1	False
ENSG00000271933	0.125	0	False
ENSG00000271937	0.14	0	False
ENSG00000272004	1.095	2	False
ENSG00000272009	2.43	4	False
ENSG00000272079	0.5700000000000001	2	False
ENSG00000272097	0.675	2	False
ENSG00000272114	0.8	2	False
ENSG00000272142	1.34	3	False
ENSG00000272173	0.5650000000000001	2	False
ENSG00000272205	0.21	0	False
ENSG00000272217	0.43	1	False
ENSG00000272247	0.28500000000000003	1	False
ENSG00000272273	6.0	5	False
ENSG00000272288	7.255000000000001	6	False
ENSG00000272323	0.25	0	False
ENSG00000272325	33.160000000000004	8	False
ENSG00000272333	0.675	2	False
ENSG00000272391	6.08	5	False
ENSG00000272426	0.335	1	False
ENSG00000272434	0.495	1	False
ENSG00000272459	0.425	1	False
ENSG00000272514	0.10500000000000001	0	False
ENSG00000272523	0.535	1	False
ENSG00000272540	0.905	2	False
ENSG00000272655	8.465	6	False
ENSG00000272662	0.175	0	False
ENSG00000272663	1.1600000000000001	3	False
ENSG00000272693	0.16	0	False
ENSG00000272721	1.4049999999999998	3	False
ENSG00000272752	0.59	2	False
ENSG00000272763	0.845	2	False
ENSG00000272764	0.12	0	False
ENSG00000272799	1.49	3	False
ENSG00000272817	0.3	1	False
ENSG00000272841	0.345	1	False
ENSG00000272843	2.285	4	False
ENSG00000272854	0.285	1	False
ENSG00000272862	0.33999999999999997	1	False
ENSG00000272886	19.815	7	False
ENSG00000272921	93.68	9	False
ENSG00000273001	0.145	0	False
ENSG00000273063	0.405	1	False
ENSG00000273107	2.5	4	False
ENSG00000273143	0.355	1	False
ENSG00000273155	3.585	4	False
ENSG00000273176	0.14	0	False
ENSG00000273184	1.0350000000000001	2	False
ENSG00000273254	0.655	2	False
ENSG00000273265	0.27	1	False
ENSG00000273270	0.14	0	False
ENSG00000273314	0.52	1	False
ENSG00000273333	0.395	1	False
ENSG00000273342	0.615	2	False
ENSG00000273391	0.20500000000000002	0	False
ENSG00000273542	5.0	5	False
ENSG00000273611	212.82	9	False
ENSG00000273711	0.24	0	False
ENSG00000273749	2.755	4	False
ENSG00000273763	0.42	1	False
ENSG00000273783	0.98	2	False
ENSG00000273802	24.95	8	False
ENSG00000273841	389.68	9	False
ENSG00000273950	0.28500000000000003	1	False
ENSG00000273998	0.125	0	False
ENSG00000274012	82.1	9	False
ENSG00000274367	0.46	1	False
ENSG00000274425	0.2	0	False
ENSG00000274523	1.255	3	False
ENSG00000274641	1.7650000000000001	3	False
ENSG00000274670	0.34	1	False
ENSG00000274798	0.37	1	False
ENSG00000274849	1.4449999999999998	3	False
ENSG00000274979	0.125	0	False
ENSG00000274997	5.775	5	False
ENSG00000275023	2.175	4	False
ENSG00000275052	8.895	6	False
ENSG00000275066	1.7999999999999998	3	False
ENSG00000275263	0.16	0	False
ENSG00000275294	0.225	0	False
ENSG00000275441	2.15	4	False
ENSG00000275479	0.285	1	False
ENSG00000275558	0.105	0	False
ENSG00000275559	27.415	8	False
ENSG00000275700	25.43	8	False
ENSG00000275713	4.065	5	False
ENSG00000275714	0.155	0	False
ENSG00000275719	0.24000000000000002	0	False
ENSG00000275740	0.75	2	False
ENSG00000275785	0.53	1	False
ENSG00000275835	3.3850000000000002	4	False
ENSG00000276015	0.135	0	False
ENSG00000276023	49.21	8	False
ENSG00000276045	2.95	4	False
ENSG00000276089	27.740000000000002	8	False
ENSG00000276131	5.405	5	False
ENSG00000276150	2.505	4	False
ENSG00000276168	31.71	8	False
ENSG00000276170	0.29500000000000004	1	False
ENSG00000276180	1.8599999999999999	3	False
ENSG00000276185	1.7049999999999998	3	False
ENSG00000276234	18.235	7	False
ENSG00000276291	11.57	7	False
ENSG00000276293	2.385	4	False
ENSG00000276408	0.275	1	False
ENSG00000276524	0.55	1	False
ENSG00000276831	0.11	0	False
ENSG00000276966	12.760000000000002	7	False
ENSG00000277027	3.59	4	False
ENSG00000277075	59.254999999999995	8	False
ENSG00000277157	3.9450000000000003	5	False
ENSG00000277209	0.425	1	False
ENSG00000277224	1.21	3	False
ENSG00000277324	0.10500000000000001	0	False
ENSG00000277446	0.36	1	False
ENSG00000277449	0.14	0	False
ENSG00000277460	0.505	1	False
ENSG00000277602	1.355	3	False
ENSG00000277688	1.07	2	False
ENSG00000277775	0.375	1	False
ENSG00000277791	2014.855	9	False
ENSG00000277882	0.14	0	False
ENSG00000277972	4.275	5	False
ENSG00000277986	2.085	3	False
ENSG00000278053	18.075	7	False
ENSG00000278249	0.15	0	False
ENSG00000278259	15.719999999999999	7	False
ENSG00000278311	24.885	8	False
ENSG00000278318	0.24	0	False
ENSG00000278376	0.36	1	False
ENSG00000278463	0.30000000000000004	1	False
ENSG00000278535	11.11	6	False
ENSG00000278540	27.015	8	False
ENSG00000278600	0.8899999999999999	2	False
ENSG00000278615	132.49	9	False
ENSG00000278619	0.46499999999999997	1	False
ENSG00000278677	11.33	7	False
ENSG00000278703	0.215	0	False
ENSG00000278705	3.1050000000000004	4	False
ENSG00000278771	0.315	1	False
ENSG00000278828	21.54	7	False
ENSG00000278829	4.1	5	False
ENSG00000278845	141.125	9	False
ENSG00000279031	0.165	0	False
ENSG00000279119	2.04	3	False
ENSG00000279164	0.66	2	False
ENSG00000279227	0.63	2	False
ENSG00000279368	0.155	0	False
ENSG00000279370	0.59	2	False
ENSG00000279539	0.54	1	False
ENSG00000279753	34.535	8	False
ENSG00000279809	1.57	3	False
ENSG00000279863	1.5150000000000001	3	False
ENSG00000280187	0.575	2	False
ENSG00000280193	0.315	1	False
ENSG00000280211	0.38	1	False
ENSG00000280247	0.295	1	False
ENSG00000280278	0.16	0	False
ENSG00000280331	0.51	1	False
ENSG00000280426	0.445	1	False
ENSG00000280987	1.815	3	False
ENSG00000281311	0.3	1	False
ENSG00000281376	0.625	2	False
ENSG00000281398	21.595	7	False
ENSG00000281649	10.3	6	False
ENSG00000282386	0.135	0	False
ENSG00000282772	0.31	1	False
ENSG00000282836	0.155	0	False
ENSG00000282851	11.65	7	False
ENSG00000282988	5.055	5	False
ENSG00000283064	0.19	0	False
ENSG00000283103	3.49	4	False
