gene	gene_name	gate_type_GM12878	gate_type_K562	functional_category	cosmic_census_flag
SCYL3	SCYL3	SIMPLE_AND	INCONSISTENT	unknown	no
FGR	FGR	SIMPLE_AND	INCONSISTENT	kinase/signaling	no
NIPAL3	NIPAL3	SIMPLE_OR	SIMPLE_AND	unknown	no
SEMA3F	SEMA3F	BIVALENT	INCONSISTENT	unknown	no
RAD52	RAD52	BIVALENT	SIMPLE_AND	unknown	no
BAD	BAD	SIMPLE_AND	INCONSISTENT	unknown	no
KLHL13	KLHL13	SIMPLE_OR	INCONSISTENT	unknown	no
CYP26B1	CYP26B1	REPRESSED	BIVALENT	metabolic	no
ICA1	ICA1	BIVALENT	INCONSISTENT	unknown	no
DBNDD1	DBNDD1	BIVALENT	INCONSISTENT	unknown	no
ALS2	ALS2	SIMPLE_AND	INCONSISTENT	unknown	no
ARF5	ARF5	SIMPLE_AND	COMPLEX	unknown	no
PLXND1	PLXND1	BIVALENT	SIMPLE_AND	unknown	no
CD38	CD38	SIMPLE_AND	BIVALENT	unknown	no
CAMKK1	CAMKK1	SIMPLE_AND	INCONSISTENT	kinase/signaling	no
ARHGAP33	ARHGAP33	SIMPLE_AND	INCONSISTENT	unknown	no
PDK4	PDK4	BIVALENT	REPRESSED	metabolic	no
DVL2	DVL2	COMPLEX	INCONSISTENT	unknown	no
MCUB	MCUB	SIMPLE_AND	INCONSISTENT	unknown	no
MEOX1	MEOX1	SIMPLE_AND	REPRESSED	unknown	no
ATOSB	ATOSB	SIMPLE_AND	INCONSISTENT	unknown	no
PRKAR2B	PRKAR2B	BIVALENT	SIMPLE_AND	kinase/signaling	no
TSPOAP1	TSPOAP1	SIMPLE_AND	INCONSISTENT	unknown	no
GCFC2	GCFC2	SIMPLE_AND	INCONSISTENT	unknown	no
WDR54	WDR54	SIMPLE_AND	SIMPLE_OR	unknown	no
CROT	CROT	SIMPLE_AND	INCONSISTENT	unknown	no
SOX8	SOX8	REPRESSED	INCONSISTENT	transcription factor	no
ZNF195	ZNF195	COMPLEX	SIMPLE_AND	transcription factor	no
FBXL3	FBXL3	SIMPLE_AND	INCONSISTENT	unknown	no
PDK2	PDK2	SIMPLE_AND	INCONSISTENT	metabolic	no
ITGA3	ITGA3	SIMPLE_AND	BIVALENT	structural/other	no
CRLF1	CRLF1	REPRESSED	BIVALENT	unknown	no
TMEM98	TMEM98	REPRESSED	SIMPLE_AND	unknown	no
YBX2	YBX2	BIVALENT	INCONSISTENT	unknown	no
MAP3K14	MAP3K14	SIMPLE_AND	INCONSISTENT	kinase/signaling	no
TMEM132A	TMEM132A	SIMPLE_OR	BIVALENT	unknown	no
ZNF263	ZNF263	COMPLEX	SIMPLE_AND	transcription factor	no
SPATA20	SPATA20	SIMPLE_OR	INCONSISTENT	unknown	no
TNFRSF12A	TNFRSF12A	INCONSISTENT	SIMPLE_AND	unknown	no
MAP3K9	MAP3K9	SIMPLE_AND	INCONSISTENT	kinase/signaling	no
KDM7A	KDM7A	BIVALENT	SIMPLE_AND	chromatin regulator	no
ETV1	ETV1	BIVALENT	INCONSISTENT	transcription factor	yes
TTC22	TTC22	SIMPLE_AND	REPRESSED	unknown	no
USH1C	USH1C	REPRESSED	BIVALENT	unknown	no
TBXA2R	TBXA2R	INCONSISTENT	SIMPLE_AND	unknown	no
GTF2IRD1	GTF2IRD1	SIMPLE_OR	SIMPLE_AND	unknown	no
SCIN	SCIN	REPRESSED	INCONSISTENT	unknown	no
CDKL3	CDKL3	SIMPLE_AND	INCONSISTENT	unknown	no
PRSS21	PRSS21	INCONSISTENT	SIMPLE_AND	unknown	no
CEACAM21	CEACAM21	SIMPLE_AND	INCONSISTENT	unknown	no
TRAPPC6A	TRAPPC6A	SIMPLE_AND	INCONSISTENT	unknown	no
CEACAM7	CEACAM7	REPRESSED	INCONSISTENT	unknown	no
PAX6	PAX6	REPRESSED	INCONSISTENT	transcription factor	no
CACNA2D2	CACNA2D2	REPRESSED	INCONSISTENT	unknown	no
BAIAP3	BAIAP3	BIVALENT	INCONSISTENT	unknown	no
CRAMP1	CRAMP1	BIVALENT	INCONSISTENT	unknown	no
TEAD3	TEAD3	BIVALENT	INCONSISTENT	transcription factor	no
E2F2	E2F2	SIMPLE_AND	INCONSISTENT	transcription factor	no
CDKL5	CDKL5	BIVALENT	INCONSISTENT	unknown	no
DLEC1	DLEC1	BIVALENT	REPRESSED	unknown	no
CYTH3	CYTH3	SIMPLE_OR	INCONSISTENT	unknown	no
ADAM22	ADAM22	SIMPLE_AND	INCONSISTENT	unknown	no
SYPL1	SYPL1	SIMPLE_AND	COMPLEX	unknown	no
CELSR3	CELSR3	BIVALENT	INCONSISTENT	unknown	no
AASS	AASS	SIMPLE_OR	INCONSISTENT	unknown	no
PLEKHG6	PLEKHG6	SIMPLE_AND	INCONSISTENT	unknown	no
SS18L2	SS18L2	SIMPLE_AND	INCONSISTENT	unknown	no
MPND	MPND	SIMPLE_AND	INCONSISTENT	unknown	no
ST3GAL1	ST3GAL1	BIVALENT	INCONSISTENT	unknown	no
PKD1	PKD1	SIMPLE_AND	SIMPLE_OR	unknown	no
MED24	MED24	BIVALENT	SIMPLE_AND	unknown	no
SEC62	SEC62	COMPLEX	SIMPLE_AND	unknown	no
CSDE1	CSDE1	SIMPLE_AND	COMPLEX	unknown	no
FAM76A	FAM76A	SIMPLE_AND	INCONSISTENT	unknown	no
ETV7	ETV7	INCONSISTENT	BIVALENT	transcription factor	no
CD9	CD9	BIVALENT	INCONSISTENT	unknown	no
FUZ	FUZ	SIMPLE_AND	INCONSISTENT	unknown	no
ZNF200	ZNF200	SIMPLE_AND	INCONSISTENT	transcription factor	no
LRRC23	LRRC23	SIMPLE_AND	INCONSISTENT	unknown	no
HFE	HFE	SIMPLE_AND	INCONSISTENT	unknown	no
FYN	FYN	SIMPLE_AND	BIVALENT	kinase/signaling	no
NME1-NME2	NME1-NME2	COMPLEX	SIMPLE_AND	unknown	no
TSPAN9	TSPAN9	BIVALENT	INCONSISTENT	unknown	no
MBTD1	MBTD1	SIMPLE_AND	INCONSISTENT	unknown	no
DPF1	DPF1	BIVALENT	INCONSISTENT	unknown	no
SYT7	SYT7	REPRESSED	BIVALENT	unknown	no
PLAUR	PLAUR	SIMPLE_AND	INCONSISTENT	unknown	no
WIZ	WIZ	SIMPLE_OR	INCONSISTENT	unknown	no
CEP68	CEP68	SIMPLE_AND	INCONSISTENT	unknown	no
ZBTB32	ZBTB32	SIMPLE_AND	INCONSISTENT	transcription factor	no
MBTPS2	MBTPS2	SIMPLE_AND	INCONSISTENT	unknown	no
ALOX5	ALOX5	SIMPLE_AND	INCONSISTENT	unknown	no
CALCOCO1	CALCOCO1	SIMPLE_AND	INCONSISTENT	unknown	no
MAP4K5	MAP4K5	BIVALENT	INCONSISTENT	kinase/signaling	no
EHD3	EHD3	SIMPLE_OR	REPRESSED	unknown	no
MAN2B2	MAN2B2	SIMPLE_AND	INCONSISTENT	unknown	no
MVP	MVP	SIMPLE_AND	INCONSISTENT	unknown	no
RWDD2A	RWDD2A	SIMPLE_AND	INCONSISTENT	unknown	no
DNASE1L1	DNASE1L1	SIMPLE_AND	INCONSISTENT	unknown	no
HEBP1	HEBP1	BIVALENT	INCONSISTENT	unknown	no
GPRC5A	GPRC5A	REPRESSED	BIVALENT	unknown	no
UFL1	UFL1	SIMPLE_AND	INCONSISTENT	unknown	no
CCDC88C	CCDC88C	SIMPLE_AND	INCONSISTENT	unknown	no
WAS	WAS	SIMPLE_AND	INCONSISTENT	unknown	yes
XYLT2	XYLT2	SIMPLE_AND	INCONSISTENT	unknown	no
CHDH	CHDH	SIMPLE_AND	BIVALENT	unknown	no
IGF1	IGF1	COMPLEX	INCONSISTENT	unknown	no
PHLDB1	PHLDB1	BIVALENT	SIMPLE_AND	unknown	no
SAMD4A	SAMD4A	SIMPLE_OR	INCONSISTENT	unknown	no
PLEKHB1	PLEKHB1	SIMPLE_OR	BIVALENT	unknown	no
SERPINB1	SERPINB1	BIVALENT	SIMPLE_AND	unknown	no
OSBPL5	OSBPL5	REPRESSED	INCONSISTENT	unknown	no
SLC45A4	SLC45A4	BIVALENT	SIMPLE_AND	metabolic	no
ZNF839	ZNF839	SIMPLE_AND	INCONSISTENT	transcription factor	no
ZDHHC6	ZDHHC6	SIMPLE_AND	INCONSISTENT	unknown	no
BIRC3	BIRC3	COMPLEX	INCONSISTENT	unknown	yes
AKAP11	AKAP11	SIMPLE_AND	COMPLEX	unknown	no
GLRX2	GLRX2	SIMPLE_AND	INCONSISTENT	unknown	no
SNAPC1	SNAPC1	SIMPLE_AND	INCONSISTENT	unknown	no
DERA	DERA	SIMPLE_AND	INCONSISTENT	unknown	no
PLEKHO1	PLEKHO1	SIMPLE_AND	INCONSISTENT	unknown	no
CCDC28A	CCDC28A	SIMPLE_AND	INCONSISTENT	unknown	no
RRAGD	RRAGD	SIMPLE_AND	BIVALENT	unknown	no
NR1H3	NR1H3	COMPLEX	SIMPLE_AND	unknown	no
RTEL1-TNFRSF6B	RTEL1-TNFRSF6B	SIMPLE_AND	INCONSISTENT	unknown	no
CD44	CD44	SIMPLE_AND	BIVALENT	unknown	no
KCNG1	KCNG1	REPRESSED	BIVALENT	unknown	no
AGPAT4	AGPAT4	SIMPLE_OR	INCONSISTENT	unknown	no
BTN3A1	BTN3A1	SIMPLE_AND	INCONSISTENT	unknown	no
MIPEP	MIPEP	SIMPLE_AND	INCONSISTENT	unknown	no
PRKCH	PRKCH	REPRESSED	BIVALENT	kinase/signaling	no
INSRR	INSRR	BIVALENT	INCONSISTENT	unknown	no
IFNGR1	IFNGR1	SIMPLE_AND	INCONSISTENT	unknown	no
B4GALT7	B4GALT7	SIMPLE_AND	INCONSISTENT	unknown	no
POU2F2	POU2F2	SIMPLE_OR	INCONSISTENT	transcription factor	no
BMAL2	BMAL2	SIMPLE_AND	BIVALENT	unknown	no
IKZF2	IKZF2	SIMPLE_AND	INCONSISTENT	transcription factor	no
ARHGAP31	ARHGAP31	SIMPLE_AND	INCONSISTENT	unknown	no
CENPQ	CENPQ	SIMPLE_AND	INCONSISTENT	unknown	no
ARID4A	ARID4A	COMPLEX	INCONSISTENT	chromatin regulator	no
IFT88	IFT88	SIMPLE_AND	COMPLEX	unknown	no
ALG1	ALG1	SIMPLE_OR	SIMPLE_AND	unknown	no
FUT8	FUT8	SIMPLE_AND	INCONSISTENT	unknown	no
GAB2	GAB2	COMPLEX	INCONSISTENT	unknown	no
MAP2K3	MAP2K3	SIMPLE_AND	INCONSISTENT	kinase/signaling	no
ASTE1	ASTE1	SIMPLE_AND	INCONSISTENT	unknown	no
SH3YL1	SH3YL1	SIMPLE_AND	INCONSISTENT	unknown	no
ADSS2	ADSS2	SIMPLE_AND	COMPLEX	unknown	no
CYP46A1	CYP46A1	BIVALENT	INCONSISTENT	metabolic	no
USP2	USP2	BIVALENT	INCONSISTENT	unknown	no
HOXC8	HOXC8	REPRESSED	INCONSISTENT	transcription factor	no
AGA	AGA	SIMPLE_AND	INCONSISTENT	unknown	no
PI4K2B	PI4K2B	SIMPLE_AND	INCONSISTENT	unknown	no
TRIO	TRIO	SIMPLE_AND	INCONSISTENT	unknown	no
ZFYVE16	ZFYVE16	SIMPLE_AND	INCONSISTENT	unknown	no
RAI14	RAI14	REPRESSED	SIMPLE_AND	unknown	no
PHLPP2	PHLPP2	SIMPLE_AND	INCONSISTENT	unknown	no
CTNS	CTNS	SIMPLE_AND	INCONSISTENT	unknown	no
PARP3	PARP3	SIMPLE_AND	INCONSISTENT	unknown	no
THAP3	THAP3	SIMPLE_AND	INCONSISTENT	unknown	no
AIFM2	AIFM2	SIMPLE_AND	INCONSISTENT	unknown	no
SPATA7	SPATA7	SIMPLE_OR	INCONSISTENT	unknown	no
ZIC2	ZIC2	BIVALENT	SIMPLE_AND	transcription factor	no
ADRB1	ADRB1	SIMPLE_OR	INCONSISTENT	unknown	no
GEMIN8	GEMIN8	COMPLEX	SIMPLE_AND	unknown	no
OFD1	OFD1	SIMPLE_AND	INCONSISTENT	unknown	no
GPM6B	GPM6B	BIVALENT	REPRESSED	unknown	no
YTHDC2	YTHDC2	SIMPLE_AND	COMPLEX	unknown	no
POLR2B	POLR2B	COMPLEX	SIMPLE_AND	unknown	no
ATOSA	ATOSA	SIMPLE_OR	REPRESSED	unknown	no
ARAP2	ARAP2	SIMPLE_AND	INCONSISTENT	unknown	no
KATNIP	KATNIP	SIMPLE_AND	INCONSISTENT	unknown	no
XK	XK	INCONSISTENT	SIMPLE_AND	unknown	no
WWC3	WWC3	SIMPLE_AND	INCONSISTENT	unknown	no
ARHGAP6	ARHGAP6	INCONSISTENT	REPRESSED	unknown	no
RRM2B	RRM2B	SIMPLE_AND	INCONSISTENT	unknown	no
TNFRSF17	TNFRSF17	SIMPLE_AND	INCONSISTENT	unknown	yes
SNX29	SNX29	SIMPLE_AND	INCONSISTENT	unknown	yes
KITLG	KITLG	REPRESSED	INCONSISTENT	unknown	no
ADAMTS6	ADAMTS6	SIMPLE_AND	INCONSISTENT	unknown	no
H6PD	H6PD	SIMPLE_AND	INCONSISTENT	unknown	no
PER3	PER3	SIMPLE_OR	COMPLEX	unknown	no
TNFRSF9	TNFRSF9	REPRESSED	BIVALENT	unknown	no
LTBP1	LTBP1	BIVALENT	SIMPLE_AND	unknown	no
RCN1	RCN1	SIMPLE_AND	INCONSISTENT	unknown	no
PPP1R3F	PPP1R3F	SIMPLE_AND	INCONSISTENT	unknown	no
HEXB	HEXB	SIMPLE_AND	SIMPLE_OR	unknown	no
PTCD2	PTCD2	SIMPLE_AND	INCONSISTENT	unknown	no
DKK3	DKK3	REPRESSED	INCONSISTENT	unknown	no
NFE2L3	NFE2L3	SIMPLE_AND	INCONSISTENT	transcription factor	no
LIMA1	LIMA1	BIVALENT	SIMPLE_AND	unknown	no
SLC4A8	SLC4A8	SIMPLE_AND	INCONSISTENT	metabolic	no
PTGER3	PTGER3	REPRESSED	INCONSISTENT	unknown	no
COL23A1	COL23A1	REPRESSED	BIVALENT	structural/other	no
BCAR1	BCAR1	SIMPLE_AND	INCONSISTENT	unknown	no
HOMER3	HOMER3	BIVALENT	INCONSISTENT	unknown	no
HEBP2	HEBP2	SIMPLE_AND	INCONSISTENT	unknown	no
PLEKHA5	PLEKHA5	BIVALENT	INCONSISTENT	unknown	no
ALX4	ALX4	REPRESSED	INCONSISTENT	unknown	no
FOXN3	FOXN3	SIMPLE_AND	INCONSISTENT	transcription factor	no
MCF2L2	MCF2L2	BIVALENT	INCONSISTENT	unknown	no
KCNQ1	KCNQ1	REPRESSED	INCONSISTENT	unknown	no
ENTPD2	ENTPD2	REPRESSED	INCONSISTENT	unknown	no
LY75	LY75	SIMPLE_AND	REPRESSED	unknown	no
HHAT	HHAT	SIMPLE_AND	INCONSISTENT	unknown	no
TBC1D22A	TBC1D22A	SIMPLE_AND	INCONSISTENT	unknown	no
PLEKHH1	PLEKHH1	BIVALENT	INCONSISTENT	unknown	no
FAM168A	FAM168A	SIMPLE_AND	INCONSISTENT	unknown	no
RELT	RELT	SIMPLE_AND	INCONSISTENT	unknown	no
GALC	GALC	COMPLEX	INCONSISTENT	unknown	no
KCNH2	KCNH2	BIVALENT	SIMPLE_AND	unknown	no
CYFIP2	CYFIP2	SIMPLE_AND	INCONSISTENT	unknown	no
GINM1	GINM1	SIMPLE_AND	INCONSISTENT	unknown	no
MCOLN3	MCOLN3	INCONSISTENT	BIVALENT	unknown	no
HPF1	HPF1	SIMPLE_AND	INCONSISTENT	unknown	no
ZNF280C	ZNF280C	SIMPLE_AND	COMPLEX	transcription factor	no
IL17RB	IL17RB	SIMPLE_AND	BIVALENT	unknown	no
DCBLD2	DCBLD2	SIMPLE_AND	INCONSISTENT	unknown	no
PKP2	PKP2	REPRESSED	BIVALENT	unknown	no
PRDM1	PRDM1	BIVALENT	INCONSISTENT	transcription factor	yes
TMCC3	TMCC3	SIMPLE_OR	REPRESSED	unknown	no
MTA3	MTA3	BIVALENT	SIMPLE_OR	unknown	no
USP13	USP13	SIMPLE_AND	BIVALENT	unknown	no
ZC3H11A	ZC3H11A	COMPLEX	SIMPLE_AND	unknown	no
FLYWCH1	FLYWCH1	SIMPLE_AND	INCONSISTENT	unknown	no
UNKL	UNKL	COMPLEX	SIMPLE_AND	unknown	no
TBXAS1	TBXAS1	BIVALENT	INCONSISTENT	unknown	no
PARP12	PARP12	SIMPLE_OR	COMPLEX	unknown	no
DNAJC25	DNAJC25	SIMPLE_AND	INCONSISTENT	unknown	no
CTDP1	CTDP1	SIMPLE_AND	INCONSISTENT	unknown	no
STYK1	STYK1	COMPLEX	INCONSISTENT	unknown	no
GNA15	GNA15	SIMPLE_AND	INCONSISTENT	unknown	no
PIGV	PIGV	SIMPLE_AND	INCONSISTENT	unknown	no
HDAC7	HDAC7	SIMPLE_OR	SIMPLE_AND	chromatin regulator	no
LZTS1	LZTS1	REPRESSED	BIVALENT	unknown	no
WNT8A	WNT8A	INCONSISTENT	REPRESSED	unknown	no
SPAG4	SPAG4	SIMPLE_AND	INCONSISTENT	unknown	no
NCKAP1	NCKAP1	BIVALENT	SIMPLE_AND	unknown	no
SFSWAP	SFSWAP	SIMPLE_AND	COMPLEX	unknown	no
LTK	LTK	BIVALENT	INCONSISTENT	unknown	no
BICRA	BICRA	SIMPLE_AND	INCONSISTENT	unknown	no
SPHK2	SPHK2	SIMPLE_AND	INCONSISTENT	unknown	no
MED29	MED29	SIMPLE_AND	INCONSISTENT	unknown	no
AHRR	AHRR	SIMPLE_AND	INCONSISTENT	unknown	no
GPC1	GPC1	BIVALENT	INCONSISTENT	unknown	no
ADCK1	ADCK1	SIMPLE_AND	INCONSISTENT	unknown	no
ST3GAL6	ST3GAL6	SIMPLE_AND	REPRESSED	unknown	no
BORCS8-MEF2B	BORCS8-MEF2B	SIMPLE_AND	INCONSISTENT	unknown	no
SNCAIP	SNCAIP	REPRESSED	INCONSISTENT	unknown	no
PMS1	PMS1	COMPLEX	SIMPLE_AND	unknown	yes
ANKS1A	ANKS1A	SIMPLE_AND	INCONSISTENT	unknown	no
ZNF76	ZNF76	SIMPLE_AND	INCONSISTENT	transcription factor	no
SLC9A3R2	SLC9A3R2	INCONSISTENT	SIMPLE_AND	unknown	no
GNAI3	GNAI3	SIMPLE_AND	INCONSISTENT	unknown	no
OAT	OAT	BIVALENT	SIMPLE_AND	unknown	no
TRAM2	TRAM2	SIMPLE_AND	INCONSISTENT	unknown	no
NTN1	NTN1	BIVALENT	INCONSISTENT	unknown	no
DGKA	DGKA	SIMPLE_AND	INCONSISTENT	unknown	no
ANKRD44	ANKRD44	SIMPLE_AND	BIVALENT	unknown	no
TBC1D22B	TBC1D22B	SIMPLE_AND	INCONSISTENT	unknown	no
MYLK	MYLK	BIVALENT	INCONSISTENT	unknown	no
CYB5R4	CYB5R4	BIVALENT	INCONSISTENT	unknown	no
SEC61A2	SEC61A2	SIMPLE_AND	INCONSISTENT	unknown	no
PRKCQ	PRKCQ	BIVALENT	SIMPLE_AND	kinase/signaling	no
TLE2	TLE2	REPRESSED	SIMPLE_AND	unknown	no
ME1	ME1	SIMPLE_AND	INCONSISTENT	metabolic	no
TBC1D1	TBC1D1	SIMPLE_AND	BIVALENT	unknown	no
SLC9A7	SLC9A7	SIMPLE_AND	INCONSISTENT	metabolic	no
FOXJ2	FOXJ2	SIMPLE_AND	INCONSISTENT	transcription factor	no
PDE4A	PDE4A	BIVALENT	SIMPLE_AND	unknown	no
PPP2R5A	PPP2R5A	COMPLEX	SIMPLE_AND	unknown	no
ZMYND12	ZMYND12	INCONSISTENT	COMPLEX	unknown	no
CD84	CD84	SIMPLE_AND	INCONSISTENT	unknown	no
POLR1H	POLR1H	COMPLEX	SIMPLE_AND	unknown	no
MPPED2	MPPED2	REPRESSED	INCONSISTENT	unknown	no
ATXN3	ATXN3	SIMPLE_AND	INCONSISTENT	unknown	no
GOLGA5	GOLGA5	SIMPLE_AND	COMPLEX	unknown	yes
ISOC1	ISOC1	COMPLEX	SIMPLE_AND	unknown	no
KIF26A	KIF26A	REPRESSED	INCONSISTENT	unknown	no
ATG2B	ATG2B	SIMPLE_AND	INCONSISTENT	unknown	no
ZFAT	ZFAT	SIMPLE_AND	INCONSISTENT	unknown	no
STAG3	STAG3	SIMPLE_OR	INCONSISTENT	unknown	no
PLPP1	PLPP1	SIMPLE_AND	BIVALENT	unknown	no
CACNB1	CACNB1	SIMPLE_AND	INCONSISTENT	unknown	no
EVI5	EVI5	REPRESSED	SIMPLE_AND	unknown	no
STOML1	STOML1	SIMPLE_AND	INCONSISTENT	unknown	no
DHX29	DHX29	SIMPLE_AND	INCONSISTENT	unknown	no
RRP15	RRP15	SIMPLE_AND	COMPLEX	unknown	no
PMS2P4	PMS2P4	SIMPLE_OR	INCONSISTENT	unknown	no
NAV3	NAV3	REPRESSED	INCONSISTENT	unknown	no
ROGDI	ROGDI	SIMPLE_AND	INCONSISTENT	unknown	no
PDK3	PDK3	SIMPLE_AND	BIVALENT	metabolic	no
FGFR3	FGFR3	REPRESSED	SIMPLE_AND	kinase/signaling	yes
IFI35	IFI35	SIMPLE_AND	INCONSISTENT	unknown	no
PLEKHH3	PLEKHH3	SIMPLE_AND	INCONSISTENT	unknown	no
MEF2A	MEF2A	SIMPLE_AND	BIVALENT	transcription factor	no
TBC1D25	TBC1D25	SIMPLE_AND	INCONSISTENT	unknown	no
INPP5A	INPP5A	SIMPLE_AND	INCONSISTENT	unknown	no
GRIPAP1	GRIPAP1	SIMPLE_AND	INCONSISTENT	unknown	no
REEP1	REEP1	BIVALENT	REPRESSED	unknown	no
ATP11A	ATP11A	SIMPLE_AND	INCONSISTENT	unknown	no
TTC7A	TTC7A	SIMPLE_AND	INCONSISTENT	unknown	no
IFT80	IFT80	SIMPLE_AND	INCONSISTENT	unknown	no
SIRT2	SIRT2	COMPLEX	SIMPLE_AND	chromatin regulator	no
PPP2R5B	PPP2R5B	SIMPLE_AND	INCONSISTENT	unknown	no
PITX1	PITX1	BIVALENT	SIMPLE_AND	unknown	no
NUCKS1	NUCKS1	COMPLEX	SIMPLE_AND	unknown	no
BCL3	BCL3	SIMPLE_AND	INCONSISTENT	unknown	yes
KCNAB2	KCNAB2	SIMPLE_AND	INCONSISTENT	unknown	no
GAL	GAL	REPRESSED	SIMPLE_AND	unknown	no
FUNDC1	FUNDC1	SIMPLE_AND	INCONSISTENT	unknown	no
HES2	HES2	REPRESSED	INCONSISTENT	transcription factor	no
NEDD4	NEDD4	SIMPLE_AND	INCONSISTENT	unknown	no
UFD1	UFD1	COMPLEX	SIMPLE_AND	unknown	no
PHRF1	PHRF1	BIVALENT	SIMPLE_AND	unknown	no
SPTB	SPTB	BIVALENT	SIMPLE_AND	structural/other	no
SLC44A1	SLC44A1	SIMPLE_AND	INCONSISTENT	metabolic	no
FSTL3	FSTL3	SIMPLE_OR	INCONSISTENT	unknown	yes
RNF126	RNF126	SIMPLE_AND	COMPLEX	unknown	no
MNT	MNT	SIMPLE_AND	INCONSISTENT	unknown	no
ZXDC	ZXDC	SIMPLE_AND	INCONSISTENT	unknown	no
WIPI1	WIPI1	SIMPLE_AND	INCONSISTENT	unknown	no
TESK2	TESK2	SIMPLE_AND	INCONSISTENT	unknown	no
PTPN21	PTPN21	BIVALENT	INCONSISTENT	unknown	no
TCOF1	TCOF1	SIMPLE_AND	BIVALENT	unknown	no
TRPM5	TRPM5	REPRESSED	INCONSISTENT	unknown	no
NCK2	NCK2	SIMPLE_AND	INCONSISTENT	unknown	no
MAP4K4	MAP4K4	BIVALENT	SIMPLE_AND	kinase/signaling	no
MGAT4A	MGAT4A	SIMPLE_OR	BIVALENT	unknown	no
SNX13	SNX13	BIVALENT	SIMPLE_AND	unknown	no
ARHGAP10	ARHGAP10	SIMPLE_AND	BIVALENT	unknown	no
SEL1L	SEL1L	COMPLEX	INCONSISTENT	unknown	no
ATP6AP1	ATP6AP1	SIMPLE_OR	SIMPLE_AND	unknown	no
TRIB2	TRIB2	BIVALENT	SIMPLE_AND	unknown	no
ADGRL1	ADGRL1	SIMPLE_OR	SIMPLE_AND	unknown	no
ACTN1	ACTN1	BIVALENT	SIMPLE_AND	structural/other	no
PTPN18	PTPN18	SIMPLE_OR	SIMPLE_AND	unknown	no
ASIC4	ASIC4	REPRESSED	INCONSISTENT	unknown	no
ALDH3A2	ALDH3A2	SIMPLE_AND	INCONSISTENT	metabolic	no
UBE2D1	UBE2D1	SIMPLE_AND	INCONSISTENT	unknown	no
PALS1	PALS1	SIMPLE_AND	INCONSISTENT	unknown	no
RHOBTB1	RHOBTB1	REPRESSED	INCONSISTENT	unknown	no
CHFR	CHFR	SIMPLE_AND	SIMPLE_OR	unknown	no
P4HA2	P4HA2	BIVALENT	SIMPLE_AND	unknown	no
ACADVL	ACADVL	SIMPLE_OR	SIMPLE_AND	metabolic	no
STK10	STK10	SIMPLE_AND	INCONSISTENT	kinase/signaling	no
ACAP1	ACAP1	SIMPLE_AND	INCONSISTENT	unknown	no
EVC	EVC	SIMPLE_AND	INCONSISTENT	unknown	no
DERL2	DERL2	SIMPLE_AND	INCONSISTENT	unknown	no
TMEM38A	TMEM38A	SIMPLE_AND	INCONSISTENT	unknown	no
XRCC1	XRCC1	SIMPLE_AND	SIMPLE_OR	unknown	no
PANX2	PANX2	BIVALENT	INCONSISTENT	unknown	no
SELENOO	SELENOO	SIMPLE_AND	INCONSISTENT	unknown	no
ALPK1	ALPK1	SIMPLE_AND	INCONSISTENT	unknown	no
LLGL2	LLGL2	BIVALENT	SIMPLE_AND	unknown	no
ADAM11	ADAM11	REPRESSED	INCONSISTENT	unknown	no
PPP2R3A	PPP2R3A	BIVALENT	INCONSISTENT	unknown	no
FERMT2	FERMT2	BIVALENT	INCONSISTENT	unknown	no
IGF2BP2	IGF2BP2	BIVALENT	INCONSISTENT	unknown	yes
TBX21	TBX21	SIMPLE_AND	REPRESSED	transcription factor	no
FRY	FRY	BIVALENT	INCONSISTENT	unknown	no
TEAD2	TEAD2	REPRESSED	SIMPLE_AND	transcription factor	no
SNCB	SNCB	REPRESSED	BIVALENT	unknown	no
NCBP3	NCBP3	SIMPLE_AND	INCONSISTENT	unknown	no
MGLL	MGLL	SIMPLE_AND	INCONSISTENT	unknown	no
SLC24A1	SLC24A1	SIMPLE_AND	INCONSISTENT	metabolic	no
IPCEF1	IPCEF1	SIMPLE_OR	REPRESSED	unknown	no
ANO8	ANO8	SIMPLE_AND	INCONSISTENT	unknown	no
WSCD2	WSCD2	REPRESSED	INCONSISTENT	unknown	no
GTSE1	GTSE1	SIMPLE_AND	INCONSISTENT	unknown	no
GRAMD4	GRAMD4	SIMPLE_OR	SIMPLE_AND	unknown	no
ADD2	ADD2	REPRESSED	SIMPLE_AND	unknown	no
RASAL2	RASAL2	BIVALENT	INCONSISTENT	unknown	no
ZNF37A	ZNF37A	SIMPLE_AND	COMPLEX	transcription factor	no
FOSL2	FOSL2	BIVALENT	INCONSISTENT	transcription factor	no
ACTB	ACTB	SIMPLE_OR	SIMPLE_AND	structural/other	no
PLD1	PLD1	SIMPLE_AND	INCONSISTENT	unknown	no
REXO2	REXO2	SIMPLE_OR	SIMPLE_AND	unknown	no
RBM7	RBM7	COMPLEX	SIMPLE_AND	unknown	no
RBMS2	RBMS2	SIMPLE_AND	INCONSISTENT	unknown	no
SLC46A1	SLC46A1	SIMPLE_AND	BIVALENT	metabolic	no
PAG1	PAG1	SIMPLE_AND	INCONSISTENT	unknown	no
GPATCH1	GPATCH1	SIMPLE_AND	INCONSISTENT	unknown	no
CAMSAP3	CAMSAP3	SIMPLE_OR	BIVALENT	unknown	no
RAP1GAP	RAP1GAP	REPRESSED	SIMPLE_AND	unknown	no
CTTNBP2	CTTNBP2	REPRESSED	BIVALENT	unknown	no
NFKB2	NFKB2	SIMPLE_AND	INCONSISTENT	transcription factor	yes
DNAJC10	DNAJC10	COMPLEX	SIMPLE_AND	unknown	no
IL4R	IL4R	BIVALENT	INCONSISTENT	unknown	no
SLC25A43	SLC25A43	SIMPLE_AND	INCONSISTENT	metabolic	no
PIAS2	PIAS2	SIMPLE_AND	INCONSISTENT	unknown	no
MCCC1	MCCC1	SIMPLE_OR	BIVALENT	unknown	no
LAMP3	LAMP3	SIMPLE_AND	INCONSISTENT	unknown	no
ACER3	ACER3	SIMPLE_AND	INCONSISTENT	unknown	no
N4BP2	N4BP2	SIMPLE_AND	INCONSISTENT	unknown	yes
TULP3	TULP3	SIMPLE_AND	INCONSISTENT	unknown	no
SYNJ2	SYNJ2	BIVALENT	SIMPLE_AND	unknown	no
PMS2P1	PMS2P1	SIMPLE_AND	INCONSISTENT	unknown	no
EDN1	EDN1	SIMPLE_AND	REPRESSED	unknown	no
ZCWPW1	ZCWPW1	SIMPLE_AND	INCONSISTENT	unknown	no
CBFA2T2	CBFA2T2	SIMPLE_AND	INCONSISTENT	unknown	no
TP53INP2	TP53INP2	SIMPLE_AND	INCONSISTENT	unknown	no
SDF4	SDF4	SIMPLE_AND	COMPLEX	unknown	no
TP73	TP73	SIMPLE_AND	BIVALENT	transcription factor	no
FKBP7	FKBP7	SIMPLE_AND	INCONSISTENT	unknown	no
OSBPL6	OSBPL6	BIVALENT	SIMPLE_AND	unknown	no
SAR1A	SAR1A	SIMPLE_AND	COMPLEX	unknown	no
RAPGEF3	RAPGEF3	BIVALENT	INCONSISTENT	unknown	no
DUSP13	DUSP13	INCONSISTENT	SIMPLE_AND	unknown	no
CARMIL1	CARMIL1	SIMPLE_AND	INCONSISTENT	unknown	no
PGM1	PGM1	SIMPLE_AND	BIVALENT	unknown	no
DDX1	DDX1	COMPLEX	SIMPLE_AND	unknown	no
MOXD1	MOXD1	SIMPLE_AND	INCONSISTENT	unknown	no
STX7	STX7	SIMPLE_AND	INCONSISTENT	unknown	no
RABL2B	RABL2B	SIMPLE_OR	INCONSISTENT	unknown	no
CRYBG3	CRYBG3	SIMPLE_AND	BIVALENT	unknown	no
RFX3	RFX3	SIMPLE_AND	INCONSISTENT	unknown	no
RAB21	RAB21	COMPLEX	SIMPLE_AND	unknown	no
SESN1	SESN1	SIMPLE_AND	INCONSISTENT	unknown	no
MOK	MOK	SIMPLE_OR	INCONSISTENT	unknown	no
RBL1	RBL1	COMPLEX	SIMPLE_AND	unknown	no
AP4E1	AP4E1	SIMPLE_AND	INCONSISTENT	unknown	no
MAGI3	MAGI3	BIVALENT	INCONSISTENT	unknown	no
CXCL2	CXCL2	REPRESSED	INCONSISTENT	unknown	no
TCF7	TCF7	BIVALENT	SIMPLE_AND	transcription factor	no
EXD2	EXD2	SIMPLE_AND	INCONSISTENT	unknown	no
ARG2	ARG2	SIMPLE_OR	SIMPLE_AND	metabolic	no
PTPRC	PTPRC	SIMPLE_AND	INCONSISTENT	unknown	yes
CDC14B	CDC14B	BIVALENT	INCONSISTENT	kinase/signaling	no
ZNF510	ZNF510	SIMPLE_AND	INCONSISTENT	transcription factor	no
AACS	AACS	SIMPLE_AND	INCONSISTENT	unknown	no
ATP8B1	ATP8B1	BIVALENT	INCONSISTENT	unknown	no
WDR70	WDR70	SIMPLE_OR	SIMPLE_AND	unknown	no
PGR	PGR	REPRESSED	INCONSISTENT	unknown	no
CCNT2	CCNT2	COMPLEX	SIMPLE_AND	unknown	no
COL19A1	COL19A1	SIMPLE_AND	INCONSISTENT	structural/other	no
COBLL1	COBLL1	BIVALENT	INCONSISTENT	unknown	no
TRAF5	TRAF5	SIMPLE_AND	INCONSISTENT	unknown	no
SEMA5B	SEMA5B	REPRESSED	INCONSISTENT	unknown	no
ERC1	ERC1	BIVALENT	INCONSISTENT	unknown	yes
DOP1A	DOP1A	COMPLEX	INCONSISTENT	unknown	no
LYRM2	LYRM2	SIMPLE_AND	INCONSISTENT	unknown	no
BCKDHB	BCKDHB	COMPLEX	INCONSISTENT	unknown	no
P2RX5	P2RX5	COMPLEX	INCONSISTENT	unknown	no
PIBF1	PIBF1	SIMPLE_AND	INCONSISTENT	unknown	no
TDRD3	TDRD3	SIMPLE_AND	INCONSISTENT	unknown	no
NUFIP1	NUFIP1	SIMPLE_AND	INCONSISTENT	unknown	no
RRAGB	RRAGB	SIMPLE_AND	INCONSISTENT	unknown	no
CYLD	CYLD	SIMPLE_AND	INCONSISTENT	unknown	yes
ZNF671	ZNF671	SIMPLE_AND	INCONSISTENT	transcription factor	no
ZNF416	ZNF416	COMPLEX	INCONSISTENT	transcription factor	no
ZNF446	ZNF446	SIMPLE_AND	INCONSISTENT	transcription factor	no
CHMP2B	CHMP2B	SIMPLE_AND	INCONSISTENT	unknown	no
NOA1	NOA1	COMPLEX	SIMPLE_AND	unknown	no
REST	REST	SIMPLE_AND	BIVALENT	unknown	no
SSH1	SSH1	SIMPLE_AND	INCONSISTENT	unknown	no
FAM234B	FAM234B	BIVALENT	INCONSISTENT	unknown	no
NKAIN1	NKAIN1	REPRESSED	BIVALENT	unknown	no
KIF3C	KIF3C	SIMPLE_OR	INCONSISTENT	unknown	no
GCKR	GCKR	REPRESSED	INCONSISTENT	unknown	no
HADHA	HADHA	COMPLEX	SIMPLE_AND	unknown	no
MAPRE3	MAPRE3	SIMPLE_OR	SIMPLE_AND	unknown	no
CD82	CD82	SIMPLE_AND	INCONSISTENT	unknown	no
BCORL1	BCORL1	SIMPLE_OR	INCONSISTENT	unknown	yes
MECOM	MECOM	REPRESSED	BIVALENT	chromatin regulator	yes
HACE1	HACE1	SIMPLE_AND	INCONSISTENT	unknown	no
WDR47	WDR47	SIMPLE_AND	INCONSISTENT	unknown	no
SLC25A24	SLC25A24	BIVALENT	SIMPLE_AND	metabolic	no
IGSF9	IGSF9	REPRESSED	INCONSISTENT	unknown	no
ZNF213	ZNF213	SIMPLE_AND	INCONSISTENT	transcription factor	no
CTTN	CTTN	SIMPLE_OR	SIMPLE_AND	unknown	no
TTC39A	TTC39A	REPRESSED	INCONSISTENT	unknown	no
USP40	USP40	SIMPLE_AND	INCONSISTENT	unknown	no
CHMP5	CHMP5	COMPLEX	SIMPLE_AND	unknown	no
AQP6	AQP6	REPRESSED	INCONSISTENT	unknown	no
EPDR1	EPDR1	SIMPLE_AND	INCONSISTENT	unknown	no
SNX10	SNX10	SIMPLE_AND	INCONSISTENT	unknown	no
HBQ1	HBQ1	REPRESSED	INCONSISTENT	unknown	no
ITPKC	ITPKC	SIMPLE_AND	INCONSISTENT	unknown	no
ERO1B	ERO1B	SIMPLE_AND	INCONSISTENT	unknown	no
PPEF1	PPEF1	SIMPLE_AND	INCONSISTENT	unknown	no
ACOX3	ACOX3	SIMPLE_AND	INCONSISTENT	unknown	no
HSD17B14	HSD17B14	SIMPLE_AND	INCONSISTENT	unknown	no
ACHE	ACHE	BIVALENT	INCONSISTENT	unknown	no
LPCAT2	LPCAT2	REPRESSED	INCONSISTENT	unknown	no
GNAO1	GNAO1	REPRESSED	BIVALENT	unknown	no
SH3BP2	SH3BP2	SIMPLE_OR	INCONSISTENT	unknown	no
ADD1	ADD1	COMPLEX	SIMPLE_AND	unknown	no
L2HGDH	L2HGDH	SIMPLE_AND	INCONSISTENT	unknown	no
TXNDC16	TXNDC16	SIMPLE_AND	INCONSISTENT	unknown	no
NID2	NID2	REPRESSED	BIVALENT	unknown	no
DNM1L	DNM1L	COMPLEX	SIMPLE_AND	unknown	no
TFAP2C	TFAP2C	REPRESSED	INCONSISTENT	transcription factor	no
CASS4	CASS4	INCONSISTENT	SIMPLE_AND	unknown	no
PIR	PIR	SIMPLE_AND	INCONSISTENT	unknown	no
ALG6	ALG6	SIMPLE_AND	INCONSISTENT	unknown	no
GNA11	GNA11	SIMPLE_OR	SIMPLE_AND	unknown	yes
ASAP3	ASAP3	BIVALENT	SIMPLE_AND	unknown	no
EDEM2	EDEM2	SIMPLE_AND	INCONSISTENT	unknown	no
DNMT3B	DNMT3B	BIVALENT	SIMPLE_AND	chromatin regulator	no
PDRG1	PDRG1	SIMPLE_AND	INCONSISTENT	unknown	no
EPB41L1	EPB41L1	BIVALENT	INCONSISTENT	unknown	no
DOCK3	DOCK3	REPRESSED	INCONSISTENT	unknown	no
C3orf18	C3orf18	SIMPLE_AND	INCONSISTENT	unknown	no
KIF9	KIF9	SIMPLE_AND	INCONSISTENT	unknown	no
PPP1R13B	PPP1R13B	SIMPLE_AND	BIVALENT	unknown	no
SLC4A11	SLC4A11	BIVALENT	INCONSISTENT	metabolic	no
DNAAF9	DNAAF9	SIMPLE_OR	INCONSISTENT	unknown	no
ZNF343	ZNF343	BIVALENT	INCONSISTENT	transcription factor	no
EBF4	EBF4	REPRESSED	BIVALENT	unknown	no
CPXM1	CPXM1	BIVALENT	INCONSISTENT	unknown	no
LZTS3	LZTS3	BIVALENT	INCONSISTENT	unknown	no
KIZ	KIZ	SIMPLE_AND	INCONSISTENT	unknown	no
TESC	TESC	BIVALENT	INCONSISTENT	unknown	no
ESF1	ESF1	SIMPLE_AND	INCONSISTENT	unknown	no
RBBP9	RBBP9	SIMPLE_AND	INCONSISTENT	unknown	no
DZANK1	DZANK1	SIMPLE_AND	INCONSISTENT	unknown	no
TASP1	TASP1	SIMPLE_OR	INCONSISTENT	unknown	no
PXN	PXN	BIVALENT	SIMPLE_AND	unknown	no
KIF16B	KIF16B	SIMPLE_AND	INCONSISTENT	unknown	no
TRMT6	TRMT6	SIMPLE_AND	INCONSISTENT	unknown	no
CHGB	CHGB	REPRESSED	INCONSISTENT	unknown	no
FXYD5	FXYD5	BIVALENT	SIMPLE_AND	unknown	no
GMIP	GMIP	SIMPLE_AND	INCONSISTENT	unknown	no
RBM41	RBM41	SIMPLE_AND	INCONSISTENT	unknown	no
OTUB2	OTUB2	SIMPLE_OR	INCONSISTENT	unknown	no
ZBTB25	ZBTB25	SIMPLE_AND	INCONSISTENT	transcription factor	no
ANKRD24	ANKRD24	SIMPLE_AND	INCONSISTENT	unknown	no
PCBP4	PCBP4	SIMPLE_AND	INCONSISTENT	unknown	no
THPO	THPO	REPRESSED	BIVALENT	unknown	no
CHRD	CHRD	REPRESSED	BIVALENT	unknown	no
FLT3LG	FLT3LG	SIMPLE_AND	INCONSISTENT	unknown	no
RAB11FIP3	RAB11FIP3	SIMPLE_OR	INCONSISTENT	unknown	no
CERS4	CERS4	SIMPLE_OR	INCONSISTENT	unknown	no
MCOLN1	MCOLN1	SIMPLE_OR	SIMPLE_AND	unknown	no
DLL3	DLL3	BIVALENT	INCONSISTENT	unknown	no
PITPNM2	PITPNM2	BIVALENT	INCONSISTENT	unknown	no
NRCAM	NRCAM	BIVALENT	INCONSISTENT	unknown	no
LAMB1	LAMB1	REPRESSED	SIMPLE_AND	structural/other	no
SLC26A4	SLC26A4	BIVALENT	INCONSISTENT	metabolic	no
WDR7	WDR7	SIMPLE_AND	INCONSISTENT	unknown	no
ITGA6	ITGA6	REPRESSED	BIVALENT	structural/other	no
SEL1L3	SEL1L3	BIVALENT	SIMPLE_AND	unknown	no
PITPNM3	PITPNM3	REPRESSED	INCONSISTENT	unknown	no
SPAG7	SPAG7	SIMPLE_AND	INCONSISTENT	unknown	no
ZFHX4	ZFHX4	BIVALENT	INCONSISTENT	unknown	no
PPP2R3C	PPP2R3C	SIMPLE_AND	INCONSISTENT	unknown	no
SLC22A17	SLC22A17	REPRESSED	BIVALENT	metabolic	no
HNRNPC	HNRNPC	COMPLEX	SIMPLE_AND	unknown	no
TINF2	TINF2	SIMPLE_AND	INCONSISTENT	unknown	no
TYRO3	TYRO3	BIVALENT	SIMPLE_AND	kinase/signaling	no
TBX15	TBX15	REPRESSED	COMPLEX	transcription factor	no
PHGDH	PHGDH	INCONSISTENT	BIVALENT	unknown	no
COL9A3	COL9A3	REPRESSED	INCONSISTENT	structural/other	no
RFFL	RFFL	COMPLEX	SIMPLE_AND	unknown	no
MFSD11	MFSD11	COMPLEX	SIMPLE_AND	unknown	no
TGFB2	TGFB2	BIVALENT	INCONSISTENT	unknown	no
GPATCH2	GPATCH2	SIMPLE_AND	INCONSISTENT	unknown	no
UPRT	UPRT	SIMPLE_AND	INCONSISTENT	unknown	no
EPB41L4B	EPB41L4B	REPRESSED	INCONSISTENT	unknown	no
PTGS1	PTGS1	SIMPLE_AND	INCONSISTENT	unknown	no
SH2D3C	SH2D3C	SIMPLE_AND	INCONSISTENT	unknown	no
TBC1D2	TBC1D2	SIMPLE_AND	INCONSISTENT	unknown	no
WHRN	WHRN	BIVALENT	INCONSISTENT	unknown	no
SEMA4G	SEMA4G	SIMPLE_OR	INCONSISTENT	unknown	no
IKZF5	IKZF5	SIMPLE_AND	INCONSISTENT	transcription factor	no
BLNK	BLNK	SIMPLE_AND	REPRESSED	unknown	no
TLL2	TLL2	BIVALENT	INCONSISTENT	unknown	no
CYP26A1	CYP26A1	REPRESSED	INCONSISTENT	metabolic	no
SORBS1	SORBS1	SIMPLE_OR	INCONSISTENT	unknown	no
BAMBI	BAMBI	BIVALENT	INCONSISTENT	unknown	no
IL11	IL11	REPRESSED	BIVALENT	unknown	no
BRPF3	BRPF3	SIMPLE_AND	INCONSISTENT	unknown	no
TMEM14A	TMEM14A	SIMPLE_AND	INCONSISTENT	unknown	no
EFHC1	EFHC1	SIMPLE_AND	INCONSISTENT	unknown	no
NCR2	NCR2	INCONSISTENT	REPRESSED	unknown	no
ZNF184	ZNF184	SIMPLE_AND	INCONSISTENT	transcription factor	no
SIRT1	SIRT1	SIMPLE_AND	INCONSISTENT	chromatin regulator	no
IFT74	IFT74	SIMPLE_AND	INCONSISTENT	unknown	no
IL12RB1	IL12RB1	SIMPLE_AND	INCONSISTENT	unknown	no
NRP1	NRP1	BIVALENT	INCONSISTENT	unknown	no
PRTFDC1	PRTFDC1	SIMPLE_OR	INCONSISTENT	unknown	no
TSPAN15	TSPAN15	SIMPLE_OR	INCONSISTENT	unknown	no
MAST3	MAST3	SIMPLE_AND	INCONSISTENT	unknown	no
MZF1	MZF1	SIMPLE_AND	INCONSISTENT	unknown	no
CATSPERG	CATSPERG	SIMPLE_AND	INCONSISTENT	unknown	no
BCL7C	BCL7C	SIMPLE_AND	INCONSISTENT	unknown	no
CBARP	CBARP	BIVALENT	INCONSISTENT	unknown	no
MARCHF2	MARCHF2	SIMPLE_AND	INCONSISTENT	unknown	no
CEP170B	CEP170B	BIVALENT	INCONSISTENT	unknown	no
HCN2	HCN2	REPRESSED	INCONSISTENT	unknown	no
IZUMO4	IZUMO4	SIMPLE_AND	INCONSISTENT	unknown	no
GADD45B	GADD45B	SIMPLE_AND	INCONSISTENT	unknown	no
MADCAM1	MADCAM1	INCONSISTENT	COMPLEX	unknown	no
ARVCF	ARVCF	BIVALENT	SIMPLE_AND	unknown	no
ZDHHC8	ZDHHC8	SIMPLE_AND	SIMPLE_OR	unknown	no
DERL3	DERL3	SIMPLE_AND	INCONSISTENT	unknown	no
TBC1D10A	TBC1D10A	SIMPLE_AND	INCONSISTENT	unknown	no
RNF215	RNF215	SIMPLE_AND	INCONSISTENT	unknown	no
YPEL1	YPEL1	SIMPLE_AND	BIVALENT	unknown	no
MAPK1	MAPK1	COMPLEX	SIMPLE_AND	kinase/signaling	yes
GGT1	GGT1	SIMPLE_OR	INCONSISTENT	unknown	no
PPM1F	PPM1F	SIMPLE_AND	COMPLEX	unknown	no
SLC35E4	SLC35E4	SIMPLE_AND	INCONSISTENT	unknown	no
CARD10	CARD10	BIVALENT	INCONSISTENT	unknown	no
LRP5L	LRP5L	SIMPLE_AND	INCONSISTENT	unknown	no
GRK3	GRK3	SIMPLE_AND	INCONSISTENT	unknown	no
SH3BP1	SH3BP1	SIMPLE_AND	SIMPLE_OR	unknown	no
PIK3IP1	PIK3IP1	SIMPLE_AND	INCONSISTENT	unknown	no
PATZ1	PATZ1	SIMPLE_AND	INCONSISTENT	unknown	yes
GCAT	GCAT	BIVALENT	SIMPLE_AND	unknown	no
ANKRD54	ANKRD54	SIMPLE_AND	INCONSISTENT	unknown	no
DEPDC5	DEPDC5	SIMPLE_AND	INCONSISTENT	unknown	no
PICK1	PICK1	SIMPLE_AND	INCONSISTENT	unknown	no
TTC28	TTC28	BIVALENT	INCONSISTENT	unknown	no
DMC1	DMC1	SIMPLE_AND	INCONSISTENT	unknown	no
TCF20	TCF20	REPRESSED	SIMPLE_OR	unknown	no
HSCB	HSCB	SIMPLE_AND	INCONSISTENT	unknown	no
CBY1	CBY1	SIMPLE_AND	INCONSISTENT	unknown	no
RSPH14	RSPH14	INCONSISTENT	REPRESSED	unknown	no
RAB36	RAB36	INCONSISTENT	REPRESSED	unknown	no
TIMP3	TIMP3	REPRESSED	INCONSISTENT	unknown	no
SUN2	SUN2	SIMPLE_OR	SIMPLE_AND	unknown	no
CYB5R3	CYB5R3	COMPLEX	SIMPLE_OR	unknown	no
DNAL4	DNAL4	SIMPLE_OR	INCONSISTENT	unknown	no
RHBDD3	RHBDD3	SIMPLE_AND	INCONSISTENT	unknown	no
TTLL1	TTLL1	SIMPLE_AND	INCONSISTENT	unknown	no
BIK	BIK	COMPLEX	BIVALENT	unknown	no
HMOX1	HMOX1	SIMPLE_AND	INCONSISTENT	unknown	no
ARSA	ARSA	SIMPLE_AND	INCONSISTENT	unknown	no
TSPO	TSPO	SIMPLE_OR	SIMPLE_AND	unknown	no
RASD2	RASD2	BIVALENT	INCONSISTENT	unknown	no
CBX7	CBX7	BIVALENT	INCONSISTENT	chromatin regulator	no
PDGFB	PDGFB	REPRESSED	INCONSISTENT	unknown	yes
ZMAT5	ZMAT5	SIMPLE_AND	INCONSISTENT	unknown	no
RBFOX2	RBFOX2	BIVALENT	SIMPLE_AND	unknown	no
MTMR3	MTMR3	SIMPLE_AND	INCONSISTENT	unknown	no
APOL1	APOL1	SIMPLE_AND	INCONSISTENT	unknown	no
IFT27	IFT27	SIMPLE_AND	INCONSISTENT	unknown	no
KIAA0930	KIAA0930	SIMPLE_AND	INCONSISTENT	unknown	no
KCTD17	KCTD17	SIMPLE_OR	INCONSISTENT	unknown	no
RBX1	RBX1	SIMPLE_AND	INCONSISTENT	unknown	no
CERK	CERK	SIMPLE_AND	SIMPLE_OR	unknown	no
BRD1	BRD1	SIMPLE_AND	INCONSISTENT	chromatin regulator	no
MLC1	MLC1	REPRESSED	INCONSISTENT	unknown	no
HDAC10	HDAC10	SIMPLE_AND	INCONSISTENT	chromatin regulator	no
ABHD4	ABHD4	SIMPLE_AND	INCONSISTENT	unknown	no
KHNYN	KHNYN	SIMPLE_AND	INCONSISTENT	unknown	no
FKBP3	FKBP3	SIMPLE_AND	INCONSISTENT	unknown	no
SDR39U1	SDR39U1	SIMPLE_AND	INCONSISTENT	unknown	no
COCH	COCH	SIMPLE_OR	SIMPLE_AND	unknown	no
AP4S1	AP4S1	SIMPLE_AND	INCONSISTENT	unknown	no
VCPKMT	VCPKMT	SIMPLE_AND	INCONSISTENT	unknown	no
SOS2	SOS2	SIMPLE_AND	INCONSISTENT	unknown	no
NIN	NIN	SIMPLE_AND	INCONSISTENT	unknown	yes
PYGL	PYGL	BIVALENT	INCONSISTENT	unknown	no
DDHD1	DDHD1	SIMPLE_AND	INCONSISTENT	unknown	no
CGRRF1	CGRRF1	SIMPLE_AND	INCONSISTENT	unknown	no
GSTZ1	GSTZ1	SIMPLE_AND	INCONSISTENT	unknown	no
DAAM1	DAAM1	SIMPLE_AND	INCONSISTENT	unknown	no
RIN3	RIN3	BIVALENT	INCONSISTENT	unknown	no
LGMN	LGMN	COMPLEX	INCONSISTENT	unknown	no
ALKBH1	ALKBH1	SIMPLE_AND	INCONSISTENT	unknown	no
SIX4	SIX4	BIVALENT	INCONSISTENT	transcription factor	no
GALNT16	GALNT16	REPRESSED	BIVALENT	unknown	no
ASB2	ASB2	SIMPLE_AND	REPRESSED	unknown	no
SUSD6	SUSD6	SIMPLE_AND	INCONSISTENT	unknown	no
TCL1A	TCL1A	INCONSISTENT	REPRESSED	unknown	yes
PCNX1	PCNX1	SIMPLE_AND	INCONSISTENT	unknown	no
RPS6KA5	RPS6KA5	SIMPLE_AND	INCONSISTENT	unknown	no
EFS	EFS	REPRESSED	INCONSISTENT	unknown	no
ARHGAP5	ARHGAP5	COMPLEX	SIMPLE_AND	unknown	yes
EMC9	EMC9	SIMPLE_AND	INCONSISTENT	unknown	no
BRMS1L	BRMS1L	SIMPLE_AND	INCONSISTENT	unknown	no
TM9SF1	TM9SF1	SIMPLE_AND	INCONSISTENT	unknown	no
SEC23A	SEC23A	COMPLEX	SIMPLE_OR	unknown	no
PNN	PNN	SIMPLE_AND	INCONSISTENT	unknown	no
NFATC4	NFATC4	SIMPLE_AND	INCONSISTENT	transcription factor	no
MMP9	MMP9	INCONSISTENT	REPRESSED	unknown	no
PYGB	PYGB	SIMPLE_AND	INCONSISTENT	unknown	no
ABHD12	ABHD12	SIMPLE_AND	INCONSISTENT	unknown	no
CD40	CD40	SIMPLE_AND	BIVALENT	unknown	no
IFT52	IFT52	COMPLEX	INCONSISTENT	unknown	no
NFATC2	NFATC2	REPRESSED	BIVALENT	transcription factor	yes
PABPC1L	PABPC1L	SIMPLE_AND	INCONSISTENT	unknown	no
HRH3	HRH3	REPRESSED	BIVALENT	unknown	no
TCFL5	TCFL5	BIVALENT	INCONSISTENT	unknown	no
EEF1A2	EEF1A2	REPRESSED	SIMPLE_OR	unknown	no
GMEB2	GMEB2	SIMPLE_AND	INCONSISTENT	unknown	no
RNF24	RNF24	SIMPLE_OR	SIMPLE_AND	unknown	no
RASSF2	RASSF2	SIMPLE_AND	BIVALENT	unknown	no
CDS2	CDS2	SIMPLE_AND	INCONSISTENT	unknown	no
SNPH	SNPH	BIVALENT	INCONSISTENT	unknown	no
HCK	HCK	BIVALENT	REPRESSED	kinase/signaling	no
KIF3B	KIF3B	COMPLEX	INCONSISTENT	unknown	no
MROH8	MROH8	SIMPLE_AND	INCONSISTENT	unknown	no
MANBAL	MANBAL	SIMPLE_AND	INCONSISTENT	unknown	no
JAG1	JAG1	BIVALENT	INCONSISTENT	unknown	no
SNTA1	SNTA1	INCONSISTENT	SIMPLE_AND	unknown	no
E2F1	E2F1	SIMPLE_AND	INCONSISTENT	transcription factor	no
PXMP4	PXMP4	SIMPLE_AND	INCONSISTENT	unknown	no
AHCY	AHCY	REPRESSED	SIMPLE_OR	unknown	no
PPP1R16B	PPP1R16B	SIMPLE_AND	INCONSISTENT	unknown	no
APMAP	APMAP	SIMPLE_AND	INCONSISTENT	unknown	no
ZNF516	ZNF516	SIMPLE_AND	INCONSISTENT	transcription factor	no
RBFA	RBFA	SIMPLE_AND	INCONSISTENT	unknown	no
METTL4	METTL4	SIMPLE_AND	INCONSISTENT	unknown	no
SMAD7	SMAD7	SIMPLE_AND	INCONSISTENT	unknown	no
LIPG	LIPG	REPRESSED	BIVALENT	unknown	no
RNF125	RNF125	INCONSISTENT	BIVALENT	unknown	no
POLI	POLI	SIMPLE_AND	INCONSISTENT	unknown	no
MIB1	MIB1	SIMPLE_AND	COMPLEX	unknown	no
ATG4A	ATG4A	SIMPLE_AND	INCONSISTENT	unknown	no
STS	STS	SIMPLE_AND	INCONSISTENT	unknown	no
NKAP	NKAP	SIMPLE_AND	INCONSISTENT	unknown	no
NXT2	NXT2	COMPLEX	INCONSISTENT	unknown	no
MCTS2	MCTS2	SIMPLE_AND	INCONSISTENT	unknown	no
MOSPD1	MOSPD1	SIMPLE_AND	INCONSISTENT	unknown	no
SRPX	SRPX	REPRESSED	INCONSISTENT	unknown	no
XIAP	XIAP	COMPLEX	SIMPLE_AND	unknown	no
ABCD1	ABCD1	SIMPLE_AND	INCONSISTENT	unknown	no
RENBP	RENBP	SIMPLE_OR	SIMPLE_AND	unknown	no
SMARCA1	SMARCA1	SIMPLE_OR	INCONSISTENT	chromatin regulator	no
MTMR8	MTMR8	SIMPLE_OR	INCONSISTENT	unknown	no
SLC25A14	SLC25A14	SIMPLE_AND	INCONSISTENT	metabolic	no
SCML2	SCML2	BIVALENT	SIMPLE_AND	unknown	no
PQBP1	PQBP1	SIMPLE_OR	SIMPLE_AND	unknown	no
TAFAZZIN	TAFAZZIN	SIMPLE_AND	INCONSISTENT	unknown	no
CD99L2	CD99L2	SIMPLE_AND	INCONSISTENT	unknown	no
RP2	RP2	SIMPLE_AND	INCONSISTENT	unknown	no
JADE3	JADE3	BIVALENT	INCONSISTENT	unknown	no
HTATSF1	HTATSF1	SIMPLE_AND	INCONSISTENT	unknown	no
PIN4	PIN4	SIMPLE_AND	INCONSISTENT	unknown	no
PORCN	PORCN	SIMPLE_AND	INCONSISTENT	unknown	no
MAGED2	MAGED2	SIMPLE_AND	INCONSISTENT	unknown	no
SYTL4	SYTL4	REPRESSED	BIVALENT	unknown	no
PBDC1	PBDC1	SIMPLE_AND	INCONSISTENT	unknown	no
ARMCX3	ARMCX3	SIMPLE_AND	INCONSISTENT	unknown	no
BEX4	BEX4	INCONSISTENT	SIMPLE_AND	unknown	no
NDFIP2	NDFIP2	SIMPLE_OR	SIMPLE_AND	unknown	no
FNDC3A	FNDC3A	COMPLEX	SIMPLE_AND	unknown	no
CDADC1	CDADC1	SIMPLE_AND	INCONSISTENT	unknown	no
CAB39L	CAB39L	SIMPLE_AND	INCONSISTENT	unknown	no
ACP5	ACP5	SIMPLE_AND	INCONSISTENT	unknown	no
UGGT2	UGGT2	SIMPLE_AND	INCONSISTENT	unknown	no
FGF9	FGF9	BIVALENT	INCONSISTENT	unknown	no
MRPS31	MRPS31	SIMPLE_AND	INCONSISTENT	unknown	no
DGKH	DGKH	SIMPLE_AND	INCONSISTENT	unknown	no
KATNAL1	KATNAL1	SIMPLE_AND	INCONSISTENT	unknown	no
DHRS12	DHRS12	SIMPLE_AND	INCONSISTENT	unknown	no
CLN5	CLN5	SIMPLE_AND	INCONSISTENT	unknown	no
ZNF629	ZNF629	SIMPLE_OR	INCONSISTENT	transcription factor	no
TRADD	TRADD	SIMPLE_AND	INCONSISTENT	unknown	no
HSF4	HSF4	BIVALENT	INCONSISTENT	unknown	no
CORO1A	CORO1A	SIMPLE_AND	INCONSISTENT	unknown	no
CBLN1	CBLN1	REPRESSED	INCONSISTENT	unknown	no
PLLP	PLLP	BIVALENT	INCONSISTENT	unknown	no
ZNF821	ZNF821	SIMPLE_AND	INCONSISTENT	transcription factor	no
MMP15	MMP15	BIVALENT	SIMPLE_AND	unknown	no
NDRG4	NDRG4	REPRESSED	BIVALENT	unknown	no
SETD6	SETD6	SIMPLE_AND	INCONSISTENT	chromatin regulator	no
SLC38A7	SLC38A7	SIMPLE_AND	INCONSISTENT	metabolic	no
HAS3	HAS3	BIVALENT	INCONSISTENT	unknown	no
SLC7A6OS	SLC7A6OS	SIMPLE_AND	INCONSISTENT	unknown	no
PLA2G15	PLA2G15	SIMPLE_OR	INCONSISTENT	unknown	no
ESRP2	ESRP2	INCONSISTENT	REPRESSED	unknown	no
WDR59	WDR59	SIMPLE_OR	SIMPLE_AND	unknown	no
HCFC1R1	HCFC1R1	SIMPLE_AND	INCONSISTENT	unknown	no
MLYCD	MLYCD	SIMPLE_AND	INCONSISTENT	unknown	no
HSDL1	HSDL1	SIMPLE_OR	SIMPLE_AND	unknown	no
NAGPA	NAGPA	SIMPLE_OR	INCONSISTENT	unknown	no
SEC14L5	SEC14L5	INCONSISTENT	BIVALENT	unknown	no
CRISPLD2	CRISPLD2	REPRESSED	BIVALENT	unknown	no
ZNF500	ZNF500	SIMPLE_AND	INCONSISTENT	transcription factor	no
LMF1	LMF1	REPRESSED	INCONSISTENT	unknown	no
METRN	METRN	SIMPLE_OR	SIMPLE_AND	unknown	no
ZNF174	ZNF174	COMPLEX	INCONSISTENT	transcription factor	no
CLUAP1	CLUAP1	SIMPLE_OR	INCONSISTENT	unknown	no
USP31	USP31	SIMPLE_OR	INCONSISTENT	unknown	no
RRN3P2	RRN3P2	SIMPLE_AND	INCONSISTENT	unknown	no
XYLT1	XYLT1	SIMPLE_OR	BIVALENT	unknown	no
PYCARD	PYCARD	SIMPLE_AND	INCONSISTENT	unknown	no
RPGRIP1L	RPGRIP1L	SIMPLE_AND	INCONSISTENT	unknown	no
KAT8	KAT8	SIMPLE_OR	SIMPLE_AND	chromatin regulator	no
IL21R	IL21R	SIMPLE_AND	REPRESSED	unknown	yes
SYT17	SYT17	SIMPLE_OR	REPRESSED	unknown	no
CCP110	CCP110	SIMPLE_AND	INCONSISTENT	unknown	no
IQCH	IQCH	SIMPLE_AND	INCONSISTENT	unknown	no
LACTB	LACTB	COMPLEX	INCONSISTENT	unknown	no
TRIP4	TRIP4	SIMPLE_AND	INCONSISTENT	unknown	no
MTFMT	MTFMT	SIMPLE_AND	INCONSISTENT	unknown	no
TTC23	TTC23	SIMPLE_AND	INCONSISTENT	unknown	no
HOMER2	HOMER2	SIMPLE_AND	COMPLEX	unknown	no
EHD4	EHD4	SIMPLE_AND	INCONSISTENT	unknown	no
ATP8B4	ATP8B4	BIVALENT	INCONSISTENT	unknown	no
OCA2	OCA2	REPRESSED	INCONSISTENT	unknown	no
BMF	BMF	SIMPLE_AND	INCONSISTENT	unknown	no
RHOV	RHOV	SIMPLE_AND	INCONSISTENT	unknown	no
MYEF2	MYEF2	SIMPLE_AND	INCONSISTENT	unknown	no
SGK3	SGK3	COMPLEX	INCONSISTENT	unknown	no
PDGFRL	PDGFRL	REPRESSED	BIVALENT	unknown	no
CSPP1	CSPP1	SIMPLE_AND	INCONSISTENT	unknown	no
ZDHHC2	ZDHHC2	SIMPLE_AND	INCONSISTENT	unknown	no
ZFAND1	ZFAND1	SIMPLE_OR	SIMPLE_AND	unknown	no
FZD3	FZD3	SIMPLE_AND	BIVALENT	unknown	no
CPQ	CPQ	BIVALENT	INCONSISTENT	unknown	no
BPNT2	BPNT2	BIVALENT	SIMPLE_AND	unknown	no
LAPTM4B	LAPTM4B	BIVALENT	SIMPLE_AND	unknown	no
UBE2W	UBE2W	SIMPLE_AND	INCONSISTENT	unknown	no
POP1	POP1	SIMPLE_AND	INCONSISTENT	unknown	no
JPH1	JPH1	REPRESSED	BIVALENT	unknown	no
STK3	STK3	SIMPLE_AND	INCONSISTENT	kinase/signaling	no
GDAP1	GDAP1	REPRESSED	BIVALENT	unknown	no
ZC2HC1A	ZC2HC1A	COMPLEX	INCONSISTENT	unknown	no
IL7	IL7	SIMPLE_AND	INCONSISTENT	unknown	no
SPAG1	SPAG1	SIMPLE_AND	INCONSISTENT	unknown	no
NCALD	NCALD	SIMPLE_AND	INCONSISTENT	unknown	no
SNX16	SNX16	SIMPLE_AND	INCONSISTENT	unknown	no
GSDMD	GSDMD	SIMPLE_AND	INCONSISTENT	unknown	no
PYCR3	PYCR3	SIMPLE_AND	INCONSISTENT	unknown	no
MTMR9	MTMR9	SIMPLE_AND	INCONSISTENT	unknown	no
TNFRSF10A	TNFRSF10A	SIMPLE_OR	SIMPLE_AND	unknown	no
KCTD9	KCTD9	COMPLEX	SIMPLE_AND	unknown	no
BNIP3L	BNIP3L	COMPLEX	BIVALENT	unknown	no
KCNN4	KCNN4	SIMPLE_AND	SIMPLE_OR	unknown	no
MAP4K1	MAP4K1	SIMPLE_AND	INCONSISTENT	kinase/signaling	no
NFKBIB	NFKBIB	SIMPLE_AND	INCONSISTENT	unknown	no
TUBB4A	TUBB4A	INCONSISTENT	SIMPLE_AND	structural/other	no
RELB	RELB	SIMPLE_AND	INCONSISTENT	transcription factor	no
PPP1R37	PPP1R37	SIMPLE_AND	INCONSISTENT	unknown	no
PPP1R13L	PPP1R13L	SIMPLE_AND	INCONSISTENT	unknown	no
CD37	CD37	SIMPLE_AND	INCONSISTENT	unknown	no
DKKL1	DKKL1	REPRESSED	INCONSISTENT	unknown	no
TBC1D17	TBC1D17	SIMPLE_AND	INCONSISTENT	unknown	no
IL4I1	IL4I1	SIMPLE_AND	INCONSISTENT	unknown	no
TLE6	TLE6	SIMPLE_AND	INCONSISTENT	unknown	no
NOVA2	NOVA2	INCONSISTENT	BIVALENT	unknown	no
SNAPC2	SNAPC2	BIVALENT	SIMPLE_AND	unknown	no
IL27RA	IL27RA	SIMPLE_AND	INCONSISTENT	unknown	no
C19orf44	C19orf44	SIMPLE_AND	INCONSISTENT	unknown	no
OLFM2	OLFM2	REPRESSED	INCONSISTENT	unknown	no
ZNF419	ZNF419	COMPLEX	INCONSISTENT	transcription factor	no
ANKRD27	ANKRD27	BIVALENT	SIMPLE_AND	unknown	no
DYRK1B	DYRK1B	SIMPLE_AND	INCONSISTENT	kinase/signaling	no
NUMBL	NUMBL	SIMPLE_AND	INCONSISTENT	unknown	no
YJU2	YJU2	SIMPLE_AND	INCONSISTENT	unknown	no
APLP1	APLP1	BIVALENT	INCONSISTENT	unknown	no
CCDC9	CCDC9	SIMPLE_AND	INCONSISTENT	unknown	no
BBC3	BBC3	SIMPLE_AND	INCONSISTENT	unknown	no
DENND3	DENND3	SIMPLE_AND	REPRESSED	unknown	no
CD79A	CD79A	SIMPLE_AND	INCONSISTENT	unknown	yes
ICAM5	ICAM5	BIVALENT	SIMPLE_AND	unknown	no
CDC37	CDC37	BIVALENT	SIMPLE_AND	kinase/signaling	no
RABAC1	RABAC1	SIMPLE_AND	INCONSISTENT	unknown	no
MEIS3	MEIS3	REPRESSED	BIVALENT	transcription factor	no
PTPRS	PTPRS	BIVALENT	SIMPLE_AND	unknown	no
MEGF8	MEGF8	BIVALENT	INCONSISTENT	unknown	no
KDELR1	KDELR1	BIVALENT	SIMPLE_AND	unknown	no
GRIN2D	GRIN2D	BIVALENT	SIMPLE_AND	unknown	no
CARD8	CARD8	SIMPLE_AND	INCONSISTENT	unknown	no
PLA2G4C	PLA2G4C	SIMPLE_AND	INCONSISTENT	unknown	no
SIGLEC5	SIGLEC5	SIMPLE_OR	REPRESSED	unknown	no
RAB3D	RAB3D	SIMPLE_AND	INCONSISTENT	unknown	no
DBP	DBP	SIMPLE_AND	INCONSISTENT	unknown	no
PLPPR2	PLPPR2	SIMPLE_OR	INCONSISTENT	unknown	no
FAM83E	FAM83E	SIMPLE_OR	INCONSISTENT	unknown	no
RASIP1	RASIP1	REPRESSED	INCONSISTENT	unknown	no
PLEKHA4	PLEKHA4	INCONSISTENT	SIMPLE_AND	unknown	no
KLF1	KLF1	INCONSISTENT	SIMPLE_AND	transcription factor	no
MAST1	MAST1	BIVALENT	INCONSISTENT	unknown	no
LENG1	LENG1	SIMPLE_AND	INCONSISTENT	unknown	no
TFPT	TFPT	SIMPLE_AND	INCONSISTENT	unknown	yes
KCNN1	KCNN1	BIVALENT	INCONSISTENT	unknown	no
RAB3A	RAB3A	SIMPLE_AND	INCONSISTENT	unknown	no
ISYNA1	ISYNA1	SIMPLE_OR	SIMPLE_AND	unknown	no
ELL	ELL	SIMPLE_AND	INCONSISTENT	unknown	yes
CRTC1	CRTC1	SIMPLE_AND	INCONSISTENT	unknown	yes
COMP	COMP	REPRESSED	BIVALENT	unknown	no
TMEM147	TMEM147	COMPLEX	SIMPLE_AND	unknown	no
TMEM59L	TMEM59L	REPRESSED	INCONSISTENT	unknown	no
USF2	USF2	COMPLEX	SIMPLE_AND	transcription factor	no
ZNF14	ZNF14	SIMPLE_AND	INCONSISTENT	transcription factor	no
SCN1B	SCN1B	REPRESSED	INCONSISTENT	unknown	no
PBX4	PBX4	SIMPLE_AND	INCONSISTENT	transcription factor	no
SIPA1L3	SIPA1L3	SIMPLE_AND	INCONSISTENT	unknown	no
ZNF85	ZNF85	SIMPLE_AND	INCONSISTENT	transcription factor	no
CFAP69	CFAP69	BIVALENT	INCONSISTENT	unknown	no
PON2	PON2	SIMPLE_OR	SIMPLE_AND	unknown	no
ITGB8	ITGB8	SIMPLE_AND	INCONSISTENT	structural/other	no
WDR91	WDR91	SIMPLE_AND	INCONSISTENT	unknown	no
STEAP1B	STEAP1B	REPRESSED	SIMPLE_AND	unknown	no
GSDME	GSDME	SIMPLE_AND	BIVALENT	unknown	no
TTC26	TTC26	SIMPLE_AND	INCONSISTENT	unknown	no
ADAP1	ADAP1	SIMPLE_AND	BIVALENT	unknown	no
MET	MET	REPRESSED	BIVALENT	kinase/signaling	yes
RNF32	RNF32	SIMPLE_AND	INCONSISTENT	unknown	no
WNT2	WNT2	BIVALENT	REPRESSED	unknown	no
HOXA1	HOXA1	INCONSISTENT	BIVALENT	transcription factor	no
HOXA3	HOXA3	BIVALENT	INCONSISTENT	transcription factor	no
HOXA6	HOXA6	BIVALENT	INCONSISTENT	transcription factor	no
IQCE	IQCE	SIMPLE_AND	INCONSISTENT	unknown	no
TSPAN12	TSPAN12	BIVALENT	INCONSISTENT	unknown	no
HOXA13	HOXA13	REPRESSED	BIVALENT	transcription factor	yes
CPED1	CPED1	BIVALENT	SIMPLE_AND	unknown	no
CPVL	CPVL	BIVALENT	INCONSISTENT	unknown	no
CHN2	CHN2	REPRESSED	BIVALENT	unknown	no
ABHD11	ABHD11	SIMPLE_AND	INCONSISTENT	unknown	no
FKBP14	FKBP14	SIMPLE_AND	INCONSISTENT	unknown	no
PLEKHA8	PLEKHA8	SIMPLE_AND	INCONSISTENT	unknown	no
STX1A	STX1A	SIMPLE_OR	INCONSISTENT	unknown	no
NOD1	NOD1	SIMPLE_AND	INCONSISTENT	unknown	no
EPHB6	EPHB6	BIVALENT	SIMPLE_AND	kinase/signaling	no
MINDY4	MINDY4	SIMPLE_AND	INCONSISTENT	unknown	no
CASP2	CASP2	SIMPLE_AND	COMPLEX	unknown	no
PTCD1	PTCD1	SIMPLE_AND	INCONSISTENT	unknown	no
WASL	WASL	SIMPLE_AND	INCONSISTENT	unknown	no
FSCN3	FSCN3	SIMPLE_OR	INCONSISTENT	unknown	no
MOSPD3	MOSPD3	SIMPLE_AND	INCONSISTENT	unknown	no
USP42	USP42	SIMPLE_AND	INCONSISTENT	unknown	no
IMPDH1	IMPDH1	SIMPLE_OR	SIMPLE_AND	unknown	no
AGFG2	AGFG2	SIMPLE_AND	INCONSISTENT	unknown	no
GLCCI1	GLCCI1	SIMPLE_AND	INCONSISTENT	unknown	no
CEP41	CEP41	SIMPLE_AND	COMPLEX	unknown	no
ZNF862	ZNF862	SIMPLE_AND	INCONSISTENT	transcription factor	no
MEST	MEST	SIMPLE_OR	INCONSISTENT	unknown	no
ANKMY2	ANKMY2	BIVALENT	SIMPLE_AND	unknown	no
TSPAN13	TSPAN13	REPRESSED	SIMPLE_AND	unknown	no
GIMAP2	GIMAP2	SIMPLE_AND	REPRESSED	unknown	no
RHEB	RHEB	SIMPLE_AND	COMPLEX	unknown	no
AEBP1	AEBP1	REPRESSED	INCONSISTENT	unknown	no
CLIP2	CLIP2	SIMPLE_AND	INCONSISTENT	unknown	no
FKTN	FKTN	SIMPLE_AND	INCONSISTENT	unknown	no
FSD1L	FSD1L	SIMPLE_AND	INCONSISTENT	unknown	no
NMRK1	NMRK1	SIMPLE_AND	INCONSISTENT	unknown	no
CORO2A	CORO2A	INCONSISTENT	SIMPLE_AND	unknown	no
TGFBR1	TGFBR1	BIVALENT	SIMPLE_AND	unknown	no
SEC61B	SEC61B	COMPLEX	SIMPLE_AND	unknown	no
C5	C5	SIMPLE_AND	INCONSISTENT	unknown	no
TLE4	TLE4	SIMPLE_AND	INCONSISTENT	unknown	no
LHX6	LHX6	REPRESSED	BIVALENT	transcription factor	no
AKNA	AKNA	SIMPLE_AND	INCONSISTENT	unknown	no
DNM1	DNM1	SIMPLE_AND	INCONSISTENT	unknown	no
CDC37L1	CDC37L1	SIMPLE_AND	INCONSISTENT	kinase/signaling	no
PLGRKT	PLGRKT	SIMPLE_AND	INCONSISTENT	unknown	no
TBC1D13	TBC1D13	SIMPLE_AND	INCONSISTENT	unknown	no
KANK1	KANK1	SIMPLE_AND	INCONSISTENT	unknown	no
NCS1	NCS1	REPRESSED	SIMPLE_OR	unknown	no
TESK1	TESK1	SIMPLE_AND	INCONSISTENT	unknown	no
CREB3	CREB3	SIMPLE_AND	INCONSISTENT	transcription factor	no
RGP1	RGP1	SIMPLE_AND	INCONSISTENT	unknown	no
RIGI	RIGI	SIMPLE_AND	INCONSISTENT	unknown	no
PIP5K1B	PIP5K1B	SIMPLE_AND	INCONSISTENT	unknown	no
BAG1	BAG1	COMPLEX	SIMPLE_AND	unknown	no
RAPGEF1	RAPGEF1	SIMPLE_AND	SIMPLE_OR	unknown	no
NPDC1	NPDC1	REPRESSED	BIVALENT	unknown	no
APBA1	APBA1	BIVALENT	INCONSISTENT	unknown	no
ABCA2	ABCA2	BIVALENT	SIMPLE_OR	unknown	no
SHB	SHB	BIVALENT	INCONSISTENT	unknown	no
CCNJ	CCNJ	COMPLEX	SIMPLE_AND	unknown	no
ATRNL1	ATRNL1	SIMPLE_OR	INCONSISTENT	unknown	no
PHYH	PHYH	SIMPLE_AND	INCONSISTENT	unknown	no
RASSF4	RASSF4	SIMPLE_AND	INCONSISTENT	unknown	no
DNMBP	DNMBP	SIMPLE_AND	INCONSISTENT	unknown	no
RAB11FIP2	RAB11FIP2	SIMPLE_AND	INCONSISTENT	unknown	no
ERLIN1	ERLIN1	SIMPLE_AND	INCONSISTENT	unknown	no
TRDMT1	TRDMT1	SIMPLE_AND	INCONSISTENT	unknown	no
ATE1	ATE1	SIMPLE_AND	INCONSISTENT	unknown	no
PLEKHA1	PLEKHA1	BIVALENT	INCONSISTENT	unknown	no
PALD1	PALD1	SIMPLE_AND	BIVALENT	unknown	no
UNC5B	UNC5B	REPRESSED	BIVALENT	unknown	no
VSIR	VSIR	SIMPLE_AND	INCONSISTENT	unknown	no
MINPP1	MINPP1	SIMPLE_AND	INCONSISTENT	unknown	no
ACTA2	ACTA2	SIMPLE_AND	INCONSISTENT	structural/other	no
LIPA	LIPA	SIMPLE_AND	INCONSISTENT	unknown	no
TLX1	TLX1	REPRESSED	BIVALENT	unknown	yes
SFXN3	SFXN3	BIVALENT	INCONSISTENT	unknown	no
KAZALD1	KAZALD1	BIVALENT	INCONSISTENT	unknown	no
FBXW4	FBXW4	SIMPLE_AND	INCONSISTENT	unknown	no
PITX3	PITX3	BIVALENT	INCONSISTENT	unknown	no
CPEB3	CPEB3	SIMPLE_AND	INCONSISTENT	unknown	yes
FBXL15	FBXL15	SIMPLE_AND	INCONSISTENT	unknown	no
SUFU	SUFU	SIMPLE_AND	INCONSISTENT	unknown	yes
ANKRD26	ANKRD26	SIMPLE_AND	INCONSISTENT	unknown	no
ACBD5	ACBD5	SIMPLE_AND	INCONSISTENT	unknown	no
LHPP	LHPP	SIMPLE_AND	INCONSISTENT	unknown	no
STN1	STN1	SIMPLE_AND	INCONSISTENT	unknown	no
MAP3K8	MAP3K8	SIMPLE_AND	INCONSISTENT	kinase/signaling	no
TASOR2	TASOR2	SIMPLE_AND	COMPLEX	unknown	no
ZMIZ1	ZMIZ1	SIMPLE_OR	SIMPLE_AND	unknown	no
PBLD	PBLD	SIMPLE_AND	INCONSISTENT	unknown	no
TBC1D12	TBC1D12	SIMPLE_AND	INCONSISTENT	unknown	no
RUNDC3A	RUNDC3A	REPRESSED	BIVALENT	unknown	no
PSMD3	PSMD3	COMPLEX	SIMPLE_AND	unknown	no
RAPGEFL1	RAPGEFL1	SIMPLE_OR	INCONSISTENT	unknown	no
RGS9	RGS9	SIMPLE_AND	BIVALENT	unknown	no
RNF43	RNF43	SIMPLE_AND	INCONSISTENT	unknown	yes
RAD51C	RAD51C	SIMPLE_AND	COMPLEX	unknown	no
P2RX1	P2RX1	SIMPLE_AND	INCONSISTENT	unknown	no
ENO3	ENO3	SIMPLE_AND	INCONSISTENT	metabolic	no
RASD1	RASD1	BIVALENT	INCONSISTENT	unknown	no
RAI1	RAI1	SIMPLE_AND	INCONSISTENT	unknown	no
SLC6A4	SLC6A4	SIMPLE_OR	REPRESSED	metabolic	no
MED31	MED31	SIMPLE_AND	INCONSISTENT	unknown	no
AKAP10	AKAP10	SIMPLE_AND	COMPLEX	unknown	no
ICAM2	ICAM2	SIMPLE_AND	SIMPLE_OR	unknown	no
B9D1	B9D1	SIMPLE_AND	INCONSISTENT	unknown	no
C17orf75	C17orf75	SIMPLE_AND	INCONSISTENT	unknown	no
CYTH1	CYTH1	SIMPLE_AND	INCONSISTENT	unknown	no
PEX12	PEX12	SIMPLE_AND	INCONSISTENT	unknown	no
DHX58	DHX58	SIMPLE_AND	INCONSISTENT	unknown	no
KAT2A	KAT2A	SIMPLE_OR	SIMPLE_AND	chromatin regulator	no
NAGLU	NAGLU	SIMPLE_AND	INCONSISTENT	unknown	no
HSD17B1	HSD17B1	SIMPLE_AND	INCONSISTENT	unknown	no
CNTNAP1	CNTNAP1	SIMPLE_AND	INCONSISTENT	unknown	no
ABI3	ABI3	SIMPLE_AND	REPRESSED	unknown	no
VAT1	VAT1	SIMPLE_OR	SIMPLE_AND	unknown	no
ABCC3	ABCC3	BIVALENT	REPRESSED	unknown	no
MPP2	MPP2	REPRESSED	BIVALENT	unknown	no
SMURF2	SMURF2	SIMPLE_AND	INCONSISTENT	unknown	no
HLF	HLF	REPRESSED	BIVALENT	unknown	yes
SLC16A6	SLC16A6	SIMPLE_AND	INCONSISTENT	metabolic	no
MMD	MMD	SIMPLE_AND	INCONSISTENT	unknown	no
RANGRF	RANGRF	SIMPLE_AND	INCONSISTENT	unknown	no
MAP2K6	MAP2K6	SIMPLE_AND	INCONSISTENT	kinase/signaling	no
TMEM104	TMEM104	SIMPLE_AND	INCONSISTENT	unknown	no
IFT20	IFT20	SIMPLE_AND	INCONSISTENT	unknown	no
CDR2L	CDR2L	BIVALENT	INCONSISTENT	unknown	no
UNC119	UNC119	SIMPLE_AND	SIMPLE_OR	unknown	no
RAB34	RAB34	SIMPLE_AND	INCONSISTENT	unknown	no
USP46	USP46	SIMPLE_AND	INCONSISTENT	unknown	no
CHIC2	CHIC2	SIMPLE_AND	INCONSISTENT	unknown	yes
NMU	NMU	REPRESSED	SIMPLE_AND	unknown	no
NFKB1	NFKB1	SIMPLE_AND	INCONSISTENT	transcription factor	no
AREG	AREG	BIVALENT	INCONSISTENT	unknown	no
MANBA	MANBA	SIMPLE_AND	INCONSISTENT	unknown	no
MAPK10	MAPK10	BIVALENT	REPRESSED	kinase/signaling	no
ZNF330	ZNF330	COMPLEX	SIMPLE_AND	transcription factor	no
GAB1	GAB1	SIMPLE_OR	INCONSISTENT	unknown	no
KLHL2	KLHL2	SIMPLE_AND	INCONSISTENT	unknown	no
SEPSECS	SEPSECS	SIMPLE_AND	INCONSISTENT	unknown	no
CPZ	CPZ	REPRESSED	BIVALENT	unknown	no
STIM2	STIM2	SIMPLE_AND	INCONSISTENT	unknown	no
NKX3-2	NKX3-2	BIVALENT	INCONSISTENT	transcription factor	no
LRP2BP	LRP2BP	SIMPLE_AND	INCONSISTENT	unknown	no
DDX25	DDX25	BIVALENT	INCONSISTENT	unknown	no
CTSC	CTSC	SIMPLE_AND	SIMPLE_OR	unknown	no
CCDC34	CCDC34	SIMPLE_AND	INCONSISTENT	unknown	no
JHY	JHY	SIMPLE_AND	REPRESSED	unknown	no
LPXN	LPXN	SIMPLE_AND	INCONSISTENT	unknown	no
DTX4	DTX4	SIMPLE_AND	BIVALENT	unknown	no
EHD1	EHD1	SIMPLE_OR	SIMPLE_AND	unknown	no
UNC93B1	UNC93B1	SIMPLE_AND	INCONSISTENT	unknown	no
PUS3	PUS3	BIVALENT	INCONSISTENT	unknown	no
MS4A6A	MS4A6A	SIMPLE_AND	INCONSISTENT	unknown	no
TRIM3	TRIM3	SIMPLE_OR	INCONSISTENT	unknown	no
ARHGEF17	ARHGEF17	SIMPLE_AND	INCONSISTENT	unknown	no
CEP164	CEP164	BIVALENT	REPRESSED	unknown	no
RNF141	RNF141	BIVALENT	INCONSISTENT	unknown	no
IL10RA	IL10RA	SIMPLE_AND	BIVALENT	unknown	no
GALNT18	GALNT18	BIVALENT	INCONSISTENT	unknown	no
KIAA1549L	KIAA1549L	BIVALENT	REPRESSED	unknown	no
COMMD9	COMMD9	SIMPLE_OR	SIMPLE_AND	unknown	no
SLC15A3	SLC15A3	SIMPLE_AND	REPRESSED	metabolic	no
ACCS	ACCS	SIMPLE_AND	INCONSISTENT	unknown	no
MDK	MDK	BIVALENT	SIMPLE_AND	unknown	no
SLC35F2	SLC35F2	SIMPLE_AND	SIMPLE_OR	unknown	no
C11orf58	C11orf58	REPRESSED	SIMPLE_OR	unknown	no
EXPH5	EXPH5	SIMPLE_AND	INCONSISTENT	unknown	no
HPS5	HPS5	SIMPLE_AND	INCONSISTENT	unknown	no
P3H3	P3H3	BIVALENT	INCONSISTENT	unknown	no
PPFIBP1	PPFIBP1	SIMPLE_AND	INCONSISTENT	unknown	yes
PRPF40B	PRPF40B	SIMPLE_AND	INCONSISTENT	unknown	yes
CD69	CD69	SIMPLE_AND	COMPLEX	unknown	no
CLEC2B	CLEC2B	SIMPLE_AND	INCONSISTENT	unknown	no
SELPLG	SELPLG	SIMPLE_AND	INCONSISTENT	unknown	no
CSRNP2	CSRNP2	SIMPLE_AND	INCONSISTENT	unknown	no
BIN2	BIN2	SIMPLE_AND	INCONSISTENT	unknown	no
IL23A	IL23A	SIMPLE_AND	INCONSISTENT	unknown	no
SYT10	SYT10	REPRESSED	INCONSISTENT	unknown	no
BCL7A	BCL7A	BIVALENT	COMPLEX	unknown	yes
CYP27B1	CYP27B1	SIMPLE_AND	INCONSISTENT	metabolic	no
KRT18	KRT18	INCONSISTENT	SIMPLE_AND	structural/other	no
GLI1	GLI1	BIVALENT	INCONSISTENT	transcription factor	yes
PPM1H	PPM1H	BIVALENT	SIMPLE_AND	unknown	no
ELK3	ELK3	SIMPLE_AND	INCONSISTENT	transcription factor	no
WNT5B	WNT5B	BIVALENT	INCONSISTENT	unknown	no
MAGOHB	MAGOHB	SIMPLE_AND	INCONSISTENT	unknown	no
TRPV4	TRPV4	REPRESSED	INCONSISTENT	unknown	no
PARP11	PARP11	SIMPLE_AND	INCONSISTENT	unknown	no
AKAP3	AKAP3	SIMPLE_AND	INCONSISTENT	unknown	no
CREBL2	CREBL2	SIMPLE_AND	INCONSISTENT	transcription factor	no
GSG1	GSG1	BIVALENT	INCONSISTENT	unknown	no
OAS3	OAS3	SIMPLE_AND	INCONSISTENT	unknown	no
OAS2	OAS2	SIMPLE_AND	REPRESSED	unknown	no
ARHGDIB	ARHGDIB	SIMPLE_AND	INCONSISTENT	unknown	no
SPRING1	SPRING1	SIMPLE_AND	BIVALENT	unknown	no
STX2	STX2	SIMPLE_OR	SIMPLE_AND	unknown	no
COPZ1	COPZ1	REPRESSED	SIMPLE_AND	unknown	no
TBC1D30	TBC1D30	SIMPLE_AND	INCONSISTENT	unknown	no
MDM1	MDM1	SIMPLE_AND	INCONSISTENT	unknown	no
KRR1	KRR1	SIMPLE_AND	COMPLEX	unknown	no
CHD4	CHD4	SIMPLE_OR	SIMPLE_AND	chromatin regulator	yes
ING4	ING4	SIMPLE_AND	INCONSISTENT	chromatin regulator	no
ENO2	ENO2	SIMPLE_AND	SIMPLE_OR	metabolic	no
PTPN6	PTPN6	SIMPLE_AND	INCONSISTENT	unknown	yes
NT5DC3	NT5DC3	SIMPLE_AND	INCONSISTENT	unknown	no
HCFC2	HCFC2	SIMPLE_AND	INCONSISTENT	unknown	no
PHC1	PHC1	SIMPLE_OR	INCONSISTENT	chromatin regulator	no
ENSG00000111780		INCONSISTENT	SIMPLE_AND	unknown	no
RIC8B	RIC8B	SIMPLE_AND	COMPLEX	unknown	no
BTN3A3	BTN3A3	SIMPLE_AND	INCONSISTENT	unknown	no
DSE	DSE	SIMPLE_AND	INCONSISTENT	unknown	no
RWDD1	RWDD1	SIMPLE_AND	INCONSISTENT	unknown	no
MAK	MAK	BIVALENT	INCONSISTENT	unknown	no
TMEM14C	TMEM14C	SIMPLE_AND	COMPLEX	unknown	no
SMIM8	SMIM8	SIMPLE_AND	INCONSISTENT	unknown	no
CEP85L	CEP85L	SIMPLE_AND	INCONSISTENT	unknown	no
MCM9	MCM9	COMPLEX	INCONSISTENT	unknown	no
RNGTT	RNGTT	SIMPLE_AND	INCONSISTENT	unknown	no
HINT3	HINT3	SIMPLE_AND	INCONSISTENT	unknown	no
ULBP1	ULBP1	REPRESSED	COMPLEX	unknown	no
PPARD	PPARD	SIMPLE_AND	INCONSISTENT	transcription factor	no
STK38	STK38	SIMPLE_AND	INCONSISTENT	kinase/signaling	no
CILK1	CILK1	SIMPLE_AND	INCONSISTENT	unknown	no
CD83	CD83	SIMPLE_AND	INCONSISTENT	unknown	no
SAYSD1	SAYSD1	SIMPLE_AND	INCONSISTENT	unknown	no
TREML2	TREML2	SIMPLE_AND	INCONSISTENT	unknown	no
BAG2	BAG2	SIMPLE_AND	INCONSISTENT	unknown	no
RAB23	RAB23	SIMPLE_AND	INCONSISTENT	unknown	no
GPR63	GPR63	SIMPLE_AND	INCONSISTENT	unknown	no
BVES	BVES	BIVALENT	INCONSISTENT	unknown	no
GPLD1	GPLD1	SIMPLE_AND	INCONSISTENT	unknown	no
CRYBG1	CRYBG1	REPRESSED	INCONSISTENT	unknown	no
B3GAT2	B3GAT2	BIVALENT	INCONSISTENT	unknown	no
TRIM38	TRIM38	SIMPLE_AND	INCONSISTENT	unknown	no
PEX7	PEX7	SIMPLE_AND	INCONSISTENT	unknown	no
ZBTB24	ZBTB24	SIMPLE_AND	INCONSISTENT	transcription factor	no
FIG4	FIG4	SIMPLE_AND	INCONSISTENT	unknown	no
ARFGEF3	ARFGEF3	BIVALENT	REPRESSED	unknown	no
SLC16A10	SLC16A10	SIMPLE_AND	BIVALENT	metabolic	no
HECA	HECA	SIMPLE_AND	INCONSISTENT	unknown	no
ADGRG6	ADGRG6	REPRESSED	BIVALENT	unknown	no
PHACTR2	PHACTR2	SIMPLE_AND	REPRESSED	unknown	no
EPM2A	EPM2A	SIMPLE_AND	INCONSISTENT	unknown	no
CCR6	CCR6	INCONSISTENT	REPRESSED	unknown	no
TFEB	TFEB	SIMPLE_AND	INCONSISTENT	unknown	yes
PTK7	PTK7	SIMPLE_OR	INCONSISTENT	unknown	no
CUL9	CUL9	SIMPLE_AND	INCONSISTENT	unknown	no
DUSP22	DUSP22	SIMPLE_AND	INCONSISTENT	unknown	no
TMEM30A	TMEM30A	SIMPLE_AND	INCONSISTENT	unknown	no
GMDS	GMDS	SIMPLE_AND	INCONSISTENT	unknown	no
BTN2A1	BTN2A1	SIMPLE_AND	INCONSISTENT	unknown	no
TENT5A	TENT5A	BIVALENT	INCONSISTENT	unknown	no
LY86	LY86	SIMPLE_AND	REPRESSED	unknown	no
TBX18	TBX18	REPRESSED	SIMPLE_AND	transcription factor	no
NUDT12	NUDT12	SIMPLE_AND	INCONSISTENT	unknown	no
TENT4A	TENT4A	SIMPLE_AND	INCONSISTENT	unknown	no
HSPA9	HSPA9	SIMPLE_AND	COMPLEX	unknown	no
HBEGF	HBEGF	SIMPLE_OR	INCONSISTENT	unknown	no
APBB3	APBB3	SIMPLE_AND	INCONSISTENT	unknown	no
SPARC	SPARC	SIMPLE_AND	BIVALENT	unknown	no
RNF130	RNF130	BIVALENT	SIMPLE_AND	unknown	no
ARSB	ARSB	SIMPLE_AND	BIVALENT	unknown	no
CLINT1	CLINT1	COMPLEX	SIMPLE_AND	unknown	no
POLR3G	POLR3G	COMPLEX	SIMPLE_AND	unknown	no
FAM172A	FAM172A	SIMPLE_AND	INCONSISTENT	unknown	no
SLC12A7	SLC12A7	SIMPLE_OR	INCONSISTENT	metabolic	no
ST8SIA4	ST8SIA4	SIMPLE_AND	INCONSISTENT	unknown	no
GNPDA1	GNPDA1	SIMPLE_OR	SIMPLE_AND	unknown	no
NR3C1	NR3C1	SIMPLE_AND	REPRESSED	transcription factor	no
TRIM23	TRIM23	SIMPLE_AND	INCONSISTENT	unknown	no
TRAPPC13	TRAPPC13	SIMPLE_AND	INCONSISTENT	unknown	no
TXNDC15	TXNDC15	SIMPLE_AND	INCONSISTENT	unknown	no
WWC1	WWC1	SIMPLE_AND	INCONSISTENT	unknown	no
TCERG1	TCERG1	SIMPLE_AND	COMPLEX	unknown	no
BNIP1	BNIP1	SIMPLE_AND	INCONSISTENT	unknown	no
STC2	STC2	BIVALENT	INCONSISTENT	unknown	no
CPEB4	CPEB4	COMPLEX	SIMPLE_AND	unknown	no
UNC5A	UNC5A	REPRESSED	INCONSISTENT	unknown	no
SELENOK	SELENOK	COMPLEX	INCONSISTENT	unknown	no
BCL6	BCL6	BIVALENT	INCONSISTENT	transcription factor	yes
ARL6	ARL6	SIMPLE_AND	INCONSISTENT	unknown	no
NPHP3	NPHP3	SIMPLE_AND	INCONSISTENT	unknown	no
AMOTL2	AMOTL2	REPRESSED	INCONSISTENT	unknown	no
NIT2	NIT2	SIMPLE_AND	INCONSISTENT	unknown	no
CEP70	CEP70	BIVALENT	INCONSISTENT	unknown	no
KAT2B	KAT2B	SIMPLE_AND	INCONSISTENT	chromatin regulator	no
COL7A1	COL7A1	REPRESSED	INCONSISTENT	structural/other	no
HES1	HES1	BIVALENT	SIMPLE_AND	transcription factor	no
TFG	TFG	COMPLEX	SIMPLE_AND	unknown	yes
TUSC2	TUSC2	SIMPLE_AND	INCONSISTENT	unknown	no
CYB561D2	CYB561D2	SIMPLE_AND	INCONSISTENT	unknown	no
CBLB	CBLB	SIMPLE_AND	INCONSISTENT	unknown	yes
GNB4	GNB4	BIVALENT	SIMPLE_AND	unknown	no
IQCG	IQCG	SIMPLE_AND	INCONSISTENT	unknown	no
UMPS	UMPS	COMPLEX	SIMPLE_AND	unknown	no
C3orf52	C3orf52	BIVALENT	INCONSISTENT	unknown	no
ABTB1	ABTB1	SIMPLE_AND	INCONSISTENT	unknown	no
PODXL2	PODXL2	REPRESSED	SIMPLE_AND	unknown	no
CSPG5	CSPG5	REPRESSED	INCONSISTENT	unknown	no
EFCC1	EFCC1	REPRESSED	INCONSISTENT	unknown	no
CFAP92	CFAP92	REPRESSED	INCONSISTENT	unknown	no
NEK11	NEK11	SIMPLE_AND	INCONSISTENT	kinase/signaling	no
PLSCR4	PLSCR4	BIVALENT	INCONSISTENT	unknown	no
HEMK1	HEMK1	SIMPLE_AND	INCONSISTENT	unknown	no
ACVR2B	ACVR2B	BIVALENT	SIMPLE_AND	unknown	no
ABCC5	ABCC5	SIMPLE_OR	SIMPLE_AND	unknown	no
ABHD14A-ACY1	ABHD14A-ACY1	INCONSISTENT	SIMPLE_AND	unknown	no
ARHGEF26	ARHGEF26	BIVALENT	INCONSISTENT	unknown	no
PLCH1	PLCH1	BIVALENT	INCONSISTENT	unknown	no
ZBTB47	ZBTB47	SIMPLE_AND	INCONSISTENT	transcription factor	no
CLCN2	CLCN2	SIMPLE_AND	INCONSISTENT	unknown	no
FOXP1	FOXP1	BIVALENT	SIMPLE_AND	transcription factor	yes
SLC4A3	SLC4A3	REPRESSED	INCONSISTENT	metabolic	no
INO80D	INO80D	SIMPLE_AND	INCONSISTENT	chromatin regulator	no
LMAN2L	LMAN2L	SIMPLE_AND	INCONSISTENT	unknown	no
RTKN	RTKN	BIVALENT	INCONSISTENT	unknown	no
STEAP3	STEAP3	SIMPLE_OR	SIMPLE_AND	unknown	no
TFCP2L1	TFCP2L1	BIVALENT	INCONSISTENT	unknown	no
TP53I3	TP53I3	SIMPLE_AND	INCONSISTENT	unknown	no
DNAJC27	DNAJC27	SIMPLE_AND	INCONSISTENT	unknown	no
POMC	POMC	BIVALENT	REPRESSED	unknown	no
STAM2	STAM2	SIMPLE_AND	COMPLEX	unknown	no
ACVR1	ACVR1	INCONSISTENT	SIMPLE_AND	unknown	yes
FNDC4	FNDC4	REPRESSED	INCONSISTENT	unknown	no
REEP6	REEP6	INCONSISTENT	SIMPLE_AND	unknown	no
PCSK4	PCSK4	SIMPLE_OR	INCONSISTENT	unknown	no
APC2	APC2	BIVALENT	INCONSISTENT	unknown	no
IFIH1	IFIH1	SIMPLE_AND	INCONSISTENT	unknown	no
GCA	GCA	SIMPLE_AND	INCONSISTENT	unknown	no
INO80B	INO80B	SIMPLE_AND	INCONSISTENT	chromatin regulator	no
TTC31	TTC31	SIMPLE_AND	INCONSISTENT	unknown	no
SPTBN1	SPTBN1	BIVALENT	SIMPLE_OR	structural/other	no
LOXL3	LOXL3	SIMPLE_AND	INCONSISTENT	unknown	no
POLE4	POLE4	SIMPLE_AND	COMPLEX	unknown	no
TACR1	TACR1	BIVALENT	REPRESSED	unknown	no
FN1	FN1	BIVALENT	SIMPLE_OR	structural/other	no
PECR	PECR	SIMPLE_AND	INCONSISTENT	unknown	no
UNC50	UNC50	COMPLEX	INCONSISTENT	unknown	no
ELMOD3	ELMOD3	SIMPLE_AND	INCONSISTENT	unknown	no
OTX1	OTX1	BIVALENT	INCONSISTENT	unknown	no
COQ10B	COQ10B	SIMPLE_AND	INCONSISTENT	unknown	no
PDCL3	PDCL3	SIMPLE_AND	INCONSISTENT	unknown	no
MOB4	MOB4	SIMPLE_AND	INCONSISTENT	unknown	no
CHMP3	CHMP3	SIMPLE_AND	COMPLEX	unknown	no
IL18RAP	IL18RAP	SIMPLE_OR	INCONSISTENT	unknown	no
SLC9A2	SLC9A2	BIVALENT	INCONSISTENT	metabolic	no
PASK	PASK	SIMPLE_AND	INCONSISTENT	unknown	no
ID2	ID2	BIVALENT	INCONSISTENT	transcription factor	no
ODC1	ODC1	COMPLEX	SIMPLE_AND	unknown	no
BIRC6	BIRC6	COMPLEX	SIMPLE_AND	unknown	yes
GORASP2	GORASP2	SIMPLE_AND	COMPLEX	unknown	no
PRKD3	PRKD3	BIVALENT	SIMPLE_AND	kinase/signaling	no
QPCT	QPCT	BIVALENT	REPRESSED	unknown	no
RMDN2	RMDN2	SIMPLE_AND	INCONSISTENT	unknown	no
DLX2	DLX2	BIVALENT	INCONSISTENT	transcription factor	no
SDC1	SDC1	SIMPLE_AND	INCONSISTENT	unknown	no
PLCL1	PLCL1	BIVALENT	SIMPLE_AND	unknown	no
KYNU	KYNU	SIMPLE_AND	INCONSISTENT	unknown	no
WIPF1	WIPF1	BIVALENT	INCONSISTENT	unknown	no
AAK1	AAK1	REPRESSED	INCONSISTENT	unknown	no
TRAK2	TRAK2	SIMPLE_AND	INCONSISTENT	unknown	no
C2orf42	C2orf42	SIMPLE_AND	INCONSISTENT	unknown	no
PCYOX1	PCYOX1	SIMPLE_AND	INCONSISTENT	unknown	no
KISS1R	KISS1R	BIVALENT	SIMPLE_AND	unknown	no
VAX2	VAX2	REPRESSED	BIVALENT	unknown	no
SPR	SPR	BIVALENT	SIMPLE_AND	unknown	no
PARD3B	PARD3B	REPRESSED	INCONSISTENT	unknown	no
BCL9	BCL9	SIMPLE_OR	INCONSISTENT	unknown	yes
PRRX1	PRRX1	BIVALENT	REPRESSED	unknown	yes
MORN1	MORN1	SIMPLE_AND	INCONSISTENT	unknown	no
SCP2	SCP2	SIMPLE_OR	SIMPLE_AND	unknown	no
RALGPS2	RALGPS2	BIVALENT	INCONSISTENT	unknown	no
TCEANC2	TCEANC2	SIMPLE_AND	INCONSISTENT	unknown	no
WRAP73	WRAP73	SIMPLE_AND	BIVALENT	unknown	no
RPL22	RPL22	SIMPLE_OR	SIMPLE_AND	unknown	yes
PHF13	PHF13	SIMPLE_AND	INCONSISTENT	chromatin regulator	no
ELAPOR1	ELAPOR1	BIVALENT	INCONSISTENT	unknown	no
RNF19B	RNF19B	SIMPLE_AND	INCONSISTENT	unknown	no
TRIM62	TRIM62	BIVALENT	INCONSISTENT	unknown	no
DLGAP3	DLGAP3	REPRESSED	BIVALENT	unknown	no
MEF2D	MEF2D	COMPLEX	INCONSISTENT	transcription factor	no
SWT1	SWT1	SIMPLE_AND	INCONSISTENT	unknown	no
MAD2L2	MAD2L2	REPRESSED	SIMPLE_OR	unknown	no
NCF2	NCF2	SIMPLE_AND	REPRESSED	unknown	no
SLC35D1	SLC35D1	SIMPLE_AND	INCONSISTENT	unknown	no
GADD45A	GADD45A	BIVALENT	SIMPLE_AND	unknown	no
PRDM2	PRDM2	SIMPLE_AND	REPRESSED	transcription factor	yes
RGS2	RGS2	SIMPLE_OR	INCONSISTENT	unknown	no
ZBTB17	ZBTB17	COMPLEX	SIMPLE_AND	transcription factor	no
TMEM9	TMEM9	SIMPLE_OR	SIMPLE_AND	unknown	no
EXOC8	EXOC8	SIMPLE_AND	INCONSISTENT	unknown	no
RRAGC	RRAGC	SIMPLE_AND	INCONSISTENT	unknown	no
HPCAL4	HPCAL4	INCONSISTENT	BIVALENT	unknown	no
KMO	KMO	SIMPLE_AND	INCONSISTENT	unknown	no
ZNF684	ZNF684	SIMPLE_AND	INCONSISTENT	transcription factor	no
KCNQ4	KCNQ4	REPRESSED	INCONSISTENT	unknown	no
PADI2	PADI2	BIVALENT	REPRESSED	unknown	no
RPF1	RPF1	SIMPLE_AND	COMPLEX	unknown	no
CTBS	CTBS	SIMPLE_AND	INCONSISTENT	unknown	no
ZNHIT6	ZNHIT6	SIMPLE_AND	INCONSISTENT	unknown	no
PLA2G2D	PLA2G2D	INCONSISTENT	REPRESSED	unknown	no
KIF17	KIF17	REPRESSED	INCONSISTENT	unknown	no
RAB29	RAB29	COMPLEX	INCONSISTENT	unknown	no
ECE1	ECE1	BIVALENT	SIMPLE_AND	unknown	no
CR2	CR2	SIMPLE_AND	INCONSISTENT	unknown	no
ERI3	ERI3	SIMPLE_OR	SIMPLE_AND	unknown	no
PIK3R3	PIK3R3	SIMPLE_AND	INCONSISTENT	kinase/signaling	no
TMED5	TMED5	COMPLEX	SIMPLE_AND	unknown	no
VAMP4	VAMP4	SIMPLE_AND	INCONSISTENT	unknown	no
UTP25	UTP25	SIMPLE_AND	INCONSISTENT	unknown	no
PLPPR4	PLPPR4	REPRESSED	BIVALENT	unknown	no
SYF2	SYF2	SIMPLE_AND	INCONSISTENT	unknown	no
SLC35A3	SLC35A3	SIMPLE_AND	INCONSISTENT	metabolic	no
STMN1	STMN1	BIVALENT	SIMPLE_AND	unknown	no
STX12	STX12	SIMPLE_AND	INCONSISTENT	unknown	no
MTARC2	MTARC2	BIVALENT	REPRESSED	unknown	no
STAG1	STAG1	SIMPLE_AND	INCONSISTENT	unknown	yes
IFT46	IFT46	SIMPLE_AND	INCONSISTENT	unknown	no
SLC8A2	SLC8A2	REPRESSED	INCONSISTENT	metabolic	no
CAMSAP2	CAMSAP2	SIMPLE_AND	INCONSISTENT	unknown	no
NRP2	NRP2	BIVALENT	INCONSISTENT	unknown	no
B4GALT6	B4GALT6	SIMPLE_AND	COMPLEX	unknown	no
C1orf54	C1orf54	SIMPLE_AND	INCONSISTENT	unknown	no
USP35	USP35	SIMPLE_OR	INCONSISTENT	unknown	no
HMGN3	HMGN3	SIMPLE_AND	INCONSISTENT	unknown	no
UBE3D	UBE3D	COMPLEX	INCONSISTENT	unknown	no
ANKRD13C	ANKRD13C	SIMPLE_AND	INCONSISTENT	unknown	no
PLAGL1	PLAGL1	SIMPLE_AND	INCONSISTENT	unknown	no
FBXO30	FBXO30	SIMPLE_AND	INCONSISTENT	unknown	no
TNFAIP3	TNFAIP3	SIMPLE_AND	INCONSISTENT	unknown	yes
SGK1	SGK1	REPRESSED	INCONSISTENT	unknown	yes
RNF146	RNF146	SIMPLE_AND	INCONSISTENT	unknown	no
RXYLT1	RXYLT1	SIMPLE_AND	INCONSISTENT	unknown	no
ARMC2	ARMC2	BIVALENT	INCONSISTENT	unknown	no
PKD2	PKD2	SIMPLE_OR	BIVALENT	unknown	no
STBD1	STBD1	BIVALENT	INCONSISTENT	unknown	no
CCNI	CCNI	SIMPLE_AND	COMPLEX	unknown	no
EEF2KMT	EEF2KMT	SIMPLE_AND	INCONSISTENT	unknown	no
KLF12	KLF12	SIMPLE_AND	INCONSISTENT	transcription factor	no
HS1BP3	HS1BP3	SIMPLE_OR	INCONSISTENT	unknown	no
CCND2	CCND2	BIVALENT	SIMPLE_AND	unknown	yes
DNAH7	DNAH7	SIMPLE_AND	INCONSISTENT	unknown	no
SATB2	SATB2	REPRESSED	SIMPLE_OR	chromatin regulator	no
TRPM6	TRPM6	BIVALENT	INCONSISTENT	unknown	no
KLF9	KLF9	SIMPLE_AND	INCONSISTENT	transcription factor	no
PIGZ	PIGZ	SIMPLE_AND	INCONSISTENT	unknown	no
CCDC92	CCDC92	SIMPLE_AND	INCONSISTENT	unknown	no
C1orf198	C1orf198	BIVALENT	SIMPLE_AND	unknown	no
TRIM67	TRIM67	REPRESSED	INCONSISTENT	unknown	no
ABITRAM	ABITRAM	SIMPLE_AND	INCONSISTENT	unknown	no
TRIM32	TRIM32	SIMPLE_AND	INCONSISTENT	unknown	no
PHF19	PHF19	SIMPLE_OR	SIMPLE_AND	chromatin regulator	no
HDHD3	HDHD3	SIMPLE_AND	INCONSISTENT	unknown	no
NR4A3	NR4A3	SIMPLE_AND	BIVALENT	unknown	yes
GALNT12	GALNT12	BIVALENT	SIMPLE_AND	unknown	no
ALG2	ALG2	COMPLEX	SIMPLE_AND	unknown	no
KDSR	KDSR	SIMPLE_AND	INCONSISTENT	unknown	yes
VPS4B	VPS4B	SIMPLE_AND	INCONSISTENT	unknown	no
ONECUT2	ONECUT2	REPRESSED	BIVALENT	transcription factor	no
DCAF4	DCAF4	COMPLEX	SIMPLE_AND	unknown	no
PGF	PGF	SIMPLE_OR	INCONSISTENT	unknown	no
IFI27L2	IFI27L2	BIVALENT	INCONSISTENT	unknown	no
BBOF1	BBOF1	SIMPLE_AND	INCONSISTENT	unknown	no
ACYP1	ACYP1	SIMPLE_AND	INCONSISTENT	unknown	no
DNAL1	DNAL1	SIMPLE_AND	INCONSISTENT	unknown	no
IRF2BPL	IRF2BPL	SIMPLE_AND	INCONSISTENT	unknown	no
FLVCR2	FLVCR2	SIMPLE_AND	INCONSISTENT	unknown	no
ABCD4	ABCD4	COMPLEX	INCONSISTENT	unknown	no
TGFB3	TGFB3	SIMPLE_AND	INCONSISTENT	unknown	no
ALDH6A1	ALDH6A1	SIMPLE_AND	INCONSISTENT	metabolic	no
NRDE2	NRDE2	SIMPLE_AND	INCONSISTENT	unknown	no
COQ6	COQ6	SIMPLE_AND	INCONSISTENT	unknown	no
RHOQ	RHOQ	SIMPLE_AND	INCONSISTENT	unknown	no
KLHL29	KLHL29	SIMPLE_OR	INCONSISTENT	unknown	no
DNMT3A	DNMT3A	SIMPLE_AND	BIVALENT	chromatin regulator	yes
ATAD2B	ATAD2B	SIMPLE_AND	INCONSISTENT	unknown	no
FKBP1B	FKBP1B	BIVALENT	INCONSISTENT	unknown	no
YPEL5	YPEL5	SIMPLE_AND	BIVALENT	unknown	no
YIPF4	YIPF4	SIMPLE_AND	INCONSISTENT	unknown	no
LGALSL	LGALSL	INCONSISTENT	BIVALENT	unknown	no
CNRIP1	CNRIP1	REPRESSED	INCONSISTENT	unknown	no
BCL11A	BCL11A	INCONSISTENT	BIVALENT	transcription factor	yes
CRIPT	CRIPT	SIMPLE_AND	INCONSISTENT	unknown	no
SLC17A5	SLC17A5	SIMPLE_AND	INCONSISTENT	metabolic	no
SLF2	SLF2	SIMPLE_AND	INCONSISTENT	unknown	no
ELOVL3	ELOVL3	REPRESSED	INCONSISTENT	unknown	no
IFIT3	IFIT3	SIMPLE_AND	INCONSISTENT	unknown	no
NKX2-3	NKX2-3	REPRESSED	BIVALENT	transcription factor	no
PYROXD2	PYROXD2	SIMPLE_AND	INCONSISTENT	unknown	no
MXI1	MXI1	BIVALENT	SIMPLE_AND	unknown	no
C10orf88	C10orf88	SIMPLE_AND	INCONSISTENT	unknown	no
DENND10	DENND10	SIMPLE_AND	INCONSISTENT	unknown	no
ARMH3	ARMH3	SIMPLE_AND	INCONSISTENT	unknown	no
CFAP58	CFAP58	SIMPLE_OR	INCONSISTENT	unknown	no
SFRP5	SFRP5	REPRESSED	INCONSISTENT	unknown	no
CRHR1	CRHR1	REPRESSED	BIVALENT	unknown	no
CAAP1	CAAP1	SIMPLE_AND	INCONSISTENT	unknown	no
CD274	CD274	SIMPLE_AND	INCONSISTENT	unknown	yes
LRP11	LRP11	BIVALENT	INCONSISTENT	unknown	no
PLEKHG1	PLEKHG1	BIVALENT	REPRESSED	unknown	no
ARAP3	ARAP3	REPRESSED	INCONSISTENT	unknown	no
GORAB	GORAB	SIMPLE_AND	INCONSISTENT	unknown	no
MSANTD2	MSANTD2	SIMPLE_AND	INCONSISTENT	unknown	no
PLXDC2	PLXDC2	BIVALENT	INCONSISTENT	unknown	no
CCDC77	CCDC77	SIMPLE_AND	INCONSISTENT	unknown	no
WBP4	WBP4	SIMPLE_AND	INCONSISTENT	unknown	no
SMAD9	SMAD9	REPRESSED	INCONSISTENT	unknown	no
KBTBD7	KBTBD7	SIMPLE_AND	INCONSISTENT	unknown	no
PLS1	PLS1	COMPLEX	SIMPLE_AND	unknown	no
ZFP30	ZFP30	SIMPLE_OR	INCONSISTENT	transcription factor	no
UTP20	UTP20	SIMPLE_AND	BIVALENT	unknown	no
MTERF2	MTERF2	SIMPLE_AND	INCONSISTENT	unknown	no
SOCS2	SOCS2	SIMPLE_OR	SIMPLE_AND	unknown	no
DUSP4	DUSP4	BIVALENT	INCONSISTENT	unknown	no
CLU	CLU	REPRESSED	INCONSISTENT	unknown	no
COIL	COIL	SIMPLE_AND	INCONSISTENT	unknown	no
SCPEP1	SCPEP1	SIMPLE_AND	INCONSISTENT	unknown	no
TEX14	TEX14	INCONSISTENT	COMPLEX	unknown	no
TRIM6	TRIM6	SIMPLE_AND	INCONSISTENT	unknown	no
TENT4B	TENT4B	SIMPLE_AND	INCONSISTENT	unknown	no
ADCY7	ADCY7	SIMPLE_OR	SIMPLE_AND	unknown	no
ECHDC2	ECHDC2	SIMPLE_OR	INCONSISTENT	unknown	no
PLBD1	PLBD1	INCONSISTENT	SIMPLE_AND	unknown	no
PYROXD1	PYROXD1	SIMPLE_AND	INCONSISTENT	unknown	no
KCNJ8	KCNJ8	REPRESSED	INCONSISTENT	unknown	no
SEC22A	SEC22A	SIMPLE_AND	INCONSISTENT	unknown	no
B4GALT4	B4GALT4	SIMPLE_AND	INCONSISTENT	unknown	no
CD80	CD80	SIMPLE_AND	INCONSISTENT	unknown	no
DEPDC7	DEPDC7	BIVALENT	INCONSISTENT	unknown	no
GJA3	GJA3	BIVALENT	INCONSISTENT	structural/other	no
TBC1D15	TBC1D15	SIMPLE_AND	COMPLEX	unknown	no
ADGRB2	ADGRB2	REPRESSED	BIVALENT	unknown	no
HCRTR1	HCRTR1	INCONSISTENT	BIVALENT	unknown	no
POLR3GL	POLR3GL	SIMPLE_AND	INCONSISTENT	unknown	no
TNFSF10	TNFSF10	SIMPLE_AND	INCONSISTENT	unknown	no
PDS5A	PDS5A	COMPLEX	SIMPLE_AND	unknown	no
TMEM156	TMEM156	SIMPLE_AND	INCONSISTENT	unknown	no
ZSCAN20	ZSCAN20	SIMPLE_AND	INCONSISTENT	unknown	no
LRIF1	LRIF1	COMPLEX	SIMPLE_AND	unknown	no
GTDC1	GTDC1	SIMPLE_AND	INCONSISTENT	unknown	no
CXCR4	CXCR4	BIVALENT	INCONSISTENT	unknown	yes
ACVR2A	ACVR2A	BIVALENT	INCONSISTENT	unknown	yes
SV2C	SV2C	BIVALENT	REPRESSED	unknown	no
FLT3	FLT3	BIVALENT	REPRESSED	kinase/signaling	yes
UBL3	UBL3	SIMPLE_AND	INCONSISTENT	unknown	no
MTERF4	MTERF4	SIMPLE_AND	INCONSISTENT	unknown	no
OCRL	OCRL	SIMPLE_OR	INCONSISTENT	unknown	no
CD244	CD244	SIMPLE_OR	REPRESSED	unknown	no
SERAC1	SERAC1	SIMPLE_AND	INCONSISTENT	unknown	no
PRXL2A	PRXL2A	SIMPLE_OR	REPRESSED	unknown	no
ZNF205	ZNF205	SIMPLE_AND	INCONSISTENT	transcription factor	no
NAA60	NAA60	SIMPLE_AND	SIMPLE_OR	unknown	no
ODF2L	ODF2L	SIMPLE_AND	INCONSISTENT	unknown	no
SPATA1	SPATA1	SIMPLE_AND	INCONSISTENT	unknown	no
TRMT13	TRMT13	SIMPLE_AND	INCONSISTENT	unknown	no
RWDD3	RWDD3	BIVALENT	INCONSISTENT	unknown	no
SLC66A2	SLC66A2	SIMPLE_AND	INCONSISTENT	metabolic	no
BBS9	BBS9	SIMPLE_AND	INCONSISTENT	unknown	no
ZMIZ2	ZMIZ2	SIMPLE_AND	INCONSISTENT	unknown	no
EEPD1	EEPD1	SIMPLE_OR	INCONSISTENT	unknown	no
WIPF3	WIPF3	REPRESSED	INCONSISTENT	unknown	no
NXPH1	NXPH1	REPRESSED	INCONSISTENT	unknown	no
FKBP9	FKBP9	INCONSISTENT	SIMPLE_AND	unknown	yes
ARL4A	ARL4A	INCONSISTENT	SIMPLE_AND	unknown	no
POLM	POLM	SIMPLE_AND	INCONSISTENT	unknown	no
TWIST1	TWIST1	REPRESSED	INCONSISTENT	unknown	no
GLIPR2	GLIPR2	BIVALENT	INCONSISTENT	unknown	no
ACO1	ACO1	INCONSISTENT	SIMPLE_AND	unknown	no
PHF24	PHF24	REPRESSED	INCONSISTENT	chromatin regulator	no
DNAI1	DNAI1	BIVALENT	INCONSISTENT	unknown	no
CNTFR	CNTFR	REPRESSED	INCONSISTENT	unknown	no
PLAU	PLAU	SIMPLE_OR	INCONSISTENT	unknown	no
CHST3	CHST3	BIVALENT	REPRESSED	unknown	no
EGR2	EGR2	BIVALENT	INCONSISTENT	transcription factor	no
VPS26A	VPS26A	COMPLEX	SIMPLE_AND	unknown	no
IFT81	IFT81	SIMPLE_AND	INCONSISTENT	unknown	no
MED13L	MED13L	BIVALENT	SIMPLE_AND	unknown	no
CDKN2C	CDKN2C	INCONSISTENT	SIMPLE_AND	unknown	yes
ITPR2	ITPR2	SIMPLE_AND	INCONSISTENT	unknown	no
DDX39A	DDX39A	COMPLEX	SIMPLE_AND	unknown	no
WDR83	WDR83	SIMPLE_AND	INCONSISTENT	unknown	no
GIPC1	GIPC1	SIMPLE_OR	SIMPLE_AND	unknown	no
SPRYD7	SPRYD7	SIMPLE_AND	INCONSISTENT	unknown	no
ATP7B	ATP7B	BIVALENT	SIMPLE_AND	unknown	no
ZC3H13	ZC3H13	SIMPLE_AND	INCONSISTENT	unknown	no
OPTN	OPTN	SIMPLE_AND	INCONSISTENT	unknown	no
ITIH5	ITIH5	REPRESSED	BIVALENT	unknown	no
ARHGAP9	ARHGAP9	SIMPLE_AND	INCONSISTENT	unknown	no
NCKAP1L	NCKAP1L	SIMPLE_AND	INCONSISTENT	unknown	no
NR4A1	NR4A1	BIVALENT	INCONSISTENT	unknown	no
HOXC13	HOXC13	REPRESSED	INCONSISTENT	transcription factor	yes
LRP1	LRP1	BIVALENT	INCONSISTENT	unknown	no
HOXC11	HOXC11	REPRESSED	INCONSISTENT	transcription factor	yes
NFE2	NFE2	REPRESSED	SIMPLE_AND	transcription factor	no
EEF1AKMT3	EEF1AKMT3	SIMPLE_AND	INCONSISTENT	unknown	no
KBTBD4	KBTBD4	SIMPLE_AND	INCONSISTENT	unknown	no
COL10A1	COL10A1	REPRESSED	INCONSISTENT	structural/other	no
FAM199X	FAM199X	SIMPLE_AND	INCONSISTENT	unknown	no
RAB9A	RAB9A	SIMPLE_AND	INCONSISTENT	unknown	no
METTL8	METTL8	COMPLEX	SIMPLE_AND	unknown	no
NMI	NMI	SIMPLE_AND	INCONSISTENT	unknown	no
ACVR1C	ACVR1C	REPRESSED	BIVALENT	unknown	no
BATF3	BATF3	SIMPLE_OR	BIVALENT	unknown	no
G0S2	G0S2	INCONSISTENT	BIVALENT	unknown	no
KCNJ2	KCNJ2	BIVALENT	INCONSISTENT	unknown	no
RAB38	RAB38	SIMPLE_OR	INCONSISTENT	unknown	no
MXD4	MXD4	SIMPLE_AND	INCONSISTENT	unknown	no
CHPF	CHPF	BIVALENT	SIMPLE_AND	unknown	no
ENKD1	ENKD1	SIMPLE_AND	INCONSISTENT	unknown	no
FAM210B	FAM210B	INCONSISTENT	SIMPLE_AND	unknown	no
SNX21	SNX21	SIMPLE_OR	INCONSISTENT	unknown	no
TTPAL	TTPAL	SIMPLE_AND	INCONSISTENT	unknown	no
PREX1	PREX1	SIMPLE_AND	INCONSISTENT	unknown	no
PARD6B	PARD6B	SIMPLE_AND	INCONSISTENT	unknown	no
TOX2	TOX2	SIMPLE_AND	INCONSISTENT	unknown	no
PEDS1-UBE2V1	PEDS1-UBE2V1	INCONSISTENT	SIMPLE_AND	unknown	no
RAB22A	RAB22A	SIMPLE_AND	INCONSISTENT	unknown	no
STAU1	STAU1	COMPLEX	SIMPLE_AND	unknown	no
MOCS3	MOCS3	SIMPLE_AND	INCONSISTENT	unknown	no
ANKRD60	ANKRD60	REPRESSED	BIVALENT	unknown	no
BCAS4	BCAS4	SIMPLE_AND	INCONSISTENT	unknown	no
KCNK15	KCNK15	REPRESSED	INCONSISTENT	unknown	no
TP53TG5	TP53TG5	BIVALENT	INCONSISTENT	unknown	no
PCK1	PCK1	REPRESSED	INCONSISTENT	metabolic	no
NEURL2	NEURL2	SIMPLE_AND	INCONSISTENT	unknown	no
FASTKD3	FASTKD3	SIMPLE_AND	INCONSISTENT	unknown	no
PEPD	PEPD	SIMPLE_OR	BIVALENT	unknown	no
IQSEC2	IQSEC2	REPRESSED	BIVALENT	unknown	no
IL9R	IL9R	SIMPLE_AND	INCONSISTENT	unknown	no
MCEE	MCEE	SIMPLE_AND	INCONSISTENT	unknown	no
ATP8A1	ATP8A1	SIMPLE_AND	INCONSISTENT	unknown	no
ZNF576	ZNF576	SIMPLE_AND	INCONSISTENT	transcription factor	no
TRERF1	TRERF1	SIMPLE_AND	INCONSISTENT	unknown	no
PACSIN1	PACSIN1	SIMPLE_AND	INCONSISTENT	unknown	no
BTN2A2	BTN2A2	SIMPLE_AND	INCONSISTENT	unknown	no
SIRT5	SIRT5	SIMPLE_AND	INCONSISTENT	chromatin regulator	no
BTN2A3P	BTN2A3P	SIMPLE_AND	INCONSISTENT	unknown	no
SERPINB6	SERPINB6	REPRESSED	SIMPLE_AND	unknown	no
NQO2	NQO2	INCONSISTENT	SIMPLE_AND	unknown	no
ENSG00000124593		SIMPLE_OR	INCONSISTENT	unknown	no
MOCS1	MOCS1	BIVALENT	INCONSISTENT	unknown	no
CDKN1A	CDKN1A	SIMPLE_AND	BIVALENT	unknown	yes
SOX4	SOX4	SIMPLE_AND	INCONSISTENT	transcription factor	no
GLO1	GLO1	SIMPLE_AND	COMPLEX	unknown	no
CPNE5	CPNE5	BIVALENT	INCONSISTENT	unknown	no
SLC35B3	SLC35B3	SIMPLE_AND	INCONSISTENT	unknown	no
RPP40	RPP40	SIMPLE_AND	INCONSISTENT	unknown	no
ATXN1	ATXN1	SIMPLE_AND	INCONSISTENT	unknown	no
DEK	DEK	SIMPLE_AND	COMPLEX	unknown	yes
EREG	EREG	REPRESSED	INCONSISTENT	unknown	no
MYRF-AS1	MYRF-AS1	SIMPLE_AND	INCONSISTENT	unknown	no
MYRF	MYRF	SIMPLE_OR	SIMPLE_AND	unknown	no
AHNAK	AHNAK	SIMPLE_AND	SIMPLE_OR	unknown	no
WNT1	WNT1	BIVALENT	REPRESSED	unknown	no
FBXL9P	FBXL9P	SIMPLE_AND	INCONSISTENT	unknown	no
DOK4	DOK4	SIMPLE_AND	INCONSISTENT	unknown	no
CLYBL	CLYBL	SIMPLE_AND	INCONSISTENT	unknown	no
RAP2A	RAP2A	SIMPLE_AND	INCONSISTENT	unknown	no
EFNB2	EFNB2	BIVALENT	INCONSISTENT	unknown	no
SOX21	SOX21	REPRESSED	INCONSISTENT	transcription factor	yes
UPF3B	UPF3B	SIMPLE_AND	INCONSISTENT	unknown	no
DMAC2L	DMAC2L	SIMPLE_AND	INCONSISTENT	unknown	no
HS3ST3B1	HS3ST3B1	REPRESSED	INCONSISTENT	unknown	no
SLC25A35	SLC25A35	SIMPLE_AND	INCONSISTENT	metabolic	no
MIR9-1HG	MIR9-1HG	SIMPLE_AND	INCONSISTENT	unknown	no
TTF1	TTF1	SIMPLE_AND	INCONSISTENT	unknown	no
OPRL1	OPRL1	BIVALENT	INCONSISTENT	unknown	no
PPDPF	PPDPF	SIMPLE_AND	BIVALENT	unknown	no
CHCHD5	CHCHD5	SIMPLE_AND	INCONSISTENT	unknown	no
INSIG2	INSIG2	SIMPLE_AND	INCONSISTENT	unknown	no
CCDC93	CCDC93	SIMPLE_AND	INCONSISTENT	unknown	no
ATG4C	ATG4C	SIMPLE_AND	INCONSISTENT	unknown	no
CD70	CD70	SIMPLE_AND	INCONSISTENT	unknown	no
C3	C3	SIMPLE_OR	SIMPLE_AND	unknown	no
SH2D3A	SH2D3A	SIMPLE_AND	INCONSISTENT	unknown	no
FOSB	FOSB	SIMPLE_AND	INCONSISTENT	transcription factor	no
OPA3	OPA3	REPRESSED	BIVALENT	unknown	no
RTN2	RTN2	BIVALENT	SIMPLE_AND	unknown	no
SYMPK	SYMPK	BIVALENT	SIMPLE_AND	unknown	no
GPCPD1	GPCPD1	SIMPLE_AND	INCONSISTENT	unknown	no
GNRH2	GNRH2	SIMPLE_AND	INCONSISTENT	unknown	no
FOXA2	FOXA2	REPRESSED	INCONSISTENT	transcription factor	no
GZF1	GZF1	SIMPLE_AND	INCONSISTENT	unknown	no
NAPB	NAPB	SIMPLE_AND	INCONSISTENT	unknown	no
DTD1	DTD1	SIMPLE_AND	INCONSISTENT	unknown	no
TMX4	TMX4	SIMPLE_AND	INCONSISTENT	unknown	no
STK35	STK35	SIMPLE_AND	INCONSISTENT	kinase/signaling	no
AP5S1	AP5S1	SIMPLE_AND	INCONSISTENT	unknown	no
RRBP1	RRBP1	SIMPLE_AND	BIVALENT	unknown	no
ZNF133	ZNF133	SIMPLE_AND	INCONSISTENT	transcription factor	no
OVOL2	OVOL2	REPRESSED	INCONSISTENT	unknown	no
MKKS	MKKS	SIMPLE_AND	INCONSISTENT	unknown	no
SNRPB2	SNRPB2	SIMPLE_AND	COMPLEX	unknown	no
TCF15	TCF15	REPRESSED	INCONSISTENT	unknown	no
TMEM74B	TMEM74B	REPRESSED	INCONSISTENT	unknown	no
FAM110A	FAM110A	SIMPLE_AND	INCONSISTENT	unknown	no
MRPS26	MRPS26	SIMPLE_AND	INCONSISTENT	unknown	no
CITED1	CITED1	REPRESSED	INCONSISTENT	unknown	no
ZNF436	ZNF436	SIMPLE_AND	INCONSISTENT	transcription factor	no
CHURC1-FNTB	CHURC1-FNTB	COMPLEX	INCONSISTENT	unknown	no
ARMCX5	ARMCX5	SIMPLE_AND	INCONSISTENT	unknown	no
MMP24	MMP24	REPRESSED	BIVALENT	unknown	no
ID1	ID1	BIVALENT	SIMPLE_AND	transcription factor	no
RALY	RALY	COMPLEX	SIMPLE_AND	unknown	no
AMOT	AMOT	SIMPLE_AND	INCONSISTENT	unknown	no
ST3GAL3	ST3GAL3	SIMPLE_AND	INCONSISTENT	unknown	no
TMEM53	TMEM53	SIMPLE_AND	INCONSISTENT	unknown	no
LRFN3	LRFN3	INCONSISTENT	BIVALENT	unknown	no
IGFLR1	IGFLR1	SIMPLE_AND	INCONSISTENT	unknown	no
KIRREL2	KIRREL2	BIVALENT	INCONSISTENT	unknown	no
HCST	HCST	SIMPLE_AND	INCONSISTENT	unknown	no
CCR7	CCR7	SIMPLE_AND	COMPLEX	unknown	yes
NR1D1	NR1D1	SIMPLE_AND	INCONSISTENT	unknown	no
PRRG2	PRRG2	SIMPLE_AND	INCONSISTENT	unknown	no
SCAF1	SCAF1	SIMPLE_AND	INCONSISTENT	unknown	no
PRR12	PRR12	SIMPLE_AND	INCONSISTENT	unknown	no
FLRT1	FLRT1	REPRESSED	INCONSISTENT	unknown	no
WNK4	WNK4	REPRESSED	SIMPLE_AND	kinase/signaling	no
GLIS2	GLIS2	BIVALENT	INCONSISTENT	transcription factor	no
AHDC1	AHDC1	SIMPLE_OR	SIMPLE_AND	unknown	no
IFI6	IFI6	SIMPLE_AND	INCONSISTENT	unknown	no
ELK1	ELK1	COMPLEX	SIMPLE_AND	transcription factor	no
ATG14	ATG14	SIMPLE_AND	INCONSISTENT	unknown	no
ZBTB1	ZBTB1	SIMPLE_AND	INCONSISTENT	transcription factor	no
TRMT5	TRMT5	SIMPLE_AND	INCONSISTENT	unknown	no
SGPP1	SGPP1	SIMPLE_AND	INCONSISTENT	unknown	no
AIF1L	AIF1L	REPRESSED	BIVALENT	unknown	no
ZNF484	ZNF484	SIMPLE_AND	INCONSISTENT	transcription factor	no
FGD3	FGD3	REPRESSED	BIVALENT	unknown	no
HIVEP3	HIVEP3	SIMPLE_AND	INCONSISTENT	unknown	no
PPCS	PPCS	SIMPLE_AND	COMPLEX	unknown	no
BCL11B	BCL11B	BIVALENT	INCONSISTENT	transcription factor	yes
COX7C	COX7C	COMPLEX	SIMPLE_AND	metabolic	no
TRAF2	TRAF2	SIMPLE_AND	SIMPLE_OR	unknown	no
ABHD8	ABHD8	SIMPLE_AND	INCONSISTENT	unknown	no
ATP13A4	ATP13A4	SIMPLE_AND	INCONSISTENT	unknown	no
PLAAT1	PLAAT1	REPRESSED	INCONSISTENT	unknown	no
HELB	HELB	SIMPLE_AND	INCONSISTENT	unknown	no
TSPAN8	TSPAN8	REPRESSED	BIVALENT	unknown	no
RAB3IP	RAB3IP	SIMPLE_AND	INCONSISTENT	unknown	no
IDUA	IDUA	SIMPLE_AND	INCONSISTENT	unknown	no
FGFRL1	FGFRL1	BIVALENT	SIMPLE_OR	unknown	no
EPS15L1	EPS15L1	SIMPLE_AND	COMPLEX	unknown	no
KLF2	KLF2	SIMPLE_AND	BIVALENT	transcription factor	no
F2RL3	F2RL3	INCONSISTENT	SIMPLE_AND	unknown	no
GFER	GFER	BIVALENT	SIMPLE_AND	unknown	no
WDR24	WDR24	SIMPLE_AND	INCONSISTENT	unknown	no
TICAM1	TICAM1	SIMPLE_AND	INCONSISTENT	unknown	no
METTL25	METTL25	SIMPLE_AND	INCONSISTENT	unknown	no
METTL16	METTL16	COMPLEX	SIMPLE_AND	unknown	no
PEX1	PEX1	SIMPLE_AND	INCONSISTENT	unknown	no
MTERF1	MTERF1	SIMPLE_AND	COMPLEX	unknown	no
SGCE	SGCE	SIMPLE_AND	INCONSISTENT	unknown	no
RBM48	RBM48	SIMPLE_AND	INCONSISTENT	unknown	no
CASD1	CASD1	SIMPLE_AND	INCONSISTENT	unknown	no
ZNF780B	ZNF780B	SIMPLE_AND	INCONSISTENT	transcription factor	no
LRFN1	LRFN1	SIMPLE_OR	INCONSISTENT	unknown	no
ZFP36	ZFP36	SIMPLE_AND	INCONSISTENT	transcription factor	no
SRD5A3	SRD5A3	INCONSISTENT	SIMPLE_AND	unknown	no
SPINK2	SPINK2	BIVALENT	INCONSISTENT	unknown	no
ADM2	ADM2	BIVALENT	INCONSISTENT	unknown	no
ASPHD2	ASPHD2	SIMPLE_AND	INCONSISTENT	unknown	no
A4GALT	A4GALT	COMPLEX	INCONSISTENT	unknown	no
CDC42EP1	CDC42EP1	REPRESSED	SIMPLE_AND	kinase/signaling	no
APOL2	APOL2	SIMPLE_AND	INCONSISTENT	unknown	no
LIF	LIF	BIVALENT	INCONSISTENT	unknown	no
APOBEC3F	APOBEC3F	SIMPLE_AND	INCONSISTENT	unknown	no
SPECC1	SPECC1	BIVALENT	SIMPLE_AND	unknown	yes
DOCK4	DOCK4	SIMPLE_AND	BIVALENT	unknown	no
PRKRIP1	PRKRIP1	SIMPLE_OR	SIMPLE_AND	unknown	no
VGF	VGF	BIVALENT	INCONSISTENT	unknown	no
IFT22	IFT22	SIMPLE_AND	INCONSISTENT	unknown	no
DNAJB9	DNAJB9	SIMPLE_AND	INCONSISTENT	unknown	no
FLNC	FLNC	REPRESSED	SIMPLE_AND	unknown	no
CCDC136	CCDC136	SIMPLE_OR	SIMPLE_AND	unknown	no
SMO	SMO	SIMPLE_OR	BIVALENT	unknown	yes
IRF5	IRF5	SIMPLE_AND	REPRESSED	transcription factor	no
HOXD1	HOXD1	REPRESSED	BIVALENT	transcription factor	no
OSGEPL1	OSGEPL1	SIMPLE_AND	INCONSISTENT	unknown	no
ORMDL1	ORMDL1	COMPLEX	INCONSISTENT	unknown	no
HERC2	HERC2	SIMPLE_AND	SIMPLE_OR	unknown	no
PSMG2	PSMG2	SIMPLE_OR	SIMPLE_AND	unknown	no
ARHGAP22	ARHGAP22	SIMPLE_AND	SIMPLE_OR	unknown	no
WDFY4	WDFY4	SIMPLE_AND	REPRESSED	unknown	no
CGNL1	CGNL1	REPRESSED	BIVALENT	unknown	no
TMOD2	TMOD2	SIMPLE_OR	INCONSISTENT	unknown	no
TTBK2	TTBK2	SIMPLE_AND	INCONSISTENT	unknown	no
ELL3	ELL3	SIMPLE_AND	INCONSISTENT	unknown	no
CCDC32	CCDC32	SIMPLE_AND	INCONSISTENT	unknown	no
DLL4	DLL4	BIVALENT	INCONSISTENT	unknown	no
CHAC1	CHAC1	SIMPLE_AND	INCONSISTENT	unknown	no
LOXL1	LOXL1	REPRESSED	BIVALENT	unknown	no
PSMA1	PSMA1	SIMPLE_OR	SIMPLE_AND	unknown	no
SERGEF	SERGEF	SIMPLE_AND	INCONSISTENT	unknown	no
KCNC1	KCNC1	REPRESSED	INCONSISTENT	unknown	no
E2F8	E2F8	SIMPLE_AND	INCONSISTENT	transcription factor	no
PIMREG	PIMREG	SIMPLE_AND	INCONSISTENT	unknown	no
PLD2	PLD2	SIMPLE_OR	INCONSISTENT	unknown	no
PHF20L1	PHF20L1	COMPLEX	SIMPLE_AND	chromatin regulator	no
DNAAF11	DNAAF11	BIVALENT	INCONSISTENT	unknown	no
MTUS1	MTUS1	REPRESSED	BIVALENT	unknown	no
ADCY4	ADCY4	REPRESSED	INCONSISTENT	unknown	no
RAB2B	RAB2B	SIMPLE_AND	INCONSISTENT	unknown	no
BCL2L2	BCL2L2	SIMPLE_AND	INCONSISTENT	unknown	no
AJUBA	AJUBA	BIVALENT	INCONSISTENT	unknown	no
PARP2	PARP2	SIMPLE_AND	INCONSISTENT	unknown	no
MIS18BP1	MIS18BP1	SIMPLE_AND	COMPLEX	unknown	no
NRL	NRL	SIMPLE_AND	INCONSISTENT	unknown	no
TEP1	TEP1	SIMPLE_AND	INCONSISTENT	unknown	no
EPB41L4A	EPB41L4A	BIVALENT	INCONSISTENT	unknown	no
FOXJ1	FOXJ1	REPRESSED	INCONSISTENT	transcription factor	no
RHBDF2	RHBDF2	SIMPLE_AND	INCONSISTENT	unknown	no
CDKN1C	CDKN1C	BIVALENT	SIMPLE_AND	unknown	no
CDH15	CDH15	REPRESSED	INCONSISTENT	structural/other	no
GAMT	GAMT	SIMPLE_OR	SIMPLE_AND	unknown	no
GNL3L	GNL3L	SIMPLE_AND	COMPLEX	unknown	no
DOCK6	DOCK6	SIMPLE_OR	INCONSISTENT	unknown	no
NECTIN2	NECTIN2	BIVALENT	SIMPLE_AND	unknown	no
APOC1	APOC1	INCONSISTENT	SIMPLE_AND	unknown	no
GADD45G	GADD45G	BIVALENT	INCONSISTENT	unknown	no
ATP8B3	ATP8B3	SIMPLE_AND	INCONSISTENT	unknown	no
GDF1	GDF1	REPRESSED	INCONSISTENT	unknown	no
SLC27A1	SLC27A1	SIMPLE_AND	INCONSISTENT	metabolic	no
DDA1	DDA1	SIMPLE_AND	INCONSISTENT	unknown	no
RTN4IP1	RTN4IP1	SIMPLE_AND	INCONSISTENT	unknown	no
MTRES1	MTRES1	SIMPLE_AND	INCONSISTENT	unknown	no
RSPH3	RSPH3	SIMPLE_AND	INCONSISTENT	unknown	no
AFDN	AFDN	BIVALENT	SIMPLE_AND	unknown	yes
STK33	STK33	SIMPLE_AND	REPRESSED	kinase/signaling	no
UNC13A	UNC13A	REPRESSED	INCONSISTENT	unknown	no
ZNF557	ZNF557	SIMPLE_AND	INCONSISTENT	transcription factor	no
HELZ2	HELZ2	SIMPLE_AND	INCONSISTENT	unknown	no
SAMD10	SAMD10	SIMPLE_AND	INCONSISTENT	unknown	no
TUBGCP2	TUBGCP2	REPRESSED	SIMPLE_OR	unknown	no
CALY	CALY	COMPLEX	INCONSISTENT	unknown	no
CYP2E1	CYP2E1	SIMPLE_OR	INCONSISTENT	metabolic	no
PNPLA7	PNPLA7	SIMPLE_AND	INCONSISTENT	unknown	no
ZNF337	ZNF337	SIMPLE_AND	INCONSISTENT	transcription factor	no
LAMA5	LAMA5	BIVALENT	SIMPLE_AND	structural/other	no
POMT1	POMT1	SIMPLE_AND	INCONSISTENT	unknown	no
EIF2S3	EIF2S3	SIMPLE_AND	SIMPLE_OR	unknown	no
TMEM160	TMEM160	INCONSISTENT	SIMPLE_AND	unknown	no
NPAS1	NPAS1	BIVALENT	INCONSISTENT	unknown	no
MAP3K10	MAP3K10	SIMPLE_AND	INCONSISTENT	kinase/signaling	no
THEMIS2	THEMIS2	SIMPLE_AND	INCONSISTENT	unknown	no
HIP1R	HIP1R	BIVALENT	INCONSISTENT	unknown	no
ANGPTL6	ANGPTL6	SIMPLE_AND	INCONSISTENT	unknown	no
SHFL	SHFL	SIMPLE_AND	INCONSISTENT	unknown	no
ZNF426	ZNF426	COMPLEX	SIMPLE_AND	transcription factor	no
PLXNA3	PLXNA3	SIMPLE_AND	INCONSISTENT	unknown	no
DUSP9	DUSP9	REPRESSED	INCONSISTENT	unknown	no
MPP1	MPP1	SIMPLE_OR	SIMPLE_AND	unknown	no
ZNF331	ZNF331	COMPLEX	INCONSISTENT	transcription factor	yes
LRP3	LRP3	SIMPLE_AND	INCONSISTENT	unknown	no
SLC35D2	SLC35D2	SIMPLE_AND	INCONSISTENT	unknown	no
POLN	POLN	SIMPLE_AND	INCONSISTENT	unknown	no
ULBP2	ULBP2	BIVALENT	INCONSISTENT	unknown	no
AKAP12	AKAP12	REPRESSED	BIVALENT	unknown	no
ULBP3	ULBP3	BIVALENT	INCONSISTENT	unknown	no
ZNF341	ZNF341	SIMPLE_AND	INCONSISTENT	transcription factor	no
GGT7	GGT7	SIMPLE_OR	INCONSISTENT	unknown	no
ACSS2	ACSS2	SIMPLE_OR	SIMPLE_AND	unknown	no
PYY	PYY	BIVALENT	INCONSISTENT	unknown	no
ZNF227	ZNF227	COMPLEX	INCONSISTENT	transcription factor	no
ZNF428	ZNF428	SIMPLE_AND	INCONSISTENT	transcription factor	no
GSE1	GSE1	REPRESSED	SIMPLE_AND	unknown	no
SH3BGRL	SH3BGRL	COMPLEX	SIMPLE_AND	unknown	no
SLC34A1	SLC34A1	SIMPLE_OR	INCONSISTENT	metabolic	no
PRR7	PRR7	SIMPLE_AND	INCONSISTENT	unknown	no
NFATC1	NFATC1	BIVALENT	INCONSISTENT	transcription factor	no
RAB11FIP4	RAB11FIP4	REPRESSED	SIMPLE_OR	unknown	no
RFTN1	RFTN1	SIMPLE_AND	BIVALENT	unknown	no
SLC6A6	SLC6A6	BIVALENT	SIMPLE_AND	metabolic	no
KCNC3	KCNC3	INCONSISTENT	SIMPLE_AND	unknown	no
NAPSA	NAPSA	SIMPLE_AND	INCONSISTENT	unknown	no
NR1H2	NR1H2	BIVALENT	SIMPLE_AND	unknown	no
PDLIM4	PDLIM4	REPRESSED	SIMPLE_AND	unknown	no
KIF3A	KIF3A	SIMPLE_AND	INCONSISTENT	unknown	no
GFPT2	GFPT2	REPRESSED	INCONSISTENT	unknown	no
PSMC3IP	PSMC3IP	SIMPLE_AND	INCONSISTENT	unknown	no
NDFIP1	NDFIP1	BIVALENT	SIMPLE_AND	unknown	no
C1orf159	C1orf159	SIMPLE_OR	BIVALENT	unknown	no
ANO1	ANO1	REPRESSED	INCONSISTENT	unknown	no
PPFIA1	PPFIA1	SIMPLE_AND	BIVALENT	unknown	no
KREMEN2	KREMEN2	SIMPLE_OR	INCONSISTENT	unknown	no
NINJ1	NINJ1	SIMPLE_AND	INCONSISTENT	unknown	no
MAP1B	MAP1B	INCONSISTENT	SIMPLE_AND	unknown	no
IL13RA1	IL13RA1	SIMPLE_OR	INCONSISTENT	unknown	no
PRKAB2	PRKAB2	SIMPLE_AND	INCONSISTENT	kinase/signaling	no
CLUHP3	CLUHP3	SIMPLE_AND	INCONSISTENT	unknown	no
ZNF304	ZNF304	SIMPLE_AND	INCONSISTENT	transcription factor	no
ZSCAN5A	ZSCAN5A	COMPLEX	INCONSISTENT	unknown	no
SELENOS	SELENOS	SIMPLE_AND	INCONSISTENT	unknown	no
LLGL1	LLGL1	SIMPLE_OR	INCONSISTENT	unknown	no
THAP1	THAP1	SIMPLE_AND	INCONSISTENT	unknown	no
RHPN2	RHPN2	SIMPLE_OR	INCONSISTENT	unknown	no
C19orf12	C19orf12	SIMPLE_AND	INCONSISTENT	unknown	no
FAAP24	FAAP24	SIMPLE_AND	INCONSISTENT	unknown	no
LRRC9	LRRC9	BIVALENT	INCONSISTENT	unknown	no
GCH1	GCH1	SIMPLE_AND	INCONSISTENT	unknown	no
ZSWIM4	ZSWIM4	SIMPLE_AND	INCONSISTENT	unknown	no
FBXW9	FBXW9	COMPLEX	INCONSISTENT	unknown	no
RFX1	RFX1	SIMPLE_AND	INCONSISTENT	unknown	no
ZNF20	ZNF20	SIMPLE_AND	INCONSISTENT	transcription factor	no
BRME1	BRME1	SIMPLE_AND	INCONSISTENT	unknown	no
CC2D1A	CC2D1A	SIMPLE_AND	INCONSISTENT	unknown	no
RTBDN	RTBDN	BIVALENT	INCONSISTENT	unknown	no
TRIM21	TRIM21	SIMPLE_AND	INCONSISTENT	unknown	no
PPARG	PPARG	BIVALENT	REPRESSED	transcription factor	yes
FCRLA	FCRLA	SIMPLE_AND	INCONSISTENT	unknown	no
ENOSF1	ENOSF1	INCONSISTENT	SIMPLE_AND	unknown	no
PER2	PER2	SIMPLE_AND	INCONSISTENT	unknown	no
RAMP1	RAMP1	REPRESSED	INCONSISTENT	unknown	no
EEFSEC	EEFSEC	SIMPLE_AND	INCONSISTENT	unknown	no
TBC1D14	TBC1D14	BIVALENT	SIMPLE_AND	unknown	no
TMEM128	TMEM128	SIMPLE_AND	INCONSISTENT	unknown	no
COQ3	COQ3	SIMPLE_AND	INCONSISTENT	unknown	no
POPDC3	POPDC3	REPRESSED	INCONSISTENT	unknown	no
LANCL2	LANCL2	SIMPLE_AND	INCONSISTENT	unknown	no
GRSF1	GRSF1	COMPLEX	SIMPLE_AND	unknown	no
UTP3	UTP3	SIMPLE_AND	INCONSISTENT	unknown	no
ITGB4	ITGB4	INCONSISTENT	BIVALENT	structural/other	no
UNK	UNK	SIMPLE_AND	INCONSISTENT	unknown	no
TRIM47	TRIM47	BIVALENT	INCONSISTENT	unknown	no
KDM6B	KDM6B	SIMPLE_AND	INCONSISTENT	chromatin regulator	no
XAF1	XAF1	SIMPLE_AND	INCONSISTENT	unknown	no
DLG4	DLG4	SIMPLE_AND	INCONSISTENT	unknown	no
RIDA	RIDA	INCONSISTENT	SIMPLE_AND	unknown	no
MATN2	MATN2	REPRESSED	BIVALENT	unknown	no
REEP2	REEP2	SIMPLE_OR	INCONSISTENT	unknown	no
PCBD2	PCBD2	SIMPLE_AND	INCONSISTENT	unknown	no
PCED1A	PCED1A	SIMPLE_AND	INCONSISTENT	unknown	no
BTBD3	BTBD3	SIMPLE_OR	INCONSISTENT	unknown	no
POLR3F	POLR3F	SIMPLE_AND	INCONSISTENT	unknown	no
NES	NES	REPRESSED	INCONSISTENT	unknown	no
ARHGEF11	ARHGEF11	BIVALENT	INCONSISTENT	unknown	no
SYT11	SYT11	SIMPLE_AND	INCONSISTENT	unknown	no
TESMIN	TESMIN	INCONSISTENT	SIMPLE_AND	unknown	no
TOE1	TOE1	SIMPLE_AND	COMPLEX	unknown	no
MUTYH	MUTYH	SIMPLE_AND	INCONSISTENT	unknown	yes
ZSWIM3	ZSWIM3	SIMPLE_AND	INCONSISTENT	unknown	no
PPP1R3D	PPP1R3D	SIMPLE_AND	INCONSISTENT	unknown	no
FBXO44	FBXO44	SIMPLE_OR	INCONSISTENT	unknown	no
ATP8A2	ATP8A2	REPRESSED	INCONSISTENT	unknown	no
MTUS2	MTUS2	REPRESSED	INCONSISTENT	unknown	no
ZMYM5	ZMYM5	SIMPLE_AND	INCONSISTENT	unknown	no
USPL1	USPL1	SIMPLE_AND	INCONSISTENT	unknown	no
WASF3	WASF3	REPRESSED	INCONSISTENT	unknown	no
MYH10	MYH10	SIMPLE_OR	SIMPLE_AND	structural/other	no
PIK3C2B	PIK3C2B	SIMPLE_AND	BIVALENT	unknown	no
DSTYK	DSTYK	SIMPLE_AND	INCONSISTENT	unknown	no
CHIT1	CHIT1	SIMPLE_AND	INCONSISTENT	unknown	no
SLC41A1	SLC41A1	BIVALENT	SIMPLE_AND	metabolic	no
TMCC2	TMCC2	BIVALENT	INCONSISTENT	unknown	no
CCNA1	CCNA1	BIVALENT	INCONSISTENT	unknown	no
COG6	COG6	SIMPLE_AND	INCONSISTENT	unknown	no
RFXAP	RFXAP	SIMPLE_AND	INCONSISTENT	unknown	no
TBC1D8B	TBC1D8B	SIMPLE_OR	INCONSISTENT	unknown	no
EPHB2	EPHB2	COMPLEX	BIVALENT	kinase/signaling	no
BTBD2	BTBD2	REPRESSED	COMPLEX	unknown	no
MACROD1	MACROD1	SIMPLE_AND	COMPLEX	unknown	no
SLC2A11	SLC2A11	SIMPLE_AND	INCONSISTENT	metabolic	no
C1QTNF6	C1QTNF6	SIMPLE_AND	INCONSISTENT	unknown	no
GIMAP4	GIMAP4	INCONSISTENT	REPRESSED	unknown	no
KRBA1	KRBA1	SIMPLE_AND	INCONSISTENT	unknown	no
ZNF767P	ZNF767P	SIMPLE_AND	INCONSISTENT	transcription factor	no
ACTR3B	ACTR3B	COMPLEX	SIMPLE_AND	unknown	no
TMEM254	TMEM254	SIMPLE_AND	INCONSISTENT	unknown	no
LRRCC1	LRRCC1	SIMPLE_AND	INCONSISTENT	unknown	no
E2F5	E2F5	SIMPLE_AND	INCONSISTENT	transcription factor	no
AMPD3	AMPD3	COMPLEX	SIMPLE_OR	unknown	no
TEX15	TEX15	SIMPLE_OR	COMPLEX	unknown	no
RNF122	RNF122	SIMPLE_AND	INCONSISTENT	unknown	no
DPF2	DPF2	COMPLEX	SIMPLE_AND	unknown	no
ERG28	ERG28	SIMPLE_AND	INCONSISTENT	unknown	no
UNC79	UNC79	SIMPLE_AND	INCONSISTENT	unknown	no
VRTN	VRTN	COMPLEX	INCONSISTENT	unknown	no
COX16	COX16	SIMPLE_AND	INCONSISTENT	metabolic	no
TTC9	TTC9	SIMPLE_AND	BIVALENT	unknown	no
PEBP4	PEBP4	INCONSISTENT	BIVALENT	unknown	no
CTIF	CTIF	SIMPLE_OR	INCONSISTENT	unknown	no
IER3IP1	IER3IP1	SIMPLE_AND	INCONSISTENT	unknown	no
IRAK2	IRAK2	SIMPLE_AND	INCONSISTENT	unknown	no
VHL	VHL	COMPLEX	SIMPLE_AND	unknown	yes
MEIS2	MEIS2	SIMPLE_AND	INCONSISTENT	transcription factor	no
GSTM3	GSTM3	REPRESSED	INCONSISTENT	metabolic	no
PTPN22	PTPN22	SIMPLE_AND	INCONSISTENT	unknown	no
SORT1	SORT1	BIVALENT	SIMPLE_AND	unknown	no
WNT2B	WNT2B	SIMPLE_AND	INCONSISTENT	unknown	no
PTGFRN	PTGFRN	BIVALENT	SIMPLE_AND	unknown	no
TRIM45	TRIM45	BIVALENT	INCONSISTENT	unknown	no
TMEM106C	TMEM106C	SIMPLE_AND	BIVALENT	unknown	no
PLEKHA8P1	PLEKHA8P1	SIMPLE_AND	INCONSISTENT	unknown	no
KIDINS220	KIDINS220	SIMPLE_OR	SIMPLE_AND	unknown	no
GRHL1	GRHL1	BIVALENT	INCONSISTENT	transcription factor	no
CMPK2	CMPK2	SIMPLE_AND	INCONSISTENT	unknown	no
NAV1	NAV1	REPRESSED	BIVALENT	unknown	no
IL2RA	IL2RA	SIMPLE_OR	REPRESSED	unknown	no
ECHDC3	ECHDC3	SIMPLE_OR	INCONSISTENT	unknown	no
KCTD1	KCTD1	BIVALENT	INCONSISTENT	unknown	no
CABLES1	CABLES1	SIMPLE_AND	BIVALENT	unknown	no
DDB2	DDB2	SIMPLE_AND	INCONSISTENT	unknown	yes
ACP2	ACP2	COMPLEX	SIMPLE_AND	unknown	no
RTL8C	RTL8C	INCONSISTENT	SIMPLE_AND	unknown	no
RAB33A	RAB33A	SIMPLE_AND	INCONSISTENT	unknown	no
RBMX2	RBMX2	SIMPLE_AND	INCONSISTENT	unknown	no
FHOD3	FHOD3	BIVALENT	INCONSISTENT	unknown	no
DAGLA	DAGLA	BIVALENT	INCONSISTENT	unknown	no
PDGFRA	PDGFRA	BIVALENT	REPRESSED	kinase/signaling	yes
GGACT	GGACT	SIMPLE_AND	INCONSISTENT	unknown	no
ARGLU1	ARGLU1	SIMPLE_AND	INCONSISTENT	unknown	no
BIVM	BIVM	SIMPLE_AND	INCONSISTENT	unknown	no
POGLUT2	POGLUT2	SIMPLE_AND	INCONSISTENT	unknown	no
NAA35	NAA35	COMPLEX	SIMPLE_AND	unknown	no
C9orf40	C9orf40	SIMPLE_AND	INCONSISTENT	unknown	no
CTSL	CTSL	REPRESSED	SIMPLE_AND	unknown	no
AGTPBP1	AGTPBP1	SIMPLE_AND	INCONSISTENT	unknown	no
GOLM1	GOLM1	SIMPLE_OR	BIVALENT	unknown	no
ISCA1	ISCA1	SIMPLE_AND	INCONSISTENT	unknown	no
ADAM19	ADAM19	SIMPLE_AND	INCONSISTENT	unknown	no
HAVCR2	HAVCR2	SIMPLE_AND	INCONSISTENT	unknown	no
MSI1	MSI1	REPRESSED	BIVALENT	unknown	no
TBX3	TBX3	REPRESSED	BIVALENT	transcription factor	yes
OASL	OASL	SIMPLE_AND	REPRESSED	unknown	no
HRK	HRK	REPRESSED	BIVALENT	unknown	no
RNFT2	RNFT2	SIMPLE_AND	BIVALENT	unknown	no
P2RX4	P2RX4	SIMPLE_AND	INCONSISTENT	unknown	no
BICDL1	BICDL1	SIMPLE_OR	INCONSISTENT	unknown	no
TMEM243	TMEM243	SIMPLE_AND	BIVALENT	unknown	no
CCDC146	CCDC146	SIMPLE_OR	INCONSISTENT	unknown	no
ADGRB3	ADGRB3	BIVALENT	INCONSISTENT	unknown	no
ANKRD6	ANKRD6	SIMPLE_OR	BIVALENT	unknown	no
KHDC1	KHDC1	SIMPLE_AND	INCONSISTENT	unknown	no
CEP162	CEP162	SIMPLE_AND	INCONSISTENT	unknown	no
SYNCRIP	SYNCRIP	SIMPLE_AND	COMPLEX	unknown	no
NT5E	NT5E	SIMPLE_AND	REPRESSED	unknown	no
MRAP2	MRAP2	INCONSISTENT	SIMPLE_AND	unknown	no
LCA5	LCA5	SIMPLE_AND	INCONSISTENT	unknown	no
LMO2	LMO2	INCONSISTENT	SIMPLE_AND	unknown	yes
PRRG4	PRRG4	SIMPLE_AND	REPRESSED	unknown	no
PRPH	PRPH	REPRESSED	INCONSISTENT	unknown	no
GDF11	GDF11	SIMPLE_OR	INCONSISTENT	unknown	no
GLS2	GLS2	SIMPLE_OR	BIVALENT	metabolic	no
ITGA7	ITGA7	SIMPLE_AND	INCONSISTENT	structural/other	no
TESPA1	TESPA1	SIMPLE_AND	INCONSISTENT	unknown	no
AGAP2	AGAP2	SIMPLE_AND	INCONSISTENT	unknown	no
B4GALNT1	B4GALNT1	BIVALENT	INCONSISTENT	unknown	no
COQ10A	COQ10A	SIMPLE_AND	INCONSISTENT	unknown	no
ZC3H10	ZC3H10	SIMPLE_AND	INCONSISTENT	unknown	no
SLC26A10P	SLC26A10P	REPRESSED	INCONSISTENT	unknown	no
ACVR1B	ACVR1B	BIVALENT	INCONSISTENT	unknown	no
MAP7	MAP7	BIVALENT	INCONSISTENT	unknown	no
NHSL1	NHSL1	SIMPLE_OR	BIVALENT	unknown	no
HEY2	HEY2	INCONSISTENT	BIVALENT	transcription factor	no
PKIB	PKIB	SIMPLE_AND	INCONSISTENT	unknown	no
STX11	STX11	SIMPLE_AND	BIVALENT	unknown	no
TEC	TEC	SIMPLE_AND	INCONSISTENT	kinase/signaling	yes
SEMA4F	SEMA4F	SIMPLE_OR	BIVALENT	unknown	no
EGR4	EGR4	BIVALENT	INCONSISTENT	transcription factor	no
DYSF	DYSF	REPRESSED	INCONSISTENT	unknown	no
CCDC142	CCDC142	SIMPLE_AND	INCONSISTENT	unknown	no
MPHOSPH6	MPHOSPH6	SIMPLE_AND	BIVALENT	unknown	no
KIAA0513	KIAA0513	SIMPLE_AND	INCONSISTENT	unknown	no
FBXL8	FBXL8	SIMPLE_AND	INCONSISTENT	unknown	no
CCDC102A	CCDC102A	SIMPLE_AND	INCONSISTENT	unknown	no
ZNF670-ZNF695	ZNF670-ZNF695	COMPLEX	INCONSISTENT	transcription factor	no
PCNX2	PCNX2	SIMPLE_OR	INCONSISTENT	unknown	no
STX6	STX6	SIMPLE_AND	INCONSISTENT	unknown	no
RNASEL	RNASEL	SIMPLE_AND	INCONSISTENT	unknown	no
NPL	NPL	SIMPLE_OR	INCONSISTENT	unknown	no
NIBAN1	NIBAN1	SIMPLE_AND	INCONSISTENT	unknown	no
LAMC1	LAMC1	SIMPLE_AND	BIVALENT	structural/other	no
ITM2C	ITM2C	SIMPLE_AND	SIMPLE_OR	unknown	no
SERPINE2	SERPINE2	BIVALENT	INCONSISTENT	unknown	no
DNAJB2	DNAJB2	SIMPLE_AND	INCONSISTENT	unknown	no
ARMC9	ARMC9	SIMPLE_AND	INCONSISTENT	unknown	no
TSGA10	TSGA10	SIMPLE_AND	INCONSISTENT	unknown	no
MFSD9	MFSD9	SIMPLE_AND	INCONSISTENT	unknown	no
C2orf49	C2orf49	SIMPLE_AND	INCONSISTENT	unknown	no
ANKRD36	ANKRD36	SIMPLE_AND	INCONSISTENT	unknown	no
EPC2	EPC2	SIMPLE_AND	BIVALENT	unknown	no
CKAP4	CKAP4	SIMPLE_AND	INCONSISTENT	unknown	no
PLXNC1	PLXNC1	SIMPLE_AND	REPRESSED	unknown	no
APPL2	APPL2	SIMPLE_OR	INCONSISTENT	unknown	no
DRAM1	DRAM1	SIMPLE_AND	INCONSISTENT	unknown	no
SLC41A2	SLC41A2	SIMPLE_AND	BIVALENT	metabolic	no
NEK3	NEK3	SIMPLE_AND	INCONSISTENT	kinase/signaling	no
TBC1D4	TBC1D4	SIMPLE_AND	INCONSISTENT	unknown	no
BORA	BORA	SIMPLE_AND	INCONSISTENT	unknown	no
LRCH1	LRCH1	SIMPLE_AND	INCONSISTENT	unknown	no
RCBTB1	RCBTB1	SIMPLE_AND	INCONSISTENT	unknown	no
PHF11	PHF11	SIMPLE_AND	INCONSISTENT	chromatin regulator	no
ITM2B	ITM2B	BIVALENT	SIMPLE_AND	unknown	no
SPRY2	SPRY2	SIMPLE_AND	INCONSISTENT	unknown	no
NUDT15	NUDT15	SIMPLE_AND	INCONSISTENT	unknown	no
RCBTB2	RCBTB2	SIMPLE_AND	INCONSISTENT	unknown	no
SETDB2	SETDB2	SIMPLE_AND	INCONSISTENT	chromatin regulator	no
SCRN1	SCRN1	SIMPLE_AND	INCONSISTENT	unknown	no
C7orf25	C7orf25	SIMPLE_AND	INCONSISTENT	unknown	no
CHST12	CHST12	SIMPLE_AND	INCONSISTENT	unknown	no
IL6	IL6	REPRESSED	INCONSISTENT	unknown	no
BZW2	BZW2	BIVALENT	SIMPLE_AND	unknown	no
NACAD	NACAD	REPRESSED	INCONSISTENT	unknown	no
MYO1G	MYO1G	SIMPLE_AND	INCONSISTENT	unknown	no
TTYH3	TTYH3	SIMPLE_AND	INCONSISTENT	unknown	no
TTC5	TTC5	SIMPLE_OR	INCONSISTENT	unknown	no
ZFHX2	ZFHX2	SIMPLE_AND	INCONSISTENT	unknown	no
CIB2	CIB2	INCONSISTENT	SIMPLE_AND	unknown	no
MYCBPAP	MYCBPAP	SIMPLE_AND	REPRESSED	unknown	no
LIMD2	LIMD2	SIMPLE_AND	INCONSISTENT	unknown	no
TBR1	TBR1	REPRESSED	BIVALENT	unknown	no
HLX	HLX	BIVALENT	INCONSISTENT	unknown	no
IL10	IL10	INCONSISTENT	REPRESSED	unknown	no
HS6ST1	HS6ST1	SIMPLE_AND	INCONSISTENT	unknown	no
ABI1	ABI1	SIMPLE_AND	BIVALENT	unknown	yes
SMC2	SMC2	COMPLEX	SIMPLE_AND	unknown	no
KLF4	KLF4	BIVALENT	INCONSISTENT	transcription factor	yes
RALGPS1	RALGPS1	SIMPLE_AND	INCONSISTENT	unknown	no
SLC2A8	SLC2A8	SIMPLE_AND	INCONSISTENT	metabolic	no
ANGPTL2	ANGPTL2	SIMPLE_OR	REPRESSED	unknown	no
ZFP37	ZFP37	COMPLEX	INCONSISTENT	transcription factor	no
ZNF189	ZNF189	SIMPLE_AND	INCONSISTENT	transcription factor	no
ALDOB	ALDOB	BIVALENT	INCONSISTENT	metabolic	no
GARNL3	GARNL3	SIMPLE_AND	INCONSISTENT	unknown	no
MRPL50	MRPL50	SIMPLE_AND	INCONSISTENT	unknown	no
GABBR2	GABBR2	REPRESSED	BIVALENT	unknown	no
PSMB7	PSMB7	SIMPLE_AND	COMPLEX	unknown	no
TRMO	TRMO	SIMPLE_AND	INCONSISTENT	unknown	no
XPA	XPA	SIMPLE_AND	INCONSISTENT	unknown	yes
PDCL	PDCL	SIMPLE_AND	INCONSISTENT	unknown	no
DSCC1	DSCC1	SIMPLE_AND	INCONSISTENT	unknown	no
RANBP6	RANBP6	SIMPLE_AND	INCONSISTENT	unknown	no
IL11RA	IL11RA	SIMPLE_OR	INCONSISTENT	unknown	no
RNF38	RNF38	SIMPLE_AND	INCONSISTENT	unknown	no
DNAJB5	DNAJB5	SIMPLE_AND	INCONSISTENT	unknown	no
SPAG8	SPAG8	SIMPLE_AND	INCONSISTENT	unknown	no
DCTN3	DCTN3	BIVALENT	SIMPLE_AND	unknown	no
CD72	CD72	SIMPLE_AND	INCONSISTENT	unknown	no
TMEM8B	TMEM8B	SIMPLE_AND	INCONSISTENT	unknown	no
HINT2	HINT2	SIMPLE_AND	INCONSISTENT	unknown	no
FOXP4	FOXP4	SIMPLE_AND	INCONSISTENT	transcription factor	no
KIF13A	KIF13A	BIVALENT	SIMPLE_AND	unknown	no
GMPR	GMPR	BIVALENT	SIMPLE_AND	unknown	no
TFAP2A	TFAP2A	REPRESSED	BIVALENT	transcription factor	no
FRS3	FRS3	SIMPLE_AND	INCONSISTENT	unknown	no
IRF4	IRF4	SIMPLE_AND	REPRESSED	transcription factor	yes
SLC22A23	SLC22A23	BIVALENT	INCONSISTENT	metabolic	no
LRRC1	LRRC1	BIVALENT	REPRESSED	unknown	no
RIPK1	RIPK1	SIMPLE_OR	SIMPLE_AND	kinase/signaling	no
TUBB2B	TUBB2B	REPRESSED	BIVALENT	structural/other	no
IER3	IER3	SIMPLE_AND	INCONSISTENT	unknown	no
PGBD1	PGBD1	SIMPLE_OR	INCONSISTENT	unknown	no
ATAT1	ATAT1	SIMPLE_AND	INCONSISTENT	unknown	no
CPEB2	CPEB2	SIMPLE_AND	INCONSISTENT	unknown	no
FHDC1	FHDC1	BIVALENT	INCONSISTENT	unknown	no
TLR2	TLR2	BIVALENT	REPRESSED	unknown	no
TTC29	TTC29	BIVALENT	INCONSISTENT	unknown	no
THAP12	THAP12	SIMPLE_OR	SIMPLE_AND	unknown	no
ANKRD42	ANKRD42	SIMPLE_AND	INCONSISTENT	unknown	no
IL18BP	IL18BP	SIMPLE_AND	INCONSISTENT	unknown	no
SYTL2	SYTL2	REPRESSED	BIVALENT	unknown	no
RAB30	RAB30	SIMPLE_AND	INCONSISTENT	unknown	no
LRRC32	LRRC32	BIVALENT	INCONSISTENT	unknown	no
SLCO5A1	SLCO5A1	SIMPLE_AND	REPRESSED	unknown	no
SDCBP	SDCBP	BIVALENT	SIMPLE_AND	unknown	no
NEK1	NEK1	SIMPLE_AND	INCONSISTENT	kinase/signaling	no
DDX60	DDX60	SIMPLE_AND	INCONSISTENT	unknown	no
SORL1	SORL1	SIMPLE_AND	REPRESSED	unknown	no
BTG4	BTG4	REPRESSED	BIVALENT	unknown	no
FDX1	FDX1	SIMPLE_AND	INCONSISTENT	unknown	no
C11orf1	C11orf1	SIMPLE_AND	INCONSISTENT	unknown	no
FXYD6	FXYD6	REPRESSED	BIVALENT	unknown	no
ARHGAP20	ARHGAP20	REPRESSED	INCONSISTENT	unknown	no
ALKBH8	ALKBH8	SIMPLE_AND	INCONSISTENT	unknown	no
THBS1	THBS1	BIVALENT	COMPLEX	unknown	no
MAPKBP1	MAPKBP1	SIMPLE_AND	INCONSISTENT	kinase/signaling	no
PAQR5	PAQR5	REPRESSED	BIVALENT	unknown	no
ITPKA	ITPKA	BIVALENT	SIMPLE_AND	unknown	no
SMAD6	SMAD6	BIVALENT	SIMPLE_AND	unknown	no
PLCB2	PLCB2	SIMPLE_AND	INCONSISTENT	unknown	no
TMEM62	TMEM62	SIMPLE_OR	INCONSISTENT	unknown	no
ZNF280D	ZNF280D	COMPLEX	INCONSISTENT	transcription factor	no
GCOM1	GCOM1	REPRESSED	INCONSISTENT	unknown	no
GCHFR	GCHFR	SIMPLE_AND	INCONSISTENT	unknown	no
BCAR3	BCAR3	SIMPLE_AND	INCONSISTENT	unknown	no
FNBP1L	FNBP1L	BIVALENT	INCONSISTENT	unknown	no
DBT	DBT	SIMPLE_AND	INCONSISTENT	unknown	no
RTCA	RTCA	SIMPLE_AND	COMPLEX	unknown	no
IFT172	IFT172	SIMPLE_OR	SIMPLE_AND	unknown	no
HADHB	HADHB	COMPLEX	SIMPLE_AND	unknown	no
KHK	KHK	SIMPLE_AND	INCONSISTENT	unknown	no
THUMPD2	THUMPD2	SIMPLE_AND	INCONSISTENT	unknown	no
DTNB	DTNB	SIMPLE_OR	BIVALENT	unknown	no
MFSD13A	MFSD13A	SIMPLE_OR	INCONSISTENT	unknown	no
LOXL4	LOXL4	REPRESSED	INCONSISTENT	unknown	no
CH25H	CH25H	BIVALENT	REPRESSED	unknown	no
ARL3	ARL3	SIMPLE_AND	INCONSISTENT	unknown	no
CEP55	CEP55	SIMPLE_AND	INCONSISTENT	unknown	no
DBR1	DBR1	SIMPLE_AND	INCONSISTENT	unknown	no
FAM149B1	FAM149B1	SIMPLE_AND	INCONSISTENT	unknown	no
TET1	TET1	SIMPLE_OR	SIMPLE_AND	chromatin regulator	yes
CARF	CARF	SIMPLE_AND	INCONSISTENT	unknown	no
PPIG	PPIG	SIMPLE_AND	COMPLEX	unknown	no
CIR1	CIR1	SIMPLE_AND	INCONSISTENT	unknown	no
FAM117B	FAM117B	SIMPLE_AND	INCONSISTENT	unknown	no
SLC40A1	SLC40A1	REPRESSED	SIMPLE_AND	metabolic	no
SLC49A4	SLC49A4	SIMPLE_AND	INCONSISTENT	metabolic	no
SENP7	SENP7	SIMPLE_AND	INCONSISTENT	unknown	no
COX17	COX17	SIMPLE_AND	INCONSISTENT	metabolic	no
PARP9	PARP9	SIMPLE_AND	INCONSISTENT	unknown	no
SECISBP2L	SECISBP2L	SIMPLE_AND	INCONSISTENT	unknown	no
GLCE	GLCE	BIVALENT	INCONSISTENT	unknown	no
SHF	SHF	SIMPLE_AND	INCONSISTENT	unknown	no
APH1B	APH1B	SIMPLE_AND	INCONSISTENT	unknown	no
PPCDC	PPCDC	SIMPLE_AND	INCONSISTENT	unknown	no
SEMA7A	SEMA7A	SIMPLE_AND	INCONSISTENT	unknown	no
ARHGAP24	ARHGAP24	SIMPLE_AND	INCONSISTENT	unknown	no
FAM13A	FAM13A	SIMPLE_AND	BIVALENT	unknown	no
HERC3	HERC3	BIVALENT	INCONSISTENT	unknown	no
HERC6	HERC6	SIMPLE_AND	INCONSISTENT	unknown	no
FGF5	FGF5	BIVALENT	INCONSISTENT	unknown	no
GPAT3	GPAT3	SIMPLE_OR	INCONSISTENT	unknown	no
BBS7	BBS7	SIMPLE_OR	INCONSISTENT	unknown	no
PDE5A	PDE5A	BIVALENT	INCONSISTENT	unknown	no
CCNG2	CCNG2	SIMPLE_AND	INCONSISTENT	unknown	no
ANXA3	ANXA3	BIVALENT	INCONSISTENT	unknown	no
GSTCD	GSTCD	COMPLEX	SIMPLE_AND	unknown	no
LEF1	LEF1	BIVALENT	SIMPLE_AND	transcription factor	yes
PPP3CA	PPP3CA	SIMPLE_AND	INCONSISTENT	unknown	no
MAPK8IP3	MAPK8IP3	SIMPLE_AND	INCONSISTENT	kinase/signaling	no
RNF185	RNF185	SIMPLE_AND	INCONSISTENT	unknown	no
ETV6	ETV6	SIMPLE_AND	INCONSISTENT	transcription factor	yes
GABARAPL1	GABARAPL1	SIMPLE_AND	INCONSISTENT	unknown	no
CPNE8	CPNE8	SIMPLE_AND	INCONSISTENT	unknown	no
TMEM117	TMEM117	SIMPLE_AND	INCONSISTENT	unknown	no
CLSTN3	CLSTN3	SIMPLE_OR	SIMPLE_AND	unknown	no
KLRG1	KLRG1	SIMPLE_AND	INCONSISTENT	unknown	no
VAMP1	VAMP1	SIMPLE_AND	INCONSISTENT	unknown	no
TAPBPL	TAPBPL	SIMPLE_AND	INCONSISTENT	unknown	no
RBP5	RBP5	INCONSISTENT	SIMPLE_AND	unknown	no
PIANP	PIANP	REPRESSED	BIVALENT	unknown	no
AMIGO2	AMIGO2	BIVALENT	INCONSISTENT	unknown	no
LLPH	LLPH	COMPLEX	INCONSISTENT	unknown	no
MARCHF9	MARCHF9	SIMPLE_AND	INCONSISTENT	unknown	no
GLIPR1	GLIPR1	SIMPLE_AND	COMPLEX	unknown	no
PHLDA1	PHLDA1	SIMPLE_AND	INCONSISTENT	unknown	no
TMEM19	TMEM19	COMPLEX	SIMPLE_AND	unknown	no
LGR5	LGR5	REPRESSED	BIVALENT	unknown	no
GAS2L3	GAS2L3	SIMPLE_OR	INCONSISTENT	unknown	no
TMEM132B	TMEM132B	REPRESSED	BIVALENT	unknown	no
GLTP	GLTP	SIMPLE_AND	SIMPLE_OR	unknown	no
TCHP	TCHP	SIMPLE_AND	INCONSISTENT	unknown	no
FAM222A	FAM222A	BIVALENT	INCONSISTENT	unknown	no
FOXN4	FOXN4	REPRESSED	BIVALENT	transcription factor	no
MTMR6	MTMR6	SIMPLE_AND	INCONSISTENT	unknown	no
SLC46A3	SLC46A3	SIMPLE_AND	INCONSISTENT	metabolic	no
LNX2	LNX2	SIMPLE_AND	INCONSISTENT	unknown	no
DHH	DHH	REPRESSED	INCONSISTENT	unknown	no
ACVRL1	ACVRL1	REPRESSED	INCONSISTENT	unknown	no
BRCA2	BRCA2	SIMPLE_AND	INCONSISTENT	unknown	yes
MAP3K12	MAP3K12	SIMPLE_AND	INCONSISTENT	kinase/signaling	no
GALNT6	GALNT6	SIMPLE_AND	INCONSISTENT	unknown	no
CSAD	CSAD	SIMPLE_AND	INCONSISTENT	unknown	no
MYG1	MYG1	SIMPLE_AND	INCONSISTENT	unknown	no
ZNF740	ZNF740	SIMPLE_AND	INCONSISTENT	transcription factor	no
WDFY2	WDFY2	SIMPLE_AND	INCONSISTENT	unknown	no
RB1	RB1	SIMPLE_AND	INCONSISTENT	unknown	yes
SETD1B	SETD1B	SIMPLE_AND	INCONSISTENT	chromatin regulator	yes
RHOF	RHOF	SIMPLE_AND	INCONSISTENT	unknown	no
SLAIN1	SLAIN1	SIMPLE_AND	BIVALENT	unknown	no
ZIC5	ZIC5	REPRESSED	INCONSISTENT	transcription factor	no
ABHD13	ABHD13	SIMPLE_AND	INCONSISTENT	unknown	no
RAB20	RAB20	SIMPLE_AND	INCONSISTENT	unknown	no
CDH24	CDH24	SIMPLE_OR	INCONSISTENT	structural/other	no
CBLN3	CBLN3	SIMPLE_AND	INCONSISTENT	unknown	no
PELI2	PELI2	BIVALENT	INCONSISTENT	unknown	no
ARMH4	ARMH4	COMPLEX	INCONSISTENT	unknown	no
SLC38A6	SLC38A6	SIMPLE_AND	INCONSISTENT	metabolic	no
NAA30	NAA30	SIMPLE_AND	INCONSISTENT	unknown	no
DCAF5	DCAF5	SIMPLE_AND	INCONSISTENT	unknown	no
RAB15	RAB15	BIVALENT	INCONSISTENT	unknown	no
WDR89	WDR89	SIMPLE_AND	INCONSISTENT	unknown	no
ESR2	ESR2	SIMPLE_AND	INCONSISTENT	transcription factor	no
STON2	STON2	REPRESSED	SIMPLE_AND	unknown	no
EFCAB11	EFCAB11	SIMPLE_AND	INCONSISTENT	unknown	no
PTGR2	PTGR2	SIMPLE_AND	INCONSISTENT	unknown	no
JDP2	JDP2	SIMPLE_AND	INCONSISTENT	unknown	no
AK7	AK7	SIMPLE_OR	INCONSISTENT	unknown	no
FBLN5	FBLN5	REPRESSED	BIVALENT	unknown	no
CLBA1	CLBA1	SIMPLE_OR	INCONSISTENT	unknown	no
ZSCAN29	ZSCAN29	SIMPLE_AND	INCONSISTENT	unknown	no
LYSMD2	LYSMD2	SIMPLE_OR	INCONSISTENT	unknown	no
SLC27A2	SLC27A2	BIVALENT	SIMPLE_AND	metabolic	no
BAHD1	BAHD1	BIVALENT	SIMPLE_AND	unknown	no
DISP2	DISP2	BIVALENT	INCONSISTENT	unknown	no
UBE2Q2	UBE2Q2	SIMPLE_AND	INCONSISTENT	unknown	no
SCAPER	SCAPER	SIMPLE_AND	INCONSISTENT	unknown	no
NCOA2	NCOA2	SIMPLE_AND	INCONSISTENT	chromatin regulator	yes
NEIL1	NEIL1	BIVALENT	INCONSISTENT	unknown	no
DNAJA4	DNAJA4	SIMPLE_OR	INCONSISTENT	unknown	no
TLNRD1	TLNRD1	COMPLEX	SIMPLE_AND	unknown	no
TPM1	TPM1	REPRESSED	BIVALENT	unknown	no
IGF1R	IGF1R	BIVALENT	INCONSISTENT	kinase/signaling	no
PIF1	PIF1	SIMPLE_AND	INCONSISTENT	unknown	no
RHCG	RHCG	REPRESSED	BIVALENT	unknown	no
WDR93	WDR93	INCONSISTENT	REPRESSED	unknown	no
DET1	DET1	COMPLEX	INCONSISTENT	unknown	no
MFGE8	MFGE8	SIMPLE_OR	SIMPLE_AND	unknown	no
ZNF710	ZNF710	SIMPLE_AND	INCONSISTENT	transcription factor	no
SH3GL3	SH3GL3	REPRESSED	INCONSISTENT	unknown	no
ARMC5	ARMC5	SIMPLE_AND	INCONSISTENT	unknown	no
FTO	FTO	SIMPLE_OR	SIMPLE_AND	unknown	no
CPNE2	CPNE2	BIVALENT	INCONSISTENT	unknown	no
NLRC5	NLRC5	SIMPLE_AND	BIVALENT	unknown	no
CMTM3	CMTM3	BIVALENT	SIMPLE_AND	unknown	no
NOL3	NOL3	SIMPLE_AND	INCONSISTENT	unknown	no
ZCCHC14	ZCCHC14	BIVALENT	INCONSISTENT	unknown	no
IRF8	IRF8	SIMPLE_AND	REPRESSED	transcription factor	no
RHOT2	RHOT2	COMPLEX	SIMPLE_AND	unknown	no
ZSCAN32	ZSCAN32	COMPLEX	INCONSISTENT	unknown	no
DEF8	DEF8	SIMPLE_AND	SIMPLE_OR	unknown	no
TCF25	TCF25	COMPLEX	SIMPLE_AND	unknown	no
GALNS	GALNS	SIMPLE_AND	INCONSISTENT	unknown	no
GAS8	GAS8	BIVALENT	INCONSISTENT	unknown	no
MED9	MED9	SIMPLE_AND	INCONSISTENT	unknown	no
GID4	GID4	SIMPLE_AND	INCONSISTENT	unknown	no
ZNF287	ZNF287	SIMPLE_OR	INCONSISTENT	transcription factor	no
UTP4	UTP4	COMPLEX	SIMPLE_AND	unknown	no
TOM1L1	TOM1L1	INCONSISTENT	SIMPLE_AND	unknown	no
SGSM2	SGSM2	SIMPLE_AND	INCONSISTENT	unknown	no
SCRN2	SCRN2	SIMPLE_AND	INCONSISTENT	unknown	no
BCAS3	BCAS3	SIMPLE_AND	INCONSISTENT	unknown	no
PRELID3A	PRELID3A	BIVALENT	INCONSISTENT	unknown	no
SLC39A6	SLC39A6	SIMPLE_AND	INCONSISTENT	metabolic	no
GALNT1	GALNT1	SIMPLE_AND	BIVALENT	unknown	no
GATA6	GATA6	REPRESSED	BIVALENT	transcription factor	no
ARRB2	ARRB2	SIMPLE_AND	INCONSISTENT	unknown	no
SLC13A5	SLC13A5	REPRESSED	INCONSISTENT	metabolic	no
SAT2	SAT2	SIMPLE_AND	INCONSISTENT	unknown	no
TP53	TP53	SIMPLE_AND	INCONSISTENT	transcription factor	yes
CCDC40	CCDC40	BIVALENT	INCONSISTENT	unknown	no
TMC6	TMC6	SIMPLE_AND	SIMPLE_OR	unknown	no
SLC16A3	SLC16A3	SIMPLE_OR	INCONSISTENT	metabolic	no
TTYH2	TTYH2	SIMPLE_AND	INCONSISTENT	unknown	no
RAB40B	RAB40B	SIMPLE_OR	INCONSISTENT	unknown	no
CBX8	CBX8	BIVALENT	INCONSISTENT	chromatin regulator	no
SECTM1	SECTM1	BIVALENT	INCONSISTENT	unknown	no
RNF157	RNF157	SIMPLE_OR	SIMPLE_AND	unknown	no
CEP131	CEP131	SIMPLE_OR	INCONSISTENT	unknown	no
CBX4	CBX4	BIVALENT	SIMPLE_AND	chromatin regulator	no
MAPK4	MAPK4	REPRESSED	BIVALENT	kinase/signaling	no
ELAC1	ELAC1	SIMPLE_AND	INCONSISTENT	unknown	no
PMAIP1	PMAIP1	SIMPLE_AND	INCONSISTENT	unknown	no
P3H4	P3H4	BIVALENT	INCONSISTENT	unknown	no
ERBB2	ERBB2	SIMPLE_AND	INCONSISTENT	kinase/signaling	yes
PNMT	PNMT	REPRESSED	INCONSISTENT	unknown	no
STAC2	STAC2	REPRESSED	INCONSISTENT	unknown	no
FKBP10	FKBP10	BIVALENT	INCONSISTENT	unknown	no
MISP3	MISP3	SIMPLE_OR	INCONSISTENT	unknown	no
TPGS1	TPGS1	SIMPLE_AND	INCONSISTENT	unknown	no
VAV1	VAV1	SIMPLE_AND	INCONSISTENT	unknown	yes
CCDC97	CCDC97	SIMPLE_AND	INCONSISTENT	unknown	no
TMEM91	TMEM91	SIMPLE_AND	INCONSISTENT	unknown	no
ZFP14	ZFP14	SIMPLE_AND	COMPLEX	transcription factor	no
SIRT3	SIRT3	SIMPLE_AND	INCONSISTENT	chromatin regulator	no
IFITM3	IFITM3	INCONSISTENT	SIMPLE_AND	unknown	no
PGGHG	PGGHG	BIVALENT	INCONSISTENT	unknown	no
HUNK	HUNK	REPRESSED	BIVALENT	unknown	no
COL6A1	COL6A1	REPRESSED	INCONSISTENT	structural/other	no
TMEM50B	TMEM50B	SIMPLE_AND	INCONSISTENT	unknown	no
DOP1B	DOP1B	SIMPLE_AND	INCONSISTENT	unknown	no
IL19	IL19	INCONSISTENT	REPRESSED	unknown	no
ADAMTS10	ADAMTS10	COMPLEX	INCONSISTENT	unknown	no
CAPN10	CAPN10	SIMPLE_AND	INCONSISTENT	unknown	no
MYO1F	MYO1F	SIMPLE_OR	INCONSISTENT	unknown	no
TIMM29	TIMM29	SIMPLE_AND	INCONSISTENT	unknown	no
FBN3	FBN3	REPRESSED	BIVALENT	unknown	no
EVI5L	EVI5L	SIMPLE_AND	BIVALENT	unknown	no
PTH2	PTH2	REPRESSED	INCONSISTENT	unknown	no
CTU1	CTU1	SIMPLE_AND	INCONSISTENT	unknown	no
ZNF614	ZNF614	SIMPLE_AND	COMPLEX	transcription factor	no
EPHA2	EPHA2	REPRESSED	INCONSISTENT	kinase/signaling	no
MAP3K6	MAP3K6	SIMPLE_OR	INCONSISTENT	kinase/signaling	no
SYTL1	SYTL1	SIMPLE_AND	INCONSISTENT	unknown	no
NBPF3	NBPF3	SIMPLE_OR	INCONSISTENT	unknown	no
HSPG2	HSPG2	SIMPLE_OR	SIMPLE_AND	unknown	no
ITGB3BP	ITGB3BP	SIMPLE_AND	BIVALENT	unknown	no
BCL10	BCL10	SIMPLE_AND	INCONSISTENT	unknown	yes
CCN1	CCN1	REPRESSED	INCONSISTENT	unknown	no
TINAGL1	TINAGL1	REPRESSED	INCONSISTENT	unknown	no
MOB3C	MOB3C	SIMPLE_AND	INCONSISTENT	unknown	no
LMO4	LMO4	SIMPLE_AND	INCONSISTENT	unknown	no
BARHL2	BARHL2	REPRESSED	BIVALENT	unknown	no
IGSF3	IGSF3	BIVALENT	SIMPLE_AND	unknown	no
ZNF697	ZNF697	INCONSISTENT	BIVALENT	transcription factor	no
CTTNBP2NL	CTTNBP2NL	SIMPLE_AND	INCONSISTENT	unknown	no
CELSR2	CELSR2	BIVALENT	SIMPLE_AND	unknown	no
GPR161	GPR161	BIVALENT	INCONSISTENT	unknown	no
MAEL	MAEL	INCONSISTENT	BIVALENT	unknown	no
ILDR2	ILDR2	INCONSISTENT	BIVALENT	unknown	no
RGS5	RGS5	SIMPLE_AND	INCONSISTENT	unknown	no
PIGM	PIGM	SIMPLE_AND	INCONSISTENT	unknown	no
CRABP2	CRABP2	BIVALENT	INCONSISTENT	unknown	no
RGS16	RGS16	SIMPLE_AND	INCONSISTENT	unknown	no
HMCN1	HMCN1	REPRESSED	INCONSISTENT	unknown	no
RGL1	RGL1	SIMPLE_AND	INCONSISTENT	unknown	no
TUFT1	TUFT1	BIVALENT	INCONSISTENT	unknown	no
CGN	CGN	BIVALENT	INCONSISTENT	unknown	no
ADAMTSL4	ADAMTSL4	INCONSISTENT	SIMPLE_AND	unknown	no
MINDY1	MINDY1	SIMPLE_AND	INCONSISTENT	unknown	no
SEMA6C	SEMA6C	BIVALENT	INCONSISTENT	unknown	no
GABPB2	GABPB2	SIMPLE_AND	INCONSISTENT	unknown	no
DTL	DTL	COMPLEX	SIMPLE_AND	unknown	no
INTS7	INTS7	COMPLEX	SIMPLE_AND	unknown	no
VASH2	VASH2	SIMPLE_AND	BIVALENT	unknown	no
DUSP10	DUSP10	SIMPLE_AND	INCONSISTENT	unknown	no
TP53BP2	TP53BP2	COMPLEX	SIMPLE_AND	unknown	no
SNAPIN	SNAPIN	SIMPLE_AND	INCONSISTENT	unknown	no
SLC27A3	SLC27A3	SIMPLE_AND	INCONSISTENT	metabolic	no
CREB3L4	CREB3L4	SIMPLE_AND	INCONSISTENT	transcription factor	no
EFNA3	EFNA3	REPRESSED	INCONSISTENT	unknown	no
KCNN3	KCNN3	SIMPLE_AND	BIVALENT	unknown	no
C1orf43	C1orf43	SIMPLE_AND	COMPLEX	unknown	no
HCN3	HCN3	SIMPLE_OR	INCONSISTENT	unknown	no
TTC13	TTC13	SIMPLE_AND	INCONSISTENT	unknown	no
LYST	LYST	SIMPLE_AND	REPRESSED	unknown	no
MAP3K21	MAP3K21	BIVALENT	INCONSISTENT	kinase/signaling	no
CEP170	CEP170	COMPLEX	SIMPLE_AND	unknown	no
SNAP47	SNAP47	COMPLEX	SIMPLE_OR	unknown	no
CDC42BPA	CDC42BPA	BIVALENT	SIMPLE_AND	kinase/signaling	no
CNIH3	CNIH3	COMPLEX	INCONSISTENT	unknown	no
C1orf35	C1orf35	SIMPLE_AND	INCONSISTENT	unknown	no
PSEN2	PSEN2	SIMPLE_OR	SIMPLE_AND	unknown	no
WNT9A	WNT9A	REPRESSED	INCONSISTENT	unknown	no
SOX13	SOX13	REPRESSED	BIVALENT	transcription factor	no
ETNK2	ETNK2	REPRESSED	BIVALENT	unknown	no
PPFIA4	PPFIA4	SIMPLE_OR	INCONSISTENT	unknown	no
SYT2	SYT2	REPRESSED	BIVALENT	unknown	no
RHOB	RHOB	BIVALENT	INCONSISTENT	unknown	no
ATP6V1C2	ATP6V1C2	BIVALENT	REPRESSED	unknown	no
HNRNPLL	HNRNPLL	BIVALENT	SIMPLE_AND	unknown	no
CAMKMT	CAMKMT	SIMPLE_AND	INCONSISTENT	kinase/signaling	no
ETAA1	ETAA1	SIMPLE_AND	INCONSISTENT	unknown	no
MEIS1	MEIS1	BIVALENT	INCONSISTENT	transcription factor	no
ZNF514	ZNF514	SIMPLE_AND	INCONSISTENT	transcription factor	no
TPRKB	TPRKB	SIMPLE_AND	COMPLEX	unknown	no
EXOC6B	EXOC6B	SIMPLE_OR	INCONSISTENT	unknown	no
DUSP11	DUSP11	SIMPLE_AND	INCONSISTENT	unknown	no
NPHP1	NPHP1	SIMPLE_OR	INCONSISTENT	unknown	no
RABL2A	RABL2A	SIMPLE_AND	INCONSISTENT	unknown	no
ZC3H8	ZC3H8	SIMPLE_AND	INCONSISTENT	unknown	no
LIPT1	LIPT1	SIMPLE_AND	INCONSISTENT	unknown	no
SPOPL	SPOPL	SIMPLE_AND	INCONSISTENT	unknown	no
AMMECR1L	AMMECR1L	SIMPLE_AND	INCONSISTENT	unknown	no
SCRN3	SCRN3	SIMPLE_AND	INCONSISTENT	unknown	no
TMEFF2	TMEFF2	REPRESSED	INCONSISTENT	unknown	no
DLX1	DLX1	BIVALENT	INCONSISTENT	transcription factor	no
PHOSPHO2	PHOSPHO2	SIMPLE_AND	INCONSISTENT	unknown	no
GULP1	GULP1	REPRESSED	SIMPLE_AND	unknown	no
FAM171B	FAM171B	SIMPLE_OR	BIVALENT	unknown	no
CCDC150	CCDC150	SIMPLE_AND	INCONSISTENT	unknown	no
KANSL1L	KANSL1L	SIMPLE_AND	INCONSISTENT	unknown	no
SPAG16	SPAG16	SIMPLE_AND	INCONSISTENT	unknown	no
SUMF1	SUMF1	COMPLEX	INCONSISTENT	unknown	no
HES6	HES6	INCONSISTENT	SIMPLE_AND	transcription factor	no
DIS3L2	DIS3L2	SIMPLE_AND	INCONSISTENT	unknown	no
RAB5A	RAB5A	COMPLEX	SIMPLE_AND	unknown	no
GMPPA	GMPPA	BIVALENT	SIMPLE_AND	unknown	no
DYNC1LI1	DYNC1LI1	COMPLEX	SIMPLE_AND	unknown	no
GADL1	GADL1	REPRESSED	INCONSISTENT	unknown	no
POMGNT2	POMGNT2	BIVALENT	SIMPLE_AND	unknown	no
ITGA9	ITGA9	REPRESSED	BIVALENT	structural/other	no
CTDSPL	CTDSPL	REPRESSED	SIMPLE_AND	unknown	no
IQSEC1	IQSEC1	REPRESSED	SIMPLE_OR	unknown	no
CAND2	CAND2	BIVALENT	INCONSISTENT	unknown	no
LRIG1	LRIG1	SIMPLE_OR	INCONSISTENT	unknown	no
NXPE3	NXPE3	SIMPLE_AND	INCONSISTENT	unknown	no
RABL3	RABL3	SIMPLE_AND	INCONSISTENT	unknown	no
ADPRH	ADPRH	SIMPLE_AND	INCONSISTENT	unknown	no
OSBPL11	OSBPL11	SIMPLE_AND	INCONSISTENT	unknown	no
NCEH1	NCEH1	SIMPLE_AND	INCONSISTENT	unknown	no
TMEM44	TMEM44	SIMPLE_AND	COMPLEX	unknown	no
RUBCN	RUBCN	COMPLEX	SIMPLE_AND	unknown	no
TCTA	TCTA	SIMPLE_AND	INCONSISTENT	unknown	no
ENSG00000145063		REPRESSED	INCONSISTENT	unknown	no
EAF2	EAF2	SIMPLE_AND	INCONSISTENT	unknown	no
ILDR1	ILDR1	SIMPLE_AND	INCONSISTENT	unknown	no
DGKQ	DGKQ	SIMPLE_AND	INCONSISTENT	unknown	no
ATP10D	ATP10D	SIMPLE_AND	INCONSISTENT	unknown	no
SLC10A4	SLC10A4	REPRESSED	SIMPLE_AND	metabolic	no
SCD5	SCD5	SIMPLE_OR	BIVALENT	unknown	no
TRMT10A	TRMT10A	SIMPLE_AND	INCONSISTENT	unknown	no
SNCA	SNCA	REPRESSED	INCONSISTENT	unknown	no
CAMK2D	CAMK2D	SIMPLE_AND	INCONSISTENT	kinase/signaling	no
TIFA	TIFA	SIMPLE_AND	INCONSISTENT	unknown	no
METTL14	METTL14	SIMPLE_AND	INCONSISTENT	unknown	no
USP53	USP53	SIMPLE_AND	INCONSISTENT	unknown	no
CBR4	CBR4	SIMPLE_AND	INCONSISTENT	unknown	no
ROPN1L	ROPN1L	BIVALENT	INCONSISTENT	unknown	no
NKD2	NKD2	REPRESSED	BIVALENT	unknown	no
SRD5A1	SRD5A1	SIMPLE_AND	INCONSISTENT	unknown	no
OTULINL	OTULINL	BIVALENT	INCONSISTENT	unknown	no
PIK3R1	PIK3R1	SIMPLE_AND	INCONSISTENT	kinase/signaling	yes
LHFPL2	LHFPL2	SIMPLE_OR	INCONSISTENT	unknown	no
RASA1	RASA1	SIMPLE_AND	INCONSISTENT	unknown	no
GIN1	GIN1	SIMPLE_AND	INCONSISTENT	unknown	no
PAM	PAM	COMPLEX	BIVALENT	unknown	no
FBXL17	FBXL17	SIMPLE_AND	INCONSISTENT	unknown	no
COMMD10	COMMD10	SIMPLE_AND	INCONSISTENT	unknown	no
ATG12	ATG12	COMPLEX	SIMPLE_AND	unknown	no
ARHGAP26	ARHGAP26	SIMPLE_OR	INCONSISTENT	unknown	yes
RNF145	RNF145	COMPLEX	SIMPLE_AND	unknown	no
PCYOX1L	PCYOX1L	SIMPLE_AND	INCONSISTENT	unknown	no
G3BP1	G3BP1	COMPLEX	SIMPLE_AND	unknown	no
N4BP3	N4BP3	SIMPLE_AND	INCONSISTENT	unknown	no
BOD1	BOD1	SIMPLE_AND	INCONSISTENT	unknown	no
GFOD1	GFOD1	SIMPLE_AND	INCONSISTENT	unknown	no
GFRA3	GFRA3	INCONSISTENT	BIVALENT	unknown	no
KLHL3	KLHL3	SIMPLE_AND	REPRESSED	unknown	no
DCDC2	DCDC2	INCONSISTENT	BIVALENT	unknown	no
TNFRSF21	TNFRSF21	BIVALENT	INCONSISTENT	unknown	no
DOK3	DOK3	SIMPLE_AND	INCONSISTENT	unknown	no
CRIP3	CRIP3	SIMPLE_OR	INCONSISTENT	unknown	no
TCTE1	TCTE1	REPRESSED	BIVALENT	unknown	no
NFKBIE	NFKBIE	SIMPLE_AND	INCONSISTENT	unknown	yes
CYP39A1	CYP39A1	BIVALENT	INCONSISTENT	metabolic	no
TPBG	TPBG	BIVALENT	INCONSISTENT	unknown	no
IRAK1BP1	IRAK1BP1	SIMPLE_AND	INCONSISTENT	unknown	no
MMS22L	MMS22L	COMPLEX	SIMPLE_AND	unknown	no
PM20D2	PM20D2	SIMPLE_AND	BIVALENT	unknown	no
RARS2	RARS2	SIMPLE_AND	INCONSISTENT	unknown	no
TBC1D32	TBC1D32	SIMPLE_AND	INCONSISTENT	unknown	no
CLVS2	CLVS2	REPRESSED	INCONSISTENT	unknown	no
RNF217	RNF217	INCONSISTENT	SIMPLE_AND	unknown	no
ABRACL	ABRACL	SIMPLE_AND	BIVALENT	unknown	no
VWDE	VWDE	INCONSISTENT	SIMPLE_AND	unknown	no
INTS15	INTS15	SIMPLE_AND	INCONSISTENT	unknown	no
RBAK	RBAK	SIMPLE_AND	INCONSISTENT	unknown	no
PURB	PURB	SIMPLE_AND	INCONSISTENT	unknown	no
POMZP3	POMZP3	SIMPLE_OR	INCONSISTENT	unknown	no
ZNF92	ZNF92	SIMPLE_AND	INCONSISTENT	transcription factor	no
TRAPPC14	TRAPPC14	SIMPLE_AND	INCONSISTENT	unknown	no
SLC12A9	SLC12A9	REPRESSED	INCONSISTENT	metabolic	no
TMEM209	TMEM209	SIMPLE_OR	SIMPLE_AND	unknown	no
AGBL3	AGBL3	SIMPLE_AND	INCONSISTENT	unknown	no
TMEM140	TMEM140	SIMPLE_AND	INCONSISTENT	unknown	no
TLK2	TLK2	SIMPLE_AND	SIMPLE_OR	unknown	no
SH3KBP1	SH3KBP1	SIMPLE_AND	BIVALENT	unknown	no
CASK	CASK	SIMPLE_AND	INCONSISTENT	unknown	no
ZNF182	ZNF182	SIMPLE_AND	INCONSISTENT	transcription factor	no
ZNF41	ZNF41	SIMPLE_AND	INCONSISTENT	transcription factor	no
ZNF711	ZNF711	SIMPLE_OR	INCONSISTENT	transcription factor	no
PRPS1	PRPS1	COMPLEX	SIMPLE_AND	unknown	no
RADX	RADX	SIMPLE_AND	INCONSISTENT	unknown	no
GPC3	GPC3	REPRESSED	INCONSISTENT	unknown	yes
MCPH1	MCPH1	COMPLEX	SIMPLE_AND	unknown	no
MFHAS1	MFHAS1	SIMPLE_OR	SIMPLE_AND	unknown	no
FBXO25	FBXO25	SIMPLE_OR	INCONSISTENT	unknown	no
CSGALNACT1	CSGALNACT1	REPRESSED	BIVALENT	unknown	no
DOK2	DOK2	SIMPLE_AND	INCONSISTENT	unknown	no
DOCK5	DOCK5	BIVALENT	INCONSISTENT	unknown	no
ADHFE1	ADHFE1	SIMPLE_AND	INCONSISTENT	unknown	no
LACTB2	LACTB2	SIMPLE_AND	INCONSISTENT	unknown	no
TERF1	TERF1	SIMPLE_AND	INCONSISTENT	unknown	no
UTP23	UTP23	SIMPLE_AND	INCONSISTENT	unknown	no
ARHGAP39	ARHGAP39	REPRESSED	COMPLEX	unknown	no
C9orf72	C9orf72	SIMPLE_AND	INCONSISTENT	unknown	no
CEP78	CEP78	SIMPLE_AND	INCONSISTENT	unknown	no
IDNK	IDNK	SIMPLE_AND	INCONSISTENT	unknown	no
AUH	AUH	BIVALENT	INCONSISTENT	unknown	no
AOPEP	AOPEP	SIMPLE_AND	INCONSISTENT	unknown	no
UGCG	UGCG	COMPLEX	SIMPLE_AND	unknown	no
SNX30	SNX30	SIMPLE_AND	INCONSISTENT	unknown	no
STOM	STOM	COMPLEX	SIMPLE_AND	unknown	no
ALAD	ALAD	SIMPLE_OR	INCONSISTENT	unknown	no
GBGT1	GBGT1	SIMPLE_OR	SIMPLE_AND	unknown	no
SURF1	SURF1	SIMPLE_AND	INCONSISTENT	unknown	no
SURF2	SURF2	INCONSISTENT	SIMPLE_AND	unknown	no
GTF3C5	GTF3C5	SIMPLE_AND	COMPLEX	unknown	no
ASB6	ASB6	SIMPLE_AND	INCONSISTENT	unknown	no
NTMT1	NTMT1	SIMPLE_OR	SIMPLE_AND	unknown	no
CIZ1	CIZ1	BIVALENT	SIMPLE_AND	unknown	no
LRSAM1	LRSAM1	COMPLEX	INCONSISTENT	unknown	no
PAXX	PAXX	SIMPLE_AND	COMPLEX	unknown	no
INPP5E	INPP5E	SIMPLE_AND	INCONSISTENT	unknown	no
COMMD3	COMMD3	SIMPLE_AND	INCONSISTENT	unknown	no
FAM171A1	FAM171A1	BIVALENT	INCONSISTENT	unknown	no
MINDY3	MINDY3	COMPLEX	SIMPLE_AND	unknown	no
ST8SIA6	ST8SIA6	BIVALENT	INCONSISTENT	unknown	no
ZEB1	ZEB1	SIMPLE_AND	INCONSISTENT	transcription factor	yes
NRBF2	NRBF2	SIMPLE_AND	COMPLEX	unknown	no
FRA10AC1	FRA10AC1	SIMPLE_AND	INCONSISTENT	unknown	no
TCF7L2	TCF7L2	BIVALENT	INCONSISTENT	unknown	yes
FUOM	FUOM	SIMPLE_AND	INCONSISTENT	unknown	no
LRRC27	LRRC27	SIMPLE_AND	INCONSISTENT	unknown	no
PAOX	PAOX	SIMPLE_AND	INCONSISTENT	unknown	no
TAF5	TAF5	SIMPLE_AND	INCONSISTENT	unknown	no
CNNM2	CNNM2	SIMPLE_AND	INCONSISTENT	unknown	no
GAS2	GAS2	SIMPLE_AND	INCONSISTENT	unknown	no
TUT1	TUT1	SIMPLE_AND	INCONSISTENT	unknown	no
ZNF215	ZNF215	SIMPLE_AND	INCONSISTENT	transcription factor	no
HSD17B12	HSD17B12	COMPLEX	SIMPLE_AND	unknown	no
SERPING1	SERPING1	REPRESSED	BIVALENT	unknown	no
PTPRJ	PTPRJ	SIMPLE_AND	INCONSISTENT	unknown	no
SESN3	SESN3	BIVALENT	INCONSISTENT	unknown	no
ENDOD1	ENDOD1	SIMPLE_AND	INCONSISTENT	unknown	no
CCDC82	CCDC82	SIMPLE_AND	INCONSISTENT	unknown	no
PAK1	PAK1	SIMPLE_AND	SIMPLE_OR	kinase/signaling	no
ZC3H12C	ZC3H12C	SIMPLE_AND	INCONSISTENT	unknown	no
TTC12	TTC12	SIMPLE_AND	INCONSISTENT	unknown	no
NPAT	NPAT	COMPLEX	SIMPLE_AND	unknown	no
ATM	ATM	COMPLEX	SIMPLE_AND	kinase/signaling	yes
GLB1L2	GLB1L2	REPRESSED	BIVALENT	unknown	no
SLX4IP	SLX4IP	SIMPLE_AND	INCONSISTENT	unknown	no
GRIK4	GRIK4	SIMPLE_OR	BIVALENT	unknown	no
ST14	ST14	BIVALENT	REPRESSED	unknown	no
KAT14	KAT14	SIMPLE_AND	INCONSISTENT	unknown	no
FRG1BP	FRG1BP	SIMPLE_AND	INCONSISTENT	unknown	no
CPSF7	CPSF7	COMPLEX	SIMPLE_AND	unknown	no
EI24	EI24	COMPLEX	SIMPLE_AND	unknown	no
CCDC15	CCDC15	SIMPLE_AND	INCONSISTENT	unknown	no
FEZ1	FEZ1	SIMPLE_AND	INCONSISTENT	unknown	no
ESAM	ESAM	SIMPLE_AND	INCONSISTENT	unknown	no
MPZL2	MPZL2	BIVALENT	REPRESSED	unknown	no
TMEM25	TMEM25	SIMPLE_OR	INCONSISTENT	unknown	no
SOGA1	SOGA1	SIMPLE_OR	SIMPLE_AND	unknown	no
CNBD2	CNBD2	SIMPLE_AND	INCONSISTENT	unknown	no
CDH22	CDH22	BIVALENT	INCONSISTENT	structural/other	no
CABLES2	CABLES2	SIMPLE_AND	INCONSISTENT	unknown	no
LTO1	LTO1	SIMPLE_AND	INCONSISTENT	unknown	no
CDC42EP2	CDC42EP2	SIMPLE_OR	INCONSISTENT	kinase/signaling	no
TM7SF2	TM7SF2	SIMPLE_AND	INCONSISTENT	unknown	no
TBX6	TBX6	SIMPLE_AND	INCONSISTENT	transcription factor	no
HIRIP3	HIRIP3	SIMPLE_AND	INCONSISTENT	unknown	no
HMGA2	HMGA2	BIVALENT	REPRESSED	unknown	yes
ARID5B	ARID5B	SIMPLE_AND	INCONSISTENT	chromatin regulator	no
DCUN1D2	DCUN1D2	SIMPLE_AND	INCONSISTENT	unknown	no
TMEM218	TMEM218	SIMPLE_AND	INCONSISTENT	unknown	no
TIRAP	TIRAP	SIMPLE_AND	INCONSISTENT	unknown	no
EEF1AKMT1	EEF1AKMT1	SIMPLE_AND	INCONSISTENT	unknown	no
LATS2	LATS2	SIMPLE_AND	INCONSISTENT	unknown	yes
SAP18	SAP18	SIMPLE_AND	INCONSISTENT	unknown	no
KIAA1328	KIAA1328	SIMPLE_AND	INCONSISTENT	unknown	no
WDR17	WDR17	BIVALENT	INCONSISTENT	unknown	no
SPATA4	SPATA4	INCONSISTENT	BIVALENT	unknown	no
CCDC102B	CCDC102B	SIMPLE_AND	INCONSISTENT	unknown	no
CD226	CD226	SIMPLE_OR	INCONSISTENT	unknown	no
DLG2	DLG2	SIMPLE_AND	INCONSISTENT	unknown	no
DIXDC1	DIXDC1	SIMPLE_AND	INCONSISTENT	unknown	no
PIH1D2	PIH1D2	SIMPLE_AND	INCONSISTENT	unknown	no
C2orf50	C2orf50	REPRESSED	INCONSISTENT	unknown	no
FOXO1	FOXO1	SIMPLE_AND	INCONSISTENT	transcription factor	yes
CRIM1	CRIM1	BIVALENT	INCONSISTENT	unknown	no
SEC24D	SEC24D	SIMPLE_OR	SIMPLE_AND	unknown	no
RILPL2	RILPL2	SIMPLE_AND	INCONSISTENT	unknown	no
SLC7A11	SLC7A11	COMPLEX	SIMPLE_AND	metabolic	no
CACNA2D4	CACNA2D4	REPRESSED	INCONSISTENT	unknown	no
DCP1B	DCP1B	SIMPLE_AND	INCONSISTENT	unknown	no
THRB	THRB	REPRESSED	SIMPLE_AND	unknown	no
UEVLD	UEVLD	SIMPLE_AND	INCONSISTENT	unknown	no
ABTB3	ABTB3	REPRESSED	INCONSISTENT	unknown	no
ANK3	ANK3	INCONSISTENT	REPRESSED	structural/other	no
IPMK	IPMK	SIMPLE_AND	INCONSISTENT	unknown	no
RAD9B	RAD9B	SIMPLE_AND	INCONSISTENT	unknown	no
DLG5	DLG5	BIVALENT	INCONSISTENT	unknown	no
SLC2A13	SLC2A13	BIVALENT	INCONSISTENT	metabolic	no
GXYLT1	GXYLT1	SIMPLE_AND	INCONSISTENT	unknown	no
MAGI1	MAGI1	BIVALENT	SIMPLE_OR	unknown	no
TEX30	TEX30	SIMPLE_AND	INCONSISTENT	unknown	no
SRFBP1	SRFBP1	SIMPLE_AND	INCONSISTENT	unknown	no
MBIP	MBIP	SIMPLE_AND	INCONSISTENT	unknown	no
EXT2	EXT2	SIMPLE_OR	SIMPLE_AND	unknown	yes
TMEM18	TMEM18	SIMPLE_AND	INCONSISTENT	unknown	no
MSGN1	MSGN1	INCONSISTENT	REPRESSED	unknown	no
ADAMTS12	ADAMTS12	SIMPLE_AND	REPRESSED	unknown	no
FER	FER	SIMPLE_AND	INCONSISTENT	unknown	no
ANKRD50	ANKRD50	BIVALENT	SIMPLE_AND	unknown	no
C4orf33	C4orf33	SIMPLE_AND	INCONSISTENT	unknown	no
EPS8	EPS8	SIMPLE_AND	INCONSISTENT	unknown	no
ACAD8	ACAD8	SIMPLE_AND	INCONSISTENT	unknown	no
VTI1A	VTI1A	SIMPLE_AND	INCONSISTENT	unknown	yes
QDPR	QDPR	SIMPLE_OR	SIMPLE_AND	unknown	no
TEX9	TEX9	SIMPLE_AND	INCONSISTENT	unknown	no
ZNF827	ZNF827	SIMPLE_AND	BIVALENT	transcription factor	no
NR3C2	NR3C2	BIVALENT	INCONSISTENT	transcription factor	no
ADAM8	ADAM8	SIMPLE_AND	INCONSISTENT	unknown	no
KIN	KIN	SIMPLE_AND	INCONSISTENT	unknown	no
MFSD6	MFSD6	SIMPLE_AND	INCONSISTENT	unknown	no
RNF144A	RNF144A	SIMPLE_OR	SIMPLE_AND	unknown	no
ASAP2	ASAP2	BIVALENT	INCONSISTENT	unknown	no
WWC2	WWC2	REPRESSED	INCONSISTENT	unknown	no
ACSL1	ACSL1	SIMPLE_AND	INCONSISTENT	metabolic	no
AMN1	AMN1	SIMPLE_AND	INCONSISTENT	unknown	no
BICD1	BICD1	SIMPLE_AND	INCONSISTENT	unknown	no
SAV1	SAV1	SIMPLE_AND	INCONSISTENT	unknown	no
CCDC175	CCDC175	BIVALENT	INCONSISTENT	unknown	no
CENPJ	CENPJ	SIMPLE_AND	INCONSISTENT	unknown	no
TMEM267	TMEM267	SIMPLE_AND	INCONSISTENT	unknown	no
PARP8	PARP8	SIMPLE_AND	INCONSISTENT	unknown	no
DST	DST	SIMPLE_AND	INCONSISTENT	unknown	no
BAG3	BAG3	SIMPLE_AND	INCONSISTENT	unknown	no
AP1S3	AP1S3	SIMPLE_AND	INCONSISTENT	unknown	no
CCDC74B	CCDC74B	SIMPLE_OR	INCONSISTENT	unknown	no
TLCD4	TLCD4	BIVALENT	INCONSISTENT	unknown	no
SMPD4BP	SMPD4BP	SIMPLE_AND	INCONSISTENT	unknown	no
GPATCH11	GPATCH11	SIMPLE_AND	INCONSISTENT	unknown	no
GEMIN6	GEMIN6	SIMPLE_AND	INCONSISTENT	unknown	no
TMEM178A	TMEM178A	REPRESSED	BIVALENT	unknown	no
POU4F1	POU4F1	BIVALENT	INCONSISTENT	transcription factor	no
OBI1	OBI1	SIMPLE_AND	INCONSISTENT	unknown	no
ARL11	ARL11	SIMPLE_AND	INCONSISTENT	unknown	no
ARL14EP	ARL14EP	SIMPLE_AND	INCONSISTENT	unknown	no
PSTPIP2	PSTPIP2	INCONSISTENT	SIMPLE_AND	unknown	no
C18orf25	C18orf25	SIMPLE_AND	INCONSISTENT	unknown	no
PDE3B	PDE3B	INCONSISTENT	SIMPLE_AND	unknown	no
TCF7L1	TCF7L1	BIVALENT	INCONSISTENT	unknown	no
KCNK13	KCNK13	BIVALENT	INCONSISTENT	unknown	no
ATG10	ATG10	SIMPLE_AND	INCONSISTENT	unknown	no
GUCY1A2	GUCY1A2	BIVALENT	INCONSISTENT	unknown	no
CWF19L2	CWF19L2	SIMPLE_AND	INCONSISTENT	unknown	no
JMY	JMY	SIMPLE_AND	INCONSISTENT	unknown	no
XRCC4	XRCC4	SIMPLE_AND	INCONSISTENT	unknown	no
ZNF547	ZNF547	SIMPLE_AND	INCONSISTENT	transcription factor	no
DCLRE1C	DCLRE1C	SIMPLE_AND	INCONSISTENT	unknown	no
NMT2	NMT2	SIMPLE_AND	INCONSISTENT	unknown	no
USP12	USP12	SIMPLE_AND	INCONSISTENT	unknown	no
CAMK4	CAMK4	SIMPLE_AND	BIVALENT	kinase/signaling	no
PLEKHH2	PLEKHH2	BIVALENT	INCONSISTENT	unknown	no
IGSF10	IGSF10	REPRESSED	BIVALENT	unknown	no
SPEF2	SPEF2	SIMPLE_OR	INCONSISTENT	unknown	no
NADK2	NADK2	SIMPLE_AND	COMPLEX	unknown	no
GPD1L	GPD1L	SIMPLE_OR	INCONSISTENT	unknown	no
GPR180	GPR180	SIMPLE_AND	COMPLEX	unknown	no
IFIT5	IFIT5	SIMPLE_AND	INCONSISTENT	unknown	no
PANK1	PANK1	SIMPLE_AND	INCONSISTENT	unknown	no
HHEX	HHEX	BIVALENT	SIMPLE_AND	unknown	no
PTPRK	PTPRK	BIVALENT	INCONSISTENT	unknown	yes
GGPS1	GGPS1	COMPLEX	SIMPLE_AND	unknown	no
ZNF117	ZNF117	SIMPLE_AND	INCONSISTENT	transcription factor	no
PLOD2	PLOD2	REPRESSED	INCONSISTENT	unknown	no
JAKMIP1	JAKMIP1	SIMPLE_AND	INCONSISTENT	unknown	no
ZIC1	ZIC1	REPRESSED	INCONSISTENT	transcription factor	no
LGI2	LGI2	REPRESSED	BIVALENT	unknown	no
MR1	MR1	SIMPLE_AND	INCONSISTENT	unknown	no
BCL2L11	BCL2L11	BIVALENT	INCONSISTENT	unknown	no
CETN3	CETN3	SIMPLE_AND	INCONSISTENT	unknown	no
SYCP2L	SYCP2L	REPRESSED	INCONSISTENT	unknown	no
BMP6	BMP6	BIVALENT	INCONSISTENT	unknown	no
MERTK	MERTK	BIVALENT	INCONSISTENT	kinase/signaling	no
NR4A2	NR4A2	SIMPLE_AND	INCONSISTENT	unknown	no
SLC25A27	SLC25A27	BIVALENT	INCONSISTENT	metabolic	no
LINC00467	LINC00467	SIMPLE_AND	INCONSISTENT	unknown	no
INO80C	INO80C	SIMPLE_AND	INCONSISTENT	chromatin regulator	no
UBALD1	UBALD1	SIMPLE_AND	INCONSISTENT	unknown	no
TMEM251	TMEM251	SIMPLE_AND	INCONSISTENT	unknown	no
FBXL2	FBXL2	BIVALENT	INCONSISTENT	unknown	no
CNKSR3	CNKSR3	BIVALENT	INCONSISTENT	unknown	no
C7orf31	C7orf31	SIMPLE_AND	INCONSISTENT	unknown	no
CMIP	CMIP	SIMPLE_AND	BIVALENT	unknown	no
CEBPG	CEBPG	SIMPLE_AND	BIVALENT	transcription factor	no
KCTD15	KCTD15	BIVALENT	SIMPLE_AND	unknown	no
ZNF599	ZNF599	SIMPLE_AND	INCONSISTENT	transcription factor	no
MCOLN2	MCOLN2	SIMPLE_AND	INCONSISTENT	unknown	no
LGI4	LGI4	BIVALENT	INCONSISTENT	unknown	no
DDAH1	DDAH1	BIVALENT	INCONSISTENT	unknown	no
DGKE	DGKE	SIMPLE_AND	INCONSISTENT	unknown	no
CABYR	CABYR	BIVALENT	REPRESSED	unknown	no
ANKRD29	ANKRD29	BIVALENT	REPRESSED	unknown	no
SDHAF4	SDHAF4	SIMPLE_AND	COMPLEX	unknown	no
C16orf74	C16orf74	SIMPLE_OR	BIVALENT	unknown	no
TBCEL	TBCEL	SIMPLE_AND	INCONSISTENT	unknown	no
JPH3	JPH3	COMPLEX	BIVALENT	unknown	no
ANKH	ANKH	SIMPLE_AND	BIVALENT	unknown	no
ROBO3	ROBO3	REPRESSED	INCONSISTENT	unknown	no
TBRG1	TBRG1	SIMPLE_AND	INCONSISTENT	unknown	no
NRGN	NRGN	BIVALENT	INCONSISTENT	unknown	no
RETREG1	RETREG1	INCONSISTENT	REPRESSED	unknown	no
PITPNC1	PITPNC1	SIMPLE_AND	INCONSISTENT	unknown	no
PRKCA	PRKCA	BIVALENT	SIMPLE_AND	kinase/signaling	no
LRRK1	LRRK1	SIMPLE_AND	BIVALENT	unknown	no
ABCA5	ABCA5	SIMPLE_AND	INCONSISTENT	unknown	no
DISP1	DISP1	SIMPLE_AND	INCONSISTENT	unknown	no
NEIL2	NEIL2	SIMPLE_AND	INCONSISTENT	unknown	no
LONRF1	LONRF1	SIMPLE_AND	INCONSISTENT	unknown	no
SH3RF1	SH3RF1	SIMPLE_AND	INCONSISTENT	unknown	no
DIPK1A	DIPK1A	SIMPLE_AND	INCONSISTENT	unknown	no
ATP5MC3	ATP5MC3	SIMPLE_AND	COMPLEX	unknown	no
PDLIM3	PDLIM3	REPRESSED	INCONSISTENT	unknown	no
BTG3	BTG3	SIMPLE_AND	INCONSISTENT	unknown	no
C21orf91	C21orf91	SIMPLE_AND	INCONSISTENT	unknown	no
JAM2	JAM2	SIMPLE_AND	INCONSISTENT	unknown	no
SLFN13	SLFN13	SIMPLE_AND	INCONSISTENT	unknown	no
CCDC174	CCDC174	SIMPLE_AND	INCONSISTENT	unknown	no
PIEZO2	PIEZO2	SIMPLE_AND	REPRESSED	unknown	no
MPPE1	MPPE1	SIMPLE_AND	INCONSISTENT	unknown	no
RAB6B	RAB6B	BIVALENT	INCONSISTENT	unknown	no
EME1	EME1	SIMPLE_AND	INCONSISTENT	unknown	no
ZNF18	ZNF18	SIMPLE_AND	INCONSISTENT	transcription factor	no
APOOL	APOOL	SIMPLE_AND	INCONSISTENT	unknown	no
FBXL18	FBXL18	SIMPLE_AND	INCONSISTENT	unknown	no
AK9	AK9	SIMPLE_AND	INCONSISTENT	unknown	no
CDK19	CDK19	SIMPLE_AND	INCONSISTENT	kinase/signaling	no
TTC39B	TTC39B	SIMPLE_OR	INCONSISTENT	unknown	no
MARVELD1	MARVELD1	SIMPLE_OR	INCONSISTENT	unknown	no
ZFYVE27	ZFYVE27	SIMPLE_AND	INCONSISTENT	unknown	no
GOLGA7B	GOLGA7B	BIVALENT	INCONSISTENT	unknown	no
SLC25A28	SLC25A28	SIMPLE_AND	INCONSISTENT	metabolic	no
C16orf87	C16orf87	SIMPLE_AND	INCONSISTENT	unknown	no
SLC7A7	SLC7A7	SIMPLE_AND	INCONSISTENT	metabolic	no
LRGUK	LRGUK	INCONSISTENT	BIVALENT	unknown	no
SETD9	SETD9	SIMPLE_AND	INCONSISTENT	chromatin regulator	no
ZKSCAN2	ZKSCAN2	SIMPLE_AND	INCONSISTENT	unknown	no
C9orf85	C9orf85	SIMPLE_AND	INCONSISTENT	unknown	no
PIK3AP1	PIK3AP1	SIMPLE_AND	INCONSISTENT	unknown	no
RBM45	RBM45	SIMPLE_AND	INCONSISTENT	unknown	no
KDM8	KDM8	SIMPLE_AND	INCONSISTENT	chromatin regulator	no
TMEM237	TMEM237	SIMPLE_AND	INCONSISTENT	unknown	no
FZD7	FZD7	BIVALENT	INCONSISTENT	unknown	no
RNF20	RNF20	SIMPLE_AND	INCONSISTENT	unknown	no
PPARGC1B	PPARGC1B	SIMPLE_AND	INCONSISTENT	unknown	no
ELMO1	ELMO1	SIMPLE_OR	REPRESSED	unknown	no
SLC26A2	SLC26A2	SIMPLE_AND	INCONSISTENT	metabolic	no
LSM11	LSM11	SIMPLE_AND	INCONSISTENT	unknown	no
RASA2	RASA2	SIMPLE_AND	INCONSISTENT	unknown	no
TMBIM4	TMBIM4	SIMPLE_AND	INCONSISTENT	unknown	no
CLIC2	CLIC2	SIMPLE_OR	SIMPLE_AND	unknown	no
GRIP1	GRIP1	REPRESSED	BIVALENT	unknown	no
MIDEAS	MIDEAS	SIMPLE_AND	SIMPLE_OR	unknown	no
FAM161B	FAM161B	SIMPLE_AND	INCONSISTENT	unknown	no
GNAQ	GNAQ	BIVALENT	SIMPLE_AND	unknown	yes
DCK	DCK	SIMPLE_AND	INCONSISTENT	unknown	no
ADAMTS3	ADAMTS3	REPRESSED	SIMPLE_AND	unknown	no
NDUFAF6	NDUFAF6	SIMPLE_AND	INCONSISTENT	unknown	no
CFAP418	CFAP418	SIMPLE_AND	INCONSISTENT	unknown	no
WHAMM	WHAMM	SIMPLE_AND	INCONSISTENT	unknown	no
N6AMT1	N6AMT1	SIMPLE_AND	INCONSISTENT	unknown	no
RWDD2B	RWDD2B	SIMPLE_AND	INCONSISTENT	unknown	no
RPGR	RPGR	SIMPLE_AND	INCONSISTENT	unknown	no
PCGF6	PCGF6	COMPLEX	INCONSISTENT	unknown	no
ANKRD9	ANKRD9	SIMPLE_AND	INCONSISTENT	unknown	no
SFR1	SFR1	SIMPLE_AND	INCONSISTENT	unknown	no
FGF18	FGF18	BIVALENT	INCONSISTENT	unknown	no
GDF6	GDF6	REPRESSED	BIVALENT	unknown	no
UQCRB	UQCRB	COMPLEX	SIMPLE_AND	unknown	no
KCNS2	KCNS2	REPRESSED	BIVALENT	unknown	no
FBXO43	FBXO43	SIMPLE_AND	REPRESSED	unknown	no
UBE2L6	UBE2L6	SIMPLE_AND	INCONSISTENT	unknown	no
MED19	MED19	COMPLEX	INCONSISTENT	unknown	no
KAT6B	KAT6B	SIMPLE_AND	INCONSISTENT	chromatin regulator	yes
NTAQ1	NTAQ1	SIMPLE_AND	INCONSISTENT	unknown	no
FBXO32	FBXO32	INCONSISTENT	BIVALENT	unknown	no
PRR14	PRR14	SIMPLE_AND	INCONSISTENT	unknown	no
SASS6	SASS6	SIMPLE_AND	INCONSISTENT	unknown	no
PDE6D	PDE6D	SIMPLE_AND	INCONSISTENT	unknown	no
EIF4A2	EIF4A2	COMPLEX	SIMPLE_AND	unknown	yes
TATDN2	TATDN2	SIMPLE_AND	COMPLEX	unknown	no
GHRL	GHRL	SIMPLE_AND	INCONSISTENT	unknown	no
EXOG	EXOG	SIMPLE_AND	INCONSISTENT	unknown	no
NTAN1	NTAN1	SIMPLE_AND	COMPLEX	unknown	no
ZFYVE9	ZFYVE9	SIMPLE_AND	INCONSISTENT	unknown	no
FCHO2	FCHO2	INCONSISTENT	SIMPLE_AND	unknown	no
PAXIP1	PAXIP1	SIMPLE_AND	INCONSISTENT	unknown	no
FZD1	FZD1	BIVALENT	INCONSISTENT	unknown	no
DHRS4	DHRS4	SIMPLE_AND	INCONSISTENT	unknown	no
DDX19B	DDX19B	SIMPLE_AND	INCONSISTENT	unknown	no
KIT	KIT	REPRESSED	INCONSISTENT	kinase/signaling	yes
ZNF19	ZNF19	SIMPLE_AND	INCONSISTENT	transcription factor	no
APPL1	APPL1	SIMPLE_AND	INCONSISTENT	unknown	no
TSC22D3	TSC22D3	SIMPLE_OR	INCONSISTENT	unknown	no
ETS2	ETS2	SIMPLE_OR	INCONSISTENT	transcription factor	no
MX1	MX1	SIMPLE_AND	INCONSISTENT	unknown	no
CREB3L1	CREB3L1	BIVALENT	SIMPLE_AND	transcription factor	yes
ZNF618	ZNF618	BIVALENT	INCONSISTENT	transcription factor	no
DGKI	DGKI	BIVALENT	REPRESSED	unknown	no
TMEM268	TMEM268	SIMPLE_AND	INCONSISTENT	unknown	no
SNX22	SNX22	SIMPLE_AND	INCONSISTENT	unknown	no
WDR19	WDR19	SIMPLE_AND	INCONSISTENT	unknown	no
FMNL2	FMNL2	SIMPLE_AND	BIVALENT	unknown	no
GAREM2	GAREM2	REPRESSED	INCONSISTENT	unknown	no
DPYSL5	DPYSL5	REPRESSED	INCONSISTENT	unknown	no
PRXL2B	PRXL2B	SIMPLE_AND	INCONSISTENT	unknown	no
TNFRSF14	TNFRSF14	SIMPLE_AND	INCONSISTENT	unknown	yes
MEGF11	MEGF11	REPRESSED	BIVALENT	unknown	no
C12orf43	C12orf43	SIMPLE_AND	INCONSISTENT	unknown	no
PEX10	PEX10	SIMPLE_AND	INCONSISTENT	unknown	no
AGAP1	AGAP1	REPRESSED	SIMPLE_AND	unknown	no
PAFAH2	PAFAH2	SIMPLE_AND	INCONSISTENT	unknown	no
SLC30A2	SLC30A2	REPRESSED	INCONSISTENT	metabolic	no
UBXN11	UBXN11	SIMPLE_AND	INCONSISTENT	unknown	no
RHPN1	RHPN1	SIMPLE_OR	INCONSISTENT	unknown	no
TPRG1L	TPRG1L	SIMPLE_OR	BIVALENT	unknown	no
LRRC43	LRRC43	INCONSISTENT	REPRESSED	unknown	no
PRXL2C	PRXL2C	BIVALENT	INCONSISTENT	unknown	no
XKR8	XKR8	SIMPLE_AND	INCONSISTENT	unknown	no
CNNM4	CNNM4	SIMPLE_AND	INCONSISTENT	unknown	no
DZIP1L	DZIP1L	BIVALENT	INCONSISTENT	unknown	no
FANCC	FANCC	SIMPLE_AND	INCONSISTENT	unknown	yes
MRAS	MRAS	REPRESSED	INCONSISTENT	unknown	no
ABHD3	ABHD3	SIMPLE_AND	COMPLEX	unknown	no
FAIM	FAIM	SIMPLE_AND	INCONSISTENT	unknown	no
TENT5B	TENT5B	REPRESSED	INCONSISTENT	unknown	no
COLEC12	COLEC12	REPRESSED	BIVALENT	unknown	no
RNF207	RNF207	SIMPLE_AND	INCONSISTENT	unknown	no
GPR153	GPR153	SIMPLE_OR	BIVALENT	unknown	no
AUTS2	AUTS2	SIMPLE_OR	INCONSISTENT	unknown	no
MITD1	MITD1	SIMPLE_AND	INCONSISTENT	unknown	no
KCNB1	KCNB1	REPRESSED	INCONSISTENT	unknown	no
TSPAN33	TSPAN33	SIMPLE_AND	BIVALENT	unknown	no
NRG2	NRG2	SIMPLE_AND	BIVALENT	unknown	no
AHCYL2	AHCYL2	SIMPLE_AND	INCONSISTENT	unknown	no
CD1D	CD1D	REPRESSED	INCONSISTENT	unknown	no
SPATA2	SPATA2	SIMPLE_AND	INCONSISTENT	unknown	no
FAM86C1P	FAM86C1P	SIMPLE_AND	INCONSISTENT	unknown	no
TSR2	TSR2	SIMPLE_AND	INCONSISTENT	unknown	no
GDPD5	GDPD5	SIMPLE_OR	INCONSISTENT	unknown	no
DYNC1I1	DYNC1I1	INCONSISTENT	BIVALENT	structural/other	no
ELK4	ELK4	SIMPLE_AND	INCONSISTENT	transcription factor	yes
SLC45A3	SLC45A3	SIMPLE_OR	INCONSISTENT	metabolic	yes
HTR6	HTR6	INCONSISTENT	BIVALENT	unknown	no
SPATA2L	SPATA2L	SIMPLE_AND	INCONSISTENT	unknown	no
PINK1	PINK1	COMPLEX	INCONSISTENT	unknown	no
DMTN	DMTN	REPRESSED	INCONSISTENT	unknown	no
FHIP2B	FHIP2B	COMPLEX	SIMPLE_AND	unknown	no
MIS18A	MIS18A	SIMPLE_AND	INCONSISTENT	unknown	no
SYNJ1	SYNJ1	SIMPLE_AND	INCONSISTENT	unknown	no
CSRP1	CSRP1	SIMPLE_AND	SIMPLE_OR	unknown	no
HOXB13	HOXB13	REPRESSED	BIVALENT	transcription factor	no
RCAN1	RCAN1	SIMPLE_OR	INCONSISTENT	unknown	no
CLIC6	CLIC6	SIMPLE_AND	REPRESSED	unknown	no
CCDC24	CCDC24	SIMPLE_AND	INCONSISTENT	unknown	no
IGF2BP1	IGF2BP1	BIVALENT	SIMPLE_AND	unknown	no
ENSG00000159239		SIMPLE_AND	INCONSISTENT	unknown	no
GJD2	GJD2	REPRESSED	BIVALENT	unknown	no
SIM2	SIM2	REPRESSED	INCONSISTENT	unknown	no
ARHGAP27	ARHGAP27	SIMPLE_OR	INCONSISTENT	unknown	no
STARD9	STARD9	SIMPLE_AND	INCONSISTENT	unknown	no
ISL2	ISL2	BIVALENT	INCONSISTENT	unknown	no
ACE	ACE	REPRESSED	INCONSISTENT	unknown	no
CHCHD6	CHCHD6	SIMPLE_OR	INCONSISTENT	unknown	no
CTBP1	CTBP1	SIMPLE_AND	COMPLEX	unknown	no
ANKRD18CP	ANKRD18CP	REPRESSED	INCONSISTENT	unknown	no
TPPP3	TPPP3	REPRESSED	INCONSISTENT	unknown	no
ZDHHC1	ZDHHC1	BIVALENT	REPRESSED	unknown	no
ZFYVE28	ZFYVE28	BIVALENT	INCONSISTENT	unknown	no
CARMIL2	CARMIL2	SIMPLE_AND	INCONSISTENT	unknown	no
C16orf86	C16orf86	SIMPLE_AND	INCONSISTENT	unknown	no
RGS12	RGS12	SIMPLE_OR	INCONSISTENT	unknown	no
ABR	ABR	SIMPLE_AND	BIVALENT	unknown	no
CCDC107	CCDC107	SIMPLE_AND	INCONSISTENT	unknown	no
ZNF222	ZNF222	SIMPLE_AND	INCONSISTENT	transcription factor	no
ZNF221	ZNF221	SIMPLE_AND	INCONSISTENT	transcription factor	no
ZNF233	ZNF233	COMPLEX	INCONSISTENT	transcription factor	no
ZNF235	ZNF235	SIMPLE_AND	INCONSISTENT	transcription factor	no
TNFRSF13C	TNFRSF13C	SIMPLE_AND	INCONSISTENT	unknown	no
PTGIR	PTGIR	SIMPLE_AND	INCONSISTENT	unknown	no
CALM3	CALM3	SIMPLE_AND	COMPLEX	unknown	no
IQCC	IQCC	SIMPLE_AND	INCONSISTENT	unknown	no
TMEM234	TMEM234	SIMPLE_AND	INCONSISTENT	unknown	no
ZBTB8A	ZBTB8A	INCONSISTENT	BIVALENT	transcription factor	no
ZNF362	ZNF362	SIMPLE_AND	BIVALENT	transcription factor	no
FNDC5	FNDC5	REPRESSED	INCONSISTENT	unknown	no
ANKLE1	ANKLE1	SIMPLE_AND	INCONSISTENT	unknown	no
MIX23	MIX23	SIMPLE_AND	INCONSISTENT	unknown	no
KALRN	KALRN	REPRESSED	INCONSISTENT	unknown	no
FAM86C2P	FAM86C2P	SIMPLE_AND	INCONSISTENT	unknown	no
RSPH1	RSPH1	INCONSISTENT	BIVALENT	unknown	no
SLC37A1	SLC37A1	SIMPLE_AND	BIVALENT	metabolic	no
PKNOX1	PKNOX1	SIMPLE_AND	INCONSISTENT	unknown	no
HSF2BP	HSF2BP	SIMPLE_AND	INCONSISTENT	unknown	no
GAB3	GAB3	SIMPLE_OR	SIMPLE_AND	unknown	no
CFAP410	CFAP410	SIMPLE_AND	INCONSISTENT	unknown	no
ZNF66	ZNF66	SIMPLE_AND	INCONSISTENT	transcription factor	no
ITGB2	ITGB2	SIMPLE_AND	BIVALENT	structural/other	no
VAV2	VAV2	SIMPLE_AND	INCONSISTENT	unknown	no
C21orf58	C21orf58	SIMPLE_AND	INCONSISTENT	unknown	no
S100B	S100B	INCONSISTENT	REPRESSED	unknown	no
ADAMTS13	ADAMTS13	SIMPLE_OR	INCONSISTENT	unknown	no
CACFD1	CACFD1	BIVALENT	INCONSISTENT	unknown	no
SLC2A6	SLC2A6	SIMPLE_AND	BIVALENT	metabolic	no
ZNF761	ZNF761	SIMPLE_AND	INCONSISTENT	transcription factor	no
GPSM1	GPSM1	REPRESSED	INCONSISTENT	unknown	no
ST6GALNAC6	ST6GALNAC6	SIMPLE_AND	INCONSISTENT	unknown	no
ZER1	ZER1	SIMPLE_AND	INCONSISTENT	unknown	no
BRSK1	BRSK1	SIMPLE_AND	INCONSISTENT	unknown	no
COX6B2	COX6B2	REPRESSED	INCONSISTENT	metabolic	no
MPZL3	MPZL3	SIMPLE_AND	INCONSISTENT	unknown	no
TLCD1	TLCD1	INCONSISTENT	SIMPLE_AND	unknown	no
ADAR	ADAR	SIMPLE_AND	COMPLEX	unknown	no
IL6R	IL6R	SIMPLE_AND	BIVALENT	unknown	no
RUSC1	RUSC1	SIMPLE_OR	SIMPLE_AND	unknown	no
LMNA	LMNA	BIVALENT	SIMPLE_AND	structural/other	yes
LRRC71	LRRC71	REPRESSED	INCONSISTENT	unknown	no
FGFR4	FGFR4	BIVALENT	SIMPLE_AND	kinase/signaling	yes
PTGER1	PTGER1	REPRESSED	INCONSISTENT	unknown	no
ZNF333	ZNF333	SIMPLE_AND	INCONSISTENT	transcription factor	no
COL26A1	COL26A1	REPRESSED	INCONSISTENT	structural/other	no
PPP1R16A	PPP1R16A	SIMPLE_OR	SIMPLE_AND	unknown	no
FOXH1	FOXH1	BIVALENT	INCONSISTENT	transcription factor	no
ALKBH4	ALKBH4	SIMPLE_AND	INCONSISTENT	unknown	no
SH2B2	SH2B2	SIMPLE_AND	INCONSISTENT	unknown	no
NAPEPLD	NAPEPLD	SIMPLE_AND	INCONSISTENT	unknown	no
FBXO27	FBXO27	SIMPLE_OR	INCONSISTENT	unknown	no
U2AF1L4	U2AF1L4	SIMPLE_AND	INCONSISTENT	unknown	no
NPHS1	NPHS1	BIVALENT	INCONSISTENT	unknown	no
THAP8	THAP8	SIMPLE_AND	INCONSISTENT	unknown	no
LRRC56	LRRC56	SIMPLE_AND	INCONSISTENT	unknown	no
IKZF3	IKZF3	SIMPLE_AND	BIVALENT	transcription factor	no
PRPSAP1	PRPSAP1	SIMPLE_OR	SIMPLE_AND	unknown	no
SRSF2	SRSF2	COMPLEX	SIMPLE_AND	unknown	yes
ITGA5	ITGA5	BIVALENT	SIMPLE_AND	structural/other	no
ZNF385A	ZNF385A	INCONSISTENT	SIMPLE_AND	transcription factor	no
MPP3	MPP3	REPRESSED	COMPLEX	unknown	no
NAGS	NAGS	BIVALENT	INCONSISTENT	unknown	no
SHANK1	SHANK1	REPRESSED	INCONSISTENT	unknown	no
FAM171A2	FAM171A2	INCONSISTENT	BIVALENT	unknown	no
PLCD3	PLCD3	INCONSISTENT	SIMPLE_AND	unknown	no
ZNF653	ZNF653	SIMPLE_AND	INCONSISTENT	transcription factor	no
MED11	MED11	SIMPLE_AND	INCONSISTENT	unknown	no
RNASEK-C17orf49	RNASEK-C17orf49	SIMPLE_AND	INCONSISTENT	unknown	no
BCL6B	BCL6B	SIMPLE_AND	INCONSISTENT	transcription factor	no
FGF11	FGF11	SIMPLE_AND	INCONSISTENT	unknown	no
CCDC42	CCDC42	COMPLEX	INCONSISTENT	unknown	no
PRR35	PRR35	REPRESSED	INCONSISTENT	unknown	no
CCDC78	CCDC78	SIMPLE_AND	INCONSISTENT	unknown	no
TEDC2	TEDC2	SIMPLE_AND	INCONSISTENT	unknown	no
ASRGL1	ASRGL1	BIVALENT	INCONSISTENT	unknown	no
SLC25A45	SLC25A45	SIMPLE_AND	INCONSISTENT	metabolic	no
TPCN2	TPCN2	SIMPLE_AND	INCONSISTENT	unknown	no
TAL1	TAL1	REPRESSED	SIMPLE_AND	unknown	yes
ACOT11	ACOT11	SIMPLE_OR	BIVALENT	unknown	no
FAM151A	FAM151A	INCONSISTENT	REPRESSED	unknown	no
PARS2	PARS2	SIMPLE_AND	INCONSISTENT	unknown	no
BSND	BSND	REPRESSED	BIVALENT	unknown	no
GMEB1	GMEB1	SIMPLE_AND	INCONSISTENT	unknown	no
SLC45A1	SLC45A1	INCONSISTENT	BIVALENT	metabolic	no
SELENON	SELENON	SIMPLE_OR	SIMPLE_AND	unknown	no
JAK1	JAK1	BIVALENT	SIMPLE_AND	kinase/signaling	yes
RAVER2	RAVER2	BIVALENT	INCONSISTENT	unknown	no
DRAXIN	DRAXIN	REPRESSED	INCONSISTENT	unknown	no
DHRS3	DHRS3	BIVALENT	SIMPLE_AND	unknown	no
SDC3	SDC3	REPRESSED	SIMPLE_AND	unknown	no
SYNC	SYNC	BIVALENT	INCONSISTENT	unknown	no
KIAA1522	KIAA1522	BIVALENT	SIMPLE_AND	unknown	no
TSSK3	TSSK3	SIMPLE_AND	COMPLEX	unknown	no
TMCO4	TMCO4	SIMPLE_AND	BIVALENT	unknown	no
CAMK2N1	CAMK2N1	REPRESSED	BIVALENT	kinase/signaling	no
ALPL	ALPL	REPRESSED	BIVALENT	unknown	no
WNT4	WNT4	REPRESSED	BIVALENT	unknown	no
MEGF6	MEGF6	REPRESSED	INCONSISTENT	unknown	no
TM2D1	TM2D1	SIMPLE_AND	INCONSISTENT	unknown	no
LRRIQ3	LRRIQ3	SIMPLE_AND	INCONSISTENT	unknown	no
DNAI3	DNAI3	SIMPLE_AND	INCONSISTENT	unknown	no
ATXN7L2	ATXN7L2	SIMPLE_AND	INCONSISTENT	unknown	no
GBP4	GBP4	SIMPLE_AND	REPRESSED	unknown	no
HFM1	HFM1	BIVALENT	INCONSISTENT	unknown	no
BRINP3	BRINP3	REPRESSED	INCONSISTENT	unknown	no
GFI1	GFI1	COMPLEX	INCONSISTENT	unknown	no
NLRP3	NLRP3	BIVALENT	REPRESSED	unknown	no
TRIM58	TRIM58	REPRESSED	INCONSISTENT	unknown	no
IGSF8	IGSF8	SIMPLE_AND	INCONSISTENT	unknown	no
DDR2	DDR2	SIMPLE_AND	INCONSISTENT	unknown	yes
VANGL2	VANGL2	SIMPLE_OR	INCONSISTENT	unknown	no
SLAMF6	SLAMF6	SIMPLE_AND	INCONSISTENT	unknown	no
C1orf74	C1orf74	SIMPLE_AND	COMPLEX	unknown	no
DENND2D	DENND2D	SIMPLE_AND	INCONSISTENT	unknown	no
NBPF20	NBPF20	SIMPLE_OR	INCONSISTENT	unknown	no
ACP6	ACP6	SIMPLE_AND	INCONSISTENT	unknown	no
PPP1R21	PPP1R21	SIMPLE_AND	INCONSISTENT	unknown	no
PKDCC	PKDCC	BIVALENT	INCONSISTENT	unknown	no
FCMR	FCMR	SIMPLE_AND	INCONSISTENT	unknown	no
OBSCN-AS1	OBSCN-AS1	INCONSISTENT	COMPLEX	unknown	no
REL	REL	COMPLEX	INCONSISTENT	transcription factor	yes
PUS10	PUS10	SIMPLE_AND	INCONSISTENT	unknown	no
SANBR	SANBR	SIMPLE_AND	INCONSISTENT	unknown	no
TRIM17	TRIM17	REPRESSED	INCONSISTENT	unknown	no
LRRTM1	LRRTM1	REPRESSED	BIVALENT	unknown	no
TYW5	TYW5	SIMPLE_AND	INCONSISTENT	unknown	no
SLC66A3	SLC66A3	BIVALENT	SIMPLE_AND	metabolic	no
LRATD1	LRATD1	REPRESSED	INCONSISTENT	unknown	no
CLHC1	CLHC1	SIMPLE_AND	INCONSISTENT	unknown	no
PRORSD1P	PRORSD1P	SIMPLE_AND	INCONSISTENT	unknown	no
CFAP36	CFAP36	COMPLEX	INCONSISTENT	unknown	no
ZSWIM2	ZSWIM2	BIVALENT	INCONSISTENT	unknown	no
FBXO41	FBXO41	SIMPLE_AND	INCONSISTENT	unknown	no
WDCP	WDCP	BIVALENT	SIMPLE_AND	unknown	yes
VSNL1	VSNL1	REPRESSED	BIVALENT	unknown	no
CCDC74A	CCDC74A	SIMPLE_AND	INCONSISTENT	unknown	no
BBS5	BBS5	SIMPLE_OR	INCONSISTENT	unknown	no
NEURL3	NEURL3	SIMPLE_OR	INCONSISTENT	unknown	no
ANKRD23	ANKRD23	SIMPLE_AND	INCONSISTENT	unknown	no
CTSS	CTSS	SIMPLE_AND	INCONSISTENT	unknown	no
MSX1	MSX1	BIVALENT	INCONSISTENT	transcription factor	no
TNFAIP8L2	TNFAIP8L2	SIMPLE_AND	INCONSISTENT	unknown	no
LYSMD1	LYSMD1	SIMPLE_AND	INCONSISTENT	unknown	no
SCNM1	SCNM1	SIMPLE_AND	SIMPLE_OR	unknown	no
S100A11	S100A11	INCONSISTENT	SIMPLE_AND	unknown	no
SPRR2D	SPRR2D	REPRESSED	INCONSISTENT	unknown	no
PGLYRP4	PGLYRP4	SIMPLE_OR	REPRESSED	unknown	no
TGFA	TGFA	REPRESSED	BIVALENT	unknown	no
CCNYL1	CCNYL1	SIMPLE_AND	INCONSISTENT	unknown	no
FZD5	FZD5	SIMPLE_OR	SIMPLE_AND	unknown	no
GNPDA2	GNPDA2	SIMPLE_AND	INCONSISTENT	unknown	no
PAQR3	PAQR3	SIMPLE_OR	SIMPLE_AND	unknown	no
NIPAL1	NIPAL1	SIMPLE_AND	INCONSISTENT	unknown	no
HELQ	HELQ	SIMPLE_AND	INCONSISTENT	unknown	no
GPR155	GPR155	SIMPLE_AND	COMPLEX	unknown	no
PMVK	PMVK	SIMPLE_AND	INCONSISTENT	unknown	no
PBXIP1	PBXIP1	SIMPLE_AND	INCONSISTENT	unknown	no
INAVA	INAVA	SIMPLE_AND	BIVALENT	unknown	no
KBTBD8	KBTBD8	SIMPLE_AND	INCONSISTENT	unknown	no
EOGT	EOGT	SIMPLE_AND	INCONSISTENT	unknown	no
POGLUT1	POGLUT1	SIMPLE_AND	INCONSISTENT	unknown	no
SLC22A15	SLC22A15	SIMPLE_OR	BIVALENT	metabolic	no
LMOD1	LMOD1	REPRESSED	INCONSISTENT	unknown	no
IGFBP7	IGFBP7	REPRESSED	INCONSISTENT	unknown	no
TRIM46	TRIM46	COMPLEX	INCONSISTENT	unknown	no
KRTCAP2	KRTCAP2	COMPLEX	SIMPLE_AND	unknown	no
TMEM79	TMEM79	SIMPLE_AND	INCONSISTENT	unknown	no
STK36	STK36	SIMPLE_AND	INCONSISTENT	kinase/signaling	no
NEK10	NEK10	SIMPLE_OR	INCONSISTENT	kinase/signaling	no
FEV	FEV	REPRESSED	INCONSISTENT	unknown	yes
CRYBA2	CRYBA2	REPRESSED	INCONSISTENT	unknown	no
EOMES	EOMES	BIVALENT	INCONSISTENT	unknown	no
CWC22	CWC22	SIMPLE_AND	INCONSISTENT	unknown	no
TGFBR2	TGFBR2	BIVALENT	INCONSISTENT	unknown	yes
FBLN2	FBLN2	REPRESSED	INCONSISTENT	unknown	yes
GLB1L	GLB1L	SIMPLE_AND	INCONSISTENT	unknown	no
SERPINI1	SERPINI1	SIMPLE_AND	INCONSISTENT	unknown	no
EFHB	EFHB	COMPLEX	INCONSISTENT	unknown	no
SLC2A2	SLC2A2	REPRESSED	BIVALENT	metabolic	no
ICA1L	ICA1L	SIMPLE_AND	INCONSISTENT	unknown	no
RYBP	RYBP	SIMPLE_AND	INCONSISTENT	unknown	no
SPICE1	SPICE1	SIMPLE_AND	INCONSISTENT	unknown	no
CCDC191	CCDC191	SIMPLE_AND	INCONSISTENT	unknown	no
WDFY3	WDFY3	REPRESSED	INCONSISTENT	unknown	no
PTPN13	PTPN13	BIVALENT	REPRESSED	unknown	yes
C4orf36	C4orf36	SIMPLE_OR	INCONSISTENT	unknown	no
ATXN7	ATXN7	SIMPLE_AND	INCONSISTENT	unknown	no
ADAMTS9	ADAMTS9	REPRESSED	INCONSISTENT	unknown	no
PPM1K	PPM1K	SIMPLE_AND	INCONSISTENT	unknown	no
TIPARP	TIPARP	SIMPLE_AND	INCONSISTENT	unknown	no
PTX3	PTX3	REPRESSED	INCONSISTENT	unknown	no
SMIM14	SMIM14	SIMPLE_AND	INCONSISTENT	unknown	no
RPP14	RPP14	SIMPLE_AND	INCONSISTENT	unknown	no
ABHD6	ABHD6	SIMPLE_AND	INCONSISTENT	unknown	no
CFAP20DC	CFAP20DC	SIMPLE_OR	INCONSISTENT	unknown	no
RBM47	RBM47	SIMPLE_AND	REPRESSED	unknown	no
IL17RC	IL17RC	SIMPLE_OR	INCONSISTENT	unknown	no
PRRT3	PRRT3	SIMPLE_AND	INCONSISTENT	unknown	no
PCOLCE2	PCOLCE2	REPRESSED	INCONSISTENT	unknown	no
U2SURP	U2SURP	REPRESSED	SIMPLE_AND	unknown	no
CXCL3	CXCL3	BIVALENT	INCONSISTENT	unknown	no
HPS3	HPS3	SIMPLE_AND	INCONSISTENT	unknown	no
RYK	RYK	SIMPLE_OR	INCONSISTENT	unknown	no
ZNF513	ZNF513	SIMPLE_AND	INCONSISTENT	transcription factor	no
KIAA1143	KIAA1143	SIMPLE_AND	COMPLEX	unknown	no
KIF15	KIF15	SIMPLE_AND	COMPLEX	unknown	no
CDCP1	CDCP1	BIVALENT	SIMPLE_AND	unknown	no
SLC6A20	SLC6A20	BIVALENT	REPRESSED	metabolic	no
FYCO1	FYCO1	SIMPLE_AND	INCONSISTENT	unknown	no
DTX3L	DTX3L	SIMPLE_AND	INCONSISTENT	unknown	no
SMIM12	SMIM12	SIMPLE_AND	COMPLEX	unknown	no
ZC3H12A	ZC3H12A	SIMPLE_AND	INCONSISTENT	unknown	no
SNIP1	SNIP1	SIMPLE_AND	COMPLEX	unknown	no
KLF15	KLF15	BIVALENT	INCONSISTENT	transcription factor	no
CAMK2N2	CAMK2N2	BIVALENT	INCONSISTENT	kinase/signaling	no
LIPH	LIPH	SIMPLE_AND	INCONSISTENT	unknown	no
IFT122	IFT122	SIMPLE_OR	INCONSISTENT	unknown	no
SFMBT1	SFMBT1	SIMPLE_AND	INCONSISTENT	unknown	no
UVSSA	UVSSA	SIMPLE_AND	INCONSISTENT	unknown	no
ARHGEF3	ARHGEF3	BIVALENT	INCONSISTENT	unknown	no
MELTF	MELTF	SIMPLE_AND	INCONSISTENT	unknown	no
ABLIM2	ABLIM2	INCONSISTENT	BIVALENT	unknown	no
C1orf50	C1orf50	SIMPLE_AND	INCONSISTENT	unknown	no
ZNF691	ZNF691	SIMPLE_AND	INCONSISTENT	transcription factor	no
SGMS2	SGMS2	REPRESSED	BIVALENT	unknown	no
DNAJB14	DNAJB14	SIMPLE_AND	INCONSISTENT	unknown	no
SLC9B1	SLC9B1	SIMPLE_AND	INCONSISTENT	unknown	no
BDH2	BDH2	SIMPLE_AND	INCONSISTENT	unknown	no
PGRMC2	PGRMC2	SIMPLE_AND	INCONSISTENT	unknown	no
ZNF589	ZNF589	SIMPLE_AND	INCONSISTENT	transcription factor	no
CCDC51	CCDC51	SIMPLE_AND	INCONSISTENT	unknown	no
SPRY1	SPRY1	BIVALENT	INCONSISTENT	unknown	no
BSN	BSN	BIVALENT	INCONSISTENT	unknown	no
ABHD18	ABHD18	SIMPLE_AND	INCONSISTENT	unknown	no
CAMKV	CAMKV	REPRESSED	INCONSISTENT	kinase/signaling	no
MST1R	MST1R	SIMPLE_AND	INCONSISTENT	unknown	no
PPM1M	PPM1M	SIMPLE_AND	INCONSISTENT	unknown	no
ETNPPL	ETNPPL	REPRESSED	BIVALENT	unknown	no
SAP30	SAP30	SIMPLE_AND	INCONSISTENT	chromatin regulator	no
HAND2	HAND2	REPRESSED	INCONSISTENT	unknown	no
SMIM43	SMIM43	REPRESSED	BIVALENT	unknown	no
HPGD	HPGD	BIVALENT	INCONSISTENT	unknown	no
FHIP1A	FHIP1A	BIVALENT	INCONSISTENT	unknown	no
HHIP	HHIP	BIVALENT	INCONSISTENT	unknown	no
PRMT9	PRMT9	SIMPLE_AND	INCONSISTENT	chromatin regulator	no
PGGT1B	PGGT1B	SIMPLE_AND	INCONSISTENT	unknown	no
CCDC112	CCDC112	INCONSISTENT	COMPLEX	unknown	no
ANKRD33B	ANKRD33B	SIMPLE_AND	INCONSISTENT	unknown	no
CMBL	CMBL	INCONSISTENT	SIMPLE_AND	unknown	no
C5orf63	C5orf63	SIMPLE_AND	INCONSISTENT	unknown	no
F2RL1	F2RL1	BIVALENT	INCONSISTENT	unknown	no
CDC20B	CDC20B	BIVALENT	INCONSISTENT	kinase/signaling	no
ARSK	ARSK	SIMPLE_AND	INCONSISTENT	unknown	no
GPX8	GPX8	REPRESSED	BIVALENT	unknown	no
TIGD6	TIGD6	SIMPLE_AND	INCONSISTENT	unknown	no
SERINC5	SERINC5	SIMPLE_AND	INCONSISTENT	unknown	no
PRIMPOL	PRIMPOL	SIMPLE_AND	INCONSISTENT	unknown	no
ERAP2	ERAP2	SIMPLE_AND	INCONSISTENT	unknown	no
CFAP97	CFAP97	SIMPLE_AND	SIMPLE_OR	unknown	no
EBF1	EBF1	SIMPLE_AND	INCONSISTENT	unknown	yes
ANKRA2	ANKRA2	SIMPLE_AND	INCONSISTENT	unknown	no
UBLCP1	UBLCP1	SIMPLE_AND	INCONSISTENT	unknown	no
TERT	TERT	SIMPLE_OR	BIVALENT	unknown	yes
CCDC127	CCDC127	SIMPLE_AND	INCONSISTENT	unknown	no
ACSL6	ACSL6	REPRESSED	INCONSISTENT	metabolic	yes
SHROOM1	SHROOM1	SIMPLE_OR	INCONSISTENT	unknown	no
SLC35A1	SLC35A1	SIMPLE_AND	INCONSISTENT	metabolic	no
TBXT	TBXT	BIVALENT	REPRESSED	unknown	no
CREBRF	CREBRF	SIMPLE_AND	INCONSISTENT	transcription factor	no
SFXN1	SFXN1	COMPLEX	BIVALENT	unknown	no
SAMD3	SAMD3	BIVALENT	INCONSISTENT	unknown	no
TMEM200A	TMEM200A	BIVALENT	INCONSISTENT	unknown	no
IL22RA2	IL22RA2	INCONSISTENT	COMPLEX	unknown	no
STK17A	STK17A	SIMPLE_AND	INCONSISTENT	kinase/signaling	no
SAP30L	SAP30L	SIMPLE_AND	INCONSISTENT	chromatin regulator	no
BMT2	BMT2	SIMPLE_AND	INCONSISTENT	unknown	no
SLU7	SLU7	SIMPLE_AND	INCONSISTENT	unknown	no
CAMLG	CAMLG	SIMPLE_AND	INCONSISTENT	unknown	no
RELL2	RELL2	SIMPLE_AND	INCONSISTENT	unknown	no
ZNF12	ZNF12	SIMPLE_AND	COMPLEX	transcription factor	no
STEAP1	STEAP1	SIMPLE_OR	INCONSISTENT	unknown	no
CDCA7L	CDCA7L	SIMPLE_AND	BIVALENT	unknown	no
SP8	SP8	REPRESSED	INCONSISTENT	transcription factor	no
ELAPOR2	ELAPOR2	INCONSISTENT	SIMPLE_AND	unknown	no
USP49	USP49	SIMPLE_AND	INCONSISTENT	unknown	no
SYTL3	SYTL3	SIMPLE_AND	REPRESSED	unknown	no
IQUB	IQUB	BIVALENT	INCONSISTENT	unknown	no
HEY1	HEY1	SIMPLE_AND	INCONSISTENT	transcription factor	yes
FABP5	FABP5	SIMPLE_AND	INCONSISTENT	unknown	no
TAGAP	TAGAP	COMPLEX	REPRESSED	unknown	no
COL1A2	COL1A2	REPRESSED	SIMPLE_OR	structural/other	no
FNDC1	FNDC1	REPRESSED	INCONSISTENT	unknown	no
BRI3	BRI3	SIMPLE_AND	INCONSISTENT	unknown	no
ADCY1	ADCY1	REPRESSED	BIVALENT	unknown	no
PEX2	PEX2	SIMPLE_AND	INCONSISTENT	unknown	no
DNAAF5	DNAAF5	SIMPLE_AND	COMPLEX	unknown	no
OSGIN2	OSGIN2	SIMPLE_AND	INCONSISTENT	unknown	no
TMEM74	TMEM74	BIVALENT	INCONSISTENT	unknown	no
GPR146	GPR146	SIMPLE_AND	INCONSISTENT	unknown	no
PHAX	PHAX	SIMPLE_AND	COMPLEX	unknown	no
ALDH7A1	ALDH7A1	SIMPLE_OR	REPRESSED	metabolic	no
OSR2	OSR2	SIMPLE_AND	INCONSISTENT	unknown	no
TP53INP1	TP53INP1	SIMPLE_AND	INCONSISTENT	unknown	no
GEM	GEM	SIMPLE_AND	BIVALENT	unknown	no
TMEM67	TMEM67	SIMPLE_AND	INCONSISTENT	unknown	no
FAM219A	FAM219A	BIVALENT	INCONSISTENT	unknown	no
NUDT2	NUDT2	SIMPLE_AND	INCONSISTENT	unknown	no
TMEM65	TMEM65	SIMPLE_AND	INCONSISTENT	unknown	no
CCDC171	CCDC171	SIMPLE_AND	INCONSISTENT	unknown	no
SYK	SYK	SIMPLE_AND	INCONSISTENT	kinase/signaling	yes
NIPSNAP3B	NIPSNAP3B	SIMPLE_AND	INCONSISTENT	unknown	no
NFIL3	NFIL3	BIVALENT	INCONSISTENT	unknown	no
LETM2	LETM2	SIMPLE_AND	INCONSISTENT	unknown	no
FXN	FXN	SIMPLE_AND	INCONSISTENT	unknown	no
NKX6-3	NKX6-3	REPRESSED	INCONSISTENT	transcription factor	no
HGSNAT	HGSNAT	SIMPLE_AND	INCONSISTENT	unknown	no
KIF27	KIF27	SIMPLE_AND	INCONSISTENT	unknown	no
HNRNPK	HNRNPK	COMPLEX	SIMPLE_AND	unknown	no
ANKS6	ANKS6	BIVALENT	SIMPLE_AND	unknown	no
DYNLT3	DYNLT3	SIMPLE_AND	INCONSISTENT	unknown	no
CARD19	CARD19	SIMPLE_AND	INCONSISTENT	unknown	no
WNK2	WNK2	REPRESSED	BIVALENT	kinase/signaling	yes
ZNF367	ZNF367	SIMPLE_AND	INCONSISTENT	transcription factor	no
AQP3	AQP3	INCONSISTENT	SIMPLE_AND	unknown	no
TRMT10B	TRMT10B	SIMPLE_AND	INCONSISTENT	unknown	no
MELK	MELK	COMPLEX	SIMPLE_AND	unknown	no
OTUD1	OTUD1	BIVALENT	INCONSISTENT	unknown	no
DEUP1	DEUP1	REPRESSED	INCONSISTENT	unknown	no
HECTD2	HECTD2	SIMPLE_AND	INCONSISTENT	unknown	no
FBXO33	FBXO33	SIMPLE_AND	INCONSISTENT	unknown	no
INTS6L	INTS6L	SIMPLE_AND	INCONSISTENT	unknown	no
GPR101	GPR101	BIVALENT	REPRESSED	unknown	no
LRFN5	LRFN5	REPRESSED	INCONSISTENT	unknown	no
SPTSSA	SPTSSA	SIMPLE_AND	INCONSISTENT	unknown	no
WRN	WRN	BIVALENT	SIMPLE_AND	unknown	yes
TSHR	TSHR	REPRESSED	INCONSISTENT	unknown	yes
CFL2	CFL2	SIMPLE_AND	INCONSISTENT	unknown	no
CRYL1	CRYL1	SIMPLE_AND	INCONSISTENT	unknown	no
REEP3	REEP3	SIMPLE_AND	COMPLEX	unknown	no
MICU2	MICU2	SIMPLE_AND	INCONSISTENT	unknown	no
DDIAS	DDIAS	SIMPLE_AND	INCONSISTENT	unknown	no
LRR1	LRR1	SIMPLE_AND	INCONSISTENT	unknown	no
DNAAF2	DNAAF2	SIMPLE_AND	INCONSISTENT	unknown	no
DEPP1	DEPP1	SIMPLE_AND	INCONSISTENT	unknown	no
ZNF22-AS1	ZNF22-AS1	INCONSISTENT	COMPLEX	transcription factor	no
ZNF22	ZNF22	SIMPLE_AND	COMPLEX	transcription factor	no
AMER2	AMER2	BIVALENT	REPRESSED	unknown	no
KBTBD6	KBTBD6	SIMPLE_AND	INCONSISTENT	unknown	no
OXGR1	OXGR1	REPRESSED	BIVALENT	unknown	no
BEND7	BEND7	REPRESSED	INCONSISTENT	unknown	no
PRPF18	PRPF18	SIMPLE_AND	INCONSISTENT	unknown	no
TAF3	TAF3	SIMPLE_AND	INCONSISTENT	unknown	no
VSTM4	VSTM4	REPRESSED	INCONSISTENT	unknown	no
ABRAXAS2	ABRAXAS2	SIMPLE_AND	INCONSISTENT	unknown	no
QSOX2	QSOX2	SIMPLE_AND	INCONSISTENT	unknown	no
FAM204A	FAM204A	COMPLEX	INCONSISTENT	unknown	no
SNAPC4	SNAPC4	SIMPLE_AND	INCONSISTENT	unknown	no
AK8	AK8	BIVALENT	INCONSISTENT	unknown	no
SPACA9	SPACA9	BIVALENT	INCONSISTENT	unknown	no
GFI1B	GFI1B	INCONSISTENT	SIMPLE_AND	unknown	no
DIPK1B	DIPK1B	REPRESSED	SIMPLE_AND	unknown	no
STK32C	STK32C	SIMPLE_AND	INCONSISTENT	kinase/signaling	no
PIP4P1	PIP4P1	SIMPLE_AND	INCONSISTENT	unknown	no
NDRG2	NDRG2	BIVALENT	SIMPLE_OR	unknown	no
ARHGEF40	ARHGEF40	BIVALENT	INCONSISTENT	unknown	no
ZNF219	ZNF219	SIMPLE_AND	INCONSISTENT	transcription factor	no
CASP7	CASP7	SIMPLE_AND	INCONSISTENT	unknown	no
CCDC186	CCDC186	SIMPLE_AND	INCONSISTENT	unknown	no
TRUB1	TRUB1	SIMPLE_AND	INCONSISTENT	unknown	no
ZFYVE1	ZFYVE1	SIMPLE_AND	INCONSISTENT	unknown	no
FRAT1	FRAT1	BIVALENT	INCONSISTENT	unknown	no
E2F7	E2F7	SIMPLE_AND	INCONSISTENT	transcription factor	no
ARHGAP42	ARHGAP42	SIMPLE_AND	INCONSISTENT	unknown	no
ISCA2	ISCA2	SIMPLE_AND	INCONSISTENT	unknown	no
LARGE2	LARGE2	REPRESSED	INCONSISTENT	unknown	no
PACSIN3	PACSIN3	BIVALENT	INCONSISTENT	unknown	no
TTC7B	TTC7B	INCONSISTENT	SIMPLE_AND	unknown	no
SLC39A13	SLC39A13	SIMPLE_AND	INCONSISTENT	metabolic	no
AGBL2	AGBL2	SIMPLE_AND	INCONSISTENT	unknown	no
MOAP1	MOAP1	SIMPLE_AND	INCONSISTENT	unknown	no
IFI27L1	IFI27L1	SIMPLE_AND	INCONSISTENT	unknown	no
CLMN	CLMN	SIMPLE_OR	BIVALENT	unknown	no
HACD1	HACD1	BIVALENT	INCONSISTENT	unknown	no
SMCO4	SMCO4	SIMPLE_AND	INCONSISTENT	unknown	no
ABTB2	ABTB2	SIMPLE_AND	BIVALENT	unknown	no
R3HCC1L	R3HCC1L	SIMPLE_AND	INCONSISTENT	unknown	no
LIPC	LIPC	SIMPLE_AND	INCONSISTENT	unknown	no
TCP11L2	TCP11L2	SIMPLE_AND	INCONSISTENT	unknown	no
SPRED1	SPRED1	SIMPLE_AND	INCONSISTENT	unknown	no
GPR176	GPR176	BIVALENT	INCONSISTENT	unknown	no
JAM3	JAM3	BIVALENT	INCONSISTENT	unknown	no
GPT2	GPT2	BIVALENT	INCONSISTENT	metabolic	no
IKBIP	IKBIP	SIMPLE_AND	INCONSISTENT	unknown	no
HIF1AN	HIF1AN	SIMPLE_AND	INCONSISTENT	unknown	no
SPINT1	SPINT1	BIVALENT	INCONSISTENT	unknown	no
DEPDC4	DEPDC4	SIMPLE_AND	INCONSISTENT	unknown	no
CKB	CKB	SIMPLE_OR	SIMPLE_AND	unknown	no
TRMT61A	TRMT61A	SIMPLE_AND	INCONSISTENT	unknown	no
BTRC	BTRC	SIMPLE_AND	INCONSISTENT	unknown	no
DPCD	DPCD	SIMPLE_OR	INCONSISTENT	unknown	no
ZNF319	ZNF319	SIMPLE_AND	INCONSISTENT	transcription factor	no
HPS6	HPS6	SIMPLE_AND	INCONSISTENT	unknown	no
ALKBH3	ALKBH3	SIMPLE_AND	INCONSISTENT	unknown	no
SGPL1	SGPL1	SIMPLE_AND	INCONSISTENT	unknown	no
FRS2	FRS2	SIMPLE_AND	INCONSISTENT	unknown	no
SCN3B	SCN3B	BIVALENT	INCONSISTENT	unknown	no
ZNF202	ZNF202	SIMPLE_AND	INCONSISTENT	transcription factor	no
FAM227B	FAM227B	SIMPLE_AND	INCONSISTENT	unknown	no
STXBP4	STXBP4	SIMPLE_AND	INCONSISTENT	unknown	no
BORCS7	BORCS7	SIMPLE_AND	INCONSISTENT	unknown	no
PLEKHF1	PLEKHF1	SIMPLE_AND	INCONSISTENT	unknown	no
SMPD1	SMPD1	SIMPLE_AND	INCONSISTENT	unknown	no
APBB1	APBB1	INCONSISTENT	BIVALENT	unknown	no
NUDT13	NUDT13	SIMPLE_AND	COMPLEX	unknown	no
C11orf65	C11orf65	SIMPLE_AND	INCONSISTENT	unknown	no
DCHS1	DCHS1	REPRESSED	INCONSISTENT	unknown	no
IFTAP	IFTAP	BIVALENT	INCONSISTENT	unknown	no
ATP9B	ATP9B	COMPLEX	SIMPLE_AND	unknown	no
PPFIBP2	PPFIBP2	SIMPLE_AND	INCONSISTENT	unknown	no
GARRE1	GARRE1	SIMPLE_AND	INCONSISTENT	unknown	no
SERPINB8	SERPINB8	SIMPLE_AND	INCONSISTENT	unknown	no
RIC3	RIC3	SIMPLE_OR	REPRESSED	unknown	no
TRIM66	TRIM66	SIMPLE_AND	INCONSISTENT	unknown	no
DENND2B	DENND2B	SIMPLE_AND	INCONSISTENT	unknown	no
LEO1	LEO1	SIMPLE_AND	INCONSISTENT	unknown	no
ZNF143	ZNF143	COMPLEX	SIMPLE_AND	transcription factor	no
MAPK7	MAPK7	SIMPLE_AND	INCONSISTENT	kinase/signaling	no
HDGFL3	HDGFL3	SIMPLE_AND	BIVALENT	unknown	no
CCDC68	CCDC68	REPRESSED	INCONSISTENT	unknown	no
ZSCAN21	ZSCAN21	SIMPLE_AND	INCONSISTENT	unknown	no
BEAN1	BEAN1	REPRESSED	BIVALENT	unknown	no
TK2	TK2	SIMPLE_AND	INCONSISTENT	unknown	no
SEC11C	SEC11C	SIMPLE_AND	INCONSISTENT	unknown	no
IQCD	IQCD	SIMPLE_AND	INCONSISTENT	unknown	no
RRAD	RRAD	BIVALENT	INCONSISTENT	unknown	no
TVP23A	TVP23A	SIMPLE_OR	INCONSISTENT	unknown	no
ZCCHC18	ZCCHC18	SIMPLE_AND	BIVALENT	unknown	no
SLFN5	SLFN5	SIMPLE_AND	BIVALENT	unknown	no
YPEL4	YPEL4	REPRESSED	INCONSISTENT	unknown	no
FAM111A	FAM111A	SIMPLE_AND	INCONSISTENT	unknown	no
PEX11A	PEX11A	SIMPLE_OR	REPRESSED	unknown	no
ANPEP	ANPEP	REPRESSED	INCONSISTENT	unknown	no
SCNN1G	SCNN1G	BIVALENT	REPRESSED	unknown	no
ANKDD1A	ANKDD1A	SIMPLE_OR	BIVALENT	unknown	no
C18orf54	C18orf54	SIMPLE_AND	INCONSISTENT	unknown	no
ZBTB39	ZBTB39	SIMPLE_AND	INCONSISTENT	transcription factor	no
CHP2	CHP2	REPRESSED	INCONSISTENT	unknown	no
ELFN2	ELFN2	REPRESSED	INCONSISTENT	unknown	no
PIP4K2C	PIP4K2C	SIMPLE_AND	INCONSISTENT	unknown	no
MTMR10	MTMR10	SIMPLE_AND	INCONSISTENT	unknown	no
MS4A7	MS4A7	SIMPLE_AND	REPRESSED	unknown	no
MS4A14	MS4A14	SIMPLE_AND	REPRESSED	unknown	no
SMAD3	SMAD3	SIMPLE_OR	SIMPLE_AND	unknown	yes
MAP1A	MAP1A	INCONSISTENT	SIMPLE_AND	unknown	no
RCCD1	RCCD1	SIMPLE_AND	INCONSISTENT	unknown	no
AKTIP	AKTIP	SIMPLE_AND	INCONSISTENT	unknown	no
EVA1C	EVA1C	REPRESSED	INCONSISTENT	unknown	no
MBD6	MBD6	SIMPLE_AND	INCONSISTENT	chromatin regulator	no
CNPY4	CNPY4	SIMPLE_AND	INCONSISTENT	unknown	no
DUSP18	DUSP18	SIMPLE_AND	INCONSISTENT	unknown	no
PBX3	PBX3	SIMPLE_AND	BIVALENT	transcription factor	no
GNGT2	GNGT2	SIMPLE_AND	REPRESSED	unknown	no
SAMD14	SAMD14	BIVALENT	INCONSISTENT	unknown	no
FAM102A	FAM102A	SIMPLE_AND	INCONSISTENT	unknown	no
ACSF2	ACSF2	SIMPLE_AND	INCONSISTENT	unknown	no
CCDC103	CCDC103	SIMPLE_AND	INCONSISTENT	unknown	no
SP2	SP2	SIMPLE_AND	INCONSISTENT	transcription factor	no
COQ7	COQ7	SIMPLE_AND	INCONSISTENT	unknown	no
GPRC5B	GPRC5B	BIVALENT	INCONSISTENT	unknown	no
TBC1D2B	TBC1D2B	SIMPLE_AND	INCONSISTENT	unknown	no
ZNF91	ZNF91	SIMPLE_AND	INCONSISTENT	transcription factor	no
TEPSIN	TEPSIN	SIMPLE_AND	INCONSISTENT	unknown	no
MYO5B	MYO5B	BIVALENT	INCONSISTENT	unknown	no
ACAA2	ACAA2	SIMPLE_AND	INCONSISTENT	unknown	no
TRIM68	TRIM68	SIMPLE_AND	INCONSISTENT	unknown	no
PRRT2	PRRT2	SIMPLE_OR	INCONSISTENT	unknown	no
ZNF23	ZNF23	SIMPLE_AND	INCONSISTENT	transcription factor	no
ZNF226	ZNF226	COMPLEX	INCONSISTENT	transcription factor	no
ZNF668	ZNF668	SIMPLE_AND	INCONSISTENT	transcription factor	no
ZNF646	ZNF646	SIMPLE_AND	INCONSISTENT	transcription factor	no
GNG8	GNG8	BIVALENT	INCONSISTENT	unknown	no
NIBAN3	NIBAN3	SIMPLE_OR	INCONSISTENT	unknown	no
KLHL26	KLHL26	SIMPLE_AND	INCONSISTENT	unknown	no
SPATA33	SPATA33	SIMPLE_AND	INCONSISTENT	unknown	no
PROCA1	PROCA1	SIMPLE_AND	INCONSISTENT	unknown	no
ZNF641	ZNF641	SIMPLE_AND	INCONSISTENT	transcription factor	no
CACNB3	CACNB3	SIMPLE_AND	INCONSISTENT	unknown	no
TP53I13	TP53I13	SIMPLE_AND	SIMPLE_OR	unknown	no
CORO6	CORO6	SIMPLE_OR	INCONSISTENT	unknown	no
ZNF528	ZNF528	COMPLEX	INCONSISTENT	transcription factor	no
NCKAP5L	NCKAP5L	SIMPLE_AND	INCONSISTENT	unknown	no
RAB4B	RAB4B	SIMPLE_AND	INCONSISTENT	unknown	no
CYP2S1	CYP2S1	REPRESSED	INCONSISTENT	metabolic	no
CDC42EP5	CDC42EP5	BIVALENT	REPRESSED	kinase/signaling	no
ZNF526	ZNF526	SIMPLE_AND	INCONSISTENT	transcription factor	no
TRAPPC9	TRAPPC9	SIMPLE_AND	INCONSISTENT	unknown	no
ZNF283	ZNF283	SIMPLE_AND	INCONSISTENT	transcription factor	no
PPP1R14A	PPP1R14A	REPRESSED	SIMPLE_AND	unknown	no
SEMA6B	SEMA6B	REPRESSED	INCONSISTENT	unknown	no
NXN	NXN	BIVALENT	INCONSISTENT	unknown	no
MFSD3	MFSD3	SIMPLE_AND	INCONSISTENT	unknown	no
KIFC2	KIFC2	SIMPLE_AND	INCONSISTENT	unknown	no
SLC43A2	SLC43A2	SIMPLE_AND	INCONSISTENT	metabolic	no
SRR	SRR	SIMPLE_AND	INCONSISTENT	unknown	no
HSD11B1L	HSD11B1L	SIMPLE_AND	INCONSISTENT	unknown	no
CYB5D2	CYB5D2	SIMPLE_AND	INCONSISTENT	unknown	no
KLK4	KLK4	REPRESSED	INCONSISTENT	unknown	no
RCOR2	RCOR2	BIVALENT	INCONSISTENT	chromatin regulator	no
IGFBP6	IGFBP6	BIVALENT	INCONSISTENT	unknown	no
ZNF558	ZNF558	COMPLEX	SIMPLE_AND	transcription factor	no
NUDT8	NUDT8	SIMPLE_AND	INCONSISTENT	unknown	no
MIS12	MIS12	SIMPLE_AND	INCONSISTENT	unknown	no
TMEM88	TMEM88	SIMPLE_AND	INCONSISTENT	unknown	no
TMC8	TMC8	SIMPLE_AND	INCONSISTENT	unknown	no
TOX-DT	TOX-DT	COMPLEX	INCONSISTENT	unknown	no
CASKIN1	CASKIN1	REPRESSED	INCONSISTENT	unknown	no
ZNF597	ZNF597	SIMPLE_AND	INCONSISTENT	transcription factor	no
NLRC3	NLRC3	SIMPLE_AND	REPRESSED	unknown	no
SDHAF2	SDHAF2	COMPLEX	SIMPLE_AND	unknown	yes
VPS37C	VPS37C	SIMPLE_AND	INCONSISTENT	unknown	no
POLR2G	POLR2G	COMPLEX	SIMPLE_AND	unknown	no
ATG16L2	ATG16L2	SIMPLE_AND	INCONSISTENT	unknown	no
TRANK1	TRANK1	BIVALENT	REPRESSED	unknown	no
TTC21A	TTC21A	SIMPLE_AND	INCONSISTENT	unknown	no
ENTPD3	ENTPD3	REPRESSED	INCONSISTENT	unknown	no
ULK4	ULK4	SIMPLE_AND	INCONSISTENT	unknown	no
LTBP3	LTBP3	REPRESSED	INCONSISTENT	unknown	no
SF1	SF1	COMPLEX	SIMPLE_AND	unknown	no
MAP4K2	MAP4K2	SIMPLE_AND	INCONSISTENT	kinase/signaling	no
CCDC88B	CCDC88B	SIMPLE_AND	INCONSISTENT	unknown	no
NUDT16L1	NUDT16L1	SIMPLE_AND	INCONSISTENT	unknown	no
RAB4A	RAB4A	SIMPLE_AND	INCONSISTENT	unknown	no
KCNJ4	KCNJ4	REPRESSED	INCONSISTENT	unknown	no
THAP9	THAP9	SIMPLE_AND	INCONSISTENT	unknown	no
LMBRD1	LMBRD1	SIMPLE_AND	SIMPLE_OR	unknown	no
GLYCTK	GLYCTK	SIMPLE_AND	INCONSISTENT	unknown	no
UBTD2	UBTD2	SIMPLE_AND	INCONSISTENT	unknown	no
POLR2J3	POLR2J3	SIMPLE_OR	SIMPLE_AND	unknown	no
SMIM4	SMIM4	SIMPLE_AND	INCONSISTENT	unknown	no
PXK	PXK	SIMPLE_AND	INCONSISTENT	unknown	no
KCTD6	KCTD6	SIMPLE_OR	INCONSISTENT	unknown	no
IRF2	IRF2	SIMPLE_AND	INCONSISTENT	transcription factor	no
MFSD2A	MFSD2A	SIMPLE_AND	REPRESSED	unknown	no
TAP1	TAP1	SIMPLE_AND	BIVALENT	unknown	no
MLKL	MLKL	SIMPLE_AND	INCONSISTENT	kinase/signaling	no
LGI3	LGI3	REPRESSED	BIVALENT	unknown	no
SFTPC	SFTPC	REPRESSED	BIVALENT	unknown	no
CCDC110	CCDC110	INCONSISTENT	BIVALENT	unknown	no
POLR3D	POLR3D	COMPLEX	SIMPLE_AND	unknown	no
CAVIN2	CAVIN2	REPRESSED	SIMPLE_AND	unknown	no
MTCL1	MTCL1	BIVALENT	INCONSISTENT	unknown	no
GBX2	GBX2	REPRESSED	INCONSISTENT	unknown	no
HEXIM2	HEXIM2	SIMPLE_AND	INCONSISTENT	unknown	no
SERINC2	SERINC2	REPRESSED	INCONSISTENT	unknown	no
CHRM1	CHRM1	REPRESSED	INCONSISTENT	unknown	no
ING2	ING2	SIMPLE_AND	INCONSISTENT	chromatin regulator	no
CDKN2AIP	CDKN2AIP	SIMPLE_AND	INCONSISTENT	unknown	no
SNRNP48	SNRNP48	SIMPLE_AND	INCONSISTENT	unknown	no
TMEM223	TMEM223	SIMPLE_AND	INCONSISTENT	unknown	no
DYNLRB2	DYNLRB2	COMPLEX	INCONSISTENT	unknown	no
TMUB2	TMUB2	SIMPLE_AND	INCONSISTENT	unknown	no
AXIN2	AXIN2	BIVALENT	INCONSISTENT	unknown	yes
VWA3B	VWA3B	INCONSISTENT	BIVALENT	unknown	no
ZNF30	ZNF30	SIMPLE_AND	INCONSISTENT	transcription factor	no
LRATD2	LRATD2	BIVALENT	INCONSISTENT	unknown	no
KCTD19	KCTD19	SIMPLE_OR	INCONSISTENT	unknown	no
PKIG	PKIG	SIMPLE_OR	INCONSISTENT	unknown	no
CA7	CA7	REPRESSED	BIVALENT	unknown	no
SEMA4C	SEMA4C	BIVALENT	SIMPLE_AND	unknown	no
TET2	TET2	SIMPLE_AND	INCONSISTENT	chromatin regulator	yes
CXXC4	CXXC4	SIMPLE_AND	INCONSISTENT	unknown	no
TCTN2	TCTN2	SIMPLE_AND	INCONSISTENT	unknown	no
SHOX2	SHOX2	BIVALENT	INCONSISTENT	unknown	no
ABHD15	ABHD15	SIMPLE_AND	INCONSISTENT	unknown	no
SNTB2	SNTB2	SIMPLE_AND	INCONSISTENT	unknown	no
ZNF507	ZNF507	SIMPLE_AND	COMPLEX	transcription factor	no
ZBTB49	ZBTB49	SIMPLE_AND	INCONSISTENT	transcription factor	no
ANKRD49	ANKRD49	SIMPLE_AND	INCONSISTENT	unknown	no
USP39	USP39	SIMPLE_OR	SIMPLE_AND	unknown	no
TMEM150A	TMEM150A	SIMPLE_OR	INCONSISTENT	unknown	no
LRRC28	LRRC28	SIMPLE_AND	INCONSISTENT	unknown	no
ENHO	ENHO	REPRESSED	INCONSISTENT	unknown	no
SLC35G2	SLC35G2	BIVALENT	INCONSISTENT	unknown	no
INPP5D	INPP5D	SIMPLE_AND	INCONSISTENT	unknown	no
PPIC	PPIC	BIVALENT	INCONSISTENT	unknown	no
STXBP6	STXBP6	BIVALENT	REPRESSED	unknown	no
MFF	MFF	SIMPLE_AND	COMPLEX	unknown	no
JMJD7-PLA2G4B	JMJD7-PLA2G4B	SIMPLE_AND	INCONSISTENT	unknown	no
CPLX1	CPLX1	REPRESSED	INCONSISTENT	unknown	no
PXDC1	PXDC1	BIVALENT	INCONSISTENT	unknown	no
COMMD8	COMMD8	SIMPLE_AND	INCONSISTENT	unknown	no
HNRNPH1	HNRNPH1	SIMPLE_OR	SIMPLE_AND	unknown	no
IRS1	IRS1	COMPLEX	INCONSISTENT	unknown	no
ROR2	ROR2	REPRESSED	COMPLEX	unknown	no
DHRSX	DHRSX	SIMPLE_AND	INCONSISTENT	unknown	no
HSPBAP1	HSPBAP1	SIMPLE_AND	INCONSISTENT	unknown	no
ASMTL	ASMTL	SIMPLE_AND	INCONSISTENT	unknown	no
CHST14	CHST14	SIMPLE_AND	INCONSISTENT	unknown	no
ZNF354A	ZNF354A	SIMPLE_OR	INCONSISTENT	transcription factor	no
ATF5	ATF5	SIMPLE_AND	INCONSISTENT	transcription factor	no
UBE2V2	UBE2V2	COMPLEX	SIMPLE_AND	unknown	no
ZBTB43	ZBTB43	SIMPLE_AND	INCONSISTENT	transcription factor	no
PCSK9	PCSK9	REPRESSED	SIMPLE_AND	unknown	no
CCDC126	CCDC126	SIMPLE_AND	INCONSISTENT	unknown	no
RAB3B	RAB3B	INCONSISTENT	BIVALENT	unknown	no
CD2BP2	CD2BP2	SIMPLE_AND	INCONSISTENT	unknown	no
THBS3	THBS3	SIMPLE_AND	INCONSISTENT	unknown	no
EFNA1	EFNA1	BIVALENT	INCONSISTENT	unknown	no
ZRSR2	ZRSR2	SIMPLE_AND	INCONSISTENT	unknown	yes
NMD3	NMD3	BIVALENT	REPRESSED	unknown	no
B3GALNT1	B3GALNT1	BIVALENT	REPRESSED	unknown	no
GPRIN1	GPRIN1	BIVALENT	INCONSISTENT	unknown	no
CRADD	CRADD	SIMPLE_AND	INCONSISTENT	unknown	no
PTK2	PTK2	BIVALENT	SIMPLE_AND	unknown	no
KCNK9	KCNK9	REPRESSED	INCONSISTENT	unknown	no
RASSF6	RASSF6	SIMPLE_OR	INCONSISTENT	unknown	no
SDC2	SDC2	REPRESSED	BIVALENT	unknown	no
GPR183	GPR183	COMPLEX	INCONSISTENT	unknown	no
ZEB2	ZEB2	REPRESSED	SIMPLE_AND	transcription factor	no
DTWD2	DTWD2	SIMPLE_AND	INCONSISTENT	unknown	no
CLIC3	CLIC3	REPRESSED	INCONSISTENT	unknown	no
DFFB	DFFB	SIMPLE_AND	INCONSISTENT	unknown	no
ANTXR1	ANTXR1	REPRESSED	INCONSISTENT	unknown	no
CKAP2L	CKAP2L	SIMPLE_AND	INCONSISTENT	unknown	no
C15orf40	C15orf40	SIMPLE_AND	INCONSISTENT	unknown	no
RAMAC	RAMAC	SIMPLE_AND	COMPLEX	unknown	no
PROKR1	PROKR1	REPRESSED	INCONSISTENT	unknown	no
HIC2	HIC2	SIMPLE_OR	SIMPLE_AND	unknown	no
LUZP1	LUZP1	SIMPLE_AND	SIMPLE_OR	unknown	no
HEXD	HEXD	SIMPLE_AND	INCONSISTENT	unknown	no
LRRC45	LRRC45	SIMPLE_AND	INCONSISTENT	unknown	no
CHRNA5	CHRNA5	SIMPLE_AND	INCONSISTENT	unknown	no
MT1E	MT1E	BIVALENT	REPRESSED	unknown	no
ZNF32	ZNF32	SIMPLE_AND	INCONSISTENT	transcription factor	no
NRG4	NRG4	SIMPLE_OR	BIVALENT	unknown	no
TMEM266	TMEM266	SIMPLE_OR	BIVALENT	unknown	no
NLGN1	NLGN1	BIVALENT	INCONSISTENT	unknown	no
LINGO1	LINGO1	REPRESSED	BIVALENT	unknown	no
BTD	BTD	SIMPLE_AND	INCONSISTENT	unknown	no
CSGALNACT2	CSGALNACT2	SIMPLE_AND	INCONSISTENT	unknown	no
ONECUT1	ONECUT1	BIVALENT	INCONSISTENT	transcription factor	no
P2RY1	P2RY1	INCONSISTENT	SIMPLE_AND	unknown	no
TRIM56	TRIM56	SIMPLE_AND	INCONSISTENT	unknown	no
WNT10B	WNT10B	BIVALENT	INCONSISTENT	unknown	no
REPS2	REPS2	BIVALENT	INCONSISTENT	unknown	no
SYAP1	SYAP1	SIMPLE_AND	INCONSISTENT	unknown	no
PYDC1	PYDC1	REPRESSED	INCONSISTENT	unknown	no
TPST1	TPST1	SIMPLE_AND	BIVALENT	unknown	no
OTUD3	OTUD3	SIMPLE_AND	INCONSISTENT	unknown	no
OTUD7A	OTUD7A	BIVALENT	INCONSISTENT	unknown	no
KLF13	KLF13	SIMPLE_AND	INCONSISTENT	transcription factor	no
ZFPM2	ZFPM2	INCONSISTENT	SIMPLE_AND	unknown	no
ZNF764	ZNF764	SIMPLE_AND	INCONSISTENT	transcription factor	no
ZNF747	ZNF747	SIMPLE_AND	INCONSISTENT	transcription factor	no
MAP3K2	MAP3K2	SIMPLE_AND	INCONSISTENT	kinase/signaling	no
ZNF35	ZNF35	SIMPLE_AND	INCONSISTENT	transcription factor	no
TIGD4	TIGD4	INCONSISTENT	BIVALENT	unknown	no
IFFO2	IFFO2	SIMPLE_AND	BIVALENT	unknown	no
NLGN2	NLGN2	BIVALENT	INCONSISTENT	unknown	no
TMEM154	TMEM154	SIMPLE_AND	INCONSISTENT	unknown	no
MYRIP	MYRIP	REPRESSED	INCONSISTENT	unknown	no
KCNAB3	KCNAB3	SIMPLE_AND	INCONSISTENT	unknown	no
ZNF778	ZNF778	SIMPLE_AND	INCONSISTENT	transcription factor	no
HNRNPA3	HNRNPA3	COMPLEX	SIMPLE_AND	unknown	no
SIK2	SIK2	COMPLEX	SIMPLE_AND	unknown	no
CHRNB1	CHRNB1	REPRESSED	INCONSISTENT	unknown	no
HOXD12	HOXD12	REPRESSED	BIVALENT	transcription factor	no
SLC16A5	SLC16A5	SIMPLE_AND	INCONSISTENT	metabolic	no
NANP	NANP	SIMPLE_AND	INCONSISTENT	unknown	no
ADPRM	ADPRM	SIMPLE_AND	INCONSISTENT	unknown	no
FABP6	FABP6	REPRESSED	INCONSISTENT	unknown	no
PWWP2A	PWWP2A	SIMPLE_AND	INCONSISTENT	unknown	yes
ZNF212	ZNF212	SIMPLE_AND	INCONSISTENT	transcription factor	no
FAM161A	FAM161A	SIMPLE_AND	INCONSISTENT	unknown	no
GON7	GON7	SIMPLE_AND	INCONSISTENT	unknown	no
FAXDC2	FAXDC2	INCONSISTENT	SIMPLE_AND	unknown	no
CRTAP	CRTAP	INCONSISTENT	COMPLEX	unknown	no
HSPB2	HSPB2	REPRESSED	INCONSISTENT	unknown	no
STX8	STX8	SIMPLE_AND	INCONSISTENT	unknown	no
UBB	UBB	COMPLEX	SIMPLE_AND	unknown	no
FOS	FOS	BIVALENT	INCONSISTENT	transcription factor	no
TMED10	TMED10	COMPLEX	SIMPLE_AND	unknown	no
SETMAR	SETMAR	SIMPLE_AND	INCONSISTENT	unknown	no
SMAD1	SMAD1	INCONSISTENT	BIVALENT	unknown	no
EMX2	EMX2	REPRESSED	INCONSISTENT	unknown	no
DCLK2	DCLK2	REPRESSED	INCONSISTENT	unknown	no
ZNF804A	ZNF804A	BIVALENT	INCONSISTENT	transcription factor	no
ENSG00000170409		INCONSISTENT	REPRESSED	unknown	no
TMEM182	TMEM182	SIMPLE_AND	INCONSISTENT	unknown	no
KRT8	KRT8	INCONSISTENT	SIMPLE_AND	structural/other	no
ADORA2B	ADORA2B	BIVALENT	SIMPLE_AND	unknown	no
KRT86	KRT86	INCONSISTENT	REPRESSED	structural/other	no
DENND5B	DENND5B	SIMPLE_AND	BIVALENT	unknown	no
SPATA24	SPATA24	SIMPLE_AND	INCONSISTENT	unknown	no
SLC23A1	SLC23A1	SIMPLE_AND	INCONSISTENT	metabolic	no
LONRF2	LONRF2	REPRESSED	INCONSISTENT	unknown	no
PFKFB3	PFKFB3	SIMPLE_AND	INCONSISTENT	unknown	no
TMC7	TMC7	REPRESSED	INCONSISTENT	unknown	no
SERPINB9	SERPINB9	BIVALENT	SIMPLE_AND	unknown	no
SMAGP	SMAGP	BIVALENT	SIMPLE_AND	unknown	no
FOXA3	FOXA3	BIVALENT	INCONSISTENT	transcription factor	no
SLC26A5	SLC26A5	REPRESSED	BIVALENT	metabolic	no
COMMD5	COMMD5	SIMPLE_AND	INCONSISTENT	unknown	no
GTSF1	GTSF1	INCONSISTENT	SIMPLE_AND	unknown	no
ZNF16	ZNF16	SIMPLE_AND	COMPLEX	transcription factor	no
ACYP2	ACYP2	SIMPLE_AND	INCONSISTENT	unknown	no
SOCS6	SOCS6	SIMPLE_AND	INCONSISTENT	unknown	no
ZNF296	ZNF296	SIMPLE_AND	INCONSISTENT	transcription factor	no
HOXB9	HOXB9	BIVALENT	SIMPLE_AND	transcription factor	no
TTLL6	TTLL6	BIVALENT	INCONSISTENT	unknown	no
AKAP13	AKAP13	SIMPLE_AND	INCONSISTENT	unknown	no
CHCHD7	CHCHD7	SIMPLE_AND	BIVALENT	unknown	yes
PPM1D	PPM1D	SIMPLE_AND	INCONSISTENT	unknown	yes
LSM3	LSM3	SIMPLE_AND	INCONSISTENT	unknown	no
RNF139	RNF139	COMPLEX	SIMPLE_AND	unknown	no
PLA2G1B	PLA2G1B	INCONSISTENT	BIVALENT	unknown	no
MSANTD4	MSANTD4	SIMPLE_AND	INCONSISTENT	unknown	no
PAQR8	PAQR8	SIMPLE_AND	INCONSISTENT	unknown	no
NUDT6	NUDT6	SIMPLE_AND	INCONSISTENT	unknown	no
TPT1-AS1	TPT1-AS1	SIMPLE_AND	INCONSISTENT	unknown	no
TANC2	TANC2	BIVALENT	SIMPLE_AND	unknown	no
MBD3L1	MBD3L1	COMPLEX	INCONSISTENT	unknown	no
S1PR1	S1PR1	SIMPLE_AND	INCONSISTENT	unknown	no
PYGO1	PYGO1	REPRESSED	BIVALENT	unknown	no
PKIA	PKIA	SIMPLE_AND	INCONSISTENT	unknown	no
TSNARE1	TSNARE1	SIMPLE_AND	INCONSISTENT	unknown	no
FAM86JP	FAM86JP	SIMPLE_AND	INCONSISTENT	unknown	no
KYAT1	KYAT1	SIMPLE_AND	INCONSISTENT	unknown	no
MTM1	MTM1	SIMPLE_AND	INCONSISTENT	unknown	no
TRMT61B	TRMT61B	SIMPLE_AND	INCONSISTENT	unknown	no
INSR	INSR	SIMPLE_AND	INCONSISTENT	kinase/signaling	no
GIMAP8	GIMAP8	SIMPLE_AND	REPRESSED	unknown	no
KCNG3	KCNG3	BIVALENT	INCONSISTENT	unknown	no
PRKCE	PRKCE	SIMPLE_AND	BIVALENT	kinase/signaling	no
SOCS5	SOCS5	COMPLEX	INCONSISTENT	unknown	no
C1GALT1C1	C1GALT1C1	SIMPLE_AND	INCONSISTENT	unknown	no
MORN4	MORN4	SIMPLE_OR	INCONSISTENT	unknown	no
TMEM126A	TMEM126A	COMPLEX	INCONSISTENT	unknown	no
NPTX1	NPTX1	REPRESSED	INCONSISTENT	unknown	no
FAM98B	FAM98B	SIMPLE_AND	INCONSISTENT	unknown	no
GAA	GAA	SIMPLE_OR	INCONSISTENT	unknown	no
KRT19	KRT19	REPRESSED	SIMPLE_AND	structural/other	no
CLCN5	CLCN5	SIMPLE_OR	INCONSISTENT	unknown	no
KCND3	KCND3	REPRESSED	BIVALENT	unknown	no
APLN	APLN	INCONSISTENT	BIVALENT	unknown	no
KSR2	KSR2	SIMPLE_OR	BIVALENT	kinase/signaling	no
ZNF524	ZNF524	SIMPLE_AND	INCONSISTENT	transcription factor	no
ZBTB26	ZBTB26	SIMPLE_AND	INCONSISTENT	transcription factor	no
CDK5R2	CDK5R2	BIVALENT	INCONSISTENT	kinase/signaling	no
POLR1C	POLR1C	BIVALENT	SIMPLE_AND	unknown	no
DLK2	DLK2	BIVALENT	INCONSISTENT	unknown	no
WIPF2	WIPF2	SIMPLE_AND	INCONSISTENT	unknown	no
LRRC8C	LRRC8C	SIMPLE_AND	INCONSISTENT	unknown	no
COL24A1	COL24A1	REPRESSED	INCONSISTENT	structural/other	no
PTGER4	PTGER4	BIVALENT	INCONSISTENT	unknown	no
RAB4B-EGLN2	RAB4B-EGLN2	SIMPLE_AND	INCONSISTENT	unknown	no
ZNF584	ZNF584	SIMPLE_OR	SIMPLE_AND	transcription factor	no
ENC1	ENC1	SIMPLE_AND	BIVALENT	unknown	no
ZIK1	ZIK1	COMPLEX	INCONSISTENT	unknown	no
LKAAEAR1	LKAAEAR1	BIVALENT	INCONSISTENT	unknown	no
RGS19	RGS19	BIVALENT	SIMPLE_AND	unknown	no
TCEA2	TCEA2	SIMPLE_OR	INCONSISTENT	unknown	no
GATM	GATM	SIMPLE_AND	INCONSISTENT	unknown	no
RASGRP4	RASGRP4	SIMPLE_AND	INCONSISTENT	unknown	no
BCL2	BCL2	SIMPLE_AND	INCONSISTENT	unknown	yes
METTL18	METTL18	SIMPLE_AND	INCONSISTENT	unknown	no
ZNF540	ZNF540	COMPLEX	INCONSISTENT	transcription factor	no
FBXL14	FBXL14	SIMPLE_AND	INCONSISTENT	unknown	no
ZNF570	ZNF570	COMPLEX	INCONSISTENT	transcription factor	no
MLLT3	MLLT3	SIMPLE_AND	INCONSISTENT	unknown	yes
PRNP	PRNP	SIMPLE_OR	SIMPLE_AND	unknown	no
FRMD5	FRMD5	BIVALENT	REPRESSED	unknown	no
SRGAP2C	SRGAP2C	SIMPLE_OR	SIMPLE_AND	unknown	no
ZNF57	ZNF57	SIMPLE_AND	INCONSISTENT	transcription factor	no
SHLD1	SHLD1	SIMPLE_AND	INCONSISTENT	unknown	no
JMJD1C	JMJD1C	SIMPLE_AND	COMPLEX	unknown	no
LDHAL6B	LDHAL6B	INCONSISTENT	REPRESSED	unknown	no
MAL	MAL	SIMPLE_OR	REPRESSED	unknown	no
ZNF554	ZNF554	SIMPLE_OR	INCONSISTENT	transcription factor	no
RAB33B	RAB33B	SIMPLE_AND	INCONSISTENT	unknown	no
KLF11	KLF11	BIVALENT	INCONSISTENT	transcription factor	no
EIF2AK3	EIF2AK3	SIMPLE_AND	INCONSISTENT	unknown	no
FRMD3	FRMD3	BIVALENT	INCONSISTENT	unknown	no
MTBP	MTBP	SIMPLE_AND	INCONSISTENT	unknown	no
TEFM	TEFM	SIMPLE_AND	INCONSISTENT	unknown	no
MALT1	MALT1	SIMPLE_AND	INCONSISTENT	unknown	yes
CEBPB	CEBPB	INCONSISTENT	SIMPLE_AND	transcription factor	no
SERHL	SERHL	INCONSISTENT	SIMPLE_AND	unknown	no
BSG	BSG	SIMPLE_AND	COMPLEX	unknown	no
HINFP	HINFP	SIMPLE_AND	INCONSISTENT	unknown	no
CERS6	CERS6	SIMPLE_AND	INCONSISTENT	unknown	no
COPRS	COPRS	SIMPLE_OR	SIMPLE_AND	unknown	no
TP53RK	TP53RK	SIMPLE_AND	INCONSISTENT	unknown	no
B3GALT1	B3GALT1	BIVALENT	INCONSISTENT	unknown	no
CLEC12A	CLEC12A	INCONSISTENT	REPRESSED	unknown	no
BPGM	BPGM	SIMPLE_AND	INCONSISTENT	unknown	no
ALG14	ALG14	SIMPLE_AND	INCONSISTENT	unknown	no
STARD5	STARD5	SIMPLE_AND	INCONSISTENT	unknown	no
CSDC2	CSDC2	REPRESSED	INCONSISTENT	unknown	no
ABCG4	ABCG4	BIVALENT	INCONSISTENT	unknown	no
CFAP53	CFAP53	INCONSISTENT	REPRESSED	unknown	no
PRSS27	PRSS27	SIMPLE_AND	INCONSISTENT	unknown	no
CLP1	CLP1	REPRESSED	SIMPLE_AND	unknown	yes
COPS9	COPS9	SIMPLE_AND	INCONSISTENT	unknown	no
FGGY	FGGY	SIMPLE_AND	INCONSISTENT	unknown	no
IL17D	IL17D	INCONSISTENT	BIVALENT	unknown	no
PRSS30P	PRSS30P	REPRESSED	INCONSISTENT	unknown	no
TCEAL1	TCEAL1	SIMPLE_AND	INCONSISTENT	unknown	no
MANEA	MANEA	SIMPLE_AND	INCONSISTENT	unknown	no
PPP1CA	PPP1CA	SIMPLE_OR	SIMPLE_AND	unknown	no
NIPAL4	NIPAL4	BIVALENT	REPRESSED	unknown	no
RASGRP1	RASGRP1	SIMPLE_AND	BIVALENT	unknown	no
KLHL6	KLHL6	SIMPLE_AND	INCONSISTENT	unknown	no
SMPDL3A	SMPDL3A	BIVALENT	INCONSISTENT	unknown	no
RND1	RND1	SIMPLE_AND	INCONSISTENT	unknown	no
EFEMP2	EFEMP2	SIMPLE_AND	INCONSISTENT	unknown	no
TMEM134	TMEM134	SIMPLE_AND	INCONSISTENT	unknown	no
ZFAND4	ZFAND4	SIMPLE_AND	INCONSISTENT	unknown	no
ZNF738	ZNF738	SIMPLE_AND	INCONSISTENT	transcription factor	no
LRRC20	LRRC20	SIMPLE_AND	INCONSISTENT	unknown	no
PURG	PURG	BIVALENT	INCONSISTENT	unknown	no
TMEM217	TMEM217	SIMPLE_AND	INCONSISTENT	unknown	no
ZNF596	ZNF596	SIMPLE_AND	INCONSISTENT	transcription factor	no
COL6A5	COL6A5	REPRESSED	INCONSISTENT	structural/other	no
TMCC1	TMCC1	SIMPLE_AND	INCONSISTENT	unknown	no
EFCAB12	EFCAB12	SIMPLE_OR	INCONSISTENT	unknown	no
RAB43	RAB43	SIMPLE_AND	INCONSISTENT	unknown	no
FADS6	FADS6	REPRESSED	BIVALENT	unknown	no
CYP7B1	CYP7B1	SIMPLE_AND	INCONSISTENT	metabolic	no
RARG	RARG	BIVALENT	INCONSISTENT	transcription factor	no
METAP1D	METAP1D	SIMPLE_AND	INCONSISTENT	unknown	no
NBEA	NBEA	SIMPLE_OR	INCONSISTENT	unknown	yes
RNASEH2C	RNASEH2C	SIMPLE_AND	INCONSISTENT	unknown	no
MRGPRF	MRGPRF	REPRESSED	BIVALENT	unknown	no
MIR4435-2HG	MIR4435-2HG	REPRESSED	SIMPLE_OR	unknown	no
GXYLT2	GXYLT2	BIVALENT	INCONSISTENT	unknown	no
TADA2B	TADA2B	SIMPLE_AND	INCONSISTENT	unknown	no
EVC2	EVC2	SIMPLE_AND	INCONSISTENT	unknown	no
ZNF680	ZNF680	SIMPLE_AND	INCONSISTENT	transcription factor	no
COQ2	COQ2	SIMPLE_AND	INCONSISTENT	unknown	no
HSPA6	HSPA6	SIMPLE_OR	INCONSISTENT	unknown	no
ADCK5	ADCK5	SIMPLE_AND	INCONSISTENT	unknown	no
MRPL57	MRPL57	SIMPLE_AND	INCONSISTENT	unknown	no
COMMD1	COMMD1	SIMPLE_AND	INCONSISTENT	unknown	no
RAPH1	RAPH1	BIVALENT	INCONSISTENT	unknown	no
ADCY5	ADCY5	REPRESSED	BIVALENT	unknown	no
ABCD2	ABCD2	SIMPLE_AND	INCONSISTENT	unknown	no
AHSA2P	AHSA2P	SIMPLE_AND	INCONSISTENT	unknown	no
MFSD4B	MFSD4B	SIMPLE_AND	INCONSISTENT	unknown	no
VANGL1	VANGL1	SIMPLE_AND	INCONSISTENT	unknown	no
GLRX	GLRX	SIMPLE_AND	INCONSISTENT	unknown	no
ZNF449	ZNF449	SIMPLE_AND	INCONSISTENT	transcription factor	no
PPP1R3B	PPP1R3B	SIMPLE_AND	INCONSISTENT	unknown	no
FAM86B3P	FAM86B3P	SIMPLE_AND	INCONSISTENT	unknown	no
TRIB1	TRIB1	SIMPLE_AND	INCONSISTENT	unknown	no
SFT2D3	SFT2D3	SIMPLE_AND	INCONSISTENT	unknown	no
DAG1	DAG1	SIMPLE_AND	INCONSISTENT	unknown	no
SAA1	SAA1	INCONSISTENT	REPRESSED	unknown	no
THAP2	THAP2	SIMPLE_AND	INCONSISTENT	unknown	no
ZNF417	ZNF417	SIMPLE_AND	INCONSISTENT	transcription factor	no
TNFRSF10D	TNFRSF10D	SIMPLE_OR	INCONSISTENT	unknown	no
MST1	MST1	SIMPLE_AND	INCONSISTENT	unknown	no
TNFRSF10C	TNFRSF10C	BIVALENT	REPRESSED	unknown	no
GMPPB	GMPPB	SIMPLE_AND	INCONSISTENT	unknown	no
ZNF622	ZNF622	COMPLEX	SIMPLE_AND	transcription factor	no
SNX33	SNX33	SIMPLE_OR	SIMPLE_AND	unknown	no
CCDC106	CCDC106	SIMPLE_AND	INCONSISTENT	unknown	no
CEP83	CEP83	SIMPLE_AND	INCONSISTENT	unknown	no
PC	PC	INCONSISTENT	SIMPLE_AND	metabolic	no
SCAI	SCAI	SIMPLE_OR	SIMPLE_AND	unknown	no
NMNAT1	NMNAT1	SIMPLE_AND	INCONSISTENT	unknown	no
BCLAF3	BCLAF3	SIMPLE_OR	INCONSISTENT	unknown	no
HEG1	HEG1	SIMPLE_AND	BIVALENT	unknown	no
FAUP4	FAUP4	SIMPLE_AND	INCONSISTENT	unknown	no
JUP	JUP	SIMPLE_OR	SIMPLE_AND	unknown	no
HAP1	HAP1	REPRESSED	BIVALENT	unknown	no
EIF1	EIF1	COMPLEX	SIMPLE_AND	unknown	no
ENDOV	ENDOV	SIMPLE_AND	INCONSISTENT	unknown	no
MARCHF10	MARCHF10	REPRESSED	BIVALENT	unknown	no
PLK3	PLK3	SIMPLE_AND	INCONSISTENT	kinase/signaling	no
NET1	NET1	BIVALENT	SIMPLE_AND	unknown	no
ENSG00000173867		COMPLEX	INCONSISTENT	unknown	no
PHOSPHO1	PHOSPHO1	INCONSISTENT	BIVALENT	unknown	no
CBX2	CBX2	BIVALENT	SIMPLE_AND	chromatin regulator	no
SPTBN2	SPTBN2	INCONSISTENT	SIMPLE_AND	structural/other	no
RBM4B	RBM4B	SIMPLE_AND	INCONSISTENT	unknown	no
HOXB2	HOXB2	SIMPLE_AND	INCONSISTENT	transcription factor	no
SWSAP1	SWSAP1	SIMPLE_AND	INCONSISTENT	unknown	no
UBXN2A	UBXN2A	SIMPLE_AND	INCONSISTENT	unknown	no
TCAP	TCAP	REPRESSED	INCONSISTENT	unknown	no
NRROS	NRROS	SIMPLE_AND	INCONSISTENT	unknown	no
GNG5	GNG5	COMPLEX	SIMPLE_AND	unknown	no
SLC25A30	SLC25A30	SIMPLE_AND	INCONSISTENT	metabolic	no
CTSF	CTSF	INCONSISTENT	BIVALENT	unknown	no
LEMD3	LEMD3	SIMPLE_AND	INCONSISTENT	unknown	no
C16orf91	C16orf91	SIMPLE_AND	INCONSISTENT	unknown	no
TLR1	TLR1	SIMPLE_AND	INCONSISTENT	unknown	no
TLR6	TLR6	SIMPLE_AND	INCONSISTENT	unknown	no
FAM174A	FAM174A	SIMPLE_AND	INCONSISTENT	unknown	no
RGMB	RGMB	BIVALENT	INCONSISTENT	unknown	no
CYB561D1	CYB561D1	SIMPLE_AND	INCONSISTENT	unknown	no
ZDHHC24	ZDHHC24	SIMPLE_AND	INCONSISTENT	unknown	no
TRMT10C	TRMT10C	COMPLEX	SIMPLE_AND	unknown	no
KICS2	KICS2	SIMPLE_AND	INCONSISTENT	unknown	no
ZBTB4	ZBTB4	SIMPLE_AND	INCONSISTENT	transcription factor	no
TNK1	TNK1	REPRESSED	INCONSISTENT	unknown	no
ZHX3	ZHX3	SIMPLE_AND	INCONSISTENT	unknown	no
SLC16A13	SLC16A13	SIMPLE_AND	INCONSISTENT	metabolic	no
SNHG11	SNHG11	SIMPLE_AND	INCONSISTENT	unknown	no
KCNJ5-AS1	KCNJ5-AS1	BIVALENT	REPRESSED	unknown	no
LIG4	LIG4	SIMPLE_AND	INCONSISTENT	unknown	no
GTF2IRD2B	GTF2IRD2B	SIMPLE_AND	INCONSISTENT	unknown	no
ZCCHC12	ZCCHC12	REPRESSED	BIVALENT	unknown	no
IGDCC3	IGDCC3	REPRESSED	BIVALENT	unknown	no
PELI3	PELI3	SIMPLE_AND	INCONSISTENT	unknown	no
TTC9B	TTC9B	REPRESSED	INCONSISTENT	unknown	no
MSL2	MSL2	SIMPLE_AND	INCONSISTENT	unknown	no
ZNF497	ZNF497	SIMPLE_AND	INCONSISTENT	transcription factor	no
CMKLR1	CMKLR1	SIMPLE_OR	INCONSISTENT	unknown	no
ANGEL2	ANGEL2	COMPLEX	SIMPLE_AND	unknown	no
UGT8	UGT8	BIVALENT	SIMPLE_AND	unknown	no
IQCK	IQCK	SIMPLE_AND	INCONSISTENT	unknown	no
BRSK2	BRSK2	BIVALENT	INCONSISTENT	unknown	no
B4GAT1	B4GAT1	SIMPLE_AND	INCONSISTENT	unknown	no
SH3PXD2B	SH3PXD2B	SIMPLE_OR	BIVALENT	unknown	no
FGFBP3	FGFBP3	SIMPLE_OR	INCONSISTENT	unknown	no
NR1D2	NR1D2	BIVALENT	INCONSISTENT	unknown	no
CEP135	CEP135	SIMPLE_AND	INCONSISTENT	unknown	no
FZD4	FZD4	BIVALENT	INCONSISTENT	unknown	no
PDE12	PDE12	SIMPLE_AND	COMPLEX	unknown	no
GLMN	GLMN	SIMPLE_AND	INCONSISTENT	unknown	no
NLRP6	NLRP6	REPRESSED	COMPLEX	unknown	no
RSRC1	RSRC1	BIVALENT	SIMPLE_AND	unknown	no
SEZ6L2	SEZ6L2	INCONSISTENT	BIVALENT	unknown	no
ASPHD1	ASPHD1	INCONSISTENT	BIVALENT	unknown	no
KCTD13	KCTD13	SIMPLE_AND	INCONSISTENT	unknown	no
FBXW8	FBXW8	SIMPLE_OR	INCONSISTENT	unknown	no
CHST2	CHST2	SIMPLE_AND	COMPLEX	unknown	no
ZDHHC14	ZDHHC14	BIVALENT	INCONSISTENT	unknown	no
UBE2C	UBE2C	SIMPLE_AND	INCONSISTENT	unknown	no
GK5	GK5	SIMPLE_AND	INCONSISTENT	unknown	no
VCPIP1	VCPIP1	SIMPLE_AND	INCONSISTENT	unknown	no
ZNF654	ZNF654	SIMPLE_AND	INCONSISTENT	transcription factor	no
CADM2	CADM2	BIVALENT	INCONSISTENT	unknown	no
PPM1E	PPM1E	BIVALENT	INCONSISTENT	unknown	no
FAM131A	FAM131A	SIMPLE_AND	INCONSISTENT	unknown	no
CSRP2	CSRP2	BIVALENT	INCONSISTENT	unknown	no
PCCA	PCCA	SIMPLE_AND	INCONSISTENT	unknown	no
ZNF408	ZNF408	SIMPLE_AND	INCONSISTENT	transcription factor	no
GOLGA8A	GOLGA8A	SIMPLE_AND	INCONSISTENT	unknown	no
CENPS	CENPS	SIMPLE_AND	INCONSISTENT	unknown	no
CCNE2	CCNE2	SIMPLE_AND	INCONSISTENT	unknown	no
PHYKPL	PHYKPL	SIMPLE_AND	INCONSISTENT	unknown	no
ZNF519	ZNF519	SIMPLE_AND	INCONSISTENT	transcription factor	no
TMEM9B	TMEM9B	SIMPLE_AND	INCONSISTENT	unknown	no
NRIP3	NRIP3	REPRESSED	SIMPLE_AND	unknown	no
ZNF25	ZNF25	SIMPLE_AND	INCONSISTENT	transcription factor	no
TBC1D10C	TBC1D10C	SIMPLE_AND	INCONSISTENT	unknown	no
LRRC25	LRRC25	SIMPLE_OR	INCONSISTENT	unknown	no
UBQLN3	UBQLN3	REPRESSED	INCONSISTENT	unknown	no
LIPT2	LIPT2	SIMPLE_AND	INCONSISTENT	unknown	no
ALG10B	ALG10B	SIMPLE_AND	INCONSISTENT	unknown	no
LONRF3	LONRF3	REPRESSED	SIMPLE_AND	unknown	no
FOSL1	FOSL1	SIMPLE_AND	INCONSISTENT	transcription factor	no
ERCC4	ERCC4	SIMPLE_AND	INCONSISTENT	unknown	yes
SUGCT	SUGCT	SIMPLE_AND	INCONSISTENT	unknown	no
ERCC6L2-AS1	ERCC6L2-AS1	SIMPLE_AND	INCONSISTENT	unknown	no
TOM1L2	TOM1L2	SIMPLE_OR	INCONSISTENT	unknown	no
ZNF77	ZNF77	SIMPLE_AND	INCONSISTENT	transcription factor	no
GPR156	GPR156	REPRESSED	INCONSISTENT	unknown	no
KDF1	KDF1	BIVALENT	INCONSISTENT	unknown	no
B3GNTL1	B3GNTL1	SIMPLE_AND	INCONSISTENT	unknown	no
MLXIP	MLXIP	SIMPLE_OR	SIMPLE_AND	unknown	no
NR2F1	NR2F1	BIVALENT	INCONSISTENT	unknown	no
TTLL11	TTLL11	BIVALENT	INCONSISTENT	unknown	no
EIF4E1B	EIF4E1B	REPRESSED	BIVALENT	unknown	no
SLC35E3	SLC35E3	SIMPLE_AND	INCONSISTENT	unknown	no
ZNF169	ZNF169	SIMPLE_AND	INCONSISTENT	transcription factor	no
MSRA	MSRA	SIMPLE_AND	INCONSISTENT	unknown	no
BAIAP2	BAIAP2	BIVALENT	SIMPLE_AND	unknown	no
HOXD8	HOXD8	REPRESSED	BIVALENT	transcription factor	no
ZDHHC21	ZDHHC21	SIMPLE_AND	INCONSISTENT	unknown	no
B3GALT6	B3GALT6	SIMPLE_AND	COMPLEX	unknown	no
ZNF613	ZNF613	SIMPLE_AND	COMPLEX	transcription factor	no
MBLAC2	MBLAC2	SIMPLE_AND	INCONSISTENT	unknown	no
CSTF3	CSTF3	SIMPLE_AND	COMPLEX	unknown	no
CHMP6	CHMP6	SIMPLE_AND	INCONSISTENT	unknown	no
UFSP1	UFSP1	SIMPLE_AND	INCONSISTENT	unknown	no
TCP11L1	TCP11L1	SIMPLE_AND	INCONSISTENT	unknown	no
FOXG1	FOXG1	REPRESSED	INCONSISTENT	transcription factor	no
MYPOP	MYPOP	SIMPLE_AND	INCONSISTENT	unknown	no
OR4D11	OR4D11	INCONSISTENT	REPRESSED	unknown	no
SLC35G1	SLC35G1	SIMPLE_AND	INCONSISTENT	unknown	no
ZSCAN2	ZSCAN2	SIMPLE_AND	INCONSISTENT	unknown	no
PRR18	PRR18	SIMPLE_AND	REPRESSED	unknown	no
B3GNT4	B3GNT4	BIVALENT	INCONSISTENT	unknown	no
HSD11B2	HSD11B2	REPRESSED	INCONSISTENT	unknown	no
EID2	EID2	SIMPLE_AND	INCONSISTENT	unknown	no
EID2B	EID2B	SIMPLE_AND	INCONSISTENT	unknown	no
GJC3	GJC3	REPRESSED	BIVALENT	unknown	no
DNAJC30	DNAJC30	SIMPLE_AND	INCONSISTENT	unknown	no
SPRYD4	SPRYD4	SIMPLE_AND	INCONSISTENT	unknown	no
VPS37D	VPS37D	BIVALENT	INCONSISTENT	unknown	no
SYNE3	SYNE3	SIMPLE_AND	INCONSISTENT	unknown	no
CLK2	CLK2	SIMPLE_OR	SIMPLE_AND	kinase/signaling	no
SLCO3A1	SLCO3A1	BIVALENT	INCONSISTENT	unknown	no
WDR25	WDR25	SIMPLE_AND	INCONSISTENT	unknown	no
SGF29	SGF29	SIMPLE_AND	INCONSISTENT	unknown	no
DIRAS1	DIRAS1	REPRESSED	INCONSISTENT	unknown	no
PHLDB3	PHLDB3	SIMPLE_AND	INCONSISTENT	unknown	no
GNG7	GNG7	SIMPLE_AND	INCONSISTENT	unknown	no
USF3	USF3	SIMPLE_AND	INCONSISTENT	unknown	no
B3GNT5	B3GNT5	BIVALENT	SIMPLE_AND	unknown	no
RNF152	RNF152	BIVALENT	INCONSISTENT	unknown	no
SCAND2P	SCAND2P	SIMPLE_AND	INCONSISTENT	unknown	no
CDK5R1	CDK5R1	SIMPLE_AND	INCONSISTENT	kinase/signaling	no
PAK6-AS1	PAK6-AS1	BIVALENT	REPRESSED	unknown	no
LRRC37A3	LRRC37A3	SIMPLE_AND	INCONSISTENT	unknown	no
VSIG10	VSIG10	SIMPLE_AND	INCONSISTENT	unknown	no
IRX5	IRX5	BIVALENT	INCONSISTENT	transcription factor	no
METRNL	METRNL	BIVALENT	SIMPLE_OR	unknown	no
GRIN1	GRIN1	REPRESSED	INCONSISTENT	unknown	no
PXMP2	PXMP2	COMPLEX	SIMPLE_AND	unknown	no
TCEANC	TCEANC	SIMPLE_AND	INCONSISTENT	unknown	no
PNMA1	PNMA1	SIMPLE_AND	INCONSISTENT	unknown	no
TYMSOS	TYMSOS	SIMPLE_AND	INCONSISTENT	unknown	no
TOB2P1	TOB2P1	SIMPLE_OR	INCONSISTENT	unknown	no
FAM89B	FAM89B	SIMPLE_AND	INCONSISTENT	unknown	no
SMCR8	SMCR8	SIMPLE_AND	INCONSISTENT	unknown	no
HCG4	HCG4	BIVALENT	REPRESSED	unknown	no
TMEM80	TMEM80	SIMPLE_AND	INCONSISTENT	unknown	no
SIX5	SIX5	SIMPLE_AND	INCONSISTENT	transcription factor	no
FBXO46	FBXO46	SIMPLE_AND	INCONSISTENT	unknown	no
ZDHHC13	ZDHHC13	SIMPLE_AND	INCONSISTENT	unknown	no
ACER2	ACER2	BIVALENT	INCONSISTENT	unknown	no
POLE	POLE	COMPLEX	SIMPLE_AND	unknown	yes
ZDHHC22	ZDHHC22	REPRESSED	BIVALENT	unknown	no
IRAG1-AS1	IRAG1-AS1	BIVALENT	INCONSISTENT	unknown	no
ULK1	ULK1	SIMPLE_AND	INCONSISTENT	unknown	no
RIMKLA	RIMKLA	INCONSISTENT	BIVALENT	unknown	no
RPS6KA3	RPS6KA3	BIVALENT	SIMPLE_AND	unknown	no
TRIM72	TRIM72	REPRESSED	INCONSISTENT	unknown	no
DLGAP1-AS1	DLGAP1-AS1	SIMPLE_AND	INCONSISTENT	unknown	no
C10orf71	C10orf71	REPRESSED	INCONSISTENT	unknown	no
FLJ40194	FLJ40194	INCONSISTENT	BIVALENT	unknown	no
TIMM22	TIMM22	SIMPLE_AND	INCONSISTENT	unknown	no
HIC1	HIC1	SIMPLE_AND	INCONSISTENT	unknown	no
PPFIA3	PPFIA3	BIVALENT	SIMPLE_AND	unknown	no
MAGEF1	MAGEF1	SIMPLE_AND	INCONSISTENT	unknown	no
UMODL1	UMODL1	INCONSISTENT	REPRESSED	unknown	no
SAMD9L	SAMD9L	SIMPLE_AND	INCONSISTENT	unknown	no
MIEF2	MIEF2	SIMPLE_AND	INCONSISTENT	unknown	no
ERICH5	ERICH5	INCONSISTENT	REPRESSED	unknown	no
GPR4	GPR4	REPRESSED	BIVALENT	unknown	no
CAVIN1	CAVIN1	REPRESSED	SIMPLE_AND	unknown	no
ATOX1	ATOX1	COMPLEX	SIMPLE_AND	unknown	no
SAMD12	SAMD12	SIMPLE_AND	INCONSISTENT	unknown	no
C18orf32	C18orf32	SIMPLE_AND	INCONSISTENT	unknown	no
ZNF491	ZNF491	SIMPLE_AND	INCONSISTENT	transcription factor	no
HASPIN	HASPIN	SIMPLE_AND	INCONSISTENT	kinase/signaling	no
CSTF2T	CSTF2T	SIMPLE_AND	INCONSISTENT	unknown	no
CASC2	CASC2	SIMPLE_AND	INCONSISTENT	unknown	no
IL17RA	IL17RA	SIMPLE_AND	INCONSISTENT	unknown	no
CRACR2B	CRACR2B	SIMPLE_AND	INCONSISTENT	unknown	no
CD151	CD151	SIMPLE_OR	SIMPLE_AND	unknown	no
NECTIN3	NECTIN3	REPRESSED	INCONSISTENT	unknown	no
ANXA2R	ANXA2R	SIMPLE_AND	INCONSISTENT	unknown	no
SOX12	SOX12	SIMPLE_AND	INCONSISTENT	transcription factor	no
HNRNPA0	HNRNPA0	SIMPLE_AND	INCONSISTENT	unknown	no
ANXA2R-OT1	ANXA2R-OT1	SIMPLE_AND	INCONSISTENT	unknown	no
KCNJ10	KCNJ10	BIVALENT	INCONSISTENT	unknown	no
ZNF620	ZNF620	SIMPLE_AND	INCONSISTENT	transcription factor	no
ZNF518A	ZNF518A	COMPLEX	SIMPLE_AND	transcription factor	no
TMEM187	TMEM187	SIMPLE_AND	INCONSISTENT	unknown	no
SVBP	SVBP	SIMPLE_AND	INCONSISTENT	unknown	no
ZNF619	ZNF619	SIMPLE_AND	INCONSISTENT	transcription factor	no
CCDC184	CCDC184	BIVALENT	INCONSISTENT	unknown	no
AP3S1	AP3S1	COMPLEX	SIMPLE_AND	unknown	no
ZBTB41	ZBTB41	SIMPLE_AND	INCONSISTENT	transcription factor	no
MAMDC4	MAMDC4	SIMPLE_AND	INCONSISTENT	unknown	no
CENPBD1P	CENPBD1P	SIMPLE_AND	INCONSISTENT	unknown	no
IMP3	IMP3	SIMPLE_OR	SIMPLE_AND	unknown	no
ODF3B	ODF3B	SIMPLE_AND	INCONSISTENT	unknown	no
C2orf73	C2orf73	BIVALENT	INCONSISTENT	unknown	no
LRRC75B	LRRC75B	SIMPLE_OR	INCONSISTENT	unknown	no
C2orf69	C2orf69	SIMPLE_AND	INCONSISTENT	unknown	no
STAP2	STAP2	SIMPLE_AND	INCONSISTENT	unknown	no
TSSK6	TSSK6	SIMPLE_AND	INCONSISTENT	unknown	no
BOLA1	BOLA1	SIMPLE_AND	INCONSISTENT	unknown	no
AMER3	AMER3	REPRESSED	BIVALENT	unknown	no
LCORL	LCORL	SIMPLE_AND	INCONSISTENT	unknown	no
PARD6G	PARD6G	BIVALENT	INCONSISTENT	unknown	no
ZC3H12D	ZC3H12D	SIMPLE_AND	REPRESSED	unknown	no
ZNF543	ZNF543	SIMPLE_AND	INCONSISTENT	transcription factor	no
TMEM151B	TMEM151B	REPRESSED	BIVALENT	unknown	no
ZNF354B	ZNF354B	SIMPLE_OR	INCONSISTENT	transcription factor	no
ZFAND2A	ZFAND2A	SIMPLE_AND	INCONSISTENT	unknown	no
PLEKHM3	PLEKHM3	SIMPLE_AND	INCONSISTENT	unknown	no
ZNF223	ZNF223	COMPLEX	INCONSISTENT	transcription factor	no
NEUROG2	NEUROG2	SIMPLE_AND	BIVALENT	unknown	no
BEND3	BEND3	SIMPLE_AND	INCONSISTENT	unknown	no
TIMM23B-AGAP6	TIMM23B-AGAP6	SIMPLE_AND	INCONSISTENT	unknown	no
GLDC	GLDC	SIMPLE_AND	REPRESSED	unknown	no
P4HTM	P4HTM	SIMPLE_AND	INCONSISTENT	unknown	no
CA8	CA8	REPRESSED	SIMPLE_AND	unknown	no
MAF	MAF	REPRESSED	BIVALENT	transcription factor	yes
GTPBP6	GTPBP6	SIMPLE_AND	INCONSISTENT	unknown	no
ERN1	ERN1	SIMPLE_AND	INCONSISTENT	unknown	no
ZNF713	ZNF713	COMPLEX	INCONSISTENT	transcription factor	no
NSUN3	NSUN3	SIMPLE_AND	INCONSISTENT	unknown	no
KCTD12	KCTD12	SIMPLE_OR	INCONSISTENT	unknown	no
DHFR2	DHFR2	SIMPLE_AND	INCONSISTENT	unknown	no
THBD	THBD	REPRESSED	INCONSISTENT	unknown	no
ERFE	ERFE	REPRESSED	INCONSISTENT	unknown	no
FAM219B	FAM219B	SIMPLE_AND	INCONSISTENT	unknown	no
ZHX2	ZHX2	SIMPLE_AND	REPRESSED	unknown	no
EFCAB13	EFCAB13	SIMPLE_AND	INCONSISTENT	unknown	no
MSC	MSC	SIMPLE_AND	REPRESSED	unknown	no
APOLD1	APOLD1	SIMPLE_AND	INCONSISTENT	unknown	no
DPY19L3	DPY19L3	COMPLEX	SIMPLE_AND	unknown	no
HYI	HYI	SIMPLE_AND	INCONSISTENT	unknown	no
ZNF552	ZNF552	SIMPLE_AND	INCONSISTENT	transcription factor	no
SMIM10L2A	SMIM10L2A	SIMPLE_OR	INCONSISTENT	unknown	no
RMI1	RMI1	COMPLEX	SIMPLE_AND	unknown	no
CTC1	CTC1	SIMPLE_AND	INCONSISTENT	unknown	no
SNX18	SNX18	SIMPLE_AND	INCONSISTENT	unknown	no
C9orf50	C9orf50	REPRESSED	BIVALENT	unknown	no
HTR1F	HTR1F	REPRESSED	INCONSISTENT	unknown	no
TMTC2	TMTC2	SIMPLE_AND	BIVALENT	unknown	no
HES7	HES7	BIVALENT	INCONSISTENT	transcription factor	no
ALOXE3	ALOXE3	BIVALENT	INCONSISTENT	unknown	no
EDC3	EDC3	COMPLEX	SIMPLE_AND	unknown	no
FUCA1	FUCA1	SIMPLE_AND	INCONSISTENT	unknown	no
GGN	GGN	REPRESSED	INCONSISTENT	unknown	no
GVQW3	GVQW3	SIMPLE_OR	INCONSISTENT	unknown	no
TMEM151A	TMEM151A	BIVALENT	INCONSISTENT	unknown	no
NSUN7	NSUN7	INCONSISTENT	REPRESSED	unknown	no
RAB39A	RAB39A	SIMPLE_AND	INCONSISTENT	unknown	no
GATA2	GATA2	REPRESSED	SIMPLE_AND	transcription factor	yes
EGR3	EGR3	BIVALENT	INCONSISTENT	transcription factor	no
CATSPERE	CATSPERE	INCONSISTENT	COMPLEX	unknown	no
GPC5	GPC5	SIMPLE_AND	BIVALENT	unknown	yes
VWA1	VWA1	BIVALENT	INCONSISTENT	unknown	no
IL6-AS1	IL6-AS1	REPRESSED	INCONSISTENT	unknown	no
FJX1	FJX1	SIMPLE_AND	BIVALENT	unknown	no
ZBTB18	ZBTB18	SIMPLE_AND	BIVALENT	transcription factor	no
C14orf28	C14orf28	SIMPLE_AND	INCONSISTENT	unknown	no
EIF3J-DT	EIF3J-DT	SIMPLE_AND	INCONSISTENT	unknown	no
LBX2	LBX2	SIMPLE_OR	INCONSISTENT	unknown	no
HTR1D	HTR1D	REPRESSED	BIVALENT	unknown	no
CIITA	CIITA	SIMPLE_OR	REPRESSED	unknown	yes
ZFPM1	ZFPM1	BIVALENT	SIMPLE_AND	unknown	no
PLD6	PLD6	SIMPLE_AND	INCONSISTENT	unknown	no
ZBTB42	ZBTB42	SIMPLE_OR	INCONSISTENT	transcription factor	no
TPPP2	TPPP2	REPRESSED	INCONSISTENT	unknown	no
RPRML	RPRML	REPRESSED	BIVALENT	unknown	no
WDR97	WDR97	SIMPLE_OR	INCONSISTENT	unknown	no
PCED1B	PCED1B	BIVALENT	INCONSISTENT	unknown	no
SPEN-AS1	SPEN-AS1	SIMPLE_AND	INCONSISTENT	unknown	no
APOBEC3B	APOBEC3B	INCONSISTENT	COMPLEX	unknown	yes
PIPOX	PIPOX	SIMPLE_AND	INCONSISTENT	unknown	no
ATOH7	ATOH7	BIVALENT	INCONSISTENT	unknown	no
MYADM	MYADM	REPRESSED	SIMPLE_OR	unknown	no
MROH1	MROH1	SIMPLE_AND	INCONSISTENT	unknown	no
SERTAD2	SERTAD2	SIMPLE_AND	INCONSISTENT	unknown	no
PIK3CD-AS1	PIK3CD-AS1	SIMPLE_AND	INCONSISTENT	unknown	no
AKAP5	AKAP5	SIMPLE_AND	INCONSISTENT	unknown	no
GIPC3	GIPC3	REPRESSED	INCONSISTENT	unknown	no
RNF227	RNF227	SIMPLE_AND	INCONSISTENT	unknown	no
CITED4	CITED4	BIVALENT	INCONSISTENT	unknown	no
TIGD5	TIGD5	SIMPLE_AND	INCONSISTENT	unknown	no
CFAP276	CFAP276	BIVALENT	INCONSISTENT	unknown	no
B3GNT3	B3GNT3	REPRESSED	INCONSISTENT	unknown	no
ZNF784	ZNF784	COMPLEX	INCONSISTENT	transcription factor	no
BBS10	BBS10	SIMPLE_AND	INCONSISTENT	unknown	no
FIZ1	FIZ1	SIMPLE_AND	INCONSISTENT	unknown	no
ZNF771	ZNF771	SIMPLE_OR	INCONSISTENT	transcription factor	no
TSHZ1	TSHZ1	SIMPLE_AND	INCONSISTENT	unknown	no
PSTK	PSTK	SIMPLE_AND	INCONSISTENT	unknown	no
SOCS4	SOCS4	SIMPLE_AND	INCONSISTENT	unknown	no
ZNF48	ZNF48	SIMPLE_AND	INCONSISTENT	transcription factor	no
C3orf80	C3orf80	BIVALENT	INCONSISTENT	unknown	no
SEPTIN1	SEPTIN1	SIMPLE_AND	INCONSISTENT	unknown	no
ZNRF2	ZNRF2	SIMPLE_AND	INCONSISTENT	unknown	no
ADGRD2	ADGRD2	REPRESSED	INCONSISTENT	unknown	no
FZD2	FZD2	SIMPLE_AND	INCONSISTENT	unknown	no
TIGD2	TIGD2	SIMPLE_AND	BIVALENT	unknown	no
HCLS1	HCLS1	SIMPLE_AND	INCONSISTENT	unknown	no
MTURN	MTURN	BIVALENT	INCONSISTENT	unknown	no
EMC3-AS1	EMC3-AS1	SIMPLE_AND	INCONSISTENT	unknown	no
HARBI1	HARBI1	SIMPLE_AND	INCONSISTENT	unknown	no
C11orf71	C11orf71	COMPLEX	INCONSISTENT	unknown	no
ARHGAP45	ARHGAP45	SIMPLE_AND	INCONSISTENT	unknown	no
ENSG00000180458		REPRESSED	INCONSISTENT	unknown	no
ZNF571	ZNF571	SIMPLE_AND	INCONSISTENT	transcription factor	no
MIGA1	MIGA1	SIMPLE_AND	INCONSISTENT	unknown	no
RNF182	RNF182	REPRESSED	SIMPLE_AND	unknown	no
LINC02908	LINC02908	BIVALENT	INCONSISTENT	unknown	no
SKIDA1	SKIDA1	BIVALENT	INCONSISTENT	unknown	no
MB21D2	MB21D2	SIMPLE_AND	BIVALENT	unknown	yes
ZNF594	ZNF594	COMPLEX	INCONSISTENT	transcription factor	no
LINC02363	LINC02363	SIMPLE_AND	INCONSISTENT	unknown	no
CHRM4	CHRM4	BIVALENT	INCONSISTENT	unknown	no
S1PR5	S1PR5	REPRESSED	INCONSISTENT	unknown	no
GPR157	GPR157	SIMPLE_AND	INCONSISTENT	unknown	no
WDFY3-AS2	WDFY3-AS2	REPRESSED	INCONSISTENT	unknown	no
SLC36A4	SLC36A4	SIMPLE_AND	INCONSISTENT	metabolic	no
HOXC9	HOXC9	BIVALENT	INCONSISTENT	transcription factor	no
HOXC10	HOXC10	REPRESSED	INCONSISTENT	transcription factor	no
PSMG4	PSMG4	REPRESSED	BIVALENT	unknown	no
ZNF443	ZNF443	SIMPLE_AND	INCONSISTENT	transcription factor	no
PDIA3P1	PDIA3P1	SIMPLE_AND	INCONSISTENT	unknown	no
CAPS2	CAPS2	SIMPLE_AND	INCONSISTENT	unknown	no
ZNF792	ZNF792	SIMPLE_AND	COMPLEX	transcription factor	no
CUEDC1	CUEDC1	BIVALENT	INCONSISTENT	unknown	no
OXTR	OXTR	SIMPLE_OR	REPRESSED	unknown	no
CMTR2	CMTR2	SIMPLE_AND	INCONSISTENT	unknown	no
ZNF572	ZNF572	COMPLEX	INCONSISTENT	transcription factor	no
ST20	ST20	SIMPLE_AND	INCONSISTENT	unknown	no
LRRC57	LRRC57	SIMPLE_AND	INCONSISTENT	unknown	no
OR52N2	OR52N2	INCONSISTENT	COMPLEX	unknown	no
ZFP82	ZFP82	SIMPLE_AND	INCONSISTENT	transcription factor	no
FKRP	FKRP	SIMPLE_AND	INCONSISTENT	unknown	no
RPH3AL	RPH3AL	BIVALENT	INCONSISTENT	unknown	no
SLC26A11	SLC26A11	SIMPLE_AND	INCONSISTENT	metabolic	no
F2R	F2R	BIVALENT	SIMPLE_AND	unknown	no
HLA-V	HLA-V	BIVALENT	REPRESSED	unknown	no
ZNF707	ZNF707	SIMPLE_AND	INCONSISTENT	transcription factor	no
PJA1	PJA1	SIMPLE_AND	INCONSISTENT	unknown	no
FRAT2	FRAT2	BIVALENT	INCONSISTENT	unknown	no
TMEM102	TMEM102	SIMPLE_AND	INCONSISTENT	unknown	no
NME9	NME9	REPRESSED	INCONSISTENT	unknown	no
LRRC75A	LRRC75A	BIVALENT	INCONSISTENT	unknown	no
UTS2R	UTS2R	REPRESSED	INCONSISTENT	unknown	no
DDN	DDN	SIMPLE_AND	INCONSISTENT	unknown	no
ZNF678	ZNF678	COMPLEX	SIMPLE_AND	transcription factor	no
TMEM45A	TMEM45A	SIMPLE_AND	INCONSISTENT	unknown	no
ZBTB2	ZBTB2	SIMPLE_AND	INCONSISTENT	transcription factor	no
ACBD4	ACBD4	SIMPLE_OR	INCONSISTENT	unknown	no
SGSH	SGSH	SIMPLE_AND	INCONSISTENT	unknown	no
LINC03040	LINC03040	SIMPLE_AND	INCONSISTENT	unknown	no
MEX3D	MEX3D	INCONSISTENT	SIMPLE_OR	unknown	no
ZFP41	ZFP41	SIMPLE_AND	INCONSISTENT	transcription factor	no
PHLDA2	PHLDA2	BIVALENT	SIMPLE_AND	unknown	no
PLAG1	PLAG1	SIMPLE_AND	BIVALENT	unknown	yes
YIPF6	YIPF6	SIMPLE_AND	INCONSISTENT	unknown	no
ZBTB20	ZBTB20	SIMPLE_AND	INCONSISTENT	transcription factor	no
MACIR	MACIR	SIMPLE_AND	INCONSISTENT	unknown	no
AMIGO1	AMIGO1	INCONSISTENT	BIVALENT	unknown	no
LINC00471	LINC00471	SIMPLE_AND	INCONSISTENT	unknown	no
RELL1	RELL1	SIMPLE_AND	INCONSISTENT	unknown	no
IBA57	IBA57	SIMPLE_AND	INCONSISTENT	unknown	no
CLDN7	CLDN7	REPRESSED	INCONSISTENT	structural/other	no
ZNF329	ZNF329	SIMPLE_OR	INCONSISTENT	transcription factor	no
ZNF101	ZNF101	SIMPLE_AND	INCONSISTENT	transcription factor	no
LINC02724	LINC02724	INCONSISTENT	BIVALENT	unknown	no
RTKN2	RTKN2	BIVALENT	INCONSISTENT	unknown	no
PNMA8A	PNMA8A	BIVALENT	INCONSISTENT	unknown	no
USH1G	USH1G	REPRESSED	BIVALENT	unknown	no
OGFRP1	OGFRP1	SIMPLE_AND	INCONSISTENT	unknown	no
TNRC18	TNRC18	BIVALENT	SIMPLE_AND	unknown	no
FAM181B	FAM181B	REPRESSED	INCONSISTENT	unknown	no
DEXI	DEXI	COMPLEX	SIMPLE_AND	unknown	no
FAM89A	FAM89A	INCONSISTENT	SIMPLE_AND	unknown	no
TDRKH	TDRKH	COMPLEX	INCONSISTENT	unknown	no
ZNF708	ZNF708	COMPLEX	INCONSISTENT	transcription factor	no
TP53TG1	TP53TG1	SIMPLE_AND	INCONSISTENT	unknown	no
SHISAL2A	SHISAL2A	REPRESSED	INCONSISTENT	unknown	no
RAD51B	RAD51B	SIMPLE_AND	INCONSISTENT	unknown	yes
CYB5D1	CYB5D1	SIMPLE_AND	INCONSISTENT	unknown	no
UBE2E2	UBE2E2	SIMPLE_AND	INCONSISTENT	unknown	no
SPACA6	SPACA6	REPRESSED	INCONSISTENT	unknown	no
ZSCAN22	ZSCAN22	SIMPLE_AND	INCONSISTENT	unknown	no
FBXL6	FBXL6	SIMPLE_AND	INCONSISTENT	unknown	no
KBTBD3	KBTBD3	SIMPLE_AND	INCONSISTENT	unknown	no
YBEY	YBEY	SIMPLE_AND	INCONSISTENT	unknown	no
PLCXD1	PLCXD1	SIMPLE_OR	SIMPLE_AND	unknown	no
CACNB4	CACNB4	BIVALENT	REPRESSED	unknown	no
PGBD4	PGBD4	SIMPLE_AND	INCONSISTENT	unknown	no
NPLOC4	NPLOC4	REPRESSED	COMPLEX	unknown	no
TSHZ2	TSHZ2	BIVALENT	INCONSISTENT	unknown	no
EXOC7	EXOC7	SIMPLE_AND	SIMPLE_OR	unknown	no
XKRX	XKRX	SIMPLE_OR	BIVALENT	unknown	no
CEP97	CEP97	SIMPLE_AND	INCONSISTENT	unknown	no
FES	FES	SIMPLE_AND	INCONSISTENT	unknown	yes
FAM104B	FAM104B	SIMPLE_AND	INCONSISTENT	unknown	no
MXRA7	MXRA7	BIVALENT	SIMPLE_AND	unknown	no
LIMK2	LIMK2	SIMPLE_AND	INCONSISTENT	unknown	no
RWDD4	RWDD4	SIMPLE_AND	INCONSISTENT	unknown	no
NXPH3	NXPH3	BIVALENT	INCONSISTENT	unknown	no
TSPAN10	TSPAN10	SIMPLE_AND	INCONSISTENT	unknown	no
RXFP3	RXFP3	INCONSISTENT	REPRESSED	unknown	no
BRICD5	BRICD5	SIMPLE_OR	INCONSISTENT	unknown	no
TSKU	TSKU	BIVALENT	SIMPLE_AND	unknown	no
CMC4	CMC4	SIMPLE_AND	INCONSISTENT	unknown	no
RGS6	RGS6	BIVALENT	REPRESSED	unknown	no
HOXB4	HOXB4	SIMPLE_AND	INCONSISTENT	transcription factor	no
SLC35D3	SLC35D3	BIVALENT	INCONSISTENT	unknown	no
PAQR7	PAQR7	BIVALENT	INCONSISTENT	unknown	no
PAPPA	PAPPA	REPRESSED	INCONSISTENT	unknown	no
MAFA	MAFA	REPRESSED	INCONSISTENT	transcription factor	no
TMEM198B	TMEM198B	SIMPLE_AND	INCONSISTENT	unknown	no
ALG12	ALG12	SIMPLE_AND	INCONSISTENT	unknown	no
COL18A1	COL18A1	REPRESSED	SIMPLE_AND	structural/other	no
CEP63	CEP63	SIMPLE_AND	INCONSISTENT	unknown	no
OTOP2	OTOP2	REPRESSED	BIVALENT	unknown	no
ABAT	ABAT	SIMPLE_OR	INCONSISTENT	unknown	no
CAMK1D	CAMK1D	SIMPLE_AND	BIVALENT	kinase/signaling	no
LYSMD4	LYSMD4	SIMPLE_AND	BIVALENT	unknown	no
GAS6	GAS6	REPRESSED	INCONSISTENT	unknown	no
BEGAIN	BEGAIN	SIMPLE_OR	INCONSISTENT	unknown	no
FAM43B	FAM43B	REPRESSED	BIVALENT	unknown	no
GPR19	GPR19	SIMPLE_AND	INCONSISTENT	unknown	no
RABIF	RABIF	SIMPLE_AND	INCONSISTENT	unknown	no
FANCF	FANCF	SIMPLE_AND	INCONSISTENT	unknown	yes
SMDT1	SMDT1	SIMPLE_AND	INCONSISTENT	unknown	no
C2CD4C	C2CD4C	REPRESSED	BIVALENT	unknown	no
CHST6	CHST6	SIMPLE_OR	BIVALENT	unknown	no
GDPGP1	GDPGP1	SIMPLE_AND	INCONSISTENT	unknown	no
CTNNA3	CTNNA3	SIMPLE_AND	INCONSISTENT	unknown	no
WT1-AS	WT1-AS	REPRESSED	INCONSISTENT	unknown	no
TMEM121B	TMEM121B	REPRESSED	BIVALENT	unknown	no
ENSG00000183308		SIMPLE_AND	INCONSISTENT	unknown	no
ZNF623	ZNF623	SIMPLE_AND	INCONSISTENT	transcription factor	no
CCDC125	CCDC125	SIMPLE_AND	INCONSISTENT	unknown	no
JRKL	JRKL	SIMPLE_AND	INCONSISTENT	unknown	no
KIAA2026	KIAA2026	SIMPLE_AND	INCONSISTENT	unknown	no
CCDC159	CCDC159	SIMPLE_AND	INCONSISTENT	unknown	no
ASB7	ASB7	SIMPLE_AND	INCONSISTENT	unknown	no
MX2	MX2	SIMPLE_AND	REPRESSED	unknown	no
MEX3B	MEX3B	BIVALENT	INCONSISTENT	unknown	no
TENT5C	TENT5C	BIVALENT	SIMPLE_AND	unknown	yes
COA5	COA5	COMPLEX	SIMPLE_AND	unknown	no
PCBP3	PCBP3	SIMPLE_OR	INCONSISTENT	unknown	no
ZNRF3	ZNRF3	BIVALENT	INCONSISTENT	unknown	yes
TANGO2	TANGO2	BIVALENT	SIMPLE_AND	unknown	no
MRPL54	MRPL54	SIMPLE_AND	INCONSISTENT	unknown	no
ZNF438	ZNF438	SIMPLE_AND	INCONSISTENT	transcription factor	no
ZNF530	ZNF530	SIMPLE_AND	INCONSISTENT	transcription factor	no
KLHL25	KLHL25	COMPLEX	BIVALENT	unknown	no
BMP8A	BMP8A	INCONSISTENT	BIVALENT	unknown	no
NOG	NOG	REPRESSED	BIVALENT	unknown	no
UPP1	UPP1	SIMPLE_AND	BIVALENT	unknown	no
TRIM52	TRIM52	SIMPLE_AND	INCONSISTENT	unknown	no
CMTM4	CMTM4	BIVALENT	SIMPLE_AND	unknown	no
TBK1	TBK1	COMPLEX	INCONSISTENT	kinase/signaling	no
MACC1	MACC1	SIMPLE_AND	SIMPLE_OR	unknown	yes
KREMEN1	KREMEN1	BIVALENT	INCONSISTENT	unknown	no
TRAIP	TRAIP	SIMPLE_AND	INCONSISTENT	unknown	no
FOXL2	FOXL2	REPRESSED	INCONSISTENT	transcription factor	yes
BTBD9	BTBD9	SIMPLE_AND	INCONSISTENT	unknown	no
NUDT14	NUDT14	SIMPLE_OR	INCONSISTENT	unknown	no
ANKRD45	ANKRD45	REPRESSED	INCONSISTENT	unknown	no
IQGAP3	IQGAP3	SIMPLE_OR	INCONSISTENT	unknown	no
TOB2	TOB2	SIMPLE_AND	INCONSISTENT	unknown	no
SCN5A	SCN5A	REPRESSED	BIVALENT	unknown	no
DNAH2	DNAH2	BIVALENT	INCONSISTENT	unknown	no
DUSP5P1	DUSP5P1	REPRESSED	BIVALENT	unknown	no
HTR7P1	HTR7P1	BIVALENT	INCONSISTENT	unknown	no
KCNH8	KCNH8	BIVALENT	INCONSISTENT	unknown	no
SMTN	SMTN	SIMPLE_OR	INCONSISTENT	unknown	no
DENND5A	DENND5A	BIVALENT	SIMPLE_AND	unknown	no
TBX1	TBX1	REPRESSED	BIVALENT	transcription factor	no
ADAP2	ADAP2	SIMPLE_AND	INCONSISTENT	unknown	no
SREBF2-AS1	SREBF2-AS1	SIMPLE_AND	INCONSISTENT	unknown	no
FAM120C	FAM120C	SIMPLE_AND	INCONSISTENT	unknown	no
RPL11P4	RPL11P4	COMPLEX	INCONSISTENT	unknown	no
NR2C2AP	NR2C2AP	SIMPLE_AND	INCONSISTENT	unknown	no
CRELD2	CRELD2	SIMPLE_AND	INCONSISTENT	unknown	no
KCNJ12	KCNJ12	REPRESSED	INCONSISTENT	unknown	no
TSPYL2	TSPYL2	COMPLEX	INCONSISTENT	unknown	no
C22orf46	C22orf46	SIMPLE_AND	INCONSISTENT	unknown	no
PCDH9	PCDH9	BIVALENT	INCONSISTENT	unknown	no
OAF	OAF	SIMPLE_OR	BIVALENT	unknown	no
KCNK12	KCNK12	REPRESSED	BIVALENT	unknown	no
POU6F1	POU6F1	SIMPLE_AND	INCONSISTENT	transcription factor	no
ZDHHC23	ZDHHC23	SIMPLE_OR	BIVALENT	unknown	no
EFNA5	EFNA5	BIVALENT	INCONSISTENT	unknown	no
H1-5	H1-5	SIMPLE_AND	SIMPLE_OR	unknown	no
PLA2G6	PLA2G6	SIMPLE_AND	SIMPLE_OR	unknown	no
MAML2	MAML2	SIMPLE_AND	INCONSISTENT	unknown	yes
COPB2	COPB2	COMPLEX	SIMPLE_AND	unknown	no
FOXO4	FOXO4	SIMPLE_AND	INCONSISTENT	transcription factor	yes
POU3F2	POU3F2	BIVALENT	INCONSISTENT	transcription factor	no
TMEM255B	TMEM255B	BIVALENT	INCONSISTENT	unknown	no
PROS1	PROS1	INCONSISTENT	SIMPLE_AND	unknown	no
DUSP8	DUSP8	BIVALENT	INCONSISTENT	unknown	no
SNN	SNN	SIMPLE_AND	INCONSISTENT	unknown	no
KRBA2	KRBA2	SIMPLE_AND	INCONSISTENT	unknown	no
AMER1	AMER1	SIMPLE_AND	INCONSISTENT	unknown	yes
ZBTB40	ZBTB40	SIMPLE_OR	SIMPLE_AND	transcription factor	no
LRRC26	LRRC26	BIVALENT	INCONSISTENT	unknown	no
DYNLT2	DYNLT2	SIMPLE_AND	INCONSISTENT	unknown	no
ZBTB7C	ZBTB7C	BIVALENT	INCONSISTENT	transcription factor	no
PRR16	PRR16	REPRESSED	INCONSISTENT	unknown	no
TMEM186	TMEM186	SIMPLE_AND	INCONSISTENT	unknown	no
SDR42E1	SDR42E1	SIMPLE_OR	INCONSISTENT	unknown	no
ARMCX2	ARMCX2	SIMPLE_OR	INCONSISTENT	unknown	no
RBM43	RBM43	SIMPLE_AND	INCONSISTENT	unknown	no
JAG2	JAG2	REPRESSED	SIMPLE_AND	unknown	no
PTRHD1	PTRHD1	SIMPLE_AND	INCONSISTENT	unknown	no
WT1	WT1	REPRESSED	SIMPLE_AND	unknown	yes
ZFP90	ZFP90	SIMPLE_OR	INCONSISTENT	transcription factor	no
FAM227A	FAM227A	SIMPLE_AND	INCONSISTENT	unknown	no
USP18	USP18	SIMPLE_AND	BIVALENT	unknown	no
NDUFA6	NDUFA6	COMPLEX	SIMPLE_AND	metabolic	no
TMEM121	TMEM121	SIMPLE_OR	INCONSISTENT	unknown	no
RFX6	RFX6	REPRESSED	BIVALENT	unknown	no
F8	F8	SIMPLE_AND	INCONSISTENT	unknown	no
CA13	CA13	SIMPLE_AND	INCONSISTENT	unknown	no
UBOX5	UBOX5	SIMPLE_AND	INCONSISTENT	unknown	no
MAFF	MAFF	SIMPLE_AND	INCONSISTENT	transcription factor	no
BRF1	BRF1	SIMPLE_OR	INCONSISTENT	unknown	no
NELFA	NELFA	BIVALENT	SIMPLE_OR	unknown	no
UFD1-AS1	UFD1-AS1	SIMPLE_AND	INCONSISTENT	unknown	no
MANEAL	MANEAL	SIMPLE_OR	BIVALENT	unknown	no
ANO9	ANO9	SIMPLE_AND	INCONSISTENT	unknown	no
NSMCE3	NSMCE3	SIMPLE_AND	INCONSISTENT	unknown	no
PURA	PURA	SIMPLE_AND	INCONSISTENT	unknown	no
LRRC37B	LRRC37B	SIMPLE_AND	INCONSISTENT	unknown	no
DDX51	DDX51	SIMPLE_AND	INCONSISTENT	unknown	no
NRBP2	NRBP2	SIMPLE_AND	INCONSISTENT	unknown	no
PGBD2	PGBD2	SIMPLE_AND	INCONSISTENT	unknown	no
PRPF39	PRPF39	SIMPLE_AND	INCONSISTENT	unknown	no
KIAA0825	KIAA0825	SIMPLE_AND	INCONSISTENT	unknown	no
NOTUM	NOTUM	REPRESSED	INCONSISTENT	unknown	no
RBM11	RBM11	COMPLEX	INCONSISTENT	unknown	no
ZBTB37	ZBTB37	SIMPLE_AND	INCONSISTENT	transcription factor	no
CCDC137	CCDC137	SIMPLE_AND	INCONSISTENT	unknown	no
SOCS1	SOCS1	SIMPLE_AND	INCONSISTENT	unknown	yes
TCN2	TCN2	SIMPLE_AND	INCONSISTENT	unknown	no
GAS2L1	GAS2L1	BIVALENT	INCONSISTENT	unknown	no
TEDC1	TEDC1	SIMPLE_AND	INCONSISTENT	unknown	no
HS6ST3	HS6ST3	REPRESSED	BIVALENT	unknown	no
TNFAIP8L1	TNFAIP8L1	SIMPLE_AND	INCONSISTENT	unknown	no
RAD51D	RAD51D	SIMPLE_AND	INCONSISTENT	unknown	no
MAPK11	MAPK11	SIMPLE_OR	INCONSISTENT	kinase/signaling	no
SP140L	SP140L	SIMPLE_AND	INCONSISTENT	unknown	no
TARS3	TARS3	SIMPLE_AND	INCONSISTENT	unknown	no
METTL7A	METTL7A	SIMPLE_AND	INCONSISTENT	unknown	no
IFNLR1	IFNLR1	SIMPLE_AND	REPRESSED	unknown	no
FAM174B	FAM174B	SIMPLE_AND	INCONSISTENT	unknown	no
ZSWIM9	ZSWIM9	SIMPLE_AND	INCONSISTENT	unknown	no
STAC3	STAC3	SIMPLE_OR	INCONSISTENT	unknown	no
MUC1	MUC1	INCONSISTENT	SIMPLE_AND	unknown	yes
IRF7	IRF7	SIMPLE_AND	INCONSISTENT	transcription factor	no
SV2B	SV2B	SIMPLE_OR	REPRESSED	unknown	no
FAM131C	FAM131C	REPRESSED	INCONSISTENT	unknown	no
LMNTD2	LMNTD2	SIMPLE_AND	INCONSISTENT	unknown	no
NR2F2	NR2F2	BIVALENT	SIMPLE_AND	unknown	no
AHNAK2	AHNAK2	REPRESSED	INCONSISTENT	unknown	no
OLFML2A	OLFML2A	BIVALENT	INCONSISTENT	unknown	no
SP1	SP1	COMPLEX	SIMPLE_AND	transcription factor	no
INKA1	INKA1	SIMPLE_AND	INCONSISTENT	unknown	no
LMLN	LMLN	SIMPLE_AND	INCONSISTENT	unknown	no
NDUFA4L2	NDUFA4L2	BIVALENT	INCONSISTENT	metabolic	no
SHC4	SHC4	REPRESSED	BIVALENT	unknown	no
KRT79	KRT79	REPRESSED	COMPLEX	structural/other	no
SNAI3	SNAI3	SIMPLE_OR	INCONSISTENT	unknown	no
ZBTB3	ZBTB3	SIMPLE_AND	INCONSISTENT	transcription factor	no
MOSMO	MOSMO	SIMPLE_AND	INCONSISTENT	unknown	no
DRG1	DRG1	COMPLEX	SIMPLE_AND	unknown	no
ZNF696	ZNF696	SIMPLE_AND	INCONSISTENT	transcription factor	no
ADARB2	ADARB2	SIMPLE_AND	REPRESSED	unknown	no
IFIT1	IFIT1	SIMPLE_AND	INCONSISTENT	unknown	no
CXorf38	CXorf38	SIMPLE_AND	INCONSISTENT	unknown	no
KCNQ5	KCNQ5	SIMPLE_AND	INCONSISTENT	unknown	no
ADAMTSL5	ADAMTSL5	INCONSISTENT	SIMPLE_AND	unknown	no
WDR53	WDR53	SIMPLE_AND	INCONSISTENT	unknown	no
HDHD5-AS1	HDHD5-AS1	SIMPLE_AND	INCONSISTENT	unknown	no
EVI2B	EVI2B	SIMPLE_AND	INCONSISTENT	unknown	no
THNSL1	THNSL1	SIMPLE_AND	INCONSISTENT	unknown	no
TRIM69	TRIM69	SIMPLE_AND	INCONSISTENT	unknown	no
KLHDC8B	KLHDC8B	SIMPLE_OR	SIMPLE_AND	unknown	no
RTN4RL1	RTN4RL1	BIVALENT	INCONSISTENT	unknown	no
RNPC3	RNPC3	SIMPLE_AND	INCONSISTENT	unknown	no
IRS2	IRS2	COMPLEX	INCONSISTENT	unknown	no
BICD2	BICD2	SIMPLE_AND	INCONSISTENT	unknown	no
SDHAP3	SDHAP3	SIMPLE_AND	INCONSISTENT	unknown	no
LEMD1	LEMD1	REPRESSED	BIVALENT	unknown	no
ZNF566	ZNF566	SIMPLE_AND	INCONSISTENT	transcription factor	no
ZNF284	ZNF284	COMPLEX	INCONSISTENT	transcription factor	no
MATN1-AS1	MATN1-AS1	SIMPLE_AND	INCONSISTENT	unknown	no
GSAP	GSAP	SIMPLE_AND	REPRESSED	unknown	no
ZBTB6	ZBTB6	SIMPLE_AND	INCONSISTENT	transcription factor	no
C2orf76	C2orf76	SIMPLE_AND	INCONSISTENT	unknown	no
POLR3C	POLR3C	COMPLEX	SIMPLE_AND	unknown	no
WWOX	WWOX	SIMPLE_AND	INCONSISTENT	unknown	no
CIDECP1	CIDECP1	SIMPLE_AND	INCONSISTENT	unknown	no
CENATAC	CENATAC	SIMPLE_AND	INCONSISTENT	unknown	no
BCL9L	BCL9L	SIMPLE_AND	INCONSISTENT	unknown	yes
ZNRF1	ZNRF1	SIMPLE_OR	SIMPLE_AND	unknown	no
SOWAHB	SOWAHB	INCONSISTENT	REPRESSED	unknown	no
BLOC1S4	BLOC1S4	COMPLEX	SIMPLE_AND	unknown	no
LINC02610	LINC02610	BIVALENT	INCONSISTENT	unknown	no
MRTFB	MRTFB	SIMPLE_AND	INCONSISTENT	unknown	no
ZNF17	ZNF17	SIMPLE_AND	INCONSISTENT	transcription factor	no
KDM4D	KDM4D	SIMPLE_AND	INCONSISTENT	chromatin regulator	no
ZNF555	ZNF555	SIMPLE_AND	INCONSISTENT	transcription factor	no
PRELID2	PRELID2	INCONSISTENT	SIMPLE_AND	unknown	no
BACE1	BACE1	BIVALENT	REPRESSED	unknown	no
RGS9BP	RGS9BP	BIVALENT	INCONSISTENT	unknown	no
NUDT17	NUDT17	SIMPLE_AND	INCONSISTENT	unknown	no
ZNF75D	ZNF75D	SIMPLE_AND	INCONSISTENT	transcription factor	no
BTN3A2	BTN3A2	SIMPLE_AND	INCONSISTENT	unknown	no
PCLO	PCLO	BIVALENT	INCONSISTENT	unknown	no
ZNF396	ZNF396	SIMPLE_OR	INCONSISTENT	transcription factor	no
SMYD4	SMYD4	SIMPLE_AND	INCONSISTENT	unknown	no
FOXD2	FOXD2	BIVALENT	INCONSISTENT	transcription factor	no
MIR22HG	MIR22HG	SIMPLE_AND	INCONSISTENT	unknown	no
KTN1-AS1	KTN1-AS1	SIMPLE_AND	INCONSISTENT	unknown	no
KIF24	KIF24	SIMPLE_AND	INCONSISTENT	unknown	no
CARMIL3	CARMIL3	SIMPLE_AND	INCONSISTENT	unknown	no
PRR5	PRR5	REPRESSED	SIMPLE_OR	unknown	no
C17orf58	C17orf58	BIVALENT	SIMPLE_AND	unknown	no
BCDIN3D	BCDIN3D	SIMPLE_AND	INCONSISTENT	unknown	no
SPIN2B	SPIN2B	SIMPLE_AND	INCONSISTENT	unknown	no
HYAL3	HYAL3	SIMPLE_AND	INCONSISTENT	unknown	no
ZNF397	ZNF397	SIMPLE_AND	INCONSISTENT	transcription factor	no
ZSCAN30	ZSCAN30	SIMPLE_AND	INCONSISTENT	unknown	no
HEXIM1	HEXIM1	SIMPLE_AND	INCONSISTENT	unknown	no
TRABD2A	TRABD2A	SIMPLE_AND	INCONSISTENT	unknown	no
PDZD7	PDZD7	BIVALENT	INCONSISTENT	unknown	no
POFUT2	POFUT2	SIMPLE_OR	INCONSISTENT	unknown	no
MAPT	MAPT	BIVALENT	COMPLEX	unknown	no
ERCC6L	ERCC6L	SIMPLE_AND	INCONSISTENT	unknown	no
TNFRSF18	TNFRSF18	BIVALENT	INCONSISTENT	unknown	no
C1QL4	C1QL4	REPRESSED	INCONSISTENT	unknown	no
RTN4RL2	RTN4RL2	BIVALENT	INCONSISTENT	unknown	no
ZNF395	ZNF395	SIMPLE_AND	INCONSISTENT	transcription factor	no
PPARA	PPARA	BIVALENT	INCONSISTENT	transcription factor	no
TMEM232	TMEM232	SIMPLE_AND	INCONSISTENT	unknown	no
LINC01551	LINC01551	REPRESSED	INCONSISTENT	unknown	no
KANK3	KANK3	BIVALENT	INCONSISTENT	unknown	no
EMID1	EMID1	BIVALENT	INCONSISTENT	unknown	no
LINC02875	LINC02875	BIVALENT	INCONSISTENT	unknown	no
ESPN	ESPN	REPRESSED	INCONSISTENT	unknown	no
TMEM216	TMEM216	SIMPLE_AND	INCONSISTENT	unknown	no
TEAD1	TEAD1	BIVALENT	INCONSISTENT	transcription factor	no
ENTPD5	ENTPD5	SIMPLE_AND	INCONSISTENT	unknown	no
MITF	MITF	INCONSISTENT	SIMPLE_AND	unknown	yes
FOXD3	FOXD3	BIVALENT	INCONSISTENT	transcription factor	no
TSPYL4	TSPYL4	SIMPLE_AND	INCONSISTENT	unknown	no
MT1X	MT1X	INCONSISTENT	SIMPLE_AND	unknown	no
SESTD1	SESTD1	SIMPLE_AND	BIVALENT	unknown	no
FNBP1	FNBP1	SIMPLE_AND	INCONSISTENT	unknown	yes
DYNC2H1	DYNC2H1	SIMPLE_OR	INCONSISTENT	structural/other	no
RSBN1L	RSBN1L	COMPLEX	SIMPLE_AND	unknown	no
EPOR	EPOR	REPRESSED	INCONSISTENT	unknown	no
PLEKHG7	PLEKHG7	INCONSISTENT	REPRESSED	unknown	no
SIRT7	SIRT7	SIMPLE_OR	SIMPLE_AND	chromatin regulator	no
IFT140	IFT140	BIVALENT	INCONSISTENT	unknown	no
TLR5	TLR5	SIMPLE_AND	INCONSISTENT	unknown	no
NANOS3	NANOS3	SIMPLE_AND	INCONSISTENT	unknown	no
MAGEH1	MAGEH1	SIMPLE_AND	INCONSISTENT	unknown	no
ZNF286A	ZNF286A	SIMPLE_OR	INCONSISTENT	transcription factor	no
ISG15	ISG15	BIVALENT	INCONSISTENT	unknown	no
EXD3	EXD3	SIMPLE_AND	INCONSISTENT	unknown	no
ZKSCAN4	ZKSCAN4	SIMPLE_AND	INCONSISTENT	unknown	no
SAMD11	SAMD11	REPRESSED	BIVALENT	unknown	no
VMAC	VMAC	SIMPLE_AND	INCONSISTENT	unknown	no
HAPLN4	HAPLN4	REPRESSED	INCONSISTENT	unknown	no
B3GLCT	B3GLCT	BIVALENT	INCONSISTENT	unknown	no
SECISBP2	SECISBP2	SIMPLE_AND	INCONSISTENT	unknown	no
SEMA4D	SEMA4D	SIMPLE_AND	INCONSISTENT	unknown	no
ZNF70	ZNF70	SIMPLE_AND	INCONSISTENT	transcription factor	no
PEAR1	PEAR1	REPRESSED	INCONSISTENT	unknown	no
ZFP69B	ZFP69B	COMPLEX	INCONSISTENT	transcription factor	no
SOWAHD	SOWAHD	SIMPLE_AND	INCONSISTENT	unknown	no
ZFP69	ZFP69	COMPLEX	INCONSISTENT	transcription factor	no
PLSCR3	PLSCR3	SIMPLE_AND	INCONSISTENT	unknown	no
CCDC157	CCDC157	SIMPLE_AND	INCONSISTENT	unknown	no
PABIR1	PABIR1	SIMPLE_AND	INCONSISTENT	unknown	no
SHISA7	SHISA7	REPRESSED	BIVALENT	unknown	no
DNER	DNER	BIVALENT	INCONSISTENT	unknown	no
KLHL17	KLHL17	SIMPLE_AND	INCONSISTENT	unknown	no
ANKRD19P	ANKRD19P	REPRESSED	INCONSISTENT	unknown	no
ZSCAN23	ZSCAN23	SIMPLE_OR	COMPLEX	unknown	no
RINL	RINL	SIMPLE_AND	INCONSISTENT	unknown	no
C17orf99	C17orf99	SIMPLE_OR	INCONSISTENT	unknown	no
RILPL1	RILPL1	SIMPLE_OR	INCONSISTENT	unknown	no
ZNF490	ZNF490	SIMPLE_OR	REPRESSED	transcription factor	no
ARL4C	ARL4C	BIVALENT	INCONSISTENT	unknown	no
RAB42	RAB42	INCONSISTENT	REPRESSED	unknown	no
WNT7B	WNT7B	INCONSISTENT	BIVALENT	unknown	no
ZFTA	ZFTA	BIVALENT	INCONSISTENT	unknown	no
GPR89B	GPR89B	SIMPLE_OR	SIMPLE_AND	unknown	no
COL4A5	COL4A5	REPRESSED	INCONSISTENT	structural/other	no
TMPPE	TMPPE	SIMPLE_AND	INCONSISTENT	unknown	no
ZNF626	ZNF626	COMPLEX	INCONSISTENT	transcription factor	no
ZC3H6	ZC3H6	SIMPLE_AND	INCONSISTENT	unknown	no
LINC00265	LINC00265	SIMPLE_AND	INCONSISTENT	unknown	no
NCR3LG1	NCR3LG1	BIVALENT	SIMPLE_AND	unknown	no
DCUN1D3	DCUN1D3	SIMPLE_AND	INCONSISTENT	unknown	no
COMMD6	COMMD6	SIMPLE_AND	INCONSISTENT	unknown	no
ZNF383	ZNF383	SIMPLE_AND	INCONSISTENT	transcription factor	no
HES4	HES4	BIVALENT	INCONSISTENT	transcription factor	no
ZNF669	ZNF669	SIMPLE_AND	COMPLEX	transcription factor	no
PEAK3	PEAK3	BIVALENT	INCONSISTENT	unknown	no
CENPP	CENPP	SIMPLE_AND	INCONSISTENT	unknown	no
ZNF559	ZNF559	SIMPLE_AND	INCONSISTENT	transcription factor	no
SLC38A3	SLC38A3	REPRESSED	INCONSISTENT	metabolic	no
GTF2F2	GTF2F2	SIMPLE_AND	INCONSISTENT	unknown	no
CIBAR1	CIBAR1	SIMPLE_OR	BIVALENT	unknown	no
FOCAD	FOCAD	SIMPLE_AND	INCONSISTENT	unknown	no
ENSG00000188365		REPRESSED	INCONSISTENT	unknown	no
GPR15LG	GPR15LG	INCONSISTENT	REPRESSED	unknown	no
PDCD1	PDCD1	SIMPLE_AND	INCONSISTENT	unknown	no
CHM	CHM	SIMPLE_AND	INCONSISTENT	unknown	no
BLOC1S5	BLOC1S5	SIMPLE_AND	INCONSISTENT	unknown	no
FAM83G	FAM83G	SIMPLE_AND	INCONSISTENT	unknown	no
DUSP28	DUSP28	SIMPLE_AND	INCONSISTENT	unknown	no
RALGAPA2	RALGAPA2	SIMPLE_AND	INCONSISTENT	unknown	no
PAQR9	PAQR9	REPRESSED	INCONSISTENT	unknown	no
CFAP54	CFAP54	SIMPLE_OR	INCONSISTENT	unknown	no
FAM72B	FAM72B	SIMPLE_OR	SIMPLE_AND	unknown	no
SUMO2	SUMO2	COMPLEX	SIMPLE_AND	unknown	no
HMX3	HMX3	SIMPLE_AND	INCONSISTENT	unknown	no
ZNF177	ZNF177	REPRESSED	BIVALENT	transcription factor	no
CC2D2B	CC2D2B	SIMPLE_AND	INCONSISTENT	unknown	no
SAXO2	SAXO2	SIMPLE_AND	INCONSISTENT	unknown	no
RHCE	RHCE	INCONSISTENT	SIMPLE_AND	unknown	no
SLC4A5	SLC4A5	SIMPLE_OR	REPRESSED	metabolic	no
ZDHHC9	ZDHHC9	SIMPLE_OR	SIMPLE_AND	unknown	no
TMEM120B	TMEM120B	SIMPLE_AND	INCONSISTENT	unknown	no
SPRED3	SPRED3	REPRESSED	INCONSISTENT	unknown	no
MTF1	MTF1	SIMPLE_AND	INCONSISTENT	unknown	no
NHLRC3	NHLRC3	SIMPLE_AND	INCONSISTENT	unknown	no
LINC00910	LINC00910	SIMPLE_AND	INCONSISTENT	unknown	no
SLX4	SLX4	SIMPLE_AND	INCONSISTENT	unknown	no
ENTPD8	ENTPD8	REPRESSED	INCONSISTENT	unknown	no
FAM78B	FAM78B	SIMPLE_AND	BIVALENT	unknown	no
ZNF563	ZNF563	SIMPLE_AND	INCONSISTENT	transcription factor	no
FBF1	FBF1	SIMPLE_AND	INCONSISTENT	unknown	no
KLRG2	KLRG2	INCONSISTENT	BIVALENT	unknown	no
ZNF292	ZNF292	SIMPLE_AND	REPRESSED	transcription factor	no
KCTD21	KCTD21	SIMPLE_OR	INCONSISTENT	unknown	no
ZNF567	ZNF567	SIMPLE_AND	INCONSISTENT	transcription factor	no
RNFT1	RNFT1	SIMPLE_AND	INCONSISTENT	unknown	no
RELN	RELN	REPRESSED	SIMPLE_AND	unknown	no
H1-0	H1-0	REPRESSED	INCONSISTENT	unknown	no
BLOC1S3	BLOC1S3	SIMPLE_AND	INCONSISTENT	unknown	no
ANKRD34B	ANKRD34B	BIVALENT	REPRESSED	unknown	no
UBE2Q2P1	UBE2Q2P1	SIMPLE_AND	INCONSISTENT	unknown	no
ABCA15P	ABCA15P	SIMPLE_AND	INCONSISTENT	unknown	no
ZNF527	ZNF527	SIMPLE_AND	COMPLEX	transcription factor	no
ZNF33A	ZNF33A	SIMPLE_AND	INCONSISTENT	transcription factor	no
C15orf61	C15orf61	SIMPLE_AND	INCONSISTENT	unknown	no
FHIT	FHIT	SIMPLE_AND	INCONSISTENT	unknown	yes
ZKSCAN3	ZKSCAN3	SIMPLE_AND	INCONSISTENT	unknown	no
NEMP2	NEMP2	SIMPLE_AND	INCONSISTENT	unknown	no
GSPT2	GSPT2	SIMPLE_AND	INCONSISTENT	unknown	no
C8orf76	C8orf76	SIMPLE_AND	INCONSISTENT	unknown	no
SH2D5	SH2D5	BIVALENT	INCONSISTENT	unknown	no
ZFP92	ZFP92	SIMPLE_OR	INCONSISTENT	transcription factor	no
BLOC1S2	BLOC1S2	SIMPLE_AND	INCONSISTENT	unknown	no
SYCP2	SYCP2	SIMPLE_OR	INCONSISTENT	unknown	no
ZNF724	ZNF724	COMPLEX	INCONSISTENT	transcription factor	no
IL1RAP	IL1RAP	SIMPLE_OR	INCONSISTENT	unknown	no
ZNF699	ZNF699	COMPLEX	INCONSISTENT	transcription factor	no
TDRD7	TDRD7	BIVALENT	INCONSISTENT	unknown	no
CFAP119	CFAP119	SIMPLE_AND	INCONSISTENT	unknown	no
MATCAP1	MATCAP1	SIMPLE_AND	INCONSISTENT	unknown	no
MYT1	MYT1	REPRESSED	BIVALENT	unknown	no
ZNF250	ZNF250	COMPLEX	INCONSISTENT	transcription factor	no
WDSUB1	WDSUB1	SIMPLE_AND	INCONSISTENT	unknown	no
ZNF79	ZNF79	SIMPLE_AND	INCONSISTENT	transcription factor	no
FAT4	FAT4	BIVALENT	INCONSISTENT	unknown	yes
ACADSB	ACADSB	SIMPLE_AND	INCONSISTENT	unknown	no
SEMA4A	SEMA4A	SIMPLE_AND	INCONSISTENT	unknown	no
MPHOSPH8	MPHOSPH8	SIMPLE_AND	INCONSISTENT	unknown	no
EEF1A1P5	EEF1A1P5	REPRESSED	SIMPLE_OR	unknown	no
ZNF766	ZNF766	SIMPLE_AND	COMPLEX	transcription factor	no
SRGAP3	SRGAP3	SIMPLE_AND	INCONSISTENT	unknown	yes
FAM217B	FAM217B	SIMPLE_OR	INCONSISTENT	unknown	no
ZNF107	ZNF107	COMPLEX	INCONSISTENT	transcription factor	no
ZNF493	ZNF493	SIMPLE_AND	INCONSISTENT	transcription factor	no
SUPT3H	SUPT3H	BIVALENT	INCONSISTENT	unknown	no
NIF3L1	NIF3L1	COMPLEX	SIMPLE_AND	unknown	no
CGB7	CGB7	REPRESSED	INCONSISTENT	unknown	no
ZKSCAN7	ZKSCAN7	COMPLEX	REPRESSED	unknown	no
ELAVL3	ELAVL3	BIVALENT	INCONSISTENT	unknown	no
FUT4	FUT4	SIMPLE_AND	INCONSISTENT	unknown	no
ASB13	ASB13	BIVALENT	SIMPLE_AND	unknown	no
SLC35F1	SLC35F1	REPRESSED	INCONSISTENT	unknown	no
ZNF34	ZNF34	SIMPLE_AND	INCONSISTENT	transcription factor	no
ZNF774	ZNF774	SIMPLE_OR	INCONSISTENT	transcription factor	no
NOXO1	NOXO1	BIVALENT	INCONSISTENT	unknown	no
EPHB4	EPHB4	REPRESSED	SIMPLE_AND	kinase/signaling	no
PPP1R26	PPP1R26	SIMPLE_OR	SIMPLE_AND	unknown	no
ZNF569	ZNF569	SIMPLE_AND	INCONSISTENT	transcription factor	no
ZNF775	ZNF775	SIMPLE_AND	INCONSISTENT	transcription factor	no
ZNF605	ZNF605	SIMPLE_AND	INCONSISTENT	transcription factor	no
RFX8	RFX8	BIVALENT	REPRESSED	unknown	no
ZNF799	ZNF799	SIMPLE_AND	INCONSISTENT	transcription factor	no
C20orf96	C20orf96	SIMPLE_AND	COMPLEX	unknown	no
TPK1	TPK1	SIMPLE_AND	INCONSISTENT	unknown	no
AFAP1	AFAP1	REPRESSED	INCONSISTENT	unknown	no
MYO18A	MYO18A	SIMPLE_OR	SIMPLE_AND	unknown	no
SPTSSB	SPTSSB	BIVALENT	REPRESSED	unknown	no
BORCS6	BORCS6	SIMPLE_AND	INCONSISTENT	unknown	no
SULF2	SULF2	BIVALENT	REPRESSED	unknown	no
MYO6	MYO6	SIMPLE_AND	INCONSISTENT	unknown	no
ZNF846	ZNF846	SIMPLE_OR	INCONSISTENT	transcription factor	no
ZNF136	ZNF136	SIMPLE_AND	INCONSISTENT	transcription factor	no
ZNF502	ZNF502	COMPLEX	REPRESSED	transcription factor	no
TTC30B	TTC30B	SIMPLE_AND	INCONSISTENT	unknown	no
TECPR2	TECPR2	SIMPLE_AND	INCONSISTENT	unknown	no
LINC00173	LINC00173	SIMPLE_AND	INCONSISTENT	unknown	no
PDXDC2P-NPIPB14P	PDXDC2P-NPIPB14P	SIMPLE_AND	INCONSISTENT	unknown	no
ZNF512B	ZNF512B	SIMPLE_AND	INCONSISTENT	transcription factor	no
AMZ2	AMZ2	SIMPLE_AND	SIMPLE_OR	unknown	no
ZNF418	ZNF418	SIMPLE_AND	INCONSISTENT	transcription factor	no
LINC01560	LINC01560	SIMPLE_AND	INCONSISTENT	unknown	no
GM2A	GM2A	SIMPLE_AND	INCONSISTENT	unknown	no
CLPSL2	CLPSL2	INCONSISTENT	BIVALENT	unknown	no
ZNF700	ZNF700	SIMPLE_AND	INCONSISTENT	transcription factor	no
CTBP1-DT	CTBP1-DT	SIMPLE_AND	COMPLEX	unknown	no
MVB12B	MVB12B	REPRESSED	INCONSISTENT	unknown	no
ADA	ADA	SIMPLE_AND	INCONSISTENT	unknown	no
ARID5A	ARID5A	SIMPLE_AND	INCONSISTENT	chromatin regulator	no
KPNA5	KPNA5	SIMPLE_AND	INCONSISTENT	unknown	no
ANKRD36B	ANKRD36B	SIMPLE_AND	INCONSISTENT	unknown	no
FAM3C	FAM3C	SIMPLE_AND	INCONSISTENT	unknown	no
SCOC-AS1	SCOC-AS1	SIMPLE_AND	INCONSISTENT	unknown	no
ANXA4	ANXA4	SIMPLE_AND	INCONSISTENT	unknown	no
LAGE3	LAGE3	INCONSISTENT	SIMPLE_AND	unknown	no
WDR5B	WDR5B	SIMPLE_AND	INCONSISTENT	unknown	no
ZNF138	ZNF138	SIMPLE_AND	INCONSISTENT	transcription factor	no
SERTAD1	SERTAD1	SIMPLE_AND	INCONSISTENT	unknown	no
ANXA6	ANXA6	SIMPLE_AND	INCONSISTENT	unknown	no
ZNF441	ZNF441	SIMPLE_AND	INCONSISTENT	transcription factor	no
GMFB	GMFB	SIMPLE_AND	INCONSISTENT	unknown	no
ZSCAN26	ZSCAN26	SIMPLE_AND	INCONSISTENT	unknown	no
KIAA1671	KIAA1671	BIVALENT	INCONSISTENT	unknown	no
GAL3ST4	GAL3ST4	SIMPLE_OR	INCONSISTENT	unknown	no
SLC25A29	SLC25A29	BIVALENT	INCONSISTENT	metabolic	no
PGAP1	PGAP1	SIMPLE_AND	INCONSISTENT	unknown	no
SRC	SRC	SIMPLE_AND	SIMPLE_OR	kinase/signaling	yes
ZNF772	ZNF772	COMPLEX	INCONSISTENT	transcription factor	no
ZNF785	ZNF785	SIMPLE_AND	INCONSISTENT	transcription factor	no
NEK5	NEK5	BIVALENT	INCONSISTENT	kinase/signaling	no
NOL4L	NOL4L	SIMPLE_OR	SIMPLE_AND	unknown	no
SLC22A4	SLC22A4	BIVALENT	INCONSISTENT	metabolic	no
FAM110D	FAM110D	REPRESSED	INCONSISTENT	unknown	no
RAD54B	RAD54B	SIMPLE_AND	INCONSISTENT	unknown	no
ZNF165	ZNF165	SIMPLE_AND	INCONSISTENT	transcription factor	no
SYNGAP1	SYNGAP1	SIMPLE_AND	INCONSISTENT	unknown	no
FITM2	FITM2	SIMPLE_AND	INCONSISTENT	unknown	no
KRBOX5	KRBOX5	SIMPLE_AND	INCONSISTENT	unknown	no
GATA3-AS1	GATA3-AS1	BIVALENT	INCONSISTENT	unknown	no
SVIL	SVIL	BIVALENT	INCONSISTENT	unknown	no
PELI1	PELI1	COMPLEX	INCONSISTENT	unknown	no
UAP1L1	UAP1L1	SIMPLE_AND	INCONSISTENT	unknown	no
ZNF786	ZNF786	SIMPLE_AND	INCONSISTENT	transcription factor	no
ZNF517	ZNF517	SIMPLE_AND	INCONSISTENT	transcription factor	no
ZNF675	ZNF675	COMPLEX	INCONSISTENT	transcription factor	no
DACT3	DACT3	SIMPLE_OR	INCONSISTENT	unknown	no
ADARB1	ADARB1	BIVALENT	SIMPLE_AND	unknown	no
ZNF860	ZNF860	BIVALENT	REPRESSED	transcription factor	no
HTT	HTT	SIMPLE_AND	REPRESSED	unknown	no
DCHS2	DCHS2	BIVALENT	INCONSISTENT	unknown	no
IPP	IPP	COMPLEX	INCONSISTENT	unknown	no
MAP3K5	MAP3K5	SIMPLE_AND	INCONSISTENT	kinase/signaling	no
OGDHL	OGDHL	SIMPLE_OR	INCONSISTENT	unknown	no
PDGFA	PDGFA	BIVALENT	SIMPLE_OR	unknown	no
ZNF628	ZNF628	SIMPLE_AND	INCONSISTENT	transcription factor	no
ZNF665	ZNF665	INCONSISTENT	COMPLEX	transcription factor	no
RPF2	RPF2	SIMPLE_AND	COMPLEX	unknown	no
MIB2	MIB2	SIMPLE_AND	INCONSISTENT	unknown	no
MYO5A	MYO5A	SIMPLE_AND	BIVALENT	unknown	yes
IRF1-AS1	IRF1-AS1	SIMPLE_AND	INCONSISTENT	unknown	no
SIPA1L1	SIPA1L1	SIMPLE_AND	INCONSISTENT	unknown	no
TTC30A	TTC30A	SIMPLE_AND	INCONSISTENT	unknown	no
COL4A6	COL4A6	REPRESSED	BIVALENT	structural/other	no
ZNF624	ZNF624	COMPLEX	INCONSISTENT	transcription factor	no
HHLA3	HHLA3	SIMPLE_AND	INCONSISTENT	unknown	no
TOPORS	TOPORS	SIMPLE_AND	INCONSISTENT	unknown	no
DMBX1	DMBX1	REPRESSED	INCONSISTENT	unknown	no
ENPP1	ENPP1	REPRESSED	BIVALENT	unknown	no
FAR1	FAR1	COMPLEX	SIMPLE_AND	unknown	no
ZNF841	ZNF841	SIMPLE_AND	COMPLEX	transcription factor	no
ZNF615	ZNF615	SIMPLE_AND	COMPLEX	transcription factor	no
EOLA1	EOLA1	SIMPLE_AND	INCONSISTENT	unknown	no
MPEG1	MPEG1	SIMPLE_AND	REPRESSED	unknown	no
ZNF433	ZNF433	SIMPLE_AND	INCONSISTENT	transcription factor	no
SPTAN1	SPTAN1	SIMPLE_AND	SIMPLE_OR	structural/other	no
FAM114A1	FAM114A1	SIMPLE_OR	INCONSISTENT	unknown	no
CR1L	CR1L	INCONSISTENT	SIMPLE_AND	unknown	no
PHF2	PHF2	SIMPLE_AND	INCONSISTENT	chromatin regulator	no
HOXC6	HOXC6	REPRESSED	INCONSISTENT	transcription factor	no
CFD	CFD	INCONSISTENT	SIMPLE_AND	unknown	no
EME2	EME2	SIMPLE_AND	INCONSISTENT	unknown	no
KLHDC1	KLHDC1	SIMPLE_OR	INCONSISTENT	unknown	no
ZNF81	ZNF81	SIMPLE_AND	INCONSISTENT	transcription factor	no
TAF13	TAF13	COMPLEX	SIMPLE_AND	unknown	no
ZNF780A	ZNF780A	COMPLEX	INCONSISTENT	transcription factor	no
FAM118B	FAM118B	SIMPLE_AND	INCONSISTENT	unknown	no
ENSG00000197813		SIMPLE_OR	INCONSISTENT	unknown	no
SLC9A8	SLC9A8	SIMPLE_AND	INCONSISTENT	metabolic	no
OCLN	OCLN	SIMPLE_AND	BIVALENT	structural/other	no
CFAP299	CFAP299	BIVALENT	INCONSISTENT	unknown	no
ZNF181	ZNF181	SIMPLE_AND	INCONSISTENT	transcription factor	no
INKA2	INKA2	SIMPLE_AND	INCONSISTENT	unknown	no
ZNF44	ZNF44	SIMPLE_AND	INCONSISTENT	transcription factor	no
SGTB	SGTB	SIMPLE_AND	INCONSISTENT	unknown	no
ZNF790	ZNF790	SIMPLE_AND	INCONSISTENT	transcription factor	no
NKIRAS1	NKIRAS1	SIMPLE_AND	INCONSISTENT	unknown	no
KIF13B	KIF13B	SIMPLE_AND	INCONSISTENT	unknown	no
ADH5	ADH5	COMPLEX	SIMPLE_AND	unknown	no
TEAD4	TEAD4	BIVALENT	SIMPLE_AND	transcription factor	no
ZNF823	ZNF823	SIMPLE_AND	INCONSISTENT	transcription factor	no
ZNF311	ZNF311	BIVALENT	INCONSISTENT	transcription factor	no
ZNF347	ZNF347	SIMPLE_AND	COMPLEX	transcription factor	no
PLCG2	PLCG2	SIMPLE_AND	BIVALENT	unknown	no
ZNF71	ZNF71	COMPLEX	INCONSISTENT	transcription factor	no
S100A6	S100A6	SIMPLE_AND	SIMPLE_OR	unknown	no
RPL12	RPL12	COMPLEX	SIMPLE_AND	unknown	no
AKAP17A	AKAP17A	SIMPLE_AND	INCONSISTENT	unknown	no
LEKR1	LEKR1	SIMPLE_AND	INCONSISTENT	unknown	no
KEL	KEL	REPRESSED	SIMPLE_AND	unknown	no
ZNF335	ZNF335	SIMPLE_AND	INCONSISTENT	transcription factor	no
SIRPA	SIRPA	SIMPLE_OR	INCONSISTENT	unknown	yes
ZBTB14	ZBTB14	SIMPLE_AND	INCONSISTENT	transcription factor	no
NUP62CL	NUP62CL	SIMPLE_OR	SIMPLE_AND	unknown	no
ZNF248	ZNF248	SIMPLE_AND	INCONSISTENT	transcription factor	no
CHSY3	CHSY3	BIVALENT	INCONSISTENT	unknown	no
TMEM229B	TMEM229B	BIVALENT	INCONSISTENT	unknown	no
HMGN5	HMGN5	COMPLEX	INCONSISTENT	unknown	no
SVIP	SVIP	SIMPLE_AND	INCONSISTENT	unknown	no
ZNF251	ZNF251	SIMPLE_AND	INCONSISTENT	transcription factor	no
ZNF607	ZNF607	SIMPLE_AND	INCONSISTENT	transcription factor	no
ZNF334	ZNF334	COMPLEX	INCONSISTENT	transcription factor	no
AFDN-DT	AFDN-DT	BIVALENT	INCONSISTENT	unknown	no
SLC29A3	SLC29A3	SIMPLE_OR	SIMPLE_AND	metabolic	no
STYX	STYX	SIMPLE_AND	INCONSISTENT	unknown	no
CARD11	CARD11	SIMPLE_AND	INCONSISTENT	unknown	yes
ZNF485	ZNF485	SIMPLE_AND	INCONSISTENT	transcription factor	no
PHETA1	PHETA1	SIMPLE_OR	INCONSISTENT	unknown	no
ZNF813	ZNF813	SIMPLE_AND	INCONSISTENT	transcription factor	no
HOXC4	HOXC4	BIVALENT	INCONSISTENT	transcription factor	no
PIM3	PIM3	SIMPLE_AND	INCONSISTENT	kinase/signaling	no
UVRAG	UVRAG	SIMPLE_AND	INCONSISTENT	unknown	no
ZNF26	ZNF26	COMPLEX	SIMPLE_AND	transcription factor	no
NTRK1	NTRK1	INCONSISTENT	SIMPLE_AND	kinase/signaling	yes
NRARP	NRARP	SIMPLE_OR	SIMPLE_AND	unknown	no
ZXDB	ZXDB	SIMPLE_AND	INCONSISTENT	unknown	no
ZNF480	ZNF480	SIMPLE_AND	INCONSISTENT	transcription factor	no
TPM2	TPM2	SIMPLE_OR	INCONSISTENT	unknown	no
FLVCR1-DT	FLVCR1-DT	SIMPLE_AND	INCONSISTENT	unknown	no
SH3BGRL2	SH3BGRL2	BIVALENT	INCONSISTENT	unknown	no
ANKRD35	ANKRD35	BIVALENT	INCONSISTENT	unknown	no
NBR2	NBR2	SIMPLE_AND	INCONSISTENT	unknown	no
ATL1	ATL1	SIMPLE_AND	INCONSISTENT	unknown	no
CNGA1	CNGA1	SIMPLE_AND	INCONSISTENT	unknown	no
MAFK	MAFK	SIMPLE_AND	INCONSISTENT	transcription factor	no
ARMH1	ARMH1	SIMPLE_AND	INCONSISTENT	unknown	no
ZNF43	ZNF43	COMPLEX	INCONSISTENT	transcription factor	no
C2CD4A	C2CD4A	BIVALENT	INCONSISTENT	unknown	no
ZNF28	ZNF28	COMPLEX	SIMPLE_AND	transcription factor	no
NUDT16	NUDT16	SIMPLE_AND	INCONSISTENT	unknown	no
MMP17	MMP17	BIVALENT	SIMPLE_OR	unknown	no
CCDC69	CCDC69	SIMPLE_AND	INCONSISTENT	unknown	no
CEP290	CEP290	SIMPLE_AND	INCONSISTENT	unknown	no
GLMP	GLMP	SIMPLE_OR	INCONSISTENT	unknown	no
TOGARAM1	TOGARAM1	SIMPLE_AND	INCONSISTENT	unknown	no
DLL1	DLL1	SIMPLE_AND	INCONSISTENT	unknown	no
ANKRD13B	ANKRD13B	SIMPLE_AND	INCONSISTENT	unknown	no
PPP1R14C	PPP1R14C	BIVALENT	INCONSISTENT	unknown	no
SMURF1	SMURF1	SIMPLE_AND	INCONSISTENT	unknown	no
GPATCH3	GPATCH3	SIMPLE_AND	INCONSISTENT	unknown	no
COLGALT2	COLGALT2	BIVALENT	INCONSISTENT	unknown	no
ZNF830	ZNF830	SIMPLE_AND	INCONSISTENT	transcription factor	no
ZNF521	ZNF521	BIVALENT	INCONSISTENT	transcription factor	yes
GK	GK	SIMPLE_AND	INCONSISTENT	unknown	no
ZNF358	ZNF358	BIVALENT	INCONSISTENT	transcription factor	no
CD247	CD247	REPRESSED	INCONSISTENT	unknown	no
INPP5F	INPP5F	SIMPLE_AND	INCONSISTENT	unknown	no
ZNF277	ZNF277	SIMPLE_AND	BIVALENT	transcription factor	no
KTI12	KTI12	SIMPLE_AND	INCONSISTENT	unknown	no
TOX	TOX	COMPLEX	INCONSISTENT	unknown	no
RUSC2	RUSC2	BIVALENT	INCONSISTENT	unknown	no
FICD	FICD	SIMPLE_AND	INCONSISTENT	unknown	no
RUNDC1	RUNDC1	SIMPLE_AND	INCONSISTENT	unknown	no
GRK5	GRK5	SIMPLE_AND	INCONSISTENT	unknown	no
SFMBT2	SFMBT2	SIMPLE_AND	INCONSISTENT	unknown	no
ITPRIPL1	ITPRIPL1	SIMPLE_AND	INCONSISTENT	unknown	no
SHISA4	SHISA4	REPRESSED	INCONSISTENT	unknown	no
C1orf174	C1orf174	COMPLEX	SIMPLE_AND	unknown	no
DZIP3	DZIP3	SIMPLE_AND	INCONSISTENT	unknown	no
KIAA0753	KIAA0753	SIMPLE_AND	INCONSISTENT	unknown	no
TBKBP1	TBKBP1	SIMPLE_OR	INCONSISTENT	unknown	no
TGM2	TGM2	SIMPLE_OR	SIMPLE_AND	unknown	no
ARMCX6	ARMCX6	SIMPLE_AND	INCONSISTENT	unknown	no
RORB	RORB	BIVALENT	INCONSISTENT	unknown	no
MIR375	MIR375	REPRESSED	INCONSISTENT	unknown	no
MIR345	MIR345	BIVALENT	INCONSISTENT	unknown	no
MIR339	MIR339	INCONSISTENT	REPRESSED	unknown	no
SNORA60	SNORA60	INCONSISTENT	SIMPLE_AND	unknown	no
SNORA21	SNORA21	INCONSISTENT	SIMPLE_AND	unknown	no
Y_RNA	Y_RNA	COMPLEX	INCONSISTENT	unknown	no
RNU6-204P	RNU6-204P	COMPLEX	REPRESSED	unknown	no
RNU5E-1	RNU5E-1	INCONSISTENT	SIMPLE_AND	unknown	no
RNU5F-1	RNU5F-1	INCONSISTENT	SIMPLE_OR	unknown	no
SNORA31	SNORA31	INCONSISTENT	SIMPLE_OR	unknown	no
RNU6-633P	RNU6-633P	REPRESSED	INCONSISTENT	unknown	no
RNU5A-1	RNU5A-1	INCONSISTENT	SIMPLE_OR	unknown	no
Y_RNA	Y_RNA	COMPLEX	INCONSISTENT	unknown	no
SNORA52	SNORA52	INCONSISTENT	SIMPLE_AND	unknown	no
RNU1-47P	RNU1-47P	REPRESSED	BIVALENT	unknown	no
RNVU1-22	RNVU1-22	BIVALENT	SIMPLE_AND	unknown	no
RNU6-797P	RNU6-797P	INCONSISTENT	REPRESSED	unknown	no
RNU5B-1	RNU5B-1	INCONSISTENT	SIMPLE_AND	unknown	no
RNU5D-1	RNU5D-1	INCONSISTENT	SIMPLE_AND	unknown	no
Y_RNA	Y_RNA	INCONSISTENT	REPRESSED	unknown	no
SNORA63	SNORA63	INCONSISTENT	SIMPLE_AND	unknown	no
SNORA71D	SNORA71D	INCONSISTENT	SIMPLE_AND	unknown	no
RNA5S17	RNA5S17	BIVALENT	INCONSISTENT	unknown	no
Y_RNA	Y_RNA	INCONSISTENT	BIVALENT	unknown	no
SNORA63B	SNORA63B	COMPLEX	SIMPLE_AND	unknown	no
SNORD118	SNORD118	INCONSISTENT	SIMPLE_AND	unknown	no
SNORA33	SNORA33	INCONSISTENT	SIMPLE_AND	unknown	no
SNORA5B	SNORA5B	INCONSISTENT	SIMPLE_OR	unknown	no
RNU4-1	RNU4-1	INCONSISTENT	SIMPLE_AND	unknown	no
SNORA38	SNORA38	INCONSISTENT	SIMPLE_AND	unknown	no
RNU5A-8P	RNU5A-8P	INCONSISTENT	SIMPLE_OR	unknown	no
SNORA3A	SNORA3A	INCONSISTENT	SIMPLE_AND	unknown	no
RNVU1-34	RNVU1-34	INCONSISTENT	SIMPLE_OR	unknown	no
RNA5SP242	RNA5SP242	BIVALENT	INCONSISTENT	unknown	no
RNY1	RNY1	INCONSISTENT	SIMPLE_AND	unknown	no
Y_RNA	Y_RNA	BIVALENT	REPRESSED	unknown	no
RNVU1-3	RNVU1-3	INCONSISTENT	SIMPLE_AND	unknown	no
SNORA63D	SNORA63D	REPRESSED	SIMPLE_AND	unknown	no
SNORA65	SNORA65	COMPLEX	SIMPLE_AND	unknown	no
SNORA70	SNORA70	INCONSISTENT	SIMPLE_OR	unknown	no
SNORA71C	SNORA71C	INCONSISTENT	SIMPLE_OR	unknown	no
RNVU1-6	RNVU1-6	INCONSISTENT	SIMPLE_AND	unknown	no
RN7SKP50	RN7SKP50	SIMPLE_OR	REPRESSED	unknown	no
RN7SKP78	RN7SKP78	SIMPLE_AND	INCONSISTENT	unknown	no
Y_RNA	Y_RNA	COMPLEX	REPRESSED	unknown	no
RNA5SP334	RNA5SP334	INCONSISTENT	REPRESSED	unknown	no
RN7SKP9	RN7SKP9	SIMPLE_AND	SIMPLE_OR	unknown	no
RNU5E-4P	RNU5E-4P	INCONSISTENT	SIMPLE_AND	unknown	no
RNU6-1138P	RNU6-1138P	REPRESSED	INCONSISTENT	unknown	no
SNORD14C	SNORD14C	COMPLEX	INCONSISTENT	unknown	no
RNA5SP77	RNA5SP77	REPRESSED	INCONSISTENT	unknown	no
SNORA62	SNORA62	INCONSISTENT	SIMPLE_AND	unknown	no
RNVU1-21	RNVU1-21	INCONSISTENT	SIMPLE_AND	unknown	no
RNU5E-6P	RNU5E-6P	INCONSISTENT	SIMPLE_AND	unknown	no
RNU4-2	RNU4-2	INCONSISTENT	SIMPLE_AND	unknown	no
KIAA1671-AS1	KIAA1671-AS1	BIVALENT	INCONSISTENT	unknown	no
TDRKH-AS1	TDRKH-AS1	COMPLEX	INCONSISTENT	unknown	no
ZNF525	ZNF525	SIMPLE_AND	INCONSISTENT	transcription factor	no
ENSG00000203546		SIMPLE_AND	INCONSISTENT	unknown	no
COX20	COX20	SIMPLE_AND	INCONSISTENT	metabolic	no
CHML	CHML	SIMPLE_AND	COMPLEX	unknown	no
IBA57-DT	IBA57-DT	SIMPLE_AND	INCONSISTENT	unknown	no
CR1	CR1	SIMPLE_OR	INCONSISTENT	unknown	no
RAET1G	RAET1G	REPRESSED	BIVALENT	unknown	no
C1orf53	C1orf53	BIVALENT	INCONSISTENT	unknown	no
SAMD5	SAMD5	REPRESSED	BIVALENT	unknown	no
MSTO2P	MSTO2P	SIMPLE_AND	INCONSISTENT	unknown	no
EEF1AKMT2	EEF1AKMT2	SIMPLE_AND	INCONSISTENT	unknown	no
ADAMTSL4-AS1	ADAMTSL4-AS1	SIMPLE_AND	INCONSISTENT	unknown	no
PLPP4	PLPP4	REPRESSED	INCONSISTENT	unknown	no
BVES-AS1	BVES-AS1	BIVALENT	INCONSISTENT	unknown	no
LIN28B-AS1	LIN28B-AS1	REPRESSED	INCONSISTENT	unknown	no
RBM20	RBM20	BIVALENT	INCONSISTENT	unknown	no
SNHG5	SNHG5	COMPLEX	SIMPLE_AND	unknown	no
RIPPLY2	RIPPLY2	BIVALENT	REPRESSED	unknown	no
SOX18	SOX18	SIMPLE_OR	INCONSISTENT	transcription factor	no
RTL8A	RTL8A	INCONSISTENT	SIMPLE_AND	unknown	no
EFCAB7	EFCAB7	SIMPLE_AND	INCONSISTENT	unknown	no
ARRDC1-AS1	ARRDC1-AS1	SIMPLE_AND	INCONSISTENT	unknown	no
LRRC73	LRRC73	BIVALENT	INCONSISTENT	unknown	no
LINC00963	LINC00963	REPRESSED	COMPLEX	unknown	no
IER5L-AS1	IER5L-AS1	BIVALENT	INCONSISTENT	unknown	no
MAFB	MAFB	REPRESSED	INCONSISTENT	transcription factor	yes
TRAF3IP1	TRAF3IP1	SIMPLE_OR	INCONSISTENT	unknown	no
CHIC1	CHIC1	SIMPLE_AND	INCONSISTENT	unknown	no
ECEL1P1	ECEL1P1	REPRESSED	INCONSISTENT	unknown	no
C2orf72	C2orf72	REPRESSED	BIVALENT	unknown	no
RUFY2	RUFY2	SIMPLE_AND	INCONSISTENT	unknown	no
GGTA1	GGTA1	REPRESSED	BIVALENT	unknown	no
ASAH2B	ASAH2B	SIMPLE_AND	INCONSISTENT	unknown	no
CXorf65	CXorf65	SIMPLE_AND	INCONSISTENT	unknown	no
BMS1P1	BMS1P1	SIMPLE_OR	INCONSISTENT	unknown	no
MACO1	MACO1	SIMPLE_AND	INCONSISTENT	unknown	no
ZDBF2	ZDBF2	SIMPLE_AND	BIVALENT	unknown	no
BMPR2	BMPR2	SIMPLE_AND	INCONSISTENT	unknown	no
TCEA3	TCEA3	REPRESSED	INCONSISTENT	unknown	no
HSD17B8	HSD17B8	SIMPLE_AND	INCONSISTENT	unknown	no
HLA-DOA	HLA-DOA	SIMPLE_AND	REPRESSED	unknown	no
HLA-DMA	HLA-DMA	SIMPLE_AND	INCONSISTENT	unknown	no
PSMB8-AS1	PSMB8-AS1	SIMPLE_AND	INCONSISTENT	unknown	no
PSMB8	PSMB8	SIMPLE_AND	INCONSISTENT	unknown	no
TAP2	TAP2	SIMPLE_AND	INCONSISTENT	unknown	no
SPIN3	SPIN3	SIMPLE_AND	INCONSISTENT	unknown	no
NBDY	NBDY	SIMPLE_AND	INCONSISTENT	unknown	no
COL15A1	COL15A1	REPRESSED	BIVALENT	structural/other	no
AGER	AGER	SIMPLE_OR	INCONSISTENT	unknown	no
PJVK	PJVK	SIMPLE_AND	INCONSISTENT	unknown	no
PRRT1	PRRT1	BIVALENT	INCONSISTENT	unknown	no
SP5	SP5	BIVALENT	COMPLEX	transcription factor	no
DXO	DXO	SIMPLE_AND	INCONSISTENT	unknown	no
VWA7	VWA7	SIMPLE_OR	INCONSISTENT	unknown	no
MBD5	MBD5	SIMPLE_AND	INCONSISTENT	chromatin regulator	no
LINC02872	LINC02872	REPRESSED	INCONSISTENT	unknown	no
AIF1	AIF1	SIMPLE_AND	INCONSISTENT	unknown	no
NFKBIL1	NFKBIL1	SIMPLE_AND	INCONSISTENT	unknown	no
ZNF805	ZNF805	SIMPLE_AND	COMPLEX	transcription factor	no
HLA-C	HLA-C	SIMPLE_AND	REPRESSED	unknown	no
DDR1	DDR1	SIMPLE_OR	SIMPLE_AND	unknown	no
ZNF468	ZNF468	COMPLEX	SIMPLE_AND	transcription factor	no
ZNF616	ZNF616	SIMPLE_AND	INCONSISTENT	transcription factor	no
TRIM31	TRIM31	SIMPLE_OR	REPRESSED	unknown	no
POLR1HASP	POLR1HASP	COMPLEX	INCONSISTENT	unknown	no
DISP3	DISP3	INCONSISTENT	BIVALENT	unknown	no
HCG9	HCG9	BIVALENT	INCONSISTENT	unknown	no
TBC1D8	TBC1D8	SIMPLE_AND	INCONSISTENT	unknown	no
MOG	MOG	INCONSISTENT	REPRESSED	unknown	no
CBY3	CBY3	SIMPLE_AND	INCONSISTENT	unknown	no
MIR1915HG	MIR1915HG	BIVALENT	INCONSISTENT	unknown	no
STARD7-AS1	STARD7-AS1	SIMPLE_AND	INCONSISTENT	unknown	no
LINC01291	LINC01291	INCONSISTENT	BIVALENT	unknown	no
MROH6	MROH6	REPRESSED	INCONSISTENT	unknown	no
ENSG00000204850		REPRESSED	BIVALENT	unknown	no
PNMA8B	PNMA8B	REPRESSED	BIVALENT	unknown	no
TCTN1	TCTN1	SIMPLE_AND	INCONSISTENT	unknown	no
IGFL4	IGFL4	REPRESSED	INCONSISTENT	unknown	no
MZT1	MZT1	SIMPLE_AND	INCONSISTENT	unknown	no
UQCC3	UQCC3	SIMPLE_AND	INCONSISTENT	unknown	no
ZNF783	ZNF783	SIMPLE_AND	INCONSISTENT	transcription factor	no
LRRC10B	LRRC10B	REPRESSED	BIVALENT	unknown	no
TRIM13	TRIM13	SIMPLE_AND	INCONSISTENT	unknown	no
AARD	AARD	REPRESSED	BIVALENT	unknown	no
ENSG00000205041		SIMPLE_AND	INCONSISTENT	unknown	no
LINC02716	LINC02716	BIVALENT	INCONSISTENT	unknown	no
SDHAF1	SDHAF1	SIMPLE_AND	INCONSISTENT	unknown	no
ARID3C	ARID3C	REPRESSED	BIVALENT	unknown	no
ZBTB10	ZBTB10	SIMPLE_AND	INCONSISTENT	transcription factor	no
C4orf46	C4orf46	SIMPLE_AND	INCONSISTENT	unknown	no
TMEM170B	TMEM170B	SIMPLE_AND	BIVALENT	unknown	no
NT5M	NT5M	SIMPLE_AND	INCONSISTENT	unknown	no
IPO7	IPO7	SIMPLE_AND	COMPLEX	unknown	no
TECPR1	TECPR1	SIMPLE_AND	INCONSISTENT	unknown	no
ATP6AP1L	ATP6AP1L	SIMPLE_AND	INCONSISTENT	unknown	no
CCDC85C	CCDC85C	SIMPLE_OR	SIMPLE_AND	unknown	no
LINC03009	LINC03009	SIMPLE_AND	INCONSISTENT	unknown	no
SMG1P2	SMG1P2	SIMPLE_AND	INCONSISTENT	unknown	no
TMEM256	TMEM256	BIVALENT	SIMPLE_AND	unknown	no
STAG3L1	STAG3L1	SIMPLE_OR	INCONSISTENT	unknown	no
DENND6B	DENND6B	SIMPLE_AND	INCONSISTENT	unknown	no
LINC01446	LINC01446	REPRESSED	INCONSISTENT	unknown	no
MFSD2B	MFSD2B	REPRESSED	INCONSISTENT	unknown	no
CDPF1	CDPF1	SIMPLE_AND	INCONSISTENT	unknown	no
LIN52	LIN52	SIMPLE_AND	INCONSISTENT	unknown	no
ACOT6	ACOT6	BIVALENT	INCONSISTENT	unknown	no
DPF3	DPF3	SIMPLE_OR	INCONSISTENT	unknown	no
ETFRF1	ETFRF1	SIMPLE_AND	INCONSISTENT	unknown	no
ITSN1	ITSN1	BIVALENT	INCONSISTENT	unknown	no
ITPRIPL2	ITPRIPL2	SIMPLE_AND	INCONSISTENT	unknown	no
ENSG00000205740		SIMPLE_AND	INCONSISTENT	unknown	no
CRYZL1	CRYZL1	BIVALENT	SIMPLE_AND	unknown	no
RP9P	RP9P	INCONSISTENT	COMPLEX	unknown	no
CATSPER2P1	CATSPER2P1	SIMPLE_AND	INCONSISTENT	unknown	no
CYS1	CYS1	SIMPLE_AND	BIVALENT	unknown	no
PLPP6	PLPP6	SIMPLE_AND	INCONSISTENT	unknown	no
ZNF316	ZNF316	SIMPLE_AND	INCONSISTENT	transcription factor	no
SRRM2-AS1	SRRM2-AS1	SIMPLE_AND	INCONSISTENT	unknown	no
ONECUT3	ONECUT3	REPRESSED	INCONSISTENT	transcription factor	no
C21orf62-AS1	C21orf62-AS1	SIMPLE_AND	INCONSISTENT	unknown	no
NYNRIN	NYNRIN	REPRESSED	INCONSISTENT	unknown	no
ENSG00000206028		SIMPLE_AND	INCONSISTENT	unknown	no
CFAP99	CFAP99	BIVALENT	INCONSISTENT	unknown	no
EGFEM1P	EGFEM1P	SIMPLE_AND	BIVALENT	unknown	no
HBA1	HBA1	REPRESSED	SIMPLE_AND	unknown	no
HBM	HBM	BIVALENT	INCONSISTENT	unknown	no
FOXL2NB	FOXL2NB	REPRESSED	INCONSISTENT	unknown	no
HLA-H	HLA-H	SIMPLE_AND	REPRESSED	unknown	no
HCG27	HCG27	SIMPLE_AND	INCONSISTENT	unknown	no
RAB12	RAB12	SIMPLE_AND	INCONSISTENT	unknown	no
HACD2	HACD2	SIMPLE_AND	INCONSISTENT	unknown	no
LNP1	LNP1	SIMPLE_AND	INCONSISTENT	unknown	no
TRIM71	TRIM71	BIVALENT	REPRESSED	unknown	no
SNORA57	SNORA57	INCONSISTENT	SIMPLE_AND	unknown	no
SNORA22B	SNORA22B	INCONSISTENT	SIMPLE_AND	unknown	no
RNU6-1	RNU6-1	INCONSISTENT	SIMPLE_AND	unknown	no
SNORA80B	SNORA80B	COMPLEX	SIMPLE_AND	unknown	no
RNU1-1	RNU1-1	INCONSISTENT	SIMPLE_AND	unknown	no
Y_RNA	Y_RNA	REPRESSED	INCONSISTENT	unknown	no
RNVU1-18	RNVU1-18	INCONSISTENT	SIMPLE_OR	unknown	no
SNORA6	SNORA6	INCONSISTENT	SIMPLE_AND	unknown	no
SNORA10	SNORA10	INCONSISTENT	SIMPLE_AND	unknown	no
RNVU1-30	RNVU1-30	INCONSISTENT	SIMPLE_AND	unknown	no
ENSG00000206898		REPRESSED	INCONSISTENT	unknown	no
SNORA24B	SNORA24B	INCONSISTENT	SIMPLE_AND	unknown	no
SNORD15A	SNORD15A	INCONSISTENT	SIMPLE_AND	unknown	no
RNU1-2	RNU1-2	INCONSISTENT	SIMPLE_AND	unknown	no
SNORA27	SNORA27	INCONSISTENT	SIMPLE_AND	unknown	no
SNORA72	SNORA72	INCONSISTENT	SIMPLE_AND	unknown	no
SNORA7B	SNORA7B	INCONSISTENT	SIMPLE_AND	unknown	no
SNORD14D	SNORD14D	COMPLEX	INCONSISTENT	unknown	no
SNORA70	SNORA70	INCONSISTENT	SIMPLE_AND	unknown	no
SNORA68	SNORA68	INCONSISTENT	SIMPLE_AND	unknown	no
SNORA14B	SNORA14B	INCONSISTENT	SIMPLE_AND	unknown	no
RNA5SP122	RNA5SP122	REPRESSED	COMPLEX	unknown	no
RNVU1-15	RNVU1-15	INCONSISTENT	SIMPLE_AND	unknown	no
SNORA80D	SNORA80D	INCONSISTENT	SIMPLE_OR	unknown	no
SNORA37	SNORA37	INCONSISTENT	SIMPLE_AND	unknown	no
Y_RNA	Y_RNA	BIVALENT	INCONSISTENT	unknown	no
RNU6-73P	RNU6-73P	REPRESSED	INCONSISTENT	unknown	no
Y_RNA	Y_RNA	INCONSISTENT	REPRESSED	unknown	no
RNU6-2	RNU6-2	INCONSISTENT	SIMPLE_AND	unknown	no
SNORA64	SNORA64	INCONSISTENT	SIMPLE_AND	unknown	no
SNORD15B	SNORD15B	INCONSISTENT	SIMPLE_AND	unknown	no
RNU6-535P	RNU6-535P	INCONSISTENT	REPRESSED	unknown	no
RNU6-1067P	RNU6-1067P	REPRESSED	INCONSISTENT	unknown	no
SNORA7A	SNORA7A	INCONSISTENT	SIMPLE_AND	unknown	no
RNVU1-14	RNVU1-14	INCONSISTENT	SIMPLE_AND	unknown	no
RNU6-9	RNU6-9	INCONSISTENT	SIMPLE_AND	unknown	no
MIR34C	MIR34C	REPRESSED	BIVALENT	unknown	no
MIR124-3	MIR124-3	BIVALENT	INCONSISTENT	unknown	no
MIR193A	MIR193A	BIVALENT	INCONSISTENT	unknown	no
MIR34B	MIR34B	REPRESSED	BIVALENT	unknown	no
MIR196A2	MIR196A2	REPRESSED	INCONSISTENT	unknown	no
MIR9-1	MIR9-1	BIVALENT	INCONSISTENT	unknown	no
MIR320A	MIR320A	COMPLEX	INCONSISTENT	unknown	no
SNORD12C	SNORD12C	COMPLEX	INCONSISTENT	unknown	no
SNORA48	SNORA48	INCONSISTENT	SIMPLE_AND	unknown	no
MIR196A1	MIR196A1	REPRESSED	INCONSISTENT	unknown	no
SNORA40	SNORA40	INCONSISTENT	SIMPLE_OR	unknown	no
GNRHR2	GNRHR2	SIMPLE_AND	INCONSISTENT	unknown	no
STK38L	STK38L	COMPLEX	INCONSISTENT	kinase/signaling	no
MIR670	MIR670	REPRESSED	INCONSISTENT	unknown	no
IGLV8-61	IGLV8-61	COMPLEX	REPRESSED	unknown	no
IGLC3	IGLC3	INCONSISTENT	REPRESSED	unknown	no
TRBJ2-3	TRBJ2-3	INCONSISTENT	BIVALENT	unknown	no
TRBJ2-4	TRBJ2-4	INCONSISTENT	BIVALENT	unknown	no
TRBJ2-5	TRBJ2-5	INCONSISTENT	BIVALENT	unknown	no
TRBJ2-6	TRBJ2-6	INCONSISTENT	BIVALENT	unknown	no
TRBJ2-7	TRBJ2-7	INCONSISTENT	BIVALENT	unknown	no
TRBC2	TRBC2	SIMPLE_OR	REPRESSED	unknown	no
TRDC	TRDC	COMPLEX	INCONSISTENT	unknown	no
TRAJ57	TRAJ57	INCONSISTENT	REPRESSED	unknown	no
TRAJ56	TRAJ56	INCONSISTENT	REPRESSED	unknown	no
TRAJ54	TRAJ54	INCONSISTENT	REPRESSED	unknown	no
TRAJ53	TRAJ53	INCONSISTENT	REPRESSED	unknown	no
TRAJ52	TRAJ52	INCONSISTENT	REPRESSED	unknown	no
TRAJ44	TRAJ44	INCONSISTENT	REPRESSED	unknown	no
TRAJ43	TRAJ43	INCONSISTENT	REPRESSED	unknown	no
TRAJ42	TRAJ42	INCONSISTENT	REPRESSED	unknown	no
TRAJ41	TRAJ41	INCONSISTENT	REPRESSED	unknown	no
TRAJ40	TRAJ40	INCONSISTENT	REPRESSED	unknown	no
TRAJ39	TRAJ39	INCONSISTENT	REPRESSED	unknown	no
TRAJ38	TRAJ38	INCONSISTENT	REPRESSED	unknown	no
TAS2R14	TAS2R14	SIMPLE_AND	INCONSISTENT	unknown	no
SNORD17	SNORD17	COMPLEX	SIMPLE_AND	unknown	no
RNU6-1176P	RNU6-1176P	REPRESSED	INCONSISTENT	unknown	no
ENSG00000212279		COMPLEX	INCONSISTENT	unknown	no
RNU6-821P	RNU6-821P	REPRESSED	INCONSISTENT	unknown	no
SNORD12	SNORD12	COMPLEX	INCONSISTENT	unknown	no
ENSG00000212558		INCONSISTENT	REPRESSED	unknown	no
RNA5SP482	RNA5SP482	INCONSISTENT	REPRESSED	unknown	no
SNORA26	SNORA26	INCONSISTENT	SIMPLE_AND	unknown	no
SNORA3B	SNORA3B	INCONSISTENT	SIMPLE_AND	unknown	no
LINC01089	LINC01089	SIMPLE_AND	INCONSISTENT	unknown	no
LINC02656	LINC02656	SIMPLE_OR	REPRESSED	unknown	no
EWSAT1	EWSAT1	INCONSISTENT	BIVALENT	unknown	no
MAP10	MAP10	SIMPLE_AND	INCONSISTENT	unknown	no
ZNF611	ZNF611	SIMPLE_AND	COMPLEX	transcription factor	no
SYT3	SYT3	REPRESSED	BIVALENT	unknown	no
DENND1B	DENND1B	SIMPLE_AND	INCONSISTENT	unknown	no
C1orf220	C1orf220	SIMPLE_AND	INCONSISTENT	unknown	no
ENSG00000213062		SIMPLE_AND	INCONSISTENT	unknown	no
DYNLT2B	DYNLT2B	SIMPLE_AND	INCONSISTENT	unknown	no
FAM24B	FAM24B	SIMPLE_AND	INCONSISTENT	unknown	no
MLLT11	MLLT11	SIMPLE_AND	INCONSISTENT	unknown	yes
DNLZ	DNLZ	SIMPLE_AND	INCONSISTENT	unknown	no
MXD3	MXD3	SIMPLE_AND	INCONSISTENT	unknown	no
ENSG00000213358		COMPLEX	INCONSISTENT	unknown	no
GSTM2	GSTM2	SIMPLE_OR	INCONSISTENT	metabolic	no
PTPRCAP	PTPRCAP	SIMPLE_AND	INCONSISTENT	unknown	no
GPC2	GPC2	SIMPLE_OR	INCONSISTENT	unknown	no
KRT222	KRT222	BIVALENT	INCONSISTENT	structural/other	no
SYNJ2BP	SYNJ2BP	SIMPLE_AND	INCONSISTENT	unknown	no
TTLL13	TTLL13	BIVALENT	INCONSISTENT	unknown	no
LAP3P2	LAP3P2	INCONSISTENT	REPRESSED	unknown	no
RBMXL1	RBMXL1	SIMPLE_AND	INCONSISTENT	unknown	no
STIMATE	STIMATE	SIMPLE_AND	INCONSISTENT	unknown	no
C8orf82	C8orf82	COMPLEX	INCONSISTENT	unknown	no
TMX2	TMX2	COMPLEX	SIMPLE_AND	unknown	no
ENSG00000213600		SIMPLE_AND	INCONSISTENT	unknown	no
ADAT3	ADAT3	SIMPLE_AND	INCONSISTENT	unknown	no
GPSM3	GPSM3	COMPLEX	SIMPLE_AND	unknown	no
TREX1	TREX1	SIMPLE_AND	INCONSISTENT	unknown	no
S1PR3	S1PR3	REPRESSED	INCONSISTENT	unknown	no
FABP5P5	FABP5P5	COMPLEX	INCONSISTENT	unknown	no
DDAH2	DDAH2	SIMPLE_AND	INCONSISTENT	unknown	no
ZNF337-AS1	ZNF337-AS1	SIMPLE_AND	INCONSISTENT	transcription factor	no
ENSG00000213750		INCONSISTENT	REPRESSED	unknown	no
CENPBD2P	CENPBD2P	SIMPLE_AND	INCONSISTENT	unknown	no
ATP6V1G2	ATP6V1G2	SIMPLE_AND	INCONSISTENT	unknown	no
GTF2H4	GTF2H4	COMPLEX	SIMPLE_AND	unknown	no
ZNF888	ZNF888	INCONSISTENT	SIMPLE_AND	transcription factor	no
ZNF845	ZNF845	SIMPLE_AND	INCONSISTENT	transcription factor	no
ZNF321P	ZNF321P	SIMPLE_AND	INCONSISTENT	transcription factor	no
EMP2	EMP2	BIVALENT	INCONSISTENT	unknown	no
KCTD11	KCTD11	SIMPLE_AND	INCONSISTENT	unknown	no
LINC01521	LINC01521	SIMPLE_AND	INCONSISTENT	unknown	no
LIPE-AS1	LIPE-AS1	SIMPLE_AND	INCONSISTENT	unknown	no
DNASE1	DNASE1	SIMPLE_AND	INCONSISTENT	unknown	no
MDP1	MDP1	SIMPLE_AND	INCONSISTENT	unknown	no
IRF9	IRF9	SIMPLE_AND	INCONSISTENT	transcription factor	no
GALT	GALT	SIMPLE_AND	INCONSISTENT	unknown	no
ENSG00000213963		SIMPLE_AND	INCONSISTENT	unknown	no
ZNF726	ZNF726	SIMPLE_AND	INCONSISTENT	transcription factor	no
NAXD	NAXD	SIMPLE_AND	INCONSISTENT	unknown	no
MEF2B	MEF2B	SIMPLE_AND	INCONSISTENT	transcription factor	no
RPL32P23	RPL32P23	INCONSISTENT	REPRESSED	unknown	no
ZNF891	ZNF891	SIMPLE_AND	INCONSISTENT	transcription factor	no
FBXO16	FBXO16	SIMPLE_AND	BIVALENT	unknown	no
GNAQP1	GNAQP1	REPRESSED	BIVALENT	unknown	no
ARL16	ARL16	SIMPLE_AND	INCONSISTENT	unknown	no
PAXIP1-AS2	PAXIP1-AS2	SIMPLE_AND	INCONSISTENT	unknown	no
MYCBP	MYCBP	COMPLEX	SIMPLE_AND	unknown	no
SDHAP4	SDHAP4	SIMPLE_AND	INCONSISTENT	unknown	no
PRCD	PRCD	SIMPLE_AND	INCONSISTENT	unknown	no
AMZ2P1	AMZ2P1	SIMPLE_AND	INCONSISTENT	unknown	no
GCC2-AS1	GCC2-AS1	SIMPLE_AND	INCONSISTENT	unknown	no
ST7-OT4	ST7-OT4	SIMPLE_AND	INCONSISTENT	unknown	no
SH3D21	SH3D21	SIMPLE_AND	INCONSISTENT	unknown	no
TTC41P	TTC41P	SIMPLE_AND	INCONSISTENT	unknown	no
ENSG00000214248		SIMPLE_AND	INCONSISTENT	unknown	no
ANG	ANG	SIMPLE_AND	INCONSISTENT	unknown	no
ENSG00000214278		INCONSISTENT	REPRESSED	unknown	no
POU2AF3	POU2AF3	INCONSISTENT	REPRESSED	unknown	no
APTR	APTR	COMPLEX	INCONSISTENT	unknown	no
MBLAC1	MBLAC1	SIMPLE_AND	INCONSISTENT	unknown	no
HAUS3	HAUS3	SIMPLE_AND	INCONSISTENT	unknown	no
VSTM5	VSTM5	REPRESSED	INCONSISTENT	unknown	no
BBIP1	BBIP1	SIMPLE_AND	INCONSISTENT	unknown	no
PLIN5	PLIN5	REPRESSED	INCONSISTENT	unknown	no
ENSG00000214546		BIVALENT	INCONSISTENT	unknown	no
CPEB1	CPEB1	BIVALENT	SIMPLE_AND	unknown	no
CAPN14	CAPN14	SIMPLE_OR	REPRESSED	unknown	no
SEPTIN7P2	SEPTIN7P2	SIMPLE_OR	INCONSISTENT	unknown	no
ENSG00000214770		SIMPLE_AND	INCONSISTENT	unknown	no
POLR2J4	POLR2J4	SIMPLE_AND	INCONSISTENT	unknown	no
TUBA5P	TUBA5P	BIVALENT	INCONSISTENT	structural/other	no
DDX12P	DDX12P	SIMPLE_AND	INCONSISTENT	unknown	no
LINC02981	LINC02981	BIVALENT	INCONSISTENT	unknown	no
MED28P1	MED28P1	SIMPLE_AND	INCONSISTENT	unknown	no
ENSG00000214919		BIVALENT	INCONSISTENT	unknown	no
HLA-F-AS1	HLA-F-AS1	SIMPLE_OR	INCONSISTENT	unknown	no
ARHGEF28	ARHGEF28	SIMPLE_OR	REPRESSED	unknown	no
ACSM4	ACSM4	REPRESSED	INCONSISTENT	metabolic	no
CD27-AS1	CD27-AS1	SIMPLE_AND	INCONSISTENT	unknown	no
ALOX12-AS1	ALOX12-AS1	SIMPLE_AND	INCONSISTENT	unknown	no
ANXA2R-AS1	ANXA2R-AS1	SIMPLE_AND	INCONSISTENT	unknown	no
UBXN2B	UBXN2B	SIMPLE_AND	INCONSISTENT	unknown	no
ENSG00000215154		SIMPLE_AND	INCONSISTENT	unknown	no
LINC00680	LINC00680	SIMPLE_OR	INCONSISTENT	unknown	no
DHRS4-AS1	DHRS4-AS1	SIMPLE_AND	INCONSISTENT	unknown	no
MYL5	MYL5	SIMPLE_AND	INCONSISTENT	structural/other	no
SCRT2	SCRT2	REPRESSED	INCONSISTENT	unknown	no
ZNF407	ZNF407	SIMPLE_AND	INCONSISTENT	transcription factor	no
AATBC	AATBC	SIMPLE_OR	INCONSISTENT	unknown	no
RPL17-C18orf32	RPL17-C18orf32	INCONSISTENT	SIMPLE_AND	unknown	no
TMEM242	TMEM242	SIMPLE_AND	INCONSISTENT	unknown	no
TMEM167B	TMEM167B	COMPLEX	SIMPLE_AND	unknown	no
SDHAP2	SDHAP2	SIMPLE_OR	INCONSISTENT	unknown	no
CYB5RL	CYB5RL	SIMPLE_AND	INCONSISTENT	unknown	no
KRT19P2	KRT19P2	INCONSISTENT	REPRESSED	unknown	no
ENSG00000216775		SIMPLE_AND	INCONSISTENT	unknown	no
RBM33-DT	RBM33-DT	SIMPLE_AND	INCONSISTENT	unknown	no
CCDC7	CCDC7	SIMPLE_AND	INCONSISTENT	unknown	no
SYCE3	SYCE3	INCONSISTENT	BIVALENT	unknown	no
RPS16P5	RPS16P5	SIMPLE_AND	INCONSISTENT	unknown	no
PTGES3P2	PTGES3P2	SIMPLE_AND	INCONSISTENT	unknown	no
ENSG00000217801		SIMPLE_AND	INCONSISTENT	unknown	no
LINC00339	LINC00339	SIMPLE_AND	INCONSISTENT	unknown	no
ZNF579	ZNF579	SIMPLE_AND	INCONSISTENT	transcription factor	no
CACYBPP3	CACYBPP3	INCONSISTENT	REPRESSED	unknown	no
CATSPERZ	CATSPERZ	REPRESSED	BIVALENT	unknown	no
NBPF1	NBPF1	BIVALENT	SIMPLE_AND	unknown	no
UMAD1	UMAD1	SIMPLE_AND	INCONSISTENT	unknown	no
PPP1R3G	PPP1R3G	BIVALENT	INCONSISTENT	unknown	no
FAM228B	FAM228B	SIMPLE_AND	INCONSISTENT	unknown	no
ZNF433-AS1	ZNF433-AS1	SIMPLE_AND	INCONSISTENT	transcription factor	no
ENSG00000219992		BIVALENT	INCONSISTENT	unknown	no
LINGO3	LINGO3	REPRESSED	INCONSISTENT	unknown	no
VAMP2	VAMP2	SIMPLE_AND	INCONSISTENT	unknown	no
H2BC19P	H2BC19P	SIMPLE_AND	INCONSISTENT	unknown	no
TUBBP9	TUBBP9	BIVALENT	INCONSISTENT	unknown	no
SNORA11B	SNORA11B	COMPLEX	SIMPLE_OR	unknown	no
MIR1284	MIR1284	REPRESSED	INCONSISTENT	unknown	no
SNORA81	SNORA81	COMPLEX	SIMPLE_AND	unknown	no
SNORD99	SNORD99	COMPLEX	INCONSISTENT	unknown	no
PPP3CB-AS1	PPP3CB-AS1	SIMPLE_AND	INCONSISTENT	unknown	no
PPP3R1	PPP3R1	SIMPLE_OR	SIMPLE_AND	unknown	no
ARIH2OS	ARIH2OS	SIMPLE_AND	INCONSISTENT	unknown	no
ZBED8	ZBED8	SIMPLE_AND	INCONSISTENT	unknown	no
NPTXR	NPTXR	REPRESSED	INCONSISTENT	unknown	no
FAM200A	FAM200A	SIMPLE_AND	INCONSISTENT	unknown	no
C19orf73	C19orf73	BIVALENT	INCONSISTENT	unknown	no
TRIM16	TRIM16	SIMPLE_OR	SIMPLE_AND	unknown	no
TIGD1	TIGD1	SIMPLE_AND	INCONSISTENT	unknown	no
FXYD7	FXYD7	BIVALENT	INCONSISTENT	unknown	no
XKR9	XKR9	SIMPLE_AND	INCONSISTENT	unknown	no
LINC01465	LINC01465	SIMPLE_AND	INCONSISTENT	unknown	no
LINC02897	LINC02897	REPRESSED	INCONSISTENT	unknown	no
APOL6	APOL6	SIMPLE_AND	INCONSISTENT	unknown	no
FADS3	FADS3	SIMPLE_OR	SIMPLE_AND	unknown	no
PPT2	PPT2	BIVALENT	SIMPLE_AND	unknown	no
EXOC3-AS1	EXOC3-AS1	SIMPLE_AND	INCONSISTENT	unknown	no
ZNF630	ZNF630	SIMPLE_AND	INCONSISTENT	transcription factor	no
LINC01118	LINC01118	COMPLEX	INCONSISTENT	unknown	no
BTBD19	BTBD19	SIMPLE_OR	INCONSISTENT	unknown	no
FAM185A	FAM185A	SIMPLE_OR	INCONSISTENT	unknown	no
LINC01124	LINC01124	BIVALENT	COMPLEX	unknown	no
MIR1915	MIR1915	BIVALENT	INCONSISTENT	unknown	no
RNU2-2P	RNU2-2P	INCONSISTENT	SIMPLE_AND	unknown	no
SNORD12B	SNORD12B	COMPLEX	INCONSISTENT	unknown	no
RNU2-63P	RNU2-63P	INCONSISTENT	SIMPLE_AND	unknown	no
RNA5SP492	RNA5SP492	INCONSISTENT	REPRESSED	unknown	no
Y_RNA	Y_RNA	BIVALENT	INCONSISTENT	unknown	no
LINC01778	LINC01778	REPRESSED	INCONSISTENT	unknown	no
ENSG00000223393		BIVALENT	INCONSISTENT	unknown	no
LINC01825	LINC01825	COMPLEX	INCONSISTENT	unknown	no
ZDHHC12-DT	ZDHHC12-DT	SIMPLE_AND	INCONSISTENT	unknown	no
NUTM2A-AS1	NUTM2A-AS1	SIMPLE_OR	SIMPLE_AND	unknown	no
NEFHP1	NEFHP1	COMPLEX	REPRESSED	unknown	no
LINC00630	LINC00630	SIMPLE_AND	INCONSISTENT	unknown	no
TMSB4XP4	TMSB4XP4	SIMPLE_AND	INCONSISTENT	unknown	no
SMPD4P1	SMPD4P1	INCONSISTENT	REPRESSED	unknown	no
LINC01986	LINC01986	REPRESSED	INCONSISTENT	unknown	no
LINC00571	LINC00571	SIMPLE_AND	INCONSISTENT	unknown	no
MYH9-DT	MYH9-DT	SIMPLE_AND	INCONSISTENT	unknown	no
ENSG00000223725		SIMPLE_AND	INCONSISTENT	unknown	no
CCDC18-AS1	CCDC18-AS1	SIMPLE_AND	INCONSISTENT	unknown	no
CD99P1	CD99P1	SIMPLE_AND	INCONSISTENT	unknown	no
ENTPD3-AS1	ENTPD3-AS1	SIMPLE_AND	INCONSISTENT	unknown	no
CERS1	CERS1	REPRESSED	INCONSISTENT	unknown	no
ENSG00000223804		SIMPLE_OR	INCONSISTENT	unknown	no
PYDC2-AS1	PYDC2-AS1	REPRESSED	INCONSISTENT	unknown	no
PDGFA-DT	PDGFA-DT	BIVALENT	INCONSISTENT	unknown	no
ENSG00000223881		COMPLEX	INCONSISTENT	unknown	no
LGALSL-DT	LGALSL-DT	SIMPLE_OR	BIVALENT	unknown	no
C1QTNF5	C1QTNF5	REPRESSED	INCONSISTENT	unknown	no
AFG3L1P	AFG3L1P	SIMPLE_AND	INCONSISTENT	unknown	no
CHROMR	CHROMR	SIMPLE_AND	INCONSISTENT	unknown	no
ENSG00000223969		SIMPLE_AND	INCONSISTENT	unknown	no
MIR181A2HG	MIR181A2HG	SIMPLE_AND	INCONSISTENT	unknown	no
EDRF1-DT	EDRF1-DT	SIMPLE_AND	INCONSISTENT	unknown	no
EPB41L4A-AS1	EPB41L4A-AS1	SIMPLE_AND	INCONSISTENT	unknown	no
CCNT2-AS1	CCNT2-AS1	COMPLEX	INCONSISTENT	unknown	no
ENSG00000224066		SIMPLE_AND	INCONSISTENT	unknown	no
ENSG00000224090		REPRESSED	INCONSISTENT	unknown	no
BAZ2B-AS1	BAZ2B-AS1	SIMPLE_AND	INCONSISTENT	unknown	no
ENSG00000224163		INCONSISTENT	REPRESSED	unknown	no
PITX1-AS1	PITX1-AS1	BIVALENT	INCONSISTENT	unknown	no
HAGLR	HAGLR	REPRESSED	BIVALENT	unknown	no
LINC00466	LINC00466	BIVALENT	INCONSISTENT	unknown	no
ENSG00000224277		REPRESSED	INCONSISTENT	unknown	no
SLC25A5-AS1	SLC25A5-AS1	SIMPLE_AND	INCONSISTENT	unknown	no
MSL3P1	MSL3P1	SIMPLE_AND	INCONSISTENT	unknown	no
ENSG00000224340		COMPLEX	INCONSISTENT	unknown	no
ENSG00000224356		SIMPLE_AND	INCONSISTENT	unknown	no
TMCO1-AS1	TMCO1-AS1	SIMPLE_AND	INCONSISTENT	unknown	no
PRR29	PRR29	BIVALENT	INCONSISTENT	unknown	no
STK24-AS1	STK24-AS1	SIMPLE_AND	INCONSISTENT	kinase/signaling	no
PRKAR2A-AS1	PRKAR2A-AS1	SIMPLE_AND	INCONSISTENT	kinase/signaling	no
ATXN1L	ATXN1L	SIMPLE_AND	INCONSISTENT	unknown	no
HEXIM2-AS1	HEXIM2-AS1	SIMPLE_AND	INCONSISTENT	unknown	no
SMIM13	SMIM13	SIMPLE_AND	INCONSISTENT	unknown	no
CSRP1-AS1	CSRP1-AS1	SIMPLE_AND	INCONSISTENT	unknown	no
RTCA-AS1	RTCA-AS1	SIMPLE_AND	COMPLEX	unknown	no
LINC01627	LINC01627	INCONSISTENT	COMPLEX	unknown	no
ETV7-AS1	ETV7-AS1	INCONSISTENT	BIVALENT	unknown	no
RASAL2-AS1	RASAL2-AS1	BIVALENT	INCONSISTENT	unknown	no
LAMTOR5-AS1	LAMTOR5-AS1	SIMPLE_AND	SIMPLE_OR	unknown	no
ENSG00000224713		REPRESSED	INCONSISTENT	unknown	no
LEMD1-DT	LEMD1-DT	REPRESSED	BIVALENT	unknown	no
PCOLCE-AS1	PCOLCE-AS1	BIVALENT	INCONSISTENT	unknown	no
ENSG00000224738		SIMPLE_AND	INCONSISTENT	unknown	no
RPL32P1	RPL32P1	SIMPLE_AND	REPRESSED	unknown	no
TMEM72-AS1	TMEM72-AS1	SIMPLE_AND	INCONSISTENT	unknown	no
RORB-AS1	RORB-AS1	BIVALENT	INCONSISTENT	unknown	no
OR2X1P	OR2X1P	SIMPLE_OR	INCONSISTENT	unknown	no
LINC00240	LINC00240	SIMPLE_AND	INCONSISTENT	unknown	no
RPL35AP36	RPL35AP36	SIMPLE_AND	INCONSISTENT	unknown	no
RPS4XP16	RPS4XP16	SIMPLE_AND	INCONSISTENT	unknown	no
VPS26BP1	VPS26BP1	SIMPLE_OR	INCONSISTENT	unknown	no
POT1-AS1	POT1-AS1	SIMPLE_AND	INCONSISTENT	unknown	no
ENSG00000224905		SIMPLE_AND	INCONSISTENT	unknown	no
LINC00863	LINC00863	SIMPLE_OR	INCONSISTENT	unknown	no
GOT1-DT	GOT1-DT	SIMPLE_AND	INCONSISTENT	unknown	no
SUCLA2P1	SUCLA2P1	REPRESSED	BIVALENT	unknown	no
PRRT4	PRRT4	REPRESSED	BIVALENT	unknown	no
TMEM233	TMEM233	REPRESSED	BIVALENT	unknown	no
ENSG00000224985		SIMPLE_AND	INCONSISTENT	unknown	no
ENSG00000225057		BIVALENT	INCONSISTENT	unknown	no
SNORA71A	SNORA71A	INCONSISTENT	SIMPLE_OR	unknown	no
SLC9A3-AS1	SLC9A3-AS1	SIMPLE_AND	INCONSISTENT	unknown	no
NHSL1-AS1	NHSL1-AS1	INCONSISTENT	BIVALENT	unknown	no
PLEKHM1	PLEKHM1	SIMPLE_OR	SIMPLE_AND	unknown	no
PDK1-AS1	PDK1-AS1	SIMPLE_AND	INCONSISTENT	unknown	no
ENSG00000225214		BIVALENT	REPRESSED	unknown	no
TAF1A-AS1	TAF1A-AS1	SIMPLE_AND	INCONSISTENT	unknown	no
LINC01770	LINC01770	BIVALENT	INCONSISTENT	unknown	no
ENSG00000225335		SIMPLE_AND	INCONSISTENT	unknown	no
LRRK2-DT	LRRK2-DT	BIVALENT	INCONSISTENT	unknown	no
ENSG00000225359		INCONSISTENT	BIVALENT	unknown	no
PPP1R26-AS1	PPP1R26-AS1	SIMPLE_OR	INCONSISTENT	unknown	no
NRSN2-AS1	NRSN2-AS1	SIMPLE_AND	INCONSISTENT	unknown	no
ENSG00000225407		BIVALENT	INCONSISTENT	unknown	no
LINC01763	LINC01763	BIVALENT	INCONSISTENT	unknown	no
NFIB-AS1	NFIB-AS1	REPRESSED	INCONSISTENT	unknown	no
C2CD4D	C2CD4D	BIVALENT	REPRESSED	unknown	no
ENSG00000225606		REPRESSED	INCONSISTENT	unknown	no
ENSG00000225637		INCONSISTENT	REPRESSED	unknown	no
CADM3-AS1	CADM3-AS1	INCONSISTENT	REPRESSED	unknown	no
ENSG00000225727		COMPLEX	INCONSISTENT	unknown	no
SIRPAP1	SIRPAP1	REPRESSED	INCONSISTENT	unknown	no
ENSG00000225779		SIMPLE_OR	INCONSISTENT	unknown	no
TMEM30A-DT	TMEM30A-DT	SIMPLE_AND	INCONSISTENT	unknown	no
ENSG00000225806		SIMPLE_AND	INCONSISTENT	unknown	no
RUSC1-AS1	RUSC1-AS1	SIMPLE_AND	INCONSISTENT	unknown	no
C3orf86P	C3orf86P	INCONSISTENT	SIMPLE_AND	unknown	no
LINC00115	LINC00115	SIMPLE_AND	INCONSISTENT	unknown	no
ENSG00000225886		SIMPLE_OR	INCONSISTENT	unknown	no
ENSG00000225889		COMPLEX	INCONSISTENT	unknown	no
TSBP1-AS1	TSBP1-AS1	SIMPLE_AND	INCONSISTENT	unknown	no
SATB2-AS1	SATB2-AS1	BIVALENT	INCONSISTENT	unknown	no
PIGBOS1	PIGBOS1	SIMPLE_AND	INCONSISTENT	unknown	no
ZNF567-DT	ZNF567-DT	SIMPLE_AND	INCONSISTENT	transcription factor	no
ANKRD44-DT	ANKRD44-DT	INCONSISTENT	BIVALENT	unknown	no
RWDD3-DT	RWDD3-DT	BIVALENT	INCONSISTENT	unknown	no
LINC00623	LINC00623	SIMPLE_OR	INCONSISTENT	unknown	no
BAIAP2-DT	BAIAP2-DT	BIVALENT	INCONSISTENT	unknown	no
TEX22	TEX22	SIMPLE_AND	COMPLEX	unknown	no
LINC00685	LINC00685	SIMPLE_AND	INCONSISTENT	unknown	no
CLK3P2	CLK3P2	INCONSISTENT	COMPLEX	unknown	no
SGMS1-AS1	SGMS1-AS1	SIMPLE_AND	INCONSISTENT	unknown	no
GAS1RR	GAS1RR	COMPLEX	INCONSISTENT	unknown	no
LINC02608	LINC02608	COMPLEX	INCONSISTENT	unknown	no
ENSG00000226252		REPRESSED	INCONSISTENT	unknown	no
ENSG00000226266		SIMPLE_AND	INCONSISTENT	unknown	no
TMEM191A	TMEM191A	SIMPLE_OR	INCONSISTENT	unknown	no
RPSAP62	RPSAP62	REPRESSED	BIVALENT	unknown	no
ENSG00000226310		SIMPLE_AND	INCONSISTENT	unknown	no
ZKSCAN8P1	ZKSCAN8P1	SIMPLE_OR	INCONSISTENT	unknown	no
NUP50-DT	NUP50-DT	SIMPLE_AND	INCONSISTENT	unknown	no
ENSG00000226355		REPRESSED	INCONSISTENT	unknown	no
SLC16A1-AS1	SLC16A1-AS1	SIMPLE_AND	INCONSISTENT	unknown	no
IGLV3-4	IGLV3-4	INCONSISTENT	REPRESSED	unknown	no
ANKRD18DP	ANKRD18DP	REPRESSED	INCONSISTENT	unknown	no
ENSG00000226471		SIMPLE_AND	INCONSISTENT	unknown	no
TMEM185B	TMEM185B	SIMPLE_AND	INCONSISTENT	unknown	no
FTOP1	FTOP1	INCONSISTENT	REPRESSED	unknown	no
USF1P1	USF1P1	SIMPLE_OR	REPRESSED	unknown	no
LINC01918	LINC01918	INCONSISTENT	REPRESSED	unknown	no
TSPAN14-AS1	TSPAN14-AS1	SIMPLE_AND	INCONSISTENT	unknown	no
CHMP1AP1	CHMP1AP1	INCONSISTENT	REPRESSED	unknown	no
ENSG00000226664		INCONSISTENT	REPRESSED	unknown	no
ENSG00000226679		REPRESSED	INCONSISTENT	unknown	no
FAM66C	FAM66C	SIMPLE_OR	INCONSISTENT	unknown	no
PP12613	PP12613	REPRESSED	BIVALENT	unknown	no
LCT-AS1	LCT-AS1	COMPLEX	REPRESSED	unknown	no
MEIS1-AS3	MEIS1-AS3	BIVALENT	INCONSISTENT	unknown	no
GPR155-DT	GPR155-DT	SIMPLE_AND	COMPLEX	unknown	no
THORLNC	THORLNC	INCONSISTENT	REPRESSED	unknown	no
LINC02051	LINC02051	SIMPLE_OR	REPRESSED	unknown	no
ENSG00000226886		REPRESSED	BIVALENT	unknown	no
ATF6-DT	ATF6-DT	SIMPLE_AND	INCONSISTENT	unknown	no
BSN-DT	BSN-DT	BIVALENT	INCONSISTENT	unknown	no
ENSG00000226945		INCONSISTENT	BIVALENT	unknown	no
ENSG00000226963		REPRESSED	BIVALENT	unknown	no
ENSG00000226984		REPRESSED	COMPLEX	unknown	no
C14orf132	C14orf132	INCONSISTENT	BIVALENT	unknown	no
LINC00629	LINC00629	BIVALENT	INCONSISTENT	unknown	no
ZNF717	ZNF717	SIMPLE_AND	INCONSISTENT	transcription factor	no
WDR11-DT	WDR11-DT	SIMPLE_AND	INCONSISTENT	unknown	no
BEND7-DT	BEND7-DT	REPRESSED	INCONSISTENT	unknown	no
ENSG00000227227		INCONSISTENT	BIVALENT	unknown	no
LINC00845	LINC00845	REPRESSED	INCONSISTENT	unknown	no
COPS8-DT	COPS8-DT	SIMPLE_AND	INCONSISTENT	unknown	no
KLLN	KLLN	SIMPLE_AND	INCONSISTENT	unknown	no
ELL2P1	ELL2P1	REPRESSED	INCONSISTENT	unknown	no
RBM26-AS1	RBM26-AS1	SIMPLE_AND	INCONSISTENT	unknown	no
ENSG00000227355		COMPLEX	INCONSISTENT	unknown	no
GOLGA7B-DT	GOLGA7B-DT	BIVALENT	INCONSISTENT	unknown	no
TP73-AS1	TP73-AS1	SIMPLE_OR	SIMPLE_AND	unknown	no
ASIC4-AS1	ASIC4-AS1	REPRESSED	INCONSISTENT	unknown	no
ENSG00000227484		SIMPLE_AND	INCONSISTENT	unknown	no
ENSG00000227486		SIMPLE_AND	INCONSISTENT	unknown	no
LTB	LTB	SIMPLE_AND	INCONSISTENT	unknown	no
LINC01624	LINC01624	INCONSISTENT	REPRESSED	unknown	no
SLC2A1-DT	SLC2A1-DT	SIMPLE_AND	INCONSISTENT	unknown	no
DNAJC9-AS1	DNAJC9-AS1	SIMPLE_AND	INCONSISTENT	unknown	no
SPAG5-AS1	SPAG5-AS1	SIMPLE_AND	INCONSISTENT	unknown	no
ENSG00000227615		INCONSISTENT	SIMPLE_OR	unknown	no
ENSG00000227627		SIMPLE_AND	INCONSISTENT	unknown	no
ZNF731P	ZNF731P	COMPLEX	SIMPLE_AND	transcription factor	no
LINC00355	LINC00355	SIMPLE_OR	INCONSISTENT	unknown	no
AKR1D1P1	AKR1D1P1	REPRESSED	INCONSISTENT	unknown	no
INKA2-AS1	INKA2-AS1	INCONSISTENT	BIVALENT	unknown	no
ENSG00000227885		BIVALENT	REPRESSED	unknown	no
WAPL-DT	WAPL-DT	SIMPLE_AND	INCONSISTENT	unknown	no
ENSG00000227920		INCONSISTENT	REPRESSED	unknown	no
INO80D-AS2	INO80D-AS2	SIMPLE_AND	INCONSISTENT	unknown	no
EPHA2-AS1	EPHA2-AS1	REPRESSED	INCONSISTENT	unknown	no
ENSG00000228008		SIMPLE_AND	INCONSISTENT	unknown	no
IL6R-AS1	IL6R-AS1	INCONSISTENT	BIVALENT	unknown	no
ENSG00000228037		SIMPLE_OR	REPRESSED	unknown	no
SPOPL-DT	SPOPL-DT	SIMPLE_AND	INCONSISTENT	unknown	no
LYPLAL1-DT	LYPLAL1-DT	SIMPLE_AND	INCONSISTENT	unknown	no
LINC01515	LINC01515	SIMPLE_OR	INCONSISTENT	unknown	no
PNKDP1	PNKDP1	SIMPLE_AND	INCONSISTENT	unknown	no
ENSG00000228113		SIMPLE_AND	INCONSISTENT	unknown	no
ENSG00000228144		INCONSISTENT	SIMPLE_AND	unknown	no
ENSG00000228150		SIMPLE_AND	INCONSISTENT	unknown	no
ZNF691-DT	ZNF691-DT	SIMPLE_AND	INCONSISTENT	transcription factor	no
GRASLND	GRASLND	SIMPLE_OR	INCONSISTENT	unknown	no
ENSG00000228222		BIVALENT	INCONSISTENT	unknown	no
HCG11	HCG11	SIMPLE_AND	INCONSISTENT	unknown	no
XPC-AS1	XPC-AS1	SIMPLE_OR	INCONSISTENT	unknown	no
ENSG00000228274		SIMPLE_AND	INCONSISTENT	unknown	no
ENSG00000228292		COMPLEX	INCONSISTENT	unknown	no
GUSBP11	GUSBP11	SIMPLE_AND	INCONSISTENT	unknown	no
GLIS3-AS2	GLIS3-AS2	BIVALENT	INCONSISTENT	unknown	no
LINC02585	LINC02585	BIVALENT	INCONSISTENT	unknown	no
CHMP3-AS1	CHMP3-AS1	INCONSISTENT	COMPLEX	unknown	no
ITPKB-IT1	ITPKB-IT1	SIMPLE_OR	REPRESSED	unknown	no
LINC01004	LINC01004	SIMPLE_AND	INCONSISTENT	unknown	no
ENSG00000228395		SIMPLE_AND	INCONSISTENT	unknown	no
ENSG00000228401		REPRESSED	INCONSISTENT	unknown	no
CCT6P1	CCT6P1	SIMPLE_AND	INCONSISTENT	unknown	no
REL-DT	REL-DT	COMPLEX	INCONSISTENT	unknown	no
ENSG00000228417		BIVALENT	INCONSISTENT	unknown	no
DHFRP2	DHFRP2	INCONSISTENT	REPRESSED	unknown	no
SDAD1P1	SDAD1P1	COMPLEX	BIVALENT	unknown	no
ENSG00000228477		SIMPLE_AND	INCONSISTENT	unknown	no
GRK5-IT1	GRK5-IT1	SIMPLE_AND	INCONSISTENT	unknown	no
C2orf92	C2orf92	SIMPLE_AND	INCONSISTENT	unknown	no
PNISR-AS1	PNISR-AS1	SIMPLE_AND	INCONSISTENT	unknown	no
MIR34AHG	MIR34AHG	COMPLEX	REPRESSED	unknown	no
CCDC183-AS1	CCDC183-AS1	SIMPLE_AND	INCONSISTENT	unknown	no
ZNF883	ZNF883	REPRESSED	INCONSISTENT	transcription factor	no
HDAC2-AS2	HDAC2-AS2	SIMPLE_AND	INCONSISTENT	unknown	no
ENSG00000228629		COMPLEX	INCONSISTENT	unknown	no
HOTAIR	HOTAIR	REPRESSED	BIVALENT	unknown	no
ENSG00000228634		SIMPLE_AND	INCONSISTENT	unknown	no
SNHG26	SNHG26	SIMPLE_AND	INCONSISTENT	unknown	no
ENSG00000228702		SIMPLE_AND	INCONSISTENT	unknown	no
WEE2-AS1	WEE2-AS1	SIMPLE_AND	INCONSISTENT	unknown	no
ENSG00000228782		SIMPLE_AND	INCONSISTENT	unknown	no
LINC00954	LINC00954	SIMPLE_OR	REPRESSED	unknown	no
THRB-AS1	THRB-AS1	REPRESSED	INCONSISTENT	unknown	no
PCMTD1-DT	PCMTD1-DT	SIMPLE_AND	INCONSISTENT	unknown	no
ENSG00000228809		INCONSISTENT	COMPLEX	unknown	no
LAMTOR3P1	LAMTOR3P1	REPRESSED	INCONSISTENT	unknown	no
ACTR3-AS1	ACTR3-AS1	SIMPLE_AND	INCONSISTENT	unknown	no
SEPTIN7-DT	SEPTIN7-DT	SIMPLE_AND	INCONSISTENT	unknown	no
RASA4CP	RASA4CP	SIMPLE_OR	INCONSISTENT	unknown	no
ENSG00000228919		REPRESSED	INCONSISTENT	unknown	no
ENSG00000228973		REPRESSED	INCONSISTENT	unknown	no
PMS2P7	PMS2P7	SIMPLE_AND	INCONSISTENT	unknown	no
ZFAND2A-DT	ZFAND2A-DT	SIMPLE_AND	INCONSISTENT	unknown	no
DUTP1	DUTP1	COMPLEX	INCONSISTENT	unknown	no
TMPOP1	TMPOP1	REPRESSED	BIVALENT	unknown	no
ENSG00000229112		INCONSISTENT	REPRESSED	unknown	no
RPL41	RPL41	SIMPLE_AND	COMPLEX	unknown	no
VIM-AS1	VIM-AS1	SIMPLE_AND	INCONSISTENT	unknown	no
RUNX3-AS1	RUNX3-AS1	INCONSISTENT	REPRESSED	unknown	no
ENSG00000229191		SIMPLE_AND	INCONSISTENT	unknown	no
ENSG00000229262		REPRESSED	INCONSISTENT	unknown	no
SNHG31	SNHG31	SIMPLE_AND	INCONSISTENT	unknown	no
ENSG00000229273		SIMPLE_AND	INCONSISTENT	unknown	no
KRT8P12	KRT8P12	SIMPLE_AND	INCONSISTENT	unknown	no
TMEM44-AS2	TMEM44-AS2	INCONSISTENT	COMPLEX	unknown	no
ENSG00000229337		COMPLEX	INCONSISTENT	unknown	no
ENSG00000229368		SIMPLE_AND	INCONSISTENT	unknown	no
ENSG00000229407		REPRESSED	INCONSISTENT	unknown	no
ENSG00000229422		SIMPLE_OR	INCONSISTENT	unknown	no
RGS17P1	RGS17P1	SIMPLE_AND	INCONSISTENT	unknown	no
PATL2	PATL2	SIMPLE_AND	INCONSISTENT	unknown	no
ENSG00000229559		SIMPLE_OR	REPRESSED	unknown	no
PBX3-DT	PBX3-DT	INCONSISTENT	BIVALENT	unknown	no
ENSG00000229588		INCONSISTENT	BIVALENT	unknown	no
ACVR2B-AS1	ACVR2B-AS1	BIVALENT	INCONSISTENT	unknown	no
MBNL1-AS1	MBNL1-AS1	SIMPLE_AND	INCONSISTENT	unknown	no
MYOSLID	MYOSLID	INCONSISTENT	BIVALENT	unknown	no
MAST4-AS1	MAST4-AS1	BIVALENT	INCONSISTENT	unknown	no
ANKRD33BP1	ANKRD33BP1	SIMPLE_AND	REPRESSED	unknown	no
LINC01159	LINC01159	BIVALENT	INCONSISTENT	unknown	no
ENSG00000229797		REPRESSED	BIVALENT	unknown	no
ZNF688	ZNF688	SIMPLE_AND	INCONSISTENT	transcription factor	no
PET100	PET100	SIMPLE_AND	INCONSISTENT	unknown	no
ENSG00000229836		INCONSISTENT	REPRESSED	unknown	no
ENSG00000229848		SIMPLE_AND	INCONSISTENT	unknown	no
KHDC1-AS1	KHDC1-AS1	SIMPLE_AND	INCONSISTENT	unknown	no
LINC01315	LINC01315	BIVALENT	INCONSISTENT	unknown	no
ENSG00000229912		INCONSISTENT	REPRESSED	unknown	no
ATXN1-AS1	ATXN1-AS1	SIMPLE_AND	BIVALENT	unknown	no
FOSL2-AS1	FOSL2-AS1	BIVALENT	INCONSISTENT	unknown	no
ZRANB2-DT	ZRANB2-DT	SIMPLE_AND	INCONSISTENT	unknown	no
ENSG00000229970		BIVALENT	INCONSISTENT	unknown	no
TOB1-AS1	TOB1-AS1	SIMPLE_AND	INCONSISTENT	unknown	no
CT70	CT70	BIVALENT	INCONSISTENT	unknown	no
ENSG00000230021		SIMPLE_AND	INCONSISTENT	unknown	no
ENSG00000230107		SIMPLE_AND	INCONSISTENT	unknown	no
ENSG00000230113		INCONSISTENT	REPRESSED	unknown	no
HOXB-AS1	HOXB-AS1	SIMPLE_AND	INCONSISTENT	unknown	no
RPL12P49	RPL12P49	INCONSISTENT	SIMPLE_OR	unknown	no
HSDL2-AS1	HSDL2-AS1	SIMPLE_AND	INCONSISTENT	unknown	no
XXYLT1-AS2	XXYLT1-AS2	SIMPLE_AND	INCONSISTENT	unknown	no
ENSG00000230322		SIMPLE_AND	INCONSISTENT	unknown	no
TPI1P2	TPI1P2	SIMPLE_AND	INCONSISTENT	unknown	no
DSCR9	DSCR9	SIMPLE_AND	INCONSISTENT	unknown	no
ENSG00000230393		REPRESSED	INCONSISTENT	unknown	no
LINC01786	LINC01786	SIMPLE_AND	INCONSISTENT	unknown	no
LRRC37A6P	LRRC37A6P	BIVALENT	REPRESSED	unknown	no
ENSG00000230454		SIMPLE_OR	INCONSISTENT	unknown	no
PA2G4P4	PA2G4P4	SIMPLE_OR	INCONSISTENT	unknown	no
PSMG3-AS1	PSMG3-AS1	SIMPLE_AND	INCONSISTENT	unknown	no
THAP7-AS1	THAP7-AS1	SIMPLE_AND	INCONSISTENT	unknown	no
ENSG00000230521		SIMPLE_AND	REPRESSED	unknown	no
FTX	FTX	SIMPLE_AND	INCONSISTENT	unknown	no
KLHL7-DT	KLHL7-DT	SIMPLE_AND	INCONSISTENT	unknown	no
FN1-DT	FN1-DT	BIVALENT	INCONSISTENT	unknown	no
RPL31P30	RPL31P30	INCONSISTENT	BIVALENT	unknown	no
ENSG00000230709		SIMPLE_AND	REPRESSED	unknown	no
ENSG00000230729		REPRESSED	INCONSISTENT	unknown	no
ENSG00000230747		SIMPLE_AND	INCONSISTENT	unknown	no
ANKRD63	ANKRD63	BIVALENT	INCONSISTENT	unknown	no
FOXD3-AS1	FOXD3-AS1	BIVALENT	INCONSISTENT	unknown	no
ENSG00000230835		SIMPLE_AND	INCONSISTENT	unknown	no
ZNF674-AS1	ZNF674-AS1	SIMPLE_AND	INCONSISTENT	transcription factor	no
ENSG00000230898		SIMPLE_OR	BIVALENT	unknown	no
ADGRB3-DT	ADGRB3-DT	BIVALENT	INCONSISTENT	unknown	no
GNB1-DT	GNB1-DT	SIMPLE_AND	INCONSISTENT	unknown	no
RPL22P24	RPL22P24	REPRESSED	INCONSISTENT	unknown	no
TSSK1A	TSSK1A	INCONSISTENT	BIVALENT	unknown	no
ECE1-AS1	ECE1-AS1	SIMPLE_AND	REPRESSED	unknown	no
MORF4L2-AS1	MORF4L2-AS1	SIMPLE_AND	INCONSISTENT	unknown	no
EEF1B2P1	EEF1B2P1	INCONSISTENT	REPRESSED	unknown	no
SPRY4-AS1	SPRY4-AS1	BIVALENT	INCONSISTENT	unknown	no
MAP4K3-DT	MAP4K3-DT	SIMPLE_AND	INCONSISTENT	kinase/signaling	no
HLA-DPA1	HLA-DPA1	SIMPLE_AND	REPRESSED	unknown	no
LINC01750	LINC01750	REPRESSED	BIVALENT	unknown	no
LINC01305	LINC01305	BIVALENT	INCONSISTENT	unknown	no
ENSG00000231521		SIMPLE_AND	INCONSISTENT	unknown	no
ENSG00000231585		REPRESSED	INCONSISTENT	unknown	no
DLEU2	DLEU2	BIVALENT	INCONSISTENT	unknown	no
EHBP1-AS1	EHBP1-AS1	BIVALENT	INCONSISTENT	unknown	no
COA6-AS1	COA6-AS1	SIMPLE_AND	INCONSISTENT	unknown	no
LINC-PINT	LINC-PINT	SIMPLE_AND	INCONSISTENT	unknown	no
EMBP1	EMBP1	INCONSISTENT	REPRESSED	unknown	no
TMEM44-AS1	TMEM44-AS1	SIMPLE_AND	INCONSISTENT	unknown	no
LINC01388	LINC01388	BIVALENT	INCONSISTENT	unknown	no
TMEM139-AS1	TMEM139-AS1	SIMPLE_AND	COMPLEX	unknown	no
ENSG00000231856		SIMPLE_AND	INCONSISTENT	unknown	no
IPO9-AS1	IPO9-AS1	SIMPLE_AND	INCONSISTENT	unknown	no
ENSG00000231880		SIMPLE_AND	INCONSISTENT	unknown	no
TRAF3IP2-AS1	TRAF3IP2-AS1	SIMPLE_AND	INCONSISTENT	unknown	no
DARS1-AS1	DARS1-AS1	SIMPLE_AND	INCONSISTENT	unknown	no
NEBL-AS1	NEBL-AS1	REPRESSED	INCONSISTENT	unknown	no
ENSG00000231977		BIVALENT	INCONSISTENT	unknown	no
ENSG00000231982		BIVALENT	INCONSISTENT	unknown	no
ENSG00000231992		REPRESSED	INCONSISTENT	unknown	no
LRRC8C-DT	LRRC8C-DT	SIMPLE_AND	INCONSISTENT	unknown	no
LEF1-AS1	LEF1-AS1	BIVALENT	INCONSISTENT	unknown	no
PRKD3-DT	PRKD3-DT	BIVALENT	INCONSISTENT	kinase/signaling	no
TMEM253	TMEM253	BIVALENT	INCONSISTENT	unknown	no
RFX3-DT	RFX3-DT	SIMPLE_AND	INCONSISTENT	unknown	no
LINC00867	LINC00867	COMPLEX	INCONSISTENT	unknown	no
RAP2C-AS1	RAP2C-AS1	SIMPLE_AND	INCONSISTENT	unknown	no
LINC02043	LINC02043	BIVALENT	INCONSISTENT	unknown	no
EPB41L1-AS1	EPB41L1-AS1	REPRESSED	BIVALENT	unknown	no
AJM1	AJM1	SIMPLE_OR	INCONSISTENT	unknown	no
MHENCR	MHENCR	SIMPLE_AND	INCONSISTENT	unknown	no
EMSLR	EMSLR	INCONSISTENT	BIVALENT	unknown	no
TGFB2-AS1	TGFB2-AS1	BIVALENT	INCONSISTENT	unknown	no
RPL37A-DT	RPL37A-DT	SIMPLE_AND	INCONSISTENT	unknown	no
ST3GAL5-AS1	ST3GAL5-AS1	SIMPLE_AND	INCONSISTENT	unknown	no
ENSG00000232536		BIVALENT	INCONSISTENT	unknown	no
LINC02642	LINC02642	COMPLEX	REPRESSED	unknown	no
KANTR	KANTR	SIMPLE_AND	INCONSISTENT	unknown	no
LINC01412	LINC01412	REPRESSED	INCONSISTENT	unknown	no
HIVEP2-DT	HIVEP2-DT	SIMPLE_AND	BIVALENT	unknown	no
ENSG00000232680		INCONSISTENT	REPRESSED	unknown	no
ENSG00000232732		SIMPLE_AND	INCONSISTENT	unknown	no
LINC02022	LINC02022	INCONSISTENT	COMPLEX	unknown	no
DUX4L50	DUX4L50	SIMPLE_AND	INCONSISTENT	unknown	no
RPS2P32	RPS2P32	SIMPLE_AND	INCONSISTENT	unknown	no
PET117	PET117	SIMPLE_AND	INCONSISTENT	unknown	no
LYRM9	LYRM9	SIMPLE_AND	INCONSISTENT	unknown	no
ENSG00000232884		SIMPLE_AND	INCONSISTENT	unknown	no
RPS11P5	RPS11P5	SIMPLE_OR	INCONSISTENT	unknown	no
ENSG00000232891		BIVALENT	REPRESSED	unknown	no
DLGAP4-AS1	DLGAP4-AS1	SIMPLE_AND	INCONSISTENT	unknown	no
HCG25	HCG25	SIMPLE_AND	INCONSISTENT	unknown	no
CYP1B1-AS1	CYP1B1-AS1	SIMPLE_AND	REPRESSED	unknown	no
LINC00327	LINC00327	COMPLEX	INCONSISTENT	unknown	no
RGS5	RGS5	SIMPLE_AND	INCONSISTENT	unknown	no
MIR3936HG	MIR3936HG	SIMPLE_AND	INCONSISTENT	unknown	no
ATP13A3-DT	ATP13A3-DT	SIMPLE_AND	INCONSISTENT	unknown	no
ENSG00000233064		INCONSISTENT	REPRESSED	unknown	no
ENSG00000233069		BIVALENT	INCONSISTENT	unknown	no
LINC01399	LINC01399	SIMPLE_OR	INCONSISTENT	unknown	no
GLCCI1-DT	GLCCI1-DT	COMPLEX	INCONSISTENT	unknown	no
SORBS2-AS1	SORBS2-AS1	INCONSISTENT	REPRESSED	unknown	no
RPS15AP14	RPS15AP14	INCONSISTENT	COMPLEX	unknown	no
DIRC3-AS1	DIRC3-AS1	REPRESSED	INCONSISTENT	unknown	no
DPH5-DT	DPH5-DT	SIMPLE_AND	INCONSISTENT	unknown	no
PRDM10-DT	PRDM10-DT	SIMPLE_AND	INCONSISTENT	unknown	no
ENSG00000233223		SIMPLE_AND	INCONSISTENT	unknown	no
FABP3P2	FABP3P2	INCONSISTENT	REPRESSED	unknown	no
NKAPP1	NKAPP1	SIMPLE_AND	INCONSISTENT	unknown	no
HOTAIRM1	HOTAIRM1	SIMPLE_OR	INCONSISTENT	unknown	no
ENSG00000233461		SIMPLE_AND	INCONSISTENT	unknown	no
EFCAB15P	EFCAB15P	SIMPLE_AND	INCONSISTENT	unknown	no
ENSG00000233502		INCONSISTENT	REPRESSED	unknown	no
ZNF197-AS1	ZNF197-AS1	SIMPLE_AND	INCONSISTENT	transcription factor	no
ZNF529-AS1	ZNF529-AS1	COMPLEX	INCONSISTENT	transcription factor	no
ENSG00000233547		BIVALENT	INCONSISTENT	unknown	no
LINC02609	LINC02609	BIVALENT	INCONSISTENT	unknown	no
GBX2-AS1	GBX2-AS1	REPRESSED	INCONSISTENT	unknown	no
NENFP1	NENFP1	SIMPLE_AND	INCONSISTENT	unknown	no
FNDC1-AS1	FNDC1-AS1	REPRESSED	INCONSISTENT	unknown	no
ENSG00000233683		INCONSISTENT	REPRESSED	unknown	no
GAS6-AS1	GAS6-AS1	SIMPLE_OR	INCONSISTENT	unknown	no
SLC26A4-AS1	SLC26A4-AS1	BIVALENT	INCONSISTENT	unknown	no
LINC01122	LINC01122	BIVALENT	INCONSISTENT	unknown	no
ENSG00000233757		SIMPLE_OR	INCONSISTENT	unknown	no
CAVIN2-AS1	CAVIN2-AS1	REPRESSED	INCONSISTENT	unknown	no
ENSG00000233775		INCONSISTENT	COMPLEX	unknown	no
LINC01237	LINC01237	SIMPLE_AND	INCONSISTENT	unknown	no
MACC1-DT	MACC1-DT	SIMPLE_AND	INCONSISTENT	unknown	no
ENSG00000233850		INCONSISTENT	REPRESSED	unknown	no
ENSG00000233862		INCONSISTENT	BIVALENT	unknown	no
DLG5-AS1	DLG5-AS1	BIVALENT	INCONSISTENT	unknown	no
ENSG00000233912		SIMPLE_AND	INCONSISTENT	unknown	no
LINC01694	LINC01694	SIMPLE_AND	INCONSISTENT	unknown	no
KRTAP5-AS1	KRTAP5-AS1	BIVALENT	INCONSISTENT	unknown	no
CTC-338M12.4	CTC-338M12.4	SIMPLE_AND	INCONSISTENT	unknown	no
ENSG00000233941		REPRESSED	INCONSISTENT	unknown	no
DDX39B-AS1	DDX39B-AS1	SIMPLE_AND	INCONSISTENT	unknown	no
EIF2AK3-DT	EIF2AK3-DT	SIMPLE_AND	INCONSISTENT	unknown	no
GTF3C2-AS2	GTF3C2-AS2	SIMPLE_AND	INCONSISTENT	unknown	no
TRIM26	TRIM26	SIMPLE_AND	INCONSISTENT	unknown	no
HCCS-DT	HCCS-DT	SIMPLE_AND	INCONSISTENT	unknown	no
ENSG00000234147		SIMPLE_AND	INCONSISTENT	unknown	no
RNASEH1-DT	RNASEH1-DT	SIMPLE_AND	INCONSISTENT	unknown	no
ENSG00000234174		SIMPLE_AND	INCONSISTENT	unknown	no
H2AZ2-DT	H2AZ2-DT	SIMPLE_AND	INCONSISTENT	unknown	no
BOK-AS1	BOK-AS1	BIVALENT	INCONSISTENT	unknown	no
LINC01731	LINC01731	BIVALENT	INCONSISTENT	unknown	no
ZNF879	ZNF879	REPRESSED	INCONSISTENT	transcription factor	no
ENSG00000234292		COMPLEX	INCONSISTENT	unknown	no
ERICH2-DT	ERICH2-DT	REPRESSED	INCONSISTENT	unknown	no
LINC01426	LINC01426	INCONSISTENT	REPRESSED	unknown	no
ZNF37BP	ZNF37BP	SIMPLE_AND	INCONSISTENT	transcription factor	no
LINC02983	LINC02983	REPRESSED	INCONSISTENT	unknown	no
ZNF736	ZNF736	SIMPLE_AND	INCONSISTENT	transcription factor	no
ALDH7A1P4	ALDH7A1P4	INCONSISTENT	REPRESSED	unknown	no
SP2-AS1	SP2-AS1	SIMPLE_AND	INCONSISTENT	unknown	no
FAM133B	FAM133B	COMPLEX	SIMPLE_AND	unknown	no
MCIDAS	MCIDAS	BIVALENT	INCONSISTENT	unknown	no
C2CD4D-AS1	C2CD4D-AS1	BIVALENT	REPRESSED	unknown	no
SDCBP2-AS1	SDCBP2-AS1	SIMPLE_AND	INCONSISTENT	unknown	no
NUS1P2	NUS1P2	SIMPLE_OR	INCONSISTENT	unknown	no
ENSG00000234710		REPRESSED	INCONSISTENT	unknown	no
SLC26A5-AS1	SLC26A5-AS1	REPRESSED	BIVALENT	unknown	no
NPIPB2	NPIPB2	SIMPLE_AND	INCONSISTENT	unknown	no
HLA-B	HLA-B	SIMPLE_OR	REPRESSED	unknown	no
FOXP4-AS1	FOXP4-AS1	SIMPLE_AND	INCONSISTENT	unknown	no
LINC00412	LINC00412	SIMPLE_AND	INCONSISTENT	unknown	no
H2AC5P	H2AC5P	SIMPLE_AND	REPRESSED	unknown	no
NXT1-AS1	NXT1-AS1	SIMPLE_AND	INCONSISTENT	unknown	no
HNRNPUL2-BSCL2	HNRNPUL2-BSCL2	SIMPLE_AND	INCONSISTENT	unknown	no
SDHCP3	SDHCP3	SIMPLE_OR	INCONSISTENT	unknown	no
SHISA8	SHISA8	BIVALENT	INCONSISTENT	unknown	no
ENSG00000234985		SIMPLE_AND	INCONSISTENT	unknown	no
ACTG1P25	ACTG1P25	BIVALENT	INCONSISTENT	unknown	no
SNRPCP19	SNRPCP19	SIMPLE_OR	INCONSISTENT	unknown	no
SEMA3F-AS1	SEMA3F-AS1	BIVALENT	INCONSISTENT	unknown	no
CDK5R2-AS1	CDK5R2-AS1	BIVALENT	INCONSISTENT	kinase/signaling	no
ZRANB2-AS1	ZRANB2-AS1	REPRESSED	INCONSISTENT	unknown	no
RPL7L1P3	RPL7L1P3	SIMPLE_OR	INCONSISTENT	unknown	no
ID2-AS1	ID2-AS1	SIMPLE_AND	INCONSISTENT	unknown	no
BRD3OS	BRD3OS	SIMPLE_OR	INCONSISTENT	unknown	no
ZSCAN31	ZSCAN31	SIMPLE_AND	INCONSISTENT	unknown	no
ENSG00000235151		SIMPLE_AND	INCONSISTENT	unknown	no
C12orf75	C12orf75	SIMPLE_OR	INCONSISTENT	unknown	no
SMIM1	SMIM1	SIMPLE_OR	SIMPLE_AND	unknown	no
ENSG00000235181		INCONSISTENT	REPRESSED	unknown	no
PPP1R3E	PPP1R3E	SIMPLE_AND	INCONSISTENT	unknown	no
ENSG00000235204		SIMPLE_AND	INCONSISTENT	unknown	no
ITGA9-AS1	ITGA9-AS1	REPRESSED	INCONSISTENT	unknown	no
HLA-Z	HLA-Z	INCONSISTENT	REPRESSED	unknown	no
LINC00957	LINC00957	SIMPLE_OR	INCONSISTENT	unknown	no
DUSP8P5	DUSP8P5	SIMPLE_AND	INCONSISTENT	unknown	no
ABR-AS1	ABR-AS1	INCONSISTENT	BIVALENT	unknown	no
SSR4P1	SSR4P1	BIVALENT	INCONSISTENT	unknown	no
LINC01278	LINC01278	SIMPLE_AND	INCONSISTENT	unknown	no
NEURL1-AS1	NEURL1-AS1	INCONSISTENT	REPRESSED	unknown	no
LINC01664	LINC01664	REPRESSED	BIVALENT	unknown	no
ENSG00000235494		REPRESSED	INCONSISTENT	unknown	no
ENSG00000235499		SIMPLE_AND	INCONSISTENT	unknown	no
HIPK1-AS1	HIPK1-AS1	SIMPLE_AND	INCONSISTENT	unknown	no
TMEM11-DT	TMEM11-DT	SIMPLE_AND	INCONSISTENT	unknown	no
DOCK7-DT	DOCK7-DT	SIMPLE_AND	INCONSISTENT	unknown	no
ZNF747-DT	ZNF747-DT	SIMPLE_AND	INCONSISTENT	transcription factor	no
GNAS-AS1	GNAS-AS1	BIVALENT	INCONSISTENT	unknown	no
LINC02922	LINC02922	SIMPLE_AND	INCONSISTENT	unknown	no
LINC00298	LINC00298	INCONSISTENT	REPRESSED	unknown	no
EOLA2-DT	EOLA2-DT	SIMPLE_AND	INCONSISTENT	unknown	no
DICER1-AS1	DICER1-AS1	SIMPLE_AND	INCONSISTENT	unknown	no
KIAA0040	KIAA0040	SIMPLE_AND	INCONSISTENT	unknown	no
LINC02569	LINC02569	SIMPLE_AND	INCONSISTENT	unknown	no
SOCS5P3	SOCS5P3	COMPLEX	REPRESSED	unknown	no
OLMALINC	OLMALINC	SIMPLE_AND	INCONSISTENT	unknown	no
SRGAP3-AS4	SRGAP3-AS4	INCONSISTENT	BIVALENT	unknown	no
ENSG00000235852		SIMPLE_AND	INCONSISTENT	unknown	no
B3GALT4	B3GALT4	SIMPLE_AND	INCONSISTENT	unknown	no
TM4SF19-AS1	TM4SF19-AS1	SIMPLE_AND	INCONSISTENT	unknown	no
ASH1L-AS1	ASH1L-AS1	SIMPLE_AND	INCONSISTENT	unknown	no
ENSG00000235934		BIVALENT	INCONSISTENT	unknown	no
ZNF815P	ZNF815P	SIMPLE_AND	INCONSISTENT	transcription factor	no
TTC28-AS1	TTC28-AS1	SIMPLE_AND	INCONSISTENT	unknown	no
FXYD6P2	FXYD6P2	INCONSISTENT	COMPLEX	unknown	no
COX10-DT	COX10-DT	SIMPLE_AND	INCONSISTENT	unknown	no
ZBTB22	ZBTB22	SIMPLE_AND	INCONSISTENT	transcription factor	no
CD101-AS1	CD101-AS1	SIMPLE_AND	INCONSISTENT	unknown	no
TMEM147-AS1	TMEM147-AS1	COMPLEX	SIMPLE_AND	unknown	no
ENSG00000236194		SIMPLE_AND	INCONSISTENT	unknown	no
KDM4A-AS1	KDM4A-AS1	SIMPLE_AND	INCONSISTENT	unknown	no
LINC01376	LINC01376	SIMPLE_AND	INCONSISTENT	unknown	no
C10orf71-AS1	C10orf71-AS1	REPRESSED	INCONSISTENT	unknown	no
ENSG00000236213		COMPLEX	INCONSISTENT	unknown	no
ENSG00000236283		BIVALENT	INCONSISTENT	unknown	no
EEF1A1P23	EEF1A1P23	SIMPLE_AND	INCONSISTENT	unknown	no
TLX1NB	TLX1NB	REPRESSED	BIVALENT	unknown	no
ENSG00000236352		SIMPLE_AND	INCONSISTENT	unknown	no
ENSG00000236394		REPRESSED	INCONSISTENT	unknown	no
DDX11L2	DDX11L2	SIMPLE_OR	INCONSISTENT	unknown	no
ENSG00000236403		INCONSISTENT	REPRESSED	unknown	no
LINC01134	LINC01134	COMPLEX	INCONSISTENT	unknown	no
MFF-DT	MFF-DT	SIMPLE_AND	COMPLEX	unknown	no
LINC02920	LINC02920	BIVALENT	INCONSISTENT	unknown	no
LINC00896	LINC00896	SIMPLE_AND	INCONSISTENT	unknown	no
ENSG00000236514		SIMPLE_AND	INCONSISTENT	unknown	no
LINC01424	LINC01424	SIMPLE_AND	INCONSISTENT	unknown	no
ENSG00000236536		REPRESSED	INCONSISTENT	unknown	no
MYCL-AS1	MYCL-AS1	REPRESSED	INCONSISTENT	unknown	no
UST-AS2	UST-AS2	INCONSISTENT	REPRESSED	unknown	no
MED15P5	MED15P5	REPRESSED	BIVALENT	unknown	no
CHFR-DT	CHFR-DT	COMPLEX	BIVALENT	unknown	no
DLX2-DT	DLX2-DT	BIVALENT	INCONSISTENT	unknown	no
MKLN1-AS	MKLN1-AS	INCONSISTENT	SIMPLE_AND	unknown	no
INTS6-AS1	INTS6-AS1	SIMPLE_AND	INCONSISTENT	unknown	no
LINC00299	LINC00299	SIMPLE_AND	REPRESSED	unknown	no
ENSG00000236800		INCONSISTENT	REPRESSED	unknown	no
RPL7AP15	RPL7AP15	INCONSISTENT	BIVALENT	unknown	no
ELOA-AS1	ELOA-AS1	SIMPLE_AND	INCONSISTENT	unknown	no
BCYRN1	BCYRN1	INCONSISTENT	SIMPLE_AND	unknown	no
ENSG00000236829		SIMPLE_AND	INCONSISTENT	unknown	no
NIFK-AS1	NIFK-AS1	SIMPLE_AND	INCONSISTENT	unknown	no
RPL23AP23	RPL23AP23	REPRESSED	INCONSISTENT	unknown	no
TENT5C-DT	TENT5C-DT	BIVALENT	INCONSISTENT	unknown	no
ZKSCAN7-AS1	ZKSCAN7-AS1	COMPLEX	REPRESSED	unknown	no
LINC03028	LINC03028	REPRESSED	BIVALENT	unknown	no
LINC01852	LINC01852	INCONSISTENT	BIVALENT	unknown	no
ENSG00000236924		SIMPLE_AND	REPRESSED	unknown	no
ZNRF2P1	ZNRF2P1	INCONSISTENT	SIMPLE_AND	unknown	no
ZEB1-AS1	ZEB1-AS1	SIMPLE_AND	BIVALENT	unknown	no
NDUFA6-DT	NDUFA6-DT	COMPLEX	INCONSISTENT	unknown	no
HAND2-AS1	HAND2-AS1	REPRESSED	INCONSISTENT	unknown	no
B3GNT9	B3GNT9	SIMPLE_AND	INCONSISTENT	unknown	no
PRKAR1B-AS1	PRKAR1B-AS1	SIMPLE_AND	INCONSISTENT	kinase/signaling	no
NR2F1-AS1	NR2F1-AS1	BIVALENT	INCONSISTENT	unknown	no
ENSG00000237188		SIMPLE_AND	INCONSISTENT	unknown	no
ANO7L1	ANO7L1	REPRESSED	INCONSISTENT	unknown	no
LINC03011	LINC03011	INCONSISTENT	SIMPLE_AND	unknown	no
ENSG00000237311		INCONSISTENT	COMPLEX	unknown	no
ENSG00000237422		REPRESSED	INCONSISTENT	unknown	no
RPSAP2	RPSAP2	REPRESSED	INCONSISTENT	unknown	no
BRINP3-DT	BRINP3-DT	REPRESSED	INCONSISTENT	unknown	no
LINC01409	LINC01409	SIMPLE_AND	INCONSISTENT	unknown	no
WAKMAR2	WAKMAR2	SIMPLE_AND	INCONSISTENT	unknown	no
LINC02971	LINC02971	SIMPLE_AND	INCONSISTENT	unknown	no
ENSG00000237531		COMPLEX	INCONSISTENT	unknown	no
PYY2	PYY2	REPRESSED	INCONSISTENT	unknown	no
ENSG00000237588		REPRESSED	INCONSISTENT	unknown	no
HMGN1P32	HMGN1P32	REPRESSED	INCONSISTENT	unknown	no
LINC01275	LINC01275	SIMPLE_AND	INCONSISTENT	unknown	no
FRY-AS1	FRY-AS1	INCONSISTENT	BIVALENT	unknown	no
LINC02245	LINC02245	SIMPLE_AND	INCONSISTENT	unknown	no
ENSG00000237640		REPRESSED	BIVALENT	unknown	no
SCIRT	SCIRT	SIMPLE_AND	INCONSISTENT	unknown	no
HEY2-AS1	HEY2-AS1	INCONSISTENT	BIVALENT	unknown	no
ENSG00000237749		INCONSISTENT	COMPLEX	unknown	no
SLC20A1-DT	SLC20A1-DT	SIMPLE_AND	INCONSISTENT	unknown	no
FAM200B	FAM200B	SIMPLE_AND	INCONSISTENT	unknown	no
ENSG00000237813		BIVALENT	INCONSISTENT	unknown	no
LINC00674	LINC00674	BIVALENT	INCONSISTENT	unknown	no
LINC01473	LINC01473	SIMPLE_AND	INCONSISTENT	unknown	no
DGUOK-AS1	DGUOK-AS1	SIMPLE_AND	INCONSISTENT	unknown	no
NALT1	NALT1	SIMPLE_AND	INCONSISTENT	unknown	no
ENSG00000237922		COMPLEX	INCONSISTENT	unknown	no
NFIA-AS2	NFIA-AS2	REPRESSED	INCONSISTENT	unknown	no
PRKCQ-AS1	PRKCQ-AS1	BIVALENT	SIMPLE_AND	kinase/signaling	no
LINC00649	LINC00649	SIMPLE_AND	INCONSISTENT	unknown	no
RPS13P5	RPS13P5	SIMPLE_AND	INCONSISTENT	unknown	no
RFX5-AS1	RFX5-AS1	SIMPLE_AND	INCONSISTENT	unknown	no
PTENP1	PTENP1	REPRESSED	INCONSISTENT	unknown	no
LINC01679	LINC01679	INCONSISTENT	REPRESSED	unknown	no
MVP-DT	MVP-DT	SIMPLE_AND	INCONSISTENT	unknown	no
ZEB2-AS1	ZEB2-AS1	BIVALENT	INCONSISTENT	unknown	no
LINC02037	LINC02037	REPRESSED	INCONSISTENT	unknown	no
LINC01410	LINC01410	SIMPLE_AND	INCONSISTENT	unknown	no
LINC01589	LINC01589	REPRESSED	INCONSISTENT	unknown	no
MID1IP1-AS1	MID1IP1-AS1	SIMPLE_AND	INCONSISTENT	unknown	no
GOLM2P1	GOLM2P1	SIMPLE_AND	INCONSISTENT	unknown	no
LINC02863	LINC02863	SIMPLE_AND	INCONSISTENT	unknown	no
TNFRSF14-AS1	TNFRSF14-AS1	SIMPLE_AND	INCONSISTENT	unknown	no
PAXBP1-AS1	PAXBP1-AS1	SIMPLE_AND	INCONSISTENT	unknown	no
LINC00391	LINC00391	REPRESSED	INCONSISTENT	unknown	no
ENSG00000238260		INCONSISTENT	BIVALENT	unknown	no
SNORA13	SNORA13	INCONSISTENT	SIMPLE_AND	unknown	no
SCARNA18B	SCARNA18B	INCONSISTENT	SIMPLE_AND	unknown	no
RNVU1-2	RNVU1-2	INCONSISTENT	SIMPLE_AND	unknown	no
SNORD10	SNORD10	INCONSISTENT	SIMPLE_AND	unknown	no
SNORD2	SNORD2	COMPLEX	INCONSISTENT	unknown	no
RNU7-138P	RNU7-138P	INCONSISTENT	REPRESSED	unknown	no
SNORA84	SNORA84	INCONSISTENT	SIMPLE_AND	unknown	no
NCK1-DT	NCK1-DT	SIMPLE_AND	INCONSISTENT	unknown	no
ENSG00000239219		COMPLEX	INCONSISTENT	unknown	no
ENSG00000239255		BIVALENT	INCONSISTENT	unknown	no
ENSG00000239280		SIMPLE_AND	INCONSISTENT	unknown	no
CASTOR1	CASTOR1	SIMPLE_AND	INCONSISTENT	unknown	no
RNF103	RNF103	SIMPLE_AND	INCONSISTENT	unknown	no
LLPH-DT	LLPH-DT	COMPLEX	INCONSISTENT	unknown	no
RN7SL414P	RN7SL414P	SIMPLE_AND	INCONSISTENT	unknown	no
ENSG00000239415		SIMPLE_OR	INCONSISTENT	unknown	no
RN7SL535P	RN7SL535P	SIMPLE_AND	INCONSISTENT	unknown	no
ST3GAL6-AS1	ST3GAL6-AS1	INCONSISTENT	REPRESSED	unknown	no
CASTOR3P	CASTOR3P	SIMPLE_AND	INCONSISTENT	unknown	no
MYLK-AS1	MYLK-AS1	SIMPLE_AND	INCONSISTENT	unknown	no
KMT2E-AS1	KMT2E-AS1	SIMPLE_AND	INCONSISTENT	chromatin regulator	no
ENSG00000239572		REPRESSED	INCONSISTENT	unknown	no
NME1	NME1	COMPLEX	SIMPLE_AND	unknown	no
APOBEC3G	APOBEC3G	SIMPLE_AND	INCONSISTENT	unknown	no
WBP1	WBP1	SIMPLE_AND	INCONSISTENT	unknown	no
MRPS17	MRPS17	SIMPLE_AND	INCONSISTENT	unknown	no
RPS27P25	RPS27P25	REPRESSED	BIVALENT	unknown	no
PARGP1	PARGP1	SIMPLE_AND	INCONSISTENT	unknown	no
RSPH1-DT	RSPH1-DT	INCONSISTENT	BIVALENT	unknown	no
LINC00888	LINC00888	REPRESSED	INCONSISTENT	unknown	no
NEPRO-AS1	NEPRO-AS1	SIMPLE_AND	INCONSISTENT	unknown	no
PSMB9	PSMB9	SIMPLE_AND	INCONSISTENT	unknown	no
RPL23AP75	RPL23AP75	REPRESSED	INCONSISTENT	unknown	no
COX19	COX19	SIMPLE_AND	INCONSISTENT	metabolic	no
TCAM1P	TCAM1P	REPRESSED	INCONSISTENT	unknown	no
ACAD11	ACAD11	SIMPLE_AND	INCONSISTENT	unknown	no
PPIL3	PPIL3	COMPLEX	SIMPLE_AND	unknown	no
RPL23AP7	RPL23AP7	SIMPLE_AND	INCONSISTENT	unknown	no
RPL13P5	RPL13P5	SIMPLE_AND	INCONSISTENT	unknown	no
LRRFIP1P1	LRRFIP1P1	SIMPLE_AND	INCONSISTENT	unknown	no
TNFRSF13B	TNFRSF13B	SIMPLE_AND	REPRESSED	unknown	no
RPS6P25	RPS6P25	SIMPLE_OR	INCONSISTENT	unknown	no
HILPDA-AS1	HILPDA-AS1	SIMPLE_AND	INCONSISTENT	unknown	no
ARHGEF25	ARHGEF25	SIMPLE_OR	INCONSISTENT	unknown	no
RDH14	RDH14	SIMPLE_AND	INCONSISTENT	unknown	no
LINC03014	LINC03014	COMPLEX	INCONSISTENT	unknown	no
TPM3P9	TPM3P9	SIMPLE_AND	INCONSISTENT	unknown	no
ENSG00000241102		INCONSISTENT	REPRESSED	unknown	no
RPL29P14	RPL29P14	SIMPLE_OR	INCONSISTENT	unknown	no
ENSG00000241114		INCONSISTENT	COMPLEX	unknown	no
KRTAP10-5	KRTAP10-5	REPRESSED	INCONSISTENT	unknown	no
YAE1	YAE1	SIMPLE_AND	INCONSISTENT	unknown	no
RPL22P19	RPL22P19	SIMPLE_AND	INCONSISTENT	unknown	no
LINC00881	LINC00881	SIMPLE_AND	INCONSISTENT	unknown	no
ARHGAP31-AS1	ARHGAP31-AS1	COMPLEX	INCONSISTENT	unknown	no
RN7SL160P	RN7SL160P	BIVALENT	INCONSISTENT	unknown	no
KRTAP5-8	KRTAP5-8	INCONSISTENT	REPRESSED	unknown	no
ENSG00000241269		REPRESSED	INCONSISTENT	unknown	no
LINC02614	LINC02614	SIMPLE_AND	INCONSISTENT	unknown	no
RPL36AP43	RPL36AP43	SIMPLE_OR	REPRESSED	unknown	no
CD302	CD302	SIMPLE_OR	BIVALENT	unknown	no
ENSG00000241489		SIMPLE_AND	INCONSISTENT	unknown	no
RN7SL632P	RN7SL632P	INCONSISTENT	REPRESSED	unknown	no
ACTG1P20	ACTG1P20	SIMPLE_OR	INCONSISTENT	unknown	no
ENSG00000241573		INCONSISTENT	REPRESSED	unknown	no
ENSG00000241666		SIMPLE_AND	INCONSISTENT	unknown	no
ENSG00000241679		SIMPLE_AND	COMPLEX	unknown	no
ADAMTS9-AS2	ADAMTS9-AS2	REPRESSED	INCONSISTENT	unknown	no
TMEFF1	TMEFF1	BIVALENT	INCONSISTENT	unknown	no
EOLA1-DT	EOLA1-DT	SIMPLE_AND	INCONSISTENT	unknown	no
PLEKHO2	PLEKHO2	SIMPLE_AND	INCONSISTENT	unknown	no
C8orf58	C8orf58	SIMPLE_OR	INCONSISTENT	unknown	no
ENSG00000241917		COMPLEX	REPRESSED	unknown	no
ENSG00000241921		COMPLEX	REPRESSED	unknown	no
ENSG00000242073		SIMPLE_AND	INCONSISTENT	unknown	no
MUC20-OT1	MUC20-OT1	SIMPLE_OR	SIMPLE_AND	unknown	no
LRRC78P	LRRC78P	REPRESSED	BIVALENT	unknown	no
AMACR	AMACR	SIMPLE_AND	INCONSISTENT	unknown	no
CRYZL2P	CRYZL2P	REPRESSED	INCONSISTENT	unknown	no
HOXB-AS4	HOXB-AS4	REPRESSED	INCONSISTENT	unknown	no
NECTIN3-AS1	NECTIN3-AS1	REPRESSED	INCONSISTENT	unknown	no
RN7SL20P	RN7SL20P	SIMPLE_AND	INCONSISTENT	unknown	no
LINC00996	LINC00996	SIMPLE_AND	INCONSISTENT	unknown	no
PEG10	PEG10	SIMPLE_AND	INCONSISTENT	unknown	no
BMS1P4-AGAP5	BMS1P4-AGAP5	SIMPLE_AND	INCONSISTENT	unknown	no
ENSG00000242299		SIMPLE_AND	INCONSISTENT	unknown	no
BMS1P4	BMS1P4	SIMPLE_AND	INCONSISTENT	unknown	no
LINC03015	LINC03015	COMPLEX	INCONSISTENT	unknown	no
MRPL20	MRPL20	SIMPLE_AND	COMPLEX	unknown	no
ENSG00000242553		SIMPLE_AND	INCONSISTENT	unknown	no
HLA-DMB	HLA-DMB	SIMPLE_AND	REPRESSED	unknown	no
DECR2	DECR2	SIMPLE_AND	INCONSISTENT	unknown	no
GNG10	GNG10	SIMPLE_OR	INCONSISTENT	unknown	no
GSK3B-DT	GSK3B-DT	SIMPLE_AND	INCONSISTENT	unknown	no
CCDC169	CCDC169	BIVALENT	INCONSISTENT	unknown	no
AP5Z1	AP5Z1	SIMPLE_AND	INCONSISTENT	unknown	no
SOX2-OT	SOX2-OT	SIMPLE_AND	INCONSISTENT	unknown	no
ENSG00000243018		REPRESSED	INCONSISTENT	unknown	no
ARHGEF26-AS1	ARHGEF26-AS1	BIVALENT	INCONSISTENT	unknown	no
MRPL33	MRPL33	SIMPLE_AND	INCONSISTENT	unknown	no
ENSG00000243176		SIMPLE_AND	INCONSISTENT	unknown	no
PPAN-P2RY11	PPAN-P2RY11	SIMPLE_AND	INCONSISTENT	unknown	no
TWF2-DT	TWF2-DT	SIMPLE_AND	INCONSISTENT	unknown	no
ENSG00000243276		COMPLEX	INCONSISTENT	unknown	no
PTPRVP	PTPRVP	SIMPLE_OR	INCONSISTENT	unknown	no
KCTD7	KCTD7	COMPLEX	SIMPLE_AND	unknown	no
EFNA4	EFNA4	SIMPLE_AND	INCONSISTENT	unknown	no
MRPS31P5	MRPS31P5	SIMPLE_AND	INCONSISTENT	unknown	no
RPS3AP18	RPS3AP18	INCONSISTENT	REPRESSED	unknown	no
C4orf48	C4orf48	BIVALENT	SIMPLE_OR	unknown	no
NAA80	NAA80	SIMPLE_AND	INCONSISTENT	unknown	no
RN7SL838P	RN7SL838P	SIMPLE_AND	INCONSISTENT	unknown	no
DNAAF10	DNAAF10	SIMPLE_AND	INCONSISTENT	unknown	no
CFAP57	CFAP57	SIMPLE_AND	INCONSISTENT	unknown	no
RN7SL181P	RN7SL181P	SIMPLE_AND	INCONSISTENT	unknown	no
TMEM35B	TMEM35B	SIMPLE_AND	INCONSISTENT	unknown	no
HLA-L	HLA-L	SIMPLE_AND	REPRESSED	unknown	no
HOTTIP	HOTTIP	REPRESSED	INCONSISTENT	unknown	no
JMJD7	JMJD7	SIMPLE_AND	INCONSISTENT	unknown	no
APOBEC3D	APOBEC3D	SIMPLE_AND	INCONSISTENT	unknown	no
RN7SL30P	RN7SL30P	SIMPLE_AND	INCONSISTENT	unknown	no
ELFN2	ELFN2	REPRESSED	INCONSISTENT	unknown	no
FAM86DP	FAM86DP	SIMPLE_AND	INCONSISTENT	unknown	no
IL12A-AS1	IL12A-AS1	BIVALENT	INCONSISTENT	unknown	no
TMEM199	TMEM199	SIMPLE_AND	INCONSISTENT	unknown	no
ENSG00000244061		SIMPLE_OR	REPRESSED	unknown	no
PDCL3P4	PDCL3P4	SIMPLE_AND	INCONSISTENT	unknown	no
ICA1-AS1	ICA1-AS1	BIVALENT	INCONSISTENT	unknown	no
RPL34P22	RPL34P22	INCONSISTENT	REPRESSED	unknown	no
DBNDD2	DBNDD2	BIVALENT	SIMPLE_AND	unknown	no
GATA2-AS1	GATA2-AS1	REPRESSED	SIMPLE_AND	unknown	no
ENSG00000244436		COMPLEX	INCONSISTENT	unknown	no
RN7SL211P	RN7SL211P	SIMPLE_OR	REPRESSED	unknown	no
KCNK15-AS1	KCNK15-AS1	REPRESSED	INCONSISTENT	unknown	no
ENSG00000244560		SIMPLE_OR	INCONSISTENT	unknown	no
LINC01391	LINC01391	REPRESSED	INCONSISTENT	unknown	no
MIATNB	MIATNB	SIMPLE_AND	INCONSISTENT	unknown	no
GABPB1-AS1	GABPB1-AS1	SIMPLE_AND	INCONSISTENT	unknown	no
LIFR-AS1	LIFR-AS1	REPRESSED	BIVALENT	unknown	no
LINC00847	LINC00847	SIMPLE_AND	COMPLEX	unknown	no
IGFBP7-AS1	IGFBP7-AS1	REPRESSED	INCONSISTENT	unknown	no
RNF139-DT	RNF139-DT	COMPLEX	INCONSISTENT	unknown	no
GALNT7-DT	GALNT7-DT	SIMPLE_AND	INCONSISTENT	unknown	no
SAP30L-AS1	SAP30L-AS1	SIMPLE_AND	INCONSISTENT	unknown	no
MRNIP-DT	MRNIP-DT	SIMPLE_AND	INCONSISTENT	unknown	no
TTC9-DT	TTC9-DT	SIMPLE_AND	BIVALENT	unknown	no
LINC02447	LINC02447	BIVALENT	INCONSISTENT	unknown	no
MSANTD2-AS1	MSANTD2-AS1	SIMPLE_AND	INCONSISTENT	unknown	no
LINC00461	LINC00461	REPRESSED	BIVALENT	unknown	no
RORA-AS1	RORA-AS1	SIMPLE_AND	INCONSISTENT	unknown	no
LNCRNA-IUR	LNCRNA-IUR	SIMPLE_AND	INCONSISTENT	unknown	no
SCAMP1-AS1	SCAMP1-AS1	SIMPLE_AND	INCONSISTENT	unknown	no
FAM111A-DT	FAM111A-DT	SIMPLE_AND	INCONSISTENT	unknown	no
BDNF-AS	BDNF-AS	SIMPLE_AND	INCONSISTENT	unknown	no
DDX11-AS1	DDX11-AS1	SIMPLE_AND	INCONSISTENT	unknown	no
KLRK1-AS1	KLRK1-AS1	SIMPLE_AND	INCONSISTENT	unknown	no
ZNF585B	ZNF585B	COMPLEX	INCONSISTENT	transcription factor	no
FRG1-DT	FRG1-DT	SIMPLE_AND	INCONSISTENT	unknown	no
CEBPA	CEBPA	BIVALENT	INCONSISTENT	transcription factor	yes
RAD51-AS1	RAD51-AS1	SIMPLE_AND	INCONSISTENT	unknown	no
GS1-24F4.2	GS1-24F4.2	INCONSISTENT	BIVALENT	unknown	no
MEF2C-AS2	MEF2C-AS2	BIVALENT	INCONSISTENT	unknown	no
ENSG00000245869		REPRESSED	INCONSISTENT	unknown	no
NSMCE1-DT	NSMCE1-DT	SIMPLE_AND	INCONSISTENT	unknown	no
BTG1-DT	BTG1-DT	SIMPLE_AND	INCONSISTENT	unknown	no
SLC12A2-DT	SLC12A2-DT	SIMPLE_AND	INCONSISTENT	unknown	no
RAB30-DT	RAB30-DT	SIMPLE_AND	INCONSISTENT	unknown	no
MCPH1-DT	MCPH1-DT	COMPLEX	INCONSISTENT	unknown	no
ENSG00000246090		COMPLEX	INCONSISTENT	unknown	no
LINC01096	LINC01096	BIVALENT	INCONSISTENT	unknown	no
RRS1-DT	RRS1-DT	SIMPLE_AND	INCONSISTENT	unknown	no
KCTD21-AS1	KCTD21-AS1	SIMPLE_AND	INCONSISTENT	unknown	no
RETREG1-AS1	RETREG1-AS1	INCONSISTENT	REPRESSED	unknown	no
ENSG00000246225		SIMPLE_AND	INCONSISTENT	unknown	no
UBR5-DT	UBR5-DT	SIMPLE_AND	INCONSISTENT	unknown	no
SBF2-AS1	SBF2-AS1	SIMPLE_AND	INCONSISTENT	unknown	no
PRR7-AS1	PRR7-AS1	SIMPLE_AND	INCONSISTENT	unknown	no
LACTB2-AS1	LACTB2-AS1	SIMPLE_AND	INCONSISTENT	unknown	no
GNAO1-DT	GNAO1-DT	REPRESSED	INCONSISTENT	unknown	no
ENSG00000246465		BIVALENT	INCONSISTENT	unknown	no
FZD4-DT	FZD4-DT	BIVALENT	INCONSISTENT	unknown	no
SLCO5A1-AS1	SLCO5A1-AS1	SIMPLE_AND	REPRESSED	unknown	no
TNFRSF10A-DT	TNFRSF10A-DT	SIMPLE_OR	SIMPLE_AND	unknown	no
CACNA1C-AS1	CACNA1C-AS1	BIVALENT	REPRESSED	unknown	no
PICART1	PICART1	INCONSISTENT	BIVALENT	unknown	no
CIBAR1-DT	CIBAR1-DT	INCONSISTENT	BIVALENT	unknown	no
MGC16275	MGC16275	SIMPLE_AND	INCONSISTENT	unknown	no
RGMB-AS1	RGMB-AS1	INCONSISTENT	BIVALENT	unknown	no
SORL1-AS1	SORL1-AS1	SIMPLE_AND	REPRESSED	unknown	no
RIC3-DT	RIC3-DT	INCONSISTENT	REPRESSED	unknown	no
GPR176-DT	GPR176-DT	BIVALENT	INCONSISTENT	unknown	no
BRPF3-AS1	BRPF3-AS1	SIMPLE_AND	INCONSISTENT	unknown	no
SOCS2-AS1	SOCS2-AS1	BIVALENT	INCONSISTENT	unknown	no
MIR210HG	MIR210HG	SIMPLE_AND	INCONSISTENT	unknown	no
ENSG00000247121		SIMPLE_AND	INCONSISTENT	unknown	no
ANKRD42-DT	ANKRD42-DT	SIMPLE_AND	INCONSISTENT	unknown	no
CSTF3-DT	CSTF3-DT	SIMPLE_AND	COMPLEX	unknown	no
UBL7-DT	UBL7-DT	SIMPLE_AND	INCONSISTENT	unknown	no
ZBED5-AS1	ZBED5-AS1	SIMPLE_AND	INCONSISTENT	unknown	no
PRKCH-AS1	PRKCH-AS1	SIMPLE_AND	INCONSISTENT	kinase/signaling	no
LY6E-DT	LY6E-DT	SIMPLE_AND	INCONSISTENT	unknown	no
ENSG00000247345		BIVALENT	REPRESSED	unknown	no
NUP107-DT	NUP107-DT	SIMPLE_AND	INCONSISTENT	unknown	no
TMED2-DT	TMED2-DT	SIMPLE_AND	INCONSISTENT	unknown	no
DNAJC3-DT	DNAJC3-DT	SIMPLE_AND	INCONSISTENT	unknown	no
CKMT2-AS1	CKMT2-AS1	SIMPLE_AND	INCONSISTENT	unknown	no
TWF2	TWF2	SIMPLE_AND	SIMPLE_OR	unknown	no
STX18-AS1	STX18-AS1	SIMPLE_AND	INCONSISTENT	unknown	no
ARHGAP11B-DT	ARHGAP11B-DT	SIMPLE_AND	INCONSISTENT	unknown	no
KCTD13-DT	KCTD13-DT	SIMPLE_AND	INCONSISTENT	unknown	no
USP51	USP51	SIMPLE_AND	INCONSISTENT	unknown	no
PCED1B-AS1	PCED1B-AS1	SIMPLE_AND	INCONSISTENT	unknown	no
SNCA-AS1	SNCA-AS1	REPRESSED	INCONSISTENT	unknown	no
MOCS2-DT	MOCS2-DT	SIMPLE_AND	INCONSISTENT	unknown	no
NR2F2-AS1	NR2F2-AS1	BIVALENT	INCONSISTENT	unknown	no
FAM174A-DT	FAM174A-DT	SIMPLE_AND	INCONSISTENT	unknown	no
ENSG00000247934		SIMPLE_AND	INCONSISTENT	unknown	no
SEC24B-AS1	SEC24B-AS1	SIMPLE_AND	INCONSISTENT	unknown	no
ENSG00000247970		SIMPLE_OR	INCONSISTENT	unknown	no
FOXD1-AS1	FOXD1-AS1	REPRESSED	BIVALENT	unknown	no
NRAV	NRAV	SIMPLE_AND	INCONSISTENT	unknown	no
UBA6-DT	UBA6-DT	SIMPLE_AND	INCONSISTENT	unknown	no
SV2C-AS1	SV2C-AS1	BIVALENT	REPRESSED	unknown	no
ENSG00000248268		COMPLEX	INCONSISTENT	unknown	no
TRIM52-AS1	TRIM52-AS1	SIMPLE_AND	INCONSISTENT	unknown	no
SUMO2P17	SUMO2P17	SIMPLE_AND	INCONSISTENT	unknown	no
MEF2C-AS1	MEF2C-AS1	SIMPLE_AND	INCONSISTENT	unknown	no
CDK11B	CDK11B	SIMPLE_AND	INCONSISTENT	kinase/signaling	no
WHAMMP2	WHAMMP2	SIMPLE_OR	INCONSISTENT	unknown	no
PRR5-ARHGAP8	PRR5-ARHGAP8	BIVALENT	INCONSISTENT	unknown	no
PCP4L1	PCP4L1	COMPLEX	REPRESSED	unknown	no
ABHD14A	ABHD14A	SIMPLE_OR	INCONSISTENT	unknown	no
C4orf46P2	C4orf46P2	SIMPLE_AND	INCONSISTENT	unknown	no
SRP14-DT	SRP14-DT	SIMPLE_AND	INCONSISTENT	unknown	no
STIMATE-MUSTN1	STIMATE-MUSTN1	SIMPLE_AND	INCONSISTENT	unknown	no
ALG1L9P	ALG1L9P	SIMPLE_AND	INCONSISTENT	unknown	no
LY75-CD302	LY75-CD302	SIMPLE_AND	REPRESSED	unknown	no
LINC02100	LINC02100	COMPLEX	INCONSISTENT	unknown	no
LINC01948	LINC01948	INCONSISTENT	REPRESSED	unknown	no
ENSG00000248738		BIVALENT	REPRESSED	unknown	no
ENSG00000248783		REPRESSED	INCONSISTENT	unknown	no
USP46-DT	USP46-DT	SIMPLE_AND	INCONSISTENT	unknown	no
ENSG00000248884		COMPLEX	INCONSISTENT	unknown	no
FMN1	FMN1	BIVALENT	INCONSISTENT	unknown	no
ATP5MF-PTCD1	ATP5MF-PTCD1	SIMPLE_AND	INCONSISTENT	unknown	no
COPB2-DT	COPB2-DT	COMPLEX	INCONSISTENT	unknown	no
ENSG00000248994		REPRESSED	COMPLEX	unknown	no
CLMAT3	CLMAT3	INCONSISTENT	REPRESSED	unknown	no
LINC01033	LINC01033	SIMPLE_OR	INCONSISTENT	unknown	no
ZNF436-AS1	ZNF436-AS1	SIMPLE_AND	INCONSISTENT	transcription factor	no
HAUS5	HAUS5	SIMPLE_AND	INCONSISTENT	unknown	no
ENSG00000249213		INCONSISTENT	REPRESSED	unknown	no
LINC01088	LINC01088	SIMPLE_OR	INCONSISTENT	unknown	no
ENSG00000249451		INCONSISTENT	REPRESSED	unknown	no
SPATS1	SPATS1	REPRESSED	BIVALENT	unknown	no
ENSG00000249492		SIMPLE_AND	INCONSISTENT	unknown	no
DMXL1-DT	DMXL1-DT	SIMPLE_AND	INCONSISTENT	unknown	no
MED28-DT	MED28-DT	SIMPLE_AND	INCONSISTENT	unknown	no
TARS1-DT	TARS1-DT	SIMPLE_AND	INCONSISTENT	unknown	no
PCGF3-AS1	PCGF3-AS1	SIMPLE_AND	INCONSISTENT	unknown	no
HOXC13-AS	HOXC13-AS	REPRESSED	INCONSISTENT	unknown	no
NOP14-AS1	NOP14-AS1	SIMPLE_AND	INCONSISTENT	unknown	no
ENSG00000249679		INCONSISTENT	BIVALENT	unknown	no
THEGL	THEGL	REPRESSED	INCONSISTENT	unknown	no
ENSG00000249741		SIMPLE_AND	INCONSISTENT	unknown	no
ENSG00000249743		REPRESSED	BIVALENT	unknown	no
ENSG00000249773		COMPLEX	INCONSISTENT	unknown	no
LINC00964	LINC00964	REPRESSED	INCONSISTENT	unknown	no
LINC02021	LINC02021	SIMPLE_AND	INCONSISTENT	unknown	no
MCPH1-AS1	MCPH1-AS1	SIMPLE_AND	INCONSISTENT	unknown	no
LINC02891	LINC02891	INCONSISTENT	BIVALENT	unknown	no
TMEM158	TMEM158	REPRESSED	SIMPLE_AND	unknown	no
PPIC-AS1	PPIC-AS1	BIVALENT	INCONSISTENT	unknown	no
GJD2-DT	GJD2-DT	REPRESSED	BIVALENT	unknown	no
LINC01018	LINC01018	REPRESSED	BIVALENT	unknown	no
ANKRD33B-AS1	ANKRD33B-AS1	COMPLEX	BIVALENT	unknown	no
ENSG00000250132		BIVALENT	INCONSISTENT	unknown	no
HOXC-AS2	HOXC-AS2	BIVALENT	INCONSISTENT	unknown	no
ARPC4-TTLL3	ARPC4-TTLL3	SIMPLE_AND	INCONSISTENT	unknown	no
PKD2L2-DT	PKD2L2-DT	SIMPLE_AND	INCONSISTENT	unknown	no
ENSG00000250230		REPRESSED	BIVALENT	unknown	no
ENSG00000250234		REPRESSED	INCONSISTENT	unknown	no
ENSG00000250240		SIMPLE_AND	INCONSISTENT	unknown	no
ENSG00000250280		BIVALENT	INCONSISTENT	unknown	no
MRPS31P4	MRPS31P4	SIMPLE_AND	INCONSISTENT	unknown	no
ENSG00000250310		BIVALENT	INCONSISTENT	unknown	no
ZNF718	ZNF718	COMPLEX	INCONSISTENT	transcription factor	no
SMIM20	SMIM20	SIMPLE_AND	INCONSISTENT	unknown	no
ENSG00000250415		INCONSISTENT	REPRESSED	unknown	no
HOXC-AS1	HOXC-AS1	REPRESSED	INCONSISTENT	unknown	no
FAM218A	FAM218A	SIMPLE_AND	INCONSISTENT	unknown	no
ABT1P1	ABT1P1	REPRESSED	INCONSISTENT	unknown	no
GPR162	GPR162	REPRESSED	INCONSISTENT	unknown	no
ENSG00000250555		REPRESSED	BIVALENT	unknown	no
ATP6V1E2	ATP6V1E2	SIMPLE_AND	INCONSISTENT	unknown	no
GLI4	GLI4	SIMPLE_AND	INCONSISTENT	transcription factor	no
ROPN1L-AS1	ROPN1L-AS1	BIVALENT	INCONSISTENT	unknown	no
TRAJ55	TRAJ55	INCONSISTENT	REPRESSED	unknown	no
ENSG00000250692		INCONSISTENT	BIVALENT	unknown	no
CCDC169-SOHLH2	CCDC169-SOHLH2	BIVALENT	INCONSISTENT	unknown	no
ENSG00000250838		BIVALENT	INCONSISTENT	unknown	no
ENSG00000250850		INCONSISTENT	REPRESSED	unknown	no
GMDS-DT	GMDS-DT	SIMPLE_AND	INCONSISTENT	unknown	no
MAD2L1-DT	MAD2L1-DT	SIMPLE_AND	INCONSISTENT	unknown	no
ENSG00000250950		SIMPLE_AND	INCONSISTENT	unknown	no
GLUD1P3	GLUD1P3	SIMPLE_AND	INCONSISTENT	unknown	no
SNHG21	SNHG21	SIMPLE_AND	INCONSISTENT	unknown	no
ENSG00000250999		SIMPLE_OR	INCONSISTENT	unknown	no
TRD-AS1	TRD-AS1	SIMPLE_AND	REPRESSED	unknown	no
ENSG00000251009		COMPLEX	REPRESSED	unknown	no
HTT-AS	HTT-AS	COMPLEX	INCONSISTENT	unknown	no
BMS1P2	BMS1P2	SIMPLE_OR	INCONSISTENT	unknown	no
ENSG00000251131		INCONSISTENT	REPRESSED	unknown	no
RIPK2-DT	RIPK2-DT	SIMPLE_AND	INCONSISTENT	unknown	no
MRPS30-DT	MRPS30-DT	SIMPLE_AND	INCONSISTENT	unknown	no
HOXC-AS3	HOXC-AS3	REPRESSED	INCONSISTENT	unknown	no
ZNF674	ZNF674	SIMPLE_AND	INCONSISTENT	transcription factor	no
TMED7-TICAM2	TMED7-TICAM2	SIMPLE_AND	INCONSISTENT	unknown	no
ENSG00000251239		INCONSISTENT	REPRESSED	unknown	no
ZNF345	ZNF345	SIMPLE_AND	INCONSISTENT	transcription factor	no
ENSG00000251314		SIMPLE_AND	INCONSISTENT	unknown	no
SHANK3	SHANK3	REPRESSED	BIVALENT	unknown	no
WWC2-AS2	WWC2-AS2	REPRESSED	INCONSISTENT	unknown	no
SYT9-AS1	SYT9-AS1	SIMPLE_AND	INCONSISTENT	unknown	no
ZNF550	ZNF550	SIMPLE_AND	INCONSISTENT	transcription factor	no
ENSG00000251408		SIMPLE_AND	INCONSISTENT	unknown	no
ENSG00000251456		COMPLEX	REPRESSED	unknown	no
RPL32P3	RPL32P3	SIMPLE_AND	INCONSISTENT	unknown	no
ENSG00000251584		BIVALENT	INCONSISTENT	unknown	no
ABCA11P	ABCA11P	SIMPLE_AND	INCONSISTENT	unknown	no
MTA1-DT	MTA1-DT	SIMPLE_AND	INCONSISTENT	unknown	no
LINC01385	LINC01385	REPRESSED	BIVALENT	unknown	no
FHIP1A-DT	FHIP1A-DT	BIVALENT	INCONSISTENT	unknown	no
ENSG00000251661		SIMPLE_AND	INCONSISTENT	unknown	no
FAM86EP	FAM86EP	SIMPLE_AND	INCONSISTENT	unknown	no
ENSG00000251680		BIVALENT	INCONSISTENT	unknown	no
MIR449C	MIR449C	BIVALENT	INCONSISTENT	unknown	no
Y_RNA	Y_RNA	INCONSISTENT	REPRESSED	unknown	no
RNA5SP200	RNA5SP200	COMPLEX	BIVALENT	unknown	no
SNORA74D	SNORA74D	INCONSISTENT	SIMPLE_AND	unknown	no
RNU6-1061P	RNU6-1061P	COMPLEX	INCONSISTENT	unknown	no
ENSG00000252404		INCONSISTENT	REPRESSED	unknown	no
RNU6-453P	RNU6-453P	REPRESSED	BIVALENT	unknown	no
RNA5SP137	RNA5SP137	INCONSISTENT	BIVALENT	unknown	no
Y_RNA	Y_RNA	BIVALENT	INCONSISTENT	unknown	no
ENSG00000252690		SIMPLE_AND	INCONSISTENT	unknown	no
MIR2276	MIR2276	BIVALENT	INCONSISTENT	unknown	no
SNORA21B	SNORA21B	INCONSISTENT	SIMPLE_AND	unknown	no
RNU6-835P	RNU6-835P	COMPLEX	INCONSISTENT	unknown	no
Y_RNA	Y_RNA	INCONSISTENT	REPRESSED	unknown	no
RNU1-117P	RNU1-117P	REPRESSED	INCONSISTENT	unknown	no
RNA5SP243	RNA5SP243	BIVALENT	INCONSISTENT	unknown	no
SCARNA1	SCARNA1	INCONSISTENT	SIMPLE_AND	unknown	no
ENSG00000253190		INCONSISTENT	SIMPLE_AND	unknown	no
ENSG00000253194		COMPLEX	INCONSISTENT	unknown	no
DENND3-AS1	DENND3-AS1	SIMPLE_AND	BIVALENT	unknown	no
IGLV2-5	IGLV2-5	INCONSISTENT	REPRESSED	unknown	no
SHLD3	SHLD3	SIMPLE_AND	INCONSISTENT	unknown	no
ENSG00000253256		COMPLEX	INCONSISTENT	unknown	no
TMEM200B	TMEM200B	BIVALENT	INCONSISTENT	unknown	no
MAILR	MAILR	SIMPLE_AND	INCONSISTENT	unknown	no
IGLV3-30	IGLV3-30	INCONSISTENT	REPRESSED	unknown	no
TRNP1	TRNP1	BIVALENT	INCONSISTENT	unknown	no
LINC03044	LINC03044	COMPLEX	INCONSISTENT	unknown	no
PCAT1	PCAT1	BIVALENT	INCONSISTENT	unknown	no
ENSG00000253475		SIMPLE_AND	INCONSISTENT	unknown	no
MIR3142HG	MIR3142HG	SIMPLE_AND	INCONSISTENT	unknown	no
OSGEPL1-AS1	OSGEPL1-AS1	SIMPLE_AND	INCONSISTENT	unknown	no
ENSG00000253586		SIMPLE_AND	INCONSISTENT	unknown	no
ENSG00000253616		SIMPLE_AND	INCONSISTENT	unknown	no
LINC03047	LINC03047	SIMPLE_AND	INCONSISTENT	unknown	no
ZFHX4-AS1	ZFHX4-AS1	BIVALENT	INCONSISTENT	unknown	no
LINC01484	LINC01484	SIMPLE_OR	INCONSISTENT	unknown	no
VIRMA-DT	VIRMA-DT	SIMPLE_AND	INCONSISTENT	unknown	no
ALG11	ALG11	BIVALENT	INCONSISTENT	unknown	no
MINCR	MINCR	SIMPLE_AND	INCONSISTENT	unknown	no
OTUD6B-AS1	OTUD6B-AS1	SIMPLE_AND	INCONSISTENT	unknown	no
IGLV10-67	IGLV10-67	INCONSISTENT	REPRESSED	unknown	no
LINC01151	LINC01151	INCONSISTENT	REPRESSED	unknown	no
ENSG00000253842		INCONSISTENT	REPRESSED	unknown	no
PCDHGA10	PCDHGA10	SIMPLE_OR	INCONSISTENT	unknown	no
ENSG00000253853		SIMPLE_AND	INCONSISTENT	unknown	no
PCDHGA11	PCDHGA11	SIMPLE_OR	INCONSISTENT	unknown	no
IGLV3-31	IGLV3-31	INCONSISTENT	REPRESSED	unknown	no
MTUS1-DT	MTUS1-DT	REPRESSED	BIVALENT	unknown	no
NRIP3-DT	NRIP3-DT	REPRESSED	INCONSISTENT	unknown	no
ALG1L13P	ALG1L13P	SIMPLE_OR	INCONSISTENT	unknown	no
CLN8-AS1	CLN8-AS1	SIMPLE_AND	INCONSISTENT	unknown	no
SRI-AS1	SRI-AS1	SIMPLE_AND	INCONSISTENT	unknown	no
ZNF260	ZNF260	COMPLEX	SIMPLE_AND	transcription factor	no
IGLVV-66	IGLVV-66	INCONSISTENT	REPRESSED	unknown	no
PINX1	PINX1	SIMPLE_AND	INCONSISTENT	unknown	no
ENSG00000254136		INCONSISTENT	REPRESSED	unknown	no
CRYZL2P-SEC16B	CRYZL2P-SEC16B	REPRESSED	INCONSISTENT	unknown	no
IGLVIV-65	IGLVIV-65	INCONSISTENT	REPRESSED	unknown	no
ENSG00000254165		SIMPLE_AND	INCONSISTENT	unknown	no
ENSG00000254186		SIMPLE_AND	INCONSISTENT	unknown	no
ENSG00000254198		REPRESSED	COMPLEX	unknown	no
UQCRB-AS1	UQCRB-AS1	COMPLEX	INCONSISTENT	unknown	no
ENSG00000254230		BIVALENT	INCONSISTENT	unknown	no
ANK3-DT	ANK3-DT	INCONSISTENT	REPRESSED	unknown	no
ENSG00000254293		COMPLEX	REPRESSED	unknown	no
ENSG00000254348		REPRESSED	BIVALENT	unknown	no
ENSG00000254400		SIMPLE_AND	INCONSISTENT	unknown	no
LRRC24	LRRC24	COMPLEX	INCONSISTENT	unknown	no
CHKB-CPT1B	CHKB-CPT1B	SIMPLE_AND	INCONSISTENT	unknown	no
SIGLEC14	SIGLEC14	SIMPLE_OR	REPRESSED	unknown	no
ENSG00000254420		REPRESSED	INCONSISTENT	unknown	no
HSPB2-C11orf52	HSPB2-C11orf52	REPRESSED	INCONSISTENT	unknown	no
XNDC1N	XNDC1N	SIMPLE_AND	INCONSISTENT	unknown	no
MPPED2-AS1	MPPED2-AS1	REPRESSED	INCONSISTENT	unknown	no
WAC-AS1	WAC-AS1	SIMPLE_AND	INCONSISTENT	unknown	no
ENSG00000254639		BIVALENT	INCONSISTENT	unknown	no
ENSG00000254648		INCONSISTENT	BIVALENT	unknown	no
ENSG00000254694		SIMPLE_AND	INCONSISTENT	unknown	no
MEX3A	MEX3A	BIVALENT	SIMPLE_AND	unknown	no
ENSG00000254777		INCONSISTENT	REPRESSED	unknown	no
EGLN1P1	EGLN1P1	SIMPLE_AND	INCONSISTENT	unknown	no
CKLF-CMTM1	CKLF-CMTM1	SIMPLE_AND	INCONSISTENT	unknown	no
FAR1-IT1	FAR1-IT1	SIMPLE_AND	INCONSISTENT	unknown	no
LMNTD2-AS1	LMNTD2-AS1	REPRESSED	INCONSISTENT	unknown	no
ENSG00000254859		SIMPLE_OR	INCONSISTENT	unknown	no
TMEM9B-AS1	TMEM9B-AS1	SIMPLE_AND	INCONSISTENT	unknown	no
ATP6V1G2-DDX39B	ATP6V1G2-DDX39B	SIMPLE_AND	INCONSISTENT	unknown	no
PRR13P2	PRR13P2	SIMPLE_OR	INCONSISTENT	unknown	no
POU2F2-AS1	POU2F2-AS1	SIMPLE_AND	REPRESSED	unknown	no
BORCS8	BORCS8	SIMPLE_AND	INCONSISTENT	unknown	no
ENSG00000254929		SIMPLE_OR	INCONSISTENT	unknown	no
IGSF22-AS1	IGSF22-AS1	REPRESSED	INCONSISTENT	unknown	no
ENSG00000254973		REPRESSED	INCONSISTENT	unknown	no
ENSG00000254975		INCONSISTENT	REPRESSED	unknown	no
ENSG00000254979		SIMPLE_AND	INCONSISTENT	unknown	no
STX16-NPEPL1	STX16-NPEPL1	SIMPLE_AND	INCONSISTENT	unknown	no
TDH-AS1	TDH-AS1	BIVALENT	INCONSISTENT	unknown	no
ENSG00000255026		BIVALENT	INCONSISTENT	unknown	no
SEPTIN7P11	SEPTIN7P11	REPRESSED	INCONSISTENT	unknown	no
ENSG00000255046		SIMPLE_AND	INCONSISTENT	unknown	no
ENSG00000255050		REPRESSED	INCONSISTENT	unknown	no
TIRAP-AS1	TIRAP-AS1	SIMPLE_AND	INCONSISTENT	unknown	no
ENSG00000255097		SIMPLE_OR	INCONSISTENT	unknown	no
TSKU-AS1	TSKU-AS1	BIVALENT	INCONSISTENT	unknown	no
CHMP1B	CHMP1B	SIMPLE_AND	INCONSISTENT	unknown	no
ENSG00000255118		BIVALENT	INCONSISTENT	unknown	no
OVOL1-AS1	OVOL1-AS1	INCONSISTENT	REPRESSED	unknown	no
CENATAC-DT	CENATAC-DT	SIMPLE_AND	INCONSISTENT	unknown	no
EMSY-DT	EMSY-DT	SIMPLE_AND	INCONSISTENT	unknown	no
TPBGL-AS1	TPBGL-AS1	REPRESSED	BIVALENT	unknown	no
MSH5-SAPCD1	MSH5-SAPCD1	SIMPLE_AND	INCONSISTENT	unknown	no
TOLLIP-DT	TOLLIP-DT	COMPLEX	INCONSISTENT	unknown	no
HTD2	HTD2	SIMPLE_AND	INCONSISTENT	unknown	no
DENND2B-AS1	DENND2B-AS1	REPRESSED	INCONSISTENT	unknown	no
ENSG00000255182		SIMPLE_AND	INCONSISTENT	unknown	no
PDXDC2P	PDXDC2P	SIMPLE_AND	INCONSISTENT	unknown	no
ENSG00000255191		REPRESSED	INCONSISTENT	unknown	no
SNHG9	SNHG9	SIMPLE_AND	INCONSISTENT	unknown	no
ENSG00000255224		SIMPLE_AND	INCONSISTENT	unknown	no
FXYD6-FXYD2	FXYD6-FXYD2	REPRESSED	BIVALENT	unknown	no
ENSG00000255272		INCONSISTENT	BIVALENT	unknown	no
GATD1-DT	GATD1-DT	SIMPLE_AND	INCONSISTENT	unknown	no
ENSG00000255292		SIMPLE_AND	INCONSISTENT	unknown	no
ENSG00000255339		SIMPLE_AND	INCONSISTENT	unknown	no
PATL1-DT	PATL1-DT	SIMPLE_AND	INCONSISTENT	unknown	no
ENSG00000255366		REPRESSED	BIVALENT	unknown	no
ENSG00000255381		SIMPLE_AND	INCONSISTENT	unknown	no
ENSG00000255439		SIMPLE_AND	INCONSISTENT	unknown	no
UVRAG-DT	UVRAG-DT	SIMPLE_AND	INCONSISTENT	unknown	no
ENSG00000255508		SIMPLE_AND	INCONSISTENT	unknown	no
ENSG00000255513		SIMPLE_AND	INCONSISTENT	unknown	no
DPP3-DT	DPP3-DT	SIMPLE_AND	INCONSISTENT	unknown	no
CD44-DT	CD44-DT	INCONSISTENT	BIVALENT	unknown	no
POLR2M	POLR2M	SIMPLE_AND	COMPLEX	unknown	no
ZNF252P-AS1	ZNF252P-AS1	SIMPLE_AND	INCONSISTENT	transcription factor	no
FDXACB1	FDXACB1	SIMPLE_AND	INCONSISTENT	unknown	no
BRWD1-AS2	BRWD1-AS2	SIMPLE_AND	INCONSISTENT	unknown	no
ENSG00000255581		REPRESSED	INCONSISTENT	unknown	no
ENSG00000255621		BIVALENT	INCONSISTENT	unknown	no
ENSG00000255639		INCONSISTENT	SIMPLE_AND	unknown	no
ENSG00000255647		SIMPLE_AND	INCONSISTENT	unknown	no
ENSG00000255663		COMPLEX	INCONSISTENT	unknown	no
ENSG00000255730		INCONSISTENT	SIMPLE_AND	unknown	no
IFNG-AS1	IFNG-AS1	SIMPLE_AND	REPRESSED	unknown	no
GNAI2P1	GNAI2P1	REPRESSED	INCONSISTENT	unknown	no
PDE2A-AS1	PDE2A-AS1	REPRESSED	BIVALENT	unknown	no
ENSG00000255856		BIVALENT	COMPLEX	unknown	no
PXN-AS1	PXN-AS1	SIMPLE_AND	INCONSISTENT	unknown	no
DENND5B-AS1	DENND5B-AS1	INCONSISTENT	BIVALENT	unknown	no
ENSG00000255872		BIVALENT	INCONSISTENT	unknown	no
GAPDH-DT	GAPDH-DT	SIMPLE_AND	INCONSISTENT	unknown	no
ENSG00000256028		SIMPLE_AND	INCONSISTENT	unknown	no
CTSO	CTSO	SIMPLE_AND	INCONSISTENT	unknown	no
COA8	COA8	SIMPLE_AND	INCONSISTENT	unknown	no
TRAPPC2B	TRAPPC2B	SIMPLE_AND	INCONSISTENT	unknown	no
URB1-AS1	URB1-AS1	SIMPLE_AND	INCONSISTENT	unknown	no
ZNF432	ZNF432	SIMPLE_AND	COMPLEX	transcription factor	no
SBNO1-AS1	SBNO1-AS1	SIMPLE_AND	INCONSISTENT	unknown	no
LINC00944	LINC00944	COMPLEX	INCONSISTENT	unknown	no
ENSG00000256196		INCONSISTENT	BIVALENT	unknown	no
ZNF10	ZNF10	SIMPLE_AND	INCONSISTENT	transcription factor	no
SMIM3	SMIM3	SIMPLE_AND	INCONSISTENT	unknown	no
ENSG00000256237		INCONSISTENT	REPRESSED	unknown	no
ZNF225	ZNF225	SIMPLE_AND	INCONSISTENT	transcription factor	no
MRGPRF-AS1	MRGPRF-AS1	REPRESSED	INCONSISTENT	unknown	no
SMIM10L1	SMIM10L1	SIMPLE_AND	INCONSISTENT	unknown	no
LINC02985	LINC02985	SIMPLE_OR	SIMPLE_AND	unknown	no
LINC01486	LINC01486	INCONSISTENT	REPRESSED	unknown	no
ENSG00000256566		SIMPLE_AND	INCONSISTENT	unknown	no
ENSG00000256568		SIMPLE_AND	REPRESSED	unknown	no
ENSG00000256591		COMPLEX	SIMPLE_AND	unknown	no
ENSG00000256594		SIMPLE_OR	INCONSISTENT	unknown	no
ENSG00000256603		SIMPLE_AND	INCONSISTENT	unknown	no
ZBTB11-AS1	ZBTB11-AS1	SIMPLE_AND	INCONSISTENT	transcription factor	no
STX5-DT	STX5-DT	SIMPLE_AND	INCONSISTENT	unknown	no
ENSG00000256706		REPRESSED	INCONSISTENT	unknown	no
ENSG00000256712		SIMPLE_AND	INCONSISTENT	unknown	no
KDM2B-DT	KDM2B-DT	SIMPLE_AND	INCONSISTENT	unknown	no
ZNF253	ZNF253	COMPLEX	INCONSISTENT	transcription factor	no
ENSG00000256824		REPRESSED	INCONSISTENT	unknown	no
ENSG00000256843		INCONSISTENT	COMPLEX	unknown	no
ENSG00000256950		SIMPLE_AND	INCONSISTENT	unknown	no
ENSG00000256966		SIMPLE_AND	INCONSISTENT	unknown	no
ENSG00000256981		REPRESSED	INCONSISTENT	unknown	no
C11orf97	C11orf97	BIVALENT	INCONSISTENT	unknown	no
ENSG00000257058		BIVALENT	INCONSISTENT	unknown	no
NHLRC4	NHLRC4	SIMPLE_AND	INCONSISTENT	unknown	no
RRN3P3	RRN3P3	SIMPLE_AND	INCONSISTENT	unknown	no
FOXG1-AS1	FOXG1-AS1	REPRESSED	INCONSISTENT	unknown	no
ODC1-DT	ODC1-DT	COMPLEX	INCONSISTENT	unknown	no
TMPO-AS1	TMPO-AS1	SIMPLE_AND	INCONSISTENT	unknown	no
ENSG00000257178		SIMPLE_OR	INCONSISTENT	unknown	no
ENSG00000257221		SIMPLE_AND	INCONSISTENT	unknown	no
LINC01619	LINC01619	SIMPLE_AND	INCONSISTENT	unknown	no
ENSG00000257252		SIMPLE_AND	INCONSISTENT	unknown	no
SLC38A4-AS1	SLC38A4-AS1	SIMPLE_AND	INCONSISTENT	unknown	no
ZNF271P	ZNF271P	SIMPLE_AND	INCONSISTENT	transcription factor	no
ENSG00000257275		INCONSISTENT	REPRESSED	unknown	no
CNPY2-AS1	CNPY2-AS1	SIMPLE_AND	INCONSISTENT	unknown	no
ZBED6	ZBED6	COMPLEX	SIMPLE_AND	unknown	no
TNS2-AS1	TNS2-AS1	SIMPLE_AND	INCONSISTENT	unknown	no
ENSG00000257346		REPRESSED	INCONSISTENT	unknown	no
MIRLET7IHG	MIRLET7IHG	SIMPLE_AND	INCONSISTENT	unknown	no
ENSG00000257355		SIMPLE_AND	INCONSISTENT	unknown	no
ENSG00000257379		SIMPLE_AND	INCONSISTENT	unknown	no
ENSG00000257389		REPRESSED	COMPLEX	unknown	no
RPAP3-DT	RPAP3-DT	SIMPLE_AND	INCONSISTENT	unknown	no
ZNF878	ZNF878	SIMPLE_AND	INCONSISTENT	transcription factor	no
ENSG00000257475		SIMPLE_OR	INCONSISTENT	unknown	no
LINC01154	LINC01154	REPRESSED	INCONSISTENT	unknown	no
LINC02354	LINC02354	REPRESSED	INCONSISTENT	unknown	no
ENSG00000257489		SIMPLE_AND	INCONSISTENT	unknown	no
ST6GALNAC6	ST6GALNAC6	SIMPLE_AND	INCONSISTENT	unknown	no
RPL36A-HNRNPH2	RPL36A-HNRNPH2	INCONSISTENT	SIMPLE_AND	unknown	no
ENSG00000257531		SIMPLE_AND	INCONSISTENT	unknown	no
ENSG00000257545		INCONSISTENT	COMPLEX	unknown	no
HLX-AS1	HLX-AS1	BIVALENT	INCONSISTENT	unknown	no
ENSG00000257553		INCONSISTENT	REPRESSED	unknown	no
LINC01475	LINC01475	REPRESSED	BIVALENT	unknown	no
GALNT4	GALNT4	SIMPLE_AND	INCONSISTENT	unknown	no
SCAT2	SCAT2	COMPLEX	INCONSISTENT	unknown	no
ENSG00000257607		SIMPLE_OR	INCONSISTENT	unknown	no
PSMA3-AS1	PSMA3-AS1	COMPLEX	SIMPLE_AND	unknown	no
ENSG00000257622		SIMPLE_OR	INCONSISTENT	unknown	no
C12orf75-AS1	C12orf75-AS1	INCONSISTENT	REPRESSED	unknown	no
LBX2-AS1	LBX2-AS1	BIVALENT	INCONSISTENT	unknown	no
INAFM1	INAFM1	SIMPLE_AND	INCONSISTENT	unknown	no
FNBP1P1	FNBP1P1	SIMPLE_AND	INCONSISTENT	unknown	no
PRANCR	PRANCR	SIMPLE_AND	INCONSISTENT	unknown	no
ENSG00000257830		REPRESSED	INCONSISTENT	unknown	no
PHLDA1-DT	PHLDA1-DT	SIMPLE_AND	INCONSISTENT	unknown	no
ENSG00000257910		BIVALENT	INCONSISTENT	unknown	no
DDN-AS1	DDN-AS1	SIMPLE_AND	INCONSISTENT	unknown	no
TEN1	TEN1	SIMPLE_AND	INCONSISTENT	unknown	no
P2RX5-TAX1BP3	P2RX5-TAX1BP3	COMPLEX	INCONSISTENT	unknown	no
ENSG00000257989		INCONSISTENT	REPRESSED	unknown	no
ENSG00000258017		SIMPLE_AND	INCONSISTENT	unknown	no
CD63-AS1	CD63-AS1	SIMPLE_AND	INCONSISTENT	unknown	no
BCDIN3D-AS1	BCDIN3D-AS1	SIMPLE_AND	INCONSISTENT	unknown	no
ENSG00000258072		BIVALENT	INCONSISTENT	unknown	no
ENSG00000258082		SIMPLE_AND	INCONSISTENT	unknown	no
ATXN2-AS	ATXN2-AS	SIMPLE_AND	INCONSISTENT	unknown	no
MAP1LC3B2	MAP1LC3B2	REPRESSED	INCONSISTENT	unknown	no
ENSG00000258131		REPRESSED	INCONSISTENT	unknown	no
ENSG00000258168		SIMPLE_AND	INCONSISTENT	unknown	no
SLC7A5P2	SLC7A5P2	INCONSISTENT	SIMPLE_AND	unknown	no
ENSG00000258256		COMPLEX	INCONSISTENT	unknown	no
TESC-AS1	TESC-AS1	BIVALENT	INCONSISTENT	unknown	no
CHURC1	CHURC1	COMPLEX	SIMPLE_AND	unknown	no
ENSG00000258311		SIMPLE_AND	INCONSISTENT	unknown	no
C17orf49	C17orf49	SIMPLE_AND	INCONSISTENT	unknown	no
ITFG2-AS1	ITFG2-AS1	SIMPLE_AND	INCONSISTENT	unknown	no
ENSG00000258355		INCONSISTENT	BIVALENT	unknown	no
PPT2-EGFL8	PPT2-EGFL8	SIMPLE_OR	INCONSISTENT	unknown	no
PDF	PDF	SIMPLE_AND	INCONSISTENT	unknown	no
ENSG00000258446		SIMPLE_AND	INCONSISTENT	unknown	no
AJUBA-DT	AJUBA-DT	BIVALENT	INCONSISTENT	unknown	no
ENSG00000258465		SIMPLE_AND	INCONSISTENT	unknown	no
SPESP1	SPESP1	COMPLEX	INCONSISTENT	unknown	no
ENSG00000258520		REPRESSED	BIVALENT	unknown	no
ENSG00000258526		SIMPLE_AND	INCONSISTENT	unknown	no
ENSG00000258539		SIMPLE_AND	INCONSISTENT	unknown	no
SPECC1L-ADORA2A	SPECC1L-ADORA2A	SIMPLE_AND	INCONSISTENT	unknown	no
ENSG00000258561		SIMPLE_AND	INCONSISTENT	unknown	no
RHOQP1	RHOQP1	SIMPLE_AND	INCONSISTENT	unknown	no
PPIAP4	PPIAP4	SIMPLE_OR	INCONSISTENT	unknown	no
ENSG00000258604		REPRESSED	INCONSISTENT	unknown	no
LINC02292	LINC02292	INCONSISTENT	BIVALENT	unknown	no
LRFN5-DT	LRFN5-DT	REPRESSED	INCONSISTENT	unknown	no
ARHGAP5-AS1	ARHGAP5-AS1	COMPLEX	INCONSISTENT	unknown	no
HIF1A-AS3	HIF1A-AS3	SIMPLE_AND	INCONSISTENT	unknown	no
LINC01397	LINC01397	INCONSISTENT	REPRESSED	unknown	no
ENSG00000258674		SIMPLE_AND	INCONSISTENT	unknown	no
ENSG00000258702		INCONSISTENT	BIVALENT	unknown	no
SRP54-AS1	SRP54-AS1	SIMPLE_AND	INCONSISTENT	unknown	no
PPP1R13B-DT	PPP1R13B-DT	INCONSISTENT	BIVALENT	unknown	no
ENSG00000258736		INCONSISTENT	REPRESSED	unknown	no
BAZ1A-AS1	BAZ1A-AS1	SIMPLE_AND	INCONSISTENT	unknown	no
KIF26A-DT	KIF26A-DT	REPRESSED	INCONSISTENT	unknown	no
ENSG00000258790		SIMPLE_AND	INCONSISTENT	unknown	no
ENSG00000258881		SIMPLE_AND	INCONSISTENT	unknown	no
MIA2-AS1	MIA2-AS1	SIMPLE_AND	INCONSISTENT	unknown	no
TUBB3	TUBB3	BIVALENT	INCONSISTENT	structural/other	no
TMEM179	TMEM179	REPRESSED	BIVALENT	unknown	no
ENSG00000259006		BIVALENT	INCONSISTENT	unknown	no
FPGT-TNNI3K	FPGT-TNNI3K	SIMPLE_AND	INCONSISTENT	unknown	no
ENSG00000259033		REPRESSED	INCONSISTENT	unknown	no
ACTN1-DT	ACTN1-DT	BIVALENT	INCONSISTENT	unknown	no
ENSG00000259080		SIMPLE_AND	INCONSISTENT	unknown	no
ENSG00000259088		SIMPLE_AND	INCONSISTENT	unknown	no
ENSG00000259115		INCONSISTENT	BIVALENT	unknown	no
ENSG00000259132		BIVALENT	INCONSISTENT	unknown	no
ENSG00000259178		INCONSISTENT	REPRESSED	unknown	no
ENSG00000259182		REPRESSED	COMPLEX	unknown	no
ITGB3	ITGB3	SIMPLE_OR	INCONSISTENT	structural/other	no
ENSG00000259275		BIVALENT	INCONSISTENT	unknown	no
ENSG00000259276		INCONSISTENT	REPRESSED	unknown	no
ALDH1A2-AS1	ALDH1A2-AS1	REPRESSED	INCONSISTENT	unknown	no
ZHX1-C8orf76	ZHX1-C8orf76	SIMPLE_AND	INCONSISTENT	unknown	no
JDP2-AS1	JDP2-AS1	SIMPLE_AND	INCONSISTENT	unknown	no
ENSG00000259321		SIMPLE_AND	INCONSISTENT	unknown	no
INAFM2	INAFM2	INCONSISTENT	SIMPLE_AND	unknown	no
TMC3-AS1	TMC3-AS1	SIMPLE_AND	INCONSISTENT	unknown	no
ENSG00000259368		BIVALENT	INCONSISTENT	unknown	no
EFL1P1	EFL1P1	SIMPLE_OR	REPRESSED	unknown	no
ENSG00000259410		BIVALENT	INCONSISTENT	unknown	no
ENSG00000259415		SIMPLE_AND	INCONSISTENT	unknown	no
ENSG00000259422		INCONSISTENT	REPRESSED	unknown	no
THTPA	THTPA	SIMPLE_AND	INCONSISTENT	unknown	no
LINC02352	LINC02352	SIMPLE_AND	BIVALENT	unknown	no
ENSG00000259460		SIMPLE_AND	INCONSISTENT	unknown	no
CPEB1-AS1	CPEB1-AS1	BIVALENT	INCONSISTENT	unknown	no
NDUFAF4P1	NDUFAF4P1	SIMPLE_AND	INCONSISTENT	unknown	no
DUT-AS1	DUT-AS1	SIMPLE_AND	INCONSISTENT	unknown	no
MRPL46	MRPL46	SIMPLE_AND	INCONSISTENT	unknown	no
TPM1-AS	TPM1-AS	BIVALENT	INCONSISTENT	unknown	no
SLC28A2-AS1	SLC28A2-AS1	SIMPLE_AND	INCONSISTENT	unknown	no
ENSG00000259522		SIMPLE_AND	INCONSISTENT	unknown	no
ENSG00000259523		REPRESSED	INCONSISTENT	unknown	no
ENSG00000259529		SIMPLE_AND	INCONSISTENT	unknown	no
ENSG00000259539		SIMPLE_AND	INCONSISTENT	unknown	no
CERNA1	CERNA1	INCONSISTENT	BIVALENT	unknown	no
ALDH1A3-AS1	ALDH1A3-AS1	SIMPLE_AND	BIVALENT	unknown	no
ENSG00000259609		INCONSISTENT	REPRESSED	unknown	no
IQCH-AS1	IQCH-AS1	SIMPLE_AND	INCONSISTENT	unknown	no
RPL7AP75	RPL7AP75	INCONSISTENT	REPRESSED	unknown	no
ENSG00000259704		SIMPLE_AND	INCONSISTENT	unknown	no
CRTC3-AS1	CRTC3-AS1	SIMPLE_AND	INCONSISTENT	unknown	no
ZFHX3-AS1	ZFHX3-AS1	SIMPLE_AND	INCONSISTENT	unknown	no
EIF5-DT	EIF5-DT	SIMPLE_AND	INCONSISTENT	unknown	no
ENSG00000259802		SIMPLE_AND	INCONSISTENT	unknown	no
SLC22A31	SLC22A31	REPRESSED	BIVALENT	metabolic	no
CTCF-DT	CTCF-DT	SIMPLE_AND	INCONSISTENT	unknown	no
CDK13-DT	CDK13-DT	SIMPLE_AND	INCONSISTENT	kinase/signaling	no
ENSG00000259869		REPRESSED	INCONSISTENT	unknown	no
ZNF778-DT	ZNF778-DT	SIMPLE_AND	INCONSISTENT	transcription factor	no
ENSG00000259891		SIMPLE_OR	INCONSISTENT	unknown	no
ENSG00000259922		INCONSISTENT	REPRESSED	unknown	no
ENSG00000259932		INCONSISTENT	SIMPLE_AND	unknown	no
ZMPSTE24-DT	ZMPSTE24-DT	SIMPLE_AND	INCONSISTENT	unknown	no
ENSG00000259952		SIMPLE_AND	INCONSISTENT	unknown	no
LINC02977	LINC02977	SIMPLE_OR	INCONSISTENT	unknown	no
RBM15B	RBM15B	SIMPLE_AND	INCONSISTENT	unknown	no
ENSG00000259984		SIMPLE_AND	INCONSISTENT	unknown	no
ENSG00000259985		SIMPLE_AND	COMPLEX	unknown	no
ENSG00000260000		SIMPLE_AND	INCONSISTENT	unknown	no
MBTPS1-DT	MBTPS1-DT	SIMPLE_AND	INCONSISTENT	unknown	no
CRIM1-DT	CRIM1-DT	BIVALENT	INCONSISTENT	unknown	no
ENSG00000260030		SIMPLE_AND	REPRESSED	unknown	no
ENSG00000260035		INCONSISTENT	SIMPLE_AND	unknown	no
ENSG00000260063		SIMPLE_AND	INCONSISTENT	unknown	no
ENSG00000260066		REPRESSED	BIVALENT	unknown	no
MIR762HG	MIR762HG	SIMPLE_AND	INCONSISTENT	unknown	no
ENSG00000260095		REPRESSED	INCONSISTENT	unknown	no
AFTPH-DT	AFTPH-DT	SIMPLE_AND	INCONSISTENT	unknown	no
ENSG00000260103		COMPLEX	INCONSISTENT	unknown	no
CPNE2-DT	CPNE2-DT	BIVALENT	INCONSISTENT	unknown	no
LINC02846	LINC02846	SIMPLE_AND	INCONSISTENT	unknown	no
CD2BP2-DT	CD2BP2-DT	SIMPLE_AND	INCONSISTENT	unknown	no
KDM7A-DT	KDM7A-DT	BIVALENT	INCONSISTENT	unknown	no
ZNRD2-DT	ZNRD2-DT	SIMPLE_AND	INCONSISTENT	unknown	no
PTPN23-DT	PTPN23-DT	SIMPLE_AND	INCONSISTENT	unknown	no
ENSG00000260261		SIMPLE_AND	INCONSISTENT	unknown	no
ENSG00000260267		SIMPLE_AND	INCONSISTENT	unknown	no
ENSG00000260274		SIMPLE_AND	INCONSISTENT	unknown	no
TRMT61A-DT	TRMT61A-DT	SIMPLE_AND	INCONSISTENT	unknown	no
ENSG00000260293		SIMPLE_AND	INCONSISTENT	unknown	no
ENSG00000260369		SIMPLE_AND	INCONSISTENT	unknown	no
AQP4-AS1	AQP4-AS1	BIVALENT	INCONSISTENT	unknown	no
ENSG00000260381		INCONSISTENT	REPRESSED	unknown	no
LCMT1-AS1	LCMT1-AS1	SIMPLE_AND	INCONSISTENT	unknown	no
C16orf95	C16orf95	SIMPLE_AND	INCONSISTENT	unknown	no
SLC25A28-DT	SLC25A28-DT	SIMPLE_AND	INCONSISTENT	unknown	no
ENSG00000260495		SIMPLE_AND	INCONSISTENT	unknown	no
ENSG00000260500		BIVALENT	INCONSISTENT	unknown	no
AP1AR-DT	AP1AR-DT	SIMPLE_AND	INCONSISTENT	unknown	no
ENSG00000260563		SIMPLE_AND	INCONSISTENT	unknown	no
ERVK13-1	ERVK13-1	SIMPLE_AND	INCONSISTENT	unknown	no
ENSG00000260569		REPRESSED	INCONSISTENT	unknown	no
ENSG00000260588		INCONSISTENT	COMPLEX	unknown	no
STAM-DT	STAM-DT	SIMPLE_AND	INCONSISTENT	unknown	no
ENSG00000260597		SIMPLE_AND	INCONSISTENT	unknown	no
RUSF1-DT	RUSF1-DT	SIMPLE_AND	INCONSISTENT	unknown	no
SNAI3-AS1	SNAI3-AS1	SIMPLE_AND	INCONSISTENT	unknown	no
ENSG00000260669		SIMPLE_AND	INCONSISTENT	unknown	no
LINC00543	LINC00543	BIVALENT	INCONSISTENT	unknown	no
TBC1D22A-DT	TBC1D22A-DT	SIMPLE_AND	INCONSISTENT	unknown	no
ENSG00000260774		SIMPLE_AND	INCONSISTENT	unknown	no
ENSG00000260782		SIMPLE_AND	INCONSISTENT	unknown	no
ENSG00000260793		SIMPLE_AND	INCONSISTENT	unknown	no
ENSG00000260796		INCONSISTENT	COMPLEX	unknown	no
LINC01963	LINC01963	SIMPLE_OR	INCONSISTENT	unknown	no
ENSG00000260805		COMPLEX	INCONSISTENT	unknown	no
PAPOLA-DT	PAPOLA-DT	SIMPLE_AND	INCONSISTENT	unknown	no
CEROX1	CEROX1	REPRESSED	INCONSISTENT	unknown	no
LINC01964	LINC01964	REPRESSED	INCONSISTENT	unknown	no
FBXL19-AS1	FBXL19-AS1	SIMPLE_AND	INCONSISTENT	unknown	no
ENSG00000260879		BIVALENT	INCONSISTENT	unknown	no
XKR7	XKR7	REPRESSED	BIVALENT	unknown	no
LINC01311	LINC01311	BIVALENT	INCONSISTENT	unknown	no
CAPN10-DT	CAPN10-DT	SIMPLE_AND	INCONSISTENT	unknown	no
ENSG00000260971		BIVALENT	REPRESSED	unknown	no
ENSG00000261000		SIMPLE_AND	INCONSISTENT	unknown	no
LINC01572	LINC01572	SIMPLE_AND	INCONSISTENT	unknown	no
MPHOSPH6-DT	MPHOSPH6-DT	INCONSISTENT	BIVALENT	unknown	no
SPECC1-DT	SPECC1-DT	BIVALENT	INCONSISTENT	unknown	no
ENSG00000261067		SIMPLE_AND	INCONSISTENT	unknown	no
ENSG00000261071		SIMPLE_AND	INCONSISTENT	unknown	no
ENSG00000261114		SIMPLE_AND	INCONSISTENT	unknown	no
ENSG00000261120		BIVALENT	INCONSISTENT	unknown	no
ENSG00000261135		SIMPLE_OR	INCONSISTENT	unknown	no
ENSG00000261136		SIMPLE_AND	INCONSISTENT	unknown	no
ENSG00000261147		BIVALENT	INCONSISTENT	unknown	no
EPPK1	EPPK1	REPRESSED	SIMPLE_AND	unknown	no
SPINT1-AS1	SPINT1-AS1	BIVALENT	INCONSISTENT	unknown	no
LINC01238	LINC01238	SIMPLE_AND	INCONSISTENT	unknown	no
TFIP11-DT	TFIP11-DT	SIMPLE_AND	INCONSISTENT	unknown	no
ENSG00000261218		SIMPLE_AND	INCONSISTENT	unknown	no
ST3GAL1-DT	ST3GAL1-DT	BIVALENT	INCONSISTENT	unknown	no
ZNF865	ZNF865	SIMPLE_AND	INCONSISTENT	transcription factor	no
ENSG00000261242		SIMPLE_AND	INCONSISTENT	unknown	no
ENSG00000261270		SIMPLE_AND	INCONSISTENT	unknown	no
NUP93-DT	NUP93-DT	SIMPLE_AND	INCONSISTENT	unknown	no
ENSG00000261320		REPRESSED	INCONSISTENT	unknown	no
ENSG00000261334		REPRESSED	INCONSISTENT	unknown	no
ENSG00000261335		SIMPLE_AND	INCONSISTENT	unknown	no
ENSG00000261349		SIMPLE_OR	INCONSISTENT	unknown	no
PYCARD-AS1	PYCARD-AS1	SIMPLE_AND	INCONSISTENT	unknown	no
OTULIN-DT	OTULIN-DT	SIMPLE_AND	INCONSISTENT	unknown	no
MANEA-DT	MANEA-DT	SIMPLE_AND	INCONSISTENT	unknown	no
VPS9D1-AS1	VPS9D1-AS1	SIMPLE_AND	INCONSISTENT	unknown	no
ENSG00000261386		SIMPLE_AND	INCONSISTENT	unknown	no
PSMD7-DT	PSMD7-DT	SIMPLE_AND	INCONSISTENT	unknown	no
TEN1-CDK3	TEN1-CDK3	SIMPLE_AND	INCONSISTENT	unknown	no
CORO1A-AS1	CORO1A-AS1	SIMPLE_AND	INCONSISTENT	unknown	no
MPC1-DT	MPC1-DT	SIMPLE_AND	INCONSISTENT	unknown	no
TMEM202-AS1	TMEM202-AS1	SIMPLE_AND	INCONSISTENT	unknown	no
LINC02894	LINC02894	REPRESSED	INCONSISTENT	unknown	no
POLG-DT	POLG-DT	SIMPLE_AND	INCONSISTENT	unknown	no
ENSG00000261447		BIVALENT	INCONSISTENT	unknown	no
ENSG00000261449		SIMPLE_AND	INCONSISTENT	unknown	no
LINC01003	LINC01003	SIMPLE_AND	INCONSISTENT	unknown	no
ENSG00000261469		INCONSISTENT	REPRESSED	unknown	no
ENSG00000261471		SIMPLE_AND	INCONSISTENT	unknown	no
PAN3-AS1	PAN3-AS1	SIMPLE_AND	INCONSISTENT	unknown	no
ENSG00000261487		INCONSISTENT	SIMPLE_AND	unknown	no
LINC01686	LINC01686	SIMPLE_AND	BIVALENT	unknown	no
ENSG00000261526		SIMPLE_AND	INCONSISTENT	unknown	no
ENSG00000261532		SIMPLE_OR	INCONSISTENT	unknown	no
ENSG00000261553		SIMPLE_AND	INCONSISTENT	unknown	no
ENSG00000261582		SIMPLE_AND	INCONSISTENT	unknown	no
TPBGL	TPBGL	REPRESSED	INCONSISTENT	unknown	no
PAQR5-DT	PAQR5-DT	REPRESSED	BIVALENT	unknown	no
CYLD-AS1	CYLD-AS1	SIMPLE_AND	INCONSISTENT	unknown	no
TTC39A-AS1	TTC39A-AS1	BIVALENT	INCONSISTENT	unknown	no
H2BC20P	H2BC20P	SIMPLE_AND	INCONSISTENT	unknown	no
ENSG00000261717		SIMPLE_AND	INCONSISTENT	unknown	no
ENSG00000261765		SIMPLE_AND	INCONSISTENT	unknown	no
ENSG00000261775		COMPLEX	INCONSISTENT	unknown	no
DDX19A-DT	DDX19A-DT	SIMPLE_AND	INCONSISTENT	unknown	no
ISY1-RAB43	ISY1-RAB43	SIMPLE_AND	INCONSISTENT	unknown	no
LOXL1-AS1	LOXL1-AS1	REPRESSED	INCONSISTENT	unknown	no
ENSG00000261839		SIMPLE_AND	INCONSISTENT	unknown	no
ENSG00000261840		SIMPLE_AND	INCONSISTENT	unknown	no
ZNF594-DT	ZNF594-DT	COMPLEX	INCONSISTENT	transcription factor	no
ENSG00000261884		SIMPLE_AND	INCONSISTENT	unknown	no
GFY	GFY	REPRESSED	INCONSISTENT	unknown	no
MMP25-AS1	MMP25-AS1	SIMPLE_AND	INCONSISTENT	unknown	no
DLGAP1-AS2	DLGAP1-AS2	SIMPLE_AND	INCONSISTENT	unknown	no
ENSG00000262049		SIMPLE_AND	INCONSISTENT	unknown	no
ENSG00000262050		SIMPLE_AND	INCONSISTENT	unknown	no
DKFZP434A062	DKFZP434A062	REPRESSED	INCONSISTENT	unknown	no
ENSG00000262151		INCONSISTENT	REPRESSED	unknown	no
LINC02175	LINC02175	SIMPLE_AND	INCONSISTENT	unknown	no
ENSG00000262172		INCONSISTENT	BIVALENT	unknown	no
PCDHGB3	PCDHGB3	SIMPLE_OR	INCONSISTENT	unknown	no
LINC03048	LINC03048	BIVALENT	INCONSISTENT	unknown	no
ENSG00000262227		SIMPLE_AND	INCONSISTENT	unknown	no
ENSG00000262296		REPRESSED	BIVALENT	unknown	no
ENSG00000262302		REPRESSED	INCONSISTENT	unknown	no
ENSG00000262304		SIMPLE_AND	INCONSISTENT	unknown	no
HNRNPA1P16	HNRNPA1P16	SIMPLE_OR	INCONSISTENT	unknown	no
ENSG00000262413		SIMPLE_AND	INCONSISTENT	unknown	no
MIR193BHG	MIR193BHG	SIMPLE_AND	INCONSISTENT	unknown	no
TMEM256-PLSCR3	TMEM256-PLSCR3	BIVALENT	INCONSISTENT	unknown	no
ENSG00000262488		SIMPLE_OR	REPRESSED	unknown	no
ENSG00000262587		SIMPLE_AND	INCONSISTENT	unknown	no
LINC00621	LINC00621	SIMPLE_OR	INCONSISTENT	unknown	no
ENSG00000262636		INCONSISTENT	REPRESSED	unknown	no
OVCA2	OVCA2	SIMPLE_AND	INCONSISTENT	unknown	no
ARHGAP11A-DT	ARHGAP11A-DT	SIMPLE_AND	INCONSISTENT	unknown	no
ENSG00000262766		SIMPLE_AND	INCONSISTENT	unknown	no
ENSG00000262768		BIVALENT	INCONSISTENT	unknown	no
LINC01977	LINC01977	REPRESSED	INCONSISTENT	unknown	no
ENSG00000262786		REPRESSED	INCONSISTENT	unknown	no
ENSG00000262810		SIMPLE_AND	INCONSISTENT	unknown	no
ENSG00000262869		BIVALENT	INCONSISTENT	unknown	no
ENSG00000262899		COMPLEX	REPRESSED	unknown	no
ZNF234	ZNF234	SIMPLE_AND	INCONSISTENT	transcription factor	no
ENSG00000263015		INCONSISTENT	REPRESSED	unknown	no
ENSG00000263080		SIMPLE_AND	INCONSISTENT	unknown	no
MYZAP	MYZAP	REPRESSED	INCONSISTENT	unknown	no
RPS7P1	RPS7P1	SIMPLE_OR	REPRESSED	unknown	no
ENSG00000263301		REPRESSED	INCONSISTENT	unknown	no
RSL1D1-DT	RSL1D1-DT	SIMPLE_AND	INCONSISTENT	unknown	no
ABHD17AP5	ABHD17AP5	SIMPLE_AND	REPRESSED	unknown	no
NFE2L1-DT	NFE2L1-DT	SIMPLE_AND	INCONSISTENT	unknown	no
RN7SL471P	RN7SL471P	SIMPLE_OR	INCONSISTENT	unknown	no
MIR4497	MIR4497	REPRESSED	INCONSISTENT	unknown	no
MIR4526	MIR4526	INCONSISTENT	REPRESSED	unknown	no
IKBKE	IKBKE	SIMPLE_AND	INCONSISTENT	kinase/signaling	no
ENSG00000263603		SIMPLE_OR	INCONSISTENT	unknown	no
ENSG00000263620		SIMPLE_AND	INCONSISTENT	unknown	no
MIR3621	MIR3621	BIVALENT	INCONSISTENT	unknown	no
ENSG00000263709		SIMPLE_AND	INCONSISTENT	unknown	no
ENSG00000263756		COMPLEX	INCONSISTENT	unknown	no
KPNB1-DT	KPNB1-DT	SIMPLE_AND	INCONSISTENT	unknown	no
SNORA4	SNORA4	INCONSISTENT	SIMPLE_AND	unknown	no
ENSG00000263809		SIMPLE_AND	INCONSISTENT	unknown	no
ENSG00000263826		COMPLEX	INCONSISTENT	unknown	no
MIF4GD-DT	MIF4GD-DT	SIMPLE_AND	INCONSISTENT	unknown	no
ENSG00000263860		INCONSISTENT	REPRESSED	unknown	no
THOC1-DT	THOC1-DT	SIMPLE_AND	INCONSISTENT	unknown	no
ENSG00000263917		INCONSISTENT	BIVALENT	unknown	no
MIR4462	MIR4462	INCONSISTENT	REPRESSED	unknown	no
MIR4448	MIR4448	INCONSISTENT	BIVALENT	unknown	no
NBPF11	NBPF11	SIMPLE_AND	INCONSISTENT	unknown	no
RN7SL42P	RN7SL42P	COMPLEX	REPRESSED	unknown	no
ENSG00000264058		BIVALENT	INCONSISTENT	unknown	no
DND1P1	DND1P1	SIMPLE_AND	INCONSISTENT	unknown	no
MIR4783	MIR4783	REPRESSED	INCONSISTENT	unknown	no
RNU4ATAC	RNU4ATAC	INCONSISTENT	SIMPLE_AND	unknown	no
MYL12-AS1	MYL12-AS1	SIMPLE_AND	INCONSISTENT	unknown	no
ZNF407-AS1	ZNF407-AS1	SIMPLE_AND	INCONSISTENT	transcription factor	no
ENSG00000264290		SIMPLE_AND	INCONSISTENT	unknown	no
RN7SL657P	RN7SL657P	SIMPLE_AND	INCONSISTENT	unknown	no
MIR3193	MIR3193	BIVALENT	INCONSISTENT	unknown	no
RN7SL718P	RN7SL718P	REPRESSED	INCONSISTENT	unknown	no
MIR378D2HG	MIR378D2HG	SIMPLE_OR	INCONSISTENT	unknown	no
OTUD7B	OTUD7B	SIMPLE_AND	INCONSISTENT	unknown	no
MIR4633	MIR4633	COMPLEX	INCONSISTENT	unknown	no
MIR5588	MIR5588	COMPLEX	INCONSISTENT	unknown	no
ENSG00000264735		BIVALENT	INCONSISTENT	unknown	no
ENSG00000264739		SIMPLE_AND	INCONSISTENT	unknown	no
TTC39C-AS1	TTC39C-AS1	INCONSISTENT	BIVALENT	unknown	no
ENSG00000264765		COMPLEX	INCONSISTENT	unknown	no
ENSG00000264772		SIMPLE_AND	INCONSISTENT	unknown	no
MIR4420	MIR4420	INCONSISTENT	COMPLEX	unknown	no
ENSG00000264808		SIMPLE_AND	INCONSISTENT	unknown	no
SP2-DT	SP2-DT	SIMPLE_AND	INCONSISTENT	unknown	no
ENSG00000264937		SIMPLE_AND	INCONSISTENT	unknown	no
ENSG00000264968		SIMPLE_AND	INCONSISTENT	unknown	no
MARCHF10-DT	MARCHF10-DT	REPRESSED	BIVALENT	unknown	no
ENSG00000265028		REPRESSED	INCONSISTENT	unknown	no
ENSG00000265055		BIVALENT	INCONSISTENT	unknown	no
ENSG00000265100		SIMPLE_AND	INCONSISTENT	unknown	no
ENSG00000265257		INCONSISTENT	SIMPLE_AND	unknown	no
RN7SL693P	RN7SL693P	COMPLEX	INCONSISTENT	unknown	no
MIR3650	MIR3650	REPRESSED	BIVALENT	unknown	no
ENSG00000265401		COMPLEX	INCONSISTENT	unknown	no
ENSG00000265445		REPRESSED	INCONSISTENT	unknown	no
POLR3KP2	POLR3KP2	INCONSISTENT	BIVALENT	unknown	no
RNF115	RNF115	COMPLEX	INCONSISTENT	unknown	no
RN7SL605P	RN7SL605P	SIMPLE_AND	INCONSISTENT	unknown	no
CFAP298-TCP10L	CFAP298-TCP10L	SIMPLE_AND	INCONSISTENT	unknown	no
ENSG00000265664		INCONSISTENT	REPRESSED	unknown	no
SYPL1P2	SYPL1P2	SIMPLE_AND	INCONSISTENT	unknown	no
MILIP	MILIP	SIMPLE_AND	INCONSISTENT	unknown	no
ENSG00000265690		BIVALENT	INCONSISTENT	unknown	no
ZNF488	ZNF488	BIVALENT	INCONSISTENT	transcription factor	no
ENSG00000265801		SIMPLE_AND	INCONSISTENT	unknown	no
FSBP	FSBP	SIMPLE_AND	INCONSISTENT	unknown	no
RN7SL577P	RN7SL577P	SIMPLE_AND	INCONSISTENT	unknown	no
GACAT2	GACAT2	BIVALENT	INCONSISTENT	unknown	no
ENSG00000265967		SIMPLE_OR	INCONSISTENT	unknown	no
MIR4488	MIR4488	REPRESSED	BIVALENT	unknown	no
GATA6-AS1	GATA6-AS1	REPRESSED	BIVALENT	unknown	no
NDUFV2-AS1	NDUFV2-AS1	SIMPLE_AND	INCONSISTENT	unknown	no
BAHCC1	BAHCC1	BIVALENT	INCONSISTENT	unknown	no
ENSG00000266088		SIMPLE_AND	INCONSISTENT	unknown	no
RASSF5	RASSF5	SIMPLE_AND	SIMPLE_OR	unknown	no
GJD3-AS1	GJD3-AS1	SIMPLE_OR	INCONSISTENT	unknown	no
MIR4323	MIR4323	INCONSISTENT	REPRESSED	unknown	no
RN7SL138P	RN7SL138P	INCONSISTENT	REPRESSED	unknown	no
MIR3665	MIR3665	INCONSISTENT	BIVALENT	unknown	no
NBPF15	NBPF15	SIMPLE_OR	INCONSISTENT	unknown	no
MIR4740	MIR4740	REPRESSED	INCONSISTENT	unknown	no
SNHG25	SNHG25	INCONSISTENT	SIMPLE_AND	unknown	no
NCOA4	NCOA4	COMPLEX	SIMPLE_AND	unknown	yes
ENSG00000266469		SIMPLE_AND	INCONSISTENT	unknown	no
ENSG00000266498		SIMPLE_AND	INCONSISTENT	unknown	no
MIR4254	MIR4254	REPRESSED	BIVALENT	unknown	no
ENSG00000266680		SIMPLE_AND	INCONSISTENT	unknown	no
ENSG00000266709		REPRESSED	INCONSISTENT	unknown	no
MYO15B	MYO15B	BIVALENT	INCONSISTENT	unknown	no
MIR4757	MIR4757	BIVALENT	INCONSISTENT	unknown	no
IGBP1P2	IGBP1P2	INCONSISTENT	COMPLEX	unknown	no
LINC00663	LINC00663	SIMPLE_AND	INCONSISTENT	unknown	no
LINC01841	LINC01841	SIMPLE_AND	INCONSISTENT	unknown	no
ENSG00000266947		INCONSISTENT	BIVALENT	unknown	no
ENSG00000266963		INCONSISTENT	BIVALENT	unknown	no
ENSG00000266973		INCONSISTENT	COMPLEX	unknown	no
ENSG00000266978		SIMPLE_AND	INCONSISTENT	unknown	no
ENSG00000267002		SIMPLE_AND	INCONSISTENT	unknown	no
ENSG00000267036		REPRESSED	INCONSISTENT	unknown	no
ATP8B1-AS1	ATP8B1-AS1	SIMPLE_AND	INCONSISTENT	unknown	no
ENSG00000267042		SIMPLE_AND	INCONSISTENT	unknown	no
E2F3P1	E2F3P1	INCONSISTENT	REPRESSED	unknown	no
ENSG00000267059		INCONSISTENT	SIMPLE_AND	unknown	no
PTGES3L	PTGES3L	SIMPLE_AND	INCONSISTENT	unknown	no
UXT-AS1	UXT-AS1	SIMPLE_AND	INCONSISTENT	unknown	no
ENSG00000267069		REPRESSED	INCONSISTENT	unknown	no
ENSG00000267073		BIVALENT	INCONSISTENT	unknown	no
ASB16-AS1	ASB16-AS1	SIMPLE_AND	INCONSISTENT	unknown	no
ILF3-DT	ILF3-DT	SIMPLE_AND	INCONSISTENT	unknown	no
ZNF561-AS1	ZNF561-AS1	SIMPLE_AND	INCONSISTENT	transcription factor	no
FMNL1-DT	FMNL1-DT	SIMPLE_AND	INCONSISTENT	unknown	no
SCAT1	SCAT1	SIMPLE_AND	REPRESSED	unknown	no
ADGRL1-AS1	ADGRL1-AS1	SIMPLE_AND	INCONSISTENT	unknown	no
MIR212	MIR212	BIVALENT	INCONSISTENT	unknown	no
MIR132	MIR132	BIVALENT	INCONSISTENT	unknown	no
DPY19L3-DT	DPY19L3-DT	COMPLEX	INCONSISTENT	unknown	no
ENSG00000267214		COMPLEX	REPRESSED	unknown	no
ZNF8-ERVK3-1	ZNF8-ERVK3-1	SIMPLE_AND	INCONSISTENT	transcription factor	no
C17orf113	C17orf113	BIVALENT	INCONSISTENT	unknown	no
ENSG00000267248		SIMPLE_AND	INCONSISTENT	unknown	no
GP6-AS1	GP6-AS1	COMPLEX	SIMPLE_AND	unknown	no
KLF2-DT	KLF2-DT	INCONSISTENT	BIVALENT	unknown	no
ENSG00000267277		SIMPLE_AND	INCONSISTENT	unknown	no
MAP3K14-AS1	MAP3K14-AS1	SIMPLE_AND	INCONSISTENT	kinase/signaling	no
TBX2-AS1	TBX2-AS1	BIVALENT	INCONSISTENT	unknown	no
ATF7-NPFF	ATF7-NPFF	SIMPLE_AND	INCONSISTENT	unknown	no
ENSG00000267284		BIVALENT	INCONSISTENT	unknown	no
CEBPA-DT	CEBPA-DT	BIVALENT	INCONSISTENT	unknown	no
ENSG00000267298		SIMPLE_AND	INCONSISTENT	unknown	no
ZNF566-AS1	ZNF566-AS1	SIMPLE_AND	INCONSISTENT	transcription factor	no
SNHG30	SNHG30	SIMPLE_AND	INCONSISTENT	unknown	no
LINC01415	LINC01415	REPRESSED	INCONSISTENT	unknown	no
ENSG00000267345		COMPLEX	INCONSISTENT	unknown	no
ENSG00000267360		COMPLEX	INCONSISTENT	unknown	no
ENSG00000267363		INCONSISTENT	COMPLEX	unknown	no
KCNJ2-AS1	KCNJ2-AS1	BIVALENT	INCONSISTENT	unknown	no
ENSG00000267387		SIMPLE_OR	INCONSISTENT	unknown	no
KDSR-DT	KDSR-DT	SIMPLE_AND	INCONSISTENT	unknown	no
ENSG00000267412		SIMPLE_AND	INCONSISTENT	unknown	no
ENSG00000267417		REPRESSED	INCONSISTENT	unknown	no
DNAH17-AS1	DNAH17-AS1	INCONSISTENT	BIVALENT	unknown	no
ZNF571-AS1	ZNF571-AS1	REPRESSED	INCONSISTENT	transcription factor	no
ARHGAP27P2	ARHGAP27P2	REPRESSED	INCONSISTENT	unknown	no
NUDT19-DT	NUDT19-DT	SIMPLE_AND	INCONSISTENT	unknown	no
ENSG00000267503		INCONSISTENT	REPRESSED	unknown	no
MIR23AHG	MIR23AHG	SIMPLE_AND	INCONSISTENT	unknown	no
S1PR2	S1PR2	SIMPLE_AND	INCONSISTENT	unknown	no
ENSG00000267546		SIMPLE_AND	INCONSISTENT	unknown	no
ZSCAN5A-AS1	ZSCAN5A-AS1	SIMPLE_AND	INCONSISTENT	unknown	no
ENSG00000267606		COMPLEX	INCONSISTENT	unknown	no
ICAM4-AS1	ICAM4-AS1	BIVALENT	INCONSISTENT	unknown	no
ENSG00000267666		INCONSISTENT	COMPLEX	unknown	no
ZNF224	ZNF224	SIMPLE_AND	INCONSISTENT	transcription factor	no
ENSG00000267698		SIMPLE_AND	INCONSISTENT	unknown	no
ENSG00000267727		BIVALENT	INCONSISTENT	unknown	no
BSG-AS1	BSG-AS1	SIMPLE_AND	INCONSISTENT	unknown	no
EML2-AS1	EML2-AS1	SIMPLE_AND	INCONSISTENT	unknown	no
ENSG00000267766		INCONSISTENT	REPRESSED	unknown	no
CBARP-DT	CBARP-DT	BIVALENT	INCONSISTENT	unknown	no
ENSG00000267815		REPRESSED	INCONSISTENT	unknown	no
ARHGEF18-AS1	ARHGEF18-AS1	SIMPLE_AND	INCONSISTENT	unknown	no
ZNF460-AS1	ZNF460-AS1	SIMPLE_AND	INCONSISTENT	transcription factor	no
CARD8-AS1	CARD8-AS1	SIMPLE_AND	INCONSISTENT	unknown	no
PTOV1-AS1	PTOV1-AS1	SIMPLE_AND	INCONSISTENT	unknown	no
ERFL	ERFL	BIVALENT	INCONSISTENT	unknown	no
NBPF12	NBPF12	SIMPLE_AND	INCONSISTENT	unknown	no
NAPA-AS1	NAPA-AS1	SIMPLE_AND	INCONSISTENT	unknown	no
ENSG00000268107		COMPLEX	INCONSISTENT	unknown	no
ENSG00000268129		SIMPLE_AND	INCONSISTENT	unknown	no
ENSG00000268163		COMPLEX	INCONSISTENT	unknown	no
ENSG00000268204		SIMPLE_AND	INCONSISTENT	unknown	no
ENSG00000268240		REPRESSED	INCONSISTENT	unknown	no
ENSG00000268266		COMPLEX	INCONSISTENT	unknown	no
FAM156A	FAM156A	SIMPLE_AND	INCONSISTENT	unknown	no
ENSG00000268362		SIMPLE_AND	INCONSISTENT	unknown	no
SMC5-DT	SMC5-DT	SIMPLE_AND	INCONSISTENT	unknown	no
ENSG00000268400		SIMPLE_AND	INCONSISTENT	unknown	no
ENSG00000268403		COMPLEX	INCONSISTENT	unknown	no
MIR4453HG	MIR4453HG	SIMPLE_AND	INCONSISTENT	unknown	no
ZNF8-DT	ZNF8-DT	SIMPLE_AND	INCONSISTENT	transcription factor	no
ENSG00000268520		SIMPLE_AND	INCONSISTENT	unknown	no
ENSG00000268543		REPRESSED	INCONSISTENT	unknown	no
ENSG00000268573		SIMPLE_AND	INCONSISTENT	unknown	no
ENSG00000268584		SIMPLE_AND	INCONSISTENT	unknown	no
RAET1E-AS1	RAET1E-AS1	BIVALENT	INCONSISTENT	unknown	no
ENSG00000268603		BIVALENT	INCONSISTENT	unknown	no
ENSG00000268670		SIMPLE_AND	INCONSISTENT	unknown	no
ENSG00000268744		SIMPLE_AND	INCONSISTENT	unknown	no
ENSG00000268798		SIMPLE_AND	INCONSISTENT	unknown	no
LIF-AS2	LIF-AS2	BIVALENT	INCONSISTENT	unknown	no
ENSG00000268842		REPRESSED	COMPLEX	unknown	no
ENSG00000268858		SIMPLE_AND	INCONSISTENT	unknown	no
LIM2-AS1	LIM2-AS1	SIMPLE_AND	INCONSISTENT	unknown	no
A1BG-AS1	A1BG-AS1	SIMPLE_AND	INCONSISTENT	unknown	no
ENSG00000268970		COMPLEX	INCONSISTENT	unknown	no
ENSG00000268987		SIMPLE_AND	INCONSISTENT	unknown	no
HOMER3-AS1	HOMER3-AS1	BIVALENT	INCONSISTENT	unknown	no
SF1-DT	SF1-DT	COMPLEX	INCONSISTENT	unknown	no
ENSG00000269102		INCONSISTENT	COMPLEX	unknown	no
ENSG00000269106		SIMPLE_AND	INCONSISTENT	unknown	no
ENSG00000269110		COMPLEX	INCONSISTENT	unknown	no
ENSG00000269176		SIMPLE_AND	INCONSISTENT	unknown	no
ENSG00000269181		BIVALENT	INCONSISTENT	unknown	no
FBXO17	FBXO17	SIMPLE_AND	INCONSISTENT	unknown	no
ENSG00000269210		INCONSISTENT	REPRESSED	unknown	no
LINC00528	LINC00528	SIMPLE_AND	INCONSISTENT	unknown	no
ZSCAN16-AS1	ZSCAN16-AS1	SIMPLE_AND	INCONSISTENT	unknown	no
ENSG00000269296		COMPLEX	INCONSISTENT	unknown	no
RAB11B-AS1	RAB11B-AS1	SIMPLE_AND	INCONSISTENT	unknown	no
ENSG00000269392		SIMPLE_AND	INCONSISTENT	unknown	no
ENSG00000269399		SIMPLE_AND	INCONSISTENT	unknown	no
ENSG00000269400		COMPLEX	INCONSISTENT	unknown	no
PGLS-DT	PGLS-DT	SIMPLE_AND	INCONSISTENT	unknown	no
ENSG00000269444		SIMPLE_AND	INCONSISTENT	unknown	no
ENSG00000269460		COMPLEX	REPRESSED	unknown	no
ENSG00000269463		SIMPLE_AND	INCONSISTENT	unknown	no
ENSG00000269514		SIMPLE_AND	INCONSISTENT	unknown	no
TMEM185A	TMEM185A	SIMPLE_OR	INCONSISTENT	unknown	no
ENSG00000269578		SIMPLE_AND	INCONSISTENT	unknown	no
ENSG00000269680		SIMPLE_AND	INCONSISTENT	unknown	no
ENSG00000269688		SIMPLE_OR	INCONSISTENT	unknown	no
SLC25A53	SLC25A53	SIMPLE_AND	INCONSISTENT	metabolic	no
ENSG00000269749		COMPLEX	INCONSISTENT	unknown	no
ZIM2-AS1	ZIM2-AS1	COMPLEX	INCONSISTENT	unknown	no
PLEKHA3P1	PLEKHA3P1	INCONSISTENT	REPRESSED	unknown	no
KCNQ1OT1	KCNQ1OT1	SIMPLE_AND	INCONSISTENT	unknown	no
ENSG00000269825		SIMPLE_AND	INCONSISTENT	unknown	no
ZNF528-AS1	ZNF528-AS1	COMPLEX	INCONSISTENT	transcription factor	no
ENSG00000269846		COMPLEX	INCONSISTENT	unknown	no
ENSG00000269883		REPRESSED	BIVALENT	unknown	no
ARHGAP19-SLIT1	ARHGAP19-SLIT1	SIMPLE_AND	INCONSISTENT	unknown	no
ENSG00000269906		SIMPLE_OR	INCONSISTENT	unknown	no
ENSG00000269919		SIMPLE_AND	INCONSISTENT	unknown	no
ENSG00000269921		SIMPLE_AND	INCONSISTENT	unknown	no
ENSG00000269935		COMPLEX	BIVALENT	unknown	no
ENSG00000269951		SIMPLE_AND	INCONSISTENT	unknown	no
ERBIN-DT	ERBIN-DT	SIMPLE_AND	INCONSISTENT	unknown	no
MEI4	MEI4	REPRESSED	INCONSISTENT	unknown	no
ZNF559-ZNF177	ZNF559-ZNF177	SIMPLE_AND	INCONSISTENT	transcription factor	no
ENSG00000270012		SIMPLE_OR	INCONSISTENT	unknown	no
ENSG00000270019		SIMPLE_AND	INCONSISTENT	unknown	no
ATP6V0D1-DT	ATP6V0D1-DT	SIMPLE_AND	INCONSISTENT	unknown	no
ENSG00000270061		SIMPLE_OR	INCONSISTENT	unknown	no
ENSG00000270066		SIMPLE_AND	INCONSISTENT	unknown	no
MIR222HG	MIR222HG	SIMPLE_OR	INCONSISTENT	unknown	no
ENSG00000270072		SIMPLE_OR	INCONSISTENT	unknown	no
ENSG00000270083		COMPLEX	INCONSISTENT	unknown	no
GAS5-AS1	GAS5-AS1	SIMPLE_AND	INCONSISTENT	unknown	no
ENSG00000270095		SIMPLE_AND	INCONSISTENT	unknown	no
ENSG00000270103		INCONSISTENT	SIMPLE_AND	unknown	no
ENSG00000270117		SIMPLE_AND	INCONSISTENT	unknown	no
VTRNA2-1	VTRNA2-1	INCONSISTENT	SIMPLE_AND	unknown	no
ENSG00000270175		SIMPLE_AND	INCONSISTENT	unknown	no
PPP2CA-DT	PPP2CA-DT	SIMPLE_AND	INCONSISTENT	unknown	no
NBPF8	NBPF8	SIMPLE_AND	INCONSISTENT	unknown	no
ENSG00000270299		REPRESSED	INCONSISTENT	unknown	no
ENSG00000270330		REPRESSED	BIVALENT	unknown	no
SMC2-DT	SMC2-DT	COMPLEX	INCONSISTENT	unknown	no
POC1B-AS1	POC1B-AS1	SIMPLE_AND	INCONSISTENT	unknown	no
HMGN3-AS1	HMGN3-AS1	SIMPLE_AND	INCONSISTENT	unknown	no
ENSG00000270412		REPRESSED	BIVALENT	unknown	no
CAHM	CAHM	SIMPLE_AND	INCONSISTENT	unknown	no
ENSG00000270426		SIMPLE_AND	INCONSISTENT	unknown	no
KNOP1P2	KNOP1P2	REPRESSED	INCONSISTENT	unknown	no
ENSG00000270504		BIVALENT	INCONSISTENT	unknown	no
FOXP1-DT	FOXP1-DT	BIVALENT	INCONSISTENT	unknown	no
NAV2-AS6	NAV2-AS6	BIVALENT	INCONSISTENT	unknown	no
ENSG00000270638		SIMPLE_AND	INCONSISTENT	unknown	no
ENSG00000270659		SIMPLE_AND	INCONSISTENT	unknown	no
YTHDF3-DT	YTHDF3-DT	SIMPLE_AND	INCONSISTENT	unknown	no
ENSG00000270705		REPRESSED	INCONSISTENT	unknown	no
HSPE1-MOB4	HSPE1-MOB4	INCONSISTENT	SIMPLE_AND	unknown	no
CD2AP-DT	CD2AP-DT	SIMPLE_AND	INCONSISTENT	unknown	no
RPS10-NUDT3	RPS10-NUDT3	INCONSISTENT	SIMPLE_AND	unknown	no
USP34-DT	USP34-DT	SIMPLE_AND	INCONSISTENT	unknown	no
MAP2K5-DT	MAP2K5-DT	SIMPLE_AND	INCONSISTENT	kinase/signaling	no
ENSG00000270972		INCONSISTENT	COMPLEX	unknown	no
ENSG00000270982		BIVALENT	INCONSISTENT	unknown	no
ENSG00000271002		SIMPLE_AND	INCONSISTENT	unknown	no
SLC4A8-AS1	SLC4A8-AS1	INCONSISTENT	REPRESSED	unknown	no
TLCD4-RWDD3	TLCD4-RWDD3	BIVALENT	INCONSISTENT	unknown	no
SCML2P2	SCML2P2	SIMPLE_OR	INCONSISTENT	unknown	no
HERPUD2-AS1	HERPUD2-AS1	SIMPLE_AND	INCONSISTENT	unknown	no
ARMCX5-GPRASP2	ARMCX5-GPRASP2	SIMPLE_AND	INCONSISTENT	unknown	no
ENSG00000271151		SIMPLE_AND	INCONSISTENT	unknown	no
ENSG00000271155		SIMPLE_AND	INCONSISTENT	unknown	no
ENSG00000271192		BIVALENT	REPRESSED	unknown	no
ENSG00000271234		REPRESSED	BIVALENT	unknown	no
ENSG00000271245		INCONSISTENT	REPRESSED	unknown	no
ENSG00000271265		SIMPLE_AND	INCONSISTENT	unknown	no
TMCC1-DT	TMCC1-DT	SIMPLE_AND	INCONSISTENT	unknown	no
CCNY-AS1	CCNY-AS1	SIMPLE_AND	INCONSISTENT	unknown	no
ENSG00000271380		SIMPLE_AND	INCONSISTENT	unknown	no
MMP28	MMP28	REPRESSED	BIVALENT	unknown	no
CCL5	CCL5	SIMPLE_AND	INCONSISTENT	unknown	no
LINC02427	LINC02427	SIMPLE_AND	INCONSISTENT	unknown	no
ENSG00000271551		SIMPLE_AND	INCONSISTENT	unknown	no
ENSG00000271581		INCONSISTENT	BIVALENT	unknown	no
MILR1	MILR1	SIMPLE_AND	INCONSISTENT	unknown	no
ATP2B1-AS1	ATP2B1-AS1	SIMPLE_AND	INCONSISTENT	unknown	no
IRF2-DT	IRF2-DT	SIMPLE_AND	INCONSISTENT	unknown	no
ENSG00000271659		BIVALENT	INCONSISTENT	unknown	no
ATP1B3P1	ATP1B3P1	REPRESSED	BIVALENT	unknown	no
ENSG00000271717		COMPLEX	INCONSISTENT	unknown	no
ENSG00000271737		SIMPLE_AND	INCONSISTENT	unknown	no
ENSG00000271751		SIMPLE_AND	INCONSISTENT	unknown	no
ENSG00000271754		SIMPLE_AND	INCONSISTENT	unknown	no
ENSG00000271780		SIMPLE_AND	INCONSISTENT	unknown	no
ENSG00000271793		COMPLEX	INCONSISTENT	unknown	no
SNORA51	SNORA51	INCONSISTENT	SIMPLE_AND	unknown	no
ENSG00000271811		BIVALENT	REPRESSED	unknown	no
BMS1P4	BMS1P4	SIMPLE_AND	INCONSISTENT	unknown	no
ENSG00000271821		COMPLEX	INCONSISTENT	unknown	no
ENSG00000271855		SIMPLE_AND	INCONSISTENT	unknown	no
LINC01215	LINC01215	SIMPLE_AND	INCONSISTENT	unknown	no
ENSG00000271858		SIMPLE_OR	INCONSISTENT	unknown	no
ENSG00000271860		COMPLEX	INCONSISTENT	unknown	no
ENSG00000271882		SIMPLE_AND	INCONSISTENT	unknown	no
JARID2-DT	JARID2-DT	SIMPLE_AND	INCONSISTENT	unknown	no
ENSG00000271918		SIMPLE_AND	INCONSISTENT	unknown	no
ENSG00000271938		INCONSISTENT	BIVALENT	unknown	no
TTC32-DT	TTC32-DT	SIMPLE_AND	INCONSISTENT	unknown	no
ENSG00000272030		SIMPLE_AND	INCONSISTENT	unknown	no
ANKRD34A	ANKRD34A	SIMPLE_AND	INCONSISTENT	unknown	no
ENSG00000272043		INCONSISTENT	REPRESSED	unknown	no
GTF2H5	GTF2H5	SIMPLE_AND	INCONSISTENT	unknown	no
ENSG00000272050		REPRESSED	INCONSISTENT	unknown	no
ENSG00000272056		SIMPLE_AND	INCONSISTENT	unknown	no
ANKH-DT	ANKH-DT	INCONSISTENT	BIVALENT	unknown	no
ENSG00000272070		COMPLEX	INCONSISTENT	unknown	no
GOLPH3-DT	GOLPH3-DT	SIMPLE_AND	INCONSISTENT	unknown	no
ENSG00000272092		SIMPLE_AND	INCONSISTENT	unknown	no
ENSG00000272106		SIMPLE_AND	INCONSISTENT	unknown	no
ENSG00000272112		SIMPLE_OR	INCONSISTENT	unknown	no
ENSG00000272121		BIVALENT	REPRESSED	unknown	no
ENSG00000272139		REPRESSED	INCONSISTENT	unknown	no
NFYC-AS1	NFYC-AS1	SIMPLE_AND	INCONSISTENT	unknown	no
ARF4-AS1	ARF4-AS1	SIMPLE_AND	INCONSISTENT	unknown	no
ENSG00000272156		SIMPLE_OR	COMPLEX	unknown	no
CASC15	CASC15	BIVALENT	REPRESSED	unknown	no
ENSG00000272183		BIVALENT	INCONSISTENT	unknown	no
VPS11-DT	VPS11-DT	SIMPLE_AND	INCONSISTENT	unknown	no
MAP7-AS1	MAP7-AS1	BIVALENT	INCONSISTENT	unknown	no
ENSG00000272202		BIVALENT	INCONSISTENT	unknown	no
ENSG00000272240		SIMPLE_AND	INCONSISTENT	unknown	no
NUP153-AS1	NUP153-AS1	SIMPLE_AND	INCONSISTENT	unknown	no
LINC02084	LINC02084	BIVALENT	REPRESSED	unknown	no
ENSG00000272330		INCONSISTENT	REPRESSED	unknown	no
ENSG00000272341		SIMPLE_AND	INCONSISTENT	unknown	no
ENSG00000272347		REPRESSED	BIVALENT	unknown	no
ENSG00000272366		BIVALENT	INCONSISTENT	unknown	no
ENSG00000272368		SIMPLE_AND	INCONSISTENT	unknown	no
ENSG00000272384		INCONSISTENT	REPRESSED	unknown	no
CD24	CD24	BIVALENT	SIMPLE_OR	unknown	no
ENSG00000272410		SIMPLE_AND	INCONSISTENT	unknown	no
LINC01145	LINC01145	SIMPLE_AND	INCONSISTENT	unknown	no
ENSG00000272447		SIMPLE_AND	INCONSISTENT	unknown	no
MRPL20-DT	MRPL20-DT	SIMPLE_AND	COMPLEX	unknown	no
LINC02980	LINC02980	SIMPLE_AND	INCONSISTENT	unknown	no
ENSG00000272463		SIMPLE_AND	BIVALENT	unknown	no
ENSG00000272476		INCONSISTENT	SIMPLE_AND	unknown	no
ENSG00000272482		INCONSISTENT	SIMPLE_AND	unknown	no
ENSG00000272501		SIMPLE_AND	INCONSISTENT	unknown	no
ENSG00000272512		BIVALENT	INCONSISTENT	unknown	no
BTF3-DT	BTF3-DT	SIMPLE_AND	INCONSISTENT	unknown	no
SNORA28	SNORA28	INCONSISTENT	SIMPLE_OR	unknown	no
MIR4787	MIR4787	REPRESSED	INCONSISTENT	unknown	no
ENSG00000272554		REPRESSED	INCONSISTENT	unknown	no
H3-3A-DT	H3-3A-DT	SIMPLE_AND	INCONSISTENT	unknown	no
ENSG00000272578		SIMPLE_AND	INCONSISTENT	unknown	no
ENSG00000272583		INCONSISTENT	REPRESSED	unknown	no
PPP4R3B-DT	PPP4R3B-DT	SIMPLE_AND	INCONSISTENT	unknown	no
ENSG00000272622		COMPLEX	INCONSISTENT	unknown	no
ENSG00000272631		SIMPLE_AND	INCONSISTENT	unknown	no
JTB-DT	JTB-DT	SIMPLE_AND	INCONSISTENT	unknown	no
ENSG00000272667		SIMPLE_AND	INCONSISTENT	unknown	no
HNRNPD-DT	HNRNPD-DT	SIMPLE_AND	INCONSISTENT	unknown	no
ENSG00000272679		BIVALENT	INCONSISTENT	unknown	no
WASL-DT	WASL-DT	SIMPLE_AND	INCONSISTENT	unknown	no
ENSG00000272688		SIMPLE_AND	INCONSISTENT	unknown	no
ENSG00000272689		SIMPLE_AND	INCONSISTENT	unknown	no
LINC02018	LINC02018	SIMPLE_AND	INCONSISTENT	unknown	no
ENSG00000272691		BIVALENT	INCONSISTENT	unknown	no
GAS6-DT	GAS6-DT	REPRESSED	INCONSISTENT	unknown	no
MESTIT1	MESTIT1	BIVALENT	REPRESSED	unknown	no
ENSG00000272702		BIVALENT	INCONSISTENT	unknown	no
HK2-DT	HK2-DT	SIMPLE_AND	INCONSISTENT	unknown	no
ENSG00000272715		BIVALENT	INCONSISTENT	unknown	no
SLC30A6-DT	SLC30A6-DT	SIMPLE_AND	INCONSISTENT	unknown	no
ENSG00000272735		SIMPLE_AND	INCONSISTENT	unknown	no
WDR5B-DT	WDR5B-DT	SIMPLE_AND	INCONSISTENT	unknown	no
GAR1-DT	GAR1-DT	SIMPLE_AND	INCONSISTENT	unknown	no
ENSG00000272801		BIVALENT	INCONSISTENT	unknown	no
ENSG00000272812		SIMPLE_AND	INCONSISTENT	unknown	no
ENSG00000272821		SIMPLE_AND	INCONSISTENT	unknown	no
ENSG00000272829		SIMPLE_AND	INCONSISTENT	unknown	no
ENSG00000272831		SIMPLE_AND	INCONSISTENT	unknown	no
SUV39H2-DT	SUV39H2-DT	SIMPLE_AND	INCONSISTENT	unknown	no
SAP30-DT	SAP30-DT	SIMPLE_AND	INCONSISTENT	unknown	no
ENSG00000272884		SIMPLE_AND	INCONSISTENT	unknown	no
CHASERR	CHASERR	SIMPLE_AND	INCONSISTENT	unknown	no
ENSG00000272892		SIMPLE_AND	INCONSISTENT	unknown	no
MIOS-DT	MIOS-DT	SIMPLE_AND	INCONSISTENT	unknown	no
ENSG00000272906		SIMPLE_AND	INCONSISTENT	unknown	no
ENSG00000272913		SIMPLE_AND	REPRESSED	unknown	no
ENSG00000272916		SIMPLE_AND	INCONSISTENT	unknown	no
LRRC8D-DT	LRRC8D-DT	SIMPLE_AND	INCONSISTENT	unknown	no
ENSG00000272941		SIMPLE_AND	INCONSISTENT	unknown	no
ENSG00000272953		BIVALENT	INCONSISTENT	unknown	no
ENSG00000272980		SIMPLE_AND	INCONSISTENT	unknown	no
ENSG00000272991		SIMPLE_AND	INCONSISTENT	unknown	no
C2orf49-DT	C2orf49-DT	SIMPLE_AND	INCONSISTENT	unknown	no
ARHGEF2-AS2	ARHGEF2-AS2	SIMPLE_AND	INCONSISTENT	unknown	no
ENSG00000273004		SIMPLE_AND	INCONSISTENT	unknown	no
CSGALNACT2-DT	CSGALNACT2-DT	SIMPLE_AND	INCONSISTENT	unknown	no
ENSG00000273010		COMPLEX	INCONSISTENT	unknown	no
LINC00938	LINC00938	SIMPLE_AND	INCONSISTENT	unknown	no
ENSG00000273026		SIMPLE_AND	INCONSISTENT	unknown	no
ENSG00000273027		INCONSISTENT	BIVALENT	unknown	no
ENSG00000273046		BIVALENT	INCONSISTENT	unknown	no
ENSG00000273049		REPRESSED	INCONSISTENT	unknown	no
CDC37L1-DT	CDC37L1-DT	SIMPLE_AND	INCONSISTENT	kinase/signaling	no
RALGPS2-AS1	RALGPS2-AS1	BIVALENT	INCONSISTENT	unknown	no
ENSG00000273064		SIMPLE_AND	INCONSISTENT	unknown	no
ENSG00000273066		BIVALENT	INCONSISTENT	unknown	no
ENSG00000273080		SIMPLE_AND	INCONSISTENT	unknown	no
ENSG00000273084		REPRESSED	INCONSISTENT	unknown	no
INSIG1-DT	INSIG1-DT	SIMPLE_AND	INCONSISTENT	unknown	no
ENSG00000273139		SIMPLE_AND	INCONSISTENT	unknown	no
LCDR	LCDR	SIMPLE_AND	INCONSISTENT	unknown	no
ENSG00000273154		SIMPLE_AND	INCONSISTENT	unknown	no
ENSG00000273162		SIMPLE_AND	INCONSISTENT	unknown	no
ENSG00000273175		SIMPLE_AND	INCONSISTENT	unknown	no
ENSG00000273179		SIMPLE_AND	INCONSISTENT	unknown	no
ENSG00000273181		SIMPLE_AND	INCONSISTENT	unknown	no
ENSG00000273204		SIMPLE_AND	INCONSISTENT	unknown	no
ENSG00000273209		BIVALENT	INCONSISTENT	unknown	no
ENSG00000273210		SIMPLE_AND	INCONSISTENT	unknown	no
ENSG00000273216		REPRESSED	INCONSISTENT	unknown	no
ENSG00000273226		SIMPLE_AND	INCONSISTENT	unknown	no
ENSG00000273240		SIMPLE_AND	INCONSISTENT	unknown	no
RAB33B-AS1	RAB33B-AS1	SIMPLE_AND	INCONSISTENT	unknown	no
WDR5-DT	WDR5-DT	SIMPLE_AND	INCONSISTENT	unknown	no
ENSG00000273272		SIMPLE_AND	INCONSISTENT	unknown	no
ENSG00000273297		INCONSISTENT	BIVALENT	unknown	no
ENSG00000273320		SIMPLE_AND	INCONSISTENT	unknown	no
ENSG00000273329		SIMPLE_AND	INCONSISTENT	unknown	no
ENSG00000273338		INCONSISTENT	SIMPLE_AND	unknown	no
ENSG00000273341		INCONSISTENT	REPRESSED	unknown	no
ENSG00000273343		SIMPLE_AND	INCONSISTENT	unknown	no
PAXIP1-DT	PAXIP1-DT	SIMPLE_AND	INCONSISTENT	unknown	no
ENSG00000273345		SIMPLE_AND	INCONSISTENT	unknown	no
ENSG00000273355		SIMPLE_AND	INCONSISTENT	unknown	no
ENSG00000273361		SIMPLE_AND	INCONSISTENT	unknown	no
ENSG00000273363		SIMPLE_AND	INCONSISTENT	unknown	no
ENSG00000273367		SIMPLE_AND	INCONSISTENT	unknown	no
ENSG00000273375		SIMPLE_AND	INCONSISTENT	unknown	no
TMEM167B-DT	TMEM167B-DT	COMPLEX	INCONSISTENT	unknown	no
ENSG00000273387		SIMPLE_AND	INCONSISTENT	unknown	no
ENSG00000273394		INCONSISTENT	BIVALENT	unknown	no
ENSG00000273416		SIMPLE_AND	INCONSISTENT	unknown	no
ENSG00000273432		SIMPLE_AND	INCONSISTENT	unknown	no
ENSG00000273433		BIVALENT	INCONSISTENT	unknown	no
ENSG00000273437		SIMPLE_AND	INCONSISTENT	unknown	no
ENSG00000273451		SIMPLE_AND	INCONSISTENT	unknown	no
ENSG00000273456		SIMPLE_AND	INCONSISTENT	unknown	no
ENSG00000273521		SIMPLE_AND	INCONSISTENT	unknown	no
ENSG00000273523		BIVALENT	INCONSISTENT	unknown	no
ENSG00000273537		REPRESSED	INCONSISTENT	unknown	no
SNORA44	SNORA44	COMPLEX	SIMPLE_AND	unknown	no
CWC25	CWC25	SIMPLE_AND	INCONSISTENT	unknown	no
ENSG00000273565		COMPLEX	INCONSISTENT	unknown	no
EPOP	EPOP	BIVALENT	INCONSISTENT	unknown	no
ENSG00000273619		SIMPLE_AND	INCONSISTENT	unknown	no
ENSG00000273637		COMPLEX	INCONSISTENT	unknown	no
ENSG00000273654		SIMPLE_AND	INCONSISTENT	unknown	no
ENSG00000273677		REPRESSED	INCONSISTENT	unknown	no
ENSG00000273702		SIMPLE_AND	INCONSISTENT	unknown	no
H2BC14	H2BC14	SIMPLE_AND	INCONSISTENT	unknown	no
LHX1	LHX1	REPRESSED	BIVALENT	transcription factor	no
SUGT1-DT	SUGT1-DT	SIMPLE_AND	INCONSISTENT	unknown	no
ENSG00000273759		SIMPLE_AND	INCONSISTENT	unknown	no
RNVU1-29	RNVU1-29	INCONSISTENT	SIMPLE_AND	unknown	no
ENSG00000273796		REPRESSED	INCONSISTENT	unknown	no
ENSG00000273797		SIMPLE_AND	INCONSISTENT	unknown	no
ENSG00000273958		INCONSISTENT	REPRESSED	unknown	no
ENSG00000273973		SIMPLE_AND	INCONSISTENT	unknown	no
ENSG00000274015		SIMPLE_AND	INCONSISTENT	unknown	no
ENSG00000274092		BIVALENT	INCONSISTENT	unknown	no
ENSG00000274104		SIMPLE_AND	INCONSISTENT	unknown	no
ENSG00000274124		SIMPLE_OR	INCONSISTENT	unknown	no
MIR6774	MIR6774	INCONSISTENT	REPRESSED	unknown	no
NATD1	NATD1	BIVALENT	INCONSISTENT	unknown	no
RNVU1-27	RNVU1-27	INCONSISTENT	SIMPLE_OR	unknown	no
SOCS7	SOCS7	SIMPLE_AND	INCONSISTENT	unknown	no
ENSG00000274212		INCONSISTENT	COMPLEX	unknown	no
ENSG00000274213		SIMPLE_AND	INCONSISTENT	unknown	no
ENSG00000274220		SIMPLE_AND	INCONSISTENT	unknown	no
ENSG00000274251		SIMPLE_AND	INCONSISTENT	unknown	no
SYNGAP1-AS1	SYNGAP1-AS1	SIMPLE_AND	INCONSISTENT	unknown	no
ENSG00000274265		SIMPLE_AND	INCONSISTENT	unknown	no
ENSG00000274269		REPRESSED	INCONSISTENT	unknown	no
ENSG00000274270		BIVALENT	INCONSISTENT	unknown	no
H2BC6	H2BC6	SIMPLE_AND	INCONSISTENT	unknown	no
ENSG00000274292		SIMPLE_AND	INCONSISTENT	unknown	no
ENSG00000274322		SIMPLE_AND	INCONSISTENT	unknown	no
ENSG00000274340		SIMPLE_AND	INCONSISTENT	unknown	no
ENSG00000274396		INCONSISTENT	REPRESSED	unknown	no
ENSG00000274430		INCONSISTENT	SIMPLE_AND	unknown	no
ENSG00000274444		REPRESSED	INCONSISTENT	unknown	no
ENSG00000274447		BIVALENT	INCONSISTENT	unknown	no
ENSG00000274460		SIMPLE_AND	INCONSISTENT	unknown	no
NPEPPSP1	NPEPPSP1	SIMPLE_AND	INCONSISTENT	unknown	no
ENSG00000274491		BIVALENT	INCONSISTENT	unknown	no
ENSG00000274503		REPRESSED	INCONSISTENT	unknown	no
ENSG00000274528		SIMPLE_AND	INCONSISTENT	unknown	no
MIR223HG	MIR223HG	INCONSISTENT	SIMPLE_AND	unknown	no
SNORA16A	SNORA16A	COMPLEX	INCONSISTENT	unknown	no
PCCA-DT	PCCA-DT	SIMPLE_AND	INCONSISTENT	unknown	no
ENSG00000274667		COMPLEX	INCONSISTENT	unknown	no
ENSG00000274695		COMPLEX	INCONSISTENT	unknown	no
ENSG00000274712		SIMPLE_AND	INCONSISTENT	unknown	no
ENSG00000274737		SIMPLE_AND	INCONSISTENT	unknown	no
ENSG00000274760		COMPLEX	INCONSISTENT	unknown	no
NPHP3-ACAD11	NPHP3-ACAD11	SIMPLE_AND	INCONSISTENT	unknown	no
ENSG00000274828		SIMPLE_AND	INCONSISTENT	unknown	no
ENSG00000274833		BIVALENT	INCONSISTENT	unknown	no
ENSG00000274864		INCONSISTENT	REPRESSED	unknown	no
ENSG00000274895		REPRESSED	BIVALENT	unknown	no
ENSG00000274904		SIMPLE_AND	INCONSISTENT	unknown	no
ENSG00000274922		SIMPLE_AND	INCONSISTENT	unknown	no
ZKSCAN2-DT	ZKSCAN2-DT	SIMPLE_AND	INCONSISTENT	unknown	no
ENSG00000274929		SIMPLE_AND	INCONSISTENT	unknown	no
ENSG00000274954		SIMPLE_AND	INCONSISTENT	unknown	no
RNU11	RNU11	INCONSISTENT	SIMPLE_AND	unknown	no
ENSG00000274993		REPRESSED	BIVALENT	unknown	no
SNORA17A	SNORA17A	INCONSISTENT	SIMPLE_AND	unknown	no
ZNF280B	ZNF280B	SIMPLE_OR	COMPLEX	transcription factor	no
ALOXE3P1	ALOXE3P1	REPRESSED	INCONSISTENT	unknown	no
ENSG00000275055		COMPLEX	INCONSISTENT	unknown	no
ENSG00000275069		BIVALENT	INCONSISTENT	unknown	no
SNORD50B	SNORD50B	COMPLEX	INCONSISTENT	unknown	no
NUDT18	NUDT18	SIMPLE_AND	INCONSISTENT	unknown	no
ENSG00000275092		SIMPLE_AND	INCONSISTENT	unknown	no
ZNF2	ZNF2	SIMPLE_AND	INCONSISTENT	transcription factor	no
SCARNA16	SCARNA16	INCONSISTENT	SIMPLE_AND	unknown	no
ENSG00000275180		SIMPLE_AND	INCONSISTENT	unknown	no
LENG9	LENG9	SIMPLE_AND	INCONSISTENT	unknown	no
ENSG00000275202		COMPLEX	INCONSISTENT	unknown	no
PRAG1	PRAG1	SIMPLE_AND	BIVALENT	unknown	no
ENSG00000275372		BIVALENT	INCONSISTENT	unknown	no
HNF1B	HNF1B	BIVALENT	REPRESSED	transcription factor	no
ENSG00000275437		SIMPLE_AND	INCONSISTENT	unknown	no
ENSG00000275454		SIMPLE_AND	INCONSISTENT	unknown	no
ENSG00000275457		SIMPLE_AND	INCONSISTENT	unknown	no
ENSG00000275481		SIMPLE_AND	INCONSISTENT	unknown	no
ENSG00000275494		SIMPLE_AND	INCONSISTENT	unknown	no
RNVU1-19	RNVU1-19	INCONSISTENT	SIMPLE_AND	unknown	no
ENSG00000275589		REPRESSED	BIVALENT	unknown	no
XKR5	XKR5	INCONSISTENT	BIVALENT	unknown	no
U7	U7	INCONSISTENT	REPRESSED	unknown	no
ENSG00000275645		BIVALENT	INCONSISTENT	unknown	no
MT1IP	MT1IP	INCONSISTENT	REPRESSED	unknown	no
ENSG00000275709		SIMPLE_AND	INCONSISTENT	unknown	no
ENSG00000275741		COMPLEX	INCONSISTENT	unknown	no
ENSG00000275765		COMPLEX	INCONSISTENT	unknown	no
ENSG00000275778		SIMPLE_AND	INCONSISTENT	unknown	no
ENSG00000275807		SIMPLE_AND	INCONSISTENT	unknown	no
MIR6068	MIR6068	REPRESSED	BIVALENT	unknown	no
ENSG00000275856		COMPLEX	INCONSISTENT	unknown	no
ENSG00000275857		SIMPLE_AND	INCONSISTENT	unknown	no
ENSG00000275895		SIMPLE_AND	SIMPLE_OR	unknown	no
ENSG00000275898		REPRESSED	INCONSISTENT	unknown	no
ENSG00000275964		SIMPLE_AND	INCONSISTENT	unknown	no
SNORA24	SNORA24	INCONSISTENT	SIMPLE_AND	unknown	no
RNU12	RNU12	INCONSISTENT	SIMPLE_AND	unknown	no
ENSG00000276057		COMPLEX	INCONSISTENT	unknown	no
STMN1P1	STMN1P1	COMPLEX	INCONSISTENT	unknown	no
CCL3L1	CCL3L1	SIMPLE_OR	REPRESSED	unknown	no
ENSG00000276097		SIMPLE_AND	BIVALENT	unknown	no
FUT8-AS1	FUT8-AS1	SIMPLE_AND	INCONSISTENT	unknown	no
WHAMMP3	WHAMMP3	SIMPLE_AND	INCONSISTENT	unknown	no
SNORA17B	SNORA17B	INCONSISTENT	SIMPLE_AND	unknown	no
ENSG00000276188		SIMPLE_AND	INCONSISTENT	unknown	no
ENSG00000276216		SIMPLE_OR	SIMPLE_AND	unknown	no
ENSG00000276223		REPRESSED	INCONSISTENT	unknown	no
PIK3R6	PIK3R6	SIMPLE_AND	REPRESSED	kinase/signaling	no
H2AC14	H2AC14	SIMPLE_AND	INCONSISTENT	unknown	no
H2BC3	H2BC3	SIMPLE_AND	REPRESSED	unknown	no
ENSG00000276471		SIMPLE_OR	INCONSISTENT	unknown	no
LINC00540	LINC00540	REPRESSED	INCONSISTENT	unknown	no
ENSG00000276528		INCONSISTENT	BIVALENT	unknown	no
ENSG00000276533		SIMPLE_AND	INCONSISTENT	unknown	no
PCDHGB5	PCDHGB5	REPRESSED	INCONSISTENT	unknown	no
ENSG00000276573		SIMPLE_AND	INCONSISTENT	unknown	no
ENSG00000276603		SIMPLE_AND	INCONSISTENT	unknown	no
ENSG00000276609		REPRESSED	BIVALENT	unknown	no
DACH1	DACH1	REPRESSED	INCONSISTENT	unknown	no
ENSG00000276649		SIMPLE_OR	INCONSISTENT	unknown	no
ENSG00000276664		COMPLEX	SIMPLE_AND	unknown	no
ENSG00000276698		SIMPLE_AND	INCONSISTENT	unknown	no
ENSG00000276704		SIMPLE_AND	INCONSISTENT	unknown	no
ENSG00000276728		SIMPLE_AND	INCONSISTENT	unknown	no
ENSG00000276744		SIMPLE_AND	INCONSISTENT	unknown	no
ENSG00000276771		INCONSISTENT	REPRESSED	unknown	no
ENSG00000276791		SIMPLE_AND	INCONSISTENT	unknown	no
Metazoa_SRP	Metazoa_SRP	SIMPLE_AND	INCONSISTENT	unknown	no
ENSG00000276853		SIMPLE_AND	INCONSISTENT	unknown	no
ENSG00000276900		SIMPLE_AND	INCONSISTENT	unknown	no
H2AC16	H2AC16	SIMPLE_AND	SIMPLE_OR	unknown	no
ENSG00000276931		SIMPLE_AND	INCONSISTENT	unknown	no
ENSG00000276957		SIMPLE_AND	INCONSISTENT	unknown	no
ENSG00000276991		SIMPLE_AND	INCONSISTENT	unknown	no
SUNO1	SUNO1	REPRESSED	INCONSISTENT	unknown	no
ENSG00000277020		INCONSISTENT	COMPLEX	unknown	no
STAG3L2	STAG3L2	SIMPLE_OR	SIMPLE_AND	unknown	no
LINC00235	LINC00235	SIMPLE_AND	INCONSISTENT	unknown	no
TYW1B	TYW1B	SIMPLE_AND	INCONSISTENT	unknown	no
PIGW	PIGW	SIMPLE_AND	INCONSISTENT	unknown	no
ENSG00000277170		SIMPLE_AND	INCONSISTENT	unknown	no
ENSG00000277182		BIVALENT	INCONSISTENT	unknown	no
SNORA9	SNORA9	INCONSISTENT	SIMPLE_AND	unknown	no
SNORD22	SNORD22	INCONSISTENT	SIMPLE_AND	unknown	no
GTSE1-DT	GTSE1-DT	SIMPLE_AND	INCONSISTENT	unknown	no
PCGF2	PCGF2	BIVALENT	SIMPLE_AND	unknown	no
LHX1-DT	LHX1-DT	REPRESSED	BIVALENT	unknown	no
ENSG00000277283		SIMPLE_AND	INCONSISTENT	unknown	no
ENSG00000277287		BIVALENT	INCONSISTENT	unknown	no
ENSG00000277342		SIMPLE_AND	INCONSISTENT	unknown	no
SRCIN1	SRCIN1	BIVALENT	INCONSISTENT	unknown	no
ENSG00000277369		SIMPLE_AND	INCONSISTENT	unknown	no
ENSG00000277382		BIVALENT	INCONSISTENT	unknown	no
ENSG00000277383		SIMPLE_AND	INCONSISTENT	unknown	no
MIR6891	MIR6891	INCONSISTENT	BIVALENT	unknown	no
ENSG00000277413		INCONSISTENT	REPRESSED	unknown	no
MARCKS	MARCKS	SIMPLE_AND	INCONSISTENT	unknown	no
ENSG00000277444		REPRESSED	INCONSISTENT	unknown	no
ENSG00000277450		SIMPLE_OR	INCONSISTENT	unknown	no
RN7SL473P	RN7SL473P	SIMPLE_AND	INCONSISTENT	unknown	no
ENSG00000277453		SIMPLE_AND	INCONSISTENT	unknown	no
ZNF670	ZNF670	COMPLEX	INCONSISTENT	transcription factor	no
ENSG00000277469		REPRESSED	BIVALENT	unknown	no
SLCO4A1-AS2	SLCO4A1-AS2	SIMPLE_AND	INCONSISTENT	unknown	no
ENSG00000277511		SIMPLE_AND	INCONSISTENT	unknown	no
LINC03021	LINC03021	SIMPLE_AND	INCONSISTENT	unknown	no
PNMA8C	PNMA8C	REPRESSED	BIVALENT	unknown	no
ENSG00000277581		SIMPLE_AND	INCONSISTENT	unknown	no
MIR7845	MIR7845	INCONSISTENT	BIVALENT	unknown	no
ENSG00000277599		INCONSISTENT	SIMPLE_AND	unknown	no
ENSG00000277619		BIVALENT	INCONSISTENT	unknown	no
CCL3	CCL3	COMPLEX	REPRESSED	unknown	no
ENSG00000277694		INCONSISTENT	REPRESSED	unknown	no
ENSG00000277715		INCONSISTENT	REPRESSED	unknown	no
ENSG00000277763		BIVALENT	INCONSISTENT	unknown	no
ENSG00000277764		REPRESSED	BIVALENT	unknown	no
ENSG00000277767		SIMPLE_AND	INCONSISTENT	unknown	no
Metazoa_SRP	Metazoa_SRP	REPRESSED	BIVALENT	unknown	no
PGM5P2	PGM5P2	SIMPLE_OR	INCONSISTENT	unknown	no
ENSG00000277782		COMPLEX	INCONSISTENT	unknown	no
ENSG00000277855		BIVALENT	INCONSISTENT	unknown	no
ENSG00000277895		COMPLEX	INCONSISTENT	unknown	no
MIR7850	MIR7850	COMPLEX	REPRESSED	unknown	no
ENSG00000277938		SIMPLE_OR	INCONSISTENT	unknown	no
ENSG00000277941		INCONSISTENT	SIMPLE_AND	unknown	no
ENSG00000277967		COMPLEX	INCONSISTENT	unknown	no
ENSG00000277969		SIMPLE_AND	INCONSISTENT	unknown	no
SNORA67	SNORA67	INCONSISTENT	SIMPLE_AND	unknown	no
ENSG00000278002		SIMPLE_AND	INCONSISTENT	unknown	no
ENSG00000278012		REPRESSED	INCONSISTENT	unknown	no
RDM1	RDM1	SIMPLE_AND	INCONSISTENT	unknown	no
ENSG00000278045		REPRESSED	INCONSISTENT	unknown	no
ENSG00000278071		REPRESSED	INCONSISTENT	unknown	no
LUNAR1	LUNAR1	SIMPLE_AND	INCONSISTENT	unknown	no
RNVU1-2A	RNVU1-2A	INCONSISTENT	SIMPLE_AND	unknown	no
ZNF8	ZNF8	SIMPLE_AND	INCONSISTENT	transcription factor	no
GLIDR	GLIDR	SIMPLE_AND	INCONSISTENT	unknown	no
LINC01971	LINC01971	REPRESSED	INCONSISTENT	unknown	no
ENSG00000278217		COMPLEX	INCONSISTENT	unknown	no
CKAP2-DT	CKAP2-DT	SIMPLE_AND	INCONSISTENT	unknown	no
SNORA61	SNORA61	COMPLEX	INCONSISTENT	unknown	no
ENSG00000278291		INCONSISTENT	BIVALENT	unknown	no
ENSG00000278390		SIMPLE_AND	INCONSISTENT	unknown	no
ENSG00000278396		SIMPLE_AND	INCONSISTENT	unknown	no
PMS2P2	PMS2P2	SIMPLE_OR	INCONSISTENT	unknown	no
MIR6769B	MIR6769B	INCONSISTENT	REPRESSED	unknown	no
ENSG00000278514		SIMPLE_AND	INCONSISTENT	unknown	no
SNORD22	SNORD22	INCONSISTENT	SIMPLE_AND	unknown	no
ENSG00000278546		BIVALENT	INCONSISTENT	unknown	no
TMEM191B	TMEM191B	SIMPLE_OR	INCONSISTENT	unknown	no
ENSG00000278595		INCONSISTENT	BIVALENT	unknown	no
ZNF426-DT	ZNF426-DT	COMPLEX	INCONSISTENT	transcription factor	no
H4C1	H4C1	INCONSISTENT	COMPLEX	unknown	no
ENSG00000278642		BIVALENT	INCONSISTENT	unknown	no
ENSG00000278708		REPRESSED	BIVALENT	unknown	no
ENSG00000278743		SIMPLE_AND	INCONSISTENT	unknown	no
ENSG00000278773		COMPLEX	INCONSISTENT	unknown	no
ENSG00000278822		REPRESSED	INCONSISTENT	unknown	no
ENSG00000278834		SIMPLE_AND	INCONSISTENT	unknown	no
ENSG00000278863		SIMPLE_AND	REPRESSED	unknown	no
ENSG00000278869		SIMPLE_AND	INCONSISTENT	unknown	no
PRO1804	PRO1804	COMPLEX	INCONSISTENT	unknown	no
ENSG00000278876		SIMPLE_AND	INCONSISTENT	unknown	no
CEP83-DT	CEP83-DT	SIMPLE_AND	INCONSISTENT	unknown	no
EPB41L4A-DT	EPB41L4A-DT	BIVALENT	INCONSISTENT	unknown	no
ENSG00000278963		SIMPLE_AND	INCONSISTENT	unknown	no
ENSG00000278966		BIVALENT	REPRESSED	unknown	no
ENSG00000278969		INCONSISTENT	REPRESSED	unknown	no
HEIH	HEIH	SIMPLE_AND	COMPLEX	unknown	no
ENSG00000278986		SIMPLE_AND	INCONSISTENT	unknown	no
ENSG00000278991		SIMPLE_OR	INCONSISTENT	unknown	no
ENSG00000278993		SIMPLE_AND	INCONSISTENT	unknown	no
ENSG00000278995		REPRESSED	INCONSISTENT	unknown	no
ENSG00000279048		BIVALENT	INCONSISTENT	unknown	no
ENSG00000279069		SIMPLE_AND	INCONSISTENT	unknown	no
ENSG00000279088		SIMPLE_AND	INCONSISTENT	unknown	no
ENSG00000279114		SIMPLE_AND	INCONSISTENT	unknown	no
ENSG00000279130		SIMPLE_AND	INCONSISTENT	unknown	no
ENSG00000279140		SIMPLE_AND	INCONSISTENT	unknown	no
ENSG00000279144		SIMPLE_OR	INCONSISTENT	unknown	no
ENSG00000279204		SIMPLE_OR	REPRESSED	unknown	no
ENSG00000279246		SIMPLE_OR	INCONSISTENT	unknown	no
ENSG00000279249		REPRESSED	INCONSISTENT	unknown	no
ENSG00000279255		REPRESSED	INCONSISTENT	unknown	no
ENSG00000279259		SIMPLE_AND	INCONSISTENT	unknown	no
ENSG00000279283		SIMPLE_AND	INCONSISTENT	unknown	no
ENSG00000279286		BIVALENT	INCONSISTENT	unknown	no
ENSG00000279306		SIMPLE_AND	INCONSISTENT	unknown	no
RBM12B-AS1	RBM12B-AS1	INCONSISTENT	COMPLEX	unknown	no
ENSG00000279354		SIMPLE_AND	INCONSISTENT	unknown	no
ENSG00000279366		SIMPLE_OR	INCONSISTENT	unknown	no
ENSG00000279369		SIMPLE_AND	INCONSISTENT	unknown	no
ENSG00000279372		SIMPLE_AND	INCONSISTENT	unknown	no
ENSG00000279407		SIMPLE_AND	INCONSISTENT	unknown	no
ENSG00000279423		SIMPLE_AND	INCONSISTENT	unknown	no
ENSG00000279430		SIMPLE_OR	INCONSISTENT	unknown	no
ENSG00000279431		INCONSISTENT	REPRESSED	unknown	no
ENSG00000279441		SIMPLE_AND	INCONSISTENT	unknown	no
ENSG00000279450		INCONSISTENT	REPRESSED	unknown	no
ENSG00000279476		SIMPLE_OR	INCONSISTENT	unknown	no
ENSG00000279491		SIMPLE_AND	INCONSISTENT	unknown	no
ENSG00000279494		BIVALENT	INCONSISTENT	unknown	no
ENSG00000279520		SIMPLE_AND	INCONSISTENT	unknown	no
ENSG00000279529		SIMPLE_AND	INCONSISTENT	unknown	no
ENSG00000279561		SIMPLE_OR	INCONSISTENT	unknown	no
ENSG00000279581		INCONSISTENT	REPRESSED	unknown	no
ENSG00000279583		SIMPLE_AND	INCONSISTENT	unknown	no
ENSG00000279591		SIMPLE_OR	REPRESSED	unknown	no
ENSG00000279607		REPRESSED	INCONSISTENT	unknown	no
ENSG00000279632		SIMPLE_AND	INCONSISTENT	unknown	no
ENSG00000279660		REPRESSED	INCONSISTENT	unknown	no
ENSG00000279672		SIMPLE_AND	INCONSISTENT	unknown	no
ENSG00000279673		SIMPLE_AND	INCONSISTENT	unknown	no
ENSG00000279677		REPRESSED	INCONSISTENT	unknown	no
ENSG00000279689		SIMPLE_AND	INCONSISTENT	unknown	no
ENSG00000279691		SIMPLE_AND	INCONSISTENT	unknown	no
ENSG00000279692		REPRESSED	INCONSISTENT	unknown	no
ENSG00000279711		REPRESSED	INCONSISTENT	unknown	no
ENSG00000279748		SIMPLE_AND	INCONSISTENT	unknown	no
ENSG00000279756		REPRESSED	INCONSISTENT	unknown	no
ENSG00000279775		COMPLEX	REPRESSED	unknown	no
ENSG00000279799		SIMPLE_AND	INCONSISTENT	unknown	no
ENSG00000279801		SIMPLE_AND	INCONSISTENT	unknown	no
ENSG00000279817		COMPLEX	INCONSISTENT	unknown	no
ENSG00000279819		SIMPLE_OR	INCONSISTENT	unknown	no
ENSG00000279840		INCONSISTENT	BIVALENT	unknown	no
ENSG00000279861		SIMPLE_OR	INCONSISTENT	unknown	no
ENSG00000279865		SIMPLE_AND	INCONSISTENT	unknown	no
LINC01126	LINC01126	SIMPLE_AND	INCONSISTENT	unknown	no
ENSG00000279901		SIMPLE_AND	INCONSISTENT	unknown	no
ENSG00000279908		INCONSISTENT	BIVALENT	unknown	no
ENSG00000279913		SIMPLE_OR	INCONSISTENT	unknown	no
ENSG00000279942		SIMPLE_AND	REPRESSED	unknown	no
LINC03032	LINC03032	SIMPLE_AND	REPRESSED	unknown	no
CCDC28A-AS1	CCDC28A-AS1	SIMPLE_AND	INCONSISTENT	unknown	no
ENSG00000280032		BIVALENT	REPRESSED	unknown	no
ENSG00000280046		SIMPLE_AND	INCONSISTENT	unknown	no
ENSG00000280063		SIMPLE_AND	INCONSISTENT	unknown	no
ENSG00000280073		INCONSISTENT	REPRESSED	unknown	no
ENSG00000280120		SIMPLE_OR	INCONSISTENT	unknown	no
ENSG00000280129		SIMPLE_AND	INCONSISTENT	unknown	no
ENSG00000280137		SIMPLE_AND	INCONSISTENT	unknown	no
ENSG00000280138		SIMPLE_AND	INCONSISTENT	unknown	no
ENSG00000280152		SIMPLE_OR	INCONSISTENT	unknown	no
ENSG00000280161		SIMPLE_AND	INCONSISTENT	unknown	no
ENSG00000280173		SIMPLE_OR	INCONSISTENT	unknown	no
ENSG00000280186		BIVALENT	INCONSISTENT	unknown	no
ENSG00000280194		SIMPLE_AND	INCONSISTENT	unknown	no
ENSG00000280195		SIMPLE_AND	INCONSISTENT	unknown	no
ENSG00000280198		SIMPLE_OR	INCONSISTENT	unknown	no
ENSG00000280254		BIVALENT	INCONSISTENT	unknown	no
ERICD	ERICD	SIMPLE_AND	INCONSISTENT	unknown	no
ENSG00000280351		REPRESSED	INCONSISTENT	unknown	no
ENSG00000280367		SIMPLE_AND	INCONSISTENT	unknown	no
ENSG00000280388		SIMPLE_AND	INCONSISTENT	unknown	no
ENSG00000280414		BIVALENT	INCONSISTENT	unknown	no
ENSG00000280420		BIVALENT	INCONSISTENT	unknown	no
SNORA17B	SNORA17B	INCONSISTENT	SIMPLE_AND	unknown	no
SNORA16A	SNORA16A	COMPLEX	SIMPLE_AND	unknown	no
LINC01348	LINC01348	SIMPLE_AND	INCONSISTENT	unknown	no
BTG3-AS1	BTG3-AS1	SIMPLE_AND	INCONSISTENT	unknown	no
PCAT14	PCAT14	REPRESSED	INCONSISTENT	unknown	no
ENSG00000280649		SIMPLE_AND	INCONSISTENT	unknown	no
CCDC163	CCDC163	SIMPLE_AND	INCONSISTENT	unknown	no
LINC01232	LINC01232	SIMPLE_AND	INCONSISTENT	unknown	no
EIF1B-AS1	EIF1B-AS1	SIMPLE_AND	INCONSISTENT	unknown	no
PAGR1	PAGR1	SIMPLE_AND	INCONSISTENT	unknown	no
ENSG00000280828		SIMPLE_AND	INCONSISTENT	unknown	no
GSEC	GSEC	SIMPLE_AND	INCONSISTENT	unknown	no
ELDR	ELDR	BIVALENT	INCONSISTENT	unknown	no
LINC00921	LINC00921	SIMPLE_AND	COMPLEX	unknown	no
ENSG00000281091		SIMPLE_AND	INCONSISTENT	unknown	no
PTENP1-AS	PTENP1-AS	REPRESSED	INCONSISTENT	unknown	no
LINC01097	LINC01097	REPRESSED	BIVALENT	unknown	no
ENSG00000281333		REPRESSED	INCONSISTENT	unknown	no
ENSG00000281348		SIMPLE_AND	INCONSISTENT	unknown	no
ARRDC3-AS1	ARRDC3-AS1	COMPLEX	INCONSISTENT	unknown	no
RASSF1-AS1	RASSF1-AS1	SIMPLE_AND	INCONSISTENT	unknown	no
BLACAT1	BLACAT1	REPRESSED	BIVALENT	unknown	no
PANDAR	PANDAR	INCONSISTENT	REPRESSED	unknown	no
SEPSECS-AS1	SEPSECS-AS1	SIMPLE_AND	INCONSISTENT	unknown	no
ENSG00000281571		SIMPLE_AND	INCONSISTENT	unknown	no
SAMD12-AS1	SAMD12-AS1	SIMPLE_AND	INCONSISTENT	unknown	no
LINC01012	LINC01012	SIMPLE_AND	INCONSISTENT	unknown	no
METTL14-DT	METTL14-DT	SIMPLE_AND	INCONSISTENT	unknown	no
ENSG00000281741		SIMPLE_OR	INCONSISTENT	unknown	no
ENSG00000281849		SIMPLE_AND	INCONSISTENT	unknown	no
PAUPAR	PAUPAR	BIVALENT	INCONSISTENT	unknown	no
LINC01144	LINC01144	SIMPLE_AND	INCONSISTENT	unknown	no
ENSG00000281938		REPRESSED	INCONSISTENT	unknown	no
ENSG00000282022		BIVALENT	INCONSISTENT	unknown	no
ENSG00000282057		BIVALENT	INCONSISTENT	unknown	no
ENSG00000282080		REPRESSED	INCONSISTENT	unknown	no
ENSG00000282317		BIVALENT	REPRESSED	unknown	no
ENSG00000282381		SIMPLE_AND	INCONSISTENT	unknown	no
ENSG00000282440		REPRESSED	INCONSISTENT	unknown	no
ENSG00000282527		INCONSISTENT	BIVALENT	unknown	no
ENSG00000282556		INCONSISTENT	REPRESSED	unknown	no
PGR-AS1	PGR-AS1	REPRESSED	INCONSISTENT	unknown	no
FRG1CP	FRG1CP	SIMPLE_AND	INCONSISTENT	unknown	no
ENSG00000282876		COMPLEX	INCONSISTENT	unknown	no
TMEM275	TMEM275	REPRESSED	INCONSISTENT	unknown	no
ENSG00000282885		SIMPLE_AND	INCONSISTENT	unknown	no
MPP7-DT	MPP7-DT	BIVALENT	INCONSISTENT	unknown	no
ENSG00000283010		BIVALENT	INCONSISTENT	unknown	no
ENSG00000283078		SIMPLE_AND	INCONSISTENT	unknown	no
ENSG00000283108		COMPLEX	INCONSISTENT	unknown	no
HYMAI	HYMAI	SIMPLE_OR	INCONSISTENT	unknown	no
