gene_id	gene_name	gate_type_GM12878	gate_type_K562	switch_direction	GM12878_expression	K562_expression	replicate_check
ENSG00000000457	SCYL3	SIMPLE_AND	INCONSISTENT	AND→INC			NOT_EVALUATED_consensus_calls_only
ENSG00000000938	FGR	SIMPLE_AND	INCONSISTENT	AND→INC			NOT_EVALUATED_consensus_calls_only
ENSG00000001461	NIPAL3	SIMPLE_OR	SIMPLE_AND	OR→AND			NOT_EVALUATED_consensus_calls_only
ENSG00000001617	SEMA3F	BIVALENT	INCONSISTENT	BIV→INC			NOT_EVALUATED_consensus_calls_only
ENSG00000002016	RAD52	BIVALENT	SIMPLE_AND	BIV→AND			NOT_EVALUATED_consensus_calls_only
ENSG00000002330	BAD	SIMPLE_AND	INCONSISTENT	AND→INC			NOT_EVALUATED_consensus_calls_only
ENSG00000003096	KLHL13	SIMPLE_OR	INCONSISTENT	OR→INC			NOT_EVALUATED_consensus_calls_only
ENSG00000003137	CYP26B1	REPRESSED	BIVALENT	REP→BIV			NOT_EVALUATED_consensus_calls_only
ENSG00000003147	ICA1	BIVALENT	INCONSISTENT	BIV→INC			NOT_EVALUATED_consensus_calls_only
ENSG00000003249	DBNDD1	BIVALENT	INCONSISTENT	BIV→INC			NOT_EVALUATED_consensus_calls_only
ENSG00000003393	ALS2	SIMPLE_AND	INCONSISTENT	AND→INC			NOT_EVALUATED_consensus_calls_only
ENSG00000004059	ARF5	SIMPLE_AND	COMPLEX	AND→CPX			NOT_EVALUATED_consensus_calls_only
ENSG00000004399	PLXND1	BIVALENT	SIMPLE_AND	BIV→AND			NOT_EVALUATED_consensus_calls_only
ENSG00000004468	CD38	SIMPLE_AND	BIVALENT	AND→BIV			NOT_EVALUATED_consensus_calls_only
ENSG00000004660	CAMKK1	SIMPLE_AND	INCONSISTENT	AND→INC			NOT_EVALUATED_consensus_calls_only
ENSG00000004777	ARHGAP33	SIMPLE_AND	INCONSISTENT	AND→INC			NOT_EVALUATED_consensus_calls_only
ENSG00000004799	PDK4	BIVALENT	REPRESSED	BIV→REP			NOT_EVALUATED_consensus_calls_only
ENSG00000004975	DVL2	COMPLEX	INCONSISTENT	CPX→INC			NOT_EVALUATED_consensus_calls_only
ENSG00000005059	MCUB	SIMPLE_AND	INCONSISTENT	AND→INC			NOT_EVALUATED_consensus_calls_only
ENSG00000005102	MEOX1	SIMPLE_AND	REPRESSED	AND→REP			NOT_EVALUATED_consensus_calls_only
ENSG00000005238	ATOSB	SIMPLE_AND	INCONSISTENT	AND→INC			NOT_EVALUATED_consensus_calls_only
ENSG00000005249	PRKAR2B	BIVALENT	SIMPLE_AND	BIV→AND			NOT_EVALUATED_consensus_calls_only
ENSG00000005379	TSPOAP1	SIMPLE_AND	INCONSISTENT	AND→INC			NOT_EVALUATED_consensus_calls_only
ENSG00000005436	GCFC2	SIMPLE_AND	INCONSISTENT	AND→INC			NOT_EVALUATED_consensus_calls_only
ENSG00000005448	WDR54	SIMPLE_AND	SIMPLE_OR	AND→OR			NOT_EVALUATED_consensus_calls_only
ENSG00000005469	CROT	SIMPLE_AND	INCONSISTENT	AND→INC			NOT_EVALUATED_consensus_calls_only
ENSG00000005513	SOX8	REPRESSED	INCONSISTENT	REP→INC			NOT_EVALUATED_consensus_calls_only
ENSG00000005801	ZNF195	COMPLEX	SIMPLE_AND	CPX→AND			NOT_EVALUATED_consensus_calls_only
ENSG00000005812	FBXL3	SIMPLE_AND	INCONSISTENT	AND→INC			NOT_EVALUATED_consensus_calls_only
ENSG00000005882	PDK2	SIMPLE_AND	INCONSISTENT	AND→INC			NOT_EVALUATED_consensus_calls_only
ENSG00000005884	ITGA3	SIMPLE_AND	BIVALENT	AND→BIV			NOT_EVALUATED_consensus_calls_only
ENSG00000006016	CRLF1	REPRESSED	BIVALENT	REP→BIV			NOT_EVALUATED_consensus_calls_only
ENSG00000006042	TMEM98	REPRESSED	SIMPLE_AND	REP→AND			NOT_EVALUATED_consensus_calls_only
ENSG00000006047	YBX2	BIVALENT	INCONSISTENT	BIV→INC			NOT_EVALUATED_consensus_calls_only
ENSG00000006062	MAP3K14	SIMPLE_AND	INCONSISTENT	AND→INC			NOT_EVALUATED_consensus_calls_only
ENSG00000006118	TMEM132A	SIMPLE_OR	BIVALENT	OR→BIV			NOT_EVALUATED_consensus_calls_only
ENSG00000006194	ZNF263	COMPLEX	SIMPLE_AND	CPX→AND			NOT_EVALUATED_consensus_calls_only
ENSG00000006282	SPATA20	SIMPLE_OR	INCONSISTENT	OR→INC			NOT_EVALUATED_consensus_calls_only
ENSG00000006327	TNFRSF12A	INCONSISTENT	SIMPLE_AND	INC→AND			NOT_EVALUATED_consensus_calls_only
ENSG00000006432	MAP3K9	SIMPLE_AND	INCONSISTENT	AND→INC			NOT_EVALUATED_consensus_calls_only
ENSG00000006459	KDM7A	BIVALENT	SIMPLE_AND	BIV→AND			NOT_EVALUATED_consensus_calls_only
ENSG00000006468	ETV1	BIVALENT	INCONSISTENT	BIV→INC			NOT_EVALUATED_consensus_calls_only
ENSG00000006555	TTC22	SIMPLE_AND	REPRESSED	AND→REP			NOT_EVALUATED_consensus_calls_only
ENSG00000006611	USH1C	REPRESSED	BIVALENT	REP→BIV			NOT_EVALUATED_consensus_calls_only
ENSG00000006638	TBXA2R	INCONSISTENT	SIMPLE_AND	INC→AND			NOT_EVALUATED_consensus_calls_only
ENSG00000006704	GTF2IRD1	SIMPLE_OR	SIMPLE_AND	OR→AND			NOT_EVALUATED_consensus_calls_only
ENSG00000006747	SCIN	REPRESSED	INCONSISTENT	REP→INC			NOT_EVALUATED_consensus_calls_only
ENSG00000006837	CDKL3	SIMPLE_AND	INCONSISTENT	AND→INC			NOT_EVALUATED_consensus_calls_only
ENSG00000007038	PRSS21	INCONSISTENT	SIMPLE_AND	INC→AND			NOT_EVALUATED_consensus_calls_only
ENSG00000007129	CEACAM21	SIMPLE_AND	INCONSISTENT	AND→INC			NOT_EVALUATED_consensus_calls_only
ENSG00000007255	TRAPPC6A	SIMPLE_AND	INCONSISTENT	AND→INC			NOT_EVALUATED_consensus_calls_only
ENSG00000007306	CEACAM7	REPRESSED	INCONSISTENT	REP→INC			NOT_EVALUATED_consensus_calls_only
ENSG00000007372	PAX6	REPRESSED	INCONSISTENT	REP→INC			NOT_EVALUATED_consensus_calls_only
ENSG00000007402	CACNA2D2	REPRESSED	INCONSISTENT	REP→INC			NOT_EVALUATED_consensus_calls_only
ENSG00000007516	BAIAP3	BIVALENT	INCONSISTENT	BIV→INC			NOT_EVALUATED_consensus_calls_only
ENSG00000007545	CRAMP1	BIVALENT	INCONSISTENT	BIV→INC			NOT_EVALUATED_consensus_calls_only
ENSG00000007866	TEAD3	BIVALENT	INCONSISTENT	BIV→INC			NOT_EVALUATED_consensus_calls_only
ENSG00000007968	E2F2	SIMPLE_AND	INCONSISTENT	AND→INC			NOT_EVALUATED_consensus_calls_only
ENSG00000008086	CDKL5	BIVALENT	INCONSISTENT	BIV→INC			NOT_EVALUATED_consensus_calls_only
ENSG00000008226	DLEC1	BIVALENT	REPRESSED	BIV→REP			NOT_EVALUATED_consensus_calls_only
ENSG00000008256	CYTH3	SIMPLE_OR	INCONSISTENT	OR→INC			NOT_EVALUATED_consensus_calls_only
ENSG00000008277	ADAM22	SIMPLE_AND	INCONSISTENT	AND→INC			NOT_EVALUATED_consensus_calls_only
ENSG00000008282	SYPL1	SIMPLE_AND	COMPLEX	AND→CPX			NOT_EVALUATED_consensus_calls_only
ENSG00000008300	CELSR3	BIVALENT	INCONSISTENT	BIV→INC			NOT_EVALUATED_consensus_calls_only
ENSG00000008311	AASS	SIMPLE_OR	INCONSISTENT	OR→INC			NOT_EVALUATED_consensus_calls_only
ENSG00000008323	PLEKHG6	SIMPLE_AND	INCONSISTENT	AND→INC			NOT_EVALUATED_consensus_calls_only
ENSG00000008324	SS18L2	SIMPLE_AND	INCONSISTENT	AND→INC			NOT_EVALUATED_consensus_calls_only
ENSG00000008382	MPND	SIMPLE_AND	INCONSISTENT	AND→INC			NOT_EVALUATED_consensus_calls_only
ENSG00000008513	ST3GAL1	BIVALENT	INCONSISTENT	BIV→INC			NOT_EVALUATED_consensus_calls_only
ENSG00000008710	PKD1	SIMPLE_AND	SIMPLE_OR	AND→OR			NOT_EVALUATED_consensus_calls_only
ENSG00000008838	MED24	BIVALENT	SIMPLE_AND	BIV→AND			NOT_EVALUATED_consensus_calls_only
ENSG00000008952	SEC62	COMPLEX	SIMPLE_AND	CPX→AND			NOT_EVALUATED_consensus_calls_only
ENSG00000009307	CSDE1	SIMPLE_AND	COMPLEX	AND→CPX			NOT_EVALUATED_consensus_calls_only
ENSG00000009780	FAM76A	SIMPLE_AND	INCONSISTENT	AND→INC			NOT_EVALUATED_consensus_calls_only
ENSG00000010030	ETV7	INCONSISTENT	BIVALENT	INC→BIV			NOT_EVALUATED_consensus_calls_only
ENSG00000010278	CD9	BIVALENT	INCONSISTENT	BIV→INC			NOT_EVALUATED_consensus_calls_only
ENSG00000010361	FUZ	SIMPLE_AND	INCONSISTENT	AND→INC			NOT_EVALUATED_consensus_calls_only
ENSG00000010539	ZNF200	SIMPLE_AND	INCONSISTENT	AND→INC			NOT_EVALUATED_consensus_calls_only
ENSG00000010626	LRRC23	SIMPLE_AND	INCONSISTENT	AND→INC			NOT_EVALUATED_consensus_calls_only
ENSG00000010704	HFE	SIMPLE_AND	INCONSISTENT	AND→INC			NOT_EVALUATED_consensus_calls_only
ENSG00000010810	FYN	SIMPLE_AND	BIVALENT	AND→BIV			NOT_EVALUATED_consensus_calls_only
ENSG00000011052	NME1-NME2	COMPLEX	SIMPLE_AND	CPX→AND			NOT_EVALUATED_consensus_calls_only
ENSG00000011105	TSPAN9	BIVALENT	INCONSISTENT	BIV→INC			NOT_EVALUATED_consensus_calls_only
ENSG00000011258	MBTD1	SIMPLE_AND	INCONSISTENT	AND→INC			NOT_EVALUATED_consensus_calls_only
ENSG00000011332	DPF1	BIVALENT	INCONSISTENT	BIV→INC			NOT_EVALUATED_consensus_calls_only
ENSG00000011347	SYT7	REPRESSED	BIVALENT	REP→BIV			NOT_EVALUATED_consensus_calls_only
ENSG00000011422	PLAUR	SIMPLE_AND	INCONSISTENT	AND→INC			NOT_EVALUATED_consensus_calls_only
ENSG00000011451	WIZ	SIMPLE_OR	INCONSISTENT	OR→INC			NOT_EVALUATED_consensus_calls_only
ENSG00000011523	CEP68	SIMPLE_AND	INCONSISTENT	AND→INC			NOT_EVALUATED_consensus_calls_only
ENSG00000011590	ZBTB32	SIMPLE_AND	INCONSISTENT	AND→INC			NOT_EVALUATED_consensus_calls_only
ENSG00000012174	MBTPS2	SIMPLE_AND	INCONSISTENT	AND→INC			NOT_EVALUATED_consensus_calls_only
ENSG00000012779	ALOX5	SIMPLE_AND	INCONSISTENT	AND→INC			NOT_EVALUATED_consensus_calls_only
ENSG00000012822	CALCOCO1	SIMPLE_AND	INCONSISTENT	AND→INC			NOT_EVALUATED_consensus_calls_only
ENSG00000012983	MAP4K5	BIVALENT	INCONSISTENT	BIV→INC			NOT_EVALUATED_consensus_calls_only
ENSG00000013016	EHD3	SIMPLE_OR	REPRESSED	OR→REP			NOT_EVALUATED_consensus_calls_only
ENSG00000013288	MAN2B2	SIMPLE_AND	INCONSISTENT	AND→INC			NOT_EVALUATED_consensus_calls_only
ENSG00000013364	MVP	SIMPLE_AND	INCONSISTENT	AND→INC			NOT_EVALUATED_consensus_calls_only
ENSG00000013392	RWDD2A	SIMPLE_AND	INCONSISTENT	AND→INC			NOT_EVALUATED_consensus_calls_only
ENSG00000013563	DNASE1L1	SIMPLE_AND	INCONSISTENT	AND→INC			NOT_EVALUATED_consensus_calls_only
ENSG00000013583	HEBP1	BIVALENT	INCONSISTENT	BIV→INC			NOT_EVALUATED_consensus_calls_only
ENSG00000013588	GPRC5A	REPRESSED	BIVALENT	REP→BIV			NOT_EVALUATED_consensus_calls_only
ENSG00000014123	UFL1	SIMPLE_AND	INCONSISTENT	AND→INC			NOT_EVALUATED_consensus_calls_only
ENSG00000015133	CCDC88C	SIMPLE_AND	INCONSISTENT	AND→INC			NOT_EVALUATED_consensus_calls_only
ENSG00000015285	WAS	SIMPLE_AND	INCONSISTENT	AND→INC			NOT_EVALUATED_consensus_calls_only
ENSG00000015532	XYLT2	SIMPLE_AND	INCONSISTENT	AND→INC			NOT_EVALUATED_consensus_calls_only
ENSG00000016391	CHDH	SIMPLE_AND	BIVALENT	AND→BIV			NOT_EVALUATED_consensus_calls_only
ENSG00000017427	IGF1	COMPLEX	INCONSISTENT	CPX→INC			NOT_EVALUATED_consensus_calls_only
ENSG00000019144	PHLDB1	BIVALENT	SIMPLE_AND	BIV→AND			NOT_EVALUATED_consensus_calls_only
ENSG00000020577	SAMD4A	SIMPLE_OR	INCONSISTENT	OR→INC			NOT_EVALUATED_consensus_calls_only
ENSG00000021300	PLEKHB1	SIMPLE_OR	BIVALENT	OR→BIV			NOT_EVALUATED_consensus_calls_only
ENSG00000021355	SERPINB1	BIVALENT	SIMPLE_AND	BIV→AND			NOT_EVALUATED_consensus_calls_only
ENSG00000021762	OSBPL5	REPRESSED	INCONSISTENT	REP→INC			NOT_EVALUATED_consensus_calls_only
ENSG00000022567	SLC45A4	BIVALENT	SIMPLE_AND	BIV→AND			NOT_EVALUATED_consensus_calls_only
ENSG00000022976	ZNF839	SIMPLE_AND	INCONSISTENT	AND→INC			NOT_EVALUATED_consensus_calls_only
ENSG00000023041	ZDHHC6	SIMPLE_AND	INCONSISTENT	AND→INC			NOT_EVALUATED_consensus_calls_only
ENSG00000023445	BIRC3	COMPLEX	INCONSISTENT	CPX→INC			NOT_EVALUATED_consensus_calls_only
ENSG00000023516	AKAP11	SIMPLE_AND	COMPLEX	AND→CPX			NOT_EVALUATED_consensus_calls_only
ENSG00000023572	GLRX2	SIMPLE_AND	INCONSISTENT	AND→INC			NOT_EVALUATED_consensus_calls_only
ENSG00000023608	SNAPC1	SIMPLE_AND	INCONSISTENT	AND→INC			NOT_EVALUATED_consensus_calls_only
ENSG00000023697	DERA	SIMPLE_AND	INCONSISTENT	AND→INC			NOT_EVALUATED_consensus_calls_only
ENSG00000023902	PLEKHO1	SIMPLE_AND	INCONSISTENT	AND→INC			NOT_EVALUATED_consensus_calls_only
ENSG00000024862	CCDC28A	SIMPLE_AND	INCONSISTENT	AND→INC			NOT_EVALUATED_consensus_calls_only
ENSG00000025039	RRAGD	SIMPLE_AND	BIVALENT	AND→BIV			NOT_EVALUATED_consensus_calls_only
ENSG00000025434	NR1H3	COMPLEX	SIMPLE_AND	CPX→AND			NOT_EVALUATED_consensus_calls_only
ENSG00000026036	RTEL1-TNFRSF6B	SIMPLE_AND	INCONSISTENT	AND→INC			NOT_EVALUATED_consensus_calls_only
ENSG00000026508	CD44	SIMPLE_AND	BIVALENT	AND→BIV			NOT_EVALUATED_consensus_calls_only
ENSG00000026559	KCNG1	REPRESSED	BIVALENT	REP→BIV			NOT_EVALUATED_consensus_calls_only
ENSG00000026652	AGPAT4	SIMPLE_OR	INCONSISTENT	OR→INC			NOT_EVALUATED_consensus_calls_only
ENSG00000026950	BTN3A1	SIMPLE_AND	INCONSISTENT	AND→INC			NOT_EVALUATED_consensus_calls_only
ENSG00000027001	MIPEP	SIMPLE_AND	INCONSISTENT	AND→INC			NOT_EVALUATED_consensus_calls_only
ENSG00000027075	PRKCH	REPRESSED	BIVALENT	REP→BIV			NOT_EVALUATED_consensus_calls_only
ENSG00000027644	INSRR	BIVALENT	INCONSISTENT	BIV→INC			NOT_EVALUATED_consensus_calls_only
ENSG00000027697	IFNGR1	SIMPLE_AND	INCONSISTENT	AND→INC			NOT_EVALUATED_consensus_calls_only
ENSG00000027847	B4GALT7	SIMPLE_AND	INCONSISTENT	AND→INC			NOT_EVALUATED_consensus_calls_only
ENSG00000028277	POU2F2	SIMPLE_OR	INCONSISTENT	OR→INC			NOT_EVALUATED_consensus_calls_only
ENSG00000029153	BMAL2	SIMPLE_AND	BIVALENT	AND→BIV			NOT_EVALUATED_consensus_calls_only
ENSG00000030419	IKZF2	SIMPLE_AND	INCONSISTENT	AND→INC			NOT_EVALUATED_consensus_calls_only
ENSG00000031081	ARHGAP31	SIMPLE_AND	INCONSISTENT	AND→INC			NOT_EVALUATED_consensus_calls_only
ENSG00000031691	CENPQ	SIMPLE_AND	INCONSISTENT	AND→INC			NOT_EVALUATED_consensus_calls_only
ENSG00000032219	ARID4A	COMPLEX	INCONSISTENT	CPX→INC			NOT_EVALUATED_consensus_calls_only
ENSG00000032742	IFT88	SIMPLE_AND	COMPLEX	AND→CPX			NOT_EVALUATED_consensus_calls_only
ENSG00000033011	ALG1	SIMPLE_OR	SIMPLE_AND	OR→AND			NOT_EVALUATED_consensus_calls_only
ENSG00000033170	FUT8	SIMPLE_AND	INCONSISTENT	AND→INC			NOT_EVALUATED_consensus_calls_only
ENSG00000033327	GAB2	COMPLEX	INCONSISTENT	CPX→INC			NOT_EVALUATED_consensus_calls_only
ENSG00000034152	MAP2K3	SIMPLE_AND	INCONSISTENT	AND→INC			NOT_EVALUATED_consensus_calls_only
ENSG00000034533	ASTE1	SIMPLE_AND	INCONSISTENT	AND→INC			NOT_EVALUATED_consensus_calls_only
ENSG00000035115	SH3YL1	SIMPLE_AND	INCONSISTENT	AND→INC			NOT_EVALUATED_consensus_calls_only
ENSG00000035687	ADSS2	SIMPLE_AND	COMPLEX	AND→CPX			NOT_EVALUATED_consensus_calls_only
ENSG00000036530	CYP46A1	BIVALENT	INCONSISTENT	BIV→INC			NOT_EVALUATED_consensus_calls_only
ENSG00000036672	USP2	BIVALENT	INCONSISTENT	BIV→INC			NOT_EVALUATED_consensus_calls_only
ENSG00000037965	HOXC8	REPRESSED	INCONSISTENT	REP→INC			NOT_EVALUATED_consensus_calls_only
ENSG00000038002	AGA	SIMPLE_AND	INCONSISTENT	AND→INC			NOT_EVALUATED_consensus_calls_only
ENSG00000038210	PI4K2B	SIMPLE_AND	INCONSISTENT	AND→INC			NOT_EVALUATED_consensus_calls_only
ENSG00000038382	TRIO	SIMPLE_AND	INCONSISTENT	AND→INC			NOT_EVALUATED_consensus_calls_only
ENSG00000039319	ZFYVE16	SIMPLE_AND	INCONSISTENT	AND→INC			NOT_EVALUATED_consensus_calls_only
ENSG00000039560	RAI14	REPRESSED	SIMPLE_AND	REP→AND			NOT_EVALUATED_consensus_calls_only
ENSG00000040199	PHLPP2	SIMPLE_AND	INCONSISTENT	AND→INC			NOT_EVALUATED_consensus_calls_only
ENSG00000040531	CTNS	SIMPLE_AND	INCONSISTENT	AND→INC			NOT_EVALUATED_consensus_calls_only
ENSG00000041880	PARP3	SIMPLE_AND	INCONSISTENT	AND→INC			NOT_EVALUATED_consensus_calls_only
ENSG00000041988	THAP3	SIMPLE_AND	INCONSISTENT	AND→INC			NOT_EVALUATED_consensus_calls_only
ENSG00000042286	AIFM2	SIMPLE_AND	INCONSISTENT	AND→INC			NOT_EVALUATED_consensus_calls_only
ENSG00000042317	SPATA7	SIMPLE_OR	INCONSISTENT	OR→INC			NOT_EVALUATED_consensus_calls_only
ENSG00000043355	ZIC2	BIVALENT	SIMPLE_AND	BIV→AND			NOT_EVALUATED_consensus_calls_only
ENSG00000043591	ADRB1	SIMPLE_OR	INCONSISTENT	OR→INC			NOT_EVALUATED_consensus_calls_only
ENSG00000046647	GEMIN8	COMPLEX	SIMPLE_AND	CPX→AND			NOT_EVALUATED_consensus_calls_only
ENSG00000046651	OFD1	SIMPLE_AND	INCONSISTENT	AND→INC			NOT_EVALUATED_consensus_calls_only
ENSG00000046653	GPM6B	BIVALENT	REPRESSED	BIV→REP			NOT_EVALUATED_consensus_calls_only
ENSG00000047188	YTHDC2	SIMPLE_AND	COMPLEX	AND→CPX			NOT_EVALUATED_consensus_calls_only
ENSG00000047315	POLR2B	COMPLEX	SIMPLE_AND	CPX→AND			NOT_EVALUATED_consensus_calls_only
ENSG00000047346	ATOSA	SIMPLE_OR	REPRESSED	OR→REP			NOT_EVALUATED_consensus_calls_only
ENSG00000047365	ARAP2	SIMPLE_AND	INCONSISTENT	AND→INC			NOT_EVALUATED_consensus_calls_only
ENSG00000047578	KATNIP	SIMPLE_AND	INCONSISTENT	AND→INC			NOT_EVALUATED_consensus_calls_only
ENSG00000047597	XK	INCONSISTENT	SIMPLE_AND	INC→AND			NOT_EVALUATED_consensus_calls_only
ENSG00000047644	WWC3	SIMPLE_AND	INCONSISTENT	AND→INC			NOT_EVALUATED_consensus_calls_only
ENSG00000047648	ARHGAP6	INCONSISTENT	REPRESSED	INC→REP			NOT_EVALUATED_consensus_calls_only
ENSG00000048392	RRM2B	SIMPLE_AND	INCONSISTENT	AND→INC			NOT_EVALUATED_consensus_calls_only
ENSG00000048462	TNFRSF17	SIMPLE_AND	INCONSISTENT	AND→INC			NOT_EVALUATED_consensus_calls_only
ENSG00000048471	SNX29	SIMPLE_AND	INCONSISTENT	AND→INC			NOT_EVALUATED_consensus_calls_only
ENSG00000049130	KITLG	REPRESSED	INCONSISTENT	REP→INC			NOT_EVALUATED_consensus_calls_only
ENSG00000049192	ADAMTS6	SIMPLE_AND	INCONSISTENT	AND→INC			NOT_EVALUATED_consensus_calls_only
ENSG00000049239	H6PD	SIMPLE_AND	INCONSISTENT	AND→INC			NOT_EVALUATED_consensus_calls_only
ENSG00000049246	PER3	SIMPLE_OR	COMPLEX	OR→CPX			NOT_EVALUATED_consensus_calls_only
ENSG00000049249	TNFRSF9	REPRESSED	BIVALENT	REP→BIV			NOT_EVALUATED_consensus_calls_only
ENSG00000049323	LTBP1	BIVALENT	SIMPLE_AND	BIV→AND			NOT_EVALUATED_consensus_calls_only
ENSG00000049449	RCN1	SIMPLE_AND	INCONSISTENT	AND→INC			NOT_EVALUATED_consensus_calls_only
ENSG00000049769	PPP1R3F	SIMPLE_AND	INCONSISTENT	AND→INC			NOT_EVALUATED_consensus_calls_only
ENSG00000049860	HEXB	SIMPLE_AND	SIMPLE_OR	AND→OR			NOT_EVALUATED_consensus_calls_only
ENSG00000049883	PTCD2	SIMPLE_AND	INCONSISTENT	AND→INC			NOT_EVALUATED_consensus_calls_only
ENSG00000050165	DKK3	REPRESSED	INCONSISTENT	REP→INC			NOT_EVALUATED_consensus_calls_only
ENSG00000050344	NFE2L3	SIMPLE_AND	INCONSISTENT	AND→INC			NOT_EVALUATED_consensus_calls_only
ENSG00000050405	LIMA1	BIVALENT	SIMPLE_AND	BIV→AND			NOT_EVALUATED_consensus_calls_only
ENSG00000050438	SLC4A8	SIMPLE_AND	INCONSISTENT	AND→INC			NOT_EVALUATED_consensus_calls_only
ENSG00000050628	PTGER3	REPRESSED	INCONSISTENT	REP→INC			NOT_EVALUATED_consensus_calls_only
ENSG00000050767	COL23A1	REPRESSED	BIVALENT	REP→BIV			NOT_EVALUATED_consensus_calls_only
ENSG00000050820	BCAR1	SIMPLE_AND	INCONSISTENT	AND→INC			NOT_EVALUATED_consensus_calls_only
ENSG00000051128	HOMER3	BIVALENT	INCONSISTENT	BIV→INC			NOT_EVALUATED_consensus_calls_only
ENSG00000051620	HEBP2	SIMPLE_AND	INCONSISTENT	AND→INC			NOT_EVALUATED_consensus_calls_only
ENSG00000052126	PLEKHA5	BIVALENT	INCONSISTENT	BIV→INC			NOT_EVALUATED_consensus_calls_only
ENSG00000052850	ALX4	REPRESSED	INCONSISTENT	REP→INC			NOT_EVALUATED_consensus_calls_only
ENSG00000053254	FOXN3	SIMPLE_AND	INCONSISTENT	AND→INC			NOT_EVALUATED_consensus_calls_only
ENSG00000053524	MCF2L2	BIVALENT	INCONSISTENT	BIV→INC			NOT_EVALUATED_consensus_calls_only
ENSG00000053918	KCNQ1	REPRESSED	INCONSISTENT	REP→INC			NOT_EVALUATED_consensus_calls_only
ENSG00000054179	ENTPD2	REPRESSED	INCONSISTENT	REP→INC			NOT_EVALUATED_consensus_calls_only
ENSG00000054219	LY75	SIMPLE_AND	REPRESSED	AND→REP			NOT_EVALUATED_consensus_calls_only
ENSG00000054392	HHAT	SIMPLE_AND	INCONSISTENT	AND→INC			NOT_EVALUATED_consensus_calls_only
ENSG00000054611	TBC1D22A	SIMPLE_AND	INCONSISTENT	AND→INC			NOT_EVALUATED_consensus_calls_only
ENSG00000054690	PLEKHH1	BIVALENT	INCONSISTENT	BIV→INC			NOT_EVALUATED_consensus_calls_only
ENSG00000054965	FAM168A	SIMPLE_AND	INCONSISTENT	AND→INC			NOT_EVALUATED_consensus_calls_only
ENSG00000054967	RELT	SIMPLE_AND	INCONSISTENT	AND→INC			NOT_EVALUATED_consensus_calls_only
ENSG00000054983	GALC	COMPLEX	INCONSISTENT	CPX→INC			NOT_EVALUATED_consensus_calls_only
ENSG00000055118	KCNH2	BIVALENT	SIMPLE_AND	BIV→AND			NOT_EVALUATED_consensus_calls_only
ENSG00000055163	CYFIP2	SIMPLE_AND	INCONSISTENT	AND→INC			NOT_EVALUATED_consensus_calls_only
ENSG00000055211	GINM1	SIMPLE_AND	INCONSISTENT	AND→INC			NOT_EVALUATED_consensus_calls_only
ENSG00000055732	MCOLN3	INCONSISTENT	BIVALENT	INC→BIV			NOT_EVALUATED_consensus_calls_only
ENSG00000056050	HPF1	SIMPLE_AND	INCONSISTENT	AND→INC			NOT_EVALUATED_consensus_calls_only
ENSG00000056277	ZNF280C	SIMPLE_AND	COMPLEX	AND→CPX			NOT_EVALUATED_consensus_calls_only
ENSG00000056736	IL17RB	SIMPLE_AND	BIVALENT	AND→BIV			NOT_EVALUATED_consensus_calls_only
ENSG00000057019	DCBLD2	SIMPLE_AND	INCONSISTENT	AND→INC			NOT_EVALUATED_consensus_calls_only
ENSG00000057294	PKP2	REPRESSED	BIVALENT	REP→BIV			NOT_EVALUATED_consensus_calls_only
ENSG00000057657	PRDM1	BIVALENT	INCONSISTENT	BIV→INC			NOT_EVALUATED_consensus_calls_only
ENSG00000057704	TMCC3	SIMPLE_OR	REPRESSED	OR→REP			NOT_EVALUATED_consensus_calls_only
ENSG00000057935	MTA3	BIVALENT	SIMPLE_OR	BIV→OR			NOT_EVALUATED_consensus_calls_only
ENSG00000058056	USP13	SIMPLE_AND	BIVALENT	AND→BIV			NOT_EVALUATED_consensus_calls_only
ENSG00000058673	ZC3H11A	COMPLEX	SIMPLE_AND	CPX→AND			NOT_EVALUATED_consensus_calls_only
ENSG00000059122	FLYWCH1	SIMPLE_AND	INCONSISTENT	AND→INC			NOT_EVALUATED_consensus_calls_only
ENSG00000059145	UNKL	COMPLEX	SIMPLE_AND	CPX→AND			NOT_EVALUATED_consensus_calls_only
ENSG00000059377	TBXAS1	BIVALENT	INCONSISTENT	BIV→INC			NOT_EVALUATED_consensus_calls_only
ENSG00000059378	PARP12	SIMPLE_OR	COMPLEX	OR→CPX			NOT_EVALUATED_consensus_calls_only
ENSG00000059769	DNAJC25	SIMPLE_AND	INCONSISTENT	AND→INC			NOT_EVALUATED_consensus_calls_only
ENSG00000060069	CTDP1	SIMPLE_AND	INCONSISTENT	AND→INC			NOT_EVALUATED_consensus_calls_only
ENSG00000060140	STYK1	COMPLEX	INCONSISTENT	CPX→INC			NOT_EVALUATED_consensus_calls_only
ENSG00000060558	GNA15	SIMPLE_AND	INCONSISTENT	AND→INC			NOT_EVALUATED_consensus_calls_only
ENSG00000060642	PIGV	SIMPLE_AND	INCONSISTENT	AND→INC			NOT_EVALUATED_consensus_calls_only
ENSG00000061273	HDAC7	SIMPLE_OR	SIMPLE_AND	OR→AND			NOT_EVALUATED_consensus_calls_only
ENSG00000061337	LZTS1	REPRESSED	BIVALENT	REP→BIV			NOT_EVALUATED_consensus_calls_only
ENSG00000061492	WNT8A	INCONSISTENT	REPRESSED	INC→REP			NOT_EVALUATED_consensus_calls_only
ENSG00000061656	SPAG4	SIMPLE_AND	INCONSISTENT	AND→INC			NOT_EVALUATED_consensus_calls_only
ENSG00000061676	NCKAP1	BIVALENT	SIMPLE_AND	BIV→AND			NOT_EVALUATED_consensus_calls_only
ENSG00000061936	SFSWAP	SIMPLE_AND	COMPLEX	AND→CPX			NOT_EVALUATED_consensus_calls_only
ENSG00000062524	LTK	BIVALENT	INCONSISTENT	BIV→INC			NOT_EVALUATED_consensus_calls_only
ENSG00000063169	BICRA	SIMPLE_AND	INCONSISTENT	AND→INC			NOT_EVALUATED_consensus_calls_only
ENSG00000063176	SPHK2	SIMPLE_AND	INCONSISTENT	AND→INC			NOT_EVALUATED_consensus_calls_only
ENSG00000063322	MED29	SIMPLE_AND	INCONSISTENT	AND→INC			NOT_EVALUATED_consensus_calls_only
ENSG00000063438	AHRR	SIMPLE_AND	INCONSISTENT	AND→INC			NOT_EVALUATED_consensus_calls_only
ENSG00000063660	GPC1	BIVALENT	INCONSISTENT	BIV→INC			NOT_EVALUATED_consensus_calls_only
ENSG00000063761	ADCK1	SIMPLE_AND	INCONSISTENT	AND→INC			NOT_EVALUATED_consensus_calls_only
ENSG00000064225	ST3GAL6	SIMPLE_AND	REPRESSED	AND→REP			NOT_EVALUATED_consensus_calls_only
ENSG00000064489	BORCS8-MEF2B	SIMPLE_AND	INCONSISTENT	AND→INC			NOT_EVALUATED_consensus_calls_only
ENSG00000064692	SNCAIP	REPRESSED	INCONSISTENT	REP→INC			NOT_EVALUATED_consensus_calls_only
ENSG00000064933	PMS1	COMPLEX	SIMPLE_AND	CPX→AND			NOT_EVALUATED_consensus_calls_only
ENSG00000064999	ANKS1A	SIMPLE_AND	INCONSISTENT	AND→INC			NOT_EVALUATED_consensus_calls_only
ENSG00000065029	ZNF76	SIMPLE_AND	INCONSISTENT	AND→INC			NOT_EVALUATED_consensus_calls_only
ENSG00000065054	SLC9A3R2	INCONSISTENT	SIMPLE_AND	INC→AND			NOT_EVALUATED_consensus_calls_only
ENSG00000065135	GNAI3	SIMPLE_AND	INCONSISTENT	AND→INC			NOT_EVALUATED_consensus_calls_only
ENSG00000065154	OAT	BIVALENT	SIMPLE_AND	BIV→AND			NOT_EVALUATED_consensus_calls_only
ENSG00000065308	TRAM2	SIMPLE_AND	INCONSISTENT	AND→INC			NOT_EVALUATED_consensus_calls_only
ENSG00000065320	NTN1	BIVALENT	INCONSISTENT	BIV→INC			NOT_EVALUATED_consensus_calls_only
ENSG00000065357	DGKA	SIMPLE_AND	INCONSISTENT	AND→INC			NOT_EVALUATED_consensus_calls_only
ENSG00000065413	ANKRD44	SIMPLE_AND	BIVALENT	AND→BIV			NOT_EVALUATED_consensus_calls_only
ENSG00000065491	TBC1D22B	SIMPLE_AND	INCONSISTENT	AND→INC			NOT_EVALUATED_consensus_calls_only
ENSG00000065534	MYLK	BIVALENT	INCONSISTENT	BIV→INC			NOT_EVALUATED_consensus_calls_only
ENSG00000065615	CYB5R4	BIVALENT	INCONSISTENT	BIV→INC			NOT_EVALUATED_consensus_calls_only
ENSG00000065665	SEC61A2	SIMPLE_AND	INCONSISTENT	AND→INC			NOT_EVALUATED_consensus_calls_only
ENSG00000065675	PRKCQ	BIVALENT	SIMPLE_AND	BIV→AND			NOT_EVALUATED_consensus_calls_only
ENSG00000065717	TLE2	REPRESSED	SIMPLE_AND	REP→AND			NOT_EVALUATED_consensus_calls_only
ENSG00000065833	ME1	SIMPLE_AND	INCONSISTENT	AND→INC			NOT_EVALUATED_consensus_calls_only
ENSG00000065882	TBC1D1	SIMPLE_AND	BIVALENT	AND→BIV			NOT_EVALUATED_consensus_calls_only
ENSG00000065923	SLC9A7	SIMPLE_AND	INCONSISTENT	AND→INC			NOT_EVALUATED_consensus_calls_only
ENSG00000065970	FOXJ2	SIMPLE_AND	INCONSISTENT	AND→INC			NOT_EVALUATED_consensus_calls_only
ENSG00000065989	PDE4A	BIVALENT	SIMPLE_AND	BIV→AND			NOT_EVALUATED_consensus_calls_only
ENSG00000066027	PPP2R5A	COMPLEX	SIMPLE_AND	CPX→AND			NOT_EVALUATED_consensus_calls_only
ENSG00000066185	ZMYND12	INCONSISTENT	COMPLEX	INC→CPX			NOT_EVALUATED_consensus_calls_only
ENSG00000066294	CD84	SIMPLE_AND	INCONSISTENT	AND→INC			NOT_EVALUATED_consensus_calls_only
ENSG00000066379	POLR1H	COMPLEX	SIMPLE_AND	CPX→AND			NOT_EVALUATED_consensus_calls_only
ENSG00000066382	MPPED2	REPRESSED	INCONSISTENT	REP→INC			NOT_EVALUATED_consensus_calls_only
ENSG00000066427	ATXN3	SIMPLE_AND	INCONSISTENT	AND→INC			NOT_EVALUATED_consensus_calls_only
ENSG00000066455	GOLGA5	SIMPLE_AND	COMPLEX	AND→CPX			NOT_EVALUATED_consensus_calls_only
ENSG00000066583	ISOC1	COMPLEX	SIMPLE_AND	CPX→AND			NOT_EVALUATED_consensus_calls_only
ENSG00000066735	KIF26A	REPRESSED	INCONSISTENT	REP→INC			NOT_EVALUATED_consensus_calls_only
ENSG00000066739	ATG2B	SIMPLE_AND	INCONSISTENT	AND→INC			NOT_EVALUATED_consensus_calls_only
ENSG00000066827	ZFAT	SIMPLE_AND	INCONSISTENT	AND→INC			NOT_EVALUATED_consensus_calls_only
ENSG00000066923	STAG3	SIMPLE_OR	INCONSISTENT	OR→INC			NOT_EVALUATED_consensus_calls_only
ENSG00000067113	PLPP1	SIMPLE_AND	BIVALENT	AND→BIV			NOT_EVALUATED_consensus_calls_only
ENSG00000067191	CACNB1	SIMPLE_AND	INCONSISTENT	AND→INC			NOT_EVALUATED_consensus_calls_only
ENSG00000067208	EVI5	REPRESSED	SIMPLE_AND	REP→AND			NOT_EVALUATED_consensus_calls_only
ENSG00000067221	STOML1	SIMPLE_AND	INCONSISTENT	AND→INC			NOT_EVALUATED_consensus_calls_only
ENSG00000067248	DHX29	SIMPLE_AND	INCONSISTENT	AND→INC			NOT_EVALUATED_consensus_calls_only
ENSG00000067533	RRP15	SIMPLE_AND	COMPLEX	AND→CPX			NOT_EVALUATED_consensus_calls_only
ENSG00000067601	PMS2P4	SIMPLE_OR	INCONSISTENT	OR→INC			NOT_EVALUATED_consensus_calls_only
ENSG00000067798	NAV3	REPRESSED	INCONSISTENT	REP→INC			NOT_EVALUATED_consensus_calls_only
ENSG00000067836	ROGDI	SIMPLE_AND	INCONSISTENT	AND→INC			NOT_EVALUATED_consensus_calls_only
ENSG00000067992	PDK3	SIMPLE_AND	BIVALENT	AND→BIV			NOT_EVALUATED_consensus_calls_only
ENSG00000068078	FGFR3	REPRESSED	SIMPLE_AND	REP→AND			NOT_EVALUATED_consensus_calls_only
ENSG00000068079	IFI35	SIMPLE_AND	INCONSISTENT	AND→INC			NOT_EVALUATED_consensus_calls_only
ENSG00000068137	PLEKHH3	SIMPLE_AND	INCONSISTENT	AND→INC			NOT_EVALUATED_consensus_calls_only
ENSG00000068305	MEF2A	SIMPLE_AND	BIVALENT	AND→BIV			NOT_EVALUATED_consensus_calls_only
ENSG00000068354	TBC1D25	SIMPLE_AND	INCONSISTENT	AND→INC			NOT_EVALUATED_consensus_calls_only
ENSG00000068383	INPP5A	SIMPLE_AND	INCONSISTENT	AND→INC			NOT_EVALUATED_consensus_calls_only
ENSG00000068400	GRIPAP1	SIMPLE_AND	INCONSISTENT	AND→INC			NOT_EVALUATED_consensus_calls_only
ENSG00000068615	REEP1	BIVALENT	REPRESSED	BIV→REP			NOT_EVALUATED_consensus_calls_only
ENSG00000068650	ATP11A	SIMPLE_AND	INCONSISTENT	AND→INC			NOT_EVALUATED_consensus_calls_only
ENSG00000068724	TTC7A	SIMPLE_AND	INCONSISTENT	AND→INC			NOT_EVALUATED_consensus_calls_only
ENSG00000068885	IFT80	SIMPLE_AND	INCONSISTENT	AND→INC			NOT_EVALUATED_consensus_calls_only
ENSG00000068903	SIRT2	COMPLEX	SIMPLE_AND	CPX→AND			NOT_EVALUATED_consensus_calls_only
ENSG00000068971	PPP2R5B	SIMPLE_AND	INCONSISTENT	AND→INC			NOT_EVALUATED_consensus_calls_only
ENSG00000069011	PITX1	BIVALENT	SIMPLE_AND	BIV→AND			NOT_EVALUATED_consensus_calls_only
ENSG00000069275	NUCKS1	COMPLEX	SIMPLE_AND	CPX→AND			NOT_EVALUATED_consensus_calls_only
ENSG00000069399	BCL3	SIMPLE_AND	INCONSISTENT	AND→INC			NOT_EVALUATED_consensus_calls_only
ENSG00000069424	KCNAB2	SIMPLE_AND	INCONSISTENT	AND→INC			NOT_EVALUATED_consensus_calls_only
ENSG00000069482	GAL	REPRESSED	SIMPLE_AND	REP→AND			NOT_EVALUATED_consensus_calls_only
ENSG00000069509	FUNDC1	SIMPLE_AND	INCONSISTENT	AND→INC			NOT_EVALUATED_consensus_calls_only
ENSG00000069812	HES2	REPRESSED	INCONSISTENT	REP→INC			NOT_EVALUATED_consensus_calls_only
ENSG00000069869	NEDD4	SIMPLE_AND	INCONSISTENT	AND→INC			NOT_EVALUATED_consensus_calls_only
ENSG00000070010	UFD1	COMPLEX	SIMPLE_AND	CPX→AND			NOT_EVALUATED_consensus_calls_only
ENSG00000070047	PHRF1	BIVALENT	SIMPLE_AND	BIV→AND			NOT_EVALUATED_consensus_calls_only
ENSG00000070182	SPTB	BIVALENT	SIMPLE_AND	BIV→AND			NOT_EVALUATED_consensus_calls_only
ENSG00000070214	SLC44A1	SIMPLE_AND	INCONSISTENT	AND→INC			NOT_EVALUATED_consensus_calls_only
ENSG00000070404	FSTL3	SIMPLE_OR	INCONSISTENT	OR→INC			NOT_EVALUATED_consensus_calls_only
ENSG00000070423	RNF126	SIMPLE_AND	COMPLEX	AND→CPX			NOT_EVALUATED_consensus_calls_only
ENSG00000070444	MNT	SIMPLE_AND	INCONSISTENT	AND→INC			NOT_EVALUATED_consensus_calls_only
ENSG00000070476	ZXDC	SIMPLE_AND	INCONSISTENT	AND→INC			NOT_EVALUATED_consensus_calls_only
ENSG00000070540	WIPI1	SIMPLE_AND	INCONSISTENT	AND→INC			NOT_EVALUATED_consensus_calls_only
ENSG00000070759	TESK2	SIMPLE_AND	INCONSISTENT	AND→INC			NOT_EVALUATED_consensus_calls_only
ENSG00000070778	PTPN21	BIVALENT	INCONSISTENT	BIV→INC			NOT_EVALUATED_consensus_calls_only
ENSG00000070814	TCOF1	SIMPLE_AND	BIVALENT	AND→BIV			NOT_EVALUATED_consensus_calls_only
ENSG00000070985	TRPM5	REPRESSED	INCONSISTENT	REP→INC			NOT_EVALUATED_consensus_calls_only
ENSG00000071051	NCK2	SIMPLE_AND	INCONSISTENT	AND→INC			NOT_EVALUATED_consensus_calls_only
ENSG00000071054	MAP4K4	BIVALENT	SIMPLE_AND	BIV→AND			NOT_EVALUATED_consensus_calls_only
ENSG00000071073	MGAT4A	SIMPLE_OR	BIVALENT	OR→BIV			NOT_EVALUATED_consensus_calls_only
ENSG00000071189	SNX13	BIVALENT	SIMPLE_AND	BIV→AND			NOT_EVALUATED_consensus_calls_only
ENSG00000071205	ARHGAP10	SIMPLE_AND	BIVALENT	AND→BIV			NOT_EVALUATED_consensus_calls_only
ENSG00000071537	SEL1L	COMPLEX	INCONSISTENT	CPX→INC			NOT_EVALUATED_consensus_calls_only
ENSG00000071553	ATP6AP1	SIMPLE_OR	SIMPLE_AND	OR→AND			NOT_EVALUATED_consensus_calls_only
ENSG00000071575	TRIB2	BIVALENT	SIMPLE_AND	BIV→AND			NOT_EVALUATED_consensus_calls_only
ENSG00000072071	ADGRL1	SIMPLE_OR	SIMPLE_AND	OR→AND			NOT_EVALUATED_consensus_calls_only
ENSG00000072110	ACTN1	BIVALENT	SIMPLE_AND	BIV→AND			NOT_EVALUATED_consensus_calls_only
ENSG00000072135	PTPN18	SIMPLE_OR	SIMPLE_AND	OR→AND			NOT_EVALUATED_consensus_calls_only
ENSG00000072182	ASIC4	REPRESSED	INCONSISTENT	REP→INC			NOT_EVALUATED_consensus_calls_only
ENSG00000072210	ALDH3A2	SIMPLE_AND	INCONSISTENT	AND→INC			NOT_EVALUATED_consensus_calls_only
ENSG00000072401	UBE2D1	SIMPLE_AND	INCONSISTENT	AND→INC			NOT_EVALUATED_consensus_calls_only
ENSG00000072415	PALS1	SIMPLE_AND	INCONSISTENT	AND→INC			NOT_EVALUATED_consensus_calls_only
ENSG00000072422	RHOBTB1	REPRESSED	INCONSISTENT	REP→INC			NOT_EVALUATED_consensus_calls_only
ENSG00000072609	CHFR	SIMPLE_AND	SIMPLE_OR	AND→OR			NOT_EVALUATED_consensus_calls_only
ENSG00000072682	P4HA2	BIVALENT	SIMPLE_AND	BIV→AND			NOT_EVALUATED_consensus_calls_only
ENSG00000072778	ACADVL	SIMPLE_OR	SIMPLE_AND	OR→AND			NOT_EVALUATED_consensus_calls_only
ENSG00000072786	STK10	SIMPLE_AND	INCONSISTENT	AND→INC			NOT_EVALUATED_consensus_calls_only
ENSG00000072818	ACAP1	SIMPLE_AND	INCONSISTENT	AND→INC			NOT_EVALUATED_consensus_calls_only
ENSG00000072840	EVC	SIMPLE_AND	INCONSISTENT	AND→INC			NOT_EVALUATED_consensus_calls_only
ENSG00000072849	DERL2	SIMPLE_AND	INCONSISTENT	AND→INC			NOT_EVALUATED_consensus_calls_only
ENSG00000072954	TMEM38A	SIMPLE_AND	INCONSISTENT	AND→INC			NOT_EVALUATED_consensus_calls_only
ENSG00000073050	XRCC1	SIMPLE_AND	SIMPLE_OR	AND→OR			NOT_EVALUATED_consensus_calls_only
ENSG00000073150	PANX2	BIVALENT	INCONSISTENT	BIV→INC			NOT_EVALUATED_consensus_calls_only
ENSG00000073169	SELENOO	SIMPLE_AND	INCONSISTENT	AND→INC			NOT_EVALUATED_consensus_calls_only
ENSG00000073331	ALPK1	SIMPLE_AND	INCONSISTENT	AND→INC			NOT_EVALUATED_consensus_calls_only
ENSG00000073350	LLGL2	BIVALENT	SIMPLE_AND	BIV→AND			NOT_EVALUATED_consensus_calls_only
ENSG00000073670	ADAM11	REPRESSED	INCONSISTENT	REP→INC			NOT_EVALUATED_consensus_calls_only
ENSG00000073711	PPP2R3A	BIVALENT	INCONSISTENT	BIV→INC			NOT_EVALUATED_consensus_calls_only
ENSG00000073712	FERMT2	BIVALENT	INCONSISTENT	BIV→INC			NOT_EVALUATED_consensus_calls_only
ENSG00000073792	IGF2BP2	BIVALENT	INCONSISTENT	BIV→INC			NOT_EVALUATED_consensus_calls_only
ENSG00000073861	TBX21	SIMPLE_AND	REPRESSED	AND→REP			NOT_EVALUATED_consensus_calls_only
ENSG00000073910	FRY	BIVALENT	INCONSISTENT	BIV→INC			NOT_EVALUATED_consensus_calls_only
ENSG00000074219	TEAD2	REPRESSED	SIMPLE_AND	REP→AND			NOT_EVALUATED_consensus_calls_only
ENSG00000074317	SNCB	REPRESSED	BIVALENT	REP→BIV			NOT_EVALUATED_consensus_calls_only
ENSG00000074356	NCBP3	SIMPLE_AND	INCONSISTENT	AND→INC			NOT_EVALUATED_consensus_calls_only
ENSG00000074416	MGLL	SIMPLE_AND	INCONSISTENT	AND→INC			NOT_EVALUATED_consensus_calls_only
ENSG00000074621	SLC24A1	SIMPLE_AND	INCONSISTENT	AND→INC			NOT_EVALUATED_consensus_calls_only
ENSG00000074706	IPCEF1	SIMPLE_OR	REPRESSED	OR→REP			NOT_EVALUATED_consensus_calls_only
ENSG00000074855	ANO8	SIMPLE_AND	INCONSISTENT	AND→INC			NOT_EVALUATED_consensus_calls_only
ENSG00000075035	WSCD2	REPRESSED	INCONSISTENT	REP→INC			NOT_EVALUATED_consensus_calls_only
ENSG00000075218	GTSE1	SIMPLE_AND	INCONSISTENT	AND→INC			NOT_EVALUATED_consensus_calls_only
ENSG00000075240	GRAMD4	SIMPLE_OR	SIMPLE_AND	OR→AND			NOT_EVALUATED_consensus_calls_only
ENSG00000075340	ADD2	REPRESSED	SIMPLE_AND	REP→AND			NOT_EVALUATED_consensus_calls_only
ENSG00000075391	RASAL2	BIVALENT	INCONSISTENT	BIV→INC			NOT_EVALUATED_consensus_calls_only
ENSG00000075407	ZNF37A	SIMPLE_AND	COMPLEX	AND→CPX			NOT_EVALUATED_consensus_calls_only
ENSG00000075426	FOSL2	BIVALENT	INCONSISTENT	BIV→INC			NOT_EVALUATED_consensus_calls_only
ENSG00000075624	ACTB	SIMPLE_OR	SIMPLE_AND	OR→AND			NOT_EVALUATED_consensus_calls_only
ENSG00000075651	PLD1	SIMPLE_AND	INCONSISTENT	AND→INC			NOT_EVALUATED_consensus_calls_only
ENSG00000076043	REXO2	SIMPLE_OR	SIMPLE_AND	OR→AND			NOT_EVALUATED_consensus_calls_only
ENSG00000076053	RBM7	COMPLEX	SIMPLE_AND	CPX→AND			NOT_EVALUATED_consensus_calls_only
ENSG00000076067	RBMS2	SIMPLE_AND	INCONSISTENT	AND→INC			NOT_EVALUATED_consensus_calls_only
ENSG00000076351	SLC46A1	SIMPLE_AND	BIVALENT	AND→BIV			NOT_EVALUATED_consensus_calls_only
ENSG00000076641	PAG1	SIMPLE_AND	INCONSISTENT	AND→INC			NOT_EVALUATED_consensus_calls_only
ENSG00000076650	GPATCH1	SIMPLE_AND	INCONSISTENT	AND→INC			NOT_EVALUATED_consensus_calls_only
ENSG00000076826	CAMSAP3	SIMPLE_OR	BIVALENT	OR→BIV			NOT_EVALUATED_consensus_calls_only
ENSG00000076864	RAP1GAP	REPRESSED	SIMPLE_AND	REP→AND			NOT_EVALUATED_consensus_calls_only
ENSG00000077063	CTTNBP2	REPRESSED	BIVALENT	REP→BIV			NOT_EVALUATED_consensus_calls_only
ENSG00000077150	NFKB2	SIMPLE_AND	INCONSISTENT	AND→INC			NOT_EVALUATED_consensus_calls_only
ENSG00000077232	DNAJC10	COMPLEX	SIMPLE_AND	CPX→AND			NOT_EVALUATED_consensus_calls_only
ENSG00000077238	IL4R	BIVALENT	INCONSISTENT	BIV→INC			NOT_EVALUATED_consensus_calls_only
ENSG00000077713	SLC25A43	SIMPLE_AND	INCONSISTENT	AND→INC			NOT_EVALUATED_consensus_calls_only
ENSG00000078043	PIAS2	SIMPLE_AND	INCONSISTENT	AND→INC			NOT_EVALUATED_consensus_calls_only
ENSG00000078070	MCCC1	SIMPLE_OR	BIVALENT	OR→BIV			NOT_EVALUATED_consensus_calls_only
ENSG00000078081	LAMP3	SIMPLE_AND	INCONSISTENT	AND→INC			NOT_EVALUATED_consensus_calls_only
ENSG00000078124	ACER3	SIMPLE_AND	INCONSISTENT	AND→INC			NOT_EVALUATED_consensus_calls_only
ENSG00000078177	N4BP2	SIMPLE_AND	INCONSISTENT	AND→INC			NOT_EVALUATED_consensus_calls_only
ENSG00000078246	TULP3	SIMPLE_AND	INCONSISTENT	AND→INC			NOT_EVALUATED_consensus_calls_only
ENSG00000078269	SYNJ2	BIVALENT	SIMPLE_AND	BIV→AND			NOT_EVALUATED_consensus_calls_only
ENSG00000078319	PMS2P1	SIMPLE_AND	INCONSISTENT	AND→INC			NOT_EVALUATED_consensus_calls_only
ENSG00000078401	EDN1	SIMPLE_AND	REPRESSED	AND→REP			NOT_EVALUATED_consensus_calls_only
ENSG00000078487	ZCWPW1	SIMPLE_AND	INCONSISTENT	AND→INC			NOT_EVALUATED_consensus_calls_only
ENSG00000078699	CBFA2T2	SIMPLE_AND	INCONSISTENT	AND→INC			NOT_EVALUATED_consensus_calls_only
ENSG00000078804	TP53INP2	SIMPLE_AND	INCONSISTENT	AND→INC			NOT_EVALUATED_consensus_calls_only
ENSG00000078808	SDF4	SIMPLE_AND	COMPLEX	AND→CPX			NOT_EVALUATED_consensus_calls_only
ENSG00000078900	TP73	SIMPLE_AND	BIVALENT	AND→BIV			NOT_EVALUATED_consensus_calls_only
ENSG00000079150	FKBP7	SIMPLE_AND	INCONSISTENT	AND→INC			NOT_EVALUATED_consensus_calls_only
ENSG00000079156	OSBPL6	BIVALENT	SIMPLE_AND	BIV→AND			NOT_EVALUATED_consensus_calls_only
ENSG00000079332	SAR1A	SIMPLE_AND	COMPLEX	AND→CPX			NOT_EVALUATED_consensus_calls_only
ENSG00000079337	RAPGEF3	BIVALENT	INCONSISTENT	BIV→INC			NOT_EVALUATED_consensus_calls_only
ENSG00000079393	DUSP13	INCONSISTENT	SIMPLE_AND	INC→AND			NOT_EVALUATED_consensus_calls_only
ENSG00000079691	CARMIL1	SIMPLE_AND	INCONSISTENT	AND→INC			NOT_EVALUATED_consensus_calls_only
ENSG00000079739	PGM1	SIMPLE_AND	BIVALENT	AND→BIV			NOT_EVALUATED_consensus_calls_only
ENSG00000079785	DDX1	COMPLEX	SIMPLE_AND	CPX→AND			NOT_EVALUATED_consensus_calls_only
ENSG00000079931	MOXD1	SIMPLE_AND	INCONSISTENT	AND→INC			NOT_EVALUATED_consensus_calls_only
ENSG00000079950	STX7	SIMPLE_AND	INCONSISTENT	AND→INC			NOT_EVALUATED_consensus_calls_only
ENSG00000079974	RABL2B	SIMPLE_OR	INCONSISTENT	OR→INC			NOT_EVALUATED_consensus_calls_only
ENSG00000080200	CRYBG3	SIMPLE_AND	BIVALENT	AND→BIV			NOT_EVALUATED_consensus_calls_only
ENSG00000080298	RFX3	SIMPLE_AND	INCONSISTENT	AND→INC			NOT_EVALUATED_consensus_calls_only
ENSG00000080371	RAB21	COMPLEX	SIMPLE_AND	CPX→AND			NOT_EVALUATED_consensus_calls_only
ENSG00000080546	SESN1	SIMPLE_AND	INCONSISTENT	AND→INC			NOT_EVALUATED_consensus_calls_only
ENSG00000080823	MOK	SIMPLE_OR	INCONSISTENT	OR→INC			NOT_EVALUATED_consensus_calls_only
ENSG00000080839	RBL1	COMPLEX	SIMPLE_AND	CPX→AND			NOT_EVALUATED_consensus_calls_only
ENSG00000081014	AP4E1	SIMPLE_AND	INCONSISTENT	AND→INC			NOT_EVALUATED_consensus_calls_only
ENSG00000081026	MAGI3	BIVALENT	INCONSISTENT	BIV→INC			NOT_EVALUATED_consensus_calls_only
ENSG00000081041	CXCL2	REPRESSED	INCONSISTENT	REP→INC			NOT_EVALUATED_consensus_calls_only
ENSG00000081059	TCF7	BIVALENT	SIMPLE_AND	BIV→AND			NOT_EVALUATED_consensus_calls_only
ENSG00000081177	EXD2	SIMPLE_AND	INCONSISTENT	AND→INC			NOT_EVALUATED_consensus_calls_only
ENSG00000081181	ARG2	SIMPLE_OR	SIMPLE_AND	OR→AND			NOT_EVALUATED_consensus_calls_only
ENSG00000081237	PTPRC	SIMPLE_AND	INCONSISTENT	AND→INC			NOT_EVALUATED_consensus_calls_only
ENSG00000081377	CDC14B	BIVALENT	INCONSISTENT	BIV→INC			NOT_EVALUATED_consensus_calls_only
ENSG00000081386	ZNF510	SIMPLE_AND	INCONSISTENT	AND→INC			NOT_EVALUATED_consensus_calls_only
ENSG00000081760	AACS	SIMPLE_AND	INCONSISTENT	AND→INC			NOT_EVALUATED_consensus_calls_only
ENSG00000081923	ATP8B1	BIVALENT	INCONSISTENT	BIV→INC			NOT_EVALUATED_consensus_calls_only
ENSG00000082068	WDR70	SIMPLE_OR	SIMPLE_AND	OR→AND			NOT_EVALUATED_consensus_calls_only
ENSG00000082175	PGR	REPRESSED	INCONSISTENT	REP→INC			NOT_EVALUATED_consensus_calls_only
ENSG00000082258	CCNT2	COMPLEX	SIMPLE_AND	CPX→AND			NOT_EVALUATED_consensus_calls_only
ENSG00000082293	COL19A1	SIMPLE_AND	INCONSISTENT	AND→INC			NOT_EVALUATED_consensus_calls_only
ENSG00000082438	COBLL1	BIVALENT	INCONSISTENT	BIV→INC			NOT_EVALUATED_consensus_calls_only
ENSG00000082512	TRAF5	SIMPLE_AND	INCONSISTENT	AND→INC			NOT_EVALUATED_consensus_calls_only
ENSG00000082684	SEMA5B	REPRESSED	INCONSISTENT	REP→INC			NOT_EVALUATED_consensus_calls_only
ENSG00000082805	ERC1	BIVALENT	INCONSISTENT	BIV→INC			NOT_EVALUATED_consensus_calls_only
ENSG00000083097	DOP1A	COMPLEX	INCONSISTENT	CPX→INC			NOT_EVALUATED_consensus_calls_only
ENSG00000083099	LYRM2	SIMPLE_AND	INCONSISTENT	AND→INC			NOT_EVALUATED_consensus_calls_only
ENSG00000083123	BCKDHB	COMPLEX	INCONSISTENT	CPX→INC			NOT_EVALUATED_consensus_calls_only
ENSG00000083454	P2RX5	COMPLEX	INCONSISTENT	CPX→INC			NOT_EVALUATED_consensus_calls_only
ENSG00000083535	PIBF1	SIMPLE_AND	INCONSISTENT	AND→INC			NOT_EVALUATED_consensus_calls_only
ENSG00000083544	TDRD3	SIMPLE_AND	INCONSISTENT	AND→INC			NOT_EVALUATED_consensus_calls_only
ENSG00000083635	NUFIP1	SIMPLE_AND	INCONSISTENT	AND→INC			NOT_EVALUATED_consensus_calls_only
ENSG00000083750	RRAGB	SIMPLE_AND	INCONSISTENT	AND→INC			NOT_EVALUATED_consensus_calls_only
ENSG00000083799	CYLD	SIMPLE_AND	INCONSISTENT	AND→INC			NOT_EVALUATED_consensus_calls_only
ENSG00000083814	ZNF671	SIMPLE_AND	INCONSISTENT	AND→INC			NOT_EVALUATED_consensus_calls_only
ENSG00000083817	ZNF416	COMPLEX	INCONSISTENT	CPX→INC			NOT_EVALUATED_consensus_calls_only
ENSG00000083838	ZNF446	SIMPLE_AND	INCONSISTENT	AND→INC			NOT_EVALUATED_consensus_calls_only
ENSG00000083937	CHMP2B	SIMPLE_AND	INCONSISTENT	AND→INC			NOT_EVALUATED_consensus_calls_only
ENSG00000084092	NOA1	COMPLEX	SIMPLE_AND	CPX→AND			NOT_EVALUATED_consensus_calls_only
ENSG00000084093	REST	SIMPLE_AND	BIVALENT	AND→BIV			NOT_EVALUATED_consensus_calls_only
ENSG00000084112	SSH1	SIMPLE_AND	INCONSISTENT	AND→INC			NOT_EVALUATED_consensus_calls_only
ENSG00000084444	FAM234B	BIVALENT	INCONSISTENT	BIV→INC			NOT_EVALUATED_consensus_calls_only
ENSG00000084628	NKAIN1	REPRESSED	BIVALENT	REP→BIV			NOT_EVALUATED_consensus_calls_only
ENSG00000084731	KIF3C	SIMPLE_OR	INCONSISTENT	OR→INC			NOT_EVALUATED_consensus_calls_only
ENSG00000084734	GCKR	REPRESSED	INCONSISTENT	REP→INC			NOT_EVALUATED_consensus_calls_only
ENSG00000084754	HADHA	COMPLEX	SIMPLE_AND	CPX→AND			NOT_EVALUATED_consensus_calls_only
ENSG00000084764	MAPRE3	SIMPLE_OR	SIMPLE_AND	OR→AND			NOT_EVALUATED_consensus_calls_only
ENSG00000085117	CD82	SIMPLE_AND	INCONSISTENT	AND→INC			NOT_EVALUATED_consensus_calls_only
ENSG00000085185	BCORL1	SIMPLE_OR	INCONSISTENT	OR→INC			NOT_EVALUATED_consensus_calls_only
ENSG00000085276	MECOM	REPRESSED	BIVALENT	REP→BIV			NOT_EVALUATED_consensus_calls_only
ENSG00000085382	HACE1	SIMPLE_AND	INCONSISTENT	AND→INC			NOT_EVALUATED_consensus_calls_only
ENSG00000085433	WDR47	SIMPLE_AND	INCONSISTENT	AND→INC			NOT_EVALUATED_consensus_calls_only
ENSG00000085491	SLC25A24	BIVALENT	SIMPLE_AND	BIV→AND			NOT_EVALUATED_consensus_calls_only
ENSG00000085552	IGSF9	REPRESSED	INCONSISTENT	REP→INC			NOT_EVALUATED_consensus_calls_only
ENSG00000085644	ZNF213	SIMPLE_AND	INCONSISTENT	AND→INC			NOT_EVALUATED_consensus_calls_only
ENSG00000085733	CTTN	SIMPLE_OR	SIMPLE_AND	OR→AND			NOT_EVALUATED_consensus_calls_only
ENSG00000085831	TTC39A	REPRESSED	INCONSISTENT	REP→INC			NOT_EVALUATED_consensus_calls_only
ENSG00000085982	USP40	SIMPLE_AND	INCONSISTENT	AND→INC			NOT_EVALUATED_consensus_calls_only
ENSG00000086065	CHMP5	COMPLEX	SIMPLE_AND	CPX→AND			NOT_EVALUATED_consensus_calls_only
ENSG00000086159	AQP6	REPRESSED	INCONSISTENT	REP→INC			NOT_EVALUATED_consensus_calls_only
ENSG00000086289	EPDR1	SIMPLE_AND	INCONSISTENT	AND→INC			NOT_EVALUATED_consensus_calls_only
ENSG00000086300	SNX10	SIMPLE_AND	INCONSISTENT	AND→INC			NOT_EVALUATED_consensus_calls_only
ENSG00000086506	HBQ1	REPRESSED	INCONSISTENT	REP→INC			NOT_EVALUATED_consensus_calls_only
ENSG00000086544	ITPKC	SIMPLE_AND	INCONSISTENT	AND→INC			NOT_EVALUATED_consensus_calls_only
ENSG00000086619	ERO1B	SIMPLE_AND	INCONSISTENT	AND→INC			NOT_EVALUATED_consensus_calls_only
ENSG00000086717	PPEF1	SIMPLE_AND	INCONSISTENT	AND→INC			NOT_EVALUATED_consensus_calls_only
ENSG00000087008	ACOX3	SIMPLE_AND	INCONSISTENT	AND→INC			NOT_EVALUATED_consensus_calls_only
ENSG00000087076	HSD17B14	SIMPLE_AND	INCONSISTENT	AND→INC			NOT_EVALUATED_consensus_calls_only
ENSG00000087085	ACHE	BIVALENT	INCONSISTENT	BIV→INC			NOT_EVALUATED_consensus_calls_only
ENSG00000087253	LPCAT2	REPRESSED	INCONSISTENT	REP→INC			NOT_EVALUATED_consensus_calls_only
ENSG00000087258	GNAO1	REPRESSED	BIVALENT	REP→BIV			NOT_EVALUATED_consensus_calls_only
ENSG00000087266	SH3BP2	SIMPLE_OR	INCONSISTENT	OR→INC			NOT_EVALUATED_consensus_calls_only
ENSG00000087274	ADD1	COMPLEX	SIMPLE_AND	CPX→AND			NOT_EVALUATED_consensus_calls_only
ENSG00000087299	L2HGDH	SIMPLE_AND	INCONSISTENT	AND→INC			NOT_EVALUATED_consensus_calls_only
ENSG00000087301	TXNDC16	SIMPLE_AND	INCONSISTENT	AND→INC			NOT_EVALUATED_consensus_calls_only
ENSG00000087303	NID2	REPRESSED	BIVALENT	REP→BIV			NOT_EVALUATED_consensus_calls_only
ENSG00000087470	DNM1L	COMPLEX	SIMPLE_AND	CPX→AND			NOT_EVALUATED_consensus_calls_only
ENSG00000087510	TFAP2C	REPRESSED	INCONSISTENT	REP→INC			NOT_EVALUATED_consensus_calls_only
ENSG00000087589	CASS4	INCONSISTENT	SIMPLE_AND	INC→AND			NOT_EVALUATED_consensus_calls_only
ENSG00000087842	PIR	SIMPLE_AND	INCONSISTENT	AND→INC			NOT_EVALUATED_consensus_calls_only
ENSG00000088035	ALG6	SIMPLE_AND	INCONSISTENT	AND→INC			NOT_EVALUATED_consensus_calls_only
ENSG00000088256	GNA11	SIMPLE_OR	SIMPLE_AND	OR→AND			NOT_EVALUATED_consensus_calls_only
ENSG00000088280	ASAP3	BIVALENT	SIMPLE_AND	BIV→AND			NOT_EVALUATED_consensus_calls_only
ENSG00000088298	EDEM2	SIMPLE_AND	INCONSISTENT	AND→INC			NOT_EVALUATED_consensus_calls_only
ENSG00000088305	DNMT3B	BIVALENT	SIMPLE_AND	BIV→AND			NOT_EVALUATED_consensus_calls_only
ENSG00000088356	PDRG1	SIMPLE_AND	INCONSISTENT	AND→INC			NOT_EVALUATED_consensus_calls_only
ENSG00000088367	EPB41L1	BIVALENT	INCONSISTENT	BIV→INC			NOT_EVALUATED_consensus_calls_only
ENSG00000088538	DOCK3	REPRESSED	INCONSISTENT	REP→INC			NOT_EVALUATED_consensus_calls_only
ENSG00000088543	C3orf18	SIMPLE_AND	INCONSISTENT	AND→INC			NOT_EVALUATED_consensus_calls_only
ENSG00000088727	KIF9	SIMPLE_AND	INCONSISTENT	AND→INC			NOT_EVALUATED_consensus_calls_only
ENSG00000088808	PPP1R13B	SIMPLE_AND	BIVALENT	AND→BIV			NOT_EVALUATED_consensus_calls_only
ENSG00000088836	SLC4A11	BIVALENT	INCONSISTENT	BIV→INC			NOT_EVALUATED_consensus_calls_only
ENSG00000088854	DNAAF9	SIMPLE_OR	INCONSISTENT	OR→INC			NOT_EVALUATED_consensus_calls_only
ENSG00000088876	ZNF343	BIVALENT	INCONSISTENT	BIV→INC			NOT_EVALUATED_consensus_calls_only
ENSG00000088881	EBF4	REPRESSED	BIVALENT	REP→BIV			NOT_EVALUATED_consensus_calls_only
ENSG00000088882	CPXM1	BIVALENT	INCONSISTENT	BIV→INC			NOT_EVALUATED_consensus_calls_only
ENSG00000088899	LZTS3	BIVALENT	INCONSISTENT	BIV→INC			NOT_EVALUATED_consensus_calls_only
ENSG00000088970	KIZ	SIMPLE_AND	INCONSISTENT	AND→INC			NOT_EVALUATED_consensus_calls_only
ENSG00000088992	TESC	BIVALENT	INCONSISTENT	BIV→INC			NOT_EVALUATED_consensus_calls_only
ENSG00000089048	ESF1	SIMPLE_AND	INCONSISTENT	AND→INC			NOT_EVALUATED_consensus_calls_only
ENSG00000089050	RBBP9	SIMPLE_AND	INCONSISTENT	AND→INC			NOT_EVALUATED_consensus_calls_only
ENSG00000089091	DZANK1	SIMPLE_AND	INCONSISTENT	AND→INC			NOT_EVALUATED_consensus_calls_only
ENSG00000089123	TASP1	SIMPLE_OR	INCONSISTENT	OR→INC			NOT_EVALUATED_consensus_calls_only
ENSG00000089159	PXN	BIVALENT	SIMPLE_AND	BIV→AND			NOT_EVALUATED_consensus_calls_only
ENSG00000089177	KIF16B	SIMPLE_AND	INCONSISTENT	AND→INC			NOT_EVALUATED_consensus_calls_only
ENSG00000089195	TRMT6	SIMPLE_AND	INCONSISTENT	AND→INC			NOT_EVALUATED_consensus_calls_only
ENSG00000089199	CHGB	REPRESSED	INCONSISTENT	REP→INC			NOT_EVALUATED_consensus_calls_only
ENSG00000089327	FXYD5	BIVALENT	SIMPLE_AND	BIV→AND			NOT_EVALUATED_consensus_calls_only
ENSG00000089639	GMIP	SIMPLE_AND	INCONSISTENT	AND→INC			NOT_EVALUATED_consensus_calls_only
ENSG00000089682	RBM41	SIMPLE_AND	INCONSISTENT	AND→INC			NOT_EVALUATED_consensus_calls_only
ENSG00000089723	OTUB2	SIMPLE_OR	INCONSISTENT	OR→INC			NOT_EVALUATED_consensus_calls_only
ENSG00000089775	ZBTB25	SIMPLE_AND	INCONSISTENT	AND→INC			NOT_EVALUATED_consensus_calls_only
ENSG00000089847	ANKRD24	SIMPLE_AND	INCONSISTENT	AND→INC			NOT_EVALUATED_consensus_calls_only
ENSG00000090097	PCBP4	SIMPLE_AND	INCONSISTENT	AND→INC			NOT_EVALUATED_consensus_calls_only
ENSG00000090534	THPO	REPRESSED	BIVALENT	REP→BIV			NOT_EVALUATED_consensus_calls_only
ENSG00000090539	CHRD	REPRESSED	BIVALENT	REP→BIV			NOT_EVALUATED_consensus_calls_only
ENSG00000090554	FLT3LG	SIMPLE_AND	INCONSISTENT	AND→INC			NOT_EVALUATED_consensus_calls_only
ENSG00000090565	RAB11FIP3	SIMPLE_OR	INCONSISTENT	OR→INC			NOT_EVALUATED_consensus_calls_only
ENSG00000090661	CERS4	SIMPLE_OR	INCONSISTENT	OR→INC			NOT_EVALUATED_consensus_calls_only
ENSG00000090674	MCOLN1	SIMPLE_OR	SIMPLE_AND	OR→AND			NOT_EVALUATED_consensus_calls_only
ENSG00000090932	DLL3	BIVALENT	INCONSISTENT	BIV→INC			NOT_EVALUATED_consensus_calls_only
ENSG00000090975	PITPNM2	BIVALENT	INCONSISTENT	BIV→INC			NOT_EVALUATED_consensus_calls_only
ENSG00000091129	NRCAM	BIVALENT	INCONSISTENT	BIV→INC			NOT_EVALUATED_consensus_calls_only
ENSG00000091136	LAMB1	REPRESSED	SIMPLE_AND	REP→AND			NOT_EVALUATED_consensus_calls_only
ENSG00000091137	SLC26A4	BIVALENT	INCONSISTENT	BIV→INC			NOT_EVALUATED_consensus_calls_only
ENSG00000091157	WDR7	SIMPLE_AND	INCONSISTENT	AND→INC			NOT_EVALUATED_consensus_calls_only
ENSG00000091409	ITGA6	REPRESSED	BIVALENT	REP→BIV			NOT_EVALUATED_consensus_calls_only
ENSG00000091490	SEL1L3	BIVALENT	SIMPLE_AND	BIV→AND			NOT_EVALUATED_consensus_calls_only
ENSG00000091622	PITPNM3	REPRESSED	INCONSISTENT	REP→INC			NOT_EVALUATED_consensus_calls_only
ENSG00000091640	SPAG7	SIMPLE_AND	INCONSISTENT	AND→INC			NOT_EVALUATED_consensus_calls_only
ENSG00000091656	ZFHX4	BIVALENT	INCONSISTENT	BIV→INC			NOT_EVALUATED_consensus_calls_only
ENSG00000092020	PPP2R3C	SIMPLE_AND	INCONSISTENT	AND→INC			NOT_EVALUATED_consensus_calls_only
ENSG00000092096	SLC22A17	REPRESSED	BIVALENT	REP→BIV			NOT_EVALUATED_consensus_calls_only
ENSG00000092199	HNRNPC	COMPLEX	SIMPLE_AND	CPX→AND			NOT_EVALUATED_consensus_calls_only
ENSG00000092330	TINF2	SIMPLE_AND	INCONSISTENT	AND→INC			NOT_EVALUATED_consensus_calls_only
ENSG00000092445	TYRO3	BIVALENT	SIMPLE_AND	BIV→AND			NOT_EVALUATED_consensus_calls_only
ENSG00000092607	TBX15	REPRESSED	COMPLEX	REP→CPX			NOT_EVALUATED_consensus_calls_only
ENSG00000092621	PHGDH	INCONSISTENT	BIVALENT	INC→BIV			NOT_EVALUATED_consensus_calls_only
ENSG00000092758	COL9A3	REPRESSED	INCONSISTENT	REP→INC			NOT_EVALUATED_consensus_calls_only
ENSG00000092871	RFFL	COMPLEX	SIMPLE_AND	CPX→AND			NOT_EVALUATED_consensus_calls_only
ENSG00000092931	MFSD11	COMPLEX	SIMPLE_AND	CPX→AND			NOT_EVALUATED_consensus_calls_only
ENSG00000092969	TGFB2	BIVALENT	INCONSISTENT	BIV→INC			NOT_EVALUATED_consensus_calls_only
ENSG00000092978	GPATCH2	SIMPLE_AND	INCONSISTENT	AND→INC			NOT_EVALUATED_consensus_calls_only
ENSG00000094841	UPRT	SIMPLE_AND	INCONSISTENT	AND→INC			NOT_EVALUATED_consensus_calls_only
ENSG00000095203	EPB41L4B	REPRESSED	INCONSISTENT	REP→INC			NOT_EVALUATED_consensus_calls_only
ENSG00000095303	PTGS1	SIMPLE_AND	INCONSISTENT	AND→INC			NOT_EVALUATED_consensus_calls_only
ENSG00000095370	SH2D3C	SIMPLE_AND	INCONSISTENT	AND→INC			NOT_EVALUATED_consensus_calls_only
ENSG00000095383	TBC1D2	SIMPLE_AND	INCONSISTENT	AND→INC			NOT_EVALUATED_consensus_calls_only
ENSG00000095397	WHRN	BIVALENT	INCONSISTENT	BIV→INC			NOT_EVALUATED_consensus_calls_only
ENSG00000095539	SEMA4G	SIMPLE_OR	INCONSISTENT	OR→INC			NOT_EVALUATED_consensus_calls_only
ENSG00000095574	IKZF5	SIMPLE_AND	INCONSISTENT	AND→INC			NOT_EVALUATED_consensus_calls_only
ENSG00000095585	BLNK	SIMPLE_AND	REPRESSED	AND→REP			NOT_EVALUATED_consensus_calls_only
ENSG00000095587	TLL2	BIVALENT	INCONSISTENT	BIV→INC			NOT_EVALUATED_consensus_calls_only
ENSG00000095596	CYP26A1	REPRESSED	INCONSISTENT	REP→INC			NOT_EVALUATED_consensus_calls_only
ENSG00000095637	SORBS1	SIMPLE_OR	INCONSISTENT	OR→INC			NOT_EVALUATED_consensus_calls_only
ENSG00000095739	BAMBI	BIVALENT	INCONSISTENT	BIV→INC			NOT_EVALUATED_consensus_calls_only
ENSG00000095752	IL11	REPRESSED	BIVALENT	REP→BIV			NOT_EVALUATED_consensus_calls_only
ENSG00000096070	BRPF3	SIMPLE_AND	INCONSISTENT	AND→INC			NOT_EVALUATED_consensus_calls_only
ENSG00000096092	TMEM14A	SIMPLE_AND	INCONSISTENT	AND→INC			NOT_EVALUATED_consensus_calls_only
ENSG00000096093	EFHC1	SIMPLE_AND	INCONSISTENT	AND→INC			NOT_EVALUATED_consensus_calls_only
ENSG00000096264	NCR2	INCONSISTENT	REPRESSED	INC→REP			NOT_EVALUATED_consensus_calls_only
ENSG00000096654	ZNF184	SIMPLE_AND	INCONSISTENT	AND→INC			NOT_EVALUATED_consensus_calls_only
ENSG00000096717	SIRT1	SIMPLE_AND	INCONSISTENT	AND→INC			NOT_EVALUATED_consensus_calls_only
ENSG00000096872	IFT74	SIMPLE_AND	INCONSISTENT	AND→INC			NOT_EVALUATED_consensus_calls_only
ENSG00000096996	IL12RB1	SIMPLE_AND	INCONSISTENT	AND→INC			NOT_EVALUATED_consensus_calls_only
ENSG00000099250	NRP1	BIVALENT	INCONSISTENT	BIV→INC			NOT_EVALUATED_consensus_calls_only
ENSG00000099256	PRTFDC1	SIMPLE_OR	INCONSISTENT	OR→INC			NOT_EVALUATED_consensus_calls_only
ENSG00000099282	TSPAN15	SIMPLE_OR	INCONSISTENT	OR→INC			NOT_EVALUATED_consensus_calls_only
ENSG00000099308	MAST3	SIMPLE_AND	INCONSISTENT	AND→INC			NOT_EVALUATED_consensus_calls_only
ENSG00000099326	MZF1	SIMPLE_AND	INCONSISTENT	AND→INC			NOT_EVALUATED_consensus_calls_only
ENSG00000099338	CATSPERG	SIMPLE_AND	INCONSISTENT	AND→INC			NOT_EVALUATED_consensus_calls_only
ENSG00000099385	BCL7C	SIMPLE_AND	INCONSISTENT	AND→INC			NOT_EVALUATED_consensus_calls_only
ENSG00000099625	CBARP	BIVALENT	INCONSISTENT	BIV→INC			NOT_EVALUATED_consensus_calls_only
ENSG00000099785	MARCHF2	SIMPLE_AND	INCONSISTENT	AND→INC			NOT_EVALUATED_consensus_calls_only
ENSG00000099814	CEP170B	BIVALENT	INCONSISTENT	BIV→INC			NOT_EVALUATED_consensus_calls_only
ENSG00000099822	HCN2	REPRESSED	INCONSISTENT	REP→INC			NOT_EVALUATED_consensus_calls_only
ENSG00000099840	IZUMO4	SIMPLE_AND	INCONSISTENT	AND→INC			NOT_EVALUATED_consensus_calls_only
ENSG00000099860	GADD45B	SIMPLE_AND	INCONSISTENT	AND→INC			NOT_EVALUATED_consensus_calls_only
ENSG00000099866	MADCAM1	INCONSISTENT	COMPLEX	INC→CPX			NOT_EVALUATED_consensus_calls_only
ENSG00000099889	ARVCF	BIVALENT	SIMPLE_AND	BIV→AND			NOT_EVALUATED_consensus_calls_only
ENSG00000099904	ZDHHC8	SIMPLE_AND	SIMPLE_OR	AND→OR			NOT_EVALUATED_consensus_calls_only
ENSG00000099958	DERL3	SIMPLE_AND	INCONSISTENT	AND→INC			NOT_EVALUATED_consensus_calls_only
ENSG00000099992	TBC1D10A	SIMPLE_AND	INCONSISTENT	AND→INC			NOT_EVALUATED_consensus_calls_only
ENSG00000099999	RNF215	SIMPLE_AND	INCONSISTENT	AND→INC			NOT_EVALUATED_consensus_calls_only
ENSG00000100027	YPEL1	SIMPLE_AND	BIVALENT	AND→BIV			NOT_EVALUATED_consensus_calls_only
ENSG00000100030	MAPK1	COMPLEX	SIMPLE_AND	CPX→AND			NOT_EVALUATED_consensus_calls_only
ENSG00000100031	GGT1	SIMPLE_OR	INCONSISTENT	OR→INC			NOT_EVALUATED_consensus_calls_only
ENSG00000100034	PPM1F	SIMPLE_AND	COMPLEX	AND→CPX			NOT_EVALUATED_consensus_calls_only
ENSG00000100036	SLC35E4	SIMPLE_AND	INCONSISTENT	AND→INC			NOT_EVALUATED_consensus_calls_only
ENSG00000100065	CARD10	BIVALENT	INCONSISTENT	BIV→INC			NOT_EVALUATED_consensus_calls_only
ENSG00000100068	LRP5L	SIMPLE_AND	INCONSISTENT	AND→INC			NOT_EVALUATED_consensus_calls_only
ENSG00000100077	GRK3	SIMPLE_AND	INCONSISTENT	AND→INC			NOT_EVALUATED_consensus_calls_only
ENSG00000100092	SH3BP1	SIMPLE_AND	SIMPLE_OR	AND→OR			NOT_EVALUATED_consensus_calls_only
ENSG00000100100	PIK3IP1	SIMPLE_AND	INCONSISTENT	AND→INC			NOT_EVALUATED_consensus_calls_only
ENSG00000100105	PATZ1	SIMPLE_AND	INCONSISTENT	AND→INC			NOT_EVALUATED_consensus_calls_only
ENSG00000100116	GCAT	BIVALENT	SIMPLE_AND	BIV→AND			NOT_EVALUATED_consensus_calls_only
ENSG00000100124	ANKRD54	SIMPLE_AND	INCONSISTENT	AND→INC			NOT_EVALUATED_consensus_calls_only
ENSG00000100150	DEPDC5	SIMPLE_AND	INCONSISTENT	AND→INC			NOT_EVALUATED_consensus_calls_only
ENSG00000100151	PICK1	SIMPLE_AND	INCONSISTENT	AND→INC			NOT_EVALUATED_consensus_calls_only
ENSG00000100154	TTC28	BIVALENT	INCONSISTENT	BIV→INC			NOT_EVALUATED_consensus_calls_only
ENSG00000100206	DMC1	SIMPLE_AND	INCONSISTENT	AND→INC			NOT_EVALUATED_consensus_calls_only
ENSG00000100207	TCF20	REPRESSED	SIMPLE_OR	REP→OR			NOT_EVALUATED_consensus_calls_only
ENSG00000100209	HSCB	SIMPLE_AND	INCONSISTENT	AND→INC			NOT_EVALUATED_consensus_calls_only
ENSG00000100211	CBY1	SIMPLE_AND	INCONSISTENT	AND→INC			NOT_EVALUATED_consensus_calls_only
ENSG00000100218	RSPH14	INCONSISTENT	REPRESSED	INC→REP			NOT_EVALUATED_consensus_calls_only
ENSG00000100228	RAB36	INCONSISTENT	REPRESSED	INC→REP			NOT_EVALUATED_consensus_calls_only
ENSG00000100234	TIMP3	REPRESSED	INCONSISTENT	REP→INC			NOT_EVALUATED_consensus_calls_only
ENSG00000100242	SUN2	SIMPLE_OR	SIMPLE_AND	OR→AND			NOT_EVALUATED_consensus_calls_only
ENSG00000100243	CYB5R3	COMPLEX	SIMPLE_OR	CPX→OR			NOT_EVALUATED_consensus_calls_only
ENSG00000100246	DNAL4	SIMPLE_OR	INCONSISTENT	OR→INC			NOT_EVALUATED_consensus_calls_only
ENSG00000100263	RHBDD3	SIMPLE_AND	INCONSISTENT	AND→INC			NOT_EVALUATED_consensus_calls_only
ENSG00000100271	TTLL1	SIMPLE_AND	INCONSISTENT	AND→INC			NOT_EVALUATED_consensus_calls_only
ENSG00000100290	BIK	COMPLEX	BIVALENT	CPX→BIV			NOT_EVALUATED_consensus_calls_only
ENSG00000100292	HMOX1	SIMPLE_AND	INCONSISTENT	AND→INC			NOT_EVALUATED_consensus_calls_only
ENSG00000100299	ARSA	SIMPLE_AND	INCONSISTENT	AND→INC			NOT_EVALUATED_consensus_calls_only
ENSG00000100300	TSPO	SIMPLE_OR	SIMPLE_AND	OR→AND			NOT_EVALUATED_consensus_calls_only
ENSG00000100302	RASD2	BIVALENT	INCONSISTENT	BIV→INC			NOT_EVALUATED_consensus_calls_only
ENSG00000100307	CBX7	BIVALENT	INCONSISTENT	BIV→INC			NOT_EVALUATED_consensus_calls_only
ENSG00000100311	PDGFB	REPRESSED	INCONSISTENT	REP→INC			NOT_EVALUATED_consensus_calls_only
ENSG00000100319	ZMAT5	SIMPLE_AND	INCONSISTENT	AND→INC			NOT_EVALUATED_consensus_calls_only
ENSG00000100320	RBFOX2	BIVALENT	SIMPLE_AND	BIV→AND			NOT_EVALUATED_consensus_calls_only
ENSG00000100330	MTMR3	SIMPLE_AND	INCONSISTENT	AND→INC			NOT_EVALUATED_consensus_calls_only
ENSG00000100342	APOL1	SIMPLE_AND	INCONSISTENT	AND→INC			NOT_EVALUATED_consensus_calls_only
ENSG00000100360	IFT27	SIMPLE_AND	INCONSISTENT	AND→INC			NOT_EVALUATED_consensus_calls_only
ENSG00000100364	KIAA0930	SIMPLE_AND	INCONSISTENT	AND→INC			NOT_EVALUATED_consensus_calls_only
ENSG00000100379	KCTD17	SIMPLE_OR	INCONSISTENT	OR→INC			NOT_EVALUATED_consensus_calls_only
ENSG00000100387	RBX1	SIMPLE_AND	INCONSISTENT	AND→INC			NOT_EVALUATED_consensus_calls_only
ENSG00000100422	CERK	SIMPLE_AND	SIMPLE_OR	AND→OR			NOT_EVALUATED_consensus_calls_only
ENSG00000100425	BRD1	SIMPLE_AND	INCONSISTENT	AND→INC			NOT_EVALUATED_consensus_calls_only
ENSG00000100427	MLC1	REPRESSED	INCONSISTENT	REP→INC			NOT_EVALUATED_consensus_calls_only
ENSG00000100429	HDAC10	SIMPLE_AND	INCONSISTENT	AND→INC			NOT_EVALUATED_consensus_calls_only
ENSG00000100439	ABHD4	SIMPLE_AND	INCONSISTENT	AND→INC			NOT_EVALUATED_consensus_calls_only
ENSG00000100441	KHNYN	SIMPLE_AND	INCONSISTENT	AND→INC			NOT_EVALUATED_consensus_calls_only
ENSG00000100442	FKBP3	SIMPLE_AND	INCONSISTENT	AND→INC			NOT_EVALUATED_consensus_calls_only
ENSG00000100445	SDR39U1	SIMPLE_AND	INCONSISTENT	AND→INC			NOT_EVALUATED_consensus_calls_only
ENSG00000100473	COCH	SIMPLE_OR	SIMPLE_AND	OR→AND			NOT_EVALUATED_consensus_calls_only
ENSG00000100478	AP4S1	SIMPLE_AND	INCONSISTENT	AND→INC			NOT_EVALUATED_consensus_calls_only
ENSG00000100483	VCPKMT	SIMPLE_AND	INCONSISTENT	AND→INC			NOT_EVALUATED_consensus_calls_only
ENSG00000100485	SOS2	SIMPLE_AND	INCONSISTENT	AND→INC			NOT_EVALUATED_consensus_calls_only
ENSG00000100503	NIN	SIMPLE_AND	INCONSISTENT	AND→INC			NOT_EVALUATED_consensus_calls_only
ENSG00000100504	PYGL	BIVALENT	INCONSISTENT	BIV→INC			NOT_EVALUATED_consensus_calls_only
ENSG00000100523	DDHD1	SIMPLE_AND	INCONSISTENT	AND→INC			NOT_EVALUATED_consensus_calls_only
ENSG00000100532	CGRRF1	SIMPLE_AND	INCONSISTENT	AND→INC			NOT_EVALUATED_consensus_calls_only
ENSG00000100577	GSTZ1	SIMPLE_AND	INCONSISTENT	AND→INC			NOT_EVALUATED_consensus_calls_only
ENSG00000100592	DAAM1	SIMPLE_AND	INCONSISTENT	AND→INC			NOT_EVALUATED_consensus_calls_only
ENSG00000100599	RIN3	BIVALENT	INCONSISTENT	BIV→INC			NOT_EVALUATED_consensus_calls_only
ENSG00000100600	LGMN	COMPLEX	INCONSISTENT	CPX→INC			NOT_EVALUATED_consensus_calls_only
ENSG00000100601	ALKBH1	SIMPLE_AND	INCONSISTENT	AND→INC			NOT_EVALUATED_consensus_calls_only
ENSG00000100625	SIX4	BIVALENT	INCONSISTENT	BIV→INC			NOT_EVALUATED_consensus_calls_only
ENSG00000100626	GALNT16	REPRESSED	BIVALENT	REP→BIV			NOT_EVALUATED_consensus_calls_only
ENSG00000100628	ASB2	SIMPLE_AND	REPRESSED	AND→REP			NOT_EVALUATED_consensus_calls_only
ENSG00000100647	SUSD6	SIMPLE_AND	INCONSISTENT	AND→INC			NOT_EVALUATED_consensus_calls_only
ENSG00000100721	TCL1A	INCONSISTENT	REPRESSED	INC→REP			NOT_EVALUATED_consensus_calls_only
ENSG00000100731	PCNX1	SIMPLE_AND	INCONSISTENT	AND→INC			NOT_EVALUATED_consensus_calls_only
ENSG00000100784	RPS6KA5	SIMPLE_AND	INCONSISTENT	AND→INC			NOT_EVALUATED_consensus_calls_only
ENSG00000100842	EFS	REPRESSED	INCONSISTENT	REP→INC			NOT_EVALUATED_consensus_calls_only
ENSG00000100852	ARHGAP5	COMPLEX	SIMPLE_AND	CPX→AND			NOT_EVALUATED_consensus_calls_only
ENSG00000100908	EMC9	SIMPLE_AND	INCONSISTENT	AND→INC			NOT_EVALUATED_consensus_calls_only
ENSG00000100916	BRMS1L	SIMPLE_AND	INCONSISTENT	AND→INC			NOT_EVALUATED_consensus_calls_only
ENSG00000100926	TM9SF1	SIMPLE_AND	INCONSISTENT	AND→INC			NOT_EVALUATED_consensus_calls_only
ENSG00000100934	SEC23A	COMPLEX	SIMPLE_OR	CPX→OR			NOT_EVALUATED_consensus_calls_only
ENSG00000100941	PNN	SIMPLE_AND	INCONSISTENT	AND→INC			NOT_EVALUATED_consensus_calls_only
ENSG00000100968	NFATC4	SIMPLE_AND	INCONSISTENT	AND→INC			NOT_EVALUATED_consensus_calls_only
ENSG00000100985	MMP9	INCONSISTENT	REPRESSED	INC→REP			NOT_EVALUATED_consensus_calls_only
ENSG00000100994	PYGB	SIMPLE_AND	INCONSISTENT	AND→INC			NOT_EVALUATED_consensus_calls_only
ENSG00000100997	ABHD12	SIMPLE_AND	INCONSISTENT	AND→INC			NOT_EVALUATED_consensus_calls_only
ENSG00000101017	CD40	SIMPLE_AND	BIVALENT	AND→BIV			NOT_EVALUATED_consensus_calls_only
ENSG00000101052	IFT52	COMPLEX	INCONSISTENT	CPX→INC			NOT_EVALUATED_consensus_calls_only
ENSG00000101096	NFATC2	REPRESSED	BIVALENT	REP→BIV			NOT_EVALUATED_consensus_calls_only
ENSG00000101104	PABPC1L	SIMPLE_AND	INCONSISTENT	AND→INC			NOT_EVALUATED_consensus_calls_only
ENSG00000101180	HRH3	REPRESSED	BIVALENT	REP→BIV			NOT_EVALUATED_consensus_calls_only
ENSG00000101190	TCFL5	BIVALENT	INCONSISTENT	BIV→INC			NOT_EVALUATED_consensus_calls_only
ENSG00000101210	EEF1A2	REPRESSED	SIMPLE_OR	REP→OR			NOT_EVALUATED_consensus_calls_only
ENSG00000101216	GMEB2	SIMPLE_AND	INCONSISTENT	AND→INC			NOT_EVALUATED_consensus_calls_only
ENSG00000101236	RNF24	SIMPLE_OR	SIMPLE_AND	OR→AND			NOT_EVALUATED_consensus_calls_only
ENSG00000101265	RASSF2	SIMPLE_AND	BIVALENT	AND→BIV			NOT_EVALUATED_consensus_calls_only
ENSG00000101290	CDS2	SIMPLE_AND	INCONSISTENT	AND→INC			NOT_EVALUATED_consensus_calls_only
ENSG00000101298	SNPH	BIVALENT	INCONSISTENT	BIV→INC			NOT_EVALUATED_consensus_calls_only
ENSG00000101336	HCK	BIVALENT	REPRESSED	BIV→REP			NOT_EVALUATED_consensus_calls_only
ENSG00000101350	KIF3B	COMPLEX	INCONSISTENT	CPX→INC			NOT_EVALUATED_consensus_calls_only
ENSG00000101353	MROH8	SIMPLE_AND	INCONSISTENT	AND→INC			NOT_EVALUATED_consensus_calls_only
ENSG00000101363	MANBAL	SIMPLE_AND	INCONSISTENT	AND→INC			NOT_EVALUATED_consensus_calls_only
ENSG00000101384	JAG1	BIVALENT	INCONSISTENT	BIV→INC			NOT_EVALUATED_consensus_calls_only
ENSG00000101400	SNTA1	INCONSISTENT	SIMPLE_AND	INC→AND			NOT_EVALUATED_consensus_calls_only
ENSG00000101412	E2F1	SIMPLE_AND	INCONSISTENT	AND→INC			NOT_EVALUATED_consensus_calls_only
ENSG00000101417	PXMP4	SIMPLE_AND	INCONSISTENT	AND→INC			NOT_EVALUATED_consensus_calls_only
ENSG00000101444	AHCY	REPRESSED	SIMPLE_OR	REP→OR			NOT_EVALUATED_consensus_calls_only
ENSG00000101445	PPP1R16B	SIMPLE_AND	INCONSISTENT	AND→INC			NOT_EVALUATED_consensus_calls_only
ENSG00000101474	APMAP	SIMPLE_AND	INCONSISTENT	AND→INC			NOT_EVALUATED_consensus_calls_only
ENSG00000101493	ZNF516	SIMPLE_AND	INCONSISTENT	AND→INC			NOT_EVALUATED_consensus_calls_only
ENSG00000101546	RBFA	SIMPLE_AND	INCONSISTENT	AND→INC			NOT_EVALUATED_consensus_calls_only
ENSG00000101574	METTL4	SIMPLE_AND	INCONSISTENT	AND→INC			NOT_EVALUATED_consensus_calls_only
ENSG00000101665	SMAD7	SIMPLE_AND	INCONSISTENT	AND→INC			NOT_EVALUATED_consensus_calls_only
ENSG00000101670	LIPG	REPRESSED	BIVALENT	REP→BIV			NOT_EVALUATED_consensus_calls_only
ENSG00000101695	RNF125	INCONSISTENT	BIVALENT	INC→BIV			NOT_EVALUATED_consensus_calls_only
ENSG00000101751	POLI	SIMPLE_AND	INCONSISTENT	AND→INC			NOT_EVALUATED_consensus_calls_only
ENSG00000101752	MIB1	SIMPLE_AND	COMPLEX	AND→CPX			NOT_EVALUATED_consensus_calls_only
ENSG00000101844	ATG4A	SIMPLE_AND	INCONSISTENT	AND→INC			NOT_EVALUATED_consensus_calls_only
ENSG00000101846	STS	SIMPLE_AND	INCONSISTENT	AND→INC			NOT_EVALUATED_consensus_calls_only
ENSG00000101882	NKAP	SIMPLE_AND	INCONSISTENT	AND→INC			NOT_EVALUATED_consensus_calls_only
ENSG00000101888	NXT2	COMPLEX	INCONSISTENT	CPX→INC			NOT_EVALUATED_consensus_calls_only
ENSG00000101898	MCTS2	SIMPLE_AND	INCONSISTENT	AND→INC			NOT_EVALUATED_consensus_calls_only
ENSG00000101928	MOSPD1	SIMPLE_AND	INCONSISTENT	AND→INC			NOT_EVALUATED_consensus_calls_only
ENSG00000101955	SRPX	REPRESSED	INCONSISTENT	REP→INC			NOT_EVALUATED_consensus_calls_only
ENSG00000101966	XIAP	COMPLEX	SIMPLE_AND	CPX→AND			NOT_EVALUATED_consensus_calls_only
ENSG00000101986	ABCD1	SIMPLE_AND	INCONSISTENT	AND→INC			NOT_EVALUATED_consensus_calls_only
ENSG00000102032	RENBP	SIMPLE_OR	SIMPLE_AND	OR→AND			NOT_EVALUATED_consensus_calls_only
ENSG00000102038	SMARCA1	SIMPLE_OR	INCONSISTENT	OR→INC			NOT_EVALUATED_consensus_calls_only
ENSG00000102043	MTMR8	SIMPLE_OR	INCONSISTENT	OR→INC			NOT_EVALUATED_consensus_calls_only
ENSG00000102078	SLC25A14	SIMPLE_AND	INCONSISTENT	AND→INC			NOT_EVALUATED_consensus_calls_only
ENSG00000102098	SCML2	BIVALENT	SIMPLE_AND	BIV→AND			NOT_EVALUATED_consensus_calls_only
ENSG00000102103	PQBP1	SIMPLE_OR	SIMPLE_AND	OR→AND			NOT_EVALUATED_consensus_calls_only
ENSG00000102125	TAFAZZIN	SIMPLE_AND	INCONSISTENT	AND→INC			NOT_EVALUATED_consensus_calls_only
ENSG00000102181	CD99L2	SIMPLE_AND	INCONSISTENT	AND→INC			NOT_EVALUATED_consensus_calls_only
ENSG00000102218	RP2	SIMPLE_AND	INCONSISTENT	AND→INC			NOT_EVALUATED_consensus_calls_only
ENSG00000102221	JADE3	BIVALENT	INCONSISTENT	BIV→INC			NOT_EVALUATED_consensus_calls_only
ENSG00000102241	HTATSF1	SIMPLE_AND	INCONSISTENT	AND→INC			NOT_EVALUATED_consensus_calls_only
ENSG00000102309	PIN4	SIMPLE_AND	INCONSISTENT	AND→INC			NOT_EVALUATED_consensus_calls_only
ENSG00000102312	PORCN	SIMPLE_AND	INCONSISTENT	AND→INC			NOT_EVALUATED_consensus_calls_only
ENSG00000102316	MAGED2	SIMPLE_AND	INCONSISTENT	AND→INC			NOT_EVALUATED_consensus_calls_only
ENSG00000102362	SYTL4	REPRESSED	BIVALENT	REP→BIV			NOT_EVALUATED_consensus_calls_only
ENSG00000102390	PBDC1	SIMPLE_AND	INCONSISTENT	AND→INC			NOT_EVALUATED_consensus_calls_only
ENSG00000102401	ARMCX3	SIMPLE_AND	INCONSISTENT	AND→INC			NOT_EVALUATED_consensus_calls_only
ENSG00000102409	BEX4	INCONSISTENT	SIMPLE_AND	INC→AND			NOT_EVALUATED_consensus_calls_only
ENSG00000102471	NDFIP2	SIMPLE_OR	SIMPLE_AND	OR→AND			NOT_EVALUATED_consensus_calls_only
ENSG00000102531	FNDC3A	COMPLEX	SIMPLE_AND	CPX→AND			NOT_EVALUATED_consensus_calls_only
ENSG00000102543	CDADC1	SIMPLE_AND	INCONSISTENT	AND→INC			NOT_EVALUATED_consensus_calls_only
ENSG00000102547	CAB39L	SIMPLE_AND	INCONSISTENT	AND→INC			NOT_EVALUATED_consensus_calls_only
ENSG00000102575	ACP5	SIMPLE_AND	INCONSISTENT	AND→INC			NOT_EVALUATED_consensus_calls_only
ENSG00000102595	UGGT2	SIMPLE_AND	INCONSISTENT	AND→INC			NOT_EVALUATED_consensus_calls_only
ENSG00000102678	FGF9	BIVALENT	INCONSISTENT	BIV→INC			NOT_EVALUATED_consensus_calls_only
ENSG00000102738	MRPS31	SIMPLE_AND	INCONSISTENT	AND→INC			NOT_EVALUATED_consensus_calls_only
ENSG00000102780	DGKH	SIMPLE_AND	INCONSISTENT	AND→INC			NOT_EVALUATED_consensus_calls_only
ENSG00000102781	KATNAL1	SIMPLE_AND	INCONSISTENT	AND→INC			NOT_EVALUATED_consensus_calls_only
ENSG00000102796	DHRS12	SIMPLE_AND	INCONSISTENT	AND→INC			NOT_EVALUATED_consensus_calls_only
ENSG00000102805	CLN5	SIMPLE_AND	INCONSISTENT	AND→INC			NOT_EVALUATED_consensus_calls_only
ENSG00000102870	ZNF629	SIMPLE_OR	INCONSISTENT	OR→INC			NOT_EVALUATED_consensus_calls_only
ENSG00000102871	TRADD	SIMPLE_AND	INCONSISTENT	AND→INC			NOT_EVALUATED_consensus_calls_only
ENSG00000102878	HSF4	BIVALENT	INCONSISTENT	BIV→INC			NOT_EVALUATED_consensus_calls_only
ENSG00000102879	CORO1A	SIMPLE_AND	INCONSISTENT	AND→INC			NOT_EVALUATED_consensus_calls_only
ENSG00000102924	CBLN1	REPRESSED	INCONSISTENT	REP→INC			NOT_EVALUATED_consensus_calls_only
ENSG00000102934	PLLP	BIVALENT	INCONSISTENT	BIV→INC			NOT_EVALUATED_consensus_calls_only
ENSG00000102984	ZNF821	SIMPLE_AND	INCONSISTENT	AND→INC			NOT_EVALUATED_consensus_calls_only
ENSG00000102996	MMP15	BIVALENT	SIMPLE_AND	BIV→AND			NOT_EVALUATED_consensus_calls_only
ENSG00000103034	NDRG4	REPRESSED	BIVALENT	REP→BIV			NOT_EVALUATED_consensus_calls_only
ENSG00000103037	SETD6	SIMPLE_AND	INCONSISTENT	AND→INC			NOT_EVALUATED_consensus_calls_only
ENSG00000103042	SLC38A7	SIMPLE_AND	INCONSISTENT	AND→INC			NOT_EVALUATED_consensus_calls_only
ENSG00000103044	HAS3	BIVALENT	INCONSISTENT	BIV→INC			NOT_EVALUATED_consensus_calls_only
ENSG00000103061	SLC7A6OS	SIMPLE_AND	INCONSISTENT	AND→INC			NOT_EVALUATED_consensus_calls_only
ENSG00000103066	PLA2G15	SIMPLE_OR	INCONSISTENT	OR→INC			NOT_EVALUATED_consensus_calls_only
ENSG00000103067	ESRP2	INCONSISTENT	REPRESSED	INC→REP			NOT_EVALUATED_consensus_calls_only
ENSG00000103091	WDR59	SIMPLE_OR	SIMPLE_AND	OR→AND			NOT_EVALUATED_consensus_calls_only
ENSG00000103145	HCFC1R1	SIMPLE_AND	INCONSISTENT	AND→INC			NOT_EVALUATED_consensus_calls_only
ENSG00000103150	MLYCD	SIMPLE_AND	INCONSISTENT	AND→INC			NOT_EVALUATED_consensus_calls_only
ENSG00000103160	HSDL1	SIMPLE_OR	SIMPLE_AND	OR→AND			NOT_EVALUATED_consensus_calls_only
ENSG00000103174	NAGPA	SIMPLE_OR	INCONSISTENT	OR→INC			NOT_EVALUATED_consensus_calls_only
ENSG00000103184	SEC14L5	INCONSISTENT	BIVALENT	INC→BIV			NOT_EVALUATED_consensus_calls_only
ENSG00000103196	CRISPLD2	REPRESSED	BIVALENT	REP→BIV			NOT_EVALUATED_consensus_calls_only
ENSG00000103199	ZNF500	SIMPLE_AND	INCONSISTENT	AND→INC			NOT_EVALUATED_consensus_calls_only
ENSG00000103227	LMF1	REPRESSED	INCONSISTENT	REP→INC			NOT_EVALUATED_consensus_calls_only
ENSG00000103260	METRN	SIMPLE_OR	SIMPLE_AND	OR→AND			NOT_EVALUATED_consensus_calls_only
ENSG00000103343	ZNF174	COMPLEX	INCONSISTENT	CPX→INC			NOT_EVALUATED_consensus_calls_only
ENSG00000103351	CLUAP1	SIMPLE_OR	INCONSISTENT	OR→INC			NOT_EVALUATED_consensus_calls_only
ENSG00000103404	USP31	SIMPLE_OR	INCONSISTENT	OR→INC			NOT_EVALUATED_consensus_calls_only
ENSG00000103472	RRN3P2	SIMPLE_AND	INCONSISTENT	AND→INC			NOT_EVALUATED_consensus_calls_only
ENSG00000103489	XYLT1	SIMPLE_OR	BIVALENT	OR→BIV			NOT_EVALUATED_consensus_calls_only
ENSG00000103490	PYCARD	SIMPLE_AND	INCONSISTENT	AND→INC			NOT_EVALUATED_consensus_calls_only
ENSG00000103494	RPGRIP1L	SIMPLE_AND	INCONSISTENT	AND→INC			NOT_EVALUATED_consensus_calls_only
ENSG00000103510	KAT8	SIMPLE_OR	SIMPLE_AND	OR→AND			NOT_EVALUATED_consensus_calls_only
ENSG00000103522	IL21R	SIMPLE_AND	REPRESSED	AND→REP			NOT_EVALUATED_consensus_calls_only
ENSG00000103528	SYT17	SIMPLE_OR	REPRESSED	OR→REP			NOT_EVALUATED_consensus_calls_only
ENSG00000103540	CCP110	SIMPLE_AND	INCONSISTENT	AND→INC			NOT_EVALUATED_consensus_calls_only
ENSG00000103599	IQCH	SIMPLE_AND	INCONSISTENT	AND→INC			NOT_EVALUATED_consensus_calls_only
ENSG00000103642	LACTB	COMPLEX	INCONSISTENT	CPX→INC			NOT_EVALUATED_consensus_calls_only
ENSG00000103671	TRIP4	SIMPLE_AND	INCONSISTENT	AND→INC			NOT_EVALUATED_consensus_calls_only
ENSG00000103707	MTFMT	SIMPLE_AND	INCONSISTENT	AND→INC			NOT_EVALUATED_consensus_calls_only
ENSG00000103852	TTC23	SIMPLE_AND	INCONSISTENT	AND→INC			NOT_EVALUATED_consensus_calls_only
ENSG00000103942	HOMER2	SIMPLE_AND	COMPLEX	AND→CPX			NOT_EVALUATED_consensus_calls_only
ENSG00000103966	EHD4	SIMPLE_AND	INCONSISTENT	AND→INC			NOT_EVALUATED_consensus_calls_only
ENSG00000104043	ATP8B4	BIVALENT	INCONSISTENT	BIV→INC			NOT_EVALUATED_consensus_calls_only
ENSG00000104044	OCA2	REPRESSED	INCONSISTENT	REP→INC			NOT_EVALUATED_consensus_calls_only
ENSG00000104081	BMF	SIMPLE_AND	INCONSISTENT	AND→INC			NOT_EVALUATED_consensus_calls_only
ENSG00000104140	RHOV	SIMPLE_AND	INCONSISTENT	AND→INC			NOT_EVALUATED_consensus_calls_only
ENSG00000104177	MYEF2	SIMPLE_AND	INCONSISTENT	AND→INC			NOT_EVALUATED_consensus_calls_only
ENSG00000104205	SGK3	COMPLEX	INCONSISTENT	CPX→INC			NOT_EVALUATED_consensus_calls_only
ENSG00000104213	PDGFRL	REPRESSED	BIVALENT	REP→BIV			NOT_EVALUATED_consensus_calls_only
ENSG00000104218	CSPP1	SIMPLE_AND	INCONSISTENT	AND→INC			NOT_EVALUATED_consensus_calls_only
ENSG00000104219	ZDHHC2	SIMPLE_AND	INCONSISTENT	AND→INC			NOT_EVALUATED_consensus_calls_only
ENSG00000104231	ZFAND1	SIMPLE_OR	SIMPLE_AND	OR→AND			NOT_EVALUATED_consensus_calls_only
ENSG00000104290	FZD3	SIMPLE_AND	BIVALENT	AND→BIV			NOT_EVALUATED_consensus_calls_only
ENSG00000104324	CPQ	BIVALENT	INCONSISTENT	BIV→INC			NOT_EVALUATED_consensus_calls_only
ENSG00000104331	BPNT2	BIVALENT	SIMPLE_AND	BIV→AND			NOT_EVALUATED_consensus_calls_only
ENSG00000104341	LAPTM4B	BIVALENT	SIMPLE_AND	BIV→AND			NOT_EVALUATED_consensus_calls_only
ENSG00000104343	UBE2W	SIMPLE_AND	INCONSISTENT	AND→INC			NOT_EVALUATED_consensus_calls_only
ENSG00000104356	POP1	SIMPLE_AND	INCONSISTENT	AND→INC			NOT_EVALUATED_consensus_calls_only
ENSG00000104369	JPH1	REPRESSED	BIVALENT	REP→BIV			NOT_EVALUATED_consensus_calls_only
ENSG00000104375	STK3	SIMPLE_AND	INCONSISTENT	AND→INC			NOT_EVALUATED_consensus_calls_only
ENSG00000104381	GDAP1	REPRESSED	BIVALENT	REP→BIV			NOT_EVALUATED_consensus_calls_only
ENSG00000104427	ZC2HC1A	COMPLEX	INCONSISTENT	CPX→INC			NOT_EVALUATED_consensus_calls_only
ENSG00000104432	IL7	SIMPLE_AND	INCONSISTENT	AND→INC			NOT_EVALUATED_consensus_calls_only
ENSG00000104450	SPAG1	SIMPLE_AND	INCONSISTENT	AND→INC			NOT_EVALUATED_consensus_calls_only
ENSG00000104490	NCALD	SIMPLE_AND	INCONSISTENT	AND→INC			NOT_EVALUATED_consensus_calls_only
ENSG00000104497	SNX16	SIMPLE_AND	INCONSISTENT	AND→INC			NOT_EVALUATED_consensus_calls_only
ENSG00000104518	GSDMD	SIMPLE_AND	INCONSISTENT	AND→INC			NOT_EVALUATED_consensus_calls_only
ENSG00000104524	PYCR3	SIMPLE_AND	INCONSISTENT	AND→INC			NOT_EVALUATED_consensus_calls_only
ENSG00000104643	MTMR9	SIMPLE_AND	INCONSISTENT	AND→INC			NOT_EVALUATED_consensus_calls_only
ENSG00000104689	TNFRSF10A	SIMPLE_OR	SIMPLE_AND	OR→AND			NOT_EVALUATED_consensus_calls_only
ENSG00000104756	KCTD9	COMPLEX	SIMPLE_AND	CPX→AND			NOT_EVALUATED_consensus_calls_only
ENSG00000104765	BNIP3L	COMPLEX	BIVALENT	CPX→BIV			NOT_EVALUATED_consensus_calls_only
ENSG00000104783	KCNN4	SIMPLE_AND	SIMPLE_OR	AND→OR			NOT_EVALUATED_consensus_calls_only
ENSG00000104814	MAP4K1	SIMPLE_AND	INCONSISTENT	AND→INC			NOT_EVALUATED_consensus_calls_only
ENSG00000104825	NFKBIB	SIMPLE_AND	INCONSISTENT	AND→INC			NOT_EVALUATED_consensus_calls_only
ENSG00000104833	TUBB4A	INCONSISTENT	SIMPLE_AND	INC→AND			NOT_EVALUATED_consensus_calls_only
ENSG00000104856	RELB	SIMPLE_AND	INCONSISTENT	AND→INC			NOT_EVALUATED_consensus_calls_only
ENSG00000104866	PPP1R37	SIMPLE_AND	INCONSISTENT	AND→INC			NOT_EVALUATED_consensus_calls_only
ENSG00000104881	PPP1R13L	SIMPLE_AND	INCONSISTENT	AND→INC			NOT_EVALUATED_consensus_calls_only
ENSG00000104894	CD37	SIMPLE_AND	INCONSISTENT	AND→INC			NOT_EVALUATED_consensus_calls_only
ENSG00000104901	DKKL1	REPRESSED	INCONSISTENT	REP→INC			NOT_EVALUATED_consensus_calls_only
ENSG00000104946	TBC1D17	SIMPLE_AND	INCONSISTENT	AND→INC			NOT_EVALUATED_consensus_calls_only
ENSG00000104951	IL4I1	SIMPLE_AND	INCONSISTENT	AND→INC			NOT_EVALUATED_consensus_calls_only
ENSG00000104953	TLE6	SIMPLE_AND	INCONSISTENT	AND→INC			NOT_EVALUATED_consensus_calls_only
ENSG00000104967	NOVA2	INCONSISTENT	BIVALENT	INC→BIV			NOT_EVALUATED_consensus_calls_only
ENSG00000104976	SNAPC2	BIVALENT	SIMPLE_AND	BIV→AND			NOT_EVALUATED_consensus_calls_only
ENSG00000104998	IL27RA	SIMPLE_AND	INCONSISTENT	AND→INC			NOT_EVALUATED_consensus_calls_only
ENSG00000105072	C19orf44	SIMPLE_AND	INCONSISTENT	AND→INC			NOT_EVALUATED_consensus_calls_only
ENSG00000105088	OLFM2	REPRESSED	INCONSISTENT	REP→INC			NOT_EVALUATED_consensus_calls_only
ENSG00000105136	ZNF419	COMPLEX	INCONSISTENT	CPX→INC			NOT_EVALUATED_consensus_calls_only
ENSG00000105186	ANKRD27	BIVALENT	SIMPLE_AND	BIV→AND			NOT_EVALUATED_consensus_calls_only
ENSG00000105204	DYRK1B	SIMPLE_AND	INCONSISTENT	AND→INC			NOT_EVALUATED_consensus_calls_only
ENSG00000105245	NUMBL	SIMPLE_AND	INCONSISTENT	AND→INC			NOT_EVALUATED_consensus_calls_only
ENSG00000105248	YJU2	SIMPLE_AND	INCONSISTENT	AND→INC			NOT_EVALUATED_consensus_calls_only
ENSG00000105290	APLP1	BIVALENT	INCONSISTENT	BIV→INC			NOT_EVALUATED_consensus_calls_only
ENSG00000105321	CCDC9	SIMPLE_AND	INCONSISTENT	AND→INC			NOT_EVALUATED_consensus_calls_only
ENSG00000105327	BBC3	SIMPLE_AND	INCONSISTENT	AND→INC			NOT_EVALUATED_consensus_calls_only
ENSG00000105339	DENND3	SIMPLE_AND	REPRESSED	AND→REP			NOT_EVALUATED_consensus_calls_only
ENSG00000105369	CD79A	SIMPLE_AND	INCONSISTENT	AND→INC			NOT_EVALUATED_consensus_calls_only
ENSG00000105376	ICAM5	BIVALENT	SIMPLE_AND	BIV→AND			NOT_EVALUATED_consensus_calls_only
ENSG00000105401	CDC37	BIVALENT	SIMPLE_AND	BIV→AND			NOT_EVALUATED_consensus_calls_only
ENSG00000105404	RABAC1	SIMPLE_AND	INCONSISTENT	AND→INC			NOT_EVALUATED_consensus_calls_only
ENSG00000105419	MEIS3	REPRESSED	BIVALENT	REP→BIV			NOT_EVALUATED_consensus_calls_only
ENSG00000105426	PTPRS	BIVALENT	SIMPLE_AND	BIV→AND			NOT_EVALUATED_consensus_calls_only
ENSG00000105429	MEGF8	BIVALENT	INCONSISTENT	BIV→INC			NOT_EVALUATED_consensus_calls_only
ENSG00000105438	KDELR1	BIVALENT	SIMPLE_AND	BIV→AND			NOT_EVALUATED_consensus_calls_only
ENSG00000105464	GRIN2D	BIVALENT	SIMPLE_AND	BIV→AND			NOT_EVALUATED_consensus_calls_only
ENSG00000105483	CARD8	SIMPLE_AND	INCONSISTENT	AND→INC			NOT_EVALUATED_consensus_calls_only
ENSG00000105499	PLA2G4C	SIMPLE_AND	INCONSISTENT	AND→INC			NOT_EVALUATED_consensus_calls_only
ENSG00000105501	SIGLEC5	SIMPLE_OR	REPRESSED	OR→REP			NOT_EVALUATED_consensus_calls_only
ENSG00000105514	RAB3D	SIMPLE_AND	INCONSISTENT	AND→INC			NOT_EVALUATED_consensus_calls_only
ENSG00000105516	DBP	SIMPLE_AND	INCONSISTENT	AND→INC			NOT_EVALUATED_consensus_calls_only
ENSG00000105520	PLPPR2	SIMPLE_OR	INCONSISTENT	OR→INC			NOT_EVALUATED_consensus_calls_only
ENSG00000105523	FAM83E	SIMPLE_OR	INCONSISTENT	OR→INC			NOT_EVALUATED_consensus_calls_only
ENSG00000105538	RASIP1	REPRESSED	INCONSISTENT	REP→INC			NOT_EVALUATED_consensus_calls_only
ENSG00000105559	PLEKHA4	INCONSISTENT	SIMPLE_AND	INC→AND			NOT_EVALUATED_consensus_calls_only
ENSG00000105610	KLF1	INCONSISTENT	SIMPLE_AND	INC→AND			NOT_EVALUATED_consensus_calls_only
ENSG00000105613	MAST1	BIVALENT	INCONSISTENT	BIV→INC			NOT_EVALUATED_consensus_calls_only
ENSG00000105617	LENG1	SIMPLE_AND	INCONSISTENT	AND→INC			NOT_EVALUATED_consensus_calls_only
ENSG00000105619	TFPT	SIMPLE_AND	INCONSISTENT	AND→INC			NOT_EVALUATED_consensus_calls_only
ENSG00000105642	KCNN1	BIVALENT	INCONSISTENT	BIV→INC			NOT_EVALUATED_consensus_calls_only
ENSG00000105649	RAB3A	SIMPLE_AND	INCONSISTENT	AND→INC			NOT_EVALUATED_consensus_calls_only
ENSG00000105655	ISYNA1	SIMPLE_OR	SIMPLE_AND	OR→AND			NOT_EVALUATED_consensus_calls_only
ENSG00000105656	ELL	SIMPLE_AND	INCONSISTENT	AND→INC			NOT_EVALUATED_consensus_calls_only
ENSG00000105662	CRTC1	SIMPLE_AND	INCONSISTENT	AND→INC			NOT_EVALUATED_consensus_calls_only
ENSG00000105664	COMP	REPRESSED	BIVALENT	REP→BIV			NOT_EVALUATED_consensus_calls_only
ENSG00000105677	TMEM147	COMPLEX	SIMPLE_AND	CPX→AND			NOT_EVALUATED_consensus_calls_only
ENSG00000105696	TMEM59L	REPRESSED	INCONSISTENT	REP→INC			NOT_EVALUATED_consensus_calls_only
ENSG00000105698	USF2	COMPLEX	SIMPLE_AND	CPX→AND			NOT_EVALUATED_consensus_calls_only
ENSG00000105708	ZNF14	SIMPLE_AND	INCONSISTENT	AND→INC			NOT_EVALUATED_consensus_calls_only
ENSG00000105711	SCN1B	REPRESSED	INCONSISTENT	REP→INC			NOT_EVALUATED_consensus_calls_only
ENSG00000105717	PBX4	SIMPLE_AND	INCONSISTENT	AND→INC			NOT_EVALUATED_consensus_calls_only
ENSG00000105738	SIPA1L3	SIMPLE_AND	INCONSISTENT	AND→INC			NOT_EVALUATED_consensus_calls_only
ENSG00000105750	ZNF85	SIMPLE_AND	INCONSISTENT	AND→INC			NOT_EVALUATED_consensus_calls_only
ENSG00000105792	CFAP69	BIVALENT	INCONSISTENT	BIV→INC			NOT_EVALUATED_consensus_calls_only
ENSG00000105854	PON2	SIMPLE_OR	SIMPLE_AND	OR→AND			NOT_EVALUATED_consensus_calls_only
ENSG00000105855	ITGB8	SIMPLE_AND	INCONSISTENT	AND→INC			NOT_EVALUATED_consensus_calls_only
ENSG00000105875	WDR91	SIMPLE_AND	INCONSISTENT	AND→INC			NOT_EVALUATED_consensus_calls_only
ENSG00000105889	STEAP1B	REPRESSED	SIMPLE_AND	REP→AND			NOT_EVALUATED_consensus_calls_only
ENSG00000105928	GSDME	SIMPLE_AND	BIVALENT	AND→BIV			NOT_EVALUATED_consensus_calls_only
ENSG00000105948	TTC26	SIMPLE_AND	INCONSISTENT	AND→INC			NOT_EVALUATED_consensus_calls_only
ENSG00000105963	ADAP1	SIMPLE_AND	BIVALENT	AND→BIV			NOT_EVALUATED_consensus_calls_only
ENSG00000105976	MET	REPRESSED	BIVALENT	REP→BIV			NOT_EVALUATED_consensus_calls_only
ENSG00000105982	RNF32	SIMPLE_AND	INCONSISTENT	AND→INC			NOT_EVALUATED_consensus_calls_only
ENSG00000105989	WNT2	BIVALENT	REPRESSED	BIV→REP			NOT_EVALUATED_consensus_calls_only
ENSG00000105991	HOXA1	INCONSISTENT	BIVALENT	INC→BIV			NOT_EVALUATED_consensus_calls_only
ENSG00000105997	HOXA3	BIVALENT	INCONSISTENT	BIV→INC			NOT_EVALUATED_consensus_calls_only
ENSG00000106006	HOXA6	BIVALENT	INCONSISTENT	BIV→INC			NOT_EVALUATED_consensus_calls_only
ENSG00000106012	IQCE	SIMPLE_AND	INCONSISTENT	AND→INC			NOT_EVALUATED_consensus_calls_only
ENSG00000106025	TSPAN12	BIVALENT	INCONSISTENT	BIV→INC			NOT_EVALUATED_consensus_calls_only
ENSG00000106031	HOXA13	REPRESSED	BIVALENT	REP→BIV			NOT_EVALUATED_consensus_calls_only
ENSG00000106034	CPED1	BIVALENT	SIMPLE_AND	BIV→AND			NOT_EVALUATED_consensus_calls_only
ENSG00000106066	CPVL	BIVALENT	INCONSISTENT	BIV→INC			NOT_EVALUATED_consensus_calls_only
ENSG00000106069	CHN2	REPRESSED	BIVALENT	REP→BIV			NOT_EVALUATED_consensus_calls_only
ENSG00000106077	ABHD11	SIMPLE_AND	INCONSISTENT	AND→INC			NOT_EVALUATED_consensus_calls_only
ENSG00000106080	FKBP14	SIMPLE_AND	INCONSISTENT	AND→INC			NOT_EVALUATED_consensus_calls_only
ENSG00000106086	PLEKHA8	SIMPLE_AND	INCONSISTENT	AND→INC			NOT_EVALUATED_consensus_calls_only
ENSG00000106089	STX1A	SIMPLE_OR	INCONSISTENT	OR→INC			NOT_EVALUATED_consensus_calls_only
ENSG00000106100	NOD1	SIMPLE_AND	INCONSISTENT	AND→INC			NOT_EVALUATED_consensus_calls_only
ENSG00000106123	EPHB6	BIVALENT	SIMPLE_AND	BIV→AND			NOT_EVALUATED_consensus_calls_only
ENSG00000106125	MINDY4	SIMPLE_AND	INCONSISTENT	AND→INC			NOT_EVALUATED_consensus_calls_only
ENSG00000106144	CASP2	SIMPLE_AND	COMPLEX	AND→CPX			NOT_EVALUATED_consensus_calls_only
ENSG00000106246	PTCD1	SIMPLE_AND	INCONSISTENT	AND→INC			NOT_EVALUATED_consensus_calls_only
ENSG00000106299	WASL	SIMPLE_AND	INCONSISTENT	AND→INC			NOT_EVALUATED_consensus_calls_only
ENSG00000106328	FSCN3	SIMPLE_OR	INCONSISTENT	OR→INC			NOT_EVALUATED_consensus_calls_only
ENSG00000106330	MOSPD3	SIMPLE_AND	INCONSISTENT	AND→INC			NOT_EVALUATED_consensus_calls_only
ENSG00000106346	USP42	SIMPLE_AND	INCONSISTENT	AND→INC			NOT_EVALUATED_consensus_calls_only
ENSG00000106348	IMPDH1	SIMPLE_OR	SIMPLE_AND	OR→AND			NOT_EVALUATED_consensus_calls_only
ENSG00000106351	AGFG2	SIMPLE_AND	INCONSISTENT	AND→INC			NOT_EVALUATED_consensus_calls_only
ENSG00000106415	GLCCI1	SIMPLE_AND	INCONSISTENT	AND→INC			NOT_EVALUATED_consensus_calls_only
ENSG00000106477	CEP41	SIMPLE_AND	COMPLEX	AND→CPX			NOT_EVALUATED_consensus_calls_only
ENSG00000106479	ZNF862	SIMPLE_AND	INCONSISTENT	AND→INC			NOT_EVALUATED_consensus_calls_only
ENSG00000106484	MEST	SIMPLE_OR	INCONSISTENT	OR→INC			NOT_EVALUATED_consensus_calls_only
ENSG00000106524	ANKMY2	BIVALENT	SIMPLE_AND	BIV→AND			NOT_EVALUATED_consensus_calls_only
ENSG00000106537	TSPAN13	REPRESSED	SIMPLE_AND	REP→AND			NOT_EVALUATED_consensus_calls_only
ENSG00000106560	GIMAP2	SIMPLE_AND	REPRESSED	AND→REP			NOT_EVALUATED_consensus_calls_only
ENSG00000106615	RHEB	SIMPLE_AND	COMPLEX	AND→CPX			NOT_EVALUATED_consensus_calls_only
ENSG00000106624	AEBP1	REPRESSED	INCONSISTENT	REP→INC			NOT_EVALUATED_consensus_calls_only
ENSG00000106665	CLIP2	SIMPLE_AND	INCONSISTENT	AND→INC			NOT_EVALUATED_consensus_calls_only
ENSG00000106692	FKTN	SIMPLE_AND	INCONSISTENT	AND→INC			NOT_EVALUATED_consensus_calls_only
ENSG00000106701	FSD1L	SIMPLE_AND	INCONSISTENT	AND→INC			NOT_EVALUATED_consensus_calls_only
ENSG00000106733	NMRK1	SIMPLE_AND	INCONSISTENT	AND→INC			NOT_EVALUATED_consensus_calls_only
ENSG00000106789	CORO2A	INCONSISTENT	SIMPLE_AND	INC→AND			NOT_EVALUATED_consensus_calls_only
ENSG00000106799	TGFBR1	BIVALENT	SIMPLE_AND	BIV→AND			NOT_EVALUATED_consensus_calls_only
ENSG00000106803	SEC61B	COMPLEX	SIMPLE_AND	CPX→AND			NOT_EVALUATED_consensus_calls_only
ENSG00000106804	C5	SIMPLE_AND	INCONSISTENT	AND→INC			NOT_EVALUATED_consensus_calls_only
ENSG00000106829	TLE4	SIMPLE_AND	INCONSISTENT	AND→INC			NOT_EVALUATED_consensus_calls_only
ENSG00000106852	LHX6	REPRESSED	BIVALENT	REP→BIV			NOT_EVALUATED_consensus_calls_only
ENSG00000106948	AKNA	SIMPLE_AND	INCONSISTENT	AND→INC			NOT_EVALUATED_consensus_calls_only
ENSG00000106976	DNM1	SIMPLE_AND	INCONSISTENT	AND→INC			NOT_EVALUATED_consensus_calls_only
ENSG00000106993	CDC37L1	SIMPLE_AND	INCONSISTENT	AND→INC			NOT_EVALUATED_consensus_calls_only
ENSG00000107020	PLGRKT	SIMPLE_AND	INCONSISTENT	AND→INC			NOT_EVALUATED_consensus_calls_only
ENSG00000107021	TBC1D13	SIMPLE_AND	INCONSISTENT	AND→INC			NOT_EVALUATED_consensus_calls_only
ENSG00000107104	KANK1	SIMPLE_AND	INCONSISTENT	AND→INC			NOT_EVALUATED_consensus_calls_only
ENSG00000107130	NCS1	REPRESSED	SIMPLE_OR	REP→OR			NOT_EVALUATED_consensus_calls_only
ENSG00000107140	TESK1	SIMPLE_AND	INCONSISTENT	AND→INC			NOT_EVALUATED_consensus_calls_only
ENSG00000107175	CREB3	SIMPLE_AND	INCONSISTENT	AND→INC			NOT_EVALUATED_consensus_calls_only
ENSG00000107185	RGP1	SIMPLE_AND	INCONSISTENT	AND→INC			NOT_EVALUATED_consensus_calls_only
ENSG00000107201	RIGI	SIMPLE_AND	INCONSISTENT	AND→INC			NOT_EVALUATED_consensus_calls_only
ENSG00000107242	PIP5K1B	SIMPLE_AND	INCONSISTENT	AND→INC			NOT_EVALUATED_consensus_calls_only
ENSG00000107262	BAG1	COMPLEX	SIMPLE_AND	CPX→AND			NOT_EVALUATED_consensus_calls_only
ENSG00000107263	RAPGEF1	SIMPLE_AND	SIMPLE_OR	AND→OR			NOT_EVALUATED_consensus_calls_only
ENSG00000107281	NPDC1	REPRESSED	BIVALENT	REP→BIV			NOT_EVALUATED_consensus_calls_only
ENSG00000107282	APBA1	BIVALENT	INCONSISTENT	BIV→INC			NOT_EVALUATED_consensus_calls_only
ENSG00000107331	ABCA2	BIVALENT	SIMPLE_OR	BIV→OR			NOT_EVALUATED_consensus_calls_only
ENSG00000107338	SHB	BIVALENT	INCONSISTENT	BIV→INC			NOT_EVALUATED_consensus_calls_only
ENSG00000107443	CCNJ	COMPLEX	SIMPLE_AND	CPX→AND			NOT_EVALUATED_consensus_calls_only
ENSG00000107518	ATRNL1	SIMPLE_OR	INCONSISTENT	OR→INC			NOT_EVALUATED_consensus_calls_only
ENSG00000107537	PHYH	SIMPLE_AND	INCONSISTENT	AND→INC			NOT_EVALUATED_consensus_calls_only
ENSG00000107551	RASSF4	SIMPLE_AND	INCONSISTENT	AND→INC			NOT_EVALUATED_consensus_calls_only
ENSG00000107554	DNMBP	SIMPLE_AND	INCONSISTENT	AND→INC			NOT_EVALUATED_consensus_calls_only
ENSG00000107560	RAB11FIP2	SIMPLE_AND	INCONSISTENT	AND→INC			NOT_EVALUATED_consensus_calls_only
ENSG00000107566	ERLIN1	SIMPLE_AND	INCONSISTENT	AND→INC			NOT_EVALUATED_consensus_calls_only
ENSG00000107614	TRDMT1	SIMPLE_AND	INCONSISTENT	AND→INC			NOT_EVALUATED_consensus_calls_only
ENSG00000107669	ATE1	SIMPLE_AND	INCONSISTENT	AND→INC			NOT_EVALUATED_consensus_calls_only
ENSG00000107679	PLEKHA1	BIVALENT	INCONSISTENT	BIV→INC			NOT_EVALUATED_consensus_calls_only
ENSG00000107719	PALD1	SIMPLE_AND	BIVALENT	AND→BIV			NOT_EVALUATED_consensus_calls_only
ENSG00000107731	UNC5B	REPRESSED	BIVALENT	REP→BIV			NOT_EVALUATED_consensus_calls_only
ENSG00000107738	VSIR	SIMPLE_AND	INCONSISTENT	AND→INC			NOT_EVALUATED_consensus_calls_only
ENSG00000107789	MINPP1	SIMPLE_AND	INCONSISTENT	AND→INC			NOT_EVALUATED_consensus_calls_only
ENSG00000107796	ACTA2	SIMPLE_AND	INCONSISTENT	AND→INC			NOT_EVALUATED_consensus_calls_only
ENSG00000107798	LIPA	SIMPLE_AND	INCONSISTENT	AND→INC			NOT_EVALUATED_consensus_calls_only
ENSG00000107807	TLX1	REPRESSED	BIVALENT	REP→BIV			NOT_EVALUATED_consensus_calls_only
ENSG00000107819	SFXN3	BIVALENT	INCONSISTENT	BIV→INC			NOT_EVALUATED_consensus_calls_only
ENSG00000107821	KAZALD1	BIVALENT	INCONSISTENT	BIV→INC			NOT_EVALUATED_consensus_calls_only
ENSG00000107829	FBXW4	SIMPLE_AND	INCONSISTENT	AND→INC			NOT_EVALUATED_consensus_calls_only
ENSG00000107859	PITX3	BIVALENT	INCONSISTENT	BIV→INC			NOT_EVALUATED_consensus_calls_only
ENSG00000107864	CPEB3	SIMPLE_AND	INCONSISTENT	AND→INC			NOT_EVALUATED_consensus_calls_only
ENSG00000107872	FBXL15	SIMPLE_AND	INCONSISTENT	AND→INC			NOT_EVALUATED_consensus_calls_only
ENSG00000107882	SUFU	SIMPLE_AND	INCONSISTENT	AND→INC			NOT_EVALUATED_consensus_calls_only
ENSG00000107890	ANKRD26	SIMPLE_AND	INCONSISTENT	AND→INC			NOT_EVALUATED_consensus_calls_only
ENSG00000107897	ACBD5	SIMPLE_AND	INCONSISTENT	AND→INC			NOT_EVALUATED_consensus_calls_only
ENSG00000107902	LHPP	SIMPLE_AND	INCONSISTENT	AND→INC			NOT_EVALUATED_consensus_calls_only
ENSG00000107960	STN1	SIMPLE_AND	INCONSISTENT	AND→INC			NOT_EVALUATED_consensus_calls_only
ENSG00000107968	MAP3K8	SIMPLE_AND	INCONSISTENT	AND→INC			NOT_EVALUATED_consensus_calls_only
ENSG00000108021	TASOR2	SIMPLE_AND	COMPLEX	AND→CPX			NOT_EVALUATED_consensus_calls_only
ENSG00000108175	ZMIZ1	SIMPLE_OR	SIMPLE_AND	OR→AND			NOT_EVALUATED_consensus_calls_only
ENSG00000108187	PBLD	SIMPLE_AND	INCONSISTENT	AND→INC			NOT_EVALUATED_consensus_calls_only
ENSG00000108239	TBC1D12	SIMPLE_AND	INCONSISTENT	AND→INC			NOT_EVALUATED_consensus_calls_only
ENSG00000108309	RUNDC3A	REPRESSED	BIVALENT	REP→BIV			NOT_EVALUATED_consensus_calls_only
ENSG00000108344	PSMD3	COMPLEX	SIMPLE_AND	CPX→AND			NOT_EVALUATED_consensus_calls_only
ENSG00000108352	RAPGEFL1	SIMPLE_OR	INCONSISTENT	OR→INC			NOT_EVALUATED_consensus_calls_only
ENSG00000108370	RGS9	SIMPLE_AND	BIVALENT	AND→BIV			NOT_EVALUATED_consensus_calls_only
ENSG00000108375	RNF43	SIMPLE_AND	INCONSISTENT	AND→INC			NOT_EVALUATED_consensus_calls_only
ENSG00000108384	RAD51C	SIMPLE_AND	COMPLEX	AND→CPX			NOT_EVALUATED_consensus_calls_only
ENSG00000108405	P2RX1	SIMPLE_AND	INCONSISTENT	AND→INC			NOT_EVALUATED_consensus_calls_only
ENSG00000108515	ENO3	SIMPLE_AND	INCONSISTENT	AND→INC			NOT_EVALUATED_consensus_calls_only
ENSG00000108551	RASD1	BIVALENT	INCONSISTENT	BIV→INC			NOT_EVALUATED_consensus_calls_only
ENSG00000108557	RAI1	SIMPLE_AND	INCONSISTENT	AND→INC			NOT_EVALUATED_consensus_calls_only
ENSG00000108576	SLC6A4	SIMPLE_OR	REPRESSED	OR→REP			NOT_EVALUATED_consensus_calls_only
ENSG00000108590	MED31	SIMPLE_AND	INCONSISTENT	AND→INC			NOT_EVALUATED_consensus_calls_only
ENSG00000108599	AKAP10	SIMPLE_AND	COMPLEX	AND→CPX			NOT_EVALUATED_consensus_calls_only
ENSG00000108622	ICAM2	SIMPLE_AND	SIMPLE_OR	AND→OR			NOT_EVALUATED_consensus_calls_only
ENSG00000108641	B9D1	SIMPLE_AND	INCONSISTENT	AND→INC			NOT_EVALUATED_consensus_calls_only
ENSG00000108666	C17orf75	SIMPLE_AND	INCONSISTENT	AND→INC			NOT_EVALUATED_consensus_calls_only
ENSG00000108669	CYTH1	SIMPLE_AND	INCONSISTENT	AND→INC			NOT_EVALUATED_consensus_calls_only
ENSG00000108733	PEX12	SIMPLE_AND	INCONSISTENT	AND→INC			NOT_EVALUATED_consensus_calls_only
ENSG00000108771	DHX58	SIMPLE_AND	INCONSISTENT	AND→INC			NOT_EVALUATED_consensus_calls_only
ENSG00000108773	KAT2A	SIMPLE_OR	SIMPLE_AND	OR→AND			NOT_EVALUATED_consensus_calls_only
ENSG00000108784	NAGLU	SIMPLE_AND	INCONSISTENT	AND→INC			NOT_EVALUATED_consensus_calls_only
ENSG00000108786	HSD17B1	SIMPLE_AND	INCONSISTENT	AND→INC			NOT_EVALUATED_consensus_calls_only
ENSG00000108797	CNTNAP1	SIMPLE_AND	INCONSISTENT	AND→INC			NOT_EVALUATED_consensus_calls_only
ENSG00000108798	ABI3	SIMPLE_AND	REPRESSED	AND→REP			NOT_EVALUATED_consensus_calls_only
ENSG00000108828	VAT1	SIMPLE_OR	SIMPLE_AND	OR→AND			NOT_EVALUATED_consensus_calls_only
ENSG00000108846	ABCC3	BIVALENT	REPRESSED	BIV→REP			NOT_EVALUATED_consensus_calls_only
ENSG00000108852	MPP2	REPRESSED	BIVALENT	REP→BIV			NOT_EVALUATED_consensus_calls_only
ENSG00000108854	SMURF2	SIMPLE_AND	INCONSISTENT	AND→INC			NOT_EVALUATED_consensus_calls_only
ENSG00000108924	HLF	REPRESSED	BIVALENT	REP→BIV			NOT_EVALUATED_consensus_calls_only
ENSG00000108932	SLC16A6	SIMPLE_AND	INCONSISTENT	AND→INC			NOT_EVALUATED_consensus_calls_only
ENSG00000108960	MMD	SIMPLE_AND	INCONSISTENT	AND→INC			NOT_EVALUATED_consensus_calls_only
ENSG00000108961	RANGRF	SIMPLE_AND	INCONSISTENT	AND→INC			NOT_EVALUATED_consensus_calls_only
ENSG00000108984	MAP2K6	SIMPLE_AND	INCONSISTENT	AND→INC			NOT_EVALUATED_consensus_calls_only
ENSG00000109066	TMEM104	SIMPLE_AND	INCONSISTENT	AND→INC			NOT_EVALUATED_consensus_calls_only
ENSG00000109083	IFT20	SIMPLE_AND	INCONSISTENT	AND→INC			NOT_EVALUATED_consensus_calls_only
ENSG00000109089	CDR2L	BIVALENT	INCONSISTENT	BIV→INC			NOT_EVALUATED_consensus_calls_only
ENSG00000109103	UNC119	SIMPLE_AND	SIMPLE_OR	AND→OR			NOT_EVALUATED_consensus_calls_only
ENSG00000109113	RAB34	SIMPLE_AND	INCONSISTENT	AND→INC			NOT_EVALUATED_consensus_calls_only
ENSG00000109189	USP46	SIMPLE_AND	INCONSISTENT	AND→INC			NOT_EVALUATED_consensus_calls_only
ENSG00000109220	CHIC2	SIMPLE_AND	INCONSISTENT	AND→INC			NOT_EVALUATED_consensus_calls_only
ENSG00000109255	NMU	REPRESSED	SIMPLE_AND	REP→AND			NOT_EVALUATED_consensus_calls_only
ENSG00000109320	NFKB1	SIMPLE_AND	INCONSISTENT	AND→INC			NOT_EVALUATED_consensus_calls_only
ENSG00000109321	AREG	BIVALENT	INCONSISTENT	BIV→INC			NOT_EVALUATED_consensus_calls_only
ENSG00000109323	MANBA	SIMPLE_AND	INCONSISTENT	AND→INC			NOT_EVALUATED_consensus_calls_only
ENSG00000109339	MAPK10	BIVALENT	REPRESSED	BIV→REP			NOT_EVALUATED_consensus_calls_only
ENSG00000109445	ZNF330	COMPLEX	SIMPLE_AND	CPX→AND			NOT_EVALUATED_consensus_calls_only
ENSG00000109458	GAB1	SIMPLE_OR	INCONSISTENT	OR→INC			NOT_EVALUATED_consensus_calls_only
ENSG00000109466	KLHL2	SIMPLE_AND	INCONSISTENT	AND→INC			NOT_EVALUATED_consensus_calls_only
ENSG00000109618	SEPSECS	SIMPLE_AND	INCONSISTENT	AND→INC			NOT_EVALUATED_consensus_calls_only
ENSG00000109625	CPZ	REPRESSED	BIVALENT	REP→BIV			NOT_EVALUATED_consensus_calls_only
ENSG00000109689	STIM2	SIMPLE_AND	INCONSISTENT	AND→INC			NOT_EVALUATED_consensus_calls_only
ENSG00000109705	NKX3-2	BIVALENT	INCONSISTENT	BIV→INC			NOT_EVALUATED_consensus_calls_only
ENSG00000109771	LRP2BP	SIMPLE_AND	INCONSISTENT	AND→INC			NOT_EVALUATED_consensus_calls_only
ENSG00000109832	DDX25	BIVALENT	INCONSISTENT	BIV→INC			NOT_EVALUATED_consensus_calls_only
ENSG00000109861	CTSC	SIMPLE_AND	SIMPLE_OR	AND→OR			NOT_EVALUATED_consensus_calls_only
ENSG00000109881	CCDC34	SIMPLE_AND	INCONSISTENT	AND→INC			NOT_EVALUATED_consensus_calls_only
ENSG00000109944	JHY	SIMPLE_AND	REPRESSED	AND→REP			NOT_EVALUATED_consensus_calls_only
ENSG00000110031	LPXN	SIMPLE_AND	INCONSISTENT	AND→INC			NOT_EVALUATED_consensus_calls_only
ENSG00000110042	DTX4	SIMPLE_AND	BIVALENT	AND→BIV			NOT_EVALUATED_consensus_calls_only
ENSG00000110047	EHD1	SIMPLE_OR	SIMPLE_AND	OR→AND			NOT_EVALUATED_consensus_calls_only
ENSG00000110057	UNC93B1	SIMPLE_AND	INCONSISTENT	AND→INC			NOT_EVALUATED_consensus_calls_only
ENSG00000110060	PUS3	BIVALENT	INCONSISTENT	BIV→INC			NOT_EVALUATED_consensus_calls_only
ENSG00000110077	MS4A6A	SIMPLE_AND	INCONSISTENT	AND→INC			NOT_EVALUATED_consensus_calls_only
ENSG00000110171	TRIM3	SIMPLE_OR	INCONSISTENT	OR→INC			NOT_EVALUATED_consensus_calls_only
ENSG00000110237	ARHGEF17	SIMPLE_AND	INCONSISTENT	AND→INC			NOT_EVALUATED_consensus_calls_only
ENSG00000110274	CEP164	BIVALENT	REPRESSED	BIV→REP			NOT_EVALUATED_consensus_calls_only
ENSG00000110315	RNF141	BIVALENT	INCONSISTENT	BIV→INC			NOT_EVALUATED_consensus_calls_only
ENSG00000110324	IL10RA	SIMPLE_AND	BIVALENT	AND→BIV			NOT_EVALUATED_consensus_calls_only
ENSG00000110328	GALNT18	BIVALENT	INCONSISTENT	BIV→INC			NOT_EVALUATED_consensus_calls_only
ENSG00000110427	KIAA1549L	BIVALENT	REPRESSED	BIV→REP			NOT_EVALUATED_consensus_calls_only
ENSG00000110442	COMMD9	SIMPLE_OR	SIMPLE_AND	OR→AND			NOT_EVALUATED_consensus_calls_only
ENSG00000110446	SLC15A3	SIMPLE_AND	REPRESSED	AND→REP			NOT_EVALUATED_consensus_calls_only
ENSG00000110455	ACCS	SIMPLE_AND	INCONSISTENT	AND→INC			NOT_EVALUATED_consensus_calls_only
ENSG00000110492	MDK	BIVALENT	SIMPLE_AND	BIV→AND			NOT_EVALUATED_consensus_calls_only
ENSG00000110660	SLC35F2	SIMPLE_AND	SIMPLE_OR	AND→OR			NOT_EVALUATED_consensus_calls_only
ENSG00000110696	C11orf58	REPRESSED	SIMPLE_OR	REP→OR			NOT_EVALUATED_consensus_calls_only
ENSG00000110723	EXPH5	SIMPLE_AND	INCONSISTENT	AND→INC			NOT_EVALUATED_consensus_calls_only
ENSG00000110756	HPS5	SIMPLE_AND	INCONSISTENT	AND→INC			NOT_EVALUATED_consensus_calls_only
ENSG00000110811	P3H3	BIVALENT	INCONSISTENT	BIV→INC			NOT_EVALUATED_consensus_calls_only
ENSG00000110841	PPFIBP1	SIMPLE_AND	INCONSISTENT	AND→INC			NOT_EVALUATED_consensus_calls_only
ENSG00000110844	PRPF40B	SIMPLE_AND	INCONSISTENT	AND→INC			NOT_EVALUATED_consensus_calls_only
ENSG00000110848	CD69	SIMPLE_AND	COMPLEX	AND→CPX			NOT_EVALUATED_consensus_calls_only
ENSG00000110852	CLEC2B	SIMPLE_AND	INCONSISTENT	AND→INC			NOT_EVALUATED_consensus_calls_only
ENSG00000110876	SELPLG	SIMPLE_AND	INCONSISTENT	AND→INC			NOT_EVALUATED_consensus_calls_only
ENSG00000110925	CSRNP2	SIMPLE_AND	INCONSISTENT	AND→INC			NOT_EVALUATED_consensus_calls_only
ENSG00000110934	BIN2	SIMPLE_AND	INCONSISTENT	AND→INC			NOT_EVALUATED_consensus_calls_only
ENSG00000110944	IL23A	SIMPLE_AND	INCONSISTENT	AND→INC			NOT_EVALUATED_consensus_calls_only
ENSG00000110975	SYT10	REPRESSED	INCONSISTENT	REP→INC			NOT_EVALUATED_consensus_calls_only
ENSG00000110987	BCL7A	BIVALENT	COMPLEX	BIV→CPX			NOT_EVALUATED_consensus_calls_only
ENSG00000111012	CYP27B1	SIMPLE_AND	INCONSISTENT	AND→INC			NOT_EVALUATED_consensus_calls_only
ENSG00000111057	KRT18	INCONSISTENT	SIMPLE_AND	INC→AND			NOT_EVALUATED_consensus_calls_only
ENSG00000111087	GLI1	BIVALENT	INCONSISTENT	BIV→INC			NOT_EVALUATED_consensus_calls_only
ENSG00000111110	PPM1H	BIVALENT	SIMPLE_AND	BIV→AND			NOT_EVALUATED_consensus_calls_only
ENSG00000111145	ELK3	SIMPLE_AND	INCONSISTENT	AND→INC			NOT_EVALUATED_consensus_calls_only
ENSG00000111186	WNT5B	BIVALENT	INCONSISTENT	BIV→INC			NOT_EVALUATED_consensus_calls_only
ENSG00000111196	MAGOHB	SIMPLE_AND	INCONSISTENT	AND→INC			NOT_EVALUATED_consensus_calls_only
ENSG00000111199	TRPV4	REPRESSED	INCONSISTENT	REP→INC			NOT_EVALUATED_consensus_calls_only
ENSG00000111224	PARP11	SIMPLE_AND	INCONSISTENT	AND→INC			NOT_EVALUATED_consensus_calls_only
ENSG00000111254	AKAP3	SIMPLE_AND	INCONSISTENT	AND→INC			NOT_EVALUATED_consensus_calls_only
ENSG00000111269	CREBL2	SIMPLE_AND	INCONSISTENT	AND→INC			NOT_EVALUATED_consensus_calls_only
ENSG00000111305	GSG1	BIVALENT	INCONSISTENT	BIV→INC			NOT_EVALUATED_consensus_calls_only
ENSG00000111331	OAS3	SIMPLE_AND	INCONSISTENT	AND→INC			NOT_EVALUATED_consensus_calls_only
ENSG00000111335	OAS2	SIMPLE_AND	REPRESSED	AND→REP			NOT_EVALUATED_consensus_calls_only
ENSG00000111348	ARHGDIB	SIMPLE_AND	INCONSISTENT	AND→INC			NOT_EVALUATED_consensus_calls_only
ENSG00000111412	SPRING1	SIMPLE_AND	BIVALENT	AND→BIV			NOT_EVALUATED_consensus_calls_only
ENSG00000111450	STX2	SIMPLE_OR	SIMPLE_AND	OR→AND			NOT_EVALUATED_consensus_calls_only
ENSG00000111481	COPZ1	REPRESSED	SIMPLE_AND	REP→AND			NOT_EVALUATED_consensus_calls_only
ENSG00000111490	TBC1D30	SIMPLE_AND	INCONSISTENT	AND→INC			NOT_EVALUATED_consensus_calls_only
ENSG00000111554	MDM1	SIMPLE_AND	INCONSISTENT	AND→INC			NOT_EVALUATED_consensus_calls_only
ENSG00000111615	KRR1	SIMPLE_AND	COMPLEX	AND→CPX			NOT_EVALUATED_consensus_calls_only
ENSG00000111642	CHD4	SIMPLE_OR	SIMPLE_AND	OR→AND			NOT_EVALUATED_consensus_calls_only
ENSG00000111653	ING4	SIMPLE_AND	INCONSISTENT	AND→INC			NOT_EVALUATED_consensus_calls_only
ENSG00000111674	ENO2	SIMPLE_AND	SIMPLE_OR	AND→OR			NOT_EVALUATED_consensus_calls_only
ENSG00000111679	PTPN6	SIMPLE_AND	INCONSISTENT	AND→INC			NOT_EVALUATED_consensus_calls_only
ENSG00000111696	NT5DC3	SIMPLE_AND	INCONSISTENT	AND→INC			NOT_EVALUATED_consensus_calls_only
ENSG00000111727	HCFC2	SIMPLE_AND	INCONSISTENT	AND→INC			NOT_EVALUATED_consensus_calls_only
ENSG00000111752	PHC1	SIMPLE_OR	INCONSISTENT	OR→INC			NOT_EVALUATED_consensus_calls_only
ENSG00000111780		INCONSISTENT	SIMPLE_AND	INC→AND			NOT_EVALUATED_consensus_calls_only
ENSG00000111785	RIC8B	SIMPLE_AND	COMPLEX	AND→CPX			NOT_EVALUATED_consensus_calls_only
ENSG00000111801	BTN3A3	SIMPLE_AND	INCONSISTENT	AND→INC			NOT_EVALUATED_consensus_calls_only
ENSG00000111817	DSE	SIMPLE_AND	INCONSISTENT	AND→INC			NOT_EVALUATED_consensus_calls_only
ENSG00000111832	RWDD1	SIMPLE_AND	INCONSISTENT	AND→INC			NOT_EVALUATED_consensus_calls_only
ENSG00000111837	MAK	BIVALENT	INCONSISTENT	BIV→INC			NOT_EVALUATED_consensus_calls_only
ENSG00000111843	TMEM14C	SIMPLE_AND	COMPLEX	AND→CPX			NOT_EVALUATED_consensus_calls_only
ENSG00000111850	SMIM8	SIMPLE_AND	INCONSISTENT	AND→INC			NOT_EVALUATED_consensus_calls_only
ENSG00000111860	CEP85L	SIMPLE_AND	INCONSISTENT	AND→INC			NOT_EVALUATED_consensus_calls_only
ENSG00000111877	MCM9	COMPLEX	INCONSISTENT	CPX→INC			NOT_EVALUATED_consensus_calls_only
ENSG00000111880	RNGTT	SIMPLE_AND	INCONSISTENT	AND→INC			NOT_EVALUATED_consensus_calls_only
ENSG00000111911	HINT3	SIMPLE_AND	INCONSISTENT	AND→INC			NOT_EVALUATED_consensus_calls_only
ENSG00000111981	ULBP1	REPRESSED	COMPLEX	REP→CPX			NOT_EVALUATED_consensus_calls_only
ENSG00000112033	PPARD	SIMPLE_AND	INCONSISTENT	AND→INC			NOT_EVALUATED_consensus_calls_only
ENSG00000112079	STK38	SIMPLE_AND	INCONSISTENT	AND→INC			NOT_EVALUATED_consensus_calls_only
ENSG00000112144	CILK1	SIMPLE_AND	INCONSISTENT	AND→INC			NOT_EVALUATED_consensus_calls_only
ENSG00000112149	CD83	SIMPLE_AND	INCONSISTENT	AND→INC			NOT_EVALUATED_consensus_calls_only
ENSG00000112167	SAYSD1	SIMPLE_AND	INCONSISTENT	AND→INC			NOT_EVALUATED_consensus_calls_only
ENSG00000112195	TREML2	SIMPLE_AND	INCONSISTENT	AND→INC			NOT_EVALUATED_consensus_calls_only
ENSG00000112208	BAG2	SIMPLE_AND	INCONSISTENT	AND→INC			NOT_EVALUATED_consensus_calls_only
ENSG00000112210	RAB23	SIMPLE_AND	INCONSISTENT	AND→INC			NOT_EVALUATED_consensus_calls_only
ENSG00000112218	GPR63	SIMPLE_AND	INCONSISTENT	AND→INC			NOT_EVALUATED_consensus_calls_only
ENSG00000112276	BVES	BIVALENT	INCONSISTENT	BIV→INC			NOT_EVALUATED_consensus_calls_only
ENSG00000112293	GPLD1	SIMPLE_AND	INCONSISTENT	AND→INC			NOT_EVALUATED_consensus_calls_only
ENSG00000112297	CRYBG1	REPRESSED	INCONSISTENT	REP→INC			NOT_EVALUATED_consensus_calls_only
ENSG00000112309	B3GAT2	BIVALENT	INCONSISTENT	BIV→INC			NOT_EVALUATED_consensus_calls_only
ENSG00000112343	TRIM38	SIMPLE_AND	INCONSISTENT	AND→INC			NOT_EVALUATED_consensus_calls_only
ENSG00000112357	PEX7	SIMPLE_AND	INCONSISTENT	AND→INC			NOT_EVALUATED_consensus_calls_only
ENSG00000112365	ZBTB24	SIMPLE_AND	INCONSISTENT	AND→INC			NOT_EVALUATED_consensus_calls_only
ENSG00000112367	FIG4	SIMPLE_AND	INCONSISTENT	AND→INC			NOT_EVALUATED_consensus_calls_only
ENSG00000112379	ARFGEF3	BIVALENT	REPRESSED	BIV→REP			NOT_EVALUATED_consensus_calls_only
ENSG00000112394	SLC16A10	SIMPLE_AND	BIVALENT	AND→BIV			NOT_EVALUATED_consensus_calls_only
ENSG00000112406	HECA	SIMPLE_AND	INCONSISTENT	AND→INC			NOT_EVALUATED_consensus_calls_only
ENSG00000112414	ADGRG6	REPRESSED	BIVALENT	REP→BIV			NOT_EVALUATED_consensus_calls_only
ENSG00000112419	PHACTR2	SIMPLE_AND	REPRESSED	AND→REP			NOT_EVALUATED_consensus_calls_only
ENSG00000112425	EPM2A	SIMPLE_AND	INCONSISTENT	AND→INC			NOT_EVALUATED_consensus_calls_only
ENSG00000112486	CCR6	INCONSISTENT	REPRESSED	INC→REP			NOT_EVALUATED_consensus_calls_only
ENSG00000112561	TFEB	SIMPLE_AND	INCONSISTENT	AND→INC			NOT_EVALUATED_consensus_calls_only
ENSG00000112655	PTK7	SIMPLE_OR	INCONSISTENT	OR→INC			NOT_EVALUATED_consensus_calls_only
ENSG00000112659	CUL9	SIMPLE_AND	INCONSISTENT	AND→INC			NOT_EVALUATED_consensus_calls_only
ENSG00000112679	DUSP22	SIMPLE_AND	INCONSISTENT	AND→INC			NOT_EVALUATED_consensus_calls_only
ENSG00000112697	TMEM30A	SIMPLE_AND	INCONSISTENT	AND→INC			NOT_EVALUATED_consensus_calls_only
ENSG00000112699	GMDS	SIMPLE_AND	INCONSISTENT	AND→INC			NOT_EVALUATED_consensus_calls_only
ENSG00000112763	BTN2A1	SIMPLE_AND	INCONSISTENT	AND→INC			NOT_EVALUATED_consensus_calls_only
ENSG00000112773	TENT5A	BIVALENT	INCONSISTENT	BIV→INC			NOT_EVALUATED_consensus_calls_only
ENSG00000112799	LY86	SIMPLE_AND	REPRESSED	AND→REP			NOT_EVALUATED_consensus_calls_only
ENSG00000112837	TBX18	REPRESSED	SIMPLE_AND	REP→AND			NOT_EVALUATED_consensus_calls_only
ENSG00000112874	NUDT12	SIMPLE_AND	INCONSISTENT	AND→INC			NOT_EVALUATED_consensus_calls_only
ENSG00000112941	TENT4A	SIMPLE_AND	INCONSISTENT	AND→INC			NOT_EVALUATED_consensus_calls_only
ENSG00000113013	HSPA9	SIMPLE_AND	COMPLEX	AND→CPX			NOT_EVALUATED_consensus_calls_only
ENSG00000113070	HBEGF	SIMPLE_OR	INCONSISTENT	OR→INC			NOT_EVALUATED_consensus_calls_only
ENSG00000113108	APBB3	SIMPLE_AND	INCONSISTENT	AND→INC			NOT_EVALUATED_consensus_calls_only
ENSG00000113140	SPARC	SIMPLE_AND	BIVALENT	AND→BIV			NOT_EVALUATED_consensus_calls_only
ENSG00000113269	RNF130	BIVALENT	SIMPLE_AND	BIV→AND			NOT_EVALUATED_consensus_calls_only
ENSG00000113273	ARSB	SIMPLE_AND	BIVALENT	AND→BIV			NOT_EVALUATED_consensus_calls_only
ENSG00000113282	CLINT1	COMPLEX	SIMPLE_AND	CPX→AND			NOT_EVALUATED_consensus_calls_only
ENSG00000113356	POLR3G	COMPLEX	SIMPLE_AND	CPX→AND			NOT_EVALUATED_consensus_calls_only
ENSG00000113391	FAM172A	SIMPLE_AND	INCONSISTENT	AND→INC			NOT_EVALUATED_consensus_calls_only
ENSG00000113504	SLC12A7	SIMPLE_OR	INCONSISTENT	OR→INC			NOT_EVALUATED_consensus_calls_only
ENSG00000113532	ST8SIA4	SIMPLE_AND	INCONSISTENT	AND→INC			NOT_EVALUATED_consensus_calls_only
ENSG00000113552	GNPDA1	SIMPLE_OR	SIMPLE_AND	OR→AND			NOT_EVALUATED_consensus_calls_only
ENSG00000113580	NR3C1	SIMPLE_AND	REPRESSED	AND→REP			NOT_EVALUATED_consensus_calls_only
ENSG00000113595	TRIM23	SIMPLE_AND	INCONSISTENT	AND→INC			NOT_EVALUATED_consensus_calls_only
ENSG00000113597	TRAPPC13	SIMPLE_AND	INCONSISTENT	AND→INC			NOT_EVALUATED_consensus_calls_only
ENSG00000113621	TXNDC15	SIMPLE_AND	INCONSISTENT	AND→INC			NOT_EVALUATED_consensus_calls_only
ENSG00000113645	WWC1	SIMPLE_AND	INCONSISTENT	AND→INC			NOT_EVALUATED_consensus_calls_only
ENSG00000113649	TCERG1	SIMPLE_AND	COMPLEX	AND→CPX			NOT_EVALUATED_consensus_calls_only
ENSG00000113734	BNIP1	SIMPLE_AND	INCONSISTENT	AND→INC			NOT_EVALUATED_consensus_calls_only
ENSG00000113739	STC2	BIVALENT	INCONSISTENT	BIV→INC			NOT_EVALUATED_consensus_calls_only
ENSG00000113742	CPEB4	COMPLEX	SIMPLE_AND	CPX→AND			NOT_EVALUATED_consensus_calls_only
ENSG00000113763	UNC5A	REPRESSED	INCONSISTENT	REP→INC			NOT_EVALUATED_consensus_calls_only
ENSG00000113811	SELENOK	COMPLEX	INCONSISTENT	CPX→INC			NOT_EVALUATED_consensus_calls_only
ENSG00000113916	BCL6	BIVALENT	INCONSISTENT	BIV→INC			NOT_EVALUATED_consensus_calls_only
ENSG00000113966	ARL6	SIMPLE_AND	INCONSISTENT	AND→INC			NOT_EVALUATED_consensus_calls_only
ENSG00000113971	NPHP3	SIMPLE_AND	INCONSISTENT	AND→INC			NOT_EVALUATED_consensus_calls_only
ENSG00000114019	AMOTL2	REPRESSED	INCONSISTENT	REP→INC			NOT_EVALUATED_consensus_calls_only
ENSG00000114021	NIT2	SIMPLE_AND	INCONSISTENT	AND→INC			NOT_EVALUATED_consensus_calls_only
ENSG00000114107	CEP70	BIVALENT	INCONSISTENT	BIV→INC			NOT_EVALUATED_consensus_calls_only
ENSG00000114166	KAT2B	SIMPLE_AND	INCONSISTENT	AND→INC			NOT_EVALUATED_consensus_calls_only
ENSG00000114270	COL7A1	REPRESSED	INCONSISTENT	REP→INC			NOT_EVALUATED_consensus_calls_only
ENSG00000114315	HES1	BIVALENT	SIMPLE_AND	BIV→AND			NOT_EVALUATED_consensus_calls_only
ENSG00000114354	TFG	COMPLEX	SIMPLE_AND	CPX→AND			NOT_EVALUATED_consensus_calls_only
ENSG00000114383	TUSC2	SIMPLE_AND	INCONSISTENT	AND→INC			NOT_EVALUATED_consensus_calls_only
ENSG00000114395	CYB561D2	SIMPLE_AND	INCONSISTENT	AND→INC			NOT_EVALUATED_consensus_calls_only
ENSG00000114423	CBLB	SIMPLE_AND	INCONSISTENT	AND→INC			NOT_EVALUATED_consensus_calls_only
ENSG00000114450	GNB4	BIVALENT	SIMPLE_AND	BIV→AND			NOT_EVALUATED_consensus_calls_only
ENSG00000114473	IQCG	SIMPLE_AND	INCONSISTENT	AND→INC			NOT_EVALUATED_consensus_calls_only
ENSG00000114491	UMPS	COMPLEX	SIMPLE_AND	CPX→AND			NOT_EVALUATED_consensus_calls_only
ENSG00000114529	C3orf52	BIVALENT	INCONSISTENT	BIV→INC			NOT_EVALUATED_consensus_calls_only
ENSG00000114626	ABTB1	SIMPLE_AND	INCONSISTENT	AND→INC			NOT_EVALUATED_consensus_calls_only
ENSG00000114631	PODXL2	REPRESSED	SIMPLE_AND	REP→AND			NOT_EVALUATED_consensus_calls_only
ENSG00000114646	CSPG5	REPRESSED	INCONSISTENT	REP→INC			NOT_EVALUATED_consensus_calls_only
ENSG00000114654	EFCC1	REPRESSED	INCONSISTENT	REP→INC			NOT_EVALUATED_consensus_calls_only
ENSG00000114656	CFAP92	REPRESSED	INCONSISTENT	REP→INC			NOT_EVALUATED_consensus_calls_only
ENSG00000114670	NEK11	SIMPLE_AND	INCONSISTENT	AND→INC			NOT_EVALUATED_consensus_calls_only
ENSG00000114698	PLSCR4	BIVALENT	INCONSISTENT	BIV→INC			NOT_EVALUATED_consensus_calls_only
ENSG00000114735	HEMK1	SIMPLE_AND	INCONSISTENT	AND→INC			NOT_EVALUATED_consensus_calls_only
ENSG00000114739	ACVR2B	BIVALENT	SIMPLE_AND	BIV→AND			NOT_EVALUATED_consensus_calls_only
ENSG00000114770	ABCC5	SIMPLE_OR	SIMPLE_AND	OR→AND			NOT_EVALUATED_consensus_calls_only
ENSG00000114786	ABHD14A-ACY1	INCONSISTENT	SIMPLE_AND	INC→AND			NOT_EVALUATED_consensus_calls_only
ENSG00000114790	ARHGEF26	BIVALENT	INCONSISTENT	BIV→INC			NOT_EVALUATED_consensus_calls_only
ENSG00000114805	PLCH1	BIVALENT	INCONSISTENT	BIV→INC			NOT_EVALUATED_consensus_calls_only
ENSG00000114853	ZBTB47	SIMPLE_AND	INCONSISTENT	AND→INC			NOT_EVALUATED_consensus_calls_only
ENSG00000114859	CLCN2	SIMPLE_AND	INCONSISTENT	AND→INC			NOT_EVALUATED_consensus_calls_only
ENSG00000114861	FOXP1	BIVALENT	SIMPLE_AND	BIV→AND			NOT_EVALUATED_consensus_calls_only
ENSG00000114923	SLC4A3	REPRESSED	INCONSISTENT	REP→INC			NOT_EVALUATED_consensus_calls_only
ENSG00000114933	INO80D	SIMPLE_AND	INCONSISTENT	AND→INC			NOT_EVALUATED_consensus_calls_only
ENSG00000114988	LMAN2L	SIMPLE_AND	INCONSISTENT	AND→INC			NOT_EVALUATED_consensus_calls_only
ENSG00000114993	RTKN	BIVALENT	INCONSISTENT	BIV→INC			NOT_EVALUATED_consensus_calls_only
ENSG00000115107	STEAP3	SIMPLE_OR	SIMPLE_AND	OR→AND			NOT_EVALUATED_consensus_calls_only
ENSG00000115112	TFCP2L1	BIVALENT	INCONSISTENT	BIV→INC			NOT_EVALUATED_consensus_calls_only
ENSG00000115129	TP53I3	SIMPLE_AND	INCONSISTENT	AND→INC			NOT_EVALUATED_consensus_calls_only
ENSG00000115137	DNAJC27	SIMPLE_AND	INCONSISTENT	AND→INC			NOT_EVALUATED_consensus_calls_only
ENSG00000115138	POMC	BIVALENT	REPRESSED	BIV→REP			NOT_EVALUATED_consensus_calls_only
ENSG00000115145	STAM2	SIMPLE_AND	COMPLEX	AND→CPX			NOT_EVALUATED_consensus_calls_only
ENSG00000115170	ACVR1	INCONSISTENT	SIMPLE_AND	INC→AND			NOT_EVALUATED_consensus_calls_only
ENSG00000115226	FNDC4	REPRESSED	INCONSISTENT	REP→INC			NOT_EVALUATED_consensus_calls_only
ENSG00000115255	REEP6	INCONSISTENT	SIMPLE_AND	INC→AND			NOT_EVALUATED_consensus_calls_only
ENSG00000115257	PCSK4	SIMPLE_OR	INCONSISTENT	OR→INC			NOT_EVALUATED_consensus_calls_only
ENSG00000115266	APC2	BIVALENT	INCONSISTENT	BIV→INC			NOT_EVALUATED_consensus_calls_only
ENSG00000115267	IFIH1	SIMPLE_AND	INCONSISTENT	AND→INC			NOT_EVALUATED_consensus_calls_only
ENSG00000115271	GCA	SIMPLE_AND	INCONSISTENT	AND→INC			NOT_EVALUATED_consensus_calls_only
ENSG00000115274	INO80B	SIMPLE_AND	INCONSISTENT	AND→INC			NOT_EVALUATED_consensus_calls_only
ENSG00000115282	TTC31	SIMPLE_AND	INCONSISTENT	AND→INC			NOT_EVALUATED_consensus_calls_only
ENSG00000115306	SPTBN1	BIVALENT	SIMPLE_OR	BIV→OR			NOT_EVALUATED_consensus_calls_only
ENSG00000115318	LOXL3	SIMPLE_AND	INCONSISTENT	AND→INC			NOT_EVALUATED_consensus_calls_only
ENSG00000115350	POLE4	SIMPLE_AND	COMPLEX	AND→CPX			NOT_EVALUATED_consensus_calls_only
ENSG00000115353	TACR1	BIVALENT	REPRESSED	BIV→REP			NOT_EVALUATED_consensus_calls_only
ENSG00000115414	FN1	BIVALENT	SIMPLE_OR	BIV→OR			NOT_EVALUATED_consensus_calls_only
ENSG00000115425	PECR	SIMPLE_AND	INCONSISTENT	AND→INC			NOT_EVALUATED_consensus_calls_only
ENSG00000115446	UNC50	COMPLEX	INCONSISTENT	CPX→INC			NOT_EVALUATED_consensus_calls_only
ENSG00000115459	ELMOD3	SIMPLE_AND	INCONSISTENT	AND→INC			NOT_EVALUATED_consensus_calls_only
ENSG00000115507	OTX1	BIVALENT	INCONSISTENT	BIV→INC			NOT_EVALUATED_consensus_calls_only
ENSG00000115520	COQ10B	SIMPLE_AND	INCONSISTENT	AND→INC			NOT_EVALUATED_consensus_calls_only
ENSG00000115539	PDCL3	SIMPLE_AND	INCONSISTENT	AND→INC			NOT_EVALUATED_consensus_calls_only
ENSG00000115540	MOB4	SIMPLE_AND	INCONSISTENT	AND→INC			NOT_EVALUATED_consensus_calls_only
ENSG00000115561	CHMP3	SIMPLE_AND	COMPLEX	AND→CPX			NOT_EVALUATED_consensus_calls_only
ENSG00000115607	IL18RAP	SIMPLE_OR	INCONSISTENT	OR→INC			NOT_EVALUATED_consensus_calls_only
ENSG00000115616	SLC9A2	BIVALENT	INCONSISTENT	BIV→INC			NOT_EVALUATED_consensus_calls_only
ENSG00000115687	PASK	SIMPLE_AND	INCONSISTENT	AND→INC			NOT_EVALUATED_consensus_calls_only
ENSG00000115738	ID2	BIVALENT	INCONSISTENT	BIV→INC			NOT_EVALUATED_consensus_calls_only
ENSG00000115758	ODC1	COMPLEX	SIMPLE_AND	CPX→AND			NOT_EVALUATED_consensus_calls_only
ENSG00000115760	BIRC6	COMPLEX	SIMPLE_AND	CPX→AND			NOT_EVALUATED_consensus_calls_only
ENSG00000115806	GORASP2	SIMPLE_AND	COMPLEX	AND→CPX			NOT_EVALUATED_consensus_calls_only
ENSG00000115825	PRKD3	BIVALENT	SIMPLE_AND	BIV→AND			NOT_EVALUATED_consensus_calls_only
ENSG00000115828	QPCT	BIVALENT	REPRESSED	BIV→REP			NOT_EVALUATED_consensus_calls_only
ENSG00000115841	RMDN2	SIMPLE_AND	INCONSISTENT	AND→INC			NOT_EVALUATED_consensus_calls_only
ENSG00000115844	DLX2	BIVALENT	INCONSISTENT	BIV→INC			NOT_EVALUATED_consensus_calls_only
ENSG00000115884	SDC1	SIMPLE_AND	INCONSISTENT	AND→INC			NOT_EVALUATED_consensus_calls_only
ENSG00000115896	PLCL1	BIVALENT	SIMPLE_AND	BIV→AND			NOT_EVALUATED_consensus_calls_only
ENSG00000115919	KYNU	SIMPLE_AND	INCONSISTENT	AND→INC			NOT_EVALUATED_consensus_calls_only
ENSG00000115935	WIPF1	BIVALENT	INCONSISTENT	BIV→INC			NOT_EVALUATED_consensus_calls_only
ENSG00000115977	AAK1	REPRESSED	INCONSISTENT	REP→INC			NOT_EVALUATED_consensus_calls_only
ENSG00000115993	TRAK2	SIMPLE_AND	INCONSISTENT	AND→INC			NOT_EVALUATED_consensus_calls_only
ENSG00000115998	C2orf42	SIMPLE_AND	INCONSISTENT	AND→INC			NOT_EVALUATED_consensus_calls_only
ENSG00000116005	PCYOX1	SIMPLE_AND	INCONSISTENT	AND→INC			NOT_EVALUATED_consensus_calls_only
ENSG00000116014	KISS1R	BIVALENT	SIMPLE_AND	BIV→AND			NOT_EVALUATED_consensus_calls_only
ENSG00000116035	VAX2	REPRESSED	BIVALENT	REP→BIV			NOT_EVALUATED_consensus_calls_only
ENSG00000116096	SPR	BIVALENT	SIMPLE_AND	BIV→AND			NOT_EVALUATED_consensus_calls_only
ENSG00000116117	PARD3B	REPRESSED	INCONSISTENT	REP→INC			NOT_EVALUATED_consensus_calls_only
ENSG00000116128	BCL9	SIMPLE_OR	INCONSISTENT	OR→INC			NOT_EVALUATED_consensus_calls_only
ENSG00000116132	PRRX1	BIVALENT	REPRESSED	BIV→REP			NOT_EVALUATED_consensus_calls_only
ENSG00000116151	MORN1	SIMPLE_AND	INCONSISTENT	AND→INC			NOT_EVALUATED_consensus_calls_only
ENSG00000116171	SCP2	SIMPLE_OR	SIMPLE_AND	OR→AND			NOT_EVALUATED_consensus_calls_only
ENSG00000116191	RALGPS2	BIVALENT	INCONSISTENT	BIV→INC			NOT_EVALUATED_consensus_calls_only
ENSG00000116205	TCEANC2	SIMPLE_AND	INCONSISTENT	AND→INC			NOT_EVALUATED_consensus_calls_only
ENSG00000116213	WRAP73	SIMPLE_AND	BIVALENT	AND→BIV			NOT_EVALUATED_consensus_calls_only
ENSG00000116251	RPL22	SIMPLE_OR	SIMPLE_AND	OR→AND			NOT_EVALUATED_consensus_calls_only
ENSG00000116273	PHF13	SIMPLE_AND	INCONSISTENT	AND→INC			NOT_EVALUATED_consensus_calls_only
ENSG00000116299	ELAPOR1	BIVALENT	INCONSISTENT	BIV→INC			NOT_EVALUATED_consensus_calls_only
ENSG00000116514	RNF19B	SIMPLE_AND	INCONSISTENT	AND→INC			NOT_EVALUATED_consensus_calls_only
ENSG00000116525	TRIM62	BIVALENT	INCONSISTENT	BIV→INC			NOT_EVALUATED_consensus_calls_only
ENSG00000116544	DLGAP3	REPRESSED	BIVALENT	REP→BIV			NOT_EVALUATED_consensus_calls_only
ENSG00000116604	MEF2D	COMPLEX	INCONSISTENT	CPX→INC			NOT_EVALUATED_consensus_calls_only
ENSG00000116668	SWT1	SIMPLE_AND	INCONSISTENT	AND→INC			NOT_EVALUATED_consensus_calls_only
ENSG00000116670	MAD2L2	REPRESSED	SIMPLE_OR	REP→OR			NOT_EVALUATED_consensus_calls_only
ENSG00000116701	NCF2	SIMPLE_AND	REPRESSED	AND→REP			NOT_EVALUATED_consensus_calls_only
ENSG00000116704	SLC35D1	SIMPLE_AND	INCONSISTENT	AND→INC			NOT_EVALUATED_consensus_calls_only
ENSG00000116717	GADD45A	BIVALENT	SIMPLE_AND	BIV→AND			NOT_EVALUATED_consensus_calls_only
ENSG00000116731	PRDM2	SIMPLE_AND	REPRESSED	AND→REP			NOT_EVALUATED_consensus_calls_only
ENSG00000116741	RGS2	SIMPLE_OR	INCONSISTENT	OR→INC			NOT_EVALUATED_consensus_calls_only
ENSG00000116809	ZBTB17	COMPLEX	SIMPLE_AND	CPX→AND			NOT_EVALUATED_consensus_calls_only
ENSG00000116857	TMEM9	SIMPLE_OR	SIMPLE_AND	OR→AND			NOT_EVALUATED_consensus_calls_only
ENSG00000116903	EXOC8	SIMPLE_AND	INCONSISTENT	AND→INC			NOT_EVALUATED_consensus_calls_only
ENSG00000116954	RRAGC	SIMPLE_AND	INCONSISTENT	AND→INC			NOT_EVALUATED_consensus_calls_only
ENSG00000116983	HPCAL4	INCONSISTENT	BIVALENT	INC→BIV			NOT_EVALUATED_consensus_calls_only
ENSG00000117009	KMO	SIMPLE_AND	INCONSISTENT	AND→INC			NOT_EVALUATED_consensus_calls_only
ENSG00000117010	ZNF684	SIMPLE_AND	INCONSISTENT	AND→INC			NOT_EVALUATED_consensus_calls_only
ENSG00000117013	KCNQ4	REPRESSED	INCONSISTENT	REP→INC			NOT_EVALUATED_consensus_calls_only
ENSG00000117115	PADI2	BIVALENT	REPRESSED	BIV→REP			NOT_EVALUATED_consensus_calls_only
ENSG00000117133	RPF1	SIMPLE_AND	COMPLEX	AND→CPX			NOT_EVALUATED_consensus_calls_only
ENSG00000117151	CTBS	SIMPLE_AND	INCONSISTENT	AND→INC			NOT_EVALUATED_consensus_calls_only
ENSG00000117174	ZNHIT6	SIMPLE_AND	INCONSISTENT	AND→INC			NOT_EVALUATED_consensus_calls_only
ENSG00000117215	PLA2G2D	INCONSISTENT	REPRESSED	INC→REP			NOT_EVALUATED_consensus_calls_only
ENSG00000117245	KIF17	REPRESSED	INCONSISTENT	REP→INC			NOT_EVALUATED_consensus_calls_only
ENSG00000117280	RAB29	COMPLEX	INCONSISTENT	CPX→INC			NOT_EVALUATED_consensus_calls_only
ENSG00000117298	ECE1	BIVALENT	SIMPLE_AND	BIV→AND			NOT_EVALUATED_consensus_calls_only
ENSG00000117322	CR2	SIMPLE_AND	INCONSISTENT	AND→INC			NOT_EVALUATED_consensus_calls_only
ENSG00000117419	ERI3	SIMPLE_OR	SIMPLE_AND	OR→AND			NOT_EVALUATED_consensus_calls_only
ENSG00000117461	PIK3R3	SIMPLE_AND	INCONSISTENT	AND→INC			NOT_EVALUATED_consensus_calls_only
ENSG00000117500	TMED5	COMPLEX	SIMPLE_AND	CPX→AND			NOT_EVALUATED_consensus_calls_only
ENSG00000117533	VAMP4	SIMPLE_AND	INCONSISTENT	AND→INC			NOT_EVALUATED_consensus_calls_only
ENSG00000117597	UTP25	SIMPLE_AND	INCONSISTENT	AND→INC			NOT_EVALUATED_consensus_calls_only
ENSG00000117600	PLPPR4	REPRESSED	BIVALENT	REP→BIV			NOT_EVALUATED_consensus_calls_only
ENSG00000117614	SYF2	SIMPLE_AND	INCONSISTENT	AND→INC			NOT_EVALUATED_consensus_calls_only
ENSG00000117620	SLC35A3	SIMPLE_AND	INCONSISTENT	AND→INC			NOT_EVALUATED_consensus_calls_only
ENSG00000117632	STMN1	BIVALENT	SIMPLE_AND	BIV→AND			NOT_EVALUATED_consensus_calls_only
ENSG00000117758	STX12	SIMPLE_AND	INCONSISTENT	AND→INC			NOT_EVALUATED_consensus_calls_only
ENSG00000117791	MTARC2	BIVALENT	REPRESSED	BIV→REP			NOT_EVALUATED_consensus_calls_only
ENSG00000118007	STAG1	SIMPLE_AND	INCONSISTENT	AND→INC			NOT_EVALUATED_consensus_calls_only
ENSG00000118096	IFT46	SIMPLE_AND	INCONSISTENT	AND→INC			NOT_EVALUATED_consensus_calls_only
ENSG00000118160	SLC8A2	REPRESSED	INCONSISTENT	REP→INC			NOT_EVALUATED_consensus_calls_only
ENSG00000118200	CAMSAP2	SIMPLE_AND	INCONSISTENT	AND→INC			NOT_EVALUATED_consensus_calls_only
ENSG00000118257	NRP2	BIVALENT	INCONSISTENT	BIV→INC			NOT_EVALUATED_consensus_calls_only
ENSG00000118276	B4GALT6	SIMPLE_AND	COMPLEX	AND→CPX			NOT_EVALUATED_consensus_calls_only
ENSG00000118292	C1orf54	SIMPLE_AND	INCONSISTENT	AND→INC			NOT_EVALUATED_consensus_calls_only
ENSG00000118369	USP35	SIMPLE_OR	INCONSISTENT	OR→INC			NOT_EVALUATED_consensus_calls_only
ENSG00000118418	HMGN3	SIMPLE_AND	INCONSISTENT	AND→INC			NOT_EVALUATED_consensus_calls_only
ENSG00000118420	UBE3D	COMPLEX	INCONSISTENT	CPX→INC			NOT_EVALUATED_consensus_calls_only
ENSG00000118454	ANKRD13C	SIMPLE_AND	INCONSISTENT	AND→INC			NOT_EVALUATED_consensus_calls_only
ENSG00000118495	PLAGL1	SIMPLE_AND	INCONSISTENT	AND→INC			NOT_EVALUATED_consensus_calls_only
ENSG00000118496	FBXO30	SIMPLE_AND	INCONSISTENT	AND→INC			NOT_EVALUATED_consensus_calls_only
ENSG00000118503	TNFAIP3	SIMPLE_AND	INCONSISTENT	AND→INC			NOT_EVALUATED_consensus_calls_only
ENSG00000118515	SGK1	REPRESSED	INCONSISTENT	REP→INC			NOT_EVALUATED_consensus_calls_only
ENSG00000118518	RNF146	SIMPLE_AND	INCONSISTENT	AND→INC			NOT_EVALUATED_consensus_calls_only
ENSG00000118600	RXYLT1	SIMPLE_AND	INCONSISTENT	AND→INC			NOT_EVALUATED_consensus_calls_only
ENSG00000118690	ARMC2	BIVALENT	INCONSISTENT	BIV→INC			NOT_EVALUATED_consensus_calls_only
ENSG00000118762	PKD2	SIMPLE_OR	BIVALENT	OR→BIV			NOT_EVALUATED_consensus_calls_only
ENSG00000118804	STBD1	BIVALENT	INCONSISTENT	BIV→INC			NOT_EVALUATED_consensus_calls_only
ENSG00000118816	CCNI	SIMPLE_AND	COMPLEX	AND→CPX			NOT_EVALUATED_consensus_calls_only
ENSG00000118894	EEF2KMT	SIMPLE_AND	INCONSISTENT	AND→INC			NOT_EVALUATED_consensus_calls_only
ENSG00000118922	KLF12	SIMPLE_AND	INCONSISTENT	AND→INC			NOT_EVALUATED_consensus_calls_only
ENSG00000118960	HS1BP3	SIMPLE_OR	INCONSISTENT	OR→INC			NOT_EVALUATED_consensus_calls_only
ENSG00000118971	CCND2	BIVALENT	SIMPLE_AND	BIV→AND			NOT_EVALUATED_consensus_calls_only
ENSG00000118997	DNAH7	SIMPLE_AND	INCONSISTENT	AND→INC			NOT_EVALUATED_consensus_calls_only
ENSG00000119042	SATB2	REPRESSED	SIMPLE_OR	REP→OR			NOT_EVALUATED_consensus_calls_only
ENSG00000119121	TRPM6	BIVALENT	INCONSISTENT	BIV→INC			NOT_EVALUATED_consensus_calls_only
ENSG00000119138	KLF9	SIMPLE_AND	INCONSISTENT	AND→INC			NOT_EVALUATED_consensus_calls_only
ENSG00000119227	PIGZ	SIMPLE_AND	INCONSISTENT	AND→INC			NOT_EVALUATED_consensus_calls_only
ENSG00000119242	CCDC92	SIMPLE_AND	INCONSISTENT	AND→INC			NOT_EVALUATED_consensus_calls_only
ENSG00000119280	C1orf198	BIVALENT	SIMPLE_AND	BIV→AND			NOT_EVALUATED_consensus_calls_only
ENSG00000119283	TRIM67	REPRESSED	INCONSISTENT	REP→INC			NOT_EVALUATED_consensus_calls_only
ENSG00000119328	ABITRAM	SIMPLE_AND	INCONSISTENT	AND→INC			NOT_EVALUATED_consensus_calls_only
ENSG00000119401	TRIM32	SIMPLE_AND	INCONSISTENT	AND→INC			NOT_EVALUATED_consensus_calls_only
ENSG00000119403	PHF19	SIMPLE_OR	SIMPLE_AND	OR→AND			NOT_EVALUATED_consensus_calls_only
ENSG00000119431	HDHD3	SIMPLE_AND	INCONSISTENT	AND→INC			NOT_EVALUATED_consensus_calls_only
ENSG00000119508	NR4A3	SIMPLE_AND	BIVALENT	AND→BIV			NOT_EVALUATED_consensus_calls_only
ENSG00000119514	GALNT12	BIVALENT	SIMPLE_AND	BIV→AND			NOT_EVALUATED_consensus_calls_only
ENSG00000119523	ALG2	COMPLEX	SIMPLE_AND	CPX→AND			NOT_EVALUATED_consensus_calls_only
ENSG00000119537	KDSR	SIMPLE_AND	INCONSISTENT	AND→INC			NOT_EVALUATED_consensus_calls_only
ENSG00000119541	VPS4B	SIMPLE_AND	INCONSISTENT	AND→INC			NOT_EVALUATED_consensus_calls_only
ENSG00000119547	ONECUT2	REPRESSED	BIVALENT	REP→BIV			NOT_EVALUATED_consensus_calls_only
ENSG00000119599	DCAF4	COMPLEX	SIMPLE_AND	CPX→AND			NOT_EVALUATED_consensus_calls_only
ENSG00000119630	PGF	SIMPLE_OR	INCONSISTENT	OR→INC			NOT_EVALUATED_consensus_calls_only
ENSG00000119632	IFI27L2	BIVALENT	INCONSISTENT	BIV→INC			NOT_EVALUATED_consensus_calls_only
ENSG00000119636	BBOF1	SIMPLE_AND	INCONSISTENT	AND→INC			NOT_EVALUATED_consensus_calls_only
ENSG00000119640	ACYP1	SIMPLE_AND	INCONSISTENT	AND→INC			NOT_EVALUATED_consensus_calls_only
ENSG00000119661	DNAL1	SIMPLE_AND	INCONSISTENT	AND→INC			NOT_EVALUATED_consensus_calls_only
ENSG00000119669	IRF2BPL	SIMPLE_AND	INCONSISTENT	AND→INC			NOT_EVALUATED_consensus_calls_only
ENSG00000119686	FLVCR2	SIMPLE_AND	INCONSISTENT	AND→INC			NOT_EVALUATED_consensus_calls_only
ENSG00000119688	ABCD4	COMPLEX	INCONSISTENT	CPX→INC			NOT_EVALUATED_consensus_calls_only
ENSG00000119699	TGFB3	SIMPLE_AND	INCONSISTENT	AND→INC			NOT_EVALUATED_consensus_calls_only
ENSG00000119711	ALDH6A1	SIMPLE_AND	INCONSISTENT	AND→INC			NOT_EVALUATED_consensus_calls_only
ENSG00000119720	NRDE2	SIMPLE_AND	INCONSISTENT	AND→INC			NOT_EVALUATED_consensus_calls_only
ENSG00000119723	COQ6	SIMPLE_AND	INCONSISTENT	AND→INC			NOT_EVALUATED_consensus_calls_only
ENSG00000119729	RHOQ	SIMPLE_AND	INCONSISTENT	AND→INC			NOT_EVALUATED_consensus_calls_only
ENSG00000119771	KLHL29	SIMPLE_OR	INCONSISTENT	OR→INC			NOT_EVALUATED_consensus_calls_only
ENSG00000119772	DNMT3A	SIMPLE_AND	BIVALENT	AND→BIV			NOT_EVALUATED_consensus_calls_only
ENSG00000119778	ATAD2B	SIMPLE_AND	INCONSISTENT	AND→INC			NOT_EVALUATED_consensus_calls_only
ENSG00000119782	FKBP1B	BIVALENT	INCONSISTENT	BIV→INC			NOT_EVALUATED_consensus_calls_only
ENSG00000119801	YPEL5	SIMPLE_AND	BIVALENT	AND→BIV			NOT_EVALUATED_consensus_calls_only
ENSG00000119820	YIPF4	SIMPLE_AND	INCONSISTENT	AND→INC			NOT_EVALUATED_consensus_calls_only
ENSG00000119862	LGALSL	INCONSISTENT	BIVALENT	INC→BIV			NOT_EVALUATED_consensus_calls_only
ENSG00000119865	CNRIP1	REPRESSED	INCONSISTENT	REP→INC			NOT_EVALUATED_consensus_calls_only
ENSG00000119866	BCL11A	INCONSISTENT	BIVALENT	INC→BIV			NOT_EVALUATED_consensus_calls_only
ENSG00000119878	CRIPT	SIMPLE_AND	INCONSISTENT	AND→INC			NOT_EVALUATED_consensus_calls_only
ENSG00000119899	SLC17A5	SIMPLE_AND	INCONSISTENT	AND→INC			NOT_EVALUATED_consensus_calls_only
ENSG00000119906	SLF2	SIMPLE_AND	INCONSISTENT	AND→INC			NOT_EVALUATED_consensus_calls_only
ENSG00000119915	ELOVL3	REPRESSED	INCONSISTENT	REP→INC			NOT_EVALUATED_consensus_calls_only
ENSG00000119917	IFIT3	SIMPLE_AND	INCONSISTENT	AND→INC			NOT_EVALUATED_consensus_calls_only
ENSG00000119919	NKX2-3	REPRESSED	BIVALENT	REP→BIV			NOT_EVALUATED_consensus_calls_only
ENSG00000119943	PYROXD2	SIMPLE_AND	INCONSISTENT	AND→INC			NOT_EVALUATED_consensus_calls_only
ENSG00000119950	MXI1	BIVALENT	SIMPLE_AND	BIV→AND			NOT_EVALUATED_consensus_calls_only
ENSG00000119965	C10orf88	SIMPLE_AND	INCONSISTENT	AND→INC			NOT_EVALUATED_consensus_calls_only
ENSG00000119979	DENND10	SIMPLE_AND	INCONSISTENT	AND→INC			NOT_EVALUATED_consensus_calls_only
ENSG00000120029	ARMH3	SIMPLE_AND	INCONSISTENT	AND→INC			NOT_EVALUATED_consensus_calls_only
ENSG00000120051	CFAP58	SIMPLE_OR	INCONSISTENT	OR→INC			NOT_EVALUATED_consensus_calls_only
ENSG00000120057	SFRP5	REPRESSED	INCONSISTENT	REP→INC			NOT_EVALUATED_consensus_calls_only
ENSG00000120088	CRHR1	REPRESSED	BIVALENT	REP→BIV			NOT_EVALUATED_consensus_calls_only
ENSG00000120159	CAAP1	SIMPLE_AND	INCONSISTENT	AND→INC			NOT_EVALUATED_consensus_calls_only
ENSG00000120217	CD274	SIMPLE_AND	INCONSISTENT	AND→INC			NOT_EVALUATED_consensus_calls_only
ENSG00000120256	LRP11	BIVALENT	INCONSISTENT	BIV→INC			NOT_EVALUATED_consensus_calls_only
ENSG00000120278	PLEKHG1	BIVALENT	REPRESSED	BIV→REP			NOT_EVALUATED_consensus_calls_only
ENSG00000120318	ARAP3	REPRESSED	INCONSISTENT	REP→INC			NOT_EVALUATED_consensus_calls_only
ENSG00000120370	GORAB	SIMPLE_AND	INCONSISTENT	AND→INC			NOT_EVALUATED_consensus_calls_only
ENSG00000120458	MSANTD2	SIMPLE_AND	INCONSISTENT	AND→INC			NOT_EVALUATED_consensus_calls_only
ENSG00000120594	PLXDC2	BIVALENT	INCONSISTENT	BIV→INC			NOT_EVALUATED_consensus_calls_only
ENSG00000120647	CCDC77	SIMPLE_AND	INCONSISTENT	AND→INC			NOT_EVALUATED_consensus_calls_only
ENSG00000120688	WBP4	SIMPLE_AND	INCONSISTENT	AND→INC			NOT_EVALUATED_consensus_calls_only
ENSG00000120693	SMAD9	REPRESSED	INCONSISTENT	REP→INC			NOT_EVALUATED_consensus_calls_only
ENSG00000120696	KBTBD7	SIMPLE_AND	INCONSISTENT	AND→INC			NOT_EVALUATED_consensus_calls_only
ENSG00000120756	PLS1	COMPLEX	SIMPLE_AND	CPX→AND			NOT_EVALUATED_consensus_calls_only
ENSG00000120784	ZFP30	SIMPLE_OR	INCONSISTENT	OR→INC			NOT_EVALUATED_consensus_calls_only
ENSG00000120800	UTP20	SIMPLE_AND	BIVALENT	AND→BIV			NOT_EVALUATED_consensus_calls_only
ENSG00000120832	MTERF2	SIMPLE_AND	INCONSISTENT	AND→INC			NOT_EVALUATED_consensus_calls_only
ENSG00000120833	SOCS2	SIMPLE_OR	SIMPLE_AND	OR→AND			NOT_EVALUATED_consensus_calls_only
ENSG00000120875	DUSP4	BIVALENT	INCONSISTENT	BIV→INC			NOT_EVALUATED_consensus_calls_only
ENSG00000120885	CLU	REPRESSED	INCONSISTENT	REP→INC			NOT_EVALUATED_consensus_calls_only
ENSG00000121058	COIL	SIMPLE_AND	INCONSISTENT	AND→INC			NOT_EVALUATED_consensus_calls_only
ENSG00000121064	SCPEP1	SIMPLE_AND	INCONSISTENT	AND→INC			NOT_EVALUATED_consensus_calls_only
ENSG00000121101	TEX14	INCONSISTENT	COMPLEX	INC→CPX			NOT_EVALUATED_consensus_calls_only
ENSG00000121236	TRIM6	SIMPLE_AND	INCONSISTENT	AND→INC			NOT_EVALUATED_consensus_calls_only
ENSG00000121274	TENT4B	SIMPLE_AND	INCONSISTENT	AND→INC			NOT_EVALUATED_consensus_calls_only
ENSG00000121281	ADCY7	SIMPLE_OR	SIMPLE_AND	OR→AND			NOT_EVALUATED_consensus_calls_only
ENSG00000121310	ECHDC2	SIMPLE_OR	INCONSISTENT	OR→INC			NOT_EVALUATED_consensus_calls_only
ENSG00000121316	PLBD1	INCONSISTENT	SIMPLE_AND	INC→AND			NOT_EVALUATED_consensus_calls_only
ENSG00000121350	PYROXD1	SIMPLE_AND	INCONSISTENT	AND→INC			NOT_EVALUATED_consensus_calls_only
ENSG00000121361	KCNJ8	REPRESSED	INCONSISTENT	REP→INC			NOT_EVALUATED_consensus_calls_only
ENSG00000121542	SEC22A	SIMPLE_AND	INCONSISTENT	AND→INC			NOT_EVALUATED_consensus_calls_only
ENSG00000121578	B4GALT4	SIMPLE_AND	INCONSISTENT	AND→INC			NOT_EVALUATED_consensus_calls_only
ENSG00000121594	CD80	SIMPLE_AND	INCONSISTENT	AND→INC			NOT_EVALUATED_consensus_calls_only
ENSG00000121690	DEPDC7	BIVALENT	INCONSISTENT	BIV→INC			NOT_EVALUATED_consensus_calls_only
ENSG00000121743	GJA3	BIVALENT	INCONSISTENT	BIV→INC			NOT_EVALUATED_consensus_calls_only
ENSG00000121749	TBC1D15	SIMPLE_AND	COMPLEX	AND→CPX			NOT_EVALUATED_consensus_calls_only
ENSG00000121753	ADGRB2	REPRESSED	BIVALENT	REP→BIV			NOT_EVALUATED_consensus_calls_only
ENSG00000121764	HCRTR1	INCONSISTENT	BIVALENT	INC→BIV			NOT_EVALUATED_consensus_calls_only
ENSG00000121851	POLR3GL	SIMPLE_AND	INCONSISTENT	AND→INC			NOT_EVALUATED_consensus_calls_only
ENSG00000121858	TNFSF10	SIMPLE_AND	INCONSISTENT	AND→INC			NOT_EVALUATED_consensus_calls_only
ENSG00000121892	PDS5A	COMPLEX	SIMPLE_AND	CPX→AND			NOT_EVALUATED_consensus_calls_only
ENSG00000121895	TMEM156	SIMPLE_AND	INCONSISTENT	AND→INC			NOT_EVALUATED_consensus_calls_only
ENSG00000121903	ZSCAN20	SIMPLE_AND	INCONSISTENT	AND→INC			NOT_EVALUATED_consensus_calls_only
ENSG00000121931	LRIF1	COMPLEX	SIMPLE_AND	CPX→AND			NOT_EVALUATED_consensus_calls_only
ENSG00000121964	GTDC1	SIMPLE_AND	INCONSISTENT	AND→INC			NOT_EVALUATED_consensus_calls_only
ENSG00000121966	CXCR4	BIVALENT	INCONSISTENT	BIV→INC			NOT_EVALUATED_consensus_calls_only
ENSG00000121989	ACVR2A	BIVALENT	INCONSISTENT	BIV→INC			NOT_EVALUATED_consensus_calls_only
ENSG00000122012	SV2C	BIVALENT	REPRESSED	BIV→REP			NOT_EVALUATED_consensus_calls_only
ENSG00000122025	FLT3	BIVALENT	REPRESSED	BIV→REP			NOT_EVALUATED_consensus_calls_only
ENSG00000122042	UBL3	SIMPLE_AND	INCONSISTENT	AND→INC			NOT_EVALUATED_consensus_calls_only
ENSG00000122085	MTERF4	SIMPLE_AND	INCONSISTENT	AND→INC			NOT_EVALUATED_consensus_calls_only
ENSG00000122126	OCRL	SIMPLE_OR	INCONSISTENT	OR→INC			NOT_EVALUATED_consensus_calls_only
ENSG00000122223	CD244	SIMPLE_OR	REPRESSED	OR→REP			NOT_EVALUATED_consensus_calls_only
ENSG00000122335	SERAC1	SIMPLE_AND	INCONSISTENT	AND→INC			NOT_EVALUATED_consensus_calls_only
ENSG00000122378	PRXL2A	SIMPLE_OR	REPRESSED	OR→REP			NOT_EVALUATED_consensus_calls_only
ENSG00000122386	ZNF205	SIMPLE_AND	INCONSISTENT	AND→INC			NOT_EVALUATED_consensus_calls_only
ENSG00000122390	NAA60	SIMPLE_AND	SIMPLE_OR	AND→OR			NOT_EVALUATED_consensus_calls_only
ENSG00000122417	ODF2L	SIMPLE_AND	INCONSISTENT	AND→INC			NOT_EVALUATED_consensus_calls_only
ENSG00000122432	SPATA1	SIMPLE_AND	INCONSISTENT	AND→INC			NOT_EVALUATED_consensus_calls_only
ENSG00000122435	TRMT13	SIMPLE_AND	INCONSISTENT	AND→INC			NOT_EVALUATED_consensus_calls_only
ENSG00000122481	RWDD3	BIVALENT	INCONSISTENT	BIV→INC			NOT_EVALUATED_consensus_calls_only
ENSG00000122490	SLC66A2	SIMPLE_AND	INCONSISTENT	AND→INC			NOT_EVALUATED_consensus_calls_only
ENSG00000122507	BBS9	SIMPLE_AND	INCONSISTENT	AND→INC			NOT_EVALUATED_consensus_calls_only
ENSG00000122515	ZMIZ2	SIMPLE_AND	INCONSISTENT	AND→INC			NOT_EVALUATED_consensus_calls_only
ENSG00000122547	EEPD1	SIMPLE_OR	INCONSISTENT	OR→INC			NOT_EVALUATED_consensus_calls_only
ENSG00000122574	WIPF3	REPRESSED	INCONSISTENT	REP→INC			NOT_EVALUATED_consensus_calls_only
ENSG00000122584	NXPH1	REPRESSED	INCONSISTENT	REP→INC			NOT_EVALUATED_consensus_calls_only
ENSG00000122642	FKBP9	INCONSISTENT	SIMPLE_AND	INC→AND			NOT_EVALUATED_consensus_calls_only
ENSG00000122644	ARL4A	INCONSISTENT	SIMPLE_AND	INC→AND			NOT_EVALUATED_consensus_calls_only
ENSG00000122678	POLM	SIMPLE_AND	INCONSISTENT	AND→INC			NOT_EVALUATED_consensus_calls_only
ENSG00000122691	TWIST1	REPRESSED	INCONSISTENT	REP→INC			NOT_EVALUATED_consensus_calls_only
ENSG00000122694	GLIPR2	BIVALENT	INCONSISTENT	BIV→INC			NOT_EVALUATED_consensus_calls_only
ENSG00000122729	ACO1	INCONSISTENT	SIMPLE_AND	INC→AND			NOT_EVALUATED_consensus_calls_only
ENSG00000122733	PHF24	REPRESSED	INCONSISTENT	REP→INC			NOT_EVALUATED_consensus_calls_only
ENSG00000122735	DNAI1	BIVALENT	INCONSISTENT	BIV→INC			NOT_EVALUATED_consensus_calls_only
ENSG00000122756	CNTFR	REPRESSED	INCONSISTENT	REP→INC			NOT_EVALUATED_consensus_calls_only
ENSG00000122861	PLAU	SIMPLE_OR	INCONSISTENT	OR→INC			NOT_EVALUATED_consensus_calls_only
ENSG00000122863	CHST3	BIVALENT	REPRESSED	BIV→REP			NOT_EVALUATED_consensus_calls_only
ENSG00000122877	EGR2	BIVALENT	INCONSISTENT	BIV→INC			NOT_EVALUATED_consensus_calls_only
ENSG00000122958	VPS26A	COMPLEX	SIMPLE_AND	CPX→AND			NOT_EVALUATED_consensus_calls_only
ENSG00000122970	IFT81	SIMPLE_AND	INCONSISTENT	AND→INC			NOT_EVALUATED_consensus_calls_only
ENSG00000123066	MED13L	BIVALENT	SIMPLE_AND	BIV→AND			NOT_EVALUATED_consensus_calls_only
ENSG00000123080	CDKN2C	INCONSISTENT	SIMPLE_AND	INC→AND			NOT_EVALUATED_consensus_calls_only
ENSG00000123104	ITPR2	SIMPLE_AND	INCONSISTENT	AND→INC			NOT_EVALUATED_consensus_calls_only
ENSG00000123136	DDX39A	COMPLEX	SIMPLE_AND	CPX→AND			NOT_EVALUATED_consensus_calls_only
ENSG00000123154	WDR83	SIMPLE_AND	INCONSISTENT	AND→INC			NOT_EVALUATED_consensus_calls_only
ENSG00000123159	GIPC1	SIMPLE_OR	SIMPLE_AND	OR→AND			NOT_EVALUATED_consensus_calls_only
ENSG00000123178	SPRYD7	SIMPLE_AND	INCONSISTENT	AND→INC			NOT_EVALUATED_consensus_calls_only
ENSG00000123191	ATP7B	BIVALENT	SIMPLE_AND	BIV→AND			NOT_EVALUATED_consensus_calls_only
ENSG00000123200	ZC3H13	SIMPLE_AND	INCONSISTENT	AND→INC			NOT_EVALUATED_consensus_calls_only
ENSG00000123240	OPTN	SIMPLE_AND	INCONSISTENT	AND→INC			NOT_EVALUATED_consensus_calls_only
ENSG00000123243	ITIH5	REPRESSED	BIVALENT	REP→BIV			NOT_EVALUATED_consensus_calls_only
ENSG00000123329	ARHGAP9	SIMPLE_AND	INCONSISTENT	AND→INC			NOT_EVALUATED_consensus_calls_only
ENSG00000123338	NCKAP1L	SIMPLE_AND	INCONSISTENT	AND→INC			NOT_EVALUATED_consensus_calls_only
ENSG00000123358	NR4A1	BIVALENT	INCONSISTENT	BIV→INC			NOT_EVALUATED_consensus_calls_only
ENSG00000123364	HOXC13	REPRESSED	INCONSISTENT	REP→INC			NOT_EVALUATED_consensus_calls_only
ENSG00000123384	LRP1	BIVALENT	INCONSISTENT	BIV→INC			NOT_EVALUATED_consensus_calls_only
ENSG00000123388	HOXC11	REPRESSED	INCONSISTENT	REP→INC			NOT_EVALUATED_consensus_calls_only
ENSG00000123405	NFE2	REPRESSED	SIMPLE_AND	REP→AND			NOT_EVALUATED_consensus_calls_only
ENSG00000123427	EEF1AKMT3	SIMPLE_AND	INCONSISTENT	AND→INC			NOT_EVALUATED_consensus_calls_only
ENSG00000123444	KBTBD4	SIMPLE_AND	INCONSISTENT	AND→INC			NOT_EVALUATED_consensus_calls_only
ENSG00000123500	COL10A1	REPRESSED	INCONSISTENT	REP→INC			NOT_EVALUATED_consensus_calls_only
ENSG00000123575	FAM199X	SIMPLE_AND	INCONSISTENT	AND→INC			NOT_EVALUATED_consensus_calls_only
ENSG00000123595	RAB9A	SIMPLE_AND	INCONSISTENT	AND→INC			NOT_EVALUATED_consensus_calls_only
ENSG00000123600	METTL8	COMPLEX	SIMPLE_AND	CPX→AND			NOT_EVALUATED_consensus_calls_only
ENSG00000123609	NMI	SIMPLE_AND	INCONSISTENT	AND→INC			NOT_EVALUATED_consensus_calls_only
ENSG00000123612	ACVR1C	REPRESSED	BIVALENT	REP→BIV			NOT_EVALUATED_consensus_calls_only
ENSG00000123685	BATF3	SIMPLE_OR	BIVALENT	OR→BIV			NOT_EVALUATED_consensus_calls_only
ENSG00000123689	G0S2	INCONSISTENT	BIVALENT	INC→BIV			NOT_EVALUATED_consensus_calls_only
ENSG00000123700	KCNJ2	BIVALENT	INCONSISTENT	BIV→INC			NOT_EVALUATED_consensus_calls_only
ENSG00000123892	RAB38	SIMPLE_OR	INCONSISTENT	OR→INC			NOT_EVALUATED_consensus_calls_only
ENSG00000123933	MXD4	SIMPLE_AND	INCONSISTENT	AND→INC			NOT_EVALUATED_consensus_calls_only
ENSG00000123989	CHPF	BIVALENT	SIMPLE_AND	BIV→AND			NOT_EVALUATED_consensus_calls_only
ENSG00000124074	ENKD1	SIMPLE_AND	INCONSISTENT	AND→INC			NOT_EVALUATED_consensus_calls_only
ENSG00000124098	FAM210B	INCONSISTENT	SIMPLE_AND	INC→AND			NOT_EVALUATED_consensus_calls_only
ENSG00000124104	SNX21	SIMPLE_OR	INCONSISTENT	OR→INC			NOT_EVALUATED_consensus_calls_only
ENSG00000124120	TTPAL	SIMPLE_AND	INCONSISTENT	AND→INC			NOT_EVALUATED_consensus_calls_only
ENSG00000124126	PREX1	SIMPLE_AND	INCONSISTENT	AND→INC			NOT_EVALUATED_consensus_calls_only
ENSG00000124171	PARD6B	SIMPLE_AND	INCONSISTENT	AND→INC			NOT_EVALUATED_consensus_calls_only
ENSG00000124191	TOX2	SIMPLE_AND	INCONSISTENT	AND→INC			NOT_EVALUATED_consensus_calls_only
ENSG00000124208	PEDS1-UBE2V1	INCONSISTENT	SIMPLE_AND	INC→AND			NOT_EVALUATED_consensus_calls_only
ENSG00000124209	RAB22A	SIMPLE_AND	INCONSISTENT	AND→INC			NOT_EVALUATED_consensus_calls_only
ENSG00000124214	STAU1	COMPLEX	SIMPLE_AND	CPX→AND			NOT_EVALUATED_consensus_calls_only
ENSG00000124217	MOCS3	SIMPLE_AND	INCONSISTENT	AND→INC			NOT_EVALUATED_consensus_calls_only
ENSG00000124227	ANKRD60	REPRESSED	BIVALENT	REP→BIV			NOT_EVALUATED_consensus_calls_only
ENSG00000124243	BCAS4	SIMPLE_AND	INCONSISTENT	AND→INC			NOT_EVALUATED_consensus_calls_only
ENSG00000124249	KCNK15	REPRESSED	INCONSISTENT	REP→INC			NOT_EVALUATED_consensus_calls_only
ENSG00000124251	TP53TG5	BIVALENT	INCONSISTENT	BIV→INC			NOT_EVALUATED_consensus_calls_only
ENSG00000124253	PCK1	REPRESSED	INCONSISTENT	REP→INC			NOT_EVALUATED_consensus_calls_only
ENSG00000124257	NEURL2	SIMPLE_AND	INCONSISTENT	AND→INC			NOT_EVALUATED_consensus_calls_only
ENSG00000124279	FASTKD3	SIMPLE_AND	INCONSISTENT	AND→INC			NOT_EVALUATED_consensus_calls_only
ENSG00000124299	PEPD	SIMPLE_OR	BIVALENT	OR→BIV			NOT_EVALUATED_consensus_calls_only
ENSG00000124313	IQSEC2	REPRESSED	BIVALENT	REP→BIV			NOT_EVALUATED_consensus_calls_only
ENSG00000124334	IL9R	SIMPLE_AND	INCONSISTENT	AND→INC			NOT_EVALUATED_consensus_calls_only
ENSG00000124370	MCEE	SIMPLE_AND	INCONSISTENT	AND→INC			NOT_EVALUATED_consensus_calls_only
ENSG00000124406	ATP8A1	SIMPLE_AND	INCONSISTENT	AND→INC			NOT_EVALUATED_consensus_calls_only
ENSG00000124444	ZNF576	SIMPLE_AND	INCONSISTENT	AND→INC			NOT_EVALUATED_consensus_calls_only
ENSG00000124496	TRERF1	SIMPLE_AND	INCONSISTENT	AND→INC			NOT_EVALUATED_consensus_calls_only
ENSG00000124507	PACSIN1	SIMPLE_AND	INCONSISTENT	AND→INC			NOT_EVALUATED_consensus_calls_only
ENSG00000124508	BTN2A2	SIMPLE_AND	INCONSISTENT	AND→INC			NOT_EVALUATED_consensus_calls_only
ENSG00000124523	SIRT5	SIMPLE_AND	INCONSISTENT	AND→INC			NOT_EVALUATED_consensus_calls_only
ENSG00000124549	BTN2A3P	SIMPLE_AND	INCONSISTENT	AND→INC			NOT_EVALUATED_consensus_calls_only
ENSG00000124570	SERPINB6	REPRESSED	SIMPLE_AND	REP→AND			NOT_EVALUATED_consensus_calls_only
ENSG00000124588	NQO2	INCONSISTENT	SIMPLE_AND	INC→AND			NOT_EVALUATED_consensus_calls_only
ENSG00000124593		SIMPLE_OR	INCONSISTENT	OR→INC			NOT_EVALUATED_consensus_calls_only
ENSG00000124615	MOCS1	BIVALENT	INCONSISTENT	BIV→INC			NOT_EVALUATED_consensus_calls_only
ENSG00000124762	CDKN1A	SIMPLE_AND	BIVALENT	AND→BIV			NOT_EVALUATED_consensus_calls_only
ENSG00000124766	SOX4	SIMPLE_AND	INCONSISTENT	AND→INC			NOT_EVALUATED_consensus_calls_only
ENSG00000124767	GLO1	SIMPLE_AND	COMPLEX	AND→CPX			NOT_EVALUATED_consensus_calls_only
ENSG00000124772	CPNE5	BIVALENT	INCONSISTENT	BIV→INC			NOT_EVALUATED_consensus_calls_only
ENSG00000124786	SLC35B3	SIMPLE_AND	INCONSISTENT	AND→INC			NOT_EVALUATED_consensus_calls_only
ENSG00000124787	RPP40	SIMPLE_AND	INCONSISTENT	AND→INC			NOT_EVALUATED_consensus_calls_only
ENSG00000124788	ATXN1	SIMPLE_AND	INCONSISTENT	AND→INC			NOT_EVALUATED_consensus_calls_only
ENSG00000124795	DEK	SIMPLE_AND	COMPLEX	AND→CPX			NOT_EVALUATED_consensus_calls_only
ENSG00000124882	EREG	REPRESSED	INCONSISTENT	REP→INC			NOT_EVALUATED_consensus_calls_only
ENSG00000124915	MYRF-AS1	SIMPLE_AND	INCONSISTENT	AND→INC			NOT_EVALUATED_consensus_calls_only
ENSG00000124920	MYRF	SIMPLE_OR	SIMPLE_AND	OR→AND			NOT_EVALUATED_consensus_calls_only
ENSG00000124942	AHNAK	SIMPLE_AND	SIMPLE_OR	AND→OR			NOT_EVALUATED_consensus_calls_only
ENSG00000125084	WNT1	BIVALENT	REPRESSED	BIV→REP			NOT_EVALUATED_consensus_calls_only
ENSG00000125122	FBXL9P	SIMPLE_AND	INCONSISTENT	AND→INC			NOT_EVALUATED_consensus_calls_only
ENSG00000125170	DOK4	SIMPLE_AND	INCONSISTENT	AND→INC			NOT_EVALUATED_consensus_calls_only
ENSG00000125246	CLYBL	SIMPLE_AND	INCONSISTENT	AND→INC			NOT_EVALUATED_consensus_calls_only
ENSG00000125249	RAP2A	SIMPLE_AND	INCONSISTENT	AND→INC			NOT_EVALUATED_consensus_calls_only
ENSG00000125266	EFNB2	BIVALENT	INCONSISTENT	BIV→INC			NOT_EVALUATED_consensus_calls_only
ENSG00000125285	SOX21	REPRESSED	INCONSISTENT	REP→INC			NOT_EVALUATED_consensus_calls_only
ENSG00000125351	UPF3B	SIMPLE_AND	INCONSISTENT	AND→INC			NOT_EVALUATED_consensus_calls_only
ENSG00000125375	DMAC2L	SIMPLE_AND	INCONSISTENT	AND→INC			NOT_EVALUATED_consensus_calls_only
ENSG00000125430	HS3ST3B1	REPRESSED	INCONSISTENT	REP→INC			NOT_EVALUATED_consensus_calls_only
ENSG00000125434	SLC25A35	SIMPLE_AND	INCONSISTENT	AND→INC			NOT_EVALUATED_consensus_calls_only
ENSG00000125462	MIR9-1HG	SIMPLE_AND	INCONSISTENT	AND→INC			NOT_EVALUATED_consensus_calls_only
ENSG00000125482	TTF1	SIMPLE_AND	INCONSISTENT	AND→INC			NOT_EVALUATED_consensus_calls_only
ENSG00000125510	OPRL1	BIVALENT	INCONSISTENT	BIV→INC			NOT_EVALUATED_consensus_calls_only
ENSG00000125534	PPDPF	SIMPLE_AND	BIVALENT	AND→BIV			NOT_EVALUATED_consensus_calls_only
ENSG00000125611	CHCHD5	SIMPLE_AND	INCONSISTENT	AND→INC			NOT_EVALUATED_consensus_calls_only
ENSG00000125629	INSIG2	SIMPLE_AND	INCONSISTENT	AND→INC			NOT_EVALUATED_consensus_calls_only
ENSG00000125633	CCDC93	SIMPLE_AND	INCONSISTENT	AND→INC			NOT_EVALUATED_consensus_calls_only
ENSG00000125703	ATG4C	SIMPLE_AND	INCONSISTENT	AND→INC			NOT_EVALUATED_consensus_calls_only
ENSG00000125726	CD70	SIMPLE_AND	INCONSISTENT	AND→INC			NOT_EVALUATED_consensus_calls_only
ENSG00000125730	C3	SIMPLE_OR	SIMPLE_AND	OR→AND			NOT_EVALUATED_consensus_calls_only
ENSG00000125731	SH2D3A	SIMPLE_AND	INCONSISTENT	AND→INC			NOT_EVALUATED_consensus_calls_only
ENSG00000125740	FOSB	SIMPLE_AND	INCONSISTENT	AND→INC			NOT_EVALUATED_consensus_calls_only
ENSG00000125741	OPA3	REPRESSED	BIVALENT	REP→BIV			NOT_EVALUATED_consensus_calls_only
ENSG00000125744	RTN2	BIVALENT	SIMPLE_AND	BIV→AND			NOT_EVALUATED_consensus_calls_only
ENSG00000125755	SYMPK	BIVALENT	SIMPLE_AND	BIV→AND			NOT_EVALUATED_consensus_calls_only
ENSG00000125772	GPCPD1	SIMPLE_AND	INCONSISTENT	AND→INC			NOT_EVALUATED_consensus_calls_only
ENSG00000125787	GNRH2	SIMPLE_AND	INCONSISTENT	AND→INC			NOT_EVALUATED_consensus_calls_only
ENSG00000125798	FOXA2	REPRESSED	INCONSISTENT	REP→INC			NOT_EVALUATED_consensus_calls_only
ENSG00000125812	GZF1	SIMPLE_AND	INCONSISTENT	AND→INC			NOT_EVALUATED_consensus_calls_only
ENSG00000125814	NAPB	SIMPLE_AND	INCONSISTENT	AND→INC			NOT_EVALUATED_consensus_calls_only
ENSG00000125821	DTD1	SIMPLE_AND	INCONSISTENT	AND→INC			NOT_EVALUATED_consensus_calls_only
ENSG00000125827	TMX4	SIMPLE_AND	INCONSISTENT	AND→INC			NOT_EVALUATED_consensus_calls_only
ENSG00000125834	STK35	SIMPLE_AND	INCONSISTENT	AND→INC			NOT_EVALUATED_consensus_calls_only
ENSG00000125843	AP5S1	SIMPLE_AND	INCONSISTENT	AND→INC			NOT_EVALUATED_consensus_calls_only
ENSG00000125844	RRBP1	SIMPLE_AND	BIVALENT	AND→BIV			NOT_EVALUATED_consensus_calls_only
ENSG00000125846	ZNF133	SIMPLE_AND	INCONSISTENT	AND→INC			NOT_EVALUATED_consensus_calls_only
ENSG00000125850	OVOL2	REPRESSED	INCONSISTENT	REP→INC			NOT_EVALUATED_consensus_calls_only
ENSG00000125863	MKKS	SIMPLE_AND	INCONSISTENT	AND→INC			NOT_EVALUATED_consensus_calls_only
ENSG00000125870	SNRPB2	SIMPLE_AND	COMPLEX	AND→CPX			NOT_EVALUATED_consensus_calls_only
ENSG00000125878	TCF15	REPRESSED	INCONSISTENT	REP→INC			NOT_EVALUATED_consensus_calls_only
ENSG00000125895	TMEM74B	REPRESSED	INCONSISTENT	REP→INC			NOT_EVALUATED_consensus_calls_only
ENSG00000125898	FAM110A	SIMPLE_AND	INCONSISTENT	AND→INC			NOT_EVALUATED_consensus_calls_only
ENSG00000125901	MRPS26	SIMPLE_AND	INCONSISTENT	AND→INC			NOT_EVALUATED_consensus_calls_only
ENSG00000125931	CITED1	REPRESSED	INCONSISTENT	REP→INC			NOT_EVALUATED_consensus_calls_only
ENSG00000125945	ZNF436	SIMPLE_AND	INCONSISTENT	AND→INC			NOT_EVALUATED_consensus_calls_only
ENSG00000125954	CHURC1-FNTB	COMPLEX	INCONSISTENT	CPX→INC			NOT_EVALUATED_consensus_calls_only
ENSG00000125962	ARMCX5	SIMPLE_AND	INCONSISTENT	AND→INC			NOT_EVALUATED_consensus_calls_only
ENSG00000125966	MMP24	REPRESSED	BIVALENT	REP→BIV			NOT_EVALUATED_consensus_calls_only
ENSG00000125968	ID1	BIVALENT	SIMPLE_AND	BIV→AND			NOT_EVALUATED_consensus_calls_only
ENSG00000125970	RALY	COMPLEX	SIMPLE_AND	CPX→AND			NOT_EVALUATED_consensus_calls_only
ENSG00000126016	AMOT	SIMPLE_AND	INCONSISTENT	AND→INC			NOT_EVALUATED_consensus_calls_only
ENSG00000126091	ST3GAL3	SIMPLE_AND	INCONSISTENT	AND→INC			NOT_EVALUATED_consensus_calls_only
ENSG00000126106	TMEM53	SIMPLE_AND	INCONSISTENT	AND→INC			NOT_EVALUATED_consensus_calls_only
ENSG00000126243	LRFN3	INCONSISTENT	BIVALENT	INC→BIV			NOT_EVALUATED_consensus_calls_only
ENSG00000126246	IGFLR1	SIMPLE_AND	INCONSISTENT	AND→INC			NOT_EVALUATED_consensus_calls_only
ENSG00000126259	KIRREL2	BIVALENT	INCONSISTENT	BIV→INC			NOT_EVALUATED_consensus_calls_only
ENSG00000126264	HCST	SIMPLE_AND	INCONSISTENT	AND→INC			NOT_EVALUATED_consensus_calls_only
ENSG00000126353	CCR7	SIMPLE_AND	COMPLEX	AND→CPX			NOT_EVALUATED_consensus_calls_only
ENSG00000126368	NR1D1	SIMPLE_AND	INCONSISTENT	AND→INC			NOT_EVALUATED_consensus_calls_only
ENSG00000126460	PRRG2	SIMPLE_AND	INCONSISTENT	AND→INC			NOT_EVALUATED_consensus_calls_only
ENSG00000126461	SCAF1	SIMPLE_AND	INCONSISTENT	AND→INC			NOT_EVALUATED_consensus_calls_only
ENSG00000126464	PRR12	SIMPLE_AND	INCONSISTENT	AND→INC			NOT_EVALUATED_consensus_calls_only
ENSG00000126500	FLRT1	REPRESSED	INCONSISTENT	REP→INC			NOT_EVALUATED_consensus_calls_only
ENSG00000126562	WNK4	REPRESSED	SIMPLE_AND	REP→AND			NOT_EVALUATED_consensus_calls_only
ENSG00000126603	GLIS2	BIVALENT	INCONSISTENT	BIV→INC			NOT_EVALUATED_consensus_calls_only
ENSG00000126705	AHDC1	SIMPLE_OR	SIMPLE_AND	OR→AND			NOT_EVALUATED_consensus_calls_only
ENSG00000126709	IFI6	SIMPLE_AND	INCONSISTENT	AND→INC			NOT_EVALUATED_consensus_calls_only
ENSG00000126767	ELK1	COMPLEX	SIMPLE_AND	CPX→AND			NOT_EVALUATED_consensus_calls_only
ENSG00000126775	ATG14	SIMPLE_AND	INCONSISTENT	AND→INC			NOT_EVALUATED_consensus_calls_only
ENSG00000126804	ZBTB1	SIMPLE_AND	INCONSISTENT	AND→INC			NOT_EVALUATED_consensus_calls_only
ENSG00000126814	TRMT5	SIMPLE_AND	INCONSISTENT	AND→INC			NOT_EVALUATED_consensus_calls_only
ENSG00000126821	SGPP1	SIMPLE_AND	INCONSISTENT	AND→INC			NOT_EVALUATED_consensus_calls_only
ENSG00000126878	AIF1L	REPRESSED	BIVALENT	REP→BIV			NOT_EVALUATED_consensus_calls_only
ENSG00000127081	ZNF484	SIMPLE_AND	INCONSISTENT	AND→INC			NOT_EVALUATED_consensus_calls_only
ENSG00000127084	FGD3	REPRESSED	BIVALENT	REP→BIV			NOT_EVALUATED_consensus_calls_only
ENSG00000127124	HIVEP3	SIMPLE_AND	INCONSISTENT	AND→INC			NOT_EVALUATED_consensus_calls_only
ENSG00000127125	PPCS	SIMPLE_AND	COMPLEX	AND→CPX			NOT_EVALUATED_consensus_calls_only
ENSG00000127152	BCL11B	BIVALENT	INCONSISTENT	BIV→INC			NOT_EVALUATED_consensus_calls_only
ENSG00000127184	COX7C	COMPLEX	SIMPLE_AND	CPX→AND			NOT_EVALUATED_consensus_calls_only
ENSG00000127191	TRAF2	SIMPLE_AND	SIMPLE_OR	AND→OR			NOT_EVALUATED_consensus_calls_only
ENSG00000127220	ABHD8	SIMPLE_AND	INCONSISTENT	AND→INC			NOT_EVALUATED_consensus_calls_only
ENSG00000127249	ATP13A4	SIMPLE_AND	INCONSISTENT	AND→INC			NOT_EVALUATED_consensus_calls_only
ENSG00000127252	PLAAT1	REPRESSED	INCONSISTENT	REP→INC			NOT_EVALUATED_consensus_calls_only
ENSG00000127311	HELB	SIMPLE_AND	INCONSISTENT	AND→INC			NOT_EVALUATED_consensus_calls_only
ENSG00000127324	TSPAN8	REPRESSED	BIVALENT	REP→BIV			NOT_EVALUATED_consensus_calls_only
ENSG00000127328	RAB3IP	SIMPLE_AND	INCONSISTENT	AND→INC			NOT_EVALUATED_consensus_calls_only
ENSG00000127415	IDUA	SIMPLE_AND	INCONSISTENT	AND→INC			NOT_EVALUATED_consensus_calls_only
ENSG00000127418	FGFRL1	BIVALENT	SIMPLE_OR	BIV→OR			NOT_EVALUATED_consensus_calls_only
ENSG00000127527	EPS15L1	SIMPLE_AND	COMPLEX	AND→CPX			NOT_EVALUATED_consensus_calls_only
ENSG00000127528	KLF2	SIMPLE_AND	BIVALENT	AND→BIV			NOT_EVALUATED_consensus_calls_only
ENSG00000127533	F2RL3	INCONSISTENT	SIMPLE_AND	INC→AND			NOT_EVALUATED_consensus_calls_only
ENSG00000127554	GFER	BIVALENT	SIMPLE_AND	BIV→AND			NOT_EVALUATED_consensus_calls_only
ENSG00000127580	WDR24	SIMPLE_AND	INCONSISTENT	AND→INC			NOT_EVALUATED_consensus_calls_only
ENSG00000127666	TICAM1	SIMPLE_AND	INCONSISTENT	AND→INC			NOT_EVALUATED_consensus_calls_only
ENSG00000127720	METTL25	SIMPLE_AND	INCONSISTENT	AND→INC			NOT_EVALUATED_consensus_calls_only
ENSG00000127804	METTL16	COMPLEX	SIMPLE_AND	CPX→AND			NOT_EVALUATED_consensus_calls_only
ENSG00000127980	PEX1	SIMPLE_AND	INCONSISTENT	AND→INC			NOT_EVALUATED_consensus_calls_only
ENSG00000127989	MTERF1	SIMPLE_AND	COMPLEX	AND→CPX			NOT_EVALUATED_consensus_calls_only
ENSG00000127990	SGCE	SIMPLE_AND	INCONSISTENT	AND→INC			NOT_EVALUATED_consensus_calls_only
ENSG00000127993	RBM48	SIMPLE_AND	INCONSISTENT	AND→INC			NOT_EVALUATED_consensus_calls_only
ENSG00000127995	CASD1	SIMPLE_AND	INCONSISTENT	AND→INC			NOT_EVALUATED_consensus_calls_only
ENSG00000128000	ZNF780B	SIMPLE_AND	INCONSISTENT	AND→INC			NOT_EVALUATED_consensus_calls_only
ENSG00000128011	LRFN1	SIMPLE_OR	INCONSISTENT	OR→INC			NOT_EVALUATED_consensus_calls_only
ENSG00000128016	ZFP36	SIMPLE_AND	INCONSISTENT	AND→INC			NOT_EVALUATED_consensus_calls_only
ENSG00000128039	SRD5A3	INCONSISTENT	SIMPLE_AND	INC→AND			NOT_EVALUATED_consensus_calls_only
ENSG00000128040	SPINK2	BIVALENT	INCONSISTENT	BIV→INC			NOT_EVALUATED_consensus_calls_only
ENSG00000128165	ADM2	BIVALENT	INCONSISTENT	BIV→INC			NOT_EVALUATED_consensus_calls_only
ENSG00000128203	ASPHD2	SIMPLE_AND	INCONSISTENT	AND→INC			NOT_EVALUATED_consensus_calls_only
ENSG00000128274	A4GALT	COMPLEX	INCONSISTENT	CPX→INC			NOT_EVALUATED_consensus_calls_only
ENSG00000128283	CDC42EP1	REPRESSED	SIMPLE_AND	REP→AND			NOT_EVALUATED_consensus_calls_only
ENSG00000128335	APOL2	SIMPLE_AND	INCONSISTENT	AND→INC			NOT_EVALUATED_consensus_calls_only
ENSG00000128342	LIF	BIVALENT	INCONSISTENT	BIV→INC			NOT_EVALUATED_consensus_calls_only
ENSG00000128394	APOBEC3F	SIMPLE_AND	INCONSISTENT	AND→INC			NOT_EVALUATED_consensus_calls_only
ENSG00000128487	SPECC1	BIVALENT	SIMPLE_AND	BIV→AND			NOT_EVALUATED_consensus_calls_only
ENSG00000128512	DOCK4	SIMPLE_AND	BIVALENT	AND→BIV			NOT_EVALUATED_consensus_calls_only
ENSG00000128563	PRKRIP1	SIMPLE_OR	SIMPLE_AND	OR→AND			NOT_EVALUATED_consensus_calls_only
ENSG00000128564	VGF	BIVALENT	INCONSISTENT	BIV→INC			NOT_EVALUATED_consensus_calls_only
ENSG00000128581	IFT22	SIMPLE_AND	INCONSISTENT	AND→INC			NOT_EVALUATED_consensus_calls_only
ENSG00000128590	DNAJB9	SIMPLE_AND	INCONSISTENT	AND→INC			NOT_EVALUATED_consensus_calls_only
ENSG00000128591	FLNC	REPRESSED	SIMPLE_AND	REP→AND			NOT_EVALUATED_consensus_calls_only
ENSG00000128596	CCDC136	SIMPLE_OR	SIMPLE_AND	OR→AND			NOT_EVALUATED_consensus_calls_only
ENSG00000128602	SMO	SIMPLE_OR	BIVALENT	OR→BIV			NOT_EVALUATED_consensus_calls_only
ENSG00000128604	IRF5	SIMPLE_AND	REPRESSED	AND→REP			NOT_EVALUATED_consensus_calls_only
ENSG00000128645	HOXD1	REPRESSED	BIVALENT	REP→BIV			NOT_EVALUATED_consensus_calls_only
ENSG00000128694	OSGEPL1	SIMPLE_AND	INCONSISTENT	AND→INC			NOT_EVALUATED_consensus_calls_only
ENSG00000128699	ORMDL1	COMPLEX	INCONSISTENT	CPX→INC			NOT_EVALUATED_consensus_calls_only
ENSG00000128731	HERC2	SIMPLE_AND	SIMPLE_OR	AND→OR			NOT_EVALUATED_consensus_calls_only
ENSG00000128789	PSMG2	SIMPLE_OR	SIMPLE_AND	OR→AND			NOT_EVALUATED_consensus_calls_only
ENSG00000128805	ARHGAP22	SIMPLE_AND	SIMPLE_OR	AND→OR			NOT_EVALUATED_consensus_calls_only
ENSG00000128815	WDFY4	SIMPLE_AND	REPRESSED	AND→REP			NOT_EVALUATED_consensus_calls_only
ENSG00000128849	CGNL1	REPRESSED	BIVALENT	REP→BIV			NOT_EVALUATED_consensus_calls_only
ENSG00000128872	TMOD2	SIMPLE_OR	INCONSISTENT	OR→INC			NOT_EVALUATED_consensus_calls_only
ENSG00000128881	TTBK2	SIMPLE_AND	INCONSISTENT	AND→INC			NOT_EVALUATED_consensus_calls_only
ENSG00000128886	ELL3	SIMPLE_AND	INCONSISTENT	AND→INC			NOT_EVALUATED_consensus_calls_only
ENSG00000128891	CCDC32	SIMPLE_AND	INCONSISTENT	AND→INC			NOT_EVALUATED_consensus_calls_only
ENSG00000128917	DLL4	BIVALENT	INCONSISTENT	BIV→INC			NOT_EVALUATED_consensus_calls_only
ENSG00000128965	CHAC1	SIMPLE_AND	INCONSISTENT	AND→INC			NOT_EVALUATED_consensus_calls_only
ENSG00000129038	LOXL1	REPRESSED	BIVALENT	REP→BIV			NOT_EVALUATED_consensus_calls_only
ENSG00000129084	PSMA1	SIMPLE_OR	SIMPLE_AND	OR→AND			NOT_EVALUATED_consensus_calls_only
ENSG00000129158	SERGEF	SIMPLE_AND	INCONSISTENT	AND→INC			NOT_EVALUATED_consensus_calls_only
ENSG00000129159	KCNC1	REPRESSED	INCONSISTENT	REP→INC			NOT_EVALUATED_consensus_calls_only
ENSG00000129173	E2F8	SIMPLE_AND	INCONSISTENT	AND→INC			NOT_EVALUATED_consensus_calls_only
ENSG00000129195	PIMREG	SIMPLE_AND	INCONSISTENT	AND→INC			NOT_EVALUATED_consensus_calls_only
ENSG00000129219	PLD2	SIMPLE_OR	INCONSISTENT	OR→INC			NOT_EVALUATED_consensus_calls_only
ENSG00000129292	PHF20L1	COMPLEX	SIMPLE_AND	CPX→AND			NOT_EVALUATED_consensus_calls_only
ENSG00000129295	DNAAF11	BIVALENT	INCONSISTENT	BIV→INC			NOT_EVALUATED_consensus_calls_only
ENSG00000129422	MTUS1	REPRESSED	BIVALENT	REP→BIV			NOT_EVALUATED_consensus_calls_only
ENSG00000129467	ADCY4	REPRESSED	INCONSISTENT	REP→INC			NOT_EVALUATED_consensus_calls_only
ENSG00000129472	RAB2B	SIMPLE_AND	INCONSISTENT	AND→INC			NOT_EVALUATED_consensus_calls_only
ENSG00000129473	BCL2L2	SIMPLE_AND	INCONSISTENT	AND→INC			NOT_EVALUATED_consensus_calls_only
ENSG00000129474	AJUBA	BIVALENT	INCONSISTENT	BIV→INC			NOT_EVALUATED_consensus_calls_only
ENSG00000129484	PARP2	SIMPLE_AND	INCONSISTENT	AND→INC			NOT_EVALUATED_consensus_calls_only
ENSG00000129534	MIS18BP1	SIMPLE_AND	COMPLEX	AND→CPX			NOT_EVALUATED_consensus_calls_only
ENSG00000129535	NRL	SIMPLE_AND	INCONSISTENT	AND→INC			NOT_EVALUATED_consensus_calls_only
ENSG00000129566	TEP1	SIMPLE_AND	INCONSISTENT	AND→INC			NOT_EVALUATED_consensus_calls_only
ENSG00000129595	EPB41L4A	BIVALENT	INCONSISTENT	BIV→INC			NOT_EVALUATED_consensus_calls_only
ENSG00000129654	FOXJ1	REPRESSED	INCONSISTENT	REP→INC			NOT_EVALUATED_consensus_calls_only
ENSG00000129667	RHBDF2	SIMPLE_AND	INCONSISTENT	AND→INC			NOT_EVALUATED_consensus_calls_only
ENSG00000129757	CDKN1C	BIVALENT	SIMPLE_AND	BIV→AND			NOT_EVALUATED_consensus_calls_only
ENSG00000129910	CDH15	REPRESSED	INCONSISTENT	REP→INC			NOT_EVALUATED_consensus_calls_only
ENSG00000130005	GAMT	SIMPLE_OR	SIMPLE_AND	OR→AND			NOT_EVALUATED_consensus_calls_only
ENSG00000130119	GNL3L	SIMPLE_AND	COMPLEX	AND→CPX			NOT_EVALUATED_consensus_calls_only
ENSG00000130158	DOCK6	SIMPLE_OR	INCONSISTENT	OR→INC			NOT_EVALUATED_consensus_calls_only
ENSG00000130202	NECTIN2	BIVALENT	SIMPLE_AND	BIV→AND			NOT_EVALUATED_consensus_calls_only
ENSG00000130208	APOC1	INCONSISTENT	SIMPLE_AND	INC→AND			NOT_EVALUATED_consensus_calls_only
ENSG00000130222	GADD45G	BIVALENT	INCONSISTENT	BIV→INC			NOT_EVALUATED_consensus_calls_only
ENSG00000130270	ATP8B3	SIMPLE_AND	INCONSISTENT	AND→INC			NOT_EVALUATED_consensus_calls_only
ENSG00000130283	GDF1	REPRESSED	INCONSISTENT	REP→INC			NOT_EVALUATED_consensus_calls_only
ENSG00000130304	SLC27A1	SIMPLE_AND	INCONSISTENT	AND→INC			NOT_EVALUATED_consensus_calls_only
ENSG00000130311	DDA1	SIMPLE_AND	INCONSISTENT	AND→INC			NOT_EVALUATED_consensus_calls_only
ENSG00000130347	RTN4IP1	SIMPLE_AND	INCONSISTENT	AND→INC			NOT_EVALUATED_consensus_calls_only
ENSG00000130349	MTRES1	SIMPLE_AND	INCONSISTENT	AND→INC			NOT_EVALUATED_consensus_calls_only
ENSG00000130363	RSPH3	SIMPLE_AND	INCONSISTENT	AND→INC			NOT_EVALUATED_consensus_calls_only
ENSG00000130396	AFDN	BIVALENT	SIMPLE_AND	BIV→AND			NOT_EVALUATED_consensus_calls_only
ENSG00000130413	STK33	SIMPLE_AND	REPRESSED	AND→REP			NOT_EVALUATED_consensus_calls_only
ENSG00000130477	UNC13A	REPRESSED	INCONSISTENT	REP→INC			NOT_EVALUATED_consensus_calls_only
ENSG00000130544	ZNF557	SIMPLE_AND	INCONSISTENT	AND→INC			NOT_EVALUATED_consensus_calls_only
ENSG00000130589	HELZ2	SIMPLE_AND	INCONSISTENT	AND→INC			NOT_EVALUATED_consensus_calls_only
ENSG00000130590	SAMD10	SIMPLE_AND	INCONSISTENT	AND→INC			NOT_EVALUATED_consensus_calls_only
ENSG00000130640	TUBGCP2	REPRESSED	SIMPLE_OR	REP→OR			NOT_EVALUATED_consensus_calls_only
ENSG00000130643	CALY	COMPLEX	INCONSISTENT	CPX→INC			NOT_EVALUATED_consensus_calls_only
ENSG00000130649	CYP2E1	SIMPLE_OR	INCONSISTENT	OR→INC			NOT_EVALUATED_consensus_calls_only
ENSG00000130653	PNPLA7	SIMPLE_AND	INCONSISTENT	AND→INC			NOT_EVALUATED_consensus_calls_only
ENSG00000130684	ZNF337	SIMPLE_AND	INCONSISTENT	AND→INC			NOT_EVALUATED_consensus_calls_only
ENSG00000130702	LAMA5	BIVALENT	SIMPLE_AND	BIV→AND			NOT_EVALUATED_consensus_calls_only
ENSG00000130714	POMT1	SIMPLE_AND	INCONSISTENT	AND→INC			NOT_EVALUATED_consensus_calls_only
ENSG00000130741	EIF2S3	SIMPLE_AND	SIMPLE_OR	AND→OR			NOT_EVALUATED_consensus_calls_only
ENSG00000130748	TMEM160	INCONSISTENT	SIMPLE_AND	INC→AND			NOT_EVALUATED_consensus_calls_only
ENSG00000130751	NPAS1	BIVALENT	INCONSISTENT	BIV→INC			NOT_EVALUATED_consensus_calls_only
ENSG00000130758	MAP3K10	SIMPLE_AND	INCONSISTENT	AND→INC			NOT_EVALUATED_consensus_calls_only
ENSG00000130775	THEMIS2	SIMPLE_AND	INCONSISTENT	AND→INC			NOT_EVALUATED_consensus_calls_only
ENSG00000130787	HIP1R	BIVALENT	INCONSISTENT	BIV→INC			NOT_EVALUATED_consensus_calls_only
ENSG00000130812	ANGPTL6	SIMPLE_AND	INCONSISTENT	AND→INC			NOT_EVALUATED_consensus_calls_only
ENSG00000130813	SHFL	SIMPLE_AND	INCONSISTENT	AND→INC			NOT_EVALUATED_consensus_calls_only
ENSG00000130818	ZNF426	COMPLEX	SIMPLE_AND	CPX→AND			NOT_EVALUATED_consensus_calls_only
ENSG00000130827	PLXNA3	SIMPLE_AND	INCONSISTENT	AND→INC			NOT_EVALUATED_consensus_calls_only
ENSG00000130829	DUSP9	REPRESSED	INCONSISTENT	REP→INC			NOT_EVALUATED_consensus_calls_only
ENSG00000130830	MPP1	SIMPLE_OR	SIMPLE_AND	OR→AND			NOT_EVALUATED_consensus_calls_only
ENSG00000130844	ZNF331	COMPLEX	INCONSISTENT	CPX→INC			NOT_EVALUATED_consensus_calls_only
ENSG00000130881	LRP3	SIMPLE_AND	INCONSISTENT	AND→INC			NOT_EVALUATED_consensus_calls_only
ENSG00000130958	SLC35D2	SIMPLE_AND	INCONSISTENT	AND→INC			NOT_EVALUATED_consensus_calls_only
ENSG00000130997	POLN	SIMPLE_AND	INCONSISTENT	AND→INC			NOT_EVALUATED_consensus_calls_only
ENSG00000131015	ULBP2	BIVALENT	INCONSISTENT	BIV→INC			NOT_EVALUATED_consensus_calls_only
ENSG00000131016	AKAP12	REPRESSED	BIVALENT	REP→BIV			NOT_EVALUATED_consensus_calls_only
ENSG00000131019	ULBP3	BIVALENT	INCONSISTENT	BIV→INC			NOT_EVALUATED_consensus_calls_only
ENSG00000131061	ZNF341	SIMPLE_AND	INCONSISTENT	AND→INC			NOT_EVALUATED_consensus_calls_only
ENSG00000131067	GGT7	SIMPLE_OR	INCONSISTENT	OR→INC			NOT_EVALUATED_consensus_calls_only
ENSG00000131069	ACSS2	SIMPLE_OR	SIMPLE_AND	OR→AND			NOT_EVALUATED_consensus_calls_only
ENSG00000131096	PYY	BIVALENT	INCONSISTENT	BIV→INC			NOT_EVALUATED_consensus_calls_only
ENSG00000131115	ZNF227	COMPLEX	INCONSISTENT	CPX→INC			NOT_EVALUATED_consensus_calls_only
ENSG00000131116	ZNF428	SIMPLE_AND	INCONSISTENT	AND→INC			NOT_EVALUATED_consensus_calls_only
ENSG00000131149	GSE1	REPRESSED	SIMPLE_AND	REP→AND			NOT_EVALUATED_consensus_calls_only
ENSG00000131171	SH3BGRL	COMPLEX	SIMPLE_AND	CPX→AND			NOT_EVALUATED_consensus_calls_only
ENSG00000131183	SLC34A1	SIMPLE_OR	INCONSISTENT	OR→INC			NOT_EVALUATED_consensus_calls_only
ENSG00000131188	PRR7	SIMPLE_AND	INCONSISTENT	AND→INC			NOT_EVALUATED_consensus_calls_only
ENSG00000131196	NFATC1	BIVALENT	INCONSISTENT	BIV→INC			NOT_EVALUATED_consensus_calls_only
ENSG00000131242	RAB11FIP4	REPRESSED	SIMPLE_OR	REP→OR			NOT_EVALUATED_consensus_calls_only
ENSG00000131378	RFTN1	SIMPLE_AND	BIVALENT	AND→BIV			NOT_EVALUATED_consensus_calls_only
ENSG00000131389	SLC6A6	BIVALENT	SIMPLE_AND	BIV→AND			NOT_EVALUATED_consensus_calls_only
ENSG00000131398	KCNC3	INCONSISTENT	SIMPLE_AND	INC→AND			NOT_EVALUATED_consensus_calls_only
ENSG00000131400	NAPSA	SIMPLE_AND	INCONSISTENT	AND→INC			NOT_EVALUATED_consensus_calls_only
ENSG00000131408	NR1H2	BIVALENT	SIMPLE_AND	BIV→AND			NOT_EVALUATED_consensus_calls_only
ENSG00000131435	PDLIM4	REPRESSED	SIMPLE_AND	REP→AND			NOT_EVALUATED_consensus_calls_only
ENSG00000131437	KIF3A	SIMPLE_AND	INCONSISTENT	AND→INC			NOT_EVALUATED_consensus_calls_only
ENSG00000131459	GFPT2	REPRESSED	INCONSISTENT	REP→INC			NOT_EVALUATED_consensus_calls_only
ENSG00000131470	PSMC3IP	SIMPLE_AND	INCONSISTENT	AND→INC			NOT_EVALUATED_consensus_calls_only
ENSG00000131507	NDFIP1	BIVALENT	SIMPLE_AND	BIV→AND			NOT_EVALUATED_consensus_calls_only
ENSG00000131591	C1orf159	SIMPLE_OR	BIVALENT	OR→BIV			NOT_EVALUATED_consensus_calls_only
ENSG00000131620	ANO1	REPRESSED	INCONSISTENT	REP→INC			NOT_EVALUATED_consensus_calls_only
ENSG00000131626	PPFIA1	SIMPLE_AND	BIVALENT	AND→BIV			NOT_EVALUATED_consensus_calls_only
ENSG00000131650	KREMEN2	SIMPLE_OR	INCONSISTENT	OR→INC			NOT_EVALUATED_consensus_calls_only
ENSG00000131669	NINJ1	SIMPLE_AND	INCONSISTENT	AND→INC			NOT_EVALUATED_consensus_calls_only
ENSG00000131711	MAP1B	INCONSISTENT	SIMPLE_AND	INC→AND			NOT_EVALUATED_consensus_calls_only
ENSG00000131724	IL13RA1	SIMPLE_OR	INCONSISTENT	OR→INC			NOT_EVALUATED_consensus_calls_only
ENSG00000131791	PRKAB2	SIMPLE_AND	INCONSISTENT	AND→INC			NOT_EVALUATED_consensus_calls_only
ENSG00000131797	CLUHP3	SIMPLE_AND	INCONSISTENT	AND→INC			NOT_EVALUATED_consensus_calls_only
ENSG00000131845	ZNF304	SIMPLE_AND	INCONSISTENT	AND→INC			NOT_EVALUATED_consensus_calls_only
ENSG00000131848	ZSCAN5A	COMPLEX	INCONSISTENT	CPX→INC			NOT_EVALUATED_consensus_calls_only
ENSG00000131871	SELENOS	SIMPLE_AND	INCONSISTENT	AND→INC			NOT_EVALUATED_consensus_calls_only
ENSG00000131899	LLGL1	SIMPLE_OR	INCONSISTENT	OR→INC			NOT_EVALUATED_consensus_calls_only
ENSG00000131931	THAP1	SIMPLE_AND	INCONSISTENT	AND→INC			NOT_EVALUATED_consensus_calls_only
ENSG00000131941	RHPN2	SIMPLE_OR	INCONSISTENT	OR→INC			NOT_EVALUATED_consensus_calls_only
ENSG00000131943	C19orf12	SIMPLE_AND	INCONSISTENT	AND→INC			NOT_EVALUATED_consensus_calls_only
ENSG00000131944	FAAP24	SIMPLE_AND	INCONSISTENT	AND→INC			NOT_EVALUATED_consensus_calls_only
ENSG00000131951	LRRC9	BIVALENT	INCONSISTENT	BIV→INC			NOT_EVALUATED_consensus_calls_only
ENSG00000131979	GCH1	SIMPLE_AND	INCONSISTENT	AND→INC			NOT_EVALUATED_consensus_calls_only
ENSG00000132003	ZSWIM4	SIMPLE_AND	INCONSISTENT	AND→INC			NOT_EVALUATED_consensus_calls_only
ENSG00000132004	FBXW9	COMPLEX	INCONSISTENT	CPX→INC			NOT_EVALUATED_consensus_calls_only
ENSG00000132005	RFX1	SIMPLE_AND	INCONSISTENT	AND→INC			NOT_EVALUATED_consensus_calls_only
ENSG00000132010	ZNF20	SIMPLE_AND	INCONSISTENT	AND→INC			NOT_EVALUATED_consensus_calls_only
ENSG00000132016	BRME1	SIMPLE_AND	INCONSISTENT	AND→INC			NOT_EVALUATED_consensus_calls_only
ENSG00000132024	CC2D1A	SIMPLE_AND	INCONSISTENT	AND→INC			NOT_EVALUATED_consensus_calls_only
ENSG00000132026	RTBDN	BIVALENT	INCONSISTENT	BIV→INC			NOT_EVALUATED_consensus_calls_only
ENSG00000132109	TRIM21	SIMPLE_AND	INCONSISTENT	AND→INC			NOT_EVALUATED_consensus_calls_only
ENSG00000132170	PPARG	BIVALENT	REPRESSED	BIV→REP			NOT_EVALUATED_consensus_calls_only
ENSG00000132185	FCRLA	SIMPLE_AND	INCONSISTENT	AND→INC			NOT_EVALUATED_consensus_calls_only
ENSG00000132199	ENOSF1	INCONSISTENT	SIMPLE_AND	INC→AND			NOT_EVALUATED_consensus_calls_only
ENSG00000132326	PER2	SIMPLE_AND	INCONSISTENT	AND→INC			NOT_EVALUATED_consensus_calls_only
ENSG00000132329	RAMP1	REPRESSED	INCONSISTENT	REP→INC			NOT_EVALUATED_consensus_calls_only
ENSG00000132394	EEFSEC	SIMPLE_AND	INCONSISTENT	AND→INC			NOT_EVALUATED_consensus_calls_only
ENSG00000132405	TBC1D14	BIVALENT	SIMPLE_AND	BIV→AND			NOT_EVALUATED_consensus_calls_only
ENSG00000132406	TMEM128	SIMPLE_AND	INCONSISTENT	AND→INC			NOT_EVALUATED_consensus_calls_only
ENSG00000132423	COQ3	SIMPLE_AND	INCONSISTENT	AND→INC			NOT_EVALUATED_consensus_calls_only
ENSG00000132429	POPDC3	REPRESSED	INCONSISTENT	REP→INC			NOT_EVALUATED_consensus_calls_only
ENSG00000132434	LANCL2	SIMPLE_AND	INCONSISTENT	AND→INC			NOT_EVALUATED_consensus_calls_only
ENSG00000132463	GRSF1	COMPLEX	SIMPLE_AND	CPX→AND			NOT_EVALUATED_consensus_calls_only
ENSG00000132467	UTP3	SIMPLE_AND	INCONSISTENT	AND→INC			NOT_EVALUATED_consensus_calls_only
ENSG00000132470	ITGB4	INCONSISTENT	BIVALENT	INC→BIV			NOT_EVALUATED_consensus_calls_only
ENSG00000132478	UNK	SIMPLE_AND	INCONSISTENT	AND→INC			NOT_EVALUATED_consensus_calls_only
ENSG00000132481	TRIM47	BIVALENT	INCONSISTENT	BIV→INC			NOT_EVALUATED_consensus_calls_only
ENSG00000132510	KDM6B	SIMPLE_AND	INCONSISTENT	AND→INC			NOT_EVALUATED_consensus_calls_only
ENSG00000132530	XAF1	SIMPLE_AND	INCONSISTENT	AND→INC			NOT_EVALUATED_consensus_calls_only
ENSG00000132535	DLG4	SIMPLE_AND	INCONSISTENT	AND→INC			NOT_EVALUATED_consensus_calls_only
ENSG00000132541	RIDA	INCONSISTENT	SIMPLE_AND	INC→AND			NOT_EVALUATED_consensus_calls_only
ENSG00000132561	MATN2	REPRESSED	BIVALENT	REP→BIV			NOT_EVALUATED_consensus_calls_only
ENSG00000132563	REEP2	SIMPLE_OR	INCONSISTENT	OR→INC			NOT_EVALUATED_consensus_calls_only
ENSG00000132570	PCBD2	SIMPLE_AND	INCONSISTENT	AND→INC			NOT_EVALUATED_consensus_calls_only
ENSG00000132635	PCED1A	SIMPLE_AND	INCONSISTENT	AND→INC			NOT_EVALUATED_consensus_calls_only
ENSG00000132640	BTBD3	SIMPLE_OR	INCONSISTENT	OR→INC			NOT_EVALUATED_consensus_calls_only
ENSG00000132664	POLR3F	SIMPLE_AND	INCONSISTENT	AND→INC			NOT_EVALUATED_consensus_calls_only
ENSG00000132688	NES	REPRESSED	INCONSISTENT	REP→INC			NOT_EVALUATED_consensus_calls_only
ENSG00000132694	ARHGEF11	BIVALENT	INCONSISTENT	BIV→INC			NOT_EVALUATED_consensus_calls_only
ENSG00000132718	SYT11	SIMPLE_AND	INCONSISTENT	AND→INC			NOT_EVALUATED_consensus_calls_only
ENSG00000132749	TESMIN	INCONSISTENT	SIMPLE_AND	INC→AND			NOT_EVALUATED_consensus_calls_only
ENSG00000132773	TOE1	SIMPLE_AND	COMPLEX	AND→CPX			NOT_EVALUATED_consensus_calls_only
ENSG00000132781	MUTYH	SIMPLE_AND	INCONSISTENT	AND→INC			NOT_EVALUATED_consensus_calls_only
ENSG00000132801	ZSWIM3	SIMPLE_AND	INCONSISTENT	AND→INC			NOT_EVALUATED_consensus_calls_only
ENSG00000132825	PPP1R3D	SIMPLE_AND	INCONSISTENT	AND→INC			NOT_EVALUATED_consensus_calls_only
ENSG00000132879	FBXO44	SIMPLE_OR	INCONSISTENT	OR→INC			NOT_EVALUATED_consensus_calls_only
ENSG00000132932	ATP8A2	REPRESSED	INCONSISTENT	REP→INC			NOT_EVALUATED_consensus_calls_only
ENSG00000132938	MTUS2	REPRESSED	INCONSISTENT	REP→INC			NOT_EVALUATED_consensus_calls_only
ENSG00000132950	ZMYM5	SIMPLE_AND	INCONSISTENT	AND→INC			NOT_EVALUATED_consensus_calls_only
ENSG00000132952	USPL1	SIMPLE_AND	INCONSISTENT	AND→INC			NOT_EVALUATED_consensus_calls_only
ENSG00000132970	WASF3	REPRESSED	INCONSISTENT	REP→INC			NOT_EVALUATED_consensus_calls_only
ENSG00000133026	MYH10	SIMPLE_OR	SIMPLE_AND	OR→AND			NOT_EVALUATED_consensus_calls_only
ENSG00000133056	PIK3C2B	SIMPLE_AND	BIVALENT	AND→BIV			NOT_EVALUATED_consensus_calls_only
ENSG00000133059	DSTYK	SIMPLE_AND	INCONSISTENT	AND→INC			NOT_EVALUATED_consensus_calls_only
ENSG00000133063	CHIT1	SIMPLE_AND	INCONSISTENT	AND→INC			NOT_EVALUATED_consensus_calls_only
ENSG00000133065	SLC41A1	BIVALENT	SIMPLE_AND	BIV→AND			NOT_EVALUATED_consensus_calls_only
ENSG00000133069	TMCC2	BIVALENT	INCONSISTENT	BIV→INC			NOT_EVALUATED_consensus_calls_only
ENSG00000133101	CCNA1	BIVALENT	INCONSISTENT	BIV→INC			NOT_EVALUATED_consensus_calls_only
ENSG00000133103	COG6	SIMPLE_AND	INCONSISTENT	AND→INC			NOT_EVALUATED_consensus_calls_only
ENSG00000133111	RFXAP	SIMPLE_AND	INCONSISTENT	AND→INC			NOT_EVALUATED_consensus_calls_only
ENSG00000133138	TBC1D8B	SIMPLE_OR	INCONSISTENT	OR→INC			NOT_EVALUATED_consensus_calls_only
ENSG00000133216	EPHB2	COMPLEX	BIVALENT	CPX→BIV			NOT_EVALUATED_consensus_calls_only
ENSG00000133243	BTBD2	REPRESSED	COMPLEX	REP→CPX			NOT_EVALUATED_consensus_calls_only
ENSG00000133315	MACROD1	SIMPLE_AND	COMPLEX	AND→CPX			NOT_EVALUATED_consensus_calls_only
ENSG00000133460	SLC2A11	SIMPLE_AND	INCONSISTENT	AND→INC			NOT_EVALUATED_consensus_calls_only
ENSG00000133466	C1QTNF6	SIMPLE_AND	INCONSISTENT	AND→INC			NOT_EVALUATED_consensus_calls_only
ENSG00000133574	GIMAP4	INCONSISTENT	REPRESSED	INC→REP			NOT_EVALUATED_consensus_calls_only
ENSG00000133619	KRBA1	SIMPLE_AND	INCONSISTENT	AND→INC			NOT_EVALUATED_consensus_calls_only
ENSG00000133624	ZNF767P	SIMPLE_AND	INCONSISTENT	AND→INC			NOT_EVALUATED_consensus_calls_only
ENSG00000133627	ACTR3B	COMPLEX	SIMPLE_AND	CPX→AND			NOT_EVALUATED_consensus_calls_only
ENSG00000133678	TMEM254	SIMPLE_AND	INCONSISTENT	AND→INC			NOT_EVALUATED_consensus_calls_only
ENSG00000133739	LRRCC1	SIMPLE_AND	INCONSISTENT	AND→INC			NOT_EVALUATED_consensus_calls_only
ENSG00000133740	E2F5	SIMPLE_AND	INCONSISTENT	AND→INC			NOT_EVALUATED_consensus_calls_only
ENSG00000133805	AMPD3	COMPLEX	SIMPLE_OR	CPX→OR			NOT_EVALUATED_consensus_calls_only
ENSG00000133863	TEX15	SIMPLE_OR	COMPLEX	OR→CPX			NOT_EVALUATED_consensus_calls_only
ENSG00000133874	RNF122	SIMPLE_AND	INCONSISTENT	AND→INC			NOT_EVALUATED_consensus_calls_only
ENSG00000133884	DPF2	COMPLEX	SIMPLE_AND	CPX→AND			NOT_EVALUATED_consensus_calls_only
ENSG00000133935	ERG28	SIMPLE_AND	INCONSISTENT	AND→INC			NOT_EVALUATED_consensus_calls_only
ENSG00000133958	UNC79	SIMPLE_AND	INCONSISTENT	AND→INC			NOT_EVALUATED_consensus_calls_only
ENSG00000133980	VRTN	COMPLEX	INCONSISTENT	CPX→INC			NOT_EVALUATED_consensus_calls_only
ENSG00000133983	COX16	SIMPLE_AND	INCONSISTENT	AND→INC			NOT_EVALUATED_consensus_calls_only
ENSG00000133985	TTC9	SIMPLE_AND	BIVALENT	AND→BIV			NOT_EVALUATED_consensus_calls_only
ENSG00000134020	PEBP4	INCONSISTENT	BIVALENT	INC→BIV			NOT_EVALUATED_consensus_calls_only
ENSG00000134030	CTIF	SIMPLE_OR	INCONSISTENT	OR→INC			NOT_EVALUATED_consensus_calls_only
ENSG00000134049	IER3IP1	SIMPLE_AND	INCONSISTENT	AND→INC			NOT_EVALUATED_consensus_calls_only
ENSG00000134070	IRAK2	SIMPLE_AND	INCONSISTENT	AND→INC			NOT_EVALUATED_consensus_calls_only
ENSG00000134086	VHL	COMPLEX	SIMPLE_AND	CPX→AND			NOT_EVALUATED_consensus_calls_only
ENSG00000134138	MEIS2	SIMPLE_AND	INCONSISTENT	AND→INC			NOT_EVALUATED_consensus_calls_only
ENSG00000134202	GSTM3	REPRESSED	INCONSISTENT	REP→INC			NOT_EVALUATED_consensus_calls_only
ENSG00000134242	PTPN22	SIMPLE_AND	INCONSISTENT	AND→INC			NOT_EVALUATED_consensus_calls_only
ENSG00000134243	SORT1	BIVALENT	SIMPLE_AND	BIV→AND			NOT_EVALUATED_consensus_calls_only
ENSG00000134245	WNT2B	SIMPLE_AND	INCONSISTENT	AND→INC			NOT_EVALUATED_consensus_calls_only
ENSG00000134247	PTGFRN	BIVALENT	SIMPLE_AND	BIV→AND			NOT_EVALUATED_consensus_calls_only
ENSG00000134253	TRIM45	BIVALENT	INCONSISTENT	BIV→INC			NOT_EVALUATED_consensus_calls_only
ENSG00000134291	TMEM106C	SIMPLE_AND	BIVALENT	AND→BIV			NOT_EVALUATED_consensus_calls_only
ENSG00000134297	PLEKHA8P1	SIMPLE_AND	INCONSISTENT	AND→INC			NOT_EVALUATED_consensus_calls_only
ENSG00000134313	KIDINS220	SIMPLE_OR	SIMPLE_AND	OR→AND			NOT_EVALUATED_consensus_calls_only
ENSG00000134317	GRHL1	BIVALENT	INCONSISTENT	BIV→INC			NOT_EVALUATED_consensus_calls_only
ENSG00000134326	CMPK2	SIMPLE_AND	INCONSISTENT	AND→INC			NOT_EVALUATED_consensus_calls_only
ENSG00000134369	NAV1	REPRESSED	BIVALENT	REP→BIV			NOT_EVALUATED_consensus_calls_only
ENSG00000134460	IL2RA	SIMPLE_OR	REPRESSED	OR→REP			NOT_EVALUATED_consensus_calls_only
ENSG00000134463	ECHDC3	SIMPLE_OR	INCONSISTENT	OR→INC			NOT_EVALUATED_consensus_calls_only
ENSG00000134504	KCTD1	BIVALENT	INCONSISTENT	BIV→INC			NOT_EVALUATED_consensus_calls_only
ENSG00000134508	CABLES1	SIMPLE_AND	BIVALENT	AND→BIV			NOT_EVALUATED_consensus_calls_only
ENSG00000134574	DDB2	SIMPLE_AND	INCONSISTENT	AND→INC			NOT_EVALUATED_consensus_calls_only
ENSG00000134575	ACP2	COMPLEX	SIMPLE_AND	CPX→AND			NOT_EVALUATED_consensus_calls_only
ENSG00000134590	RTL8C	INCONSISTENT	SIMPLE_AND	INC→AND			NOT_EVALUATED_consensus_calls_only
ENSG00000134594	RAB33A	SIMPLE_AND	INCONSISTENT	AND→INC			NOT_EVALUATED_consensus_calls_only
ENSG00000134597	RBMX2	SIMPLE_AND	INCONSISTENT	AND→INC			NOT_EVALUATED_consensus_calls_only
ENSG00000134775	FHOD3	BIVALENT	INCONSISTENT	BIV→INC			NOT_EVALUATED_consensus_calls_only
ENSG00000134780	DAGLA	BIVALENT	INCONSISTENT	BIV→INC			NOT_EVALUATED_consensus_calls_only
ENSG00000134853	PDGFRA	BIVALENT	REPRESSED	BIV→REP			NOT_EVALUATED_consensus_calls_only
ENSG00000134864	GGACT	SIMPLE_AND	INCONSISTENT	AND→INC			NOT_EVALUATED_consensus_calls_only
ENSG00000134884	ARGLU1	SIMPLE_AND	INCONSISTENT	AND→INC			NOT_EVALUATED_consensus_calls_only
ENSG00000134897	BIVM	SIMPLE_AND	INCONSISTENT	AND→INC			NOT_EVALUATED_consensus_calls_only
ENSG00000134901	POGLUT2	SIMPLE_AND	INCONSISTENT	AND→INC			NOT_EVALUATED_consensus_calls_only
ENSG00000135040	NAA35	COMPLEX	SIMPLE_AND	CPX→AND			NOT_EVALUATED_consensus_calls_only
ENSG00000135045	C9orf40	SIMPLE_AND	INCONSISTENT	AND→INC			NOT_EVALUATED_consensus_calls_only
ENSG00000135047	CTSL	REPRESSED	SIMPLE_AND	REP→AND			NOT_EVALUATED_consensus_calls_only
ENSG00000135049	AGTPBP1	SIMPLE_AND	INCONSISTENT	AND→INC			NOT_EVALUATED_consensus_calls_only
ENSG00000135052	GOLM1	SIMPLE_OR	BIVALENT	OR→BIV			NOT_EVALUATED_consensus_calls_only
ENSG00000135070	ISCA1	SIMPLE_AND	INCONSISTENT	AND→INC			NOT_EVALUATED_consensus_calls_only
ENSG00000135074	ADAM19	SIMPLE_AND	INCONSISTENT	AND→INC			NOT_EVALUATED_consensus_calls_only
ENSG00000135077	HAVCR2	SIMPLE_AND	INCONSISTENT	AND→INC			NOT_EVALUATED_consensus_calls_only
ENSG00000135097	MSI1	REPRESSED	BIVALENT	REP→BIV			NOT_EVALUATED_consensus_calls_only
ENSG00000135111	TBX3	REPRESSED	BIVALENT	REP→BIV			NOT_EVALUATED_consensus_calls_only
ENSG00000135114	OASL	SIMPLE_AND	REPRESSED	AND→REP			NOT_EVALUATED_consensus_calls_only
ENSG00000135116	HRK	REPRESSED	BIVALENT	REP→BIV			NOT_EVALUATED_consensus_calls_only
ENSG00000135119	RNFT2	SIMPLE_AND	BIVALENT	AND→BIV			NOT_EVALUATED_consensus_calls_only
ENSG00000135124	P2RX4	SIMPLE_AND	INCONSISTENT	AND→INC			NOT_EVALUATED_consensus_calls_only
ENSG00000135127	BICDL1	SIMPLE_OR	INCONSISTENT	OR→INC			NOT_EVALUATED_consensus_calls_only
ENSG00000135185	TMEM243	SIMPLE_AND	BIVALENT	AND→BIV			NOT_EVALUATED_consensus_calls_only
ENSG00000135205	CCDC146	SIMPLE_OR	INCONSISTENT	OR→INC			NOT_EVALUATED_consensus_calls_only
ENSG00000135298	ADGRB3	BIVALENT	INCONSISTENT	BIV→INC			NOT_EVALUATED_consensus_calls_only
ENSG00000135299	ANKRD6	SIMPLE_OR	BIVALENT	OR→BIV			NOT_EVALUATED_consensus_calls_only
ENSG00000135314	KHDC1	SIMPLE_AND	INCONSISTENT	AND→INC			NOT_EVALUATED_consensus_calls_only
ENSG00000135315	CEP162	SIMPLE_AND	INCONSISTENT	AND→INC			NOT_EVALUATED_consensus_calls_only
ENSG00000135316	SYNCRIP	SIMPLE_AND	COMPLEX	AND→CPX			NOT_EVALUATED_consensus_calls_only
ENSG00000135318	NT5E	SIMPLE_AND	REPRESSED	AND→REP			NOT_EVALUATED_consensus_calls_only
ENSG00000135324	MRAP2	INCONSISTENT	SIMPLE_AND	INC→AND			NOT_EVALUATED_consensus_calls_only
ENSG00000135338	LCA5	SIMPLE_AND	INCONSISTENT	AND→INC			NOT_EVALUATED_consensus_calls_only
ENSG00000135363	LMO2	INCONSISTENT	SIMPLE_AND	INC→AND			NOT_EVALUATED_consensus_calls_only
ENSG00000135378	PRRG4	SIMPLE_AND	REPRESSED	AND→REP			NOT_EVALUATED_consensus_calls_only
ENSG00000135406	PRPH	REPRESSED	INCONSISTENT	REP→INC			NOT_EVALUATED_consensus_calls_only
ENSG00000135414	GDF11	SIMPLE_OR	INCONSISTENT	OR→INC			NOT_EVALUATED_consensus_calls_only
ENSG00000135423	GLS2	SIMPLE_OR	BIVALENT	OR→BIV			NOT_EVALUATED_consensus_calls_only
ENSG00000135424	ITGA7	SIMPLE_AND	INCONSISTENT	AND→INC			NOT_EVALUATED_consensus_calls_only
ENSG00000135426	TESPA1	SIMPLE_AND	INCONSISTENT	AND→INC			NOT_EVALUATED_consensus_calls_only
ENSG00000135439	AGAP2	SIMPLE_AND	INCONSISTENT	AND→INC			NOT_EVALUATED_consensus_calls_only
ENSG00000135454	B4GALNT1	BIVALENT	INCONSISTENT	BIV→INC			NOT_EVALUATED_consensus_calls_only
ENSG00000135469	COQ10A	SIMPLE_AND	INCONSISTENT	AND→INC			NOT_EVALUATED_consensus_calls_only
ENSG00000135482	ZC3H10	SIMPLE_AND	INCONSISTENT	AND→INC			NOT_EVALUATED_consensus_calls_only
ENSG00000135502	SLC26A10P	REPRESSED	INCONSISTENT	REP→INC			NOT_EVALUATED_consensus_calls_only
ENSG00000135503	ACVR1B	BIVALENT	INCONSISTENT	BIV→INC			NOT_EVALUATED_consensus_calls_only
ENSG00000135525	MAP7	BIVALENT	INCONSISTENT	BIV→INC			NOT_EVALUATED_consensus_calls_only
ENSG00000135540	NHSL1	SIMPLE_OR	BIVALENT	OR→BIV			NOT_EVALUATED_consensus_calls_only
ENSG00000135547	HEY2	INCONSISTENT	BIVALENT	INC→BIV			NOT_EVALUATED_consensus_calls_only
ENSG00000135549	PKIB	SIMPLE_AND	INCONSISTENT	AND→INC			NOT_EVALUATED_consensus_calls_only
ENSG00000135604	STX11	SIMPLE_AND	BIVALENT	AND→BIV			NOT_EVALUATED_consensus_calls_only
ENSG00000135605	TEC	SIMPLE_AND	INCONSISTENT	AND→INC			NOT_EVALUATED_consensus_calls_only
ENSG00000135622	SEMA4F	SIMPLE_OR	BIVALENT	OR→BIV			NOT_EVALUATED_consensus_calls_only
ENSG00000135625	EGR4	BIVALENT	INCONSISTENT	BIV→INC			NOT_EVALUATED_consensus_calls_only
ENSG00000135636	DYSF	REPRESSED	INCONSISTENT	REP→INC			NOT_EVALUATED_consensus_calls_only
ENSG00000135637	CCDC142	SIMPLE_AND	INCONSISTENT	AND→INC			NOT_EVALUATED_consensus_calls_only
ENSG00000135698	MPHOSPH6	SIMPLE_AND	BIVALENT	AND→BIV			NOT_EVALUATED_consensus_calls_only
ENSG00000135709	KIAA0513	SIMPLE_AND	INCONSISTENT	AND→INC			NOT_EVALUATED_consensus_calls_only
ENSG00000135722	FBXL8	SIMPLE_AND	INCONSISTENT	AND→INC			NOT_EVALUATED_consensus_calls_only
ENSG00000135736	CCDC102A	SIMPLE_AND	INCONSISTENT	AND→INC			NOT_EVALUATED_consensus_calls_only
ENSG00000135747	ZNF670-ZNF695	COMPLEX	INCONSISTENT	CPX→INC			NOT_EVALUATED_consensus_calls_only
ENSG00000135749	PCNX2	SIMPLE_OR	INCONSISTENT	OR→INC			NOT_EVALUATED_consensus_calls_only
ENSG00000135823	STX6	SIMPLE_AND	INCONSISTENT	AND→INC			NOT_EVALUATED_consensus_calls_only
ENSG00000135828	RNASEL	SIMPLE_AND	INCONSISTENT	AND→INC			NOT_EVALUATED_consensus_calls_only
ENSG00000135838	NPL	SIMPLE_OR	INCONSISTENT	OR→INC			NOT_EVALUATED_consensus_calls_only
ENSG00000135842	NIBAN1	SIMPLE_AND	INCONSISTENT	AND→INC			NOT_EVALUATED_consensus_calls_only
ENSG00000135862	LAMC1	SIMPLE_AND	BIVALENT	AND→BIV			NOT_EVALUATED_consensus_calls_only
ENSG00000135916	ITM2C	SIMPLE_AND	SIMPLE_OR	AND→OR			NOT_EVALUATED_consensus_calls_only
ENSG00000135919	SERPINE2	BIVALENT	INCONSISTENT	BIV→INC			NOT_EVALUATED_consensus_calls_only
ENSG00000135924	DNAJB2	SIMPLE_AND	INCONSISTENT	AND→INC			NOT_EVALUATED_consensus_calls_only
ENSG00000135931	ARMC9	SIMPLE_AND	INCONSISTENT	AND→INC			NOT_EVALUATED_consensus_calls_only
ENSG00000135951	TSGA10	SIMPLE_AND	INCONSISTENT	AND→INC			NOT_EVALUATED_consensus_calls_only
ENSG00000135953	MFSD9	SIMPLE_AND	INCONSISTENT	AND→INC			NOT_EVALUATED_consensus_calls_only
ENSG00000135974	C2orf49	SIMPLE_AND	INCONSISTENT	AND→INC			NOT_EVALUATED_consensus_calls_only
ENSG00000135976	ANKRD36	SIMPLE_AND	INCONSISTENT	AND→INC			NOT_EVALUATED_consensus_calls_only
ENSG00000135999	EPC2	SIMPLE_AND	BIVALENT	AND→BIV			NOT_EVALUATED_consensus_calls_only
ENSG00000136026	CKAP4	SIMPLE_AND	INCONSISTENT	AND→INC			NOT_EVALUATED_consensus_calls_only
ENSG00000136040	PLXNC1	SIMPLE_AND	REPRESSED	AND→REP			NOT_EVALUATED_consensus_calls_only
ENSG00000136044	APPL2	SIMPLE_OR	INCONSISTENT	OR→INC			NOT_EVALUATED_consensus_calls_only
ENSG00000136048	DRAM1	SIMPLE_AND	INCONSISTENT	AND→INC			NOT_EVALUATED_consensus_calls_only
ENSG00000136052	SLC41A2	SIMPLE_AND	BIVALENT	AND→BIV			NOT_EVALUATED_consensus_calls_only
ENSG00000136098	NEK3	SIMPLE_AND	INCONSISTENT	AND→INC			NOT_EVALUATED_consensus_calls_only
ENSG00000136111	TBC1D4	SIMPLE_AND	INCONSISTENT	AND→INC			NOT_EVALUATED_consensus_calls_only
ENSG00000136122	BORA	SIMPLE_AND	INCONSISTENT	AND→INC			NOT_EVALUATED_consensus_calls_only
ENSG00000136141	LRCH1	SIMPLE_AND	INCONSISTENT	AND→INC			NOT_EVALUATED_consensus_calls_only
ENSG00000136144	RCBTB1	SIMPLE_AND	INCONSISTENT	AND→INC			NOT_EVALUATED_consensus_calls_only
ENSG00000136147	PHF11	SIMPLE_AND	INCONSISTENT	AND→INC			NOT_EVALUATED_consensus_calls_only
ENSG00000136156	ITM2B	BIVALENT	SIMPLE_AND	BIV→AND			NOT_EVALUATED_consensus_calls_only
ENSG00000136158	SPRY2	SIMPLE_AND	INCONSISTENT	AND→INC			NOT_EVALUATED_consensus_calls_only
ENSG00000136159	NUDT15	SIMPLE_AND	INCONSISTENT	AND→INC			NOT_EVALUATED_consensus_calls_only
ENSG00000136161	RCBTB2	SIMPLE_AND	INCONSISTENT	AND→INC			NOT_EVALUATED_consensus_calls_only
ENSG00000136169	SETDB2	SIMPLE_AND	INCONSISTENT	AND→INC			NOT_EVALUATED_consensus_calls_only
ENSG00000136193	SCRN1	SIMPLE_AND	INCONSISTENT	AND→INC			NOT_EVALUATED_consensus_calls_only
ENSG00000136197	C7orf25	SIMPLE_AND	INCONSISTENT	AND→INC			NOT_EVALUATED_consensus_calls_only
ENSG00000136213	CHST12	SIMPLE_AND	INCONSISTENT	AND→INC			NOT_EVALUATED_consensus_calls_only
ENSG00000136244	IL6	REPRESSED	INCONSISTENT	REP→INC			NOT_EVALUATED_consensus_calls_only
ENSG00000136261	BZW2	BIVALENT	SIMPLE_AND	BIV→AND			NOT_EVALUATED_consensus_calls_only
ENSG00000136274	NACAD	REPRESSED	INCONSISTENT	REP→INC			NOT_EVALUATED_consensus_calls_only
ENSG00000136286	MYO1G	SIMPLE_AND	INCONSISTENT	AND→INC			NOT_EVALUATED_consensus_calls_only
ENSG00000136295	TTYH3	SIMPLE_AND	INCONSISTENT	AND→INC			NOT_EVALUATED_consensus_calls_only
ENSG00000136319	TTC5	SIMPLE_OR	INCONSISTENT	OR→INC			NOT_EVALUATED_consensus_calls_only
ENSG00000136367	ZFHX2	SIMPLE_AND	INCONSISTENT	AND→INC			NOT_EVALUATED_consensus_calls_only
ENSG00000136425	CIB2	INCONSISTENT	SIMPLE_AND	INC→AND			NOT_EVALUATED_consensus_calls_only
ENSG00000136449	MYCBPAP	SIMPLE_AND	REPRESSED	AND→REP			NOT_EVALUATED_consensus_calls_only
ENSG00000136490	LIMD2	SIMPLE_AND	INCONSISTENT	AND→INC			NOT_EVALUATED_consensus_calls_only
ENSG00000136535	TBR1	REPRESSED	BIVALENT	REP→BIV			NOT_EVALUATED_consensus_calls_only
ENSG00000136630	HLX	BIVALENT	INCONSISTENT	BIV→INC			NOT_EVALUATED_consensus_calls_only
ENSG00000136634	IL10	INCONSISTENT	REPRESSED	INC→REP			NOT_EVALUATED_consensus_calls_only
ENSG00000136720	HS6ST1	SIMPLE_AND	INCONSISTENT	AND→INC			NOT_EVALUATED_consensus_calls_only
ENSG00000136754	ABI1	SIMPLE_AND	BIVALENT	AND→BIV			NOT_EVALUATED_consensus_calls_only
ENSG00000136824	SMC2	COMPLEX	SIMPLE_AND	CPX→AND			NOT_EVALUATED_consensus_calls_only
ENSG00000136826	KLF4	BIVALENT	INCONSISTENT	BIV→INC			NOT_EVALUATED_consensus_calls_only
ENSG00000136828	RALGPS1	SIMPLE_AND	INCONSISTENT	AND→INC			NOT_EVALUATED_consensus_calls_only
ENSG00000136856	SLC2A8	SIMPLE_AND	INCONSISTENT	AND→INC			NOT_EVALUATED_consensus_calls_only
ENSG00000136859	ANGPTL2	SIMPLE_OR	REPRESSED	OR→REP			NOT_EVALUATED_consensus_calls_only
ENSG00000136866	ZFP37	COMPLEX	INCONSISTENT	CPX→INC			NOT_EVALUATED_consensus_calls_only
ENSG00000136870	ZNF189	SIMPLE_AND	INCONSISTENT	AND→INC			NOT_EVALUATED_consensus_calls_only
ENSG00000136872	ALDOB	BIVALENT	INCONSISTENT	BIV→INC			NOT_EVALUATED_consensus_calls_only
ENSG00000136895	GARNL3	SIMPLE_AND	INCONSISTENT	AND→INC			NOT_EVALUATED_consensus_calls_only
ENSG00000136897	MRPL50	SIMPLE_AND	INCONSISTENT	AND→INC			NOT_EVALUATED_consensus_calls_only
ENSG00000136928	GABBR2	REPRESSED	BIVALENT	REP→BIV			NOT_EVALUATED_consensus_calls_only
ENSG00000136930	PSMB7	SIMPLE_AND	COMPLEX	AND→CPX			NOT_EVALUATED_consensus_calls_only
ENSG00000136932	TRMO	SIMPLE_AND	INCONSISTENT	AND→INC			NOT_EVALUATED_consensus_calls_only
ENSG00000136936	XPA	SIMPLE_AND	INCONSISTENT	AND→INC			NOT_EVALUATED_consensus_calls_only
ENSG00000136940	PDCL	SIMPLE_AND	INCONSISTENT	AND→INC			NOT_EVALUATED_consensus_calls_only
ENSG00000136982	DSCC1	SIMPLE_AND	INCONSISTENT	AND→INC			NOT_EVALUATED_consensus_calls_only
ENSG00000137040	RANBP6	SIMPLE_AND	INCONSISTENT	AND→INC			NOT_EVALUATED_consensus_calls_only
ENSG00000137070	IL11RA	SIMPLE_OR	INCONSISTENT	OR→INC			NOT_EVALUATED_consensus_calls_only
ENSG00000137075	RNF38	SIMPLE_AND	INCONSISTENT	AND→INC			NOT_EVALUATED_consensus_calls_only
ENSG00000137094	DNAJB5	SIMPLE_AND	INCONSISTENT	AND→INC			NOT_EVALUATED_consensus_calls_only
ENSG00000137098	SPAG8	SIMPLE_AND	INCONSISTENT	AND→INC			NOT_EVALUATED_consensus_calls_only
ENSG00000137100	DCTN3	BIVALENT	SIMPLE_AND	BIV→AND			NOT_EVALUATED_consensus_calls_only
ENSG00000137101	CD72	SIMPLE_AND	INCONSISTENT	AND→INC			NOT_EVALUATED_consensus_calls_only
ENSG00000137103	TMEM8B	SIMPLE_AND	INCONSISTENT	AND→INC			NOT_EVALUATED_consensus_calls_only
ENSG00000137133	HINT2	SIMPLE_AND	INCONSISTENT	AND→INC			NOT_EVALUATED_consensus_calls_only
ENSG00000137166	FOXP4	SIMPLE_AND	INCONSISTENT	AND→INC			NOT_EVALUATED_consensus_calls_only
ENSG00000137177	KIF13A	BIVALENT	SIMPLE_AND	BIV→AND			NOT_EVALUATED_consensus_calls_only
ENSG00000137198	GMPR	BIVALENT	SIMPLE_AND	BIV→AND			NOT_EVALUATED_consensus_calls_only
ENSG00000137203	TFAP2A	REPRESSED	BIVALENT	REP→BIV			NOT_EVALUATED_consensus_calls_only
ENSG00000137218	FRS3	SIMPLE_AND	INCONSISTENT	AND→INC			NOT_EVALUATED_consensus_calls_only
ENSG00000137265	IRF4	SIMPLE_AND	REPRESSED	AND→REP			NOT_EVALUATED_consensus_calls_only
ENSG00000137266	SLC22A23	BIVALENT	INCONSISTENT	BIV→INC			NOT_EVALUATED_consensus_calls_only
ENSG00000137269	LRRC1	BIVALENT	REPRESSED	BIV→REP			NOT_EVALUATED_consensus_calls_only
ENSG00000137275	RIPK1	SIMPLE_OR	SIMPLE_AND	OR→AND			NOT_EVALUATED_consensus_calls_only
ENSG00000137285	TUBB2B	REPRESSED	BIVALENT	REP→BIV			NOT_EVALUATED_consensus_calls_only
ENSG00000137331	IER3	SIMPLE_AND	INCONSISTENT	AND→INC			NOT_EVALUATED_consensus_calls_only
ENSG00000137338	PGBD1	SIMPLE_OR	INCONSISTENT	OR→INC			NOT_EVALUATED_consensus_calls_only
ENSG00000137343	ATAT1	SIMPLE_AND	INCONSISTENT	AND→INC			NOT_EVALUATED_consensus_calls_only
ENSG00000137449	CPEB2	SIMPLE_AND	INCONSISTENT	AND→INC			NOT_EVALUATED_consensus_calls_only
ENSG00000137460	FHDC1	BIVALENT	INCONSISTENT	BIV→INC			NOT_EVALUATED_consensus_calls_only
ENSG00000137462	TLR2	BIVALENT	REPRESSED	BIV→REP			NOT_EVALUATED_consensus_calls_only
ENSG00000137473	TTC29	BIVALENT	INCONSISTENT	BIV→INC			NOT_EVALUATED_consensus_calls_only
ENSG00000137492	THAP12	SIMPLE_OR	SIMPLE_AND	OR→AND			NOT_EVALUATED_consensus_calls_only
ENSG00000137494	ANKRD42	SIMPLE_AND	INCONSISTENT	AND→INC			NOT_EVALUATED_consensus_calls_only
ENSG00000137496	IL18BP	SIMPLE_AND	INCONSISTENT	AND→INC			NOT_EVALUATED_consensus_calls_only
ENSG00000137501	SYTL2	REPRESSED	BIVALENT	REP→BIV			NOT_EVALUATED_consensus_calls_only
ENSG00000137502	RAB30	SIMPLE_AND	INCONSISTENT	AND→INC			NOT_EVALUATED_consensus_calls_only
ENSG00000137507	LRRC32	BIVALENT	INCONSISTENT	BIV→INC			NOT_EVALUATED_consensus_calls_only
ENSG00000137571	SLCO5A1	SIMPLE_AND	REPRESSED	AND→REP			NOT_EVALUATED_consensus_calls_only
ENSG00000137575	SDCBP	BIVALENT	SIMPLE_AND	BIV→AND			NOT_EVALUATED_consensus_calls_only
ENSG00000137601	NEK1	SIMPLE_AND	INCONSISTENT	AND→INC			NOT_EVALUATED_consensus_calls_only
ENSG00000137628	DDX60	SIMPLE_AND	INCONSISTENT	AND→INC			NOT_EVALUATED_consensus_calls_only
ENSG00000137642	SORL1	SIMPLE_AND	REPRESSED	AND→REP			NOT_EVALUATED_consensus_calls_only
ENSG00000137707	BTG4	REPRESSED	BIVALENT	REP→BIV			NOT_EVALUATED_consensus_calls_only
ENSG00000137714	FDX1	SIMPLE_AND	INCONSISTENT	AND→INC			NOT_EVALUATED_consensus_calls_only
ENSG00000137720	C11orf1	SIMPLE_AND	INCONSISTENT	AND→INC			NOT_EVALUATED_consensus_calls_only
ENSG00000137726	FXYD6	REPRESSED	BIVALENT	REP→BIV			NOT_EVALUATED_consensus_calls_only
ENSG00000137727	ARHGAP20	REPRESSED	INCONSISTENT	REP→INC			NOT_EVALUATED_consensus_calls_only
ENSG00000137760	ALKBH8	SIMPLE_AND	INCONSISTENT	AND→INC			NOT_EVALUATED_consensus_calls_only
ENSG00000137801	THBS1	BIVALENT	COMPLEX	BIV→CPX			NOT_EVALUATED_consensus_calls_only
ENSG00000137802	MAPKBP1	SIMPLE_AND	INCONSISTENT	AND→INC			NOT_EVALUATED_consensus_calls_only
ENSG00000137819	PAQR5	REPRESSED	BIVALENT	REP→BIV			NOT_EVALUATED_consensus_calls_only
ENSG00000137825	ITPKA	BIVALENT	SIMPLE_AND	BIV→AND			NOT_EVALUATED_consensus_calls_only
ENSG00000137834	SMAD6	BIVALENT	SIMPLE_AND	BIV→AND			NOT_EVALUATED_consensus_calls_only
ENSG00000137841	PLCB2	SIMPLE_AND	INCONSISTENT	AND→INC			NOT_EVALUATED_consensus_calls_only
ENSG00000137842	TMEM62	SIMPLE_OR	INCONSISTENT	OR→INC			NOT_EVALUATED_consensus_calls_only
ENSG00000137871	ZNF280D	COMPLEX	INCONSISTENT	CPX→INC			NOT_EVALUATED_consensus_calls_only
ENSG00000137878	GCOM1	REPRESSED	INCONSISTENT	REP→INC			NOT_EVALUATED_consensus_calls_only
ENSG00000137880	GCHFR	SIMPLE_AND	INCONSISTENT	AND→INC			NOT_EVALUATED_consensus_calls_only
ENSG00000137936	BCAR3	SIMPLE_AND	INCONSISTENT	AND→INC			NOT_EVALUATED_consensus_calls_only
ENSG00000137942	FNBP1L	BIVALENT	INCONSISTENT	BIV→INC			NOT_EVALUATED_consensus_calls_only
ENSG00000137992	DBT	SIMPLE_AND	INCONSISTENT	AND→INC			NOT_EVALUATED_consensus_calls_only
ENSG00000137996	RTCA	SIMPLE_AND	COMPLEX	AND→CPX			NOT_EVALUATED_consensus_calls_only
ENSG00000138002	IFT172	SIMPLE_OR	SIMPLE_AND	OR→AND			NOT_EVALUATED_consensus_calls_only
ENSG00000138029	HADHB	COMPLEX	SIMPLE_AND	CPX→AND			NOT_EVALUATED_consensus_calls_only
ENSG00000138030	KHK	SIMPLE_AND	INCONSISTENT	AND→INC			NOT_EVALUATED_consensus_calls_only
ENSG00000138050	THUMPD2	SIMPLE_AND	INCONSISTENT	AND→INC			NOT_EVALUATED_consensus_calls_only
ENSG00000138101	DTNB	SIMPLE_OR	BIVALENT	OR→BIV			NOT_EVALUATED_consensus_calls_only
ENSG00000138111	MFSD13A	SIMPLE_OR	INCONSISTENT	OR→INC			NOT_EVALUATED_consensus_calls_only
ENSG00000138131	LOXL4	REPRESSED	INCONSISTENT	REP→INC			NOT_EVALUATED_consensus_calls_only
ENSG00000138135	CH25H	BIVALENT	REPRESSED	BIV→REP			NOT_EVALUATED_consensus_calls_only
ENSG00000138175	ARL3	SIMPLE_AND	INCONSISTENT	AND→INC			NOT_EVALUATED_consensus_calls_only
ENSG00000138180	CEP55	SIMPLE_AND	INCONSISTENT	AND→INC			NOT_EVALUATED_consensus_calls_only
ENSG00000138231	DBR1	SIMPLE_AND	INCONSISTENT	AND→INC			NOT_EVALUATED_consensus_calls_only
ENSG00000138286	FAM149B1	SIMPLE_AND	INCONSISTENT	AND→INC			NOT_EVALUATED_consensus_calls_only
ENSG00000138336	TET1	SIMPLE_OR	SIMPLE_AND	OR→AND			NOT_EVALUATED_consensus_calls_only
ENSG00000138380	CARF	SIMPLE_AND	INCONSISTENT	AND→INC			NOT_EVALUATED_consensus_calls_only
ENSG00000138398	PPIG	SIMPLE_AND	COMPLEX	AND→CPX			NOT_EVALUATED_consensus_calls_only
ENSG00000138433	CIR1	SIMPLE_AND	INCONSISTENT	AND→INC			NOT_EVALUATED_consensus_calls_only
ENSG00000138439	FAM117B	SIMPLE_AND	INCONSISTENT	AND→INC			NOT_EVALUATED_consensus_calls_only
ENSG00000138449	SLC40A1	REPRESSED	SIMPLE_AND	REP→AND			NOT_EVALUATED_consensus_calls_only
ENSG00000138463	SLC49A4	SIMPLE_AND	INCONSISTENT	AND→INC			NOT_EVALUATED_consensus_calls_only
ENSG00000138468	SENP7	SIMPLE_AND	INCONSISTENT	AND→INC			NOT_EVALUATED_consensus_calls_only
ENSG00000138495	COX17	SIMPLE_AND	INCONSISTENT	AND→INC			NOT_EVALUATED_consensus_calls_only
ENSG00000138496	PARP9	SIMPLE_AND	INCONSISTENT	AND→INC			NOT_EVALUATED_consensus_calls_only
ENSG00000138593	SECISBP2L	SIMPLE_AND	INCONSISTENT	AND→INC			NOT_EVALUATED_consensus_calls_only
ENSG00000138604	GLCE	BIVALENT	INCONSISTENT	BIV→INC			NOT_EVALUATED_consensus_calls_only
ENSG00000138606	SHF	SIMPLE_AND	INCONSISTENT	AND→INC			NOT_EVALUATED_consensus_calls_only
ENSG00000138613	APH1B	SIMPLE_AND	INCONSISTENT	AND→INC			NOT_EVALUATED_consensus_calls_only
ENSG00000138621	PPCDC	SIMPLE_AND	INCONSISTENT	AND→INC			NOT_EVALUATED_consensus_calls_only
ENSG00000138623	SEMA7A	SIMPLE_AND	INCONSISTENT	AND→INC			NOT_EVALUATED_consensus_calls_only
ENSG00000138639	ARHGAP24	SIMPLE_AND	INCONSISTENT	AND→INC			NOT_EVALUATED_consensus_calls_only
ENSG00000138640	FAM13A	SIMPLE_AND	BIVALENT	AND→BIV			NOT_EVALUATED_consensus_calls_only
ENSG00000138641	HERC3	BIVALENT	INCONSISTENT	BIV→INC			NOT_EVALUATED_consensus_calls_only
ENSG00000138642	HERC6	SIMPLE_AND	INCONSISTENT	AND→INC			NOT_EVALUATED_consensus_calls_only
ENSG00000138675	FGF5	BIVALENT	INCONSISTENT	BIV→INC			NOT_EVALUATED_consensus_calls_only
ENSG00000138678	GPAT3	SIMPLE_OR	INCONSISTENT	OR→INC			NOT_EVALUATED_consensus_calls_only
ENSG00000138686	BBS7	SIMPLE_OR	INCONSISTENT	OR→INC			NOT_EVALUATED_consensus_calls_only
ENSG00000138735	PDE5A	BIVALENT	INCONSISTENT	BIV→INC			NOT_EVALUATED_consensus_calls_only
ENSG00000138764	CCNG2	SIMPLE_AND	INCONSISTENT	AND→INC			NOT_EVALUATED_consensus_calls_only
ENSG00000138772	ANXA3	BIVALENT	INCONSISTENT	BIV→INC			NOT_EVALUATED_consensus_calls_only
ENSG00000138780	GSTCD	COMPLEX	SIMPLE_AND	CPX→AND			NOT_EVALUATED_consensus_calls_only
ENSG00000138795	LEF1	BIVALENT	SIMPLE_AND	BIV→AND			NOT_EVALUATED_consensus_calls_only
ENSG00000138814	PPP3CA	SIMPLE_AND	INCONSISTENT	AND→INC			NOT_EVALUATED_consensus_calls_only
ENSG00000138834	MAPK8IP3	SIMPLE_AND	INCONSISTENT	AND→INC			NOT_EVALUATED_consensus_calls_only
ENSG00000138942	RNF185	SIMPLE_AND	INCONSISTENT	AND→INC			NOT_EVALUATED_consensus_calls_only
ENSG00000139083	ETV6	SIMPLE_AND	INCONSISTENT	AND→INC			NOT_EVALUATED_consensus_calls_only
ENSG00000139112	GABARAPL1	SIMPLE_AND	INCONSISTENT	AND→INC			NOT_EVALUATED_consensus_calls_only
ENSG00000139117	CPNE8	SIMPLE_AND	INCONSISTENT	AND→INC			NOT_EVALUATED_consensus_calls_only
ENSG00000139173	TMEM117	SIMPLE_AND	INCONSISTENT	AND→INC			NOT_EVALUATED_consensus_calls_only
ENSG00000139182	CLSTN3	SIMPLE_OR	SIMPLE_AND	OR→AND			NOT_EVALUATED_consensus_calls_only
ENSG00000139187	KLRG1	SIMPLE_AND	INCONSISTENT	AND→INC			NOT_EVALUATED_consensus_calls_only
ENSG00000139190	VAMP1	SIMPLE_AND	INCONSISTENT	AND→INC			NOT_EVALUATED_consensus_calls_only
ENSG00000139192	TAPBPL	SIMPLE_AND	INCONSISTENT	AND→INC			NOT_EVALUATED_consensus_calls_only
ENSG00000139194	RBP5	INCONSISTENT	SIMPLE_AND	INC→AND			NOT_EVALUATED_consensus_calls_only
ENSG00000139200	PIANP	REPRESSED	BIVALENT	REP→BIV			NOT_EVALUATED_consensus_calls_only
ENSG00000139211	AMIGO2	BIVALENT	INCONSISTENT	BIV→INC			NOT_EVALUATED_consensus_calls_only
ENSG00000139233	LLPH	COMPLEX	INCONSISTENT	CPX→INC			NOT_EVALUATED_consensus_calls_only
ENSG00000139266	MARCHF9	SIMPLE_AND	INCONSISTENT	AND→INC			NOT_EVALUATED_consensus_calls_only
ENSG00000139278	GLIPR1	SIMPLE_AND	COMPLEX	AND→CPX			NOT_EVALUATED_consensus_calls_only
ENSG00000139289	PHLDA1	SIMPLE_AND	INCONSISTENT	AND→INC			NOT_EVALUATED_consensus_calls_only
ENSG00000139291	TMEM19	COMPLEX	SIMPLE_AND	CPX→AND			NOT_EVALUATED_consensus_calls_only
ENSG00000139292	LGR5	REPRESSED	BIVALENT	REP→BIV			NOT_EVALUATED_consensus_calls_only
ENSG00000139354	GAS2L3	SIMPLE_OR	INCONSISTENT	OR→INC			NOT_EVALUATED_consensus_calls_only
ENSG00000139364	TMEM132B	REPRESSED	BIVALENT	REP→BIV			NOT_EVALUATED_consensus_calls_only
ENSG00000139433	GLTP	SIMPLE_AND	SIMPLE_OR	AND→OR			NOT_EVALUATED_consensus_calls_only
ENSG00000139437	TCHP	SIMPLE_AND	INCONSISTENT	AND→INC			NOT_EVALUATED_consensus_calls_only
ENSG00000139438	FAM222A	BIVALENT	INCONSISTENT	BIV→INC			NOT_EVALUATED_consensus_calls_only
ENSG00000139445	FOXN4	REPRESSED	BIVALENT	REP→BIV			NOT_EVALUATED_consensus_calls_only
ENSG00000139505	MTMR6	SIMPLE_AND	INCONSISTENT	AND→INC			NOT_EVALUATED_consensus_calls_only
ENSG00000139508	SLC46A3	SIMPLE_AND	INCONSISTENT	AND→INC			NOT_EVALUATED_consensus_calls_only
ENSG00000139517	LNX2	SIMPLE_AND	INCONSISTENT	AND→INC			NOT_EVALUATED_consensus_calls_only
ENSG00000139549	DHH	REPRESSED	INCONSISTENT	REP→INC			NOT_EVALUATED_consensus_calls_only
ENSG00000139567	ACVRL1	REPRESSED	INCONSISTENT	REP→INC			NOT_EVALUATED_consensus_calls_only
ENSG00000139618	BRCA2	SIMPLE_AND	INCONSISTENT	AND→INC			NOT_EVALUATED_consensus_calls_only
ENSG00000139625	MAP3K12	SIMPLE_AND	INCONSISTENT	AND→INC			NOT_EVALUATED_consensus_calls_only
ENSG00000139629	GALNT6	SIMPLE_AND	INCONSISTENT	AND→INC			NOT_EVALUATED_consensus_calls_only
ENSG00000139631	CSAD	SIMPLE_AND	INCONSISTENT	AND→INC			NOT_EVALUATED_consensus_calls_only
ENSG00000139637	MYG1	SIMPLE_AND	INCONSISTENT	AND→INC			NOT_EVALUATED_consensus_calls_only
ENSG00000139651	ZNF740	SIMPLE_AND	INCONSISTENT	AND→INC			NOT_EVALUATED_consensus_calls_only
ENSG00000139668	WDFY2	SIMPLE_AND	INCONSISTENT	AND→INC			NOT_EVALUATED_consensus_calls_only
ENSG00000139687	RB1	SIMPLE_AND	INCONSISTENT	AND→INC			NOT_EVALUATED_consensus_calls_only
ENSG00000139718	SETD1B	SIMPLE_AND	INCONSISTENT	AND→INC			NOT_EVALUATED_consensus_calls_only
ENSG00000139725	RHOF	SIMPLE_AND	INCONSISTENT	AND→INC			NOT_EVALUATED_consensus_calls_only
ENSG00000139737	SLAIN1	SIMPLE_AND	BIVALENT	AND→BIV			NOT_EVALUATED_consensus_calls_only
ENSG00000139800	ZIC5	REPRESSED	INCONSISTENT	REP→INC			NOT_EVALUATED_consensus_calls_only
ENSG00000139826	ABHD13	SIMPLE_AND	INCONSISTENT	AND→INC			NOT_EVALUATED_consensus_calls_only
ENSG00000139832	RAB20	SIMPLE_AND	INCONSISTENT	AND→INC			NOT_EVALUATED_consensus_calls_only
ENSG00000139880	CDH24	SIMPLE_OR	INCONSISTENT	OR→INC			NOT_EVALUATED_consensus_calls_only
ENSG00000139899	CBLN3	SIMPLE_AND	INCONSISTENT	AND→INC			NOT_EVALUATED_consensus_calls_only
ENSG00000139946	PELI2	BIVALENT	INCONSISTENT	BIV→INC			NOT_EVALUATED_consensus_calls_only
ENSG00000139971	ARMH4	COMPLEX	INCONSISTENT	CPX→INC			NOT_EVALUATED_consensus_calls_only
ENSG00000139974	SLC38A6	SIMPLE_AND	INCONSISTENT	AND→INC			NOT_EVALUATED_consensus_calls_only
ENSG00000139977	NAA30	SIMPLE_AND	INCONSISTENT	AND→INC			NOT_EVALUATED_consensus_calls_only
ENSG00000139990	DCAF5	SIMPLE_AND	INCONSISTENT	AND→INC			NOT_EVALUATED_consensus_calls_only
ENSG00000139998	RAB15	BIVALENT	INCONSISTENT	BIV→INC			NOT_EVALUATED_consensus_calls_only
ENSG00000140006	WDR89	SIMPLE_AND	INCONSISTENT	AND→INC			NOT_EVALUATED_consensus_calls_only
ENSG00000140009	ESR2	SIMPLE_AND	INCONSISTENT	AND→INC			NOT_EVALUATED_consensus_calls_only
ENSG00000140022	STON2	REPRESSED	SIMPLE_AND	REP→AND			NOT_EVALUATED_consensus_calls_only
ENSG00000140025	EFCAB11	SIMPLE_AND	INCONSISTENT	AND→INC			NOT_EVALUATED_consensus_calls_only
ENSG00000140043	PTGR2	SIMPLE_AND	INCONSISTENT	AND→INC			NOT_EVALUATED_consensus_calls_only
ENSG00000140044	JDP2	SIMPLE_AND	INCONSISTENT	AND→INC			NOT_EVALUATED_consensus_calls_only
ENSG00000140057	AK7	SIMPLE_OR	INCONSISTENT	OR→INC			NOT_EVALUATED_consensus_calls_only
ENSG00000140092	FBLN5	REPRESSED	BIVALENT	REP→BIV			NOT_EVALUATED_consensus_calls_only
ENSG00000140104	CLBA1	SIMPLE_OR	INCONSISTENT	OR→INC			NOT_EVALUATED_consensus_calls_only
ENSG00000140265	ZSCAN29	SIMPLE_AND	INCONSISTENT	AND→INC			NOT_EVALUATED_consensus_calls_only
ENSG00000140280	LYSMD2	SIMPLE_OR	INCONSISTENT	OR→INC			NOT_EVALUATED_consensus_calls_only
ENSG00000140284	SLC27A2	BIVALENT	SIMPLE_AND	BIV→AND			NOT_EVALUATED_consensus_calls_only
ENSG00000140320	BAHD1	BIVALENT	SIMPLE_AND	BIV→AND			NOT_EVALUATED_consensus_calls_only
ENSG00000140323	DISP2	BIVALENT	INCONSISTENT	BIV→INC			NOT_EVALUATED_consensus_calls_only
ENSG00000140367	UBE2Q2	SIMPLE_AND	INCONSISTENT	AND→INC			NOT_EVALUATED_consensus_calls_only
ENSG00000140386	SCAPER	SIMPLE_AND	INCONSISTENT	AND→INC			NOT_EVALUATED_consensus_calls_only
ENSG00000140396	NCOA2	SIMPLE_AND	INCONSISTENT	AND→INC			NOT_EVALUATED_consensus_calls_only
ENSG00000140398	NEIL1	BIVALENT	INCONSISTENT	BIV→INC			NOT_EVALUATED_consensus_calls_only
ENSG00000140403	DNAJA4	SIMPLE_OR	INCONSISTENT	OR→INC			NOT_EVALUATED_consensus_calls_only
ENSG00000140406	TLNRD1	COMPLEX	SIMPLE_AND	CPX→AND			NOT_EVALUATED_consensus_calls_only
ENSG00000140416	TPM1	REPRESSED	BIVALENT	REP→BIV			NOT_EVALUATED_consensus_calls_only
ENSG00000140443	IGF1R	BIVALENT	INCONSISTENT	BIV→INC			NOT_EVALUATED_consensus_calls_only
ENSG00000140451	PIF1	SIMPLE_AND	INCONSISTENT	AND→INC			NOT_EVALUATED_consensus_calls_only
ENSG00000140519	RHCG	REPRESSED	BIVALENT	REP→BIV			NOT_EVALUATED_consensus_calls_only
ENSG00000140527	WDR93	INCONSISTENT	REPRESSED	INC→REP			NOT_EVALUATED_consensus_calls_only
ENSG00000140543	DET1	COMPLEX	INCONSISTENT	CPX→INC			NOT_EVALUATED_consensus_calls_only
ENSG00000140545	MFGE8	SIMPLE_OR	SIMPLE_AND	OR→AND			NOT_EVALUATED_consensus_calls_only
ENSG00000140548	ZNF710	SIMPLE_AND	INCONSISTENT	AND→INC			NOT_EVALUATED_consensus_calls_only
ENSG00000140600	SH3GL3	REPRESSED	INCONSISTENT	REP→INC			NOT_EVALUATED_consensus_calls_only
ENSG00000140691	ARMC5	SIMPLE_AND	INCONSISTENT	AND→INC			NOT_EVALUATED_consensus_calls_only
ENSG00000140718	FTO	SIMPLE_OR	SIMPLE_AND	OR→AND			NOT_EVALUATED_consensus_calls_only
ENSG00000140848	CPNE2	BIVALENT	INCONSISTENT	BIV→INC			NOT_EVALUATED_consensus_calls_only
ENSG00000140853	NLRC5	SIMPLE_AND	BIVALENT	AND→BIV			NOT_EVALUATED_consensus_calls_only
ENSG00000140931	CMTM3	BIVALENT	SIMPLE_AND	BIV→AND			NOT_EVALUATED_consensus_calls_only
ENSG00000140939	NOL3	SIMPLE_AND	INCONSISTENT	AND→INC			NOT_EVALUATED_consensus_calls_only
ENSG00000140948	ZCCHC14	BIVALENT	INCONSISTENT	BIV→INC			NOT_EVALUATED_consensus_calls_only
ENSG00000140968	IRF8	SIMPLE_AND	REPRESSED	AND→REP			NOT_EVALUATED_consensus_calls_only
ENSG00000140983	RHOT2	COMPLEX	SIMPLE_AND	CPX→AND			NOT_EVALUATED_consensus_calls_only
ENSG00000140987	ZSCAN32	COMPLEX	INCONSISTENT	CPX→INC			NOT_EVALUATED_consensus_calls_only
ENSG00000140995	DEF8	SIMPLE_AND	SIMPLE_OR	AND→OR			NOT_EVALUATED_consensus_calls_only
ENSG00000141002	TCF25	COMPLEX	SIMPLE_AND	CPX→AND			NOT_EVALUATED_consensus_calls_only
ENSG00000141012	GALNS	SIMPLE_AND	INCONSISTENT	AND→INC			NOT_EVALUATED_consensus_calls_only
ENSG00000141013	GAS8	BIVALENT	INCONSISTENT	BIV→INC			NOT_EVALUATED_consensus_calls_only
ENSG00000141026	MED9	SIMPLE_AND	INCONSISTENT	AND→INC			NOT_EVALUATED_consensus_calls_only
ENSG00000141034	GID4	SIMPLE_AND	INCONSISTENT	AND→INC			NOT_EVALUATED_consensus_calls_only
ENSG00000141040	ZNF287	SIMPLE_OR	INCONSISTENT	OR→INC			NOT_EVALUATED_consensus_calls_only
ENSG00000141076	UTP4	COMPLEX	SIMPLE_AND	CPX→AND			NOT_EVALUATED_consensus_calls_only
ENSG00000141198	TOM1L1	INCONSISTENT	SIMPLE_AND	INC→AND			NOT_EVALUATED_consensus_calls_only
ENSG00000141258	SGSM2	SIMPLE_AND	INCONSISTENT	AND→INC			NOT_EVALUATED_consensus_calls_only
ENSG00000141295	SCRN2	SIMPLE_AND	INCONSISTENT	AND→INC			NOT_EVALUATED_consensus_calls_only
ENSG00000141376	BCAS3	SIMPLE_AND	INCONSISTENT	AND→INC			NOT_EVALUATED_consensus_calls_only
ENSG00000141391	PRELID3A	BIVALENT	INCONSISTENT	BIV→INC			NOT_EVALUATED_consensus_calls_only
ENSG00000141424	SLC39A6	SIMPLE_AND	INCONSISTENT	AND→INC			NOT_EVALUATED_consensus_calls_only
ENSG00000141429	GALNT1	SIMPLE_AND	BIVALENT	AND→BIV			NOT_EVALUATED_consensus_calls_only
ENSG00000141448	GATA6	REPRESSED	BIVALENT	REP→BIV			NOT_EVALUATED_consensus_calls_only
ENSG00000141480	ARRB2	SIMPLE_AND	INCONSISTENT	AND→INC			NOT_EVALUATED_consensus_calls_only
ENSG00000141485	SLC13A5	REPRESSED	INCONSISTENT	REP→INC			NOT_EVALUATED_consensus_calls_only
ENSG00000141504	SAT2	SIMPLE_AND	INCONSISTENT	AND→INC			NOT_EVALUATED_consensus_calls_only
ENSG00000141510	TP53	SIMPLE_AND	INCONSISTENT	AND→INC			NOT_EVALUATED_consensus_calls_only
ENSG00000141519	CCDC40	BIVALENT	INCONSISTENT	BIV→INC			NOT_EVALUATED_consensus_calls_only
ENSG00000141524	TMC6	SIMPLE_AND	SIMPLE_OR	AND→OR			NOT_EVALUATED_consensus_calls_only
ENSG00000141526	SLC16A3	SIMPLE_OR	INCONSISTENT	OR→INC			NOT_EVALUATED_consensus_calls_only
ENSG00000141540	TTYH2	SIMPLE_AND	INCONSISTENT	AND→INC			NOT_EVALUATED_consensus_calls_only
ENSG00000141542	RAB40B	SIMPLE_OR	INCONSISTENT	OR→INC			NOT_EVALUATED_consensus_calls_only
ENSG00000141570	CBX8	BIVALENT	INCONSISTENT	BIV→INC			NOT_EVALUATED_consensus_calls_only
ENSG00000141574	SECTM1	BIVALENT	INCONSISTENT	BIV→INC			NOT_EVALUATED_consensus_calls_only
ENSG00000141576	RNF157	SIMPLE_OR	SIMPLE_AND	OR→AND			NOT_EVALUATED_consensus_calls_only
ENSG00000141577	CEP131	SIMPLE_OR	INCONSISTENT	OR→INC			NOT_EVALUATED_consensus_calls_only
ENSG00000141582	CBX4	BIVALENT	SIMPLE_AND	BIV→AND			NOT_EVALUATED_consensus_calls_only
ENSG00000141639	MAPK4	REPRESSED	BIVALENT	REP→BIV			NOT_EVALUATED_consensus_calls_only
ENSG00000141642	ELAC1	SIMPLE_AND	INCONSISTENT	AND→INC			NOT_EVALUATED_consensus_calls_only
ENSG00000141682	PMAIP1	SIMPLE_AND	INCONSISTENT	AND→INC			NOT_EVALUATED_consensus_calls_only
ENSG00000141696	P3H4	BIVALENT	INCONSISTENT	BIV→INC			NOT_EVALUATED_consensus_calls_only
ENSG00000141736	ERBB2	SIMPLE_AND	INCONSISTENT	AND→INC			NOT_EVALUATED_consensus_calls_only
ENSG00000141744	PNMT	REPRESSED	INCONSISTENT	REP→INC			NOT_EVALUATED_consensus_calls_only
ENSG00000141750	STAC2	REPRESSED	INCONSISTENT	REP→INC			NOT_EVALUATED_consensus_calls_only
ENSG00000141756	FKBP10	BIVALENT	INCONSISTENT	BIV→INC			NOT_EVALUATED_consensus_calls_only
ENSG00000141854	MISP3	SIMPLE_OR	INCONSISTENT	OR→INC			NOT_EVALUATED_consensus_calls_only
ENSG00000141933	TPGS1	SIMPLE_AND	INCONSISTENT	AND→INC			NOT_EVALUATED_consensus_calls_only
ENSG00000141968	VAV1	SIMPLE_AND	INCONSISTENT	AND→INC			NOT_EVALUATED_consensus_calls_only
ENSG00000142039	CCDC97	SIMPLE_AND	INCONSISTENT	AND→INC			NOT_EVALUATED_consensus_calls_only
ENSG00000142046	TMEM91	SIMPLE_AND	INCONSISTENT	AND→INC			NOT_EVALUATED_consensus_calls_only
ENSG00000142065	ZFP14	SIMPLE_AND	COMPLEX	AND→CPX			NOT_EVALUATED_consensus_calls_only
ENSG00000142082	SIRT3	SIMPLE_AND	INCONSISTENT	AND→INC			NOT_EVALUATED_consensus_calls_only
ENSG00000142089	IFITM3	INCONSISTENT	SIMPLE_AND	INC→AND			NOT_EVALUATED_consensus_calls_only
ENSG00000142102	PGGHG	BIVALENT	INCONSISTENT	BIV→INC			NOT_EVALUATED_consensus_calls_only
ENSG00000142149	HUNK	REPRESSED	BIVALENT	REP→BIV			NOT_EVALUATED_consensus_calls_only
ENSG00000142156	COL6A1	REPRESSED	INCONSISTENT	REP→INC			NOT_EVALUATED_consensus_calls_only
ENSG00000142188	TMEM50B	SIMPLE_AND	INCONSISTENT	AND→INC			NOT_EVALUATED_consensus_calls_only
ENSG00000142197	DOP1B	SIMPLE_AND	INCONSISTENT	AND→INC			NOT_EVALUATED_consensus_calls_only
ENSG00000142224	IL19	INCONSISTENT	REPRESSED	INC→REP			NOT_EVALUATED_consensus_calls_only
ENSG00000142303	ADAMTS10	COMPLEX	INCONSISTENT	CPX→INC			NOT_EVALUATED_consensus_calls_only
ENSG00000142330	CAPN10	SIMPLE_AND	INCONSISTENT	AND→INC			NOT_EVALUATED_consensus_calls_only
ENSG00000142347	MYO1F	SIMPLE_OR	INCONSISTENT	OR→INC			NOT_EVALUATED_consensus_calls_only
ENSG00000142444	TIMM29	SIMPLE_AND	INCONSISTENT	AND→INC			NOT_EVALUATED_consensus_calls_only
ENSG00000142449	FBN3	REPRESSED	BIVALENT	REP→BIV			NOT_EVALUATED_consensus_calls_only
ENSG00000142459	EVI5L	SIMPLE_AND	BIVALENT	AND→BIV			NOT_EVALUATED_consensus_calls_only
ENSG00000142538	PTH2	REPRESSED	INCONSISTENT	REP→INC			NOT_EVALUATED_consensus_calls_only
ENSG00000142544	CTU1	SIMPLE_AND	INCONSISTENT	AND→INC			NOT_EVALUATED_consensus_calls_only
ENSG00000142556	ZNF614	SIMPLE_AND	COMPLEX	AND→CPX			NOT_EVALUATED_consensus_calls_only
ENSG00000142627	EPHA2	REPRESSED	INCONSISTENT	REP→INC			NOT_EVALUATED_consensus_calls_only
ENSG00000142733	MAP3K6	SIMPLE_OR	INCONSISTENT	OR→INC			NOT_EVALUATED_consensus_calls_only
ENSG00000142765	SYTL1	SIMPLE_AND	INCONSISTENT	AND→INC			NOT_EVALUATED_consensus_calls_only
ENSG00000142794	NBPF3	SIMPLE_OR	INCONSISTENT	OR→INC			NOT_EVALUATED_consensus_calls_only
ENSG00000142798	HSPG2	SIMPLE_OR	SIMPLE_AND	OR→AND			NOT_EVALUATED_consensus_calls_only
ENSG00000142856	ITGB3BP	SIMPLE_AND	BIVALENT	AND→BIV			NOT_EVALUATED_consensus_calls_only
ENSG00000142867	BCL10	SIMPLE_AND	INCONSISTENT	AND→INC			NOT_EVALUATED_consensus_calls_only
ENSG00000142871	CCN1	REPRESSED	INCONSISTENT	REP→INC			NOT_EVALUATED_consensus_calls_only
ENSG00000142910	TINAGL1	REPRESSED	INCONSISTENT	REP→INC			NOT_EVALUATED_consensus_calls_only
ENSG00000142961	MOB3C	SIMPLE_AND	INCONSISTENT	AND→INC			NOT_EVALUATED_consensus_calls_only
ENSG00000143013	LMO4	SIMPLE_AND	INCONSISTENT	AND→INC			NOT_EVALUATED_consensus_calls_only
ENSG00000143032	BARHL2	REPRESSED	BIVALENT	REP→BIV			NOT_EVALUATED_consensus_calls_only
ENSG00000143061	IGSF3	BIVALENT	SIMPLE_AND	BIV→AND			NOT_EVALUATED_consensus_calls_only
ENSG00000143067	ZNF697	INCONSISTENT	BIVALENT	INC→BIV			NOT_EVALUATED_consensus_calls_only
ENSG00000143079	CTTNBP2NL	SIMPLE_AND	INCONSISTENT	AND→INC			NOT_EVALUATED_consensus_calls_only
ENSG00000143126	CELSR2	BIVALENT	SIMPLE_AND	BIV→AND			NOT_EVALUATED_consensus_calls_only
ENSG00000143147	GPR161	BIVALENT	INCONSISTENT	BIV→INC			NOT_EVALUATED_consensus_calls_only
ENSG00000143194	MAEL	INCONSISTENT	BIVALENT	INC→BIV			NOT_EVALUATED_consensus_calls_only
ENSG00000143195	ILDR2	INCONSISTENT	BIVALENT	INC→BIV			NOT_EVALUATED_consensus_calls_only
ENSG00000143248	RGS5	SIMPLE_AND	INCONSISTENT	AND→INC			NOT_EVALUATED_consensus_calls_only
ENSG00000143315	PIGM	SIMPLE_AND	INCONSISTENT	AND→INC			NOT_EVALUATED_consensus_calls_only
ENSG00000143320	CRABP2	BIVALENT	INCONSISTENT	BIV→INC			NOT_EVALUATED_consensus_calls_only
ENSG00000143333	RGS16	SIMPLE_AND	INCONSISTENT	AND→INC			NOT_EVALUATED_consensus_calls_only
ENSG00000143341	HMCN1	REPRESSED	INCONSISTENT	REP→INC			NOT_EVALUATED_consensus_calls_only
ENSG00000143344	RGL1	SIMPLE_AND	INCONSISTENT	AND→INC			NOT_EVALUATED_consensus_calls_only
ENSG00000143367	TUFT1	BIVALENT	INCONSISTENT	BIV→INC			NOT_EVALUATED_consensus_calls_only
ENSG00000143375	CGN	BIVALENT	INCONSISTENT	BIV→INC			NOT_EVALUATED_consensus_calls_only
ENSG00000143382	ADAMTSL4	INCONSISTENT	SIMPLE_AND	INC→AND			NOT_EVALUATED_consensus_calls_only
ENSG00000143409	MINDY1	SIMPLE_AND	INCONSISTENT	AND→INC			NOT_EVALUATED_consensus_calls_only
ENSG00000143434	SEMA6C	BIVALENT	INCONSISTENT	BIV→INC			NOT_EVALUATED_consensus_calls_only
ENSG00000143458	GABPB2	SIMPLE_AND	INCONSISTENT	AND→INC			NOT_EVALUATED_consensus_calls_only
ENSG00000143476	DTL	COMPLEX	SIMPLE_AND	CPX→AND			NOT_EVALUATED_consensus_calls_only
ENSG00000143493	INTS7	COMPLEX	SIMPLE_AND	CPX→AND			NOT_EVALUATED_consensus_calls_only
ENSG00000143494	VASH2	SIMPLE_AND	BIVALENT	AND→BIV			NOT_EVALUATED_consensus_calls_only
ENSG00000143507	DUSP10	SIMPLE_AND	INCONSISTENT	AND→INC			NOT_EVALUATED_consensus_calls_only
ENSG00000143514	TP53BP2	COMPLEX	SIMPLE_AND	CPX→AND			NOT_EVALUATED_consensus_calls_only
ENSG00000143553	SNAPIN	SIMPLE_AND	INCONSISTENT	AND→INC			NOT_EVALUATED_consensus_calls_only
ENSG00000143554	SLC27A3	SIMPLE_AND	INCONSISTENT	AND→INC			NOT_EVALUATED_consensus_calls_only
ENSG00000143578	CREB3L4	SIMPLE_AND	INCONSISTENT	AND→INC			NOT_EVALUATED_consensus_calls_only
ENSG00000143590	EFNA3	REPRESSED	INCONSISTENT	REP→INC			NOT_EVALUATED_consensus_calls_only
ENSG00000143603	KCNN3	SIMPLE_AND	BIVALENT	AND→BIV			NOT_EVALUATED_consensus_calls_only
ENSG00000143612	C1orf43	SIMPLE_AND	COMPLEX	AND→CPX			NOT_EVALUATED_consensus_calls_only
ENSG00000143630	HCN3	SIMPLE_OR	INCONSISTENT	OR→INC			NOT_EVALUATED_consensus_calls_only
ENSG00000143643	TTC13	SIMPLE_AND	INCONSISTENT	AND→INC			NOT_EVALUATED_consensus_calls_only
ENSG00000143669	LYST	SIMPLE_AND	REPRESSED	AND→REP			NOT_EVALUATED_consensus_calls_only
ENSG00000143674	MAP3K21	BIVALENT	INCONSISTENT	BIV→INC			NOT_EVALUATED_consensus_calls_only
ENSG00000143702	CEP170	COMPLEX	SIMPLE_AND	CPX→AND			NOT_EVALUATED_consensus_calls_only
ENSG00000143740	SNAP47	COMPLEX	SIMPLE_OR	CPX→OR			NOT_EVALUATED_consensus_calls_only
ENSG00000143776	CDC42BPA	BIVALENT	SIMPLE_AND	BIV→AND			NOT_EVALUATED_consensus_calls_only
ENSG00000143786	CNIH3	COMPLEX	INCONSISTENT	CPX→INC			NOT_EVALUATED_consensus_calls_only
ENSG00000143793	C1orf35	SIMPLE_AND	INCONSISTENT	AND→INC			NOT_EVALUATED_consensus_calls_only
ENSG00000143801	PSEN2	SIMPLE_OR	SIMPLE_AND	OR→AND			NOT_EVALUATED_consensus_calls_only
ENSG00000143816	WNT9A	REPRESSED	INCONSISTENT	REP→INC			NOT_EVALUATED_consensus_calls_only
ENSG00000143842	SOX13	REPRESSED	BIVALENT	REP→BIV			NOT_EVALUATED_consensus_calls_only
ENSG00000143845	ETNK2	REPRESSED	BIVALENT	REP→BIV			NOT_EVALUATED_consensus_calls_only
ENSG00000143847	PPFIA4	SIMPLE_OR	INCONSISTENT	OR→INC			NOT_EVALUATED_consensus_calls_only
ENSG00000143858	SYT2	REPRESSED	BIVALENT	REP→BIV			NOT_EVALUATED_consensus_calls_only
ENSG00000143878	RHOB	BIVALENT	INCONSISTENT	BIV→INC			NOT_EVALUATED_consensus_calls_only
ENSG00000143882	ATP6V1C2	BIVALENT	REPRESSED	BIV→REP			NOT_EVALUATED_consensus_calls_only
ENSG00000143889	HNRNPLL	BIVALENT	SIMPLE_AND	BIV→AND			NOT_EVALUATED_consensus_calls_only
ENSG00000143919	CAMKMT	SIMPLE_AND	INCONSISTENT	AND→INC			NOT_EVALUATED_consensus_calls_only
ENSG00000143971	ETAA1	SIMPLE_AND	INCONSISTENT	AND→INC			NOT_EVALUATED_consensus_calls_only
ENSG00000143995	MEIS1	BIVALENT	INCONSISTENT	BIV→INC			NOT_EVALUATED_consensus_calls_only
ENSG00000144026	ZNF514	SIMPLE_AND	INCONSISTENT	AND→INC			NOT_EVALUATED_consensus_calls_only
ENSG00000144034	TPRKB	SIMPLE_AND	COMPLEX	AND→CPX			NOT_EVALUATED_consensus_calls_only
ENSG00000144036	EXOC6B	SIMPLE_OR	INCONSISTENT	OR→INC			NOT_EVALUATED_consensus_calls_only
ENSG00000144048	DUSP11	SIMPLE_AND	INCONSISTENT	AND→INC			NOT_EVALUATED_consensus_calls_only
ENSG00000144061	NPHP1	SIMPLE_OR	INCONSISTENT	OR→INC			NOT_EVALUATED_consensus_calls_only
ENSG00000144134	RABL2A	SIMPLE_AND	INCONSISTENT	AND→INC			NOT_EVALUATED_consensus_calls_only
ENSG00000144161	ZC3H8	SIMPLE_AND	INCONSISTENT	AND→INC			NOT_EVALUATED_consensus_calls_only
ENSG00000144182	LIPT1	SIMPLE_AND	INCONSISTENT	AND→INC			NOT_EVALUATED_consensus_calls_only
ENSG00000144228	SPOPL	SIMPLE_AND	INCONSISTENT	AND→INC			NOT_EVALUATED_consensus_calls_only
ENSG00000144233	AMMECR1L	SIMPLE_AND	INCONSISTENT	AND→INC			NOT_EVALUATED_consensus_calls_only
ENSG00000144306	SCRN3	SIMPLE_AND	INCONSISTENT	AND→INC			NOT_EVALUATED_consensus_calls_only
ENSG00000144339	TMEFF2	REPRESSED	INCONSISTENT	REP→INC			NOT_EVALUATED_consensus_calls_only
ENSG00000144355	DLX1	BIVALENT	INCONSISTENT	BIV→INC			NOT_EVALUATED_consensus_calls_only
ENSG00000144362	PHOSPHO2	SIMPLE_AND	INCONSISTENT	AND→INC			NOT_EVALUATED_consensus_calls_only
ENSG00000144366	GULP1	REPRESSED	SIMPLE_AND	REP→AND			NOT_EVALUATED_consensus_calls_only
ENSG00000144369	FAM171B	SIMPLE_OR	BIVALENT	OR→BIV			NOT_EVALUATED_consensus_calls_only
ENSG00000144395	CCDC150	SIMPLE_AND	INCONSISTENT	AND→INC			NOT_EVALUATED_consensus_calls_only
ENSG00000144445	KANSL1L	SIMPLE_AND	INCONSISTENT	AND→INC			NOT_EVALUATED_consensus_calls_only
ENSG00000144451	SPAG16	SIMPLE_AND	INCONSISTENT	AND→INC			NOT_EVALUATED_consensus_calls_only
ENSG00000144455	SUMF1	COMPLEX	INCONSISTENT	CPX→INC			NOT_EVALUATED_consensus_calls_only
ENSG00000144485	HES6	INCONSISTENT	SIMPLE_AND	INC→AND			NOT_EVALUATED_consensus_calls_only
ENSG00000144535	DIS3L2	SIMPLE_AND	INCONSISTENT	AND→INC			NOT_EVALUATED_consensus_calls_only
ENSG00000144566	RAB5A	COMPLEX	SIMPLE_AND	CPX→AND			NOT_EVALUATED_consensus_calls_only
ENSG00000144591	GMPPA	BIVALENT	SIMPLE_AND	BIV→AND			NOT_EVALUATED_consensus_calls_only
ENSG00000144635	DYNC1LI1	COMPLEX	SIMPLE_AND	CPX→AND			NOT_EVALUATED_consensus_calls_only
ENSG00000144644	GADL1	REPRESSED	INCONSISTENT	REP→INC			NOT_EVALUATED_consensus_calls_only
ENSG00000144647	POMGNT2	BIVALENT	SIMPLE_AND	BIV→AND			NOT_EVALUATED_consensus_calls_only
ENSG00000144668	ITGA9	REPRESSED	BIVALENT	REP→BIV			NOT_EVALUATED_consensus_calls_only
ENSG00000144677	CTDSPL	REPRESSED	SIMPLE_AND	REP→AND			NOT_EVALUATED_consensus_calls_only
ENSG00000144711	IQSEC1	REPRESSED	SIMPLE_OR	REP→OR			NOT_EVALUATED_consensus_calls_only
ENSG00000144712	CAND2	BIVALENT	INCONSISTENT	BIV→INC			NOT_EVALUATED_consensus_calls_only
ENSG00000144749	LRIG1	SIMPLE_OR	INCONSISTENT	OR→INC			NOT_EVALUATED_consensus_calls_only
ENSG00000144815	NXPE3	SIMPLE_AND	INCONSISTENT	AND→INC			NOT_EVALUATED_consensus_calls_only
ENSG00000144840	RABL3	SIMPLE_AND	INCONSISTENT	AND→INC			NOT_EVALUATED_consensus_calls_only
ENSG00000144843	ADPRH	SIMPLE_AND	INCONSISTENT	AND→INC			NOT_EVALUATED_consensus_calls_only
ENSG00000144909	OSBPL11	SIMPLE_AND	INCONSISTENT	AND→INC			NOT_EVALUATED_consensus_calls_only
ENSG00000144959	NCEH1	SIMPLE_AND	INCONSISTENT	AND→INC			NOT_EVALUATED_consensus_calls_only
ENSG00000145014	TMEM44	SIMPLE_AND	COMPLEX	AND→CPX			NOT_EVALUATED_consensus_calls_only
ENSG00000145016	RUBCN	COMPLEX	SIMPLE_AND	CPX→AND			NOT_EVALUATED_consensus_calls_only
ENSG00000145022	TCTA	SIMPLE_AND	INCONSISTENT	AND→INC			NOT_EVALUATED_consensus_calls_only
ENSG00000145063		REPRESSED	INCONSISTENT	REP→INC			NOT_EVALUATED_consensus_calls_only
ENSG00000145088	EAF2	SIMPLE_AND	INCONSISTENT	AND→INC			NOT_EVALUATED_consensus_calls_only
ENSG00000145103	ILDR1	SIMPLE_AND	INCONSISTENT	AND→INC			NOT_EVALUATED_consensus_calls_only
ENSG00000145214	DGKQ	SIMPLE_AND	INCONSISTENT	AND→INC			NOT_EVALUATED_consensus_calls_only
ENSG00000145246	ATP10D	SIMPLE_AND	INCONSISTENT	AND→INC			NOT_EVALUATED_consensus_calls_only
ENSG00000145248	SLC10A4	REPRESSED	SIMPLE_AND	REP→AND			NOT_EVALUATED_consensus_calls_only
ENSG00000145284	SCD5	SIMPLE_OR	BIVALENT	OR→BIV			NOT_EVALUATED_consensus_calls_only
ENSG00000145331	TRMT10A	SIMPLE_AND	INCONSISTENT	AND→INC			NOT_EVALUATED_consensus_calls_only
ENSG00000145335	SNCA	REPRESSED	INCONSISTENT	REP→INC			NOT_EVALUATED_consensus_calls_only
ENSG00000145349	CAMK2D	SIMPLE_AND	INCONSISTENT	AND→INC			NOT_EVALUATED_consensus_calls_only
ENSG00000145365	TIFA	SIMPLE_AND	INCONSISTENT	AND→INC			NOT_EVALUATED_consensus_calls_only
ENSG00000145388	METTL14	SIMPLE_AND	INCONSISTENT	AND→INC			NOT_EVALUATED_consensus_calls_only
ENSG00000145390	USP53	SIMPLE_AND	INCONSISTENT	AND→INC			NOT_EVALUATED_consensus_calls_only
ENSG00000145439	CBR4	SIMPLE_AND	INCONSISTENT	AND→INC			NOT_EVALUATED_consensus_calls_only
ENSG00000145491	ROPN1L	BIVALENT	INCONSISTENT	BIV→INC			NOT_EVALUATED_consensus_calls_only
ENSG00000145506	NKD2	REPRESSED	BIVALENT	REP→BIV			NOT_EVALUATED_consensus_calls_only
ENSG00000145545	SRD5A1	SIMPLE_AND	INCONSISTENT	AND→INC			NOT_EVALUATED_consensus_calls_only
ENSG00000145569	OTULINL	BIVALENT	INCONSISTENT	BIV→INC			NOT_EVALUATED_consensus_calls_only
ENSG00000145675	PIK3R1	SIMPLE_AND	INCONSISTENT	AND→INC			NOT_EVALUATED_consensus_calls_only
ENSG00000145685	LHFPL2	SIMPLE_OR	INCONSISTENT	OR→INC			NOT_EVALUATED_consensus_calls_only
ENSG00000145715	RASA1	SIMPLE_AND	INCONSISTENT	AND→INC			NOT_EVALUATED_consensus_calls_only
ENSG00000145723	GIN1	SIMPLE_AND	INCONSISTENT	AND→INC			NOT_EVALUATED_consensus_calls_only
ENSG00000145730	PAM	COMPLEX	BIVALENT	CPX→BIV			NOT_EVALUATED_consensus_calls_only
ENSG00000145743	FBXL17	SIMPLE_AND	INCONSISTENT	AND→INC			NOT_EVALUATED_consensus_calls_only
ENSG00000145781	COMMD10	SIMPLE_AND	INCONSISTENT	AND→INC			NOT_EVALUATED_consensus_calls_only
ENSG00000145782	ATG12	COMPLEX	SIMPLE_AND	CPX→AND			NOT_EVALUATED_consensus_calls_only
ENSG00000145819	ARHGAP26	SIMPLE_OR	INCONSISTENT	OR→INC			NOT_EVALUATED_consensus_calls_only
ENSG00000145860	RNF145	COMPLEX	SIMPLE_AND	CPX→AND			NOT_EVALUATED_consensus_calls_only
ENSG00000145882	PCYOX1L	SIMPLE_AND	INCONSISTENT	AND→INC			NOT_EVALUATED_consensus_calls_only
ENSG00000145907	G3BP1	COMPLEX	SIMPLE_AND	CPX→AND			NOT_EVALUATED_consensus_calls_only
ENSG00000145911	N4BP3	SIMPLE_AND	INCONSISTENT	AND→INC			NOT_EVALUATED_consensus_calls_only
ENSG00000145919	BOD1	SIMPLE_AND	INCONSISTENT	AND→INC			NOT_EVALUATED_consensus_calls_only
ENSG00000145990	GFOD1	SIMPLE_AND	INCONSISTENT	AND→INC			NOT_EVALUATED_consensus_calls_only
ENSG00000146013	GFRA3	INCONSISTENT	BIVALENT	INC→BIV			NOT_EVALUATED_consensus_calls_only
ENSG00000146021	KLHL3	SIMPLE_AND	REPRESSED	AND→REP			NOT_EVALUATED_consensus_calls_only
ENSG00000146038	DCDC2	INCONSISTENT	BIVALENT	INC→BIV			NOT_EVALUATED_consensus_calls_only
ENSG00000146072	TNFRSF21	BIVALENT	INCONSISTENT	BIV→INC			NOT_EVALUATED_consensus_calls_only
ENSG00000146094	DOK3	SIMPLE_AND	INCONSISTENT	AND→INC			NOT_EVALUATED_consensus_calls_only
ENSG00000146215	CRIP3	SIMPLE_OR	INCONSISTENT	OR→INC			NOT_EVALUATED_consensus_calls_only
ENSG00000146221	TCTE1	REPRESSED	BIVALENT	REP→BIV			NOT_EVALUATED_consensus_calls_only
ENSG00000146232	NFKBIE	SIMPLE_AND	INCONSISTENT	AND→INC			NOT_EVALUATED_consensus_calls_only
ENSG00000146233	CYP39A1	BIVALENT	INCONSISTENT	BIV→INC			NOT_EVALUATED_consensus_calls_only
ENSG00000146242	TPBG	BIVALENT	INCONSISTENT	BIV→INC			NOT_EVALUATED_consensus_calls_only
ENSG00000146243	IRAK1BP1	SIMPLE_AND	INCONSISTENT	AND→INC			NOT_EVALUATED_consensus_calls_only
ENSG00000146263	MMS22L	COMPLEX	SIMPLE_AND	CPX→AND			NOT_EVALUATED_consensus_calls_only
ENSG00000146281	PM20D2	SIMPLE_AND	BIVALENT	AND→BIV			NOT_EVALUATED_consensus_calls_only
ENSG00000146282	RARS2	SIMPLE_AND	INCONSISTENT	AND→INC			NOT_EVALUATED_consensus_calls_only
ENSG00000146350	TBC1D32	SIMPLE_AND	INCONSISTENT	AND→INC			NOT_EVALUATED_consensus_calls_only
ENSG00000146352	CLVS2	REPRESSED	INCONSISTENT	REP→INC			NOT_EVALUATED_consensus_calls_only
ENSG00000146373	RNF217	INCONSISTENT	SIMPLE_AND	INC→AND			NOT_EVALUATED_consensus_calls_only
ENSG00000146386	ABRACL	SIMPLE_AND	BIVALENT	AND→BIV			NOT_EVALUATED_consensus_calls_only
ENSG00000146530	VWDE	INCONSISTENT	SIMPLE_AND	INC→AND			NOT_EVALUATED_consensus_calls_only
ENSG00000146576	INTS15	SIMPLE_AND	INCONSISTENT	AND→INC			NOT_EVALUATED_consensus_calls_only
ENSG00000146587	RBAK	SIMPLE_AND	INCONSISTENT	AND→INC			NOT_EVALUATED_consensus_calls_only
ENSG00000146676	PURB	SIMPLE_AND	INCONSISTENT	AND→INC			NOT_EVALUATED_consensus_calls_only
ENSG00000146707	POMZP3	SIMPLE_OR	INCONSISTENT	OR→INC			NOT_EVALUATED_consensus_calls_only
ENSG00000146757	ZNF92	SIMPLE_AND	INCONSISTENT	AND→INC			NOT_EVALUATED_consensus_calls_only
ENSG00000146826	TRAPPC14	SIMPLE_AND	INCONSISTENT	AND→INC			NOT_EVALUATED_consensus_calls_only
ENSG00000146828	SLC12A9	REPRESSED	INCONSISTENT	REP→INC			NOT_EVALUATED_consensus_calls_only
ENSG00000146842	TMEM209	SIMPLE_OR	SIMPLE_AND	OR→AND			NOT_EVALUATED_consensus_calls_only
ENSG00000146856	AGBL3	SIMPLE_AND	INCONSISTENT	AND→INC			NOT_EVALUATED_consensus_calls_only
ENSG00000146859	TMEM140	SIMPLE_AND	INCONSISTENT	AND→INC			NOT_EVALUATED_consensus_calls_only
ENSG00000146872	TLK2	SIMPLE_AND	SIMPLE_OR	AND→OR			NOT_EVALUATED_consensus_calls_only
ENSG00000147010	SH3KBP1	SIMPLE_AND	BIVALENT	AND→BIV			NOT_EVALUATED_consensus_calls_only
ENSG00000147044	CASK	SIMPLE_AND	INCONSISTENT	AND→INC			NOT_EVALUATED_consensus_calls_only
ENSG00000147118	ZNF182	SIMPLE_AND	INCONSISTENT	AND→INC			NOT_EVALUATED_consensus_calls_only
ENSG00000147124	ZNF41	SIMPLE_AND	INCONSISTENT	AND→INC			NOT_EVALUATED_consensus_calls_only
ENSG00000147180	ZNF711	SIMPLE_OR	INCONSISTENT	OR→INC			NOT_EVALUATED_consensus_calls_only
ENSG00000147224	PRPS1	COMPLEX	SIMPLE_AND	CPX→AND			NOT_EVALUATED_consensus_calls_only
ENSG00000147231	RADX	SIMPLE_AND	INCONSISTENT	AND→INC			NOT_EVALUATED_consensus_calls_only
ENSG00000147257	GPC3	REPRESSED	INCONSISTENT	REP→INC			NOT_EVALUATED_consensus_calls_only
ENSG00000147316	MCPH1	COMPLEX	SIMPLE_AND	CPX→AND			NOT_EVALUATED_consensus_calls_only
ENSG00000147324	MFHAS1	SIMPLE_OR	SIMPLE_AND	OR→AND			NOT_EVALUATED_consensus_calls_only
ENSG00000147364	FBXO25	SIMPLE_OR	INCONSISTENT	OR→INC			NOT_EVALUATED_consensus_calls_only
ENSG00000147408	CSGALNACT1	REPRESSED	BIVALENT	REP→BIV			NOT_EVALUATED_consensus_calls_only
ENSG00000147443	DOK2	SIMPLE_AND	INCONSISTENT	AND→INC			NOT_EVALUATED_consensus_calls_only
ENSG00000147459	DOCK5	BIVALENT	INCONSISTENT	BIV→INC			NOT_EVALUATED_consensus_calls_only
ENSG00000147576	ADHFE1	SIMPLE_AND	INCONSISTENT	AND→INC			NOT_EVALUATED_consensus_calls_only
ENSG00000147592	LACTB2	SIMPLE_AND	INCONSISTENT	AND→INC			NOT_EVALUATED_consensus_calls_only
ENSG00000147601	TERF1	SIMPLE_AND	INCONSISTENT	AND→INC			NOT_EVALUATED_consensus_calls_only
ENSG00000147679	UTP23	SIMPLE_AND	INCONSISTENT	AND→INC			NOT_EVALUATED_consensus_calls_only
ENSG00000147799	ARHGAP39	REPRESSED	COMPLEX	REP→CPX			NOT_EVALUATED_consensus_calls_only
ENSG00000147894	C9orf72	SIMPLE_AND	INCONSISTENT	AND→INC			NOT_EVALUATED_consensus_calls_only
ENSG00000148019	CEP78	SIMPLE_AND	INCONSISTENT	AND→INC			NOT_EVALUATED_consensus_calls_only
ENSG00000148057	IDNK	SIMPLE_AND	INCONSISTENT	AND→INC			NOT_EVALUATED_consensus_calls_only
ENSG00000148090	AUH	BIVALENT	INCONSISTENT	BIV→INC			NOT_EVALUATED_consensus_calls_only
ENSG00000148120	AOPEP	SIMPLE_AND	INCONSISTENT	AND→INC			NOT_EVALUATED_consensus_calls_only
ENSG00000148154	UGCG	COMPLEX	SIMPLE_AND	CPX→AND			NOT_EVALUATED_consensus_calls_only
ENSG00000148158	SNX30	SIMPLE_AND	INCONSISTENT	AND→INC			NOT_EVALUATED_consensus_calls_only
ENSG00000148175	STOM	COMPLEX	SIMPLE_AND	CPX→AND			NOT_EVALUATED_consensus_calls_only
ENSG00000148218	ALAD	SIMPLE_OR	INCONSISTENT	OR→INC			NOT_EVALUATED_consensus_calls_only
ENSG00000148288	GBGT1	SIMPLE_OR	SIMPLE_AND	OR→AND			NOT_EVALUATED_consensus_calls_only
ENSG00000148290	SURF1	SIMPLE_AND	INCONSISTENT	AND→INC			NOT_EVALUATED_consensus_calls_only
ENSG00000148291	SURF2	INCONSISTENT	SIMPLE_AND	INC→AND			NOT_EVALUATED_consensus_calls_only
ENSG00000148308	GTF3C5	SIMPLE_AND	COMPLEX	AND→CPX			NOT_EVALUATED_consensus_calls_only
ENSG00000148331	ASB6	SIMPLE_AND	INCONSISTENT	AND→INC			NOT_EVALUATED_consensus_calls_only
ENSG00000148335	NTMT1	SIMPLE_OR	SIMPLE_AND	OR→AND			NOT_EVALUATED_consensus_calls_only
ENSG00000148337	CIZ1	BIVALENT	SIMPLE_AND	BIV→AND			NOT_EVALUATED_consensus_calls_only
ENSG00000148356	LRSAM1	COMPLEX	INCONSISTENT	CPX→INC			NOT_EVALUATED_consensus_calls_only
ENSG00000148362	PAXX	SIMPLE_AND	COMPLEX	AND→CPX			NOT_EVALUATED_consensus_calls_only
ENSG00000148384	INPP5E	SIMPLE_AND	INCONSISTENT	AND→INC			NOT_EVALUATED_consensus_calls_only
ENSG00000148444	COMMD3	SIMPLE_AND	INCONSISTENT	AND→INC			NOT_EVALUATED_consensus_calls_only
ENSG00000148468	FAM171A1	BIVALENT	INCONSISTENT	BIV→INC			NOT_EVALUATED_consensus_calls_only
ENSG00000148481	MINDY3	COMPLEX	SIMPLE_AND	CPX→AND			NOT_EVALUATED_consensus_calls_only
ENSG00000148488	ST8SIA6	BIVALENT	INCONSISTENT	BIV→INC			NOT_EVALUATED_consensus_calls_only
ENSG00000148516	ZEB1	SIMPLE_AND	INCONSISTENT	AND→INC			NOT_EVALUATED_consensus_calls_only
ENSG00000148572	NRBF2	SIMPLE_AND	COMPLEX	AND→CPX			NOT_EVALUATED_consensus_calls_only
ENSG00000148690	FRA10AC1	SIMPLE_AND	INCONSISTENT	AND→INC			NOT_EVALUATED_consensus_calls_only
ENSG00000148737	TCF7L2	BIVALENT	INCONSISTENT	BIV→INC			NOT_EVALUATED_consensus_calls_only
ENSG00000148803	FUOM	SIMPLE_AND	INCONSISTENT	AND→INC			NOT_EVALUATED_consensus_calls_only
ENSG00000148814	LRRC27	SIMPLE_AND	INCONSISTENT	AND→INC			NOT_EVALUATED_consensus_calls_only
ENSG00000148832	PAOX	SIMPLE_AND	INCONSISTENT	AND→INC			NOT_EVALUATED_consensus_calls_only
ENSG00000148835	TAF5	SIMPLE_AND	INCONSISTENT	AND→INC			NOT_EVALUATED_consensus_calls_only
ENSG00000148842	CNNM2	SIMPLE_AND	INCONSISTENT	AND→INC			NOT_EVALUATED_consensus_calls_only
ENSG00000148935	GAS2	SIMPLE_AND	INCONSISTENT	AND→INC			NOT_EVALUATED_consensus_calls_only
ENSG00000149016	TUT1	SIMPLE_AND	INCONSISTENT	AND→INC			NOT_EVALUATED_consensus_calls_only
ENSG00000149054	ZNF215	SIMPLE_AND	INCONSISTENT	AND→INC			NOT_EVALUATED_consensus_calls_only
ENSG00000149084	HSD17B12	COMPLEX	SIMPLE_AND	CPX→AND			NOT_EVALUATED_consensus_calls_only
ENSG00000149131	SERPING1	REPRESSED	BIVALENT	REP→BIV			NOT_EVALUATED_consensus_calls_only
ENSG00000149177	PTPRJ	SIMPLE_AND	INCONSISTENT	AND→INC			NOT_EVALUATED_consensus_calls_only
ENSG00000149212	SESN3	BIVALENT	INCONSISTENT	BIV→INC			NOT_EVALUATED_consensus_calls_only
ENSG00000149218	ENDOD1	SIMPLE_AND	INCONSISTENT	AND→INC			NOT_EVALUATED_consensus_calls_only
ENSG00000149231	CCDC82	SIMPLE_AND	INCONSISTENT	AND→INC			NOT_EVALUATED_consensus_calls_only
ENSG00000149269	PAK1	SIMPLE_AND	SIMPLE_OR	AND→OR			NOT_EVALUATED_consensus_calls_only
ENSG00000149289	ZC3H12C	SIMPLE_AND	INCONSISTENT	AND→INC			NOT_EVALUATED_consensus_calls_only
ENSG00000149292	TTC12	SIMPLE_AND	INCONSISTENT	AND→INC			NOT_EVALUATED_consensus_calls_only
ENSG00000149308	NPAT	COMPLEX	SIMPLE_AND	CPX→AND			NOT_EVALUATED_consensus_calls_only
ENSG00000149311	ATM	COMPLEX	SIMPLE_AND	CPX→AND			NOT_EVALUATED_consensus_calls_only
ENSG00000149328	GLB1L2	REPRESSED	BIVALENT	REP→BIV			NOT_EVALUATED_consensus_calls_only
ENSG00000149346	SLX4IP	SIMPLE_AND	INCONSISTENT	AND→INC			NOT_EVALUATED_consensus_calls_only
ENSG00000149403	GRIK4	SIMPLE_OR	BIVALENT	OR→BIV			NOT_EVALUATED_consensus_calls_only
ENSG00000149418	ST14	BIVALENT	REPRESSED	BIV→REP			NOT_EVALUATED_consensus_calls_only
ENSG00000149474	KAT14	SIMPLE_AND	INCONSISTENT	AND→INC			NOT_EVALUATED_consensus_calls_only
ENSG00000149531	FRG1BP	SIMPLE_AND	INCONSISTENT	AND→INC			NOT_EVALUATED_consensus_calls_only
ENSG00000149532	CPSF7	COMPLEX	SIMPLE_AND	CPX→AND			NOT_EVALUATED_consensus_calls_only
ENSG00000149547	EI24	COMPLEX	SIMPLE_AND	CPX→AND			NOT_EVALUATED_consensus_calls_only
ENSG00000149548	CCDC15	SIMPLE_AND	INCONSISTENT	AND→INC			NOT_EVALUATED_consensus_calls_only
ENSG00000149557	FEZ1	SIMPLE_AND	INCONSISTENT	AND→INC			NOT_EVALUATED_consensus_calls_only
ENSG00000149564	ESAM	SIMPLE_AND	INCONSISTENT	AND→INC			NOT_EVALUATED_consensus_calls_only
ENSG00000149573	MPZL2	BIVALENT	REPRESSED	BIV→REP			NOT_EVALUATED_consensus_calls_only
ENSG00000149582	TMEM25	SIMPLE_OR	INCONSISTENT	OR→INC			NOT_EVALUATED_consensus_calls_only
ENSG00000149639	SOGA1	SIMPLE_OR	SIMPLE_AND	OR→AND			NOT_EVALUATED_consensus_calls_only
ENSG00000149646	CNBD2	SIMPLE_AND	INCONSISTENT	AND→INC			NOT_EVALUATED_consensus_calls_only
ENSG00000149654	CDH22	BIVALENT	INCONSISTENT	BIV→INC			NOT_EVALUATED_consensus_calls_only
ENSG00000149679	CABLES2	SIMPLE_AND	INCONSISTENT	AND→INC			NOT_EVALUATED_consensus_calls_only
ENSG00000149716	LTO1	SIMPLE_AND	INCONSISTENT	AND→INC			NOT_EVALUATED_consensus_calls_only
ENSG00000149798	CDC42EP2	SIMPLE_OR	INCONSISTENT	OR→INC			NOT_EVALUATED_consensus_calls_only
ENSG00000149809	TM7SF2	SIMPLE_AND	INCONSISTENT	AND→INC			NOT_EVALUATED_consensus_calls_only
ENSG00000149922	TBX6	SIMPLE_AND	INCONSISTENT	AND→INC			NOT_EVALUATED_consensus_calls_only
ENSG00000149929	HIRIP3	SIMPLE_AND	INCONSISTENT	AND→INC			NOT_EVALUATED_consensus_calls_only
ENSG00000149948	HMGA2	BIVALENT	REPRESSED	BIV→REP			NOT_EVALUATED_consensus_calls_only
ENSG00000150347	ARID5B	SIMPLE_AND	INCONSISTENT	AND→INC			NOT_EVALUATED_consensus_calls_only
ENSG00000150401	DCUN1D2	SIMPLE_AND	INCONSISTENT	AND→INC			NOT_EVALUATED_consensus_calls_only
ENSG00000150433	TMEM218	SIMPLE_AND	INCONSISTENT	AND→INC			NOT_EVALUATED_consensus_calls_only
ENSG00000150455	TIRAP	SIMPLE_AND	INCONSISTENT	AND→INC			NOT_EVALUATED_consensus_calls_only
ENSG00000150456	EEF1AKMT1	SIMPLE_AND	INCONSISTENT	AND→INC			NOT_EVALUATED_consensus_calls_only
ENSG00000150457	LATS2	SIMPLE_AND	INCONSISTENT	AND→INC			NOT_EVALUATED_consensus_calls_only
ENSG00000150459	SAP18	SIMPLE_AND	INCONSISTENT	AND→INC			NOT_EVALUATED_consensus_calls_only
ENSG00000150477	KIAA1328	SIMPLE_AND	INCONSISTENT	AND→INC			NOT_EVALUATED_consensus_calls_only
ENSG00000150627	WDR17	BIVALENT	INCONSISTENT	BIV→INC			NOT_EVALUATED_consensus_calls_only
ENSG00000150628	SPATA4	INCONSISTENT	BIVALENT	INC→BIV			NOT_EVALUATED_consensus_calls_only
ENSG00000150636	CCDC102B	SIMPLE_AND	INCONSISTENT	AND→INC			NOT_EVALUATED_consensus_calls_only
ENSG00000150637	CD226	SIMPLE_OR	INCONSISTENT	OR→INC			NOT_EVALUATED_consensus_calls_only
ENSG00000150672	DLG2	SIMPLE_AND	INCONSISTENT	AND→INC			NOT_EVALUATED_consensus_calls_only
ENSG00000150764	DIXDC1	SIMPLE_AND	INCONSISTENT	AND→INC			NOT_EVALUATED_consensus_calls_only
ENSG00000150773	PIH1D2	SIMPLE_AND	INCONSISTENT	AND→INC			NOT_EVALUATED_consensus_calls_only
ENSG00000150873	C2orf50	REPRESSED	INCONSISTENT	REP→INC			NOT_EVALUATED_consensus_calls_only
ENSG00000150907	FOXO1	SIMPLE_AND	INCONSISTENT	AND→INC			NOT_EVALUATED_consensus_calls_only
ENSG00000150938	CRIM1	BIVALENT	INCONSISTENT	BIV→INC			NOT_EVALUATED_consensus_calls_only
ENSG00000150961	SEC24D	SIMPLE_OR	SIMPLE_AND	OR→AND			NOT_EVALUATED_consensus_calls_only
ENSG00000150977	RILPL2	SIMPLE_AND	INCONSISTENT	AND→INC			NOT_EVALUATED_consensus_calls_only
ENSG00000151012	SLC7A11	COMPLEX	SIMPLE_AND	CPX→AND			NOT_EVALUATED_consensus_calls_only
ENSG00000151062	CACNA2D4	REPRESSED	INCONSISTENT	REP→INC			NOT_EVALUATED_consensus_calls_only
ENSG00000151065	DCP1B	SIMPLE_AND	INCONSISTENT	AND→INC			NOT_EVALUATED_consensus_calls_only
ENSG00000151090	THRB	REPRESSED	SIMPLE_AND	REP→AND			NOT_EVALUATED_consensus_calls_only
ENSG00000151116	UEVLD	SIMPLE_AND	INCONSISTENT	AND→INC			NOT_EVALUATED_consensus_calls_only
ENSG00000151136	ABTB3	REPRESSED	INCONSISTENT	REP→INC			NOT_EVALUATED_consensus_calls_only
ENSG00000151150	ANK3	INCONSISTENT	REPRESSED	INC→REP			NOT_EVALUATED_consensus_calls_only
ENSG00000151151	IPMK	SIMPLE_AND	INCONSISTENT	AND→INC			NOT_EVALUATED_consensus_calls_only
ENSG00000151164	RAD9B	SIMPLE_AND	INCONSISTENT	AND→INC			NOT_EVALUATED_consensus_calls_only
ENSG00000151208	DLG5	BIVALENT	INCONSISTENT	BIV→INC			NOT_EVALUATED_consensus_calls_only
ENSG00000151229	SLC2A13	BIVALENT	INCONSISTENT	BIV→INC			NOT_EVALUATED_consensus_calls_only
ENSG00000151233	GXYLT1	SIMPLE_AND	INCONSISTENT	AND→INC			NOT_EVALUATED_consensus_calls_only
ENSG00000151276	MAGI1	BIVALENT	SIMPLE_OR	BIV→OR			NOT_EVALUATED_consensus_calls_only
ENSG00000151287	TEX30	SIMPLE_AND	INCONSISTENT	AND→INC			NOT_EVALUATED_consensus_calls_only
ENSG00000151304	SRFBP1	SIMPLE_AND	INCONSISTENT	AND→INC			NOT_EVALUATED_consensus_calls_only
ENSG00000151332	MBIP	SIMPLE_AND	INCONSISTENT	AND→INC			NOT_EVALUATED_consensus_calls_only
ENSG00000151348	EXT2	SIMPLE_OR	SIMPLE_AND	OR→AND			NOT_EVALUATED_consensus_calls_only
ENSG00000151353	TMEM18	SIMPLE_AND	INCONSISTENT	AND→INC			NOT_EVALUATED_consensus_calls_only
ENSG00000151379	MSGN1	INCONSISTENT	REPRESSED	INC→REP			NOT_EVALUATED_consensus_calls_only
ENSG00000151388	ADAMTS12	SIMPLE_AND	REPRESSED	AND→REP			NOT_EVALUATED_consensus_calls_only
ENSG00000151422	FER	SIMPLE_AND	INCONSISTENT	AND→INC			NOT_EVALUATED_consensus_calls_only
ENSG00000151458	ANKRD50	BIVALENT	SIMPLE_AND	BIV→AND			NOT_EVALUATED_consensus_calls_only
ENSG00000151470	C4orf33	SIMPLE_AND	INCONSISTENT	AND→INC			NOT_EVALUATED_consensus_calls_only
ENSG00000151491	EPS8	SIMPLE_AND	INCONSISTENT	AND→INC			NOT_EVALUATED_consensus_calls_only
ENSG00000151498	ACAD8	SIMPLE_AND	INCONSISTENT	AND→INC			NOT_EVALUATED_consensus_calls_only
ENSG00000151532	VTI1A	SIMPLE_AND	INCONSISTENT	AND→INC			NOT_EVALUATED_consensus_calls_only
ENSG00000151552	QDPR	SIMPLE_OR	SIMPLE_AND	OR→AND			NOT_EVALUATED_consensus_calls_only
ENSG00000151575	TEX9	SIMPLE_AND	INCONSISTENT	AND→INC			NOT_EVALUATED_consensus_calls_only
ENSG00000151612	ZNF827	SIMPLE_AND	BIVALENT	AND→BIV			NOT_EVALUATED_consensus_calls_only
ENSG00000151623	NR3C2	BIVALENT	INCONSISTENT	BIV→INC			NOT_EVALUATED_consensus_calls_only
ENSG00000151651	ADAM8	SIMPLE_AND	INCONSISTENT	AND→INC			NOT_EVALUATED_consensus_calls_only
ENSG00000151657	KIN	SIMPLE_AND	INCONSISTENT	AND→INC			NOT_EVALUATED_consensus_calls_only
ENSG00000151690	MFSD6	SIMPLE_AND	INCONSISTENT	AND→INC			NOT_EVALUATED_consensus_calls_only
ENSG00000151692	RNF144A	SIMPLE_OR	SIMPLE_AND	OR→AND			NOT_EVALUATED_consensus_calls_only
ENSG00000151693	ASAP2	BIVALENT	INCONSISTENT	BIV→INC			NOT_EVALUATED_consensus_calls_only
ENSG00000151718	WWC2	REPRESSED	INCONSISTENT	REP→INC			NOT_EVALUATED_consensus_calls_only
ENSG00000151726	ACSL1	SIMPLE_AND	INCONSISTENT	AND→INC			NOT_EVALUATED_consensus_calls_only
ENSG00000151743	AMN1	SIMPLE_AND	INCONSISTENT	AND→INC			NOT_EVALUATED_consensus_calls_only
ENSG00000151746	BICD1	SIMPLE_AND	INCONSISTENT	AND→INC			NOT_EVALUATED_consensus_calls_only
ENSG00000151748	SAV1	SIMPLE_AND	INCONSISTENT	AND→INC			NOT_EVALUATED_consensus_calls_only
ENSG00000151838	CCDC175	BIVALENT	INCONSISTENT	BIV→INC			NOT_EVALUATED_consensus_calls_only
ENSG00000151849	CENPJ	SIMPLE_AND	INCONSISTENT	AND→INC			NOT_EVALUATED_consensus_calls_only
ENSG00000151881	TMEM267	SIMPLE_AND	INCONSISTENT	AND→INC			NOT_EVALUATED_consensus_calls_only
ENSG00000151883	PARP8	SIMPLE_AND	INCONSISTENT	AND→INC			NOT_EVALUATED_consensus_calls_only
ENSG00000151914	DST	SIMPLE_AND	INCONSISTENT	AND→INC			NOT_EVALUATED_consensus_calls_only
ENSG00000151929	BAG3	SIMPLE_AND	INCONSISTENT	AND→INC			NOT_EVALUATED_consensus_calls_only
ENSG00000152056	AP1S3	SIMPLE_AND	INCONSISTENT	AND→INC			NOT_EVALUATED_consensus_calls_only
ENSG00000152076	CCDC74B	SIMPLE_OR	INCONSISTENT	OR→INC			NOT_EVALUATED_consensus_calls_only
ENSG00000152078	TLCD4	BIVALENT	INCONSISTENT	BIV→INC			NOT_EVALUATED_consensus_calls_only
ENSG00000152117	SMPD4BP	SIMPLE_AND	INCONSISTENT	AND→INC			NOT_EVALUATED_consensus_calls_only
ENSG00000152133	GPATCH11	SIMPLE_AND	INCONSISTENT	AND→INC			NOT_EVALUATED_consensus_calls_only
ENSG00000152147	GEMIN6	SIMPLE_AND	INCONSISTENT	AND→INC			NOT_EVALUATED_consensus_calls_only
ENSG00000152154	TMEM178A	REPRESSED	BIVALENT	REP→BIV			NOT_EVALUATED_consensus_calls_only
ENSG00000152192	POU4F1	BIVALENT	INCONSISTENT	BIV→INC			NOT_EVALUATED_consensus_calls_only
ENSG00000152193	OBI1	SIMPLE_AND	INCONSISTENT	AND→INC			NOT_EVALUATED_consensus_calls_only
ENSG00000152213	ARL11	SIMPLE_AND	INCONSISTENT	AND→INC			NOT_EVALUATED_consensus_calls_only
ENSG00000152219	ARL14EP	SIMPLE_AND	INCONSISTENT	AND→INC			NOT_EVALUATED_consensus_calls_only
ENSG00000152229	PSTPIP2	INCONSISTENT	SIMPLE_AND	INC→AND			NOT_EVALUATED_consensus_calls_only
ENSG00000152242	C18orf25	SIMPLE_AND	INCONSISTENT	AND→INC			NOT_EVALUATED_consensus_calls_only
ENSG00000152270	PDE3B	INCONSISTENT	SIMPLE_AND	INC→AND			NOT_EVALUATED_consensus_calls_only
ENSG00000152284	TCF7L1	BIVALENT	INCONSISTENT	BIV→INC			NOT_EVALUATED_consensus_calls_only
ENSG00000152315	KCNK13	BIVALENT	INCONSISTENT	BIV→INC			NOT_EVALUATED_consensus_calls_only
ENSG00000152348	ATG10	SIMPLE_AND	INCONSISTENT	AND→INC			NOT_EVALUATED_consensus_calls_only
ENSG00000152402	GUCY1A2	BIVALENT	INCONSISTENT	BIV→INC			NOT_EVALUATED_consensus_calls_only
ENSG00000152404	CWF19L2	SIMPLE_AND	INCONSISTENT	AND→INC			NOT_EVALUATED_consensus_calls_only
ENSG00000152409	JMY	SIMPLE_AND	INCONSISTENT	AND→INC			NOT_EVALUATED_consensus_calls_only
ENSG00000152422	XRCC4	SIMPLE_AND	INCONSISTENT	AND→INC			NOT_EVALUATED_consensus_calls_only
ENSG00000152433	ZNF547	SIMPLE_AND	INCONSISTENT	AND→INC			NOT_EVALUATED_consensus_calls_only
ENSG00000152457	DCLRE1C	SIMPLE_AND	INCONSISTENT	AND→INC			NOT_EVALUATED_consensus_calls_only
ENSG00000152465	NMT2	SIMPLE_AND	INCONSISTENT	AND→INC			NOT_EVALUATED_consensus_calls_only
ENSG00000152484	USP12	SIMPLE_AND	INCONSISTENT	AND→INC			NOT_EVALUATED_consensus_calls_only
ENSG00000152495	CAMK4	SIMPLE_AND	BIVALENT	AND→BIV			NOT_EVALUATED_consensus_calls_only
ENSG00000152527	PLEKHH2	BIVALENT	INCONSISTENT	BIV→INC			NOT_EVALUATED_consensus_calls_only
ENSG00000152580	IGSF10	REPRESSED	BIVALENT	REP→BIV			NOT_EVALUATED_consensus_calls_only
ENSG00000152582	SPEF2	SIMPLE_OR	INCONSISTENT	OR→INC			NOT_EVALUATED_consensus_calls_only
ENSG00000152620	NADK2	SIMPLE_AND	COMPLEX	AND→CPX			NOT_EVALUATED_consensus_calls_only
ENSG00000152642	GPD1L	SIMPLE_OR	INCONSISTENT	OR→INC			NOT_EVALUATED_consensus_calls_only
ENSG00000152749	GPR180	SIMPLE_AND	COMPLEX	AND→CPX			NOT_EVALUATED_consensus_calls_only
ENSG00000152778	IFIT5	SIMPLE_AND	INCONSISTENT	AND→INC			NOT_EVALUATED_consensus_calls_only
ENSG00000152782	PANK1	SIMPLE_AND	INCONSISTENT	AND→INC			NOT_EVALUATED_consensus_calls_only
ENSG00000152804	HHEX	BIVALENT	SIMPLE_AND	BIV→AND			NOT_EVALUATED_consensus_calls_only
ENSG00000152894	PTPRK	BIVALENT	INCONSISTENT	BIV→INC			NOT_EVALUATED_consensus_calls_only
ENSG00000152904	GGPS1	COMPLEX	SIMPLE_AND	CPX→AND			NOT_EVALUATED_consensus_calls_only
ENSG00000152926	ZNF117	SIMPLE_AND	INCONSISTENT	AND→INC			NOT_EVALUATED_consensus_calls_only
ENSG00000152952	PLOD2	REPRESSED	INCONSISTENT	REP→INC			NOT_EVALUATED_consensus_calls_only
ENSG00000152969	JAKMIP1	SIMPLE_AND	INCONSISTENT	AND→INC			NOT_EVALUATED_consensus_calls_only
ENSG00000152977	ZIC1	REPRESSED	INCONSISTENT	REP→INC			NOT_EVALUATED_consensus_calls_only
ENSG00000153012	LGI2	REPRESSED	BIVALENT	REP→BIV			NOT_EVALUATED_consensus_calls_only
ENSG00000153029	MR1	SIMPLE_AND	INCONSISTENT	AND→INC			NOT_EVALUATED_consensus_calls_only
ENSG00000153094	BCL2L11	BIVALENT	INCONSISTENT	BIV→INC			NOT_EVALUATED_consensus_calls_only
ENSG00000153140	CETN3	SIMPLE_AND	INCONSISTENT	AND→INC			NOT_EVALUATED_consensus_calls_only
ENSG00000153157	SYCP2L	REPRESSED	INCONSISTENT	REP→INC			NOT_EVALUATED_consensus_calls_only
ENSG00000153162	BMP6	BIVALENT	INCONSISTENT	BIV→INC			NOT_EVALUATED_consensus_calls_only
ENSG00000153208	MERTK	BIVALENT	INCONSISTENT	BIV→INC			NOT_EVALUATED_consensus_calls_only
ENSG00000153234	NR4A2	SIMPLE_AND	INCONSISTENT	AND→INC			NOT_EVALUATED_consensus_calls_only
ENSG00000153291	SLC25A27	BIVALENT	INCONSISTENT	BIV→INC			NOT_EVALUATED_consensus_calls_only
ENSG00000153363	LINC00467	SIMPLE_AND	INCONSISTENT	AND→INC			NOT_EVALUATED_consensus_calls_only
ENSG00000153391	INO80C	SIMPLE_AND	INCONSISTENT	AND→INC			NOT_EVALUATED_consensus_calls_only
ENSG00000153443	UBALD1	SIMPLE_AND	INCONSISTENT	AND→INC			NOT_EVALUATED_consensus_calls_only
ENSG00000153485	TMEM251	SIMPLE_AND	INCONSISTENT	AND→INC			NOT_EVALUATED_consensus_calls_only
ENSG00000153558	FBXL2	BIVALENT	INCONSISTENT	BIV→INC			NOT_EVALUATED_consensus_calls_only
ENSG00000153721	CNKSR3	BIVALENT	INCONSISTENT	BIV→INC			NOT_EVALUATED_consensus_calls_only
ENSG00000153790	C7orf31	SIMPLE_AND	INCONSISTENT	AND→INC			NOT_EVALUATED_consensus_calls_only
ENSG00000153815	CMIP	SIMPLE_AND	BIVALENT	AND→BIV			NOT_EVALUATED_consensus_calls_only
ENSG00000153879	CEBPG	SIMPLE_AND	BIVALENT	AND→BIV			NOT_EVALUATED_consensus_calls_only
ENSG00000153885	KCTD15	BIVALENT	SIMPLE_AND	BIV→AND			NOT_EVALUATED_consensus_calls_only
ENSG00000153896	ZNF599	SIMPLE_AND	INCONSISTENT	AND→INC			NOT_EVALUATED_consensus_calls_only
ENSG00000153898	MCOLN2	SIMPLE_AND	INCONSISTENT	AND→INC			NOT_EVALUATED_consensus_calls_only
ENSG00000153902	LGI4	BIVALENT	INCONSISTENT	BIV→INC			NOT_EVALUATED_consensus_calls_only
ENSG00000153904	DDAH1	BIVALENT	INCONSISTENT	BIV→INC			NOT_EVALUATED_consensus_calls_only
ENSG00000153933	DGKE	SIMPLE_AND	INCONSISTENT	AND→INC			NOT_EVALUATED_consensus_calls_only
ENSG00000154040	CABYR	BIVALENT	REPRESSED	BIV→REP			NOT_EVALUATED_consensus_calls_only
ENSG00000154065	ANKRD29	BIVALENT	REPRESSED	BIV→REP			NOT_EVALUATED_consensus_calls_only
ENSG00000154079	SDHAF4	SIMPLE_AND	COMPLEX	AND→CPX			NOT_EVALUATED_consensus_calls_only
ENSG00000154102	C16orf74	SIMPLE_OR	BIVALENT	OR→BIV			NOT_EVALUATED_consensus_calls_only
ENSG00000154114	TBCEL	SIMPLE_AND	INCONSISTENT	AND→INC			NOT_EVALUATED_consensus_calls_only
ENSG00000154118	JPH3	COMPLEX	BIVALENT	CPX→BIV			NOT_EVALUATED_consensus_calls_only
ENSG00000154122	ANKH	SIMPLE_AND	BIVALENT	AND→BIV			NOT_EVALUATED_consensus_calls_only
ENSG00000154134	ROBO3	REPRESSED	INCONSISTENT	REP→INC			NOT_EVALUATED_consensus_calls_only
ENSG00000154144	TBRG1	SIMPLE_AND	INCONSISTENT	AND→INC			NOT_EVALUATED_consensus_calls_only
ENSG00000154146	NRGN	BIVALENT	INCONSISTENT	BIV→INC			NOT_EVALUATED_consensus_calls_only
ENSG00000154153	RETREG1	INCONSISTENT	REPRESSED	INC→REP			NOT_EVALUATED_consensus_calls_only
ENSG00000154217	PITPNC1	SIMPLE_AND	INCONSISTENT	AND→INC			NOT_EVALUATED_consensus_calls_only
ENSG00000154229	PRKCA	BIVALENT	SIMPLE_AND	BIV→AND			NOT_EVALUATED_consensus_calls_only
ENSG00000154237	LRRK1	SIMPLE_AND	BIVALENT	AND→BIV			NOT_EVALUATED_consensus_calls_only
ENSG00000154265	ABCA5	SIMPLE_AND	INCONSISTENT	AND→INC			NOT_EVALUATED_consensus_calls_only
ENSG00000154309	DISP1	SIMPLE_AND	INCONSISTENT	AND→INC			NOT_EVALUATED_consensus_calls_only
ENSG00000154328	NEIL2	SIMPLE_AND	INCONSISTENT	AND→INC			NOT_EVALUATED_consensus_calls_only
ENSG00000154359	LONRF1	SIMPLE_AND	INCONSISTENT	AND→INC			NOT_EVALUATED_consensus_calls_only
ENSG00000154447	SH3RF1	SIMPLE_AND	INCONSISTENT	AND→INC			NOT_EVALUATED_consensus_calls_only
ENSG00000154511	DIPK1A	SIMPLE_AND	INCONSISTENT	AND→INC			NOT_EVALUATED_consensus_calls_only
ENSG00000154518	ATP5MC3	SIMPLE_AND	COMPLEX	AND→CPX			NOT_EVALUATED_consensus_calls_only
ENSG00000154553	PDLIM3	REPRESSED	INCONSISTENT	REP→INC			NOT_EVALUATED_consensus_calls_only
ENSG00000154640	BTG3	SIMPLE_AND	INCONSISTENT	AND→INC			NOT_EVALUATED_consensus_calls_only
ENSG00000154642	C21orf91	SIMPLE_AND	INCONSISTENT	AND→INC			NOT_EVALUATED_consensus_calls_only
ENSG00000154721	JAM2	SIMPLE_AND	INCONSISTENT	AND→INC			NOT_EVALUATED_consensus_calls_only
ENSG00000154760	SLFN13	SIMPLE_AND	INCONSISTENT	AND→INC			NOT_EVALUATED_consensus_calls_only
ENSG00000154781	CCDC174	SIMPLE_AND	INCONSISTENT	AND→INC			NOT_EVALUATED_consensus_calls_only
ENSG00000154864	PIEZO2	SIMPLE_AND	REPRESSED	AND→REP			NOT_EVALUATED_consensus_calls_only
ENSG00000154889	MPPE1	SIMPLE_AND	INCONSISTENT	AND→INC			NOT_EVALUATED_consensus_calls_only
ENSG00000154917	RAB6B	BIVALENT	INCONSISTENT	BIV→INC			NOT_EVALUATED_consensus_calls_only
ENSG00000154920	EME1	SIMPLE_AND	INCONSISTENT	AND→INC			NOT_EVALUATED_consensus_calls_only
ENSG00000154957	ZNF18	SIMPLE_AND	INCONSISTENT	AND→INC			NOT_EVALUATED_consensus_calls_only
ENSG00000155008	APOOL	SIMPLE_AND	INCONSISTENT	AND→INC			NOT_EVALUATED_consensus_calls_only
ENSG00000155034	FBXL18	SIMPLE_AND	INCONSISTENT	AND→INC			NOT_EVALUATED_consensus_calls_only
ENSG00000155085	AK9	SIMPLE_AND	INCONSISTENT	AND→INC			NOT_EVALUATED_consensus_calls_only
ENSG00000155111	CDK19	SIMPLE_AND	INCONSISTENT	AND→INC			NOT_EVALUATED_consensus_calls_only
ENSG00000155158	TTC39B	SIMPLE_OR	INCONSISTENT	OR→INC			NOT_EVALUATED_consensus_calls_only
ENSG00000155254	MARVELD1	SIMPLE_OR	INCONSISTENT	OR→INC			NOT_EVALUATED_consensus_calls_only
ENSG00000155256	ZFYVE27	SIMPLE_AND	INCONSISTENT	AND→INC			NOT_EVALUATED_consensus_calls_only
ENSG00000155265	GOLGA7B	BIVALENT	INCONSISTENT	BIV→INC			NOT_EVALUATED_consensus_calls_only
ENSG00000155287	SLC25A28	SIMPLE_AND	INCONSISTENT	AND→INC			NOT_EVALUATED_consensus_calls_only
ENSG00000155330	C16orf87	SIMPLE_AND	INCONSISTENT	AND→INC			NOT_EVALUATED_consensus_calls_only
ENSG00000155465	SLC7A7	SIMPLE_AND	INCONSISTENT	AND→INC			NOT_EVALUATED_consensus_calls_only
ENSG00000155530	LRGUK	INCONSISTENT	BIVALENT	INC→BIV			NOT_EVALUATED_consensus_calls_only
ENSG00000155542	SETD9	SIMPLE_AND	INCONSISTENT	AND→INC			NOT_EVALUATED_consensus_calls_only
ENSG00000155592	ZKSCAN2	SIMPLE_AND	INCONSISTENT	AND→INC			NOT_EVALUATED_consensus_calls_only
ENSG00000155621	C9orf85	SIMPLE_AND	INCONSISTENT	AND→INC			NOT_EVALUATED_consensus_calls_only
ENSG00000155629	PIK3AP1	SIMPLE_AND	INCONSISTENT	AND→INC			NOT_EVALUATED_consensus_calls_only
ENSG00000155636	RBM45	SIMPLE_AND	INCONSISTENT	AND→INC			NOT_EVALUATED_consensus_calls_only
ENSG00000155666	KDM8	SIMPLE_AND	INCONSISTENT	AND→INC			NOT_EVALUATED_consensus_calls_only
ENSG00000155755	TMEM237	SIMPLE_AND	INCONSISTENT	AND→INC			NOT_EVALUATED_consensus_calls_only
ENSG00000155760	FZD7	BIVALENT	INCONSISTENT	BIV→INC			NOT_EVALUATED_consensus_calls_only
ENSG00000155827	RNF20	SIMPLE_AND	INCONSISTENT	AND→INC			NOT_EVALUATED_consensus_calls_only
ENSG00000155846	PPARGC1B	SIMPLE_AND	INCONSISTENT	AND→INC			NOT_EVALUATED_consensus_calls_only
ENSG00000155849	ELMO1	SIMPLE_OR	REPRESSED	OR→REP			NOT_EVALUATED_consensus_calls_only
ENSG00000155850	SLC26A2	SIMPLE_AND	INCONSISTENT	AND→INC			NOT_EVALUATED_consensus_calls_only
ENSG00000155858	LSM11	SIMPLE_AND	INCONSISTENT	AND→INC			NOT_EVALUATED_consensus_calls_only
ENSG00000155903	RASA2	SIMPLE_AND	INCONSISTENT	AND→INC			NOT_EVALUATED_consensus_calls_only
ENSG00000155957	TMBIM4	SIMPLE_AND	INCONSISTENT	AND→INC			NOT_EVALUATED_consensus_calls_only
ENSG00000155962	CLIC2	SIMPLE_OR	SIMPLE_AND	OR→AND			NOT_EVALUATED_consensus_calls_only
ENSG00000155974	GRIP1	REPRESSED	BIVALENT	REP→BIV			NOT_EVALUATED_consensus_calls_only
ENSG00000156030	MIDEAS	SIMPLE_AND	SIMPLE_OR	AND→OR			NOT_EVALUATED_consensus_calls_only
ENSG00000156050	FAM161B	SIMPLE_AND	INCONSISTENT	AND→INC			NOT_EVALUATED_consensus_calls_only
ENSG00000156052	GNAQ	BIVALENT	SIMPLE_AND	BIV→AND			NOT_EVALUATED_consensus_calls_only
ENSG00000156136	DCK	SIMPLE_AND	INCONSISTENT	AND→INC			NOT_EVALUATED_consensus_calls_only
ENSG00000156140	ADAMTS3	REPRESSED	SIMPLE_AND	REP→AND			NOT_EVALUATED_consensus_calls_only
ENSG00000156170	NDUFAF6	SIMPLE_AND	INCONSISTENT	AND→INC			NOT_EVALUATED_consensus_calls_only
ENSG00000156172	CFAP418	SIMPLE_AND	INCONSISTENT	AND→INC			NOT_EVALUATED_consensus_calls_only
ENSG00000156232	WHAMM	SIMPLE_AND	INCONSISTENT	AND→INC			NOT_EVALUATED_consensus_calls_only
ENSG00000156239	N6AMT1	SIMPLE_AND	INCONSISTENT	AND→INC			NOT_EVALUATED_consensus_calls_only
ENSG00000156253	RWDD2B	SIMPLE_AND	INCONSISTENT	AND→INC			NOT_EVALUATED_consensus_calls_only
ENSG00000156313	RPGR	SIMPLE_AND	INCONSISTENT	AND→INC			NOT_EVALUATED_consensus_calls_only
ENSG00000156374	PCGF6	COMPLEX	INCONSISTENT	CPX→INC			NOT_EVALUATED_consensus_calls_only
ENSG00000156381	ANKRD9	SIMPLE_AND	INCONSISTENT	AND→INC			NOT_EVALUATED_consensus_calls_only
ENSG00000156384	SFR1	SIMPLE_AND	INCONSISTENT	AND→INC			NOT_EVALUATED_consensus_calls_only
ENSG00000156427	FGF18	BIVALENT	INCONSISTENT	BIV→INC			NOT_EVALUATED_consensus_calls_only
ENSG00000156466	GDF6	REPRESSED	BIVALENT	REP→BIV			NOT_EVALUATED_consensus_calls_only
ENSG00000156467	UQCRB	COMPLEX	SIMPLE_AND	CPX→AND			NOT_EVALUATED_consensus_calls_only
ENSG00000156486	KCNS2	REPRESSED	BIVALENT	REP→BIV			NOT_EVALUATED_consensus_calls_only
ENSG00000156509	FBXO43	SIMPLE_AND	REPRESSED	AND→REP			NOT_EVALUATED_consensus_calls_only
ENSG00000156587	UBE2L6	SIMPLE_AND	INCONSISTENT	AND→INC			NOT_EVALUATED_consensus_calls_only
ENSG00000156603	MED19	COMPLEX	INCONSISTENT	CPX→INC			NOT_EVALUATED_consensus_calls_only
ENSG00000156650	KAT6B	SIMPLE_AND	INCONSISTENT	AND→INC			NOT_EVALUATED_consensus_calls_only
ENSG00000156795	NTAQ1	SIMPLE_AND	INCONSISTENT	AND→INC			NOT_EVALUATED_consensus_calls_only
ENSG00000156804	FBXO32	INCONSISTENT	BIVALENT	INC→BIV			NOT_EVALUATED_consensus_calls_only
ENSG00000156858	PRR14	SIMPLE_AND	INCONSISTENT	AND→INC			NOT_EVALUATED_consensus_calls_only
ENSG00000156876	SASS6	SIMPLE_AND	INCONSISTENT	AND→INC			NOT_EVALUATED_consensus_calls_only
ENSG00000156973	PDE6D	SIMPLE_AND	INCONSISTENT	AND→INC			NOT_EVALUATED_consensus_calls_only
ENSG00000156976	EIF4A2	COMPLEX	SIMPLE_AND	CPX→AND			NOT_EVALUATED_consensus_calls_only
ENSG00000157014	TATDN2	SIMPLE_AND	COMPLEX	AND→CPX			NOT_EVALUATED_consensus_calls_only
ENSG00000157017	GHRL	SIMPLE_AND	INCONSISTENT	AND→INC			NOT_EVALUATED_consensus_calls_only
ENSG00000157036	EXOG	SIMPLE_AND	INCONSISTENT	AND→INC			NOT_EVALUATED_consensus_calls_only
ENSG00000157045	NTAN1	SIMPLE_AND	COMPLEX	AND→CPX			NOT_EVALUATED_consensus_calls_only
ENSG00000157077	ZFYVE9	SIMPLE_AND	INCONSISTENT	AND→INC			NOT_EVALUATED_consensus_calls_only
ENSG00000157107	FCHO2	INCONSISTENT	SIMPLE_AND	INC→AND			NOT_EVALUATED_consensus_calls_only
ENSG00000157212	PAXIP1	SIMPLE_AND	INCONSISTENT	AND→INC			NOT_EVALUATED_consensus_calls_only
ENSG00000157240	FZD1	BIVALENT	INCONSISTENT	BIV→INC			NOT_EVALUATED_consensus_calls_only
ENSG00000157326	DHRS4	SIMPLE_AND	INCONSISTENT	AND→INC			NOT_EVALUATED_consensus_calls_only
ENSG00000157349	DDX19B	SIMPLE_AND	INCONSISTENT	AND→INC			NOT_EVALUATED_consensus_calls_only
ENSG00000157404	KIT	REPRESSED	INCONSISTENT	REP→INC			NOT_EVALUATED_consensus_calls_only
ENSG00000157429	ZNF19	SIMPLE_AND	INCONSISTENT	AND→INC			NOT_EVALUATED_consensus_calls_only
ENSG00000157500	APPL1	SIMPLE_AND	INCONSISTENT	AND→INC			NOT_EVALUATED_consensus_calls_only
ENSG00000157514	TSC22D3	SIMPLE_OR	INCONSISTENT	OR→INC			NOT_EVALUATED_consensus_calls_only
ENSG00000157557	ETS2	SIMPLE_OR	INCONSISTENT	OR→INC			NOT_EVALUATED_consensus_calls_only
ENSG00000157601	MX1	SIMPLE_AND	INCONSISTENT	AND→INC			NOT_EVALUATED_consensus_calls_only
ENSG00000157613	CREB3L1	BIVALENT	SIMPLE_AND	BIV→AND			NOT_EVALUATED_consensus_calls_only
ENSG00000157657	ZNF618	BIVALENT	INCONSISTENT	BIV→INC			NOT_EVALUATED_consensus_calls_only
ENSG00000157680	DGKI	BIVALENT	REPRESSED	BIV→REP			NOT_EVALUATED_consensus_calls_only
ENSG00000157693	TMEM268	SIMPLE_AND	INCONSISTENT	AND→INC			NOT_EVALUATED_consensus_calls_only
ENSG00000157734	SNX22	SIMPLE_AND	INCONSISTENT	AND→INC			NOT_EVALUATED_consensus_calls_only
ENSG00000157796	WDR19	SIMPLE_AND	INCONSISTENT	AND→INC			NOT_EVALUATED_consensus_calls_only
ENSG00000157827	FMNL2	SIMPLE_AND	BIVALENT	AND→BIV			NOT_EVALUATED_consensus_calls_only
ENSG00000157833	GAREM2	REPRESSED	INCONSISTENT	REP→INC			NOT_EVALUATED_consensus_calls_only
ENSG00000157851	DPYSL5	REPRESSED	INCONSISTENT	REP→INC			NOT_EVALUATED_consensus_calls_only
ENSG00000157870	PRXL2B	SIMPLE_AND	INCONSISTENT	AND→INC			NOT_EVALUATED_consensus_calls_only
ENSG00000157873	TNFRSF14	SIMPLE_AND	INCONSISTENT	AND→INC			NOT_EVALUATED_consensus_calls_only
ENSG00000157890	MEGF11	REPRESSED	BIVALENT	REP→BIV			NOT_EVALUATED_consensus_calls_only
ENSG00000157895	C12orf43	SIMPLE_AND	INCONSISTENT	AND→INC			NOT_EVALUATED_consensus_calls_only
ENSG00000157911	PEX10	SIMPLE_AND	INCONSISTENT	AND→INC			NOT_EVALUATED_consensus_calls_only
ENSG00000157985	AGAP1	REPRESSED	SIMPLE_AND	REP→AND			NOT_EVALUATED_consensus_calls_only
ENSG00000158006	PAFAH2	SIMPLE_AND	INCONSISTENT	AND→INC			NOT_EVALUATED_consensus_calls_only
ENSG00000158014	SLC30A2	REPRESSED	INCONSISTENT	REP→INC			NOT_EVALUATED_consensus_calls_only
ENSG00000158062	UBXN11	SIMPLE_AND	INCONSISTENT	AND→INC			NOT_EVALUATED_consensus_calls_only
ENSG00000158106	RHPN1	SIMPLE_OR	INCONSISTENT	OR→INC			NOT_EVALUATED_consensus_calls_only
ENSG00000158109	TPRG1L	SIMPLE_OR	BIVALENT	OR→BIV			NOT_EVALUATED_consensus_calls_only
ENSG00000158113	LRRC43	INCONSISTENT	REPRESSED	INC→REP			NOT_EVALUATED_consensus_calls_only
ENSG00000158122	PRXL2C	BIVALENT	INCONSISTENT	BIV→INC			NOT_EVALUATED_consensus_calls_only
ENSG00000158156	XKR8	SIMPLE_AND	INCONSISTENT	AND→INC			NOT_EVALUATED_consensus_calls_only
ENSG00000158158	CNNM4	SIMPLE_AND	INCONSISTENT	AND→INC			NOT_EVALUATED_consensus_calls_only
ENSG00000158163	DZIP1L	BIVALENT	INCONSISTENT	BIV→INC			NOT_EVALUATED_consensus_calls_only
ENSG00000158169	FANCC	SIMPLE_AND	INCONSISTENT	AND→INC			NOT_EVALUATED_consensus_calls_only
ENSG00000158186	MRAS	REPRESSED	INCONSISTENT	REP→INC			NOT_EVALUATED_consensus_calls_only
ENSG00000158201	ABHD3	SIMPLE_AND	COMPLEX	AND→CPX			NOT_EVALUATED_consensus_calls_only
ENSG00000158234	FAIM	SIMPLE_AND	INCONSISTENT	AND→INC			NOT_EVALUATED_consensus_calls_only
ENSG00000158246	TENT5B	REPRESSED	INCONSISTENT	REP→INC			NOT_EVALUATED_consensus_calls_only
ENSG00000158270	COLEC12	REPRESSED	BIVALENT	REP→BIV			NOT_EVALUATED_consensus_calls_only
ENSG00000158286	RNF207	SIMPLE_AND	INCONSISTENT	AND→INC			NOT_EVALUATED_consensus_calls_only
ENSG00000158292	GPR153	SIMPLE_OR	BIVALENT	OR→BIV			NOT_EVALUATED_consensus_calls_only
ENSG00000158321	AUTS2	SIMPLE_OR	INCONSISTENT	OR→INC			NOT_EVALUATED_consensus_calls_only
ENSG00000158411	MITD1	SIMPLE_AND	INCONSISTENT	AND→INC			NOT_EVALUATED_consensus_calls_only
ENSG00000158445	KCNB1	REPRESSED	INCONSISTENT	REP→INC			NOT_EVALUATED_consensus_calls_only
ENSG00000158457	TSPAN33	SIMPLE_AND	BIVALENT	AND→BIV			NOT_EVALUATED_consensus_calls_only
ENSG00000158458	NRG2	SIMPLE_AND	BIVALENT	AND→BIV			NOT_EVALUATED_consensus_calls_only
ENSG00000158467	AHCYL2	SIMPLE_AND	INCONSISTENT	AND→INC			NOT_EVALUATED_consensus_calls_only
ENSG00000158473	CD1D	REPRESSED	INCONSISTENT	REP→INC			NOT_EVALUATED_consensus_calls_only
ENSG00000158480	SPATA2	SIMPLE_AND	INCONSISTENT	AND→INC			NOT_EVALUATED_consensus_calls_only
ENSG00000158483	FAM86C1P	SIMPLE_AND	INCONSISTENT	AND→INC			NOT_EVALUATED_consensus_calls_only
ENSG00000158526	TSR2	SIMPLE_AND	INCONSISTENT	AND→INC			NOT_EVALUATED_consensus_calls_only
ENSG00000158555	GDPD5	SIMPLE_OR	INCONSISTENT	OR→INC			NOT_EVALUATED_consensus_calls_only
ENSG00000158560	DYNC1I1	INCONSISTENT	BIVALENT	INC→BIV			NOT_EVALUATED_consensus_calls_only
ENSG00000158711	ELK4	SIMPLE_AND	INCONSISTENT	AND→INC			NOT_EVALUATED_consensus_calls_only
ENSG00000158715	SLC45A3	SIMPLE_OR	INCONSISTENT	OR→INC			NOT_EVALUATED_consensus_calls_only
ENSG00000158748	HTR6	INCONSISTENT	BIVALENT	INC→BIV			NOT_EVALUATED_consensus_calls_only
ENSG00000158792	SPATA2L	SIMPLE_AND	INCONSISTENT	AND→INC			NOT_EVALUATED_consensus_calls_only
ENSG00000158828	PINK1	COMPLEX	INCONSISTENT	CPX→INC			NOT_EVALUATED_consensus_calls_only
ENSG00000158856	DMTN	REPRESSED	INCONSISTENT	REP→INC			NOT_EVALUATED_consensus_calls_only
ENSG00000158863	FHIP2B	COMPLEX	SIMPLE_AND	CPX→AND			NOT_EVALUATED_consensus_calls_only
ENSG00000159055	MIS18A	SIMPLE_AND	INCONSISTENT	AND→INC			NOT_EVALUATED_consensus_calls_only
ENSG00000159082	SYNJ1	SIMPLE_AND	INCONSISTENT	AND→INC			NOT_EVALUATED_consensus_calls_only
ENSG00000159176	CSRP1	SIMPLE_AND	SIMPLE_OR	AND→OR			NOT_EVALUATED_consensus_calls_only
ENSG00000159184	HOXB13	REPRESSED	BIVALENT	REP→BIV			NOT_EVALUATED_consensus_calls_only
ENSG00000159200	RCAN1	SIMPLE_OR	INCONSISTENT	OR→INC			NOT_EVALUATED_consensus_calls_only
ENSG00000159212	CLIC6	SIMPLE_AND	REPRESSED	AND→REP			NOT_EVALUATED_consensus_calls_only
ENSG00000159214	CCDC24	SIMPLE_AND	INCONSISTENT	AND→INC			NOT_EVALUATED_consensus_calls_only
ENSG00000159217	IGF2BP1	BIVALENT	SIMPLE_AND	BIV→AND			NOT_EVALUATED_consensus_calls_only
ENSG00000159239		SIMPLE_AND	INCONSISTENT	AND→INC			NOT_EVALUATED_consensus_calls_only
ENSG00000159248	GJD2	REPRESSED	BIVALENT	REP→BIV			NOT_EVALUATED_consensus_calls_only
ENSG00000159263	SIM2	REPRESSED	INCONSISTENT	REP→INC			NOT_EVALUATED_consensus_calls_only
ENSG00000159314	ARHGAP27	SIMPLE_OR	INCONSISTENT	OR→INC			NOT_EVALUATED_consensus_calls_only
ENSG00000159433	STARD9	SIMPLE_AND	INCONSISTENT	AND→INC			NOT_EVALUATED_consensus_calls_only
ENSG00000159556	ISL2	BIVALENT	INCONSISTENT	BIV→INC			NOT_EVALUATED_consensus_calls_only
ENSG00000159640	ACE	REPRESSED	INCONSISTENT	REP→INC			NOT_EVALUATED_consensus_calls_only
ENSG00000159685	CHCHD6	SIMPLE_OR	INCONSISTENT	OR→INC			NOT_EVALUATED_consensus_calls_only
ENSG00000159692	CTBP1	SIMPLE_AND	COMPLEX	AND→CPX			NOT_EVALUATED_consensus_calls_only
ENSG00000159712	ANKRD18CP	REPRESSED	INCONSISTENT	REP→INC			NOT_EVALUATED_consensus_calls_only
ENSG00000159713	TPPP3	REPRESSED	INCONSISTENT	REP→INC			NOT_EVALUATED_consensus_calls_only
ENSG00000159714	ZDHHC1	BIVALENT	REPRESSED	BIV→REP			NOT_EVALUATED_consensus_calls_only
ENSG00000159733	ZFYVE28	BIVALENT	INCONSISTENT	BIV→INC			NOT_EVALUATED_consensus_calls_only
ENSG00000159753	CARMIL2	SIMPLE_AND	INCONSISTENT	AND→INC			NOT_EVALUATED_consensus_calls_only
ENSG00000159761	C16orf86	SIMPLE_AND	INCONSISTENT	AND→INC			NOT_EVALUATED_consensus_calls_only
ENSG00000159788	RGS12	SIMPLE_OR	INCONSISTENT	OR→INC			NOT_EVALUATED_consensus_calls_only
ENSG00000159842	ABR	SIMPLE_AND	BIVALENT	AND→BIV			NOT_EVALUATED_consensus_calls_only
ENSG00000159884	CCDC107	SIMPLE_AND	INCONSISTENT	AND→INC			NOT_EVALUATED_consensus_calls_only
ENSG00000159885	ZNF222	SIMPLE_AND	INCONSISTENT	AND→INC			NOT_EVALUATED_consensus_calls_only
ENSG00000159905	ZNF221	SIMPLE_AND	INCONSISTENT	AND→INC			NOT_EVALUATED_consensus_calls_only
ENSG00000159915	ZNF233	COMPLEX	INCONSISTENT	CPX→INC			NOT_EVALUATED_consensus_calls_only
ENSG00000159917	ZNF235	SIMPLE_AND	INCONSISTENT	AND→INC			NOT_EVALUATED_consensus_calls_only
ENSG00000159958	TNFRSF13C	SIMPLE_AND	INCONSISTENT	AND→INC			NOT_EVALUATED_consensus_calls_only
ENSG00000160013	PTGIR	SIMPLE_AND	INCONSISTENT	AND→INC			NOT_EVALUATED_consensus_calls_only
ENSG00000160014	CALM3	SIMPLE_AND	COMPLEX	AND→CPX			NOT_EVALUATED_consensus_calls_only
ENSG00000160051	IQCC	SIMPLE_AND	INCONSISTENT	AND→INC			NOT_EVALUATED_consensus_calls_only
ENSG00000160055	TMEM234	SIMPLE_AND	INCONSISTENT	AND→INC			NOT_EVALUATED_consensus_calls_only
ENSG00000160062	ZBTB8A	INCONSISTENT	BIVALENT	INC→BIV			NOT_EVALUATED_consensus_calls_only
ENSG00000160094	ZNF362	SIMPLE_AND	BIVALENT	AND→BIV			NOT_EVALUATED_consensus_calls_only
ENSG00000160097	FNDC5	REPRESSED	INCONSISTENT	REP→INC			NOT_EVALUATED_consensus_calls_only
ENSG00000160117	ANKLE1	SIMPLE_AND	INCONSISTENT	AND→INC			NOT_EVALUATED_consensus_calls_only
ENSG00000160124	MIX23	SIMPLE_AND	INCONSISTENT	AND→INC			NOT_EVALUATED_consensus_calls_only
ENSG00000160145	KALRN	REPRESSED	INCONSISTENT	REP→INC			NOT_EVALUATED_consensus_calls_only
ENSG00000160172	FAM86C2P	SIMPLE_AND	INCONSISTENT	AND→INC			NOT_EVALUATED_consensus_calls_only
ENSG00000160188	RSPH1	INCONSISTENT	BIVALENT	INC→BIV			NOT_EVALUATED_consensus_calls_only
ENSG00000160190	SLC37A1	SIMPLE_AND	BIVALENT	AND→BIV			NOT_EVALUATED_consensus_calls_only
ENSG00000160199	PKNOX1	SIMPLE_AND	INCONSISTENT	AND→INC			NOT_EVALUATED_consensus_calls_only
ENSG00000160207	HSF2BP	SIMPLE_AND	INCONSISTENT	AND→INC			NOT_EVALUATED_consensus_calls_only
ENSG00000160219	GAB3	SIMPLE_OR	SIMPLE_AND	OR→AND			NOT_EVALUATED_consensus_calls_only
ENSG00000160226	CFAP410	SIMPLE_AND	INCONSISTENT	AND→INC			NOT_EVALUATED_consensus_calls_only
ENSG00000160229	ZNF66	SIMPLE_AND	INCONSISTENT	AND→INC			NOT_EVALUATED_consensus_calls_only
ENSG00000160255	ITGB2	SIMPLE_AND	BIVALENT	AND→BIV			NOT_EVALUATED_consensus_calls_only
ENSG00000160293	VAV2	SIMPLE_AND	INCONSISTENT	AND→INC			NOT_EVALUATED_consensus_calls_only
ENSG00000160298	C21orf58	SIMPLE_AND	INCONSISTENT	AND→INC			NOT_EVALUATED_consensus_calls_only
ENSG00000160307	S100B	INCONSISTENT	REPRESSED	INC→REP			NOT_EVALUATED_consensus_calls_only
ENSG00000160323	ADAMTS13	SIMPLE_OR	INCONSISTENT	OR→INC			NOT_EVALUATED_consensus_calls_only
ENSG00000160325	CACFD1	BIVALENT	INCONSISTENT	BIV→INC			NOT_EVALUATED_consensus_calls_only
ENSG00000160326	SLC2A6	SIMPLE_AND	BIVALENT	AND→BIV			NOT_EVALUATED_consensus_calls_only
ENSG00000160336	ZNF761	SIMPLE_AND	INCONSISTENT	AND→INC			NOT_EVALUATED_consensus_calls_only
ENSG00000160360	GPSM1	REPRESSED	INCONSISTENT	REP→INC			NOT_EVALUATED_consensus_calls_only
ENSG00000160408	ST6GALNAC6	SIMPLE_AND	INCONSISTENT	AND→INC			NOT_EVALUATED_consensus_calls_only
ENSG00000160445	ZER1	SIMPLE_AND	INCONSISTENT	AND→INC			NOT_EVALUATED_consensus_calls_only
ENSG00000160469	BRSK1	SIMPLE_AND	INCONSISTENT	AND→INC			NOT_EVALUATED_consensus_calls_only
ENSG00000160471	COX6B2	REPRESSED	INCONSISTENT	REP→INC			NOT_EVALUATED_consensus_calls_only
ENSG00000160588	MPZL3	SIMPLE_AND	INCONSISTENT	AND→INC			NOT_EVALUATED_consensus_calls_only
ENSG00000160606	TLCD1	INCONSISTENT	SIMPLE_AND	INC→AND			NOT_EVALUATED_consensus_calls_only
ENSG00000160710	ADAR	SIMPLE_AND	COMPLEX	AND→CPX			NOT_EVALUATED_consensus_calls_only
ENSG00000160712	IL6R	SIMPLE_AND	BIVALENT	AND→BIV			NOT_EVALUATED_consensus_calls_only
ENSG00000160753	RUSC1	SIMPLE_OR	SIMPLE_AND	OR→AND			NOT_EVALUATED_consensus_calls_only
ENSG00000160789	LMNA	BIVALENT	SIMPLE_AND	BIV→AND			NOT_EVALUATED_consensus_calls_only
ENSG00000160838	LRRC71	REPRESSED	INCONSISTENT	REP→INC			NOT_EVALUATED_consensus_calls_only
ENSG00000160867	FGFR4	BIVALENT	SIMPLE_AND	BIV→AND			NOT_EVALUATED_consensus_calls_only
ENSG00000160951	PTGER1	REPRESSED	INCONSISTENT	REP→INC			NOT_EVALUATED_consensus_calls_only
ENSG00000160961	ZNF333	SIMPLE_AND	INCONSISTENT	AND→INC			NOT_EVALUATED_consensus_calls_only
ENSG00000160963	COL26A1	REPRESSED	INCONSISTENT	REP→INC			NOT_EVALUATED_consensus_calls_only
ENSG00000160972	PPP1R16A	SIMPLE_OR	SIMPLE_AND	OR→AND			NOT_EVALUATED_consensus_calls_only
ENSG00000160973	FOXH1	BIVALENT	INCONSISTENT	BIV→INC			NOT_EVALUATED_consensus_calls_only
ENSG00000160993	ALKBH4	SIMPLE_AND	INCONSISTENT	AND→INC			NOT_EVALUATED_consensus_calls_only
ENSG00000160999	SH2B2	SIMPLE_AND	INCONSISTENT	AND→INC			NOT_EVALUATED_consensus_calls_only
ENSG00000161048	NAPEPLD	SIMPLE_AND	INCONSISTENT	AND→INC			NOT_EVALUATED_consensus_calls_only
ENSG00000161243	FBXO27	SIMPLE_OR	INCONSISTENT	OR→INC			NOT_EVALUATED_consensus_calls_only
ENSG00000161265	U2AF1L4	SIMPLE_AND	INCONSISTENT	AND→INC			NOT_EVALUATED_consensus_calls_only
ENSG00000161270	NPHS1	BIVALENT	INCONSISTENT	BIV→INC			NOT_EVALUATED_consensus_calls_only
ENSG00000161277	THAP8	SIMPLE_AND	INCONSISTENT	AND→INC			NOT_EVALUATED_consensus_calls_only
ENSG00000161328	LRRC56	SIMPLE_AND	INCONSISTENT	AND→INC			NOT_EVALUATED_consensus_calls_only
ENSG00000161405	IKZF3	SIMPLE_AND	BIVALENT	AND→BIV			NOT_EVALUATED_consensus_calls_only
ENSG00000161542	PRPSAP1	SIMPLE_OR	SIMPLE_AND	OR→AND			NOT_EVALUATED_consensus_calls_only
ENSG00000161547	SRSF2	COMPLEX	SIMPLE_AND	CPX→AND			NOT_EVALUATED_consensus_calls_only
ENSG00000161638	ITGA5	BIVALENT	SIMPLE_AND	BIV→AND			NOT_EVALUATED_consensus_calls_only
ENSG00000161642	ZNF385A	INCONSISTENT	SIMPLE_AND	INC→AND			NOT_EVALUATED_consensus_calls_only
ENSG00000161647	MPP3	REPRESSED	COMPLEX	REP→CPX			NOT_EVALUATED_consensus_calls_only
ENSG00000161653	NAGS	BIVALENT	INCONSISTENT	BIV→INC			NOT_EVALUATED_consensus_calls_only
ENSG00000161681	SHANK1	REPRESSED	INCONSISTENT	REP→INC			NOT_EVALUATED_consensus_calls_only
ENSG00000161682	FAM171A2	INCONSISTENT	BIVALENT	INC→BIV			NOT_EVALUATED_consensus_calls_only
ENSG00000161714	PLCD3	INCONSISTENT	SIMPLE_AND	INC→AND			NOT_EVALUATED_consensus_calls_only
ENSG00000161914	ZNF653	SIMPLE_AND	INCONSISTENT	AND→INC			NOT_EVALUATED_consensus_calls_only
ENSG00000161920	MED11	SIMPLE_AND	INCONSISTENT	AND→INC			NOT_EVALUATED_consensus_calls_only
ENSG00000161939	RNASEK-C17orf49	SIMPLE_AND	INCONSISTENT	AND→INC			NOT_EVALUATED_consensus_calls_only
ENSG00000161940	BCL6B	SIMPLE_AND	INCONSISTENT	AND→INC			NOT_EVALUATED_consensus_calls_only
ENSG00000161958	FGF11	SIMPLE_AND	INCONSISTENT	AND→INC			NOT_EVALUATED_consensus_calls_only
ENSG00000161973	CCDC42	COMPLEX	INCONSISTENT	CPX→INC			NOT_EVALUATED_consensus_calls_only
ENSG00000161992	PRR35	REPRESSED	INCONSISTENT	REP→INC			NOT_EVALUATED_consensus_calls_only
ENSG00000162004	CCDC78	SIMPLE_AND	INCONSISTENT	AND→INC			NOT_EVALUATED_consensus_calls_only
ENSG00000162062	TEDC2	SIMPLE_AND	INCONSISTENT	AND→INC			NOT_EVALUATED_consensus_calls_only
ENSG00000162174	ASRGL1	BIVALENT	INCONSISTENT	BIV→INC			NOT_EVALUATED_consensus_calls_only
ENSG00000162241	SLC25A45	SIMPLE_AND	INCONSISTENT	AND→INC			NOT_EVALUATED_consensus_calls_only
ENSG00000162341	TPCN2	SIMPLE_AND	INCONSISTENT	AND→INC			NOT_EVALUATED_consensus_calls_only
ENSG00000162367	TAL1	REPRESSED	SIMPLE_AND	REP→AND			NOT_EVALUATED_consensus_calls_only
ENSG00000162390	ACOT11	SIMPLE_OR	BIVALENT	OR→BIV			NOT_EVALUATED_consensus_calls_only
ENSG00000162391	FAM151A	INCONSISTENT	REPRESSED	INC→REP			NOT_EVALUATED_consensus_calls_only
ENSG00000162396	PARS2	SIMPLE_AND	INCONSISTENT	AND→INC			NOT_EVALUATED_consensus_calls_only
ENSG00000162399	BSND	REPRESSED	BIVALENT	REP→BIV			NOT_EVALUATED_consensus_calls_only
ENSG00000162419	GMEB1	SIMPLE_AND	INCONSISTENT	AND→INC			NOT_EVALUATED_consensus_calls_only
ENSG00000162426	SLC45A1	INCONSISTENT	BIVALENT	INC→BIV			NOT_EVALUATED_consensus_calls_only
ENSG00000162430	SELENON	SIMPLE_OR	SIMPLE_AND	OR→AND			NOT_EVALUATED_consensus_calls_only
ENSG00000162434	JAK1	BIVALENT	SIMPLE_AND	BIV→AND			NOT_EVALUATED_consensus_calls_only
ENSG00000162437	RAVER2	BIVALENT	INCONSISTENT	BIV→INC			NOT_EVALUATED_consensus_calls_only
ENSG00000162490	DRAXIN	REPRESSED	INCONSISTENT	REP→INC			NOT_EVALUATED_consensus_calls_only
ENSG00000162496	DHRS3	BIVALENT	SIMPLE_AND	BIV→AND			NOT_EVALUATED_consensus_calls_only
ENSG00000162512	SDC3	REPRESSED	SIMPLE_AND	REP→AND			NOT_EVALUATED_consensus_calls_only
ENSG00000162520	SYNC	BIVALENT	INCONSISTENT	BIV→INC			NOT_EVALUATED_consensus_calls_only
ENSG00000162522	KIAA1522	BIVALENT	SIMPLE_AND	BIV→AND			NOT_EVALUATED_consensus_calls_only
ENSG00000162526	TSSK3	SIMPLE_AND	COMPLEX	AND→CPX			NOT_EVALUATED_consensus_calls_only
ENSG00000162542	TMCO4	SIMPLE_AND	BIVALENT	AND→BIV			NOT_EVALUATED_consensus_calls_only
ENSG00000162545	CAMK2N1	REPRESSED	BIVALENT	REP→BIV			NOT_EVALUATED_consensus_calls_only
ENSG00000162551	ALPL	REPRESSED	BIVALENT	REP→BIV			NOT_EVALUATED_consensus_calls_only
ENSG00000162552	WNT4	REPRESSED	BIVALENT	REP→BIV			NOT_EVALUATED_consensus_calls_only
ENSG00000162591	MEGF6	REPRESSED	INCONSISTENT	REP→INC			NOT_EVALUATED_consensus_calls_only
ENSG00000162604	TM2D1	SIMPLE_AND	INCONSISTENT	AND→INC			NOT_EVALUATED_consensus_calls_only
ENSG00000162620	LRRIQ3	SIMPLE_AND	INCONSISTENT	AND→INC			NOT_EVALUATED_consensus_calls_only
ENSG00000162643	DNAI3	SIMPLE_AND	INCONSISTENT	AND→INC			NOT_EVALUATED_consensus_calls_only
ENSG00000162650	ATXN7L2	SIMPLE_AND	INCONSISTENT	AND→INC			NOT_EVALUATED_consensus_calls_only
ENSG00000162654	GBP4	SIMPLE_AND	REPRESSED	AND→REP			NOT_EVALUATED_consensus_calls_only
ENSG00000162669	HFM1	BIVALENT	INCONSISTENT	BIV→INC			NOT_EVALUATED_consensus_calls_only
ENSG00000162670	BRINP3	REPRESSED	INCONSISTENT	REP→INC			NOT_EVALUATED_consensus_calls_only
ENSG00000162676	GFI1	COMPLEX	INCONSISTENT	CPX→INC			NOT_EVALUATED_consensus_calls_only
ENSG00000162711	NLRP3	BIVALENT	REPRESSED	BIV→REP			NOT_EVALUATED_consensus_calls_only
ENSG00000162722	TRIM58	REPRESSED	INCONSISTENT	REP→INC			NOT_EVALUATED_consensus_calls_only
ENSG00000162729	IGSF8	SIMPLE_AND	INCONSISTENT	AND→INC			NOT_EVALUATED_consensus_calls_only
ENSG00000162733	DDR2	SIMPLE_AND	INCONSISTENT	AND→INC			NOT_EVALUATED_consensus_calls_only
ENSG00000162738	VANGL2	SIMPLE_OR	INCONSISTENT	OR→INC			NOT_EVALUATED_consensus_calls_only
ENSG00000162739	SLAMF6	SIMPLE_AND	INCONSISTENT	AND→INC			NOT_EVALUATED_consensus_calls_only
ENSG00000162757	C1orf74	SIMPLE_AND	COMPLEX	AND→CPX			NOT_EVALUATED_consensus_calls_only
ENSG00000162777	DENND2D	SIMPLE_AND	INCONSISTENT	AND→INC			NOT_EVALUATED_consensus_calls_only
ENSG00000162825	NBPF20	SIMPLE_OR	INCONSISTENT	OR→INC			NOT_EVALUATED_consensus_calls_only
ENSG00000162836	ACP6	SIMPLE_AND	INCONSISTENT	AND→INC			NOT_EVALUATED_consensus_calls_only
ENSG00000162869	PPP1R21	SIMPLE_AND	INCONSISTENT	AND→INC			NOT_EVALUATED_consensus_calls_only
ENSG00000162878	PKDCC	BIVALENT	INCONSISTENT	BIV→INC			NOT_EVALUATED_consensus_calls_only
ENSG00000162894	FCMR	SIMPLE_AND	INCONSISTENT	AND→INC			NOT_EVALUATED_consensus_calls_only
ENSG00000162913	OBSCN-AS1	INCONSISTENT	COMPLEX	INC→CPX			NOT_EVALUATED_consensus_calls_only
ENSG00000162924	REL	COMPLEX	INCONSISTENT	CPX→INC			NOT_EVALUATED_consensus_calls_only
ENSG00000162927	PUS10	SIMPLE_AND	INCONSISTENT	AND→INC			NOT_EVALUATED_consensus_calls_only
ENSG00000162929	SANBR	SIMPLE_AND	INCONSISTENT	AND→INC			NOT_EVALUATED_consensus_calls_only
ENSG00000162931	TRIM17	REPRESSED	INCONSISTENT	REP→INC			NOT_EVALUATED_consensus_calls_only
ENSG00000162951	LRRTM1	REPRESSED	BIVALENT	REP→BIV			NOT_EVALUATED_consensus_calls_only
ENSG00000162971	TYW5	SIMPLE_AND	INCONSISTENT	AND→INC			NOT_EVALUATED_consensus_calls_only
ENSG00000162976	SLC66A3	BIVALENT	SIMPLE_AND	BIV→AND			NOT_EVALUATED_consensus_calls_only
ENSG00000162981	LRATD1	REPRESSED	INCONSISTENT	REP→INC			NOT_EVALUATED_consensus_calls_only
ENSG00000162994	CLHC1	SIMPLE_AND	INCONSISTENT	AND→INC			NOT_EVALUATED_consensus_calls_only
ENSG00000162997	PRORSD1P	SIMPLE_AND	INCONSISTENT	AND→INC			NOT_EVALUATED_consensus_calls_only
ENSG00000163001	CFAP36	COMPLEX	INCONSISTENT	CPX→INC			NOT_EVALUATED_consensus_calls_only
ENSG00000163012	ZSWIM2	BIVALENT	INCONSISTENT	BIV→INC			NOT_EVALUATED_consensus_calls_only
ENSG00000163013	FBXO41	SIMPLE_AND	INCONSISTENT	AND→INC			NOT_EVALUATED_consensus_calls_only
ENSG00000163026	WDCP	BIVALENT	SIMPLE_AND	BIV→AND			NOT_EVALUATED_consensus_calls_only
ENSG00000163032	VSNL1	REPRESSED	BIVALENT	REP→BIV			NOT_EVALUATED_consensus_calls_only
ENSG00000163040	CCDC74A	SIMPLE_AND	INCONSISTENT	AND→INC			NOT_EVALUATED_consensus_calls_only
ENSG00000163093	BBS5	SIMPLE_OR	INCONSISTENT	OR→INC			NOT_EVALUATED_consensus_calls_only
ENSG00000163121	NEURL3	SIMPLE_OR	INCONSISTENT	OR→INC			NOT_EVALUATED_consensus_calls_only
ENSG00000163126	ANKRD23	SIMPLE_AND	INCONSISTENT	AND→INC			NOT_EVALUATED_consensus_calls_only
ENSG00000163131	CTSS	SIMPLE_AND	INCONSISTENT	AND→INC			NOT_EVALUATED_consensus_calls_only
ENSG00000163132	MSX1	BIVALENT	INCONSISTENT	BIV→INC			NOT_EVALUATED_consensus_calls_only
ENSG00000163154	TNFAIP8L2	SIMPLE_AND	INCONSISTENT	AND→INC			NOT_EVALUATED_consensus_calls_only
ENSG00000163155	LYSMD1	SIMPLE_AND	INCONSISTENT	AND→INC			NOT_EVALUATED_consensus_calls_only
ENSG00000163156	SCNM1	SIMPLE_AND	SIMPLE_OR	AND→OR			NOT_EVALUATED_consensus_calls_only
ENSG00000163191	S100A11	INCONSISTENT	SIMPLE_AND	INC→AND			NOT_EVALUATED_consensus_calls_only
ENSG00000163216	SPRR2D	REPRESSED	INCONSISTENT	REP→INC			NOT_EVALUATED_consensus_calls_only
ENSG00000163218	PGLYRP4	SIMPLE_OR	REPRESSED	OR→REP			NOT_EVALUATED_consensus_calls_only
ENSG00000163235	TGFA	REPRESSED	BIVALENT	REP→BIV			NOT_EVALUATED_consensus_calls_only
ENSG00000163249	CCNYL1	SIMPLE_AND	INCONSISTENT	AND→INC			NOT_EVALUATED_consensus_calls_only
ENSG00000163251	FZD5	SIMPLE_OR	SIMPLE_AND	OR→AND			NOT_EVALUATED_consensus_calls_only
ENSG00000163281	GNPDA2	SIMPLE_AND	INCONSISTENT	AND→INC			NOT_EVALUATED_consensus_calls_only
ENSG00000163291	PAQR3	SIMPLE_OR	SIMPLE_AND	OR→AND			NOT_EVALUATED_consensus_calls_only
ENSG00000163293	NIPAL1	SIMPLE_AND	INCONSISTENT	AND→INC			NOT_EVALUATED_consensus_calls_only
ENSG00000163312	HELQ	SIMPLE_AND	INCONSISTENT	AND→INC			NOT_EVALUATED_consensus_calls_only
ENSG00000163328	GPR155	SIMPLE_AND	COMPLEX	AND→CPX			NOT_EVALUATED_consensus_calls_only
ENSG00000163344	PMVK	SIMPLE_AND	INCONSISTENT	AND→INC			NOT_EVALUATED_consensus_calls_only
ENSG00000163346	PBXIP1	SIMPLE_AND	INCONSISTENT	AND→INC			NOT_EVALUATED_consensus_calls_only
ENSG00000163362	INAVA	SIMPLE_AND	BIVALENT	AND→BIV			NOT_EVALUATED_consensus_calls_only
ENSG00000163376	KBTBD8	SIMPLE_AND	INCONSISTENT	AND→INC			NOT_EVALUATED_consensus_calls_only
ENSG00000163378	EOGT	SIMPLE_AND	INCONSISTENT	AND→INC			NOT_EVALUATED_consensus_calls_only
ENSG00000163389	POGLUT1	SIMPLE_AND	INCONSISTENT	AND→INC			NOT_EVALUATED_consensus_calls_only
ENSG00000163393	SLC22A15	SIMPLE_OR	BIVALENT	OR→BIV			NOT_EVALUATED_consensus_calls_only
ENSG00000163431	LMOD1	REPRESSED	INCONSISTENT	REP→INC			NOT_EVALUATED_consensus_calls_only
ENSG00000163453	IGFBP7	REPRESSED	INCONSISTENT	REP→INC			NOT_EVALUATED_consensus_calls_only
ENSG00000163462	TRIM46	COMPLEX	INCONSISTENT	CPX→INC			NOT_EVALUATED_consensus_calls_only
ENSG00000163463	KRTCAP2	COMPLEX	SIMPLE_AND	CPX→AND			NOT_EVALUATED_consensus_calls_only
ENSG00000163472	TMEM79	SIMPLE_AND	INCONSISTENT	AND→INC			NOT_EVALUATED_consensus_calls_only
ENSG00000163482	STK36	SIMPLE_AND	INCONSISTENT	AND→INC			NOT_EVALUATED_consensus_calls_only
ENSG00000163491	NEK10	SIMPLE_OR	INCONSISTENT	OR→INC			NOT_EVALUATED_consensus_calls_only
ENSG00000163497	FEV	REPRESSED	INCONSISTENT	REP→INC			NOT_EVALUATED_consensus_calls_only
ENSG00000163499	CRYBA2	REPRESSED	INCONSISTENT	REP→INC			NOT_EVALUATED_consensus_calls_only
ENSG00000163508	EOMES	BIVALENT	INCONSISTENT	BIV→INC			NOT_EVALUATED_consensus_calls_only
ENSG00000163510	CWC22	SIMPLE_AND	INCONSISTENT	AND→INC			NOT_EVALUATED_consensus_calls_only
ENSG00000163513	TGFBR2	BIVALENT	INCONSISTENT	BIV→INC			NOT_EVALUATED_consensus_calls_only
ENSG00000163520	FBLN2	REPRESSED	INCONSISTENT	REP→INC			NOT_EVALUATED_consensus_calls_only
ENSG00000163521	GLB1L	SIMPLE_AND	INCONSISTENT	AND→INC			NOT_EVALUATED_consensus_calls_only
ENSG00000163536	SERPINI1	SIMPLE_AND	INCONSISTENT	AND→INC			NOT_EVALUATED_consensus_calls_only
ENSG00000163576	EFHB	COMPLEX	INCONSISTENT	CPX→INC			NOT_EVALUATED_consensus_calls_only
ENSG00000163581	SLC2A2	REPRESSED	BIVALENT	REP→BIV			NOT_EVALUATED_consensus_calls_only
ENSG00000163596	ICA1L	SIMPLE_AND	INCONSISTENT	AND→INC			NOT_EVALUATED_consensus_calls_only
ENSG00000163602	RYBP	SIMPLE_AND	INCONSISTENT	AND→INC			NOT_EVALUATED_consensus_calls_only
ENSG00000163611	SPICE1	SIMPLE_AND	INCONSISTENT	AND→INC			NOT_EVALUATED_consensus_calls_only
ENSG00000163617	CCDC191	SIMPLE_AND	INCONSISTENT	AND→INC			NOT_EVALUATED_consensus_calls_only
ENSG00000163625	WDFY3	REPRESSED	INCONSISTENT	REP→INC			NOT_EVALUATED_consensus_calls_only
ENSG00000163629	PTPN13	BIVALENT	REPRESSED	BIV→REP			NOT_EVALUATED_consensus_calls_only
ENSG00000163633	C4orf36	SIMPLE_OR	INCONSISTENT	OR→INC			NOT_EVALUATED_consensus_calls_only
ENSG00000163635	ATXN7	SIMPLE_AND	INCONSISTENT	AND→INC			NOT_EVALUATED_consensus_calls_only
ENSG00000163638	ADAMTS9	REPRESSED	INCONSISTENT	REP→INC			NOT_EVALUATED_consensus_calls_only
ENSG00000163644	PPM1K	SIMPLE_AND	INCONSISTENT	AND→INC			NOT_EVALUATED_consensus_calls_only
ENSG00000163659	TIPARP	SIMPLE_AND	INCONSISTENT	AND→INC			NOT_EVALUATED_consensus_calls_only
ENSG00000163661	PTX3	REPRESSED	INCONSISTENT	REP→INC			NOT_EVALUATED_consensus_calls_only
ENSG00000163683	SMIM14	SIMPLE_AND	INCONSISTENT	AND→INC			NOT_EVALUATED_consensus_calls_only
ENSG00000163684	RPP14	SIMPLE_AND	INCONSISTENT	AND→INC			NOT_EVALUATED_consensus_calls_only
ENSG00000163686	ABHD6	SIMPLE_AND	INCONSISTENT	AND→INC			NOT_EVALUATED_consensus_calls_only
ENSG00000163689	CFAP20DC	SIMPLE_OR	INCONSISTENT	OR→INC			NOT_EVALUATED_consensus_calls_only
ENSG00000163694	RBM47	SIMPLE_AND	REPRESSED	AND→REP			NOT_EVALUATED_consensus_calls_only
ENSG00000163702	IL17RC	SIMPLE_OR	INCONSISTENT	OR→INC			NOT_EVALUATED_consensus_calls_only
ENSG00000163704	PRRT3	SIMPLE_AND	INCONSISTENT	AND→INC			NOT_EVALUATED_consensus_calls_only
ENSG00000163710	PCOLCE2	REPRESSED	INCONSISTENT	REP→INC			NOT_EVALUATED_consensus_calls_only
ENSG00000163714	U2SURP	REPRESSED	SIMPLE_AND	REP→AND			NOT_EVALUATED_consensus_calls_only
ENSG00000163734	CXCL3	BIVALENT	INCONSISTENT	BIV→INC			NOT_EVALUATED_consensus_calls_only
ENSG00000163755	HPS3	SIMPLE_AND	INCONSISTENT	AND→INC			NOT_EVALUATED_consensus_calls_only
ENSG00000163785	RYK	SIMPLE_OR	INCONSISTENT	OR→INC			NOT_EVALUATED_consensus_calls_only
ENSG00000163795	ZNF513	SIMPLE_AND	INCONSISTENT	AND→INC			NOT_EVALUATED_consensus_calls_only
ENSG00000163807	KIAA1143	SIMPLE_AND	COMPLEX	AND→CPX			NOT_EVALUATED_consensus_calls_only
ENSG00000163808	KIF15	SIMPLE_AND	COMPLEX	AND→CPX			NOT_EVALUATED_consensus_calls_only
ENSG00000163814	CDCP1	BIVALENT	SIMPLE_AND	BIV→AND			NOT_EVALUATED_consensus_calls_only
ENSG00000163817	SLC6A20	BIVALENT	REPRESSED	BIV→REP			NOT_EVALUATED_consensus_calls_only
ENSG00000163820	FYCO1	SIMPLE_AND	INCONSISTENT	AND→INC			NOT_EVALUATED_consensus_calls_only
ENSG00000163840	DTX3L	SIMPLE_AND	INCONSISTENT	AND→INC			NOT_EVALUATED_consensus_calls_only
ENSG00000163866	SMIM12	SIMPLE_AND	COMPLEX	AND→CPX			NOT_EVALUATED_consensus_calls_only
ENSG00000163874	ZC3H12A	SIMPLE_AND	INCONSISTENT	AND→INC			NOT_EVALUATED_consensus_calls_only
ENSG00000163877	SNIP1	SIMPLE_AND	COMPLEX	AND→CPX			NOT_EVALUATED_consensus_calls_only
ENSG00000163884	KLF15	BIVALENT	INCONSISTENT	BIV→INC			NOT_EVALUATED_consensus_calls_only
ENSG00000163888	CAMK2N2	BIVALENT	INCONSISTENT	BIV→INC			NOT_EVALUATED_consensus_calls_only
ENSG00000163898	LIPH	SIMPLE_AND	INCONSISTENT	AND→INC			NOT_EVALUATED_consensus_calls_only
ENSG00000163913	IFT122	SIMPLE_OR	INCONSISTENT	OR→INC			NOT_EVALUATED_consensus_calls_only
ENSG00000163935	SFMBT1	SIMPLE_AND	INCONSISTENT	AND→INC			NOT_EVALUATED_consensus_calls_only
ENSG00000163945	UVSSA	SIMPLE_AND	INCONSISTENT	AND→INC			NOT_EVALUATED_consensus_calls_only
ENSG00000163947	ARHGEF3	BIVALENT	INCONSISTENT	BIV→INC			NOT_EVALUATED_consensus_calls_only
ENSG00000163975	MELTF	SIMPLE_AND	INCONSISTENT	AND→INC			NOT_EVALUATED_consensus_calls_only
ENSG00000163995	ABLIM2	INCONSISTENT	BIVALENT	INC→BIV			NOT_EVALUATED_consensus_calls_only
ENSG00000164008	C1orf50	SIMPLE_AND	INCONSISTENT	AND→INC			NOT_EVALUATED_consensus_calls_only
ENSG00000164011	ZNF691	SIMPLE_AND	INCONSISTENT	AND→INC			NOT_EVALUATED_consensus_calls_only
ENSG00000164023	SGMS2	REPRESSED	BIVALENT	REP→BIV			NOT_EVALUATED_consensus_calls_only
ENSG00000164031	DNAJB14	SIMPLE_AND	INCONSISTENT	AND→INC			NOT_EVALUATED_consensus_calls_only
ENSG00000164037	SLC9B1	SIMPLE_AND	INCONSISTENT	AND→INC			NOT_EVALUATED_consensus_calls_only
ENSG00000164039	BDH2	SIMPLE_AND	INCONSISTENT	AND→INC			NOT_EVALUATED_consensus_calls_only
ENSG00000164040	PGRMC2	SIMPLE_AND	INCONSISTENT	AND→INC			NOT_EVALUATED_consensus_calls_only
ENSG00000164048	ZNF589	SIMPLE_AND	INCONSISTENT	AND→INC			NOT_EVALUATED_consensus_calls_only
ENSG00000164051	CCDC51	SIMPLE_AND	INCONSISTENT	AND→INC			NOT_EVALUATED_consensus_calls_only
ENSG00000164056	SPRY1	BIVALENT	INCONSISTENT	BIV→INC			NOT_EVALUATED_consensus_calls_only
ENSG00000164061	BSN	BIVALENT	INCONSISTENT	BIV→INC			NOT_EVALUATED_consensus_calls_only
ENSG00000164074	ABHD18	SIMPLE_AND	INCONSISTENT	AND→INC			NOT_EVALUATED_consensus_calls_only
ENSG00000164076	CAMKV	REPRESSED	INCONSISTENT	REP→INC			NOT_EVALUATED_consensus_calls_only
ENSG00000164078	MST1R	SIMPLE_AND	INCONSISTENT	AND→INC			NOT_EVALUATED_consensus_calls_only
ENSG00000164088	PPM1M	SIMPLE_AND	INCONSISTENT	AND→INC			NOT_EVALUATED_consensus_calls_only
ENSG00000164089	ETNPPL	REPRESSED	BIVALENT	REP→BIV			NOT_EVALUATED_consensus_calls_only
ENSG00000164105	SAP30	SIMPLE_AND	INCONSISTENT	AND→INC			NOT_EVALUATED_consensus_calls_only
ENSG00000164107	HAND2	REPRESSED	INCONSISTENT	REP→INC			NOT_EVALUATED_consensus_calls_only
ENSG00000164112	SMIM43	REPRESSED	BIVALENT	REP→BIV			NOT_EVALUATED_consensus_calls_only
ENSG00000164120	HPGD	BIVALENT	INCONSISTENT	BIV→INC			NOT_EVALUATED_consensus_calls_only
ENSG00000164142	FHIP1A	BIVALENT	INCONSISTENT	BIV→INC			NOT_EVALUATED_consensus_calls_only
ENSG00000164161	HHIP	BIVALENT	INCONSISTENT	BIV→INC			NOT_EVALUATED_consensus_calls_only
ENSG00000164169	PRMT9	SIMPLE_AND	INCONSISTENT	AND→INC			NOT_EVALUATED_consensus_calls_only
ENSG00000164219	PGGT1B	SIMPLE_AND	INCONSISTENT	AND→INC			NOT_EVALUATED_consensus_calls_only
ENSG00000164221	CCDC112	INCONSISTENT	COMPLEX	INC→CPX			NOT_EVALUATED_consensus_calls_only
ENSG00000164236	ANKRD33B	SIMPLE_AND	INCONSISTENT	AND→INC			NOT_EVALUATED_consensus_calls_only
ENSG00000164237	CMBL	INCONSISTENT	SIMPLE_AND	INC→AND			NOT_EVALUATED_consensus_calls_only
ENSG00000164241	C5orf63	SIMPLE_AND	INCONSISTENT	AND→INC			NOT_EVALUATED_consensus_calls_only
ENSG00000164251	F2RL1	BIVALENT	INCONSISTENT	BIV→INC			NOT_EVALUATED_consensus_calls_only
ENSG00000164287	CDC20B	BIVALENT	INCONSISTENT	BIV→INC			NOT_EVALUATED_consensus_calls_only
ENSG00000164291	ARSK	SIMPLE_AND	INCONSISTENT	AND→INC			NOT_EVALUATED_consensus_calls_only
ENSG00000164294	GPX8	REPRESSED	BIVALENT	REP→BIV			NOT_EVALUATED_consensus_calls_only
ENSG00000164296	TIGD6	SIMPLE_AND	INCONSISTENT	AND→INC			NOT_EVALUATED_consensus_calls_only
ENSG00000164300	SERINC5	SIMPLE_AND	INCONSISTENT	AND→INC			NOT_EVALUATED_consensus_calls_only
ENSG00000164306	PRIMPOL	SIMPLE_AND	INCONSISTENT	AND→INC			NOT_EVALUATED_consensus_calls_only
ENSG00000164308	ERAP2	SIMPLE_AND	INCONSISTENT	AND→INC			NOT_EVALUATED_consensus_calls_only
ENSG00000164323	CFAP97	SIMPLE_AND	SIMPLE_OR	AND→OR			NOT_EVALUATED_consensus_calls_only
ENSG00000164330	EBF1	SIMPLE_AND	INCONSISTENT	AND→INC			NOT_EVALUATED_consensus_calls_only
ENSG00000164331	ANKRA2	SIMPLE_AND	INCONSISTENT	AND→INC			NOT_EVALUATED_consensus_calls_only
ENSG00000164332	UBLCP1	SIMPLE_AND	INCONSISTENT	AND→INC			NOT_EVALUATED_consensus_calls_only
ENSG00000164362	TERT	SIMPLE_OR	BIVALENT	OR→BIV			NOT_EVALUATED_consensus_calls_only
ENSG00000164366	CCDC127	SIMPLE_AND	INCONSISTENT	AND→INC			NOT_EVALUATED_consensus_calls_only
ENSG00000164398	ACSL6	REPRESSED	INCONSISTENT	REP→INC			NOT_EVALUATED_consensus_calls_only
ENSG00000164403	SHROOM1	SIMPLE_OR	INCONSISTENT	OR→INC			NOT_EVALUATED_consensus_calls_only
ENSG00000164414	SLC35A1	SIMPLE_AND	INCONSISTENT	AND→INC			NOT_EVALUATED_consensus_calls_only
ENSG00000164458	TBXT	BIVALENT	REPRESSED	BIV→REP			NOT_EVALUATED_consensus_calls_only
ENSG00000164463	CREBRF	SIMPLE_AND	INCONSISTENT	AND→INC			NOT_EVALUATED_consensus_calls_only
ENSG00000164466	SFXN1	COMPLEX	BIVALENT	CPX→BIV			NOT_EVALUATED_consensus_calls_only
ENSG00000164483	SAMD3	BIVALENT	INCONSISTENT	BIV→INC			NOT_EVALUATED_consensus_calls_only
ENSG00000164484	TMEM200A	BIVALENT	INCONSISTENT	BIV→INC			NOT_EVALUATED_consensus_calls_only
ENSG00000164485	IL22RA2	INCONSISTENT	COMPLEX	INC→CPX			NOT_EVALUATED_consensus_calls_only
ENSG00000164543	STK17A	SIMPLE_AND	INCONSISTENT	AND→INC			NOT_EVALUATED_consensus_calls_only
ENSG00000164576	SAP30L	SIMPLE_AND	INCONSISTENT	AND→INC			NOT_EVALUATED_consensus_calls_only
ENSG00000164603	BMT2	SIMPLE_AND	INCONSISTENT	AND→INC			NOT_EVALUATED_consensus_calls_only
ENSG00000164609	SLU7	SIMPLE_AND	INCONSISTENT	AND→INC			NOT_EVALUATED_consensus_calls_only
ENSG00000164615	CAMLG	SIMPLE_AND	INCONSISTENT	AND→INC			NOT_EVALUATED_consensus_calls_only
ENSG00000164620	RELL2	SIMPLE_AND	INCONSISTENT	AND→INC			NOT_EVALUATED_consensus_calls_only
ENSG00000164631	ZNF12	SIMPLE_AND	COMPLEX	AND→CPX			NOT_EVALUATED_consensus_calls_only
ENSG00000164647	STEAP1	SIMPLE_OR	INCONSISTENT	OR→INC			NOT_EVALUATED_consensus_calls_only
ENSG00000164649	CDCA7L	SIMPLE_AND	BIVALENT	AND→BIV			NOT_EVALUATED_consensus_calls_only
ENSG00000164651	SP8	REPRESSED	INCONSISTENT	REP→INC			NOT_EVALUATED_consensus_calls_only
ENSG00000164659	ELAPOR2	INCONSISTENT	SIMPLE_AND	INC→AND			NOT_EVALUATED_consensus_calls_only
ENSG00000164663	USP49	SIMPLE_AND	INCONSISTENT	AND→INC			NOT_EVALUATED_consensus_calls_only
ENSG00000164674	SYTL3	SIMPLE_AND	REPRESSED	AND→REP			NOT_EVALUATED_consensus_calls_only
ENSG00000164675	IQUB	BIVALENT	INCONSISTENT	BIV→INC			NOT_EVALUATED_consensus_calls_only
ENSG00000164683	HEY1	SIMPLE_AND	INCONSISTENT	AND→INC			NOT_EVALUATED_consensus_calls_only
ENSG00000164687	FABP5	SIMPLE_AND	INCONSISTENT	AND→INC			NOT_EVALUATED_consensus_calls_only
ENSG00000164691	TAGAP	COMPLEX	REPRESSED	CPX→REP			NOT_EVALUATED_consensus_calls_only
ENSG00000164692	COL1A2	REPRESSED	SIMPLE_OR	REP→OR			NOT_EVALUATED_consensus_calls_only
ENSG00000164694	FNDC1	REPRESSED	INCONSISTENT	REP→INC			NOT_EVALUATED_consensus_calls_only
ENSG00000164713	BRI3	SIMPLE_AND	INCONSISTENT	AND→INC			NOT_EVALUATED_consensus_calls_only
ENSG00000164742	ADCY1	REPRESSED	BIVALENT	REP→BIV			NOT_EVALUATED_consensus_calls_only
ENSG00000164751	PEX2	SIMPLE_AND	INCONSISTENT	AND→INC			NOT_EVALUATED_consensus_calls_only
ENSG00000164818	DNAAF5	SIMPLE_AND	COMPLEX	AND→CPX			NOT_EVALUATED_consensus_calls_only
ENSG00000164823	OSGIN2	SIMPLE_AND	INCONSISTENT	AND→INC			NOT_EVALUATED_consensus_calls_only
ENSG00000164841	TMEM74	BIVALENT	INCONSISTENT	BIV→INC			NOT_EVALUATED_consensus_calls_only
ENSG00000164849	GPR146	SIMPLE_AND	INCONSISTENT	AND→INC			NOT_EVALUATED_consensus_calls_only
ENSG00000164902	PHAX	SIMPLE_AND	COMPLEX	AND→CPX			NOT_EVALUATED_consensus_calls_only
ENSG00000164904	ALDH7A1	SIMPLE_OR	REPRESSED	OR→REP			NOT_EVALUATED_consensus_calls_only
ENSG00000164920	OSR2	SIMPLE_AND	INCONSISTENT	AND→INC			NOT_EVALUATED_consensus_calls_only
ENSG00000164938	TP53INP1	SIMPLE_AND	INCONSISTENT	AND→INC			NOT_EVALUATED_consensus_calls_only
ENSG00000164949	GEM	SIMPLE_AND	BIVALENT	AND→BIV			NOT_EVALUATED_consensus_calls_only
ENSG00000164953	TMEM67	SIMPLE_AND	INCONSISTENT	AND→INC			NOT_EVALUATED_consensus_calls_only
ENSG00000164970	FAM219A	BIVALENT	INCONSISTENT	BIV→INC			NOT_EVALUATED_consensus_calls_only
ENSG00000164978	NUDT2	SIMPLE_AND	INCONSISTENT	AND→INC			NOT_EVALUATED_consensus_calls_only
ENSG00000164983	TMEM65	SIMPLE_AND	INCONSISTENT	AND→INC			NOT_EVALUATED_consensus_calls_only
ENSG00000164989	CCDC171	SIMPLE_AND	INCONSISTENT	AND→INC			NOT_EVALUATED_consensus_calls_only
ENSG00000165025	SYK	SIMPLE_AND	INCONSISTENT	AND→INC			NOT_EVALUATED_consensus_calls_only
ENSG00000165028	NIPSNAP3B	SIMPLE_AND	INCONSISTENT	AND→INC			NOT_EVALUATED_consensus_calls_only
ENSG00000165030	NFIL3	BIVALENT	INCONSISTENT	BIV→INC			NOT_EVALUATED_consensus_calls_only
ENSG00000165046	LETM2	SIMPLE_AND	INCONSISTENT	AND→INC			NOT_EVALUATED_consensus_calls_only
ENSG00000165060	FXN	SIMPLE_AND	INCONSISTENT	AND→INC			NOT_EVALUATED_consensus_calls_only
ENSG00000165066	NKX6-3	REPRESSED	INCONSISTENT	REP→INC			NOT_EVALUATED_consensus_calls_only
ENSG00000165102	HGSNAT	SIMPLE_AND	INCONSISTENT	AND→INC			NOT_EVALUATED_consensus_calls_only
ENSG00000165115	KIF27	SIMPLE_AND	INCONSISTENT	AND→INC			NOT_EVALUATED_consensus_calls_only
ENSG00000165119	HNRNPK	COMPLEX	SIMPLE_AND	CPX→AND			NOT_EVALUATED_consensus_calls_only
ENSG00000165138	ANKS6	BIVALENT	SIMPLE_AND	BIV→AND			NOT_EVALUATED_consensus_calls_only
ENSG00000165169	DYNLT3	SIMPLE_AND	INCONSISTENT	AND→INC			NOT_EVALUATED_consensus_calls_only
ENSG00000165233	CARD19	SIMPLE_AND	INCONSISTENT	AND→INC			NOT_EVALUATED_consensus_calls_only
ENSG00000165238	WNK2	REPRESSED	BIVALENT	REP→BIV			NOT_EVALUATED_consensus_calls_only
ENSG00000165244	ZNF367	SIMPLE_AND	INCONSISTENT	AND→INC			NOT_EVALUATED_consensus_calls_only
ENSG00000165272	AQP3	INCONSISTENT	SIMPLE_AND	INC→AND			NOT_EVALUATED_consensus_calls_only
ENSG00000165275	TRMT10B	SIMPLE_AND	INCONSISTENT	AND→INC			NOT_EVALUATED_consensus_calls_only
ENSG00000165304	MELK	COMPLEX	SIMPLE_AND	CPX→AND			NOT_EVALUATED_consensus_calls_only
ENSG00000165312	OTUD1	BIVALENT	INCONSISTENT	BIV→INC			NOT_EVALUATED_consensus_calls_only
ENSG00000165325	DEUP1	REPRESSED	INCONSISTENT	REP→INC			NOT_EVALUATED_consensus_calls_only
ENSG00000165338	HECTD2	SIMPLE_AND	INCONSISTENT	AND→INC			NOT_EVALUATED_consensus_calls_only
ENSG00000165355	FBXO33	SIMPLE_AND	INCONSISTENT	AND→INC			NOT_EVALUATED_consensus_calls_only
ENSG00000165359	INTS6L	SIMPLE_AND	INCONSISTENT	AND→INC			NOT_EVALUATED_consensus_calls_only
ENSG00000165370	GPR101	BIVALENT	REPRESSED	BIV→REP			NOT_EVALUATED_consensus_calls_only
ENSG00000165379	LRFN5	REPRESSED	INCONSISTENT	REP→INC			NOT_EVALUATED_consensus_calls_only
ENSG00000165389	SPTSSA	SIMPLE_AND	INCONSISTENT	AND→INC			NOT_EVALUATED_consensus_calls_only
ENSG00000165392	WRN	BIVALENT	SIMPLE_AND	BIV→AND			NOT_EVALUATED_consensus_calls_only
ENSG00000165409	TSHR	REPRESSED	INCONSISTENT	REP→INC			NOT_EVALUATED_consensus_calls_only
ENSG00000165410	CFL2	SIMPLE_AND	INCONSISTENT	AND→INC			NOT_EVALUATED_consensus_calls_only
ENSG00000165475	CRYL1	SIMPLE_AND	INCONSISTENT	AND→INC			NOT_EVALUATED_consensus_calls_only
ENSG00000165476	REEP3	SIMPLE_AND	COMPLEX	AND→CPX			NOT_EVALUATED_consensus_calls_only
ENSG00000165487	MICU2	SIMPLE_AND	INCONSISTENT	AND→INC			NOT_EVALUATED_consensus_calls_only
ENSG00000165490	DDIAS	SIMPLE_AND	INCONSISTENT	AND→INC			NOT_EVALUATED_consensus_calls_only
ENSG00000165501	LRR1	SIMPLE_AND	INCONSISTENT	AND→INC			NOT_EVALUATED_consensus_calls_only
ENSG00000165506	DNAAF2	SIMPLE_AND	INCONSISTENT	AND→INC			NOT_EVALUATED_consensus_calls_only
ENSG00000165507	DEPP1	SIMPLE_AND	INCONSISTENT	AND→INC			NOT_EVALUATED_consensus_calls_only
ENSG00000165511	ZNF22-AS1	INCONSISTENT	COMPLEX	INC→CPX			NOT_EVALUATED_consensus_calls_only
ENSG00000165512	ZNF22	SIMPLE_AND	COMPLEX	AND→CPX			NOT_EVALUATED_consensus_calls_only
ENSG00000165566	AMER2	BIVALENT	REPRESSED	BIV→REP			NOT_EVALUATED_consensus_calls_only
ENSG00000165572	KBTBD6	SIMPLE_AND	INCONSISTENT	AND→INC			NOT_EVALUATED_consensus_calls_only
ENSG00000165621	OXGR1	REPRESSED	BIVALENT	REP→BIV			NOT_EVALUATED_consensus_calls_only
ENSG00000165626	BEND7	REPRESSED	INCONSISTENT	REP→INC			NOT_EVALUATED_consensus_calls_only
ENSG00000165630	PRPF18	SIMPLE_AND	INCONSISTENT	AND→INC			NOT_EVALUATED_consensus_calls_only
ENSG00000165632	TAF3	SIMPLE_AND	INCONSISTENT	AND→INC			NOT_EVALUATED_consensus_calls_only
ENSG00000165633	VSTM4	REPRESSED	INCONSISTENT	REP→INC			NOT_EVALUATED_consensus_calls_only
ENSG00000165660	ABRAXAS2	SIMPLE_AND	INCONSISTENT	AND→INC			NOT_EVALUATED_consensus_calls_only
ENSG00000165661	QSOX2	SIMPLE_AND	INCONSISTENT	AND→INC			NOT_EVALUATED_consensus_calls_only
ENSG00000165669	FAM204A	COMPLEX	INCONSISTENT	CPX→INC			NOT_EVALUATED_consensus_calls_only
ENSG00000165684	SNAPC4	SIMPLE_AND	INCONSISTENT	AND→INC			NOT_EVALUATED_consensus_calls_only
ENSG00000165695	AK8	BIVALENT	INCONSISTENT	BIV→INC			NOT_EVALUATED_consensus_calls_only
ENSG00000165698	SPACA9	BIVALENT	INCONSISTENT	BIV→INC			NOT_EVALUATED_consensus_calls_only
ENSG00000165702	GFI1B	INCONSISTENT	SIMPLE_AND	INC→AND			NOT_EVALUATED_consensus_calls_only
ENSG00000165716	DIPK1B	REPRESSED	SIMPLE_AND	REP→AND			NOT_EVALUATED_consensus_calls_only
ENSG00000165752	STK32C	SIMPLE_AND	INCONSISTENT	AND→INC			NOT_EVALUATED_consensus_calls_only
ENSG00000165782	PIP4P1	SIMPLE_AND	INCONSISTENT	AND→INC			NOT_EVALUATED_consensus_calls_only
ENSG00000165795	NDRG2	BIVALENT	SIMPLE_OR	BIV→OR			NOT_EVALUATED_consensus_calls_only
ENSG00000165801	ARHGEF40	BIVALENT	INCONSISTENT	BIV→INC			NOT_EVALUATED_consensus_calls_only
ENSG00000165804	ZNF219	SIMPLE_AND	INCONSISTENT	AND→INC			NOT_EVALUATED_consensus_calls_only
ENSG00000165806	CASP7	SIMPLE_AND	INCONSISTENT	AND→INC			NOT_EVALUATED_consensus_calls_only
ENSG00000165813	CCDC186	SIMPLE_AND	INCONSISTENT	AND→INC			NOT_EVALUATED_consensus_calls_only
ENSG00000165832	TRUB1	SIMPLE_AND	INCONSISTENT	AND→INC			NOT_EVALUATED_consensus_calls_only
ENSG00000165861	ZFYVE1	SIMPLE_AND	INCONSISTENT	AND→INC			NOT_EVALUATED_consensus_calls_only
ENSG00000165879	FRAT1	BIVALENT	INCONSISTENT	BIV→INC			NOT_EVALUATED_consensus_calls_only
ENSG00000165891	E2F7	SIMPLE_AND	INCONSISTENT	AND→INC			NOT_EVALUATED_consensus_calls_only
ENSG00000165895	ARHGAP42	SIMPLE_AND	INCONSISTENT	AND→INC			NOT_EVALUATED_consensus_calls_only
ENSG00000165898	ISCA2	SIMPLE_AND	INCONSISTENT	AND→INC			NOT_EVALUATED_consensus_calls_only
ENSG00000165905	LARGE2	REPRESSED	INCONSISTENT	REP→INC			NOT_EVALUATED_consensus_calls_only
ENSG00000165912	PACSIN3	BIVALENT	INCONSISTENT	BIV→INC			NOT_EVALUATED_consensus_calls_only
ENSG00000165914	TTC7B	INCONSISTENT	SIMPLE_AND	INC→AND			NOT_EVALUATED_consensus_calls_only
ENSG00000165915	SLC39A13	SIMPLE_AND	INCONSISTENT	AND→INC			NOT_EVALUATED_consensus_calls_only
ENSG00000165923	AGBL2	SIMPLE_AND	INCONSISTENT	AND→INC			NOT_EVALUATED_consensus_calls_only
ENSG00000165943	MOAP1	SIMPLE_AND	INCONSISTENT	AND→INC			NOT_EVALUATED_consensus_calls_only
ENSG00000165948	IFI27L1	SIMPLE_AND	INCONSISTENT	AND→INC			NOT_EVALUATED_consensus_calls_only
ENSG00000165959	CLMN	SIMPLE_OR	BIVALENT	OR→BIV			NOT_EVALUATED_consensus_calls_only
ENSG00000165996	HACD1	BIVALENT	INCONSISTENT	BIV→INC			NOT_EVALUATED_consensus_calls_only
ENSG00000166002	SMCO4	SIMPLE_AND	INCONSISTENT	AND→INC			NOT_EVALUATED_consensus_calls_only
ENSG00000166016	ABTB2	SIMPLE_AND	BIVALENT	AND→BIV			NOT_EVALUATED_consensus_calls_only
ENSG00000166024	R3HCC1L	SIMPLE_AND	INCONSISTENT	AND→INC			NOT_EVALUATED_consensus_calls_only
ENSG00000166035	LIPC	SIMPLE_AND	INCONSISTENT	AND→INC			NOT_EVALUATED_consensus_calls_only
ENSG00000166046	TCP11L2	SIMPLE_AND	INCONSISTENT	AND→INC			NOT_EVALUATED_consensus_calls_only
ENSG00000166068	SPRED1	SIMPLE_AND	INCONSISTENT	AND→INC			NOT_EVALUATED_consensus_calls_only
ENSG00000166073	GPR176	BIVALENT	INCONSISTENT	BIV→INC			NOT_EVALUATED_consensus_calls_only
ENSG00000166086	JAM3	BIVALENT	INCONSISTENT	BIV→INC			NOT_EVALUATED_consensus_calls_only
ENSG00000166123	GPT2	BIVALENT	INCONSISTENT	BIV→INC			NOT_EVALUATED_consensus_calls_only
ENSG00000166130	IKBIP	SIMPLE_AND	INCONSISTENT	AND→INC			NOT_EVALUATED_consensus_calls_only
ENSG00000166135	HIF1AN	SIMPLE_AND	INCONSISTENT	AND→INC			NOT_EVALUATED_consensus_calls_only
ENSG00000166145	SPINT1	BIVALENT	INCONSISTENT	BIV→INC			NOT_EVALUATED_consensus_calls_only
ENSG00000166153	DEPDC4	SIMPLE_AND	INCONSISTENT	AND→INC			NOT_EVALUATED_consensus_calls_only
ENSG00000166165	CKB	SIMPLE_OR	SIMPLE_AND	OR→AND			NOT_EVALUATED_consensus_calls_only
ENSG00000166166	TRMT61A	SIMPLE_AND	INCONSISTENT	AND→INC			NOT_EVALUATED_consensus_calls_only
ENSG00000166167	BTRC	SIMPLE_AND	INCONSISTENT	AND→INC			NOT_EVALUATED_consensus_calls_only
ENSG00000166171	DPCD	SIMPLE_OR	INCONSISTENT	OR→INC			NOT_EVALUATED_consensus_calls_only
ENSG00000166188	ZNF319	SIMPLE_AND	INCONSISTENT	AND→INC			NOT_EVALUATED_consensus_calls_only
ENSG00000166189	HPS6	SIMPLE_AND	INCONSISTENT	AND→INC			NOT_EVALUATED_consensus_calls_only
ENSG00000166199	ALKBH3	SIMPLE_AND	INCONSISTENT	AND→INC			NOT_EVALUATED_consensus_calls_only
ENSG00000166224	SGPL1	SIMPLE_AND	INCONSISTENT	AND→INC			NOT_EVALUATED_consensus_calls_only
ENSG00000166225	FRS2	SIMPLE_AND	INCONSISTENT	AND→INC			NOT_EVALUATED_consensus_calls_only
ENSG00000166257	SCN3B	BIVALENT	INCONSISTENT	BIV→INC			NOT_EVALUATED_consensus_calls_only
ENSG00000166261	ZNF202	SIMPLE_AND	INCONSISTENT	AND→INC			NOT_EVALUATED_consensus_calls_only
ENSG00000166262	FAM227B	SIMPLE_AND	INCONSISTENT	AND→INC			NOT_EVALUATED_consensus_calls_only
ENSG00000166263	STXBP4	SIMPLE_AND	INCONSISTENT	AND→INC			NOT_EVALUATED_consensus_calls_only
ENSG00000166275	BORCS7	SIMPLE_AND	INCONSISTENT	AND→INC			NOT_EVALUATED_consensus_calls_only
ENSG00000166289	PLEKHF1	SIMPLE_AND	INCONSISTENT	AND→INC			NOT_EVALUATED_consensus_calls_only
ENSG00000166311	SMPD1	SIMPLE_AND	INCONSISTENT	AND→INC			NOT_EVALUATED_consensus_calls_only
ENSG00000166313	APBB1	INCONSISTENT	BIVALENT	INC→BIV			NOT_EVALUATED_consensus_calls_only
ENSG00000166321	NUDT13	SIMPLE_AND	COMPLEX	AND→CPX			NOT_EVALUATED_consensus_calls_only
ENSG00000166323	C11orf65	SIMPLE_AND	INCONSISTENT	AND→INC			NOT_EVALUATED_consensus_calls_only
ENSG00000166341	DCHS1	REPRESSED	INCONSISTENT	REP→INC			NOT_EVALUATED_consensus_calls_only
ENSG00000166352	IFTAP	BIVALENT	INCONSISTENT	BIV→INC			NOT_EVALUATED_consensus_calls_only
ENSG00000166377	ATP9B	COMPLEX	SIMPLE_AND	CPX→AND			NOT_EVALUATED_consensus_calls_only
ENSG00000166387	PPFIBP2	SIMPLE_AND	INCONSISTENT	AND→INC			NOT_EVALUATED_consensus_calls_only
ENSG00000166398	GARRE1	SIMPLE_AND	INCONSISTENT	AND→INC			NOT_EVALUATED_consensus_calls_only
ENSG00000166401	SERPINB8	SIMPLE_AND	INCONSISTENT	AND→INC			NOT_EVALUATED_consensus_calls_only
ENSG00000166405	RIC3	SIMPLE_OR	REPRESSED	OR→REP			NOT_EVALUATED_consensus_calls_only
ENSG00000166436	TRIM66	SIMPLE_AND	INCONSISTENT	AND→INC			NOT_EVALUATED_consensus_calls_only
ENSG00000166444	DENND2B	SIMPLE_AND	INCONSISTENT	AND→INC			NOT_EVALUATED_consensus_calls_only
ENSG00000166477	LEO1	SIMPLE_AND	INCONSISTENT	AND→INC			NOT_EVALUATED_consensus_calls_only
ENSG00000166478	ZNF143	COMPLEX	SIMPLE_AND	CPX→AND			NOT_EVALUATED_consensus_calls_only
ENSG00000166484	MAPK7	SIMPLE_AND	INCONSISTENT	AND→INC			NOT_EVALUATED_consensus_calls_only
ENSG00000166503	HDGFL3	SIMPLE_AND	BIVALENT	AND→BIV			NOT_EVALUATED_consensus_calls_only
ENSG00000166510	CCDC68	REPRESSED	INCONSISTENT	REP→INC			NOT_EVALUATED_consensus_calls_only
ENSG00000166529	ZSCAN21	SIMPLE_AND	INCONSISTENT	AND→INC			NOT_EVALUATED_consensus_calls_only
ENSG00000166546	BEAN1	REPRESSED	BIVALENT	REP→BIV			NOT_EVALUATED_consensus_calls_only
ENSG00000166548	TK2	SIMPLE_AND	INCONSISTENT	AND→INC			NOT_EVALUATED_consensus_calls_only
ENSG00000166562	SEC11C	SIMPLE_AND	INCONSISTENT	AND→INC			NOT_EVALUATED_consensus_calls_only
ENSG00000166578	IQCD	SIMPLE_AND	INCONSISTENT	AND→INC			NOT_EVALUATED_consensus_calls_only
ENSG00000166592	RRAD	BIVALENT	INCONSISTENT	BIV→INC			NOT_EVALUATED_consensus_calls_only
ENSG00000166676	TVP23A	SIMPLE_OR	INCONSISTENT	OR→INC			NOT_EVALUATED_consensus_calls_only
ENSG00000166707	ZCCHC18	SIMPLE_AND	BIVALENT	AND→BIV			NOT_EVALUATED_consensus_calls_only
ENSG00000166750	SLFN5	SIMPLE_AND	BIVALENT	AND→BIV			NOT_EVALUATED_consensus_calls_only
ENSG00000166793	YPEL4	REPRESSED	INCONSISTENT	REP→INC			NOT_EVALUATED_consensus_calls_only
ENSG00000166801	FAM111A	SIMPLE_AND	INCONSISTENT	AND→INC			NOT_EVALUATED_consensus_calls_only
ENSG00000166821	PEX11A	SIMPLE_OR	REPRESSED	OR→REP			NOT_EVALUATED_consensus_calls_only
ENSG00000166825	ANPEP	REPRESSED	INCONSISTENT	REP→INC			NOT_EVALUATED_consensus_calls_only
ENSG00000166828	SCNN1G	BIVALENT	REPRESSED	BIV→REP			NOT_EVALUATED_consensus_calls_only
ENSG00000166839	ANKDD1A	SIMPLE_OR	BIVALENT	OR→BIV			NOT_EVALUATED_consensus_calls_only
ENSG00000166845	C18orf54	SIMPLE_AND	INCONSISTENT	AND→INC			NOT_EVALUATED_consensus_calls_only
ENSG00000166860	ZBTB39	SIMPLE_AND	INCONSISTENT	AND→INC			NOT_EVALUATED_consensus_calls_only
ENSG00000166869	CHP2	REPRESSED	INCONSISTENT	REP→INC			NOT_EVALUATED_consensus_calls_only
ENSG00000166897	ELFN2	REPRESSED	INCONSISTENT	REP→INC			NOT_EVALUATED_consensus_calls_only
ENSG00000166908	PIP4K2C	SIMPLE_AND	INCONSISTENT	AND→INC			NOT_EVALUATED_consensus_calls_only
ENSG00000166912	MTMR10	SIMPLE_AND	INCONSISTENT	AND→INC			NOT_EVALUATED_consensus_calls_only
ENSG00000166927	MS4A7	SIMPLE_AND	REPRESSED	AND→REP			NOT_EVALUATED_consensus_calls_only
ENSG00000166928	MS4A14	SIMPLE_AND	REPRESSED	AND→REP			NOT_EVALUATED_consensus_calls_only
ENSG00000166949	SMAD3	SIMPLE_OR	SIMPLE_AND	OR→AND			NOT_EVALUATED_consensus_calls_only
ENSG00000166963	MAP1A	INCONSISTENT	SIMPLE_AND	INC→AND			NOT_EVALUATED_consensus_calls_only
ENSG00000166965	RCCD1	SIMPLE_AND	INCONSISTENT	AND→INC			NOT_EVALUATED_consensus_calls_only
ENSG00000166971	AKTIP	SIMPLE_AND	INCONSISTENT	AND→INC			NOT_EVALUATED_consensus_calls_only
ENSG00000166979	EVA1C	REPRESSED	INCONSISTENT	REP→INC			NOT_EVALUATED_consensus_calls_only
ENSG00000166987	MBD6	SIMPLE_AND	INCONSISTENT	AND→INC			NOT_EVALUATED_consensus_calls_only
ENSG00000166997	CNPY4	SIMPLE_AND	INCONSISTENT	AND→INC			NOT_EVALUATED_consensus_calls_only
ENSG00000167065	DUSP18	SIMPLE_AND	INCONSISTENT	AND→INC			NOT_EVALUATED_consensus_calls_only
ENSG00000167081	PBX3	SIMPLE_AND	BIVALENT	AND→BIV			NOT_EVALUATED_consensus_calls_only
ENSG00000167083	GNGT2	SIMPLE_AND	REPRESSED	AND→REP			NOT_EVALUATED_consensus_calls_only
ENSG00000167100	SAMD14	BIVALENT	INCONSISTENT	BIV→INC			NOT_EVALUATED_consensus_calls_only
ENSG00000167106	FAM102A	SIMPLE_AND	INCONSISTENT	AND→INC			NOT_EVALUATED_consensus_calls_only
ENSG00000167107	ACSF2	SIMPLE_AND	INCONSISTENT	AND→INC			NOT_EVALUATED_consensus_calls_only
ENSG00000167131	CCDC103	SIMPLE_AND	INCONSISTENT	AND→INC			NOT_EVALUATED_consensus_calls_only
ENSG00000167182	SP2	SIMPLE_AND	INCONSISTENT	AND→INC			NOT_EVALUATED_consensus_calls_only
ENSG00000167186	COQ7	SIMPLE_AND	INCONSISTENT	AND→INC			NOT_EVALUATED_consensus_calls_only
ENSG00000167191	GPRC5B	BIVALENT	INCONSISTENT	BIV→INC			NOT_EVALUATED_consensus_calls_only
ENSG00000167202	TBC1D2B	SIMPLE_AND	INCONSISTENT	AND→INC			NOT_EVALUATED_consensus_calls_only
ENSG00000167232	ZNF91	SIMPLE_AND	INCONSISTENT	AND→INC			NOT_EVALUATED_consensus_calls_only
ENSG00000167302	TEPSIN	SIMPLE_AND	INCONSISTENT	AND→INC			NOT_EVALUATED_consensus_calls_only
ENSG00000167306	MYO5B	BIVALENT	INCONSISTENT	BIV→INC			NOT_EVALUATED_consensus_calls_only
ENSG00000167315	ACAA2	SIMPLE_AND	INCONSISTENT	AND→INC			NOT_EVALUATED_consensus_calls_only
ENSG00000167333	TRIM68	SIMPLE_AND	INCONSISTENT	AND→INC			NOT_EVALUATED_consensus_calls_only
ENSG00000167371	PRRT2	SIMPLE_OR	INCONSISTENT	OR→INC			NOT_EVALUATED_consensus_calls_only
ENSG00000167377	ZNF23	SIMPLE_AND	INCONSISTENT	AND→INC			NOT_EVALUATED_consensus_calls_only
ENSG00000167380	ZNF226	COMPLEX	INCONSISTENT	CPX→INC			NOT_EVALUATED_consensus_calls_only
ENSG00000167394	ZNF668	SIMPLE_AND	INCONSISTENT	AND→INC			NOT_EVALUATED_consensus_calls_only
ENSG00000167395	ZNF646	SIMPLE_AND	INCONSISTENT	AND→INC			NOT_EVALUATED_consensus_calls_only
ENSG00000167414	GNG8	BIVALENT	INCONSISTENT	BIV→INC			NOT_EVALUATED_consensus_calls_only
ENSG00000167483	NIBAN3	SIMPLE_OR	INCONSISTENT	OR→INC			NOT_EVALUATED_consensus_calls_only
ENSG00000167487	KLHL26	SIMPLE_AND	INCONSISTENT	AND→INC			NOT_EVALUATED_consensus_calls_only
ENSG00000167523	SPATA33	SIMPLE_AND	INCONSISTENT	AND→INC			NOT_EVALUATED_consensus_calls_only
ENSG00000167525	PROCA1	SIMPLE_AND	INCONSISTENT	AND→INC			NOT_EVALUATED_consensus_calls_only
ENSG00000167528	ZNF641	SIMPLE_AND	INCONSISTENT	AND→INC			NOT_EVALUATED_consensus_calls_only
ENSG00000167535	CACNB3	SIMPLE_AND	INCONSISTENT	AND→INC			NOT_EVALUATED_consensus_calls_only
ENSG00000167543	TP53I13	SIMPLE_AND	SIMPLE_OR	AND→OR			NOT_EVALUATED_consensus_calls_only
ENSG00000167549	CORO6	SIMPLE_OR	INCONSISTENT	OR→INC			NOT_EVALUATED_consensus_calls_only
ENSG00000167555	ZNF528	COMPLEX	INCONSISTENT	CPX→INC			NOT_EVALUATED_consensus_calls_only
ENSG00000167566	NCKAP5L	SIMPLE_AND	INCONSISTENT	AND→INC			NOT_EVALUATED_consensus_calls_only
ENSG00000167578	RAB4B	SIMPLE_AND	INCONSISTENT	AND→INC			NOT_EVALUATED_consensus_calls_only
ENSG00000167600	CYP2S1	REPRESSED	INCONSISTENT	REP→INC			NOT_EVALUATED_consensus_calls_only
ENSG00000167617	CDC42EP5	BIVALENT	REPRESSED	BIV→REP			NOT_EVALUATED_consensus_calls_only
ENSG00000167625	ZNF526	SIMPLE_AND	INCONSISTENT	AND→INC			NOT_EVALUATED_consensus_calls_only
ENSG00000167632	TRAPPC9	SIMPLE_AND	INCONSISTENT	AND→INC			NOT_EVALUATED_consensus_calls_only
ENSG00000167637	ZNF283	SIMPLE_AND	INCONSISTENT	AND→INC			NOT_EVALUATED_consensus_calls_only
ENSG00000167641	PPP1R14A	REPRESSED	SIMPLE_AND	REP→AND			NOT_EVALUATED_consensus_calls_only
ENSG00000167680	SEMA6B	REPRESSED	INCONSISTENT	REP→INC			NOT_EVALUATED_consensus_calls_only
ENSG00000167693	NXN	BIVALENT	INCONSISTENT	BIV→INC			NOT_EVALUATED_consensus_calls_only
ENSG00000167700	MFSD3	SIMPLE_AND	INCONSISTENT	AND→INC			NOT_EVALUATED_consensus_calls_only
ENSG00000167702	KIFC2	SIMPLE_AND	INCONSISTENT	AND→INC			NOT_EVALUATED_consensus_calls_only
ENSG00000167703	SLC43A2	SIMPLE_AND	INCONSISTENT	AND→INC			NOT_EVALUATED_consensus_calls_only
ENSG00000167720	SRR	SIMPLE_AND	INCONSISTENT	AND→INC			NOT_EVALUATED_consensus_calls_only
ENSG00000167733	HSD11B1L	SIMPLE_AND	INCONSISTENT	AND→INC			NOT_EVALUATED_consensus_calls_only
ENSG00000167740	CYB5D2	SIMPLE_AND	INCONSISTENT	AND→INC			NOT_EVALUATED_consensus_calls_only
ENSG00000167749	KLK4	REPRESSED	INCONSISTENT	REP→INC			NOT_EVALUATED_consensus_calls_only
ENSG00000167771	RCOR2	BIVALENT	INCONSISTENT	BIV→INC			NOT_EVALUATED_consensus_calls_only
ENSG00000167779	IGFBP6	BIVALENT	INCONSISTENT	BIV→INC			NOT_EVALUATED_consensus_calls_only
ENSG00000167785	ZNF558	COMPLEX	SIMPLE_AND	CPX→AND			NOT_EVALUATED_consensus_calls_only
ENSG00000167799	NUDT8	SIMPLE_AND	INCONSISTENT	AND→INC			NOT_EVALUATED_consensus_calls_only
ENSG00000167842	MIS12	SIMPLE_AND	INCONSISTENT	AND→INC			NOT_EVALUATED_consensus_calls_only
ENSG00000167874	TMEM88	SIMPLE_AND	INCONSISTENT	AND→INC			NOT_EVALUATED_consensus_calls_only
ENSG00000167895	TMC8	SIMPLE_AND	INCONSISTENT	AND→INC			NOT_EVALUATED_consensus_calls_only
ENSG00000167912	TOX-DT	COMPLEX	INCONSISTENT	CPX→INC			NOT_EVALUATED_consensus_calls_only
ENSG00000167971	CASKIN1	REPRESSED	INCONSISTENT	REP→INC			NOT_EVALUATED_consensus_calls_only
ENSG00000167981	ZNF597	SIMPLE_AND	INCONSISTENT	AND→INC			NOT_EVALUATED_consensus_calls_only
ENSG00000167984	NLRC3	SIMPLE_AND	REPRESSED	AND→REP			NOT_EVALUATED_consensus_calls_only
ENSG00000167985	SDHAF2	COMPLEX	SIMPLE_AND	CPX→AND			NOT_EVALUATED_consensus_calls_only
ENSG00000167987	VPS37C	SIMPLE_AND	INCONSISTENT	AND→INC			NOT_EVALUATED_consensus_calls_only
ENSG00000168002	POLR2G	COMPLEX	SIMPLE_AND	CPX→AND			NOT_EVALUATED_consensus_calls_only
ENSG00000168010	ATG16L2	SIMPLE_AND	INCONSISTENT	AND→INC			NOT_EVALUATED_consensus_calls_only
ENSG00000168016	TRANK1	BIVALENT	REPRESSED	BIV→REP			NOT_EVALUATED_consensus_calls_only
ENSG00000168026	TTC21A	SIMPLE_AND	INCONSISTENT	AND→INC			NOT_EVALUATED_consensus_calls_only
ENSG00000168032	ENTPD3	REPRESSED	INCONSISTENT	REP→INC			NOT_EVALUATED_consensus_calls_only
ENSG00000168038	ULK4	SIMPLE_AND	INCONSISTENT	AND→INC			NOT_EVALUATED_consensus_calls_only
ENSG00000168056	LTBP3	REPRESSED	INCONSISTENT	REP→INC			NOT_EVALUATED_consensus_calls_only
ENSG00000168066	SF1	COMPLEX	SIMPLE_AND	CPX→AND			NOT_EVALUATED_consensus_calls_only
ENSG00000168067	MAP4K2	SIMPLE_AND	INCONSISTENT	AND→INC			NOT_EVALUATED_consensus_calls_only
ENSG00000168071	CCDC88B	SIMPLE_AND	INCONSISTENT	AND→INC			NOT_EVALUATED_consensus_calls_only
ENSG00000168101	NUDT16L1	SIMPLE_AND	INCONSISTENT	AND→INC			NOT_EVALUATED_consensus_calls_only
ENSG00000168118	RAB4A	SIMPLE_AND	INCONSISTENT	AND→INC			NOT_EVALUATED_consensus_calls_only
ENSG00000168135	KCNJ4	REPRESSED	INCONSISTENT	REP→INC			NOT_EVALUATED_consensus_calls_only
ENSG00000168152	THAP9	SIMPLE_AND	INCONSISTENT	AND→INC			NOT_EVALUATED_consensus_calls_only
ENSG00000168216	LMBRD1	SIMPLE_AND	SIMPLE_OR	AND→OR			NOT_EVALUATED_consensus_calls_only
ENSG00000168237	GLYCTK	SIMPLE_AND	INCONSISTENT	AND→INC			NOT_EVALUATED_consensus_calls_only
ENSG00000168246	UBTD2	SIMPLE_AND	INCONSISTENT	AND→INC			NOT_EVALUATED_consensus_calls_only
ENSG00000168255	POLR2J3	SIMPLE_OR	SIMPLE_AND	OR→AND			NOT_EVALUATED_consensus_calls_only
ENSG00000168273	SMIM4	SIMPLE_AND	INCONSISTENT	AND→INC			NOT_EVALUATED_consensus_calls_only
ENSG00000168297	PXK	SIMPLE_AND	INCONSISTENT	AND→INC			NOT_EVALUATED_consensus_calls_only
ENSG00000168301	KCTD6	SIMPLE_OR	INCONSISTENT	OR→INC			NOT_EVALUATED_consensus_calls_only
ENSG00000168310	IRF2	SIMPLE_AND	INCONSISTENT	AND→INC			NOT_EVALUATED_consensus_calls_only
ENSG00000168389	MFSD2A	SIMPLE_AND	REPRESSED	AND→REP			NOT_EVALUATED_consensus_calls_only
ENSG00000168394	TAP1	SIMPLE_AND	BIVALENT	AND→BIV			NOT_EVALUATED_consensus_calls_only
ENSG00000168404	MLKL	SIMPLE_AND	INCONSISTENT	AND→INC			NOT_EVALUATED_consensus_calls_only
ENSG00000168481	LGI3	REPRESSED	BIVALENT	REP→BIV			NOT_EVALUATED_consensus_calls_only
ENSG00000168484	SFTPC	REPRESSED	BIVALENT	REP→BIV			NOT_EVALUATED_consensus_calls_only
ENSG00000168491	CCDC110	INCONSISTENT	BIVALENT	INC→BIV			NOT_EVALUATED_consensus_calls_only
ENSG00000168495	POLR3D	COMPLEX	SIMPLE_AND	CPX→AND			NOT_EVALUATED_consensus_calls_only
ENSG00000168497	CAVIN2	REPRESSED	SIMPLE_AND	REP→AND			NOT_EVALUATED_consensus_calls_only
ENSG00000168502	MTCL1	BIVALENT	INCONSISTENT	BIV→INC			NOT_EVALUATED_consensus_calls_only
ENSG00000168505	GBX2	REPRESSED	INCONSISTENT	REP→INC			NOT_EVALUATED_consensus_calls_only
ENSG00000168517	HEXIM2	SIMPLE_AND	INCONSISTENT	AND→INC			NOT_EVALUATED_consensus_calls_only
ENSG00000168528	SERINC2	REPRESSED	INCONSISTENT	REP→INC			NOT_EVALUATED_consensus_calls_only
ENSG00000168539	CHRM1	REPRESSED	INCONSISTENT	REP→INC			NOT_EVALUATED_consensus_calls_only
ENSG00000168556	ING2	SIMPLE_AND	INCONSISTENT	AND→INC			NOT_EVALUATED_consensus_calls_only
ENSG00000168564	CDKN2AIP	SIMPLE_AND	INCONSISTENT	AND→INC			NOT_EVALUATED_consensus_calls_only
ENSG00000168566	SNRNP48	SIMPLE_AND	INCONSISTENT	AND→INC			NOT_EVALUATED_consensus_calls_only
ENSG00000168569	TMEM223	SIMPLE_AND	INCONSISTENT	AND→INC			NOT_EVALUATED_consensus_calls_only
ENSG00000168589	DYNLRB2	COMPLEX	INCONSISTENT	CPX→INC			NOT_EVALUATED_consensus_calls_only
ENSG00000168591	TMUB2	SIMPLE_AND	INCONSISTENT	AND→INC			NOT_EVALUATED_consensus_calls_only
ENSG00000168646	AXIN2	BIVALENT	INCONSISTENT	BIV→INC			NOT_EVALUATED_consensus_calls_only
ENSG00000168658	VWA3B	INCONSISTENT	BIVALENT	INC→BIV			NOT_EVALUATED_consensus_calls_only
ENSG00000168661	ZNF30	SIMPLE_AND	INCONSISTENT	AND→INC			NOT_EVALUATED_consensus_calls_only
ENSG00000168672	LRATD2	BIVALENT	INCONSISTENT	BIV→INC			NOT_EVALUATED_consensus_calls_only
ENSG00000168676	KCTD19	SIMPLE_OR	INCONSISTENT	OR→INC			NOT_EVALUATED_consensus_calls_only
ENSG00000168734	PKIG	SIMPLE_OR	INCONSISTENT	OR→INC			NOT_EVALUATED_consensus_calls_only
ENSG00000168748	CA7	REPRESSED	BIVALENT	REP→BIV			NOT_EVALUATED_consensus_calls_only
ENSG00000168758	SEMA4C	BIVALENT	SIMPLE_AND	BIV→AND			NOT_EVALUATED_consensus_calls_only
ENSG00000168769	TET2	SIMPLE_AND	INCONSISTENT	AND→INC			NOT_EVALUATED_consensus_calls_only
ENSG00000168772	CXXC4	SIMPLE_AND	INCONSISTENT	AND→INC			NOT_EVALUATED_consensus_calls_only
ENSG00000168778	TCTN2	SIMPLE_AND	INCONSISTENT	AND→INC			NOT_EVALUATED_consensus_calls_only
ENSG00000168779	SHOX2	BIVALENT	INCONSISTENT	BIV→INC			NOT_EVALUATED_consensus_calls_only
ENSG00000168792	ABHD15	SIMPLE_AND	INCONSISTENT	AND→INC			NOT_EVALUATED_consensus_calls_only
ENSG00000168807	SNTB2	SIMPLE_AND	INCONSISTENT	AND→INC			NOT_EVALUATED_consensus_calls_only
ENSG00000168813	ZNF507	SIMPLE_AND	COMPLEX	AND→CPX			NOT_EVALUATED_consensus_calls_only
ENSG00000168826	ZBTB49	SIMPLE_AND	INCONSISTENT	AND→INC			NOT_EVALUATED_consensus_calls_only
ENSG00000168876	ANKRD49	SIMPLE_AND	INCONSISTENT	AND→INC			NOT_EVALUATED_consensus_calls_only
ENSG00000168883	USP39	SIMPLE_OR	SIMPLE_AND	OR→AND			NOT_EVALUATED_consensus_calls_only
ENSG00000168890	TMEM150A	SIMPLE_OR	INCONSISTENT	OR→INC			NOT_EVALUATED_consensus_calls_only
ENSG00000168904	LRRC28	SIMPLE_AND	INCONSISTENT	AND→INC			NOT_EVALUATED_consensus_calls_only
ENSG00000168913	ENHO	REPRESSED	INCONSISTENT	REP→INC			NOT_EVALUATED_consensus_calls_only
ENSG00000168917	SLC35G2	BIVALENT	INCONSISTENT	BIV→INC			NOT_EVALUATED_consensus_calls_only
ENSG00000168918	INPP5D	SIMPLE_AND	INCONSISTENT	AND→INC			NOT_EVALUATED_consensus_calls_only
ENSG00000168938	PPIC	BIVALENT	INCONSISTENT	BIV→INC			NOT_EVALUATED_consensus_calls_only
ENSG00000168952	STXBP6	BIVALENT	REPRESSED	BIV→REP			NOT_EVALUATED_consensus_calls_only
ENSG00000168958	MFF	SIMPLE_AND	COMPLEX	AND→CPX			NOT_EVALUATED_consensus_calls_only
ENSG00000168970	JMJD7-PLA2G4B	SIMPLE_AND	INCONSISTENT	AND→INC			NOT_EVALUATED_consensus_calls_only
ENSG00000168993	CPLX1	REPRESSED	INCONSISTENT	REP→INC			NOT_EVALUATED_consensus_calls_only
ENSG00000168994	PXDC1	BIVALENT	INCONSISTENT	BIV→INC			NOT_EVALUATED_consensus_calls_only
ENSG00000169019	COMMD8	SIMPLE_AND	INCONSISTENT	AND→INC			NOT_EVALUATED_consensus_calls_only
ENSG00000169045	HNRNPH1	SIMPLE_OR	SIMPLE_AND	OR→AND			NOT_EVALUATED_consensus_calls_only
ENSG00000169047	IRS1	COMPLEX	INCONSISTENT	CPX→INC			NOT_EVALUATED_consensus_calls_only
ENSG00000169071	ROR2	REPRESSED	COMPLEX	REP→CPX			NOT_EVALUATED_consensus_calls_only
ENSG00000169084	DHRSX	SIMPLE_AND	INCONSISTENT	AND→INC			NOT_EVALUATED_consensus_calls_only
ENSG00000169087	HSPBAP1	SIMPLE_AND	INCONSISTENT	AND→INC			NOT_EVALUATED_consensus_calls_only
ENSG00000169093	ASMTL	SIMPLE_AND	INCONSISTENT	AND→INC			NOT_EVALUATED_consensus_calls_only
ENSG00000169105	CHST14	SIMPLE_AND	INCONSISTENT	AND→INC			NOT_EVALUATED_consensus_calls_only
ENSG00000169131	ZNF354A	SIMPLE_OR	INCONSISTENT	OR→INC			NOT_EVALUATED_consensus_calls_only
ENSG00000169136	ATF5	SIMPLE_AND	INCONSISTENT	AND→INC			NOT_EVALUATED_consensus_calls_only
ENSG00000169139	UBE2V2	COMPLEX	SIMPLE_AND	CPX→AND			NOT_EVALUATED_consensus_calls_only
ENSG00000169155	ZBTB43	SIMPLE_AND	INCONSISTENT	AND→INC			NOT_EVALUATED_consensus_calls_only
ENSG00000169174	PCSK9	REPRESSED	SIMPLE_AND	REP→AND			NOT_EVALUATED_consensus_calls_only
ENSG00000169193	CCDC126	SIMPLE_AND	INCONSISTENT	AND→INC			NOT_EVALUATED_consensus_calls_only
ENSG00000169213	RAB3B	INCONSISTENT	BIVALENT	INC→BIV			NOT_EVALUATED_consensus_calls_only
ENSG00000169217	CD2BP2	SIMPLE_AND	INCONSISTENT	AND→INC			NOT_EVALUATED_consensus_calls_only
ENSG00000169231	THBS3	SIMPLE_AND	INCONSISTENT	AND→INC			NOT_EVALUATED_consensus_calls_only
ENSG00000169242	EFNA1	BIVALENT	INCONSISTENT	BIV→INC			NOT_EVALUATED_consensus_calls_only
ENSG00000169249	ZRSR2	SIMPLE_AND	INCONSISTENT	AND→INC			NOT_EVALUATED_consensus_calls_only
ENSG00000169251	NMD3	BIVALENT	REPRESSED	BIV→REP			NOT_EVALUATED_consensus_calls_only
ENSG00000169255	B3GALNT1	BIVALENT	REPRESSED	BIV→REP			NOT_EVALUATED_consensus_calls_only
ENSG00000169258	GPRIN1	BIVALENT	INCONSISTENT	BIV→INC			NOT_EVALUATED_consensus_calls_only
ENSG00000169372	CRADD	SIMPLE_AND	INCONSISTENT	AND→INC			NOT_EVALUATED_consensus_calls_only
ENSG00000169398	PTK2	BIVALENT	SIMPLE_AND	BIV→AND			NOT_EVALUATED_consensus_calls_only
ENSG00000169427	KCNK9	REPRESSED	INCONSISTENT	REP→INC			NOT_EVALUATED_consensus_calls_only
ENSG00000169435	RASSF6	SIMPLE_OR	INCONSISTENT	OR→INC			NOT_EVALUATED_consensus_calls_only
ENSG00000169439	SDC2	REPRESSED	BIVALENT	REP→BIV			NOT_EVALUATED_consensus_calls_only
ENSG00000169508	GPR183	COMPLEX	INCONSISTENT	CPX→INC			NOT_EVALUATED_consensus_calls_only
ENSG00000169554	ZEB2	REPRESSED	SIMPLE_AND	REP→AND			NOT_EVALUATED_consensus_calls_only
ENSG00000169570	DTWD2	SIMPLE_AND	INCONSISTENT	AND→INC			NOT_EVALUATED_consensus_calls_only
ENSG00000169583	CLIC3	REPRESSED	INCONSISTENT	REP→INC			NOT_EVALUATED_consensus_calls_only
ENSG00000169598	DFFB	SIMPLE_AND	INCONSISTENT	AND→INC			NOT_EVALUATED_consensus_calls_only
ENSG00000169604	ANTXR1	REPRESSED	INCONSISTENT	REP→INC			NOT_EVALUATED_consensus_calls_only
ENSG00000169607	CKAP2L	SIMPLE_AND	INCONSISTENT	AND→INC			NOT_EVALUATED_consensus_calls_only
ENSG00000169609	C15orf40	SIMPLE_AND	INCONSISTENT	AND→INC			NOT_EVALUATED_consensus_calls_only
ENSG00000169612	RAMAC	SIMPLE_AND	COMPLEX	AND→CPX			NOT_EVALUATED_consensus_calls_only
ENSG00000169618	PROKR1	REPRESSED	INCONSISTENT	REP→INC			NOT_EVALUATED_consensus_calls_only
ENSG00000169635	HIC2	SIMPLE_OR	SIMPLE_AND	OR→AND			NOT_EVALUATED_consensus_calls_only
ENSG00000169641	LUZP1	SIMPLE_AND	SIMPLE_OR	AND→OR			NOT_EVALUATED_consensus_calls_only
ENSG00000169660	HEXD	SIMPLE_AND	INCONSISTENT	AND→INC			NOT_EVALUATED_consensus_calls_only
ENSG00000169683	LRRC45	SIMPLE_AND	INCONSISTENT	AND→INC			NOT_EVALUATED_consensus_calls_only
ENSG00000169684	CHRNA5	SIMPLE_AND	INCONSISTENT	AND→INC			NOT_EVALUATED_consensus_calls_only
ENSG00000169715	MT1E	BIVALENT	REPRESSED	BIV→REP			NOT_EVALUATED_consensus_calls_only
ENSG00000169740	ZNF32	SIMPLE_AND	INCONSISTENT	AND→INC			NOT_EVALUATED_consensus_calls_only
ENSG00000169752	NRG4	SIMPLE_OR	BIVALENT	OR→BIV			NOT_EVALUATED_consensus_calls_only
ENSG00000169758	TMEM266	SIMPLE_OR	BIVALENT	OR→BIV			NOT_EVALUATED_consensus_calls_only
ENSG00000169760	NLGN1	BIVALENT	INCONSISTENT	BIV→INC			NOT_EVALUATED_consensus_calls_only
ENSG00000169783	LINGO1	REPRESSED	BIVALENT	REP→BIV			NOT_EVALUATED_consensus_calls_only
ENSG00000169814	BTD	SIMPLE_AND	INCONSISTENT	AND→INC			NOT_EVALUATED_consensus_calls_only
ENSG00000169826	CSGALNACT2	SIMPLE_AND	INCONSISTENT	AND→INC			NOT_EVALUATED_consensus_calls_only
ENSG00000169856	ONECUT1	BIVALENT	INCONSISTENT	BIV→INC			NOT_EVALUATED_consensus_calls_only
ENSG00000169860	P2RY1	INCONSISTENT	SIMPLE_AND	INC→AND			NOT_EVALUATED_consensus_calls_only
ENSG00000169871	TRIM56	SIMPLE_AND	INCONSISTENT	AND→INC			NOT_EVALUATED_consensus_calls_only
ENSG00000169884	WNT10B	BIVALENT	INCONSISTENT	BIV→INC			NOT_EVALUATED_consensus_calls_only
ENSG00000169891	REPS2	BIVALENT	INCONSISTENT	BIV→INC			NOT_EVALUATED_consensus_calls_only
ENSG00000169895	SYAP1	SIMPLE_AND	INCONSISTENT	AND→INC			NOT_EVALUATED_consensus_calls_only
ENSG00000169900	PYDC1	REPRESSED	INCONSISTENT	REP→INC			NOT_EVALUATED_consensus_calls_only
ENSG00000169902	TPST1	SIMPLE_AND	BIVALENT	AND→BIV			NOT_EVALUATED_consensus_calls_only
ENSG00000169914	OTUD3	SIMPLE_AND	INCONSISTENT	AND→INC			NOT_EVALUATED_consensus_calls_only
ENSG00000169918	OTUD7A	BIVALENT	INCONSISTENT	BIV→INC			NOT_EVALUATED_consensus_calls_only
ENSG00000169926	KLF13	SIMPLE_AND	INCONSISTENT	AND→INC			NOT_EVALUATED_consensus_calls_only
ENSG00000169946	ZFPM2	INCONSISTENT	SIMPLE_AND	INC→AND			NOT_EVALUATED_consensus_calls_only
ENSG00000169951	ZNF764	SIMPLE_AND	INCONSISTENT	AND→INC			NOT_EVALUATED_consensus_calls_only
ENSG00000169955	ZNF747	SIMPLE_AND	INCONSISTENT	AND→INC			NOT_EVALUATED_consensus_calls_only
ENSG00000169967	MAP3K2	SIMPLE_AND	INCONSISTENT	AND→INC			NOT_EVALUATED_consensus_calls_only
ENSG00000169981	ZNF35	SIMPLE_AND	INCONSISTENT	AND→INC			NOT_EVALUATED_consensus_calls_only
ENSG00000169989	TIGD4	INCONSISTENT	BIVALENT	INC→BIV			NOT_EVALUATED_consensus_calls_only
ENSG00000169991	IFFO2	SIMPLE_AND	BIVALENT	AND→BIV			NOT_EVALUATED_consensus_calls_only
ENSG00000169992	NLGN2	BIVALENT	INCONSISTENT	BIV→INC			NOT_EVALUATED_consensus_calls_only
ENSG00000170006	TMEM154	SIMPLE_AND	INCONSISTENT	AND→INC			NOT_EVALUATED_consensus_calls_only
ENSG00000170011	MYRIP	REPRESSED	INCONSISTENT	REP→INC			NOT_EVALUATED_consensus_calls_only
ENSG00000170049	KCNAB3	SIMPLE_AND	INCONSISTENT	AND→INC			NOT_EVALUATED_consensus_calls_only
ENSG00000170100	ZNF778	SIMPLE_AND	INCONSISTENT	AND→INC			NOT_EVALUATED_consensus_calls_only
ENSG00000170144	HNRNPA3	COMPLEX	SIMPLE_AND	CPX→AND			NOT_EVALUATED_consensus_calls_only
ENSG00000170145	SIK2	COMPLEX	SIMPLE_AND	CPX→AND			NOT_EVALUATED_consensus_calls_only
ENSG00000170175	CHRNB1	REPRESSED	INCONSISTENT	REP→INC			NOT_EVALUATED_consensus_calls_only
ENSG00000170178	HOXD12	REPRESSED	BIVALENT	REP→BIV			NOT_EVALUATED_consensus_calls_only
ENSG00000170190	SLC16A5	SIMPLE_AND	INCONSISTENT	AND→INC			NOT_EVALUATED_consensus_calls_only
ENSG00000170191	NANP	SIMPLE_AND	INCONSISTENT	AND→INC			NOT_EVALUATED_consensus_calls_only
ENSG00000170222	ADPRM	SIMPLE_AND	INCONSISTENT	AND→INC			NOT_EVALUATED_consensus_calls_only
ENSG00000170231	FABP6	REPRESSED	INCONSISTENT	REP→INC			NOT_EVALUATED_consensus_calls_only
ENSG00000170234	PWWP2A	SIMPLE_AND	INCONSISTENT	AND→INC			NOT_EVALUATED_consensus_calls_only
ENSG00000170260	ZNF212	SIMPLE_AND	INCONSISTENT	AND→INC			NOT_EVALUATED_consensus_calls_only
ENSG00000170264	FAM161A	SIMPLE_AND	INCONSISTENT	AND→INC			NOT_EVALUATED_consensus_calls_only
ENSG00000170270	GON7	SIMPLE_AND	INCONSISTENT	AND→INC			NOT_EVALUATED_consensus_calls_only
ENSG00000170271	FAXDC2	INCONSISTENT	SIMPLE_AND	INC→AND			NOT_EVALUATED_consensus_calls_only
ENSG00000170275	CRTAP	INCONSISTENT	COMPLEX	INC→CPX			NOT_EVALUATED_consensus_calls_only
ENSG00000170276	HSPB2	REPRESSED	INCONSISTENT	REP→INC			NOT_EVALUATED_consensus_calls_only
ENSG00000170310	STX8	SIMPLE_AND	INCONSISTENT	AND→INC			NOT_EVALUATED_consensus_calls_only
ENSG00000170315	UBB	COMPLEX	SIMPLE_AND	CPX→AND			NOT_EVALUATED_consensus_calls_only
ENSG00000170345	FOS	BIVALENT	INCONSISTENT	BIV→INC			NOT_EVALUATED_consensus_calls_only
ENSG00000170348	TMED10	COMPLEX	SIMPLE_AND	CPX→AND			NOT_EVALUATED_consensus_calls_only
ENSG00000170364	SETMAR	SIMPLE_AND	INCONSISTENT	AND→INC			NOT_EVALUATED_consensus_calls_only
ENSG00000170365	SMAD1	INCONSISTENT	BIVALENT	INC→BIV			NOT_EVALUATED_consensus_calls_only
ENSG00000170370	EMX2	REPRESSED	INCONSISTENT	REP→INC			NOT_EVALUATED_consensus_calls_only
ENSG00000170390	DCLK2	REPRESSED	INCONSISTENT	REP→INC			NOT_EVALUATED_consensus_calls_only
ENSG00000170396	ZNF804A	BIVALENT	INCONSISTENT	BIV→INC			NOT_EVALUATED_consensus_calls_only
ENSG00000170409		INCONSISTENT	REPRESSED	INC→REP			NOT_EVALUATED_consensus_calls_only
ENSG00000170417	TMEM182	SIMPLE_AND	INCONSISTENT	AND→INC			NOT_EVALUATED_consensus_calls_only
ENSG00000170421	KRT8	INCONSISTENT	SIMPLE_AND	INC→AND			NOT_EVALUATED_consensus_calls_only
ENSG00000170425	ADORA2B	BIVALENT	SIMPLE_AND	BIV→AND			NOT_EVALUATED_consensus_calls_only
ENSG00000170442	KRT86	INCONSISTENT	REPRESSED	INC→REP			NOT_EVALUATED_consensus_calls_only
ENSG00000170456	DENND5B	SIMPLE_AND	BIVALENT	AND→BIV			NOT_EVALUATED_consensus_calls_only
ENSG00000170469	SPATA24	SIMPLE_AND	INCONSISTENT	AND→INC			NOT_EVALUATED_consensus_calls_only
ENSG00000170482	SLC23A1	SIMPLE_AND	INCONSISTENT	AND→INC			NOT_EVALUATED_consensus_calls_only
ENSG00000170500	LONRF2	REPRESSED	INCONSISTENT	REP→INC			NOT_EVALUATED_consensus_calls_only
ENSG00000170525	PFKFB3	SIMPLE_AND	INCONSISTENT	AND→INC			NOT_EVALUATED_consensus_calls_only
ENSG00000170537	TMC7	REPRESSED	INCONSISTENT	REP→INC			NOT_EVALUATED_consensus_calls_only
ENSG00000170542	SERPINB9	BIVALENT	SIMPLE_AND	BIV→AND			NOT_EVALUATED_consensus_calls_only
ENSG00000170545	SMAGP	BIVALENT	SIMPLE_AND	BIV→AND			NOT_EVALUATED_consensus_calls_only
ENSG00000170608	FOXA3	BIVALENT	INCONSISTENT	BIV→INC			NOT_EVALUATED_consensus_calls_only
ENSG00000170615	SLC26A5	REPRESSED	BIVALENT	REP→BIV			NOT_EVALUATED_consensus_calls_only
ENSG00000170619	COMMD5	SIMPLE_AND	INCONSISTENT	AND→INC			NOT_EVALUATED_consensus_calls_only
ENSG00000170627	GTSF1	INCONSISTENT	SIMPLE_AND	INC→AND			NOT_EVALUATED_consensus_calls_only
ENSG00000170631	ZNF16	SIMPLE_AND	COMPLEX	AND→CPX			NOT_EVALUATED_consensus_calls_only
ENSG00000170634	ACYP2	SIMPLE_AND	INCONSISTENT	AND→INC			NOT_EVALUATED_consensus_calls_only
ENSG00000170677	SOCS6	SIMPLE_AND	INCONSISTENT	AND→INC			NOT_EVALUATED_consensus_calls_only
ENSG00000170684	ZNF296	SIMPLE_AND	INCONSISTENT	AND→INC			NOT_EVALUATED_consensus_calls_only
ENSG00000170689	HOXB9	BIVALENT	SIMPLE_AND	BIV→AND			NOT_EVALUATED_consensus_calls_only
ENSG00000170703	TTLL6	BIVALENT	INCONSISTENT	BIV→INC			NOT_EVALUATED_consensus_calls_only
ENSG00000170776	AKAP13	SIMPLE_AND	INCONSISTENT	AND→INC			NOT_EVALUATED_consensus_calls_only
ENSG00000170791	CHCHD7	SIMPLE_AND	BIVALENT	AND→BIV			NOT_EVALUATED_consensus_calls_only
ENSG00000170836	PPM1D	SIMPLE_AND	INCONSISTENT	AND→INC			NOT_EVALUATED_consensus_calls_only
ENSG00000170860	LSM3	SIMPLE_AND	INCONSISTENT	AND→INC			NOT_EVALUATED_consensus_calls_only
ENSG00000170881	RNF139	COMPLEX	SIMPLE_AND	CPX→AND			NOT_EVALUATED_consensus_calls_only
ENSG00000170890	PLA2G1B	INCONSISTENT	BIVALENT	INC→BIV			NOT_EVALUATED_consensus_calls_only
ENSG00000170903	MSANTD4	SIMPLE_AND	INCONSISTENT	AND→INC			NOT_EVALUATED_consensus_calls_only
ENSG00000170915	PAQR8	SIMPLE_AND	INCONSISTENT	AND→INC			NOT_EVALUATED_consensus_calls_only
ENSG00000170917	NUDT6	SIMPLE_AND	INCONSISTENT	AND→INC			NOT_EVALUATED_consensus_calls_only
ENSG00000170919	TPT1-AS1	SIMPLE_AND	INCONSISTENT	AND→INC			NOT_EVALUATED_consensus_calls_only
ENSG00000170921	TANC2	BIVALENT	SIMPLE_AND	BIV→AND			NOT_EVALUATED_consensus_calls_only
ENSG00000170948	MBD3L1	COMPLEX	INCONSISTENT	CPX→INC			NOT_EVALUATED_consensus_calls_only
ENSG00000170989	S1PR1	SIMPLE_AND	INCONSISTENT	AND→INC			NOT_EVALUATED_consensus_calls_only
ENSG00000171016	PYGO1	REPRESSED	BIVALENT	REP→BIV			NOT_EVALUATED_consensus_calls_only
ENSG00000171033	PKIA	SIMPLE_AND	INCONSISTENT	AND→INC			NOT_EVALUATED_consensus_calls_only
ENSG00000171045	TSNARE1	SIMPLE_AND	INCONSISTENT	AND→INC			NOT_EVALUATED_consensus_calls_only
ENSG00000171084	FAM86JP	SIMPLE_AND	INCONSISTENT	AND→INC			NOT_EVALUATED_consensus_calls_only
ENSG00000171097	KYAT1	SIMPLE_AND	INCONSISTENT	AND→INC			NOT_EVALUATED_consensus_calls_only
ENSG00000171100	MTM1	SIMPLE_AND	INCONSISTENT	AND→INC			NOT_EVALUATED_consensus_calls_only
ENSG00000171103	TRMT61B	SIMPLE_AND	INCONSISTENT	AND→INC			NOT_EVALUATED_consensus_calls_only
ENSG00000171105	INSR	SIMPLE_AND	INCONSISTENT	AND→INC			NOT_EVALUATED_consensus_calls_only
ENSG00000171115	GIMAP8	SIMPLE_AND	REPRESSED	AND→REP			NOT_EVALUATED_consensus_calls_only
ENSG00000171126	KCNG3	BIVALENT	INCONSISTENT	BIV→INC			NOT_EVALUATED_consensus_calls_only
ENSG00000171132	PRKCE	SIMPLE_AND	BIVALENT	AND→BIV			NOT_EVALUATED_consensus_calls_only
ENSG00000171150	SOCS5	COMPLEX	INCONSISTENT	CPX→INC			NOT_EVALUATED_consensus_calls_only
ENSG00000171155	C1GALT1C1	SIMPLE_AND	INCONSISTENT	AND→INC			NOT_EVALUATED_consensus_calls_only
ENSG00000171160	MORN4	SIMPLE_OR	INCONSISTENT	OR→INC			NOT_EVALUATED_consensus_calls_only
ENSG00000171202	TMEM126A	COMPLEX	INCONSISTENT	CPX→INC			NOT_EVALUATED_consensus_calls_only
ENSG00000171246	NPTX1	REPRESSED	INCONSISTENT	REP→INC			NOT_EVALUATED_consensus_calls_only
ENSG00000171262	FAM98B	SIMPLE_AND	INCONSISTENT	AND→INC			NOT_EVALUATED_consensus_calls_only
ENSG00000171298	GAA	SIMPLE_OR	INCONSISTENT	OR→INC			NOT_EVALUATED_consensus_calls_only
ENSG00000171345	KRT19	REPRESSED	SIMPLE_AND	REP→AND			NOT_EVALUATED_consensus_calls_only
ENSG00000171365	CLCN5	SIMPLE_OR	INCONSISTENT	OR→INC			NOT_EVALUATED_consensus_calls_only
ENSG00000171385	KCND3	REPRESSED	BIVALENT	REP→BIV			NOT_EVALUATED_consensus_calls_only
ENSG00000171388	APLN	INCONSISTENT	BIVALENT	INC→BIV			NOT_EVALUATED_consensus_calls_only
ENSG00000171435	KSR2	SIMPLE_OR	BIVALENT	OR→BIV			NOT_EVALUATED_consensus_calls_only
ENSG00000171443	ZNF524	SIMPLE_AND	INCONSISTENT	AND→INC			NOT_EVALUATED_consensus_calls_only
ENSG00000171448	ZBTB26	SIMPLE_AND	INCONSISTENT	AND→INC			NOT_EVALUATED_consensus_calls_only
ENSG00000171450	CDK5R2	BIVALENT	INCONSISTENT	BIV→INC			NOT_EVALUATED_consensus_calls_only
ENSG00000171453	POLR1C	BIVALENT	SIMPLE_AND	BIV→AND			NOT_EVALUATED_consensus_calls_only
ENSG00000171462	DLK2	BIVALENT	INCONSISTENT	BIV→INC			NOT_EVALUATED_consensus_calls_only
ENSG00000171475	WIPF2	SIMPLE_AND	INCONSISTENT	AND→INC			NOT_EVALUATED_consensus_calls_only
ENSG00000171488	LRRC8C	SIMPLE_AND	INCONSISTENT	AND→INC			NOT_EVALUATED_consensus_calls_only
ENSG00000171502	COL24A1	REPRESSED	INCONSISTENT	REP→INC			NOT_EVALUATED_consensus_calls_only
ENSG00000171522	PTGER4	BIVALENT	INCONSISTENT	BIV→INC			NOT_EVALUATED_consensus_calls_only
ENSG00000171570	RAB4B-EGLN2	SIMPLE_AND	INCONSISTENT	AND→INC			NOT_EVALUATED_consensus_calls_only
ENSG00000171574	ZNF584	SIMPLE_OR	SIMPLE_AND	OR→AND			NOT_EVALUATED_consensus_calls_only
ENSG00000171617	ENC1	SIMPLE_AND	BIVALENT	AND→BIV			NOT_EVALUATED_consensus_calls_only
ENSG00000171649	ZIK1	COMPLEX	INCONSISTENT	CPX→INC			NOT_EVALUATED_consensus_calls_only
ENSG00000171695	LKAAEAR1	BIVALENT	INCONSISTENT	BIV→INC			NOT_EVALUATED_consensus_calls_only
ENSG00000171700	RGS19	BIVALENT	SIMPLE_AND	BIV→AND			NOT_EVALUATED_consensus_calls_only
ENSG00000171703	TCEA2	SIMPLE_OR	INCONSISTENT	OR→INC			NOT_EVALUATED_consensus_calls_only
ENSG00000171766	GATM	SIMPLE_AND	INCONSISTENT	AND→INC			NOT_EVALUATED_consensus_calls_only
ENSG00000171777	RASGRP4	SIMPLE_AND	INCONSISTENT	AND→INC			NOT_EVALUATED_consensus_calls_only
ENSG00000171791	BCL2	SIMPLE_AND	INCONSISTENT	AND→INC			NOT_EVALUATED_consensus_calls_only
ENSG00000171806	METTL18	SIMPLE_AND	INCONSISTENT	AND→INC			NOT_EVALUATED_consensus_calls_only
ENSG00000171817	ZNF540	COMPLEX	INCONSISTENT	CPX→INC			NOT_EVALUATED_consensus_calls_only
ENSG00000171823	FBXL14	SIMPLE_AND	INCONSISTENT	AND→INC			NOT_EVALUATED_consensus_calls_only
ENSG00000171827	ZNF570	COMPLEX	INCONSISTENT	CPX→INC			NOT_EVALUATED_consensus_calls_only
ENSG00000171843	MLLT3	SIMPLE_AND	INCONSISTENT	AND→INC			NOT_EVALUATED_consensus_calls_only
ENSG00000171867	PRNP	SIMPLE_OR	SIMPLE_AND	OR→AND			NOT_EVALUATED_consensus_calls_only
ENSG00000171877	FRMD5	BIVALENT	REPRESSED	BIV→REP			NOT_EVALUATED_consensus_calls_only
ENSG00000171943	SRGAP2C	SIMPLE_OR	SIMPLE_AND	OR→AND			NOT_EVALUATED_consensus_calls_only
ENSG00000171970	ZNF57	SIMPLE_AND	INCONSISTENT	AND→INC			NOT_EVALUATED_consensus_calls_only
ENSG00000171984	SHLD1	SIMPLE_AND	INCONSISTENT	AND→INC			NOT_EVALUATED_consensus_calls_only
ENSG00000171988	JMJD1C	SIMPLE_AND	COMPLEX	AND→CPX			NOT_EVALUATED_consensus_calls_only
ENSG00000171989	LDHAL6B	INCONSISTENT	REPRESSED	INC→REP			NOT_EVALUATED_consensus_calls_only
ENSG00000172005	MAL	SIMPLE_OR	REPRESSED	OR→REP			NOT_EVALUATED_consensus_calls_only
ENSG00000172006	ZNF554	SIMPLE_OR	INCONSISTENT	OR→INC			NOT_EVALUATED_consensus_calls_only
ENSG00000172007	RAB33B	SIMPLE_AND	INCONSISTENT	AND→INC			NOT_EVALUATED_consensus_calls_only
ENSG00000172059	KLF11	BIVALENT	INCONSISTENT	BIV→INC			NOT_EVALUATED_consensus_calls_only
ENSG00000172071	EIF2AK3	SIMPLE_AND	INCONSISTENT	AND→INC			NOT_EVALUATED_consensus_calls_only
ENSG00000172159	FRMD3	BIVALENT	INCONSISTENT	BIV→INC			NOT_EVALUATED_consensus_calls_only
ENSG00000172167	MTBP	SIMPLE_AND	INCONSISTENT	AND→INC			NOT_EVALUATED_consensus_calls_only
ENSG00000172171	TEFM	SIMPLE_AND	INCONSISTENT	AND→INC			NOT_EVALUATED_consensus_calls_only
ENSG00000172175	MALT1	SIMPLE_AND	INCONSISTENT	AND→INC			NOT_EVALUATED_consensus_calls_only
ENSG00000172216	CEBPB	INCONSISTENT	SIMPLE_AND	INC→AND			NOT_EVALUATED_consensus_calls_only
ENSG00000172250	SERHL	INCONSISTENT	SIMPLE_AND	INC→AND			NOT_EVALUATED_consensus_calls_only
ENSG00000172270	BSG	SIMPLE_AND	COMPLEX	AND→CPX			NOT_EVALUATED_consensus_calls_only
ENSG00000172273	HINFP	SIMPLE_AND	INCONSISTENT	AND→INC			NOT_EVALUATED_consensus_calls_only
ENSG00000172292	CERS6	SIMPLE_AND	INCONSISTENT	AND→INC			NOT_EVALUATED_consensus_calls_only
ENSG00000172301	COPRS	SIMPLE_OR	SIMPLE_AND	OR→AND			NOT_EVALUATED_consensus_calls_only
ENSG00000172315	TP53RK	SIMPLE_AND	INCONSISTENT	AND→INC			NOT_EVALUATED_consensus_calls_only
ENSG00000172318	B3GALT1	BIVALENT	INCONSISTENT	BIV→INC			NOT_EVALUATED_consensus_calls_only
ENSG00000172322	CLEC12A	INCONSISTENT	REPRESSED	INC→REP			NOT_EVALUATED_consensus_calls_only
ENSG00000172331	BPGM	SIMPLE_AND	INCONSISTENT	AND→INC			NOT_EVALUATED_consensus_calls_only
ENSG00000172339	ALG14	SIMPLE_AND	INCONSISTENT	AND→INC			NOT_EVALUATED_consensus_calls_only
ENSG00000172345	STARD5	SIMPLE_AND	INCONSISTENT	AND→INC			NOT_EVALUATED_consensus_calls_only
ENSG00000172346	CSDC2	REPRESSED	INCONSISTENT	REP→INC			NOT_EVALUATED_consensus_calls_only
ENSG00000172350	ABCG4	BIVALENT	INCONSISTENT	BIV→INC			NOT_EVALUATED_consensus_calls_only
ENSG00000172361	CFAP53	INCONSISTENT	REPRESSED	INC→REP			NOT_EVALUATED_consensus_calls_only
ENSG00000172382	PRSS27	SIMPLE_AND	INCONSISTENT	AND→INC			NOT_EVALUATED_consensus_calls_only
ENSG00000172409	CLP1	REPRESSED	SIMPLE_AND	REP→AND			NOT_EVALUATED_consensus_calls_only
ENSG00000172428	COPS9	SIMPLE_AND	INCONSISTENT	AND→INC			NOT_EVALUATED_consensus_calls_only
ENSG00000172456	FGGY	SIMPLE_AND	INCONSISTENT	AND→INC			NOT_EVALUATED_consensus_calls_only
ENSG00000172458	IL17D	INCONSISTENT	BIVALENT	INC→BIV			NOT_EVALUATED_consensus_calls_only
ENSG00000172460	PRSS30P	REPRESSED	INCONSISTENT	REP→INC			NOT_EVALUATED_consensus_calls_only
ENSG00000172465	TCEAL1	SIMPLE_AND	INCONSISTENT	AND→INC			NOT_EVALUATED_consensus_calls_only
ENSG00000172469	MANEA	SIMPLE_AND	INCONSISTENT	AND→INC			NOT_EVALUATED_consensus_calls_only
ENSG00000172531	PPP1CA	SIMPLE_OR	SIMPLE_AND	OR→AND			NOT_EVALUATED_consensus_calls_only
ENSG00000172548	NIPAL4	BIVALENT	REPRESSED	BIV→REP			NOT_EVALUATED_consensus_calls_only
ENSG00000172575	RASGRP1	SIMPLE_AND	BIVALENT	AND→BIV			NOT_EVALUATED_consensus_calls_only
ENSG00000172578	KLHL6	SIMPLE_AND	INCONSISTENT	AND→INC			NOT_EVALUATED_consensus_calls_only
ENSG00000172594	SMPDL3A	BIVALENT	INCONSISTENT	BIV→INC			NOT_EVALUATED_consensus_calls_only
ENSG00000172602	RND1	SIMPLE_AND	INCONSISTENT	AND→INC			NOT_EVALUATED_consensus_calls_only
ENSG00000172638	EFEMP2	SIMPLE_AND	INCONSISTENT	AND→INC			NOT_EVALUATED_consensus_calls_only
ENSG00000172663	TMEM134	SIMPLE_AND	INCONSISTENT	AND→INC			NOT_EVALUATED_consensus_calls_only
ENSG00000172671	ZFAND4	SIMPLE_AND	INCONSISTENT	AND→INC			NOT_EVALUATED_consensus_calls_only
ENSG00000172687	ZNF738	SIMPLE_AND	INCONSISTENT	AND→INC			NOT_EVALUATED_consensus_calls_only
ENSG00000172731	LRRC20	SIMPLE_AND	INCONSISTENT	AND→INC			NOT_EVALUATED_consensus_calls_only
ENSG00000172733	PURG	BIVALENT	INCONSISTENT	BIV→INC			NOT_EVALUATED_consensus_calls_only
ENSG00000172738	TMEM217	SIMPLE_AND	INCONSISTENT	AND→INC			NOT_EVALUATED_consensus_calls_only
ENSG00000172748	ZNF596	SIMPLE_AND	INCONSISTENT	AND→INC			NOT_EVALUATED_consensus_calls_only
ENSG00000172752	COL6A5	REPRESSED	INCONSISTENT	REP→INC			NOT_EVALUATED_consensus_calls_only
ENSG00000172765	TMCC1	SIMPLE_AND	INCONSISTENT	AND→INC			NOT_EVALUATED_consensus_calls_only
ENSG00000172771	EFCAB12	SIMPLE_OR	INCONSISTENT	OR→INC			NOT_EVALUATED_consensus_calls_only
ENSG00000172780	RAB43	SIMPLE_AND	INCONSISTENT	AND→INC			NOT_EVALUATED_consensus_calls_only
ENSG00000172782	FADS6	REPRESSED	BIVALENT	REP→BIV			NOT_EVALUATED_consensus_calls_only
ENSG00000172817	CYP7B1	SIMPLE_AND	INCONSISTENT	AND→INC			NOT_EVALUATED_consensus_calls_only
ENSG00000172819	RARG	BIVALENT	INCONSISTENT	BIV→INC			NOT_EVALUATED_consensus_calls_only
ENSG00000172878	METAP1D	SIMPLE_AND	INCONSISTENT	AND→INC			NOT_EVALUATED_consensus_calls_only
ENSG00000172915	NBEA	SIMPLE_OR	INCONSISTENT	OR→INC			NOT_EVALUATED_consensus_calls_only
ENSG00000172922	RNASEH2C	SIMPLE_AND	INCONSISTENT	AND→INC			NOT_EVALUATED_consensus_calls_only
ENSG00000172935	MRGPRF	REPRESSED	BIVALENT	REP→BIV			NOT_EVALUATED_consensus_calls_only
ENSG00000172965	MIR4435-2HG	REPRESSED	SIMPLE_OR	REP→OR			NOT_EVALUATED_consensus_calls_only
ENSG00000172986	GXYLT2	BIVALENT	INCONSISTENT	BIV→INC			NOT_EVALUATED_consensus_calls_only
ENSG00000173011	TADA2B	SIMPLE_AND	INCONSISTENT	AND→INC			NOT_EVALUATED_consensus_calls_only
ENSG00000173040	EVC2	SIMPLE_AND	INCONSISTENT	AND→INC			NOT_EVALUATED_consensus_calls_only
ENSG00000173041	ZNF680	SIMPLE_AND	INCONSISTENT	AND→INC			NOT_EVALUATED_consensus_calls_only
ENSG00000173085	COQ2	SIMPLE_AND	INCONSISTENT	AND→INC			NOT_EVALUATED_consensus_calls_only
ENSG00000173110	HSPA6	SIMPLE_OR	INCONSISTENT	OR→INC			NOT_EVALUATED_consensus_calls_only
ENSG00000173137	ADCK5	SIMPLE_AND	INCONSISTENT	AND→INC			NOT_EVALUATED_consensus_calls_only
ENSG00000173141	MRPL57	SIMPLE_AND	INCONSISTENT	AND→INC			NOT_EVALUATED_consensus_calls_only
ENSG00000173163	COMMD1	SIMPLE_AND	INCONSISTENT	AND→INC			NOT_EVALUATED_consensus_calls_only
ENSG00000173166	RAPH1	BIVALENT	INCONSISTENT	BIV→INC			NOT_EVALUATED_consensus_calls_only
ENSG00000173175	ADCY5	REPRESSED	BIVALENT	REP→BIV			NOT_EVALUATED_consensus_calls_only
ENSG00000173208	ABCD2	SIMPLE_AND	INCONSISTENT	AND→INC			NOT_EVALUATED_consensus_calls_only
ENSG00000173209	AHSA2P	SIMPLE_AND	INCONSISTENT	AND→INC			NOT_EVALUATED_consensus_calls_only
ENSG00000173214	MFSD4B	SIMPLE_AND	INCONSISTENT	AND→INC			NOT_EVALUATED_consensus_calls_only
ENSG00000173218	VANGL1	SIMPLE_AND	INCONSISTENT	AND→INC			NOT_EVALUATED_consensus_calls_only
ENSG00000173221	GLRX	SIMPLE_AND	INCONSISTENT	AND→INC			NOT_EVALUATED_consensus_calls_only
ENSG00000173275	ZNF449	SIMPLE_AND	INCONSISTENT	AND→INC			NOT_EVALUATED_consensus_calls_only
ENSG00000173281	PPP1R3B	SIMPLE_AND	INCONSISTENT	AND→INC			NOT_EVALUATED_consensus_calls_only
ENSG00000173295	FAM86B3P	SIMPLE_AND	INCONSISTENT	AND→INC			NOT_EVALUATED_consensus_calls_only
ENSG00000173334	TRIB1	SIMPLE_AND	INCONSISTENT	AND→INC			NOT_EVALUATED_consensus_calls_only
ENSG00000173349	SFT2D3	SIMPLE_AND	INCONSISTENT	AND→INC			NOT_EVALUATED_consensus_calls_only
ENSG00000173402	DAG1	SIMPLE_AND	INCONSISTENT	AND→INC			NOT_EVALUATED_consensus_calls_only
ENSG00000173432	SAA1	INCONSISTENT	REPRESSED	INC→REP			NOT_EVALUATED_consensus_calls_only
ENSG00000173451	THAP2	SIMPLE_AND	INCONSISTENT	AND→INC			NOT_EVALUATED_consensus_calls_only
ENSG00000173480	ZNF417	SIMPLE_AND	INCONSISTENT	AND→INC			NOT_EVALUATED_consensus_calls_only
ENSG00000173530	TNFRSF10D	SIMPLE_OR	INCONSISTENT	OR→INC			NOT_EVALUATED_consensus_calls_only
ENSG00000173531	MST1	SIMPLE_AND	INCONSISTENT	AND→INC			NOT_EVALUATED_consensus_calls_only
ENSG00000173535	TNFRSF10C	BIVALENT	REPRESSED	BIV→REP			NOT_EVALUATED_consensus_calls_only
ENSG00000173540	GMPPB	SIMPLE_AND	INCONSISTENT	AND→INC			NOT_EVALUATED_consensus_calls_only
ENSG00000173545	ZNF622	COMPLEX	SIMPLE_AND	CPX→AND			NOT_EVALUATED_consensus_calls_only
ENSG00000173548	SNX33	SIMPLE_OR	SIMPLE_AND	OR→AND			NOT_EVALUATED_consensus_calls_only
ENSG00000173581	CCDC106	SIMPLE_AND	INCONSISTENT	AND→INC			NOT_EVALUATED_consensus_calls_only
ENSG00000173588	CEP83	SIMPLE_AND	INCONSISTENT	AND→INC			NOT_EVALUATED_consensus_calls_only
ENSG00000173599	PC	INCONSISTENT	SIMPLE_AND	INC→AND			NOT_EVALUATED_consensus_calls_only
ENSG00000173611	SCAI	SIMPLE_OR	SIMPLE_AND	OR→AND			NOT_EVALUATED_consensus_calls_only
ENSG00000173614	NMNAT1	SIMPLE_AND	INCONSISTENT	AND→INC			NOT_EVALUATED_consensus_calls_only
ENSG00000173681	BCLAF3	SIMPLE_OR	INCONSISTENT	OR→INC			NOT_EVALUATED_consensus_calls_only
ENSG00000173706	HEG1	SIMPLE_AND	BIVALENT	AND→BIV			NOT_EVALUATED_consensus_calls_only
ENSG00000173727	FAUP4	SIMPLE_AND	INCONSISTENT	AND→INC			NOT_EVALUATED_consensus_calls_only
ENSG00000173801	JUP	SIMPLE_OR	SIMPLE_AND	OR→AND			NOT_EVALUATED_consensus_calls_only
ENSG00000173805	HAP1	REPRESSED	BIVALENT	REP→BIV			NOT_EVALUATED_consensus_calls_only
ENSG00000173812	EIF1	COMPLEX	SIMPLE_AND	CPX→AND			NOT_EVALUATED_consensus_calls_only
ENSG00000173818	ENDOV	SIMPLE_AND	INCONSISTENT	AND→INC			NOT_EVALUATED_consensus_calls_only
ENSG00000173838	MARCHF10	REPRESSED	BIVALENT	REP→BIV			NOT_EVALUATED_consensus_calls_only
ENSG00000173846	PLK3	SIMPLE_AND	INCONSISTENT	AND→INC			NOT_EVALUATED_consensus_calls_only
ENSG00000173848	NET1	BIVALENT	SIMPLE_AND	BIV→AND			NOT_EVALUATED_consensus_calls_only
ENSG00000173867		COMPLEX	INCONSISTENT	CPX→INC			NOT_EVALUATED_consensus_calls_only
ENSG00000173868	PHOSPHO1	INCONSISTENT	BIVALENT	INC→BIV			NOT_EVALUATED_consensus_calls_only
ENSG00000173894	CBX2	BIVALENT	SIMPLE_AND	BIV→AND			NOT_EVALUATED_consensus_calls_only
ENSG00000173898	SPTBN2	INCONSISTENT	SIMPLE_AND	INC→AND			NOT_EVALUATED_consensus_calls_only
ENSG00000173914	RBM4B	SIMPLE_AND	INCONSISTENT	AND→INC			NOT_EVALUATED_consensus_calls_only
ENSG00000173917	HOXB2	SIMPLE_AND	INCONSISTENT	AND→INC			NOT_EVALUATED_consensus_calls_only
ENSG00000173928	SWSAP1	SIMPLE_AND	INCONSISTENT	AND→INC			NOT_EVALUATED_consensus_calls_only
ENSG00000173960	UBXN2A	SIMPLE_AND	INCONSISTENT	AND→INC			NOT_EVALUATED_consensus_calls_only
ENSG00000173991	TCAP	REPRESSED	INCONSISTENT	REP→INC			NOT_EVALUATED_consensus_calls_only
ENSG00000174004	NRROS	SIMPLE_AND	INCONSISTENT	AND→INC			NOT_EVALUATED_consensus_calls_only
ENSG00000174021	GNG5	COMPLEX	SIMPLE_AND	CPX→AND			NOT_EVALUATED_consensus_calls_only
ENSG00000174032	SLC25A30	SIMPLE_AND	INCONSISTENT	AND→INC			NOT_EVALUATED_consensus_calls_only
ENSG00000174080	CTSF	INCONSISTENT	BIVALENT	INC→BIV			NOT_EVALUATED_consensus_calls_only
ENSG00000174106	LEMD3	SIMPLE_AND	INCONSISTENT	AND→INC			NOT_EVALUATED_consensus_calls_only
ENSG00000174109	C16orf91	SIMPLE_AND	INCONSISTENT	AND→INC			NOT_EVALUATED_consensus_calls_only
ENSG00000174125	TLR1	SIMPLE_AND	INCONSISTENT	AND→INC			NOT_EVALUATED_consensus_calls_only
ENSG00000174130	TLR6	SIMPLE_AND	INCONSISTENT	AND→INC			NOT_EVALUATED_consensus_calls_only
ENSG00000174132	FAM174A	SIMPLE_AND	INCONSISTENT	AND→INC			NOT_EVALUATED_consensus_calls_only
ENSG00000174136	RGMB	BIVALENT	INCONSISTENT	BIV→INC			NOT_EVALUATED_consensus_calls_only
ENSG00000174151	CYB561D1	SIMPLE_AND	INCONSISTENT	AND→INC			NOT_EVALUATED_consensus_calls_only
ENSG00000174165	ZDHHC24	SIMPLE_AND	INCONSISTENT	AND→INC			NOT_EVALUATED_consensus_calls_only
ENSG00000174173	TRMT10C	COMPLEX	SIMPLE_AND	CPX→AND			NOT_EVALUATED_consensus_calls_only
ENSG00000174206	KICS2	SIMPLE_AND	INCONSISTENT	AND→INC			NOT_EVALUATED_consensus_calls_only
ENSG00000174282	ZBTB4	SIMPLE_AND	INCONSISTENT	AND→INC			NOT_EVALUATED_consensus_calls_only
ENSG00000174292	TNK1	REPRESSED	INCONSISTENT	REP→INC			NOT_EVALUATED_consensus_calls_only
ENSG00000174306	ZHX3	SIMPLE_AND	INCONSISTENT	AND→INC			NOT_EVALUATED_consensus_calls_only
ENSG00000174327	SLC16A13	SIMPLE_AND	INCONSISTENT	AND→INC			NOT_EVALUATED_consensus_calls_only
ENSG00000174365	SNHG11	SIMPLE_AND	INCONSISTENT	AND→INC			NOT_EVALUATED_consensus_calls_only
ENSG00000174370	KCNJ5-AS1	BIVALENT	REPRESSED	BIV→REP			NOT_EVALUATED_consensus_calls_only
ENSG00000174405	LIG4	SIMPLE_AND	INCONSISTENT	AND→INC			NOT_EVALUATED_consensus_calls_only
ENSG00000174428	GTF2IRD2B	SIMPLE_AND	INCONSISTENT	AND→INC			NOT_EVALUATED_consensus_calls_only
ENSG00000174460	ZCCHC12	REPRESSED	BIVALENT	REP→BIV			NOT_EVALUATED_consensus_calls_only
ENSG00000174498	IGDCC3	REPRESSED	BIVALENT	REP→BIV			NOT_EVALUATED_consensus_calls_only
ENSG00000174516	PELI3	SIMPLE_AND	INCONSISTENT	AND→INC			NOT_EVALUATED_consensus_calls_only
ENSG00000174521	TTC9B	REPRESSED	INCONSISTENT	REP→INC			NOT_EVALUATED_consensus_calls_only
ENSG00000174579	MSL2	SIMPLE_AND	INCONSISTENT	AND→INC			NOT_EVALUATED_consensus_calls_only
ENSG00000174586	ZNF497	SIMPLE_AND	INCONSISTENT	AND→INC			NOT_EVALUATED_consensus_calls_only
ENSG00000174600	CMKLR1	SIMPLE_OR	INCONSISTENT	OR→INC			NOT_EVALUATED_consensus_calls_only
ENSG00000174606	ANGEL2	COMPLEX	SIMPLE_AND	CPX→AND			NOT_EVALUATED_consensus_calls_only
ENSG00000174607	UGT8	BIVALENT	SIMPLE_AND	BIV→AND			NOT_EVALUATED_consensus_calls_only
ENSG00000174628	IQCK	SIMPLE_AND	INCONSISTENT	AND→INC			NOT_EVALUATED_consensus_calls_only
ENSG00000174672	BRSK2	BIVALENT	INCONSISTENT	BIV→INC			NOT_EVALUATED_consensus_calls_only
ENSG00000174684	B4GAT1	SIMPLE_AND	INCONSISTENT	AND→INC			NOT_EVALUATED_consensus_calls_only
ENSG00000174705	SH3PXD2B	SIMPLE_OR	BIVALENT	OR→BIV			NOT_EVALUATED_consensus_calls_only
ENSG00000174721	FGFBP3	SIMPLE_OR	INCONSISTENT	OR→INC			NOT_EVALUATED_consensus_calls_only
ENSG00000174738	NR1D2	BIVALENT	INCONSISTENT	BIV→INC			NOT_EVALUATED_consensus_calls_only
ENSG00000174799	CEP135	SIMPLE_AND	INCONSISTENT	AND→INC			NOT_EVALUATED_consensus_calls_only
ENSG00000174804	FZD4	BIVALENT	INCONSISTENT	BIV→INC			NOT_EVALUATED_consensus_calls_only
ENSG00000174840	PDE12	SIMPLE_AND	COMPLEX	AND→CPX			NOT_EVALUATED_consensus_calls_only
ENSG00000174842	GLMN	SIMPLE_AND	INCONSISTENT	AND→INC			NOT_EVALUATED_consensus_calls_only
ENSG00000174885	NLRP6	REPRESSED	COMPLEX	REP→CPX			NOT_EVALUATED_consensus_calls_only
ENSG00000174891	RSRC1	BIVALENT	SIMPLE_AND	BIV→AND			NOT_EVALUATED_consensus_calls_only
ENSG00000174938	SEZ6L2	INCONSISTENT	BIVALENT	INC→BIV			NOT_EVALUATED_consensus_calls_only
ENSG00000174939	ASPHD1	INCONSISTENT	BIVALENT	INC→BIV			NOT_EVALUATED_consensus_calls_only
ENSG00000174943	KCTD13	SIMPLE_AND	INCONSISTENT	AND→INC			NOT_EVALUATED_consensus_calls_only
ENSG00000174989	FBXW8	SIMPLE_OR	INCONSISTENT	OR→INC			NOT_EVALUATED_consensus_calls_only
ENSG00000175040	CHST2	SIMPLE_AND	COMPLEX	AND→CPX			NOT_EVALUATED_consensus_calls_only
ENSG00000175048	ZDHHC14	BIVALENT	INCONSISTENT	BIV→INC			NOT_EVALUATED_consensus_calls_only
ENSG00000175063	UBE2C	SIMPLE_AND	INCONSISTENT	AND→INC			NOT_EVALUATED_consensus_calls_only
ENSG00000175066	GK5	SIMPLE_AND	INCONSISTENT	AND→INC			NOT_EVALUATED_consensus_calls_only
ENSG00000175073	VCPIP1	SIMPLE_AND	INCONSISTENT	AND→INC			NOT_EVALUATED_consensus_calls_only
ENSG00000175105	ZNF654	SIMPLE_AND	INCONSISTENT	AND→INC			NOT_EVALUATED_consensus_calls_only
ENSG00000175161	CADM2	BIVALENT	INCONSISTENT	BIV→INC			NOT_EVALUATED_consensus_calls_only
ENSG00000175175	PPM1E	BIVALENT	INCONSISTENT	BIV→INC			NOT_EVALUATED_consensus_calls_only
ENSG00000175182	FAM131A	SIMPLE_AND	INCONSISTENT	AND→INC			NOT_EVALUATED_consensus_calls_only
ENSG00000175183	CSRP2	BIVALENT	INCONSISTENT	BIV→INC			NOT_EVALUATED_consensus_calls_only
ENSG00000175198	PCCA	SIMPLE_AND	INCONSISTENT	AND→INC			NOT_EVALUATED_consensus_calls_only
ENSG00000175213	ZNF408	SIMPLE_AND	INCONSISTENT	AND→INC			NOT_EVALUATED_consensus_calls_only
ENSG00000175265	GOLGA8A	SIMPLE_AND	INCONSISTENT	AND→INC			NOT_EVALUATED_consensus_calls_only
ENSG00000175279	CENPS	SIMPLE_AND	INCONSISTENT	AND→INC			NOT_EVALUATED_consensus_calls_only
ENSG00000175305	CCNE2	SIMPLE_AND	INCONSISTENT	AND→INC			NOT_EVALUATED_consensus_calls_only
ENSG00000175309	PHYKPL	SIMPLE_AND	INCONSISTENT	AND→INC			NOT_EVALUATED_consensus_calls_only
ENSG00000175322	ZNF519	SIMPLE_AND	INCONSISTENT	AND→INC			NOT_EVALUATED_consensus_calls_only
ENSG00000175348	TMEM9B	SIMPLE_AND	INCONSISTENT	AND→INC			NOT_EVALUATED_consensus_calls_only
ENSG00000175352	NRIP3	REPRESSED	SIMPLE_AND	REP→AND			NOT_EVALUATED_consensus_calls_only
ENSG00000175395	ZNF25	SIMPLE_AND	INCONSISTENT	AND→INC			NOT_EVALUATED_consensus_calls_only
ENSG00000175463	TBC1D10C	SIMPLE_AND	INCONSISTENT	AND→INC			NOT_EVALUATED_consensus_calls_only
ENSG00000175489	LRRC25	SIMPLE_OR	INCONSISTENT	OR→INC			NOT_EVALUATED_consensus_calls_only
ENSG00000175520	UBQLN3	REPRESSED	INCONSISTENT	REP→INC			NOT_EVALUATED_consensus_calls_only
ENSG00000175536	LIPT2	SIMPLE_AND	INCONSISTENT	AND→INC			NOT_EVALUATED_consensus_calls_only
ENSG00000175548	ALG10B	SIMPLE_AND	INCONSISTENT	AND→INC			NOT_EVALUATED_consensus_calls_only
ENSG00000175556	LONRF3	REPRESSED	SIMPLE_AND	REP→AND			NOT_EVALUATED_consensus_calls_only
ENSG00000175592	FOSL1	SIMPLE_AND	INCONSISTENT	AND→INC			NOT_EVALUATED_consensus_calls_only
ENSG00000175595	ERCC4	SIMPLE_AND	INCONSISTENT	AND→INC			NOT_EVALUATED_consensus_calls_only
ENSG00000175600	SUGCT	SIMPLE_AND	INCONSISTENT	AND→INC			NOT_EVALUATED_consensus_calls_only
ENSG00000175611	ERCC6L2-AS1	SIMPLE_AND	INCONSISTENT	AND→INC			NOT_EVALUATED_consensus_calls_only
ENSG00000175662	TOM1L2	SIMPLE_OR	INCONSISTENT	OR→INC			NOT_EVALUATED_consensus_calls_only
ENSG00000175691	ZNF77	SIMPLE_AND	INCONSISTENT	AND→INC			NOT_EVALUATED_consensus_calls_only
ENSG00000175697	GPR156	REPRESSED	INCONSISTENT	REP→INC			NOT_EVALUATED_consensus_calls_only
ENSG00000175707	KDF1	BIVALENT	INCONSISTENT	BIV→INC			NOT_EVALUATED_consensus_calls_only
ENSG00000175711	B3GNTL1	SIMPLE_AND	INCONSISTENT	AND→INC			NOT_EVALUATED_consensus_calls_only
ENSG00000175727	MLXIP	SIMPLE_OR	SIMPLE_AND	OR→AND			NOT_EVALUATED_consensus_calls_only
ENSG00000175745	NR2F1	BIVALENT	INCONSISTENT	BIV→INC			NOT_EVALUATED_consensus_calls_only
ENSG00000175764	TTLL11	BIVALENT	INCONSISTENT	BIV→INC			NOT_EVALUATED_consensus_calls_only
ENSG00000175766	EIF4E1B	REPRESSED	BIVALENT	REP→BIV			NOT_EVALUATED_consensus_calls_only
ENSG00000175782	SLC35E3	SIMPLE_AND	INCONSISTENT	AND→INC			NOT_EVALUATED_consensus_calls_only
ENSG00000175787	ZNF169	SIMPLE_AND	INCONSISTENT	AND→INC			NOT_EVALUATED_consensus_calls_only
ENSG00000175806	MSRA	SIMPLE_AND	INCONSISTENT	AND→INC			NOT_EVALUATED_consensus_calls_only
ENSG00000175866	BAIAP2	BIVALENT	SIMPLE_AND	BIV→AND			NOT_EVALUATED_consensus_calls_only
ENSG00000175879	HOXD8	REPRESSED	BIVALENT	REP→BIV			NOT_EVALUATED_consensus_calls_only
ENSG00000175893	ZDHHC21	SIMPLE_AND	INCONSISTENT	AND→INC			NOT_EVALUATED_consensus_calls_only
ENSG00000176022	B3GALT6	SIMPLE_AND	COMPLEX	AND→CPX			NOT_EVALUATED_consensus_calls_only
ENSG00000176024	ZNF613	SIMPLE_AND	COMPLEX	AND→CPX			NOT_EVALUATED_consensus_calls_only
ENSG00000176055	MBLAC2	SIMPLE_AND	INCONSISTENT	AND→INC			NOT_EVALUATED_consensus_calls_only
ENSG00000176102	CSTF3	SIMPLE_AND	COMPLEX	AND→CPX			NOT_EVALUATED_consensus_calls_only
ENSG00000176108	CHMP6	SIMPLE_AND	INCONSISTENT	AND→INC			NOT_EVALUATED_consensus_calls_only
ENSG00000176125	UFSP1	SIMPLE_AND	INCONSISTENT	AND→INC			NOT_EVALUATED_consensus_calls_only
ENSG00000176148	TCP11L1	SIMPLE_AND	INCONSISTENT	AND→INC			NOT_EVALUATED_consensus_calls_only
ENSG00000176165	FOXG1	REPRESSED	INCONSISTENT	REP→INC			NOT_EVALUATED_consensus_calls_only
ENSG00000176182	MYPOP	SIMPLE_AND	INCONSISTENT	AND→INC			NOT_EVALUATED_consensus_calls_only
ENSG00000176200	OR4D11	INCONSISTENT	REPRESSED	INC→REP			NOT_EVALUATED_consensus_calls_only
ENSG00000176273	SLC35G1	SIMPLE_AND	INCONSISTENT	AND→INC			NOT_EVALUATED_consensus_calls_only
ENSG00000176371	ZSCAN2	SIMPLE_AND	INCONSISTENT	AND→INC			NOT_EVALUATED_consensus_calls_only
ENSG00000176381	PRR18	SIMPLE_AND	REPRESSED	AND→REP			NOT_EVALUATED_consensus_calls_only
ENSG00000176383	B3GNT4	BIVALENT	INCONSISTENT	BIV→INC			NOT_EVALUATED_consensus_calls_only
ENSG00000176387	HSD11B2	REPRESSED	INCONSISTENT	REP→INC			NOT_EVALUATED_consensus_calls_only
ENSG00000176396	EID2	SIMPLE_AND	INCONSISTENT	AND→INC			NOT_EVALUATED_consensus_calls_only
ENSG00000176401	EID2B	SIMPLE_AND	INCONSISTENT	AND→INC			NOT_EVALUATED_consensus_calls_only
ENSG00000176402	GJC3	REPRESSED	BIVALENT	REP→BIV			NOT_EVALUATED_consensus_calls_only
ENSG00000176410	DNAJC30	SIMPLE_AND	INCONSISTENT	AND→INC			NOT_EVALUATED_consensus_calls_only
ENSG00000176422	SPRYD4	SIMPLE_AND	INCONSISTENT	AND→INC			NOT_EVALUATED_consensus_calls_only
ENSG00000176428	VPS37D	BIVALENT	INCONSISTENT	BIV→INC			NOT_EVALUATED_consensus_calls_only
ENSG00000176438	SYNE3	SIMPLE_AND	INCONSISTENT	AND→INC			NOT_EVALUATED_consensus_calls_only
ENSG00000176444	CLK2	SIMPLE_OR	SIMPLE_AND	OR→AND			NOT_EVALUATED_consensus_calls_only
ENSG00000176463	SLCO3A1	BIVALENT	INCONSISTENT	BIV→INC			NOT_EVALUATED_consensus_calls_only
ENSG00000176473	WDR25	SIMPLE_AND	INCONSISTENT	AND→INC			NOT_EVALUATED_consensus_calls_only
ENSG00000176476	SGF29	SIMPLE_AND	INCONSISTENT	AND→INC			NOT_EVALUATED_consensus_calls_only
ENSG00000176490	DIRAS1	REPRESSED	INCONSISTENT	REP→INC			NOT_EVALUATED_consensus_calls_only
ENSG00000176531	PHLDB3	SIMPLE_AND	INCONSISTENT	AND→INC			NOT_EVALUATED_consensus_calls_only
ENSG00000176533	GNG7	SIMPLE_AND	INCONSISTENT	AND→INC			NOT_EVALUATED_consensus_calls_only
ENSG00000176542	USF3	SIMPLE_AND	INCONSISTENT	AND→INC			NOT_EVALUATED_consensus_calls_only
ENSG00000176597	B3GNT5	BIVALENT	SIMPLE_AND	BIV→AND			NOT_EVALUATED_consensus_calls_only
ENSG00000176641	RNF152	BIVALENT	INCONSISTENT	BIV→INC			NOT_EVALUATED_consensus_calls_only
ENSG00000176700	SCAND2P	SIMPLE_AND	INCONSISTENT	AND→INC			NOT_EVALUATED_consensus_calls_only
ENSG00000176749	CDK5R1	SIMPLE_AND	INCONSISTENT	AND→INC			NOT_EVALUATED_consensus_calls_only
ENSG00000176753	PAK6-AS1	BIVALENT	REPRESSED	BIV→REP			NOT_EVALUATED_consensus_calls_only
ENSG00000176809	LRRC37A3	SIMPLE_AND	INCONSISTENT	AND→INC			NOT_EVALUATED_consensus_calls_only
ENSG00000176834	VSIG10	SIMPLE_AND	INCONSISTENT	AND→INC			NOT_EVALUATED_consensus_calls_only
ENSG00000176842	IRX5	BIVALENT	INCONSISTENT	BIV→INC			NOT_EVALUATED_consensus_calls_only
ENSG00000176845	METRNL	BIVALENT	SIMPLE_OR	BIV→OR			NOT_EVALUATED_consensus_calls_only
ENSG00000176884	GRIN1	REPRESSED	INCONSISTENT	REP→INC			NOT_EVALUATED_consensus_calls_only
ENSG00000176894	PXMP2	COMPLEX	SIMPLE_AND	CPX→AND			NOT_EVALUATED_consensus_calls_only
ENSG00000176896	TCEANC	SIMPLE_AND	INCONSISTENT	AND→INC			NOT_EVALUATED_consensus_calls_only
ENSG00000176903	PNMA1	SIMPLE_AND	INCONSISTENT	AND→INC			NOT_EVALUATED_consensus_calls_only
ENSG00000176912	TYMSOS	SIMPLE_AND	INCONSISTENT	AND→INC			NOT_EVALUATED_consensus_calls_only
ENSG00000176933	TOB2P1	SIMPLE_OR	INCONSISTENT	OR→INC			NOT_EVALUATED_consensus_calls_only
ENSG00000176973	FAM89B	SIMPLE_AND	INCONSISTENT	AND→INC			NOT_EVALUATED_consensus_calls_only
ENSG00000176994	SMCR8	SIMPLE_AND	INCONSISTENT	AND→INC			NOT_EVALUATED_consensus_calls_only
ENSG00000176998	HCG4	BIVALENT	REPRESSED	BIV→REP			NOT_EVALUATED_consensus_calls_only
ENSG00000177042	TMEM80	SIMPLE_AND	INCONSISTENT	AND→INC			NOT_EVALUATED_consensus_calls_only
ENSG00000177045	SIX5	SIMPLE_AND	INCONSISTENT	AND→INC			NOT_EVALUATED_consensus_calls_only
ENSG00000177051	FBXO46	SIMPLE_AND	INCONSISTENT	AND→INC			NOT_EVALUATED_consensus_calls_only
ENSG00000177054	ZDHHC13	SIMPLE_AND	INCONSISTENT	AND→INC			NOT_EVALUATED_consensus_calls_only
ENSG00000177076	ACER2	BIVALENT	INCONSISTENT	BIV→INC			NOT_EVALUATED_consensus_calls_only
ENSG00000177084	POLE	COMPLEX	SIMPLE_AND	CPX→AND			NOT_EVALUATED_consensus_calls_only
ENSG00000177108	ZDHHC22	REPRESSED	BIVALENT	REP→BIV			NOT_EVALUATED_consensus_calls_only
ENSG00000177112	IRAG1-AS1	BIVALENT	INCONSISTENT	BIV→INC			NOT_EVALUATED_consensus_calls_only
ENSG00000177169	ULK1	SIMPLE_AND	INCONSISTENT	AND→INC			NOT_EVALUATED_consensus_calls_only
ENSG00000177181	RIMKLA	INCONSISTENT	BIVALENT	INC→BIV			NOT_EVALUATED_consensus_calls_only
ENSG00000177189	RPS6KA3	BIVALENT	SIMPLE_AND	BIV→AND			NOT_EVALUATED_consensus_calls_only
ENSG00000177238	TRIM72	REPRESSED	INCONSISTENT	REP→INC			NOT_EVALUATED_consensus_calls_only
ENSG00000177337	DLGAP1-AS1	SIMPLE_AND	INCONSISTENT	AND→INC			NOT_EVALUATED_consensus_calls_only
ENSG00000177354	C10orf71	REPRESSED	INCONSISTENT	REP→INC			NOT_EVALUATED_consensus_calls_only
ENSG00000177369	FLJ40194	INCONSISTENT	BIVALENT	INC→BIV			NOT_EVALUATED_consensus_calls_only
ENSG00000177370	TIMM22	SIMPLE_AND	INCONSISTENT	AND→INC			NOT_EVALUATED_consensus_calls_only
ENSG00000177374	HIC1	SIMPLE_AND	INCONSISTENT	AND→INC			NOT_EVALUATED_consensus_calls_only
ENSG00000177380	PPFIA3	BIVALENT	SIMPLE_AND	BIV→AND			NOT_EVALUATED_consensus_calls_only
ENSG00000177383	MAGEF1	SIMPLE_AND	INCONSISTENT	AND→INC			NOT_EVALUATED_consensus_calls_only
ENSG00000177398	UMODL1	INCONSISTENT	REPRESSED	INC→REP			NOT_EVALUATED_consensus_calls_only
ENSG00000177409	SAMD9L	SIMPLE_AND	INCONSISTENT	AND→INC			NOT_EVALUATED_consensus_calls_only
ENSG00000177427	MIEF2	SIMPLE_AND	INCONSISTENT	AND→INC			NOT_EVALUATED_consensus_calls_only
ENSG00000177459	ERICH5	INCONSISTENT	REPRESSED	INC→REP			NOT_EVALUATED_consensus_calls_only
ENSG00000177464	GPR4	REPRESSED	BIVALENT	REP→BIV			NOT_EVALUATED_consensus_calls_only
ENSG00000177469	CAVIN1	REPRESSED	SIMPLE_AND	REP→AND			NOT_EVALUATED_consensus_calls_only
ENSG00000177556	ATOX1	COMPLEX	SIMPLE_AND	CPX→AND			NOT_EVALUATED_consensus_calls_only
ENSG00000177570	SAMD12	SIMPLE_AND	INCONSISTENT	AND→INC			NOT_EVALUATED_consensus_calls_only
ENSG00000177576	C18orf32	SIMPLE_AND	INCONSISTENT	AND→INC			NOT_EVALUATED_consensus_calls_only
ENSG00000177599	ZNF491	SIMPLE_AND	INCONSISTENT	AND→INC			NOT_EVALUATED_consensus_calls_only
ENSG00000177602	HASPIN	SIMPLE_AND	INCONSISTENT	AND→INC			NOT_EVALUATED_consensus_calls_only
ENSG00000177613	CSTF2T	SIMPLE_AND	INCONSISTENT	AND→INC			NOT_EVALUATED_consensus_calls_only
ENSG00000177640	CASC2	SIMPLE_AND	INCONSISTENT	AND→INC			NOT_EVALUATED_consensus_calls_only
ENSG00000177663	IL17RA	SIMPLE_AND	INCONSISTENT	AND→INC			NOT_EVALUATED_consensus_calls_only
ENSG00000177685	CRACR2B	SIMPLE_AND	INCONSISTENT	AND→INC			NOT_EVALUATED_consensus_calls_only
ENSG00000177697	CD151	SIMPLE_OR	SIMPLE_AND	OR→AND			NOT_EVALUATED_consensus_calls_only
ENSG00000177707	NECTIN3	REPRESSED	INCONSISTENT	REP→INC			NOT_EVALUATED_consensus_calls_only
ENSG00000177721	ANXA2R	SIMPLE_AND	INCONSISTENT	AND→INC			NOT_EVALUATED_consensus_calls_only
ENSG00000177732	SOX12	SIMPLE_AND	INCONSISTENT	AND→INC			NOT_EVALUATED_consensus_calls_only
ENSG00000177733	HNRNPA0	SIMPLE_AND	INCONSISTENT	AND→INC			NOT_EVALUATED_consensus_calls_only
ENSG00000177738	ANXA2R-OT1	SIMPLE_AND	INCONSISTENT	AND→INC			NOT_EVALUATED_consensus_calls_only
ENSG00000177807	KCNJ10	BIVALENT	INCONSISTENT	BIV→INC			NOT_EVALUATED_consensus_calls_only
ENSG00000177842	ZNF620	SIMPLE_AND	INCONSISTENT	AND→INC			NOT_EVALUATED_consensus_calls_only
ENSG00000177853	ZNF518A	COMPLEX	SIMPLE_AND	CPX→AND			NOT_EVALUATED_consensus_calls_only
ENSG00000177854	TMEM187	SIMPLE_AND	INCONSISTENT	AND→INC			NOT_EVALUATED_consensus_calls_only
ENSG00000177868	SVBP	SIMPLE_AND	INCONSISTENT	AND→INC			NOT_EVALUATED_consensus_calls_only
ENSG00000177873	ZNF619	SIMPLE_AND	INCONSISTENT	AND→INC			NOT_EVALUATED_consensus_calls_only
ENSG00000177875	CCDC184	BIVALENT	INCONSISTENT	BIV→INC			NOT_EVALUATED_consensus_calls_only
ENSG00000177879	AP3S1	COMPLEX	SIMPLE_AND	CPX→AND			NOT_EVALUATED_consensus_calls_only
ENSG00000177888	ZBTB41	SIMPLE_AND	INCONSISTENT	AND→INC			NOT_EVALUATED_consensus_calls_only
ENSG00000177943	MAMDC4	SIMPLE_AND	INCONSISTENT	AND→INC			NOT_EVALUATED_consensus_calls_only
ENSG00000177946	CENPBD1P	SIMPLE_AND	INCONSISTENT	AND→INC			NOT_EVALUATED_consensus_calls_only
ENSG00000177971	IMP3	SIMPLE_OR	SIMPLE_AND	OR→AND			NOT_EVALUATED_consensus_calls_only
ENSG00000177989	ODF3B	SIMPLE_AND	INCONSISTENT	AND→INC			NOT_EVALUATED_consensus_calls_only
ENSG00000177994	C2orf73	BIVALENT	INCONSISTENT	BIV→INC			NOT_EVALUATED_consensus_calls_only
ENSG00000178026	LRRC75B	SIMPLE_OR	INCONSISTENT	OR→INC			NOT_EVALUATED_consensus_calls_only
ENSG00000178074	C2orf69	SIMPLE_AND	INCONSISTENT	AND→INC			NOT_EVALUATED_consensus_calls_only
ENSG00000178078	STAP2	SIMPLE_AND	INCONSISTENT	AND→INC			NOT_EVALUATED_consensus_calls_only
ENSG00000178093	TSSK6	SIMPLE_AND	INCONSISTENT	AND→INC			NOT_EVALUATED_consensus_calls_only
ENSG00000178096	BOLA1	SIMPLE_AND	INCONSISTENT	AND→INC			NOT_EVALUATED_consensus_calls_only
ENSG00000178171	AMER3	REPRESSED	BIVALENT	REP→BIV			NOT_EVALUATED_consensus_calls_only
ENSG00000178177	LCORL	SIMPLE_AND	INCONSISTENT	AND→INC			NOT_EVALUATED_consensus_calls_only
ENSG00000178184	PARD6G	BIVALENT	INCONSISTENT	BIV→INC			NOT_EVALUATED_consensus_calls_only
ENSG00000178199	ZC3H12D	SIMPLE_AND	REPRESSED	AND→REP			NOT_EVALUATED_consensus_calls_only
ENSG00000178229	ZNF543	SIMPLE_AND	INCONSISTENT	AND→INC			NOT_EVALUATED_consensus_calls_only
ENSG00000178233	TMEM151B	REPRESSED	BIVALENT	REP→BIV			NOT_EVALUATED_consensus_calls_only
ENSG00000178338	ZNF354B	SIMPLE_OR	INCONSISTENT	OR→INC			NOT_EVALUATED_consensus_calls_only
ENSG00000178381	ZFAND2A	SIMPLE_AND	INCONSISTENT	AND→INC			NOT_EVALUATED_consensus_calls_only
ENSG00000178385	PLEKHM3	SIMPLE_AND	INCONSISTENT	AND→INC			NOT_EVALUATED_consensus_calls_only
ENSG00000178386	ZNF223	COMPLEX	INCONSISTENT	CPX→INC			NOT_EVALUATED_consensus_calls_only
ENSG00000178403	NEUROG2	SIMPLE_AND	BIVALENT	AND→BIV			NOT_EVALUATED_consensus_calls_only
ENSG00000178409	BEND3	SIMPLE_AND	INCONSISTENT	AND→INC			NOT_EVALUATED_consensus_calls_only
ENSG00000178440	TIMM23B-AGAP6	SIMPLE_AND	INCONSISTENT	AND→INC			NOT_EVALUATED_consensus_calls_only
ENSG00000178445	GLDC	SIMPLE_AND	REPRESSED	AND→REP			NOT_EVALUATED_consensus_calls_only
ENSG00000178467	P4HTM	SIMPLE_AND	INCONSISTENT	AND→INC			NOT_EVALUATED_consensus_calls_only
ENSG00000178538	CA8	REPRESSED	SIMPLE_AND	REP→AND			NOT_EVALUATED_consensus_calls_only
ENSG00000178573	MAF	REPRESSED	BIVALENT	REP→BIV			NOT_EVALUATED_consensus_calls_only
ENSG00000178605	GTPBP6	SIMPLE_AND	INCONSISTENT	AND→INC			NOT_EVALUATED_consensus_calls_only
ENSG00000178607	ERN1	SIMPLE_AND	INCONSISTENT	AND→INC			NOT_EVALUATED_consensus_calls_only
ENSG00000178665	ZNF713	COMPLEX	INCONSISTENT	CPX→INC			NOT_EVALUATED_consensus_calls_only
ENSG00000178694	NSUN3	SIMPLE_AND	INCONSISTENT	AND→INC			NOT_EVALUATED_consensus_calls_only
ENSG00000178695	KCTD12	SIMPLE_OR	INCONSISTENT	OR→INC			NOT_EVALUATED_consensus_calls_only
ENSG00000178700	DHFR2	SIMPLE_AND	INCONSISTENT	AND→INC			NOT_EVALUATED_consensus_calls_only
ENSG00000178726	THBD	REPRESSED	INCONSISTENT	REP→INC			NOT_EVALUATED_consensus_calls_only
ENSG00000178752	ERFE	REPRESSED	INCONSISTENT	REP→INC			NOT_EVALUATED_consensus_calls_only
ENSG00000178761	FAM219B	SIMPLE_AND	INCONSISTENT	AND→INC			NOT_EVALUATED_consensus_calls_only
ENSG00000178764	ZHX2	SIMPLE_AND	REPRESSED	AND→REP			NOT_EVALUATED_consensus_calls_only
ENSG00000178852	EFCAB13	SIMPLE_AND	INCONSISTENT	AND→INC			NOT_EVALUATED_consensus_calls_only
ENSG00000178860	MSC	SIMPLE_AND	REPRESSED	AND→REP			NOT_EVALUATED_consensus_calls_only
ENSG00000178878	APOLD1	SIMPLE_AND	INCONSISTENT	AND→INC			NOT_EVALUATED_consensus_calls_only
ENSG00000178904	DPY19L3	COMPLEX	SIMPLE_AND	CPX→AND			NOT_EVALUATED_consensus_calls_only
ENSG00000178922	HYI	SIMPLE_AND	INCONSISTENT	AND→INC			NOT_EVALUATED_consensus_calls_only
ENSG00000178935	ZNF552	SIMPLE_AND	INCONSISTENT	AND→INC			NOT_EVALUATED_consensus_calls_only
ENSG00000178947	SMIM10L2A	SIMPLE_OR	INCONSISTENT	OR→INC			NOT_EVALUATED_consensus_calls_only
ENSG00000178966	RMI1	COMPLEX	SIMPLE_AND	CPX→AND			NOT_EVALUATED_consensus_calls_only
ENSG00000178971	CTC1	SIMPLE_AND	INCONSISTENT	AND→INC			NOT_EVALUATED_consensus_calls_only
ENSG00000178996	SNX18	SIMPLE_AND	INCONSISTENT	AND→INC			NOT_EVALUATED_consensus_calls_only
ENSG00000179058	C9orf50	REPRESSED	BIVALENT	REP→BIV			NOT_EVALUATED_consensus_calls_only
ENSG00000179097	HTR1F	REPRESSED	INCONSISTENT	REP→INC			NOT_EVALUATED_consensus_calls_only
ENSG00000179104	TMTC2	SIMPLE_AND	BIVALENT	AND→BIV			NOT_EVALUATED_consensus_calls_only
ENSG00000179111	HES7	BIVALENT	INCONSISTENT	BIV→INC			NOT_EVALUATED_consensus_calls_only
ENSG00000179148	ALOXE3	BIVALENT	INCONSISTENT	BIV→INC			NOT_EVALUATED_consensus_calls_only
ENSG00000179151	EDC3	COMPLEX	SIMPLE_AND	CPX→AND			NOT_EVALUATED_consensus_calls_only
ENSG00000179163	FUCA1	SIMPLE_AND	INCONSISTENT	AND→INC			NOT_EVALUATED_consensus_calls_only
ENSG00000179168	GGN	REPRESSED	INCONSISTENT	REP→INC			NOT_EVALUATED_consensus_calls_only
ENSG00000179240	GVQW3	SIMPLE_OR	INCONSISTENT	OR→INC			NOT_EVALUATED_consensus_calls_only
ENSG00000179292	TMEM151A	BIVALENT	INCONSISTENT	BIV→INC			NOT_EVALUATED_consensus_calls_only
ENSG00000179299	NSUN7	INCONSISTENT	REPRESSED	INC→REP			NOT_EVALUATED_consensus_calls_only
ENSG00000179331	RAB39A	SIMPLE_AND	INCONSISTENT	AND→INC			NOT_EVALUATED_consensus_calls_only
ENSG00000179348	GATA2	REPRESSED	SIMPLE_AND	REP→AND			NOT_EVALUATED_consensus_calls_only
ENSG00000179388	EGR3	BIVALENT	INCONSISTENT	BIV→INC			NOT_EVALUATED_consensus_calls_only
ENSG00000179397	CATSPERE	INCONSISTENT	COMPLEX	INC→CPX			NOT_EVALUATED_consensus_calls_only
ENSG00000179399	GPC5	SIMPLE_AND	BIVALENT	AND→BIV			NOT_EVALUATED_consensus_calls_only
ENSG00000179403	VWA1	BIVALENT	INCONSISTENT	BIV→INC			NOT_EVALUATED_consensus_calls_only
ENSG00000179428	IL6-AS1	REPRESSED	INCONSISTENT	REP→INC			NOT_EVALUATED_consensus_calls_only
ENSG00000179431	FJX1	SIMPLE_AND	BIVALENT	AND→BIV			NOT_EVALUATED_consensus_calls_only
ENSG00000179456	ZBTB18	SIMPLE_AND	BIVALENT	AND→BIV			NOT_EVALUATED_consensus_calls_only
ENSG00000179476	C14orf28	SIMPLE_AND	INCONSISTENT	AND→INC			NOT_EVALUATED_consensus_calls_only
ENSG00000179523	EIF3J-DT	SIMPLE_AND	INCONSISTENT	AND→INC			NOT_EVALUATED_consensus_calls_only
ENSG00000179528	LBX2	SIMPLE_OR	INCONSISTENT	OR→INC			NOT_EVALUATED_consensus_calls_only
ENSG00000179546	HTR1D	REPRESSED	BIVALENT	REP→BIV			NOT_EVALUATED_consensus_calls_only
ENSG00000179583	CIITA	SIMPLE_OR	REPRESSED	OR→REP			NOT_EVALUATED_consensus_calls_only
ENSG00000179588	ZFPM1	BIVALENT	SIMPLE_AND	BIV→AND			NOT_EVALUATED_consensus_calls_only
ENSG00000179598	PLD6	SIMPLE_AND	INCONSISTENT	AND→INC			NOT_EVALUATED_consensus_calls_only
ENSG00000179627	ZBTB42	SIMPLE_OR	INCONSISTENT	OR→INC			NOT_EVALUATED_consensus_calls_only
ENSG00000179636	TPPP2	REPRESSED	INCONSISTENT	REP→INC			NOT_EVALUATED_consensus_calls_only
ENSG00000179673	RPRML	REPRESSED	BIVALENT	REP→BIV			NOT_EVALUATED_consensus_calls_only
ENSG00000179698	WDR97	SIMPLE_OR	INCONSISTENT	OR→INC			NOT_EVALUATED_consensus_calls_only
ENSG00000179715	PCED1B	BIVALENT	INCONSISTENT	BIV→INC			NOT_EVALUATED_consensus_calls_only
ENSG00000179743	SPEN-AS1	SIMPLE_AND	INCONSISTENT	AND→INC			NOT_EVALUATED_consensus_calls_only
ENSG00000179750	APOBEC3B	INCONSISTENT	COMPLEX	INC→CPX			NOT_EVALUATED_consensus_calls_only
ENSG00000179761	PIPOX	SIMPLE_AND	INCONSISTENT	AND→INC			NOT_EVALUATED_consensus_calls_only
ENSG00000179774	ATOH7	BIVALENT	INCONSISTENT	BIV→INC			NOT_EVALUATED_consensus_calls_only
ENSG00000179820	MYADM	REPRESSED	SIMPLE_OR	REP→OR			NOT_EVALUATED_consensus_calls_only
ENSG00000179832	MROH1	SIMPLE_AND	INCONSISTENT	AND→INC			NOT_EVALUATED_consensus_calls_only
ENSG00000179833	SERTAD2	SIMPLE_AND	INCONSISTENT	AND→INC			NOT_EVALUATED_consensus_calls_only
ENSG00000179840	PIK3CD-AS1	SIMPLE_AND	INCONSISTENT	AND→INC			NOT_EVALUATED_consensus_calls_only
ENSG00000179841	AKAP5	SIMPLE_AND	INCONSISTENT	AND→INC			NOT_EVALUATED_consensus_calls_only
ENSG00000179855	GIPC3	REPRESSED	INCONSISTENT	REP→INC			NOT_EVALUATED_consensus_calls_only
ENSG00000179859	RNF227	SIMPLE_AND	INCONSISTENT	AND→INC			NOT_EVALUATED_consensus_calls_only
ENSG00000179862	CITED4	BIVALENT	INCONSISTENT	BIV→INC			NOT_EVALUATED_consensus_calls_only
ENSG00000179886	TIGD5	SIMPLE_AND	INCONSISTENT	AND→INC			NOT_EVALUATED_consensus_calls_only
ENSG00000179902	CFAP276	BIVALENT	INCONSISTENT	BIV→INC			NOT_EVALUATED_consensus_calls_only
ENSG00000179913	B3GNT3	REPRESSED	INCONSISTENT	REP→INC			NOT_EVALUATED_consensus_calls_only
ENSG00000179922	ZNF784	COMPLEX	INCONSISTENT	CPX→INC			NOT_EVALUATED_consensus_calls_only
ENSG00000179941	BBS10	SIMPLE_AND	INCONSISTENT	AND→INC			NOT_EVALUATED_consensus_calls_only
ENSG00000179943	FIZ1	SIMPLE_AND	INCONSISTENT	AND→INC			NOT_EVALUATED_consensus_calls_only
ENSG00000179965	ZNF771	SIMPLE_OR	INCONSISTENT	OR→INC			NOT_EVALUATED_consensus_calls_only
ENSG00000179981	TSHZ1	SIMPLE_AND	INCONSISTENT	AND→INC			NOT_EVALUATED_consensus_calls_only
ENSG00000179988	PSTK	SIMPLE_AND	INCONSISTENT	AND→INC			NOT_EVALUATED_consensus_calls_only
ENSG00000180008	SOCS4	SIMPLE_AND	INCONSISTENT	AND→INC			NOT_EVALUATED_consensus_calls_only
ENSG00000180035	ZNF48	SIMPLE_AND	INCONSISTENT	AND→INC			NOT_EVALUATED_consensus_calls_only
ENSG00000180044	C3orf80	BIVALENT	INCONSISTENT	BIV→INC			NOT_EVALUATED_consensus_calls_only
ENSG00000180096	SEPTIN1	SIMPLE_AND	INCONSISTENT	AND→INC			NOT_EVALUATED_consensus_calls_only
ENSG00000180233	ZNRF2	SIMPLE_AND	INCONSISTENT	AND→INC			NOT_EVALUATED_consensus_calls_only
ENSG00000180264	ADGRD2	REPRESSED	INCONSISTENT	REP→INC			NOT_EVALUATED_consensus_calls_only
ENSG00000180340	FZD2	SIMPLE_AND	INCONSISTENT	AND→INC			NOT_EVALUATED_consensus_calls_only
ENSG00000180346	TIGD2	SIMPLE_AND	BIVALENT	AND→BIV			NOT_EVALUATED_consensus_calls_only
ENSG00000180353	HCLS1	SIMPLE_AND	INCONSISTENT	AND→INC			NOT_EVALUATED_consensus_calls_only
ENSG00000180354	MTURN	BIVALENT	INCONSISTENT	BIV→INC			NOT_EVALUATED_consensus_calls_only
ENSG00000180385	EMC3-AS1	SIMPLE_AND	INCONSISTENT	AND→INC			NOT_EVALUATED_consensus_calls_only
ENSG00000180423	HARBI1	SIMPLE_AND	INCONSISTENT	AND→INC			NOT_EVALUATED_consensus_calls_only
ENSG00000180425	C11orf71	COMPLEX	INCONSISTENT	CPX→INC			NOT_EVALUATED_consensus_calls_only
ENSG00000180448	ARHGAP45	SIMPLE_AND	INCONSISTENT	AND→INC			NOT_EVALUATED_consensus_calls_only
ENSG00000180458		REPRESSED	INCONSISTENT	REP→INC			NOT_EVALUATED_consensus_calls_only
ENSG00000180479	ZNF571	SIMPLE_AND	INCONSISTENT	AND→INC			NOT_EVALUATED_consensus_calls_only
ENSG00000180488	MIGA1	SIMPLE_AND	INCONSISTENT	AND→INC			NOT_EVALUATED_consensus_calls_only
ENSG00000180537	RNF182	REPRESSED	SIMPLE_AND	REP→AND			NOT_EVALUATED_consensus_calls_only
ENSG00000180539	LINC02908	BIVALENT	INCONSISTENT	BIV→INC			NOT_EVALUATED_consensus_calls_only
ENSG00000180592	SKIDA1	BIVALENT	INCONSISTENT	BIV→INC			NOT_EVALUATED_consensus_calls_only
ENSG00000180611	MB21D2	SIMPLE_AND	BIVALENT	AND→BIV			NOT_EVALUATED_consensus_calls_only
ENSG00000180626	ZNF594	COMPLEX	INCONSISTENT	CPX→INC			NOT_EVALUATED_consensus_calls_only
ENSG00000180712	LINC02363	SIMPLE_AND	INCONSISTENT	AND→INC			NOT_EVALUATED_consensus_calls_only
ENSG00000180720	CHRM4	BIVALENT	INCONSISTENT	BIV→INC			NOT_EVALUATED_consensus_calls_only
ENSG00000180739	S1PR5	REPRESSED	INCONSISTENT	REP→INC			NOT_EVALUATED_consensus_calls_only
ENSG00000180758	GPR157	SIMPLE_AND	INCONSISTENT	AND→INC			NOT_EVALUATED_consensus_calls_only
ENSG00000180769	WDFY3-AS2	REPRESSED	INCONSISTENT	REP→INC			NOT_EVALUATED_consensus_calls_only
ENSG00000180773	SLC36A4	SIMPLE_AND	INCONSISTENT	AND→INC			NOT_EVALUATED_consensus_calls_only
ENSG00000180806	HOXC9	BIVALENT	INCONSISTENT	BIV→INC			NOT_EVALUATED_consensus_calls_only
ENSG00000180818	HOXC10	REPRESSED	INCONSISTENT	REP→INC			NOT_EVALUATED_consensus_calls_only
ENSG00000180822	PSMG4	REPRESSED	BIVALENT	REP→BIV			NOT_EVALUATED_consensus_calls_only
ENSG00000180855	ZNF443	SIMPLE_AND	INCONSISTENT	AND→INC			NOT_EVALUATED_consensus_calls_only
ENSG00000180867	PDIA3P1	SIMPLE_AND	INCONSISTENT	AND→INC			NOT_EVALUATED_consensus_calls_only
ENSG00000180881	CAPS2	SIMPLE_AND	INCONSISTENT	AND→INC			NOT_EVALUATED_consensus_calls_only
ENSG00000180884	ZNF792	SIMPLE_AND	COMPLEX	AND→CPX			NOT_EVALUATED_consensus_calls_only
ENSG00000180891	CUEDC1	BIVALENT	INCONSISTENT	BIV→INC			NOT_EVALUATED_consensus_calls_only
ENSG00000180914	OXTR	SIMPLE_OR	REPRESSED	OR→REP			NOT_EVALUATED_consensus_calls_only
ENSG00000180917	CMTR2	SIMPLE_AND	INCONSISTENT	AND→INC			NOT_EVALUATED_consensus_calls_only
ENSG00000180938	ZNF572	COMPLEX	INCONSISTENT	CPX→INC			NOT_EVALUATED_consensus_calls_only
ENSG00000180953	ST20	SIMPLE_AND	INCONSISTENT	AND→INC			NOT_EVALUATED_consensus_calls_only
ENSG00000180979	LRRC57	SIMPLE_AND	INCONSISTENT	AND→INC			NOT_EVALUATED_consensus_calls_only
ENSG00000180988	OR52N2	INCONSISTENT	COMPLEX	INC→CPX			NOT_EVALUATED_consensus_calls_only
ENSG00000181007	ZFP82	SIMPLE_AND	INCONSISTENT	AND→INC			NOT_EVALUATED_consensus_calls_only
ENSG00000181027	FKRP	SIMPLE_AND	INCONSISTENT	AND→INC			NOT_EVALUATED_consensus_calls_only
ENSG00000181031	RPH3AL	BIVALENT	INCONSISTENT	BIV→INC			NOT_EVALUATED_consensus_calls_only
ENSG00000181045	SLC26A11	SIMPLE_AND	INCONSISTENT	AND→INC			NOT_EVALUATED_consensus_calls_only
ENSG00000181104	F2R	BIVALENT	SIMPLE_AND	BIV→AND			NOT_EVALUATED_consensus_calls_only
ENSG00000181126	HLA-V	BIVALENT	REPRESSED	BIV→REP			NOT_EVALUATED_consensus_calls_only
ENSG00000181135	ZNF707	SIMPLE_AND	INCONSISTENT	AND→INC			NOT_EVALUATED_consensus_calls_only
ENSG00000181191	PJA1	SIMPLE_AND	INCONSISTENT	AND→INC			NOT_EVALUATED_consensus_calls_only
ENSG00000181274	FRAT2	BIVALENT	INCONSISTENT	BIV→INC			NOT_EVALUATED_consensus_calls_only
ENSG00000181284	TMEM102	SIMPLE_AND	INCONSISTENT	AND→INC			NOT_EVALUATED_consensus_calls_only
ENSG00000181322	NME9	REPRESSED	INCONSISTENT	REP→INC			NOT_EVALUATED_consensus_calls_only
ENSG00000181350	LRRC75A	BIVALENT	INCONSISTENT	BIV→INC			NOT_EVALUATED_consensus_calls_only
ENSG00000181408	UTS2R	REPRESSED	INCONSISTENT	REP→INC			NOT_EVALUATED_consensus_calls_only
ENSG00000181418	DDN	SIMPLE_AND	INCONSISTENT	AND→INC			NOT_EVALUATED_consensus_calls_only
ENSG00000181450	ZNF678	COMPLEX	SIMPLE_AND	CPX→AND			NOT_EVALUATED_consensus_calls_only
ENSG00000181458	TMEM45A	SIMPLE_AND	INCONSISTENT	AND→INC			NOT_EVALUATED_consensus_calls_only
ENSG00000181472	ZBTB2	SIMPLE_AND	INCONSISTENT	AND→INC			NOT_EVALUATED_consensus_calls_only
ENSG00000181513	ACBD4	SIMPLE_OR	INCONSISTENT	OR→INC			NOT_EVALUATED_consensus_calls_only
ENSG00000181523	SGSH	SIMPLE_AND	INCONSISTENT	AND→INC			NOT_EVALUATED_consensus_calls_only
ENSG00000181577	LINC03040	SIMPLE_AND	INCONSISTENT	AND→INC			NOT_EVALUATED_consensus_calls_only
ENSG00000181588	MEX3D	INCONSISTENT	SIMPLE_OR	INC→OR			NOT_EVALUATED_consensus_calls_only
ENSG00000181638	ZFP41	SIMPLE_AND	INCONSISTENT	AND→INC			NOT_EVALUATED_consensus_calls_only
ENSG00000181649	PHLDA2	BIVALENT	SIMPLE_AND	BIV→AND			NOT_EVALUATED_consensus_calls_only
ENSG00000181690	PLAG1	SIMPLE_AND	BIVALENT	AND→BIV			NOT_EVALUATED_consensus_calls_only
ENSG00000181704	YIPF6	SIMPLE_AND	INCONSISTENT	AND→INC			NOT_EVALUATED_consensus_calls_only
ENSG00000181722	ZBTB20	SIMPLE_AND	INCONSISTENT	AND→INC			NOT_EVALUATED_consensus_calls_only
ENSG00000181751	MACIR	SIMPLE_AND	INCONSISTENT	AND→INC			NOT_EVALUATED_consensus_calls_only
ENSG00000181754	AMIGO1	INCONSISTENT	BIVALENT	INC→BIV			NOT_EVALUATED_consensus_calls_only
ENSG00000181798	LINC00471	SIMPLE_AND	INCONSISTENT	AND→INC			NOT_EVALUATED_consensus_calls_only
ENSG00000181826	RELL1	SIMPLE_AND	INCONSISTENT	AND→INC			NOT_EVALUATED_consensus_calls_only
ENSG00000181873	IBA57	SIMPLE_AND	INCONSISTENT	AND→INC			NOT_EVALUATED_consensus_calls_only
ENSG00000181885	CLDN7	REPRESSED	INCONSISTENT	REP→INC			NOT_EVALUATED_consensus_calls_only
ENSG00000181894	ZNF329	SIMPLE_OR	INCONSISTENT	OR→INC			NOT_EVALUATED_consensus_calls_only
ENSG00000181896	ZNF101	SIMPLE_AND	INCONSISTENT	AND→INC			NOT_EVALUATED_consensus_calls_only
ENSG00000181908	LINC02724	INCONSISTENT	BIVALENT	INC→BIV			NOT_EVALUATED_consensus_calls_only
ENSG00000182010	RTKN2	BIVALENT	INCONSISTENT	BIV→INC			NOT_EVALUATED_consensus_calls_only
ENSG00000182013	PNMA8A	BIVALENT	INCONSISTENT	BIV→INC			NOT_EVALUATED_consensus_calls_only
ENSG00000182040	USH1G	REPRESSED	BIVALENT	REP→BIV			NOT_EVALUATED_consensus_calls_only
ENSG00000182057	OGFRP1	SIMPLE_AND	INCONSISTENT	AND→INC			NOT_EVALUATED_consensus_calls_only
ENSG00000182095	TNRC18	BIVALENT	SIMPLE_AND	BIV→AND			NOT_EVALUATED_consensus_calls_only
ENSG00000182103	FAM181B	REPRESSED	INCONSISTENT	REP→INC			NOT_EVALUATED_consensus_calls_only
ENSG00000182108	DEXI	COMPLEX	SIMPLE_AND	CPX→AND			NOT_EVALUATED_consensus_calls_only
ENSG00000182118	FAM89A	INCONSISTENT	SIMPLE_AND	INC→AND			NOT_EVALUATED_consensus_calls_only
ENSG00000182134	TDRKH	COMPLEX	INCONSISTENT	CPX→INC			NOT_EVALUATED_consensus_calls_only
ENSG00000182141	ZNF708	COMPLEX	INCONSISTENT	CPX→INC			NOT_EVALUATED_consensus_calls_only
ENSG00000182165	TP53TG1	SIMPLE_AND	INCONSISTENT	AND→INC			NOT_EVALUATED_consensus_calls_only
ENSG00000182183	SHISAL2A	REPRESSED	INCONSISTENT	REP→INC			NOT_EVALUATED_consensus_calls_only
ENSG00000182185	RAD51B	SIMPLE_AND	INCONSISTENT	AND→INC			NOT_EVALUATED_consensus_calls_only
ENSG00000182224	CYB5D1	SIMPLE_AND	INCONSISTENT	AND→INC			NOT_EVALUATED_consensus_calls_only
ENSG00000182247	UBE2E2	SIMPLE_AND	INCONSISTENT	AND→INC			NOT_EVALUATED_consensus_calls_only
ENSG00000182310	SPACA6	REPRESSED	INCONSISTENT	REP→INC			NOT_EVALUATED_consensus_calls_only
ENSG00000182318	ZSCAN22	SIMPLE_AND	INCONSISTENT	AND→INC			NOT_EVALUATED_consensus_calls_only
ENSG00000182325	FBXL6	SIMPLE_AND	INCONSISTENT	AND→INC			NOT_EVALUATED_consensus_calls_only
ENSG00000182359	KBTBD3	SIMPLE_AND	INCONSISTENT	AND→INC			NOT_EVALUATED_consensus_calls_only
ENSG00000182362	YBEY	SIMPLE_AND	INCONSISTENT	AND→INC			NOT_EVALUATED_consensus_calls_only
ENSG00000182378	PLCXD1	SIMPLE_OR	SIMPLE_AND	OR→AND			NOT_EVALUATED_consensus_calls_only
ENSG00000182389	CACNB4	BIVALENT	REPRESSED	BIV→REP			NOT_EVALUATED_consensus_calls_only
ENSG00000182405	PGBD4	SIMPLE_AND	INCONSISTENT	AND→INC			NOT_EVALUATED_consensus_calls_only
ENSG00000182446	NPLOC4	REPRESSED	COMPLEX	REP→CPX			NOT_EVALUATED_consensus_calls_only
ENSG00000182463	TSHZ2	BIVALENT	INCONSISTENT	BIV→INC			NOT_EVALUATED_consensus_calls_only
ENSG00000182473	EXOC7	SIMPLE_AND	SIMPLE_OR	AND→OR			NOT_EVALUATED_consensus_calls_only
ENSG00000182489	XKRX	SIMPLE_OR	BIVALENT	OR→BIV			NOT_EVALUATED_consensus_calls_only
ENSG00000182504	CEP97	SIMPLE_AND	INCONSISTENT	AND→INC			NOT_EVALUATED_consensus_calls_only
ENSG00000182511	FES	SIMPLE_AND	INCONSISTENT	AND→INC			NOT_EVALUATED_consensus_calls_only
ENSG00000182518	FAM104B	SIMPLE_AND	INCONSISTENT	AND→INC			NOT_EVALUATED_consensus_calls_only
ENSG00000182534	MXRA7	BIVALENT	SIMPLE_AND	BIV→AND			NOT_EVALUATED_consensus_calls_only
ENSG00000182541	LIMK2	SIMPLE_AND	INCONSISTENT	AND→INC			NOT_EVALUATED_consensus_calls_only
ENSG00000182552	RWDD4	SIMPLE_AND	INCONSISTENT	AND→INC			NOT_EVALUATED_consensus_calls_only
ENSG00000182575	NXPH3	BIVALENT	INCONSISTENT	BIV→INC			NOT_EVALUATED_consensus_calls_only
ENSG00000182612	TSPAN10	SIMPLE_AND	INCONSISTENT	AND→INC			NOT_EVALUATED_consensus_calls_only
ENSG00000182631	RXFP3	INCONSISTENT	REPRESSED	INC→REP			NOT_EVALUATED_consensus_calls_only
ENSG00000182685	BRICD5	SIMPLE_OR	INCONSISTENT	OR→INC			NOT_EVALUATED_consensus_calls_only
ENSG00000182704	TSKU	BIVALENT	SIMPLE_AND	BIV→AND			NOT_EVALUATED_consensus_calls_only
ENSG00000182712	CMC4	SIMPLE_AND	INCONSISTENT	AND→INC			NOT_EVALUATED_consensus_calls_only
ENSG00000182732	RGS6	BIVALENT	REPRESSED	BIV→REP			NOT_EVALUATED_consensus_calls_only
ENSG00000182742	HOXB4	SIMPLE_AND	INCONSISTENT	AND→INC			NOT_EVALUATED_consensus_calls_only
ENSG00000182747	SLC35D3	BIVALENT	INCONSISTENT	BIV→INC			NOT_EVALUATED_consensus_calls_only
ENSG00000182749	PAQR7	BIVALENT	INCONSISTENT	BIV→INC			NOT_EVALUATED_consensus_calls_only
ENSG00000182752	PAPPA	REPRESSED	INCONSISTENT	REP→INC			NOT_EVALUATED_consensus_calls_only
ENSG00000182759	MAFA	REPRESSED	INCONSISTENT	REP→INC			NOT_EVALUATED_consensus_calls_only
ENSG00000182796	TMEM198B	SIMPLE_AND	INCONSISTENT	AND→INC			NOT_EVALUATED_consensus_calls_only
ENSG00000182858	ALG12	SIMPLE_AND	INCONSISTENT	AND→INC			NOT_EVALUATED_consensus_calls_only
ENSG00000182871	COL18A1	REPRESSED	SIMPLE_AND	REP→AND			NOT_EVALUATED_consensus_calls_only
ENSG00000182923	CEP63	SIMPLE_AND	INCONSISTENT	AND→INC			NOT_EVALUATED_consensus_calls_only
ENSG00000183034	OTOP2	REPRESSED	BIVALENT	REP→BIV			NOT_EVALUATED_consensus_calls_only
ENSG00000183044	ABAT	SIMPLE_OR	INCONSISTENT	OR→INC			NOT_EVALUATED_consensus_calls_only
ENSG00000183049	CAMK1D	SIMPLE_AND	BIVALENT	AND→BIV			NOT_EVALUATED_consensus_calls_only
ENSG00000183060	LYSMD4	SIMPLE_AND	BIVALENT	AND→BIV			NOT_EVALUATED_consensus_calls_only
ENSG00000183087	GAS6	REPRESSED	INCONSISTENT	REP→INC			NOT_EVALUATED_consensus_calls_only
ENSG00000183092	BEGAIN	SIMPLE_OR	INCONSISTENT	OR→INC			NOT_EVALUATED_consensus_calls_only
ENSG00000183114	FAM43B	REPRESSED	BIVALENT	REP→BIV			NOT_EVALUATED_consensus_calls_only
ENSG00000183150	GPR19	SIMPLE_AND	INCONSISTENT	AND→INC			NOT_EVALUATED_consensus_calls_only
ENSG00000183155	RABIF	SIMPLE_AND	INCONSISTENT	AND→INC			NOT_EVALUATED_consensus_calls_only
ENSG00000183161	FANCF	SIMPLE_AND	INCONSISTENT	AND→INC			NOT_EVALUATED_consensus_calls_only
ENSG00000183172	SMDT1	SIMPLE_AND	INCONSISTENT	AND→INC			NOT_EVALUATED_consensus_calls_only
ENSG00000183186	C2CD4C	REPRESSED	BIVALENT	REP→BIV			NOT_EVALUATED_consensus_calls_only
ENSG00000183196	CHST6	SIMPLE_OR	BIVALENT	OR→BIV			NOT_EVALUATED_consensus_calls_only
ENSG00000183208	GDPGP1	SIMPLE_AND	INCONSISTENT	AND→INC			NOT_EVALUATED_consensus_calls_only
ENSG00000183230	CTNNA3	SIMPLE_AND	INCONSISTENT	AND→INC			NOT_EVALUATED_consensus_calls_only
ENSG00000183242	WT1-AS	REPRESSED	INCONSISTENT	REP→INC			NOT_EVALUATED_consensus_calls_only
ENSG00000183307	TMEM121B	REPRESSED	BIVALENT	REP→BIV			NOT_EVALUATED_consensus_calls_only
ENSG00000183308		SIMPLE_AND	INCONSISTENT	AND→INC			NOT_EVALUATED_consensus_calls_only
ENSG00000183309	ZNF623	SIMPLE_AND	INCONSISTENT	AND→INC			NOT_EVALUATED_consensus_calls_only
ENSG00000183323	CCDC125	SIMPLE_AND	INCONSISTENT	AND→INC			NOT_EVALUATED_consensus_calls_only
ENSG00000183340	JRKL	SIMPLE_AND	INCONSISTENT	AND→INC			NOT_EVALUATED_consensus_calls_only
ENSG00000183354	KIAA2026	SIMPLE_AND	INCONSISTENT	AND→INC			NOT_EVALUATED_consensus_calls_only
ENSG00000183401	CCDC159	SIMPLE_AND	INCONSISTENT	AND→INC			NOT_EVALUATED_consensus_calls_only
ENSG00000183475	ASB7	SIMPLE_AND	INCONSISTENT	AND→INC			NOT_EVALUATED_consensus_calls_only
ENSG00000183486	MX2	SIMPLE_AND	REPRESSED	AND→REP			NOT_EVALUATED_consensus_calls_only
ENSG00000183496	MEX3B	BIVALENT	INCONSISTENT	BIV→INC			NOT_EVALUATED_consensus_calls_only
ENSG00000183508	TENT5C	BIVALENT	SIMPLE_AND	BIV→AND			NOT_EVALUATED_consensus_calls_only
ENSG00000183513	COA5	COMPLEX	SIMPLE_AND	CPX→AND			NOT_EVALUATED_consensus_calls_only
ENSG00000183570	PCBP3	SIMPLE_OR	INCONSISTENT	OR→INC			NOT_EVALUATED_consensus_calls_only
ENSG00000183579	ZNRF3	BIVALENT	INCONSISTENT	BIV→INC			NOT_EVALUATED_consensus_calls_only
ENSG00000183597	TANGO2	BIVALENT	SIMPLE_AND	BIV→AND			NOT_EVALUATED_consensus_calls_only
ENSG00000183617	MRPL54	SIMPLE_AND	INCONSISTENT	AND→INC			NOT_EVALUATED_consensus_calls_only
ENSG00000183621	ZNF438	SIMPLE_AND	INCONSISTENT	AND→INC			NOT_EVALUATED_consensus_calls_only
ENSG00000183647	ZNF530	SIMPLE_AND	INCONSISTENT	AND→INC			NOT_EVALUATED_consensus_calls_only
ENSG00000183655	KLHL25	COMPLEX	BIVALENT	CPX→BIV			NOT_EVALUATED_consensus_calls_only
ENSG00000183682	BMP8A	INCONSISTENT	BIVALENT	INC→BIV			NOT_EVALUATED_consensus_calls_only
ENSG00000183691	NOG	REPRESSED	BIVALENT	REP→BIV			NOT_EVALUATED_consensus_calls_only
ENSG00000183696	UPP1	SIMPLE_AND	BIVALENT	AND→BIV			NOT_EVALUATED_consensus_calls_only
ENSG00000183718	TRIM52	SIMPLE_AND	INCONSISTENT	AND→INC			NOT_EVALUATED_consensus_calls_only
ENSG00000183723	CMTM4	BIVALENT	SIMPLE_AND	BIV→AND			NOT_EVALUATED_consensus_calls_only
ENSG00000183735	TBK1	COMPLEX	INCONSISTENT	CPX→INC			NOT_EVALUATED_consensus_calls_only
ENSG00000183742	MACC1	SIMPLE_AND	SIMPLE_OR	AND→OR			NOT_EVALUATED_consensus_calls_only
ENSG00000183762	KREMEN1	BIVALENT	INCONSISTENT	BIV→INC			NOT_EVALUATED_consensus_calls_only
ENSG00000183763	TRAIP	SIMPLE_AND	INCONSISTENT	AND→INC			NOT_EVALUATED_consensus_calls_only
ENSG00000183770	FOXL2	REPRESSED	INCONSISTENT	REP→INC			NOT_EVALUATED_consensus_calls_only
ENSG00000183826	BTBD9	SIMPLE_AND	INCONSISTENT	AND→INC			NOT_EVALUATED_consensus_calls_only
ENSG00000183828	NUDT14	SIMPLE_OR	INCONSISTENT	OR→INC			NOT_EVALUATED_consensus_calls_only
ENSG00000183831	ANKRD45	REPRESSED	INCONSISTENT	REP→INC			NOT_EVALUATED_consensus_calls_only
ENSG00000183856	IQGAP3	SIMPLE_OR	INCONSISTENT	OR→INC			NOT_EVALUATED_consensus_calls_only
ENSG00000183864	TOB2	SIMPLE_AND	INCONSISTENT	AND→INC			NOT_EVALUATED_consensus_calls_only
ENSG00000183873	SCN5A	REPRESSED	BIVALENT	REP→BIV			NOT_EVALUATED_consensus_calls_only
ENSG00000183914	DNAH2	BIVALENT	INCONSISTENT	BIV→INC			NOT_EVALUATED_consensus_calls_only
ENSG00000183929	DUSP5P1	REPRESSED	BIVALENT	REP→BIV			NOT_EVALUATED_consensus_calls_only
ENSG00000183935	HTR7P1	BIVALENT	INCONSISTENT	BIV→INC			NOT_EVALUATED_consensus_calls_only
ENSG00000183960	KCNH8	BIVALENT	INCONSISTENT	BIV→INC			NOT_EVALUATED_consensus_calls_only
ENSG00000183963	SMTN	SIMPLE_OR	INCONSISTENT	OR→INC			NOT_EVALUATED_consensus_calls_only
ENSG00000184014	DENND5A	BIVALENT	SIMPLE_AND	BIV→AND			NOT_EVALUATED_consensus_calls_only
ENSG00000184058	TBX1	REPRESSED	BIVALENT	REP→BIV			NOT_EVALUATED_consensus_calls_only
ENSG00000184060	ADAP2	SIMPLE_AND	INCONSISTENT	AND→INC			NOT_EVALUATED_consensus_calls_only
ENSG00000184068	SREBF2-AS1	SIMPLE_AND	INCONSISTENT	AND→INC			NOT_EVALUATED_consensus_calls_only
ENSG00000184083	FAM120C	SIMPLE_AND	INCONSISTENT	AND→INC			NOT_EVALUATED_consensus_calls_only
ENSG00000184111	RPL11P4	COMPLEX	INCONSISTENT	CPX→INC			NOT_EVALUATED_consensus_calls_only
ENSG00000184162	NR2C2AP	SIMPLE_AND	INCONSISTENT	AND→INC			NOT_EVALUATED_consensus_calls_only
ENSG00000184164	CRELD2	SIMPLE_AND	INCONSISTENT	AND→INC			NOT_EVALUATED_consensus_calls_only
ENSG00000184185	KCNJ12	REPRESSED	INCONSISTENT	REP→INC			NOT_EVALUATED_consensus_calls_only
ENSG00000184205	TSPYL2	COMPLEX	INCONSISTENT	CPX→INC			NOT_EVALUATED_consensus_calls_only
ENSG00000184208	C22orf46	SIMPLE_AND	INCONSISTENT	AND→INC			NOT_EVALUATED_consensus_calls_only
ENSG00000184226	PCDH9	BIVALENT	INCONSISTENT	BIV→INC			NOT_EVALUATED_consensus_calls_only
ENSG00000184232	OAF	SIMPLE_OR	BIVALENT	OR→BIV			NOT_EVALUATED_consensus_calls_only
ENSG00000184261	KCNK12	REPRESSED	BIVALENT	REP→BIV			NOT_EVALUATED_consensus_calls_only
ENSG00000184271	POU6F1	SIMPLE_AND	INCONSISTENT	AND→INC			NOT_EVALUATED_consensus_calls_only
ENSG00000184307	ZDHHC23	SIMPLE_OR	BIVALENT	OR→BIV			NOT_EVALUATED_consensus_calls_only
ENSG00000184349	EFNA5	BIVALENT	INCONSISTENT	BIV→INC			NOT_EVALUATED_consensus_calls_only
ENSG00000184357	H1-5	SIMPLE_AND	SIMPLE_OR	AND→OR			NOT_EVALUATED_consensus_calls_only
ENSG00000184381	PLA2G6	SIMPLE_AND	SIMPLE_OR	AND→OR			NOT_EVALUATED_consensus_calls_only
ENSG00000184384	MAML2	SIMPLE_AND	INCONSISTENT	AND→INC			NOT_EVALUATED_consensus_calls_only
ENSG00000184432	COPB2	COMPLEX	SIMPLE_AND	CPX→AND			NOT_EVALUATED_consensus_calls_only
ENSG00000184481	FOXO4	SIMPLE_AND	INCONSISTENT	AND→INC			NOT_EVALUATED_consensus_calls_only
ENSG00000184486	POU3F2	BIVALENT	INCONSISTENT	BIV→INC			NOT_EVALUATED_consensus_calls_only
ENSG00000184497	TMEM255B	BIVALENT	INCONSISTENT	BIV→INC			NOT_EVALUATED_consensus_calls_only
ENSG00000184500	PROS1	INCONSISTENT	SIMPLE_AND	INC→AND			NOT_EVALUATED_consensus_calls_only
ENSG00000184545	DUSP8	BIVALENT	INCONSISTENT	BIV→INC			NOT_EVALUATED_consensus_calls_only
ENSG00000184602	SNN	SIMPLE_AND	INCONSISTENT	AND→INC			NOT_EVALUATED_consensus_calls_only
ENSG00000184619	KRBA2	SIMPLE_AND	INCONSISTENT	AND→INC			NOT_EVALUATED_consensus_calls_only
ENSG00000184675	AMER1	SIMPLE_AND	INCONSISTENT	AND→INC			NOT_EVALUATED_consensus_calls_only
ENSG00000184677	ZBTB40	SIMPLE_OR	SIMPLE_AND	OR→AND			NOT_EVALUATED_consensus_calls_only
ENSG00000184709	LRRC26	BIVALENT	INCONSISTENT	BIV→INC			NOT_EVALUATED_consensus_calls_only
ENSG00000184786	DYNLT2	SIMPLE_AND	INCONSISTENT	AND→INC			NOT_EVALUATED_consensus_calls_only
ENSG00000184828	ZBTB7C	BIVALENT	INCONSISTENT	BIV→INC			NOT_EVALUATED_consensus_calls_only
ENSG00000184838	PRR16	REPRESSED	INCONSISTENT	REP→INC			NOT_EVALUATED_consensus_calls_only
ENSG00000184857	TMEM186	SIMPLE_AND	INCONSISTENT	AND→INC			NOT_EVALUATED_consensus_calls_only
ENSG00000184860	SDR42E1	SIMPLE_OR	INCONSISTENT	OR→INC			NOT_EVALUATED_consensus_calls_only
ENSG00000184867	ARMCX2	SIMPLE_OR	INCONSISTENT	OR→INC			NOT_EVALUATED_consensus_calls_only
ENSG00000184898	RBM43	SIMPLE_AND	INCONSISTENT	AND→INC			NOT_EVALUATED_consensus_calls_only
ENSG00000184916	JAG2	REPRESSED	SIMPLE_AND	REP→AND			NOT_EVALUATED_consensus_calls_only
ENSG00000184924	PTRHD1	SIMPLE_AND	INCONSISTENT	AND→INC			NOT_EVALUATED_consensus_calls_only
ENSG00000184937	WT1	REPRESSED	SIMPLE_AND	REP→AND			NOT_EVALUATED_consensus_calls_only
ENSG00000184939	ZFP90	SIMPLE_OR	INCONSISTENT	OR→INC			NOT_EVALUATED_consensus_calls_only
ENSG00000184949	FAM227A	SIMPLE_AND	INCONSISTENT	AND→INC			NOT_EVALUATED_consensus_calls_only
ENSG00000184979	USP18	SIMPLE_AND	BIVALENT	AND→BIV			NOT_EVALUATED_consensus_calls_only
ENSG00000184983	NDUFA6	COMPLEX	SIMPLE_AND	CPX→AND			NOT_EVALUATED_consensus_calls_only
ENSG00000184986	TMEM121	SIMPLE_OR	INCONSISTENT	OR→INC			NOT_EVALUATED_consensus_calls_only
ENSG00000185002	RFX6	REPRESSED	BIVALENT	REP→BIV			NOT_EVALUATED_consensus_calls_only
ENSG00000185010	F8	SIMPLE_AND	INCONSISTENT	AND→INC			NOT_EVALUATED_consensus_calls_only
ENSG00000185015	CA13	SIMPLE_AND	INCONSISTENT	AND→INC			NOT_EVALUATED_consensus_calls_only
ENSG00000185019	UBOX5	SIMPLE_AND	INCONSISTENT	AND→INC			NOT_EVALUATED_consensus_calls_only
ENSG00000185022	MAFF	SIMPLE_AND	INCONSISTENT	AND→INC			NOT_EVALUATED_consensus_calls_only
ENSG00000185024	BRF1	SIMPLE_OR	INCONSISTENT	OR→INC			NOT_EVALUATED_consensus_calls_only
ENSG00000185049	NELFA	BIVALENT	SIMPLE_OR	BIV→OR			NOT_EVALUATED_consensus_calls_only
ENSG00000185065	UFD1-AS1	SIMPLE_AND	INCONSISTENT	AND→INC			NOT_EVALUATED_consensus_calls_only
ENSG00000185090	MANEAL	SIMPLE_OR	BIVALENT	OR→BIV			NOT_EVALUATED_consensus_calls_only
ENSG00000185101	ANO9	SIMPLE_AND	INCONSISTENT	AND→INC			NOT_EVALUATED_consensus_calls_only
ENSG00000185115	NSMCE3	SIMPLE_AND	INCONSISTENT	AND→INC			NOT_EVALUATED_consensus_calls_only
ENSG00000185129	PURA	SIMPLE_AND	INCONSISTENT	AND→INC			NOT_EVALUATED_consensus_calls_only
ENSG00000185158	LRRC37B	SIMPLE_AND	INCONSISTENT	AND→INC			NOT_EVALUATED_consensus_calls_only
ENSG00000185163	DDX51	SIMPLE_AND	INCONSISTENT	AND→INC			NOT_EVALUATED_consensus_calls_only
ENSG00000185189	NRBP2	SIMPLE_AND	INCONSISTENT	AND→INC			NOT_EVALUATED_consensus_calls_only
ENSG00000185220	PGBD2	SIMPLE_AND	INCONSISTENT	AND→INC			NOT_EVALUATED_consensus_calls_only
ENSG00000185246	PRPF39	SIMPLE_AND	INCONSISTENT	AND→INC			NOT_EVALUATED_consensus_calls_only
ENSG00000185261	KIAA0825	SIMPLE_AND	INCONSISTENT	AND→INC			NOT_EVALUATED_consensus_calls_only
ENSG00000185269	NOTUM	REPRESSED	INCONSISTENT	REP→INC			NOT_EVALUATED_consensus_calls_only
ENSG00000185272	RBM11	COMPLEX	INCONSISTENT	CPX→INC			NOT_EVALUATED_consensus_calls_only
ENSG00000185278	ZBTB37	SIMPLE_AND	INCONSISTENT	AND→INC			NOT_EVALUATED_consensus_calls_only
ENSG00000185298	CCDC137	SIMPLE_AND	INCONSISTENT	AND→INC			NOT_EVALUATED_consensus_calls_only
ENSG00000185338	SOCS1	SIMPLE_AND	INCONSISTENT	AND→INC			NOT_EVALUATED_consensus_calls_only
ENSG00000185339	TCN2	SIMPLE_AND	INCONSISTENT	AND→INC			NOT_EVALUATED_consensus_calls_only
ENSG00000185340	GAS2L1	BIVALENT	INCONSISTENT	BIV→INC			NOT_EVALUATED_consensus_calls_only
ENSG00000185347	TEDC1	SIMPLE_AND	INCONSISTENT	AND→INC			NOT_EVALUATED_consensus_calls_only
ENSG00000185352	HS6ST3	REPRESSED	BIVALENT	REP→BIV			NOT_EVALUATED_consensus_calls_only
ENSG00000185361	TNFAIP8L1	SIMPLE_AND	INCONSISTENT	AND→INC			NOT_EVALUATED_consensus_calls_only
ENSG00000185379	RAD51D	SIMPLE_AND	INCONSISTENT	AND→INC			NOT_EVALUATED_consensus_calls_only
ENSG00000185386	MAPK11	SIMPLE_OR	INCONSISTENT	OR→INC			NOT_EVALUATED_consensus_calls_only
ENSG00000185404	SP140L	SIMPLE_AND	INCONSISTENT	AND→INC			NOT_EVALUATED_consensus_calls_only
ENSG00000185418	TARS3	SIMPLE_AND	INCONSISTENT	AND→INC			NOT_EVALUATED_consensus_calls_only
ENSG00000185432	METTL7A	SIMPLE_AND	INCONSISTENT	AND→INC			NOT_EVALUATED_consensus_calls_only
ENSG00000185436	IFNLR1	SIMPLE_AND	REPRESSED	AND→REP			NOT_EVALUATED_consensus_calls_only
ENSG00000185442	FAM174B	SIMPLE_AND	INCONSISTENT	AND→INC			NOT_EVALUATED_consensus_calls_only
ENSG00000185453	ZSWIM9	SIMPLE_AND	INCONSISTENT	AND→INC			NOT_EVALUATED_consensus_calls_only
ENSG00000185482	STAC3	SIMPLE_OR	INCONSISTENT	OR→INC			NOT_EVALUATED_consensus_calls_only
ENSG00000185499	MUC1	INCONSISTENT	SIMPLE_AND	INC→AND			NOT_EVALUATED_consensus_calls_only
ENSG00000185507	IRF7	SIMPLE_AND	INCONSISTENT	AND→INC			NOT_EVALUATED_consensus_calls_only
ENSG00000185518	SV2B	SIMPLE_OR	REPRESSED	OR→REP			NOT_EVALUATED_consensus_calls_only
ENSG00000185519	FAM131C	REPRESSED	INCONSISTENT	REP→INC			NOT_EVALUATED_consensus_calls_only
ENSG00000185522	LMNTD2	SIMPLE_AND	INCONSISTENT	AND→INC			NOT_EVALUATED_consensus_calls_only
ENSG00000185551	NR2F2	BIVALENT	SIMPLE_AND	BIV→AND			NOT_EVALUATED_consensus_calls_only
ENSG00000185567	AHNAK2	REPRESSED	INCONSISTENT	REP→INC			NOT_EVALUATED_consensus_calls_only
ENSG00000185585	OLFML2A	BIVALENT	INCONSISTENT	BIV→INC			NOT_EVALUATED_consensus_calls_only
ENSG00000185591	SP1	COMPLEX	SIMPLE_AND	CPX→AND			NOT_EVALUATED_consensus_calls_only
ENSG00000185614	INKA1	SIMPLE_AND	INCONSISTENT	AND→INC			NOT_EVALUATED_consensus_calls_only
ENSG00000185621	LMLN	SIMPLE_AND	INCONSISTENT	AND→INC			NOT_EVALUATED_consensus_calls_only
ENSG00000185633	NDUFA4L2	BIVALENT	INCONSISTENT	BIV→INC			NOT_EVALUATED_consensus_calls_only
ENSG00000185634	SHC4	REPRESSED	BIVALENT	REP→BIV			NOT_EVALUATED_consensus_calls_only
ENSG00000185640	KRT79	REPRESSED	COMPLEX	REP→CPX			NOT_EVALUATED_consensus_calls_only
ENSG00000185669	SNAI3	SIMPLE_OR	INCONSISTENT	OR→INC			NOT_EVALUATED_consensus_calls_only
ENSG00000185670	ZBTB3	SIMPLE_AND	INCONSISTENT	AND→INC			NOT_EVALUATED_consensus_calls_only
ENSG00000185716	MOSMO	SIMPLE_AND	INCONSISTENT	AND→INC			NOT_EVALUATED_consensus_calls_only
ENSG00000185721	DRG1	COMPLEX	SIMPLE_AND	CPX→AND			NOT_EVALUATED_consensus_calls_only
ENSG00000185730	ZNF696	SIMPLE_AND	INCONSISTENT	AND→INC			NOT_EVALUATED_consensus_calls_only
ENSG00000185736	ADARB2	SIMPLE_AND	REPRESSED	AND→REP			NOT_EVALUATED_consensus_calls_only
ENSG00000185745	IFIT1	SIMPLE_AND	INCONSISTENT	AND→INC			NOT_EVALUATED_consensus_calls_only
ENSG00000185753	CXorf38	SIMPLE_AND	INCONSISTENT	AND→INC			NOT_EVALUATED_consensus_calls_only
ENSG00000185760	KCNQ5	SIMPLE_AND	INCONSISTENT	AND→INC			NOT_EVALUATED_consensus_calls_only
ENSG00000185761	ADAMTSL5	INCONSISTENT	SIMPLE_AND	INC→AND			NOT_EVALUATED_consensus_calls_only
ENSG00000185798	WDR53	SIMPLE_AND	INCONSISTENT	AND→INC			NOT_EVALUATED_consensus_calls_only
ENSG00000185837	HDHD5-AS1	SIMPLE_AND	INCONSISTENT	AND→INC			NOT_EVALUATED_consensus_calls_only
ENSG00000185862	EVI2B	SIMPLE_AND	INCONSISTENT	AND→INC			NOT_EVALUATED_consensus_calls_only
ENSG00000185875	THNSL1	SIMPLE_AND	INCONSISTENT	AND→INC			NOT_EVALUATED_consensus_calls_only
ENSG00000185880	TRIM69	SIMPLE_AND	INCONSISTENT	AND→INC			NOT_EVALUATED_consensus_calls_only
ENSG00000185909	KLHDC8B	SIMPLE_OR	SIMPLE_AND	OR→AND			NOT_EVALUATED_consensus_calls_only
ENSG00000185924	RTN4RL1	BIVALENT	INCONSISTENT	BIV→INC			NOT_EVALUATED_consensus_calls_only
ENSG00000185946	RNPC3	SIMPLE_AND	INCONSISTENT	AND→INC			NOT_EVALUATED_consensus_calls_only
ENSG00000185950	IRS2	COMPLEX	INCONSISTENT	CPX→INC			NOT_EVALUATED_consensus_calls_only
ENSG00000185963	BICD2	SIMPLE_AND	INCONSISTENT	AND→INC			NOT_EVALUATED_consensus_calls_only
ENSG00000185986	SDHAP3	SIMPLE_AND	INCONSISTENT	AND→INC			NOT_EVALUATED_consensus_calls_only
ENSG00000186007	LEMD1	REPRESSED	BIVALENT	REP→BIV			NOT_EVALUATED_consensus_calls_only
ENSG00000186017	ZNF566	SIMPLE_AND	INCONSISTENT	AND→INC			NOT_EVALUATED_consensus_calls_only
ENSG00000186026	ZNF284	COMPLEX	INCONSISTENT	CPX→INC			NOT_EVALUATED_consensus_calls_only
ENSG00000186056	MATN1-AS1	SIMPLE_AND	INCONSISTENT	AND→INC			NOT_EVALUATED_consensus_calls_only
ENSG00000186088	GSAP	SIMPLE_AND	REPRESSED	AND→REP			NOT_EVALUATED_consensus_calls_only
ENSG00000186130	ZBTB6	SIMPLE_AND	INCONSISTENT	AND→INC			NOT_EVALUATED_consensus_calls_only
ENSG00000186132	C2orf76	SIMPLE_AND	INCONSISTENT	AND→INC			NOT_EVALUATED_consensus_calls_only
ENSG00000186141	POLR3C	COMPLEX	SIMPLE_AND	CPX→AND			NOT_EVALUATED_consensus_calls_only
ENSG00000186153	WWOX	SIMPLE_AND	INCONSISTENT	AND→INC			NOT_EVALUATED_consensus_calls_only
ENSG00000186162	CIDECP1	SIMPLE_AND	INCONSISTENT	AND→INC			NOT_EVALUATED_consensus_calls_only
ENSG00000186166	CENATAC	SIMPLE_AND	INCONSISTENT	AND→INC			NOT_EVALUATED_consensus_calls_only
ENSG00000186174	BCL9L	SIMPLE_AND	INCONSISTENT	AND→INC			NOT_EVALUATED_consensus_calls_only
ENSG00000186187	ZNRF1	SIMPLE_OR	SIMPLE_AND	OR→AND			NOT_EVALUATED_consensus_calls_only
ENSG00000186212	SOWAHB	INCONSISTENT	REPRESSED	INC→REP			NOT_EVALUATED_consensus_calls_only
ENSG00000186222	BLOC1S4	COMPLEX	SIMPLE_AND	CPX→AND			NOT_EVALUATED_consensus_calls_only
ENSG00000186235	LINC02610	BIVALENT	INCONSISTENT	BIV→INC			NOT_EVALUATED_consensus_calls_only
ENSG00000186260	MRTFB	SIMPLE_AND	INCONSISTENT	AND→INC			NOT_EVALUATED_consensus_calls_only
ENSG00000186272	ZNF17	SIMPLE_AND	INCONSISTENT	AND→INC			NOT_EVALUATED_consensus_calls_only
ENSG00000186280	KDM4D	SIMPLE_AND	INCONSISTENT	AND→INC			NOT_EVALUATED_consensus_calls_only
ENSG00000186300	ZNF555	SIMPLE_AND	INCONSISTENT	AND→INC			NOT_EVALUATED_consensus_calls_only
ENSG00000186314	PRELID2	INCONSISTENT	SIMPLE_AND	INC→AND			NOT_EVALUATED_consensus_calls_only
ENSG00000186318	BACE1	BIVALENT	REPRESSED	BIV→REP			NOT_EVALUATED_consensus_calls_only
ENSG00000186326	RGS9BP	BIVALENT	INCONSISTENT	BIV→INC			NOT_EVALUATED_consensus_calls_only
ENSG00000186364	NUDT17	SIMPLE_AND	INCONSISTENT	AND→INC			NOT_EVALUATED_consensus_calls_only
ENSG00000186376	ZNF75D	SIMPLE_AND	INCONSISTENT	AND→INC			NOT_EVALUATED_consensus_calls_only
ENSG00000186470	BTN3A2	SIMPLE_AND	INCONSISTENT	AND→INC			NOT_EVALUATED_consensus_calls_only
ENSG00000186472	PCLO	BIVALENT	INCONSISTENT	BIV→INC			NOT_EVALUATED_consensus_calls_only
ENSG00000186496	ZNF396	SIMPLE_OR	INCONSISTENT	OR→INC			NOT_EVALUATED_consensus_calls_only
ENSG00000186532	SMYD4	SIMPLE_AND	INCONSISTENT	AND→INC			NOT_EVALUATED_consensus_calls_only
ENSG00000186564	FOXD2	BIVALENT	INCONSISTENT	BIV→INC			NOT_EVALUATED_consensus_calls_only
ENSG00000186594	MIR22HG	SIMPLE_AND	INCONSISTENT	AND→INC			NOT_EVALUATED_consensus_calls_only
ENSG00000186615	KTN1-AS1	SIMPLE_AND	INCONSISTENT	AND→INC			NOT_EVALUATED_consensus_calls_only
ENSG00000186638	KIF24	SIMPLE_AND	INCONSISTENT	AND→INC			NOT_EVALUATED_consensus_calls_only
ENSG00000186648	CARMIL3	SIMPLE_AND	INCONSISTENT	AND→INC			NOT_EVALUATED_consensus_calls_only
ENSG00000186654	PRR5	REPRESSED	SIMPLE_OR	REP→OR			NOT_EVALUATED_consensus_calls_only
ENSG00000186665	C17orf58	BIVALENT	SIMPLE_AND	BIV→AND			NOT_EVALUATED_consensus_calls_only
ENSG00000186666	BCDIN3D	SIMPLE_AND	INCONSISTENT	AND→INC			NOT_EVALUATED_consensus_calls_only
ENSG00000186787	SPIN2B	SIMPLE_AND	INCONSISTENT	AND→INC			NOT_EVALUATED_consensus_calls_only
ENSG00000186792	HYAL3	SIMPLE_AND	INCONSISTENT	AND→INC			NOT_EVALUATED_consensus_calls_only
ENSG00000186812	ZNF397	SIMPLE_AND	INCONSISTENT	AND→INC			NOT_EVALUATED_consensus_calls_only
ENSG00000186814	ZSCAN30	SIMPLE_AND	INCONSISTENT	AND→INC			NOT_EVALUATED_consensus_calls_only
ENSG00000186834	HEXIM1	SIMPLE_AND	INCONSISTENT	AND→INC			NOT_EVALUATED_consensus_calls_only
ENSG00000186854	TRABD2A	SIMPLE_AND	INCONSISTENT	AND→INC			NOT_EVALUATED_consensus_calls_only
ENSG00000186862	PDZD7	BIVALENT	INCONSISTENT	BIV→INC			NOT_EVALUATED_consensus_calls_only
ENSG00000186866	POFUT2	SIMPLE_OR	INCONSISTENT	OR→INC			NOT_EVALUATED_consensus_calls_only
ENSG00000186868	MAPT	BIVALENT	COMPLEX	BIV→CPX			NOT_EVALUATED_consensus_calls_only
ENSG00000186871	ERCC6L	SIMPLE_AND	INCONSISTENT	AND→INC			NOT_EVALUATED_consensus_calls_only
ENSG00000186891	TNFRSF18	BIVALENT	INCONSISTENT	BIV→INC			NOT_EVALUATED_consensus_calls_only
ENSG00000186897	C1QL4	REPRESSED	INCONSISTENT	REP→INC			NOT_EVALUATED_consensus_calls_only
ENSG00000186907	RTN4RL2	BIVALENT	INCONSISTENT	BIV→INC			NOT_EVALUATED_consensus_calls_only
ENSG00000186918	ZNF395	SIMPLE_AND	INCONSISTENT	AND→INC			NOT_EVALUATED_consensus_calls_only
ENSG00000186951	PPARA	BIVALENT	INCONSISTENT	BIV→INC			NOT_EVALUATED_consensus_calls_only
ENSG00000186952	TMEM232	SIMPLE_AND	INCONSISTENT	AND→INC			NOT_EVALUATED_consensus_calls_only
ENSG00000186960	LINC01551	REPRESSED	INCONSISTENT	REP→INC			NOT_EVALUATED_consensus_calls_only
ENSG00000186994	KANK3	BIVALENT	INCONSISTENT	BIV→INC			NOT_EVALUATED_consensus_calls_only
ENSG00000186998	EMID1	BIVALENT	INCONSISTENT	BIV→INC			NOT_EVALUATED_consensus_calls_only
ENSG00000187013	LINC02875	BIVALENT	INCONSISTENT	BIV→INC			NOT_EVALUATED_consensus_calls_only
ENSG00000187017	ESPN	REPRESSED	INCONSISTENT	REP→INC			NOT_EVALUATED_consensus_calls_only
ENSG00000187049	TMEM216	SIMPLE_AND	INCONSISTENT	AND→INC			NOT_EVALUATED_consensus_calls_only
ENSG00000187079	TEAD1	BIVALENT	INCONSISTENT	BIV→INC			NOT_EVALUATED_consensus_calls_only
ENSG00000187097	ENTPD5	SIMPLE_AND	INCONSISTENT	AND→INC			NOT_EVALUATED_consensus_calls_only
ENSG00000187098	MITF	INCONSISTENT	SIMPLE_AND	INC→AND			NOT_EVALUATED_consensus_calls_only
ENSG00000187140	FOXD3	BIVALENT	INCONSISTENT	BIV→INC			NOT_EVALUATED_consensus_calls_only
ENSG00000187189	TSPYL4	SIMPLE_AND	INCONSISTENT	AND→INC			NOT_EVALUATED_consensus_calls_only
ENSG00000187193	MT1X	INCONSISTENT	SIMPLE_AND	INC→AND			NOT_EVALUATED_consensus_calls_only
ENSG00000187231	SESTD1	SIMPLE_AND	BIVALENT	AND→BIV			NOT_EVALUATED_consensus_calls_only
ENSG00000187239	FNBP1	SIMPLE_AND	INCONSISTENT	AND→INC			NOT_EVALUATED_consensus_calls_only
ENSG00000187240	DYNC2H1	SIMPLE_OR	INCONSISTENT	OR→INC			NOT_EVALUATED_consensus_calls_only
ENSG00000187257	RSBN1L	COMPLEX	SIMPLE_AND	CPX→AND			NOT_EVALUATED_consensus_calls_only
ENSG00000187266	EPOR	REPRESSED	INCONSISTENT	REP→INC			NOT_EVALUATED_consensus_calls_only
ENSG00000187510	PLEKHG7	INCONSISTENT	REPRESSED	INC→REP			NOT_EVALUATED_consensus_calls_only
ENSG00000187531	SIRT7	SIMPLE_OR	SIMPLE_AND	OR→AND			NOT_EVALUATED_consensus_calls_only
ENSG00000187535	IFT140	BIVALENT	INCONSISTENT	BIV→INC			NOT_EVALUATED_consensus_calls_only
ENSG00000187554	TLR5	SIMPLE_AND	INCONSISTENT	AND→INC			NOT_EVALUATED_consensus_calls_only
ENSG00000187556	NANOS3	SIMPLE_AND	INCONSISTENT	AND→INC			NOT_EVALUATED_consensus_calls_only
ENSG00000187601	MAGEH1	SIMPLE_AND	INCONSISTENT	AND→INC			NOT_EVALUATED_consensus_calls_only
ENSG00000187607	ZNF286A	SIMPLE_OR	INCONSISTENT	OR→INC			NOT_EVALUATED_consensus_calls_only
ENSG00000187608	ISG15	BIVALENT	INCONSISTENT	BIV→INC			NOT_EVALUATED_consensus_calls_only
ENSG00000187609	EXD3	SIMPLE_AND	INCONSISTENT	AND→INC			NOT_EVALUATED_consensus_calls_only
ENSG00000187626	ZKSCAN4	SIMPLE_AND	INCONSISTENT	AND→INC			NOT_EVALUATED_consensus_calls_only
ENSG00000187634	SAMD11	REPRESSED	BIVALENT	REP→BIV			NOT_EVALUATED_consensus_calls_only
ENSG00000187650	VMAC	SIMPLE_AND	INCONSISTENT	AND→INC			NOT_EVALUATED_consensus_calls_only
ENSG00000187664	HAPLN4	REPRESSED	INCONSISTENT	REP→INC			NOT_EVALUATED_consensus_calls_only
ENSG00000187676	B3GLCT	BIVALENT	INCONSISTENT	BIV→INC			NOT_EVALUATED_consensus_calls_only
ENSG00000187742	SECISBP2	SIMPLE_AND	INCONSISTENT	AND→INC			NOT_EVALUATED_consensus_calls_only
ENSG00000187764	SEMA4D	SIMPLE_AND	INCONSISTENT	AND→INC			NOT_EVALUATED_consensus_calls_only
ENSG00000187792	ZNF70	SIMPLE_AND	INCONSISTENT	AND→INC			NOT_EVALUATED_consensus_calls_only
ENSG00000187800	PEAR1	REPRESSED	INCONSISTENT	REP→INC			NOT_EVALUATED_consensus_calls_only
ENSG00000187801	ZFP69B	COMPLEX	INCONSISTENT	CPX→INC			NOT_EVALUATED_consensus_calls_only
ENSG00000187808	SOWAHD	SIMPLE_AND	INCONSISTENT	AND→INC			NOT_EVALUATED_consensus_calls_only
ENSG00000187815	ZFP69	COMPLEX	INCONSISTENT	CPX→INC			NOT_EVALUATED_consensus_calls_only
ENSG00000187838	PLSCR3	SIMPLE_AND	INCONSISTENT	AND→INC			NOT_EVALUATED_consensus_calls_only
ENSG00000187860	CCDC157	SIMPLE_AND	INCONSISTENT	AND→INC			NOT_EVALUATED_consensus_calls_only
ENSG00000187866	PABIR1	SIMPLE_AND	INCONSISTENT	AND→INC			NOT_EVALUATED_consensus_calls_only
ENSG00000187902	SHISA7	REPRESSED	BIVALENT	REP→BIV			NOT_EVALUATED_consensus_calls_only
ENSG00000187957	DNER	BIVALENT	INCONSISTENT	BIV→INC			NOT_EVALUATED_consensus_calls_only
ENSG00000187961	KLHL17	SIMPLE_AND	INCONSISTENT	AND→INC			NOT_EVALUATED_consensus_calls_only
ENSG00000187984	ANKRD19P	REPRESSED	INCONSISTENT	REP→INC			NOT_EVALUATED_consensus_calls_only
ENSG00000187987	ZSCAN23	SIMPLE_OR	COMPLEX	OR→CPX			NOT_EVALUATED_consensus_calls_only
ENSG00000187994	RINL	SIMPLE_AND	INCONSISTENT	AND→INC			NOT_EVALUATED_consensus_calls_only
ENSG00000187997	C17orf99	SIMPLE_OR	INCONSISTENT	OR→INC			NOT_EVALUATED_consensus_calls_only
ENSG00000188026	RILPL1	SIMPLE_OR	INCONSISTENT	OR→INC			NOT_EVALUATED_consensus_calls_only
ENSG00000188033	ZNF490	SIMPLE_OR	REPRESSED	OR→REP			NOT_EVALUATED_consensus_calls_only
ENSG00000188042	ARL4C	BIVALENT	INCONSISTENT	BIV→INC			NOT_EVALUATED_consensus_calls_only
ENSG00000188060	RAB42	INCONSISTENT	REPRESSED	INC→REP			NOT_EVALUATED_consensus_calls_only
ENSG00000188064	WNT7B	INCONSISTENT	BIVALENT	INC→BIV			NOT_EVALUATED_consensus_calls_only
ENSG00000188070	ZFTA	BIVALENT	INCONSISTENT	BIV→INC			NOT_EVALUATED_consensus_calls_only
ENSG00000188092	GPR89B	SIMPLE_OR	SIMPLE_AND	OR→AND			NOT_EVALUATED_consensus_calls_only
ENSG00000188153	COL4A5	REPRESSED	INCONSISTENT	REP→INC			NOT_EVALUATED_consensus_calls_only
ENSG00000188167	TMPPE	SIMPLE_AND	INCONSISTENT	AND→INC			NOT_EVALUATED_consensus_calls_only
ENSG00000188171	ZNF626	COMPLEX	INCONSISTENT	CPX→INC			NOT_EVALUATED_consensus_calls_only
ENSG00000188177	ZC3H6	SIMPLE_AND	INCONSISTENT	AND→INC			NOT_EVALUATED_consensus_calls_only
ENSG00000188185	LINC00265	SIMPLE_AND	INCONSISTENT	AND→INC			NOT_EVALUATED_consensus_calls_only
ENSG00000188211	NCR3LG1	BIVALENT	SIMPLE_AND	BIV→AND			NOT_EVALUATED_consensus_calls_only
ENSG00000188215	DCUN1D3	SIMPLE_AND	INCONSISTENT	AND→INC			NOT_EVALUATED_consensus_calls_only
ENSG00000188243	COMMD6	SIMPLE_AND	INCONSISTENT	AND→INC			NOT_EVALUATED_consensus_calls_only
ENSG00000188283	ZNF383	SIMPLE_AND	INCONSISTENT	AND→INC			NOT_EVALUATED_consensus_calls_only
ENSG00000188290	HES4	BIVALENT	INCONSISTENT	BIV→INC			NOT_EVALUATED_consensus_calls_only
ENSG00000188295	ZNF669	SIMPLE_AND	COMPLEX	AND→CPX			NOT_EVALUATED_consensus_calls_only
ENSG00000188305	PEAK3	BIVALENT	INCONSISTENT	BIV→INC			NOT_EVALUATED_consensus_calls_only
ENSG00000188312	CENPP	SIMPLE_AND	INCONSISTENT	AND→INC			NOT_EVALUATED_consensus_calls_only
ENSG00000188321	ZNF559	SIMPLE_AND	INCONSISTENT	AND→INC			NOT_EVALUATED_consensus_calls_only
ENSG00000188338	SLC38A3	REPRESSED	INCONSISTENT	REP→INC			NOT_EVALUATED_consensus_calls_only
ENSG00000188342	GTF2F2	SIMPLE_AND	INCONSISTENT	AND→INC			NOT_EVALUATED_consensus_calls_only
ENSG00000188343	CIBAR1	SIMPLE_OR	BIVALENT	OR→BIV			NOT_EVALUATED_consensus_calls_only
ENSG00000188352	FOCAD	SIMPLE_AND	INCONSISTENT	AND→INC			NOT_EVALUATED_consensus_calls_only
ENSG00000188365		REPRESSED	INCONSISTENT	REP→INC			NOT_EVALUATED_consensus_calls_only
ENSG00000188373	GPR15LG	INCONSISTENT	REPRESSED	INC→REP			NOT_EVALUATED_consensus_calls_only
ENSG00000188389	PDCD1	SIMPLE_AND	INCONSISTENT	AND→INC			NOT_EVALUATED_consensus_calls_only
ENSG00000188419	CHM	SIMPLE_AND	INCONSISTENT	AND→INC			NOT_EVALUATED_consensus_calls_only
ENSG00000188428	BLOC1S5	SIMPLE_AND	INCONSISTENT	AND→INC			NOT_EVALUATED_consensus_calls_only
ENSG00000188522	FAM83G	SIMPLE_AND	INCONSISTENT	AND→INC			NOT_EVALUATED_consensus_calls_only
ENSG00000188542	DUSP28	SIMPLE_AND	INCONSISTENT	AND→INC			NOT_EVALUATED_consensus_calls_only
ENSG00000188559	RALGAPA2	SIMPLE_AND	INCONSISTENT	AND→INC			NOT_EVALUATED_consensus_calls_only
ENSG00000188582	PAQR9	REPRESSED	INCONSISTENT	REP→INC			NOT_EVALUATED_consensus_calls_only
ENSG00000188596	CFAP54	SIMPLE_OR	INCONSISTENT	OR→INC			NOT_EVALUATED_consensus_calls_only
ENSG00000188610	FAM72B	SIMPLE_OR	SIMPLE_AND	OR→AND			NOT_EVALUATED_consensus_calls_only
ENSG00000188612	SUMO2	COMPLEX	SIMPLE_AND	CPX→AND			NOT_EVALUATED_consensus_calls_only
ENSG00000188620	HMX3	SIMPLE_AND	INCONSISTENT	AND→INC			NOT_EVALUATED_consensus_calls_only
ENSG00000188629	ZNF177	REPRESSED	BIVALENT	REP→BIV			NOT_EVALUATED_consensus_calls_only
ENSG00000188649	CC2D2B	SIMPLE_AND	INCONSISTENT	AND→INC			NOT_EVALUATED_consensus_calls_only
ENSG00000188659	SAXO2	SIMPLE_AND	INCONSISTENT	AND→INC			NOT_EVALUATED_consensus_calls_only
ENSG00000188672	RHCE	INCONSISTENT	SIMPLE_AND	INC→AND			NOT_EVALUATED_consensus_calls_only
ENSG00000188687	SLC4A5	SIMPLE_OR	REPRESSED	OR→REP			NOT_EVALUATED_consensus_calls_only
ENSG00000188706	ZDHHC9	SIMPLE_OR	SIMPLE_AND	OR→AND			NOT_EVALUATED_consensus_calls_only
ENSG00000188735	TMEM120B	SIMPLE_AND	INCONSISTENT	AND→INC			NOT_EVALUATED_consensus_calls_only
ENSG00000188766	SPRED3	REPRESSED	INCONSISTENT	REP→INC			NOT_EVALUATED_consensus_calls_only
ENSG00000188786	MTF1	SIMPLE_AND	INCONSISTENT	AND→INC			NOT_EVALUATED_consensus_calls_only
ENSG00000188811	NHLRC3	SIMPLE_AND	INCONSISTENT	AND→INC			NOT_EVALUATED_consensus_calls_only
ENSG00000188825	LINC00910	SIMPLE_AND	INCONSISTENT	AND→INC			NOT_EVALUATED_consensus_calls_only
ENSG00000188827	SLX4	SIMPLE_AND	INCONSISTENT	AND→INC			NOT_EVALUATED_consensus_calls_only
ENSG00000188833	ENTPD8	REPRESSED	INCONSISTENT	REP→INC			NOT_EVALUATED_consensus_calls_only
ENSG00000188859	FAM78B	SIMPLE_AND	BIVALENT	AND→BIV			NOT_EVALUATED_consensus_calls_only
ENSG00000188868	ZNF563	SIMPLE_AND	INCONSISTENT	AND→INC			NOT_EVALUATED_consensus_calls_only
ENSG00000188878	FBF1	SIMPLE_AND	INCONSISTENT	AND→INC			NOT_EVALUATED_consensus_calls_only
ENSG00000188883	KLRG2	INCONSISTENT	BIVALENT	INC→BIV			NOT_EVALUATED_consensus_calls_only
ENSG00000188994	ZNF292	SIMPLE_AND	REPRESSED	AND→REP			NOT_EVALUATED_consensus_calls_only
ENSG00000188997	KCTD21	SIMPLE_OR	INCONSISTENT	OR→INC			NOT_EVALUATED_consensus_calls_only
ENSG00000189042	ZNF567	SIMPLE_AND	INCONSISTENT	AND→INC			NOT_EVALUATED_consensus_calls_only
ENSG00000189050	RNFT1	SIMPLE_AND	INCONSISTENT	AND→INC			NOT_EVALUATED_consensus_calls_only
ENSG00000189056	RELN	REPRESSED	SIMPLE_AND	REP→AND			NOT_EVALUATED_consensus_calls_only
ENSG00000189060	H1-0	REPRESSED	INCONSISTENT	REP→INC			NOT_EVALUATED_consensus_calls_only
ENSG00000189114	BLOC1S3	SIMPLE_AND	INCONSISTENT	AND→INC			NOT_EVALUATED_consensus_calls_only
ENSG00000189127	ANKRD34B	BIVALENT	REPRESSED	BIV→REP			NOT_EVALUATED_consensus_calls_only
ENSG00000189136	UBE2Q2P1	SIMPLE_AND	INCONSISTENT	AND→INC			NOT_EVALUATED_consensus_calls_only
ENSG00000189149	ABCA15P	SIMPLE_AND	INCONSISTENT	AND→INC			NOT_EVALUATED_consensus_calls_only
ENSG00000189164	ZNF527	SIMPLE_AND	COMPLEX	AND→CPX			NOT_EVALUATED_consensus_calls_only
ENSG00000189180	ZNF33A	SIMPLE_AND	INCONSISTENT	AND→INC			NOT_EVALUATED_consensus_calls_only
ENSG00000189227	C15orf61	SIMPLE_AND	INCONSISTENT	AND→INC			NOT_EVALUATED_consensus_calls_only
ENSG00000189283	FHIT	SIMPLE_AND	INCONSISTENT	AND→INC			NOT_EVALUATED_consensus_calls_only
ENSG00000189298	ZKSCAN3	SIMPLE_AND	INCONSISTENT	AND→INC			NOT_EVALUATED_consensus_calls_only
ENSG00000189362	NEMP2	SIMPLE_AND	INCONSISTENT	AND→INC			NOT_EVALUATED_consensus_calls_only
ENSG00000189369	GSPT2	SIMPLE_AND	INCONSISTENT	AND→INC			NOT_EVALUATED_consensus_calls_only
ENSG00000189376	C8orf76	SIMPLE_AND	INCONSISTENT	AND→INC			NOT_EVALUATED_consensus_calls_only
ENSG00000189410	SH2D5	BIVALENT	INCONSISTENT	BIV→INC			NOT_EVALUATED_consensus_calls_only
ENSG00000189420	ZFP92	SIMPLE_OR	INCONSISTENT	OR→INC			NOT_EVALUATED_consensus_calls_only
ENSG00000196072	BLOC1S2	SIMPLE_AND	INCONSISTENT	AND→INC			NOT_EVALUATED_consensus_calls_only
ENSG00000196074	SYCP2	SIMPLE_OR	INCONSISTENT	OR→INC			NOT_EVALUATED_consensus_calls_only
ENSG00000196081	ZNF724	COMPLEX	INCONSISTENT	CPX→INC			NOT_EVALUATED_consensus_calls_only
ENSG00000196083	IL1RAP	SIMPLE_OR	INCONSISTENT	OR→INC			NOT_EVALUATED_consensus_calls_only
ENSG00000196110	ZNF699	COMPLEX	INCONSISTENT	CPX→INC			NOT_EVALUATED_consensus_calls_only
ENSG00000196116	TDRD7	BIVALENT	INCONSISTENT	BIV→INC			NOT_EVALUATED_consensus_calls_only
ENSG00000196118	CFAP119	SIMPLE_AND	INCONSISTENT	AND→INC			NOT_EVALUATED_consensus_calls_only
ENSG00000196123	MATCAP1	SIMPLE_AND	INCONSISTENT	AND→INC			NOT_EVALUATED_consensus_calls_only
ENSG00000196132	MYT1	REPRESSED	BIVALENT	REP→BIV			NOT_EVALUATED_consensus_calls_only
ENSG00000196150	ZNF250	COMPLEX	INCONSISTENT	CPX→INC			NOT_EVALUATED_consensus_calls_only
ENSG00000196151	WDSUB1	SIMPLE_AND	INCONSISTENT	AND→INC			NOT_EVALUATED_consensus_calls_only
ENSG00000196152	ZNF79	SIMPLE_AND	INCONSISTENT	AND→INC			NOT_EVALUATED_consensus_calls_only
ENSG00000196159	FAT4	BIVALENT	INCONSISTENT	BIV→INC			NOT_EVALUATED_consensus_calls_only
ENSG00000196177	ACADSB	SIMPLE_AND	INCONSISTENT	AND→INC			NOT_EVALUATED_consensus_calls_only
ENSG00000196189	SEMA4A	SIMPLE_AND	INCONSISTENT	AND→INC			NOT_EVALUATED_consensus_calls_only
ENSG00000196199	MPHOSPH8	SIMPLE_AND	INCONSISTENT	AND→INC			NOT_EVALUATED_consensus_calls_only
ENSG00000196205	EEF1A1P5	REPRESSED	SIMPLE_OR	REP→OR			NOT_EVALUATED_consensus_calls_only
ENSG00000196214	ZNF766	SIMPLE_AND	COMPLEX	AND→CPX			NOT_EVALUATED_consensus_calls_only
ENSG00000196220	SRGAP3	SIMPLE_AND	INCONSISTENT	AND→INC			NOT_EVALUATED_consensus_calls_only
ENSG00000196227	FAM217B	SIMPLE_OR	INCONSISTENT	OR→INC			NOT_EVALUATED_consensus_calls_only
ENSG00000196247	ZNF107	COMPLEX	INCONSISTENT	CPX→INC			NOT_EVALUATED_consensus_calls_only
ENSG00000196268	ZNF493	SIMPLE_AND	INCONSISTENT	AND→INC			NOT_EVALUATED_consensus_calls_only
ENSG00000196284	SUPT3H	BIVALENT	INCONSISTENT	BIV→INC			NOT_EVALUATED_consensus_calls_only
ENSG00000196290	NIF3L1	COMPLEX	SIMPLE_AND	CPX→AND			NOT_EVALUATED_consensus_calls_only
ENSG00000196337	CGB7	REPRESSED	INCONSISTENT	REP→INC			NOT_EVALUATED_consensus_calls_only
ENSG00000196345	ZKSCAN7	COMPLEX	REPRESSED	CPX→REP			NOT_EVALUATED_consensus_calls_only
ENSG00000196361	ELAVL3	BIVALENT	INCONSISTENT	BIV→INC			NOT_EVALUATED_consensus_calls_only
ENSG00000196371	FUT4	SIMPLE_AND	INCONSISTENT	AND→INC			NOT_EVALUATED_consensus_calls_only
ENSG00000196372	ASB13	BIVALENT	SIMPLE_AND	BIV→AND			NOT_EVALUATED_consensus_calls_only
ENSG00000196376	SLC35F1	REPRESSED	INCONSISTENT	REP→INC			NOT_EVALUATED_consensus_calls_only
ENSG00000196378	ZNF34	SIMPLE_AND	INCONSISTENT	AND→INC			NOT_EVALUATED_consensus_calls_only
ENSG00000196391	ZNF774	SIMPLE_OR	INCONSISTENT	OR→INC			NOT_EVALUATED_consensus_calls_only
ENSG00000196408	NOXO1	BIVALENT	INCONSISTENT	BIV→INC			NOT_EVALUATED_consensus_calls_only
ENSG00000196411	EPHB4	REPRESSED	SIMPLE_AND	REP→AND			NOT_EVALUATED_consensus_calls_only
ENSG00000196422	PPP1R26	SIMPLE_OR	SIMPLE_AND	OR→AND			NOT_EVALUATED_consensus_calls_only
ENSG00000196437	ZNF569	SIMPLE_AND	INCONSISTENT	AND→INC			NOT_EVALUATED_consensus_calls_only
ENSG00000196456	ZNF775	SIMPLE_AND	INCONSISTENT	AND→INC			NOT_EVALUATED_consensus_calls_only
ENSG00000196458	ZNF605	SIMPLE_AND	INCONSISTENT	AND→INC			NOT_EVALUATED_consensus_calls_only
ENSG00000196460	RFX8	BIVALENT	REPRESSED	BIV→REP			NOT_EVALUATED_consensus_calls_only
ENSG00000196466	ZNF799	SIMPLE_AND	INCONSISTENT	AND→INC			NOT_EVALUATED_consensus_calls_only
ENSG00000196476	C20orf96	SIMPLE_AND	COMPLEX	AND→CPX			NOT_EVALUATED_consensus_calls_only
ENSG00000196511	TPK1	SIMPLE_AND	INCONSISTENT	AND→INC			NOT_EVALUATED_consensus_calls_only
ENSG00000196526	AFAP1	REPRESSED	INCONSISTENT	REP→INC			NOT_EVALUATED_consensus_calls_only
ENSG00000196535	MYO18A	SIMPLE_OR	SIMPLE_AND	OR→AND			NOT_EVALUATED_consensus_calls_only
ENSG00000196542	SPTSSB	BIVALENT	REPRESSED	BIV→REP			NOT_EVALUATED_consensus_calls_only
ENSG00000196544	BORCS6	SIMPLE_AND	INCONSISTENT	AND→INC			NOT_EVALUATED_consensus_calls_only
ENSG00000196562	SULF2	BIVALENT	REPRESSED	BIV→REP			NOT_EVALUATED_consensus_calls_only
ENSG00000196586	MYO6	SIMPLE_AND	INCONSISTENT	AND→INC			NOT_EVALUATED_consensus_calls_only
ENSG00000196605	ZNF846	SIMPLE_OR	INCONSISTENT	OR→INC			NOT_EVALUATED_consensus_calls_only
ENSG00000196646	ZNF136	SIMPLE_AND	INCONSISTENT	AND→INC			NOT_EVALUATED_consensus_calls_only
ENSG00000196653	ZNF502	COMPLEX	REPRESSED	CPX→REP			NOT_EVALUATED_consensus_calls_only
ENSG00000196659	TTC30B	SIMPLE_AND	INCONSISTENT	AND→INC			NOT_EVALUATED_consensus_calls_only
ENSG00000196663	TECPR2	SIMPLE_AND	INCONSISTENT	AND→INC			NOT_EVALUATED_consensus_calls_only
ENSG00000196668	LINC00173	SIMPLE_AND	INCONSISTENT	AND→INC			NOT_EVALUATED_consensus_calls_only
ENSG00000196696	PDXDC2P-NPIPB14P	SIMPLE_AND	INCONSISTENT	AND→INC			NOT_EVALUATED_consensus_calls_only
ENSG00000196700	ZNF512B	SIMPLE_AND	INCONSISTENT	AND→INC			NOT_EVALUATED_consensus_calls_only
ENSG00000196704	AMZ2	SIMPLE_AND	SIMPLE_OR	AND→OR			NOT_EVALUATED_consensus_calls_only
ENSG00000196724	ZNF418	SIMPLE_AND	INCONSISTENT	AND→INC			NOT_EVALUATED_consensus_calls_only
ENSG00000196741	LINC01560	SIMPLE_AND	INCONSISTENT	AND→INC			NOT_EVALUATED_consensus_calls_only
ENSG00000196743	GM2A	SIMPLE_AND	INCONSISTENT	AND→INC			NOT_EVALUATED_consensus_calls_only
ENSG00000196748	CLPSL2	INCONSISTENT	BIVALENT	INC→BIV			NOT_EVALUATED_consensus_calls_only
ENSG00000196757	ZNF700	SIMPLE_AND	INCONSISTENT	AND→INC			NOT_EVALUATED_consensus_calls_only
ENSG00000196810	CTBP1-DT	SIMPLE_AND	COMPLEX	AND→CPX			NOT_EVALUATED_consensus_calls_only
ENSG00000196814	MVB12B	REPRESSED	INCONSISTENT	REP→INC			NOT_EVALUATED_consensus_calls_only
ENSG00000196839	ADA	SIMPLE_AND	INCONSISTENT	AND→INC			NOT_EVALUATED_consensus_calls_only
ENSG00000196843	ARID5A	SIMPLE_AND	INCONSISTENT	AND→INC			NOT_EVALUATED_consensus_calls_only
ENSG00000196911	KPNA5	SIMPLE_AND	INCONSISTENT	AND→INC			NOT_EVALUATED_consensus_calls_only
ENSG00000196912	ANKRD36B	SIMPLE_AND	INCONSISTENT	AND→INC			NOT_EVALUATED_consensus_calls_only
ENSG00000196937	FAM3C	SIMPLE_AND	INCONSISTENT	AND→INC			NOT_EVALUATED_consensus_calls_only
ENSG00000196951	SCOC-AS1	SIMPLE_AND	INCONSISTENT	AND→INC			NOT_EVALUATED_consensus_calls_only
ENSG00000196975	ANXA4	SIMPLE_AND	INCONSISTENT	AND→INC			NOT_EVALUATED_consensus_calls_only
ENSG00000196976	LAGE3	INCONSISTENT	SIMPLE_AND	INC→AND			NOT_EVALUATED_consensus_calls_only
ENSG00000196981	WDR5B	SIMPLE_AND	INCONSISTENT	AND→INC			NOT_EVALUATED_consensus_calls_only
ENSG00000197008	ZNF138	SIMPLE_AND	INCONSISTENT	AND→INC			NOT_EVALUATED_consensus_calls_only
ENSG00000197019	SERTAD1	SIMPLE_AND	INCONSISTENT	AND→INC			NOT_EVALUATED_consensus_calls_only
ENSG00000197043	ANXA6	SIMPLE_AND	INCONSISTENT	AND→INC			NOT_EVALUATED_consensus_calls_only
ENSG00000197044	ZNF441	SIMPLE_AND	INCONSISTENT	AND→INC			NOT_EVALUATED_consensus_calls_only
ENSG00000197045	GMFB	SIMPLE_AND	INCONSISTENT	AND→INC			NOT_EVALUATED_consensus_calls_only
ENSG00000197062	ZSCAN26	SIMPLE_AND	INCONSISTENT	AND→INC			NOT_EVALUATED_consensus_calls_only
ENSG00000197077	KIAA1671	BIVALENT	INCONSISTENT	BIV→INC			NOT_EVALUATED_consensus_calls_only
ENSG00000197093	GAL3ST4	SIMPLE_OR	INCONSISTENT	OR→INC			NOT_EVALUATED_consensus_calls_only
ENSG00000197119	SLC25A29	BIVALENT	INCONSISTENT	BIV→INC			NOT_EVALUATED_consensus_calls_only
ENSG00000197121	PGAP1	SIMPLE_AND	INCONSISTENT	AND→INC			NOT_EVALUATED_consensus_calls_only
ENSG00000197122	SRC	SIMPLE_AND	SIMPLE_OR	AND→OR			NOT_EVALUATED_consensus_calls_only
ENSG00000197128	ZNF772	COMPLEX	INCONSISTENT	CPX→INC			NOT_EVALUATED_consensus_calls_only
ENSG00000197162	ZNF785	SIMPLE_AND	INCONSISTENT	AND→INC			NOT_EVALUATED_consensus_calls_only
ENSG00000197168	NEK5	BIVALENT	INCONSISTENT	BIV→INC			NOT_EVALUATED_consensus_calls_only
ENSG00000197183	NOL4L	SIMPLE_OR	SIMPLE_AND	OR→AND			NOT_EVALUATED_consensus_calls_only
ENSG00000197208	SLC22A4	BIVALENT	INCONSISTENT	BIV→INC			NOT_EVALUATED_consensus_calls_only
ENSG00000197245	FAM110D	REPRESSED	INCONSISTENT	REP→INC			NOT_EVALUATED_consensus_calls_only
ENSG00000197275	RAD54B	SIMPLE_AND	INCONSISTENT	AND→INC			NOT_EVALUATED_consensus_calls_only
ENSG00000197279	ZNF165	SIMPLE_AND	INCONSISTENT	AND→INC			NOT_EVALUATED_consensus_calls_only
ENSG00000197283	SYNGAP1	SIMPLE_AND	INCONSISTENT	AND→INC			NOT_EVALUATED_consensus_calls_only
ENSG00000197296	FITM2	SIMPLE_AND	INCONSISTENT	AND→INC			NOT_EVALUATED_consensus_calls_only
ENSG00000197302	KRBOX5	SIMPLE_AND	INCONSISTENT	AND→INC			NOT_EVALUATED_consensus_calls_only
ENSG00000197308	GATA3-AS1	BIVALENT	INCONSISTENT	BIV→INC			NOT_EVALUATED_consensus_calls_only
ENSG00000197321	SVIL	BIVALENT	INCONSISTENT	BIV→INC			NOT_EVALUATED_consensus_calls_only
ENSG00000197329	PELI1	COMPLEX	INCONSISTENT	CPX→INC			NOT_EVALUATED_consensus_calls_only
ENSG00000197355	UAP1L1	SIMPLE_AND	INCONSISTENT	AND→INC			NOT_EVALUATED_consensus_calls_only
ENSG00000197362	ZNF786	SIMPLE_AND	INCONSISTENT	AND→INC			NOT_EVALUATED_consensus_calls_only
ENSG00000197363	ZNF517	SIMPLE_AND	INCONSISTENT	AND→INC			NOT_EVALUATED_consensus_calls_only
ENSG00000197372	ZNF675	COMPLEX	INCONSISTENT	CPX→INC			NOT_EVALUATED_consensus_calls_only
ENSG00000197380	DACT3	SIMPLE_OR	INCONSISTENT	OR→INC			NOT_EVALUATED_consensus_calls_only
ENSG00000197381	ADARB1	BIVALENT	SIMPLE_AND	BIV→AND			NOT_EVALUATED_consensus_calls_only
ENSG00000197385	ZNF860	BIVALENT	REPRESSED	BIV→REP			NOT_EVALUATED_consensus_calls_only
ENSG00000197386	HTT	SIMPLE_AND	REPRESSED	AND→REP			NOT_EVALUATED_consensus_calls_only
ENSG00000197410	DCHS2	BIVALENT	INCONSISTENT	BIV→INC			NOT_EVALUATED_consensus_calls_only
ENSG00000197429	IPP	COMPLEX	INCONSISTENT	CPX→INC			NOT_EVALUATED_consensus_calls_only
ENSG00000197442	MAP3K5	SIMPLE_AND	INCONSISTENT	AND→INC			NOT_EVALUATED_consensus_calls_only
ENSG00000197444	OGDHL	SIMPLE_OR	INCONSISTENT	OR→INC			NOT_EVALUATED_consensus_calls_only
ENSG00000197461	PDGFA	BIVALENT	SIMPLE_OR	BIV→OR			NOT_EVALUATED_consensus_calls_only
ENSG00000197483	ZNF628	SIMPLE_AND	INCONSISTENT	AND→INC			NOT_EVALUATED_consensus_calls_only
ENSG00000197497	ZNF665	INCONSISTENT	COMPLEX	INC→CPX			NOT_EVALUATED_consensus_calls_only
ENSG00000197498	RPF2	SIMPLE_AND	COMPLEX	AND→CPX			NOT_EVALUATED_consensus_calls_only
ENSG00000197530	MIB2	SIMPLE_AND	INCONSISTENT	AND→INC			NOT_EVALUATED_consensus_calls_only
ENSG00000197535	MYO5A	SIMPLE_AND	BIVALENT	AND→BIV			NOT_EVALUATED_consensus_calls_only
ENSG00000197536	IRF1-AS1	SIMPLE_AND	INCONSISTENT	AND→INC			NOT_EVALUATED_consensus_calls_only
ENSG00000197555	SIPA1L1	SIMPLE_AND	INCONSISTENT	AND→INC			NOT_EVALUATED_consensus_calls_only
ENSG00000197557	TTC30A	SIMPLE_AND	INCONSISTENT	AND→INC			NOT_EVALUATED_consensus_calls_only
ENSG00000197565	COL4A6	REPRESSED	BIVALENT	REP→BIV			NOT_EVALUATED_consensus_calls_only
ENSG00000197566	ZNF624	COMPLEX	INCONSISTENT	CPX→INC			NOT_EVALUATED_consensus_calls_only
ENSG00000197568	HHLA3	SIMPLE_AND	INCONSISTENT	AND→INC			NOT_EVALUATED_consensus_calls_only
ENSG00000197579	TOPORS	SIMPLE_AND	INCONSISTENT	AND→INC			NOT_EVALUATED_consensus_calls_only
ENSG00000197587	DMBX1	REPRESSED	INCONSISTENT	REP→INC			NOT_EVALUATED_consensus_calls_only
ENSG00000197594	ENPP1	REPRESSED	BIVALENT	REP→BIV			NOT_EVALUATED_consensus_calls_only
ENSG00000197601	FAR1	COMPLEX	SIMPLE_AND	CPX→AND			NOT_EVALUATED_consensus_calls_only
ENSG00000197608	ZNF841	SIMPLE_AND	COMPLEX	AND→CPX			NOT_EVALUATED_consensus_calls_only
ENSG00000197619	ZNF615	SIMPLE_AND	COMPLEX	AND→CPX			NOT_EVALUATED_consensus_calls_only
ENSG00000197620	EOLA1	SIMPLE_AND	INCONSISTENT	AND→INC			NOT_EVALUATED_consensus_calls_only
ENSG00000197629	MPEG1	SIMPLE_AND	REPRESSED	AND→REP			NOT_EVALUATED_consensus_calls_only
ENSG00000197647	ZNF433	SIMPLE_AND	INCONSISTENT	AND→INC			NOT_EVALUATED_consensus_calls_only
ENSG00000197694	SPTAN1	SIMPLE_AND	SIMPLE_OR	AND→OR			NOT_EVALUATED_consensus_calls_only
ENSG00000197712	FAM114A1	SIMPLE_OR	INCONSISTENT	OR→INC			NOT_EVALUATED_consensus_calls_only
ENSG00000197721	CR1L	INCONSISTENT	SIMPLE_AND	INC→AND			NOT_EVALUATED_consensus_calls_only
ENSG00000197724	PHF2	SIMPLE_AND	INCONSISTENT	AND→INC			NOT_EVALUATED_consensus_calls_only
ENSG00000197757	HOXC6	REPRESSED	INCONSISTENT	REP→INC			NOT_EVALUATED_consensus_calls_only
ENSG00000197766	CFD	INCONSISTENT	SIMPLE_AND	INC→AND			NOT_EVALUATED_consensus_calls_only
ENSG00000197774	EME2	SIMPLE_AND	INCONSISTENT	AND→INC			NOT_EVALUATED_consensus_calls_only
ENSG00000197776	KLHDC1	SIMPLE_OR	INCONSISTENT	OR→INC			NOT_EVALUATED_consensus_calls_only
ENSG00000197779	ZNF81	SIMPLE_AND	INCONSISTENT	AND→INC			NOT_EVALUATED_consensus_calls_only
ENSG00000197780	TAF13	COMPLEX	SIMPLE_AND	CPX→AND			NOT_EVALUATED_consensus_calls_only
ENSG00000197782	ZNF780A	COMPLEX	INCONSISTENT	CPX→INC			NOT_EVALUATED_consensus_calls_only
ENSG00000197798	FAM118B	SIMPLE_AND	INCONSISTENT	AND→INC			NOT_EVALUATED_consensus_calls_only
ENSG00000197813		SIMPLE_OR	INCONSISTENT	OR→INC			NOT_EVALUATED_consensus_calls_only
ENSG00000197818	SLC9A8	SIMPLE_AND	INCONSISTENT	AND→INC			NOT_EVALUATED_consensus_calls_only
ENSG00000197822	OCLN	SIMPLE_AND	BIVALENT	AND→BIV			NOT_EVALUATED_consensus_calls_only
ENSG00000197826	CFAP299	BIVALENT	INCONSISTENT	BIV→INC			NOT_EVALUATED_consensus_calls_only
ENSG00000197841	ZNF181	SIMPLE_AND	INCONSISTENT	AND→INC			NOT_EVALUATED_consensus_calls_only
ENSG00000197852	INKA2	SIMPLE_AND	INCONSISTENT	AND→INC			NOT_EVALUATED_consensus_calls_only
ENSG00000197857	ZNF44	SIMPLE_AND	INCONSISTENT	AND→INC			NOT_EVALUATED_consensus_calls_only
ENSG00000197860	SGTB	SIMPLE_AND	INCONSISTENT	AND→INC			NOT_EVALUATED_consensus_calls_only
ENSG00000197863	ZNF790	SIMPLE_AND	INCONSISTENT	AND→INC			NOT_EVALUATED_consensus_calls_only
ENSG00000197885	NKIRAS1	SIMPLE_AND	INCONSISTENT	AND→INC			NOT_EVALUATED_consensus_calls_only
ENSG00000197892	KIF13B	SIMPLE_AND	INCONSISTENT	AND→INC			NOT_EVALUATED_consensus_calls_only
ENSG00000197894	ADH5	COMPLEX	SIMPLE_AND	CPX→AND			NOT_EVALUATED_consensus_calls_only
ENSG00000197905	TEAD4	BIVALENT	SIMPLE_AND	BIV→AND			NOT_EVALUATED_consensus_calls_only
ENSG00000197933	ZNF823	SIMPLE_AND	INCONSISTENT	AND→INC			NOT_EVALUATED_consensus_calls_only
ENSG00000197935	ZNF311	BIVALENT	INCONSISTENT	BIV→INC			NOT_EVALUATED_consensus_calls_only
ENSG00000197937	ZNF347	SIMPLE_AND	COMPLEX	AND→CPX			NOT_EVALUATED_consensus_calls_only
ENSG00000197943	PLCG2	SIMPLE_AND	BIVALENT	AND→BIV			NOT_EVALUATED_consensus_calls_only
ENSG00000197951	ZNF71	COMPLEX	INCONSISTENT	CPX→INC			NOT_EVALUATED_consensus_calls_only
ENSG00000197956	S100A6	SIMPLE_AND	SIMPLE_OR	AND→OR			NOT_EVALUATED_consensus_calls_only
ENSG00000197958	RPL12	COMPLEX	SIMPLE_AND	CPX→AND			NOT_EVALUATED_consensus_calls_only
ENSG00000197976	AKAP17A	SIMPLE_AND	INCONSISTENT	AND→INC			NOT_EVALUATED_consensus_calls_only
ENSG00000197980	LEKR1	SIMPLE_AND	INCONSISTENT	AND→INC			NOT_EVALUATED_consensus_calls_only
ENSG00000197993	KEL	REPRESSED	SIMPLE_AND	REP→AND			NOT_EVALUATED_consensus_calls_only
ENSG00000198026	ZNF335	SIMPLE_AND	INCONSISTENT	AND→INC			NOT_EVALUATED_consensus_calls_only
ENSG00000198053	SIRPA	SIMPLE_OR	INCONSISTENT	OR→INC			NOT_EVALUATED_consensus_calls_only
ENSG00000198081	ZBTB14	SIMPLE_AND	INCONSISTENT	AND→INC			NOT_EVALUATED_consensus_calls_only
ENSG00000198088	NUP62CL	SIMPLE_OR	SIMPLE_AND	OR→AND			NOT_EVALUATED_consensus_calls_only
ENSG00000198105	ZNF248	SIMPLE_AND	INCONSISTENT	AND→INC			NOT_EVALUATED_consensus_calls_only
ENSG00000198108	CHSY3	BIVALENT	INCONSISTENT	BIV→INC			NOT_EVALUATED_consensus_calls_only
ENSG00000198133	TMEM229B	BIVALENT	INCONSISTENT	BIV→INC			NOT_EVALUATED_consensus_calls_only
ENSG00000198157	HMGN5	COMPLEX	INCONSISTENT	CPX→INC			NOT_EVALUATED_consensus_calls_only
ENSG00000198168	SVIP	SIMPLE_AND	INCONSISTENT	AND→INC			NOT_EVALUATED_consensus_calls_only
ENSG00000198169	ZNF251	SIMPLE_AND	INCONSISTENT	AND→INC			NOT_EVALUATED_consensus_calls_only
ENSG00000198182	ZNF607	SIMPLE_AND	INCONSISTENT	AND→INC			NOT_EVALUATED_consensus_calls_only
ENSG00000198185	ZNF334	COMPLEX	INCONSISTENT	CPX→INC			NOT_EVALUATED_consensus_calls_only
ENSG00000198221	AFDN-DT	BIVALENT	INCONSISTENT	BIV→INC			NOT_EVALUATED_consensus_calls_only
ENSG00000198246	SLC29A3	SIMPLE_OR	SIMPLE_AND	OR→AND			NOT_EVALUATED_consensus_calls_only
ENSG00000198252	STYX	SIMPLE_AND	INCONSISTENT	AND→INC			NOT_EVALUATED_consensus_calls_only
ENSG00000198286	CARD11	SIMPLE_AND	INCONSISTENT	AND→INC			NOT_EVALUATED_consensus_calls_only
ENSG00000198298	ZNF485	SIMPLE_AND	INCONSISTENT	AND→INC			NOT_EVALUATED_consensus_calls_only
ENSG00000198324	PHETA1	SIMPLE_OR	INCONSISTENT	OR→INC			NOT_EVALUATED_consensus_calls_only
ENSG00000198346	ZNF813	SIMPLE_AND	INCONSISTENT	AND→INC			NOT_EVALUATED_consensus_calls_only
ENSG00000198353	HOXC4	BIVALENT	INCONSISTENT	BIV→INC			NOT_EVALUATED_consensus_calls_only
ENSG00000198355	PIM3	SIMPLE_AND	INCONSISTENT	AND→INC			NOT_EVALUATED_consensus_calls_only
ENSG00000198382	UVRAG	SIMPLE_AND	INCONSISTENT	AND→INC			NOT_EVALUATED_consensus_calls_only
ENSG00000198393	ZNF26	COMPLEX	SIMPLE_AND	CPX→AND			NOT_EVALUATED_consensus_calls_only
ENSG00000198400	NTRK1	INCONSISTENT	SIMPLE_AND	INC→AND			NOT_EVALUATED_consensus_calls_only
ENSG00000198435	NRARP	SIMPLE_OR	SIMPLE_AND	OR→AND			NOT_EVALUATED_consensus_calls_only
ENSG00000198455	ZXDB	SIMPLE_AND	INCONSISTENT	AND→INC			NOT_EVALUATED_consensus_calls_only
ENSG00000198464	ZNF480	SIMPLE_AND	INCONSISTENT	AND→INC			NOT_EVALUATED_consensus_calls_only
ENSG00000198467	TPM2	SIMPLE_OR	INCONSISTENT	OR→INC			NOT_EVALUATED_consensus_calls_only
ENSG00000198468	FLVCR1-DT	SIMPLE_AND	INCONSISTENT	AND→INC			NOT_EVALUATED_consensus_calls_only
ENSG00000198478	SH3BGRL2	BIVALENT	INCONSISTENT	BIV→INC			NOT_EVALUATED_consensus_calls_only
ENSG00000198483	ANKRD35	BIVALENT	INCONSISTENT	BIV→INC			NOT_EVALUATED_consensus_calls_only
ENSG00000198496	NBR2	SIMPLE_AND	INCONSISTENT	AND→INC			NOT_EVALUATED_consensus_calls_only
ENSG00000198513	ATL1	SIMPLE_AND	INCONSISTENT	AND→INC			NOT_EVALUATED_consensus_calls_only
ENSG00000198515	CNGA1	SIMPLE_AND	INCONSISTENT	AND→INC			NOT_EVALUATED_consensus_calls_only
ENSG00000198517	MAFK	SIMPLE_AND	INCONSISTENT	AND→INC			NOT_EVALUATED_consensus_calls_only
ENSG00000198520	ARMH1	SIMPLE_AND	INCONSISTENT	AND→INC			NOT_EVALUATED_consensus_calls_only
ENSG00000198521	ZNF43	COMPLEX	INCONSISTENT	CPX→INC			NOT_EVALUATED_consensus_calls_only
ENSG00000198535	C2CD4A	BIVALENT	INCONSISTENT	BIV→INC			NOT_EVALUATED_consensus_calls_only
ENSG00000198538	ZNF28	COMPLEX	SIMPLE_AND	CPX→AND			NOT_EVALUATED_consensus_calls_only
ENSG00000198585	NUDT16	SIMPLE_AND	INCONSISTENT	AND→INC			NOT_EVALUATED_consensus_calls_only
ENSG00000198598	MMP17	BIVALENT	SIMPLE_OR	BIV→OR			NOT_EVALUATED_consensus_calls_only
ENSG00000198624	CCDC69	SIMPLE_AND	INCONSISTENT	AND→INC			NOT_EVALUATED_consensus_calls_only
ENSG00000198707	CEP290	SIMPLE_AND	INCONSISTENT	AND→INC			NOT_EVALUATED_consensus_calls_only
ENSG00000198715	GLMP	SIMPLE_OR	INCONSISTENT	OR→INC			NOT_EVALUATED_consensus_calls_only
ENSG00000198718	TOGARAM1	SIMPLE_AND	INCONSISTENT	AND→INC			NOT_EVALUATED_consensus_calls_only
ENSG00000198719	DLL1	SIMPLE_AND	INCONSISTENT	AND→INC			NOT_EVALUATED_consensus_calls_only
ENSG00000198720	ANKRD13B	SIMPLE_AND	INCONSISTENT	AND→INC			NOT_EVALUATED_consensus_calls_only
ENSG00000198729	PPP1R14C	BIVALENT	INCONSISTENT	BIV→INC			NOT_EVALUATED_consensus_calls_only
ENSG00000198742	SMURF1	SIMPLE_AND	INCONSISTENT	AND→INC			NOT_EVALUATED_consensus_calls_only
ENSG00000198746	GPATCH3	SIMPLE_AND	INCONSISTENT	AND→INC			NOT_EVALUATED_consensus_calls_only
ENSG00000198756	COLGALT2	BIVALENT	INCONSISTENT	BIV→INC			NOT_EVALUATED_consensus_calls_only
ENSG00000198783	ZNF830	SIMPLE_AND	INCONSISTENT	AND→INC			NOT_EVALUATED_consensus_calls_only
ENSG00000198795	ZNF521	BIVALENT	INCONSISTENT	BIV→INC			NOT_EVALUATED_consensus_calls_only
ENSG00000198814	GK	SIMPLE_AND	INCONSISTENT	AND→INC			NOT_EVALUATED_consensus_calls_only
ENSG00000198816	ZNF358	BIVALENT	INCONSISTENT	BIV→INC			NOT_EVALUATED_consensus_calls_only
ENSG00000198821	CD247	REPRESSED	INCONSISTENT	REP→INC			NOT_EVALUATED_consensus_calls_only
ENSG00000198825	INPP5F	SIMPLE_AND	INCONSISTENT	AND→INC			NOT_EVALUATED_consensus_calls_only
ENSG00000198839	ZNF277	SIMPLE_AND	BIVALENT	AND→BIV			NOT_EVALUATED_consensus_calls_only
ENSG00000198841	KTI12	SIMPLE_AND	INCONSISTENT	AND→INC			NOT_EVALUATED_consensus_calls_only
ENSG00000198846	TOX	COMPLEX	INCONSISTENT	CPX→INC			NOT_EVALUATED_consensus_calls_only
ENSG00000198853	RUSC2	BIVALENT	INCONSISTENT	BIV→INC			NOT_EVALUATED_consensus_calls_only
ENSG00000198855	FICD	SIMPLE_AND	INCONSISTENT	AND→INC			NOT_EVALUATED_consensus_calls_only
ENSG00000198863	RUNDC1	SIMPLE_AND	INCONSISTENT	AND→INC			NOT_EVALUATED_consensus_calls_only
ENSG00000198873	GRK5	SIMPLE_AND	INCONSISTENT	AND→INC			NOT_EVALUATED_consensus_calls_only
ENSG00000198879	SFMBT2	SIMPLE_AND	INCONSISTENT	AND→INC			NOT_EVALUATED_consensus_calls_only
ENSG00000198885	ITPRIPL1	SIMPLE_AND	INCONSISTENT	AND→INC			NOT_EVALUATED_consensus_calls_only
ENSG00000198892	SHISA4	REPRESSED	INCONSISTENT	REP→INC			NOT_EVALUATED_consensus_calls_only
ENSG00000198912	C1orf174	COMPLEX	SIMPLE_AND	CPX→AND			NOT_EVALUATED_consensus_calls_only
ENSG00000198919	DZIP3	SIMPLE_AND	INCONSISTENT	AND→INC			NOT_EVALUATED_consensus_calls_only
ENSG00000198920	KIAA0753	SIMPLE_AND	INCONSISTENT	AND→INC			NOT_EVALUATED_consensus_calls_only
ENSG00000198933	TBKBP1	SIMPLE_OR	INCONSISTENT	OR→INC			NOT_EVALUATED_consensus_calls_only
ENSG00000198959	TGM2	SIMPLE_OR	SIMPLE_AND	OR→AND			NOT_EVALUATED_consensus_calls_only
ENSG00000198960	ARMCX6	SIMPLE_AND	INCONSISTENT	AND→INC			NOT_EVALUATED_consensus_calls_only
ENSG00000198963	RORB	BIVALENT	INCONSISTENT	BIV→INC			NOT_EVALUATED_consensus_calls_only
ENSG00000198973	MIR375	REPRESSED	INCONSISTENT	REP→INC			NOT_EVALUATED_consensus_calls_only
ENSG00000198984	MIR345	BIVALENT	INCONSISTENT	BIV→INC			NOT_EVALUATED_consensus_calls_only
ENSG00000199023	MIR339	INCONSISTENT	REPRESSED	INC→REP			NOT_EVALUATED_consensus_calls_only
ENSG00000199266	SNORA60	INCONSISTENT	SIMPLE_AND	INC→AND			NOT_EVALUATED_consensus_calls_only
ENSG00000199293	SNORA21	INCONSISTENT	SIMPLE_AND	INC→AND			NOT_EVALUATED_consensus_calls_only
ENSG00000199332	Y_RNA	COMPLEX	INCONSISTENT	CPX→INC			NOT_EVALUATED_consensus_calls_only
ENSG00000199335	RNU6-204P	COMPLEX	REPRESSED	CPX→REP			NOT_EVALUATED_consensus_calls_only
ENSG00000199347	RNU5E-1	INCONSISTENT	SIMPLE_AND	INC→AND			NOT_EVALUATED_consensus_calls_only
ENSG00000199377	RNU5F-1	INCONSISTENT	SIMPLE_OR	INC→OR			NOT_EVALUATED_consensus_calls_only
ENSG00000199477	SNORA31	INCONSISTENT	SIMPLE_OR	INC→OR			NOT_EVALUATED_consensus_calls_only
ENSG00000199482	RNU6-633P	REPRESSED	INCONSISTENT	REP→INC			NOT_EVALUATED_consensus_calls_only
ENSG00000199568	RNU5A-1	INCONSISTENT	SIMPLE_OR	INC→OR			NOT_EVALUATED_consensus_calls_only
ENSG00000199705	Y_RNA	COMPLEX	INCONSISTENT	CPX→INC			NOT_EVALUATED_consensus_calls_only
ENSG00000199785	SNORA52	INCONSISTENT	SIMPLE_AND	INC→AND			NOT_EVALUATED_consensus_calls_only
ENSG00000199836	RNU1-47P	REPRESSED	BIVALENT	REP→BIV			NOT_EVALUATED_consensus_calls_only
ENSG00000199879	RNVU1-22	BIVALENT	SIMPLE_AND	BIV→AND			NOT_EVALUATED_consensus_calls_only
ENSG00000199971	RNU6-797P	INCONSISTENT	REPRESSED	INC→REP			NOT_EVALUATED_consensus_calls_only
ENSG00000200156	RNU5B-1	INCONSISTENT	SIMPLE_AND	INC→AND			NOT_EVALUATED_consensus_calls_only
ENSG00000200169	RNU5D-1	INCONSISTENT	SIMPLE_AND	INC→AND			NOT_EVALUATED_consensus_calls_only
ENSG00000200252	Y_RNA	INCONSISTENT	REPRESSED	INC→REP			NOT_EVALUATED_consensus_calls_only
ENSG00000200320	SNORA63	INCONSISTENT	SIMPLE_AND	INC→AND			NOT_EVALUATED_consensus_calls_only
ENSG00000200354	SNORA71D	INCONSISTENT	SIMPLE_AND	INC→AND			NOT_EVALUATED_consensus_calls_only
ENSG00000200370	RNA5S17	BIVALENT	INCONSISTENT	BIV→INC			NOT_EVALUATED_consensus_calls_only
ENSG00000200397	Y_RNA	INCONSISTENT	BIVALENT	INC→BIV			NOT_EVALUATED_consensus_calls_only
ENSG00000200418	SNORA63B	COMPLEX	SIMPLE_AND	CPX→AND			NOT_EVALUATED_consensus_calls_only
ENSG00000200463	SNORD118	INCONSISTENT	SIMPLE_AND	INC→AND			NOT_EVALUATED_consensus_calls_only
ENSG00000200534	SNORA33	INCONSISTENT	SIMPLE_AND	INC→AND			NOT_EVALUATED_consensus_calls_only
ENSG00000200656	SNORA5B	INCONSISTENT	SIMPLE_OR	INC→OR			NOT_EVALUATED_consensus_calls_only
ENSG00000200795	RNU4-1	INCONSISTENT	SIMPLE_AND	INC→AND			NOT_EVALUATED_consensus_calls_only
ENSG00000200816	SNORA38	INCONSISTENT	SIMPLE_AND	INC→AND			NOT_EVALUATED_consensus_calls_only
ENSG00000200972	RNU5A-8P	INCONSISTENT	SIMPLE_OR	INC→OR			NOT_EVALUATED_consensus_calls_only
ENSG00000200983	SNORA3A	INCONSISTENT	SIMPLE_AND	INC→AND			NOT_EVALUATED_consensus_calls_only
ENSG00000200997	RNVU1-34	INCONSISTENT	SIMPLE_OR	INC→OR			NOT_EVALUATED_consensus_calls_only
ENSG00000201041	RNA5SP242	BIVALENT	INCONSISTENT	BIV→INC			NOT_EVALUATED_consensus_calls_only
ENSG00000201098	RNY1	INCONSISTENT	SIMPLE_AND	INC→AND			NOT_EVALUATED_consensus_calls_only
ENSG00000201134	Y_RNA	BIVALENT	REPRESSED	BIV→REP			NOT_EVALUATED_consensus_calls_only
ENSG00000201183	RNVU1-3	INCONSISTENT	SIMPLE_AND	INC→AND			NOT_EVALUATED_consensus_calls_only
ENSG00000201229	SNORA63D	REPRESSED	SIMPLE_AND	REP→AND			NOT_EVALUATED_consensus_calls_only
ENSG00000201302	SNORA65	COMPLEX	SIMPLE_AND	CPX→AND			NOT_EVALUATED_consensus_calls_only
ENSG00000201376	SNORA70	INCONSISTENT	SIMPLE_OR	INC→OR			NOT_EVALUATED_consensus_calls_only
ENSG00000201512	SNORA71C	INCONSISTENT	SIMPLE_OR	INC→OR			NOT_EVALUATED_consensus_calls_only
ENSG00000201558	RNVU1-6	INCONSISTENT	SIMPLE_AND	INC→AND			NOT_EVALUATED_consensus_calls_only
ENSG00000201564	RN7SKP50	SIMPLE_OR	REPRESSED	OR→REP			NOT_EVALUATED_consensus_calls_only
ENSG00000201581	RN7SKP78	SIMPLE_AND	INCONSISTENT	AND→INC			NOT_EVALUATED_consensus_calls_only
ENSG00000201635	Y_RNA	COMPLEX	REPRESSED	CPX→REP			NOT_EVALUATED_consensus_calls_only
ENSG00000201695	RNA5SP334	INCONSISTENT	REPRESSED	INC→REP			NOT_EVALUATED_consensus_calls_only
ENSG00000201793	RN7SKP9	SIMPLE_AND	SIMPLE_OR	AND→OR			NOT_EVALUATED_consensus_calls_only
ENSG00000201801	RNU5E-4P	INCONSISTENT	SIMPLE_AND	INC→AND			NOT_EVALUATED_consensus_calls_only
ENSG00000202229	RNU6-1138P	REPRESSED	INCONSISTENT	REP→INC			NOT_EVALUATED_consensus_calls_only
ENSG00000202252	SNORD14C	COMPLEX	INCONSISTENT	CPX→INC			NOT_EVALUATED_consensus_calls_only
ENSG00000202264	RNA5SP77	REPRESSED	INCONSISTENT	REP→INC			NOT_EVALUATED_consensus_calls_only
ENSG00000202363	SNORA62	INCONSISTENT	SIMPLE_AND	INC→AND			NOT_EVALUATED_consensus_calls_only
ENSG00000202408	RNVU1-21	INCONSISTENT	SIMPLE_AND	INC→AND			NOT_EVALUATED_consensus_calls_only
ENSG00000202444	RNU5E-6P	INCONSISTENT	SIMPLE_AND	INC→AND			NOT_EVALUATED_consensus_calls_only
ENSG00000202538	RNU4-2	INCONSISTENT	SIMPLE_AND	INC→AND			NOT_EVALUATED_consensus_calls_only
ENSG00000203280	KIAA1671-AS1	BIVALENT	INCONSISTENT	BIV→INC			NOT_EVALUATED_consensus_calls_only
ENSG00000203288	TDRKH-AS1	COMPLEX	INCONSISTENT	CPX→INC			NOT_EVALUATED_consensus_calls_only
ENSG00000203326	ZNF525	SIMPLE_AND	INCONSISTENT	AND→INC			NOT_EVALUATED_consensus_calls_only
ENSG00000203546		SIMPLE_AND	INCONSISTENT	AND→INC			NOT_EVALUATED_consensus_calls_only
ENSG00000203667	COX20	SIMPLE_AND	INCONSISTENT	AND→INC			NOT_EVALUATED_consensus_calls_only
ENSG00000203668	CHML	SIMPLE_AND	COMPLEX	AND→CPX			NOT_EVALUATED_consensus_calls_only
ENSG00000203684	IBA57-DT	SIMPLE_AND	INCONSISTENT	AND→INC			NOT_EVALUATED_consensus_calls_only
ENSG00000203710	CR1	SIMPLE_OR	INCONSISTENT	OR→INC			NOT_EVALUATED_consensus_calls_only
ENSG00000203722	RAET1G	REPRESSED	BIVALENT	REP→BIV			NOT_EVALUATED_consensus_calls_only
ENSG00000203724	C1orf53	BIVALENT	INCONSISTENT	BIV→INC			NOT_EVALUATED_consensus_calls_only
ENSG00000203727	SAMD5	REPRESSED	BIVALENT	REP→BIV			NOT_EVALUATED_consensus_calls_only
ENSG00000203761	MSTO2P	SIMPLE_AND	INCONSISTENT	AND→INC			NOT_EVALUATED_consensus_calls_only
ENSG00000203791	EEF1AKMT2	SIMPLE_AND	INCONSISTENT	AND→INC			NOT_EVALUATED_consensus_calls_only
ENSG00000203804	ADAMTSL4-AS1	SIMPLE_AND	INCONSISTENT	AND→INC			NOT_EVALUATED_consensus_calls_only
ENSG00000203805	PLPP4	REPRESSED	INCONSISTENT	REP→INC			NOT_EVALUATED_consensus_calls_only
ENSG00000203808	BVES-AS1	BIVALENT	INCONSISTENT	BIV→INC			NOT_EVALUATED_consensus_calls_only
ENSG00000203809	LIN28B-AS1	REPRESSED	INCONSISTENT	REP→INC			NOT_EVALUATED_consensus_calls_only
ENSG00000203867	RBM20	BIVALENT	INCONSISTENT	BIV→INC			NOT_EVALUATED_consensus_calls_only
ENSG00000203875	SNHG5	COMPLEX	SIMPLE_AND	CPX→AND			NOT_EVALUATED_consensus_calls_only
ENSG00000203877	RIPPLY2	BIVALENT	REPRESSED	BIV→REP			NOT_EVALUATED_consensus_calls_only
ENSG00000203883	SOX18	SIMPLE_OR	INCONSISTENT	OR→INC			NOT_EVALUATED_consensus_calls_only
ENSG00000203950	RTL8A	INCONSISTENT	SIMPLE_AND	INC→AND			NOT_EVALUATED_consensus_calls_only
ENSG00000203965	EFCAB7	SIMPLE_AND	INCONSISTENT	AND→INC			NOT_EVALUATED_consensus_calls_only
ENSG00000203993	ARRDC1-AS1	SIMPLE_AND	INCONSISTENT	AND→INC			NOT_EVALUATED_consensus_calls_only
ENSG00000204052	LRRC73	BIVALENT	INCONSISTENT	BIV→INC			NOT_EVALUATED_consensus_calls_only
ENSG00000204054	LINC00963	REPRESSED	COMPLEX	REP→CPX			NOT_EVALUATED_consensus_calls_only
ENSG00000204055	IER5L-AS1	BIVALENT	INCONSISTENT	BIV→INC			NOT_EVALUATED_consensus_calls_only
ENSG00000204103	MAFB	REPRESSED	INCONSISTENT	REP→INC			NOT_EVALUATED_consensus_calls_only
ENSG00000204104	TRAF3IP1	SIMPLE_OR	INCONSISTENT	OR→INC			NOT_EVALUATED_consensus_calls_only
ENSG00000204116	CHIC1	SIMPLE_AND	INCONSISTENT	AND→INC			NOT_EVALUATED_consensus_calls_only
ENSG00000204121	ECEL1P1	REPRESSED	INCONSISTENT	REP→INC			NOT_EVALUATED_consensus_calls_only
ENSG00000204128	C2orf72	REPRESSED	BIVALENT	REP→BIV			NOT_EVALUATED_consensus_calls_only
ENSG00000204130	RUFY2	SIMPLE_AND	INCONSISTENT	AND→INC			NOT_EVALUATED_consensus_calls_only
ENSG00000204136	GGTA1	REPRESSED	BIVALENT	REP→BIV			NOT_EVALUATED_consensus_calls_only
ENSG00000204147	ASAH2B	SIMPLE_AND	INCONSISTENT	AND→INC			NOT_EVALUATED_consensus_calls_only
ENSG00000204165	CXorf65	SIMPLE_AND	INCONSISTENT	AND→INC			NOT_EVALUATED_consensus_calls_only
ENSG00000204177	BMS1P1	SIMPLE_OR	INCONSISTENT	OR→INC			NOT_EVALUATED_consensus_calls_only
ENSG00000204178	MACO1	SIMPLE_AND	INCONSISTENT	AND→INC			NOT_EVALUATED_consensus_calls_only
ENSG00000204186	ZDBF2	SIMPLE_AND	BIVALENT	AND→BIV			NOT_EVALUATED_consensus_calls_only
ENSG00000204217	BMPR2	SIMPLE_AND	INCONSISTENT	AND→INC			NOT_EVALUATED_consensus_calls_only
ENSG00000204219	TCEA3	REPRESSED	INCONSISTENT	REP→INC			NOT_EVALUATED_consensus_calls_only
ENSG00000204228	HSD17B8	SIMPLE_AND	INCONSISTENT	AND→INC			NOT_EVALUATED_consensus_calls_only
ENSG00000204252	HLA-DOA	SIMPLE_AND	REPRESSED	AND→REP			NOT_EVALUATED_consensus_calls_only
ENSG00000204257	HLA-DMA	SIMPLE_AND	INCONSISTENT	AND→INC			NOT_EVALUATED_consensus_calls_only
ENSG00000204261	PSMB8-AS1	SIMPLE_AND	INCONSISTENT	AND→INC			NOT_EVALUATED_consensus_calls_only
ENSG00000204264	PSMB8	SIMPLE_AND	INCONSISTENT	AND→INC			NOT_EVALUATED_consensus_calls_only
ENSG00000204267	TAP2	SIMPLE_AND	INCONSISTENT	AND→INC			NOT_EVALUATED_consensus_calls_only
ENSG00000204271	SPIN3	SIMPLE_AND	INCONSISTENT	AND→INC			NOT_EVALUATED_consensus_calls_only
ENSG00000204272	NBDY	SIMPLE_AND	INCONSISTENT	AND→INC			NOT_EVALUATED_consensus_calls_only
ENSG00000204291	COL15A1	REPRESSED	BIVALENT	REP→BIV			NOT_EVALUATED_consensus_calls_only
ENSG00000204305	AGER	SIMPLE_OR	INCONSISTENT	OR→INC			NOT_EVALUATED_consensus_calls_only
ENSG00000204311	PJVK	SIMPLE_AND	INCONSISTENT	AND→INC			NOT_EVALUATED_consensus_calls_only
ENSG00000204314	PRRT1	BIVALENT	INCONSISTENT	BIV→INC			NOT_EVALUATED_consensus_calls_only
ENSG00000204335	SP5	BIVALENT	COMPLEX	BIV→CPX			NOT_EVALUATED_consensus_calls_only
ENSG00000204348	DXO	SIMPLE_AND	INCONSISTENT	AND→INC			NOT_EVALUATED_consensus_calls_only
ENSG00000204396	VWA7	SIMPLE_OR	INCONSISTENT	OR→INC			NOT_EVALUATED_consensus_calls_only
ENSG00000204406	MBD5	SIMPLE_AND	INCONSISTENT	AND→INC			NOT_EVALUATED_consensus_calls_only
ENSG00000204446	LINC02872	REPRESSED	INCONSISTENT	REP→INC			NOT_EVALUATED_consensus_calls_only
ENSG00000204472	AIF1	SIMPLE_AND	INCONSISTENT	AND→INC			NOT_EVALUATED_consensus_calls_only
ENSG00000204498	NFKBIL1	SIMPLE_AND	INCONSISTENT	AND→INC			NOT_EVALUATED_consensus_calls_only
ENSG00000204524	ZNF805	SIMPLE_AND	COMPLEX	AND→CPX			NOT_EVALUATED_consensus_calls_only
ENSG00000204525	HLA-C	SIMPLE_AND	REPRESSED	AND→REP			NOT_EVALUATED_consensus_calls_only
ENSG00000204580	DDR1	SIMPLE_OR	SIMPLE_AND	OR→AND			NOT_EVALUATED_consensus_calls_only
ENSG00000204604	ZNF468	COMPLEX	SIMPLE_AND	CPX→AND			NOT_EVALUATED_consensus_calls_only
ENSG00000204611	ZNF616	SIMPLE_AND	INCONSISTENT	AND→INC			NOT_EVALUATED_consensus_calls_only
ENSG00000204616	TRIM31	SIMPLE_OR	REPRESSED	OR→REP			NOT_EVALUATED_consensus_calls_only
ENSG00000204623	POLR1HASP	COMPLEX	INCONSISTENT	CPX→INC			NOT_EVALUATED_consensus_calls_only
ENSG00000204624	DISP3	INCONSISTENT	BIVALENT	INC→BIV			NOT_EVALUATED_consensus_calls_only
ENSG00000204625	HCG9	BIVALENT	INCONSISTENT	BIV→INC			NOT_EVALUATED_consensus_calls_only
ENSG00000204634	TBC1D8	SIMPLE_AND	INCONSISTENT	AND→INC			NOT_EVALUATED_consensus_calls_only
ENSG00000204655	MOG	INCONSISTENT	REPRESSED	INC→REP			NOT_EVALUATED_consensus_calls_only
ENSG00000204659	CBY3	SIMPLE_AND	INCONSISTENT	AND→INC			NOT_EVALUATED_consensus_calls_only
ENSG00000204682	MIR1915HG	BIVALENT	INCONSISTENT	BIV→INC			NOT_EVALUATED_consensus_calls_only
ENSG00000204685	STARD7-AS1	SIMPLE_AND	INCONSISTENT	AND→INC			NOT_EVALUATED_consensus_calls_only
ENSG00000204792	LINC01291	INCONSISTENT	BIVALENT	INC→BIV			NOT_EVALUATED_consensus_calls_only
ENSG00000204839	MROH6	REPRESSED	INCONSISTENT	REP→INC			NOT_EVALUATED_consensus_calls_only
ENSG00000204850		REPRESSED	BIVALENT	REP→BIV			NOT_EVALUATED_consensus_calls_only
ENSG00000204851	PNMA8B	REPRESSED	BIVALENT	REP→BIV			NOT_EVALUATED_consensus_calls_only
ENSG00000204852	TCTN1	SIMPLE_AND	INCONSISTENT	AND→INC			NOT_EVALUATED_consensus_calls_only
ENSG00000204869	IGFL4	REPRESSED	INCONSISTENT	REP→INC			NOT_EVALUATED_consensus_calls_only
ENSG00000204899	MZT1	SIMPLE_AND	INCONSISTENT	AND→INC			NOT_EVALUATED_consensus_calls_only
ENSG00000204922	UQCC3	SIMPLE_AND	INCONSISTENT	AND→INC			NOT_EVALUATED_consensus_calls_only
ENSG00000204946	ZNF783	SIMPLE_AND	INCONSISTENT	AND→INC			NOT_EVALUATED_consensus_calls_only
ENSG00000204950	LRRC10B	REPRESSED	BIVALENT	REP→BIV			NOT_EVALUATED_consensus_calls_only
ENSG00000204977	TRIM13	SIMPLE_AND	INCONSISTENT	AND→INC			NOT_EVALUATED_consensus_calls_only
ENSG00000205002	AARD	REPRESSED	BIVALENT	REP→BIV			NOT_EVALUATED_consensus_calls_only
ENSG00000205041		SIMPLE_AND	INCONSISTENT	AND→INC			NOT_EVALUATED_consensus_calls_only
ENSG00000205106	LINC02716	BIVALENT	INCONSISTENT	BIV→INC			NOT_EVALUATED_consensus_calls_only
ENSG00000205138	SDHAF1	SIMPLE_AND	INCONSISTENT	AND→INC			NOT_EVALUATED_consensus_calls_only
ENSG00000205143	ARID3C	REPRESSED	BIVALENT	REP→BIV			NOT_EVALUATED_consensus_calls_only
ENSG00000205189	ZBTB10	SIMPLE_AND	INCONSISTENT	AND→INC			NOT_EVALUATED_consensus_calls_only
ENSG00000205208	C4orf46	SIMPLE_AND	INCONSISTENT	AND→INC			NOT_EVALUATED_consensus_calls_only
ENSG00000205269	TMEM170B	SIMPLE_AND	BIVALENT	AND→BIV			NOT_EVALUATED_consensus_calls_only
ENSG00000205309	NT5M	SIMPLE_AND	INCONSISTENT	AND→INC			NOT_EVALUATED_consensus_calls_only
ENSG00000205339	IPO7	SIMPLE_AND	COMPLEX	AND→CPX			NOT_EVALUATED_consensus_calls_only
ENSG00000205356	TECPR1	SIMPLE_AND	INCONSISTENT	AND→INC			NOT_EVALUATED_consensus_calls_only
ENSG00000205464	ATP6AP1L	SIMPLE_AND	INCONSISTENT	AND→INC			NOT_EVALUATED_consensus_calls_only
ENSG00000205476	CCDC85C	SIMPLE_OR	SIMPLE_AND	OR→AND			NOT_EVALUATED_consensus_calls_only
ENSG00000205485	LINC03009	SIMPLE_AND	INCONSISTENT	AND→INC			NOT_EVALUATED_consensus_calls_only
ENSG00000205534	SMG1P2	SIMPLE_AND	INCONSISTENT	AND→INC			NOT_EVALUATED_consensus_calls_only
ENSG00000205544	TMEM256	BIVALENT	SIMPLE_AND	BIV→AND			NOT_EVALUATED_consensus_calls_only
ENSG00000205583	STAG3L1	SIMPLE_OR	INCONSISTENT	OR→INC			NOT_EVALUATED_consensus_calls_only
ENSG00000205593	DENND6B	SIMPLE_AND	INCONSISTENT	AND→INC			NOT_EVALUATED_consensus_calls_only
ENSG00000205628	LINC01446	REPRESSED	INCONSISTENT	REP→INC			NOT_EVALUATED_consensus_calls_only
ENSG00000205639	MFSD2B	REPRESSED	INCONSISTENT	REP→INC			NOT_EVALUATED_consensus_calls_only
ENSG00000205643	CDPF1	SIMPLE_AND	INCONSISTENT	AND→INC			NOT_EVALUATED_consensus_calls_only
ENSG00000205659	LIN52	SIMPLE_AND	INCONSISTENT	AND→INC			NOT_EVALUATED_consensus_calls_only
ENSG00000205669	ACOT6	BIVALENT	INCONSISTENT	BIV→INC			NOT_EVALUATED_consensus_calls_only
ENSG00000205683	DPF3	SIMPLE_OR	INCONSISTENT	OR→INC			NOT_EVALUATED_consensus_calls_only
ENSG00000205707	ETFRF1	SIMPLE_AND	INCONSISTENT	AND→INC			NOT_EVALUATED_consensus_calls_only
ENSG00000205726	ITSN1	BIVALENT	INCONSISTENT	BIV→INC			NOT_EVALUATED_consensus_calls_only
ENSG00000205730	ITPRIPL2	SIMPLE_AND	INCONSISTENT	AND→INC			NOT_EVALUATED_consensus_calls_only
ENSG00000205740		SIMPLE_AND	INCONSISTENT	AND→INC			NOT_EVALUATED_consensus_calls_only
ENSG00000205758	CRYZL1	BIVALENT	SIMPLE_AND	BIV→AND			NOT_EVALUATED_consensus_calls_only
ENSG00000205763	RP9P	INCONSISTENT	COMPLEX	INC→CPX			NOT_EVALUATED_consensus_calls_only
ENSG00000205771	CATSPER2P1	SIMPLE_AND	INCONSISTENT	AND→INC			NOT_EVALUATED_consensus_calls_only
ENSG00000205795	CYS1	SIMPLE_AND	BIVALENT	AND→BIV			NOT_EVALUATED_consensus_calls_only
ENSG00000205808	PLPP6	SIMPLE_AND	INCONSISTENT	AND→INC			NOT_EVALUATED_consensus_calls_only
ENSG00000205903	ZNF316	SIMPLE_AND	INCONSISTENT	AND→INC			NOT_EVALUATED_consensus_calls_only
ENSG00000205913	SRRM2-AS1	SIMPLE_AND	INCONSISTENT	AND→INC			NOT_EVALUATED_consensus_calls_only
ENSG00000205922	ONECUT3	REPRESSED	INCONSISTENT	REP→INC			NOT_EVALUATED_consensus_calls_only
ENSG00000205930	C21orf62-AS1	SIMPLE_AND	INCONSISTENT	AND→INC			NOT_EVALUATED_consensus_calls_only
ENSG00000205978	NYNRIN	REPRESSED	INCONSISTENT	REP→INC			NOT_EVALUATED_consensus_calls_only
ENSG00000206028		SIMPLE_AND	INCONSISTENT	AND→INC			NOT_EVALUATED_consensus_calls_only
ENSG00000206113	CFAP99	BIVALENT	INCONSISTENT	BIV→INC			NOT_EVALUATED_consensus_calls_only
ENSG00000206120	EGFEM1P	SIMPLE_AND	BIVALENT	AND→BIV			NOT_EVALUATED_consensus_calls_only
ENSG00000206172	HBA1	REPRESSED	SIMPLE_AND	REP→AND			NOT_EVALUATED_consensus_calls_only
ENSG00000206177	HBM	BIVALENT	INCONSISTENT	BIV→INC			NOT_EVALUATED_consensus_calls_only
ENSG00000206262	FOXL2NB	REPRESSED	INCONSISTENT	REP→INC			NOT_EVALUATED_consensus_calls_only
ENSG00000206341	HLA-H	SIMPLE_AND	REPRESSED	AND→REP			NOT_EVALUATED_consensus_calls_only
ENSG00000206344	HCG27	SIMPLE_AND	INCONSISTENT	AND→INC			NOT_EVALUATED_consensus_calls_only
ENSG00000206418	RAB12	SIMPLE_AND	INCONSISTENT	AND→INC			NOT_EVALUATED_consensus_calls_only
ENSG00000206527	HACD2	SIMPLE_AND	INCONSISTENT	AND→INC			NOT_EVALUATED_consensus_calls_only
ENSG00000206535	LNP1	SIMPLE_AND	INCONSISTENT	AND→INC			NOT_EVALUATED_consensus_calls_only
ENSG00000206557	TRIM71	BIVALENT	REPRESSED	BIV→REP			NOT_EVALUATED_consensus_calls_only
ENSG00000206597	SNORA57	INCONSISTENT	SIMPLE_AND	INC→AND			NOT_EVALUATED_consensus_calls_only
ENSG00000206603	SNORA22B	INCONSISTENT	SIMPLE_AND	INC→AND			NOT_EVALUATED_consensus_calls_only
ENSG00000206625	RNU6-1	INCONSISTENT	SIMPLE_AND	INC→AND			NOT_EVALUATED_consensus_calls_only
ENSG00000206633	SNORA80B	COMPLEX	SIMPLE_AND	CPX→AND			NOT_EVALUATED_consensus_calls_only
ENSG00000206652	RNU1-1	INCONSISTENT	SIMPLE_AND	INC→AND			NOT_EVALUATED_consensus_calls_only
ENSG00000206704	Y_RNA	REPRESSED	INCONSISTENT	REP→INC			NOT_EVALUATED_consensus_calls_only
ENSG00000206737	RNVU1-18	INCONSISTENT	SIMPLE_OR	INC→OR			NOT_EVALUATED_consensus_calls_only
ENSG00000206760	SNORA6	INCONSISTENT	SIMPLE_AND	INC→AND			NOT_EVALUATED_consensus_calls_only
ENSG00000206811	SNORA10	INCONSISTENT	SIMPLE_AND	INC→AND			NOT_EVALUATED_consensus_calls_only
ENSG00000206828	RNVU1-30	INCONSISTENT	SIMPLE_AND	INC→AND			NOT_EVALUATED_consensus_calls_only
ENSG00000206898		REPRESSED	INCONSISTENT	REP→INC			NOT_EVALUATED_consensus_calls_only
ENSG00000206903	SNORA24B	INCONSISTENT	SIMPLE_AND	INC→AND			NOT_EVALUATED_consensus_calls_only
ENSG00000206941	SNORD15A	INCONSISTENT	SIMPLE_AND	INC→AND			NOT_EVALUATED_consensus_calls_only
ENSG00000207005	RNU1-2	INCONSISTENT	SIMPLE_AND	INC→AND			NOT_EVALUATED_consensus_calls_only
ENSG00000207051	SNORA27	INCONSISTENT	SIMPLE_AND	INC→AND			NOT_EVALUATED_consensus_calls_only
ENSG00000207067	SNORA72	INCONSISTENT	SIMPLE_AND	INC→AND			NOT_EVALUATED_consensus_calls_only
ENSG00000207088	SNORA7B	INCONSISTENT	SIMPLE_AND	INC→AND			NOT_EVALUATED_consensus_calls_only
ENSG00000207118	SNORD14D	COMPLEX	INCONSISTENT	CPX→INC			NOT_EVALUATED_consensus_calls_only
ENSG00000207165	SNORA70	INCONSISTENT	SIMPLE_AND	INC→AND			NOT_EVALUATED_consensus_calls_only
ENSG00000207166	SNORA68	INCONSISTENT	SIMPLE_AND	INC→AND			NOT_EVALUATED_consensus_calls_only
ENSG00000207181	SNORA14B	INCONSISTENT	SIMPLE_AND	INC→AND			NOT_EVALUATED_consensus_calls_only
ENSG00000207186	RNA5SP122	REPRESSED	COMPLEX	REP→CPX			NOT_EVALUATED_consensus_calls_only
ENSG00000207205	RNVU1-15	INCONSISTENT	SIMPLE_AND	INC→AND			NOT_EVALUATED_consensus_calls_only
ENSG00000207217	SNORA80D	INCONSISTENT	SIMPLE_OR	INC→OR			NOT_EVALUATED_consensus_calls_only
ENSG00000207233	SNORA37	INCONSISTENT	SIMPLE_AND	INC→AND			NOT_EVALUATED_consensus_calls_only
ENSG00000207302	Y_RNA	BIVALENT	INCONSISTENT	BIV→INC			NOT_EVALUATED_consensus_calls_only
ENSG00000207330	RNU6-73P	REPRESSED	INCONSISTENT	REP→INC			NOT_EVALUATED_consensus_calls_only
ENSG00000207356	Y_RNA	INCONSISTENT	REPRESSED	INC→REP			NOT_EVALUATED_consensus_calls_only
ENSG00000207357	RNU6-2	INCONSISTENT	SIMPLE_AND	INC→AND			NOT_EVALUATED_consensus_calls_only
ENSG00000207405	SNORA64	INCONSISTENT	SIMPLE_AND	INC→AND			NOT_EVALUATED_consensus_calls_only
ENSG00000207445	SNORD15B	INCONSISTENT	SIMPLE_AND	INC→AND			NOT_EVALUATED_consensus_calls_only
ENSG00000207453	RNU6-535P	INCONSISTENT	REPRESSED	INC→REP			NOT_EVALUATED_consensus_calls_only
ENSG00000207483	RNU6-1067P	REPRESSED	INCONSISTENT	REP→INC			NOT_EVALUATED_consensus_calls_only
ENSG00000207496	SNORA7A	INCONSISTENT	SIMPLE_AND	INC→AND			NOT_EVALUATED_consensus_calls_only
ENSG00000207501	RNVU1-14	INCONSISTENT	SIMPLE_AND	INC→AND			NOT_EVALUATED_consensus_calls_only
ENSG00000207507	RNU6-9	INCONSISTENT	SIMPLE_AND	INC→AND			NOT_EVALUATED_consensus_calls_only
ENSG00000207562	MIR34C	REPRESSED	BIVALENT	REP→BIV			NOT_EVALUATED_consensus_calls_only
ENSG00000207598	MIR124-3	BIVALENT	INCONSISTENT	BIV→INC			NOT_EVALUATED_consensus_calls_only
ENSG00000207614	MIR193A	BIVALENT	INCONSISTENT	BIV→INC			NOT_EVALUATED_consensus_calls_only
ENSG00000207811	MIR34B	REPRESSED	BIVALENT	REP→BIV			NOT_EVALUATED_consensus_calls_only
ENSG00000207924	MIR196A2	REPRESSED	INCONSISTENT	REP→INC			NOT_EVALUATED_consensus_calls_only
ENSG00000207933	MIR9-1	BIVALENT	INCONSISTENT	BIV→INC			NOT_EVALUATED_consensus_calls_only
ENSG00000208037	MIR320A	COMPLEX	INCONSISTENT	CPX→INC			NOT_EVALUATED_consensus_calls_only
ENSG00000209042	SNORD12C	COMPLEX	INCONSISTENT	CPX→INC			NOT_EVALUATED_consensus_calls_only
ENSG00000209582	SNORA48	INCONSISTENT	SIMPLE_AND	INC→AND			NOT_EVALUATED_consensus_calls_only
ENSG00000210741	MIR196A1	REPRESSED	INCONSISTENT	REP→INC			NOT_EVALUATED_consensus_calls_only
ENSG00000210825	SNORA40	INCONSISTENT	SIMPLE_OR	INC→OR			NOT_EVALUATED_consensus_calls_only
ENSG00000211451	GNRHR2	SIMPLE_AND	INCONSISTENT	AND→INC			NOT_EVALUATED_consensus_calls_only
ENSG00000211455	STK38L	COMPLEX	INCONSISTENT	CPX→INC			NOT_EVALUATED_consensus_calls_only
ENSG00000211568	MIR670	REPRESSED	INCONSISTENT	REP→INC			NOT_EVALUATED_consensus_calls_only
ENSG00000211638	IGLV8-61	COMPLEX	REPRESSED	CPX→REP			NOT_EVALUATED_consensus_calls_only
ENSG00000211679	IGLC3	INCONSISTENT	REPRESSED	INC→REP			NOT_EVALUATED_consensus_calls_only
ENSG00000211767	TRBJ2-3	INCONSISTENT	BIVALENT	INC→BIV			NOT_EVALUATED_consensus_calls_only
ENSG00000211768	TRBJ2-4	INCONSISTENT	BIVALENT	INC→BIV			NOT_EVALUATED_consensus_calls_only
ENSG00000211769	TRBJ2-5	INCONSISTENT	BIVALENT	INC→BIV			NOT_EVALUATED_consensus_calls_only
ENSG00000211770	TRBJ2-6	INCONSISTENT	BIVALENT	INC→BIV			NOT_EVALUATED_consensus_calls_only
ENSG00000211771	TRBJ2-7	INCONSISTENT	BIVALENT	INC→BIV			NOT_EVALUATED_consensus_calls_only
ENSG00000211772	TRBC2	SIMPLE_OR	REPRESSED	OR→REP			NOT_EVALUATED_consensus_calls_only
ENSG00000211829	TRDC	COMPLEX	INCONSISTENT	CPX→INC			NOT_EVALUATED_consensus_calls_only
ENSG00000211834	TRAJ57	INCONSISTENT	REPRESSED	INC→REP			NOT_EVALUATED_consensus_calls_only
ENSG00000211835	TRAJ56	INCONSISTENT	REPRESSED	INC→REP			NOT_EVALUATED_consensus_calls_only
ENSG00000211836	TRAJ54	INCONSISTENT	REPRESSED	INC→REP			NOT_EVALUATED_consensus_calls_only
ENSG00000211837	TRAJ53	INCONSISTENT	REPRESSED	INC→REP			NOT_EVALUATED_consensus_calls_only
ENSG00000211838	TRAJ52	INCONSISTENT	REPRESSED	INC→REP			NOT_EVALUATED_consensus_calls_only
ENSG00000211845	TRAJ44	INCONSISTENT	REPRESSED	INC→REP			NOT_EVALUATED_consensus_calls_only
ENSG00000211846	TRAJ43	INCONSISTENT	REPRESSED	INC→REP			NOT_EVALUATED_consensus_calls_only
ENSG00000211847	TRAJ42	INCONSISTENT	REPRESSED	INC→REP			NOT_EVALUATED_consensus_calls_only
ENSG00000211848	TRAJ41	INCONSISTENT	REPRESSED	INC→REP			NOT_EVALUATED_consensus_calls_only
ENSG00000211849	TRAJ40	INCONSISTENT	REPRESSED	INC→REP			NOT_EVALUATED_consensus_calls_only
ENSG00000211850	TRAJ39	INCONSISTENT	REPRESSED	INC→REP			NOT_EVALUATED_consensus_calls_only
ENSG00000211851	TRAJ38	INCONSISTENT	REPRESSED	INC→REP			NOT_EVALUATED_consensus_calls_only
ENSG00000212127	TAS2R14	SIMPLE_AND	INCONSISTENT	AND→INC			NOT_EVALUATED_consensus_calls_only
ENSG00000212232	SNORD17	COMPLEX	SIMPLE_AND	CPX→AND			NOT_EVALUATED_consensus_calls_only
ENSG00000212257	RNU6-1176P	REPRESSED	INCONSISTENT	REP→INC			NOT_EVALUATED_consensus_calls_only
ENSG00000212279		COMPLEX	INCONSISTENT	CPX→INC			NOT_EVALUATED_consensus_calls_only
ENSG00000212297	RNU6-821P	REPRESSED	INCONSISTENT	REP→INC			NOT_EVALUATED_consensus_calls_only
ENSG00000212304	SNORD12	COMPLEX	INCONSISTENT	CPX→INC			NOT_EVALUATED_consensus_calls_only
ENSG00000212558		INCONSISTENT	REPRESSED	INC→REP			NOT_EVALUATED_consensus_calls_only
ENSG00000212571	RNA5SP482	INCONSISTENT	REPRESSED	INC→REP			NOT_EVALUATED_consensus_calls_only
ENSG00000212588	SNORA26	INCONSISTENT	SIMPLE_AND	INC→AND			NOT_EVALUATED_consensus_calls_only
ENSG00000212607	SNORA3B	INCONSISTENT	SIMPLE_AND	INC→AND			NOT_EVALUATED_consensus_calls_only
ENSG00000212694	LINC01089	SIMPLE_AND	INCONSISTENT	AND→INC			NOT_EVALUATED_consensus_calls_only
ENSG00000212743	LINC02656	SIMPLE_OR	REPRESSED	OR→REP			NOT_EVALUATED_consensus_calls_only
ENSG00000212766	EWSAT1	INCONSISTENT	BIVALENT	INC→BIV			NOT_EVALUATED_consensus_calls_only
ENSG00000212916	MAP10	SIMPLE_AND	INCONSISTENT	AND→INC			NOT_EVALUATED_consensus_calls_only
ENSG00000213020	ZNF611	SIMPLE_AND	COMPLEX	AND→CPX			NOT_EVALUATED_consensus_calls_only
ENSG00000213023	SYT3	REPRESSED	BIVALENT	REP→BIV			NOT_EVALUATED_consensus_calls_only
ENSG00000213047	DENND1B	SIMPLE_AND	INCONSISTENT	AND→INC			NOT_EVALUATED_consensus_calls_only
ENSG00000213057	C1orf220	SIMPLE_AND	INCONSISTENT	AND→INC			NOT_EVALUATED_consensus_calls_only
ENSG00000213062		SIMPLE_AND	INCONSISTENT	AND→INC			NOT_EVALUATED_consensus_calls_only
ENSG00000213123	DYNLT2B	SIMPLE_AND	INCONSISTENT	AND→INC			NOT_EVALUATED_consensus_calls_only
ENSG00000213185	FAM24B	SIMPLE_AND	INCONSISTENT	AND→INC			NOT_EVALUATED_consensus_calls_only
ENSG00000213190	MLLT11	SIMPLE_AND	INCONSISTENT	AND→INC			NOT_EVALUATED_consensus_calls_only
ENSG00000213221	DNLZ	SIMPLE_AND	INCONSISTENT	AND→INC			NOT_EVALUATED_consensus_calls_only
ENSG00000213347	MXD3	SIMPLE_AND	INCONSISTENT	AND→INC			NOT_EVALUATED_consensus_calls_only
ENSG00000213358		COMPLEX	INCONSISTENT	CPX→INC			NOT_EVALUATED_consensus_calls_only
ENSG00000213366	GSTM2	SIMPLE_OR	INCONSISTENT	OR→INC			NOT_EVALUATED_consensus_calls_only
ENSG00000213402	PTPRCAP	SIMPLE_AND	INCONSISTENT	AND→INC			NOT_EVALUATED_consensus_calls_only
ENSG00000213420	GPC2	SIMPLE_OR	INCONSISTENT	OR→INC			NOT_EVALUATED_consensus_calls_only
ENSG00000213424	KRT222	BIVALENT	INCONSISTENT	BIV→INC			NOT_EVALUATED_consensus_calls_only
ENSG00000213463	SYNJ2BP	SIMPLE_AND	INCONSISTENT	AND→INC			NOT_EVALUATED_consensus_calls_only
ENSG00000213471	TTLL13	BIVALENT	INCONSISTENT	BIV→INC			NOT_EVALUATED_consensus_calls_only
ENSG00000213500	LAP3P2	INCONSISTENT	REPRESSED	INC→REP			NOT_EVALUATED_consensus_calls_only
ENSG00000213516	RBMXL1	SIMPLE_AND	INCONSISTENT	AND→INC			NOT_EVALUATED_consensus_calls_only
ENSG00000213533	STIMATE	SIMPLE_AND	INCONSISTENT	AND→INC			NOT_EVALUATED_consensus_calls_only
ENSG00000213563	C8orf82	COMPLEX	INCONSISTENT	CPX→INC			NOT_EVALUATED_consensus_calls_only
ENSG00000213593	TMX2	COMPLEX	SIMPLE_AND	CPX→AND			NOT_EVALUATED_consensus_calls_only
ENSG00000213600		SIMPLE_AND	INCONSISTENT	AND→INC			NOT_EVALUATED_consensus_calls_only
ENSG00000213638	ADAT3	SIMPLE_AND	INCONSISTENT	AND→INC			NOT_EVALUATED_consensus_calls_only
ENSG00000213654	GPSM3	COMPLEX	SIMPLE_AND	CPX→AND			NOT_EVALUATED_consensus_calls_only
ENSG00000213689	TREX1	SIMPLE_AND	INCONSISTENT	AND→INC			NOT_EVALUATED_consensus_calls_only
ENSG00000213694	S1PR3	REPRESSED	INCONSISTENT	REP→INC			NOT_EVALUATED_consensus_calls_only
ENSG00000213716	FABP5P5	COMPLEX	INCONSISTENT	CPX→INC			NOT_EVALUATED_consensus_calls_only
ENSG00000213722	DDAH2	SIMPLE_AND	INCONSISTENT	AND→INC			NOT_EVALUATED_consensus_calls_only
ENSG00000213742	ZNF337-AS1	SIMPLE_AND	INCONSISTENT	AND→INC			NOT_EVALUATED_consensus_calls_only
ENSG00000213750		INCONSISTENT	REPRESSED	INC→REP			NOT_EVALUATED_consensus_calls_only
ENSG00000213753	CENPBD2P	SIMPLE_AND	INCONSISTENT	AND→INC			NOT_EVALUATED_consensus_calls_only
ENSG00000213760	ATP6V1G2	SIMPLE_AND	INCONSISTENT	AND→INC			NOT_EVALUATED_consensus_calls_only
ENSG00000213780	GTF2H4	COMPLEX	SIMPLE_AND	CPX→AND			NOT_EVALUATED_consensus_calls_only
ENSG00000213793	ZNF888	INCONSISTENT	SIMPLE_AND	INC→AND			NOT_EVALUATED_consensus_calls_only
ENSG00000213799	ZNF845	SIMPLE_AND	INCONSISTENT	AND→INC			NOT_EVALUATED_consensus_calls_only
ENSG00000213801	ZNF321P	SIMPLE_AND	INCONSISTENT	AND→INC			NOT_EVALUATED_consensus_calls_only
ENSG00000213853	EMP2	BIVALENT	INCONSISTENT	BIV→INC			NOT_EVALUATED_consensus_calls_only
ENSG00000213859	KCTD11	SIMPLE_AND	INCONSISTENT	AND→INC			NOT_EVALUATED_consensus_calls_only
ENSG00000213888	LINC01521	SIMPLE_AND	INCONSISTENT	AND→INC			NOT_EVALUATED_consensus_calls_only
ENSG00000213904	LIPE-AS1	SIMPLE_AND	INCONSISTENT	AND→INC			NOT_EVALUATED_consensus_calls_only
ENSG00000213918	DNASE1	SIMPLE_AND	INCONSISTENT	AND→INC			NOT_EVALUATED_consensus_calls_only
ENSG00000213920	MDP1	SIMPLE_AND	INCONSISTENT	AND→INC			NOT_EVALUATED_consensus_calls_only
ENSG00000213928	IRF9	SIMPLE_AND	INCONSISTENT	AND→INC			NOT_EVALUATED_consensus_calls_only
ENSG00000213930	GALT	SIMPLE_AND	INCONSISTENT	AND→INC			NOT_EVALUATED_consensus_calls_only
ENSG00000213963		SIMPLE_AND	INCONSISTENT	AND→INC			NOT_EVALUATED_consensus_calls_only
ENSG00000213967	ZNF726	SIMPLE_AND	INCONSISTENT	AND→INC			NOT_EVALUATED_consensus_calls_only
ENSG00000213995	NAXD	SIMPLE_AND	INCONSISTENT	AND→INC			NOT_EVALUATED_consensus_calls_only
ENSG00000213999	MEF2B	SIMPLE_AND	INCONSISTENT	AND→INC			NOT_EVALUATED_consensus_calls_only
ENSG00000214015	RPL32P23	INCONSISTENT	REPRESSED	INC→REP			NOT_EVALUATED_consensus_calls_only
ENSG00000214029	ZNF891	SIMPLE_AND	INCONSISTENT	AND→INC			NOT_EVALUATED_consensus_calls_only
ENSG00000214050	FBXO16	SIMPLE_AND	BIVALENT	AND→BIV			NOT_EVALUATED_consensus_calls_only
ENSG00000214077	GNAQP1	REPRESSED	BIVALENT	REP→BIV			NOT_EVALUATED_consensus_calls_only
ENSG00000214087	ARL16	SIMPLE_AND	INCONSISTENT	AND→INC			NOT_EVALUATED_consensus_calls_only
ENSG00000214106	PAXIP1-AS2	SIMPLE_AND	INCONSISTENT	AND→INC			NOT_EVALUATED_consensus_calls_only
ENSG00000214114	MYCBP	COMPLEX	SIMPLE_AND	CPX→AND			NOT_EVALUATED_consensus_calls_only
ENSG00000214135	SDHAP4	SIMPLE_AND	INCONSISTENT	AND→INC			NOT_EVALUATED_consensus_calls_only
ENSG00000214140	PRCD	SIMPLE_AND	INCONSISTENT	AND→INC			NOT_EVALUATED_consensus_calls_only
ENSG00000214174	AMZ2P1	SIMPLE_AND	INCONSISTENT	AND→INC			NOT_EVALUATED_consensus_calls_only
ENSG00000214184	GCC2-AS1	SIMPLE_AND	INCONSISTENT	AND→INC			NOT_EVALUATED_consensus_calls_only
ENSG00000214188	ST7-OT4	SIMPLE_AND	INCONSISTENT	AND→INC			NOT_EVALUATED_consensus_calls_only
ENSG00000214193	SH3D21	SIMPLE_AND	INCONSISTENT	AND→INC			NOT_EVALUATED_consensus_calls_only
ENSG00000214198	TTC41P	SIMPLE_AND	INCONSISTENT	AND→INC			NOT_EVALUATED_consensus_calls_only
ENSG00000214248		SIMPLE_AND	INCONSISTENT	AND→INC			NOT_EVALUATED_consensus_calls_only
ENSG00000214274	ANG	SIMPLE_AND	INCONSISTENT	AND→INC			NOT_EVALUATED_consensus_calls_only
ENSG00000214278		INCONSISTENT	REPRESSED	INC→REP			NOT_EVALUATED_consensus_calls_only
ENSG00000214290	POU2AF3	INCONSISTENT	REPRESSED	INC→REP			NOT_EVALUATED_consensus_calls_only
ENSG00000214293	APTR	COMPLEX	INCONSISTENT	CPX→INC			NOT_EVALUATED_consensus_calls_only
ENSG00000214309	MBLAC1	SIMPLE_AND	INCONSISTENT	AND→INC			NOT_EVALUATED_consensus_calls_only
ENSG00000214367	HAUS3	SIMPLE_AND	INCONSISTENT	AND→INC			NOT_EVALUATED_consensus_calls_only
ENSG00000214376	VSTM5	REPRESSED	INCONSISTENT	REP→INC			NOT_EVALUATED_consensus_calls_only
ENSG00000214413	BBIP1	SIMPLE_AND	INCONSISTENT	AND→INC			NOT_EVALUATED_consensus_calls_only
ENSG00000214456	PLIN5	REPRESSED	INCONSISTENT	REP→INC			NOT_EVALUATED_consensus_calls_only
ENSG00000214546		BIVALENT	INCONSISTENT	BIV→INC			NOT_EVALUATED_consensus_calls_only
ENSG00000214575	CPEB1	BIVALENT	SIMPLE_AND	BIV→AND			NOT_EVALUATED_consensus_calls_only
ENSG00000214711	CAPN14	SIMPLE_OR	REPRESSED	OR→REP			NOT_EVALUATED_consensus_calls_only
ENSG00000214765	SEPTIN7P2	SIMPLE_OR	INCONSISTENT	OR→INC			NOT_EVALUATED_consensus_calls_only
ENSG00000214770		SIMPLE_AND	INCONSISTENT	AND→INC			NOT_EVALUATED_consensus_calls_only
ENSG00000214783	POLR2J4	SIMPLE_AND	INCONSISTENT	AND→INC			NOT_EVALUATED_consensus_calls_only
ENSG00000214796	TUBA5P	BIVALENT	INCONSISTENT	BIV→INC			NOT_EVALUATED_consensus_calls_only
ENSG00000214826	DDX12P	SIMPLE_AND	INCONSISTENT	AND→INC			NOT_EVALUATED_consensus_calls_only
ENSG00000214870	LINC02981	BIVALENT	INCONSISTENT	BIV→INC			NOT_EVALUATED_consensus_calls_only
ENSG00000214875	MED28P1	SIMPLE_AND	INCONSISTENT	AND→INC			NOT_EVALUATED_consensus_calls_only
ENSG00000214919		BIVALENT	INCONSISTENT	BIV→INC			NOT_EVALUATED_consensus_calls_only
ENSG00000214922	HLA-F-AS1	SIMPLE_OR	INCONSISTENT	OR→INC			NOT_EVALUATED_consensus_calls_only
ENSG00000214944	ARHGEF28	SIMPLE_OR	REPRESSED	OR→REP			NOT_EVALUATED_consensus_calls_only
ENSG00000215009	ACSM4	REPRESSED	INCONSISTENT	REP→INC			NOT_EVALUATED_consensus_calls_only
ENSG00000215039	CD27-AS1	SIMPLE_AND	INCONSISTENT	AND→INC			NOT_EVALUATED_consensus_calls_only
ENSG00000215067	ALOX12-AS1	SIMPLE_AND	INCONSISTENT	AND→INC			NOT_EVALUATED_consensus_calls_only
ENSG00000215068	ANXA2R-AS1	SIMPLE_AND	INCONSISTENT	AND→INC			NOT_EVALUATED_consensus_calls_only
ENSG00000215114	UBXN2B	SIMPLE_AND	INCONSISTENT	AND→INC			NOT_EVALUATED_consensus_calls_only
ENSG00000215154		SIMPLE_AND	INCONSISTENT	AND→INC			NOT_EVALUATED_consensus_calls_only
ENSG00000215190	LINC00680	SIMPLE_OR	INCONSISTENT	OR→INC			NOT_EVALUATED_consensus_calls_only
ENSG00000215256	DHRS4-AS1	SIMPLE_AND	INCONSISTENT	AND→INC			NOT_EVALUATED_consensus_calls_only
ENSG00000215375	MYL5	SIMPLE_AND	INCONSISTENT	AND→INC			NOT_EVALUATED_consensus_calls_only
ENSG00000215397	SCRT2	REPRESSED	INCONSISTENT	REP→INC			NOT_EVALUATED_consensus_calls_only
ENSG00000215421	ZNF407	SIMPLE_AND	INCONSISTENT	AND→INC			NOT_EVALUATED_consensus_calls_only
ENSG00000215458	AATBC	SIMPLE_OR	INCONSISTENT	OR→INC			NOT_EVALUATED_consensus_calls_only
ENSG00000215472	RPL17-C18orf32	INCONSISTENT	SIMPLE_AND	INC→AND			NOT_EVALUATED_consensus_calls_only
ENSG00000215712	TMEM242	SIMPLE_AND	INCONSISTENT	AND→INC			NOT_EVALUATED_consensus_calls_only
ENSG00000215717	TMEM167B	COMPLEX	SIMPLE_AND	CPX→AND			NOT_EVALUATED_consensus_calls_only
ENSG00000215837	SDHAP2	SIMPLE_OR	INCONSISTENT	OR→INC			NOT_EVALUATED_consensus_calls_only
ENSG00000215883	CYB5RL	SIMPLE_AND	INCONSISTENT	AND→INC			NOT_EVALUATED_consensus_calls_only
ENSG00000216306	KRT19P2	INCONSISTENT	REPRESSED	INC→REP			NOT_EVALUATED_consensus_calls_only
ENSG00000216775		SIMPLE_AND	INCONSISTENT	AND→INC			NOT_EVALUATED_consensus_calls_only
ENSG00000216895	RBM33-DT	SIMPLE_AND	INCONSISTENT	AND→INC			NOT_EVALUATED_consensus_calls_only
ENSG00000216937	CCDC7	SIMPLE_AND	INCONSISTENT	AND→INC			NOT_EVALUATED_consensus_calls_only
ENSG00000217442	SYCE3	INCONSISTENT	BIVALENT	INC→BIV			NOT_EVALUATED_consensus_calls_only
ENSG00000217527	RPS16P5	SIMPLE_AND	INCONSISTENT	AND→INC			NOT_EVALUATED_consensus_calls_only
ENSG00000217643	PTGES3P2	SIMPLE_AND	INCONSISTENT	AND→INC			NOT_EVALUATED_consensus_calls_only
ENSG00000217801		SIMPLE_AND	INCONSISTENT	AND→INC			NOT_EVALUATED_consensus_calls_only
ENSG00000218510	LINC00339	SIMPLE_AND	INCONSISTENT	AND→INC			NOT_EVALUATED_consensus_calls_only
ENSG00000218891	ZNF579	SIMPLE_AND	INCONSISTENT	AND→INC			NOT_EVALUATED_consensus_calls_only
ENSG00000219188	CACYBPP3	INCONSISTENT	REPRESSED	INC→REP			NOT_EVALUATED_consensus_calls_only
ENSG00000219435	CATSPERZ	REPRESSED	BIVALENT	REP→BIV			NOT_EVALUATED_consensus_calls_only
ENSG00000219481	NBPF1	BIVALENT	SIMPLE_AND	BIV→AND			NOT_EVALUATED_consensus_calls_only
ENSG00000219545	UMAD1	SIMPLE_AND	INCONSISTENT	AND→INC			NOT_EVALUATED_consensus_calls_only
ENSG00000219607	PPP1R3G	BIVALENT	INCONSISTENT	BIV→INC			NOT_EVALUATED_consensus_calls_only
ENSG00000219626	FAM228B	SIMPLE_AND	INCONSISTENT	AND→INC			NOT_EVALUATED_consensus_calls_only
ENSG00000219665	ZNF433-AS1	SIMPLE_AND	INCONSISTENT	AND→INC			NOT_EVALUATED_consensus_calls_only
ENSG00000219992		BIVALENT	INCONSISTENT	BIV→INC			NOT_EVALUATED_consensus_calls_only
ENSG00000220008	LINGO3	REPRESSED	INCONSISTENT	REP→INC			NOT_EVALUATED_consensus_calls_only
ENSG00000220205	VAMP2	SIMPLE_AND	INCONSISTENT	AND→INC			NOT_EVALUATED_consensus_calls_only
ENSG00000220323	H2BC19P	SIMPLE_AND	INCONSISTENT	AND→INC			NOT_EVALUATED_consensus_calls_only
ENSG00000220586	TUBBP9	BIVALENT	INCONSISTENT	BIV→INC			NOT_EVALUATED_consensus_calls_only
ENSG00000221102	SNORA11B	COMPLEX	SIMPLE_OR	CPX→OR			NOT_EVALUATED_consensus_calls_only
ENSG00000221264	MIR1284	REPRESSED	INCONSISTENT	REP→INC			NOT_EVALUATED_consensus_calls_only
ENSG00000221420	SNORA81	COMPLEX	SIMPLE_AND	CPX→AND			NOT_EVALUATED_consensus_calls_only
ENSG00000221539	SNORD99	COMPLEX	INCONSISTENT	CPX→INC			NOT_EVALUATED_consensus_calls_only
ENSG00000221817	PPP3CB-AS1	SIMPLE_AND	INCONSISTENT	AND→INC			NOT_EVALUATED_consensus_calls_only
ENSG00000221823	PPP3R1	SIMPLE_OR	SIMPLE_AND	OR→AND			NOT_EVALUATED_consensus_calls_only
ENSG00000221883	ARIH2OS	SIMPLE_AND	INCONSISTENT	AND→INC			NOT_EVALUATED_consensus_calls_only
ENSG00000221886	ZBED8	SIMPLE_AND	INCONSISTENT	AND→INC			NOT_EVALUATED_consensus_calls_only
ENSG00000221890	NPTXR	REPRESSED	INCONSISTENT	REP→INC			NOT_EVALUATED_consensus_calls_only
ENSG00000221909	FAM200A	SIMPLE_AND	INCONSISTENT	AND→INC			NOT_EVALUATED_consensus_calls_only
ENSG00000221916	C19orf73	BIVALENT	INCONSISTENT	BIV→INC			NOT_EVALUATED_consensus_calls_only
ENSG00000221926	TRIM16	SIMPLE_OR	SIMPLE_AND	OR→AND			NOT_EVALUATED_consensus_calls_only
ENSG00000221944	TIGD1	SIMPLE_AND	INCONSISTENT	AND→INC			NOT_EVALUATED_consensus_calls_only
ENSG00000221946	FXYD7	BIVALENT	INCONSISTENT	BIV→INC			NOT_EVALUATED_consensus_calls_only
ENSG00000221947	XKR9	SIMPLE_AND	INCONSISTENT	AND→INC			NOT_EVALUATED_consensus_calls_only
ENSG00000221949	LINC01465	SIMPLE_AND	INCONSISTENT	AND→INC			NOT_EVALUATED_consensus_calls_only
ENSG00000221953	LINC02897	REPRESSED	INCONSISTENT	REP→INC			NOT_EVALUATED_consensus_calls_only
ENSG00000221963	APOL6	SIMPLE_AND	INCONSISTENT	AND→INC			NOT_EVALUATED_consensus_calls_only
ENSG00000221968	FADS3	SIMPLE_OR	SIMPLE_AND	OR→AND			NOT_EVALUATED_consensus_calls_only
ENSG00000221988	PPT2	BIVALENT	SIMPLE_AND	BIV→AND			NOT_EVALUATED_consensus_calls_only
ENSG00000221990	EXOC3-AS1	SIMPLE_AND	INCONSISTENT	AND→INC			NOT_EVALUATED_consensus_calls_only
ENSG00000221994	ZNF630	SIMPLE_AND	INCONSISTENT	AND→INC			NOT_EVALUATED_consensus_calls_only
ENSG00000222005	LINC01118	COMPLEX	INCONSISTENT	CPX→INC			NOT_EVALUATED_consensus_calls_only
ENSG00000222009	BTBD19	SIMPLE_OR	INCONSISTENT	OR→INC			NOT_EVALUATED_consensus_calls_only
ENSG00000222011	FAM185A	SIMPLE_OR	INCONSISTENT	OR→INC			NOT_EVALUATED_consensus_calls_only
ENSG00000222033	LINC01124	BIVALENT	COMPLEX	BIV→CPX			NOT_EVALUATED_consensus_calls_only
ENSG00000222071	MIR1915	BIVALENT	INCONSISTENT	BIV→INC			NOT_EVALUATED_consensus_calls_only
ENSG00000222328	RNU2-2P	INCONSISTENT	SIMPLE_AND	INC→AND			NOT_EVALUATED_consensus_calls_only
ENSG00000222365	SNORD12B	COMPLEX	INCONSISTENT	CPX→INC			NOT_EVALUATED_consensus_calls_only
ENSG00000222724	RNU2-63P	INCONSISTENT	SIMPLE_AND	INC→AND			NOT_EVALUATED_consensus_calls_only
ENSG00000223262	RNA5SP492	INCONSISTENT	REPRESSED	INC→REP			NOT_EVALUATED_consensus_calls_only
ENSG00000223302	Y_RNA	BIVALENT	INCONSISTENT	BIV→INC			NOT_EVALUATED_consensus_calls_only
ENSG00000223382	LINC01778	REPRESSED	INCONSISTENT	REP→INC			NOT_EVALUATED_consensus_calls_only
ENSG00000223393		BIVALENT	INCONSISTENT	BIV→INC			NOT_EVALUATED_consensus_calls_only
ENSG00000223466	LINC01825	COMPLEX	INCONSISTENT	CPX→INC			NOT_EVALUATED_consensus_calls_only
ENSG00000223478	ZDHHC12-DT	SIMPLE_AND	INCONSISTENT	AND→INC			NOT_EVALUATED_consensus_calls_only
ENSG00000223482	NUTM2A-AS1	SIMPLE_OR	SIMPLE_AND	OR→AND			NOT_EVALUATED_consensus_calls_only
ENSG00000223489	NEFHP1	COMPLEX	REPRESSED	CPX→REP			NOT_EVALUATED_consensus_calls_only
ENSG00000223546	LINC00630	SIMPLE_AND	INCONSISTENT	AND→INC			NOT_EVALUATED_consensus_calls_only
ENSG00000223551	TMSB4XP4	SIMPLE_AND	INCONSISTENT	AND→INC			NOT_EVALUATED_consensus_calls_only
ENSG00000223553	SMPD4P1	INCONSISTENT	REPRESSED	INC→REP			NOT_EVALUATED_consensus_calls_only
ENSG00000223587	LINC01986	REPRESSED	INCONSISTENT	REP→INC			NOT_EVALUATED_consensus_calls_only
ENSG00000223685	LINC00571	SIMPLE_AND	INCONSISTENT	AND→INC			NOT_EVALUATED_consensus_calls_only
ENSG00000223695	MYH9-DT	SIMPLE_AND	INCONSISTENT	AND→INC			NOT_EVALUATED_consensus_calls_only
ENSG00000223725		SIMPLE_AND	INCONSISTENT	AND→INC			NOT_EVALUATED_consensus_calls_only
ENSG00000223745	CCDC18-AS1	SIMPLE_AND	INCONSISTENT	AND→INC			NOT_EVALUATED_consensus_calls_only
ENSG00000223773	CD99P1	SIMPLE_AND	INCONSISTENT	AND→INC			NOT_EVALUATED_consensus_calls_only
ENSG00000223797	ENTPD3-AS1	SIMPLE_AND	INCONSISTENT	AND→INC			NOT_EVALUATED_consensus_calls_only
ENSG00000223802	CERS1	REPRESSED	INCONSISTENT	REP→INC			NOT_EVALUATED_consensus_calls_only
ENSG00000223804		SIMPLE_OR	INCONSISTENT	OR→INC			NOT_EVALUATED_consensus_calls_only
ENSG00000223812	PYDC2-AS1	REPRESSED	INCONSISTENT	REP→INC			NOT_EVALUATED_consensus_calls_only
ENSG00000223855	PDGFA-DT	BIVALENT	INCONSISTENT	BIV→INC			NOT_EVALUATED_consensus_calls_only
ENSG00000223881		COMPLEX	INCONSISTENT	CPX→INC			NOT_EVALUATED_consensus_calls_only
ENSG00000223935	LGALSL-DT	SIMPLE_OR	BIVALENT	OR→BIV			NOT_EVALUATED_consensus_calls_only
ENSG00000223953	C1QTNF5	REPRESSED	INCONSISTENT	REP→INC			NOT_EVALUATED_consensus_calls_only
ENSG00000223959	AFG3L1P	SIMPLE_AND	INCONSISTENT	AND→INC			NOT_EVALUATED_consensus_calls_only
ENSG00000223960	CHROMR	SIMPLE_AND	INCONSISTENT	AND→INC			NOT_EVALUATED_consensus_calls_only
ENSG00000223969		SIMPLE_AND	INCONSISTENT	AND→INC			NOT_EVALUATED_consensus_calls_only
ENSG00000224020	MIR181A2HG	SIMPLE_AND	INCONSISTENT	AND→INC			NOT_EVALUATED_consensus_calls_only
ENSG00000224023	EDRF1-DT	SIMPLE_AND	INCONSISTENT	AND→INC			NOT_EVALUATED_consensus_calls_only
ENSG00000224032	EPB41L4A-AS1	SIMPLE_AND	INCONSISTENT	AND→INC			NOT_EVALUATED_consensus_calls_only
ENSG00000224043	CCNT2-AS1	COMPLEX	INCONSISTENT	CPX→INC			NOT_EVALUATED_consensus_calls_only
ENSG00000224066		SIMPLE_AND	INCONSISTENT	AND→INC			NOT_EVALUATED_consensus_calls_only
ENSG00000224090		REPRESSED	INCONSISTENT	REP→INC			NOT_EVALUATED_consensus_calls_only
ENSG00000224152	BAZ2B-AS1	SIMPLE_AND	INCONSISTENT	AND→INC			NOT_EVALUATED_consensus_calls_only
ENSG00000224163		INCONSISTENT	REPRESSED	INC→REP			NOT_EVALUATED_consensus_calls_only
ENSG00000224186	PITX1-AS1	BIVALENT	INCONSISTENT	BIV→INC			NOT_EVALUATED_consensus_calls_only
ENSG00000224189	HAGLR	REPRESSED	BIVALENT	REP→BIV			NOT_EVALUATED_consensus_calls_only
ENSG00000224209	LINC00466	BIVALENT	INCONSISTENT	BIV→INC			NOT_EVALUATED_consensus_calls_only
ENSG00000224277		REPRESSED	INCONSISTENT	REP→INC			NOT_EVALUATED_consensus_calls_only
ENSG00000224281	SLC25A5-AS1	SIMPLE_AND	INCONSISTENT	AND→INC			NOT_EVALUATED_consensus_calls_only
ENSG00000224287	MSL3P1	SIMPLE_AND	INCONSISTENT	AND→INC			NOT_EVALUATED_consensus_calls_only
ENSG00000224340		COMPLEX	INCONSISTENT	CPX→INC			NOT_EVALUATED_consensus_calls_only
ENSG00000224356		SIMPLE_AND	INCONSISTENT	AND→INC			NOT_EVALUATED_consensus_calls_only
ENSG00000224358	TMCO1-AS1	SIMPLE_AND	INCONSISTENT	AND→INC			NOT_EVALUATED_consensus_calls_only
ENSG00000224383	PRR29	BIVALENT	INCONSISTENT	BIV→INC			NOT_EVALUATED_consensus_calls_only
ENSG00000224418	STK24-AS1	SIMPLE_AND	INCONSISTENT	AND→INC			NOT_EVALUATED_consensus_calls_only
ENSG00000224424	PRKAR2A-AS1	SIMPLE_AND	INCONSISTENT	AND→INC			NOT_EVALUATED_consensus_calls_only
ENSG00000224470	ATXN1L	SIMPLE_AND	INCONSISTENT	AND→INC			NOT_EVALUATED_consensus_calls_only
ENSG00000224505	HEXIM2-AS1	SIMPLE_AND	INCONSISTENT	AND→INC			NOT_EVALUATED_consensus_calls_only
ENSG00000224531	SMIM13	SIMPLE_AND	INCONSISTENT	AND→INC			NOT_EVALUATED_consensus_calls_only
ENSG00000224536	CSRP1-AS1	SIMPLE_AND	INCONSISTENT	AND→INC			NOT_EVALUATED_consensus_calls_only
ENSG00000224616	RTCA-AS1	SIMPLE_AND	COMPLEX	AND→CPX			NOT_EVALUATED_consensus_calls_only
ENSG00000224648	LINC01627	INCONSISTENT	COMPLEX	INC→CPX			NOT_EVALUATED_consensus_calls_only
ENSG00000224666	ETV7-AS1	INCONSISTENT	BIVALENT	INC→BIV			NOT_EVALUATED_consensus_calls_only
ENSG00000224687	RASAL2-AS1	BIVALENT	INCONSISTENT	BIV→INC			NOT_EVALUATED_consensus_calls_only
ENSG00000224699	LAMTOR5-AS1	SIMPLE_AND	SIMPLE_OR	AND→OR			NOT_EVALUATED_consensus_calls_only
ENSG00000224713		REPRESSED	INCONSISTENT	REP→INC			NOT_EVALUATED_consensus_calls_only
ENSG00000224717	LEMD1-DT	REPRESSED	BIVALENT	REP→BIV			NOT_EVALUATED_consensus_calls_only
ENSG00000224729	PCOLCE-AS1	BIVALENT	INCONSISTENT	BIV→INC			NOT_EVALUATED_consensus_calls_only
ENSG00000224738		SIMPLE_AND	INCONSISTENT	AND→INC			NOT_EVALUATED_consensus_calls_only
ENSG00000224796	RPL32P1	SIMPLE_AND	REPRESSED	AND→REP			NOT_EVALUATED_consensus_calls_only
ENSG00000224812	TMEM72-AS1	SIMPLE_AND	INCONSISTENT	AND→INC			NOT_EVALUATED_consensus_calls_only
ENSG00000224825	RORB-AS1	BIVALENT	INCONSISTENT	BIV→INC			NOT_EVALUATED_consensus_calls_only
ENSG00000224830	OR2X1P	SIMPLE_OR	INCONSISTENT	OR→INC			NOT_EVALUATED_consensus_calls_only
ENSG00000224843	LINC00240	SIMPLE_AND	INCONSISTENT	AND→INC			NOT_EVALUATED_consensus_calls_only
ENSG00000224856	RPL35AP36	SIMPLE_AND	INCONSISTENT	AND→INC			NOT_EVALUATED_consensus_calls_only
ENSG00000224892	RPS4XP16	SIMPLE_AND	INCONSISTENT	AND→INC			NOT_EVALUATED_consensus_calls_only
ENSG00000224895	VPS26BP1	SIMPLE_OR	INCONSISTENT	OR→INC			NOT_EVALUATED_consensus_calls_only
ENSG00000224897	POT1-AS1	SIMPLE_AND	INCONSISTENT	AND→INC			NOT_EVALUATED_consensus_calls_only
ENSG00000224905		SIMPLE_AND	INCONSISTENT	AND→INC			NOT_EVALUATED_consensus_calls_only
ENSG00000224914	LINC00863	SIMPLE_OR	INCONSISTENT	OR→INC			NOT_EVALUATED_consensus_calls_only
ENSG00000224934	GOT1-DT	SIMPLE_AND	INCONSISTENT	AND→INC			NOT_EVALUATED_consensus_calls_only
ENSG00000224936	SUCLA2P1	REPRESSED	BIVALENT	REP→BIV			NOT_EVALUATED_consensus_calls_only
ENSG00000224940	PRRT4	REPRESSED	BIVALENT	REP→BIV			NOT_EVALUATED_consensus_calls_only
ENSG00000224982	TMEM233	REPRESSED	BIVALENT	REP→BIV			NOT_EVALUATED_consensus_calls_only
ENSG00000224985		SIMPLE_AND	INCONSISTENT	AND→INC			NOT_EVALUATED_consensus_calls_only
ENSG00000225057		BIVALENT	INCONSISTENT	BIV→INC			NOT_EVALUATED_consensus_calls_only
ENSG00000225091	SNORA71A	INCONSISTENT	SIMPLE_OR	INC→OR			NOT_EVALUATED_consensus_calls_only
ENSG00000225138	SLC9A3-AS1	SIMPLE_AND	INCONSISTENT	AND→INC			NOT_EVALUATED_consensus_calls_only
ENSG00000225177	NHSL1-AS1	INCONSISTENT	BIVALENT	INC→BIV			NOT_EVALUATED_consensus_calls_only
ENSG00000225190	PLEKHM1	SIMPLE_OR	SIMPLE_AND	OR→AND			NOT_EVALUATED_consensus_calls_only
ENSG00000225205	PDK1-AS1	SIMPLE_AND	INCONSISTENT	AND→INC			NOT_EVALUATED_consensus_calls_only
ENSG00000225214		BIVALENT	REPRESSED	BIV→REP			NOT_EVALUATED_consensus_calls_only
ENSG00000225265	TAF1A-AS1	SIMPLE_AND	INCONSISTENT	AND→INC			NOT_EVALUATED_consensus_calls_only
ENSG00000225285	LINC01770	BIVALENT	INCONSISTENT	BIV→INC			NOT_EVALUATED_consensus_calls_only
ENSG00000225335		SIMPLE_AND	INCONSISTENT	AND→INC			NOT_EVALUATED_consensus_calls_only
ENSG00000225342	LRRK2-DT	BIVALENT	INCONSISTENT	BIV→INC			NOT_EVALUATED_consensus_calls_only
ENSG00000225359		INCONSISTENT	BIVALENT	INC→BIV			NOT_EVALUATED_consensus_calls_only
ENSG00000225361	PPP1R26-AS1	SIMPLE_OR	INCONSISTENT	OR→INC			NOT_EVALUATED_consensus_calls_only
ENSG00000225377	NRSN2-AS1	SIMPLE_AND	INCONSISTENT	AND→INC			NOT_EVALUATED_consensus_calls_only
ENSG00000225407		BIVALENT	INCONSISTENT	BIV→INC			NOT_EVALUATED_consensus_calls_only
ENSG00000225446	LINC01763	BIVALENT	INCONSISTENT	BIV→INC			NOT_EVALUATED_consensus_calls_only
ENSG00000225472	NFIB-AS1	REPRESSED	INCONSISTENT	REP→INC			NOT_EVALUATED_consensus_calls_only
ENSG00000225556	C2CD4D	BIVALENT	REPRESSED	BIV→REP			NOT_EVALUATED_consensus_calls_only
ENSG00000225606		REPRESSED	INCONSISTENT	REP→INC			NOT_EVALUATED_consensus_calls_only
ENSG00000225637		INCONSISTENT	REPRESSED	INC→REP			NOT_EVALUATED_consensus_calls_only
ENSG00000225670	CADM3-AS1	INCONSISTENT	REPRESSED	INC→REP			NOT_EVALUATED_consensus_calls_only
ENSG00000225727		COMPLEX	INCONSISTENT	CPX→INC			NOT_EVALUATED_consensus_calls_only
ENSG00000225774	SIRPAP1	REPRESSED	INCONSISTENT	REP→INC			NOT_EVALUATED_consensus_calls_only
ENSG00000225779		SIMPLE_OR	INCONSISTENT	OR→INC			NOT_EVALUATED_consensus_calls_only
ENSG00000225793	TMEM30A-DT	SIMPLE_AND	INCONSISTENT	AND→INC			NOT_EVALUATED_consensus_calls_only
ENSG00000225806		SIMPLE_AND	INCONSISTENT	AND→INC			NOT_EVALUATED_consensus_calls_only
ENSG00000225855	RUSC1-AS1	SIMPLE_AND	INCONSISTENT	AND→INC			NOT_EVALUATED_consensus_calls_only
ENSG00000225873	C3orf86P	INCONSISTENT	SIMPLE_AND	INC→AND			NOT_EVALUATED_consensus_calls_only
ENSG00000225880	LINC00115	SIMPLE_AND	INCONSISTENT	AND→INC			NOT_EVALUATED_consensus_calls_only
ENSG00000225886		SIMPLE_OR	INCONSISTENT	OR→INC			NOT_EVALUATED_consensus_calls_only
ENSG00000225889		COMPLEX	INCONSISTENT	CPX→INC			NOT_EVALUATED_consensus_calls_only
ENSG00000225914	TSBP1-AS1	SIMPLE_AND	INCONSISTENT	AND→INC			NOT_EVALUATED_consensus_calls_only
ENSG00000225953	SATB2-AS1	BIVALENT	INCONSISTENT	BIV→INC			NOT_EVALUATED_consensus_calls_only
ENSG00000225973	PIGBOS1	SIMPLE_AND	INCONSISTENT	AND→INC			NOT_EVALUATED_consensus_calls_only
ENSG00000225975	ZNF567-DT	SIMPLE_AND	INCONSISTENT	AND→INC			NOT_EVALUATED_consensus_calls_only
ENSG00000225979	ANKRD44-DT	INCONSISTENT	BIVALENT	INC→BIV			NOT_EVALUATED_consensus_calls_only
ENSG00000226026	RWDD3-DT	BIVALENT	INCONSISTENT	BIV→INC			NOT_EVALUATED_consensus_calls_only
ENSG00000226067	LINC00623	SIMPLE_OR	INCONSISTENT	OR→INC			NOT_EVALUATED_consensus_calls_only
ENSG00000226137	BAIAP2-DT	BIVALENT	INCONSISTENT	BIV→INC			NOT_EVALUATED_consensus_calls_only
ENSG00000226174	TEX22	SIMPLE_AND	COMPLEX	AND→CPX			NOT_EVALUATED_consensus_calls_only
ENSG00000226179	LINC00685	SIMPLE_AND	INCONSISTENT	AND→INC			NOT_EVALUATED_consensus_calls_only
ENSG00000226191	CLK3P2	INCONSISTENT	COMPLEX	INC→CPX			NOT_EVALUATED_consensus_calls_only
ENSG00000226200	SGMS1-AS1	SIMPLE_AND	INCONSISTENT	AND→INC			NOT_EVALUATED_consensus_calls_only
ENSG00000226237	GAS1RR	COMPLEX	INCONSISTENT	CPX→INC			NOT_EVALUATED_consensus_calls_only
ENSG00000226251	LINC02608	COMPLEX	INCONSISTENT	CPX→INC			NOT_EVALUATED_consensus_calls_only
ENSG00000226252		REPRESSED	INCONSISTENT	REP→INC			NOT_EVALUATED_consensus_calls_only
ENSG00000226266		SIMPLE_AND	INCONSISTENT	AND→INC			NOT_EVALUATED_consensus_calls_only
ENSG00000226287	TMEM191A	SIMPLE_OR	INCONSISTENT	OR→INC			NOT_EVALUATED_consensus_calls_only
ENSG00000226299	RPSAP62	REPRESSED	BIVALENT	REP→BIV			NOT_EVALUATED_consensus_calls_only
ENSG00000226310		SIMPLE_AND	INCONSISTENT	AND→INC			NOT_EVALUATED_consensus_calls_only
ENSG00000226314	ZKSCAN8P1	SIMPLE_OR	INCONSISTENT	OR→INC			NOT_EVALUATED_consensus_calls_only
ENSG00000226328	NUP50-DT	SIMPLE_AND	INCONSISTENT	AND→INC			NOT_EVALUATED_consensus_calls_only
ENSG00000226355		REPRESSED	INCONSISTENT	REP→INC			NOT_EVALUATED_consensus_calls_only
ENSG00000226419	SLC16A1-AS1	SIMPLE_AND	INCONSISTENT	AND→INC			NOT_EVALUATED_consensus_calls_only
ENSG00000226420	IGLV3-4	INCONSISTENT	REPRESSED	INC→REP			NOT_EVALUATED_consensus_calls_only
ENSG00000226435	ANKRD18DP	REPRESSED	INCONSISTENT	REP→INC			NOT_EVALUATED_consensus_calls_only
ENSG00000226471		SIMPLE_AND	INCONSISTENT	AND→INC			NOT_EVALUATED_consensus_calls_only
ENSG00000226479	TMEM185B	SIMPLE_AND	INCONSISTENT	AND→INC			NOT_EVALUATED_consensus_calls_only
ENSG00000226491	FTOP1	INCONSISTENT	REPRESSED	INC→REP			NOT_EVALUATED_consensus_calls_only
ENSG00000226501	USF1P1	SIMPLE_OR	REPRESSED	OR→REP			NOT_EVALUATED_consensus_calls_only
ENSG00000226508	LINC01918	INCONSISTENT	REPRESSED	INC→REP			NOT_EVALUATED_consensus_calls_only
ENSG00000226659	TSPAN14-AS1	SIMPLE_AND	INCONSISTENT	AND→INC			NOT_EVALUATED_consensus_calls_only
ENSG00000226662	CHMP1AP1	INCONSISTENT	REPRESSED	INC→REP			NOT_EVALUATED_consensus_calls_only
ENSG00000226664		INCONSISTENT	REPRESSED	INC→REP			NOT_EVALUATED_consensus_calls_only
ENSG00000226679		REPRESSED	INCONSISTENT	REP→INC			NOT_EVALUATED_consensus_calls_only
ENSG00000226711	FAM66C	SIMPLE_OR	INCONSISTENT	OR→INC			NOT_EVALUATED_consensus_calls_only
ENSG00000226757	PP12613	REPRESSED	BIVALENT	REP→BIV			NOT_EVALUATED_consensus_calls_only
ENSG00000226806	LCT-AS1	COMPLEX	REPRESSED	CPX→REP			NOT_EVALUATED_consensus_calls_only
ENSG00000226819	MEIS1-AS3	BIVALENT	INCONSISTENT	BIV→INC			NOT_EVALUATED_consensus_calls_only
ENSG00000226853	GPR155-DT	SIMPLE_AND	COMPLEX	AND→CPX			NOT_EVALUATED_consensus_calls_only
ENSG00000226856	THORLNC	INCONSISTENT	REPRESSED	INC→REP			NOT_EVALUATED_consensus_calls_only
ENSG00000226859	LINC02051	SIMPLE_OR	REPRESSED	OR→REP			NOT_EVALUATED_consensus_calls_only
ENSG00000226886		REPRESSED	BIVALENT	REP→BIV			NOT_EVALUATED_consensus_calls_only
ENSG00000226889	ATF6-DT	SIMPLE_AND	INCONSISTENT	AND→INC			NOT_EVALUATED_consensus_calls_only
ENSG00000226913	BSN-DT	BIVALENT	INCONSISTENT	BIV→INC			NOT_EVALUATED_consensus_calls_only
ENSG00000226945		INCONSISTENT	BIVALENT	INC→BIV			NOT_EVALUATED_consensus_calls_only
ENSG00000226963		REPRESSED	BIVALENT	REP→BIV			NOT_EVALUATED_consensus_calls_only
ENSG00000226984		REPRESSED	COMPLEX	REP→CPX			NOT_EVALUATED_consensus_calls_only
ENSG00000227051	C14orf132	INCONSISTENT	BIVALENT	INC→BIV			NOT_EVALUATED_consensus_calls_only
ENSG00000227060	LINC00629	BIVALENT	INCONSISTENT	BIV→INC			NOT_EVALUATED_consensus_calls_only
ENSG00000227124	ZNF717	SIMPLE_AND	INCONSISTENT	AND→INC			NOT_EVALUATED_consensus_calls_only
ENSG00000227165	WDR11-DT	SIMPLE_AND	INCONSISTENT	AND→INC			NOT_EVALUATED_consensus_calls_only
ENSG00000227175	BEND7-DT	REPRESSED	INCONSISTENT	REP→INC			NOT_EVALUATED_consensus_calls_only
ENSG00000227227		INCONSISTENT	BIVALENT	INC→BIV			NOT_EVALUATED_consensus_calls_only
ENSG00000227244	LINC00845	REPRESSED	INCONSISTENT	REP→INC			NOT_EVALUATED_consensus_calls_only
ENSG00000227252	COPS8-DT	SIMPLE_AND	INCONSISTENT	AND→INC			NOT_EVALUATED_consensus_calls_only
ENSG00000227268	KLLN	SIMPLE_AND	INCONSISTENT	AND→INC			NOT_EVALUATED_consensus_calls_only
ENSG00000227295	ELL2P1	REPRESSED	INCONSISTENT	REP→INC			NOT_EVALUATED_consensus_calls_only
ENSG00000227354	RBM26-AS1	SIMPLE_AND	INCONSISTENT	AND→INC			NOT_EVALUATED_consensus_calls_only
ENSG00000227355		COMPLEX	INCONSISTENT	CPX→INC			NOT_EVALUATED_consensus_calls_only
ENSG00000227356	GOLGA7B-DT	BIVALENT	INCONSISTENT	BIV→INC			NOT_EVALUATED_consensus_calls_only
ENSG00000227372	TP73-AS1	SIMPLE_OR	SIMPLE_AND	OR→AND			NOT_EVALUATED_consensus_calls_only
ENSG00000227432	ASIC4-AS1	REPRESSED	INCONSISTENT	REP→INC			NOT_EVALUATED_consensus_calls_only
ENSG00000227484		SIMPLE_AND	INCONSISTENT	AND→INC			NOT_EVALUATED_consensus_calls_only
ENSG00000227486		SIMPLE_AND	INCONSISTENT	AND→INC			NOT_EVALUATED_consensus_calls_only
ENSG00000227507	LTB	SIMPLE_AND	INCONSISTENT	AND→INC			NOT_EVALUATED_consensus_calls_only
ENSG00000227508	LINC01624	INCONSISTENT	REPRESSED	INC→REP			NOT_EVALUATED_consensus_calls_only
ENSG00000227533	SLC2A1-DT	SIMPLE_AND	INCONSISTENT	AND→INC			NOT_EVALUATED_consensus_calls_only
ENSG00000227540	DNAJC9-AS1	SIMPLE_AND	INCONSISTENT	AND→INC			NOT_EVALUATED_consensus_calls_only
ENSG00000227543	SPAG5-AS1	SIMPLE_AND	INCONSISTENT	AND→INC			NOT_EVALUATED_consensus_calls_only
ENSG00000227615		INCONSISTENT	SIMPLE_OR	INC→OR			NOT_EVALUATED_consensus_calls_only
ENSG00000227627		SIMPLE_AND	INCONSISTENT	AND→INC			NOT_EVALUATED_consensus_calls_only
ENSG00000227671	ZNF731P	COMPLEX	SIMPLE_AND	CPX→AND			NOT_EVALUATED_consensus_calls_only
ENSG00000227674	LINC00355	SIMPLE_OR	INCONSISTENT	OR→INC			NOT_EVALUATED_consensus_calls_only
ENSG00000227776	AKR1D1P1	REPRESSED	INCONSISTENT	REP→INC			NOT_EVALUATED_consensus_calls_only
ENSG00000227811	INKA2-AS1	INCONSISTENT	BIVALENT	INC→BIV			NOT_EVALUATED_consensus_calls_only
ENSG00000227885		BIVALENT	REPRESSED	BIV→REP			NOT_EVALUATED_consensus_calls_only
ENSG00000227896	WAPL-DT	SIMPLE_AND	INCONSISTENT	AND→INC			NOT_EVALUATED_consensus_calls_only
ENSG00000227920		INCONSISTENT	REPRESSED	INC→REP			NOT_EVALUATED_consensus_calls_only
ENSG00000227946	INO80D-AS2	SIMPLE_AND	INCONSISTENT	AND→INC			NOT_EVALUATED_consensus_calls_only
ENSG00000227959	EPHA2-AS1	REPRESSED	INCONSISTENT	REP→INC			NOT_EVALUATED_consensus_calls_only
ENSG00000228008		SIMPLE_AND	INCONSISTENT	AND→INC			NOT_EVALUATED_consensus_calls_only
ENSG00000228013	IL6R-AS1	INCONSISTENT	BIVALENT	INC→BIV			NOT_EVALUATED_consensus_calls_only
ENSG00000228037		SIMPLE_OR	REPRESSED	OR→REP			NOT_EVALUATED_consensus_calls_only
ENSG00000228043	SPOPL-DT	SIMPLE_AND	INCONSISTENT	AND→INC			NOT_EVALUATED_consensus_calls_only
ENSG00000228063	LYPLAL1-DT	SIMPLE_AND	INCONSISTENT	AND→INC			NOT_EVALUATED_consensus_calls_only
ENSG00000228065	LINC01515	SIMPLE_OR	INCONSISTENT	OR→INC			NOT_EVALUATED_consensus_calls_only
ENSG00000228089	PNKDP1	SIMPLE_AND	INCONSISTENT	AND→INC			NOT_EVALUATED_consensus_calls_only
ENSG00000228113		SIMPLE_AND	INCONSISTENT	AND→INC			NOT_EVALUATED_consensus_calls_only
ENSG00000228144		INCONSISTENT	SIMPLE_AND	INC→AND			NOT_EVALUATED_consensus_calls_only
ENSG00000228150		SIMPLE_AND	INCONSISTENT	AND→INC			NOT_EVALUATED_consensus_calls_only
ENSG00000228192	ZNF691-DT	SIMPLE_AND	INCONSISTENT	AND→INC			NOT_EVALUATED_consensus_calls_only
ENSG00000228203	GRASLND	SIMPLE_OR	INCONSISTENT	OR→INC			NOT_EVALUATED_consensus_calls_only
ENSG00000228222		BIVALENT	INCONSISTENT	BIV→INC			NOT_EVALUATED_consensus_calls_only
ENSG00000228223	HCG11	SIMPLE_AND	INCONSISTENT	AND→INC			NOT_EVALUATED_consensus_calls_only
ENSG00000228242	XPC-AS1	SIMPLE_OR	INCONSISTENT	OR→INC			NOT_EVALUATED_consensus_calls_only
ENSG00000228274		SIMPLE_AND	INCONSISTENT	AND→INC			NOT_EVALUATED_consensus_calls_only
ENSG00000228292		COMPLEX	INCONSISTENT	CPX→INC			NOT_EVALUATED_consensus_calls_only
ENSG00000228315	GUSBP11	SIMPLE_AND	INCONSISTENT	AND→INC			NOT_EVALUATED_consensus_calls_only
ENSG00000228322	GLIS3-AS2	BIVALENT	INCONSISTENT	BIV→INC			NOT_EVALUATED_consensus_calls_only
ENSG00000228350	LINC02585	BIVALENT	INCONSISTENT	BIV→INC			NOT_EVALUATED_consensus_calls_only
ENSG00000228363	CHMP3-AS1	INCONSISTENT	COMPLEX	INC→CPX			NOT_EVALUATED_consensus_calls_only
ENSG00000228382	ITPKB-IT1	SIMPLE_OR	REPRESSED	OR→REP			NOT_EVALUATED_consensus_calls_only
ENSG00000228393	LINC01004	SIMPLE_AND	INCONSISTENT	AND→INC			NOT_EVALUATED_consensus_calls_only
ENSG00000228395		SIMPLE_AND	INCONSISTENT	AND→INC			NOT_EVALUATED_consensus_calls_only
ENSG00000228401		REPRESSED	INCONSISTENT	REP→INC			NOT_EVALUATED_consensus_calls_only
ENSG00000228409	CCT6P1	SIMPLE_AND	INCONSISTENT	AND→INC			NOT_EVALUATED_consensus_calls_only
ENSG00000228414	REL-DT	COMPLEX	INCONSISTENT	CPX→INC			NOT_EVALUATED_consensus_calls_only
ENSG00000228417		BIVALENT	INCONSISTENT	BIV→INC			NOT_EVALUATED_consensus_calls_only
ENSG00000228432	DHFRP2	INCONSISTENT	REPRESSED	INC→REP			NOT_EVALUATED_consensus_calls_only
ENSG00000228451	SDAD1P1	COMPLEX	BIVALENT	CPX→BIV			NOT_EVALUATED_consensus_calls_only
ENSG00000228477		SIMPLE_AND	INCONSISTENT	AND→INC			NOT_EVALUATED_consensus_calls_only
ENSG00000228485	GRK5-IT1	SIMPLE_AND	INCONSISTENT	AND→INC			NOT_EVALUATED_consensus_calls_only
ENSG00000228486	C2orf92	SIMPLE_AND	INCONSISTENT	AND→INC			NOT_EVALUATED_consensus_calls_only
ENSG00000228506	PNISR-AS1	SIMPLE_AND	INCONSISTENT	AND→INC			NOT_EVALUATED_consensus_calls_only
ENSG00000228526	MIR34AHG	COMPLEX	REPRESSED	CPX→REP			NOT_EVALUATED_consensus_calls_only
ENSG00000228544	CCDC183-AS1	SIMPLE_AND	INCONSISTENT	AND→INC			NOT_EVALUATED_consensus_calls_only
ENSG00000228623	ZNF883	REPRESSED	INCONSISTENT	REP→INC			NOT_EVALUATED_consensus_calls_only
ENSG00000228624	HDAC2-AS2	SIMPLE_AND	INCONSISTENT	AND→INC			NOT_EVALUATED_consensus_calls_only
ENSG00000228629		COMPLEX	INCONSISTENT	CPX→INC			NOT_EVALUATED_consensus_calls_only
ENSG00000228630	HOTAIR	REPRESSED	BIVALENT	REP→BIV			NOT_EVALUATED_consensus_calls_only
ENSG00000228634		SIMPLE_AND	INCONSISTENT	AND→INC			NOT_EVALUATED_consensus_calls_only
ENSG00000228649	SNHG26	SIMPLE_AND	INCONSISTENT	AND→INC			NOT_EVALUATED_consensus_calls_only
ENSG00000228702		SIMPLE_AND	INCONSISTENT	AND→INC			NOT_EVALUATED_consensus_calls_only
ENSG00000228775	WEE2-AS1	SIMPLE_AND	INCONSISTENT	AND→INC			NOT_EVALUATED_consensus_calls_only
ENSG00000228782		SIMPLE_AND	INCONSISTENT	AND→INC			NOT_EVALUATED_consensus_calls_only
ENSG00000228784	LINC00954	SIMPLE_OR	REPRESSED	OR→REP			NOT_EVALUATED_consensus_calls_only
ENSG00000228791	THRB-AS1	REPRESSED	INCONSISTENT	REP→INC			NOT_EVALUATED_consensus_calls_only
ENSG00000228801	PCMTD1-DT	SIMPLE_AND	INCONSISTENT	AND→INC			NOT_EVALUATED_consensus_calls_only
ENSG00000228809		INCONSISTENT	COMPLEX	INC→CPX			NOT_EVALUATED_consensus_calls_only
ENSG00000228825	LAMTOR3P1	REPRESSED	INCONSISTENT	REP→INC			NOT_EVALUATED_consensus_calls_only
ENSG00000228857	ACTR3-AS1	SIMPLE_AND	INCONSISTENT	AND→INC			NOT_EVALUATED_consensus_calls_only
ENSG00000228878	SEPTIN7-DT	SIMPLE_AND	INCONSISTENT	AND→INC			NOT_EVALUATED_consensus_calls_only
ENSG00000228903	RASA4CP	SIMPLE_OR	INCONSISTENT	OR→INC			NOT_EVALUATED_consensus_calls_only
ENSG00000228919		REPRESSED	INCONSISTENT	REP→INC			NOT_EVALUATED_consensus_calls_only
ENSG00000228973		REPRESSED	INCONSISTENT	REP→INC			NOT_EVALUATED_consensus_calls_only
ENSG00000229018	PMS2P7	SIMPLE_AND	INCONSISTENT	AND→INC			NOT_EVALUATED_consensus_calls_only
ENSG00000229043	ZFAND2A-DT	SIMPLE_AND	INCONSISTENT	AND→INC			NOT_EVALUATED_consensus_calls_only
ENSG00000229048	DUTP1	COMPLEX	INCONSISTENT	CPX→INC			NOT_EVALUATED_consensus_calls_only
ENSG00000229068	TMPOP1	REPRESSED	BIVALENT	REP→BIV			NOT_EVALUATED_consensus_calls_only
ENSG00000229112		INCONSISTENT	REPRESSED	INC→REP			NOT_EVALUATED_consensus_calls_only
ENSG00000229117	RPL41	SIMPLE_AND	COMPLEX	AND→CPX			NOT_EVALUATED_consensus_calls_only
ENSG00000229124	VIM-AS1	SIMPLE_AND	INCONSISTENT	AND→INC			NOT_EVALUATED_consensus_calls_only
ENSG00000229162	RUNX3-AS1	INCONSISTENT	REPRESSED	INC→REP			NOT_EVALUATED_consensus_calls_only
ENSG00000229191		SIMPLE_AND	INCONSISTENT	AND→INC			NOT_EVALUATED_consensus_calls_only
ENSG00000229262		REPRESSED	INCONSISTENT	REP→INC			NOT_EVALUATED_consensus_calls_only
ENSG00000229267	SNHG31	SIMPLE_AND	INCONSISTENT	AND→INC			NOT_EVALUATED_consensus_calls_only
ENSG00000229273		SIMPLE_AND	INCONSISTENT	AND→INC			NOT_EVALUATED_consensus_calls_only
ENSG00000229320	KRT8P12	SIMPLE_AND	INCONSISTENT	AND→INC			NOT_EVALUATED_consensus_calls_only
ENSG00000229334	TMEM44-AS2	INCONSISTENT	COMPLEX	INC→CPX			NOT_EVALUATED_consensus_calls_only
ENSG00000229337		COMPLEX	INCONSISTENT	CPX→INC			NOT_EVALUATED_consensus_calls_only
ENSG00000229368		SIMPLE_AND	INCONSISTENT	AND→INC			NOT_EVALUATED_consensus_calls_only
ENSG00000229407		REPRESSED	INCONSISTENT	REP→INC			NOT_EVALUATED_consensus_calls_only
ENSG00000229422		SIMPLE_OR	INCONSISTENT	OR→INC			NOT_EVALUATED_consensus_calls_only
ENSG00000229473	RGS17P1	SIMPLE_AND	INCONSISTENT	AND→INC			NOT_EVALUATED_consensus_calls_only
ENSG00000229474	PATL2	SIMPLE_AND	INCONSISTENT	AND→INC			NOT_EVALUATED_consensus_calls_only
ENSG00000229559		SIMPLE_OR	REPRESSED	OR→REP			NOT_EVALUATED_consensus_calls_only
ENSG00000229582	PBX3-DT	INCONSISTENT	BIVALENT	INC→BIV			NOT_EVALUATED_consensus_calls_only
ENSG00000229588		INCONSISTENT	BIVALENT	INC→BIV			NOT_EVALUATED_consensus_calls_only
ENSG00000229589	ACVR2B-AS1	BIVALENT	INCONSISTENT	BIV→INC			NOT_EVALUATED_consensus_calls_only
ENSG00000229619	MBNL1-AS1	SIMPLE_AND	INCONSISTENT	AND→INC			NOT_EVALUATED_consensus_calls_only
ENSG00000229647	MYOSLID	INCONSISTENT	BIVALENT	INC→BIV			NOT_EVALUATED_consensus_calls_only
ENSG00000229666	MAST4-AS1	BIVALENT	INCONSISTENT	BIV→INC			NOT_EVALUATED_consensus_calls_only
ENSG00000229689	ANKRD33BP1	SIMPLE_AND	REPRESSED	AND→REP			NOT_EVALUATED_consensus_calls_only
ENSG00000229743	LINC01159	BIVALENT	INCONSISTENT	BIV→INC			NOT_EVALUATED_consensus_calls_only
ENSG00000229797		REPRESSED	BIVALENT	REP→BIV			NOT_EVALUATED_consensus_calls_only
ENSG00000229809	ZNF688	SIMPLE_AND	INCONSISTENT	AND→INC			NOT_EVALUATED_consensus_calls_only
ENSG00000229833	PET100	SIMPLE_AND	INCONSISTENT	AND→INC			NOT_EVALUATED_consensus_calls_only
ENSG00000229836		INCONSISTENT	REPRESSED	INC→REP			NOT_EVALUATED_consensus_calls_only
ENSG00000229848		SIMPLE_AND	INCONSISTENT	AND→INC			NOT_EVALUATED_consensus_calls_only
ENSG00000229852	KHDC1-AS1	SIMPLE_AND	INCONSISTENT	AND→INC			NOT_EVALUATED_consensus_calls_only
ENSG00000229891	LINC01315	BIVALENT	INCONSISTENT	BIV→INC			NOT_EVALUATED_consensus_calls_only
ENSG00000229912		INCONSISTENT	REPRESSED	INC→REP			NOT_EVALUATED_consensus_calls_only
ENSG00000229931	ATXN1-AS1	SIMPLE_AND	BIVALENT	AND→BIV			NOT_EVALUATED_consensus_calls_only
ENSG00000229951	FOSL2-AS1	BIVALENT	INCONSISTENT	BIV→INC			NOT_EVALUATED_consensus_calls_only
ENSG00000229956	ZRANB2-DT	SIMPLE_AND	INCONSISTENT	AND→INC			NOT_EVALUATED_consensus_calls_only
ENSG00000229970		BIVALENT	INCONSISTENT	BIV→INC			NOT_EVALUATED_consensus_calls_only
ENSG00000229980	TOB1-AS1	SIMPLE_AND	INCONSISTENT	AND→INC			NOT_EVALUATED_consensus_calls_only
ENSG00000230013	CT70	BIVALENT	INCONSISTENT	BIV→INC			NOT_EVALUATED_consensus_calls_only
ENSG00000230021		SIMPLE_AND	INCONSISTENT	AND→INC			NOT_EVALUATED_consensus_calls_only
ENSG00000230107		SIMPLE_AND	INCONSISTENT	AND→INC			NOT_EVALUATED_consensus_calls_only
ENSG00000230113		INCONSISTENT	REPRESSED	INC→REP			NOT_EVALUATED_consensus_calls_only
ENSG00000230148	HOXB-AS1	SIMPLE_AND	INCONSISTENT	AND→INC			NOT_EVALUATED_consensus_calls_only
ENSG00000230180	RPL12P49	INCONSISTENT	SIMPLE_OR	INC→OR			NOT_EVALUATED_consensus_calls_only
ENSG00000230185	HSDL2-AS1	SIMPLE_AND	INCONSISTENT	AND→INC			NOT_EVALUATED_consensus_calls_only
ENSG00000230266	XXYLT1-AS2	SIMPLE_AND	INCONSISTENT	AND→INC			NOT_EVALUATED_consensus_calls_only
ENSG00000230322		SIMPLE_AND	INCONSISTENT	AND→INC			NOT_EVALUATED_consensus_calls_only
ENSG00000230359	TPI1P2	SIMPLE_AND	INCONSISTENT	AND→INC			NOT_EVALUATED_consensus_calls_only
ENSG00000230366	DSCR9	SIMPLE_AND	INCONSISTENT	AND→INC			NOT_EVALUATED_consensus_calls_only
ENSG00000230393		REPRESSED	INCONSISTENT	REP→INC			NOT_EVALUATED_consensus_calls_only
ENSG00000230415	LINC01786	SIMPLE_AND	INCONSISTENT	AND→INC			NOT_EVALUATED_consensus_calls_only
ENSG00000230445	LRRC37A6P	BIVALENT	REPRESSED	BIV→REP			NOT_EVALUATED_consensus_calls_only
ENSG00000230454		SIMPLE_OR	INCONSISTENT	OR→INC			NOT_EVALUATED_consensus_calls_only
ENSG00000230457	PA2G4P4	SIMPLE_OR	INCONSISTENT	OR→INC			NOT_EVALUATED_consensus_calls_only
ENSG00000230487	PSMG3-AS1	SIMPLE_AND	INCONSISTENT	AND→INC			NOT_EVALUATED_consensus_calls_only
ENSG00000230513	THAP7-AS1	SIMPLE_AND	INCONSISTENT	AND→INC			NOT_EVALUATED_consensus_calls_only
ENSG00000230521		SIMPLE_AND	REPRESSED	AND→REP			NOT_EVALUATED_consensus_calls_only
ENSG00000230590	FTX	SIMPLE_AND	INCONSISTENT	AND→INC			NOT_EVALUATED_consensus_calls_only
ENSG00000230658	KLHL7-DT	SIMPLE_AND	INCONSISTENT	AND→INC			NOT_EVALUATED_consensus_calls_only
ENSG00000230695	FN1-DT	BIVALENT	INCONSISTENT	BIV→INC			NOT_EVALUATED_consensus_calls_only
ENSG00000230702	RPL31P30	INCONSISTENT	BIVALENT	INC→BIV			NOT_EVALUATED_consensus_calls_only
ENSG00000230709		SIMPLE_AND	REPRESSED	AND→REP			NOT_EVALUATED_consensus_calls_only
ENSG00000230729		REPRESSED	INCONSISTENT	REP→INC			NOT_EVALUATED_consensus_calls_only
ENSG00000230747		SIMPLE_AND	INCONSISTENT	AND→INC			NOT_EVALUATED_consensus_calls_only
ENSG00000230778	ANKRD63	BIVALENT	INCONSISTENT	BIV→INC			NOT_EVALUATED_consensus_calls_only
ENSG00000230798	FOXD3-AS1	BIVALENT	INCONSISTENT	BIV→INC			NOT_EVALUATED_consensus_calls_only
ENSG00000230835		SIMPLE_AND	INCONSISTENT	AND→INC			NOT_EVALUATED_consensus_calls_only
ENSG00000230844	ZNF674-AS1	SIMPLE_AND	INCONSISTENT	AND→INC			NOT_EVALUATED_consensus_calls_only
ENSG00000230898		SIMPLE_OR	BIVALENT	OR→BIV			NOT_EVALUATED_consensus_calls_only
ENSG00000230910	ADGRB3-DT	BIVALENT	INCONSISTENT	BIV→INC			NOT_EVALUATED_consensus_calls_only
ENSG00000231050	GNB1-DT	SIMPLE_AND	INCONSISTENT	AND→INC			NOT_EVALUATED_consensus_calls_only
ENSG00000231084	RPL22P24	REPRESSED	INCONSISTENT	REP→INC			NOT_EVALUATED_consensus_calls_only
ENSG00000231086	TSSK1A	INCONSISTENT	BIVALENT	INC→BIV			NOT_EVALUATED_consensus_calls_only
ENSG00000231105	ECE1-AS1	SIMPLE_AND	REPRESSED	AND→REP			NOT_EVALUATED_consensus_calls_only
ENSG00000231154	MORF4L2-AS1	SIMPLE_AND	INCONSISTENT	AND→INC			NOT_EVALUATED_consensus_calls_only
ENSG00000231169	EEF1B2P1	INCONSISTENT	REPRESSED	INC→REP			NOT_EVALUATED_consensus_calls_only
ENSG00000231185	SPRY4-AS1	BIVALENT	INCONSISTENT	BIV→INC			NOT_EVALUATED_consensus_calls_only
ENSG00000231312	MAP4K3-DT	SIMPLE_AND	INCONSISTENT	AND→INC			NOT_EVALUATED_consensus_calls_only
ENSG00000231389	HLA-DPA1	SIMPLE_AND	REPRESSED	AND→REP			NOT_EVALUATED_consensus_calls_only
ENSG00000231437	LINC01750	REPRESSED	BIVALENT	REP→BIV			NOT_EVALUATED_consensus_calls_only
ENSG00000231453	LINC01305	BIVALENT	INCONSISTENT	BIV→INC			NOT_EVALUATED_consensus_calls_only
ENSG00000231521		SIMPLE_AND	INCONSISTENT	AND→INC			NOT_EVALUATED_consensus_calls_only
ENSG00000231585		REPRESSED	INCONSISTENT	REP→INC			NOT_EVALUATED_consensus_calls_only
ENSG00000231607	DLEU2	BIVALENT	INCONSISTENT	BIV→INC			NOT_EVALUATED_consensus_calls_only
ENSG00000231609	EHBP1-AS1	BIVALENT	INCONSISTENT	BIV→INC			NOT_EVALUATED_consensus_calls_only
ENSG00000231663	COA6-AS1	SIMPLE_AND	INCONSISTENT	AND→INC			NOT_EVALUATED_consensus_calls_only
ENSG00000231721	LINC-PINT	SIMPLE_AND	INCONSISTENT	AND→INC			NOT_EVALUATED_consensus_calls_only
ENSG00000231752	EMBP1	INCONSISTENT	REPRESSED	INC→REP			NOT_EVALUATED_consensus_calls_only
ENSG00000231770	TMEM44-AS1	SIMPLE_AND	INCONSISTENT	AND→INC			NOT_EVALUATED_consensus_calls_only
ENSG00000231808	LINC01388	BIVALENT	INCONSISTENT	BIV→INC			NOT_EVALUATED_consensus_calls_only
ENSG00000231840	TMEM139-AS1	SIMPLE_AND	COMPLEX	AND→CPX			NOT_EVALUATED_consensus_calls_only
ENSG00000231856		SIMPLE_AND	INCONSISTENT	AND→INC			NOT_EVALUATED_consensus_calls_only
ENSG00000231871	IPO9-AS1	SIMPLE_AND	INCONSISTENT	AND→INC			NOT_EVALUATED_consensus_calls_only
ENSG00000231880		SIMPLE_AND	INCONSISTENT	AND→INC			NOT_EVALUATED_consensus_calls_only
ENSG00000231889	TRAF3IP2-AS1	SIMPLE_AND	INCONSISTENT	AND→INC			NOT_EVALUATED_consensus_calls_only
ENSG00000231890	DARS1-AS1	SIMPLE_AND	INCONSISTENT	AND→INC			NOT_EVALUATED_consensus_calls_only
ENSG00000231920	NEBL-AS1	REPRESSED	INCONSISTENT	REP→INC			NOT_EVALUATED_consensus_calls_only
ENSG00000231977		BIVALENT	INCONSISTENT	BIV→INC			NOT_EVALUATED_consensus_calls_only
ENSG00000231982		BIVALENT	INCONSISTENT	BIV→INC			NOT_EVALUATED_consensus_calls_only
ENSG00000231992		REPRESSED	INCONSISTENT	REP→INC			NOT_EVALUATED_consensus_calls_only
ENSG00000231999	LRRC8C-DT	SIMPLE_AND	INCONSISTENT	AND→INC			NOT_EVALUATED_consensus_calls_only
ENSG00000232021	LEF1-AS1	BIVALENT	INCONSISTENT	BIV→INC			NOT_EVALUATED_consensus_calls_only
ENSG00000232028	PRKD3-DT	BIVALENT	INCONSISTENT	BIV→INC			NOT_EVALUATED_consensus_calls_only
ENSG00000232070	TMEM253	BIVALENT	INCONSISTENT	BIV→INC			NOT_EVALUATED_consensus_calls_only
ENSG00000232104	RFX3-DT	SIMPLE_AND	INCONSISTENT	AND→INC			NOT_EVALUATED_consensus_calls_only
ENSG00000232139	LINC00867	COMPLEX	INCONSISTENT	CPX→INC			NOT_EVALUATED_consensus_calls_only
ENSG00000232160	RAP2C-AS1	SIMPLE_AND	INCONSISTENT	AND→INC			NOT_EVALUATED_consensus_calls_only
ENSG00000232233	LINC02043	BIVALENT	INCONSISTENT	BIV→INC			NOT_EVALUATED_consensus_calls_only
ENSG00000232406	EPB41L1-AS1	REPRESSED	BIVALENT	REP→BIV			NOT_EVALUATED_consensus_calls_only
ENSG00000232434	AJM1	SIMPLE_OR	INCONSISTENT	OR→INC			NOT_EVALUATED_consensus_calls_only
ENSG00000232442	MHENCR	SIMPLE_AND	INCONSISTENT	AND→INC			NOT_EVALUATED_consensus_calls_only
ENSG00000232445	EMSLR	INCONSISTENT	BIVALENT	INC→BIV			NOT_EVALUATED_consensus_calls_only
ENSG00000232480	TGFB2-AS1	BIVALENT	INCONSISTENT	BIV→INC			NOT_EVALUATED_consensus_calls_only
ENSG00000232485	RPL37A-DT	SIMPLE_AND	INCONSISTENT	AND→INC			NOT_EVALUATED_consensus_calls_only
ENSG00000232504	ST3GAL5-AS1	SIMPLE_AND	INCONSISTENT	AND→INC			NOT_EVALUATED_consensus_calls_only
ENSG00000232536		BIVALENT	INCONSISTENT	BIV→INC			NOT_EVALUATED_consensus_calls_only
ENSG00000232591	LINC02642	COMPLEX	REPRESSED	CPX→REP			NOT_EVALUATED_consensus_calls_only
ENSG00000232593	KANTR	SIMPLE_AND	INCONSISTENT	AND→INC			NOT_EVALUATED_consensus_calls_only
ENSG00000232606	LINC01412	REPRESSED	INCONSISTENT	REP→INC			NOT_EVALUATED_consensus_calls_only
ENSG00000232618	HIVEP2-DT	SIMPLE_AND	BIVALENT	AND→BIV			NOT_EVALUATED_consensus_calls_only
ENSG00000232680		INCONSISTENT	REPRESSED	INC→REP			NOT_EVALUATED_consensus_calls_only
ENSG00000232732		SIMPLE_AND	INCONSISTENT	AND→INC			NOT_EVALUATED_consensus_calls_only
ENSG00000232746	LINC02022	INCONSISTENT	COMPLEX	INC→CPX			NOT_EVALUATED_consensus_calls_only
ENSG00000232815	DUX4L50	SIMPLE_AND	INCONSISTENT	AND→INC			NOT_EVALUATED_consensus_calls_only
ENSG00000232818	RPS2P32	SIMPLE_AND	INCONSISTENT	AND→INC			NOT_EVALUATED_consensus_calls_only
ENSG00000232838	PET117	SIMPLE_AND	INCONSISTENT	AND→INC			NOT_EVALUATED_consensus_calls_only
ENSG00000232859	LYRM9	SIMPLE_AND	INCONSISTENT	AND→INC			NOT_EVALUATED_consensus_calls_only
ENSG00000232884		SIMPLE_AND	INCONSISTENT	AND→INC			NOT_EVALUATED_consensus_calls_only
ENSG00000232888	RPS11P5	SIMPLE_OR	INCONSISTENT	OR→INC			NOT_EVALUATED_consensus_calls_only
ENSG00000232891		BIVALENT	REPRESSED	BIV→REP			NOT_EVALUATED_consensus_calls_only
ENSG00000232907	DLGAP4-AS1	SIMPLE_AND	INCONSISTENT	AND→INC			NOT_EVALUATED_consensus_calls_only
ENSG00000232940	HCG25	SIMPLE_AND	INCONSISTENT	AND→INC			NOT_EVALUATED_consensus_calls_only
ENSG00000232973	CYP1B1-AS1	SIMPLE_AND	REPRESSED	AND→REP			NOT_EVALUATED_consensus_calls_only
ENSG00000232977	LINC00327	COMPLEX	INCONSISTENT	CPX→INC			NOT_EVALUATED_consensus_calls_only
ENSG00000232995	RGS5	SIMPLE_AND	INCONSISTENT	AND→INC			NOT_EVALUATED_consensus_calls_only
ENSG00000233006	MIR3936HG	SIMPLE_AND	INCONSISTENT	AND→INC			NOT_EVALUATED_consensus_calls_only
ENSG00000233058	ATP13A3-DT	SIMPLE_AND	INCONSISTENT	AND→INC			NOT_EVALUATED_consensus_calls_only
ENSG00000233064		INCONSISTENT	REPRESSED	INC→REP			NOT_EVALUATED_consensus_calls_only
ENSG00000233069		BIVALENT	INCONSISTENT	BIV→INC			NOT_EVALUATED_consensus_calls_only
ENSG00000233080	LINC01399	SIMPLE_OR	INCONSISTENT	OR→INC			NOT_EVALUATED_consensus_calls_only
ENSG00000233108	GLCCI1-DT	COMPLEX	INCONSISTENT	CPX→INC			NOT_EVALUATED_consensus_calls_only
ENSG00000233110	SORBS2-AS1	INCONSISTENT	REPRESSED	INC→REP			NOT_EVALUATED_consensus_calls_only
ENSG00000233131	RPS15AP14	INCONSISTENT	COMPLEX	INC→CPX			NOT_EVALUATED_consensus_calls_only
ENSG00000233143	DIRC3-AS1	REPRESSED	INCONSISTENT	REP→INC			NOT_EVALUATED_consensus_calls_only
ENSG00000233184	DPH5-DT	SIMPLE_AND	INCONSISTENT	AND→INC			NOT_EVALUATED_consensus_calls_only
ENSG00000233220	PRDM10-DT	SIMPLE_AND	INCONSISTENT	AND→INC			NOT_EVALUATED_consensus_calls_only
ENSG00000233223		SIMPLE_AND	INCONSISTENT	AND→INC			NOT_EVALUATED_consensus_calls_only
ENSG00000233259	FABP3P2	INCONSISTENT	REPRESSED	INC→REP			NOT_EVALUATED_consensus_calls_only
ENSG00000233382	NKAPP1	SIMPLE_AND	INCONSISTENT	AND→INC			NOT_EVALUATED_consensus_calls_only
ENSG00000233429	HOTAIRM1	SIMPLE_OR	INCONSISTENT	OR→INC			NOT_EVALUATED_consensus_calls_only
ENSG00000233461		SIMPLE_AND	INCONSISTENT	AND→INC			NOT_EVALUATED_consensus_calls_only
ENSG00000233483	EFCAB15P	SIMPLE_AND	INCONSISTENT	AND→INC			NOT_EVALUATED_consensus_calls_only
ENSG00000233502		INCONSISTENT	REPRESSED	INC→REP			NOT_EVALUATED_consensus_calls_only
ENSG00000233509	ZNF197-AS1	SIMPLE_AND	INCONSISTENT	AND→INC			NOT_EVALUATED_consensus_calls_only
ENSG00000233527	ZNF529-AS1	COMPLEX	INCONSISTENT	CPX→INC			NOT_EVALUATED_consensus_calls_only
ENSG00000233547		BIVALENT	INCONSISTENT	BIV→INC			NOT_EVALUATED_consensus_calls_only
ENSG00000233593	LINC02609	BIVALENT	INCONSISTENT	BIV→INC			NOT_EVALUATED_consensus_calls_only
ENSG00000233611	GBX2-AS1	REPRESSED	INCONSISTENT	REP→INC			NOT_EVALUATED_consensus_calls_only
ENSG00000233647	NENFP1	SIMPLE_AND	INCONSISTENT	AND→INC			NOT_EVALUATED_consensus_calls_only
ENSG00000233682	FNDC1-AS1	REPRESSED	INCONSISTENT	REP→INC			NOT_EVALUATED_consensus_calls_only
ENSG00000233683		INCONSISTENT	REPRESSED	INC→REP			NOT_EVALUATED_consensus_calls_only
ENSG00000233695	GAS6-AS1	SIMPLE_OR	INCONSISTENT	OR→INC			NOT_EVALUATED_consensus_calls_only
ENSG00000233705	SLC26A4-AS1	BIVALENT	INCONSISTENT	BIV→INC			NOT_EVALUATED_consensus_calls_only
ENSG00000233723	LINC01122	BIVALENT	INCONSISTENT	BIV→INC			NOT_EVALUATED_consensus_calls_only
ENSG00000233757		SIMPLE_OR	INCONSISTENT	OR→INC			NOT_EVALUATED_consensus_calls_only
ENSG00000233766	CAVIN2-AS1	REPRESSED	INCONSISTENT	REP→INC			NOT_EVALUATED_consensus_calls_only
ENSG00000233775		INCONSISTENT	COMPLEX	INC→CPX			NOT_EVALUATED_consensus_calls_only
ENSG00000233806	LINC01237	SIMPLE_AND	INCONSISTENT	AND→INC			NOT_EVALUATED_consensus_calls_only
ENSG00000233834	MACC1-DT	SIMPLE_AND	INCONSISTENT	AND→INC			NOT_EVALUATED_consensus_calls_only
ENSG00000233850		INCONSISTENT	REPRESSED	INC→REP			NOT_EVALUATED_consensus_calls_only
ENSG00000233862		INCONSISTENT	BIVALENT	INC→BIV			NOT_EVALUATED_consensus_calls_only
ENSG00000233871	DLG5-AS1	BIVALENT	INCONSISTENT	BIV→INC			NOT_EVALUATED_consensus_calls_only
ENSG00000233912		SIMPLE_AND	INCONSISTENT	AND→INC			NOT_EVALUATED_consensus_calls_only
ENSG00000233922	LINC01694	SIMPLE_AND	INCONSISTENT	AND→INC			NOT_EVALUATED_consensus_calls_only
ENSG00000233930	KRTAP5-AS1	BIVALENT	INCONSISTENT	BIV→INC			NOT_EVALUATED_consensus_calls_only
ENSG00000233937	CTC-338M12.4	SIMPLE_AND	INCONSISTENT	AND→INC			NOT_EVALUATED_consensus_calls_only
ENSG00000233941		REPRESSED	INCONSISTENT	REP→INC			NOT_EVALUATED_consensus_calls_only
ENSG00000234006	DDX39B-AS1	SIMPLE_AND	INCONSISTENT	AND→INC			NOT_EVALUATED_consensus_calls_only
ENSG00000234028	EIF2AK3-DT	SIMPLE_AND	INCONSISTENT	AND→INC			NOT_EVALUATED_consensus_calls_only
ENSG00000234072	GTF3C2-AS2	SIMPLE_AND	INCONSISTENT	AND→INC			NOT_EVALUATED_consensus_calls_only
ENSG00000234127	TRIM26	SIMPLE_AND	INCONSISTENT	AND→INC			NOT_EVALUATED_consensus_calls_only
ENSG00000234129	HCCS-DT	SIMPLE_AND	INCONSISTENT	AND→INC			NOT_EVALUATED_consensus_calls_only
ENSG00000234147		SIMPLE_AND	INCONSISTENT	AND→INC			NOT_EVALUATED_consensus_calls_only
ENSG00000234171	RNASEH1-DT	SIMPLE_AND	INCONSISTENT	AND→INC			NOT_EVALUATED_consensus_calls_only
ENSG00000234174		SIMPLE_AND	INCONSISTENT	AND→INC			NOT_EVALUATED_consensus_calls_only
ENSG00000234183	H2AZ2-DT	SIMPLE_AND	INCONSISTENT	AND→INC			NOT_EVALUATED_consensus_calls_only
ENSG00000234235	BOK-AS1	BIVALENT	INCONSISTENT	BIV→INC			NOT_EVALUATED_consensus_calls_only
ENSG00000234283	LINC01731	BIVALENT	INCONSISTENT	BIV→INC			NOT_EVALUATED_consensus_calls_only
ENSG00000234284	ZNF879	REPRESSED	INCONSISTENT	REP→INC			NOT_EVALUATED_consensus_calls_only
ENSG00000234292		COMPLEX	INCONSISTENT	CPX→INC			NOT_EVALUATED_consensus_calls_only
ENSG00000234350	ERICH2-DT	REPRESSED	INCONSISTENT	REP→INC			NOT_EVALUATED_consensus_calls_only
ENSG00000234380	LINC01426	INCONSISTENT	REPRESSED	INC→REP			NOT_EVALUATED_consensus_calls_only
ENSG00000234420	ZNF37BP	SIMPLE_AND	INCONSISTENT	AND→INC			NOT_EVALUATED_consensus_calls_only
ENSG00000234432	LINC02983	REPRESSED	INCONSISTENT	REP→INC			NOT_EVALUATED_consensus_calls_only
ENSG00000234444	ZNF736	SIMPLE_AND	INCONSISTENT	AND→INC			NOT_EVALUATED_consensus_calls_only
ENSG00000234489	ALDH7A1P4	INCONSISTENT	REPRESSED	INC→REP			NOT_EVALUATED_consensus_calls_only
ENSG00000234494	SP2-AS1	SIMPLE_AND	INCONSISTENT	AND→INC			NOT_EVALUATED_consensus_calls_only
ENSG00000234545	FAM133B	COMPLEX	SIMPLE_AND	CPX→AND			NOT_EVALUATED_consensus_calls_only
ENSG00000234602	MCIDAS	BIVALENT	INCONSISTENT	BIV→INC			NOT_EVALUATED_consensus_calls_only
ENSG00000234614	C2CD4D-AS1	BIVALENT	REPRESSED	BIV→REP			NOT_EVALUATED_consensus_calls_only
ENSG00000234684	SDCBP2-AS1	SIMPLE_AND	INCONSISTENT	AND→INC			NOT_EVALUATED_consensus_calls_only
ENSG00000234685	NUS1P2	SIMPLE_OR	INCONSISTENT	OR→INC			NOT_EVALUATED_consensus_calls_only
ENSG00000234710		REPRESSED	INCONSISTENT	REP→INC			NOT_EVALUATED_consensus_calls_only
ENSG00000234715	SLC26A5-AS1	REPRESSED	BIVALENT	REP→BIV			NOT_EVALUATED_consensus_calls_only
ENSG00000234719	NPIPB2	SIMPLE_AND	INCONSISTENT	AND→INC			NOT_EVALUATED_consensus_calls_only
ENSG00000234745	HLA-B	SIMPLE_OR	REPRESSED	OR→REP			NOT_EVALUATED_consensus_calls_only
ENSG00000234753	FOXP4-AS1	SIMPLE_AND	INCONSISTENT	AND→INC			NOT_EVALUATED_consensus_calls_only
ENSG00000234772	LINC00412	SIMPLE_AND	INCONSISTENT	AND→INC			NOT_EVALUATED_consensus_calls_only
ENSG00000234816	H2AC5P	SIMPLE_AND	REPRESSED	AND→REP			NOT_EVALUATED_consensus_calls_only
ENSG00000234832	NXT1-AS1	SIMPLE_AND	INCONSISTENT	AND→INC			NOT_EVALUATED_consensus_calls_only
ENSG00000234857	HNRNPUL2-BSCL2	SIMPLE_AND	INCONSISTENT	AND→INC			NOT_EVALUATED_consensus_calls_only
ENSG00000234946	SDHCP3	SIMPLE_OR	INCONSISTENT	OR→INC			NOT_EVALUATED_consensus_calls_only
ENSG00000234965	SHISA8	BIVALENT	INCONSISTENT	BIV→INC			NOT_EVALUATED_consensus_calls_only
ENSG00000234985		SIMPLE_AND	INCONSISTENT	AND→INC			NOT_EVALUATED_consensus_calls_only
ENSG00000234996	ACTG1P25	BIVALENT	INCONSISTENT	BIV→INC			NOT_EVALUATED_consensus_calls_only
ENSG00000234999	SNRPCP19	SIMPLE_OR	INCONSISTENT	OR→INC			NOT_EVALUATED_consensus_calls_only
ENSG00000235016	SEMA3F-AS1	BIVALENT	INCONSISTENT	BIV→INC			NOT_EVALUATED_consensus_calls_only
ENSG00000235024	CDK5R2-AS1	BIVALENT	INCONSISTENT	BIV→INC			NOT_EVALUATED_consensus_calls_only
ENSG00000235079	ZRANB2-AS1	REPRESSED	INCONSISTENT	REP→INC			NOT_EVALUATED_consensus_calls_only
ENSG00000235090	RPL7L1P3	SIMPLE_OR	INCONSISTENT	OR→INC			NOT_EVALUATED_consensus_calls_only
ENSG00000235092	ID2-AS1	SIMPLE_AND	INCONSISTENT	AND→INC			NOT_EVALUATED_consensus_calls_only
ENSG00000235106	BRD3OS	SIMPLE_OR	INCONSISTENT	OR→INC			NOT_EVALUATED_consensus_calls_only
ENSG00000235109	ZSCAN31	SIMPLE_AND	INCONSISTENT	AND→INC			NOT_EVALUATED_consensus_calls_only
ENSG00000235151		SIMPLE_AND	INCONSISTENT	AND→INC			NOT_EVALUATED_consensus_calls_only
ENSG00000235162	C12orf75	SIMPLE_OR	INCONSISTENT	OR→INC			NOT_EVALUATED_consensus_calls_only
ENSG00000235169	SMIM1	SIMPLE_OR	SIMPLE_AND	OR→AND			NOT_EVALUATED_consensus_calls_only
ENSG00000235181		INCONSISTENT	REPRESSED	INC→REP			NOT_EVALUATED_consensus_calls_only
ENSG00000235194	PPP1R3E	SIMPLE_AND	INCONSISTENT	AND→INC			NOT_EVALUATED_consensus_calls_only
ENSG00000235204		SIMPLE_AND	INCONSISTENT	AND→INC			NOT_EVALUATED_consensus_calls_only
ENSG00000235257	ITGA9-AS1	REPRESSED	INCONSISTENT	REP→INC			NOT_EVALUATED_consensus_calls_only
ENSG00000235301	HLA-Z	INCONSISTENT	REPRESSED	INC→REP			NOT_EVALUATED_consensus_calls_only
ENSG00000235314	LINC00957	SIMPLE_OR	INCONSISTENT	OR→INC			NOT_EVALUATED_consensus_calls_only
ENSG00000235316	DUSP8P5	SIMPLE_AND	INCONSISTENT	AND→INC			NOT_EVALUATED_consensus_calls_only
ENSG00000235361	ABR-AS1	INCONSISTENT	BIVALENT	INC→BIV			NOT_EVALUATED_consensus_calls_only
ENSG00000235374	SSR4P1	BIVALENT	INCONSISTENT	BIV→INC			NOT_EVALUATED_consensus_calls_only
ENSG00000235437	LINC01278	SIMPLE_AND	INCONSISTENT	AND→INC			NOT_EVALUATED_consensus_calls_only
ENSG00000235470	NEURL1-AS1	INCONSISTENT	REPRESSED	INC→REP			NOT_EVALUATED_consensus_calls_only
ENSG00000235478	LINC01664	REPRESSED	BIVALENT	REP→BIV			NOT_EVALUATED_consensus_calls_only
ENSG00000235494		REPRESSED	INCONSISTENT	REP→INC			NOT_EVALUATED_consensus_calls_only
ENSG00000235499		SIMPLE_AND	INCONSISTENT	AND→INC			NOT_EVALUATED_consensus_calls_only
ENSG00000235527	HIPK1-AS1	SIMPLE_AND	INCONSISTENT	AND→INC			NOT_EVALUATED_consensus_calls_only
ENSG00000235530	TMEM11-DT	SIMPLE_AND	INCONSISTENT	AND→INC			NOT_EVALUATED_consensus_calls_only
ENSG00000235545	DOCK7-DT	SIMPLE_AND	INCONSISTENT	AND→INC			NOT_EVALUATED_consensus_calls_only
ENSG00000235560	ZNF747-DT	SIMPLE_AND	INCONSISTENT	AND→INC			NOT_EVALUATED_consensus_calls_only
ENSG00000235590	GNAS-AS1	BIVALENT	INCONSISTENT	BIV→INC			NOT_EVALUATED_consensus_calls_only
ENSG00000235629	LINC02922	SIMPLE_AND	INCONSISTENT	AND→INC			NOT_EVALUATED_consensus_calls_only
ENSG00000235665	LINC00298	INCONSISTENT	REPRESSED	INC→REP			NOT_EVALUATED_consensus_calls_only
ENSG00000235703	EOLA2-DT	SIMPLE_AND	INCONSISTENT	AND→INC			NOT_EVALUATED_consensus_calls_only
ENSG00000235706	DICER1-AS1	SIMPLE_AND	INCONSISTENT	AND→INC			NOT_EVALUATED_consensus_calls_only
ENSG00000235750	KIAA0040	SIMPLE_AND	INCONSISTENT	AND→INC			NOT_EVALUATED_consensus_calls_only
ENSG00000235781	LINC02569	SIMPLE_AND	INCONSISTENT	AND→INC			NOT_EVALUATED_consensus_calls_only
ENSG00000235805	SOCS5P3	COMPLEX	REPRESSED	CPX→REP			NOT_EVALUATED_consensus_calls_only
ENSG00000235823	OLMALINC	SIMPLE_AND	INCONSISTENT	AND→INC			NOT_EVALUATED_consensus_calls_only
ENSG00000235830	SRGAP3-AS4	INCONSISTENT	BIVALENT	INC→BIV			NOT_EVALUATED_consensus_calls_only
ENSG00000235852		SIMPLE_AND	INCONSISTENT	AND→INC			NOT_EVALUATED_consensus_calls_only
ENSG00000235863	B3GALT4	SIMPLE_AND	INCONSISTENT	AND→INC			NOT_EVALUATED_consensus_calls_only
ENSG00000235897	TM4SF19-AS1	SIMPLE_AND	INCONSISTENT	AND→INC			NOT_EVALUATED_consensus_calls_only
ENSG00000235919	ASH1L-AS1	SIMPLE_AND	INCONSISTENT	AND→INC			NOT_EVALUATED_consensus_calls_only
ENSG00000235934		BIVALENT	INCONSISTENT	BIV→INC			NOT_EVALUATED_consensus_calls_only
ENSG00000235944	ZNF815P	SIMPLE_AND	INCONSISTENT	AND→INC			NOT_EVALUATED_consensus_calls_only
ENSG00000235954	TTC28-AS1	SIMPLE_AND	INCONSISTENT	AND→INC			NOT_EVALUATED_consensus_calls_only
ENSG00000235964	FXYD6P2	INCONSISTENT	COMPLEX	INC→CPX			NOT_EVALUATED_consensus_calls_only
ENSG00000236088	COX10-DT	SIMPLE_AND	INCONSISTENT	AND→INC			NOT_EVALUATED_consensus_calls_only
ENSG00000236104	ZBTB22	SIMPLE_AND	INCONSISTENT	AND→INC			NOT_EVALUATED_consensus_calls_only
ENSG00000236137	CD101-AS1	SIMPLE_AND	INCONSISTENT	AND→INC			NOT_EVALUATED_consensus_calls_only
ENSG00000236144	TMEM147-AS1	COMPLEX	SIMPLE_AND	CPX→AND			NOT_EVALUATED_consensus_calls_only
ENSG00000236194		SIMPLE_AND	INCONSISTENT	AND→INC			NOT_EVALUATED_consensus_calls_only
ENSG00000236200	KDM4A-AS1	SIMPLE_AND	INCONSISTENT	AND→INC			NOT_EVALUATED_consensus_calls_only
ENSG00000236204	LINC01376	SIMPLE_AND	INCONSISTENT	AND→INC			NOT_EVALUATED_consensus_calls_only
ENSG00000236208	C10orf71-AS1	REPRESSED	INCONSISTENT	REP→INC			NOT_EVALUATED_consensus_calls_only
ENSG00000236213		COMPLEX	INCONSISTENT	CPX→INC			NOT_EVALUATED_consensus_calls_only
ENSG00000236283		BIVALENT	INCONSISTENT	BIV→INC			NOT_EVALUATED_consensus_calls_only
ENSG00000236297	EEF1A1P23	SIMPLE_AND	INCONSISTENT	AND→INC			NOT_EVALUATED_consensus_calls_only
ENSG00000236311	TLX1NB	REPRESSED	BIVALENT	REP→BIV			NOT_EVALUATED_consensus_calls_only
ENSG00000236352		SIMPLE_AND	INCONSISTENT	AND→INC			NOT_EVALUATED_consensus_calls_only
ENSG00000236394		REPRESSED	INCONSISTENT	REP→INC			NOT_EVALUATED_consensus_calls_only
ENSG00000236397	DDX11L2	SIMPLE_OR	INCONSISTENT	OR→INC			NOT_EVALUATED_consensus_calls_only
ENSG00000236403		INCONSISTENT	REPRESSED	INC→REP			NOT_EVALUATED_consensus_calls_only
ENSG00000236423	LINC01134	COMPLEX	INCONSISTENT	CPX→INC			NOT_EVALUATED_consensus_calls_only
ENSG00000236432	MFF-DT	SIMPLE_AND	COMPLEX	AND→CPX			NOT_EVALUATED_consensus_calls_only
ENSG00000236471	LINC02920	BIVALENT	INCONSISTENT	BIV→INC			NOT_EVALUATED_consensus_calls_only
ENSG00000236499	LINC00896	SIMPLE_AND	INCONSISTENT	AND→INC			NOT_EVALUATED_consensus_calls_only
ENSG00000236514		SIMPLE_AND	INCONSISTENT	AND→INC			NOT_EVALUATED_consensus_calls_only
ENSG00000236519	LINC01424	SIMPLE_AND	INCONSISTENT	AND→INC			NOT_EVALUATED_consensus_calls_only
ENSG00000236536		REPRESSED	INCONSISTENT	REP→INC			NOT_EVALUATED_consensus_calls_only
ENSG00000236546	MYCL-AS1	REPRESSED	INCONSISTENT	REP→INC			NOT_EVALUATED_consensus_calls_only
ENSG00000236591	UST-AS2	INCONSISTENT	REPRESSED	INC→REP			NOT_EVALUATED_consensus_calls_only
ENSG00000236595	MED15P5	REPRESSED	BIVALENT	REP→BIV			NOT_EVALUATED_consensus_calls_only
ENSG00000236617	CHFR-DT	COMPLEX	BIVALENT	CPX→BIV			NOT_EVALUATED_consensus_calls_only
ENSG00000236651	DLX2-DT	BIVALENT	INCONSISTENT	BIV→INC			NOT_EVALUATED_consensus_calls_only
ENSG00000236753	MKLN1-AS	INCONSISTENT	SIMPLE_AND	INC→AND			NOT_EVALUATED_consensus_calls_only
ENSG00000236778	INTS6-AS1	SIMPLE_AND	INCONSISTENT	AND→INC			NOT_EVALUATED_consensus_calls_only
ENSG00000236790	LINC00299	SIMPLE_AND	REPRESSED	AND→REP			NOT_EVALUATED_consensus_calls_only
ENSG00000236800		INCONSISTENT	REPRESSED	INC→REP			NOT_EVALUATED_consensus_calls_only
ENSG00000236806	RPL7AP15	INCONSISTENT	BIVALENT	INC→BIV			NOT_EVALUATED_consensus_calls_only
ENSG00000236810	ELOA-AS1	SIMPLE_AND	INCONSISTENT	AND→INC			NOT_EVALUATED_consensus_calls_only
ENSG00000236824	BCYRN1	INCONSISTENT	SIMPLE_AND	INC→AND			NOT_EVALUATED_consensus_calls_only
ENSG00000236829		SIMPLE_AND	INCONSISTENT	AND→INC			NOT_EVALUATED_consensus_calls_only
ENSG00000236859	NIFK-AS1	SIMPLE_AND	INCONSISTENT	AND→INC			NOT_EVALUATED_consensus_calls_only
ENSG00000236863	RPL23AP23	REPRESSED	INCONSISTENT	REP→INC			NOT_EVALUATED_consensus_calls_only
ENSG00000236866	TENT5C-DT	BIVALENT	INCONSISTENT	BIV→INC			NOT_EVALUATED_consensus_calls_only
ENSG00000236869	ZKSCAN7-AS1	COMPLEX	REPRESSED	CPX→REP			NOT_EVALUATED_consensus_calls_only
ENSG00000236894	LINC03028	REPRESSED	BIVALENT	REP→BIV			NOT_EVALUATED_consensus_calls_only
ENSG00000236914	LINC01852	INCONSISTENT	BIVALENT	INC→BIV			NOT_EVALUATED_consensus_calls_only
ENSG00000236924		SIMPLE_AND	REPRESSED	AND→REP			NOT_EVALUATED_consensus_calls_only
ENSG00000237004	ZNRF2P1	INCONSISTENT	SIMPLE_AND	INC→AND			NOT_EVALUATED_consensus_calls_only
ENSG00000237036	ZEB1-AS1	SIMPLE_AND	BIVALENT	AND→BIV			NOT_EVALUATED_consensus_calls_only
ENSG00000237037	NDUFA6-DT	COMPLEX	INCONSISTENT	CPX→INC			NOT_EVALUATED_consensus_calls_only
ENSG00000237125	HAND2-AS1	REPRESSED	INCONSISTENT	REP→INC			NOT_EVALUATED_consensus_calls_only
ENSG00000237172	B3GNT9	SIMPLE_AND	INCONSISTENT	AND→INC			NOT_EVALUATED_consensus_calls_only
ENSG00000237181	PRKAR1B-AS1	SIMPLE_AND	INCONSISTENT	AND→INC			NOT_EVALUATED_consensus_calls_only
ENSG00000237187	NR2F1-AS1	BIVALENT	INCONSISTENT	BIV→INC			NOT_EVALUATED_consensus_calls_only
ENSG00000237188		SIMPLE_AND	INCONSISTENT	AND→INC			NOT_EVALUATED_consensus_calls_only
ENSG00000237276	ANO7L1	REPRESSED	INCONSISTENT	REP→INC			NOT_EVALUATED_consensus_calls_only
ENSG00000237310	LINC03011	INCONSISTENT	SIMPLE_AND	INC→AND			NOT_EVALUATED_consensus_calls_only
ENSG00000237311		INCONSISTENT	COMPLEX	INC→CPX			NOT_EVALUATED_consensus_calls_only
ENSG00000237422		REPRESSED	INCONSISTENT	REP→INC			NOT_EVALUATED_consensus_calls_only
ENSG00000237425	RPSAP2	REPRESSED	INCONSISTENT	REP→INC			NOT_EVALUATED_consensus_calls_only
ENSG00000237457	BRINP3-DT	REPRESSED	INCONSISTENT	REP→INC			NOT_EVALUATED_consensus_calls_only
ENSG00000237491	LINC01409	SIMPLE_AND	INCONSISTENT	AND→INC			NOT_EVALUATED_consensus_calls_only
ENSG00000237499	WAKMAR2	SIMPLE_AND	INCONSISTENT	AND→INC			NOT_EVALUATED_consensus_calls_only
ENSG00000237520	LINC02971	SIMPLE_AND	INCONSISTENT	AND→INC			NOT_EVALUATED_consensus_calls_only
ENSG00000237531		COMPLEX	INCONSISTENT	CPX→INC			NOT_EVALUATED_consensus_calls_only
ENSG00000237575	PYY2	REPRESSED	INCONSISTENT	REP→INC			NOT_EVALUATED_consensus_calls_only
ENSG00000237588		REPRESSED	INCONSISTENT	REP→INC			NOT_EVALUATED_consensus_calls_only
ENSG00000237589	HMGN1P32	REPRESSED	INCONSISTENT	REP→INC			NOT_EVALUATED_consensus_calls_only
ENSG00000237595	LINC01275	SIMPLE_AND	INCONSISTENT	AND→INC			NOT_EVALUATED_consensus_calls_only
ENSG00000237637	FRY-AS1	INCONSISTENT	BIVALENT	INC→BIV			NOT_EVALUATED_consensus_calls_only
ENSG00000237638	LINC02245	SIMPLE_AND	INCONSISTENT	AND→INC			NOT_EVALUATED_consensus_calls_only
ENSG00000237640		REPRESSED	BIVALENT	REP→BIV			NOT_EVALUATED_consensus_calls_only
ENSG00000237686	SCIRT	SIMPLE_AND	INCONSISTENT	AND→INC			NOT_EVALUATED_consensus_calls_only
ENSG00000237742	HEY2-AS1	INCONSISTENT	BIVALENT	INC→BIV			NOT_EVALUATED_consensus_calls_only
ENSG00000237749		INCONSISTENT	COMPLEX	INC→CPX			NOT_EVALUATED_consensus_calls_only
ENSG00000237753	SLC20A1-DT	SIMPLE_AND	INCONSISTENT	AND→INC			NOT_EVALUATED_consensus_calls_only
ENSG00000237765	FAM200B	SIMPLE_AND	INCONSISTENT	AND→INC			NOT_EVALUATED_consensus_calls_only
ENSG00000237813		BIVALENT	INCONSISTENT	BIV→INC			NOT_EVALUATED_consensus_calls_only
ENSG00000237854	LINC00674	BIVALENT	INCONSISTENT	BIV→INC			NOT_EVALUATED_consensus_calls_only
ENSG00000237877	LINC01473	SIMPLE_AND	INCONSISTENT	AND→INC			NOT_EVALUATED_consensus_calls_only
ENSG00000237883	DGUOK-AS1	SIMPLE_AND	INCONSISTENT	AND→INC			NOT_EVALUATED_consensus_calls_only
ENSG00000237886	NALT1	SIMPLE_AND	INCONSISTENT	AND→INC			NOT_EVALUATED_consensus_calls_only
ENSG00000237922		COMPLEX	INCONSISTENT	CPX→INC			NOT_EVALUATED_consensus_calls_only
ENSG00000237928	NFIA-AS2	REPRESSED	INCONSISTENT	REP→INC			NOT_EVALUATED_consensus_calls_only
ENSG00000237943	PRKCQ-AS1	BIVALENT	SIMPLE_AND	BIV→AND			NOT_EVALUATED_consensus_calls_only
ENSG00000237945	LINC00649	SIMPLE_AND	INCONSISTENT	AND→INC			NOT_EVALUATED_consensus_calls_only
ENSG00000237953	RPS13P5	SIMPLE_AND	INCONSISTENT	AND→INC			NOT_EVALUATED_consensus_calls_only
ENSG00000237976	RFX5-AS1	SIMPLE_AND	INCONSISTENT	AND→INC			NOT_EVALUATED_consensus_calls_only
ENSG00000237984	PTENP1	REPRESSED	INCONSISTENT	REP→INC			NOT_EVALUATED_consensus_calls_only
ENSG00000237989	LINC01679	INCONSISTENT	REPRESSED	INC→REP			NOT_EVALUATED_consensus_calls_only
ENSG00000238045	MVP-DT	SIMPLE_AND	INCONSISTENT	AND→INC			NOT_EVALUATED_consensus_calls_only
ENSG00000238057	ZEB2-AS1	BIVALENT	INCONSISTENT	BIV→INC			NOT_EVALUATED_consensus_calls_only
ENSG00000238097	LINC02037	REPRESSED	INCONSISTENT	REP→INC			NOT_EVALUATED_consensus_calls_only
ENSG00000238113	LINC01410	SIMPLE_AND	INCONSISTENT	AND→INC			NOT_EVALUATED_consensus_calls_only
ENSG00000238120	LINC01589	REPRESSED	INCONSISTENT	REP→INC			NOT_EVALUATED_consensus_calls_only
ENSG00000238123	MID1IP1-AS1	SIMPLE_AND	INCONSISTENT	AND→INC			NOT_EVALUATED_consensus_calls_only
ENSG00000238132	GOLM2P1	SIMPLE_AND	INCONSISTENT	AND→INC			NOT_EVALUATED_consensus_calls_only
ENSG00000238160	LINC02863	SIMPLE_AND	INCONSISTENT	AND→INC			NOT_EVALUATED_consensus_calls_only
ENSG00000238164	TNFRSF14-AS1	SIMPLE_AND	INCONSISTENT	AND→INC			NOT_EVALUATED_consensus_calls_only
ENSG00000238197	PAXBP1-AS1	SIMPLE_AND	INCONSISTENT	AND→INC			NOT_EVALUATED_consensus_calls_only
ENSG00000238230	LINC00391	REPRESSED	INCONSISTENT	REP→INC			NOT_EVALUATED_consensus_calls_only
ENSG00000238260		INCONSISTENT	BIVALENT	INC→BIV			NOT_EVALUATED_consensus_calls_only
ENSG00000238363	SNORA13	INCONSISTENT	SIMPLE_AND	INC→AND			NOT_EVALUATED_consensus_calls_only
ENSG00000238754	SCARNA18B	INCONSISTENT	SIMPLE_AND	INC→AND			NOT_EVALUATED_consensus_calls_only
ENSG00000238825	RNVU1-2	INCONSISTENT	SIMPLE_AND	INC→AND			NOT_EVALUATED_consensus_calls_only
ENSG00000238917	SNORD10	INCONSISTENT	SIMPLE_AND	INC→AND			NOT_EVALUATED_consensus_calls_only
ENSG00000238942	SNORD2	COMPLEX	INCONSISTENT	CPX→INC			NOT_EVALUATED_consensus_calls_only
ENSG00000239053	RNU7-138P	INCONSISTENT	REPRESSED	INC→REP			NOT_EVALUATED_consensus_calls_only
ENSG00000239183	SNORA84	INCONSISTENT	SIMPLE_AND	INC→AND			NOT_EVALUATED_consensus_calls_only
ENSG00000239213	NCK1-DT	SIMPLE_AND	INCONSISTENT	AND→INC			NOT_EVALUATED_consensus_calls_only
ENSG00000239219		COMPLEX	INCONSISTENT	CPX→INC			NOT_EVALUATED_consensus_calls_only
ENSG00000239255		BIVALENT	INCONSISTENT	BIV→INC			NOT_EVALUATED_consensus_calls_only
ENSG00000239280		SIMPLE_AND	INCONSISTENT	AND→INC			NOT_EVALUATED_consensus_calls_only
ENSG00000239282	CASTOR1	SIMPLE_AND	INCONSISTENT	AND→INC			NOT_EVALUATED_consensus_calls_only
ENSG00000239305	RNF103	SIMPLE_AND	INCONSISTENT	AND→INC			NOT_EVALUATED_consensus_calls_only
ENSG00000239335	LLPH-DT	COMPLEX	INCONSISTENT	CPX→INC			NOT_EVALUATED_consensus_calls_only
ENSG00000239396	RN7SL414P	SIMPLE_AND	INCONSISTENT	AND→INC			NOT_EVALUATED_consensus_calls_only
ENSG00000239415		SIMPLE_OR	INCONSISTENT	OR→INC			NOT_EVALUATED_consensus_calls_only
ENSG00000239419	RN7SL535P	SIMPLE_AND	INCONSISTENT	AND→INC			NOT_EVALUATED_consensus_calls_only
ENSG00000239445	ST3GAL6-AS1	INCONSISTENT	REPRESSED	INC→REP			NOT_EVALUATED_consensus_calls_only
ENSG00000239521	CASTOR3P	SIMPLE_AND	INCONSISTENT	AND→INC			NOT_EVALUATED_consensus_calls_only
ENSG00000239523	MYLK-AS1	SIMPLE_AND	INCONSISTENT	AND→INC			NOT_EVALUATED_consensus_calls_only
ENSG00000239569	KMT2E-AS1	SIMPLE_AND	INCONSISTENT	AND→INC			NOT_EVALUATED_consensus_calls_only
ENSG00000239572		REPRESSED	INCONSISTENT	REP→INC			NOT_EVALUATED_consensus_calls_only
ENSG00000239672	NME1	COMPLEX	SIMPLE_AND	CPX→AND			NOT_EVALUATED_consensus_calls_only
ENSG00000239713	APOBEC3G	SIMPLE_AND	INCONSISTENT	AND→INC			NOT_EVALUATED_consensus_calls_only
ENSG00000239779	WBP1	SIMPLE_AND	INCONSISTENT	AND→INC			NOT_EVALUATED_consensus_calls_only
ENSG00000239789	MRPS17	SIMPLE_AND	INCONSISTENT	AND→INC			NOT_EVALUATED_consensus_calls_only
ENSG00000239881	RPS27P25	REPRESSED	BIVALENT	REP→BIV			NOT_EVALUATED_consensus_calls_only
ENSG00000239883	PARGP1	SIMPLE_AND	INCONSISTENT	AND→INC			NOT_EVALUATED_consensus_calls_only
ENSG00000239930	RSPH1-DT	INCONSISTENT	BIVALENT	INC→BIV			NOT_EVALUATED_consensus_calls_only
ENSG00000240024	LINC00888	REPRESSED	INCONSISTENT	REP→INC			NOT_EVALUATED_consensus_calls_only
ENSG00000240057	NEPRO-AS1	SIMPLE_AND	INCONSISTENT	AND→INC			NOT_EVALUATED_consensus_calls_only
ENSG00000240065	PSMB9	SIMPLE_AND	INCONSISTENT	AND→INC			NOT_EVALUATED_consensus_calls_only
ENSG00000240125	RPL23AP75	REPRESSED	INCONSISTENT	REP→INC			NOT_EVALUATED_consensus_calls_only
ENSG00000240230	COX19	SIMPLE_AND	INCONSISTENT	AND→INC			NOT_EVALUATED_consensus_calls_only
ENSG00000240280	TCAM1P	REPRESSED	INCONSISTENT	REP→INC			NOT_EVALUATED_consensus_calls_only
ENSG00000240303	ACAD11	SIMPLE_AND	INCONSISTENT	AND→INC			NOT_EVALUATED_consensus_calls_only
ENSG00000240344	PPIL3	COMPLEX	SIMPLE_AND	CPX→AND			NOT_EVALUATED_consensus_calls_only
ENSG00000240356	RPL23AP7	SIMPLE_AND	INCONSISTENT	AND→INC			NOT_EVALUATED_consensus_calls_only
ENSG00000240370	RPL13P5	SIMPLE_AND	INCONSISTENT	AND→INC			NOT_EVALUATED_consensus_calls_only
ENSG00000240429	LRRFIP1P1	SIMPLE_AND	INCONSISTENT	AND→INC			NOT_EVALUATED_consensus_calls_only
ENSG00000240505	TNFRSF13B	SIMPLE_AND	REPRESSED	AND→REP			NOT_EVALUATED_consensus_calls_only
ENSG00000240616	RPS6P25	SIMPLE_OR	INCONSISTENT	OR→INC			NOT_EVALUATED_consensus_calls_only
ENSG00000240758	HILPDA-AS1	SIMPLE_AND	INCONSISTENT	AND→INC			NOT_EVALUATED_consensus_calls_only
ENSG00000240771	ARHGEF25	SIMPLE_OR	INCONSISTENT	OR→INC			NOT_EVALUATED_consensus_calls_only
ENSG00000240857	RDH14	SIMPLE_AND	INCONSISTENT	AND→INC			NOT_EVALUATED_consensus_calls_only
ENSG00000240859	LINC03014	COMPLEX	INCONSISTENT	CPX→INC			NOT_EVALUATED_consensus_calls_only
ENSG00000241015	TPM3P9	SIMPLE_AND	INCONSISTENT	AND→INC			NOT_EVALUATED_consensus_calls_only
ENSG00000241102		INCONSISTENT	REPRESSED	INC→REP			NOT_EVALUATED_consensus_calls_only
ENSG00000241112	RPL29P14	SIMPLE_OR	INCONSISTENT	OR→INC			NOT_EVALUATED_consensus_calls_only
ENSG00000241114		INCONSISTENT	COMPLEX	INC→CPX			NOT_EVALUATED_consensus_calls_only
ENSG00000241123	KRTAP10-5	REPRESSED	INCONSISTENT	REP→INC			NOT_EVALUATED_consensus_calls_only
ENSG00000241127	YAE1	SIMPLE_AND	INCONSISTENT	AND→INC			NOT_EVALUATED_consensus_calls_only
ENSG00000241129	RPL22P19	SIMPLE_AND	INCONSISTENT	AND→INC			NOT_EVALUATED_consensus_calls_only
ENSG00000241135	LINC00881	SIMPLE_AND	INCONSISTENT	AND→INC			NOT_EVALUATED_consensus_calls_only
ENSG00000241155	ARHGAP31-AS1	COMPLEX	INCONSISTENT	CPX→INC			NOT_EVALUATED_consensus_calls_only
ENSG00000241159	RN7SL160P	BIVALENT	INCONSISTENT	BIV→INC			NOT_EVALUATED_consensus_calls_only
ENSG00000241233	KRTAP5-8	INCONSISTENT	REPRESSED	INC→REP			NOT_EVALUATED_consensus_calls_only
ENSG00000241269		REPRESSED	INCONSISTENT	REP→INC			NOT_EVALUATED_consensus_calls_only
ENSG00000241288	LINC02614	SIMPLE_AND	INCONSISTENT	AND→INC			NOT_EVALUATED_consensus_calls_only
ENSG00000241362	RPL36AP43	SIMPLE_OR	REPRESSED	OR→REP			NOT_EVALUATED_consensus_calls_only
ENSG00000241399	CD302	SIMPLE_OR	BIVALENT	OR→BIV			NOT_EVALUATED_consensus_calls_only
ENSG00000241489		SIMPLE_AND	INCONSISTENT	AND→INC			NOT_EVALUATED_consensus_calls_only
ENSG00000241524	RN7SL632P	INCONSISTENT	REPRESSED	INC→REP			NOT_EVALUATED_consensus_calls_only
ENSG00000241547	ACTG1P20	SIMPLE_OR	INCONSISTENT	OR→INC			NOT_EVALUATED_consensus_calls_only
ENSG00000241573		INCONSISTENT	REPRESSED	INC→REP			NOT_EVALUATED_consensus_calls_only
ENSG00000241666		SIMPLE_AND	INCONSISTENT	AND→INC			NOT_EVALUATED_consensus_calls_only
ENSG00000241679		SIMPLE_AND	COMPLEX	AND→CPX			NOT_EVALUATED_consensus_calls_only
ENSG00000241684	ADAMTS9-AS2	REPRESSED	INCONSISTENT	REP→INC			NOT_EVALUATED_consensus_calls_only
ENSG00000241697	TMEFF1	BIVALENT	INCONSISTENT	BIV→INC			NOT_EVALUATED_consensus_calls_only
ENSG00000241769	EOLA1-DT	SIMPLE_AND	INCONSISTENT	AND→INC			NOT_EVALUATED_consensus_calls_only
ENSG00000241839	PLEKHO2	SIMPLE_AND	INCONSISTENT	AND→INC			NOT_EVALUATED_consensus_calls_only
ENSG00000241852	C8orf58	SIMPLE_OR	INCONSISTENT	OR→INC			NOT_EVALUATED_consensus_calls_only
ENSG00000241917		COMPLEX	REPRESSED	CPX→REP			NOT_EVALUATED_consensus_calls_only
ENSG00000241921		COMPLEX	REPRESSED	CPX→REP			NOT_EVALUATED_consensus_calls_only
ENSG00000242073		SIMPLE_AND	INCONSISTENT	AND→INC			NOT_EVALUATED_consensus_calls_only
ENSG00000242086	MUC20-OT1	SIMPLE_OR	SIMPLE_AND	OR→AND			NOT_EVALUATED_consensus_calls_only
ENSG00000242104	LRRC78P	REPRESSED	BIVALENT	REP→BIV			NOT_EVALUATED_consensus_calls_only
ENSG00000242110	AMACR	SIMPLE_AND	INCONSISTENT	AND→INC			NOT_EVALUATED_consensus_calls_only
ENSG00000242193	CRYZL2P	REPRESSED	INCONSISTENT	REP→INC			NOT_EVALUATED_consensus_calls_only
ENSG00000242207	HOXB-AS4	REPRESSED	INCONSISTENT	REP→INC			NOT_EVALUATED_consensus_calls_only
ENSG00000242242	NECTIN3-AS1	REPRESSED	INCONSISTENT	REP→INC			NOT_EVALUATED_consensus_calls_only
ENSG00000242251	RN7SL20P	SIMPLE_AND	INCONSISTENT	AND→INC			NOT_EVALUATED_consensus_calls_only
ENSG00000242258	LINC00996	SIMPLE_AND	INCONSISTENT	AND→INC			NOT_EVALUATED_consensus_calls_only
ENSG00000242265	PEG10	SIMPLE_AND	INCONSISTENT	AND→INC			NOT_EVALUATED_consensus_calls_only
ENSG00000242288	BMS1P4-AGAP5	SIMPLE_AND	INCONSISTENT	AND→INC			NOT_EVALUATED_consensus_calls_only
ENSG00000242299		SIMPLE_AND	INCONSISTENT	AND→INC			NOT_EVALUATED_consensus_calls_only
ENSG00000242338	BMS1P4	SIMPLE_AND	INCONSISTENT	AND→INC			NOT_EVALUATED_consensus_calls_only
ENSG00000242474	LINC03015	COMPLEX	INCONSISTENT	CPX→INC			NOT_EVALUATED_consensus_calls_only
ENSG00000242485	MRPL20	SIMPLE_AND	COMPLEX	AND→CPX			NOT_EVALUATED_consensus_calls_only
ENSG00000242553		SIMPLE_AND	INCONSISTENT	AND→INC			NOT_EVALUATED_consensus_calls_only
ENSG00000242574	HLA-DMB	SIMPLE_AND	REPRESSED	AND→REP			NOT_EVALUATED_consensus_calls_only
ENSG00000242612	DECR2	SIMPLE_AND	INCONSISTENT	AND→INC			NOT_EVALUATED_consensus_calls_only
ENSG00000242616	GNG10	SIMPLE_OR	INCONSISTENT	OR→INC			NOT_EVALUATED_consensus_calls_only
ENSG00000242622	GSK3B-DT	SIMPLE_AND	INCONSISTENT	AND→INC			NOT_EVALUATED_consensus_calls_only
ENSG00000242715	CCDC169	BIVALENT	INCONSISTENT	BIV→INC			NOT_EVALUATED_consensus_calls_only
ENSG00000242802	AP5Z1	SIMPLE_AND	INCONSISTENT	AND→INC			NOT_EVALUATED_consensus_calls_only
ENSG00000242808	SOX2-OT	SIMPLE_AND	INCONSISTENT	AND→INC			NOT_EVALUATED_consensus_calls_only
ENSG00000243018		REPRESSED	INCONSISTENT	REP→INC			NOT_EVALUATED_consensus_calls_only
ENSG00000243069	ARHGEF26-AS1	BIVALENT	INCONSISTENT	BIV→INC			NOT_EVALUATED_consensus_calls_only
ENSG00000243147	MRPL33	SIMPLE_AND	INCONSISTENT	AND→INC			NOT_EVALUATED_consensus_calls_only
ENSG00000243176		SIMPLE_AND	INCONSISTENT	AND→INC			NOT_EVALUATED_consensus_calls_only
ENSG00000243207	PPAN-P2RY11	SIMPLE_AND	INCONSISTENT	AND→INC			NOT_EVALUATED_consensus_calls_only
ENSG00000243224	TWF2-DT	SIMPLE_AND	INCONSISTENT	AND→INC			NOT_EVALUATED_consensus_calls_only
ENSG00000243276		COMPLEX	INCONSISTENT	CPX→INC			NOT_EVALUATED_consensus_calls_only
ENSG00000243323	PTPRVP	SIMPLE_OR	INCONSISTENT	OR→INC			NOT_EVALUATED_consensus_calls_only
ENSG00000243335	KCTD7	COMPLEX	SIMPLE_AND	CPX→AND			NOT_EVALUATED_consensus_calls_only
ENSG00000243364	EFNA4	SIMPLE_AND	INCONSISTENT	AND→INC			NOT_EVALUATED_consensus_calls_only
ENSG00000243406	MRPS31P5	SIMPLE_AND	INCONSISTENT	AND→INC			NOT_EVALUATED_consensus_calls_only
ENSG00000243417	RPS3AP18	INCONSISTENT	REPRESSED	INC→REP			NOT_EVALUATED_consensus_calls_only
ENSG00000243449	C4orf48	BIVALENT	SIMPLE_OR	BIV→OR			NOT_EVALUATED_consensus_calls_only
ENSG00000243477	NAA80	SIMPLE_AND	INCONSISTENT	AND→INC			NOT_EVALUATED_consensus_calls_only
ENSG00000243562	RN7SL838P	SIMPLE_AND	INCONSISTENT	AND→INC			NOT_EVALUATED_consensus_calls_only
ENSG00000243667	DNAAF10	SIMPLE_AND	INCONSISTENT	AND→INC			NOT_EVALUATED_consensus_calls_only
ENSG00000243710	CFAP57	SIMPLE_AND	INCONSISTENT	AND→INC			NOT_EVALUATED_consensus_calls_only
ENSG00000243738	RN7SL181P	SIMPLE_AND	INCONSISTENT	AND→INC			NOT_EVALUATED_consensus_calls_only
ENSG00000243749	TMEM35B	SIMPLE_AND	INCONSISTENT	AND→INC			NOT_EVALUATED_consensus_calls_only
ENSG00000243753	HLA-L	SIMPLE_AND	REPRESSED	AND→REP			NOT_EVALUATED_consensus_calls_only
ENSG00000243766	HOTTIP	REPRESSED	INCONSISTENT	REP→INC			NOT_EVALUATED_consensus_calls_only
ENSG00000243789	JMJD7	SIMPLE_AND	INCONSISTENT	AND→INC			NOT_EVALUATED_consensus_calls_only
ENSG00000243811	APOBEC3D	SIMPLE_AND	INCONSISTENT	AND→INC			NOT_EVALUATED_consensus_calls_only
ENSG00000243845	RN7SL30P	SIMPLE_AND	INCONSISTENT	AND→INC			NOT_EVALUATED_consensus_calls_only
ENSG00000243902	ELFN2	REPRESSED	INCONSISTENT	REP→INC			NOT_EVALUATED_consensus_calls_only
ENSG00000244026	FAM86DP	SIMPLE_AND	INCONSISTENT	AND→INC			NOT_EVALUATED_consensus_calls_only
ENSG00000244040	IL12A-AS1	BIVALENT	INCONSISTENT	BIV→INC			NOT_EVALUATED_consensus_calls_only
ENSG00000244045	TMEM199	SIMPLE_AND	INCONSISTENT	AND→INC			NOT_EVALUATED_consensus_calls_only
ENSG00000244061		SIMPLE_OR	REPRESSED	OR→REP			NOT_EVALUATED_consensus_calls_only
ENSG00000244119	PDCL3P4	SIMPLE_AND	INCONSISTENT	AND→INC			NOT_EVALUATED_consensus_calls_only
ENSG00000244239	ICA1-AS1	BIVALENT	INCONSISTENT	BIV→INC			NOT_EVALUATED_consensus_calls_only
ENSG00000244267	RPL34P22	INCONSISTENT	REPRESSED	INC→REP			NOT_EVALUATED_consensus_calls_only
ENSG00000244274	DBNDD2	BIVALENT	SIMPLE_AND	BIV→AND			NOT_EVALUATED_consensus_calls_only
ENSG00000244300	GATA2-AS1	REPRESSED	SIMPLE_AND	REP→AND			NOT_EVALUATED_consensus_calls_only
ENSG00000244436		COMPLEX	INCONSISTENT	CPX→INC			NOT_EVALUATED_consensus_calls_only
ENSG00000244534	RN7SL211P	SIMPLE_OR	REPRESSED	OR→REP			NOT_EVALUATED_consensus_calls_only
ENSG00000244558	KCNK15-AS1	REPRESSED	INCONSISTENT	REP→INC			NOT_EVALUATED_consensus_calls_only
ENSG00000244560		SIMPLE_OR	INCONSISTENT	OR→INC			NOT_EVALUATED_consensus_calls_only
ENSG00000244578	LINC01391	REPRESSED	INCONSISTENT	REP→INC			NOT_EVALUATED_consensus_calls_only
ENSG00000244625	MIATNB	SIMPLE_AND	INCONSISTENT	AND→INC			NOT_EVALUATED_consensus_calls_only
ENSG00000244879	GABPB1-AS1	SIMPLE_AND	INCONSISTENT	AND→INC			NOT_EVALUATED_consensus_calls_only
ENSG00000244968	LIFR-AS1	REPRESSED	BIVALENT	REP→BIV			NOT_EVALUATED_consensus_calls_only
ENSG00000245060	LINC00847	SIMPLE_AND	COMPLEX	AND→CPX			NOT_EVALUATED_consensus_calls_only
ENSG00000245067	IGFBP7-AS1	REPRESSED	INCONSISTENT	REP→INC			NOT_EVALUATED_consensus_calls_only
ENSG00000245149	RNF139-DT	COMPLEX	INCONSISTENT	CPX→INC			NOT_EVALUATED_consensus_calls_only
ENSG00000245213	GALNT7-DT	SIMPLE_AND	INCONSISTENT	AND→INC			NOT_EVALUATED_consensus_calls_only
ENSG00000245275	SAP30L-AS1	SIMPLE_AND	INCONSISTENT	AND→INC			NOT_EVALUATED_consensus_calls_only
ENSG00000245317	MRNIP-DT	SIMPLE_AND	INCONSISTENT	AND→INC			NOT_EVALUATED_consensus_calls_only
ENSG00000245466	TTC9-DT	SIMPLE_AND	BIVALENT	AND→BIV			NOT_EVALUATED_consensus_calls_only
ENSG00000245468	LINC02447	BIVALENT	INCONSISTENT	BIV→INC			NOT_EVALUATED_consensus_calls_only
ENSG00000245498	MSANTD2-AS1	SIMPLE_AND	INCONSISTENT	AND→INC			NOT_EVALUATED_consensus_calls_only
ENSG00000245526	LINC00461	REPRESSED	BIVALENT	REP→BIV			NOT_EVALUATED_consensus_calls_only
ENSG00000245534	RORA-AS1	SIMPLE_AND	INCONSISTENT	AND→INC			NOT_EVALUATED_consensus_calls_only
ENSG00000245552	LNCRNA-IUR	SIMPLE_AND	INCONSISTENT	AND→INC			NOT_EVALUATED_consensus_calls_only
ENSG00000245556	SCAMP1-AS1	SIMPLE_AND	INCONSISTENT	AND→INC			NOT_EVALUATED_consensus_calls_only
ENSG00000245571	FAM111A-DT	SIMPLE_AND	INCONSISTENT	AND→INC			NOT_EVALUATED_consensus_calls_only
ENSG00000245573	BDNF-AS	SIMPLE_AND	INCONSISTENT	AND→INC			NOT_EVALUATED_consensus_calls_only
ENSG00000245614	DDX11-AS1	SIMPLE_AND	INCONSISTENT	AND→INC			NOT_EVALUATED_consensus_calls_only
ENSG00000245648	KLRK1-AS1	SIMPLE_AND	INCONSISTENT	AND→INC			NOT_EVALUATED_consensus_calls_only
ENSG00000245680	ZNF585B	COMPLEX	INCONSISTENT	CPX→INC			NOT_EVALUATED_consensus_calls_only
ENSG00000245685	FRG1-DT	SIMPLE_AND	INCONSISTENT	AND→INC			NOT_EVALUATED_consensus_calls_only
ENSG00000245848	CEBPA	BIVALENT	INCONSISTENT	BIV→INC			NOT_EVALUATED_consensus_calls_only
ENSG00000245849	RAD51-AS1	SIMPLE_AND	INCONSISTENT	AND→INC			NOT_EVALUATED_consensus_calls_only
ENSG00000245857	GS1-24F4.2	INCONSISTENT	BIVALENT	INC→BIV			NOT_EVALUATED_consensus_calls_only
ENSG00000245864	MEF2C-AS2	BIVALENT	INCONSISTENT	BIV→INC			NOT_EVALUATED_consensus_calls_only
ENSG00000245869		REPRESSED	INCONSISTENT	REP→INC			NOT_EVALUATED_consensus_calls_only
ENSG00000245888	NSMCE1-DT	SIMPLE_AND	INCONSISTENT	AND→INC			NOT_EVALUATED_consensus_calls_only
ENSG00000245904	BTG1-DT	SIMPLE_AND	INCONSISTENT	AND→INC			NOT_EVALUATED_consensus_calls_only
ENSG00000245937	SLC12A2-DT	SIMPLE_AND	INCONSISTENT	AND→INC			NOT_EVALUATED_consensus_calls_only
ENSG00000246067	RAB30-DT	SIMPLE_AND	INCONSISTENT	AND→INC			NOT_EVALUATED_consensus_calls_only
ENSG00000246089	MCPH1-DT	COMPLEX	INCONSISTENT	CPX→INC			NOT_EVALUATED_consensus_calls_only
ENSG00000246090		COMPLEX	INCONSISTENT	CPX→INC			NOT_EVALUATED_consensus_calls_only
ENSG00000246095	LINC01096	BIVALENT	INCONSISTENT	BIV→INC			NOT_EVALUATED_consensus_calls_only
ENSG00000246145	RRS1-DT	SIMPLE_AND	INCONSISTENT	AND→INC			NOT_EVALUATED_consensus_calls_only
ENSG00000246174	KCTD21-AS1	SIMPLE_AND	INCONSISTENT	AND→INC			NOT_EVALUATED_consensus_calls_only
ENSG00000246214	RETREG1-AS1	INCONSISTENT	REPRESSED	INC→REP			NOT_EVALUATED_consensus_calls_only
ENSG00000246225		SIMPLE_AND	INCONSISTENT	AND→INC			NOT_EVALUATED_consensus_calls_only
ENSG00000246263	UBR5-DT	SIMPLE_AND	INCONSISTENT	AND→INC			NOT_EVALUATED_consensus_calls_only
ENSG00000246273	SBF2-AS1	SIMPLE_AND	INCONSISTENT	AND→INC			NOT_EVALUATED_consensus_calls_only
ENSG00000246334	PRR7-AS1	SIMPLE_AND	INCONSISTENT	AND→INC			NOT_EVALUATED_consensus_calls_only
ENSG00000246366	LACTB2-AS1	SIMPLE_AND	INCONSISTENT	AND→INC			NOT_EVALUATED_consensus_calls_only
ENSG00000246379	GNAO1-DT	REPRESSED	INCONSISTENT	REP→INC			NOT_EVALUATED_consensus_calls_only
ENSG00000246465		BIVALENT	INCONSISTENT	BIV→INC			NOT_EVALUATED_consensus_calls_only
ENSG00000246523	FZD4-DT	BIVALENT	INCONSISTENT	BIV→INC			NOT_EVALUATED_consensus_calls_only
ENSG00000246528	SLCO5A1-AS1	SIMPLE_AND	REPRESSED	AND→REP			NOT_EVALUATED_consensus_calls_only
ENSG00000246582	TNFRSF10A-DT	SIMPLE_OR	SIMPLE_AND	OR→AND			NOT_EVALUATED_consensus_calls_only
ENSG00000246627	CACNA1C-AS1	BIVALENT	REPRESSED	BIV→REP			NOT_EVALUATED_consensus_calls_only
ENSG00000246640	PICART1	INCONSISTENT	BIVALENT	INC→BIV			NOT_EVALUATED_consensus_calls_only
ENSG00000246662	CIBAR1-DT	INCONSISTENT	BIVALENT	INC→BIV			NOT_EVALUATED_consensus_calls_only
ENSG00000246731	MGC16275	SIMPLE_AND	INCONSISTENT	AND→INC			NOT_EVALUATED_consensus_calls_only
ENSG00000246763	RGMB-AS1	INCONSISTENT	BIVALENT	INC→BIV			NOT_EVALUATED_consensus_calls_only
ENSG00000246790	SORL1-AS1	SIMPLE_AND	REPRESSED	AND→REP			NOT_EVALUATED_consensus_calls_only
ENSG00000246820	RIC3-DT	INCONSISTENT	REPRESSED	INC→REP			NOT_EVALUATED_consensus_calls_only
ENSG00000246863	GPR176-DT	BIVALENT	INCONSISTENT	BIV→INC			NOT_EVALUATED_consensus_calls_only
ENSG00000246982	BRPF3-AS1	SIMPLE_AND	INCONSISTENT	AND→INC			NOT_EVALUATED_consensus_calls_only
ENSG00000246985	SOCS2-AS1	BIVALENT	INCONSISTENT	BIV→INC			NOT_EVALUATED_consensus_calls_only
ENSG00000247095	MIR210HG	SIMPLE_AND	INCONSISTENT	AND→INC			NOT_EVALUATED_consensus_calls_only
ENSG00000247121		SIMPLE_AND	INCONSISTENT	AND→INC			NOT_EVALUATED_consensus_calls_only
ENSG00000247137	ANKRD42-DT	SIMPLE_AND	INCONSISTENT	AND→INC			NOT_EVALUATED_consensus_calls_only
ENSG00000247151	CSTF3-DT	SIMPLE_AND	COMPLEX	AND→CPX			NOT_EVALUATED_consensus_calls_only
ENSG00000247240	UBL7-DT	SIMPLE_AND	INCONSISTENT	AND→INC			NOT_EVALUATED_consensus_calls_only
ENSG00000247271	ZBED5-AS1	SIMPLE_AND	INCONSISTENT	AND→INC			NOT_EVALUATED_consensus_calls_only
ENSG00000247287	PRKCH-AS1	SIMPLE_AND	INCONSISTENT	AND→INC			NOT_EVALUATED_consensus_calls_only
ENSG00000247317	LY6E-DT	SIMPLE_AND	INCONSISTENT	AND→INC			NOT_EVALUATED_consensus_calls_only
ENSG00000247345		BIVALENT	REPRESSED	BIV→REP			NOT_EVALUATED_consensus_calls_only
ENSG00000247363	NUP107-DT	SIMPLE_AND	INCONSISTENT	AND→INC			NOT_EVALUATED_consensus_calls_only
ENSG00000247373	TMED2-DT	SIMPLE_AND	INCONSISTENT	AND→INC			NOT_EVALUATED_consensus_calls_only
ENSG00000247400	DNAJC3-DT	SIMPLE_AND	INCONSISTENT	AND→INC			NOT_EVALUATED_consensus_calls_only
ENSG00000247572	CKMT2-AS1	SIMPLE_AND	INCONSISTENT	AND→INC			NOT_EVALUATED_consensus_calls_only
ENSG00000247596	TWF2	SIMPLE_AND	SIMPLE_OR	AND→OR			NOT_EVALUATED_consensus_calls_only
ENSG00000247708	STX18-AS1	SIMPLE_AND	INCONSISTENT	AND→INC			NOT_EVALUATED_consensus_calls_only
ENSG00000247728	ARHGAP11B-DT	SIMPLE_AND	INCONSISTENT	AND→INC			NOT_EVALUATED_consensus_calls_only
ENSG00000247735	KCTD13-DT	SIMPLE_AND	INCONSISTENT	AND→INC			NOT_EVALUATED_consensus_calls_only
ENSG00000247746	USP51	SIMPLE_AND	INCONSISTENT	AND→INC			NOT_EVALUATED_consensus_calls_only
ENSG00000247774	PCED1B-AS1	SIMPLE_AND	INCONSISTENT	AND→INC			NOT_EVALUATED_consensus_calls_only
ENSG00000247775	SNCA-AS1	REPRESSED	INCONSISTENT	REP→INC			NOT_EVALUATED_consensus_calls_only
ENSG00000247796	MOCS2-DT	SIMPLE_AND	INCONSISTENT	AND→INC			NOT_EVALUATED_consensus_calls_only
ENSG00000247809	NR2F2-AS1	BIVALENT	INCONSISTENT	BIV→INC			NOT_EVALUATED_consensus_calls_only
ENSG00000247877	FAM174A-DT	SIMPLE_AND	INCONSISTENT	AND→INC			NOT_EVALUATED_consensus_calls_only
ENSG00000247934		SIMPLE_AND	INCONSISTENT	AND→INC			NOT_EVALUATED_consensus_calls_only
ENSG00000247950	SEC24B-AS1	SIMPLE_AND	INCONSISTENT	AND→INC			NOT_EVALUATED_consensus_calls_only
ENSG00000247970		SIMPLE_OR	INCONSISTENT	OR→INC			NOT_EVALUATED_consensus_calls_only
ENSG00000247993	FOXD1-AS1	REPRESSED	BIVALENT	REP→BIV			NOT_EVALUATED_consensus_calls_only
ENSG00000248008	NRAV	SIMPLE_AND	INCONSISTENT	AND→INC			NOT_EVALUATED_consensus_calls_only
ENSG00000248049	UBA6-DT	SIMPLE_AND	INCONSISTENT	AND→INC			NOT_EVALUATED_consensus_calls_only
ENSG00000248127	SV2C-AS1	BIVALENT	REPRESSED	BIV→REP			NOT_EVALUATED_consensus_calls_only
ENSG00000248268		COMPLEX	INCONSISTENT	CPX→INC			NOT_EVALUATED_consensus_calls_only
ENSG00000248275	TRIM52-AS1	SIMPLE_AND	INCONSISTENT	AND→INC			NOT_EVALUATED_consensus_calls_only
ENSG00000248278	SUMO2P17	SIMPLE_AND	INCONSISTENT	AND→INC			NOT_EVALUATED_consensus_calls_only
ENSG00000248309	MEF2C-AS1	SIMPLE_AND	INCONSISTENT	AND→INC			NOT_EVALUATED_consensus_calls_only
ENSG00000248333	CDK11B	SIMPLE_AND	INCONSISTENT	AND→INC			NOT_EVALUATED_consensus_calls_only
ENSG00000248334	WHAMMP2	SIMPLE_OR	INCONSISTENT	OR→INC			NOT_EVALUATED_consensus_calls_only
ENSG00000248405	PRR5-ARHGAP8	BIVALENT	INCONSISTENT	BIV→INC			NOT_EVALUATED_consensus_calls_only
ENSG00000248485	PCP4L1	COMPLEX	REPRESSED	CPX→REP			NOT_EVALUATED_consensus_calls_only
ENSG00000248487	ABHD14A	SIMPLE_OR	INCONSISTENT	OR→INC			NOT_EVALUATED_consensus_calls_only
ENSG00000248503	C4orf46P2	SIMPLE_AND	INCONSISTENT	AND→INC			NOT_EVALUATED_consensus_calls_only
ENSG00000248508	SRP14-DT	SIMPLE_AND	INCONSISTENT	AND→INC			NOT_EVALUATED_consensus_calls_only
ENSG00000248592	STIMATE-MUSTN1	SIMPLE_AND	INCONSISTENT	AND→INC			NOT_EVALUATED_consensus_calls_only
ENSG00000248671	ALG1L9P	SIMPLE_AND	INCONSISTENT	AND→INC			NOT_EVALUATED_consensus_calls_only
ENSG00000248672	LY75-CD302	SIMPLE_AND	REPRESSED	AND→REP			NOT_EVALUATED_consensus_calls_only
ENSG00000248693	LINC02100	COMPLEX	INCONSISTENT	CPX→INC			NOT_EVALUATED_consensus_calls_only
ENSG00000248727	LINC01948	INCONSISTENT	REPRESSED	INC→REP			NOT_EVALUATED_consensus_calls_only
ENSG00000248738		BIVALENT	REPRESSED	BIV→REP			NOT_EVALUATED_consensus_calls_only
ENSG00000248783		REPRESSED	INCONSISTENT	REP→INC			NOT_EVALUATED_consensus_calls_only
ENSG00000248866	USP46-DT	SIMPLE_AND	INCONSISTENT	AND→INC			NOT_EVALUATED_consensus_calls_only
ENSG00000248884		COMPLEX	INCONSISTENT	CPX→INC			NOT_EVALUATED_consensus_calls_only
ENSG00000248905	FMN1	BIVALENT	INCONSISTENT	BIV→INC			NOT_EVALUATED_consensus_calls_only
ENSG00000248919	ATP5MF-PTCD1	SIMPLE_AND	INCONSISTENT	AND→INC			NOT_EVALUATED_consensus_calls_only
ENSG00000248932	COPB2-DT	COMPLEX	INCONSISTENT	CPX→INC			NOT_EVALUATED_consensus_calls_only
ENSG00000248994		REPRESSED	COMPLEX	REP→CPX			NOT_EVALUATED_consensus_calls_only
ENSG00000249035	CLMAT3	INCONSISTENT	REPRESSED	INC→REP			NOT_EVALUATED_consensus_calls_only
ENSG00000249069	LINC01033	SIMPLE_OR	INCONSISTENT	OR→INC			NOT_EVALUATED_consensus_calls_only
ENSG00000249087	ZNF436-AS1	SIMPLE_AND	INCONSISTENT	AND→INC			NOT_EVALUATED_consensus_calls_only
ENSG00000249115	HAUS5	SIMPLE_AND	INCONSISTENT	AND→INC			NOT_EVALUATED_consensus_calls_only
ENSG00000249213		INCONSISTENT	REPRESSED	INC→REP			NOT_EVALUATED_consensus_calls_only
ENSG00000249307	LINC01088	SIMPLE_OR	INCONSISTENT	OR→INC			NOT_EVALUATED_consensus_calls_only
ENSG00000249451		INCONSISTENT	REPRESSED	INC→REP			NOT_EVALUATED_consensus_calls_only
ENSG00000249481	SPATS1	REPRESSED	BIVALENT	REP→BIV			NOT_EVALUATED_consensus_calls_only
ENSG00000249492		SIMPLE_AND	INCONSISTENT	AND→INC			NOT_EVALUATED_consensus_calls_only
ENSG00000249494	DMXL1-DT	SIMPLE_AND	INCONSISTENT	AND→INC			NOT_EVALUATED_consensus_calls_only
ENSG00000249502	MED28-DT	SIMPLE_AND	INCONSISTENT	AND→INC			NOT_EVALUATED_consensus_calls_only
ENSG00000249572	TARS1-DT	SIMPLE_AND	INCONSISTENT	AND→INC			NOT_EVALUATED_consensus_calls_only
ENSG00000249592	PCGF3-AS1	SIMPLE_AND	INCONSISTENT	AND→INC			NOT_EVALUATED_consensus_calls_only
ENSG00000249641	HOXC13-AS	REPRESSED	INCONSISTENT	REP→INC			NOT_EVALUATED_consensus_calls_only
ENSG00000249673	NOP14-AS1	SIMPLE_AND	INCONSISTENT	AND→INC			NOT_EVALUATED_consensus_calls_only
ENSG00000249679		INCONSISTENT	BIVALENT	INC→BIV			NOT_EVALUATED_consensus_calls_only
ENSG00000249693	THEGL	REPRESSED	INCONSISTENT	REP→INC			NOT_EVALUATED_consensus_calls_only
ENSG00000249741		SIMPLE_AND	INCONSISTENT	AND→INC			NOT_EVALUATED_consensus_calls_only
ENSG00000249743		REPRESSED	BIVALENT	REP→BIV			NOT_EVALUATED_consensus_calls_only
ENSG00000249773		COMPLEX	INCONSISTENT	CPX→INC			NOT_EVALUATED_consensus_calls_only
ENSG00000249816	LINC00964	REPRESSED	INCONSISTENT	REP→INC			NOT_EVALUATED_consensus_calls_only
ENSG00000249846	LINC02021	SIMPLE_AND	INCONSISTENT	AND→INC			NOT_EVALUATED_consensus_calls_only
ENSG00000249898	MCPH1-AS1	SIMPLE_AND	INCONSISTENT	AND→INC			NOT_EVALUATED_consensus_calls_only
ENSG00000249923	LINC02891	INCONSISTENT	BIVALENT	INC→BIV			NOT_EVALUATED_consensus_calls_only
ENSG00000249992	TMEM158	REPRESSED	SIMPLE_AND	REP→AND			NOT_EVALUATED_consensus_calls_only
ENSG00000249996	PPIC-AS1	BIVALENT	INCONSISTENT	BIV→INC			NOT_EVALUATED_consensus_calls_only
ENSG00000250007	GJD2-DT	REPRESSED	BIVALENT	REP→BIV			NOT_EVALUATED_consensus_calls_only
ENSG00000250056	LINC01018	REPRESSED	BIVALENT	REP→BIV			NOT_EVALUATED_consensus_calls_only
ENSG00000250106	ANKRD33B-AS1	COMPLEX	BIVALENT	CPX→BIV			NOT_EVALUATED_consensus_calls_only
ENSG00000250132		BIVALENT	INCONSISTENT	BIV→INC			NOT_EVALUATED_consensus_calls_only
ENSG00000250133	HOXC-AS2	BIVALENT	INCONSISTENT	BIV→INC			NOT_EVALUATED_consensus_calls_only
ENSG00000250151	ARPC4-TTLL3	SIMPLE_AND	INCONSISTENT	AND→INC			NOT_EVALUATED_consensus_calls_only
ENSG00000250159	PKD2L2-DT	SIMPLE_AND	INCONSISTENT	AND→INC			NOT_EVALUATED_consensus_calls_only
ENSG00000250230		REPRESSED	BIVALENT	REP→BIV			NOT_EVALUATED_consensus_calls_only
ENSG00000250234		REPRESSED	INCONSISTENT	REP→INC			NOT_EVALUATED_consensus_calls_only
ENSG00000250240		SIMPLE_AND	INCONSISTENT	AND→INC			NOT_EVALUATED_consensus_calls_only
ENSG00000250280		BIVALENT	INCONSISTENT	BIV→INC			NOT_EVALUATED_consensus_calls_only
ENSG00000250299	MRPS31P4	SIMPLE_AND	INCONSISTENT	AND→INC			NOT_EVALUATED_consensus_calls_only
ENSG00000250310		BIVALENT	INCONSISTENT	BIV→INC			NOT_EVALUATED_consensus_calls_only
ENSG00000250312	ZNF718	COMPLEX	INCONSISTENT	CPX→INC			NOT_EVALUATED_consensus_calls_only
ENSG00000250317	SMIM20	SIMPLE_AND	INCONSISTENT	AND→INC			NOT_EVALUATED_consensus_calls_only
ENSG00000250415		INCONSISTENT	REPRESSED	INC→REP			NOT_EVALUATED_consensus_calls_only
ENSG00000250451	HOXC-AS1	REPRESSED	INCONSISTENT	REP→INC			NOT_EVALUATED_consensus_calls_only
ENSG00000250486	FAM218A	SIMPLE_AND	INCONSISTENT	AND→INC			NOT_EVALUATED_consensus_calls_only
ENSG00000250496	ABT1P1	REPRESSED	INCONSISTENT	REP→INC			NOT_EVALUATED_consensus_calls_only
ENSG00000250510	GPR162	REPRESSED	INCONSISTENT	REP→INC			NOT_EVALUATED_consensus_calls_only
ENSG00000250555		REPRESSED	BIVALENT	REP→BIV			NOT_EVALUATED_consensus_calls_only
ENSG00000250565	ATP6V1E2	SIMPLE_AND	INCONSISTENT	AND→INC			NOT_EVALUATED_consensus_calls_only
ENSG00000250571	GLI4	SIMPLE_AND	INCONSISTENT	AND→INC			NOT_EVALUATED_consensus_calls_only
ENSG00000250600	ROPN1L-AS1	BIVALENT	INCONSISTENT	BIV→INC			NOT_EVALUATED_consensus_calls_only
ENSG00000250688	TRAJ55	INCONSISTENT	REPRESSED	INC→REP			NOT_EVALUATED_consensus_calls_only
ENSG00000250692		INCONSISTENT	BIVALENT	INC→BIV			NOT_EVALUATED_consensus_calls_only
ENSG00000250709	CCDC169-SOHLH2	BIVALENT	INCONSISTENT	BIV→INC			NOT_EVALUATED_consensus_calls_only
ENSG00000250838		BIVALENT	INCONSISTENT	BIV→INC			NOT_EVALUATED_consensus_calls_only
ENSG00000250850		INCONSISTENT	REPRESSED	INC→REP			NOT_EVALUATED_consensus_calls_only
ENSG00000250903	GMDS-DT	SIMPLE_AND	INCONSISTENT	AND→INC			NOT_EVALUATED_consensus_calls_only
ENSG00000250938	MAD2L1-DT	SIMPLE_AND	INCONSISTENT	AND→INC			NOT_EVALUATED_consensus_calls_only
ENSG00000250950		SIMPLE_AND	INCONSISTENT	AND→INC			NOT_EVALUATED_consensus_calls_only
ENSG00000250959	GLUD1P3	SIMPLE_AND	INCONSISTENT	AND→INC			NOT_EVALUATED_consensus_calls_only
ENSG00000250988	SNHG21	SIMPLE_AND	INCONSISTENT	AND→INC			NOT_EVALUATED_consensus_calls_only
ENSG00000250999		SIMPLE_OR	INCONSISTENT	OR→INC			NOT_EVALUATED_consensus_calls_only
ENSG00000251002	TRD-AS1	SIMPLE_AND	REPRESSED	AND→REP			NOT_EVALUATED_consensus_calls_only
ENSG00000251009		COMPLEX	REPRESSED	CPX→REP			NOT_EVALUATED_consensus_calls_only
ENSG00000251075	HTT-AS	COMPLEX	INCONSISTENT	CPX→INC			NOT_EVALUATED_consensus_calls_only
ENSG00000251079	BMS1P2	SIMPLE_OR	INCONSISTENT	OR→INC			NOT_EVALUATED_consensus_calls_only
ENSG00000251131		INCONSISTENT	REPRESSED	INC→REP			NOT_EVALUATED_consensus_calls_only
ENSG00000251136	RIPK2-DT	SIMPLE_AND	INCONSISTENT	AND→INC			NOT_EVALUATED_consensus_calls_only
ENSG00000251141	MRPS30-DT	SIMPLE_AND	INCONSISTENT	AND→INC			NOT_EVALUATED_consensus_calls_only
ENSG00000251151	HOXC-AS3	REPRESSED	INCONSISTENT	REP→INC			NOT_EVALUATED_consensus_calls_only
ENSG00000251192	ZNF674	SIMPLE_AND	INCONSISTENT	AND→INC			NOT_EVALUATED_consensus_calls_only
ENSG00000251201	TMED7-TICAM2	SIMPLE_AND	INCONSISTENT	AND→INC			NOT_EVALUATED_consensus_calls_only
ENSG00000251239		INCONSISTENT	REPRESSED	INC→REP			NOT_EVALUATED_consensus_calls_only
ENSG00000251247	ZNF345	SIMPLE_AND	INCONSISTENT	AND→INC			NOT_EVALUATED_consensus_calls_only
ENSG00000251314		SIMPLE_AND	INCONSISTENT	AND→INC			NOT_EVALUATED_consensus_calls_only
ENSG00000251322	SHANK3	REPRESSED	BIVALENT	REP→BIV			NOT_EVALUATED_consensus_calls_only
ENSG00000251359	WWC2-AS2	REPRESSED	INCONSISTENT	REP→INC			NOT_EVALUATED_consensus_calls_only
ENSG00000251364	SYT9-AS1	SIMPLE_AND	INCONSISTENT	AND→INC			NOT_EVALUATED_consensus_calls_only
ENSG00000251369	ZNF550	SIMPLE_AND	INCONSISTENT	AND→INC			NOT_EVALUATED_consensus_calls_only
ENSG00000251408		SIMPLE_AND	INCONSISTENT	AND→INC			NOT_EVALUATED_consensus_calls_only
ENSG00000251456		COMPLEX	REPRESSED	CPX→REP			NOT_EVALUATED_consensus_calls_only
ENSG00000251474	RPL32P3	SIMPLE_AND	INCONSISTENT	AND→INC			NOT_EVALUATED_consensus_calls_only
ENSG00000251584		BIVALENT	INCONSISTENT	BIV→INC			NOT_EVALUATED_consensus_calls_only
ENSG00000251595	ABCA11P	SIMPLE_AND	INCONSISTENT	AND→INC			NOT_EVALUATED_consensus_calls_only
ENSG00000251602	MTA1-DT	SIMPLE_AND	INCONSISTENT	AND→INC			NOT_EVALUATED_consensus_calls_only
ENSG00000251604	LINC01385	REPRESSED	BIVALENT	REP→BIV			NOT_EVALUATED_consensus_calls_only
ENSG00000251611	FHIP1A-DT	BIVALENT	INCONSISTENT	BIV→INC			NOT_EVALUATED_consensus_calls_only
ENSG00000251661		SIMPLE_AND	INCONSISTENT	AND→INC			NOT_EVALUATED_consensus_calls_only
ENSG00000251669	FAM86EP	SIMPLE_AND	INCONSISTENT	AND→INC			NOT_EVALUATED_consensus_calls_only
ENSG00000251680		BIVALENT	INCONSISTENT	BIV→INC			NOT_EVALUATED_consensus_calls_only
ENSG00000251856	MIR449C	BIVALENT	INCONSISTENT	BIV→INC			NOT_EVALUATED_consensus_calls_only
ENSG00000251864	Y_RNA	INCONSISTENT	REPRESSED	INC→REP			NOT_EVALUATED_consensus_calls_only
ENSG00000252169	RNA5SP200	COMPLEX	BIVALENT	CPX→BIV			NOT_EVALUATED_consensus_calls_only
ENSG00000252213	SNORA74D	INCONSISTENT	SIMPLE_AND	INC→AND			NOT_EVALUATED_consensus_calls_only
ENSG00000252339	RNU6-1061P	COMPLEX	INCONSISTENT	CPX→INC			NOT_EVALUATED_consensus_calls_only
ENSG00000252404		INCONSISTENT	REPRESSED	INC→REP			NOT_EVALUATED_consensus_calls_only
ENSG00000252628	RNU6-453P	REPRESSED	BIVALENT	REP→BIV			NOT_EVALUATED_consensus_calls_only
ENSG00000252642	RNA5SP137	INCONSISTENT	BIVALENT	INC→BIV			NOT_EVALUATED_consensus_calls_only
ENSG00000252660	Y_RNA	BIVALENT	INCONSISTENT	BIV→INC			NOT_EVALUATED_consensus_calls_only
ENSG00000252690		SIMPLE_AND	INCONSISTENT	AND→INC			NOT_EVALUATED_consensus_calls_only
ENSG00000252695	MIR2276	BIVALENT	INCONSISTENT	BIV→INC			NOT_EVALUATED_consensus_calls_only
ENSG00000252699	SNORA21B	INCONSISTENT	SIMPLE_AND	INC→AND			NOT_EVALUATED_consensus_calls_only
ENSG00000252783	RNU6-835P	COMPLEX	INCONSISTENT	CPX→INC			NOT_EVALUATED_consensus_calls_only
ENSG00000252822	Y_RNA	INCONSISTENT	REPRESSED	INC→REP			NOT_EVALUATED_consensus_calls_only
ENSG00000252850	RNU1-117P	REPRESSED	INCONSISTENT	REP→INC			NOT_EVALUATED_consensus_calls_only
ENSG00000252866	RNA5SP243	BIVALENT	INCONSISTENT	BIV→INC			NOT_EVALUATED_consensus_calls_only
ENSG00000252947	SCARNA1	INCONSISTENT	SIMPLE_AND	INC→AND			NOT_EVALUATED_consensus_calls_only
ENSG00000253190		INCONSISTENT	SIMPLE_AND	INC→AND			NOT_EVALUATED_consensus_calls_only
ENSG00000253194		COMPLEX	INCONSISTENT	CPX→INC			NOT_EVALUATED_consensus_calls_only
ENSG00000253210	DENND3-AS1	SIMPLE_AND	BIVALENT	AND→BIV			NOT_EVALUATED_consensus_calls_only
ENSG00000253234	IGLV2-5	INCONSISTENT	REPRESSED	INC→REP			NOT_EVALUATED_consensus_calls_only
ENSG00000253251	SHLD3	SIMPLE_AND	INCONSISTENT	AND→INC			NOT_EVALUATED_consensus_calls_only
ENSG00000253256		COMPLEX	INCONSISTENT	CPX→INC			NOT_EVALUATED_consensus_calls_only
ENSG00000253304	TMEM200B	BIVALENT	INCONSISTENT	BIV→INC			NOT_EVALUATED_consensus_calls_only
ENSG00000253320	MAILR	SIMPLE_AND	INCONSISTENT	AND→INC			NOT_EVALUATED_consensus_calls_only
ENSG00000253329	IGLV3-30	INCONSISTENT	REPRESSED	INC→REP			NOT_EVALUATED_consensus_calls_only
ENSG00000253368	TRNP1	BIVALENT	INCONSISTENT	BIV→INC			NOT_EVALUATED_consensus_calls_only
ENSG00000253395	LINC03044	COMPLEX	INCONSISTENT	CPX→INC			NOT_EVALUATED_consensus_calls_only
ENSG00000253438	PCAT1	BIVALENT	INCONSISTENT	BIV→INC			NOT_EVALUATED_consensus_calls_only
ENSG00000253475		SIMPLE_AND	INCONSISTENT	AND→INC			NOT_EVALUATED_consensus_calls_only
ENSG00000253522	MIR3142HG	SIMPLE_AND	INCONSISTENT	AND→INC			NOT_EVALUATED_consensus_calls_only
ENSG00000253559	OSGEPL1-AS1	SIMPLE_AND	INCONSISTENT	AND→INC			NOT_EVALUATED_consensus_calls_only
ENSG00000253586		SIMPLE_AND	INCONSISTENT	AND→INC			NOT_EVALUATED_consensus_calls_only
ENSG00000253616		SIMPLE_AND	INCONSISTENT	AND→INC			NOT_EVALUATED_consensus_calls_only
ENSG00000253633	LINC03047	SIMPLE_AND	INCONSISTENT	AND→INC			NOT_EVALUATED_consensus_calls_only
ENSG00000253661	ZFHX4-AS1	BIVALENT	INCONSISTENT	BIV→INC			NOT_EVALUATED_consensus_calls_only
ENSG00000253686	LINC01484	SIMPLE_OR	INCONSISTENT	OR→INC			NOT_EVALUATED_consensus_calls_only
ENSG00000253704	VIRMA-DT	SIMPLE_AND	INCONSISTENT	AND→INC			NOT_EVALUATED_consensus_calls_only
ENSG00000253710	ALG11	BIVALENT	INCONSISTENT	BIV→INC			NOT_EVALUATED_consensus_calls_only
ENSG00000253716	MINCR	SIMPLE_AND	INCONSISTENT	AND→INC			NOT_EVALUATED_consensus_calls_only
ENSG00000253738	OTUD6B-AS1	SIMPLE_AND	INCONSISTENT	AND→INC			NOT_EVALUATED_consensus_calls_only
ENSG00000253794	IGLV10-67	INCONSISTENT	REPRESSED	INC→REP			NOT_EVALUATED_consensus_calls_only
ENSG00000253819	LINC01151	INCONSISTENT	REPRESSED	INC→REP			NOT_EVALUATED_consensus_calls_only
ENSG00000253842		INCONSISTENT	REPRESSED	INC→REP			NOT_EVALUATED_consensus_calls_only
ENSG00000253846	PCDHGA10	SIMPLE_OR	INCONSISTENT	OR→INC			NOT_EVALUATED_consensus_calls_only
ENSG00000253853		SIMPLE_AND	INCONSISTENT	AND→INC			NOT_EVALUATED_consensus_calls_only
ENSG00000253873	PCDHGA11	SIMPLE_OR	INCONSISTENT	OR→INC			NOT_EVALUATED_consensus_calls_only
ENSG00000253920	IGLV3-31	INCONSISTENT	REPRESSED	INC→REP			NOT_EVALUATED_consensus_calls_only
ENSG00000253944	MTUS1-DT	REPRESSED	BIVALENT	REP→BIV			NOT_EVALUATED_consensus_calls_only
ENSG00000253973	NRIP3-DT	REPRESSED	INCONSISTENT	REP→INC			NOT_EVALUATED_consensus_calls_only
ENSG00000253981	ALG1L13P	SIMPLE_OR	INCONSISTENT	OR→INC			NOT_EVALUATED_consensus_calls_only
ENSG00000253982	CLN8-AS1	SIMPLE_AND	INCONSISTENT	AND→INC			NOT_EVALUATED_consensus_calls_only
ENSG00000254003	SRI-AS1	SIMPLE_AND	INCONSISTENT	AND→INC			NOT_EVALUATED_consensus_calls_only
ENSG00000254004	ZNF260	COMPLEX	SIMPLE_AND	CPX→AND			NOT_EVALUATED_consensus_calls_only
ENSG00000254075	IGLVV-66	INCONSISTENT	REPRESSED	INC→REP			NOT_EVALUATED_consensus_calls_only
ENSG00000254093	PINX1	SIMPLE_AND	INCONSISTENT	AND→INC			NOT_EVALUATED_consensus_calls_only
ENSG00000254136		INCONSISTENT	REPRESSED	INC→REP			NOT_EVALUATED_consensus_calls_only
ENSG00000254154	CRYZL2P-SEC16B	REPRESSED	INCONSISTENT	REP→INC			NOT_EVALUATED_consensus_calls_only
ENSG00000254161	IGLVIV-65	INCONSISTENT	REPRESSED	INC→REP			NOT_EVALUATED_consensus_calls_only
ENSG00000254165		SIMPLE_AND	INCONSISTENT	AND→INC			NOT_EVALUATED_consensus_calls_only
ENSG00000254186		SIMPLE_AND	INCONSISTENT	AND→INC			NOT_EVALUATED_consensus_calls_only
ENSG00000254198		REPRESSED	COMPLEX	REP→CPX			NOT_EVALUATED_consensus_calls_only
ENSG00000254224	UQCRB-AS1	COMPLEX	INCONSISTENT	CPX→INC			NOT_EVALUATED_consensus_calls_only
ENSG00000254230		BIVALENT	INCONSISTENT	BIV→INC			NOT_EVALUATED_consensus_calls_only
ENSG00000254271	ANK3-DT	INCONSISTENT	REPRESSED	INC→REP			NOT_EVALUATED_consensus_calls_only
ENSG00000254293		COMPLEX	REPRESSED	CPX→REP			NOT_EVALUATED_consensus_calls_only
ENSG00000254348		REPRESSED	BIVALENT	REP→BIV			NOT_EVALUATED_consensus_calls_only
ENSG00000254400		SIMPLE_AND	INCONSISTENT	AND→INC			NOT_EVALUATED_consensus_calls_only
ENSG00000254402	LRRC24	COMPLEX	INCONSISTENT	CPX→INC			NOT_EVALUATED_consensus_calls_only
ENSG00000254413	CHKB-CPT1B	SIMPLE_AND	INCONSISTENT	AND→INC			NOT_EVALUATED_consensus_calls_only
ENSG00000254415	SIGLEC14	SIMPLE_OR	REPRESSED	OR→REP			NOT_EVALUATED_consensus_calls_only
ENSG00000254420		REPRESSED	INCONSISTENT	REP→INC			NOT_EVALUATED_consensus_calls_only
ENSG00000254445	HSPB2-C11orf52	REPRESSED	INCONSISTENT	REP→INC			NOT_EVALUATED_consensus_calls_only
ENSG00000254469	XNDC1N	SIMPLE_AND	INCONSISTENT	AND→INC			NOT_EVALUATED_consensus_calls_only
ENSG00000254489	MPPED2-AS1	REPRESSED	INCONSISTENT	REP→INC			NOT_EVALUATED_consensus_calls_only
ENSG00000254635	WAC-AS1	SIMPLE_AND	INCONSISTENT	AND→INC			NOT_EVALUATED_consensus_calls_only
ENSG00000254639		BIVALENT	INCONSISTENT	BIV→INC			NOT_EVALUATED_consensus_calls_only
ENSG00000254648		INCONSISTENT	BIVALENT	INC→BIV			NOT_EVALUATED_consensus_calls_only
ENSG00000254694		SIMPLE_AND	INCONSISTENT	AND→INC			NOT_EVALUATED_consensus_calls_only
ENSG00000254726	MEX3A	BIVALENT	SIMPLE_AND	BIV→AND			NOT_EVALUATED_consensus_calls_only
ENSG00000254777		INCONSISTENT	REPRESSED	INC→REP			NOT_EVALUATED_consensus_calls_only
ENSG00000254779	EGLN1P1	SIMPLE_AND	INCONSISTENT	AND→INC			NOT_EVALUATED_consensus_calls_only
ENSG00000254788	CKLF-CMTM1	SIMPLE_AND	INCONSISTENT	AND→INC			NOT_EVALUATED_consensus_calls_only
ENSG00000254791	FAR1-IT1	SIMPLE_AND	INCONSISTENT	AND→INC			NOT_EVALUATED_consensus_calls_only
ENSG00000254815	LMNTD2-AS1	REPRESSED	INCONSISTENT	REP→INC			NOT_EVALUATED_consensus_calls_only
ENSG00000254859		SIMPLE_OR	INCONSISTENT	OR→INC			NOT_EVALUATED_consensus_calls_only
ENSG00000254860	TMEM9B-AS1	SIMPLE_AND	INCONSISTENT	AND→INC			NOT_EVALUATED_consensus_calls_only
ENSG00000254870	ATP6V1G2-DDX39B	SIMPLE_AND	INCONSISTENT	AND→INC			NOT_EVALUATED_consensus_calls_only
ENSG00000254884	PRR13P2	SIMPLE_OR	INCONSISTENT	OR→INC			NOT_EVALUATED_consensus_calls_only
ENSG00000254887	POU2F2-AS1	SIMPLE_AND	REPRESSED	AND→REP			NOT_EVALUATED_consensus_calls_only
ENSG00000254901	BORCS8	SIMPLE_AND	INCONSISTENT	AND→INC			NOT_EVALUATED_consensus_calls_only
ENSG00000254929		SIMPLE_OR	INCONSISTENT	OR→INC			NOT_EVALUATED_consensus_calls_only
ENSG00000254966	IGSF22-AS1	REPRESSED	INCONSISTENT	REP→INC			NOT_EVALUATED_consensus_calls_only
ENSG00000254973		REPRESSED	INCONSISTENT	REP→INC			NOT_EVALUATED_consensus_calls_only
ENSG00000254975		INCONSISTENT	REPRESSED	INC→REP			NOT_EVALUATED_consensus_calls_only
ENSG00000254979		SIMPLE_AND	INCONSISTENT	AND→INC			NOT_EVALUATED_consensus_calls_only
ENSG00000254995	STX16-NPEPL1	SIMPLE_AND	INCONSISTENT	AND→INC			NOT_EVALUATED_consensus_calls_only
ENSG00000255020	TDH-AS1	BIVALENT	INCONSISTENT	BIV→INC			NOT_EVALUATED_consensus_calls_only
ENSG00000255026		BIVALENT	INCONSISTENT	BIV→INC			NOT_EVALUATED_consensus_calls_only
ENSG00000255042	SEPTIN7P11	REPRESSED	INCONSISTENT	REP→INC			NOT_EVALUATED_consensus_calls_only
ENSG00000255046		SIMPLE_AND	INCONSISTENT	AND→INC			NOT_EVALUATED_consensus_calls_only
ENSG00000255050		REPRESSED	INCONSISTENT	REP→INC			NOT_EVALUATED_consensus_calls_only
ENSG00000255062	TIRAP-AS1	SIMPLE_AND	INCONSISTENT	AND→INC			NOT_EVALUATED_consensus_calls_only
ENSG00000255097		SIMPLE_OR	INCONSISTENT	OR→INC			NOT_EVALUATED_consensus_calls_only
ENSG00000255100	TSKU-AS1	BIVALENT	INCONSISTENT	BIV→INC			NOT_EVALUATED_consensus_calls_only
ENSG00000255112	CHMP1B	SIMPLE_AND	INCONSISTENT	AND→INC			NOT_EVALUATED_consensus_calls_only
ENSG00000255118		BIVALENT	INCONSISTENT	BIV→INC			NOT_EVALUATED_consensus_calls_only
ENSG00000255120	OVOL1-AS1	INCONSISTENT	REPRESSED	INC→REP			NOT_EVALUATED_consensus_calls_only
ENSG00000255121	CENATAC-DT	SIMPLE_AND	INCONSISTENT	AND→INC			NOT_EVALUATED_consensus_calls_only
ENSG00000255135	EMSY-DT	SIMPLE_AND	INCONSISTENT	AND→INC			NOT_EVALUATED_consensus_calls_only
ENSG00000255136	TPBGL-AS1	REPRESSED	BIVALENT	REP→BIV			NOT_EVALUATED_consensus_calls_only
ENSG00000255152	MSH5-SAPCD1	SIMPLE_AND	INCONSISTENT	AND→INC			NOT_EVALUATED_consensus_calls_only
ENSG00000255153	TOLLIP-DT	COMPLEX	INCONSISTENT	CPX→INC			NOT_EVALUATED_consensus_calls_only
ENSG00000255154	HTD2	SIMPLE_AND	INCONSISTENT	AND→INC			NOT_EVALUATED_consensus_calls_only
ENSG00000255159	DENND2B-AS1	REPRESSED	INCONSISTENT	REP→INC			NOT_EVALUATED_consensus_calls_only
ENSG00000255182		SIMPLE_AND	INCONSISTENT	AND→INC			NOT_EVALUATED_consensus_calls_only
ENSG00000255185	PDXDC2P	SIMPLE_AND	INCONSISTENT	AND→INC			NOT_EVALUATED_consensus_calls_only
ENSG00000255191		REPRESSED	INCONSISTENT	REP→INC			NOT_EVALUATED_consensus_calls_only
ENSG00000255198	SNHG9	SIMPLE_AND	INCONSISTENT	AND→INC			NOT_EVALUATED_consensus_calls_only
ENSG00000255224		SIMPLE_AND	INCONSISTENT	AND→INC			NOT_EVALUATED_consensus_calls_only
ENSG00000255245	FXYD6-FXYD2	REPRESSED	BIVALENT	REP→BIV			NOT_EVALUATED_consensus_calls_only
ENSG00000255272		INCONSISTENT	BIVALENT	INC→BIV			NOT_EVALUATED_consensus_calls_only
ENSG00000255284	GATD1-DT	SIMPLE_AND	INCONSISTENT	AND→INC			NOT_EVALUATED_consensus_calls_only
ENSG00000255292		SIMPLE_AND	INCONSISTENT	AND→INC			NOT_EVALUATED_consensus_calls_only
ENSG00000255339		SIMPLE_AND	INCONSISTENT	AND→INC			NOT_EVALUATED_consensus_calls_only
ENSG00000255355	PATL1-DT	SIMPLE_AND	INCONSISTENT	AND→INC			NOT_EVALUATED_consensus_calls_only
ENSG00000255366		REPRESSED	BIVALENT	REP→BIV			NOT_EVALUATED_consensus_calls_only
ENSG00000255381		SIMPLE_AND	INCONSISTENT	AND→INC			NOT_EVALUATED_consensus_calls_only
ENSG00000255439		SIMPLE_AND	INCONSISTENT	AND→INC			NOT_EVALUATED_consensus_calls_only
ENSG00000255507	UVRAG-DT	SIMPLE_AND	INCONSISTENT	AND→INC			NOT_EVALUATED_consensus_calls_only
ENSG00000255508		SIMPLE_AND	INCONSISTENT	AND→INC			NOT_EVALUATED_consensus_calls_only
ENSG00000255513		SIMPLE_AND	INCONSISTENT	AND→INC			NOT_EVALUATED_consensus_calls_only
ENSG00000255517	DPP3-DT	SIMPLE_AND	INCONSISTENT	AND→INC			NOT_EVALUATED_consensus_calls_only
ENSG00000255521	CD44-DT	INCONSISTENT	BIVALENT	INC→BIV			NOT_EVALUATED_consensus_calls_only
ENSG00000255529	POLR2M	SIMPLE_AND	COMPLEX	AND→CPX			NOT_EVALUATED_consensus_calls_only
ENSG00000255559	ZNF252P-AS1	SIMPLE_AND	INCONSISTENT	AND→INC			NOT_EVALUATED_consensus_calls_only
ENSG00000255561	FDXACB1	SIMPLE_AND	INCONSISTENT	AND→INC			NOT_EVALUATED_consensus_calls_only
ENSG00000255568	BRWD1-AS2	SIMPLE_AND	INCONSISTENT	AND→INC			NOT_EVALUATED_consensus_calls_only
ENSG00000255581		REPRESSED	INCONSISTENT	REP→INC			NOT_EVALUATED_consensus_calls_only
ENSG00000255621		BIVALENT	INCONSISTENT	BIV→INC			NOT_EVALUATED_consensus_calls_only
ENSG00000255639		INCONSISTENT	SIMPLE_AND	INC→AND			NOT_EVALUATED_consensus_calls_only
ENSG00000255647		SIMPLE_AND	INCONSISTENT	AND→INC			NOT_EVALUATED_consensus_calls_only
ENSG00000255663		COMPLEX	INCONSISTENT	CPX→INC			NOT_EVALUATED_consensus_calls_only
ENSG00000255730		INCONSISTENT	SIMPLE_AND	INC→AND			NOT_EVALUATED_consensus_calls_only
ENSG00000255733	IFNG-AS1	SIMPLE_AND	REPRESSED	AND→REP			NOT_EVALUATED_consensus_calls_only
ENSG00000255749	GNAI2P1	REPRESSED	INCONSISTENT	REP→INC			NOT_EVALUATED_consensus_calls_only
ENSG00000255808	PDE2A-AS1	REPRESSED	BIVALENT	REP→BIV			NOT_EVALUATED_consensus_calls_only
ENSG00000255856		BIVALENT	COMPLEX	BIV→CPX			NOT_EVALUATED_consensus_calls_only
ENSG00000255857	PXN-AS1	SIMPLE_AND	INCONSISTENT	AND→INC			NOT_EVALUATED_consensus_calls_only
ENSG00000255867	DENND5B-AS1	INCONSISTENT	BIVALENT	INC→BIV			NOT_EVALUATED_consensus_calls_only
ENSG00000255872		BIVALENT	INCONSISTENT	BIV→INC			NOT_EVALUATED_consensus_calls_only
ENSG00000255966	GAPDH-DT	SIMPLE_AND	INCONSISTENT	AND→INC			NOT_EVALUATED_consensus_calls_only
ENSG00000256028		SIMPLE_AND	INCONSISTENT	AND→INC			NOT_EVALUATED_consensus_calls_only
ENSG00000256043	CTSO	SIMPLE_AND	INCONSISTENT	AND→INC			NOT_EVALUATED_consensus_calls_only
ENSG00000256053	COA8	SIMPLE_AND	INCONSISTENT	AND→INC			NOT_EVALUATED_consensus_calls_only
ENSG00000256060	TRAPPC2B	SIMPLE_AND	INCONSISTENT	AND→INC			NOT_EVALUATED_consensus_calls_only
ENSG00000256073	URB1-AS1	SIMPLE_AND	INCONSISTENT	AND→INC			NOT_EVALUATED_consensus_calls_only
ENSG00000256087	ZNF432	SIMPLE_AND	COMPLEX	AND→CPX			NOT_EVALUATED_consensus_calls_only
ENSG00000256092	SBNO1-AS1	SIMPLE_AND	INCONSISTENT	AND→INC			NOT_EVALUATED_consensus_calls_only
ENSG00000256128	LINC00944	COMPLEX	INCONSISTENT	CPX→INC			NOT_EVALUATED_consensus_calls_only
ENSG00000256196		INCONSISTENT	BIVALENT	INC→BIV			NOT_EVALUATED_consensus_calls_only
ENSG00000256223	ZNF10	SIMPLE_AND	INCONSISTENT	AND→INC			NOT_EVALUATED_consensus_calls_only
ENSG00000256235	SMIM3	SIMPLE_AND	INCONSISTENT	AND→INC			NOT_EVALUATED_consensus_calls_only
ENSG00000256237		INCONSISTENT	REPRESSED	INC→REP			NOT_EVALUATED_consensus_calls_only
ENSG00000256294	ZNF225	SIMPLE_AND	INCONSISTENT	AND→INC			NOT_EVALUATED_consensus_calls_only
ENSG00000256508	MRGPRF-AS1	REPRESSED	INCONSISTENT	REP→INC			NOT_EVALUATED_consensus_calls_only
ENSG00000256537	SMIM10L1	SIMPLE_AND	INCONSISTENT	AND→INC			NOT_EVALUATED_consensus_calls_only
ENSG00000256546	LINC02985	SIMPLE_OR	SIMPLE_AND	OR→AND			NOT_EVALUATED_consensus_calls_only
ENSG00000256560	LINC01486	INCONSISTENT	REPRESSED	INC→REP			NOT_EVALUATED_consensus_calls_only
ENSG00000256566		SIMPLE_AND	INCONSISTENT	AND→INC			NOT_EVALUATED_consensus_calls_only
ENSG00000256568		SIMPLE_AND	REPRESSED	AND→REP			NOT_EVALUATED_consensus_calls_only
ENSG00000256591		COMPLEX	SIMPLE_AND	CPX→AND			NOT_EVALUATED_consensus_calls_only
ENSG00000256594		SIMPLE_OR	INCONSISTENT	OR→INC			NOT_EVALUATED_consensus_calls_only
ENSG00000256603		SIMPLE_AND	INCONSISTENT	AND→INC			NOT_EVALUATED_consensus_calls_only
ENSG00000256628	ZBTB11-AS1	SIMPLE_AND	INCONSISTENT	AND→INC			NOT_EVALUATED_consensus_calls_only
ENSG00000256690	STX5-DT	SIMPLE_AND	INCONSISTENT	AND→INC			NOT_EVALUATED_consensus_calls_only
ENSG00000256706		REPRESSED	INCONSISTENT	REP→INC			NOT_EVALUATED_consensus_calls_only
ENSG00000256712		SIMPLE_AND	INCONSISTENT	AND→INC			NOT_EVALUATED_consensus_calls_only
ENSG00000256742	KDM2B-DT	SIMPLE_AND	INCONSISTENT	AND→INC			NOT_EVALUATED_consensus_calls_only
ENSG00000256771	ZNF253	COMPLEX	INCONSISTENT	CPX→INC			NOT_EVALUATED_consensus_calls_only
ENSG00000256824		REPRESSED	INCONSISTENT	REP→INC			NOT_EVALUATED_consensus_calls_only
ENSG00000256843		INCONSISTENT	COMPLEX	INC→CPX			NOT_EVALUATED_consensus_calls_only
ENSG00000256950		SIMPLE_AND	INCONSISTENT	AND→INC			NOT_EVALUATED_consensus_calls_only
ENSG00000256966		SIMPLE_AND	INCONSISTENT	AND→INC			NOT_EVALUATED_consensus_calls_only
ENSG00000256981		REPRESSED	INCONSISTENT	REP→INC			NOT_EVALUATED_consensus_calls_only
ENSG00000257057	C11orf97	BIVALENT	INCONSISTENT	BIV→INC			NOT_EVALUATED_consensus_calls_only
ENSG00000257058		BIVALENT	INCONSISTENT	BIV→INC			NOT_EVALUATED_consensus_calls_only
ENSG00000257108	NHLRC4	SIMPLE_AND	INCONSISTENT	AND→INC			NOT_EVALUATED_consensus_calls_only
ENSG00000257122	RRN3P3	SIMPLE_AND	INCONSISTENT	AND→INC			NOT_EVALUATED_consensus_calls_only
ENSG00000257126	FOXG1-AS1	REPRESSED	INCONSISTENT	REP→INC			NOT_EVALUATED_consensus_calls_only
ENSG00000257135	ODC1-DT	COMPLEX	INCONSISTENT	CPX→INC			NOT_EVALUATED_consensus_calls_only
ENSG00000257167	TMPO-AS1	SIMPLE_AND	INCONSISTENT	AND→INC			NOT_EVALUATED_consensus_calls_only
ENSG00000257178		SIMPLE_OR	INCONSISTENT	OR→INC			NOT_EVALUATED_consensus_calls_only
ENSG00000257221		SIMPLE_AND	INCONSISTENT	AND→INC			NOT_EVALUATED_consensus_calls_only
ENSG00000257242	LINC01619	SIMPLE_AND	INCONSISTENT	AND→INC			NOT_EVALUATED_consensus_calls_only
ENSG00000257252		SIMPLE_AND	INCONSISTENT	AND→INC			NOT_EVALUATED_consensus_calls_only
ENSG00000257261	SLC38A4-AS1	SIMPLE_AND	INCONSISTENT	AND→INC			NOT_EVALUATED_consensus_calls_only
ENSG00000257267	ZNF271P	SIMPLE_AND	INCONSISTENT	AND→INC			NOT_EVALUATED_consensus_calls_only
ENSG00000257275		INCONSISTENT	REPRESSED	INC→REP			NOT_EVALUATED_consensus_calls_only
ENSG00000257303	CNPY2-AS1	SIMPLE_AND	INCONSISTENT	AND→INC			NOT_EVALUATED_consensus_calls_only
ENSG00000257315	ZBED6	COMPLEX	SIMPLE_AND	CPX→AND			NOT_EVALUATED_consensus_calls_only
ENSG00000257337	TNS2-AS1	SIMPLE_AND	INCONSISTENT	AND→INC			NOT_EVALUATED_consensus_calls_only
ENSG00000257346		REPRESSED	INCONSISTENT	REP→INC			NOT_EVALUATED_consensus_calls_only
ENSG00000257354	MIRLET7IHG	SIMPLE_AND	INCONSISTENT	AND→INC			NOT_EVALUATED_consensus_calls_only
ENSG00000257355		SIMPLE_AND	INCONSISTENT	AND→INC			NOT_EVALUATED_consensus_calls_only
ENSG00000257379		SIMPLE_AND	INCONSISTENT	AND→INC			NOT_EVALUATED_consensus_calls_only
ENSG00000257389		REPRESSED	COMPLEX	REP→CPX			NOT_EVALUATED_consensus_calls_only
ENSG00000257433	RPAP3-DT	SIMPLE_AND	INCONSISTENT	AND→INC			NOT_EVALUATED_consensus_calls_only
ENSG00000257446	ZNF878	SIMPLE_AND	INCONSISTENT	AND→INC			NOT_EVALUATED_consensus_calls_only
ENSG00000257475		SIMPLE_OR	INCONSISTENT	OR→INC			NOT_EVALUATED_consensus_calls_only
ENSG00000257477	LINC01154	REPRESSED	INCONSISTENT	REP→INC			NOT_EVALUATED_consensus_calls_only
ENSG00000257488	LINC02354	REPRESSED	INCONSISTENT	REP→INC			NOT_EVALUATED_consensus_calls_only
ENSG00000257489		SIMPLE_AND	INCONSISTENT	AND→INC			NOT_EVALUATED_consensus_calls_only
ENSG00000257524	ST6GALNAC6	SIMPLE_AND	INCONSISTENT	AND→INC			NOT_EVALUATED_consensus_calls_only
ENSG00000257529	RPL36A-HNRNPH2	INCONSISTENT	SIMPLE_AND	INC→AND			NOT_EVALUATED_consensus_calls_only
ENSG00000257531		SIMPLE_AND	INCONSISTENT	AND→INC			NOT_EVALUATED_consensus_calls_only
ENSG00000257545		INCONSISTENT	COMPLEX	INC→CPX			NOT_EVALUATED_consensus_calls_only
ENSG00000257551	HLX-AS1	BIVALENT	INCONSISTENT	BIV→INC			NOT_EVALUATED_consensus_calls_only
ENSG00000257553		INCONSISTENT	REPRESSED	INC→REP			NOT_EVALUATED_consensus_calls_only
ENSG00000257582	LINC01475	REPRESSED	BIVALENT	REP→BIV			NOT_EVALUATED_consensus_calls_only
ENSG00000257594	GALNT4	SIMPLE_AND	INCONSISTENT	AND→INC			NOT_EVALUATED_consensus_calls_only
ENSG00000257596	SCAT2	COMPLEX	INCONSISTENT	CPX→INC			NOT_EVALUATED_consensus_calls_only
ENSG00000257607		SIMPLE_OR	INCONSISTENT	OR→INC			NOT_EVALUATED_consensus_calls_only
ENSG00000257621	PSMA3-AS1	COMPLEX	SIMPLE_AND	CPX→AND			NOT_EVALUATED_consensus_calls_only
ENSG00000257622		SIMPLE_OR	INCONSISTENT	OR→INC			NOT_EVALUATED_consensus_calls_only
ENSG00000257642	C12orf75-AS1	INCONSISTENT	REPRESSED	INC→REP			NOT_EVALUATED_consensus_calls_only
ENSG00000257702	LBX2-AS1	BIVALENT	INCONSISTENT	BIV→INC			NOT_EVALUATED_consensus_calls_only
ENSG00000257704	INAFM1	SIMPLE_AND	INCONSISTENT	AND→INC			NOT_EVALUATED_consensus_calls_only
ENSG00000257800	FNBP1P1	SIMPLE_AND	INCONSISTENT	AND→INC			NOT_EVALUATED_consensus_calls_only
ENSG00000257815	PRANCR	SIMPLE_AND	INCONSISTENT	AND→INC			NOT_EVALUATED_consensus_calls_only
ENSG00000257830		REPRESSED	INCONSISTENT	REP→INC			NOT_EVALUATED_consensus_calls_only
ENSG00000257839	PHLDA1-DT	SIMPLE_AND	INCONSISTENT	AND→INC			NOT_EVALUATED_consensus_calls_only
ENSG00000257910		BIVALENT	INCONSISTENT	BIV→INC			NOT_EVALUATED_consensus_calls_only
ENSG00000257913	DDN-AS1	SIMPLE_AND	INCONSISTENT	AND→INC			NOT_EVALUATED_consensus_calls_only
ENSG00000257949	TEN1	SIMPLE_AND	INCONSISTENT	AND→INC			NOT_EVALUATED_consensus_calls_only
ENSG00000257950	P2RX5-TAX1BP3	COMPLEX	INCONSISTENT	CPX→INC			NOT_EVALUATED_consensus_calls_only
ENSG00000257989		INCONSISTENT	REPRESSED	INC→REP			NOT_EVALUATED_consensus_calls_only
ENSG00000258017		SIMPLE_AND	INCONSISTENT	AND→INC			NOT_EVALUATED_consensus_calls_only
ENSG00000258056	CD63-AS1	SIMPLE_AND	INCONSISTENT	AND→INC			NOT_EVALUATED_consensus_calls_only
ENSG00000258057	BCDIN3D-AS1	SIMPLE_AND	INCONSISTENT	AND→INC			NOT_EVALUATED_consensus_calls_only
ENSG00000258072		BIVALENT	INCONSISTENT	BIV→INC			NOT_EVALUATED_consensus_calls_only
ENSG00000258082		SIMPLE_AND	INCONSISTENT	AND→INC			NOT_EVALUATED_consensus_calls_only
ENSG00000258099	ATXN2-AS	SIMPLE_AND	INCONSISTENT	AND→INC			NOT_EVALUATED_consensus_calls_only
ENSG00000258102	MAP1LC3B2	REPRESSED	INCONSISTENT	REP→INC			NOT_EVALUATED_consensus_calls_only
ENSG00000258131		REPRESSED	INCONSISTENT	REP→INC			NOT_EVALUATED_consensus_calls_only
ENSG00000258168		SIMPLE_AND	INCONSISTENT	AND→INC			NOT_EVALUATED_consensus_calls_only
ENSG00000258186	SLC7A5P2	INCONSISTENT	SIMPLE_AND	INC→AND			NOT_EVALUATED_consensus_calls_only
ENSG00000258256		COMPLEX	INCONSISTENT	CPX→INC			NOT_EVALUATED_consensus_calls_only
ENSG00000258285	TESC-AS1	BIVALENT	INCONSISTENT	BIV→INC			NOT_EVALUATED_consensus_calls_only
ENSG00000258289	CHURC1	COMPLEX	SIMPLE_AND	CPX→AND			NOT_EVALUATED_consensus_calls_only
ENSG00000258311		SIMPLE_AND	INCONSISTENT	AND→INC			NOT_EVALUATED_consensus_calls_only
ENSG00000258315	C17orf49	SIMPLE_AND	INCONSISTENT	AND→INC			NOT_EVALUATED_consensus_calls_only
ENSG00000258325	ITFG2-AS1	SIMPLE_AND	INCONSISTENT	AND→INC			NOT_EVALUATED_consensus_calls_only
ENSG00000258355		INCONSISTENT	BIVALENT	INC→BIV			NOT_EVALUATED_consensus_calls_only
ENSG00000258388	PPT2-EGFL8	SIMPLE_OR	INCONSISTENT	OR→INC			NOT_EVALUATED_consensus_calls_only
ENSG00000258429	PDF	SIMPLE_AND	INCONSISTENT	AND→INC			NOT_EVALUATED_consensus_calls_only
ENSG00000258446		SIMPLE_AND	INCONSISTENT	AND→INC			NOT_EVALUATED_consensus_calls_only
ENSG00000258457	AJUBA-DT	BIVALENT	INCONSISTENT	BIV→INC			NOT_EVALUATED_consensus_calls_only
ENSG00000258465		SIMPLE_AND	INCONSISTENT	AND→INC			NOT_EVALUATED_consensus_calls_only
ENSG00000258484	SPESP1	COMPLEX	INCONSISTENT	CPX→INC			NOT_EVALUATED_consensus_calls_only
ENSG00000258520		REPRESSED	BIVALENT	REP→BIV			NOT_EVALUATED_consensus_calls_only
ENSG00000258526		SIMPLE_AND	INCONSISTENT	AND→INC			NOT_EVALUATED_consensus_calls_only
ENSG00000258539		SIMPLE_AND	INCONSISTENT	AND→INC			NOT_EVALUATED_consensus_calls_only
ENSG00000258555	SPECC1L-ADORA2A	SIMPLE_AND	INCONSISTENT	AND→INC			NOT_EVALUATED_consensus_calls_only
ENSG00000258561		SIMPLE_AND	INCONSISTENT	AND→INC			NOT_EVALUATED_consensus_calls_only
ENSG00000258568	RHOQP1	SIMPLE_AND	INCONSISTENT	AND→INC			NOT_EVALUATED_consensus_calls_only
ENSG00000258591	PPIAP4	SIMPLE_OR	INCONSISTENT	OR→INC			NOT_EVALUATED_consensus_calls_only
ENSG00000258604		REPRESSED	INCONSISTENT	REP→INC			NOT_EVALUATED_consensus_calls_only
ENSG00000258630	LINC02292	INCONSISTENT	BIVALENT	INC→BIV			NOT_EVALUATED_consensus_calls_only
ENSG00000258636	LRFN5-DT	REPRESSED	INCONSISTENT	REP→INC			NOT_EVALUATED_consensus_calls_only
ENSG00000258655	ARHGAP5-AS1	COMPLEX	INCONSISTENT	CPX→INC			NOT_EVALUATED_consensus_calls_only
ENSG00000258667	HIF1A-AS3	SIMPLE_AND	INCONSISTENT	AND→INC			NOT_EVALUATED_consensus_calls_only
ENSG00000258673	LINC01397	INCONSISTENT	REPRESSED	INC→REP			NOT_EVALUATED_consensus_calls_only
ENSG00000258674		SIMPLE_AND	INCONSISTENT	AND→INC			NOT_EVALUATED_consensus_calls_only
ENSG00000258702		INCONSISTENT	BIVALENT	INC→BIV			NOT_EVALUATED_consensus_calls_only
ENSG00000258704	SRP54-AS1	SIMPLE_AND	INCONSISTENT	AND→INC			NOT_EVALUATED_consensus_calls_only
ENSG00000258735	PPP1R13B-DT	INCONSISTENT	BIVALENT	INC→BIV			NOT_EVALUATED_consensus_calls_only
ENSG00000258736		INCONSISTENT	REPRESSED	INC→REP			NOT_EVALUATED_consensus_calls_only
ENSG00000258738	BAZ1A-AS1	SIMPLE_AND	INCONSISTENT	AND→INC			NOT_EVALUATED_consensus_calls_only
ENSG00000258748	KIF26A-DT	REPRESSED	INCONSISTENT	REP→INC			NOT_EVALUATED_consensus_calls_only
ENSG00000258790		SIMPLE_AND	INCONSISTENT	AND→INC			NOT_EVALUATED_consensus_calls_only
ENSG00000258881		SIMPLE_AND	INCONSISTENT	AND→INC			NOT_EVALUATED_consensus_calls_only
ENSG00000258940	MIA2-AS1	SIMPLE_AND	INCONSISTENT	AND→INC			NOT_EVALUATED_consensus_calls_only
ENSG00000258947	TUBB3	BIVALENT	INCONSISTENT	BIV→INC			NOT_EVALUATED_consensus_calls_only
ENSG00000258986	TMEM179	REPRESSED	BIVALENT	REP→BIV			NOT_EVALUATED_consensus_calls_only
ENSG00000259006		BIVALENT	INCONSISTENT	BIV→INC			NOT_EVALUATED_consensus_calls_only
ENSG00000259030	FPGT-TNNI3K	SIMPLE_AND	INCONSISTENT	AND→INC			NOT_EVALUATED_consensus_calls_only
ENSG00000259033		REPRESSED	INCONSISTENT	REP→INC			NOT_EVALUATED_consensus_calls_only
ENSG00000259062	ACTN1-DT	BIVALENT	INCONSISTENT	BIV→INC			NOT_EVALUATED_consensus_calls_only
ENSG00000259080		SIMPLE_AND	INCONSISTENT	AND→INC			NOT_EVALUATED_consensus_calls_only
ENSG00000259088		SIMPLE_AND	INCONSISTENT	AND→INC			NOT_EVALUATED_consensus_calls_only
ENSG00000259115		INCONSISTENT	BIVALENT	INC→BIV			NOT_EVALUATED_consensus_calls_only
ENSG00000259132		BIVALENT	INCONSISTENT	BIV→INC			NOT_EVALUATED_consensus_calls_only
ENSG00000259178		INCONSISTENT	REPRESSED	INC→REP			NOT_EVALUATED_consensus_calls_only
ENSG00000259182		REPRESSED	COMPLEX	REP→CPX			NOT_EVALUATED_consensus_calls_only
ENSG00000259207	ITGB3	SIMPLE_OR	INCONSISTENT	OR→INC			NOT_EVALUATED_consensus_calls_only
ENSG00000259275		BIVALENT	INCONSISTENT	BIV→INC			NOT_EVALUATED_consensus_calls_only
ENSG00000259276		INCONSISTENT	REPRESSED	INC→REP			NOT_EVALUATED_consensus_calls_only
ENSG00000259285	ALDH1A2-AS1	REPRESSED	INCONSISTENT	REP→INC			NOT_EVALUATED_consensus_calls_only
ENSG00000259305	ZHX1-C8orf76	SIMPLE_AND	INCONSISTENT	AND→INC			NOT_EVALUATED_consensus_calls_only
ENSG00000259319	JDP2-AS1	SIMPLE_AND	INCONSISTENT	AND→INC			NOT_EVALUATED_consensus_calls_only
ENSG00000259321		SIMPLE_AND	INCONSISTENT	AND→INC			NOT_EVALUATED_consensus_calls_only
ENSG00000259330	INAFM2	INCONSISTENT	SIMPLE_AND	INC→AND			NOT_EVALUATED_consensus_calls_only
ENSG00000259343	TMC3-AS1	SIMPLE_AND	INCONSISTENT	AND→INC			NOT_EVALUATED_consensus_calls_only
ENSG00000259368		BIVALENT	INCONSISTENT	BIV→INC			NOT_EVALUATED_consensus_calls_only
ENSG00000259404	EFL1P1	SIMPLE_OR	REPRESSED	OR→REP			NOT_EVALUATED_consensus_calls_only
ENSG00000259410		BIVALENT	INCONSISTENT	BIV→INC			NOT_EVALUATED_consensus_calls_only
ENSG00000259415		SIMPLE_AND	INCONSISTENT	AND→INC			NOT_EVALUATED_consensus_calls_only
ENSG00000259422		INCONSISTENT	REPRESSED	INC→REP			NOT_EVALUATED_consensus_calls_only
ENSG00000259431	THTPA	SIMPLE_AND	INCONSISTENT	AND→INC			NOT_EVALUATED_consensus_calls_only
ENSG00000259448	LINC02352	SIMPLE_AND	BIVALENT	AND→BIV			NOT_EVALUATED_consensus_calls_only
ENSG00000259460		SIMPLE_AND	INCONSISTENT	AND→INC			NOT_EVALUATED_consensus_calls_only
ENSG00000259462	CPEB1-AS1	BIVALENT	INCONSISTENT	BIV→INC			NOT_EVALUATED_consensus_calls_only
ENSG00000259467	NDUFAF4P1	SIMPLE_AND	INCONSISTENT	AND→INC			NOT_EVALUATED_consensus_calls_only
ENSG00000259488	DUT-AS1	SIMPLE_AND	INCONSISTENT	AND→INC			NOT_EVALUATED_consensus_calls_only
ENSG00000259494	MRPL46	SIMPLE_AND	INCONSISTENT	AND→INC			NOT_EVALUATED_consensus_calls_only
ENSG00000259498	TPM1-AS	BIVALENT	INCONSISTENT	BIV→INC			NOT_EVALUATED_consensus_calls_only
ENSG00000259520	SLC28A2-AS1	SIMPLE_AND	INCONSISTENT	AND→INC			NOT_EVALUATED_consensus_calls_only
ENSG00000259522		SIMPLE_AND	INCONSISTENT	AND→INC			NOT_EVALUATED_consensus_calls_only
ENSG00000259523		REPRESSED	INCONSISTENT	REP→INC			NOT_EVALUATED_consensus_calls_only
ENSG00000259529		SIMPLE_AND	INCONSISTENT	AND→INC			NOT_EVALUATED_consensus_calls_only
ENSG00000259539		SIMPLE_AND	INCONSISTENT	AND→INC			NOT_EVALUATED_consensus_calls_only
ENSG00000259577	CERNA1	INCONSISTENT	BIVALENT	INC→BIV			NOT_EVALUATED_consensus_calls_only
ENSG00000259583	ALDH1A3-AS1	SIMPLE_AND	BIVALENT	AND→BIV			NOT_EVALUATED_consensus_calls_only
ENSG00000259609		INCONSISTENT	REPRESSED	INC→REP			NOT_EVALUATED_consensus_calls_only
ENSG00000259673	IQCH-AS1	SIMPLE_AND	INCONSISTENT	AND→INC			NOT_EVALUATED_consensus_calls_only
ENSG00000259674	RPL7AP75	INCONSISTENT	REPRESSED	INC→REP			NOT_EVALUATED_consensus_calls_only
ENSG00000259704		SIMPLE_AND	INCONSISTENT	AND→INC			NOT_EVALUATED_consensus_calls_only
ENSG00000259736	CRTC3-AS1	SIMPLE_AND	INCONSISTENT	AND→INC			NOT_EVALUATED_consensus_calls_only
ENSG00000259768	ZFHX3-AS1	SIMPLE_AND	INCONSISTENT	AND→INC			NOT_EVALUATED_consensus_calls_only
ENSG00000259775	EIF5-DT	SIMPLE_AND	INCONSISTENT	AND→INC			NOT_EVALUATED_consensus_calls_only
ENSG00000259802		SIMPLE_AND	INCONSISTENT	AND→INC			NOT_EVALUATED_consensus_calls_only
ENSG00000259803	SLC22A31	REPRESSED	BIVALENT	REP→BIV			NOT_EVALUATED_consensus_calls_only
ENSG00000259804	CTCF-DT	SIMPLE_AND	INCONSISTENT	AND→INC			NOT_EVALUATED_consensus_calls_only
ENSG00000259826	CDK13-DT	SIMPLE_AND	INCONSISTENT	AND→INC			NOT_EVALUATED_consensus_calls_only
ENSG00000259869		REPRESSED	INCONSISTENT	REP→INC			NOT_EVALUATED_consensus_calls_only
ENSG00000259877	ZNF778-DT	SIMPLE_AND	INCONSISTENT	AND→INC			NOT_EVALUATED_consensus_calls_only
ENSG00000259891		SIMPLE_OR	INCONSISTENT	OR→INC			NOT_EVALUATED_consensus_calls_only
ENSG00000259922		INCONSISTENT	REPRESSED	INC→REP			NOT_EVALUATED_consensus_calls_only
ENSG00000259932		INCONSISTENT	SIMPLE_AND	INC→AND			NOT_EVALUATED_consensus_calls_only
ENSG00000259943	ZMPSTE24-DT	SIMPLE_AND	INCONSISTENT	AND→INC			NOT_EVALUATED_consensus_calls_only
ENSG00000259952		SIMPLE_AND	INCONSISTENT	AND→INC			NOT_EVALUATED_consensus_calls_only
ENSG00000259953	LINC02977	SIMPLE_OR	INCONSISTENT	OR→INC			NOT_EVALUATED_consensus_calls_only
ENSG00000259956	RBM15B	SIMPLE_AND	INCONSISTENT	AND→INC			NOT_EVALUATED_consensus_calls_only
ENSG00000259984		SIMPLE_AND	INCONSISTENT	AND→INC			NOT_EVALUATED_consensus_calls_only
ENSG00000259985		SIMPLE_AND	COMPLEX	AND→CPX			NOT_EVALUATED_consensus_calls_only
ENSG00000260000		SIMPLE_AND	INCONSISTENT	AND→INC			NOT_EVALUATED_consensus_calls_only
ENSG00000260018	MBTPS1-DT	SIMPLE_AND	INCONSISTENT	AND→INC			NOT_EVALUATED_consensus_calls_only
ENSG00000260025	CRIM1-DT	BIVALENT	INCONSISTENT	BIV→INC			NOT_EVALUATED_consensus_calls_only
ENSG00000260030		SIMPLE_AND	REPRESSED	AND→REP			NOT_EVALUATED_consensus_calls_only
ENSG00000260035		INCONSISTENT	SIMPLE_AND	INC→AND			NOT_EVALUATED_consensus_calls_only
ENSG00000260063		SIMPLE_AND	INCONSISTENT	AND→INC			NOT_EVALUATED_consensus_calls_only
ENSG00000260066		REPRESSED	BIVALENT	REP→BIV			NOT_EVALUATED_consensus_calls_only
ENSG00000260083	MIR762HG	SIMPLE_AND	INCONSISTENT	AND→INC			NOT_EVALUATED_consensus_calls_only
ENSG00000260095		REPRESSED	INCONSISTENT	REP→INC			NOT_EVALUATED_consensus_calls_only
ENSG00000260101	AFTPH-DT	SIMPLE_AND	INCONSISTENT	AND→INC			NOT_EVALUATED_consensus_calls_only
ENSG00000260103		COMPLEX	INCONSISTENT	CPX→INC			NOT_EVALUATED_consensus_calls_only
ENSG00000260148	CPNE2-DT	BIVALENT	INCONSISTENT	BIV→INC			NOT_EVALUATED_consensus_calls_only
ENSG00000260193	LINC02846	SIMPLE_AND	INCONSISTENT	AND→INC			NOT_EVALUATED_consensus_calls_only
ENSG00000260219	CD2BP2-DT	SIMPLE_AND	INCONSISTENT	AND→INC			NOT_EVALUATED_consensus_calls_only
ENSG00000260231	KDM7A-DT	BIVALENT	INCONSISTENT	BIV→INC			NOT_EVALUATED_consensus_calls_only
ENSG00000260233	ZNRD2-DT	SIMPLE_AND	INCONSISTENT	AND→INC			NOT_EVALUATED_consensus_calls_only
ENSG00000260236	PTPN23-DT	SIMPLE_AND	INCONSISTENT	AND→INC			NOT_EVALUATED_consensus_calls_only
ENSG00000260261		SIMPLE_AND	INCONSISTENT	AND→INC			NOT_EVALUATED_consensus_calls_only
ENSG00000260267		SIMPLE_AND	INCONSISTENT	AND→INC			NOT_EVALUATED_consensus_calls_only
ENSG00000260274		SIMPLE_AND	INCONSISTENT	AND→INC			NOT_EVALUATED_consensus_calls_only
ENSG00000260285	TRMT61A-DT	SIMPLE_AND	INCONSISTENT	AND→INC			NOT_EVALUATED_consensus_calls_only
ENSG00000260293		SIMPLE_AND	INCONSISTENT	AND→INC			NOT_EVALUATED_consensus_calls_only
ENSG00000260369		SIMPLE_AND	INCONSISTENT	AND→INC			NOT_EVALUATED_consensus_calls_only
ENSG00000260372	AQP4-AS1	BIVALENT	INCONSISTENT	BIV→INC			NOT_EVALUATED_consensus_calls_only
ENSG00000260381		INCONSISTENT	REPRESSED	INC→REP			NOT_EVALUATED_consensus_calls_only
ENSG00000260448	LCMT1-AS1	SIMPLE_AND	INCONSISTENT	AND→INC			NOT_EVALUATED_consensus_calls_only
ENSG00000260456	C16orf95	SIMPLE_AND	INCONSISTENT	AND→INC			NOT_EVALUATED_consensus_calls_only
ENSG00000260475	SLC25A28-DT	SIMPLE_AND	INCONSISTENT	AND→INC			NOT_EVALUATED_consensus_calls_only
ENSG00000260495		SIMPLE_AND	INCONSISTENT	AND→INC			NOT_EVALUATED_consensus_calls_only
ENSG00000260500		BIVALENT	INCONSISTENT	BIV→INC			NOT_EVALUATED_consensus_calls_only
ENSG00000260526	AP1AR-DT	SIMPLE_AND	INCONSISTENT	AND→INC			NOT_EVALUATED_consensus_calls_only
ENSG00000260563		SIMPLE_AND	INCONSISTENT	AND→INC			NOT_EVALUATED_consensus_calls_only
ENSG00000260565	ERVK13-1	SIMPLE_AND	INCONSISTENT	AND→INC			NOT_EVALUATED_consensus_calls_only
ENSG00000260569		REPRESSED	INCONSISTENT	REP→INC			NOT_EVALUATED_consensus_calls_only
ENSG00000260588		INCONSISTENT	COMPLEX	INC→CPX			NOT_EVALUATED_consensus_calls_only
ENSG00000260589	STAM-DT	SIMPLE_AND	INCONSISTENT	AND→INC			NOT_EVALUATED_consensus_calls_only
ENSG00000260597		SIMPLE_AND	INCONSISTENT	AND→INC			NOT_EVALUATED_consensus_calls_only
ENSG00000260625	RUSF1-DT	SIMPLE_AND	INCONSISTENT	AND→INC			NOT_EVALUATED_consensus_calls_only
ENSG00000260630	SNAI3-AS1	SIMPLE_AND	INCONSISTENT	AND→INC			NOT_EVALUATED_consensus_calls_only
ENSG00000260669		SIMPLE_AND	INCONSISTENT	AND→INC			NOT_EVALUATED_consensus_calls_only
ENSG00000260704	LINC00543	BIVALENT	INCONSISTENT	BIV→INC			NOT_EVALUATED_consensus_calls_only
ENSG00000260708	TBC1D22A-DT	SIMPLE_AND	INCONSISTENT	AND→INC			NOT_EVALUATED_consensus_calls_only
ENSG00000260774		SIMPLE_AND	INCONSISTENT	AND→INC			NOT_EVALUATED_consensus_calls_only
ENSG00000260782		SIMPLE_AND	INCONSISTENT	AND→INC			NOT_EVALUATED_consensus_calls_only
ENSG00000260793		SIMPLE_AND	INCONSISTENT	AND→INC			NOT_EVALUATED_consensus_calls_only
ENSG00000260796		INCONSISTENT	COMPLEX	INC→CPX			NOT_EVALUATED_consensus_calls_only
ENSG00000260804	LINC01963	SIMPLE_OR	INCONSISTENT	OR→INC			NOT_EVALUATED_consensus_calls_only
ENSG00000260805		COMPLEX	INCONSISTENT	CPX→INC			NOT_EVALUATED_consensus_calls_only
ENSG00000260806	PAPOLA-DT	SIMPLE_AND	INCONSISTENT	AND→INC			NOT_EVALUATED_consensus_calls_only
ENSG00000260807	CEROX1	REPRESSED	INCONSISTENT	REP→INC			NOT_EVALUATED_consensus_calls_only
ENSG00000260840	LINC01964	REPRESSED	INCONSISTENT	REP→INC			NOT_EVALUATED_consensus_calls_only
ENSG00000260852	FBXL19-AS1	SIMPLE_AND	INCONSISTENT	AND→INC			NOT_EVALUATED_consensus_calls_only
ENSG00000260879		BIVALENT	INCONSISTENT	BIV→INC			NOT_EVALUATED_consensus_calls_only
ENSG00000260903	XKR7	REPRESSED	BIVALENT	REP→BIV			NOT_EVALUATED_consensus_calls_only
ENSG00000260924	LINC01311	BIVALENT	INCONSISTENT	BIV→INC			NOT_EVALUATED_consensus_calls_only
ENSG00000260942	CAPN10-DT	SIMPLE_AND	INCONSISTENT	AND→INC			NOT_EVALUATED_consensus_calls_only
ENSG00000260971		BIVALENT	REPRESSED	BIV→REP			NOT_EVALUATED_consensus_calls_only
ENSG00000261000		SIMPLE_AND	INCONSISTENT	AND→INC			NOT_EVALUATED_consensus_calls_only
ENSG00000261008	LINC01572	SIMPLE_AND	INCONSISTENT	AND→INC			NOT_EVALUATED_consensus_calls_only
ENSG00000261029	MPHOSPH6-DT	INCONSISTENT	BIVALENT	INC→BIV			NOT_EVALUATED_consensus_calls_only
ENSG00000261033	SPECC1-DT	BIVALENT	INCONSISTENT	BIV→INC			NOT_EVALUATED_consensus_calls_only
ENSG00000261067		SIMPLE_AND	INCONSISTENT	AND→INC			NOT_EVALUATED_consensus_calls_only
ENSG00000261071		SIMPLE_AND	INCONSISTENT	AND→INC			NOT_EVALUATED_consensus_calls_only
ENSG00000261114		SIMPLE_AND	INCONSISTENT	AND→INC			NOT_EVALUATED_consensus_calls_only
ENSG00000261120		BIVALENT	INCONSISTENT	BIV→INC			NOT_EVALUATED_consensus_calls_only
ENSG00000261135		SIMPLE_OR	INCONSISTENT	OR→INC			NOT_EVALUATED_consensus_calls_only
ENSG00000261136		SIMPLE_AND	INCONSISTENT	AND→INC			NOT_EVALUATED_consensus_calls_only
ENSG00000261147		BIVALENT	INCONSISTENT	BIV→INC			NOT_EVALUATED_consensus_calls_only
ENSG00000261150	EPPK1	REPRESSED	SIMPLE_AND	REP→AND			NOT_EVALUATED_consensus_calls_only
ENSG00000261183	SPINT1-AS1	BIVALENT	INCONSISTENT	BIV→INC			NOT_EVALUATED_consensus_calls_only
ENSG00000261186	LINC01238	SIMPLE_AND	INCONSISTENT	AND→INC			NOT_EVALUATED_consensus_calls_only
ENSG00000261188	TFIP11-DT	SIMPLE_AND	INCONSISTENT	AND→INC			NOT_EVALUATED_consensus_calls_only
ENSG00000261218		SIMPLE_AND	INCONSISTENT	AND→INC			NOT_EVALUATED_consensus_calls_only
ENSG00000261220	ST3GAL1-DT	BIVALENT	INCONSISTENT	BIV→INC			NOT_EVALUATED_consensus_calls_only
ENSG00000261221	ZNF865	SIMPLE_AND	INCONSISTENT	AND→INC			NOT_EVALUATED_consensus_calls_only
ENSG00000261242		SIMPLE_AND	INCONSISTENT	AND→INC			NOT_EVALUATED_consensus_calls_only
ENSG00000261270		SIMPLE_AND	INCONSISTENT	AND→INC			NOT_EVALUATED_consensus_calls_only
ENSG00000261302	NUP93-DT	SIMPLE_AND	INCONSISTENT	AND→INC			NOT_EVALUATED_consensus_calls_only
ENSG00000261320		REPRESSED	INCONSISTENT	REP→INC			NOT_EVALUATED_consensus_calls_only
ENSG00000261334		REPRESSED	INCONSISTENT	REP→INC			NOT_EVALUATED_consensus_calls_only
ENSG00000261335		SIMPLE_AND	INCONSISTENT	AND→INC			NOT_EVALUATED_consensus_calls_only
ENSG00000261349		SIMPLE_OR	INCONSISTENT	OR→INC			NOT_EVALUATED_consensus_calls_only
ENSG00000261359	PYCARD-AS1	SIMPLE_AND	INCONSISTENT	AND→INC			NOT_EVALUATED_consensus_calls_only
ENSG00000261360	OTULIN-DT	SIMPLE_AND	INCONSISTENT	AND→INC			NOT_EVALUATED_consensus_calls_only
ENSG00000261366	MANEA-DT	SIMPLE_AND	INCONSISTENT	AND→INC			NOT_EVALUATED_consensus_calls_only
ENSG00000261373	VPS9D1-AS1	SIMPLE_AND	INCONSISTENT	AND→INC			NOT_EVALUATED_consensus_calls_only
ENSG00000261386		SIMPLE_AND	INCONSISTENT	AND→INC			NOT_EVALUATED_consensus_calls_only
ENSG00000261404	PSMD7-DT	SIMPLE_AND	INCONSISTENT	AND→INC			NOT_EVALUATED_consensus_calls_only
ENSG00000261408	TEN1-CDK3	SIMPLE_AND	INCONSISTENT	AND→INC			NOT_EVALUATED_consensus_calls_only
ENSG00000261416	CORO1A-AS1	SIMPLE_AND	INCONSISTENT	AND→INC			NOT_EVALUATED_consensus_calls_only
ENSG00000261420	MPC1-DT	SIMPLE_AND	INCONSISTENT	AND→INC			NOT_EVALUATED_consensus_calls_only
ENSG00000261423	TMEM202-AS1	SIMPLE_AND	INCONSISTENT	AND→INC			NOT_EVALUATED_consensus_calls_only
ENSG00000261437	LINC02894	REPRESSED	INCONSISTENT	REP→INC			NOT_EVALUATED_consensus_calls_only
ENSG00000261441	POLG-DT	SIMPLE_AND	INCONSISTENT	AND→INC			NOT_EVALUATED_consensus_calls_only
ENSG00000261447		BIVALENT	INCONSISTENT	BIV→INC			NOT_EVALUATED_consensus_calls_only
ENSG00000261449		SIMPLE_AND	INCONSISTENT	AND→INC			NOT_EVALUATED_consensus_calls_only
ENSG00000261455	LINC01003	SIMPLE_AND	INCONSISTENT	AND→INC			NOT_EVALUATED_consensus_calls_only
ENSG00000261469		INCONSISTENT	REPRESSED	INC→REP			NOT_EVALUATED_consensus_calls_only
ENSG00000261471		SIMPLE_AND	INCONSISTENT	AND→INC			NOT_EVALUATED_consensus_calls_only
ENSG00000261485	PAN3-AS1	SIMPLE_AND	INCONSISTENT	AND→INC			NOT_EVALUATED_consensus_calls_only
ENSG00000261487		INCONSISTENT	SIMPLE_AND	INC→AND			NOT_EVALUATED_consensus_calls_only
ENSG00000261504	LINC01686	SIMPLE_AND	BIVALENT	AND→BIV			NOT_EVALUATED_consensus_calls_only
ENSG00000261526		SIMPLE_AND	INCONSISTENT	AND→INC			NOT_EVALUATED_consensus_calls_only
ENSG00000261532		SIMPLE_OR	INCONSISTENT	OR→INC			NOT_EVALUATED_consensus_calls_only
ENSG00000261553		SIMPLE_AND	INCONSISTENT	AND→INC			NOT_EVALUATED_consensus_calls_only
ENSG00000261582		SIMPLE_AND	INCONSISTENT	AND→INC			NOT_EVALUATED_consensus_calls_only
ENSG00000261594	TPBGL	REPRESSED	INCONSISTENT	REP→INC			NOT_EVALUATED_consensus_calls_only
ENSG00000261634	PAQR5-DT	REPRESSED	BIVALENT	REP→BIV			NOT_EVALUATED_consensus_calls_only
ENSG00000261644	CYLD-AS1	SIMPLE_AND	INCONSISTENT	AND→INC			NOT_EVALUATED_consensus_calls_only
ENSG00000261664	TTC39A-AS1	BIVALENT	INCONSISTENT	BIV→INC			NOT_EVALUATED_consensus_calls_only
ENSG00000261716	H2BC20P	SIMPLE_AND	INCONSISTENT	AND→INC			NOT_EVALUATED_consensus_calls_only
ENSG00000261717		SIMPLE_AND	INCONSISTENT	AND→INC			NOT_EVALUATED_consensus_calls_only
ENSG00000261765		SIMPLE_AND	INCONSISTENT	AND→INC			NOT_EVALUATED_consensus_calls_only
ENSG00000261775		COMPLEX	INCONSISTENT	CPX→INC			NOT_EVALUATED_consensus_calls_only
ENSG00000261777	DDX19A-DT	SIMPLE_AND	INCONSISTENT	AND→INC			NOT_EVALUATED_consensus_calls_only
ENSG00000261796	ISY1-RAB43	SIMPLE_AND	INCONSISTENT	AND→INC			NOT_EVALUATED_consensus_calls_only
ENSG00000261801	LOXL1-AS1	REPRESSED	INCONSISTENT	REP→INC			NOT_EVALUATED_consensus_calls_only
ENSG00000261839		SIMPLE_AND	INCONSISTENT	AND→INC			NOT_EVALUATED_consensus_calls_only
ENSG00000261840		SIMPLE_AND	INCONSISTENT	AND→INC			NOT_EVALUATED_consensus_calls_only
ENSG00000261879	ZNF594-DT	COMPLEX	INCONSISTENT	CPX→INC			NOT_EVALUATED_consensus_calls_only
ENSG00000261884		SIMPLE_AND	INCONSISTENT	AND→INC			NOT_EVALUATED_consensus_calls_only
ENSG00000261949	GFY	REPRESSED	INCONSISTENT	REP→INC			NOT_EVALUATED_consensus_calls_only
ENSG00000261971	MMP25-AS1	SIMPLE_AND	INCONSISTENT	AND→INC			NOT_EVALUATED_consensus_calls_only
ENSG00000262001	DLGAP1-AS2	SIMPLE_AND	INCONSISTENT	AND→INC			NOT_EVALUATED_consensus_calls_only
ENSG00000262049		SIMPLE_AND	INCONSISTENT	AND→INC			NOT_EVALUATED_consensus_calls_only
ENSG00000262050		SIMPLE_AND	INCONSISTENT	AND→INC			NOT_EVALUATED_consensus_calls_only
ENSG00000262075	DKFZP434A062	REPRESSED	INCONSISTENT	REP→INC			NOT_EVALUATED_consensus_calls_only
ENSG00000262151		INCONSISTENT	REPRESSED	INC→REP			NOT_EVALUATED_consensus_calls_only
ENSG00000262155	LINC02175	SIMPLE_AND	INCONSISTENT	AND→INC			NOT_EVALUATED_consensus_calls_only
ENSG00000262172		INCONSISTENT	BIVALENT	INC→BIV			NOT_EVALUATED_consensus_calls_only
ENSG00000262209	PCDHGB3	SIMPLE_OR	INCONSISTENT	OR→INC			NOT_EVALUATED_consensus_calls_only
ENSG00000262223	LINC03048	BIVALENT	INCONSISTENT	BIV→INC			NOT_EVALUATED_consensus_calls_only
ENSG00000262227		SIMPLE_AND	INCONSISTENT	AND→INC			NOT_EVALUATED_consensus_calls_only
ENSG00000262296		REPRESSED	BIVALENT	REP→BIV			NOT_EVALUATED_consensus_calls_only
ENSG00000262302		REPRESSED	INCONSISTENT	REP→INC			NOT_EVALUATED_consensus_calls_only
ENSG00000262304		SIMPLE_AND	INCONSISTENT	AND→INC			NOT_EVALUATED_consensus_calls_only
ENSG00000262333	HNRNPA1P16	SIMPLE_OR	INCONSISTENT	OR→INC			NOT_EVALUATED_consensus_calls_only
ENSG00000262413		SIMPLE_AND	INCONSISTENT	AND→INC			NOT_EVALUATED_consensus_calls_only
ENSG00000262454	MIR193BHG	SIMPLE_AND	INCONSISTENT	AND→INC			NOT_EVALUATED_consensus_calls_only
ENSG00000262481	TMEM256-PLSCR3	BIVALENT	INCONSISTENT	BIV→INC			NOT_EVALUATED_consensus_calls_only
ENSG00000262488		SIMPLE_OR	REPRESSED	OR→REP			NOT_EVALUATED_consensus_calls_only
ENSG00000262587		SIMPLE_AND	INCONSISTENT	AND→INC			NOT_EVALUATED_consensus_calls_only
ENSG00000262619	LINC00621	SIMPLE_OR	INCONSISTENT	OR→INC			NOT_EVALUATED_consensus_calls_only
ENSG00000262636		INCONSISTENT	REPRESSED	INC→REP			NOT_EVALUATED_consensus_calls_only
ENSG00000262664	OVCA2	SIMPLE_AND	INCONSISTENT	AND→INC			NOT_EVALUATED_consensus_calls_only
ENSG00000262728	ARHGAP11A-DT	SIMPLE_AND	INCONSISTENT	AND→INC			NOT_EVALUATED_consensus_calls_only
ENSG00000262766		SIMPLE_AND	INCONSISTENT	AND→INC			NOT_EVALUATED_consensus_calls_only
ENSG00000262768		BIVALENT	INCONSISTENT	BIV→INC			NOT_EVALUATED_consensus_calls_only
ENSG00000262772	LINC01977	REPRESSED	INCONSISTENT	REP→INC			NOT_EVALUATED_consensus_calls_only
ENSG00000262786		REPRESSED	INCONSISTENT	REP→INC			NOT_EVALUATED_consensus_calls_only
ENSG00000262810		SIMPLE_AND	INCONSISTENT	AND→INC			NOT_EVALUATED_consensus_calls_only
ENSG00000262869		BIVALENT	INCONSISTENT	BIV→INC			NOT_EVALUATED_consensus_calls_only
ENSG00000262899		COMPLEX	REPRESSED	CPX→REP			NOT_EVALUATED_consensus_calls_only
ENSG00000263002	ZNF234	SIMPLE_AND	INCONSISTENT	AND→INC			NOT_EVALUATED_consensus_calls_only
ENSG00000263015		INCONSISTENT	REPRESSED	INC→REP			NOT_EVALUATED_consensus_calls_only
ENSG00000263080		SIMPLE_AND	INCONSISTENT	AND→INC			NOT_EVALUATED_consensus_calls_only
ENSG00000263155	MYZAP	REPRESSED	INCONSISTENT	REP→INC			NOT_EVALUATED_consensus_calls_only
ENSG00000263266	RPS7P1	SIMPLE_OR	REPRESSED	OR→REP			NOT_EVALUATED_consensus_calls_only
ENSG00000263301		REPRESSED	INCONSISTENT	REP→INC			NOT_EVALUATED_consensus_calls_only
ENSG00000263307	RSL1D1-DT	SIMPLE_AND	INCONSISTENT	AND→INC			NOT_EVALUATED_consensus_calls_only
ENSG00000263366	ABHD17AP5	SIMPLE_AND	REPRESSED	AND→REP			NOT_EVALUATED_consensus_calls_only
ENSG00000263412	NFE2L1-DT	SIMPLE_AND	INCONSISTENT	AND→INC			NOT_EVALUATED_consensus_calls_only
ENSG00000263426	RN7SL471P	SIMPLE_OR	INCONSISTENT	OR→INC			NOT_EVALUATED_consensus_calls_only
ENSG00000263510	MIR4497	REPRESSED	INCONSISTENT	REP→INC			NOT_EVALUATED_consensus_calls_only
ENSG00000263527	MIR4526	INCONSISTENT	REPRESSED	INC→REP			NOT_EVALUATED_consensus_calls_only
ENSG00000263528	IKBKE	SIMPLE_AND	INCONSISTENT	AND→INC			NOT_EVALUATED_consensus_calls_only
ENSG00000263603		SIMPLE_OR	INCONSISTENT	OR→INC			NOT_EVALUATED_consensus_calls_only
ENSG00000263620		SIMPLE_AND	INCONSISTENT	AND→INC			NOT_EVALUATED_consensus_calls_only
ENSG00000263697	MIR3621	BIVALENT	INCONSISTENT	BIV→INC			NOT_EVALUATED_consensus_calls_only
ENSG00000263709		SIMPLE_AND	INCONSISTENT	AND→INC			NOT_EVALUATED_consensus_calls_only
ENSG00000263756		COMPLEX	INCONSISTENT	CPX→INC			NOT_EVALUATED_consensus_calls_only
ENSG00000263766	KPNB1-DT	SIMPLE_AND	INCONSISTENT	AND→INC			NOT_EVALUATED_consensus_calls_only
ENSG00000263776	SNORA4	INCONSISTENT	SIMPLE_AND	INC→AND			NOT_EVALUATED_consensus_calls_only
ENSG00000263809		SIMPLE_AND	INCONSISTENT	AND→INC			NOT_EVALUATED_consensus_calls_only
ENSG00000263826		COMPLEX	INCONSISTENT	CPX→INC			NOT_EVALUATED_consensus_calls_only
ENSG00000263843	MIF4GD-DT	SIMPLE_AND	INCONSISTENT	AND→INC			NOT_EVALUATED_consensus_calls_only
ENSG00000263860		INCONSISTENT	REPRESSED	INC→REP			NOT_EVALUATED_consensus_calls_only
ENSG00000263884	THOC1-DT	SIMPLE_AND	INCONSISTENT	AND→INC			NOT_EVALUATED_consensus_calls_only
ENSG00000263917		INCONSISTENT	BIVALENT	INC→BIV			NOT_EVALUATED_consensus_calls_only
ENSG00000263926	MIR4462	INCONSISTENT	REPRESSED	INC→REP			NOT_EVALUATED_consensus_calls_only
ENSG00000263932	MIR4448	INCONSISTENT	BIVALENT	INC→BIV			NOT_EVALUATED_consensus_calls_only
ENSG00000263956	NBPF11	SIMPLE_AND	INCONSISTENT	AND→INC			NOT_EVALUATED_consensus_calls_only
ENSG00000263999	RN7SL42P	COMPLEX	REPRESSED	CPX→REP			NOT_EVALUATED_consensus_calls_only
ENSG00000264058		BIVALENT	INCONSISTENT	BIV→INC			NOT_EVALUATED_consensus_calls_only
ENSG00000264070	DND1P1	SIMPLE_AND	INCONSISTENT	AND→INC			NOT_EVALUATED_consensus_calls_only
ENSG00000264075	MIR4783	REPRESSED	INCONSISTENT	REP→INC			NOT_EVALUATED_consensus_calls_only
ENSG00000264229	RNU4ATAC	INCONSISTENT	SIMPLE_AND	INC→AND			NOT_EVALUATED_consensus_calls_only
ENSG00000264235	MYL12-AS1	SIMPLE_AND	INCONSISTENT	AND→INC			NOT_EVALUATED_consensus_calls_only
ENSG00000264247	ZNF407-AS1	SIMPLE_AND	INCONSISTENT	AND→INC			NOT_EVALUATED_consensus_calls_only
ENSG00000264290		SIMPLE_AND	INCONSISTENT	AND→INC			NOT_EVALUATED_consensus_calls_only
ENSG00000264293	RN7SL657P	SIMPLE_AND	INCONSISTENT	AND→INC			NOT_EVALUATED_consensus_calls_only
ENSG00000264395	MIR3193	BIVALENT	INCONSISTENT	BIV→INC			NOT_EVALUATED_consensus_calls_only
ENSG00000264423	RN7SL718P	REPRESSED	INCONSISTENT	REP→INC			NOT_EVALUATED_consensus_calls_only
ENSG00000264448	MIR378D2HG	SIMPLE_OR	INCONSISTENT	OR→INC			NOT_EVALUATED_consensus_calls_only
ENSG00000264522	OTUD7B	SIMPLE_AND	INCONSISTENT	AND→INC			NOT_EVALUATED_consensus_calls_only
ENSG00000264563	MIR4633	COMPLEX	INCONSISTENT	CPX→INC			NOT_EVALUATED_consensus_calls_only
ENSG00000264614	MIR5588	COMPLEX	INCONSISTENT	CPX→INC			NOT_EVALUATED_consensus_calls_only
ENSG00000264735		BIVALENT	INCONSISTENT	BIV→INC			NOT_EVALUATED_consensus_calls_only
ENSG00000264739		SIMPLE_AND	INCONSISTENT	AND→INC			NOT_EVALUATED_consensus_calls_only
ENSG00000264745	TTC39C-AS1	INCONSISTENT	BIVALENT	INC→BIV			NOT_EVALUATED_consensus_calls_only
ENSG00000264765		COMPLEX	INCONSISTENT	CPX→INC			NOT_EVALUATED_consensus_calls_only
ENSG00000264772		SIMPLE_AND	INCONSISTENT	AND→INC			NOT_EVALUATED_consensus_calls_only
ENSG00000264773	MIR4420	INCONSISTENT	COMPLEX	INC→CPX			NOT_EVALUATED_consensus_calls_only
ENSG00000264808		SIMPLE_AND	INCONSISTENT	AND→INC			NOT_EVALUATED_consensus_calls_only
ENSG00000264920	SP2-DT	SIMPLE_AND	INCONSISTENT	AND→INC			NOT_EVALUATED_consensus_calls_only
ENSG00000264937		SIMPLE_AND	INCONSISTENT	AND→INC			NOT_EVALUATED_consensus_calls_only
ENSG00000264968		SIMPLE_AND	INCONSISTENT	AND→INC			NOT_EVALUATED_consensus_calls_only
ENSG00000265000	MARCHF10-DT	REPRESSED	BIVALENT	REP→BIV			NOT_EVALUATED_consensus_calls_only
ENSG00000265028		REPRESSED	INCONSISTENT	REP→INC			NOT_EVALUATED_consensus_calls_only
ENSG00000265055		BIVALENT	INCONSISTENT	BIV→INC			NOT_EVALUATED_consensus_calls_only
ENSG00000265100		SIMPLE_AND	INCONSISTENT	AND→INC			NOT_EVALUATED_consensus_calls_only
ENSG00000265257		INCONSISTENT	SIMPLE_AND	INC→AND			NOT_EVALUATED_consensus_calls_only
ENSG00000265272	RN7SL693P	COMPLEX	INCONSISTENT	CPX→INC			NOT_EVALUATED_consensus_calls_only
ENSG00000265304	MIR3650	REPRESSED	BIVALENT	REP→BIV			NOT_EVALUATED_consensus_calls_only
ENSG00000265401		COMPLEX	INCONSISTENT	CPX→INC			NOT_EVALUATED_consensus_calls_only
ENSG00000265445		REPRESSED	INCONSISTENT	REP→INC			NOT_EVALUATED_consensus_calls_only
ENSG00000265469	POLR3KP2	INCONSISTENT	BIVALENT	INC→BIV			NOT_EVALUATED_consensus_calls_only
ENSG00000265491	RNF115	COMPLEX	INCONSISTENT	CPX→INC			NOT_EVALUATED_consensus_calls_only
ENSG00000265566	RN7SL605P	SIMPLE_AND	INCONSISTENT	AND→INC			NOT_EVALUATED_consensus_calls_only
ENSG00000265590	CFAP298-TCP10L	SIMPLE_AND	INCONSISTENT	AND→INC			NOT_EVALUATED_consensus_calls_only
ENSG00000265664		INCONSISTENT	REPRESSED	INC→REP			NOT_EVALUATED_consensus_calls_only
ENSG00000265683	SYPL1P2	SIMPLE_AND	INCONSISTENT	AND→INC			NOT_EVALUATED_consensus_calls_only
ENSG00000265688	MILIP	SIMPLE_AND	INCONSISTENT	AND→INC			NOT_EVALUATED_consensus_calls_only
ENSG00000265690		BIVALENT	INCONSISTENT	BIV→INC			NOT_EVALUATED_consensus_calls_only
ENSG00000265763	ZNF488	BIVALENT	INCONSISTENT	BIV→INC			NOT_EVALUATED_consensus_calls_only
ENSG00000265801		SIMPLE_AND	INCONSISTENT	AND→INC			NOT_EVALUATED_consensus_calls_only
ENSG00000265817	FSBP	SIMPLE_AND	INCONSISTENT	AND→INC			NOT_EVALUATED_consensus_calls_only
ENSG00000265942	RN7SL577P	SIMPLE_AND	INCONSISTENT	AND→INC			NOT_EVALUATED_consensus_calls_only
ENSG00000265962	GACAT2	BIVALENT	INCONSISTENT	BIV→INC			NOT_EVALUATED_consensus_calls_only
ENSG00000265967		SIMPLE_OR	INCONSISTENT	OR→INC			NOT_EVALUATED_consensus_calls_only
ENSG00000266006	MIR4488	REPRESSED	BIVALENT	REP→BIV			NOT_EVALUATED_consensus_calls_only
ENSG00000266010	GATA6-AS1	REPRESSED	BIVALENT	REP→BIV			NOT_EVALUATED_consensus_calls_only
ENSG00000266053	NDUFV2-AS1	SIMPLE_AND	INCONSISTENT	AND→INC			NOT_EVALUATED_consensus_calls_only
ENSG00000266074	BAHCC1	BIVALENT	INCONSISTENT	BIV→INC			NOT_EVALUATED_consensus_calls_only
ENSG00000266088		SIMPLE_AND	INCONSISTENT	AND→INC			NOT_EVALUATED_consensus_calls_only
ENSG00000266094	RASSF5	SIMPLE_AND	SIMPLE_OR	AND→OR			NOT_EVALUATED_consensus_calls_only
ENSG00000266208	GJD3-AS1	SIMPLE_OR	INCONSISTENT	OR→INC			NOT_EVALUATED_consensus_calls_only
ENSG00000266226	MIR4323	INCONSISTENT	REPRESSED	INC→REP			NOT_EVALUATED_consensus_calls_only
ENSG00000266274	RN7SL138P	INCONSISTENT	REPRESSED	INC→REP			NOT_EVALUATED_consensus_calls_only
ENSG00000266325	MIR3665	INCONSISTENT	BIVALENT	INC→BIV			NOT_EVALUATED_consensus_calls_only
ENSG00000266338	NBPF15	SIMPLE_OR	INCONSISTENT	OR→INC			NOT_EVALUATED_consensus_calls_only
ENSG00000266392	MIR4740	REPRESSED	INCONSISTENT	REP→INC			NOT_EVALUATED_consensus_calls_only
ENSG00000266402	SNHG25	INCONSISTENT	SIMPLE_AND	INC→AND			NOT_EVALUATED_consensus_calls_only
ENSG00000266412	NCOA4	COMPLEX	SIMPLE_AND	CPX→AND			NOT_EVALUATED_consensus_calls_only
ENSG00000266469		SIMPLE_AND	INCONSISTENT	AND→INC			NOT_EVALUATED_consensus_calls_only
ENSG00000266498		SIMPLE_AND	INCONSISTENT	AND→INC			NOT_EVALUATED_consensus_calls_only
ENSG00000266580	MIR4254	REPRESSED	BIVALENT	REP→BIV			NOT_EVALUATED_consensus_calls_only
ENSG00000266680		SIMPLE_AND	INCONSISTENT	AND→INC			NOT_EVALUATED_consensus_calls_only
ENSG00000266709		REPRESSED	INCONSISTENT	REP→INC			NOT_EVALUATED_consensus_calls_only
ENSG00000266714	MYO15B	BIVALENT	INCONSISTENT	BIV→INC			NOT_EVALUATED_consensus_calls_only
ENSG00000266738	MIR4757	BIVALENT	INCONSISTENT	BIV→INC			NOT_EVALUATED_consensus_calls_only
ENSG00000266826	IGBP1P2	INCONSISTENT	COMPLEX	INC→CPX			NOT_EVALUATED_consensus_calls_only
ENSG00000266904	LINC00663	SIMPLE_AND	INCONSISTENT	AND→INC			NOT_EVALUATED_consensus_calls_only
ENSG00000266913	LINC01841	SIMPLE_AND	INCONSISTENT	AND→INC			NOT_EVALUATED_consensus_calls_only
ENSG00000266947		INCONSISTENT	BIVALENT	INC→BIV			NOT_EVALUATED_consensus_calls_only
ENSG00000266963		INCONSISTENT	BIVALENT	INC→BIV			NOT_EVALUATED_consensus_calls_only
ENSG00000266973		INCONSISTENT	COMPLEX	INC→CPX			NOT_EVALUATED_consensus_calls_only
ENSG00000266978		SIMPLE_AND	INCONSISTENT	AND→INC			NOT_EVALUATED_consensus_calls_only
ENSG00000267002		SIMPLE_AND	INCONSISTENT	AND→INC			NOT_EVALUATED_consensus_calls_only
ENSG00000267036		REPRESSED	INCONSISTENT	REP→INC			NOT_EVALUATED_consensus_calls_only
ENSG00000267040	ATP8B1-AS1	SIMPLE_AND	INCONSISTENT	AND→INC			NOT_EVALUATED_consensus_calls_only
ENSG00000267042		SIMPLE_AND	INCONSISTENT	AND→INC			NOT_EVALUATED_consensus_calls_only
ENSG00000267046	E2F3P1	INCONSISTENT	REPRESSED	INC→REP			NOT_EVALUATED_consensus_calls_only
ENSG00000267059		INCONSISTENT	SIMPLE_AND	INC→AND			NOT_EVALUATED_consensus_calls_only
ENSG00000267060	PTGES3L	SIMPLE_AND	INCONSISTENT	AND→INC			NOT_EVALUATED_consensus_calls_only
ENSG00000267064	UXT-AS1	SIMPLE_AND	INCONSISTENT	AND→INC			NOT_EVALUATED_consensus_calls_only
ENSG00000267069		REPRESSED	INCONSISTENT	REP→INC			NOT_EVALUATED_consensus_calls_only
ENSG00000267073		BIVALENT	INCONSISTENT	BIV→INC			NOT_EVALUATED_consensus_calls_only
ENSG00000267080	ASB16-AS1	SIMPLE_AND	INCONSISTENT	AND→INC			NOT_EVALUATED_consensus_calls_only
ENSG00000267100	ILF3-DT	SIMPLE_AND	INCONSISTENT	AND→INC			NOT_EVALUATED_consensus_calls_only
ENSG00000267106	ZNF561-AS1	SIMPLE_AND	INCONSISTENT	AND→INC			NOT_EVALUATED_consensus_calls_only
ENSG00000267121	FMNL1-DT	SIMPLE_AND	INCONSISTENT	AND→INC			NOT_EVALUATED_consensus_calls_only
ENSG00000267123	SCAT1	SIMPLE_AND	REPRESSED	AND→REP			NOT_EVALUATED_consensus_calls_only
ENSG00000267169	ADGRL1-AS1	SIMPLE_AND	INCONSISTENT	AND→INC			NOT_EVALUATED_consensus_calls_only
ENSG00000267195	MIR212	BIVALENT	INCONSISTENT	BIV→INC			NOT_EVALUATED_consensus_calls_only
ENSG00000267200	MIR132	BIVALENT	INCONSISTENT	BIV→INC			NOT_EVALUATED_consensus_calls_only
ENSG00000267213	DPY19L3-DT	COMPLEX	INCONSISTENT	CPX→INC			NOT_EVALUATED_consensus_calls_only
ENSG00000267214		COMPLEX	REPRESSED	CPX→REP			NOT_EVALUATED_consensus_calls_only
ENSG00000267216	ZNF8-ERVK3-1	SIMPLE_AND	INCONSISTENT	AND→INC			NOT_EVALUATED_consensus_calls_only
ENSG00000267221	C17orf113	BIVALENT	INCONSISTENT	BIV→INC			NOT_EVALUATED_consensus_calls_only
ENSG00000267248		SIMPLE_AND	INCONSISTENT	AND→INC			NOT_EVALUATED_consensus_calls_only
ENSG00000267265	GP6-AS1	COMPLEX	SIMPLE_AND	CPX→AND			NOT_EVALUATED_consensus_calls_only
ENSG00000267275	KLF2-DT	INCONSISTENT	BIVALENT	INC→BIV			NOT_EVALUATED_consensus_calls_only
ENSG00000267277		SIMPLE_AND	INCONSISTENT	AND→INC			NOT_EVALUATED_consensus_calls_only
ENSG00000267278	MAP3K14-AS1	SIMPLE_AND	INCONSISTENT	AND→INC			NOT_EVALUATED_consensus_calls_only
ENSG00000267280	TBX2-AS1	BIVALENT	INCONSISTENT	BIV→INC			NOT_EVALUATED_consensus_calls_only
ENSG00000267281	ATF7-NPFF	SIMPLE_AND	INCONSISTENT	AND→INC			NOT_EVALUATED_consensus_calls_only
ENSG00000267284		BIVALENT	INCONSISTENT	BIV→INC			NOT_EVALUATED_consensus_calls_only
ENSG00000267296	CEBPA-DT	BIVALENT	INCONSISTENT	BIV→INC			NOT_EVALUATED_consensus_calls_only
ENSG00000267298		SIMPLE_AND	INCONSISTENT	AND→INC			NOT_EVALUATED_consensus_calls_only
ENSG00000267309	ZNF566-AS1	SIMPLE_AND	INCONSISTENT	AND→INC			NOT_EVALUATED_consensus_calls_only
ENSG00000267321	SNHG30	SIMPLE_AND	INCONSISTENT	AND→INC			NOT_EVALUATED_consensus_calls_only
ENSG00000267325	LINC01415	REPRESSED	INCONSISTENT	REP→INC			NOT_EVALUATED_consensus_calls_only
ENSG00000267345		COMPLEX	INCONSISTENT	CPX→INC			NOT_EVALUATED_consensus_calls_only
ENSG00000267360		COMPLEX	INCONSISTENT	CPX→INC			NOT_EVALUATED_consensus_calls_only
ENSG00000267363		INCONSISTENT	COMPLEX	INC→CPX			NOT_EVALUATED_consensus_calls_only
ENSG00000267365	KCNJ2-AS1	BIVALENT	INCONSISTENT	BIV→INC			NOT_EVALUATED_consensus_calls_only
ENSG00000267387		SIMPLE_OR	INCONSISTENT	OR→INC			NOT_EVALUATED_consensus_calls_only
ENSG00000267390	KDSR-DT	SIMPLE_AND	INCONSISTENT	AND→INC			NOT_EVALUATED_consensus_calls_only
ENSG00000267412		SIMPLE_AND	INCONSISTENT	AND→INC			NOT_EVALUATED_consensus_calls_only
ENSG00000267417		REPRESSED	INCONSISTENT	REP→INC			NOT_EVALUATED_consensus_calls_only
ENSG00000267432	DNAH17-AS1	INCONSISTENT	BIVALENT	INC→BIV			NOT_EVALUATED_consensus_calls_only
ENSG00000267470	ZNF571-AS1	REPRESSED	INCONSISTENT	REP→INC			NOT_EVALUATED_consensus_calls_only
ENSG00000267472	ARHGAP27P2	REPRESSED	INCONSISTENT	REP→INC			NOT_EVALUATED_consensus_calls_only
ENSG00000267475	NUDT19-DT	SIMPLE_AND	INCONSISTENT	AND→INC			NOT_EVALUATED_consensus_calls_only
ENSG00000267503		INCONSISTENT	REPRESSED	INC→REP			NOT_EVALUATED_consensus_calls_only
ENSG00000267519	MIR23AHG	SIMPLE_AND	INCONSISTENT	AND→INC			NOT_EVALUATED_consensus_calls_only
ENSG00000267534	S1PR2	SIMPLE_AND	INCONSISTENT	AND→INC			NOT_EVALUATED_consensus_calls_only
ENSG00000267546		SIMPLE_AND	INCONSISTENT	AND→INC			NOT_EVALUATED_consensus_calls_only
ENSG00000267549	ZSCAN5A-AS1	SIMPLE_AND	INCONSISTENT	AND→INC			NOT_EVALUATED_consensus_calls_only
ENSG00000267606		COMPLEX	INCONSISTENT	CPX→INC			NOT_EVALUATED_consensus_calls_only
ENSG00000267607	ICAM4-AS1	BIVALENT	INCONSISTENT	BIV→INC			NOT_EVALUATED_consensus_calls_only
ENSG00000267666		INCONSISTENT	COMPLEX	INC→CPX			NOT_EVALUATED_consensus_calls_only
ENSG00000267680	ZNF224	SIMPLE_AND	INCONSISTENT	AND→INC			NOT_EVALUATED_consensus_calls_only
ENSG00000267698		SIMPLE_AND	INCONSISTENT	AND→INC			NOT_EVALUATED_consensus_calls_only
ENSG00000267727		BIVALENT	INCONSISTENT	BIV→INC			NOT_EVALUATED_consensus_calls_only
ENSG00000267751	BSG-AS1	SIMPLE_AND	INCONSISTENT	AND→INC			NOT_EVALUATED_consensus_calls_only
ENSG00000267757	EML2-AS1	SIMPLE_AND	INCONSISTENT	AND→INC			NOT_EVALUATED_consensus_calls_only
ENSG00000267766		INCONSISTENT	REPRESSED	INC→REP			NOT_EVALUATED_consensus_calls_only
ENSG00000267778	CBARP-DT	BIVALENT	INCONSISTENT	BIV→INC			NOT_EVALUATED_consensus_calls_only
ENSG00000267815		REPRESSED	INCONSISTENT	REP→INC			NOT_EVALUATED_consensus_calls_only
ENSG00000267852	ARHGEF18-AS1	SIMPLE_AND	INCONSISTENT	AND→INC			NOT_EVALUATED_consensus_calls_only
ENSG00000267871	ZNF460-AS1	SIMPLE_AND	INCONSISTENT	AND→INC			NOT_EVALUATED_consensus_calls_only
ENSG00000268001	CARD8-AS1	SIMPLE_AND	INCONSISTENT	AND→INC			NOT_EVALUATED_consensus_calls_only
ENSG00000268006	PTOV1-AS1	SIMPLE_AND	INCONSISTENT	AND→INC			NOT_EVALUATED_consensus_calls_only
ENSG00000268041	ERFL	BIVALENT	INCONSISTENT	BIV→INC			NOT_EVALUATED_consensus_calls_only
ENSG00000268043	NBPF12	SIMPLE_AND	INCONSISTENT	AND→INC			NOT_EVALUATED_consensus_calls_only
ENSG00000268061	NAPA-AS1	SIMPLE_AND	INCONSISTENT	AND→INC			NOT_EVALUATED_consensus_calls_only
ENSG00000268107		COMPLEX	INCONSISTENT	CPX→INC			NOT_EVALUATED_consensus_calls_only
ENSG00000268129		SIMPLE_AND	INCONSISTENT	AND→INC			NOT_EVALUATED_consensus_calls_only
ENSG00000268163		COMPLEX	INCONSISTENT	CPX→INC			NOT_EVALUATED_consensus_calls_only
ENSG00000268204		SIMPLE_AND	INCONSISTENT	AND→INC			NOT_EVALUATED_consensus_calls_only
ENSG00000268240		REPRESSED	INCONSISTENT	REP→INC			NOT_EVALUATED_consensus_calls_only
ENSG00000268266		COMPLEX	INCONSISTENT	CPX→INC			NOT_EVALUATED_consensus_calls_only
ENSG00000268350	FAM156A	SIMPLE_AND	INCONSISTENT	AND→INC			NOT_EVALUATED_consensus_calls_only
ENSG00000268362		SIMPLE_AND	INCONSISTENT	AND→INC			NOT_EVALUATED_consensus_calls_only
ENSG00000268364	SMC5-DT	SIMPLE_AND	INCONSISTENT	AND→INC			NOT_EVALUATED_consensus_calls_only
ENSG00000268400		SIMPLE_AND	INCONSISTENT	AND→INC			NOT_EVALUATED_consensus_calls_only
ENSG00000268403		COMPLEX	INCONSISTENT	CPX→INC			NOT_EVALUATED_consensus_calls_only
ENSG00000268471	MIR4453HG	SIMPLE_AND	INCONSISTENT	AND→INC			NOT_EVALUATED_consensus_calls_only
ENSG00000268516	ZNF8-DT	SIMPLE_AND	INCONSISTENT	AND→INC			NOT_EVALUATED_consensus_calls_only
ENSG00000268520		SIMPLE_AND	INCONSISTENT	AND→INC			NOT_EVALUATED_consensus_calls_only
ENSG00000268543		REPRESSED	INCONSISTENT	REP→INC			NOT_EVALUATED_consensus_calls_only
ENSG00000268573		SIMPLE_AND	INCONSISTENT	AND→INC			NOT_EVALUATED_consensus_calls_only
ENSG00000268584		SIMPLE_AND	INCONSISTENT	AND→INC			NOT_EVALUATED_consensus_calls_only
ENSG00000268592	RAET1E-AS1	BIVALENT	INCONSISTENT	BIV→INC			NOT_EVALUATED_consensus_calls_only
ENSG00000268603		BIVALENT	INCONSISTENT	BIV→INC			NOT_EVALUATED_consensus_calls_only
ENSG00000268670		SIMPLE_AND	INCONSISTENT	AND→INC			NOT_EVALUATED_consensus_calls_only
ENSG00000268744		SIMPLE_AND	INCONSISTENT	AND→INC			NOT_EVALUATED_consensus_calls_only
ENSG00000268798		SIMPLE_AND	INCONSISTENT	AND→INC			NOT_EVALUATED_consensus_calls_only
ENSG00000268812	LIF-AS2	BIVALENT	INCONSISTENT	BIV→INC			NOT_EVALUATED_consensus_calls_only
ENSG00000268842		REPRESSED	COMPLEX	REP→CPX			NOT_EVALUATED_consensus_calls_only
ENSG00000268858		SIMPLE_AND	INCONSISTENT	AND→INC			NOT_EVALUATED_consensus_calls_only
ENSG00000268889	LIM2-AS1	SIMPLE_AND	INCONSISTENT	AND→INC			NOT_EVALUATED_consensus_calls_only
ENSG00000268895	A1BG-AS1	SIMPLE_AND	INCONSISTENT	AND→INC			NOT_EVALUATED_consensus_calls_only
ENSG00000268970		COMPLEX	INCONSISTENT	CPX→INC			NOT_EVALUATED_consensus_calls_only
ENSG00000268987		SIMPLE_AND	INCONSISTENT	AND→INC			NOT_EVALUATED_consensus_calls_only
ENSG00000269019	HOMER3-AS1	BIVALENT	INCONSISTENT	BIV→INC			NOT_EVALUATED_consensus_calls_only
ENSG00000269038	SF1-DT	COMPLEX	INCONSISTENT	CPX→INC			NOT_EVALUATED_consensus_calls_only
ENSG00000269102		INCONSISTENT	COMPLEX	INC→CPX			NOT_EVALUATED_consensus_calls_only
ENSG00000269106		SIMPLE_AND	INCONSISTENT	AND→INC			NOT_EVALUATED_consensus_calls_only
ENSG00000269110		COMPLEX	INCONSISTENT	CPX→INC			NOT_EVALUATED_consensus_calls_only
ENSG00000269176		SIMPLE_AND	INCONSISTENT	AND→INC			NOT_EVALUATED_consensus_calls_only
ENSG00000269181		BIVALENT	INCONSISTENT	BIV→INC			NOT_EVALUATED_consensus_calls_only
ENSG00000269190	FBXO17	SIMPLE_AND	INCONSISTENT	AND→INC			NOT_EVALUATED_consensus_calls_only
ENSG00000269210		INCONSISTENT	REPRESSED	INC→REP			NOT_EVALUATED_consensus_calls_only
ENSG00000269220	LINC00528	SIMPLE_AND	INCONSISTENT	AND→INC			NOT_EVALUATED_consensus_calls_only
ENSG00000269293	ZSCAN16-AS1	SIMPLE_AND	INCONSISTENT	AND→INC			NOT_EVALUATED_consensus_calls_only
ENSG00000269296		COMPLEX	INCONSISTENT	CPX→INC			NOT_EVALUATED_consensus_calls_only
ENSG00000269386	RAB11B-AS1	SIMPLE_AND	INCONSISTENT	AND→INC			NOT_EVALUATED_consensus_calls_only
ENSG00000269392		SIMPLE_AND	INCONSISTENT	AND→INC			NOT_EVALUATED_consensus_calls_only
ENSG00000269399		SIMPLE_AND	INCONSISTENT	AND→INC			NOT_EVALUATED_consensus_calls_only
ENSG00000269400		COMPLEX	INCONSISTENT	CPX→INC			NOT_EVALUATED_consensus_calls_only
ENSG00000269439	PGLS-DT	SIMPLE_AND	INCONSISTENT	AND→INC			NOT_EVALUATED_consensus_calls_only
ENSG00000269444		SIMPLE_AND	INCONSISTENT	AND→INC			NOT_EVALUATED_consensus_calls_only
ENSG00000269460		COMPLEX	REPRESSED	CPX→REP			NOT_EVALUATED_consensus_calls_only
ENSG00000269463		SIMPLE_AND	INCONSISTENT	AND→INC			NOT_EVALUATED_consensus_calls_only
ENSG00000269514		SIMPLE_AND	INCONSISTENT	AND→INC			NOT_EVALUATED_consensus_calls_only
ENSG00000269556	TMEM185A	SIMPLE_OR	INCONSISTENT	OR→INC			NOT_EVALUATED_consensus_calls_only
ENSG00000269578		SIMPLE_AND	INCONSISTENT	AND→INC			NOT_EVALUATED_consensus_calls_only
ENSG00000269680		SIMPLE_AND	INCONSISTENT	AND→INC			NOT_EVALUATED_consensus_calls_only
ENSG00000269688		SIMPLE_OR	INCONSISTENT	OR→INC			NOT_EVALUATED_consensus_calls_only
ENSG00000269743	SLC25A53	SIMPLE_AND	INCONSISTENT	AND→INC			NOT_EVALUATED_consensus_calls_only
ENSG00000269749		COMPLEX	INCONSISTENT	CPX→INC			NOT_EVALUATED_consensus_calls_only
ENSG00000269793	ZIM2-AS1	COMPLEX	INCONSISTENT	CPX→INC			NOT_EVALUATED_consensus_calls_only
ENSG00000269800	PLEKHA3P1	INCONSISTENT	REPRESSED	INC→REP			NOT_EVALUATED_consensus_calls_only
ENSG00000269821	KCNQ1OT1	SIMPLE_AND	INCONSISTENT	AND→INC			NOT_EVALUATED_consensus_calls_only
ENSG00000269825		SIMPLE_AND	INCONSISTENT	AND→INC			NOT_EVALUATED_consensus_calls_only
ENSG00000269834	ZNF528-AS1	COMPLEX	INCONSISTENT	CPX→INC			NOT_EVALUATED_consensus_calls_only
ENSG00000269846		COMPLEX	INCONSISTENT	CPX→INC			NOT_EVALUATED_consensus_calls_only
ENSG00000269883		REPRESSED	BIVALENT	REP→BIV			NOT_EVALUATED_consensus_calls_only
ENSG00000269891	ARHGAP19-SLIT1	SIMPLE_AND	INCONSISTENT	AND→INC			NOT_EVALUATED_consensus_calls_only
ENSG00000269906		SIMPLE_OR	INCONSISTENT	OR→INC			NOT_EVALUATED_consensus_calls_only
ENSG00000269919		SIMPLE_AND	INCONSISTENT	AND→INC			NOT_EVALUATED_consensus_calls_only
ENSG00000269921		SIMPLE_AND	INCONSISTENT	AND→INC			NOT_EVALUATED_consensus_calls_only
ENSG00000269935		COMPLEX	BIVALENT	CPX→BIV			NOT_EVALUATED_consensus_calls_only
ENSG00000269951		SIMPLE_AND	INCONSISTENT	AND→INC			NOT_EVALUATED_consensus_calls_only
ENSG00000269961	ERBIN-DT	SIMPLE_AND	INCONSISTENT	AND→INC			NOT_EVALUATED_consensus_calls_only
ENSG00000269964	MEI4	REPRESSED	INCONSISTENT	REP→INC			NOT_EVALUATED_consensus_calls_only
ENSG00000270011	ZNF559-ZNF177	SIMPLE_AND	INCONSISTENT	AND→INC			NOT_EVALUATED_consensus_calls_only
ENSG00000270012		SIMPLE_OR	INCONSISTENT	OR→INC			NOT_EVALUATED_consensus_calls_only
ENSG00000270019		SIMPLE_AND	INCONSISTENT	AND→INC			NOT_EVALUATED_consensus_calls_only
ENSG00000270049	ATP6V0D1-DT	SIMPLE_AND	INCONSISTENT	AND→INC			NOT_EVALUATED_consensus_calls_only
ENSG00000270061		SIMPLE_OR	INCONSISTENT	OR→INC			NOT_EVALUATED_consensus_calls_only
ENSG00000270066		SIMPLE_AND	INCONSISTENT	AND→INC			NOT_EVALUATED_consensus_calls_only
ENSG00000270069	MIR222HG	SIMPLE_OR	INCONSISTENT	OR→INC			NOT_EVALUATED_consensus_calls_only
ENSG00000270072		SIMPLE_OR	INCONSISTENT	OR→INC			NOT_EVALUATED_consensus_calls_only
ENSG00000270083		COMPLEX	INCONSISTENT	CPX→INC			NOT_EVALUATED_consensus_calls_only
ENSG00000270084	GAS5-AS1	SIMPLE_AND	INCONSISTENT	AND→INC			NOT_EVALUATED_consensus_calls_only
ENSG00000270095		SIMPLE_AND	INCONSISTENT	AND→INC			NOT_EVALUATED_consensus_calls_only
ENSG00000270103		INCONSISTENT	SIMPLE_AND	INC→AND			NOT_EVALUATED_consensus_calls_only
ENSG00000270117		SIMPLE_AND	INCONSISTENT	AND→INC			NOT_EVALUATED_consensus_calls_only
ENSG00000270123	VTRNA2-1	INCONSISTENT	SIMPLE_AND	INC→AND			NOT_EVALUATED_consensus_calls_only
ENSG00000270175		SIMPLE_AND	INCONSISTENT	AND→INC			NOT_EVALUATED_consensus_calls_only
ENSG00000270177	PPP2CA-DT	SIMPLE_AND	INCONSISTENT	AND→INC			NOT_EVALUATED_consensus_calls_only
ENSG00000270231	NBPF8	SIMPLE_AND	INCONSISTENT	AND→INC			NOT_EVALUATED_consensus_calls_only
ENSG00000270299		REPRESSED	INCONSISTENT	REP→INC			NOT_EVALUATED_consensus_calls_only
ENSG00000270330		REPRESSED	BIVALENT	REP→BIV			NOT_EVALUATED_consensus_calls_only
ENSG00000270332	SMC2-DT	COMPLEX	INCONSISTENT	CPX→INC			NOT_EVALUATED_consensus_calls_only
ENSG00000270344	POC1B-AS1	SIMPLE_AND	INCONSISTENT	AND→INC			NOT_EVALUATED_consensus_calls_only
ENSG00000270362	HMGN3-AS1	SIMPLE_AND	INCONSISTENT	AND→INC			NOT_EVALUATED_consensus_calls_only
ENSG00000270412		REPRESSED	BIVALENT	REP→BIV			NOT_EVALUATED_consensus_calls_only
ENSG00000270419	CAHM	SIMPLE_AND	INCONSISTENT	AND→INC			NOT_EVALUATED_consensus_calls_only
ENSG00000270426		SIMPLE_AND	INCONSISTENT	AND→INC			NOT_EVALUATED_consensus_calls_only
ENSG00000270429	KNOP1P2	REPRESSED	INCONSISTENT	REP→INC			NOT_EVALUATED_consensus_calls_only
ENSG00000270504		BIVALENT	INCONSISTENT	BIV→INC			NOT_EVALUATED_consensus_calls_only
ENSG00000270562	FOXP1-DT	BIVALENT	INCONSISTENT	BIV→INC			NOT_EVALUATED_consensus_calls_only
ENSG00000270607	NAV2-AS6	BIVALENT	INCONSISTENT	BIV→INC			NOT_EVALUATED_consensus_calls_only
ENSG00000270638		SIMPLE_AND	INCONSISTENT	AND→INC			NOT_EVALUATED_consensus_calls_only
ENSG00000270659		SIMPLE_AND	INCONSISTENT	AND→INC			NOT_EVALUATED_consensus_calls_only
ENSG00000270673	YTHDF3-DT	SIMPLE_AND	INCONSISTENT	AND→INC			NOT_EVALUATED_consensus_calls_only
ENSG00000270705		REPRESSED	INCONSISTENT	REP→INC			NOT_EVALUATED_consensus_calls_only
ENSG00000270757	HSPE1-MOB4	INCONSISTENT	SIMPLE_AND	INC→AND			NOT_EVALUATED_consensus_calls_only
ENSG00000270761	CD2AP-DT	SIMPLE_AND	INCONSISTENT	AND→INC			NOT_EVALUATED_consensus_calls_only
ENSG00000270800	RPS10-NUDT3	INCONSISTENT	SIMPLE_AND	INC→AND			NOT_EVALUATED_consensus_calls_only
ENSG00000270820	USP34-DT	SIMPLE_AND	INCONSISTENT	AND→INC			NOT_EVALUATED_consensus_calls_only
ENSG00000270964	MAP2K5-DT	SIMPLE_AND	INCONSISTENT	AND→INC			NOT_EVALUATED_consensus_calls_only
ENSG00000270972		INCONSISTENT	COMPLEX	INC→CPX			NOT_EVALUATED_consensus_calls_only
ENSG00000270982		BIVALENT	INCONSISTENT	BIV→INC			NOT_EVALUATED_consensus_calls_only
ENSG00000271002		SIMPLE_AND	INCONSISTENT	AND→INC			NOT_EVALUATED_consensus_calls_only
ENSG00000271065	SLC4A8-AS1	INCONSISTENT	REPRESSED	INC→REP			NOT_EVALUATED_consensus_calls_only
ENSG00000271092	TLCD4-RWDD3	BIVALENT	INCONSISTENT	BIV→INC			NOT_EVALUATED_consensus_calls_only
ENSG00000271105	SCML2P2	SIMPLE_OR	INCONSISTENT	OR→INC			NOT_EVALUATED_consensus_calls_only
ENSG00000271122	HERPUD2-AS1	SIMPLE_AND	INCONSISTENT	AND→INC			NOT_EVALUATED_consensus_calls_only
ENSG00000271147	ARMCX5-GPRASP2	SIMPLE_AND	INCONSISTENT	AND→INC			NOT_EVALUATED_consensus_calls_only
ENSG00000271151		SIMPLE_AND	INCONSISTENT	AND→INC			NOT_EVALUATED_consensus_calls_only
ENSG00000271155		SIMPLE_AND	INCONSISTENT	AND→INC			NOT_EVALUATED_consensus_calls_only
ENSG00000271192		BIVALENT	REPRESSED	BIV→REP			NOT_EVALUATED_consensus_calls_only
ENSG00000271234		REPRESSED	BIVALENT	REP→BIV			NOT_EVALUATED_consensus_calls_only
ENSG00000271245		INCONSISTENT	REPRESSED	INC→REP			NOT_EVALUATED_consensus_calls_only
ENSG00000271265		SIMPLE_AND	INCONSISTENT	AND→INC			NOT_EVALUATED_consensus_calls_only
ENSG00000271270	TMCC1-DT	SIMPLE_AND	INCONSISTENT	AND→INC			NOT_EVALUATED_consensus_calls_only
ENSG00000271335	CCNY-AS1	SIMPLE_AND	INCONSISTENT	AND→INC			NOT_EVALUATED_consensus_calls_only
ENSG00000271380		SIMPLE_AND	INCONSISTENT	AND→INC			NOT_EVALUATED_consensus_calls_only
ENSG00000271447	MMP28	REPRESSED	BIVALENT	REP→BIV			NOT_EVALUATED_consensus_calls_only
ENSG00000271503	CCL5	SIMPLE_AND	INCONSISTENT	AND→INC			NOT_EVALUATED_consensus_calls_only
ENSG00000271538	LINC02427	SIMPLE_AND	INCONSISTENT	AND→INC			NOT_EVALUATED_consensus_calls_only
ENSG00000271551		SIMPLE_AND	INCONSISTENT	AND→INC			NOT_EVALUATED_consensus_calls_only
ENSG00000271581		INCONSISTENT	BIVALENT	INC→BIV			NOT_EVALUATED_consensus_calls_only
ENSG00000271605	MILR1	SIMPLE_AND	INCONSISTENT	AND→INC			NOT_EVALUATED_consensus_calls_only
ENSG00000271614	ATP2B1-AS1	SIMPLE_AND	INCONSISTENT	AND→INC			NOT_EVALUATED_consensus_calls_only
ENSG00000271646	IRF2-DT	SIMPLE_AND	INCONSISTENT	AND→INC			NOT_EVALUATED_consensus_calls_only
ENSG00000271659		BIVALENT	INCONSISTENT	BIV→INC			NOT_EVALUATED_consensus_calls_only
ENSG00000271707	ATP1B3P1	REPRESSED	BIVALENT	REP→BIV			NOT_EVALUATED_consensus_calls_only
ENSG00000271717		COMPLEX	INCONSISTENT	CPX→INC			NOT_EVALUATED_consensus_calls_only
ENSG00000271737		SIMPLE_AND	INCONSISTENT	AND→INC			NOT_EVALUATED_consensus_calls_only
ENSG00000271751		SIMPLE_AND	INCONSISTENT	AND→INC			NOT_EVALUATED_consensus_calls_only
ENSG00000271754		SIMPLE_AND	INCONSISTENT	AND→INC			NOT_EVALUATED_consensus_calls_only
ENSG00000271780		SIMPLE_AND	INCONSISTENT	AND→INC			NOT_EVALUATED_consensus_calls_only
ENSG00000271793		COMPLEX	INCONSISTENT	CPX→INC			NOT_EVALUATED_consensus_calls_only
ENSG00000271798	SNORA51	INCONSISTENT	SIMPLE_AND	INC→AND			NOT_EVALUATED_consensus_calls_only
ENSG00000271811		BIVALENT	REPRESSED	BIV→REP			NOT_EVALUATED_consensus_calls_only
ENSG00000271816	BMS1P4	SIMPLE_AND	INCONSISTENT	AND→INC			NOT_EVALUATED_consensus_calls_only
ENSG00000271821		COMPLEX	INCONSISTENT	CPX→INC			NOT_EVALUATED_consensus_calls_only
ENSG00000271855		SIMPLE_AND	INCONSISTENT	AND→INC			NOT_EVALUATED_consensus_calls_only
ENSG00000271856	LINC01215	SIMPLE_AND	INCONSISTENT	AND→INC			NOT_EVALUATED_consensus_calls_only
ENSG00000271858		SIMPLE_OR	INCONSISTENT	OR→INC			NOT_EVALUATED_consensus_calls_only
ENSG00000271860		COMPLEX	INCONSISTENT	CPX→INC			NOT_EVALUATED_consensus_calls_only
ENSG00000271882		SIMPLE_AND	INCONSISTENT	AND→INC			NOT_EVALUATED_consensus_calls_only
ENSG00000271888	JARID2-DT	SIMPLE_AND	INCONSISTENT	AND→INC			NOT_EVALUATED_consensus_calls_only
ENSG00000271918		SIMPLE_AND	INCONSISTENT	AND→INC			NOT_EVALUATED_consensus_calls_only
ENSG00000271938		INCONSISTENT	BIVALENT	INC→BIV			NOT_EVALUATED_consensus_calls_only
ENSG00000271991	TTC32-DT	SIMPLE_AND	INCONSISTENT	AND→INC			NOT_EVALUATED_consensus_calls_only
ENSG00000272030		SIMPLE_AND	INCONSISTENT	AND→INC			NOT_EVALUATED_consensus_calls_only
ENSG00000272031	ANKRD34A	SIMPLE_AND	INCONSISTENT	AND→INC			NOT_EVALUATED_consensus_calls_only
ENSG00000272043		INCONSISTENT	REPRESSED	INC→REP			NOT_EVALUATED_consensus_calls_only
ENSG00000272047	GTF2H5	SIMPLE_AND	INCONSISTENT	AND→INC			NOT_EVALUATED_consensus_calls_only
ENSG00000272050		REPRESSED	INCONSISTENT	REP→INC			NOT_EVALUATED_consensus_calls_only
ENSG00000272056		SIMPLE_AND	INCONSISTENT	AND→INC			NOT_EVALUATED_consensus_calls_only
ENSG00000272057	ANKH-DT	INCONSISTENT	BIVALENT	INC→BIV			NOT_EVALUATED_consensus_calls_only
ENSG00000272070		COMPLEX	INCONSISTENT	CPX→INC			NOT_EVALUATED_consensus_calls_only
ENSG00000272086	GOLPH3-DT	SIMPLE_AND	INCONSISTENT	AND→INC			NOT_EVALUATED_consensus_calls_only
ENSG00000272092		SIMPLE_AND	INCONSISTENT	AND→INC			NOT_EVALUATED_consensus_calls_only
ENSG00000272106		SIMPLE_AND	INCONSISTENT	AND→INC			NOT_EVALUATED_consensus_calls_only
ENSG00000272112		SIMPLE_OR	INCONSISTENT	OR→INC			NOT_EVALUATED_consensus_calls_only
ENSG00000272121		BIVALENT	REPRESSED	BIV→REP			NOT_EVALUATED_consensus_calls_only
ENSG00000272139		REPRESSED	INCONSISTENT	REP→INC			NOT_EVALUATED_consensus_calls_only
ENSG00000272145	NFYC-AS1	SIMPLE_AND	INCONSISTENT	AND→INC			NOT_EVALUATED_consensus_calls_only
ENSG00000272146	ARF4-AS1	SIMPLE_AND	INCONSISTENT	AND→INC			NOT_EVALUATED_consensus_calls_only
ENSG00000272156		SIMPLE_OR	COMPLEX	OR→CPX			NOT_EVALUATED_consensus_calls_only
ENSG00000272168	CASC15	BIVALENT	REPRESSED	BIV→REP			NOT_EVALUATED_consensus_calls_only
ENSG00000272183		BIVALENT	INCONSISTENT	BIV→INC			NOT_EVALUATED_consensus_calls_only
ENSG00000272186	VPS11-DT	SIMPLE_AND	INCONSISTENT	AND→INC			NOT_EVALUATED_consensus_calls_only
ENSG00000272189	MAP7-AS1	BIVALENT	INCONSISTENT	BIV→INC			NOT_EVALUATED_consensus_calls_only
ENSG00000272202		BIVALENT	INCONSISTENT	BIV→INC			NOT_EVALUATED_consensus_calls_only
ENSG00000272240		SIMPLE_AND	INCONSISTENT	AND→INC			NOT_EVALUATED_consensus_calls_only
ENSG00000272269	NUP153-AS1	SIMPLE_AND	INCONSISTENT	AND→INC			NOT_EVALUATED_consensus_calls_only
ENSG00000272282	LINC02084	BIVALENT	REPRESSED	BIV→REP			NOT_EVALUATED_consensus_calls_only
ENSG00000272330		INCONSISTENT	REPRESSED	INC→REP			NOT_EVALUATED_consensus_calls_only
ENSG00000272341		SIMPLE_AND	INCONSISTENT	AND→INC			NOT_EVALUATED_consensus_calls_only
ENSG00000272347		REPRESSED	BIVALENT	REP→BIV			NOT_EVALUATED_consensus_calls_only
ENSG00000272366		BIVALENT	INCONSISTENT	BIV→INC			NOT_EVALUATED_consensus_calls_only
ENSG00000272368		SIMPLE_AND	INCONSISTENT	AND→INC			NOT_EVALUATED_consensus_calls_only
ENSG00000272384		INCONSISTENT	REPRESSED	INC→REP			NOT_EVALUATED_consensus_calls_only
ENSG00000272398	CD24	BIVALENT	SIMPLE_OR	BIV→OR			NOT_EVALUATED_consensus_calls_only
ENSG00000272410		SIMPLE_AND	INCONSISTENT	AND→INC			NOT_EVALUATED_consensus_calls_only
ENSG00000272419	LINC01145	SIMPLE_AND	INCONSISTENT	AND→INC			NOT_EVALUATED_consensus_calls_only
ENSG00000272447		SIMPLE_AND	INCONSISTENT	AND→INC			NOT_EVALUATED_consensus_calls_only
ENSG00000272455	MRPL20-DT	SIMPLE_AND	COMPLEX	AND→CPX			NOT_EVALUATED_consensus_calls_only
ENSG00000272462	LINC02980	SIMPLE_AND	INCONSISTENT	AND→INC			NOT_EVALUATED_consensus_calls_only
ENSG00000272463		SIMPLE_AND	BIVALENT	AND→BIV			NOT_EVALUATED_consensus_calls_only
ENSG00000272476		INCONSISTENT	SIMPLE_AND	INC→AND			NOT_EVALUATED_consensus_calls_only
ENSG00000272482		INCONSISTENT	SIMPLE_AND	INC→AND			NOT_EVALUATED_consensus_calls_only
ENSG00000272501		SIMPLE_AND	INCONSISTENT	AND→INC			NOT_EVALUATED_consensus_calls_only
ENSG00000272512		BIVALENT	INCONSISTENT	BIV→INC			NOT_EVALUATED_consensus_calls_only
ENSG00000272525	BTF3-DT	SIMPLE_AND	INCONSISTENT	AND→INC			NOT_EVALUATED_consensus_calls_only
ENSG00000272533	SNORA28	INCONSISTENT	SIMPLE_OR	INC→OR			NOT_EVALUATED_consensus_calls_only
ENSG00000272543	MIR4787	REPRESSED	INCONSISTENT	REP→INC			NOT_EVALUATED_consensus_calls_only
ENSG00000272554		REPRESSED	INCONSISTENT	REP→INC			NOT_EVALUATED_consensus_calls_only
ENSG00000272562	H3-3A-DT	SIMPLE_AND	INCONSISTENT	AND→INC			NOT_EVALUATED_consensus_calls_only
ENSG00000272578		SIMPLE_AND	INCONSISTENT	AND→INC			NOT_EVALUATED_consensus_calls_only
ENSG00000272583		INCONSISTENT	REPRESSED	INC→REP			NOT_EVALUATED_consensus_calls_only
ENSG00000272606	PPP4R3B-DT	SIMPLE_AND	INCONSISTENT	AND→INC			NOT_EVALUATED_consensus_calls_only
ENSG00000272622		COMPLEX	INCONSISTENT	CPX→INC			NOT_EVALUATED_consensus_calls_only
ENSG00000272631		SIMPLE_AND	INCONSISTENT	AND→INC			NOT_EVALUATED_consensus_calls_only
ENSG00000272654	JTB-DT	SIMPLE_AND	INCONSISTENT	AND→INC			NOT_EVALUATED_consensus_calls_only
ENSG00000272667		SIMPLE_AND	INCONSISTENT	AND→INC			NOT_EVALUATED_consensus_calls_only
ENSG00000272677	HNRNPD-DT	SIMPLE_AND	INCONSISTENT	AND→INC			NOT_EVALUATED_consensus_calls_only
ENSG00000272679		BIVALENT	INCONSISTENT	BIV→INC			NOT_EVALUATED_consensus_calls_only
ENSG00000272686	WASL-DT	SIMPLE_AND	INCONSISTENT	AND→INC			NOT_EVALUATED_consensus_calls_only
ENSG00000272688		SIMPLE_AND	INCONSISTENT	AND→INC			NOT_EVALUATED_consensus_calls_only
ENSG00000272689		SIMPLE_AND	INCONSISTENT	AND→INC			NOT_EVALUATED_consensus_calls_only
ENSG00000272690	LINC02018	SIMPLE_AND	INCONSISTENT	AND→INC			NOT_EVALUATED_consensus_calls_only
ENSG00000272691		BIVALENT	INCONSISTENT	BIV→INC			NOT_EVALUATED_consensus_calls_only
ENSG00000272695	GAS6-DT	REPRESSED	INCONSISTENT	REP→INC			NOT_EVALUATED_consensus_calls_only
ENSG00000272701	MESTIT1	BIVALENT	REPRESSED	BIV→REP			NOT_EVALUATED_consensus_calls_only
ENSG00000272702		BIVALENT	INCONSISTENT	BIV→INC			NOT_EVALUATED_consensus_calls_only
ENSG00000272711	HK2-DT	SIMPLE_AND	INCONSISTENT	AND→INC			NOT_EVALUATED_consensus_calls_only
ENSG00000272715		BIVALENT	INCONSISTENT	BIV→INC			NOT_EVALUATED_consensus_calls_only
ENSG00000272716	SLC30A6-DT	SIMPLE_AND	INCONSISTENT	AND→INC			NOT_EVALUATED_consensus_calls_only
ENSG00000272735		SIMPLE_AND	INCONSISTENT	AND→INC			NOT_EVALUATED_consensus_calls_only
ENSG00000272758	WDR5B-DT	SIMPLE_AND	INCONSISTENT	AND→INC			NOT_EVALUATED_consensus_calls_only
ENSG00000272795	GAR1-DT	SIMPLE_AND	INCONSISTENT	AND→INC			NOT_EVALUATED_consensus_calls_only
ENSG00000272801		BIVALENT	INCONSISTENT	BIV→INC			NOT_EVALUATED_consensus_calls_only
ENSG00000272812		SIMPLE_AND	INCONSISTENT	AND→INC			NOT_EVALUATED_consensus_calls_only
ENSG00000272821		SIMPLE_AND	INCONSISTENT	AND→INC			NOT_EVALUATED_consensus_calls_only
ENSG00000272829		SIMPLE_AND	INCONSISTENT	AND→INC			NOT_EVALUATED_consensus_calls_only
ENSG00000272831		SIMPLE_AND	INCONSISTENT	AND→INC			NOT_EVALUATED_consensus_calls_only
ENSG00000272853	SUV39H2-DT	SIMPLE_AND	INCONSISTENT	AND→INC			NOT_EVALUATED_consensus_calls_only
ENSG00000272870	SAP30-DT	SIMPLE_AND	INCONSISTENT	AND→INC			NOT_EVALUATED_consensus_calls_only
ENSG00000272884		SIMPLE_AND	INCONSISTENT	AND→INC			NOT_EVALUATED_consensus_calls_only
ENSG00000272888	CHASERR	SIMPLE_AND	INCONSISTENT	AND→INC			NOT_EVALUATED_consensus_calls_only
ENSG00000272892		SIMPLE_AND	INCONSISTENT	AND→INC			NOT_EVALUATED_consensus_calls_only
ENSG00000272894	MIOS-DT	SIMPLE_AND	INCONSISTENT	AND→INC			NOT_EVALUATED_consensus_calls_only
ENSG00000272906		SIMPLE_AND	INCONSISTENT	AND→INC			NOT_EVALUATED_consensus_calls_only
ENSG00000272913		SIMPLE_AND	REPRESSED	AND→REP			NOT_EVALUATED_consensus_calls_only
ENSG00000272916		SIMPLE_AND	INCONSISTENT	AND→INC			NOT_EVALUATED_consensus_calls_only
ENSG00000272931	LRRC8D-DT	SIMPLE_AND	INCONSISTENT	AND→INC			NOT_EVALUATED_consensus_calls_only
ENSG00000272941		SIMPLE_AND	INCONSISTENT	AND→INC			NOT_EVALUATED_consensus_calls_only
ENSG00000272953		BIVALENT	INCONSISTENT	BIV→INC			NOT_EVALUATED_consensus_calls_only
ENSG00000272980		SIMPLE_AND	INCONSISTENT	AND→INC			NOT_EVALUATED_consensus_calls_only
ENSG00000272991		SIMPLE_AND	INCONSISTENT	AND→INC			NOT_EVALUATED_consensus_calls_only
ENSG00000272994	C2orf49-DT	SIMPLE_AND	INCONSISTENT	AND→INC			NOT_EVALUATED_consensus_calls_only
ENSG00000273002	ARHGEF2-AS2	SIMPLE_AND	INCONSISTENT	AND→INC			NOT_EVALUATED_consensus_calls_only
ENSG00000273004		SIMPLE_AND	INCONSISTENT	AND→INC			NOT_EVALUATED_consensus_calls_only
ENSG00000273008	CSGALNACT2-DT	SIMPLE_AND	INCONSISTENT	AND→INC			NOT_EVALUATED_consensus_calls_only
ENSG00000273010		COMPLEX	INCONSISTENT	CPX→INC			NOT_EVALUATED_consensus_calls_only
ENSG00000273015	LINC00938	SIMPLE_AND	INCONSISTENT	AND→INC			NOT_EVALUATED_consensus_calls_only
ENSG00000273026		SIMPLE_AND	INCONSISTENT	AND→INC			NOT_EVALUATED_consensus_calls_only
ENSG00000273027		INCONSISTENT	BIVALENT	INC→BIV			NOT_EVALUATED_consensus_calls_only
ENSG00000273046		BIVALENT	INCONSISTENT	BIV→INC			NOT_EVALUATED_consensus_calls_only
ENSG00000273049		REPRESSED	INCONSISTENT	REP→INC			NOT_EVALUATED_consensus_calls_only
ENSG00000273061	CDC37L1-DT	SIMPLE_AND	INCONSISTENT	AND→INC			NOT_EVALUATED_consensus_calls_only
ENSG00000273062	RALGPS2-AS1	BIVALENT	INCONSISTENT	BIV→INC			NOT_EVALUATED_consensus_calls_only
ENSG00000273064		SIMPLE_AND	INCONSISTENT	AND→INC			NOT_EVALUATED_consensus_calls_only
ENSG00000273066		BIVALENT	INCONSISTENT	BIV→INC			NOT_EVALUATED_consensus_calls_only
ENSG00000273080		SIMPLE_AND	INCONSISTENT	AND→INC			NOT_EVALUATED_consensus_calls_only
ENSG00000273084		REPRESSED	INCONSISTENT	REP→INC			NOT_EVALUATED_consensus_calls_only
ENSG00000273117	INSIG1-DT	SIMPLE_AND	INCONSISTENT	AND→INC			NOT_EVALUATED_consensus_calls_only
ENSG00000273139		SIMPLE_AND	INCONSISTENT	AND→INC			NOT_EVALUATED_consensus_calls_only
ENSG00000273148	LCDR	SIMPLE_AND	INCONSISTENT	AND→INC			NOT_EVALUATED_consensus_calls_only
ENSG00000273154		SIMPLE_AND	INCONSISTENT	AND→INC			NOT_EVALUATED_consensus_calls_only
ENSG00000273162		SIMPLE_AND	INCONSISTENT	AND→INC			NOT_EVALUATED_consensus_calls_only
ENSG00000273175		SIMPLE_AND	INCONSISTENT	AND→INC			NOT_EVALUATED_consensus_calls_only
ENSG00000273179		SIMPLE_AND	INCONSISTENT	AND→INC			NOT_EVALUATED_consensus_calls_only
ENSG00000273181		SIMPLE_AND	INCONSISTENT	AND→INC			NOT_EVALUATED_consensus_calls_only
ENSG00000273204		SIMPLE_AND	INCONSISTENT	AND→INC			NOT_EVALUATED_consensus_calls_only
ENSG00000273209		BIVALENT	INCONSISTENT	BIV→INC			NOT_EVALUATED_consensus_calls_only
ENSG00000273210		SIMPLE_AND	INCONSISTENT	AND→INC			NOT_EVALUATED_consensus_calls_only
ENSG00000273216		REPRESSED	INCONSISTENT	REP→INC			NOT_EVALUATED_consensus_calls_only
ENSG00000273226		SIMPLE_AND	INCONSISTENT	AND→INC			NOT_EVALUATED_consensus_calls_only
ENSG00000273240		SIMPLE_AND	INCONSISTENT	AND→INC			NOT_EVALUATED_consensus_calls_only
ENSG00000273247	RAB33B-AS1	SIMPLE_AND	INCONSISTENT	AND→INC			NOT_EVALUATED_consensus_calls_only
ENSG00000273249	WDR5-DT	SIMPLE_AND	INCONSISTENT	AND→INC			NOT_EVALUATED_consensus_calls_only
ENSG00000273272		SIMPLE_AND	INCONSISTENT	AND→INC			NOT_EVALUATED_consensus_calls_only
ENSG00000273297		INCONSISTENT	BIVALENT	INC→BIV			NOT_EVALUATED_consensus_calls_only
ENSG00000273320		SIMPLE_AND	INCONSISTENT	AND→INC			NOT_EVALUATED_consensus_calls_only
ENSG00000273329		SIMPLE_AND	INCONSISTENT	AND→INC			NOT_EVALUATED_consensus_calls_only
ENSG00000273338		INCONSISTENT	SIMPLE_AND	INC→AND			NOT_EVALUATED_consensus_calls_only
ENSG00000273341		INCONSISTENT	REPRESSED	INC→REP			NOT_EVALUATED_consensus_calls_only
ENSG00000273343		SIMPLE_AND	INCONSISTENT	AND→INC			NOT_EVALUATED_consensus_calls_only
ENSG00000273344	PAXIP1-DT	SIMPLE_AND	INCONSISTENT	AND→INC			NOT_EVALUATED_consensus_calls_only
ENSG00000273345		SIMPLE_AND	INCONSISTENT	AND→INC			NOT_EVALUATED_consensus_calls_only
ENSG00000273355		SIMPLE_AND	INCONSISTENT	AND→INC			NOT_EVALUATED_consensus_calls_only
ENSG00000273361		SIMPLE_AND	INCONSISTENT	AND→INC			NOT_EVALUATED_consensus_calls_only
ENSG00000273363		SIMPLE_AND	INCONSISTENT	AND→INC			NOT_EVALUATED_consensus_calls_only
ENSG00000273367		SIMPLE_AND	INCONSISTENT	AND→INC			NOT_EVALUATED_consensus_calls_only
ENSG00000273375		SIMPLE_AND	INCONSISTENT	AND→INC			NOT_EVALUATED_consensus_calls_only
ENSG00000273382	TMEM167B-DT	COMPLEX	INCONSISTENT	CPX→INC			NOT_EVALUATED_consensus_calls_only
ENSG00000273387		SIMPLE_AND	INCONSISTENT	AND→INC			NOT_EVALUATED_consensus_calls_only
ENSG00000273394		INCONSISTENT	BIVALENT	INC→BIV			NOT_EVALUATED_consensus_calls_only
ENSG00000273416		SIMPLE_AND	INCONSISTENT	AND→INC			NOT_EVALUATED_consensus_calls_only
ENSG00000273432		SIMPLE_AND	INCONSISTENT	AND→INC			NOT_EVALUATED_consensus_calls_only
ENSG00000273433		BIVALENT	INCONSISTENT	BIV→INC			NOT_EVALUATED_consensus_calls_only
ENSG00000273437		SIMPLE_AND	INCONSISTENT	AND→INC			NOT_EVALUATED_consensus_calls_only
ENSG00000273451		SIMPLE_AND	INCONSISTENT	AND→INC			NOT_EVALUATED_consensus_calls_only
ENSG00000273456		SIMPLE_AND	INCONSISTENT	AND→INC			NOT_EVALUATED_consensus_calls_only
ENSG00000273521		SIMPLE_AND	INCONSISTENT	AND→INC			NOT_EVALUATED_consensus_calls_only
ENSG00000273523		BIVALENT	INCONSISTENT	BIV→INC			NOT_EVALUATED_consensus_calls_only
ENSG00000273537		REPRESSED	INCONSISTENT	REP→INC			NOT_EVALUATED_consensus_calls_only
ENSG00000273544	SNORA44	COMPLEX	SIMPLE_AND	CPX→AND			NOT_EVALUATED_consensus_calls_only
ENSG00000273559	CWC25	SIMPLE_AND	INCONSISTENT	AND→INC			NOT_EVALUATED_consensus_calls_only
ENSG00000273565		COMPLEX	INCONSISTENT	CPX→INC			NOT_EVALUATED_consensus_calls_only
ENSG00000273604	EPOP	BIVALENT	INCONSISTENT	BIV→INC			NOT_EVALUATED_consensus_calls_only
ENSG00000273619		SIMPLE_AND	INCONSISTENT	AND→INC			NOT_EVALUATED_consensus_calls_only
ENSG00000273637		COMPLEX	INCONSISTENT	CPX→INC			NOT_EVALUATED_consensus_calls_only
ENSG00000273654		SIMPLE_AND	INCONSISTENT	AND→INC			NOT_EVALUATED_consensus_calls_only
ENSG00000273677		REPRESSED	INCONSISTENT	REP→INC			NOT_EVALUATED_consensus_calls_only
ENSG00000273702		SIMPLE_AND	INCONSISTENT	AND→INC			NOT_EVALUATED_consensus_calls_only
ENSG00000273703	H2BC14	SIMPLE_AND	INCONSISTENT	AND→INC			NOT_EVALUATED_consensus_calls_only
ENSG00000273706	LHX1	REPRESSED	BIVALENT	REP→BIV			NOT_EVALUATED_consensus_calls_only
ENSG00000273723	SUGT1-DT	SIMPLE_AND	INCONSISTENT	AND→INC			NOT_EVALUATED_consensus_calls_only
ENSG00000273759		SIMPLE_AND	INCONSISTENT	AND→INC			NOT_EVALUATED_consensus_calls_only
ENSG00000273768	RNVU1-29	INCONSISTENT	SIMPLE_AND	INC→AND			NOT_EVALUATED_consensus_calls_only
ENSG00000273796		REPRESSED	INCONSISTENT	REP→INC			NOT_EVALUATED_consensus_calls_only
ENSG00000273797		SIMPLE_AND	INCONSISTENT	AND→INC			NOT_EVALUATED_consensus_calls_only
ENSG00000273958		INCONSISTENT	REPRESSED	INC→REP			NOT_EVALUATED_consensus_calls_only
ENSG00000273973		SIMPLE_AND	INCONSISTENT	AND→INC			NOT_EVALUATED_consensus_calls_only
ENSG00000274015		SIMPLE_AND	INCONSISTENT	AND→INC			NOT_EVALUATED_consensus_calls_only
ENSG00000274092		BIVALENT	INCONSISTENT	BIV→INC			NOT_EVALUATED_consensus_calls_only
ENSG00000274104		SIMPLE_AND	INCONSISTENT	AND→INC			NOT_EVALUATED_consensus_calls_only
ENSG00000274124		SIMPLE_OR	INCONSISTENT	OR→INC			NOT_EVALUATED_consensus_calls_only
ENSG00000274134	MIR6774	INCONSISTENT	REPRESSED	INC→REP			NOT_EVALUATED_consensus_calls_only
ENSG00000274180	NATD1	BIVALENT	INCONSISTENT	BIV→INC			NOT_EVALUATED_consensus_calls_only
ENSG00000274210	RNVU1-27	INCONSISTENT	SIMPLE_OR	INC→OR			NOT_EVALUATED_consensus_calls_only
ENSG00000274211	SOCS7	SIMPLE_AND	INCONSISTENT	AND→INC			NOT_EVALUATED_consensus_calls_only
ENSG00000274212		INCONSISTENT	COMPLEX	INC→CPX			NOT_EVALUATED_consensus_calls_only
ENSG00000274213		SIMPLE_AND	INCONSISTENT	AND→INC			NOT_EVALUATED_consensus_calls_only
ENSG00000274220		SIMPLE_AND	INCONSISTENT	AND→INC			NOT_EVALUATED_consensus_calls_only
ENSG00000274251		SIMPLE_AND	INCONSISTENT	AND→INC			NOT_EVALUATED_consensus_calls_only
ENSG00000274259	SYNGAP1-AS1	SIMPLE_AND	INCONSISTENT	AND→INC			NOT_EVALUATED_consensus_calls_only
ENSG00000274265		SIMPLE_AND	INCONSISTENT	AND→INC			NOT_EVALUATED_consensus_calls_only
ENSG00000274269		REPRESSED	INCONSISTENT	REP→INC			NOT_EVALUATED_consensus_calls_only
ENSG00000274270		BIVALENT	INCONSISTENT	BIV→INC			NOT_EVALUATED_consensus_calls_only
ENSG00000274290	H2BC6	SIMPLE_AND	INCONSISTENT	AND→INC			NOT_EVALUATED_consensus_calls_only
ENSG00000274292		SIMPLE_AND	INCONSISTENT	AND→INC			NOT_EVALUATED_consensus_calls_only
ENSG00000274322		SIMPLE_AND	INCONSISTENT	AND→INC			NOT_EVALUATED_consensus_calls_only
ENSG00000274340		SIMPLE_AND	INCONSISTENT	AND→INC			NOT_EVALUATED_consensus_calls_only
ENSG00000274396		INCONSISTENT	REPRESSED	INC→REP			NOT_EVALUATED_consensus_calls_only
ENSG00000274430		INCONSISTENT	SIMPLE_AND	INC→AND			NOT_EVALUATED_consensus_calls_only
ENSG00000274444		REPRESSED	INCONSISTENT	REP→INC			NOT_EVALUATED_consensus_calls_only
ENSG00000274447		BIVALENT	INCONSISTENT	BIV→INC			NOT_EVALUATED_consensus_calls_only
ENSG00000274460		SIMPLE_AND	INCONSISTENT	AND→INC			NOT_EVALUATED_consensus_calls_only
ENSG00000274487	NPEPPSP1	SIMPLE_AND	INCONSISTENT	AND→INC			NOT_EVALUATED_consensus_calls_only
ENSG00000274491		BIVALENT	INCONSISTENT	BIV→INC			NOT_EVALUATED_consensus_calls_only
ENSG00000274503		REPRESSED	INCONSISTENT	REP→INC			NOT_EVALUATED_consensus_calls_only
ENSG00000274528		SIMPLE_AND	INCONSISTENT	AND→INC			NOT_EVALUATED_consensus_calls_only
ENSG00000274536	MIR223HG	INCONSISTENT	SIMPLE_AND	INC→AND			NOT_EVALUATED_consensus_calls_only
ENSG00000274582	SNORA16A	COMPLEX	INCONSISTENT	CPX→INC			NOT_EVALUATED_consensus_calls_only
ENSG00000274605	PCCA-DT	SIMPLE_AND	INCONSISTENT	AND→INC			NOT_EVALUATED_consensus_calls_only
ENSG00000274667		COMPLEX	INCONSISTENT	CPX→INC			NOT_EVALUATED_consensus_calls_only
ENSG00000274695		COMPLEX	INCONSISTENT	CPX→INC			NOT_EVALUATED_consensus_calls_only
ENSG00000274712		SIMPLE_AND	INCONSISTENT	AND→INC			NOT_EVALUATED_consensus_calls_only
ENSG00000274737		SIMPLE_AND	INCONSISTENT	AND→INC			NOT_EVALUATED_consensus_calls_only
ENSG00000274760		COMPLEX	INCONSISTENT	CPX→INC			NOT_EVALUATED_consensus_calls_only
ENSG00000274810	NPHP3-ACAD11	SIMPLE_AND	INCONSISTENT	AND→INC			NOT_EVALUATED_consensus_calls_only
ENSG00000274828		SIMPLE_AND	INCONSISTENT	AND→INC			NOT_EVALUATED_consensus_calls_only
ENSG00000274833		BIVALENT	INCONSISTENT	BIV→INC			NOT_EVALUATED_consensus_calls_only
ENSG00000274864		INCONSISTENT	REPRESSED	INC→REP			NOT_EVALUATED_consensus_calls_only
ENSG00000274895		REPRESSED	BIVALENT	REP→BIV			NOT_EVALUATED_consensus_calls_only
ENSG00000274904		SIMPLE_AND	INCONSISTENT	AND→INC			NOT_EVALUATED_consensus_calls_only
ENSG00000274922		SIMPLE_AND	INCONSISTENT	AND→INC			NOT_EVALUATED_consensus_calls_only
ENSG00000274925	ZKSCAN2-DT	SIMPLE_AND	INCONSISTENT	AND→INC			NOT_EVALUATED_consensus_calls_only
ENSG00000274929		SIMPLE_AND	INCONSISTENT	AND→INC			NOT_EVALUATED_consensus_calls_only
ENSG00000274954		SIMPLE_AND	INCONSISTENT	AND→INC			NOT_EVALUATED_consensus_calls_only
ENSG00000274978	RNU11	INCONSISTENT	SIMPLE_AND	INC→AND			NOT_EVALUATED_consensus_calls_only
ENSG00000274993		REPRESSED	BIVALENT	REP→BIV			NOT_EVALUATED_consensus_calls_only
ENSG00000274998	SNORA17A	INCONSISTENT	SIMPLE_AND	INC→AND			NOT_EVALUATED_consensus_calls_only
ENSG00000275004	ZNF280B	SIMPLE_OR	COMPLEX	OR→CPX			NOT_EVALUATED_consensus_calls_only
ENSG00000275011	ALOXE3P1	REPRESSED	INCONSISTENT	REP→INC			NOT_EVALUATED_consensus_calls_only
ENSG00000275055		COMPLEX	INCONSISTENT	CPX→INC			NOT_EVALUATED_consensus_calls_only
ENSG00000275069		BIVALENT	INCONSISTENT	BIV→INC			NOT_EVALUATED_consensus_calls_only
ENSG00000275072	SNORD50B	COMPLEX	INCONSISTENT	CPX→INC			NOT_EVALUATED_consensus_calls_only
ENSG00000275074	NUDT18	SIMPLE_AND	INCONSISTENT	AND→INC			NOT_EVALUATED_consensus_calls_only
ENSG00000275092		SIMPLE_AND	INCONSISTENT	AND→INC			NOT_EVALUATED_consensus_calls_only
ENSG00000275111	ZNF2	SIMPLE_AND	INCONSISTENT	AND→INC			NOT_EVALUATED_consensus_calls_only
ENSG00000275143	SCARNA16	INCONSISTENT	SIMPLE_AND	INC→AND			NOT_EVALUATED_consensus_calls_only
ENSG00000275180		SIMPLE_AND	INCONSISTENT	AND→INC			NOT_EVALUATED_consensus_calls_only
ENSG00000275183	LENG9	SIMPLE_AND	INCONSISTENT	AND→INC			NOT_EVALUATED_consensus_calls_only
ENSG00000275202		COMPLEX	INCONSISTENT	CPX→INC			NOT_EVALUATED_consensus_calls_only
ENSG00000275342	PRAG1	SIMPLE_AND	BIVALENT	AND→BIV			NOT_EVALUATED_consensus_calls_only
ENSG00000275372		BIVALENT	INCONSISTENT	BIV→INC			NOT_EVALUATED_consensus_calls_only
ENSG00000275410	HNF1B	BIVALENT	REPRESSED	BIV→REP			NOT_EVALUATED_consensus_calls_only
ENSG00000275437		SIMPLE_AND	INCONSISTENT	AND→INC			NOT_EVALUATED_consensus_calls_only
ENSG00000275454		SIMPLE_AND	INCONSISTENT	AND→INC			NOT_EVALUATED_consensus_calls_only
ENSG00000275457		SIMPLE_AND	INCONSISTENT	AND→INC			NOT_EVALUATED_consensus_calls_only
ENSG00000275481		SIMPLE_AND	INCONSISTENT	AND→INC			NOT_EVALUATED_consensus_calls_only
ENSG00000275494		SIMPLE_AND	INCONSISTENT	AND→INC			NOT_EVALUATED_consensus_calls_only
ENSG00000275538	RNVU1-19	INCONSISTENT	SIMPLE_AND	INC→AND			NOT_EVALUATED_consensus_calls_only
ENSG00000275589		REPRESSED	BIVALENT	REP→BIV			NOT_EVALUATED_consensus_calls_only
ENSG00000275591	XKR5	INCONSISTENT	BIVALENT	INC→BIV			NOT_EVALUATED_consensus_calls_only
ENSG00000275635	U7	INCONSISTENT	REPRESSED	INC→REP			NOT_EVALUATED_consensus_calls_only
ENSG00000275645		BIVALENT	INCONSISTENT	BIV→INC			NOT_EVALUATED_consensus_calls_only
ENSG00000275691	MT1IP	INCONSISTENT	REPRESSED	INC→REP			NOT_EVALUATED_consensus_calls_only
ENSG00000275709		SIMPLE_AND	INCONSISTENT	AND→INC			NOT_EVALUATED_consensus_calls_only
ENSG00000275741		COMPLEX	INCONSISTENT	CPX→INC			NOT_EVALUATED_consensus_calls_only
ENSG00000275765		COMPLEX	INCONSISTENT	CPX→INC			NOT_EVALUATED_consensus_calls_only
ENSG00000275778		SIMPLE_AND	INCONSISTENT	AND→INC			NOT_EVALUATED_consensus_calls_only
ENSG00000275807		SIMPLE_AND	INCONSISTENT	AND→INC			NOT_EVALUATED_consensus_calls_only
ENSG00000275836	MIR6068	REPRESSED	BIVALENT	REP→BIV			NOT_EVALUATED_consensus_calls_only
ENSG00000275856		COMPLEX	INCONSISTENT	CPX→INC			NOT_EVALUATED_consensus_calls_only
ENSG00000275857		SIMPLE_AND	INCONSISTENT	AND→INC			NOT_EVALUATED_consensus_calls_only
ENSG00000275895		SIMPLE_AND	SIMPLE_OR	AND→OR			NOT_EVALUATED_consensus_calls_only
ENSG00000275898		REPRESSED	INCONSISTENT	REP→INC			NOT_EVALUATED_consensus_calls_only
ENSG00000275964		SIMPLE_AND	INCONSISTENT	AND→INC			NOT_EVALUATED_consensus_calls_only
ENSG00000275994	SNORA24	INCONSISTENT	SIMPLE_AND	INC→AND			NOT_EVALUATED_consensus_calls_only
ENSG00000276027	RNU12	INCONSISTENT	SIMPLE_AND	INC→AND			NOT_EVALUATED_consensus_calls_only
ENSG00000276057		COMPLEX	INCONSISTENT	CPX→INC			NOT_EVALUATED_consensus_calls_only
ENSG00000276058	STMN1P1	COMPLEX	INCONSISTENT	CPX→INC			NOT_EVALUATED_consensus_calls_only
ENSG00000276085	CCL3L1	SIMPLE_OR	REPRESSED	OR→REP			NOT_EVALUATED_consensus_calls_only
ENSG00000276097		SIMPLE_AND	BIVALENT	AND→BIV			NOT_EVALUATED_consensus_calls_only
ENSG00000276116	FUT8-AS1	SIMPLE_AND	INCONSISTENT	AND→INC			NOT_EVALUATED_consensus_calls_only
ENSG00000276141	WHAMMP3	SIMPLE_AND	INCONSISTENT	AND→INC			NOT_EVALUATED_consensus_calls_only
ENSG00000276161	SNORA17B	INCONSISTENT	SIMPLE_AND	INC→AND			NOT_EVALUATED_consensus_calls_only
ENSG00000276188		SIMPLE_AND	INCONSISTENT	AND→INC			NOT_EVALUATED_consensus_calls_only
ENSG00000276216		SIMPLE_OR	SIMPLE_AND	OR→AND			NOT_EVALUATED_consensus_calls_only
ENSG00000276223		REPRESSED	INCONSISTENT	REP→INC			NOT_EVALUATED_consensus_calls_only
ENSG00000276231	PIK3R6	SIMPLE_AND	REPRESSED	AND→REP			NOT_EVALUATED_consensus_calls_only
ENSG00000276368	H2AC14	SIMPLE_AND	INCONSISTENT	AND→INC			NOT_EVALUATED_consensus_calls_only
ENSG00000276410	H2BC3	SIMPLE_AND	REPRESSED	AND→REP			NOT_EVALUATED_consensus_calls_only
ENSG00000276471		SIMPLE_OR	INCONSISTENT	OR→INC			NOT_EVALUATED_consensus_calls_only
ENSG00000276476	LINC00540	REPRESSED	INCONSISTENT	REP→INC			NOT_EVALUATED_consensus_calls_only
ENSG00000276528		INCONSISTENT	BIVALENT	INC→BIV			NOT_EVALUATED_consensus_calls_only
ENSG00000276533		SIMPLE_AND	INCONSISTENT	AND→INC			NOT_EVALUATED_consensus_calls_only
ENSG00000276547	PCDHGB5	REPRESSED	INCONSISTENT	REP→INC			NOT_EVALUATED_consensus_calls_only
ENSG00000276573		SIMPLE_AND	INCONSISTENT	AND→INC			NOT_EVALUATED_consensus_calls_only
ENSG00000276603		SIMPLE_AND	INCONSISTENT	AND→INC			NOT_EVALUATED_consensus_calls_only
ENSG00000276609		REPRESSED	BIVALENT	REP→BIV			NOT_EVALUATED_consensus_calls_only
ENSG00000276644	DACH1	REPRESSED	INCONSISTENT	REP→INC			NOT_EVALUATED_consensus_calls_only
ENSG00000276649		SIMPLE_OR	INCONSISTENT	OR→INC			NOT_EVALUATED_consensus_calls_only
ENSG00000276664		COMPLEX	SIMPLE_AND	CPX→AND			NOT_EVALUATED_consensus_calls_only
ENSG00000276698		SIMPLE_AND	INCONSISTENT	AND→INC			NOT_EVALUATED_consensus_calls_only
ENSG00000276704		SIMPLE_AND	INCONSISTENT	AND→INC			NOT_EVALUATED_consensus_calls_only
ENSG00000276728		SIMPLE_AND	INCONSISTENT	AND→INC			NOT_EVALUATED_consensus_calls_only
ENSG00000276744		SIMPLE_AND	INCONSISTENT	AND→INC			NOT_EVALUATED_consensus_calls_only
ENSG00000276771		INCONSISTENT	REPRESSED	INC→REP			NOT_EVALUATED_consensus_calls_only
ENSG00000276791		SIMPLE_AND	INCONSISTENT	AND→INC			NOT_EVALUATED_consensus_calls_only
ENSG00000276823	Metazoa_SRP	SIMPLE_AND	INCONSISTENT	AND→INC			NOT_EVALUATED_consensus_calls_only
ENSG00000276853		SIMPLE_AND	INCONSISTENT	AND→INC			NOT_EVALUATED_consensus_calls_only
ENSG00000276900		SIMPLE_AND	INCONSISTENT	AND→INC			NOT_EVALUATED_consensus_calls_only
ENSG00000276903	H2AC16	SIMPLE_AND	SIMPLE_OR	AND→OR			NOT_EVALUATED_consensus_calls_only
ENSG00000276931		SIMPLE_AND	INCONSISTENT	AND→INC			NOT_EVALUATED_consensus_calls_only
ENSG00000276957		SIMPLE_AND	INCONSISTENT	AND→INC			NOT_EVALUATED_consensus_calls_only
ENSG00000276991		SIMPLE_AND	INCONSISTENT	AND→INC			NOT_EVALUATED_consensus_calls_only
ENSG00000277013	SUNO1	REPRESSED	INCONSISTENT	REP→INC			NOT_EVALUATED_consensus_calls_only
ENSG00000277020		INCONSISTENT	COMPLEX	INC→CPX			NOT_EVALUATED_consensus_calls_only
ENSG00000277072	STAG3L2	SIMPLE_OR	SIMPLE_AND	OR→AND			NOT_EVALUATED_consensus_calls_only
ENSG00000277142	LINC00235	SIMPLE_AND	INCONSISTENT	AND→INC			NOT_EVALUATED_consensus_calls_only
ENSG00000277149	TYW1B	SIMPLE_AND	INCONSISTENT	AND→INC			NOT_EVALUATED_consensus_calls_only
ENSG00000277161	PIGW	SIMPLE_AND	INCONSISTENT	AND→INC			NOT_EVALUATED_consensus_calls_only
ENSG00000277170		SIMPLE_AND	INCONSISTENT	AND→INC			NOT_EVALUATED_consensus_calls_only
ENSG00000277182		BIVALENT	INCONSISTENT	BIV→INC			NOT_EVALUATED_consensus_calls_only
ENSG00000277184	SNORA9	INCONSISTENT	SIMPLE_AND	INC→AND			NOT_EVALUATED_consensus_calls_only
ENSG00000277194	SNORD22	INCONSISTENT	SIMPLE_AND	INC→AND			NOT_EVALUATED_consensus_calls_only
ENSG00000277232	GTSE1-DT	SIMPLE_AND	INCONSISTENT	AND→INC			NOT_EVALUATED_consensus_calls_only
ENSG00000277258	PCGF2	BIVALENT	SIMPLE_AND	BIV→AND			NOT_EVALUATED_consensus_calls_only
ENSG00000277268	LHX1-DT	REPRESSED	BIVALENT	REP→BIV			NOT_EVALUATED_consensus_calls_only
ENSG00000277283		SIMPLE_AND	INCONSISTENT	AND→INC			NOT_EVALUATED_consensus_calls_only
ENSG00000277287		BIVALENT	INCONSISTENT	BIV→INC			NOT_EVALUATED_consensus_calls_only
ENSG00000277342		SIMPLE_AND	INCONSISTENT	AND→INC			NOT_EVALUATED_consensus_calls_only
ENSG00000277363	SRCIN1	BIVALENT	INCONSISTENT	BIV→INC			NOT_EVALUATED_consensus_calls_only
ENSG00000277369		SIMPLE_AND	INCONSISTENT	AND→INC			NOT_EVALUATED_consensus_calls_only
ENSG00000277382		BIVALENT	INCONSISTENT	BIV→INC			NOT_EVALUATED_consensus_calls_only
ENSG00000277383		SIMPLE_AND	INCONSISTENT	AND→INC			NOT_EVALUATED_consensus_calls_only
ENSG00000277402	MIR6891	INCONSISTENT	BIVALENT	INC→BIV			NOT_EVALUATED_consensus_calls_only
ENSG00000277413		INCONSISTENT	REPRESSED	INC→REP			NOT_EVALUATED_consensus_calls_only
ENSG00000277443	MARCKS	SIMPLE_AND	INCONSISTENT	AND→INC			NOT_EVALUATED_consensus_calls_only
ENSG00000277444		REPRESSED	INCONSISTENT	REP→INC			NOT_EVALUATED_consensus_calls_only
ENSG00000277450		SIMPLE_OR	INCONSISTENT	OR→INC			NOT_EVALUATED_consensus_calls_only
ENSG00000277452	RN7SL473P	SIMPLE_AND	INCONSISTENT	AND→INC			NOT_EVALUATED_consensus_calls_only
ENSG00000277453		SIMPLE_AND	INCONSISTENT	AND→INC			NOT_EVALUATED_consensus_calls_only
ENSG00000277462	ZNF670	COMPLEX	INCONSISTENT	CPX→INC			NOT_EVALUATED_consensus_calls_only
ENSG00000277469		REPRESSED	BIVALENT	REP→BIV			NOT_EVALUATED_consensus_calls_only
ENSG00000277496	SLCO4A1-AS2	SIMPLE_AND	INCONSISTENT	AND→INC			NOT_EVALUATED_consensus_calls_only
ENSG00000277511		SIMPLE_AND	INCONSISTENT	AND→INC			NOT_EVALUATED_consensus_calls_only
ENSG00000277526	LINC03021	SIMPLE_AND	INCONSISTENT	AND→INC			NOT_EVALUATED_consensus_calls_only
ENSG00000277531	PNMA8C	REPRESSED	BIVALENT	REP→BIV			NOT_EVALUATED_consensus_calls_only
ENSG00000277581		SIMPLE_AND	INCONSISTENT	AND→INC			NOT_EVALUATED_consensus_calls_only
ENSG00000277590	MIR7845	INCONSISTENT	BIVALENT	INC→BIV			NOT_EVALUATED_consensus_calls_only
ENSG00000277599		INCONSISTENT	SIMPLE_AND	INC→AND			NOT_EVALUATED_consensus_calls_only
ENSG00000277619		BIVALENT	INCONSISTENT	BIV→INC			NOT_EVALUATED_consensus_calls_only
ENSG00000277632	CCL3	COMPLEX	REPRESSED	CPX→REP			NOT_EVALUATED_consensus_calls_only
ENSG00000277694		INCONSISTENT	REPRESSED	INC→REP			NOT_EVALUATED_consensus_calls_only
ENSG00000277715		INCONSISTENT	REPRESSED	INC→REP			NOT_EVALUATED_consensus_calls_only
ENSG00000277763		BIVALENT	INCONSISTENT	BIV→INC			NOT_EVALUATED_consensus_calls_only
ENSG00000277764		REPRESSED	BIVALENT	REP→BIV			NOT_EVALUATED_consensus_calls_only
ENSG00000277767		SIMPLE_AND	INCONSISTENT	AND→INC			NOT_EVALUATED_consensus_calls_only
ENSG00000277771	Metazoa_SRP	REPRESSED	BIVALENT	REP→BIV			NOT_EVALUATED_consensus_calls_only
ENSG00000277778	PGM5P2	SIMPLE_OR	INCONSISTENT	OR→INC			NOT_EVALUATED_consensus_calls_only
ENSG00000277782		COMPLEX	INCONSISTENT	CPX→INC			NOT_EVALUATED_consensus_calls_only
ENSG00000277855		BIVALENT	INCONSISTENT	BIV→INC			NOT_EVALUATED_consensus_calls_only
ENSG00000277895		COMPLEX	INCONSISTENT	CPX→INC			NOT_EVALUATED_consensus_calls_only
ENSG00000277904	MIR7850	COMPLEX	REPRESSED	CPX→REP			NOT_EVALUATED_consensus_calls_only
ENSG00000277938		SIMPLE_OR	INCONSISTENT	OR→INC			NOT_EVALUATED_consensus_calls_only
ENSG00000277941		INCONSISTENT	SIMPLE_AND	INC→AND			NOT_EVALUATED_consensus_calls_only
ENSG00000277967		COMPLEX	INCONSISTENT	CPX→INC			NOT_EVALUATED_consensus_calls_only
ENSG00000277969		SIMPLE_AND	INCONSISTENT	AND→INC			NOT_EVALUATED_consensus_calls_only
ENSG00000277985	SNORA67	INCONSISTENT	SIMPLE_AND	INC→AND			NOT_EVALUATED_consensus_calls_only
ENSG00000278002		SIMPLE_AND	INCONSISTENT	AND→INC			NOT_EVALUATED_consensus_calls_only
ENSG00000278012		REPRESSED	INCONSISTENT	REP→INC			NOT_EVALUATED_consensus_calls_only
ENSG00000278023	RDM1	SIMPLE_AND	INCONSISTENT	AND→INC			NOT_EVALUATED_consensus_calls_only
ENSG00000278045		REPRESSED	INCONSISTENT	REP→INC			NOT_EVALUATED_consensus_calls_only
ENSG00000278071		REPRESSED	INCONSISTENT	REP→INC			NOT_EVALUATED_consensus_calls_only
ENSG00000278090	LUNAR1	SIMPLE_AND	INCONSISTENT	AND→INC			NOT_EVALUATED_consensus_calls_only
ENSG00000278099	RNVU1-2A	INCONSISTENT	SIMPLE_AND	INC→AND			NOT_EVALUATED_consensus_calls_only
ENSG00000278129	ZNF8	SIMPLE_AND	INCONSISTENT	AND→INC			NOT_EVALUATED_consensus_calls_only
ENSG00000278175	GLIDR	SIMPLE_AND	INCONSISTENT	AND→INC			NOT_EVALUATED_consensus_calls_only
ENSG00000278200	LINC01971	REPRESSED	INCONSISTENT	REP→INC			NOT_EVALUATED_consensus_calls_only
ENSG00000278217		COMPLEX	INCONSISTENT	CPX→INC			NOT_EVALUATED_consensus_calls_only
ENSG00000278238	CKAP2-DT	SIMPLE_AND	INCONSISTENT	AND→INC			NOT_EVALUATED_consensus_calls_only
ENSG00000278274	SNORA61	COMPLEX	INCONSISTENT	CPX→INC			NOT_EVALUATED_consensus_calls_only
ENSG00000278291		INCONSISTENT	BIVALENT	INC→BIV			NOT_EVALUATED_consensus_calls_only
ENSG00000278390		SIMPLE_AND	INCONSISTENT	AND→INC			NOT_EVALUATED_consensus_calls_only
ENSG00000278396		SIMPLE_AND	INCONSISTENT	AND→INC			NOT_EVALUATED_consensus_calls_only
ENSG00000278416	PMS2P2	SIMPLE_OR	INCONSISTENT	OR→INC			NOT_EVALUATED_consensus_calls_only
ENSG00000278465	MIR6769B	INCONSISTENT	REPRESSED	INC→REP			NOT_EVALUATED_consensus_calls_only
ENSG00000278514		SIMPLE_AND	INCONSISTENT	AND→INC			NOT_EVALUATED_consensus_calls_only
ENSG00000278527	SNORD22	INCONSISTENT	SIMPLE_AND	INC→AND			NOT_EVALUATED_consensus_calls_only
ENSG00000278546		BIVALENT	INCONSISTENT	BIV→INC			NOT_EVALUATED_consensus_calls_only
ENSG00000278558	TMEM191B	SIMPLE_OR	INCONSISTENT	OR→INC			NOT_EVALUATED_consensus_calls_only
ENSG00000278595		INCONSISTENT	BIVALENT	INC→BIV			NOT_EVALUATED_consensus_calls_only
ENSG00000278611	ZNF426-DT	COMPLEX	INCONSISTENT	CPX→INC			NOT_EVALUATED_consensus_calls_only
ENSG00000278637	H4C1	INCONSISTENT	COMPLEX	INC→CPX			NOT_EVALUATED_consensus_calls_only
ENSG00000278642		BIVALENT	INCONSISTENT	BIV→INC			NOT_EVALUATED_consensus_calls_only
ENSG00000278708		REPRESSED	BIVALENT	REP→BIV			NOT_EVALUATED_consensus_calls_only
ENSG00000278743		SIMPLE_AND	INCONSISTENT	AND→INC			NOT_EVALUATED_consensus_calls_only
ENSG00000278773		COMPLEX	INCONSISTENT	CPX→INC			NOT_EVALUATED_consensus_calls_only
ENSG00000278822		REPRESSED	INCONSISTENT	REP→INC			NOT_EVALUATED_consensus_calls_only
ENSG00000278834		SIMPLE_AND	INCONSISTENT	AND→INC			NOT_EVALUATED_consensus_calls_only
ENSG00000278863		SIMPLE_AND	REPRESSED	AND→REP			NOT_EVALUATED_consensus_calls_only
ENSG00000278869		SIMPLE_AND	INCONSISTENT	AND→INC			NOT_EVALUATED_consensus_calls_only
ENSG00000278873	PRO1804	COMPLEX	INCONSISTENT	CPX→INC			NOT_EVALUATED_consensus_calls_only
ENSG00000278876		SIMPLE_AND	INCONSISTENT	AND→INC			NOT_EVALUATED_consensus_calls_only
ENSG00000278916	CEP83-DT	SIMPLE_AND	INCONSISTENT	AND→INC			NOT_EVALUATED_consensus_calls_only
ENSG00000278921	EPB41L4A-DT	BIVALENT	INCONSISTENT	BIV→INC			NOT_EVALUATED_consensus_calls_only
ENSG00000278963		SIMPLE_AND	INCONSISTENT	AND→INC			NOT_EVALUATED_consensus_calls_only
ENSG00000278966		BIVALENT	REPRESSED	BIV→REP			NOT_EVALUATED_consensus_calls_only
ENSG00000278969		INCONSISTENT	REPRESSED	INC→REP			NOT_EVALUATED_consensus_calls_only
ENSG00000278970	HEIH	SIMPLE_AND	COMPLEX	AND→CPX			NOT_EVALUATED_consensus_calls_only
ENSG00000278986		SIMPLE_AND	INCONSISTENT	AND→INC			NOT_EVALUATED_consensus_calls_only
ENSG00000278991		SIMPLE_OR	INCONSISTENT	OR→INC			NOT_EVALUATED_consensus_calls_only
ENSG00000278993		SIMPLE_AND	INCONSISTENT	AND→INC			NOT_EVALUATED_consensus_calls_only
ENSG00000278995		REPRESSED	INCONSISTENT	REP→INC			NOT_EVALUATED_consensus_calls_only
ENSG00000279048		BIVALENT	INCONSISTENT	BIV→INC			NOT_EVALUATED_consensus_calls_only
ENSG00000279069		SIMPLE_AND	INCONSISTENT	AND→INC			NOT_EVALUATED_consensus_calls_only
ENSG00000279088		SIMPLE_AND	INCONSISTENT	AND→INC			NOT_EVALUATED_consensus_calls_only
ENSG00000279114		SIMPLE_AND	INCONSISTENT	AND→INC			NOT_EVALUATED_consensus_calls_only
ENSG00000279130		SIMPLE_AND	INCONSISTENT	AND→INC			NOT_EVALUATED_consensus_calls_only
ENSG00000279140		SIMPLE_AND	INCONSISTENT	AND→INC			NOT_EVALUATED_consensus_calls_only
ENSG00000279144		SIMPLE_OR	INCONSISTENT	OR→INC			NOT_EVALUATED_consensus_calls_only
ENSG00000279204		SIMPLE_OR	REPRESSED	OR→REP			NOT_EVALUATED_consensus_calls_only
ENSG00000279246		SIMPLE_OR	INCONSISTENT	OR→INC			NOT_EVALUATED_consensus_calls_only
ENSG00000279249		REPRESSED	INCONSISTENT	REP→INC			NOT_EVALUATED_consensus_calls_only
ENSG00000279255		REPRESSED	INCONSISTENT	REP→INC			NOT_EVALUATED_consensus_calls_only
ENSG00000279259		SIMPLE_AND	INCONSISTENT	AND→INC			NOT_EVALUATED_consensus_calls_only
ENSG00000279283		SIMPLE_AND	INCONSISTENT	AND→INC			NOT_EVALUATED_consensus_calls_only
ENSG00000279286		BIVALENT	INCONSISTENT	BIV→INC			NOT_EVALUATED_consensus_calls_only
ENSG00000279306		SIMPLE_AND	INCONSISTENT	AND→INC			NOT_EVALUATED_consensus_calls_only
ENSG00000279331	RBM12B-AS1	INCONSISTENT	COMPLEX	INC→CPX			NOT_EVALUATED_consensus_calls_only
ENSG00000279354		SIMPLE_AND	INCONSISTENT	AND→INC			NOT_EVALUATED_consensus_calls_only
ENSG00000279366		SIMPLE_OR	INCONSISTENT	OR→INC			NOT_EVALUATED_consensus_calls_only
ENSG00000279369		SIMPLE_AND	INCONSISTENT	AND→INC			NOT_EVALUATED_consensus_calls_only
ENSG00000279372		SIMPLE_AND	INCONSISTENT	AND→INC			NOT_EVALUATED_consensus_calls_only
ENSG00000279407		SIMPLE_AND	INCONSISTENT	AND→INC			NOT_EVALUATED_consensus_calls_only
ENSG00000279423		SIMPLE_AND	INCONSISTENT	AND→INC			NOT_EVALUATED_consensus_calls_only
ENSG00000279430		SIMPLE_OR	INCONSISTENT	OR→INC			NOT_EVALUATED_consensus_calls_only
ENSG00000279431		INCONSISTENT	REPRESSED	INC→REP			NOT_EVALUATED_consensus_calls_only
ENSG00000279441		SIMPLE_AND	INCONSISTENT	AND→INC			NOT_EVALUATED_consensus_calls_only
ENSG00000279450		INCONSISTENT	REPRESSED	INC→REP			NOT_EVALUATED_consensus_calls_only
ENSG00000279476		SIMPLE_OR	INCONSISTENT	OR→INC			NOT_EVALUATED_consensus_calls_only
ENSG00000279491		SIMPLE_AND	INCONSISTENT	AND→INC			NOT_EVALUATED_consensus_calls_only
ENSG00000279494		BIVALENT	INCONSISTENT	BIV→INC			NOT_EVALUATED_consensus_calls_only
ENSG00000279520		SIMPLE_AND	INCONSISTENT	AND→INC			NOT_EVALUATED_consensus_calls_only
ENSG00000279529		SIMPLE_AND	INCONSISTENT	AND→INC			NOT_EVALUATED_consensus_calls_only
ENSG00000279561		SIMPLE_OR	INCONSISTENT	OR→INC			NOT_EVALUATED_consensus_calls_only
ENSG00000279581		INCONSISTENT	REPRESSED	INC→REP			NOT_EVALUATED_consensus_calls_only
ENSG00000279583		SIMPLE_AND	INCONSISTENT	AND→INC			NOT_EVALUATED_consensus_calls_only
ENSG00000279591		SIMPLE_OR	REPRESSED	OR→REP			NOT_EVALUATED_consensus_calls_only
ENSG00000279607		REPRESSED	INCONSISTENT	REP→INC			NOT_EVALUATED_consensus_calls_only
ENSG00000279632		SIMPLE_AND	INCONSISTENT	AND→INC			NOT_EVALUATED_consensus_calls_only
ENSG00000279660		REPRESSED	INCONSISTENT	REP→INC			NOT_EVALUATED_consensus_calls_only
ENSG00000279672		SIMPLE_AND	INCONSISTENT	AND→INC			NOT_EVALUATED_consensus_calls_only
ENSG00000279673		SIMPLE_AND	INCONSISTENT	AND→INC			NOT_EVALUATED_consensus_calls_only
ENSG00000279677		REPRESSED	INCONSISTENT	REP→INC			NOT_EVALUATED_consensus_calls_only
ENSG00000279689		SIMPLE_AND	INCONSISTENT	AND→INC			NOT_EVALUATED_consensus_calls_only
ENSG00000279691		SIMPLE_AND	INCONSISTENT	AND→INC			NOT_EVALUATED_consensus_calls_only
ENSG00000279692		REPRESSED	INCONSISTENT	REP→INC			NOT_EVALUATED_consensus_calls_only
ENSG00000279711		REPRESSED	INCONSISTENT	REP→INC			NOT_EVALUATED_consensus_calls_only
ENSG00000279748		SIMPLE_AND	INCONSISTENT	AND→INC			NOT_EVALUATED_consensus_calls_only
ENSG00000279756		REPRESSED	INCONSISTENT	REP→INC			NOT_EVALUATED_consensus_calls_only
ENSG00000279775		COMPLEX	REPRESSED	CPX→REP			NOT_EVALUATED_consensus_calls_only
ENSG00000279799		SIMPLE_AND	INCONSISTENT	AND→INC			NOT_EVALUATED_consensus_calls_only
ENSG00000279801		SIMPLE_AND	INCONSISTENT	AND→INC			NOT_EVALUATED_consensus_calls_only
ENSG00000279817		COMPLEX	INCONSISTENT	CPX→INC			NOT_EVALUATED_consensus_calls_only
ENSG00000279819		SIMPLE_OR	INCONSISTENT	OR→INC			NOT_EVALUATED_consensus_calls_only
ENSG00000279840		INCONSISTENT	BIVALENT	INC→BIV			NOT_EVALUATED_consensus_calls_only
ENSG00000279861		SIMPLE_OR	INCONSISTENT	OR→INC			NOT_EVALUATED_consensus_calls_only
ENSG00000279865		SIMPLE_AND	INCONSISTENT	AND→INC			NOT_EVALUATED_consensus_calls_only
ENSG00000279873	LINC01126	SIMPLE_AND	INCONSISTENT	AND→INC			NOT_EVALUATED_consensus_calls_only
ENSG00000279901		SIMPLE_AND	INCONSISTENT	AND→INC			NOT_EVALUATED_consensus_calls_only
ENSG00000279908		INCONSISTENT	BIVALENT	INC→BIV			NOT_EVALUATED_consensus_calls_only
ENSG00000279913		SIMPLE_OR	INCONSISTENT	OR→INC			NOT_EVALUATED_consensus_calls_only
ENSG00000279942		SIMPLE_AND	REPRESSED	AND→REP			NOT_EVALUATED_consensus_calls_only
ENSG00000279965	LINC03032	SIMPLE_AND	REPRESSED	AND→REP			NOT_EVALUATED_consensus_calls_only
ENSG00000279968	CCDC28A-AS1	SIMPLE_AND	INCONSISTENT	AND→INC			NOT_EVALUATED_consensus_calls_only
ENSG00000280032		BIVALENT	REPRESSED	BIV→REP			NOT_EVALUATED_consensus_calls_only
ENSG00000280046		SIMPLE_AND	INCONSISTENT	AND→INC			NOT_EVALUATED_consensus_calls_only
ENSG00000280063		SIMPLE_AND	INCONSISTENT	AND→INC			NOT_EVALUATED_consensus_calls_only
ENSG00000280073		INCONSISTENT	REPRESSED	INC→REP			NOT_EVALUATED_consensus_calls_only
ENSG00000280120		SIMPLE_OR	INCONSISTENT	OR→INC			NOT_EVALUATED_consensus_calls_only
ENSG00000280129		SIMPLE_AND	INCONSISTENT	AND→INC			NOT_EVALUATED_consensus_calls_only
ENSG00000280137		SIMPLE_AND	INCONSISTENT	AND→INC			NOT_EVALUATED_consensus_calls_only
ENSG00000280138		SIMPLE_AND	INCONSISTENT	AND→INC			NOT_EVALUATED_consensus_calls_only
ENSG00000280152		SIMPLE_OR	INCONSISTENT	OR→INC			NOT_EVALUATED_consensus_calls_only
ENSG00000280161		SIMPLE_AND	INCONSISTENT	AND→INC			NOT_EVALUATED_consensus_calls_only
ENSG00000280173		SIMPLE_OR	INCONSISTENT	OR→INC			NOT_EVALUATED_consensus_calls_only
ENSG00000280186		BIVALENT	INCONSISTENT	BIV→INC			NOT_EVALUATED_consensus_calls_only
ENSG00000280194		SIMPLE_AND	INCONSISTENT	AND→INC			NOT_EVALUATED_consensus_calls_only
ENSG00000280195		SIMPLE_AND	INCONSISTENT	AND→INC			NOT_EVALUATED_consensus_calls_only
ENSG00000280198		SIMPLE_OR	INCONSISTENT	OR→INC			NOT_EVALUATED_consensus_calls_only
ENSG00000280254		BIVALENT	INCONSISTENT	BIV→INC			NOT_EVALUATED_consensus_calls_only
ENSG00000280303	ERICD	SIMPLE_AND	INCONSISTENT	AND→INC			NOT_EVALUATED_consensus_calls_only
ENSG00000280351		REPRESSED	INCONSISTENT	REP→INC			NOT_EVALUATED_consensus_calls_only
ENSG00000280367		SIMPLE_AND	INCONSISTENT	AND→INC			NOT_EVALUATED_consensus_calls_only
ENSG00000280388		SIMPLE_AND	INCONSISTENT	AND→INC			NOT_EVALUATED_consensus_calls_only
ENSG00000280414		BIVALENT	INCONSISTENT	BIV→INC			NOT_EVALUATED_consensus_calls_only
ENSG00000280420		BIVALENT	INCONSISTENT	BIV→INC			NOT_EVALUATED_consensus_calls_only
ENSG00000280496	SNORA17B	INCONSISTENT	SIMPLE_AND	INC→AND			NOT_EVALUATED_consensus_calls_only
ENSG00000280498	SNORA16A	COMPLEX	SIMPLE_AND	CPX→AND			NOT_EVALUATED_consensus_calls_only
ENSG00000280587	LINC01348	SIMPLE_AND	INCONSISTENT	AND→INC			NOT_EVALUATED_consensus_calls_only
ENSG00000280594	BTG3-AS1	SIMPLE_AND	INCONSISTENT	AND→INC			NOT_EVALUATED_consensus_calls_only
ENSG00000280623	PCAT14	REPRESSED	INCONSISTENT	REP→INC			NOT_EVALUATED_consensus_calls_only
ENSG00000280649		SIMPLE_AND	INCONSISTENT	AND→INC			NOT_EVALUATED_consensus_calls_only
ENSG00000280670	CCDC163	SIMPLE_AND	INCONSISTENT	AND→INC			NOT_EVALUATED_consensus_calls_only
ENSG00000280734	LINC01232	SIMPLE_AND	INCONSISTENT	AND→INC			NOT_EVALUATED_consensus_calls_only
ENSG00000280739	EIF1B-AS1	SIMPLE_AND	INCONSISTENT	AND→INC			NOT_EVALUATED_consensus_calls_only
ENSG00000280789	PAGR1	SIMPLE_AND	INCONSISTENT	AND→INC			NOT_EVALUATED_consensus_calls_only
ENSG00000280828		SIMPLE_AND	INCONSISTENT	AND→INC			NOT_EVALUATED_consensus_calls_only
ENSG00000280832	GSEC	SIMPLE_AND	INCONSISTENT	AND→INC			NOT_EVALUATED_consensus_calls_only
ENSG00000280890	ELDR	BIVALENT	INCONSISTENT	BIV→INC			NOT_EVALUATED_consensus_calls_only
ENSG00000281005	LINC00921	SIMPLE_AND	COMPLEX	AND→CPX			NOT_EVALUATED_consensus_calls_only
ENSG00000281091		SIMPLE_AND	INCONSISTENT	AND→INC			NOT_EVALUATED_consensus_calls_only
ENSG00000281128	PTENP1-AS	REPRESSED	INCONSISTENT	REP→INC			NOT_EVALUATED_consensus_calls_only
ENSG00000281202	LINC01097	REPRESSED	BIVALENT	REP→BIV			NOT_EVALUATED_consensus_calls_only
ENSG00000281333		REPRESSED	INCONSISTENT	REP→INC			NOT_EVALUATED_consensus_calls_only
ENSG00000281348		SIMPLE_AND	INCONSISTENT	AND→INC			NOT_EVALUATED_consensus_calls_only
ENSG00000281357	ARRDC3-AS1	COMPLEX	INCONSISTENT	CPX→INC			NOT_EVALUATED_consensus_calls_only
ENSG00000281358	RASSF1-AS1	SIMPLE_AND	INCONSISTENT	AND→INC			NOT_EVALUATED_consensus_calls_only
ENSG00000281406	BLACAT1	REPRESSED	BIVALENT	REP→BIV			NOT_EVALUATED_consensus_calls_only
ENSG00000281450	PANDAR	INCONSISTENT	REPRESSED	INC→REP			NOT_EVALUATED_consensus_calls_only
ENSG00000281501	SEPSECS-AS1	SIMPLE_AND	INCONSISTENT	AND→INC			NOT_EVALUATED_consensus_calls_only
ENSG00000281571		SIMPLE_AND	INCONSISTENT	AND→INC			NOT_EVALUATED_consensus_calls_only
ENSG00000281641	SAMD12-AS1	SIMPLE_AND	INCONSISTENT	AND→INC			NOT_EVALUATED_consensus_calls_only
ENSG00000281706	LINC01012	SIMPLE_AND	INCONSISTENT	AND→INC			NOT_EVALUATED_consensus_calls_only
ENSG00000281731	METTL14-DT	SIMPLE_AND	INCONSISTENT	AND→INC			NOT_EVALUATED_consensus_calls_only
ENSG00000281741		SIMPLE_OR	INCONSISTENT	OR→INC			NOT_EVALUATED_consensus_calls_only
ENSG00000281849		SIMPLE_AND	INCONSISTENT	AND→INC			NOT_EVALUATED_consensus_calls_only
ENSG00000281880	PAUPAR	BIVALENT	INCONSISTENT	BIV→INC			NOT_EVALUATED_consensus_calls_only
ENSG00000281912	LINC01144	SIMPLE_AND	INCONSISTENT	AND→INC			NOT_EVALUATED_consensus_calls_only
ENSG00000281938		REPRESSED	INCONSISTENT	REP→INC			NOT_EVALUATED_consensus_calls_only
ENSG00000282022		BIVALENT	INCONSISTENT	BIV→INC			NOT_EVALUATED_consensus_calls_only
ENSG00000282057		BIVALENT	INCONSISTENT	BIV→INC			NOT_EVALUATED_consensus_calls_only
ENSG00000282080		REPRESSED	INCONSISTENT	REP→INC			NOT_EVALUATED_consensus_calls_only
ENSG00000282317		BIVALENT	REPRESSED	BIV→REP			NOT_EVALUATED_consensus_calls_only
ENSG00000282381		SIMPLE_AND	INCONSISTENT	AND→INC			NOT_EVALUATED_consensus_calls_only
ENSG00000282440		REPRESSED	INCONSISTENT	REP→INC			NOT_EVALUATED_consensus_calls_only
ENSG00000282527		INCONSISTENT	BIVALENT	INC→BIV			NOT_EVALUATED_consensus_calls_only
ENSG00000282556		INCONSISTENT	REPRESSED	INC→REP			NOT_EVALUATED_consensus_calls_only
ENSG00000282728	PGR-AS1	REPRESSED	INCONSISTENT	REP→INC			NOT_EVALUATED_consensus_calls_only
ENSG00000282826	FRG1CP	SIMPLE_AND	INCONSISTENT	AND→INC			NOT_EVALUATED_consensus_calls_only
ENSG00000282876		COMPLEX	INCONSISTENT	CPX→INC			NOT_EVALUATED_consensus_calls_only
ENSG00000282881	TMEM275	REPRESSED	INCONSISTENT	REP→INC			NOT_EVALUATED_consensus_calls_only
ENSG00000282885		SIMPLE_AND	INCONSISTENT	AND→INC			NOT_EVALUATED_consensus_calls_only
ENSG00000282996	MPP7-DT	BIVALENT	INCONSISTENT	BIV→INC			NOT_EVALUATED_consensus_calls_only
ENSG00000283010		BIVALENT	INCONSISTENT	BIV→INC			NOT_EVALUATED_consensus_calls_only
ENSG00000283078		SIMPLE_AND	INCONSISTENT	AND→INC			NOT_EVALUATED_consensus_calls_only
ENSG00000283108		COMPLEX	INCONSISTENT	CPX→INC			NOT_EVALUATED_consensus_calls_only
ENSG00000283122	HYMAI	SIMPLE_OR	INCONSISTENT	OR→INC			NOT_EVALUATED_consensus_calls_only
