gene_id	gate_type_gm12878	gate_type_k562	and_origin
ENSG00000000457	SIMPLE_AND	INCONSISTENT	GM12878
ENSG00000000938	SIMPLE_AND	INCONSISTENT	GM12878
ENSG00000000971	NULL	SIMPLE_AND	K562
ENSG00000001084	NULL	INCONSISTENT	NEITHER
ENSG00000001461	SIMPLE_OR	SIMPLE_AND	K562
ENSG00000001561	SIMPLE_AND	NULL	GM12878
ENSG00000001617	BIVALENT	INCONSISTENT	NEITHER
ENSG00000001626	NULL	REPRESSED	NEITHER
ENSG00000002016	BIVALENT	SIMPLE_AND	K562
ENSG00000002079	NULL	REPRESSED	NEITHER
ENSG00000002330	SIMPLE_AND	INCONSISTENT	GM12878
ENSG00000002587	BIVALENT	NULL	NEITHER
ENSG00000002726	NULL	INCONSISTENT	NEITHER
ENSG00000003096	SIMPLE_OR	INCONSISTENT	NEITHER
ENSG00000003137	REPRESSED	BIVALENT	NEITHER
ENSG00000003147	BIVALENT	INCONSISTENT	NEITHER
ENSG00000003249	BIVALENT	INCONSISTENT	NEITHER
ENSG00000003393	SIMPLE_AND	INCONSISTENT	GM12878
ENSG00000004059	SIMPLE_AND	COMPLEX	GM12878
ENSG00000004399	BIVALENT	SIMPLE_AND	K562
ENSG00000004468	SIMPLE_AND	BIVALENT	GM12878
ENSG00000004660	SIMPLE_AND	INCONSISTENT	GM12878
ENSG00000004777	SIMPLE_AND	INCONSISTENT	GM12878
ENSG00000004799	BIVALENT	REPRESSED	NEITHER
ENSG00000004838	SIMPLE_OR	NULL	NEITHER
ENSG00000004846	NULL	REPRESSED	NEITHER
ENSG00000004848	REPRESSED	NULL	NEITHER
ENSG00000004939	NULL	INCONSISTENT	NEITHER
ENSG00000004948	NULL	REPRESSED	NEITHER
ENSG00000004975	COMPLEX	INCONSISTENT	NEITHER
ENSG00000005020	REPRESSED	NULL	NEITHER
ENSG00000005059	SIMPLE_AND	INCONSISTENT	GM12878
ENSG00000005102	SIMPLE_AND	REPRESSED	GM12878
ENSG00000005108	REPRESSED	NULL	NEITHER
ENSG00000005238	SIMPLE_AND	INCONSISTENT	GM12878
ENSG00000005243	INCONSISTENT	NULL	NEITHER
ENSG00000005249	BIVALENT	SIMPLE_AND	K562
ENSG00000005379	SIMPLE_AND	INCONSISTENT	GM12878
ENSG00000005436	SIMPLE_AND	INCONSISTENT	GM12878
ENSG00000005448	SIMPLE_AND	SIMPLE_OR	GM12878
ENSG00000005469	SIMPLE_AND	INCONSISTENT	GM12878
ENSG00000005483	SIMPLE_OR	NULL	NEITHER
ENSG00000005513	REPRESSED	INCONSISTENT	NEITHER
ENSG00000005801	COMPLEX	SIMPLE_AND	K562
ENSG00000005812	SIMPLE_AND	INCONSISTENT	GM12878
ENSG00000005844	SIMPLE_AND	NULL	GM12878
ENSG00000005882	SIMPLE_AND	INCONSISTENT	GM12878
ENSG00000005884	SIMPLE_AND	BIVALENT	GM12878
ENSG00000005961	NULL	INCONSISTENT	NEITHER
ENSG00000006016	REPRESSED	BIVALENT	NEITHER
ENSG00000006042	REPRESSED	SIMPLE_AND	K562
ENSG00000006047	BIVALENT	INCONSISTENT	NEITHER
ENSG00000006062	SIMPLE_AND	INCONSISTENT	GM12878
ENSG00000006071	REPRESSED	NULL	NEITHER
ENSG00000006116	REPRESSED	NULL	NEITHER
ENSG00000006118	SIMPLE_OR	BIVALENT	NEITHER
ENSG00000006194	COMPLEX	SIMPLE_AND	K562
ENSG00000006210	SIMPLE_OR	NULL	NEITHER
ENSG00000006282	SIMPLE_OR	INCONSISTENT	NEITHER
ENSG00000006327	INCONSISTENT	SIMPLE_AND	K562
ENSG00000006432	SIMPLE_AND	INCONSISTENT	GM12878
ENSG00000006459	BIVALENT	SIMPLE_AND	K562
ENSG00000006468	BIVALENT	INCONSISTENT	NEITHER
ENSG00000006534	NULL	INCONSISTENT	NEITHER
ENSG00000006555	SIMPLE_AND	REPRESSED	GM12878
ENSG00000006611	REPRESSED	BIVALENT	NEITHER
ENSG00000006638	INCONSISTENT	SIMPLE_AND	K562
ENSG00000006652	NULL	SIMPLE_OR	NEITHER
ENSG00000006659	INCONSISTENT	NULL	NEITHER
ENSG00000006704	SIMPLE_OR	SIMPLE_AND	K562
ENSG00000006715	NULL	REPRESSED	NEITHER
ENSG00000006747	REPRESSED	INCONSISTENT	NEITHER
ENSG00000006837	SIMPLE_AND	INCONSISTENT	GM12878
ENSG00000007038	INCONSISTENT	SIMPLE_AND	K562
ENSG00000007129	SIMPLE_AND	INCONSISTENT	GM12878
ENSG00000007174	NULL	INCONSISTENT	NEITHER
ENSG00000007216	NULL	REPRESSED	NEITHER
ENSG00000007237	INCONSISTENT	NULL	NEITHER
ENSG00000007255	SIMPLE_AND	INCONSISTENT	GM12878
ENSG00000007306	REPRESSED	INCONSISTENT	NEITHER
ENSG00000007312	SIMPLE_AND	NULL	GM12878
ENSG00000007372	REPRESSED	INCONSISTENT	NEITHER
ENSG00000007402	REPRESSED	INCONSISTENT	NEITHER
ENSG00000007516	BIVALENT	INCONSISTENT	NEITHER
ENSG00000007545	BIVALENT	INCONSISTENT	NEITHER
ENSG00000007866	BIVALENT	INCONSISTENT	NEITHER
ENSG00000007968	SIMPLE_AND	INCONSISTENT	GM12878
ENSG00000008086	BIVALENT	INCONSISTENT	NEITHER
ENSG00000008118	NULL	REPRESSED	NEITHER
ENSG00000008196	REPRESSED	NULL	NEITHER
ENSG00000008197	REPRESSED	NULL	NEITHER
ENSG00000008226	BIVALENT	REPRESSED	NEITHER
ENSG00000008256	SIMPLE_OR	INCONSISTENT	NEITHER
ENSG00000008277	SIMPLE_AND	INCONSISTENT	GM12878
ENSG00000008282	SIMPLE_AND	COMPLEX	GM12878
ENSG00000008300	BIVALENT	INCONSISTENT	NEITHER
ENSG00000008311	SIMPLE_OR	INCONSISTENT	NEITHER
ENSG00000008323	SIMPLE_AND	INCONSISTENT	GM12878
ENSG00000008324	SIMPLE_AND	INCONSISTENT	GM12878
ENSG00000008382	SIMPLE_AND	INCONSISTENT	GM12878
ENSG00000008513	BIVALENT	INCONSISTENT	NEITHER
ENSG00000008517	SIMPLE_AND	NULL	GM12878
ENSG00000008710	SIMPLE_AND	SIMPLE_OR	GM12878
ENSG00000008735	NULL	INCONSISTENT	NEITHER
ENSG00000008838	BIVALENT	SIMPLE_AND	K562
ENSG00000008853	NULL	REPRESSED	NEITHER
ENSG00000008952	COMPLEX	SIMPLE_AND	K562
ENSG00000009307	SIMPLE_AND	COMPLEX	GM12878
ENSG00000009780	SIMPLE_AND	INCONSISTENT	GM12878
ENSG00000009790	SIMPLE_AND	NULL	GM12878
ENSG00000009950	NULL	INCONSISTENT	NEITHER
ENSG00000010030	INCONSISTENT	BIVALENT	NEITHER
ENSG00000010219	NULL	INCONSISTENT	NEITHER
ENSG00000010278	BIVALENT	INCONSISTENT	NEITHER
ENSG00000010282	NULL	REPRESSED	NEITHER
ENSG00000010295	SIMPLE_AND	NULL	GM12878
ENSG00000010361	SIMPLE_AND	INCONSISTENT	GM12878
ENSG00000010379	NULL	INCONSISTENT	NEITHER
ENSG00000010438	REPRESSED	NULL	NEITHER
ENSG00000010539	SIMPLE_AND	INCONSISTENT	GM12878
ENSG00000010626	SIMPLE_AND	INCONSISTENT	GM12878
ENSG00000010704	SIMPLE_AND	INCONSISTENT	GM12878
ENSG00000010810	SIMPLE_AND	BIVALENT	GM12878
ENSG00000010932	REPRESSED	NULL	NEITHER
ENSG00000011052	COMPLEX	SIMPLE_AND	K562
ENSG00000011083	NULL	REPRESSED	NEITHER
ENSG00000011105	BIVALENT	INCONSISTENT	NEITHER
ENSG00000011201	REPRESSED	NULL	NEITHER
ENSG00000011258	SIMPLE_AND	INCONSISTENT	GM12878
ENSG00000011332	BIVALENT	INCONSISTENT	NEITHER
ENSG00000011347	REPRESSED	BIVALENT	NEITHER
ENSG00000011422	SIMPLE_AND	INCONSISTENT	GM12878
ENSG00000011451	SIMPLE_OR	INCONSISTENT	NEITHER
ENSG00000011523	SIMPLE_AND	INCONSISTENT	GM12878
ENSG00000011590	SIMPLE_AND	INCONSISTENT	GM12878
ENSG00000012124	NULL	INCONSISTENT	NEITHER
ENSG00000012171	REPRESSED	NULL	NEITHER
ENSG00000012174	SIMPLE_AND	INCONSISTENT	GM12878
ENSG00000012223	REPRESSED	NULL	NEITHER
ENSG00000012779	SIMPLE_AND	INCONSISTENT	GM12878
ENSG00000012822	SIMPLE_AND	INCONSISTENT	GM12878
ENSG00000012983	BIVALENT	INCONSISTENT	NEITHER
ENSG00000013016	SIMPLE_OR	REPRESSED	NEITHER
ENSG00000013288	SIMPLE_AND	INCONSISTENT	GM12878
ENSG00000013293	REPRESSED	NULL	NEITHER
ENSG00000013297	REPRESSED	NULL	NEITHER
ENSG00000013364	SIMPLE_AND	INCONSISTENT	GM12878
ENSG00000013392	SIMPLE_AND	INCONSISTENT	GM12878
ENSG00000013523	NULL	REPRESSED	NEITHER
ENSG00000013563	SIMPLE_AND	INCONSISTENT	GM12878
ENSG00000013583	BIVALENT	INCONSISTENT	NEITHER
ENSG00000013588	REPRESSED	BIVALENT	NEITHER
ENSG00000013619	NULL	INCONSISTENT	NEITHER
ENSG00000014123	SIMPLE_AND	INCONSISTENT	GM12878
ENSG00000014914	NULL	INCONSISTENT	NEITHER
ENSG00000015133	SIMPLE_AND	INCONSISTENT	GM12878
ENSG00000015171	NULL	REPRESSED	NEITHER
ENSG00000015285	SIMPLE_AND	INCONSISTENT	GM12878
ENSG00000015532	SIMPLE_AND	INCONSISTENT	GM12878
ENSG00000016082	REPRESSED	NULL	NEITHER
ENSG00000016391	SIMPLE_AND	BIVALENT	GM12878
ENSG00000016402	BIVALENT	NULL	NEITHER
ENSG00000017427	COMPLEX	INCONSISTENT	NEITHER
ENSG00000018236	REPRESSED	NULL	NEITHER
ENSG00000019144	BIVALENT	SIMPLE_AND	K562
ENSG00000019505	REPRESSED	NULL	NEITHER
ENSG00000019582	SIMPLE_AND	NULL	GM12878
ENSG00000020577	SIMPLE_OR	INCONSISTENT	NEITHER
ENSG00000020633	SIMPLE_AND	NULL	GM12878
ENSG00000021300	SIMPLE_OR	BIVALENT	NEITHER
ENSG00000021355	BIVALENT	SIMPLE_AND	K562
ENSG00000021488	NULL	REPRESSED	NEITHER
ENSG00000021762	REPRESSED	INCONSISTENT	NEITHER
ENSG00000022567	BIVALENT	SIMPLE_AND	K562
ENSG00000022976	SIMPLE_AND	INCONSISTENT	GM12878
ENSG00000023041	SIMPLE_AND	INCONSISTENT	GM12878
ENSG00000023171	SIMPLE_AND	NULL	GM12878
ENSG00000023287	NULL	REPRESSED	NEITHER
ENSG00000023445	COMPLEX	INCONSISTENT	NEITHER
ENSG00000023516	SIMPLE_AND	COMPLEX	GM12878
ENSG00000023572	SIMPLE_AND	INCONSISTENT	GM12878
ENSG00000023608	SIMPLE_AND	INCONSISTENT	GM12878
ENSG00000023697	SIMPLE_AND	INCONSISTENT	GM12878
ENSG00000023902	SIMPLE_AND	INCONSISTENT	GM12878
ENSG00000024422	NULL	SIMPLE_AND	K562
ENSG00000024862	SIMPLE_AND	INCONSISTENT	GM12878
ENSG00000025039	SIMPLE_AND	BIVALENT	GM12878
ENSG00000025434	COMPLEX	SIMPLE_AND	K562
ENSG00000025708	SIMPLE_AND	NULL	GM12878
ENSG00000026036	SIMPLE_AND	INCONSISTENT	GM12878
ENSG00000026508	SIMPLE_AND	BIVALENT	GM12878
ENSG00000026559	REPRESSED	BIVALENT	NEITHER
ENSG00000026652	SIMPLE_OR	INCONSISTENT	NEITHER
ENSG00000026751	SIMPLE_AND	NULL	GM12878
ENSG00000026950	SIMPLE_AND	INCONSISTENT	GM12878
ENSG00000027001	SIMPLE_AND	INCONSISTENT	GM12878
ENSG00000027075	REPRESSED	BIVALENT	NEITHER
ENSG00000027644	BIVALENT	INCONSISTENT	NEITHER
ENSG00000027697	SIMPLE_AND	INCONSISTENT	GM12878
ENSG00000027847	SIMPLE_AND	INCONSISTENT	GM12878
ENSG00000028116	COMPLEX	NULL	NEITHER
ENSG00000028277	SIMPLE_OR	INCONSISTENT	NEITHER
ENSG00000029153	SIMPLE_AND	BIVALENT	GM12878
ENSG00000029534	NULL	BIVALENT	NEITHER
ENSG00000029993	SIMPLE_OR	NULL	NEITHER
ENSG00000030419	SIMPLE_AND	INCONSISTENT	GM12878
ENSG00000031081	SIMPLE_AND	INCONSISTENT	GM12878
ENSG00000031691	SIMPLE_AND	INCONSISTENT	GM12878
ENSG00000032219	COMPLEX	INCONSISTENT	NEITHER
ENSG00000032742	SIMPLE_AND	COMPLEX	GM12878
ENSG00000033011	SIMPLE_OR	SIMPLE_AND	K562
ENSG00000033122	NULL	INCONSISTENT	NEITHER
ENSG00000033170	SIMPLE_AND	INCONSISTENT	GM12878
ENSG00000033327	COMPLEX	INCONSISTENT	NEITHER
ENSG00000034053	NULL	SIMPLE_AND	K562
ENSG00000034152	SIMPLE_AND	INCONSISTENT	GM12878
ENSG00000034239	REPRESSED	NULL	NEITHER
ENSG00000034533	SIMPLE_AND	INCONSISTENT	GM12878
ENSG00000034677	NULL	REPRESSED	NEITHER
ENSG00000034971	NULL	REPRESSED	NEITHER
ENSG00000035115	SIMPLE_AND	INCONSISTENT	GM12878
ENSG00000035403	NULL	SIMPLE_OR	NEITHER
ENSG00000035664	NULL	INCONSISTENT	NEITHER
ENSG00000035687	SIMPLE_AND	COMPLEX	GM12878
ENSG00000035720	SIMPLE_OR	NULL	NEITHER
ENSG00000035862	REPRESSED	NULL	NEITHER
ENSG00000036448	NULL	REPRESSED	NEITHER
ENSG00000036530	BIVALENT	INCONSISTENT	NEITHER
ENSG00000036672	BIVALENT	INCONSISTENT	NEITHER
ENSG00000036828	BIVALENT	NULL	NEITHER
ENSG00000037042	SIMPLE_AND	NULL	GM12878
ENSG00000037280	NULL	BIVALENT	NEITHER
ENSG00000037965	REPRESSED	INCONSISTENT	NEITHER
ENSG00000038002	SIMPLE_AND	INCONSISTENT	GM12878
ENSG00000038210	SIMPLE_AND	INCONSISTENT	GM12878
ENSG00000038295	REPRESSED	NULL	NEITHER
ENSG00000038382	SIMPLE_AND	INCONSISTENT	GM12878
ENSG00000039068	SIMPLE_OR	NULL	NEITHER
ENSG00000039319	SIMPLE_AND	INCONSISTENT	GM12878
ENSG00000039523	SIMPLE_OR	NULL	NEITHER
ENSG00000039560	REPRESSED	SIMPLE_AND	K562
ENSG00000039600	INCONSISTENT	NULL	NEITHER
ENSG00000039987	NULL	REPRESSED	NEITHER
ENSG00000040199	SIMPLE_AND	INCONSISTENT	GM12878
ENSG00000040531	SIMPLE_AND	INCONSISTENT	GM12878
ENSG00000041880	SIMPLE_AND	INCONSISTENT	GM12878
ENSG00000041982	REPRESSED	NULL	NEITHER
ENSG00000041988	SIMPLE_AND	INCONSISTENT	GM12878
ENSG00000042062	NULL	SIMPLE_AND	K562
ENSG00000042286	SIMPLE_AND	INCONSISTENT	GM12878
ENSG00000042304	REPRESSED	NULL	NEITHER
ENSG00000042317	SIMPLE_OR	INCONSISTENT	NEITHER
ENSG00000043039	REPRESSED	NULL	NEITHER
ENSG00000043355	BIVALENT	SIMPLE_AND	K562
ENSG00000043591	SIMPLE_OR	INCONSISTENT	NEITHER
ENSG00000044012	NULL	REPRESSED	NEITHER
ENSG00000044115	NULL	SIMPLE_AND	K562
ENSG00000044459	INCONSISTENT	NULL	NEITHER
ENSG00000046647	COMPLEX	SIMPLE_AND	K562
ENSG00000046651	SIMPLE_AND	INCONSISTENT	GM12878
ENSG00000046653	BIVALENT	REPRESSED	NEITHER
ENSG00000046774	NULL	INCONSISTENT	NEITHER
ENSG00000047188	SIMPLE_AND	COMPLEX	GM12878
ENSG00000047315	COMPLEX	SIMPLE_AND	K562
ENSG00000047346	SIMPLE_OR	REPRESSED	NEITHER
ENSG00000047365	SIMPLE_AND	INCONSISTENT	GM12878
ENSG00000047578	SIMPLE_AND	INCONSISTENT	GM12878
ENSG00000047597	INCONSISTENT	SIMPLE_AND	K562
ENSG00000047634	SIMPLE_AND	NULL	GM12878
ENSG00000047644	SIMPLE_AND	INCONSISTENT	GM12878
ENSG00000047648	INCONSISTENT	REPRESSED	NEITHER
ENSG00000047662	NULL	REPRESSED	NEITHER
ENSG00000048052	NULL	BIVALENT	NEITHER
ENSG00000048392	SIMPLE_AND	INCONSISTENT	GM12878
ENSG00000048462	SIMPLE_AND	INCONSISTENT	GM12878
ENSG00000048471	SIMPLE_AND	INCONSISTENT	GM12878
ENSG00000049089	SIMPLE_OR	NULL	NEITHER
ENSG00000049130	REPRESSED	INCONSISTENT	NEITHER
ENSG00000049192	SIMPLE_AND	INCONSISTENT	GM12878
ENSG00000049239	SIMPLE_AND	INCONSISTENT	GM12878
ENSG00000049246	SIMPLE_OR	COMPLEX	NEITHER
ENSG00000049249	REPRESSED	BIVALENT	NEITHER
ENSG00000049323	BIVALENT	SIMPLE_AND	K562
ENSG00000049449	SIMPLE_AND	INCONSISTENT	GM12878
ENSG00000049768	NULL	REPRESSED	NEITHER
ENSG00000049769	SIMPLE_AND	INCONSISTENT	GM12878
ENSG00000049860	SIMPLE_AND	SIMPLE_OR	GM12878
ENSG00000049883	SIMPLE_AND	INCONSISTENT	GM12878
ENSG00000050030	SIMPLE_AND	NULL	GM12878
ENSG00000050165	REPRESSED	INCONSISTENT	NEITHER
ENSG00000050344	SIMPLE_AND	INCONSISTENT	GM12878
ENSG00000050405	BIVALENT	SIMPLE_AND	K562
ENSG00000050438	SIMPLE_AND	INCONSISTENT	GM12878
ENSG00000050555	NULL	REPRESSED	NEITHER
ENSG00000050628	REPRESSED	INCONSISTENT	NEITHER
ENSG00000050767	REPRESSED	BIVALENT	NEITHER
ENSG00000050820	SIMPLE_AND	INCONSISTENT	GM12878
ENSG00000051128	BIVALENT	INCONSISTENT	NEITHER
ENSG00000051620	SIMPLE_AND	INCONSISTENT	GM12878
ENSG00000051825	SIMPLE_OR	NULL	NEITHER
ENSG00000052126	BIVALENT	INCONSISTENT	NEITHER
ENSG00000052344	NULL	INCONSISTENT	NEITHER
ENSG00000052850	REPRESSED	INCONSISTENT	NEITHER
ENSG00000053108	REPRESSED	NULL	NEITHER
ENSG00000053254	SIMPLE_AND	INCONSISTENT	GM12878
ENSG00000053524	BIVALENT	INCONSISTENT	NEITHER
ENSG00000053747	BIVALENT	NULL	NEITHER
ENSG00000053918	REPRESSED	INCONSISTENT	NEITHER
ENSG00000054179	REPRESSED	INCONSISTENT	NEITHER
ENSG00000054219	SIMPLE_AND	REPRESSED	GM12878
ENSG00000054277	INCONSISTENT	NULL	NEITHER
ENSG00000054356	NULL	BIVALENT	NEITHER
ENSG00000054392	SIMPLE_AND	INCONSISTENT	GM12878
ENSG00000054611	SIMPLE_AND	INCONSISTENT	GM12878
ENSG00000054654	SIMPLE_OR	NULL	NEITHER
ENSG00000054690	BIVALENT	INCONSISTENT	NEITHER
ENSG00000054793	REPRESSED	NULL	NEITHER
ENSG00000054965	SIMPLE_AND	INCONSISTENT	GM12878
ENSG00000054967	SIMPLE_AND	INCONSISTENT	GM12878
ENSG00000054983	COMPLEX	INCONSISTENT	NEITHER
ENSG00000055118	BIVALENT	SIMPLE_AND	K562
ENSG00000055163	SIMPLE_AND	INCONSISTENT	GM12878
ENSG00000055211	SIMPLE_AND	INCONSISTENT	GM12878
ENSG00000055732	INCONSISTENT	BIVALENT	NEITHER
ENSG00000055955	NULL	INCONSISTENT	NEITHER
ENSG00000055957	SIMPLE_OR	NULL	NEITHER
ENSG00000056050	SIMPLE_AND	INCONSISTENT	GM12878
ENSG00000056277	SIMPLE_AND	COMPLEX	GM12878
ENSG00000056291	NULL	REPRESSED	NEITHER
ENSG00000056558	SIMPLE_AND	NULL	GM12878
ENSG00000056736	SIMPLE_AND	BIVALENT	GM12878
ENSG00000056998	NULL	BIVALENT	NEITHER
ENSG00000057019	SIMPLE_AND	INCONSISTENT	GM12878
ENSG00000057294	REPRESSED	BIVALENT	NEITHER
ENSG00000057608	SIMPLE_AND	NULL	GM12878
ENSG00000057657	BIVALENT	INCONSISTENT	NEITHER
ENSG00000057704	SIMPLE_OR	REPRESSED	NEITHER
ENSG00000057935	BIVALENT	SIMPLE_OR	NEITHER
ENSG00000058056	SIMPLE_AND	BIVALENT	GM12878
ENSG00000058085	NULL	REPRESSED	NEITHER
ENSG00000058335	REPRESSED	NULL	NEITHER
ENSG00000058673	COMPLEX	SIMPLE_AND	K562
ENSG00000058866	BIVALENT	NULL	NEITHER
ENSG00000059122	SIMPLE_AND	INCONSISTENT	GM12878
ENSG00000059145	COMPLEX	SIMPLE_AND	K562
ENSG00000059377	BIVALENT	INCONSISTENT	NEITHER
ENSG00000059378	SIMPLE_OR	COMPLEX	NEITHER
ENSG00000059769	SIMPLE_AND	INCONSISTENT	GM12878
ENSG00000060069	SIMPLE_AND	INCONSISTENT	GM12878
ENSG00000060140	COMPLEX	INCONSISTENT	NEITHER
ENSG00000060558	SIMPLE_AND	INCONSISTENT	GM12878
ENSG00000060642	SIMPLE_AND	INCONSISTENT	GM12878
ENSG00000060709	NULL	REPRESSED	NEITHER
ENSG00000060718	REPRESSED	NULL	NEITHER
ENSG00000061273	SIMPLE_OR	SIMPLE_AND	K562
ENSG00000061337	REPRESSED	BIVALENT	NEITHER
ENSG00000061492	INCONSISTENT	REPRESSED	NEITHER
ENSG00000061656	SIMPLE_AND	INCONSISTENT	GM12878
ENSG00000061676	BIVALENT	SIMPLE_AND	K562
ENSG00000061918	BIVALENT	NULL	NEITHER
ENSG00000061936	SIMPLE_AND	COMPLEX	GM12878
ENSG00000062038	NULL	REPRESSED	NEITHER
ENSG00000062096	NULL	REPRESSED	NEITHER
ENSG00000062524	BIVALENT	INCONSISTENT	NEITHER
ENSG00000063127	SIMPLE_OR	NULL	NEITHER
ENSG00000063169	SIMPLE_AND	INCONSISTENT	GM12878
ENSG00000063176	SIMPLE_AND	INCONSISTENT	GM12878
ENSG00000063322	SIMPLE_AND	INCONSISTENT	GM12878
ENSG00000063438	SIMPLE_AND	INCONSISTENT	GM12878
ENSG00000063660	BIVALENT	INCONSISTENT	NEITHER
ENSG00000063761	SIMPLE_AND	INCONSISTENT	GM12878
ENSG00000064201	NULL	INCONSISTENT	NEITHER
ENSG00000064218	REPRESSED	NULL	NEITHER
ENSG00000064225	SIMPLE_AND	REPRESSED	GM12878
ENSG00000064270	REPRESSED	NULL	NEITHER
ENSG00000064489	SIMPLE_AND	INCONSISTENT	GM12878
ENSG00000064547	SIMPLE_AND	NULL	GM12878
ENSG00000064692	REPRESSED	INCONSISTENT	NEITHER
ENSG00000064886	SIMPLE_AND	NULL	GM12878
ENSG00000064933	COMPLEX	SIMPLE_AND	K562
ENSG00000064989	SIMPLE_AND	NULL	GM12878
ENSG00000064999	SIMPLE_AND	INCONSISTENT	GM12878
ENSG00000065029	SIMPLE_AND	INCONSISTENT	GM12878
ENSG00000065054	INCONSISTENT	SIMPLE_AND	K562
ENSG00000065135	SIMPLE_AND	INCONSISTENT	GM12878
ENSG00000065154	BIVALENT	SIMPLE_AND	K562
ENSG00000065308	SIMPLE_AND	INCONSISTENT	GM12878
ENSG00000065320	BIVALENT	INCONSISTENT	NEITHER
ENSG00000065357	SIMPLE_AND	INCONSISTENT	GM12878
ENSG00000065371	REPRESSED	NULL	NEITHER
ENSG00000065413	SIMPLE_AND	BIVALENT	GM12878
ENSG00000065491	SIMPLE_AND	INCONSISTENT	GM12878
ENSG00000065534	BIVALENT	INCONSISTENT	NEITHER
ENSG00000065609	BIVALENT	NULL	NEITHER
ENSG00000065615	BIVALENT	INCONSISTENT	NEITHER
ENSG00000065621	INCONSISTENT	NULL	NEITHER
ENSG00000065665	SIMPLE_AND	INCONSISTENT	GM12878
ENSG00000065675	BIVALENT	SIMPLE_AND	K562
ENSG00000065717	REPRESSED	SIMPLE_AND	K562
ENSG00000065809	NULL	REPRESSED	NEITHER
ENSG00000065833	SIMPLE_AND	INCONSISTENT	GM12878
ENSG00000065882	SIMPLE_AND	BIVALENT	GM12878
ENSG00000065923	SIMPLE_AND	INCONSISTENT	GM12878
ENSG00000065970	SIMPLE_AND	INCONSISTENT	GM12878
ENSG00000065989	BIVALENT	SIMPLE_AND	K562
ENSG00000066027	COMPLEX	SIMPLE_AND	K562
ENSG00000066185	INCONSISTENT	COMPLEX	NEITHER
ENSG00000066294	SIMPLE_AND	INCONSISTENT	GM12878
ENSG00000066379	COMPLEX	SIMPLE_AND	K562
ENSG00000066382	REPRESSED	INCONSISTENT	NEITHER
ENSG00000066427	SIMPLE_AND	INCONSISTENT	GM12878
ENSG00000066455	SIMPLE_AND	COMPLEX	GM12878
ENSG00000066468	REPRESSED	NULL	NEITHER
ENSG00000066583	COMPLEX	SIMPLE_AND	K562
ENSG00000066735	REPRESSED	INCONSISTENT	NEITHER
ENSG00000066739	SIMPLE_AND	INCONSISTENT	GM12878
ENSG00000066827	SIMPLE_AND	INCONSISTENT	GM12878
ENSG00000066923	SIMPLE_OR	INCONSISTENT	NEITHER
ENSG00000067113	SIMPLE_AND	BIVALENT	GM12878
ENSG00000067177	NULL	INCONSISTENT	NEITHER
ENSG00000067191	SIMPLE_AND	INCONSISTENT	GM12878
ENSG00000067208	REPRESSED	SIMPLE_AND	K562
ENSG00000067221	SIMPLE_AND	INCONSISTENT	GM12878
ENSG00000067248	SIMPLE_AND	INCONSISTENT	GM12878
ENSG00000067533	SIMPLE_AND	COMPLEX	GM12878
ENSG00000067601	SIMPLE_OR	INCONSISTENT	NEITHER
ENSG00000067606	INCONSISTENT	NULL	NEITHER
ENSG00000067715	COMPLEX	NULL	NEITHER
ENSG00000067798	REPRESSED	INCONSISTENT	NEITHER
ENSG00000067836	SIMPLE_AND	INCONSISTENT	GM12878
ENSG00000067840	NULL	INCONSISTENT	NEITHER
ENSG00000067992	SIMPLE_AND	BIVALENT	GM12878
ENSG00000068078	REPRESSED	SIMPLE_AND	K562
ENSG00000068079	SIMPLE_AND	INCONSISTENT	GM12878
ENSG00000068137	SIMPLE_AND	INCONSISTENT	GM12878
ENSG00000068305	SIMPLE_AND	BIVALENT	GM12878
ENSG00000068354	SIMPLE_AND	INCONSISTENT	GM12878
ENSG00000068383	SIMPLE_AND	INCONSISTENT	GM12878
ENSG00000068400	SIMPLE_AND	INCONSISTENT	GM12878
ENSG00000068615	BIVALENT	REPRESSED	NEITHER
ENSG00000068650	SIMPLE_AND	INCONSISTENT	GM12878
ENSG00000068724	SIMPLE_AND	INCONSISTENT	GM12878
ENSG00000068745	NULL	SIMPLE_OR	NEITHER
ENSG00000068885	SIMPLE_AND	INCONSISTENT	GM12878
ENSG00000068903	COMPLEX	SIMPLE_AND	K562
ENSG00000068971	SIMPLE_AND	INCONSISTENT	GM12878
ENSG00000068976	NULL	INCONSISTENT	NEITHER
ENSG00000068985	NULL	INCONSISTENT	NEITHER
ENSG00000069011	BIVALENT	SIMPLE_AND	K562
ENSG00000069188	REPRESSED	NULL	NEITHER
ENSG00000069275	COMPLEX	SIMPLE_AND	K562
ENSG00000069399	SIMPLE_AND	INCONSISTENT	GM12878
ENSG00000069424	SIMPLE_AND	INCONSISTENT	GM12878
ENSG00000069482	REPRESSED	SIMPLE_AND	K562
ENSG00000069493	SIMPLE_OR	NULL	NEITHER
ENSG00000069509	SIMPLE_AND	INCONSISTENT	GM12878
ENSG00000069535	NULL	INCONSISTENT	NEITHER
ENSG00000069667	REPRESSED	NULL	NEITHER
ENSG00000069696	REPRESSED	NULL	NEITHER
ENSG00000069702	NULL	SIMPLE_AND	K562
ENSG00000069812	REPRESSED	INCONSISTENT	NEITHER
ENSG00000069869	SIMPLE_AND	INCONSISTENT	GM12878
ENSG00000069966	NULL	REPRESSED	NEITHER
ENSG00000069998	NULL	REPRESSED	NEITHER
ENSG00000070010	COMPLEX	SIMPLE_AND	K562
ENSG00000070047	BIVALENT	SIMPLE_AND	K562
ENSG00000070087	NULL	INCONSISTENT	NEITHER
ENSG00000070182	BIVALENT	SIMPLE_AND	K562
ENSG00000070190	SIMPLE_AND	NULL	GM12878
ENSG00000070193	REPRESSED	NULL	NEITHER
ENSG00000070214	SIMPLE_AND	INCONSISTENT	GM12878
ENSG00000070404	SIMPLE_OR	INCONSISTENT	NEITHER
ENSG00000070423	SIMPLE_AND	COMPLEX	GM12878
ENSG00000070444	SIMPLE_AND	INCONSISTENT	GM12878
ENSG00000070476	SIMPLE_AND	INCONSISTENT	GM12878
ENSG00000070526	NULL	SIMPLE_AND	K562
ENSG00000070540	SIMPLE_AND	INCONSISTENT	GM12878
ENSG00000070729	REPRESSED	NULL	NEITHER
ENSG00000070731	INCONSISTENT	NULL	NEITHER
ENSG00000070748	REPRESSED	NULL	NEITHER
ENSG00000070759	SIMPLE_AND	INCONSISTENT	GM12878
ENSG00000070778	BIVALENT	INCONSISTENT	NEITHER
ENSG00000070814	SIMPLE_AND	BIVALENT	GM12878
ENSG00000070985	REPRESSED	INCONSISTENT	NEITHER
ENSG00000071051	SIMPLE_AND	INCONSISTENT	GM12878
ENSG00000071054	BIVALENT	SIMPLE_AND	K562
ENSG00000071073	SIMPLE_OR	BIVALENT	NEITHER
ENSG00000071189	BIVALENT	SIMPLE_AND	K562
ENSG00000071205	SIMPLE_AND	BIVALENT	GM12878
ENSG00000071242	INCONSISTENT	NULL	NEITHER
ENSG00000071282	SIMPLE_AND	NULL	GM12878
ENSG00000071537	COMPLEX	INCONSISTENT	NEITHER
ENSG00000071553	SIMPLE_OR	SIMPLE_AND	K562
ENSG00000071575	BIVALENT	SIMPLE_AND	K562
ENSG00000071909	SIMPLE_AND	NULL	GM12878
ENSG00000071991	REPRESSED	NULL	NEITHER
ENSG00000072041	REPRESSED	NULL	NEITHER
ENSG00000072071	SIMPLE_OR	SIMPLE_AND	K562
ENSG00000072080	REPRESSED	NULL	NEITHER
ENSG00000072110	BIVALENT	SIMPLE_AND	K562
ENSG00000072135	SIMPLE_OR	SIMPLE_AND	K562
ENSG00000072163	NULL	REPRESSED	NEITHER
ENSG00000072182	REPRESSED	INCONSISTENT	NEITHER
ENSG00000072195	REPRESSED	NULL	NEITHER
ENSG00000072201	INCONSISTENT	NULL	NEITHER
ENSG00000072210	SIMPLE_AND	INCONSISTENT	GM12878
ENSG00000072315	REPRESSED	NULL	NEITHER
ENSG00000072401	SIMPLE_AND	INCONSISTENT	GM12878
ENSG00000072415	SIMPLE_AND	INCONSISTENT	GM12878
ENSG00000072422	REPRESSED	INCONSISTENT	NEITHER
ENSG00000072609	SIMPLE_AND	SIMPLE_OR	GM12878
ENSG00000072682	BIVALENT	SIMPLE_AND	K562
ENSG00000072778	SIMPLE_OR	SIMPLE_AND	K562
ENSG00000072786	SIMPLE_AND	INCONSISTENT	GM12878
ENSG00000072818	SIMPLE_AND	INCONSISTENT	GM12878
ENSG00000072832	REPRESSED	NULL	NEITHER
ENSG00000072840	SIMPLE_AND	INCONSISTENT	GM12878
ENSG00000072849	SIMPLE_AND	INCONSISTENT	GM12878
ENSG00000072858	SIMPLE_AND	NULL	GM12878
ENSG00000072954	SIMPLE_AND	INCONSISTENT	GM12878
ENSG00000073008	NULL	INCONSISTENT	NEITHER
ENSG00000073050	SIMPLE_AND	SIMPLE_OR	GM12878
ENSG00000073067	NULL	REPRESSED	NEITHER
ENSG00000073146	NULL	REPRESSED	NEITHER
ENSG00000073150	BIVALENT	INCONSISTENT	NEITHER
ENSG00000073169	SIMPLE_AND	INCONSISTENT	GM12878
ENSG00000073282	COMPLEX	NULL	NEITHER
ENSG00000073331	SIMPLE_AND	INCONSISTENT	GM12878
ENSG00000073350	BIVALENT	SIMPLE_AND	K562
ENSG00000073464	BIVALENT	NULL	NEITHER
ENSG00000073605	SIMPLE_OR	NULL	NEITHER
ENSG00000073670	REPRESSED	INCONSISTENT	NEITHER
ENSG00000073711	BIVALENT	INCONSISTENT	NEITHER
ENSG00000073712	BIVALENT	INCONSISTENT	NEITHER
ENSG00000073756	REPRESSED	NULL	NEITHER
ENSG00000073792	BIVALENT	INCONSISTENT	NEITHER
ENSG00000073803	SIMPLE_AND	NULL	GM12878
ENSG00000073861	SIMPLE_AND	REPRESSED	GM12878
ENSG00000073910	BIVALENT	INCONSISTENT	NEITHER
ENSG00000074047	NULL	REPRESSED	NEITHER
ENSG00000074211	NULL	REPRESSED	NEITHER
ENSG00000074219	REPRESSED	SIMPLE_AND	K562
ENSG00000074317	REPRESSED	BIVALENT	NEITHER
ENSG00000074356	SIMPLE_AND	INCONSISTENT	GM12878
ENSG00000074410	REPRESSED	NULL	NEITHER
ENSG00000074416	SIMPLE_AND	INCONSISTENT	GM12878
ENSG00000074590	REPRESSED	NULL	NEITHER
ENSG00000074621	SIMPLE_AND	INCONSISTENT	GM12878
ENSG00000074657	BIVALENT	NULL	NEITHER
ENSG00000074660	SIMPLE_AND	NULL	GM12878
ENSG00000074706	SIMPLE_OR	REPRESSED	NEITHER
ENSG00000074855	SIMPLE_AND	INCONSISTENT	GM12878
ENSG00000075035	REPRESSED	INCONSISTENT	NEITHER
ENSG00000075043	NULL	REPRESSED	NEITHER
ENSG00000075073	NULL	REPRESSED	NEITHER
ENSG00000075218	SIMPLE_AND	INCONSISTENT	GM12878
ENSG00000075240	SIMPLE_OR	SIMPLE_AND	K562
ENSG00000075290	NULL	REPRESSED	NEITHER
ENSG00000075292	SIMPLE_OR	NULL	NEITHER
ENSG00000075340	REPRESSED	SIMPLE_AND	K562
ENSG00000075388	NULL	REPRESSED	NEITHER
ENSG00000075391	BIVALENT	INCONSISTENT	NEITHER
ENSG00000075407	SIMPLE_AND	COMPLEX	GM12878
ENSG00000075426	BIVALENT	INCONSISTENT	NEITHER
ENSG00000075429	NULL	REPRESSED	NEITHER
ENSG00000075461	BIVALENT	NULL	NEITHER
ENSG00000075624	SIMPLE_OR	SIMPLE_AND	K562
ENSG00000075651	SIMPLE_AND	INCONSISTENT	GM12878
ENSG00000075673	BIVALENT	NULL	NEITHER
ENSG00000076043	SIMPLE_OR	SIMPLE_AND	K562
ENSG00000076053	COMPLEX	SIMPLE_AND	K562
ENSG00000076067	SIMPLE_AND	INCONSISTENT	GM12878
ENSG00000076258	INCONSISTENT	NULL	NEITHER
ENSG00000076351	SIMPLE_AND	BIVALENT	GM12878
ENSG00000076554	SIMPLE_OR	NULL	NEITHER
ENSG00000076641	SIMPLE_AND	INCONSISTENT	GM12878
ENSG00000076650	SIMPLE_AND	INCONSISTENT	GM12878
ENSG00000076662	SIMPLE_AND	NULL	GM12878
ENSG00000076685	REPRESSED	NULL	NEITHER
ENSG00000076716	INCONSISTENT	NULL	NEITHER
ENSG00000076770	SIMPLE_AND	NULL	GM12878
ENSG00000076826	SIMPLE_OR	BIVALENT	NEITHER
ENSG00000076864	REPRESSED	SIMPLE_AND	K562
ENSG00000077009	REPRESSED	NULL	NEITHER
ENSG00000077063	REPRESSED	BIVALENT	NEITHER
ENSG00000077150	SIMPLE_AND	INCONSISTENT	GM12878
ENSG00000077232	COMPLEX	SIMPLE_AND	K562
ENSG00000077238	BIVALENT	INCONSISTENT	NEITHER
ENSG00000077327	REPRESSED	NULL	NEITHER
ENSG00000077420	SIMPLE_AND	NULL	GM12878
ENSG00000077522	NULL	REPRESSED	NEITHER
ENSG00000077713	SIMPLE_AND	INCONSISTENT	GM12878
ENSG00000077800	NULL	REPRESSED	NEITHER
ENSG00000077943	REPRESSED	NULL	NEITHER
ENSG00000078018	NULL	INCONSISTENT	NEITHER
ENSG00000078043	SIMPLE_AND	INCONSISTENT	GM12878
ENSG00000078053	REPRESSED	NULL	NEITHER
ENSG00000078070	SIMPLE_OR	BIVALENT	NEITHER
ENSG00000078081	SIMPLE_AND	INCONSISTENT	GM12878
ENSG00000078098	REPRESSED	NULL	NEITHER
ENSG00000078114	REPRESSED	NULL	NEITHER
ENSG00000078124	SIMPLE_AND	INCONSISTENT	GM12878
ENSG00000078177	SIMPLE_AND	INCONSISTENT	GM12878
ENSG00000078246	SIMPLE_AND	INCONSISTENT	GM12878
ENSG00000078269	BIVALENT	SIMPLE_AND	K562
ENSG00000078319	SIMPLE_AND	INCONSISTENT	GM12878
ENSG00000078401	SIMPLE_AND	REPRESSED	GM12878
ENSG00000078487	SIMPLE_AND	INCONSISTENT	GM12878
ENSG00000078579	REPRESSED	NULL	NEITHER
ENSG00000078589	COMPLEX	NULL	NEITHER
ENSG00000078699	SIMPLE_AND	INCONSISTENT	GM12878
ENSG00000078804	SIMPLE_AND	INCONSISTENT	GM12878
ENSG00000078808	SIMPLE_AND	COMPLEX	GM12878
ENSG00000078900	SIMPLE_AND	BIVALENT	GM12878
ENSG00000079101	NULL	INCONSISTENT	NEITHER
ENSG00000079102	REPRESSED	NULL	NEITHER
ENSG00000079112	INCONSISTENT	NULL	NEITHER
ENSG00000079150	SIMPLE_AND	INCONSISTENT	GM12878
ENSG00000079156	BIVALENT	SIMPLE_AND	K562
ENSG00000079257	SIMPLE_AND	NULL	GM12878
ENSG00000079263	SIMPLE_AND	NULL	GM12878
ENSG00000079308	SIMPLE_OR	NULL	NEITHER
ENSG00000079332	SIMPLE_AND	COMPLEX	GM12878
ENSG00000079335	NULL	SIMPLE_OR	NEITHER
ENSG00000079337	BIVALENT	INCONSISTENT	NEITHER
ENSG00000079393	INCONSISTENT	SIMPLE_AND	K562
ENSG00000079459	NULL	SIMPLE_AND	K562
ENSG00000079482	NULL	INCONSISTENT	NEITHER
ENSG00000079691	SIMPLE_AND	INCONSISTENT	GM12878
ENSG00000079739	SIMPLE_AND	BIVALENT	GM12878
ENSG00000079785	COMPLEX	SIMPLE_AND	K562
ENSG00000079841	REPRESSED	NULL	NEITHER
ENSG00000079931	SIMPLE_AND	INCONSISTENT	GM12878
ENSG00000079950	SIMPLE_AND	INCONSISTENT	GM12878
ENSG00000079974	SIMPLE_OR	INCONSISTENT	NEITHER
ENSG00000080031	NULL	SIMPLE_AND	K562
ENSG00000080200	SIMPLE_AND	BIVALENT	GM12878
ENSG00000080298	SIMPLE_AND	INCONSISTENT	GM12878
ENSG00000080371	COMPLEX	SIMPLE_AND	K562
ENSG00000080546	SIMPLE_AND	INCONSISTENT	GM12878
ENSG00000080561	REPRESSED	NULL	NEITHER
ENSG00000080573	REPRESSED	NULL	NEITHER
ENSG00000080709	REPRESSED	NULL	NEITHER
ENSG00000080823	SIMPLE_OR	INCONSISTENT	NEITHER
ENSG00000080839	COMPLEX	SIMPLE_AND	K562
ENSG00000080845	REPRESSED	NULL	NEITHER
ENSG00000080854	BIVALENT	NULL	NEITHER
ENSG00000081014	SIMPLE_AND	INCONSISTENT	GM12878
ENSG00000081026	BIVALENT	INCONSISTENT	NEITHER
ENSG00000081041	REPRESSED	INCONSISTENT	NEITHER
ENSG00000081052	INCONSISTENT	NULL	NEITHER
ENSG00000081059	BIVALENT	SIMPLE_AND	K562
ENSG00000081177	SIMPLE_AND	INCONSISTENT	GM12878
ENSG00000081181	SIMPLE_OR	SIMPLE_AND	K562
ENSG00000081237	SIMPLE_AND	INCONSISTENT	GM12878
ENSG00000081248	INCONSISTENT	NULL	NEITHER
ENSG00000081277	NULL	REPRESSED	NEITHER
ENSG00000081320	SIMPLE_AND	NULL	GM12878
ENSG00000081377	BIVALENT	INCONSISTENT	NEITHER
ENSG00000081386	SIMPLE_AND	INCONSISTENT	GM12878
ENSG00000081665	SIMPLE_AND	NULL	GM12878
ENSG00000081760	SIMPLE_AND	INCONSISTENT	GM12878
ENSG00000081853	NULL	BIVALENT	NEITHER
ENSG00000081923	BIVALENT	INCONSISTENT	NEITHER
ENSG00000081985	REPRESSED	NULL	NEITHER
ENSG00000082014	NULL	BIVALENT	NEITHER
ENSG00000082068	SIMPLE_OR	SIMPLE_AND	K562
ENSG00000082074	COMPLEX	NULL	NEITHER
ENSG00000082175	REPRESSED	INCONSISTENT	NEITHER
ENSG00000082258	COMPLEX	SIMPLE_AND	K562
ENSG00000082293	SIMPLE_AND	INCONSISTENT	GM12878
ENSG00000082438	BIVALENT	INCONSISTENT	NEITHER
ENSG00000082512	SIMPLE_AND	INCONSISTENT	GM12878
ENSG00000082684	REPRESSED	INCONSISTENT	NEITHER
ENSG00000082781	INCONSISTENT	NULL	NEITHER
ENSG00000082805	BIVALENT	INCONSISTENT	NEITHER
ENSG00000082929	REPRESSED	NULL	NEITHER
ENSG00000083067	REPRESSED	NULL	NEITHER
ENSG00000083097	COMPLEX	INCONSISTENT	NEITHER
ENSG00000083099	SIMPLE_AND	INCONSISTENT	GM12878
ENSG00000083123	COMPLEX	INCONSISTENT	NEITHER
ENSG00000083290	INCONSISTENT	NULL	NEITHER
ENSG00000083454	COMPLEX	INCONSISTENT	NEITHER
ENSG00000083535	SIMPLE_AND	INCONSISTENT	GM12878
ENSG00000083544	SIMPLE_AND	INCONSISTENT	GM12878
ENSG00000083635	SIMPLE_AND	INCONSISTENT	GM12878
ENSG00000083750	SIMPLE_AND	INCONSISTENT	GM12878
ENSG00000083782	REPRESSED	NULL	NEITHER
ENSG00000083799	SIMPLE_AND	INCONSISTENT	GM12878
ENSG00000083814	SIMPLE_AND	INCONSISTENT	GM12878
ENSG00000083817	COMPLEX	INCONSISTENT	NEITHER
ENSG00000083838	SIMPLE_AND	INCONSISTENT	GM12878
ENSG00000083857	NULL	BIVALENT	NEITHER
ENSG00000083937	SIMPLE_AND	INCONSISTENT	GM12878
ENSG00000084092	COMPLEX	SIMPLE_AND	K562
ENSG00000084093	SIMPLE_AND	BIVALENT	GM12878
ENSG00000084112	SIMPLE_AND	INCONSISTENT	GM12878
ENSG00000084444	BIVALENT	INCONSISTENT	NEITHER
ENSG00000084453	NULL	INCONSISTENT	NEITHER
ENSG00000084628	REPRESSED	BIVALENT	NEITHER
ENSG00000084636	SIMPLE_OR	NULL	NEITHER
ENSG00000084693	SIMPLE_OR	NULL	NEITHER
ENSG00000084731	SIMPLE_OR	INCONSISTENT	NEITHER
ENSG00000084734	REPRESSED	INCONSISTENT	NEITHER
ENSG00000084754	COMPLEX	SIMPLE_AND	K562
ENSG00000084764	SIMPLE_OR	SIMPLE_AND	K562
ENSG00000085117	SIMPLE_AND	INCONSISTENT	GM12878
ENSG00000085185	SIMPLE_OR	INCONSISTENT	NEITHER
ENSG00000085265	REPRESSED	NULL	NEITHER
ENSG00000085276	REPRESSED	BIVALENT	NEITHER
ENSG00000085377	COMPLEX	NULL	NEITHER
ENSG00000085382	SIMPLE_AND	INCONSISTENT	GM12878
ENSG00000085433	SIMPLE_AND	INCONSISTENT	GM12878
ENSG00000085491	BIVALENT	SIMPLE_AND	K562
ENSG00000085514	SIMPLE_OR	NULL	NEITHER
ENSG00000085552	REPRESSED	INCONSISTENT	NEITHER
ENSG00000085644	SIMPLE_AND	INCONSISTENT	GM12878
ENSG00000085662	SIMPLE_AND	NULL	GM12878
ENSG00000085733	SIMPLE_OR	SIMPLE_AND	K562
ENSG00000085741	BIVALENT	NULL	NEITHER
ENSG00000085831	REPRESSED	INCONSISTENT	NEITHER
ENSG00000085982	SIMPLE_AND	INCONSISTENT	GM12878
ENSG00000086065	COMPLEX	SIMPLE_AND	K562
ENSG00000086159	REPRESSED	INCONSISTENT	NEITHER
ENSG00000086289	SIMPLE_AND	INCONSISTENT	GM12878
ENSG00000086300	SIMPLE_AND	INCONSISTENT	GM12878
ENSG00000086506	REPRESSED	INCONSISTENT	NEITHER
ENSG00000086544	SIMPLE_AND	INCONSISTENT	GM12878
ENSG00000086619	SIMPLE_AND	INCONSISTENT	GM12878
ENSG00000086717	SIMPLE_AND	INCONSISTENT	GM12878
ENSG00000087008	SIMPLE_AND	INCONSISTENT	GM12878
ENSG00000087076	SIMPLE_AND	INCONSISTENT	GM12878
ENSG00000087085	BIVALENT	INCONSISTENT	NEITHER
ENSG00000087116	NULL	INCONSISTENT	NEITHER
ENSG00000087245	NULL	REPRESSED	NEITHER
ENSG00000087250	BIVALENT	NULL	NEITHER
ENSG00000087253	REPRESSED	INCONSISTENT	NEITHER
ENSG00000087258	REPRESSED	BIVALENT	NEITHER
ENSG00000087266	SIMPLE_OR	INCONSISTENT	NEITHER
ENSG00000087274	COMPLEX	SIMPLE_AND	K562
ENSG00000087299	SIMPLE_AND	INCONSISTENT	GM12878
ENSG00000087301	SIMPLE_AND	INCONSISTENT	GM12878
ENSG00000087303	REPRESSED	BIVALENT	NEITHER
ENSG00000087470	COMPLEX	SIMPLE_AND	K562
ENSG00000087494	REPRESSED	NULL	NEITHER
ENSG00000087510	REPRESSED	INCONSISTENT	NEITHER
ENSG00000087589	INCONSISTENT	SIMPLE_AND	K562
ENSG00000087842	SIMPLE_AND	INCONSISTENT	GM12878
ENSG00000088035	SIMPLE_AND	INCONSISTENT	GM12878
ENSG00000088053	NULL	INCONSISTENT	NEITHER
ENSG00000088256	SIMPLE_OR	SIMPLE_AND	K562
ENSG00000088280	BIVALENT	SIMPLE_AND	K562
ENSG00000088298	SIMPLE_AND	INCONSISTENT	GM12878
ENSG00000088305	BIVALENT	SIMPLE_AND	K562
ENSG00000088356	SIMPLE_AND	INCONSISTENT	GM12878
ENSG00000088367	BIVALENT	INCONSISTENT	NEITHER
ENSG00000088538	REPRESSED	INCONSISTENT	NEITHER
ENSG00000088543	SIMPLE_AND	INCONSISTENT	GM12878
ENSG00000088726	INCONSISTENT	NULL	NEITHER
ENSG00000088727	SIMPLE_AND	INCONSISTENT	GM12878
ENSG00000088808	SIMPLE_AND	BIVALENT	GM12878
ENSG00000088826	NULL	INCONSISTENT	NEITHER
ENSG00000088836	BIVALENT	INCONSISTENT	NEITHER
ENSG00000088854	SIMPLE_OR	INCONSISTENT	NEITHER
ENSG00000088876	BIVALENT	INCONSISTENT	NEITHER
ENSG00000088881	REPRESSED	BIVALENT	NEITHER
ENSG00000088882	BIVALENT	INCONSISTENT	NEITHER
ENSG00000088899	BIVALENT	INCONSISTENT	NEITHER
ENSG00000088970	SIMPLE_AND	INCONSISTENT	GM12878
ENSG00000088992	BIVALENT	INCONSISTENT	NEITHER
ENSG00000089012	REPRESSED	NULL	NEITHER
ENSG00000089041	SIMPLE_AND	NULL	GM12878
ENSG00000089048	SIMPLE_AND	INCONSISTENT	GM12878
ENSG00000089050	SIMPLE_AND	INCONSISTENT	GM12878
ENSG00000089057	REPRESSED	NULL	NEITHER
ENSG00000089091	SIMPLE_AND	INCONSISTENT	GM12878
ENSG00000089123	SIMPLE_OR	INCONSISTENT	NEITHER
ENSG00000089127	SIMPLE_AND	NULL	GM12878
ENSG00000089159	BIVALENT	SIMPLE_AND	K562
ENSG00000089169	NULL	REPRESSED	NEITHER
ENSG00000089177	SIMPLE_AND	INCONSISTENT	GM12878
ENSG00000089195	SIMPLE_AND	INCONSISTENT	GM12878
ENSG00000089199	REPRESSED	INCONSISTENT	NEITHER
ENSG00000089327	BIVALENT	SIMPLE_AND	K562
ENSG00000089335	COMPLEX	NULL	NEITHER
ENSG00000089356	NULL	INCONSISTENT	NEITHER
ENSG00000089472	NULL	SIMPLE_AND	K562
ENSG00000089486	BIVALENT	NULL	NEITHER
ENSG00000089639	SIMPLE_AND	INCONSISTENT	GM12878
ENSG00000089682	SIMPLE_AND	INCONSISTENT	GM12878
ENSG00000089692	SIMPLE_AND	NULL	GM12878
ENSG00000089723	SIMPLE_OR	INCONSISTENT	NEITHER
ENSG00000089775	SIMPLE_AND	INCONSISTENT	GM12878
ENSG00000089847	SIMPLE_AND	INCONSISTENT	GM12878
ENSG00000090097	SIMPLE_AND	INCONSISTENT	GM12878
ENSG00000090104	SIMPLE_AND	NULL	GM12878
ENSG00000090376	SIMPLE_AND	NULL	GM12878
ENSG00000090382	NULL	SIMPLE_AND	K562
ENSG00000090512	NULL	REPRESSED	NEITHER
ENSG00000090530	BIVALENT	NULL	NEITHER
ENSG00000090534	REPRESSED	BIVALENT	NEITHER
ENSG00000090539	REPRESSED	BIVALENT	NEITHER
ENSG00000090554	SIMPLE_AND	INCONSISTENT	GM12878
ENSG00000090565	SIMPLE_OR	INCONSISTENT	NEITHER
ENSG00000090661	SIMPLE_OR	INCONSISTENT	NEITHER
ENSG00000090674	SIMPLE_OR	SIMPLE_AND	K562
ENSG00000090932	BIVALENT	INCONSISTENT	NEITHER
ENSG00000090975	BIVALENT	INCONSISTENT	NEITHER
ENSG00000091010	NULL	REPRESSED	NEITHER
ENSG00000091073	NULL	SIMPLE_OR	NEITHER
ENSG00000091106	INCONSISTENT	NULL	NEITHER
ENSG00000091129	BIVALENT	INCONSISTENT	NEITHER
ENSG00000091136	REPRESSED	SIMPLE_AND	K562
ENSG00000091137	BIVALENT	INCONSISTENT	NEITHER
ENSG00000091157	SIMPLE_AND	INCONSISTENT	GM12878
ENSG00000091409	REPRESSED	BIVALENT	NEITHER
ENSG00000091428	NULL	REPRESSED	NEITHER
ENSG00000091490	BIVALENT	SIMPLE_AND	K562
ENSG00000091622	REPRESSED	INCONSISTENT	NEITHER
ENSG00000091640	SIMPLE_AND	INCONSISTENT	GM12878
ENSG00000091656	BIVALENT	INCONSISTENT	NEITHER
ENSG00000091664	REPRESSED	NULL	NEITHER
ENSG00000091831	REPRESSED	NULL	NEITHER
ENSG00000091844	BIVALENT	NULL	NEITHER
ENSG00000091972	SIMPLE_AND	NULL	GM12878
ENSG00000092020	SIMPLE_AND	INCONSISTENT	GM12878
ENSG00000092051	SIMPLE_OR	NULL	NEITHER
ENSG00000092054	NULL	INCONSISTENT	NEITHER
ENSG00000092068	REPRESSED	NULL	NEITHER
ENSG00000092096	REPRESSED	BIVALENT	NEITHER
ENSG00000092199	COMPLEX	SIMPLE_AND	K562
ENSG00000092330	SIMPLE_AND	INCONSISTENT	GM12878
ENSG00000092421	BIVALENT	NULL	NEITHER
ENSG00000092445	BIVALENT	SIMPLE_AND	K562
ENSG00000092607	REPRESSED	COMPLEX	NEITHER
ENSG00000092621	INCONSISTENT	BIVALENT	NEITHER
ENSG00000092758	REPRESSED	INCONSISTENT	NEITHER
ENSG00000092847	NULL	SIMPLE_AND	K562
ENSG00000092871	COMPLEX	SIMPLE_AND	K562
ENSG00000092931	COMPLEX	SIMPLE_AND	K562
ENSG00000092969	BIVALENT	INCONSISTENT	NEITHER
ENSG00000092978	SIMPLE_AND	INCONSISTENT	GM12878
ENSG00000093072	SIMPLE_AND	NULL	GM12878
ENSG00000094661	NULL	REPRESSED	NEITHER
ENSG00000094841	SIMPLE_AND	INCONSISTENT	GM12878
ENSG00000095203	REPRESSED	INCONSISTENT	NEITHER
ENSG00000095303	SIMPLE_AND	INCONSISTENT	GM12878
ENSG00000095370	SIMPLE_AND	INCONSISTENT	GM12878
ENSG00000095383	SIMPLE_AND	INCONSISTENT	GM12878
ENSG00000095397	BIVALENT	INCONSISTENT	NEITHER
ENSG00000095539	SIMPLE_OR	INCONSISTENT	NEITHER
ENSG00000095574	SIMPLE_AND	INCONSISTENT	GM12878
ENSG00000095585	SIMPLE_AND	REPRESSED	GM12878
ENSG00000095587	BIVALENT	INCONSISTENT	NEITHER
ENSG00000095596	REPRESSED	INCONSISTENT	NEITHER
ENSG00000095637	SIMPLE_OR	INCONSISTENT	NEITHER
ENSG00000095713	REPRESSED	NULL	NEITHER
ENSG00000095739	BIVALENT	INCONSISTENT	NEITHER
ENSG00000095752	REPRESSED	BIVALENT	NEITHER
ENSG00000095777	REPRESSED	NULL	NEITHER
ENSG00000095932	NULL	BIVALENT	NEITHER
ENSG00000095970	NULL	REPRESSED	NEITHER
ENSG00000095981	REPRESSED	NULL	NEITHER
ENSG00000096070	SIMPLE_AND	INCONSISTENT	GM12878
ENSG00000096088	NULL	REPRESSED	NEITHER
ENSG00000096092	SIMPLE_AND	INCONSISTENT	GM12878
ENSG00000096093	SIMPLE_AND	INCONSISTENT	GM12878
ENSG00000096264	INCONSISTENT	REPRESSED	NEITHER
ENSG00000096395	NULL	REPRESSED	NEITHER
ENSG00000096654	SIMPLE_AND	INCONSISTENT	GM12878
ENSG00000096717	SIMPLE_AND	INCONSISTENT	GM12878
ENSG00000096872	SIMPLE_AND	INCONSISTENT	GM12878
ENSG00000096996	SIMPLE_AND	INCONSISTENT	GM12878
ENSG00000099139	REPRESSED	NULL	NEITHER
ENSG00000099204	REPRESSED	NULL	NEITHER
ENSG00000099219	NULL	SIMPLE_AND	K562
ENSG00000099250	BIVALENT	INCONSISTENT	NEITHER
ENSG00000099251	SIMPLE_AND	NULL	GM12878
ENSG00000099256	SIMPLE_OR	INCONSISTENT	NEITHER
ENSG00000099260	NULL	INCONSISTENT	NEITHER
ENSG00000099282	SIMPLE_OR	INCONSISTENT	NEITHER
ENSG00000099308	SIMPLE_AND	INCONSISTENT	GM12878
ENSG00000099326	SIMPLE_AND	INCONSISTENT	GM12878
ENSG00000099338	SIMPLE_AND	INCONSISTENT	GM12878
ENSG00000099377	NULL	INCONSISTENT	NEITHER
ENSG00000099385	SIMPLE_AND	INCONSISTENT	GM12878
ENSG00000099399	NULL	SIMPLE_AND	K562
ENSG00000099625	BIVALENT	INCONSISTENT	NEITHER
ENSG00000099785	SIMPLE_AND	INCONSISTENT	GM12878
ENSG00000099810	BIVALENT	NULL	NEITHER
ENSG00000099814	BIVALENT	INCONSISTENT	NEITHER
ENSG00000099822	REPRESSED	INCONSISTENT	NEITHER
ENSG00000099840	SIMPLE_AND	INCONSISTENT	GM12878
ENSG00000099860	SIMPLE_AND	INCONSISTENT	GM12878
ENSG00000099864	NULL	INCONSISTENT	NEITHER
ENSG00000099866	INCONSISTENT	COMPLEX	NEITHER
ENSG00000099869	REPRESSED	NULL	NEITHER
ENSG00000099889	BIVALENT	SIMPLE_AND	K562
ENSG00000099904	SIMPLE_AND	SIMPLE_OR	GM12878
ENSG00000099958	SIMPLE_AND	INCONSISTENT	GM12878
ENSG00000099960	NULL	REPRESSED	NEITHER
ENSG00000099985	INCONSISTENT	NULL	NEITHER
ENSG00000099992	SIMPLE_AND	INCONSISTENT	GM12878
ENSG00000099994	NULL	REPRESSED	NEITHER
ENSG00000099998	INCONSISTENT	NULL	NEITHER
ENSG00000099999	SIMPLE_AND	INCONSISTENT	GM12878
ENSG00000100003	BIVALENT	NULL	NEITHER
ENSG00000100012	NULL	REPRESSED	NEITHER
ENSG00000100027	SIMPLE_AND	BIVALENT	GM12878
ENSG00000100030	COMPLEX	SIMPLE_AND	K562
ENSG00000100031	SIMPLE_OR	INCONSISTENT	NEITHER
ENSG00000100034	SIMPLE_AND	COMPLEX	GM12878
ENSG00000100036	SIMPLE_AND	INCONSISTENT	GM12878
ENSG00000100055	SIMPLE_AND	NULL	GM12878
ENSG00000100060	SIMPLE_AND	NULL	GM12878
ENSG00000100065	BIVALENT	INCONSISTENT	NEITHER
ENSG00000100068	SIMPLE_AND	INCONSISTENT	GM12878
ENSG00000100077	SIMPLE_AND	INCONSISTENT	GM12878
ENSG00000100092	SIMPLE_AND	SIMPLE_OR	GM12878
ENSG00000100100	SIMPLE_AND	INCONSISTENT	GM12878
ENSG00000100105	SIMPLE_AND	INCONSISTENT	GM12878
ENSG00000100116	BIVALENT	SIMPLE_AND	K562
ENSG00000100121	NULL	REPRESSED	NEITHER
ENSG00000100122	NULL	INCONSISTENT	NEITHER
ENSG00000100124	SIMPLE_AND	INCONSISTENT	GM12878
ENSG00000100150	SIMPLE_AND	INCONSISTENT	GM12878
ENSG00000100151	SIMPLE_AND	INCONSISTENT	GM12878
ENSG00000100154	BIVALENT	INCONSISTENT	NEITHER
ENSG00000100156	REPRESSED	NULL	NEITHER
ENSG00000100170	REPRESSED	NULL	NEITHER
ENSG00000100206	SIMPLE_AND	INCONSISTENT	GM12878
ENSG00000100207	REPRESSED	SIMPLE_OR	NEITHER
ENSG00000100209	SIMPLE_AND	INCONSISTENT	GM12878
ENSG00000100211	SIMPLE_AND	INCONSISTENT	GM12878
ENSG00000100218	INCONSISTENT	REPRESSED	NEITHER
ENSG00000100228	INCONSISTENT	REPRESSED	NEITHER
ENSG00000100234	REPRESSED	INCONSISTENT	NEITHER
ENSG00000100242	SIMPLE_OR	SIMPLE_AND	K562
ENSG00000100243	COMPLEX	SIMPLE_OR	NEITHER
ENSG00000100246	SIMPLE_OR	INCONSISTENT	NEITHER
ENSG00000100263	SIMPLE_AND	INCONSISTENT	GM12878
ENSG00000100271	SIMPLE_AND	INCONSISTENT	GM12878
ENSG00000100288	NULL	INCONSISTENT	NEITHER
ENSG00000100290	COMPLEX	BIVALENT	NEITHER
ENSG00000100292	SIMPLE_AND	INCONSISTENT	GM12878
ENSG00000100298	SIMPLE_AND	NULL	GM12878
ENSG00000100299	SIMPLE_AND	INCONSISTENT	GM12878
ENSG00000100300	SIMPLE_OR	SIMPLE_AND	K562
ENSG00000100302	BIVALENT	INCONSISTENT	NEITHER
ENSG00000100307	BIVALENT	INCONSISTENT	NEITHER
ENSG00000100311	REPRESSED	INCONSISTENT	NEITHER
ENSG00000100312	NULL	REPRESSED	NEITHER
ENSG00000100319	SIMPLE_AND	INCONSISTENT	GM12878
ENSG00000100320	BIVALENT	SIMPLE_AND	K562
ENSG00000100330	SIMPLE_AND	INCONSISTENT	GM12878
ENSG00000100335	NULL	SIMPLE_OR	NEITHER
ENSG00000100341	REPRESSED	NULL	NEITHER
ENSG00000100342	SIMPLE_AND	INCONSISTENT	GM12878
ENSG00000100351	SIMPLE_AND	NULL	GM12878
ENSG00000100360	SIMPLE_AND	INCONSISTENT	GM12878
ENSG00000100362	REPRESSED	NULL	NEITHER
ENSG00000100364	SIMPLE_AND	INCONSISTENT	GM12878
ENSG00000100365	SIMPLE_AND	NULL	GM12878
ENSG00000100368	SIMPLE_AND	NULL	GM12878
ENSG00000100379	SIMPLE_OR	INCONSISTENT	NEITHER
ENSG00000100387	SIMPLE_AND	INCONSISTENT	GM12878
ENSG00000100422	SIMPLE_AND	SIMPLE_OR	GM12878
ENSG00000100425	SIMPLE_AND	INCONSISTENT	GM12878
ENSG00000100427	REPRESSED	INCONSISTENT	NEITHER
ENSG00000100429	SIMPLE_AND	INCONSISTENT	GM12878
ENSG00000100433	REPRESSED	NULL	NEITHER
ENSG00000100439	SIMPLE_AND	INCONSISTENT	GM12878
ENSG00000100441	SIMPLE_AND	INCONSISTENT	GM12878
ENSG00000100442	SIMPLE_AND	INCONSISTENT	GM12878
ENSG00000100445	SIMPLE_AND	INCONSISTENT	GM12878
ENSG00000100473	SIMPLE_OR	SIMPLE_AND	K562
ENSG00000100478	SIMPLE_AND	INCONSISTENT	GM12878
ENSG00000100483	SIMPLE_AND	INCONSISTENT	GM12878
ENSG00000100485	SIMPLE_AND	INCONSISTENT	GM12878
ENSG00000100503	SIMPLE_AND	INCONSISTENT	GM12878
ENSG00000100504	BIVALENT	INCONSISTENT	NEITHER
ENSG00000100505	BIVALENT	NULL	NEITHER
ENSG00000100523	SIMPLE_AND	INCONSISTENT	GM12878
ENSG00000100532	SIMPLE_AND	INCONSISTENT	GM12878
ENSG00000100557	INCONSISTENT	NULL	NEITHER
ENSG00000100558	NULL	INCONSISTENT	NEITHER
ENSG00000100565	NULL	REPRESSED	NEITHER
ENSG00000100577	SIMPLE_AND	INCONSISTENT	GM12878
ENSG00000100592	SIMPLE_AND	INCONSISTENT	GM12878
ENSG00000100599	BIVALENT	INCONSISTENT	NEITHER
ENSG00000100600	COMPLEX	INCONSISTENT	NEITHER
ENSG00000100601	SIMPLE_AND	INCONSISTENT	GM12878
ENSG00000100625	BIVALENT	INCONSISTENT	NEITHER
ENSG00000100626	REPRESSED	BIVALENT	NEITHER
ENSG00000100628	SIMPLE_AND	REPRESSED	GM12878
ENSG00000100647	SIMPLE_AND	INCONSISTENT	GM12878
ENSG00000100678	BIVALENT	NULL	NEITHER
ENSG00000100721	INCONSISTENT	REPRESSED	NEITHER
ENSG00000100731	SIMPLE_AND	INCONSISTENT	GM12878
ENSG00000100767	BIVALENT	NULL	NEITHER
ENSG00000100784	SIMPLE_AND	INCONSISTENT	GM12878
ENSG00000100842	REPRESSED	INCONSISTENT	NEITHER
ENSG00000100852	COMPLEX	SIMPLE_AND	K562
ENSG00000100867	INCONSISTENT	NULL	NEITHER
ENSG00000100908	SIMPLE_AND	INCONSISTENT	GM12878
ENSG00000100916	SIMPLE_AND	INCONSISTENT	GM12878
ENSG00000100918	SIMPLE_AND	NULL	GM12878
ENSG00000100926	SIMPLE_AND	INCONSISTENT	GM12878
ENSG00000100934	COMPLEX	SIMPLE_OR	NEITHER
ENSG00000100941	SIMPLE_AND	INCONSISTENT	GM12878
ENSG00000100968	SIMPLE_AND	INCONSISTENT	GM12878
ENSG00000100985	INCONSISTENT	REPRESSED	NEITHER
ENSG00000100987	REPRESSED	NULL	NEITHER
ENSG00000100994	SIMPLE_AND	INCONSISTENT	GM12878
ENSG00000100997	SIMPLE_AND	INCONSISTENT	GM12878
ENSG00000101000	NULL	INCONSISTENT	NEITHER
ENSG00000101004	NULL	BIVALENT	NEITHER
ENSG00000101017	SIMPLE_AND	BIVALENT	GM12878
ENSG00000101049	NULL	INCONSISTENT	NEITHER
ENSG00000101052	COMPLEX	INCONSISTENT	NEITHER
ENSG00000101074	NULL	REPRESSED	NEITHER
ENSG00000101076	NULL	REPRESSED	NEITHER
ENSG00000101082	INCONSISTENT	NULL	NEITHER
ENSG00000101096	REPRESSED	BIVALENT	NEITHER
ENSG00000101098	REPRESSED	NULL	NEITHER
ENSG00000101104	SIMPLE_AND	INCONSISTENT	GM12878
ENSG00000101115	REPRESSED	NULL	NEITHER
ENSG00000101134	REPRESSED	NULL	NEITHER
ENSG00000101144	NULL	REPRESSED	NEITHER
ENSG00000101162	NULL	INCONSISTENT	NEITHER
ENSG00000101180	REPRESSED	BIVALENT	NEITHER
ENSG00000101188	NULL	REPRESSED	NEITHER
ENSG00000101190	BIVALENT	INCONSISTENT	NEITHER
ENSG00000101194	SIMPLE_AND	NULL	GM12878
ENSG00000101200	REPRESSED	NULL	NEITHER
ENSG00000101210	REPRESSED	SIMPLE_OR	NEITHER
ENSG00000101216	SIMPLE_AND	INCONSISTENT	GM12878
ENSG00000101230	REPRESSED	NULL	NEITHER
ENSG00000101236	SIMPLE_OR	SIMPLE_AND	K562
ENSG00000101255	NULL	SIMPLE_OR	NEITHER
ENSG00000101265	SIMPLE_AND	BIVALENT	GM12878
ENSG00000101280	NULL	REPRESSED	NEITHER
ENSG00000101282	REPRESSED	NULL	NEITHER
ENSG00000101290	SIMPLE_AND	INCONSISTENT	GM12878
ENSG00000101292	REPRESSED	NULL	NEITHER
ENSG00000101298	BIVALENT	INCONSISTENT	NEITHER
ENSG00000101307	COMPLEX	NULL	NEITHER
ENSG00000101311	BIVALENT	NULL	NEITHER
ENSG00000101327	REPRESSED	NULL	NEITHER
ENSG00000101333	NULL	INCONSISTENT	NEITHER
ENSG00000101336	BIVALENT	REPRESSED	NEITHER
ENSG00000101342	INCONSISTENT	NULL	NEITHER
ENSG00000101349	REPRESSED	NULL	NEITHER
ENSG00000101350	COMPLEX	INCONSISTENT	NEITHER
ENSG00000101353	SIMPLE_AND	INCONSISTENT	GM12878
ENSG00000101363	SIMPLE_AND	INCONSISTENT	GM12878
ENSG00000101384	BIVALENT	INCONSISTENT	NEITHER
ENSG00000101400	INCONSISTENT	SIMPLE_AND	K562
ENSG00000101412	SIMPLE_AND	INCONSISTENT	GM12878
ENSG00000101417	SIMPLE_AND	INCONSISTENT	GM12878
ENSG00000101443	REPRESSED	NULL	NEITHER
ENSG00000101444	REPRESSED	SIMPLE_OR	NEITHER
ENSG00000101445	SIMPLE_AND	INCONSISTENT	GM12878
ENSG00000101463	REPRESSED	NULL	NEITHER
ENSG00000101474	SIMPLE_AND	INCONSISTENT	GM12878
ENSG00000101489	REPRESSED	NULL	NEITHER
ENSG00000101493	SIMPLE_AND	INCONSISTENT	GM12878
ENSG00000101546	SIMPLE_AND	INCONSISTENT	GM12878
ENSG00000101574	SIMPLE_AND	INCONSISTENT	GM12878
ENSG00000101638	REPRESSED	NULL	NEITHER
ENSG00000101665	SIMPLE_AND	INCONSISTENT	GM12878
ENSG00000101670	REPRESSED	BIVALENT	NEITHER
ENSG00000101695	INCONSISTENT	BIVALENT	NEITHER
ENSG00000101746	BIVALENT	NULL	NEITHER
ENSG00000101751	SIMPLE_AND	INCONSISTENT	GM12878
ENSG00000101752	SIMPLE_AND	COMPLEX	GM12878
ENSG00000101773	NULL	SIMPLE_OR	NEITHER
ENSG00000101844	SIMPLE_AND	INCONSISTENT	GM12878
ENSG00000101846	SIMPLE_AND	INCONSISTENT	GM12878
ENSG00000101882	SIMPLE_AND	INCONSISTENT	GM12878
ENSG00000101888	COMPLEX	INCONSISTENT	NEITHER
ENSG00000101898	SIMPLE_AND	INCONSISTENT	GM12878
ENSG00000101928	SIMPLE_AND	INCONSISTENT	GM12878
ENSG00000101935	NULL	REPRESSED	NEITHER
ENSG00000101940	NULL	SIMPLE_AND	K562
ENSG00000101955	REPRESSED	INCONSISTENT	NEITHER
ENSG00000101966	COMPLEX	SIMPLE_AND	K562
ENSG00000101986	SIMPLE_AND	INCONSISTENT	GM12878
ENSG00000102024	BIVALENT	NULL	NEITHER
ENSG00000102032	SIMPLE_OR	SIMPLE_AND	K562
ENSG00000102038	SIMPLE_OR	INCONSISTENT	NEITHER
ENSG00000102043	SIMPLE_OR	INCONSISTENT	NEITHER
ENSG00000102053	NULL	INCONSISTENT	NEITHER
ENSG00000102078	SIMPLE_AND	INCONSISTENT	GM12878
ENSG00000102098	BIVALENT	SIMPLE_AND	K562
ENSG00000102103	SIMPLE_OR	SIMPLE_AND	K562
ENSG00000102125	SIMPLE_AND	INCONSISTENT	GM12878
ENSG00000102145	NULL	SIMPLE_AND	K562
ENSG00000102181	SIMPLE_AND	INCONSISTENT	GM12878
ENSG00000102218	SIMPLE_AND	INCONSISTENT	GM12878
ENSG00000102221	BIVALENT	INCONSISTENT	NEITHER
ENSG00000102241	SIMPLE_AND	INCONSISTENT	GM12878
ENSG00000102271	NULL	INCONSISTENT	NEITHER
ENSG00000102287	NULL	SIMPLE_AND	K562
ENSG00000102302	NULL	INCONSISTENT	NEITHER
ENSG00000102309	SIMPLE_AND	INCONSISTENT	GM12878
ENSG00000102312	SIMPLE_AND	INCONSISTENT	GM12878
ENSG00000102316	SIMPLE_AND	INCONSISTENT	GM12878
ENSG00000102349	SIMPLE_OR	NULL	NEITHER
ENSG00000102359	REPRESSED	NULL	NEITHER
ENSG00000102362	REPRESSED	BIVALENT	NEITHER
ENSG00000102383	COMPLEX	NULL	NEITHER
ENSG00000102390	SIMPLE_AND	INCONSISTENT	GM12878
ENSG00000102401	SIMPLE_AND	INCONSISTENT	GM12878
ENSG00000102409	INCONSISTENT	SIMPLE_AND	K562
ENSG00000102445	NULL	INCONSISTENT	NEITHER
ENSG00000102466	REPRESSED	NULL	NEITHER
ENSG00000102468	NULL	REPRESSED	NEITHER
ENSG00000102471	SIMPLE_OR	SIMPLE_AND	K562
ENSG00000102531	COMPLEX	SIMPLE_AND	K562
ENSG00000102539	NULL	BIVALENT	NEITHER
ENSG00000102543	SIMPLE_AND	INCONSISTENT	GM12878
ENSG00000102547	SIMPLE_AND	INCONSISTENT	GM12878
ENSG00000102554	NULL	REPRESSED	NEITHER
ENSG00000102575	SIMPLE_AND	INCONSISTENT	GM12878
ENSG00000102595	SIMPLE_AND	INCONSISTENT	GM12878
ENSG00000102678	BIVALENT	INCONSISTENT	NEITHER
ENSG00000102738	SIMPLE_AND	INCONSISTENT	GM12878
ENSG00000102780	SIMPLE_AND	INCONSISTENT	GM12878
ENSG00000102781	SIMPLE_AND	INCONSISTENT	GM12878
ENSG00000102796	SIMPLE_AND	INCONSISTENT	GM12878
ENSG00000102805	SIMPLE_AND	INCONSISTENT	GM12878
ENSG00000102870	SIMPLE_OR	INCONSISTENT	NEITHER
ENSG00000102871	SIMPLE_AND	INCONSISTENT	GM12878
ENSG00000102878	BIVALENT	INCONSISTENT	NEITHER
ENSG00000102879	SIMPLE_AND	INCONSISTENT	GM12878
ENSG00000102886	NULL	INCONSISTENT	NEITHER
ENSG00000102891	NULL	REPRESSED	NEITHER
ENSG00000102924	REPRESSED	INCONSISTENT	NEITHER
ENSG00000102934	BIVALENT	INCONSISTENT	NEITHER
ENSG00000102962	SIMPLE_AND	NULL	GM12878
ENSG00000102984	SIMPLE_AND	INCONSISTENT	GM12878
ENSG00000102996	BIVALENT	SIMPLE_AND	K562
ENSG00000103018	NULL	SIMPLE_OR	NEITHER
ENSG00000103034	REPRESSED	BIVALENT	NEITHER
ENSG00000103037	SIMPLE_AND	INCONSISTENT	GM12878
ENSG00000103042	SIMPLE_AND	INCONSISTENT	GM12878
ENSG00000103044	BIVALENT	INCONSISTENT	NEITHER
ENSG00000103056	INCONSISTENT	NULL	NEITHER
ENSG00000103061	SIMPLE_AND	INCONSISTENT	GM12878
ENSG00000103066	SIMPLE_OR	INCONSISTENT	NEITHER
ENSG00000103067	INCONSISTENT	REPRESSED	NEITHER
ENSG00000103091	SIMPLE_OR	SIMPLE_AND	K562
ENSG00000103145	SIMPLE_AND	INCONSISTENT	GM12878
ENSG00000103150	SIMPLE_AND	INCONSISTENT	GM12878
ENSG00000103154	NULL	INCONSISTENT	NEITHER
ENSG00000103160	SIMPLE_OR	SIMPLE_AND	K562
ENSG00000103174	SIMPLE_OR	INCONSISTENT	NEITHER
ENSG00000103184	INCONSISTENT	BIVALENT	NEITHER
ENSG00000103196	REPRESSED	BIVALENT	NEITHER
ENSG00000103199	SIMPLE_AND	INCONSISTENT	GM12878
ENSG00000103200	NULL	REPRESSED	NEITHER
ENSG00000103227	REPRESSED	INCONSISTENT	NEITHER
ENSG00000103241	BIVALENT	NULL	NEITHER
ENSG00000103260	SIMPLE_OR	SIMPLE_AND	K562
ENSG00000103269	NULL	INCONSISTENT	NEITHER
ENSG00000103310	NULL	REPRESSED	NEITHER
ENSG00000103313	NULL	REPRESSED	NEITHER
ENSG00000103343	COMPLEX	INCONSISTENT	NEITHER
ENSG00000103351	SIMPLE_OR	INCONSISTENT	NEITHER
ENSG00000103365	SIMPLE_OR	NULL	NEITHER
ENSG00000103404	SIMPLE_OR	INCONSISTENT	NEITHER
ENSG00000103449	REPRESSED	NULL	NEITHER
ENSG00000103460	REPRESSED	NULL	NEITHER
ENSG00000103472	SIMPLE_AND	INCONSISTENT	GM12878
ENSG00000103489	SIMPLE_OR	BIVALENT	NEITHER
ENSG00000103490	SIMPLE_AND	INCONSISTENT	GM12878
ENSG00000103494	SIMPLE_AND	INCONSISTENT	GM12878
ENSG00000103510	SIMPLE_OR	SIMPLE_AND	K562
ENSG00000103512	NULL	SIMPLE_OR	NEITHER
ENSG00000103522	SIMPLE_AND	REPRESSED	GM12878
ENSG00000103528	SIMPLE_OR	REPRESSED	NEITHER
ENSG00000103534	INCONSISTENT	NULL	NEITHER
ENSG00000103540	SIMPLE_AND	INCONSISTENT	GM12878
ENSG00000103546	NULL	REPRESSED	NEITHER
ENSG00000103599	SIMPLE_AND	INCONSISTENT	GM12878
ENSG00000103642	COMPLEX	INCONSISTENT	NEITHER
ENSG00000103671	SIMPLE_AND	INCONSISTENT	GM12878
ENSG00000103707	SIMPLE_AND	INCONSISTENT	GM12878
ENSG00000103740	NULL	INCONSISTENT	NEITHER
ENSG00000103852	SIMPLE_AND	INCONSISTENT	GM12878
ENSG00000103855	NULL	INCONSISTENT	NEITHER
ENSG00000103942	SIMPLE_AND	COMPLEX	GM12878
ENSG00000103966	SIMPLE_AND	INCONSISTENT	GM12878
ENSG00000104043	BIVALENT	INCONSISTENT	NEITHER
ENSG00000104044	REPRESSED	INCONSISTENT	NEITHER
ENSG00000104055	NULL	REPRESSED	NEITHER
ENSG00000104059	REPRESSED	NULL	NEITHER
ENSG00000104081	SIMPLE_AND	INCONSISTENT	GM12878
ENSG00000104112	NULL	SIMPLE_AND	K562
ENSG00000104140	SIMPLE_AND	INCONSISTENT	GM12878
ENSG00000104177	SIMPLE_AND	INCONSISTENT	GM12878
ENSG00000104205	COMPLEX	INCONSISTENT	NEITHER
ENSG00000104213	REPRESSED	BIVALENT	NEITHER
ENSG00000104218	SIMPLE_AND	INCONSISTENT	GM12878
ENSG00000104219	SIMPLE_AND	INCONSISTENT	GM12878
ENSG00000104231	SIMPLE_OR	SIMPLE_AND	K562
ENSG00000104290	SIMPLE_AND	BIVALENT	GM12878
ENSG00000104324	BIVALENT	INCONSISTENT	NEITHER
ENSG00000104331	BIVALENT	SIMPLE_AND	K562
ENSG00000104341	BIVALENT	SIMPLE_AND	K562
ENSG00000104343	SIMPLE_AND	INCONSISTENT	GM12878
ENSG00000104356	SIMPLE_AND	INCONSISTENT	GM12878
ENSG00000104361	SIMPLE_AND	NULL	GM12878
ENSG00000104369	REPRESSED	BIVALENT	NEITHER
ENSG00000104375	SIMPLE_AND	INCONSISTENT	GM12878
ENSG00000104381	REPRESSED	BIVALENT	NEITHER
ENSG00000104419	NULL	SIMPLE_OR	NEITHER
ENSG00000104427	COMPLEX	INCONSISTENT	NEITHER
ENSG00000104432	SIMPLE_AND	INCONSISTENT	GM12878
ENSG00000104435	REPRESSED	NULL	NEITHER
ENSG00000104450	SIMPLE_AND	INCONSISTENT	GM12878
ENSG00000104490	SIMPLE_AND	INCONSISTENT	GM12878
ENSG00000104497	SIMPLE_AND	INCONSISTENT	GM12878
ENSG00000104518	SIMPLE_AND	INCONSISTENT	GM12878
ENSG00000104524	SIMPLE_AND	INCONSISTENT	GM12878
ENSG00000104537	NULL	REPRESSED	NEITHER
ENSG00000104611	REPRESSED	NULL	NEITHER
ENSG00000104643	SIMPLE_AND	INCONSISTENT	GM12878
ENSG00000104689	SIMPLE_OR	SIMPLE_AND	K562
ENSG00000104714	REPRESSED	NULL	NEITHER
ENSG00000104722	REPRESSED	NULL	NEITHER
ENSG00000104723	NULL	SIMPLE_AND	K562
ENSG00000104728	NULL	INCONSISTENT	NEITHER
ENSG00000104756	COMPLEX	SIMPLE_AND	K562
ENSG00000104760	NULL	INCONSISTENT	NEITHER
ENSG00000104765	COMPLEX	BIVALENT	NEITHER
ENSG00000104783	SIMPLE_AND	SIMPLE_OR	GM12878
ENSG00000104814	SIMPLE_AND	INCONSISTENT	GM12878
ENSG00000104818	NULL	INCONSISTENT	NEITHER
ENSG00000104825	SIMPLE_AND	INCONSISTENT	GM12878
ENSG00000104833	INCONSISTENT	SIMPLE_AND	K562
ENSG00000104848	NULL	INCONSISTENT	NEITHER
ENSG00000104856	SIMPLE_AND	INCONSISTENT	GM12878
ENSG00000104866	SIMPLE_AND	INCONSISTENT	GM12878
ENSG00000104880	SIMPLE_AND	NULL	GM12878
ENSG00000104881	SIMPLE_AND	INCONSISTENT	GM12878
ENSG00000104883	NULL	REPRESSED	NEITHER
ENSG00000104894	SIMPLE_AND	INCONSISTENT	GM12878
ENSG00000104899	REPRESSED	NULL	NEITHER
ENSG00000104901	REPRESSED	INCONSISTENT	NEITHER
ENSG00000104921	SIMPLE_AND	NULL	GM12878
ENSG00000104946	SIMPLE_AND	INCONSISTENT	GM12878
ENSG00000104951	SIMPLE_AND	INCONSISTENT	GM12878
ENSG00000104953	SIMPLE_AND	INCONSISTENT	GM12878
ENSG00000104967	INCONSISTENT	BIVALENT	NEITHER
ENSG00000104970	INCONSISTENT	NULL	NEITHER
ENSG00000104972	COMPLEX	NULL	NEITHER
ENSG00000104976	BIVALENT	SIMPLE_AND	K562
ENSG00000104998	SIMPLE_AND	INCONSISTENT	GM12878
ENSG00000105048	NULL	SIMPLE_AND	K562
ENSG00000105072	SIMPLE_AND	INCONSISTENT	GM12878
ENSG00000105088	REPRESSED	INCONSISTENT	NEITHER
ENSG00000105122	SIMPLE_AND	NULL	GM12878
ENSG00000105131	REPRESSED	NULL	NEITHER
ENSG00000105136	COMPLEX	INCONSISTENT	NEITHER
ENSG00000105186	BIVALENT	SIMPLE_AND	K562
ENSG00000105204	SIMPLE_AND	INCONSISTENT	GM12878
ENSG00000105205	INCONSISTENT	NULL	NEITHER
ENSG00000105219	REPRESSED	NULL	NEITHER
ENSG00000105245	SIMPLE_AND	INCONSISTENT	GM12878
ENSG00000105246	SIMPLE_AND	NULL	GM12878
ENSG00000105248	SIMPLE_AND	INCONSISTENT	GM12878
ENSG00000105251	NULL	INCONSISTENT	NEITHER
ENSG00000105278	NULL	BIVALENT	NEITHER
ENSG00000105290	BIVALENT	INCONSISTENT	NEITHER
ENSG00000105321	SIMPLE_AND	INCONSISTENT	GM12878
ENSG00000105327	SIMPLE_AND	INCONSISTENT	GM12878
ENSG00000105339	SIMPLE_AND	REPRESSED	GM12878
ENSG00000105369	SIMPLE_AND	INCONSISTENT	GM12878
ENSG00000105374	SIMPLE_AND	NULL	GM12878
ENSG00000105376	BIVALENT	SIMPLE_AND	K562
ENSG00000105383	NULL	SIMPLE_AND	K562
ENSG00000105388	NULL	INCONSISTENT	NEITHER
ENSG00000105398	NULL	INCONSISTENT	NEITHER
ENSG00000105401	BIVALENT	SIMPLE_AND	K562
ENSG00000105404	SIMPLE_AND	INCONSISTENT	GM12878
ENSG00000105409	NULL	REPRESSED	NEITHER
ENSG00000105419	REPRESSED	BIVALENT	NEITHER
ENSG00000105426	BIVALENT	SIMPLE_AND	K562
ENSG00000105427	NULL	REPRESSED	NEITHER
ENSG00000105428	REPRESSED	NULL	NEITHER
ENSG00000105429	BIVALENT	INCONSISTENT	NEITHER
ENSG00000105438	BIVALENT	SIMPLE_AND	K562
ENSG00000105464	BIVALENT	SIMPLE_AND	K562
ENSG00000105483	SIMPLE_AND	INCONSISTENT	GM12878
ENSG00000105499	SIMPLE_AND	INCONSISTENT	GM12878
ENSG00000105501	SIMPLE_OR	REPRESSED	NEITHER
ENSG00000105509	NULL	REPRESSED	NEITHER
ENSG00000105514	SIMPLE_AND	INCONSISTENT	GM12878
ENSG00000105516	SIMPLE_AND	INCONSISTENT	GM12878
ENSG00000105520	SIMPLE_OR	INCONSISTENT	NEITHER
ENSG00000105523	SIMPLE_OR	INCONSISTENT	NEITHER
ENSG00000105538	REPRESSED	INCONSISTENT	NEITHER
ENSG00000105549	NULL	REPRESSED	NEITHER
ENSG00000105550	NULL	INCONSISTENT	NEITHER
ENSG00000105559	INCONSISTENT	SIMPLE_AND	K562
ENSG00000105568	COMPLEX	NULL	NEITHER
ENSG00000105609	NULL	REPRESSED	NEITHER
ENSG00000105610	INCONSISTENT	SIMPLE_AND	K562
ENSG00000105613	BIVALENT	INCONSISTENT	NEITHER
ENSG00000105617	SIMPLE_AND	INCONSISTENT	GM12878
ENSG00000105619	SIMPLE_AND	INCONSISTENT	GM12878
ENSG00000105639	SIMPLE_AND	NULL	GM12878
ENSG00000105642	BIVALENT	INCONSISTENT	NEITHER
ENSG00000105649	SIMPLE_AND	INCONSISTENT	GM12878
ENSG00000105655	SIMPLE_OR	SIMPLE_AND	K562
ENSG00000105656	SIMPLE_AND	INCONSISTENT	GM12878
ENSG00000105662	SIMPLE_AND	INCONSISTENT	GM12878
ENSG00000105664	REPRESSED	BIVALENT	NEITHER
ENSG00000105668	NULL	REPRESSED	NEITHER
ENSG00000105677	COMPLEX	SIMPLE_AND	K562
ENSG00000105679	NULL	REPRESSED	NEITHER
ENSG00000105696	REPRESSED	INCONSISTENT	NEITHER
ENSG00000105697	NULL	INCONSISTENT	NEITHER
ENSG00000105698	COMPLEX	SIMPLE_AND	K562
ENSG00000105707	NULL	INCONSISTENT	NEITHER
ENSG00000105708	SIMPLE_AND	INCONSISTENT	GM12878
ENSG00000105711	REPRESSED	INCONSISTENT	NEITHER
ENSG00000105717	SIMPLE_AND	INCONSISTENT	GM12878
ENSG00000105732	REPRESSED	NULL	NEITHER
ENSG00000105737	REPRESSED	NULL	NEITHER
ENSG00000105738	SIMPLE_AND	INCONSISTENT	GM12878
ENSG00000105750	SIMPLE_AND	INCONSISTENT	GM12878
ENSG00000105784	BIVALENT	NULL	NEITHER
ENSG00000105792	BIVALENT	INCONSISTENT	NEITHER
ENSG00000105808	NULL	SIMPLE_OR	NEITHER
ENSG00000105854	SIMPLE_OR	SIMPLE_AND	K562
ENSG00000105855	SIMPLE_AND	INCONSISTENT	GM12878
ENSG00000105875	SIMPLE_AND	INCONSISTENT	GM12878
ENSG00000105889	REPRESSED	SIMPLE_AND	K562
ENSG00000105928	SIMPLE_AND	BIVALENT	GM12878
ENSG00000105929	NULL	REPRESSED	NEITHER
ENSG00000105948	SIMPLE_AND	INCONSISTENT	GM12878
ENSG00000105963	SIMPLE_AND	BIVALENT	GM12878
ENSG00000105976	REPRESSED	BIVALENT	NEITHER
ENSG00000105982	SIMPLE_AND	INCONSISTENT	GM12878
ENSG00000105989	BIVALENT	REPRESSED	NEITHER
ENSG00000105991	INCONSISTENT	BIVALENT	NEITHER
ENSG00000105996	NULL	REPRESSED	NEITHER
ENSG00000105997	BIVALENT	INCONSISTENT	NEITHER
ENSG00000106003	SIMPLE_OR	NULL	NEITHER
ENSG00000106006	BIVALENT	INCONSISTENT	NEITHER
ENSG00000106012	SIMPLE_AND	INCONSISTENT	GM12878
ENSG00000106013	SIMPLE_AND	NULL	GM12878
ENSG00000106018	NULL	REPRESSED	NEITHER
ENSG00000106025	BIVALENT	INCONSISTENT	NEITHER
ENSG00000106031	REPRESSED	BIVALENT	NEITHER
ENSG00000106034	BIVALENT	SIMPLE_AND	K562
ENSG00000106038	REPRESSED	NULL	NEITHER
ENSG00000106066	BIVALENT	INCONSISTENT	NEITHER
ENSG00000106069	REPRESSED	BIVALENT	NEITHER
ENSG00000106070	NULL	SIMPLE_AND	K562
ENSG00000106077	SIMPLE_AND	INCONSISTENT	GM12878
ENSG00000106078	NULL	INCONSISTENT	NEITHER
ENSG00000106080	SIMPLE_AND	INCONSISTENT	GM12878
ENSG00000106086	SIMPLE_AND	INCONSISTENT	GM12878
ENSG00000106089	SIMPLE_OR	INCONSISTENT	NEITHER
ENSG00000106100	SIMPLE_AND	INCONSISTENT	GM12878
ENSG00000106113	REPRESSED	NULL	NEITHER
ENSG00000106123	BIVALENT	SIMPLE_AND	K562
ENSG00000106125	SIMPLE_AND	INCONSISTENT	GM12878
ENSG00000106133	NULL	INCONSISTENT	NEITHER
ENSG00000106144	SIMPLE_AND	COMPLEX	GM12878
ENSG00000106236	REPRESSED	NULL	NEITHER
ENSG00000106246	SIMPLE_AND	INCONSISTENT	GM12878
ENSG00000106258	NULL	INCONSISTENT	NEITHER
ENSG00000106278	REPRESSED	NULL	NEITHER
ENSG00000106299	SIMPLE_AND	INCONSISTENT	GM12878
ENSG00000106327	NULL	SIMPLE_AND	K562
ENSG00000106328	SIMPLE_OR	INCONSISTENT	NEITHER
ENSG00000106330	SIMPLE_AND	INCONSISTENT	GM12878
ENSG00000106341	INCONSISTENT	NULL	NEITHER
ENSG00000106346	SIMPLE_AND	INCONSISTENT	GM12878
ENSG00000106348	SIMPLE_OR	SIMPLE_AND	K562
ENSG00000106351	SIMPLE_AND	INCONSISTENT	GM12878
ENSG00000106366	NULL	INCONSISTENT	NEITHER
ENSG00000106399	REPRESSED	NULL	NEITHER
ENSG00000106404	NULL	INCONSISTENT	NEITHER
ENSG00000106415	SIMPLE_AND	INCONSISTENT	GM12878
ENSG00000106436	NULL	REPRESSED	NEITHER
ENSG00000106477	SIMPLE_AND	COMPLEX	GM12878
ENSG00000106479	SIMPLE_AND	INCONSISTENT	GM12878
ENSG00000106484	SIMPLE_OR	INCONSISTENT	NEITHER
ENSG00000106524	BIVALENT	SIMPLE_AND	K562
ENSG00000106536	NULL	REPRESSED	NEITHER
ENSG00000106537	REPRESSED	SIMPLE_AND	K562
ENSG00000106540	BIVALENT	NULL	NEITHER
ENSG00000106560	SIMPLE_AND	REPRESSED	GM12878
ENSG00000106615	SIMPLE_AND	COMPLEX	GM12878
ENSG00000106624	REPRESSED	INCONSISTENT	NEITHER
ENSG00000106648	NULL	REPRESSED	NEITHER
ENSG00000106665	SIMPLE_AND	INCONSISTENT	GM12878
ENSG00000106686	SIMPLE_AND	NULL	GM12878
ENSG00000106688	SIMPLE_AND	NULL	GM12878
ENSG00000106689	BIVALENT	NULL	NEITHER
ENSG00000106692	SIMPLE_AND	INCONSISTENT	GM12878
ENSG00000106701	SIMPLE_AND	INCONSISTENT	GM12878
ENSG00000106733	SIMPLE_AND	INCONSISTENT	GM12878
ENSG00000106772	REPRESSED	NULL	NEITHER
ENSG00000106789	INCONSISTENT	SIMPLE_AND	K562
ENSG00000106799	BIVALENT	SIMPLE_AND	K562
ENSG00000106803	COMPLEX	SIMPLE_AND	K562
ENSG00000106804	SIMPLE_AND	INCONSISTENT	GM12878
ENSG00000106809	INCONSISTENT	NULL	NEITHER
ENSG00000106819	INCONSISTENT	NULL	NEITHER
ENSG00000106823	INCONSISTENT	NULL	NEITHER
ENSG00000106829	SIMPLE_AND	INCONSISTENT	GM12878
ENSG00000106852	REPRESSED	BIVALENT	NEITHER
ENSG00000106853	INCONSISTENT	NULL	NEITHER
ENSG00000106948	SIMPLE_AND	INCONSISTENT	GM12878
ENSG00000106952	REPRESSED	NULL	NEITHER
ENSG00000106976	SIMPLE_AND	INCONSISTENT	GM12878
ENSG00000106991	SIMPLE_AND	NULL	GM12878
ENSG00000106992	NULL	SIMPLE_AND	K562
ENSG00000106993	SIMPLE_AND	INCONSISTENT	GM12878
ENSG00000107020	SIMPLE_AND	INCONSISTENT	GM12878
ENSG00000107021	SIMPLE_AND	INCONSISTENT	GM12878
ENSG00000107077	SIMPLE_OR	NULL	NEITHER
ENSG00000107104	SIMPLE_AND	INCONSISTENT	GM12878
ENSG00000107105	SIMPLE_OR	NULL	NEITHER
ENSG00000107130	REPRESSED	SIMPLE_OR	NEITHER
ENSG00000107140	SIMPLE_AND	INCONSISTENT	GM12878
ENSG00000107159	REPRESSED	NULL	NEITHER
ENSG00000107175	SIMPLE_AND	INCONSISTENT	GM12878
ENSG00000107185	SIMPLE_AND	INCONSISTENT	GM12878
ENSG00000107186	NULL	INCONSISTENT	NEITHER
ENSG00000107187	NULL	INCONSISTENT	NEITHER
ENSG00000107201	SIMPLE_AND	INCONSISTENT	GM12878
ENSG00000107242	SIMPLE_AND	INCONSISTENT	GM12878
ENSG00000107262	COMPLEX	SIMPLE_AND	K562
ENSG00000107263	SIMPLE_AND	SIMPLE_OR	GM12878
ENSG00000107281	REPRESSED	BIVALENT	NEITHER
ENSG00000107282	BIVALENT	INCONSISTENT	NEITHER
ENSG00000107331	BIVALENT	SIMPLE_OR	NEITHER
ENSG00000107338	BIVALENT	INCONSISTENT	NEITHER
ENSG00000107443	COMPLEX	SIMPLE_AND	K562
ENSG00000107518	SIMPLE_OR	INCONSISTENT	NEITHER
ENSG00000107537	SIMPLE_AND	INCONSISTENT	GM12878
ENSG00000107551	SIMPLE_AND	INCONSISTENT	GM12878
ENSG00000107554	SIMPLE_AND	INCONSISTENT	GM12878
ENSG00000107560	SIMPLE_AND	INCONSISTENT	GM12878
ENSG00000107566	SIMPLE_AND	INCONSISTENT	GM12878
ENSG00000107614	SIMPLE_AND	INCONSISTENT	GM12878
ENSG00000107669	SIMPLE_AND	INCONSISTENT	GM12878
ENSG00000107679	BIVALENT	INCONSISTENT	NEITHER
ENSG00000107719	SIMPLE_AND	BIVALENT	GM12878
ENSG00000107731	REPRESSED	BIVALENT	NEITHER
ENSG00000107738	SIMPLE_AND	INCONSISTENT	GM12878
ENSG00000107742	REPRESSED	NULL	NEITHER
ENSG00000107789	SIMPLE_AND	INCONSISTENT	GM12878
ENSG00000107796	SIMPLE_AND	INCONSISTENT	GM12878
ENSG00000107798	SIMPLE_AND	INCONSISTENT	GM12878
ENSG00000107807	REPRESSED	BIVALENT	NEITHER
ENSG00000107819	BIVALENT	INCONSISTENT	NEITHER
ENSG00000107821	BIVALENT	INCONSISTENT	NEITHER
ENSG00000107829	SIMPLE_AND	INCONSISTENT	GM12878
ENSG00000107859	BIVALENT	INCONSISTENT	NEITHER
ENSG00000107864	SIMPLE_AND	INCONSISTENT	GM12878
ENSG00000107872	SIMPLE_AND	INCONSISTENT	GM12878
ENSG00000107882	SIMPLE_AND	INCONSISTENT	GM12878
ENSG00000107890	SIMPLE_AND	INCONSISTENT	GM12878
ENSG00000107897	SIMPLE_AND	INCONSISTENT	GM12878
ENSG00000107902	SIMPLE_AND	INCONSISTENT	GM12878
ENSG00000107960	SIMPLE_AND	INCONSISTENT	GM12878
ENSG00000107968	SIMPLE_AND	INCONSISTENT	GM12878
ENSG00000107984	REPRESSED	NULL	NEITHER
ENSG00000108001	REPRESSED	NULL	NEITHER
ENSG00000108021	SIMPLE_AND	COMPLEX	GM12878
ENSG00000108175	SIMPLE_OR	SIMPLE_AND	K562
ENSG00000108176	NULL	INCONSISTENT	NEITHER
ENSG00000108187	SIMPLE_AND	INCONSISTENT	GM12878
ENSG00000108231	REPRESSED	NULL	NEITHER
ENSG00000108239	SIMPLE_AND	INCONSISTENT	GM12878
ENSG00000108244	NULL	REPRESSED	NEITHER
ENSG00000108309	REPRESSED	BIVALENT	NEITHER
ENSG00000108344	COMPLEX	SIMPLE_AND	K562
ENSG00000108352	SIMPLE_OR	INCONSISTENT	NEITHER
ENSG00000108370	SIMPLE_AND	BIVALENT	GM12878
ENSG00000108375	SIMPLE_AND	INCONSISTENT	GM12878
ENSG00000108384	SIMPLE_AND	COMPLEX	GM12878
ENSG00000108387	NULL	REPRESSED	NEITHER
ENSG00000108405	SIMPLE_AND	INCONSISTENT	GM12878
ENSG00000108417	NULL	REPRESSED	NEITHER
ENSG00000108511	NULL	INCONSISTENT	NEITHER
ENSG00000108515	SIMPLE_AND	INCONSISTENT	GM12878
ENSG00000108551	BIVALENT	INCONSISTENT	NEITHER
ENSG00000108557	SIMPLE_AND	INCONSISTENT	GM12878
ENSG00000108576	SIMPLE_OR	REPRESSED	NEITHER
ENSG00000108590	SIMPLE_AND	INCONSISTENT	GM12878
ENSG00000108599	SIMPLE_AND	COMPLEX	GM12878
ENSG00000108622	SIMPLE_AND	SIMPLE_OR	GM12878
ENSG00000108641	SIMPLE_AND	INCONSISTENT	GM12878
ENSG00000108666	SIMPLE_AND	INCONSISTENT	GM12878
ENSG00000108669	SIMPLE_AND	INCONSISTENT	GM12878
ENSG00000108684	REPRESSED	NULL	NEITHER
ENSG00000108691	REPRESSED	NULL	NEITHER
ENSG00000108702	REPRESSED	NULL	NEITHER
ENSG00000108733	SIMPLE_AND	INCONSISTENT	GM12878
ENSG00000108759	NULL	REPRESSED	NEITHER
ENSG00000108771	SIMPLE_AND	INCONSISTENT	GM12878
ENSG00000108773	SIMPLE_OR	SIMPLE_AND	K562
ENSG00000108784	SIMPLE_AND	INCONSISTENT	GM12878
ENSG00000108785	INCONSISTENT	NULL	NEITHER
ENSG00000108786	SIMPLE_AND	INCONSISTENT	GM12878
ENSG00000108797	SIMPLE_AND	INCONSISTENT	GM12878
ENSG00000108798	SIMPLE_AND	REPRESSED	GM12878
ENSG00000108828	SIMPLE_OR	SIMPLE_AND	K562
ENSG00000108839	NULL	INCONSISTENT	NEITHER
ENSG00000108846	BIVALENT	REPRESSED	NEITHER
ENSG00000108852	REPRESSED	BIVALENT	NEITHER
ENSG00000108854	SIMPLE_AND	INCONSISTENT	GM12878
ENSG00000108878	NULL	REPRESSED	NEITHER
ENSG00000108924	REPRESSED	BIVALENT	NEITHER
ENSG00000108932	SIMPLE_AND	INCONSISTENT	GM12878
ENSG00000108947	NULL	REPRESSED	NEITHER
ENSG00000108960	SIMPLE_AND	INCONSISTENT	GM12878
ENSG00000108961	SIMPLE_AND	INCONSISTENT	GM12878
ENSG00000108984	SIMPLE_AND	INCONSISTENT	GM12878
ENSG00000109066	SIMPLE_AND	INCONSISTENT	GM12878
ENSG00000109083	SIMPLE_AND	INCONSISTENT	GM12878
ENSG00000109089	BIVALENT	INCONSISTENT	NEITHER
ENSG00000109101	NULL	REPRESSED	NEITHER
ENSG00000109103	SIMPLE_AND	SIMPLE_OR	GM12878
ENSG00000109113	SIMPLE_AND	INCONSISTENT	GM12878
ENSG00000109158	BIVALENT	NULL	NEITHER
ENSG00000109182	NULL	REPRESSED	NEITHER
ENSG00000109189	SIMPLE_AND	INCONSISTENT	GM12878
ENSG00000109220	SIMPLE_AND	INCONSISTENT	GM12878
ENSG00000109255	REPRESSED	SIMPLE_AND	K562
ENSG00000109320	SIMPLE_AND	INCONSISTENT	GM12878
ENSG00000109321	BIVALENT	INCONSISTENT	NEITHER
ENSG00000109323	SIMPLE_AND	INCONSISTENT	GM12878
ENSG00000109339	BIVALENT	REPRESSED	NEITHER
ENSG00000109436	SIMPLE_AND	NULL	GM12878
ENSG00000109445	COMPLEX	SIMPLE_AND	K562
ENSG00000109452	BIVALENT	NULL	NEITHER
ENSG00000109458	SIMPLE_OR	INCONSISTENT	NEITHER
ENSG00000109466	SIMPLE_AND	INCONSISTENT	GM12878
ENSG00000109471	NULL	INCONSISTENT	NEITHER
ENSG00000109472	REPRESSED	NULL	NEITHER
ENSG00000109501	SIMPLE_OR	NULL	NEITHER
ENSG00000109576	REPRESSED	NULL	NEITHER
ENSG00000109610	REPRESSED	NULL	NEITHER
ENSG00000109618	SIMPLE_AND	INCONSISTENT	GM12878
ENSG00000109625	REPRESSED	BIVALENT	NEITHER
ENSG00000109667	NULL	REPRESSED	NEITHER
ENSG00000109680	REPRESSED	NULL	NEITHER
ENSG00000109684	SIMPLE_AND	NULL	GM12878
ENSG00000109689	SIMPLE_AND	INCONSISTENT	GM12878
ENSG00000109705	BIVALENT	INCONSISTENT	NEITHER
ENSG00000109738	NULL	INCONSISTENT	NEITHER
ENSG00000109743	INCONSISTENT	NULL	NEITHER
ENSG00000109771	SIMPLE_AND	INCONSISTENT	GM12878
ENSG00000109832	BIVALENT	INCONSISTENT	NEITHER
ENSG00000109861	SIMPLE_AND	SIMPLE_OR	GM12878
ENSG00000109881	SIMPLE_AND	INCONSISTENT	GM12878
ENSG00000109906	NULL	BIVALENT	NEITHER
ENSG00000109927	REPRESSED	NULL	NEITHER
ENSG00000109944	SIMPLE_AND	REPRESSED	GM12878
ENSG00000109956	REPRESSED	NULL	NEITHER
ENSG00000110031	SIMPLE_AND	INCONSISTENT	GM12878
ENSG00000110042	SIMPLE_AND	BIVALENT	GM12878
ENSG00000110047	SIMPLE_OR	SIMPLE_AND	K562
ENSG00000110057	SIMPLE_AND	INCONSISTENT	GM12878
ENSG00000110060	BIVALENT	INCONSISTENT	NEITHER
ENSG00000110077	SIMPLE_AND	INCONSISTENT	GM12878
ENSG00000110090	SIMPLE_AND	NULL	GM12878
ENSG00000110171	SIMPLE_OR	INCONSISTENT	NEITHER
ENSG00000110237	SIMPLE_AND	INCONSISTENT	GM12878
ENSG00000110274	BIVALENT	REPRESSED	NEITHER
ENSG00000110315	BIVALENT	INCONSISTENT	NEITHER
ENSG00000110324	SIMPLE_AND	BIVALENT	GM12878
ENSG00000110328	BIVALENT	INCONSISTENT	NEITHER
ENSG00000110427	BIVALENT	REPRESSED	NEITHER
ENSG00000110442	SIMPLE_OR	SIMPLE_AND	K562
ENSG00000110446	SIMPLE_AND	REPRESSED	GM12878
ENSG00000110455	SIMPLE_AND	INCONSISTENT	GM12878
ENSG00000110484	NULL	REPRESSED	NEITHER
ENSG00000110492	BIVALENT	SIMPLE_AND	K562
ENSG00000110628	NULL	INCONSISTENT	NEITHER
ENSG00000110660	SIMPLE_AND	SIMPLE_OR	GM12878
ENSG00000110665	NULL	INCONSISTENT	NEITHER
ENSG00000110680	NULL	REPRESSED	NEITHER
ENSG00000110696	REPRESSED	SIMPLE_OR	NEITHER
ENSG00000110723	SIMPLE_AND	INCONSISTENT	GM12878
ENSG00000110756	SIMPLE_AND	INCONSISTENT	GM12878
ENSG00000110777	NULL	REPRESSED	NEITHER
ENSG00000110811	BIVALENT	INCONSISTENT	NEITHER
ENSG00000110841	SIMPLE_AND	INCONSISTENT	GM12878
ENSG00000110844	SIMPLE_AND	INCONSISTENT	GM12878
ENSG00000110848	SIMPLE_AND	COMPLEX	GM12878
ENSG00000110852	SIMPLE_AND	INCONSISTENT	GM12878
ENSG00000110876	SIMPLE_AND	INCONSISTENT	GM12878
ENSG00000110888	REPRESSED	NULL	NEITHER
ENSG00000110925	SIMPLE_AND	INCONSISTENT	GM12878
ENSG00000110934	SIMPLE_AND	INCONSISTENT	GM12878
ENSG00000110944	SIMPLE_AND	INCONSISTENT	GM12878
ENSG00000110975	REPRESSED	INCONSISTENT	NEITHER
ENSG00000110987	BIVALENT	COMPLEX	NEITHER
ENSG00000111012	SIMPLE_AND	INCONSISTENT	GM12878
ENSG00000111046	REPRESSED	NULL	NEITHER
ENSG00000111049	REPRESSED	NULL	NEITHER
ENSG00000111052	BIVALENT	NULL	NEITHER
ENSG00000111057	INCONSISTENT	SIMPLE_AND	K562
ENSG00000111058	BIVALENT	NULL	NEITHER
ENSG00000111087	BIVALENT	INCONSISTENT	NEITHER
ENSG00000111110	BIVALENT	SIMPLE_AND	K562
ENSG00000111144	NULL	SIMPLE_OR	NEITHER
ENSG00000111145	SIMPLE_AND	INCONSISTENT	GM12878
ENSG00000111186	BIVALENT	INCONSISTENT	NEITHER
ENSG00000111196	SIMPLE_AND	INCONSISTENT	GM12878
ENSG00000111199	REPRESSED	INCONSISTENT	NEITHER
ENSG00000111224	SIMPLE_AND	INCONSISTENT	GM12878
ENSG00000111241	NULL	REPRESSED	NEITHER
ENSG00000111245	NULL	REPRESSED	NEITHER
ENSG00000111254	SIMPLE_AND	INCONSISTENT	GM12878
ENSG00000111262	BIVALENT	NULL	NEITHER
ENSG00000111269	SIMPLE_AND	INCONSISTENT	GM12878
ENSG00000111305	BIVALENT	INCONSISTENT	NEITHER
ENSG00000111321	REPRESSED	NULL	NEITHER
ENSG00000111331	SIMPLE_AND	INCONSISTENT	GM12878
ENSG00000111335	SIMPLE_AND	REPRESSED	GM12878
ENSG00000111348	SIMPLE_AND	INCONSISTENT	GM12878
ENSG00000111412	SIMPLE_AND	BIVALENT	GM12878
ENSG00000111445	NULL	SIMPLE_OR	NEITHER
ENSG00000111450	SIMPLE_OR	SIMPLE_AND	K562
ENSG00000111452	NULL	INCONSISTENT	NEITHER
ENSG00000111481	REPRESSED	SIMPLE_AND	K562
ENSG00000111490	SIMPLE_AND	INCONSISTENT	GM12878
ENSG00000111536	NULL	REPRESSED	NEITHER
ENSG00000111554	SIMPLE_AND	INCONSISTENT	GM12878
ENSG00000111615	SIMPLE_AND	COMPLEX	GM12878
ENSG00000111642	SIMPLE_OR	SIMPLE_AND	K562
ENSG00000111644	SIMPLE_OR	NULL	NEITHER
ENSG00000111653	SIMPLE_AND	INCONSISTENT	GM12878
ENSG00000111674	SIMPLE_AND	SIMPLE_OR	GM12878
ENSG00000111679	SIMPLE_AND	INCONSISTENT	GM12878
ENSG00000111696	SIMPLE_AND	INCONSISTENT	GM12878
ENSG00000111727	SIMPLE_AND	INCONSISTENT	GM12878
ENSG00000111729	INCONSISTENT	NULL	NEITHER
ENSG00000111732	SIMPLE_AND	NULL	GM12878
ENSG00000111752	SIMPLE_OR	INCONSISTENT	NEITHER
ENSG00000111780	INCONSISTENT	SIMPLE_AND	K562
ENSG00000111785	SIMPLE_AND	COMPLEX	GM12878
ENSG00000111801	SIMPLE_AND	INCONSISTENT	GM12878
ENSG00000111817	SIMPLE_AND	INCONSISTENT	GM12878
ENSG00000111832	SIMPLE_AND	INCONSISTENT	GM12878
ENSG00000111837	BIVALENT	INCONSISTENT	NEITHER
ENSG00000111843	SIMPLE_AND	COMPLEX	GM12878
ENSG00000111846	NULL	REPRESSED	NEITHER
ENSG00000111850	SIMPLE_AND	INCONSISTENT	GM12878
ENSG00000111859	SIMPLE_AND	NULL	GM12878
ENSG00000111860	SIMPLE_AND	INCONSISTENT	GM12878
ENSG00000111877	COMPLEX	INCONSISTENT	NEITHER
ENSG00000111880	SIMPLE_AND	INCONSISTENT	GM12878
ENSG00000111911	SIMPLE_AND	INCONSISTENT	GM12878
ENSG00000111913	SIMPLE_AND	NULL	GM12878
ENSG00000111961	NULL	REPRESSED	NEITHER
ENSG00000111981	REPRESSED	COMPLEX	NEITHER
ENSG00000112033	SIMPLE_AND	INCONSISTENT	GM12878
ENSG00000112041	NULL	REPRESSED	NEITHER
ENSG00000112053	NULL	INCONSISTENT	NEITHER
ENSG00000112077	NULL	SIMPLE_AND	K562
ENSG00000112079	SIMPLE_AND	INCONSISTENT	GM12878
ENSG00000112115	INCONSISTENT	NULL	NEITHER
ENSG00000112144	SIMPLE_AND	INCONSISTENT	GM12878
ENSG00000112149	SIMPLE_AND	INCONSISTENT	GM12878
ENSG00000112167	SIMPLE_AND	INCONSISTENT	GM12878
ENSG00000112195	SIMPLE_AND	INCONSISTENT	GM12878
ENSG00000112200	NULL	SIMPLE_OR	NEITHER
ENSG00000112208	SIMPLE_AND	INCONSISTENT	GM12878
ENSG00000112210	SIMPLE_AND	INCONSISTENT	GM12878
ENSG00000112218	SIMPLE_AND	INCONSISTENT	GM12878
ENSG00000112232	INCONSISTENT	NULL	NEITHER
ENSG00000112245	SIMPLE_OR	NULL	NEITHER
ENSG00000112246	REPRESSED	NULL	NEITHER
ENSG00000112276	BIVALENT	INCONSISTENT	NEITHER
ENSG00000112280	NULL	REPRESSED	NEITHER
ENSG00000112293	SIMPLE_AND	INCONSISTENT	GM12878
ENSG00000112297	REPRESSED	INCONSISTENT	NEITHER
ENSG00000112303	SIMPLE_AND	NULL	GM12878
ENSG00000112309	BIVALENT	INCONSISTENT	NEITHER
ENSG00000112319	REPRESSED	NULL	NEITHER
ENSG00000112343	SIMPLE_AND	INCONSISTENT	GM12878
ENSG00000112357	SIMPLE_AND	INCONSISTENT	GM12878
ENSG00000112365	SIMPLE_AND	INCONSISTENT	GM12878
ENSG00000112367	SIMPLE_AND	INCONSISTENT	GM12878
ENSG00000112379	BIVALENT	REPRESSED	NEITHER
ENSG00000112394	SIMPLE_AND	BIVALENT	GM12878
ENSG00000112406	SIMPLE_AND	INCONSISTENT	GM12878
ENSG00000112414	REPRESSED	BIVALENT	NEITHER
ENSG00000112419	SIMPLE_AND	REPRESSED	GM12878
ENSG00000112425	SIMPLE_AND	INCONSISTENT	GM12878
ENSG00000112486	INCONSISTENT	REPRESSED	NEITHER
ENSG00000112494	REPRESSED	NULL	NEITHER
ENSG00000112541	REPRESSED	NULL	NEITHER
ENSG00000112561	SIMPLE_AND	INCONSISTENT	GM12878
ENSG00000112599	NULL	INCONSISTENT	NEITHER
ENSG00000112619	NULL	REPRESSED	NEITHER
ENSG00000112655	SIMPLE_OR	INCONSISTENT	NEITHER
ENSG00000112659	SIMPLE_AND	INCONSISTENT	GM12878
ENSG00000112679	SIMPLE_AND	INCONSISTENT	GM12878
ENSG00000112697	SIMPLE_AND	INCONSISTENT	GM12878
ENSG00000112699	SIMPLE_AND	INCONSISTENT	GM12878
ENSG00000112761	NULL	REPRESSED	NEITHER
ENSG00000112763	SIMPLE_AND	INCONSISTENT	GM12878
ENSG00000112773	BIVALENT	INCONSISTENT	NEITHER
ENSG00000112796	BIVALENT	NULL	NEITHER
ENSG00000112799	SIMPLE_AND	REPRESSED	GM12878
ENSG00000112837	REPRESSED	SIMPLE_AND	K562
ENSG00000112852	NULL	INCONSISTENT	NEITHER
ENSG00000112874	SIMPLE_AND	INCONSISTENT	GM12878
ENSG00000112941	SIMPLE_AND	INCONSISTENT	GM12878
ENSG00000112964	NULL	INCONSISTENT	NEITHER
ENSG00000112981	INCONSISTENT	NULL	NEITHER
ENSG00000113013	SIMPLE_AND	COMPLEX	GM12878
ENSG00000113070	SIMPLE_OR	INCONSISTENT	NEITHER
ENSG00000113083	REPRESSED	NULL	NEITHER
ENSG00000113108	SIMPLE_AND	INCONSISTENT	GM12878
ENSG00000113140	SIMPLE_AND	BIVALENT	GM12878
ENSG00000113205	REPRESSED	NULL	NEITHER
ENSG00000113211	REPRESSED	NULL	NEITHER
ENSG00000113231	BIVALENT	NULL	NEITHER
ENSG00000113269	BIVALENT	SIMPLE_AND	K562
ENSG00000113273	SIMPLE_AND	BIVALENT	GM12878
ENSG00000113282	COMPLEX	SIMPLE_AND	K562
ENSG00000113296	INCONSISTENT	NULL	NEITHER
ENSG00000113319	REPRESSED	NULL	NEITHER
ENSG00000113356	COMPLEX	SIMPLE_AND	K562
ENSG00000113361	REPRESSED	NULL	NEITHER
ENSG00000113387	SIMPLE_AND	NULL	GM12878
ENSG00000113391	SIMPLE_AND	INCONSISTENT	GM12878
ENSG00000113396	REPRESSED	NULL	NEITHER
ENSG00000113448	SIMPLE_AND	NULL	GM12878
ENSG00000113492	NULL	REPRESSED	NEITHER
ENSG00000113494	BIVALENT	NULL	NEITHER
ENSG00000113504	SIMPLE_OR	INCONSISTENT	NEITHER
ENSG00000113532	SIMPLE_AND	INCONSISTENT	GM12878
ENSG00000113552	SIMPLE_OR	SIMPLE_AND	K562
ENSG00000113578	REPRESSED	NULL	NEITHER
ENSG00000113580	SIMPLE_AND	REPRESSED	GM12878
ENSG00000113595	SIMPLE_AND	INCONSISTENT	GM12878
ENSG00000113597	SIMPLE_AND	INCONSISTENT	GM12878
ENSG00000113621	SIMPLE_AND	INCONSISTENT	GM12878
ENSG00000113645	SIMPLE_AND	INCONSISTENT	GM12878
ENSG00000113649	SIMPLE_AND	COMPLEX	GM12878
ENSG00000113657	REPRESSED	NULL	NEITHER
ENSG00000113721	SIMPLE_OR	NULL	NEITHER
ENSG00000113734	SIMPLE_AND	INCONSISTENT	GM12878
ENSG00000113739	BIVALENT	INCONSISTENT	NEITHER
ENSG00000113742	COMPLEX	SIMPLE_AND	K562
ENSG00000113763	REPRESSED	INCONSISTENT	NEITHER
ENSG00000113790	SIMPLE_AND	NULL	GM12878
ENSG00000113811	COMPLEX	INCONSISTENT	NEITHER
ENSG00000113889	REPRESSED	NULL	NEITHER
ENSG00000113916	BIVALENT	INCONSISTENT	NEITHER
ENSG00000113946	BIVALENT	NULL	NEITHER
ENSG00000113966	SIMPLE_AND	INCONSISTENT	GM12878
ENSG00000113971	SIMPLE_AND	INCONSISTENT	GM12878
ENSG00000114013	SIMPLE_AND	NULL	GM12878
ENSG00000114019	REPRESSED	INCONSISTENT	NEITHER
ENSG00000114021	SIMPLE_AND	INCONSISTENT	GM12878
ENSG00000114107	BIVALENT	INCONSISTENT	NEITHER
ENSG00000114115	NULL	REPRESSED	NEITHER
ENSG00000114166	SIMPLE_AND	INCONSISTENT	GM12878
ENSG00000114251	BIVALENT	NULL	NEITHER
ENSG00000114268	NULL	SIMPLE_AND	K562
ENSG00000114270	REPRESSED	INCONSISTENT	NEITHER
ENSG00000114315	BIVALENT	SIMPLE_AND	K562
ENSG00000114354	COMPLEX	SIMPLE_AND	K562
ENSG00000114383	SIMPLE_AND	INCONSISTENT	GM12878
ENSG00000114395	SIMPLE_AND	INCONSISTENT	GM12878
ENSG00000114423	SIMPLE_AND	INCONSISTENT	GM12878
ENSG00000114450	BIVALENT	SIMPLE_AND	K562
ENSG00000114473	SIMPLE_AND	INCONSISTENT	GM12878
ENSG00000114491	COMPLEX	SIMPLE_AND	K562
ENSG00000114529	BIVALENT	INCONSISTENT	NEITHER
ENSG00000114541	REPRESSED	NULL	NEITHER
ENSG00000114544	REPRESSED	NULL	NEITHER
ENSG00000114626	SIMPLE_AND	INCONSISTENT	GM12878
ENSG00000114631	REPRESSED	SIMPLE_AND	K562
ENSG00000114646	REPRESSED	INCONSISTENT	NEITHER
ENSG00000114654	REPRESSED	INCONSISTENT	NEITHER
ENSG00000114656	REPRESSED	INCONSISTENT	NEITHER
ENSG00000114670	SIMPLE_AND	INCONSISTENT	GM12878
ENSG00000114698	BIVALENT	INCONSISTENT	NEITHER
ENSG00000114735	SIMPLE_AND	INCONSISTENT	GM12878
ENSG00000114739	BIVALENT	SIMPLE_AND	K562
ENSG00000114757	BIVALENT	NULL	NEITHER
ENSG00000114770	SIMPLE_OR	SIMPLE_AND	K562
ENSG00000114786	INCONSISTENT	SIMPLE_AND	K562
ENSG00000114790	BIVALENT	INCONSISTENT	NEITHER
ENSG00000114805	BIVALENT	INCONSISTENT	NEITHER
ENSG00000114812	INCONSISTENT	NULL	NEITHER
ENSG00000114841	SIMPLE_OR	NULL	NEITHER
ENSG00000114853	SIMPLE_AND	INCONSISTENT	GM12878
ENSG00000114859	SIMPLE_AND	INCONSISTENT	GM12878
ENSG00000114861	BIVALENT	SIMPLE_AND	K562
ENSG00000114923	REPRESSED	INCONSISTENT	NEITHER
ENSG00000114933	SIMPLE_AND	INCONSISTENT	GM12878
ENSG00000114948	BIVALENT	NULL	NEITHER
ENSG00000114988	SIMPLE_AND	INCONSISTENT	GM12878
ENSG00000114993	BIVALENT	INCONSISTENT	NEITHER
ENSG00000115008	INCONSISTENT	NULL	NEITHER
ENSG00000115009	SIMPLE_AND	NULL	GM12878
ENSG00000115053	SIMPLE_AND	NULL	GM12878
ENSG00000115107	SIMPLE_OR	SIMPLE_AND	K562
ENSG00000115112	BIVALENT	INCONSISTENT	NEITHER
ENSG00000115129	SIMPLE_AND	INCONSISTENT	GM12878
ENSG00000115137	SIMPLE_AND	INCONSISTENT	GM12878
ENSG00000115138	BIVALENT	REPRESSED	NEITHER
ENSG00000115145	SIMPLE_AND	COMPLEX	GM12878
ENSG00000115155	NULL	REPRESSED	NEITHER
ENSG00000115170	INCONSISTENT	SIMPLE_AND	K562
ENSG00000115194	NULL	REPRESSED	NEITHER
ENSG00000115226	REPRESSED	INCONSISTENT	NEITHER
ENSG00000115232	SIMPLE_AND	NULL	GM12878
ENSG00000115255	INCONSISTENT	SIMPLE_AND	K562
ENSG00000115257	SIMPLE_OR	INCONSISTENT	NEITHER
ENSG00000115266	BIVALENT	INCONSISTENT	NEITHER
ENSG00000115267	SIMPLE_AND	INCONSISTENT	GM12878
ENSG00000115271	SIMPLE_AND	INCONSISTENT	GM12878
ENSG00000115274	SIMPLE_AND	INCONSISTENT	GM12878
ENSG00000115282	SIMPLE_AND	INCONSISTENT	GM12878
ENSG00000115290	REPRESSED	NULL	NEITHER
ENSG00000115295	NULL	REPRESSED	NEITHER
ENSG00000115297	REPRESSED	NULL	NEITHER
ENSG00000115306	BIVALENT	SIMPLE_OR	NEITHER
ENSG00000115310	NULL	SIMPLE_AND	K562
ENSG00000115318	SIMPLE_AND	INCONSISTENT	GM12878
ENSG00000115339	BIVALENT	NULL	NEITHER
ENSG00000115350	SIMPLE_AND	COMPLEX	GM12878
ENSG00000115353	BIVALENT	REPRESSED	NEITHER
ENSG00000115361	REPRESSED	NULL	NEITHER
ENSG00000115380	REPRESSED	NULL	NEITHER
ENSG00000115414	BIVALENT	SIMPLE_OR	NEITHER
ENSG00000115425	SIMPLE_AND	INCONSISTENT	GM12878
ENSG00000115446	COMPLEX	INCONSISTENT	NEITHER
ENSG00000115459	SIMPLE_AND	INCONSISTENT	GM12878
ENSG00000115461	REPRESSED	NULL	NEITHER
ENSG00000115504	NULL	REPRESSED	NEITHER
ENSG00000115507	BIVALENT	INCONSISTENT	NEITHER
ENSG00000115520	SIMPLE_AND	INCONSISTENT	GM12878
ENSG00000115539	SIMPLE_AND	INCONSISTENT	GM12878
ENSG00000115540	SIMPLE_AND	INCONSISTENT	GM12878
ENSG00000115556	NULL	REPRESSED	NEITHER
ENSG00000115561	SIMPLE_AND	COMPLEX	GM12878
ENSG00000115590	NULL	REPRESSED	NEITHER
ENSG00000115594	NULL	INCONSISTENT	NEITHER
ENSG00000115596	REPRESSED	NULL	NEITHER
ENSG00000115598	REPRESSED	NULL	NEITHER
ENSG00000115607	SIMPLE_OR	INCONSISTENT	NEITHER
ENSG00000115616	BIVALENT	INCONSISTENT	NEITHER
ENSG00000115648	REPRESSED	NULL	NEITHER
ENSG00000115687	SIMPLE_AND	INCONSISTENT	GM12878
ENSG00000115705	NULL	REPRESSED	NEITHER
ENSG00000115718	NULL	INCONSISTENT	NEITHER
ENSG00000115738	BIVALENT	INCONSISTENT	NEITHER
ENSG00000115758	COMPLEX	SIMPLE_AND	K562
ENSG00000115760	COMPLEX	SIMPLE_AND	K562
ENSG00000115806	SIMPLE_AND	COMPLEX	GM12878
ENSG00000115825	BIVALENT	SIMPLE_AND	K562
ENSG00000115828	BIVALENT	REPRESSED	NEITHER
ENSG00000115841	SIMPLE_AND	INCONSISTENT	GM12878
ENSG00000115844	BIVALENT	INCONSISTENT	NEITHER
ENSG00000115884	SIMPLE_AND	INCONSISTENT	GM12878
ENSG00000115896	BIVALENT	SIMPLE_AND	K562
ENSG00000115919	SIMPLE_AND	INCONSISTENT	GM12878
ENSG00000115935	BIVALENT	INCONSISTENT	NEITHER
ENSG00000115956	COMPLEX	NULL	NEITHER
ENSG00000115977	REPRESSED	INCONSISTENT	NEITHER
ENSG00000115993	SIMPLE_AND	INCONSISTENT	GM12878
ENSG00000115998	SIMPLE_AND	INCONSISTENT	GM12878
ENSG00000116005	SIMPLE_AND	INCONSISTENT	GM12878
ENSG00000116014	BIVALENT	SIMPLE_AND	K562
ENSG00000116032	NULL	INCONSISTENT	NEITHER
ENSG00000116035	REPRESSED	BIVALENT	NEITHER
ENSG00000116062	NULL	REPRESSED	NEITHER
ENSG00000116096	BIVALENT	SIMPLE_AND	K562
ENSG00000116106	BIVALENT	NULL	NEITHER
ENSG00000116117	REPRESSED	INCONSISTENT	NEITHER
ENSG00000116128	SIMPLE_OR	INCONSISTENT	NEITHER
ENSG00000116132	BIVALENT	REPRESSED	NEITHER
ENSG00000116147	REPRESSED	NULL	NEITHER
ENSG00000116151	SIMPLE_AND	INCONSISTENT	GM12878
ENSG00000116157	BIVALENT	NULL	NEITHER
ENSG00000116171	SIMPLE_OR	SIMPLE_AND	K562
ENSG00000116191	BIVALENT	INCONSISTENT	NEITHER
ENSG00000116205	SIMPLE_AND	INCONSISTENT	GM12878
ENSG00000116213	SIMPLE_AND	BIVALENT	GM12878
ENSG00000116218	NULL	REPRESSED	NEITHER
ENSG00000116251	SIMPLE_OR	SIMPLE_AND	K562
ENSG00000116273	SIMPLE_AND	INCONSISTENT	GM12878
ENSG00000116299	BIVALENT	INCONSISTENT	NEITHER
ENSG00000116329	NULL	REPRESSED	NEITHER
ENSG00000116337	SIMPLE_OR	NULL	NEITHER
ENSG00000116473	NULL	REPRESSED	NEITHER
ENSG00000116514	SIMPLE_AND	INCONSISTENT	GM12878
ENSG00000116525	BIVALENT	INCONSISTENT	NEITHER
ENSG00000116544	REPRESSED	BIVALENT	NEITHER
ENSG00000116574	REPRESSED	NULL	NEITHER
ENSG00000116604	COMPLEX	INCONSISTENT	NEITHER
ENSG00000116668	SIMPLE_AND	INCONSISTENT	GM12878
ENSG00000116670	REPRESSED	SIMPLE_OR	NEITHER
ENSG00000116701	SIMPLE_AND	REPRESSED	GM12878
ENSG00000116704	SIMPLE_AND	INCONSISTENT	GM12878
ENSG00000116717	BIVALENT	SIMPLE_AND	K562
ENSG00000116729	REPRESSED	NULL	NEITHER
ENSG00000116731	SIMPLE_AND	REPRESSED	GM12878
ENSG00000116741	SIMPLE_OR	INCONSISTENT	NEITHER
ENSG00000116748	NULL	REPRESSED	NEITHER
ENSG00000116771	SIMPLE_OR	NULL	NEITHER
ENSG00000116809	COMPLEX	SIMPLE_AND	K562
ENSG00000116857	SIMPLE_OR	SIMPLE_AND	K562
ENSG00000116885	SIMPLE_AND	NULL	GM12878
ENSG00000116903	SIMPLE_AND	INCONSISTENT	GM12878
ENSG00000116954	SIMPLE_AND	INCONSISTENT	GM12878
ENSG00000116962	SIMPLE_AND	NULL	GM12878
ENSG00000116983	INCONSISTENT	BIVALENT	NEITHER
ENSG00000116991	BIVALENT	NULL	NEITHER
ENSG00000117009	SIMPLE_AND	INCONSISTENT	GM12878
ENSG00000117010	SIMPLE_AND	INCONSISTENT	GM12878
ENSG00000117013	REPRESSED	INCONSISTENT	NEITHER
ENSG00000117069	REPRESSED	NULL	NEITHER
ENSG00000117090	SIMPLE_AND	NULL	GM12878
ENSG00000117091	SIMPLE_AND	NULL	GM12878
ENSG00000117115	BIVALENT	REPRESSED	NEITHER
ENSG00000117133	SIMPLE_AND	COMPLEX	GM12878
ENSG00000117151	SIMPLE_AND	INCONSISTENT	GM12878
ENSG00000117152	REPRESSED	NULL	NEITHER
ENSG00000117174	SIMPLE_AND	INCONSISTENT	GM12878
ENSG00000117215	INCONSISTENT	REPRESSED	NEITHER
ENSG00000117226	SIMPLE_AND	NULL	GM12878
ENSG00000117228	SIMPLE_AND	NULL	GM12878
ENSG00000117245	REPRESSED	INCONSISTENT	NEITHER
ENSG00000117262	NULL	SIMPLE_AND	K562
ENSG00000117280	COMPLEX	INCONSISTENT	NEITHER
ENSG00000117281	NULL	INCONSISTENT	NEITHER
ENSG00000117298	BIVALENT	SIMPLE_AND	K562
ENSG00000117305	NULL	SIMPLE_OR	NEITHER
ENSG00000117322	SIMPLE_AND	INCONSISTENT	GM12878
ENSG00000117395	NULL	SIMPLE_OR	NEITHER
ENSG00000117419	SIMPLE_OR	SIMPLE_AND	K562
ENSG00000117425	NULL	INCONSISTENT	NEITHER
ENSG00000117450	SIMPLE_AND	NULL	GM12878
ENSG00000117461	SIMPLE_AND	INCONSISTENT	GM12878
ENSG00000117480	NULL	REPRESSED	NEITHER
ENSG00000117500	COMPLEX	SIMPLE_AND	K562
ENSG00000117501	REPRESSED	NULL	NEITHER
ENSG00000117519	INCONSISTENT	NULL	NEITHER
ENSG00000117533	SIMPLE_AND	INCONSISTENT	GM12878
ENSG00000117586	SIMPLE_AND	NULL	GM12878
ENSG00000117595	NULL	INCONSISTENT	NEITHER
ENSG00000117597	SIMPLE_AND	INCONSISTENT	GM12878
ENSG00000117600	REPRESSED	BIVALENT	NEITHER
ENSG00000117614	SIMPLE_AND	INCONSISTENT	GM12878
ENSG00000117620	SIMPLE_AND	INCONSISTENT	GM12878
ENSG00000117632	BIVALENT	SIMPLE_AND	K562
ENSG00000117758	SIMPLE_AND	INCONSISTENT	GM12878
ENSG00000117791	BIVALENT	REPRESSED	NEITHER
ENSG00000117859	SIMPLE_OR	NULL	NEITHER
ENSG00000118004	NULL	INCONSISTENT	NEITHER
ENSG00000118007	SIMPLE_AND	INCONSISTENT	GM12878
ENSG00000118096	SIMPLE_AND	INCONSISTENT	GM12878
ENSG00000118113	REPRESSED	NULL	NEITHER
ENSG00000118160	REPRESSED	INCONSISTENT	NEITHER
ENSG00000118194	NULL	REPRESSED	NEITHER
ENSG00000118200	SIMPLE_AND	INCONSISTENT	GM12878
ENSG00000118231	REPRESSED	NULL	NEITHER
ENSG00000118242	SIMPLE_OR	NULL	NEITHER
ENSG00000118257	BIVALENT	INCONSISTENT	NEITHER
ENSG00000118276	SIMPLE_AND	COMPLEX	GM12878
ENSG00000118292	SIMPLE_AND	INCONSISTENT	GM12878
ENSG00000118298	NULL	INCONSISTENT	NEITHER
ENSG00000118308	SIMPLE_AND	NULL	GM12878
ENSG00000118369	SIMPLE_OR	INCONSISTENT	NEITHER
ENSG00000118402	BIVALENT	NULL	NEITHER
ENSG00000118407	SIMPLE_AND	NULL	GM12878
ENSG00000118418	SIMPLE_AND	INCONSISTENT	GM12878
ENSG00000118420	COMPLEX	INCONSISTENT	NEITHER
ENSG00000118454	SIMPLE_AND	INCONSISTENT	GM12878
ENSG00000118473	NULL	INCONSISTENT	NEITHER
ENSG00000118492	NULL	INCONSISTENT	NEITHER
ENSG00000118495	SIMPLE_AND	INCONSISTENT	GM12878
ENSG00000118496	SIMPLE_AND	INCONSISTENT	GM12878
ENSG00000118503	SIMPLE_AND	INCONSISTENT	GM12878
ENSG00000118508	NULL	INCONSISTENT	NEITHER
ENSG00000118515	REPRESSED	INCONSISTENT	NEITHER
ENSG00000118518	SIMPLE_AND	INCONSISTENT	GM12878
ENSG00000118523	REPRESSED	NULL	NEITHER
ENSG00000118596	SIMPLE_AND	NULL	GM12878
ENSG00000118600	SIMPLE_AND	INCONSISTENT	GM12878
ENSG00000118690	BIVALENT	INCONSISTENT	NEITHER
ENSG00000118729	NULL	REPRESSED	NEITHER
ENSG00000118733	REPRESSED	NULL	NEITHER
ENSG00000118762	SIMPLE_OR	BIVALENT	NEITHER
ENSG00000118785	REPRESSED	NULL	NEITHER
ENSG00000118804	BIVALENT	INCONSISTENT	NEITHER
ENSG00000118816	SIMPLE_AND	COMPLEX	GM12878
ENSG00000118849	INCONSISTENT	NULL	NEITHER
ENSG00000118855	SIMPLE_OR	NULL	NEITHER
ENSG00000118894	SIMPLE_AND	INCONSISTENT	GM12878
ENSG00000118898	NULL	BIVALENT	NEITHER
ENSG00000118922	SIMPLE_AND	INCONSISTENT	GM12878
ENSG00000118946	REPRESSED	NULL	NEITHER
ENSG00000118960	SIMPLE_OR	INCONSISTENT	NEITHER
ENSG00000118971	BIVALENT	SIMPLE_AND	K562
ENSG00000118976	INCONSISTENT	NULL	NEITHER
ENSG00000118997	SIMPLE_AND	INCONSISTENT	GM12878
ENSG00000119042	REPRESSED	SIMPLE_OR	NEITHER
ENSG00000119121	BIVALENT	INCONSISTENT	NEITHER
ENSG00000119125	NULL	INCONSISTENT	NEITHER
ENSG00000119138	SIMPLE_AND	INCONSISTENT	GM12878
ENSG00000119139	SIMPLE_OR	NULL	NEITHER
ENSG00000119147	NULL	REPRESSED	NEITHER
ENSG00000119227	SIMPLE_AND	INCONSISTENT	GM12878
ENSG00000119242	SIMPLE_AND	INCONSISTENT	GM12878
ENSG00000119280	BIVALENT	SIMPLE_AND	K562
ENSG00000119283	REPRESSED	INCONSISTENT	NEITHER
ENSG00000119328	SIMPLE_AND	INCONSISTENT	GM12878
ENSG00000119335	SIMPLE_AND	NULL	GM12878
ENSG00000119401	SIMPLE_AND	INCONSISTENT	GM12878
ENSG00000119403	SIMPLE_OR	SIMPLE_AND	K562
ENSG00000119431	SIMPLE_AND	INCONSISTENT	GM12878
ENSG00000119440	NULL	REPRESSED	NEITHER
ENSG00000119457	NULL	BIVALENT	NEITHER
ENSG00000119508	SIMPLE_AND	BIVALENT	GM12878
ENSG00000119514	BIVALENT	SIMPLE_AND	K562
ENSG00000119523	COMPLEX	SIMPLE_AND	K562
ENSG00000119535	NULL	INCONSISTENT	NEITHER
ENSG00000119537	SIMPLE_AND	INCONSISTENT	GM12878
ENSG00000119541	SIMPLE_AND	INCONSISTENT	GM12878
ENSG00000119547	REPRESSED	BIVALENT	NEITHER
ENSG00000119574	SIMPLE_OR	NULL	NEITHER
ENSG00000119599	COMPLEX	SIMPLE_AND	K562
ENSG00000119614	REPRESSED	NULL	NEITHER
ENSG00000119630	SIMPLE_OR	INCONSISTENT	NEITHER
ENSG00000119632	BIVALENT	INCONSISTENT	NEITHER
ENSG00000119636	SIMPLE_AND	INCONSISTENT	GM12878
ENSG00000119640	SIMPLE_AND	INCONSISTENT	GM12878
ENSG00000119661	SIMPLE_AND	INCONSISTENT	GM12878
ENSG00000119669	SIMPLE_AND	INCONSISTENT	GM12878
ENSG00000119673	SIMPLE_AND	NULL	GM12878
ENSG00000119686	SIMPLE_AND	INCONSISTENT	GM12878
ENSG00000119688	COMPLEX	INCONSISTENT	NEITHER
ENSG00000119699	SIMPLE_AND	INCONSISTENT	GM12878
ENSG00000119711	SIMPLE_AND	INCONSISTENT	GM12878
ENSG00000119720	SIMPLE_AND	INCONSISTENT	GM12878
ENSG00000119723	SIMPLE_AND	INCONSISTENT	GM12878
ENSG00000119729	SIMPLE_AND	INCONSISTENT	GM12878
ENSG00000119771	SIMPLE_OR	INCONSISTENT	NEITHER
ENSG00000119772	SIMPLE_AND	BIVALENT	GM12878
ENSG00000119778	SIMPLE_AND	INCONSISTENT	GM12878
ENSG00000119782	BIVALENT	INCONSISTENT	NEITHER
ENSG00000119801	SIMPLE_AND	BIVALENT	GM12878
ENSG00000119820	SIMPLE_AND	INCONSISTENT	GM12878
ENSG00000119862	INCONSISTENT	BIVALENT	NEITHER
ENSG00000119865	REPRESSED	INCONSISTENT	NEITHER
ENSG00000119866	INCONSISTENT	BIVALENT	NEITHER
ENSG00000119878	SIMPLE_AND	INCONSISTENT	GM12878
ENSG00000119888	NULL	SIMPLE_AND	K562
ENSG00000119899	SIMPLE_AND	INCONSISTENT	GM12878
ENSG00000119900	SIMPLE_AND	NULL	GM12878
ENSG00000119906	SIMPLE_AND	INCONSISTENT	GM12878
ENSG00000119913	REPRESSED	NULL	NEITHER
ENSG00000119915	REPRESSED	INCONSISTENT	NEITHER
ENSG00000119917	SIMPLE_AND	INCONSISTENT	GM12878
ENSG00000119919	REPRESSED	BIVALENT	NEITHER
ENSG00000119938	NULL	INCONSISTENT	NEITHER
ENSG00000119943	SIMPLE_AND	INCONSISTENT	GM12878
ENSG00000119946	REPRESSED	NULL	NEITHER
ENSG00000119950	BIVALENT	SIMPLE_AND	K562
ENSG00000119965	SIMPLE_AND	INCONSISTENT	GM12878
ENSG00000119979	SIMPLE_AND	INCONSISTENT	GM12878
ENSG00000120029	SIMPLE_AND	INCONSISTENT	GM12878
ENSG00000120049	SIMPLE_OR	NULL	NEITHER
ENSG00000120051	SIMPLE_OR	INCONSISTENT	NEITHER
ENSG00000120057	REPRESSED	INCONSISTENT	NEITHER
ENSG00000120068	REPRESSED	NULL	NEITHER
ENSG00000120075	BIVALENT	NULL	NEITHER
ENSG00000120088	REPRESSED	BIVALENT	NEITHER
ENSG00000120093	NULL	INCONSISTENT	NEITHER
ENSG00000120149	REPRESSED	NULL	NEITHER
ENSG00000120159	SIMPLE_AND	INCONSISTENT	GM12878
ENSG00000120217	SIMPLE_AND	INCONSISTENT	GM12878
ENSG00000120256	BIVALENT	INCONSISTENT	NEITHER
ENSG00000120262	BIVALENT	NULL	NEITHER
ENSG00000120278	BIVALENT	REPRESSED	NEITHER
ENSG00000120280	SIMPLE_AND	NULL	GM12878
ENSG00000120318	REPRESSED	INCONSISTENT	NEITHER
ENSG00000120329	REPRESSED	NULL	NEITHER
ENSG00000120332	NULL	REPRESSED	NEITHER
ENSG00000120337	REPRESSED	NULL	NEITHER
ENSG00000120370	SIMPLE_AND	INCONSISTENT	GM12878
ENSG00000120436	NULL	REPRESSED	NEITHER
ENSG00000120457	REPRESSED	NULL	NEITHER
ENSG00000120458	SIMPLE_AND	INCONSISTENT	GM12878
ENSG00000120594	BIVALENT	INCONSISTENT	NEITHER
ENSG00000120645	NULL	INCONSISTENT	NEITHER
ENSG00000120647	SIMPLE_AND	INCONSISTENT	GM12878
ENSG00000120658	BIVALENT	NULL	NEITHER
ENSG00000120659	INCONSISTENT	NULL	NEITHER
ENSG00000120669	NULL	INCONSISTENT	NEITHER
ENSG00000120675	SIMPLE_AND	NULL	GM12878
ENSG00000120688	SIMPLE_AND	INCONSISTENT	GM12878
ENSG00000120693	REPRESSED	INCONSISTENT	NEITHER
ENSG00000120696	SIMPLE_AND	INCONSISTENT	GM12878
ENSG00000120756	COMPLEX	SIMPLE_AND	K562
ENSG00000120784	SIMPLE_OR	INCONSISTENT	NEITHER
ENSG00000120800	SIMPLE_AND	BIVALENT	GM12878
ENSG00000120832	SIMPLE_AND	INCONSISTENT	GM12878
ENSG00000120833	SIMPLE_OR	SIMPLE_AND	K562
ENSG00000120875	BIVALENT	INCONSISTENT	NEITHER
ENSG00000120885	REPRESSED	INCONSISTENT	NEITHER
ENSG00000120903	NULL	REPRESSED	NEITHER
ENSG00000120913	BIVALENT	NULL	NEITHER
ENSG00000121058	SIMPLE_AND	INCONSISTENT	GM12878
ENSG00000121064	SIMPLE_AND	INCONSISTENT	GM12878
ENSG00000121068	REPRESSED	NULL	NEITHER
ENSG00000121075	REPRESSED	NULL	NEITHER
ENSG00000121101	INCONSISTENT	COMPLEX	NEITHER
ENSG00000121236	SIMPLE_AND	INCONSISTENT	GM12878
ENSG00000121274	SIMPLE_AND	INCONSISTENT	GM12878
ENSG00000121281	SIMPLE_OR	SIMPLE_AND	K562
ENSG00000121297	NULL	BIVALENT	NEITHER
ENSG00000121310	SIMPLE_OR	INCONSISTENT	NEITHER
ENSG00000121316	INCONSISTENT	SIMPLE_AND	K562
ENSG00000121335	REPRESSED	NULL	NEITHER
ENSG00000121350	SIMPLE_AND	INCONSISTENT	GM12878
ENSG00000121351	NULL	INCONSISTENT	NEITHER
ENSG00000121361	REPRESSED	INCONSISTENT	NEITHER
ENSG00000121377	REPRESSED	NULL	NEITHER
ENSG00000121406	SIMPLE_AND	NULL	GM12878
ENSG00000121413	REPRESSED	NULL	NEITHER
ENSG00000121440	REPRESSED	NULL	NEITHER
ENSG00000121542	SIMPLE_AND	INCONSISTENT	GM12878
ENSG00000121552	INCONSISTENT	NULL	NEITHER
ENSG00000121577	SIMPLE_OR	NULL	NEITHER
ENSG00000121578	SIMPLE_AND	INCONSISTENT	GM12878
ENSG00000121594	SIMPLE_AND	INCONSISTENT	GM12878
ENSG00000121690	BIVALENT	INCONSISTENT	NEITHER
ENSG00000121742	REPRESSED	NULL	NEITHER
ENSG00000121743	BIVALENT	INCONSISTENT	NEITHER
ENSG00000121749	SIMPLE_AND	COMPLEX	GM12878
ENSG00000121753	REPRESSED	BIVALENT	NEITHER
ENSG00000121764	INCONSISTENT	BIVALENT	NEITHER
ENSG00000121807	REPRESSED	NULL	NEITHER
ENSG00000121851	SIMPLE_AND	INCONSISTENT	GM12878
ENSG00000121858	SIMPLE_AND	INCONSISTENT	GM12878
ENSG00000121871	REPRESSED	NULL	NEITHER
ENSG00000121892	COMPLEX	SIMPLE_AND	K562
ENSG00000121895	SIMPLE_AND	INCONSISTENT	GM12878
ENSG00000121898	REPRESSED	NULL	NEITHER
ENSG00000121903	SIMPLE_AND	INCONSISTENT	GM12878
ENSG00000121904	REPRESSED	NULL	NEITHER
ENSG00000121905	NULL	INCONSISTENT	NEITHER
ENSG00000121931	COMPLEX	SIMPLE_AND	K562
ENSG00000121964	SIMPLE_AND	INCONSISTENT	GM12878
ENSG00000121966	BIVALENT	INCONSISTENT	NEITHER
ENSG00000121989	BIVALENT	INCONSISTENT	NEITHER
ENSG00000122012	BIVALENT	REPRESSED	NEITHER
ENSG00000122025	BIVALENT	REPRESSED	NEITHER
ENSG00000122042	SIMPLE_AND	INCONSISTENT	GM12878
ENSG00000122043	INCONSISTENT	NULL	NEITHER
ENSG00000122085	SIMPLE_AND	INCONSISTENT	GM12878
ENSG00000122122	SIMPLE_AND	NULL	GM12878
ENSG00000122126	SIMPLE_OR	INCONSISTENT	NEITHER
ENSG00000122136	NULL	REPRESSED	NEITHER
ENSG00000122176	NULL	REPRESSED	NEITHER
ENSG00000122180	NULL	REPRESSED	NEITHER
ENSG00000122188	INCONSISTENT	NULL	NEITHER
ENSG00000122194	NULL	REPRESSED	NEITHER
ENSG00000122223	SIMPLE_OR	REPRESSED	NEITHER
ENSG00000122224	SIMPLE_AND	NULL	GM12878
ENSG00000122254	REPRESSED	NULL	NEITHER
ENSG00000122304	NULL	REPRESSED	NEITHER
ENSG00000122335	SIMPLE_AND	INCONSISTENT	GM12878
ENSG00000122378	SIMPLE_OR	REPRESSED	NEITHER
ENSG00000122386	SIMPLE_AND	INCONSISTENT	GM12878
ENSG00000122390	SIMPLE_AND	SIMPLE_OR	GM12878
ENSG00000122417	SIMPLE_AND	INCONSISTENT	GM12878
ENSG00000122432	SIMPLE_AND	INCONSISTENT	GM12878
ENSG00000122435	SIMPLE_AND	INCONSISTENT	GM12878
ENSG00000122481	BIVALENT	INCONSISTENT	NEITHER
ENSG00000122490	SIMPLE_AND	INCONSISTENT	GM12878
ENSG00000122507	SIMPLE_AND	INCONSISTENT	GM12878
ENSG00000122515	SIMPLE_AND	INCONSISTENT	GM12878
ENSG00000122547	SIMPLE_OR	INCONSISTENT	NEITHER
ENSG00000122574	REPRESSED	INCONSISTENT	NEITHER
ENSG00000122584	REPRESSED	INCONSISTENT	NEITHER
ENSG00000122592	REPRESSED	NULL	NEITHER
ENSG00000122642	INCONSISTENT	SIMPLE_AND	K562
ENSG00000122644	INCONSISTENT	SIMPLE_AND	K562
ENSG00000122678	SIMPLE_AND	INCONSISTENT	GM12878
ENSG00000122679	NULL	REPRESSED	NEITHER
ENSG00000122691	REPRESSED	INCONSISTENT	NEITHER
ENSG00000122694	BIVALENT	INCONSISTENT	NEITHER
ENSG00000122729	INCONSISTENT	SIMPLE_AND	K562
ENSG00000122733	REPRESSED	INCONSISTENT	NEITHER
ENSG00000122735	BIVALENT	INCONSISTENT	NEITHER
ENSG00000122756	REPRESSED	INCONSISTENT	NEITHER
ENSG00000122861	SIMPLE_OR	INCONSISTENT	NEITHER
ENSG00000122863	BIVALENT	REPRESSED	NEITHER
ENSG00000122870	REPRESSED	NULL	NEITHER
ENSG00000122877	BIVALENT	INCONSISTENT	NEITHER
ENSG00000122958	COMPLEX	SIMPLE_AND	K562
ENSG00000122970	SIMPLE_AND	INCONSISTENT	GM12878
ENSG00000123066	BIVALENT	SIMPLE_AND	K562
ENSG00000123080	INCONSISTENT	SIMPLE_AND	K562
ENSG00000123104	SIMPLE_AND	INCONSISTENT	GM12878
ENSG00000123106	NULL	SIMPLE_OR	NEITHER
ENSG00000123119	NULL	BIVALENT	NEITHER
ENSG00000123131	SIMPLE_OR	NULL	NEITHER
ENSG00000123136	COMPLEX	SIMPLE_AND	K562
ENSG00000123154	SIMPLE_AND	INCONSISTENT	GM12878
ENSG00000123159	SIMPLE_OR	SIMPLE_AND	K562
ENSG00000123178	SIMPLE_AND	INCONSISTENT	GM12878
ENSG00000123191	BIVALENT	SIMPLE_AND	K562
ENSG00000123200	SIMPLE_AND	INCONSISTENT	GM12878
ENSG00000123201	NULL	INCONSISTENT	NEITHER
ENSG00000123240	SIMPLE_AND	INCONSISTENT	GM12878
ENSG00000123243	REPRESSED	BIVALENT	NEITHER
ENSG00000123329	SIMPLE_AND	INCONSISTENT	GM12878
ENSG00000123338	SIMPLE_AND	INCONSISTENT	GM12878
ENSG00000123342	NULL	INCONSISTENT	NEITHER
ENSG00000123358	BIVALENT	INCONSISTENT	NEITHER
ENSG00000123360	NULL	BIVALENT	NEITHER
ENSG00000123364	REPRESSED	INCONSISTENT	NEITHER
ENSG00000123384	BIVALENT	INCONSISTENT	NEITHER
ENSG00000123388	REPRESSED	INCONSISTENT	NEITHER
ENSG00000123405	REPRESSED	SIMPLE_AND	K562
ENSG00000123427	SIMPLE_AND	INCONSISTENT	GM12878
ENSG00000123444	SIMPLE_AND	INCONSISTENT	GM12878
ENSG00000123453	NULL	INCONSISTENT	NEITHER
ENSG00000123454	REPRESSED	NULL	NEITHER
ENSG00000123500	REPRESSED	INCONSISTENT	NEITHER
ENSG00000123575	SIMPLE_AND	INCONSISTENT	GM12878
ENSG00000123576	REPRESSED	NULL	NEITHER
ENSG00000123595	SIMPLE_AND	INCONSISTENT	GM12878
ENSG00000123600	COMPLEX	SIMPLE_AND	K562
ENSG00000123609	SIMPLE_AND	INCONSISTENT	GM12878
ENSG00000123612	REPRESSED	BIVALENT	NEITHER
ENSG00000123643	REPRESSED	NULL	NEITHER
ENSG00000123685	SIMPLE_OR	BIVALENT	NEITHER
ENSG00000123689	INCONSISTENT	BIVALENT	NEITHER
ENSG00000123700	BIVALENT	INCONSISTENT	NEITHER
ENSG00000123836	NULL	SIMPLE_OR	NEITHER
ENSG00000123892	SIMPLE_OR	INCONSISTENT	NEITHER
ENSG00000123901	REPRESSED	NULL	NEITHER
ENSG00000123933	SIMPLE_AND	INCONSISTENT	GM12878
ENSG00000123977	REPRESSED	NULL	NEITHER
ENSG00000123989	BIVALENT	SIMPLE_AND	K562
ENSG00000123999	NULL	INCONSISTENT	NEITHER
ENSG00000124003	REPRESSED	NULL	NEITHER
ENSG00000124006	NULL	SIMPLE_AND	K562
ENSG00000124019	NULL	INCONSISTENT	NEITHER
ENSG00000124074	SIMPLE_AND	INCONSISTENT	GM12878
ENSG00000124091	NULL	REPRESSED	NEITHER
ENSG00000124092	NULL	SIMPLE_AND	K562
ENSG00000124097	REPRESSED	NULL	NEITHER
ENSG00000124098	INCONSISTENT	SIMPLE_AND	K562
ENSG00000124104	SIMPLE_OR	INCONSISTENT	NEITHER
ENSG00000124107	REPRESSED	NULL	NEITHER
ENSG00000124120	SIMPLE_AND	INCONSISTENT	GM12878
ENSG00000124126	SIMPLE_AND	INCONSISTENT	GM12878
ENSG00000124134	NULL	REPRESSED	NEITHER
ENSG00000124171	SIMPLE_AND	INCONSISTENT	GM12878
ENSG00000124191	SIMPLE_AND	INCONSISTENT	GM12878
ENSG00000124194	REPRESSED	NULL	NEITHER
ENSG00000124196	NULL	REPRESSED	NEITHER
ENSG00000124203	REPRESSED	NULL	NEITHER
ENSG00000124205	NULL	REPRESSED	NEITHER
ENSG00000124208	INCONSISTENT	SIMPLE_AND	K562
ENSG00000124209	SIMPLE_AND	INCONSISTENT	GM12878
ENSG00000124214	COMPLEX	SIMPLE_AND	K562
ENSG00000124215	NULL	REPRESSED	NEITHER
ENSG00000124217	SIMPLE_AND	INCONSISTENT	GM12878
ENSG00000124227	REPRESSED	BIVALENT	NEITHER
ENSG00000124232	REPRESSED	NULL	NEITHER
ENSG00000124233	REPRESSED	NULL	NEITHER
ENSG00000124243	SIMPLE_AND	INCONSISTENT	GM12878
ENSG00000124249	REPRESSED	INCONSISTENT	NEITHER
ENSG00000124251	BIVALENT	INCONSISTENT	NEITHER
ENSG00000124253	REPRESSED	INCONSISTENT	NEITHER
ENSG00000124256	SIMPLE_AND	NULL	GM12878
ENSG00000124257	SIMPLE_AND	INCONSISTENT	GM12878
ENSG00000124260	NULL	INCONSISTENT	NEITHER
ENSG00000124275	REPRESSED	NULL	NEITHER
ENSG00000124279	SIMPLE_AND	INCONSISTENT	GM12878
ENSG00000124299	SIMPLE_OR	BIVALENT	NEITHER
ENSG00000124313	REPRESSED	BIVALENT	NEITHER
ENSG00000124334	SIMPLE_AND	INCONSISTENT	GM12878
ENSG00000124357	SIMPLE_AND	NULL	GM12878
ENSG00000124370	SIMPLE_AND	INCONSISTENT	GM12878
ENSG00000124391	REPRESSED	NULL	NEITHER
ENSG00000124406	SIMPLE_AND	INCONSISTENT	GM12878
ENSG00000124429	SIMPLE_AND	NULL	GM12878
ENSG00000124444	SIMPLE_AND	INCONSISTENT	GM12878
ENSG00000124449	NULL	REPRESSED	NEITHER
ENSG00000124491	BIVALENT	NULL	NEITHER
ENSG00000124493	NULL	REPRESSED	NEITHER
ENSG00000124496	SIMPLE_AND	INCONSISTENT	GM12878
ENSG00000124507	SIMPLE_AND	INCONSISTENT	GM12878
ENSG00000124508	SIMPLE_AND	INCONSISTENT	GM12878
ENSG00000124523	SIMPLE_AND	INCONSISTENT	GM12878
ENSG00000124549	SIMPLE_AND	INCONSISTENT	GM12878
ENSG00000124557	INCONSISTENT	NULL	NEITHER
ENSG00000124564	INCONSISTENT	NULL	NEITHER
ENSG00000124570	REPRESSED	SIMPLE_AND	K562
ENSG00000124588	INCONSISTENT	SIMPLE_AND	K562
ENSG00000124593	SIMPLE_OR	INCONSISTENT	NEITHER
ENSG00000124610	REPRESSED	NULL	NEITHER
ENSG00000124615	BIVALENT	INCONSISTENT	NEITHER
ENSG00000124664	NULL	COMPLEX	NEITHER
ENSG00000124743	NULL	REPRESSED	NEITHER
ENSG00000124762	SIMPLE_AND	BIVALENT	GM12878
ENSG00000124766	SIMPLE_AND	INCONSISTENT	GM12878
ENSG00000124767	SIMPLE_AND	COMPLEX	GM12878
ENSG00000124772	BIVALENT	INCONSISTENT	NEITHER
ENSG00000124783	NULL	SIMPLE_OR	NEITHER
ENSG00000124786	SIMPLE_AND	INCONSISTENT	GM12878
ENSG00000124787	SIMPLE_AND	INCONSISTENT	GM12878
ENSG00000124788	SIMPLE_AND	INCONSISTENT	GM12878
ENSG00000124795	SIMPLE_AND	COMPLEX	GM12878
ENSG00000124827	REPRESSED	NULL	NEITHER
ENSG00000124835	SIMPLE_OR	NULL	NEITHER
ENSG00000124839	NULL	REPRESSED	NEITHER
ENSG00000124882	REPRESSED	INCONSISTENT	NEITHER
ENSG00000124915	SIMPLE_AND	INCONSISTENT	GM12878
ENSG00000124920	SIMPLE_OR	SIMPLE_AND	K562
ENSG00000124939	REPRESSED	NULL	NEITHER
ENSG00000124942	SIMPLE_AND	SIMPLE_OR	GM12878
ENSG00000125046	NULL	REPRESSED	NEITHER
ENSG00000125084	BIVALENT	REPRESSED	NEITHER
ENSG00000125122	SIMPLE_AND	INCONSISTENT	GM12878
ENSG00000125124	NULL	REPRESSED	NEITHER
ENSG00000125170	SIMPLE_AND	INCONSISTENT	GM12878
ENSG00000125246	SIMPLE_AND	INCONSISTENT	GM12878
ENSG00000125249	SIMPLE_AND	INCONSISTENT	GM12878
ENSG00000125255	COMPLEX	NULL	NEITHER
ENSG00000125266	BIVALENT	INCONSISTENT	NEITHER
ENSG00000125285	REPRESSED	INCONSISTENT	NEITHER
ENSG00000125337	NULL	BIVALENT	NEITHER
ENSG00000125347	REPRESSED	NULL	NEITHER
ENSG00000125351	SIMPLE_AND	INCONSISTENT	GM12878
ENSG00000125355	BIVALENT	NULL	NEITHER
ENSG00000125375	SIMPLE_AND	INCONSISTENT	GM12878
ENSG00000125378	INCONSISTENT	NULL	NEITHER
ENSG00000125385	NULL	REPRESSED	NEITHER
ENSG00000125398	BIVALENT	NULL	NEITHER
ENSG00000125430	REPRESSED	INCONSISTENT	NEITHER
ENSG00000125434	SIMPLE_AND	INCONSISTENT	GM12878
ENSG00000125462	SIMPLE_AND	INCONSISTENT	GM12878
ENSG00000125482	SIMPLE_AND	INCONSISTENT	GM12878
ENSG00000125510	BIVALENT	INCONSISTENT	NEITHER
ENSG00000125514	NULL	REPRESSED	NEITHER
ENSG00000125533	BIVALENT	NULL	NEITHER
ENSG00000125534	SIMPLE_AND	BIVALENT	GM12878
ENSG00000125571	NULL	REPRESSED	NEITHER
ENSG00000125611	SIMPLE_AND	INCONSISTENT	GM12878
ENSG00000125629	SIMPLE_AND	INCONSISTENT	GM12878
ENSG00000125633	SIMPLE_AND	INCONSISTENT	GM12878
ENSG00000125695	INCONSISTENT	NULL	NEITHER
ENSG00000125703	SIMPLE_AND	INCONSISTENT	GM12878
ENSG00000125726	SIMPLE_AND	INCONSISTENT	GM12878
ENSG00000125730	SIMPLE_OR	SIMPLE_AND	K562
ENSG00000125731	SIMPLE_AND	INCONSISTENT	GM12878
ENSG00000125735	SIMPLE_AND	NULL	GM12878
ENSG00000125740	SIMPLE_AND	INCONSISTENT	GM12878
ENSG00000125741	REPRESSED	BIVALENT	NEITHER
ENSG00000125744	BIVALENT	SIMPLE_AND	K562
ENSG00000125755	BIVALENT	SIMPLE_AND	K562
ENSG00000125772	SIMPLE_AND	INCONSISTENT	GM12878
ENSG00000125775	INCONSISTENT	NULL	NEITHER
ENSG00000125787	SIMPLE_AND	INCONSISTENT	GM12878
ENSG00000125798	REPRESSED	INCONSISTENT	NEITHER
ENSG00000125804	INCONSISTENT	NULL	NEITHER
ENSG00000125812	SIMPLE_AND	INCONSISTENT	GM12878
ENSG00000125813	REPRESSED	NULL	NEITHER
ENSG00000125814	SIMPLE_AND	INCONSISTENT	GM12878
ENSG00000125816	REPRESSED	NULL	NEITHER
ENSG00000125820	REPRESSED	NULL	NEITHER
ENSG00000125821	SIMPLE_AND	INCONSISTENT	GM12878
ENSG00000125827	SIMPLE_AND	INCONSISTENT	GM12878
ENSG00000125834	SIMPLE_AND	INCONSISTENT	GM12878
ENSG00000125843	SIMPLE_AND	INCONSISTENT	GM12878
ENSG00000125844	SIMPLE_AND	BIVALENT	GM12878
ENSG00000125845	BIVALENT	NULL	NEITHER
ENSG00000125846	SIMPLE_AND	INCONSISTENT	GM12878
ENSG00000125848	INCONSISTENT	NULL	NEITHER
ENSG00000125850	REPRESSED	INCONSISTENT	NEITHER
ENSG00000125851	REPRESSED	NULL	NEITHER
ENSG00000125861	REPRESSED	NULL	NEITHER
ENSG00000125863	SIMPLE_AND	INCONSISTENT	GM12878
ENSG00000125869	BIVALENT	NULL	NEITHER
ENSG00000125870	SIMPLE_AND	COMPLEX	GM12878
ENSG00000125872	BIVALENT	NULL	NEITHER
ENSG00000125878	REPRESSED	INCONSISTENT	NEITHER
ENSG00000125888	NULL	REPRESSED	NEITHER
ENSG00000125895	REPRESSED	INCONSISTENT	NEITHER
ENSG00000125898	SIMPLE_AND	INCONSISTENT	GM12878
ENSG00000125901	SIMPLE_AND	INCONSISTENT	GM12878
ENSG00000125931	REPRESSED	INCONSISTENT	NEITHER
ENSG00000125945	SIMPLE_AND	INCONSISTENT	GM12878
ENSG00000125954	COMPLEX	INCONSISTENT	NEITHER
ENSG00000125962	SIMPLE_AND	INCONSISTENT	GM12878
ENSG00000125966	REPRESSED	BIVALENT	NEITHER
ENSG00000125968	BIVALENT	SIMPLE_AND	K562
ENSG00000125970	COMPLEX	SIMPLE_AND	K562
ENSG00000125998	NULL	REPRESSED	NEITHER
ENSG00000125999	NULL	REPRESSED	NEITHER
ENSG00000126016	SIMPLE_AND	INCONSISTENT	GM12878
ENSG00000126091	SIMPLE_AND	INCONSISTENT	GM12878
ENSG00000126106	SIMPLE_AND	INCONSISTENT	GM12878
ENSG00000126243	INCONSISTENT	BIVALENT	NEITHER
ENSG00000126246	SIMPLE_AND	INCONSISTENT	GM12878
ENSG00000126251	REPRESSED	NULL	NEITHER
ENSG00000126259	BIVALENT	INCONSISTENT	NEITHER
ENSG00000126262	NULL	REPRESSED	NEITHER
ENSG00000126264	SIMPLE_AND	INCONSISTENT	GM12878
ENSG00000126266	SIMPLE_AND	NULL	GM12878
ENSG00000126353	SIMPLE_AND	COMPLEX	GM12878
ENSG00000126368	SIMPLE_AND	INCONSISTENT	GM12878
ENSG00000126460	SIMPLE_AND	INCONSISTENT	GM12878
ENSG00000126461	SIMPLE_AND	INCONSISTENT	GM12878
ENSG00000126464	SIMPLE_AND	INCONSISTENT	GM12878
ENSG00000126467	NULL	INCONSISTENT	NEITHER
ENSG00000126500	REPRESSED	INCONSISTENT	NEITHER
ENSG00000126562	REPRESSED	SIMPLE_AND	K562
ENSG00000126583	NULL	INCONSISTENT	NEITHER
ENSG00000126603	BIVALENT	INCONSISTENT	NEITHER
ENSG00000126705	SIMPLE_OR	SIMPLE_AND	K562
ENSG00000126709	SIMPLE_AND	INCONSISTENT	GM12878
ENSG00000126733	NULL	INCONSISTENT	NEITHER
ENSG00000126752	NULL	SIMPLE_OR	NEITHER
ENSG00000126759	SIMPLE_AND	NULL	GM12878
ENSG00000126767	COMPLEX	SIMPLE_AND	K562
ENSG00000126775	SIMPLE_AND	INCONSISTENT	GM12878
ENSG00000126778	BIVALENT	NULL	NEITHER
ENSG00000126785	REPRESSED	NULL	NEITHER
ENSG00000126804	SIMPLE_AND	INCONSISTENT	GM12878
ENSG00000126814	SIMPLE_AND	INCONSISTENT	GM12878
ENSG00000126821	SIMPLE_AND	INCONSISTENT	GM12878
ENSG00000126860	SIMPLE_AND	NULL	GM12878
ENSG00000126878	REPRESSED	BIVALENT	NEITHER
ENSG00000126950	REPRESSED	NULL	NEITHER
ENSG00000126970	NULL	INCONSISTENT	NEITHER
ENSG00000127074	REPRESSED	NULL	NEITHER
ENSG00000127081	SIMPLE_AND	INCONSISTENT	GM12878
ENSG00000127084	REPRESSED	BIVALENT	NEITHER
ENSG00000127124	SIMPLE_AND	INCONSISTENT	GM12878
ENSG00000127125	SIMPLE_AND	COMPLEX	GM12878
ENSG00000127129	INCONSISTENT	NULL	NEITHER
ENSG00000127152	BIVALENT	INCONSISTENT	NEITHER
ENSG00000127184	COMPLEX	SIMPLE_AND	K562
ENSG00000127191	SIMPLE_AND	SIMPLE_OR	GM12878
ENSG00000127220	SIMPLE_AND	INCONSISTENT	GM12878
ENSG00000127241	REPRESSED	NULL	NEITHER
ENSG00000127249	SIMPLE_AND	INCONSISTENT	GM12878
ENSG00000127252	REPRESSED	INCONSISTENT	NEITHER
ENSG00000127311	SIMPLE_AND	INCONSISTENT	GM12878
ENSG00000127324	REPRESSED	BIVALENT	NEITHER
ENSG00000127328	SIMPLE_AND	INCONSISTENT	GM12878
ENSG00000127412	NULL	REPRESSED	NEITHER
ENSG00000127415	SIMPLE_AND	INCONSISTENT	GM12878
ENSG00000127418	BIVALENT	SIMPLE_OR	NEITHER
ENSG00000127472	NULL	INCONSISTENT	NEITHER
ENSG00000127507	NULL	SIMPLE_AND	K562
ENSG00000127527	SIMPLE_AND	COMPLEX	GM12878
ENSG00000127528	SIMPLE_AND	BIVALENT	GM12878
ENSG00000127529	NULL	REPRESSED	NEITHER
ENSG00000127530	NULL	REPRESSED	NEITHER
ENSG00000127533	INCONSISTENT	SIMPLE_AND	K562
ENSG00000127554	BIVALENT	SIMPLE_AND	K562
ENSG00000127578	NULL	INCONSISTENT	NEITHER
ENSG00000127580	SIMPLE_AND	INCONSISTENT	GM12878
ENSG00000127585	NULL	INCONSISTENT	NEITHER
ENSG00000127588	REPRESSED	NULL	NEITHER
ENSG00000127666	SIMPLE_AND	INCONSISTENT	GM12878
ENSG00000127720	SIMPLE_AND	INCONSISTENT	GM12878
ENSG00000127804	COMPLEX	SIMPLE_AND	K562
ENSG00000127831	NULL	INCONSISTENT	NEITHER
ENSG00000127863	SIMPLE_AND	NULL	GM12878
ENSG00000127920	INCONSISTENT	NULL	NEITHER
ENSG00000127928	NULL	INCONSISTENT	NEITHER
ENSG00000127951	INCONSISTENT	NULL	NEITHER
ENSG00000127954	REPRESSED	NULL	NEITHER
ENSG00000127980	SIMPLE_AND	INCONSISTENT	GM12878
ENSG00000127989	SIMPLE_AND	COMPLEX	GM12878
ENSG00000127990	SIMPLE_AND	INCONSISTENT	GM12878
ENSG00000127993	SIMPLE_AND	INCONSISTENT	GM12878
ENSG00000127995	SIMPLE_AND	INCONSISTENT	GM12878
ENSG00000128000	SIMPLE_AND	INCONSISTENT	GM12878
ENSG00000128011	SIMPLE_OR	INCONSISTENT	NEITHER
ENSG00000128016	SIMPLE_AND	INCONSISTENT	GM12878
ENSG00000128039	INCONSISTENT	SIMPLE_AND	K562
ENSG00000128040	BIVALENT	INCONSISTENT	NEITHER
ENSG00000128052	NULL	REPRESSED	NEITHER
ENSG00000128165	BIVALENT	INCONSISTENT	NEITHER
ENSG00000128203	SIMPLE_AND	INCONSISTENT	GM12878
ENSG00000128218	INCONSISTENT	NULL	NEITHER
ENSG00000128274	COMPLEX	INCONSISTENT	NEITHER
ENSG00000128283	REPRESSED	SIMPLE_AND	K562
ENSG00000128322	REPRESSED	NULL	NEITHER
ENSG00000128335	SIMPLE_AND	INCONSISTENT	GM12878
ENSG00000128340	NULL	SIMPLE_OR	NEITHER
ENSG00000128342	BIVALENT	INCONSISTENT	NEITHER
ENSG00000128383	INCONSISTENT	NULL	NEITHER
ENSG00000128394	SIMPLE_AND	INCONSISTENT	GM12878
ENSG00000128482	REPRESSED	NULL	NEITHER
ENSG00000128487	BIVALENT	SIMPLE_AND	K562
ENSG00000128512	SIMPLE_AND	BIVALENT	GM12878
ENSG00000128519	NULL	REPRESSED	NEITHER
ENSG00000128563	SIMPLE_OR	SIMPLE_AND	K562
ENSG00000128564	BIVALENT	INCONSISTENT	NEITHER
ENSG00000128573	BIVALENT	NULL	NEITHER
ENSG00000128581	SIMPLE_AND	INCONSISTENT	GM12878
ENSG00000128590	SIMPLE_AND	INCONSISTENT	GM12878
ENSG00000128591	REPRESSED	SIMPLE_AND	K562
ENSG00000128596	SIMPLE_OR	SIMPLE_AND	K562
ENSG00000128602	SIMPLE_OR	BIVALENT	NEITHER
ENSG00000128604	SIMPLE_AND	REPRESSED	GM12878
ENSG00000128610	REPRESSED	NULL	NEITHER
ENSG00000128617	REPRESSED	NULL	NEITHER
ENSG00000128641	BIVALENT	NULL	NEITHER
ENSG00000128645	REPRESSED	BIVALENT	NEITHER
ENSG00000128652	REPRESSED	NULL	NEITHER
ENSG00000128683	REPRESSED	NULL	NEITHER
ENSG00000128694	SIMPLE_AND	INCONSISTENT	GM12878
ENSG00000128699	COMPLEX	INCONSISTENT	NEITHER
ENSG00000128731	SIMPLE_AND	SIMPLE_OR	GM12878
ENSG00000128739	REPRESSED	NULL	NEITHER
ENSG00000128789	SIMPLE_OR	SIMPLE_AND	K562
ENSG00000128805	SIMPLE_AND	SIMPLE_OR	GM12878
ENSG00000128815	SIMPLE_AND	REPRESSED	GM12878
ENSG00000128833	BIVALENT	NULL	NEITHER
ENSG00000128849	REPRESSED	BIVALENT	NEITHER
ENSG00000128872	SIMPLE_OR	INCONSISTENT	NEITHER
ENSG00000128881	SIMPLE_AND	INCONSISTENT	GM12878
ENSG00000128886	SIMPLE_AND	INCONSISTENT	GM12878
ENSG00000128891	SIMPLE_AND	INCONSISTENT	GM12878
ENSG00000128917	BIVALENT	INCONSISTENT	NEITHER
ENSG00000128928	SIMPLE_AND	NULL	GM12878
ENSG00000128965	SIMPLE_AND	INCONSISTENT	GM12878
ENSG00000129007	NULL	INCONSISTENT	NEITHER
ENSG00000129028	INCONSISTENT	NULL	NEITHER
ENSG00000129038	REPRESSED	BIVALENT	NEITHER
ENSG00000129084	SIMPLE_OR	SIMPLE_AND	K562
ENSG00000129152	REPRESSED	NULL	NEITHER
ENSG00000129158	SIMPLE_AND	INCONSISTENT	GM12878
ENSG00000129159	REPRESSED	INCONSISTENT	NEITHER
ENSG00000129167	NULL	REPRESSED	NEITHER
ENSG00000129173	SIMPLE_AND	INCONSISTENT	GM12878
ENSG00000129194	NULL	INCONSISTENT	NEITHER
ENSG00000129195	SIMPLE_AND	INCONSISTENT	GM12878
ENSG00000129204	REPRESSED	NULL	NEITHER
ENSG00000129219	SIMPLE_OR	INCONSISTENT	NEITHER
ENSG00000129244	NULL	INCONSISTENT	NEITHER
ENSG00000129292	COMPLEX	SIMPLE_AND	K562
ENSG00000129295	BIVALENT	INCONSISTENT	NEITHER
ENSG00000129422	REPRESSED	BIVALENT	NEITHER
ENSG00000129451	REPRESSED	NULL	NEITHER
ENSG00000129455	NULL	INCONSISTENT	NEITHER
ENSG00000129465	SIMPLE_AND	NULL	GM12878
ENSG00000129467	REPRESSED	INCONSISTENT	NEITHER
ENSG00000129472	SIMPLE_AND	INCONSISTENT	GM12878
ENSG00000129473	SIMPLE_AND	INCONSISTENT	GM12878
ENSG00000129474	BIVALENT	INCONSISTENT	NEITHER
ENSG00000129484	SIMPLE_AND	INCONSISTENT	GM12878
ENSG00000129514	NULL	INCONSISTENT	NEITHER
ENSG00000129534	SIMPLE_AND	COMPLEX	GM12878
ENSG00000129535	SIMPLE_AND	INCONSISTENT	GM12878
ENSG00000129538	NULL	INCONSISTENT	NEITHER
ENSG00000129566	SIMPLE_AND	INCONSISTENT	GM12878
ENSG00000129595	BIVALENT	INCONSISTENT	NEITHER
ENSG00000129654	REPRESSED	INCONSISTENT	NEITHER
ENSG00000129667	SIMPLE_AND	INCONSISTENT	GM12878
ENSG00000129675	SIMPLE_AND	NULL	GM12878
ENSG00000129680	NULL	REPRESSED	NEITHER
ENSG00000129744	NULL	INCONSISTENT	NEITHER
ENSG00000129757	BIVALENT	SIMPLE_AND	K562
ENSG00000129910	REPRESSED	INCONSISTENT	NEITHER
ENSG00000129925	NULL	SIMPLE_AND	K562
ENSG00000129946	NULL	INCONSISTENT	NEITHER
ENSG00000129951	NULL	SIMPLE_AND	K562
ENSG00000129991	NULL	INCONSISTENT	NEITHER
ENSG00000130005	SIMPLE_OR	SIMPLE_AND	K562
ENSG00000130035	REPRESSED	NULL	NEITHER
ENSG00000130037	REPRESSED	NULL	NEITHER
ENSG00000130045	NULL	INCONSISTENT	NEITHER
ENSG00000130119	SIMPLE_AND	COMPLEX	GM12878
ENSG00000130147	REPRESSED	NULL	NEITHER
ENSG00000130158	SIMPLE_OR	INCONSISTENT	NEITHER
ENSG00000130167	NULL	REPRESSED	NEITHER
ENSG00000130176	NULL	INCONSISTENT	NEITHER
ENSG00000130202	BIVALENT	SIMPLE_AND	K562
ENSG00000130203	NULL	SIMPLE_AND	K562
ENSG00000130208	INCONSISTENT	SIMPLE_AND	K562
ENSG00000130222	BIVALENT	INCONSISTENT	NEITHER
ENSG00000130270	SIMPLE_AND	INCONSISTENT	GM12878
ENSG00000130283	REPRESSED	INCONSISTENT	NEITHER
ENSG00000130287	NULL	REPRESSED	NEITHER
ENSG00000130294	NULL	REPRESSED	NEITHER
ENSG00000130304	SIMPLE_AND	INCONSISTENT	GM12878
ENSG00000130311	SIMPLE_AND	INCONSISTENT	GM12878
ENSG00000130347	SIMPLE_AND	INCONSISTENT	GM12878
ENSG00000130349	SIMPLE_AND	INCONSISTENT	GM12878
ENSG00000130363	SIMPLE_AND	INCONSISTENT	GM12878
ENSG00000130368	NULL	REPRESSED	NEITHER
ENSG00000130396	BIVALENT	SIMPLE_AND	K562
ENSG00000130413	SIMPLE_AND	REPRESSED	GM12878
ENSG00000130427	REPRESSED	NULL	NEITHER
ENSG00000130477	REPRESSED	INCONSISTENT	NEITHER
ENSG00000130487	SIMPLE_AND	NULL	GM12878
ENSG00000130518	NULL	INCONSISTENT	NEITHER
ENSG00000130528	NULL	INCONSISTENT	NEITHER
ENSG00000130529	NULL	SIMPLE_AND	K562
ENSG00000130540	NULL	BIVALENT	NEITHER
ENSG00000130544	SIMPLE_AND	INCONSISTENT	GM12878
ENSG00000130589	SIMPLE_AND	INCONSISTENT	GM12878
ENSG00000130590	SIMPLE_AND	INCONSISTENT	GM12878
ENSG00000130592	SIMPLE_AND	NULL	GM12878
ENSG00000130635	REPRESSED	NULL	NEITHER
ENSG00000130640	REPRESSED	SIMPLE_OR	NEITHER
ENSG00000130643	COMPLEX	INCONSISTENT	NEITHER
ENSG00000130649	SIMPLE_OR	INCONSISTENT	NEITHER
ENSG00000130653	SIMPLE_AND	INCONSISTENT	GM12878
ENSG00000130656	NULL	SIMPLE_OR	NEITHER
ENSG00000130684	SIMPLE_AND	INCONSISTENT	GM12878
ENSG00000130700	NULL	INCONSISTENT	NEITHER
ENSG00000130702	BIVALENT	SIMPLE_AND	K562
ENSG00000130707	NULL	SIMPLE_OR	NEITHER
ENSG00000130714	SIMPLE_AND	INCONSISTENT	GM12878
ENSG00000130741	SIMPLE_AND	SIMPLE_OR	GM12878
ENSG00000130748	INCONSISTENT	SIMPLE_AND	K562
ENSG00000130751	BIVALENT	INCONSISTENT	NEITHER
ENSG00000130758	SIMPLE_AND	INCONSISTENT	GM12878
ENSG00000130762	NULL	INCONSISTENT	NEITHER
ENSG00000130775	SIMPLE_AND	INCONSISTENT	GM12878
ENSG00000130783	SIMPLE_AND	NULL	GM12878
ENSG00000130787	BIVALENT	INCONSISTENT	NEITHER
ENSG00000130812	SIMPLE_AND	INCONSISTENT	GM12878
ENSG00000130813	SIMPLE_AND	INCONSISTENT	GM12878
ENSG00000130818	COMPLEX	SIMPLE_AND	K562
ENSG00000130821	NULL	SIMPLE_AND	K562
ENSG00000130822	NULL	INCONSISTENT	NEITHER
ENSG00000130827	SIMPLE_AND	INCONSISTENT	GM12878
ENSG00000130829	REPRESSED	INCONSISTENT	NEITHER
ENSG00000130830	SIMPLE_OR	SIMPLE_AND	K562
ENSG00000130844	COMPLEX	INCONSISTENT	NEITHER
ENSG00000130876	REPRESSED	NULL	NEITHER
ENSG00000130881	SIMPLE_AND	INCONSISTENT	GM12878
ENSG00000130957	NULL	REPRESSED	NEITHER
ENSG00000130958	SIMPLE_AND	INCONSISTENT	GM12878
ENSG00000130962	NULL	INCONSISTENT	NEITHER
ENSG00000130997	SIMPLE_AND	INCONSISTENT	GM12878
ENSG00000131015	BIVALENT	INCONSISTENT	NEITHER
ENSG00000131016	REPRESSED	BIVALENT	NEITHER
ENSG00000131018	REPRESSED	NULL	NEITHER
ENSG00000131019	BIVALENT	INCONSISTENT	NEITHER
ENSG00000131037	NULL	REPRESSED	NEITHER
ENSG00000131050	NULL	REPRESSED	NEITHER
ENSG00000131059	REPRESSED	NULL	NEITHER
ENSG00000131061	SIMPLE_AND	INCONSISTENT	GM12878
ENSG00000131067	SIMPLE_OR	INCONSISTENT	NEITHER
ENSG00000131069	SIMPLE_OR	SIMPLE_AND	K562
ENSG00000131080	SIMPLE_AND	NULL	GM12878
ENSG00000131096	BIVALENT	INCONSISTENT	NEITHER
ENSG00000131115	COMPLEX	INCONSISTENT	NEITHER
ENSG00000131116	SIMPLE_AND	INCONSISTENT	GM12878
ENSG00000131126	NULL	REPRESSED	NEITHER
ENSG00000131127	COMPLEX	NULL	NEITHER
ENSG00000131149	REPRESSED	SIMPLE_AND	K562
ENSG00000131171	COMPLEX	SIMPLE_AND	K562
ENSG00000131183	SIMPLE_OR	INCONSISTENT	NEITHER
ENSG00000131188	SIMPLE_AND	INCONSISTENT	GM12878
ENSG00000131196	BIVALENT	INCONSISTENT	NEITHER
ENSG00000131242	REPRESSED	SIMPLE_OR	NEITHER
ENSG00000131374	REPRESSED	NULL	NEITHER
ENSG00000131378	SIMPLE_AND	BIVALENT	GM12878
ENSG00000131386	NULL	REPRESSED	NEITHER
ENSG00000131389	BIVALENT	SIMPLE_AND	K562
ENSG00000131398	INCONSISTENT	SIMPLE_AND	K562
ENSG00000131400	SIMPLE_AND	INCONSISTENT	GM12878
ENSG00000131401	SIMPLE_AND	NULL	GM12878
ENSG00000131408	BIVALENT	SIMPLE_AND	K562
ENSG00000131409	NULL	SIMPLE_OR	NEITHER
ENSG00000131435	REPRESSED	SIMPLE_AND	K562
ENSG00000131437	SIMPLE_AND	INCONSISTENT	GM12878
ENSG00000131446	SIMPLE_OR	NULL	NEITHER
ENSG00000131459	REPRESSED	INCONSISTENT	NEITHER
ENSG00000131470	SIMPLE_AND	INCONSISTENT	GM12878
ENSG00000131507	BIVALENT	SIMPLE_AND	K562
ENSG00000131508	SIMPLE_AND	NULL	GM12878
ENSG00000131591	SIMPLE_OR	BIVALENT	NEITHER
ENSG00000131620	REPRESSED	INCONSISTENT	NEITHER
ENSG00000131626	SIMPLE_AND	BIVALENT	GM12878
ENSG00000131650	SIMPLE_OR	INCONSISTENT	NEITHER
ENSG00000131668	REPRESSED	NULL	NEITHER
ENSG00000131669	SIMPLE_AND	INCONSISTENT	GM12878
ENSG00000131686	NULL	REPRESSED	NEITHER
ENSG00000131711	INCONSISTENT	SIMPLE_AND	K562
ENSG00000131721	NULL	SIMPLE_AND	K562
ENSG00000131724	SIMPLE_OR	INCONSISTENT	NEITHER
ENSG00000131737	NULL	REPRESSED	NEITHER
ENSG00000131738	REPRESSED	NULL	NEITHER
ENSG00000131746	REPRESSED	NULL	NEITHER
ENSG00000131771	REPRESSED	NULL	NEITHER
ENSG00000131791	SIMPLE_AND	INCONSISTENT	GM12878
ENSG00000131797	SIMPLE_AND	INCONSISTENT	GM12878
ENSG00000131831	NULL	INCONSISTENT	NEITHER
ENSG00000131845	SIMPLE_AND	INCONSISTENT	GM12878
ENSG00000131848	COMPLEX	INCONSISTENT	NEITHER
ENSG00000131849	SIMPLE_AND	NULL	GM12878
ENSG00000131871	SIMPLE_AND	INCONSISTENT	GM12878
ENSG00000131899	SIMPLE_OR	INCONSISTENT	NEITHER
ENSG00000131910	NULL	INCONSISTENT	NEITHER
ENSG00000131914	REPRESSED	NULL	NEITHER
ENSG00000131931	SIMPLE_AND	INCONSISTENT	GM12878
ENSG00000131941	SIMPLE_OR	INCONSISTENT	NEITHER
ENSG00000131943	SIMPLE_AND	INCONSISTENT	GM12878
ENSG00000131944	SIMPLE_AND	INCONSISTENT	GM12878
ENSG00000131951	BIVALENT	INCONSISTENT	NEITHER
ENSG00000131969	REPRESSED	NULL	NEITHER
ENSG00000131979	SIMPLE_AND	INCONSISTENT	GM12878
ENSG00000132003	SIMPLE_AND	INCONSISTENT	GM12878
ENSG00000132004	COMPLEX	INCONSISTENT	NEITHER
ENSG00000132005	SIMPLE_AND	INCONSISTENT	GM12878
ENSG00000132010	SIMPLE_AND	INCONSISTENT	GM12878
ENSG00000132016	SIMPLE_AND	INCONSISTENT	GM12878
ENSG00000132024	SIMPLE_AND	INCONSISTENT	GM12878
ENSG00000132026	BIVALENT	INCONSISTENT	NEITHER
ENSG00000132109	SIMPLE_AND	INCONSISTENT	GM12878
ENSG00000132164	REPRESSED	NULL	NEITHER
ENSG00000132170	BIVALENT	REPRESSED	NEITHER
ENSG00000132185	SIMPLE_AND	INCONSISTENT	GM12878
ENSG00000132199	INCONSISTENT	SIMPLE_AND	K562
ENSG00000132204	NULL	SIMPLE_AND	K562
ENSG00000132207	NULL	SIMPLE_OR	NEITHER
ENSG00000132274	SIMPLE_AND	NULL	GM12878
ENSG00000132321	REPRESSED	NULL	NEITHER
ENSG00000132326	SIMPLE_AND	INCONSISTENT	GM12878
ENSG00000132329	REPRESSED	INCONSISTENT	NEITHER
ENSG00000132359	NULL	INCONSISTENT	NEITHER
ENSG00000132386	NULL	SIMPLE_AND	K562
ENSG00000132394	SIMPLE_AND	INCONSISTENT	GM12878
ENSG00000132405	BIVALENT	SIMPLE_AND	K562
ENSG00000132406	SIMPLE_AND	INCONSISTENT	GM12878
ENSG00000132423	SIMPLE_AND	INCONSISTENT	GM12878
ENSG00000132429	REPRESSED	INCONSISTENT	NEITHER
ENSG00000132434	SIMPLE_AND	INCONSISTENT	GM12878
ENSG00000132437	NULL	REPRESSED	NEITHER
ENSG00000132463	COMPLEX	SIMPLE_AND	K562
ENSG00000132465	SIMPLE_OR	NULL	NEITHER
ENSG00000132467	SIMPLE_AND	INCONSISTENT	GM12878
ENSG00000132470	INCONSISTENT	BIVALENT	NEITHER
ENSG00000132478	SIMPLE_AND	INCONSISTENT	GM12878
ENSG00000132481	BIVALENT	INCONSISTENT	NEITHER
ENSG00000132510	SIMPLE_AND	INCONSISTENT	GM12878
ENSG00000132530	SIMPLE_AND	INCONSISTENT	GM12878
ENSG00000132535	SIMPLE_AND	INCONSISTENT	GM12878
ENSG00000132541	INCONSISTENT	SIMPLE_AND	K562
ENSG00000132561	REPRESSED	BIVALENT	NEITHER
ENSG00000132563	SIMPLE_OR	INCONSISTENT	NEITHER
ENSG00000132570	SIMPLE_AND	INCONSISTENT	GM12878
ENSG00000132613	NULL	SIMPLE_AND	K562
ENSG00000132622	REPRESSED	NULL	NEITHER
ENSG00000132635	SIMPLE_AND	INCONSISTENT	GM12878
ENSG00000132640	SIMPLE_OR	INCONSISTENT	NEITHER
ENSG00000132664	SIMPLE_AND	INCONSISTENT	GM12878
ENSG00000132688	REPRESSED	INCONSISTENT	NEITHER
ENSG00000132694	BIVALENT	INCONSISTENT	NEITHER
ENSG00000132704	REPRESSED	NULL	NEITHER
ENSG00000132718	SIMPLE_AND	INCONSISTENT	GM12878
ENSG00000132749	INCONSISTENT	SIMPLE_AND	K562
ENSG00000132773	SIMPLE_AND	COMPLEX	GM12878
ENSG00000132781	SIMPLE_AND	INCONSISTENT	GM12878
ENSG00000132793	NULL	INCONSISTENT	NEITHER
ENSG00000132801	SIMPLE_AND	INCONSISTENT	GM12878
ENSG00000132825	SIMPLE_AND	INCONSISTENT	GM12878
ENSG00000132832	INCONSISTENT	NULL	NEITHER
ENSG00000132840	REPRESSED	NULL	NEITHER
ENSG00000132846	SIMPLE_AND	NULL	GM12878
ENSG00000132849	SIMPLE_AND	NULL	GM12878
ENSG00000132872	REPRESSED	NULL	NEITHER
ENSG00000132879	SIMPLE_OR	INCONSISTENT	NEITHER
ENSG00000132915	NULL	INCONSISTENT	NEITHER
ENSG00000132932	REPRESSED	INCONSISTENT	NEITHER
ENSG00000132938	REPRESSED	INCONSISTENT	NEITHER
ENSG00000132950	SIMPLE_AND	INCONSISTENT	GM12878
ENSG00000132952	SIMPLE_AND	INCONSISTENT	GM12878
ENSG00000132970	REPRESSED	INCONSISTENT	NEITHER
ENSG00000132975	REPRESSED	NULL	NEITHER
ENSG00000133026	SIMPLE_OR	SIMPLE_AND	K562
ENSG00000133055	NULL	REPRESSED	NEITHER
ENSG00000133056	SIMPLE_AND	BIVALENT	GM12878
ENSG00000133059	SIMPLE_AND	INCONSISTENT	GM12878
ENSG00000133063	SIMPLE_AND	INCONSISTENT	GM12878
ENSG00000133065	BIVALENT	SIMPLE_AND	K562
ENSG00000133067	REPRESSED	NULL	NEITHER
ENSG00000133069	BIVALENT	INCONSISTENT	NEITHER
ENSG00000133083	REPRESSED	NULL	NEITHER
ENSG00000133101	BIVALENT	INCONSISTENT	NEITHER
ENSG00000133103	SIMPLE_AND	INCONSISTENT	GM12878
ENSG00000133106	SIMPLE_AND	NULL	GM12878
ENSG00000133107	NULL	INCONSISTENT	NEITHER
ENSG00000133111	SIMPLE_AND	INCONSISTENT	GM12878
ENSG00000133116	BIVALENT	NULL	NEITHER
ENSG00000133124	REPRESSED	NULL	NEITHER
ENSG00000133131	SIMPLE_OR	NULL	NEITHER
ENSG00000133136	NULL	REPRESSED	NEITHER
ENSG00000133138	SIMPLE_OR	INCONSISTENT	NEITHER
ENSG00000133193	SIMPLE_AND	NULL	GM12878
ENSG00000133216	COMPLEX	BIVALENT	NEITHER
ENSG00000133226	NULL	REPRESSED	NEITHER
ENSG00000133243	REPRESSED	COMPLEX	NEITHER
ENSG00000133256	NULL	REPRESSED	NEITHER
ENSG00000133315	SIMPLE_AND	COMPLEX	GM12878
ENSG00000133317	NULL	INCONSISTENT	NEITHER
ENSG00000133321	SIMPLE_AND	NULL	GM12878
ENSG00000133328	INCONSISTENT	NULL	NEITHER
ENSG00000133424	SIMPLE_OR	NULL	NEITHER
ENSG00000133454	NULL	INCONSISTENT	NEITHER
ENSG00000133460	SIMPLE_AND	INCONSISTENT	GM12878
ENSG00000133466	SIMPLE_AND	INCONSISTENT	GM12878
ENSG00000133477	REPRESSED	NULL	NEITHER
ENSG00000133488	NULL	INCONSISTENT	NEITHER
ENSG00000133561	SIMPLE_AND	NULL	GM12878
ENSG00000133574	INCONSISTENT	REPRESSED	NEITHER
ENSG00000133619	SIMPLE_AND	INCONSISTENT	GM12878
ENSG00000133624	SIMPLE_AND	INCONSISTENT	GM12878
ENSG00000133627	COMPLEX	SIMPLE_AND	K562
ENSG00000133640	INCONSISTENT	NULL	NEITHER
ENSG00000133657	SIMPLE_OR	NULL	NEITHER
ENSG00000133678	SIMPLE_AND	INCONSISTENT	GM12878
ENSG00000133687	SIMPLE_OR	NULL	NEITHER
ENSG00000133739	SIMPLE_AND	INCONSISTENT	GM12878
ENSG00000133740	SIMPLE_AND	INCONSISTENT	GM12878
ENSG00000133742	NULL	INCONSISTENT	NEITHER
ENSG00000133789	SIMPLE_AND	NULL	GM12878
ENSG00000133794	BIVALENT	NULL	NEITHER
ENSG00000133800	REPRESSED	NULL	NEITHER
ENSG00000133805	COMPLEX	SIMPLE_OR	NEITHER
ENSG00000133816	NULL	SIMPLE_OR	NEITHER
ENSG00000133818	NULL	REPRESSED	NEITHER
ENSG00000133863	SIMPLE_OR	COMPLEX	NEITHER
ENSG00000133874	SIMPLE_AND	INCONSISTENT	GM12878
ENSG00000133878	NULL	BIVALENT	NEITHER
ENSG00000133884	COMPLEX	SIMPLE_AND	K562
ENSG00000133935	SIMPLE_AND	INCONSISTENT	GM12878
ENSG00000133937	REPRESSED	NULL	NEITHER
ENSG00000133958	SIMPLE_AND	INCONSISTENT	GM12878
ENSG00000133980	COMPLEX	INCONSISTENT	NEITHER
ENSG00000133983	SIMPLE_AND	INCONSISTENT	GM12878
ENSG00000133985	SIMPLE_AND	BIVALENT	GM12878
ENSG00000134014	NULL	SIMPLE_OR	NEITHER
ENSG00000134020	INCONSISTENT	BIVALENT	NEITHER
ENSG00000134030	SIMPLE_OR	INCONSISTENT	NEITHER
ENSG00000134049	SIMPLE_AND	INCONSISTENT	GM12878
ENSG00000134061	SIMPLE_OR	NULL	NEITHER
ENSG00000134070	SIMPLE_AND	INCONSISTENT	GM12878
ENSG00000134072	NULL	INCONSISTENT	NEITHER
ENSG00000134086	COMPLEX	SIMPLE_AND	K562
ENSG00000134121	SIMPLE_OR	NULL	NEITHER
ENSG00000134138	SIMPLE_AND	INCONSISTENT	GM12878
ENSG00000134160	NULL	REPRESSED	NEITHER
ENSG00000134184	SIMPLE_AND	NULL	GM12878
ENSG00000134198	BIVALENT	NULL	NEITHER
ENSG00000134201	NULL	REPRESSED	NEITHER
ENSG00000134202	REPRESSED	INCONSISTENT	NEITHER
ENSG00000134207	NULL	REPRESSED	NEITHER
ENSG00000134215	SIMPLE_AND	NULL	GM12878
ENSG00000134242	SIMPLE_AND	INCONSISTENT	GM12878
ENSG00000134243	BIVALENT	SIMPLE_AND	K562
ENSG00000134245	SIMPLE_AND	INCONSISTENT	GM12878
ENSG00000134247	BIVALENT	SIMPLE_AND	K562
ENSG00000134249	NULL	REPRESSED	NEITHER
ENSG00000134253	BIVALENT	INCONSISTENT	NEITHER
ENSG00000134256	SIMPLE_AND	NULL	GM12878
ENSG00000134258	REPRESSED	NULL	NEITHER
ENSG00000134285	SIMPLE_AND	NULL	GM12878
ENSG00000134291	SIMPLE_AND	BIVALENT	GM12878
ENSG00000134297	SIMPLE_AND	INCONSISTENT	GM12878
ENSG00000134313	SIMPLE_OR	SIMPLE_AND	K562
ENSG00000134317	BIVALENT	INCONSISTENT	NEITHER
ENSG00000134323	REPRESSED	NULL	NEITHER
ENSG00000134326	SIMPLE_AND	INCONSISTENT	GM12878
ENSG00000134330	SIMPLE_AND	NULL	GM12878
ENSG00000134339	INCONSISTENT	NULL	NEITHER
ENSG00000134369	REPRESSED	BIVALENT	NEITHER
ENSG00000134438	REPRESSED	NULL	NEITHER
ENSG00000134443	REPRESSED	NULL	NEITHER
ENSG00000134460	SIMPLE_OR	REPRESSED	NEITHER
ENSG00000134463	SIMPLE_OR	INCONSISTENT	NEITHER
ENSG00000134504	BIVALENT	INCONSISTENT	NEITHER
ENSG00000134508	SIMPLE_AND	BIVALENT	GM12878
ENSG00000134533	NULL	INCONSISTENT	NEITHER
ENSG00000134538	REPRESSED	NULL	NEITHER
ENSG00000134545	REPRESSED	NULL	NEITHER
ENSG00000134548	BIVALENT	NULL	NEITHER
ENSG00000134574	SIMPLE_AND	INCONSISTENT	GM12878
ENSG00000134575	COMPLEX	SIMPLE_AND	K562
ENSG00000134590	INCONSISTENT	SIMPLE_AND	K562
ENSG00000134594	SIMPLE_AND	INCONSISTENT	GM12878
ENSG00000134597	SIMPLE_AND	INCONSISTENT	GM12878
ENSG00000134668	NULL	INCONSISTENT	NEITHER
ENSG00000134709	SIMPLE_AND	NULL	GM12878
ENSG00000134716	INCONSISTENT	NULL	NEITHER
ENSG00000134762	REPRESSED	NULL	NEITHER
ENSG00000134765	REPRESSED	NULL	NEITHER
ENSG00000134769	BIVALENT	NULL	NEITHER
ENSG00000134775	BIVALENT	INCONSISTENT	NEITHER
ENSG00000134780	BIVALENT	INCONSISTENT	NEITHER
ENSG00000134812	NULL	INCONSISTENT	NEITHER
ENSG00000134817	NULL	INCONSISTENT	NEITHER
ENSG00000134830	NULL	INCONSISTENT	NEITHER
ENSG00000134853	BIVALENT	REPRESSED	NEITHER
ENSG00000134864	SIMPLE_AND	INCONSISTENT	GM12878
ENSG00000134871	REPRESSED	NULL	NEITHER
ENSG00000134874	INCONSISTENT	NULL	NEITHER
ENSG00000134884	SIMPLE_AND	INCONSISTENT	GM12878
ENSG00000134897	SIMPLE_AND	INCONSISTENT	GM12878
ENSG00000134901	SIMPLE_AND	INCONSISTENT	GM12878
ENSG00000134909	BIVALENT	NULL	NEITHER
ENSG00000134917	REPRESSED	NULL	NEITHER
ENSG00000134955	SIMPLE_OR	NULL	NEITHER
ENSG00000134970	BIVALENT	NULL	NEITHER
ENSG00000135040	COMPLEX	SIMPLE_AND	K562
ENSG00000135045	SIMPLE_AND	INCONSISTENT	GM12878
ENSG00000135046	NULL	SIMPLE_AND	K562
ENSG00000135047	REPRESSED	SIMPLE_AND	K562
ENSG00000135049	SIMPLE_AND	INCONSISTENT	GM12878
ENSG00000135052	SIMPLE_OR	BIVALENT	NEITHER
ENSG00000135070	SIMPLE_AND	INCONSISTENT	GM12878
ENSG00000135074	SIMPLE_AND	INCONSISTENT	GM12878
ENSG00000135077	SIMPLE_AND	INCONSISTENT	GM12878
ENSG00000135093	NULL	REPRESSED	NEITHER
ENSG00000135097	REPRESSED	BIVALENT	NEITHER
ENSG00000135111	REPRESSED	BIVALENT	NEITHER
ENSG00000135114	SIMPLE_AND	REPRESSED	GM12878
ENSG00000135116	REPRESSED	BIVALENT	NEITHER
ENSG00000135119	SIMPLE_AND	BIVALENT	GM12878
ENSG00000135124	SIMPLE_AND	INCONSISTENT	GM12878
ENSG00000135127	SIMPLE_OR	INCONSISTENT	NEITHER
ENSG00000135144	SIMPLE_OR	NULL	NEITHER
ENSG00000135185	SIMPLE_AND	BIVALENT	GM12878
ENSG00000135205	SIMPLE_OR	INCONSISTENT	NEITHER
ENSG00000135253	NULL	REPRESSED	NEITHER
ENSG00000135272	SIMPLE_AND	NULL	GM12878
ENSG00000135298	BIVALENT	INCONSISTENT	NEITHER
ENSG00000135299	SIMPLE_OR	BIVALENT	NEITHER
ENSG00000135312	BIVALENT	NULL	NEITHER
ENSG00000135314	SIMPLE_AND	INCONSISTENT	GM12878
ENSG00000135315	SIMPLE_AND	INCONSISTENT	GM12878
ENSG00000135316	SIMPLE_AND	COMPLEX	GM12878
ENSG00000135318	SIMPLE_AND	REPRESSED	GM12878
ENSG00000135324	INCONSISTENT	SIMPLE_AND	K562
ENSG00000135333	REPRESSED	NULL	NEITHER
ENSG00000135338	SIMPLE_AND	INCONSISTENT	GM12878
ENSG00000135363	INCONSISTENT	SIMPLE_AND	K562
ENSG00000135374	NULL	REPRESSED	NEITHER
ENSG00000135378	SIMPLE_AND	REPRESSED	GM12878
ENSG00000135406	REPRESSED	INCONSISTENT	NEITHER
ENSG00000135407	NULL	INCONSISTENT	NEITHER
ENSG00000135409	NULL	SIMPLE_AND	K562
ENSG00000135414	SIMPLE_OR	INCONSISTENT	NEITHER
ENSG00000135423	SIMPLE_OR	BIVALENT	NEITHER
ENSG00000135424	SIMPLE_AND	INCONSISTENT	GM12878
ENSG00000135426	SIMPLE_AND	INCONSISTENT	GM12878
ENSG00000135437	SIMPLE_AND	NULL	GM12878
ENSG00000135439	SIMPLE_AND	INCONSISTENT	GM12878
ENSG00000135443	NULL	REPRESSED	NEITHER
ENSG00000135452	NULL	INCONSISTENT	NEITHER
ENSG00000135454	BIVALENT	INCONSISTENT	NEITHER
ENSG00000135469	SIMPLE_AND	INCONSISTENT	GM12878
ENSG00000135472	REPRESSED	NULL	NEITHER
ENSG00000135477	REPRESSED	NULL	NEITHER
ENSG00000135480	REPRESSED	NULL	NEITHER
ENSG00000135482	SIMPLE_AND	INCONSISTENT	GM12878
ENSG00000135502	REPRESSED	INCONSISTENT	NEITHER
ENSG00000135503	BIVALENT	INCONSISTENT	NEITHER
ENSG00000135525	BIVALENT	INCONSISTENT	NEITHER
ENSG00000135540	SIMPLE_OR	BIVALENT	NEITHER
ENSG00000135547	INCONSISTENT	BIVALENT	NEITHER
ENSG00000135549	SIMPLE_AND	INCONSISTENT	GM12878
ENSG00000135604	SIMPLE_AND	BIVALENT	GM12878
ENSG00000135605	SIMPLE_AND	INCONSISTENT	GM12878
ENSG00000135622	SIMPLE_OR	BIVALENT	NEITHER
ENSG00000135625	BIVALENT	INCONSISTENT	NEITHER
ENSG00000135631	NULL	REPRESSED	NEITHER
ENSG00000135636	REPRESSED	INCONSISTENT	NEITHER
ENSG00000135637	SIMPLE_AND	INCONSISTENT	GM12878
ENSG00000135697	NULL	REPRESSED	NEITHER
ENSG00000135698	SIMPLE_AND	BIVALENT	GM12878
ENSG00000135709	SIMPLE_AND	INCONSISTENT	GM12878
ENSG00000135722	SIMPLE_AND	INCONSISTENT	GM12878
ENSG00000135736	SIMPLE_AND	INCONSISTENT	GM12878
ENSG00000135740	NULL	INCONSISTENT	NEITHER
ENSG00000135744	NULL	REPRESSED	NEITHER
ENSG00000135747	COMPLEX	INCONSISTENT	NEITHER
ENSG00000135749	SIMPLE_OR	INCONSISTENT	NEITHER
ENSG00000135773	NULL	REPRESSED	NEITHER
ENSG00000135823	SIMPLE_AND	INCONSISTENT	GM12878
ENSG00000135828	SIMPLE_AND	INCONSISTENT	GM12878
ENSG00000135835	INCONSISTENT	NULL	NEITHER
ENSG00000135838	SIMPLE_OR	INCONSISTENT	NEITHER
ENSG00000135842	SIMPLE_AND	INCONSISTENT	GM12878
ENSG00000135862	SIMPLE_AND	BIVALENT	GM12878
ENSG00000135898	SIMPLE_OR	NULL	NEITHER
ENSG00000135899	SIMPLE_AND	NULL	GM12878
ENSG00000135902	NULL	INCONSISTENT	NEITHER
ENSG00000135903	REPRESSED	NULL	NEITHER
ENSG00000135905	SIMPLE_AND	NULL	GM12878
ENSG00000135914	INCONSISTENT	NULL	NEITHER
ENSG00000135916	SIMPLE_AND	SIMPLE_OR	GM12878
ENSG00000135917	NULL	INCONSISTENT	NEITHER
ENSG00000135919	BIVALENT	INCONSISTENT	NEITHER
ENSG00000135924	SIMPLE_AND	INCONSISTENT	GM12878
ENSG00000135925	SIMPLE_AND	NULL	GM12878
ENSG00000135929	REPRESSED	NULL	NEITHER
ENSG00000135931	SIMPLE_AND	INCONSISTENT	GM12878
ENSG00000135951	SIMPLE_AND	INCONSISTENT	GM12878
ENSG00000135953	SIMPLE_AND	INCONSISTENT	GM12878
ENSG00000135960	NULL	REPRESSED	NEITHER
ENSG00000135974	SIMPLE_AND	INCONSISTENT	GM12878
ENSG00000135976	SIMPLE_AND	INCONSISTENT	GM12878
ENSG00000135999	SIMPLE_AND	BIVALENT	GM12878
ENSG00000136011	INCONSISTENT	NULL	NEITHER
ENSG00000136014	REPRESSED	NULL	NEITHER
ENSG00000136026	SIMPLE_AND	INCONSISTENT	GM12878
ENSG00000136040	SIMPLE_AND	REPRESSED	GM12878
ENSG00000136044	SIMPLE_OR	INCONSISTENT	NEITHER
ENSG00000136048	SIMPLE_AND	INCONSISTENT	GM12878
ENSG00000136052	SIMPLE_AND	BIVALENT	GM12878
ENSG00000136059	NULL	INCONSISTENT	NEITHER
ENSG00000136098	SIMPLE_AND	INCONSISTENT	GM12878
ENSG00000136099	REPRESSED	NULL	NEITHER
ENSG00000136110	BIVALENT	NULL	NEITHER
ENSG00000136111	SIMPLE_AND	INCONSISTENT	GM12878
ENSG00000136122	SIMPLE_AND	INCONSISTENT	GM12878
ENSG00000136141	SIMPLE_AND	INCONSISTENT	GM12878
ENSG00000136144	SIMPLE_AND	INCONSISTENT	GM12878
ENSG00000136147	SIMPLE_AND	INCONSISTENT	GM12878
ENSG00000136155	REPRESSED	NULL	NEITHER
ENSG00000136156	BIVALENT	SIMPLE_AND	K562
ENSG00000136158	SIMPLE_AND	INCONSISTENT	GM12878
ENSG00000136159	SIMPLE_AND	INCONSISTENT	GM12878
ENSG00000136161	SIMPLE_AND	INCONSISTENT	GM12878
ENSG00000136169	SIMPLE_AND	INCONSISTENT	GM12878
ENSG00000136193	SIMPLE_AND	INCONSISTENT	GM12878
ENSG00000136197	SIMPLE_AND	INCONSISTENT	GM12878
ENSG00000136205	REPRESSED	NULL	NEITHER
ENSG00000136213	SIMPLE_AND	INCONSISTENT	GM12878
ENSG00000136235	SIMPLE_AND	NULL	GM12878
ENSG00000136237	SIMPLE_OR	NULL	NEITHER
ENSG00000136244	REPRESSED	INCONSISTENT	NEITHER
ENSG00000136261	BIVALENT	SIMPLE_AND	K562
ENSG00000136274	REPRESSED	INCONSISTENT	NEITHER
ENSG00000136286	SIMPLE_AND	INCONSISTENT	GM12878
ENSG00000136295	SIMPLE_AND	INCONSISTENT	GM12878
ENSG00000136297	NULL	REPRESSED	NEITHER
ENSG00000136305	SIMPLE_AND	NULL	GM12878
ENSG00000136319	SIMPLE_OR	INCONSISTENT	NEITHER
ENSG00000136327	NULL	INCONSISTENT	NEITHER
ENSG00000136352	REPRESSED	NULL	NEITHER
ENSG00000136367	SIMPLE_AND	INCONSISTENT	GM12878
ENSG00000136383	NULL	INCONSISTENT	NEITHER
ENSG00000136425	INCONSISTENT	SIMPLE_AND	K562
ENSG00000136448	NULL	REPRESSED	NEITHER
ENSG00000136449	SIMPLE_AND	REPRESSED	GM12878
ENSG00000136457	NULL	REPRESSED	NEITHER
ENSG00000136490	SIMPLE_AND	INCONSISTENT	GM12878
ENSG00000136514	SIMPLE_AND	NULL	GM12878
ENSG00000136531	INCONSISTENT	NULL	NEITHER
ENSG00000136535	REPRESSED	BIVALENT	NEITHER
ENSG00000136542	NULL	SIMPLE_AND	K562
ENSG00000136560	SIMPLE_AND	NULL	GM12878
ENSG00000136573	COMPLEX	NULL	NEITHER
ENSG00000136630	BIVALENT	INCONSISTENT	NEITHER
ENSG00000136634	INCONSISTENT	REPRESSED	NEITHER
ENSG00000136688	NULL	REPRESSED	NEITHER
ENSG00000136689	NULL	REPRESSED	NEITHER
ENSG00000136696	REPRESSED	NULL	NEITHER
ENSG00000136720	SIMPLE_AND	INCONSISTENT	GM12878
ENSG00000136750	REPRESSED	NULL	NEITHER
ENSG00000136754	SIMPLE_AND	BIVALENT	GM12878
ENSG00000136824	COMPLEX	SIMPLE_AND	K562
ENSG00000136826	BIVALENT	INCONSISTENT	NEITHER
ENSG00000136828	SIMPLE_AND	INCONSISTENT	GM12878
ENSG00000136848	NULL	REPRESSED	NEITHER
ENSG00000136856	SIMPLE_AND	INCONSISTENT	GM12878
ENSG00000136859	SIMPLE_OR	REPRESSED	NEITHER
ENSG00000136866	COMPLEX	INCONSISTENT	NEITHER
ENSG00000136869	INCONSISTENT	NULL	NEITHER
ENSG00000136870	SIMPLE_AND	INCONSISTENT	GM12878
ENSG00000136872	BIVALENT	INCONSISTENT	NEITHER
ENSG00000136895	SIMPLE_AND	INCONSISTENT	GM12878
ENSG00000136897	SIMPLE_AND	INCONSISTENT	GM12878
ENSG00000136928	REPRESSED	BIVALENT	NEITHER
ENSG00000136929	NULL	SIMPLE_OR	NEITHER
ENSG00000136930	SIMPLE_AND	COMPLEX	GM12878
ENSG00000136932	SIMPLE_AND	INCONSISTENT	GM12878
ENSG00000136936	SIMPLE_AND	INCONSISTENT	GM12878
ENSG00000136939	REPRESSED	NULL	NEITHER
ENSG00000136940	SIMPLE_AND	INCONSISTENT	GM12878
ENSG00000136944	REPRESSED	NULL	NEITHER
ENSG00000136960	NULL	REPRESSED	NEITHER
ENSG00000136982	SIMPLE_AND	INCONSISTENT	GM12878
ENSG00000136999	SIMPLE_OR	NULL	NEITHER
ENSG00000137040	SIMPLE_AND	INCONSISTENT	GM12878
ENSG00000137070	SIMPLE_OR	INCONSISTENT	NEITHER
ENSG00000137075	SIMPLE_AND	INCONSISTENT	GM12878
ENSG00000137078	SIMPLE_AND	NULL	GM12878
ENSG00000137090	REPRESSED	NULL	NEITHER
ENSG00000137094	SIMPLE_AND	INCONSISTENT	GM12878
ENSG00000137098	SIMPLE_AND	INCONSISTENT	GM12878
ENSG00000137100	BIVALENT	SIMPLE_AND	K562
ENSG00000137101	SIMPLE_AND	INCONSISTENT	GM12878
ENSG00000137103	SIMPLE_AND	INCONSISTENT	GM12878
ENSG00000137133	SIMPLE_AND	INCONSISTENT	GM12878
ENSG00000137135	REPRESSED	NULL	NEITHER
ENSG00000137142	NULL	REPRESSED	NEITHER
ENSG00000137166	SIMPLE_AND	INCONSISTENT	GM12878
ENSG00000137177	BIVALENT	SIMPLE_AND	K562
ENSG00000137198	BIVALENT	SIMPLE_AND	K562
ENSG00000137203	REPRESSED	BIVALENT	NEITHER
ENSG00000137218	SIMPLE_AND	INCONSISTENT	GM12878
ENSG00000137265	SIMPLE_AND	REPRESSED	GM12878
ENSG00000137266	BIVALENT	INCONSISTENT	NEITHER
ENSG00000137269	BIVALENT	REPRESSED	NEITHER
ENSG00000137275	SIMPLE_OR	SIMPLE_AND	K562
ENSG00000137285	REPRESSED	BIVALENT	NEITHER
ENSG00000137331	SIMPLE_AND	INCONSISTENT	GM12878
ENSG00000137338	SIMPLE_OR	INCONSISTENT	NEITHER
ENSG00000137343	SIMPLE_AND	INCONSISTENT	GM12878
ENSG00000137449	SIMPLE_AND	INCONSISTENT	GM12878
ENSG00000137460	BIVALENT	INCONSISTENT	NEITHER
ENSG00000137462	BIVALENT	REPRESSED	NEITHER
ENSG00000137463	REPRESSED	NULL	NEITHER
ENSG00000137473	BIVALENT	INCONSISTENT	NEITHER
ENSG00000137474	NULL	INCONSISTENT	NEITHER
ENSG00000137492	SIMPLE_OR	SIMPLE_AND	K562
ENSG00000137494	SIMPLE_AND	INCONSISTENT	GM12878
ENSG00000137496	SIMPLE_AND	INCONSISTENT	GM12878
ENSG00000137501	REPRESSED	BIVALENT	NEITHER
ENSG00000137502	SIMPLE_AND	INCONSISTENT	GM12878
ENSG00000137504	SIMPLE_AND	NULL	GM12878
ENSG00000137507	BIVALENT	INCONSISTENT	NEITHER
ENSG00000137509	SIMPLE_AND	NULL	GM12878
ENSG00000137561	REPRESSED	NULL	NEITHER
ENSG00000137571	SIMPLE_AND	REPRESSED	GM12878
ENSG00000137573	REPRESSED	NULL	NEITHER
ENSG00000137575	BIVALENT	SIMPLE_AND	K562
ENSG00000137601	SIMPLE_AND	INCONSISTENT	GM12878
ENSG00000137628	SIMPLE_AND	INCONSISTENT	GM12878
ENSG00000137634	REPRESSED	NULL	NEITHER
ENSG00000137642	SIMPLE_AND	REPRESSED	GM12878
ENSG00000137693	BIVALENT	NULL	NEITHER
ENSG00000137699	NULL	REPRESSED	NEITHER
ENSG00000137707	REPRESSED	BIVALENT	NEITHER
ENSG00000137709	NULL	REPRESSED	NEITHER
ENSG00000137714	SIMPLE_AND	INCONSISTENT	GM12878
ENSG00000137720	SIMPLE_AND	INCONSISTENT	GM12878
ENSG00000137726	REPRESSED	BIVALENT	NEITHER
ENSG00000137727	REPRESSED	INCONSISTENT	NEITHER
ENSG00000137747	INCONSISTENT	NULL	NEITHER
ENSG00000137752	SIMPLE_AND	NULL	GM12878
ENSG00000137760	SIMPLE_AND	INCONSISTENT	GM12878
ENSG00000137766	SIMPLE_OR	NULL	NEITHER
ENSG00000137801	BIVALENT	COMPLEX	NEITHER
ENSG00000137802	SIMPLE_AND	INCONSISTENT	GM12878
ENSG00000137809	BIVALENT	NULL	NEITHER
ENSG00000137819	REPRESSED	BIVALENT	NEITHER
ENSG00000137821	SIMPLE_AND	NULL	GM12878
ENSG00000137825	BIVALENT	SIMPLE_AND	K562
ENSG00000137831	BIVALENT	NULL	NEITHER
ENSG00000137834	BIVALENT	SIMPLE_AND	K562
ENSG00000137841	SIMPLE_AND	INCONSISTENT	GM12878
ENSG00000137842	SIMPLE_OR	INCONSISTENT	NEITHER
ENSG00000137868	SIMPLE_OR	NULL	NEITHER
ENSG00000137871	COMPLEX	INCONSISTENT	NEITHER
ENSG00000137875	INCONSISTENT	NULL	NEITHER
ENSG00000137877	INCONSISTENT	NULL	NEITHER
ENSG00000137878	REPRESSED	INCONSISTENT	NEITHER
ENSG00000137880	SIMPLE_AND	INCONSISTENT	GM12878
ENSG00000137936	SIMPLE_AND	INCONSISTENT	GM12878
ENSG00000137942	BIVALENT	INCONSISTENT	NEITHER
ENSG00000137959	SIMPLE_AND	NULL	GM12878
ENSG00000137962	REPRESSED	NULL	NEITHER
ENSG00000137965	SIMPLE_AND	NULL	GM12878
ENSG00000137992	SIMPLE_AND	INCONSISTENT	GM12878
ENSG00000137996	SIMPLE_AND	COMPLEX	GM12878
ENSG00000138002	SIMPLE_OR	SIMPLE_AND	K562
ENSG00000138028	REPRESSED	NULL	NEITHER
ENSG00000138029	COMPLEX	SIMPLE_AND	K562
ENSG00000138030	SIMPLE_AND	INCONSISTENT	GM12878
ENSG00000138039	REPRESSED	NULL	NEITHER
ENSG00000138050	SIMPLE_AND	INCONSISTENT	GM12878
ENSG00000138075	NULL	REPRESSED	NEITHER
ENSG00000138079	NULL	REPRESSED	NEITHER
ENSG00000138080	NULL	INCONSISTENT	NEITHER
ENSG00000138101	SIMPLE_OR	BIVALENT	NEITHER
ENSG00000138111	SIMPLE_OR	INCONSISTENT	NEITHER
ENSG00000138131	REPRESSED	INCONSISTENT	NEITHER
ENSG00000138134	SIMPLE_AND	NULL	GM12878
ENSG00000138135	BIVALENT	REPRESSED	NEITHER
ENSG00000138138	SIMPLE_OR	NULL	NEITHER
ENSG00000138172	SIMPLE_AND	NULL	GM12878
ENSG00000138175	SIMPLE_AND	INCONSISTENT	GM12878
ENSG00000138180	SIMPLE_AND	INCONSISTENT	GM12878
ENSG00000138185	SIMPLE_OR	NULL	NEITHER
ENSG00000138190	NULL	SIMPLE_OR	NEITHER
ENSG00000138231	SIMPLE_AND	INCONSISTENT	GM12878
ENSG00000138286	SIMPLE_AND	INCONSISTENT	GM12878
ENSG00000138311	REPRESSED	NULL	NEITHER
ENSG00000138315	NULL	REPRESSED	NEITHER
ENSG00000138316	NULL	SIMPLE_AND	K562
ENSG00000138336	SIMPLE_OR	SIMPLE_AND	K562
ENSG00000138347	NULL	REPRESSED	NEITHER
ENSG00000138378	SIMPLE_AND	NULL	GM12878
ENSG00000138380	SIMPLE_AND	INCONSISTENT	GM12878
ENSG00000138398	SIMPLE_AND	COMPLEX	GM12878
ENSG00000138433	SIMPLE_AND	INCONSISTENT	GM12878
ENSG00000138435	NULL	BIVALENT	NEITHER
ENSG00000138439	SIMPLE_AND	INCONSISTENT	GM12878
ENSG00000138449	REPRESSED	SIMPLE_AND	K562
ENSG00000138463	SIMPLE_AND	INCONSISTENT	GM12878
ENSG00000138468	SIMPLE_AND	INCONSISTENT	GM12878
ENSG00000138495	SIMPLE_AND	INCONSISTENT	GM12878
ENSG00000138496	SIMPLE_AND	INCONSISTENT	GM12878
ENSG00000138593	SIMPLE_AND	INCONSISTENT	GM12878
ENSG00000138604	BIVALENT	INCONSISTENT	NEITHER
ENSG00000138606	SIMPLE_AND	INCONSISTENT	GM12878
ENSG00000138613	SIMPLE_AND	INCONSISTENT	GM12878
ENSG00000138617	SIMPLE_AND	NULL	GM12878
ENSG00000138621	SIMPLE_AND	INCONSISTENT	GM12878
ENSG00000138622	REPRESSED	NULL	NEITHER
ENSG00000138623	SIMPLE_AND	INCONSISTENT	GM12878
ENSG00000138639	SIMPLE_AND	INCONSISTENT	GM12878
ENSG00000138640	SIMPLE_AND	BIVALENT	GM12878
ENSG00000138641	BIVALENT	INCONSISTENT	NEITHER
ENSG00000138642	SIMPLE_AND	INCONSISTENT	GM12878
ENSG00000138646	SIMPLE_AND	NULL	GM12878
ENSG00000138650	REPRESSED	NULL	NEITHER
ENSG00000138669	REPRESSED	NULL	NEITHER
ENSG00000138670	REPRESSED	NULL	NEITHER
ENSG00000138675	BIVALENT	INCONSISTENT	NEITHER
ENSG00000138678	SIMPLE_OR	INCONSISTENT	NEITHER
ENSG00000138686	SIMPLE_OR	INCONSISTENT	NEITHER
ENSG00000138696	REPRESSED	NULL	NEITHER
ENSG00000138735	BIVALENT	INCONSISTENT	NEITHER
ENSG00000138738	REPRESSED	NULL	NEITHER
ENSG00000138755	REPRESSED	NULL	NEITHER
ENSG00000138760	NULL	SIMPLE_AND	K562
ENSG00000138764	SIMPLE_AND	INCONSISTENT	GM12878
ENSG00000138769	INCONSISTENT	NULL	NEITHER
ENSG00000138772	BIVALENT	INCONSISTENT	NEITHER
ENSG00000138780	COMPLEX	SIMPLE_AND	K562
ENSG00000138785	BIVALENT	NULL	NEITHER
ENSG00000138795	BIVALENT	SIMPLE_AND	K562
ENSG00000138798	NULL	INCONSISTENT	NEITHER
ENSG00000138814	SIMPLE_AND	INCONSISTENT	GM12878
ENSG00000138834	SIMPLE_AND	INCONSISTENT	GM12878
ENSG00000138942	SIMPLE_AND	INCONSISTENT	GM12878
ENSG00000138964	SIMPLE_OR	NULL	NEITHER
ENSG00000139083	SIMPLE_AND	INCONSISTENT	GM12878
ENSG00000139112	SIMPLE_AND	INCONSISTENT	GM12878
ENSG00000139117	SIMPLE_AND	INCONSISTENT	GM12878
ENSG00000139160	NULL	REPRESSED	NEITHER
ENSG00000139173	SIMPLE_AND	INCONSISTENT	GM12878
ENSG00000139182	SIMPLE_OR	SIMPLE_AND	K562
ENSG00000139187	SIMPLE_AND	INCONSISTENT	GM12878
ENSG00000139190	SIMPLE_AND	INCONSISTENT	GM12878
ENSG00000139192	SIMPLE_AND	INCONSISTENT	GM12878
ENSG00000139193	SIMPLE_AND	NULL	GM12878
ENSG00000139194	INCONSISTENT	SIMPLE_AND	K562
ENSG00000139200	REPRESSED	BIVALENT	NEITHER
ENSG00000139209	REPRESSED	NULL	NEITHER
ENSG00000139211	BIVALENT	INCONSISTENT	NEITHER
ENSG00000139233	COMPLEX	INCONSISTENT	NEITHER
ENSG00000139263	SIMPLE_AND	NULL	GM12878
ENSG00000139266	SIMPLE_AND	INCONSISTENT	GM12878
ENSG00000139269	NULL	INCONSISTENT	NEITHER
ENSG00000139278	SIMPLE_AND	COMPLEX	GM12878
ENSG00000139289	SIMPLE_AND	INCONSISTENT	GM12878
ENSG00000139291	COMPLEX	SIMPLE_AND	K562
ENSG00000139292	REPRESSED	BIVALENT	NEITHER
ENSG00000139318	BIVALENT	NULL	NEITHER
ENSG00000139344	INCONSISTENT	NULL	NEITHER
ENSG00000139352	BIVALENT	NULL	NEITHER
ENSG00000139354	SIMPLE_OR	INCONSISTENT	NEITHER
ENSG00000139364	REPRESSED	BIVALENT	NEITHER
ENSG00000139433	SIMPLE_AND	SIMPLE_OR	GM12878
ENSG00000139437	SIMPLE_AND	INCONSISTENT	GM12878
ENSG00000139438	BIVALENT	INCONSISTENT	NEITHER
ENSG00000139445	REPRESSED	BIVALENT	NEITHER
ENSG00000139505	SIMPLE_AND	INCONSISTENT	GM12878
ENSG00000139508	SIMPLE_AND	INCONSISTENT	GM12878
ENSG00000139515	BIVALENT	NULL	NEITHER
ENSG00000139517	SIMPLE_AND	INCONSISTENT	GM12878
ENSG00000139537	NULL	INCONSISTENT	NEITHER
ENSG00000139549	REPRESSED	INCONSISTENT	NEITHER
ENSG00000139567	REPRESSED	INCONSISTENT	NEITHER
ENSG00000139572	INCONSISTENT	NULL	NEITHER
ENSG00000139597	SIMPLE_AND	NULL	GM12878
ENSG00000139618	SIMPLE_AND	INCONSISTENT	GM12878
ENSG00000139625	SIMPLE_AND	INCONSISTENT	GM12878
ENSG00000139626	SIMPLE_AND	NULL	GM12878
ENSG00000139629	SIMPLE_AND	INCONSISTENT	GM12878
ENSG00000139631	SIMPLE_AND	INCONSISTENT	GM12878
ENSG00000139637	SIMPLE_AND	INCONSISTENT	GM12878
ENSG00000139651	SIMPLE_AND	INCONSISTENT	GM12878
ENSG00000139668	SIMPLE_AND	INCONSISTENT	GM12878
ENSG00000139687	SIMPLE_AND	INCONSISTENT	GM12878
ENSG00000139714	INCONSISTENT	NULL	NEITHER
ENSG00000139718	SIMPLE_AND	INCONSISTENT	GM12878
ENSG00000139725	SIMPLE_AND	INCONSISTENT	GM12878
ENSG00000139737	SIMPLE_AND	BIVALENT	GM12878
ENSG00000139767	REPRESSED	NULL	NEITHER
ENSG00000139797	NULL	REPRESSED	NEITHER
ENSG00000139800	REPRESSED	INCONSISTENT	NEITHER
ENSG00000139826	SIMPLE_AND	INCONSISTENT	GM12878
ENSG00000139832	SIMPLE_AND	INCONSISTENT	GM12878
ENSG00000139835	NULL	INCONSISTENT	NEITHER
ENSG00000139865	NULL	INCONSISTENT	NEITHER
ENSG00000139880	SIMPLE_OR	INCONSISTENT	NEITHER
ENSG00000139899	SIMPLE_AND	INCONSISTENT	GM12878
ENSG00000139908	NULL	INCONSISTENT	NEITHER
ENSG00000139910	NULL	INCONSISTENT	NEITHER
ENSG00000139946	BIVALENT	INCONSISTENT	NEITHER
ENSG00000139970	BIVALENT	NULL	NEITHER
ENSG00000139971	COMPLEX	INCONSISTENT	NEITHER
ENSG00000139974	SIMPLE_AND	INCONSISTENT	GM12878
ENSG00000139977	SIMPLE_AND	INCONSISTENT	GM12878
ENSG00000139990	SIMPLE_AND	INCONSISTENT	GM12878
ENSG00000139998	BIVALENT	INCONSISTENT	NEITHER
ENSG00000140006	SIMPLE_AND	INCONSISTENT	GM12878
ENSG00000140009	SIMPLE_AND	INCONSISTENT	GM12878
ENSG00000140015	NULL	INCONSISTENT	NEITHER
ENSG00000140022	REPRESSED	SIMPLE_AND	K562
ENSG00000140025	SIMPLE_AND	INCONSISTENT	GM12878
ENSG00000140030	SIMPLE_AND	NULL	GM12878
ENSG00000140043	SIMPLE_AND	INCONSISTENT	GM12878
ENSG00000140044	SIMPLE_AND	INCONSISTENT	GM12878
ENSG00000140057	SIMPLE_OR	INCONSISTENT	NEITHER
ENSG00000140067	REPRESSED	NULL	NEITHER
ENSG00000140090	REPRESSED	NULL	NEITHER
ENSG00000140092	REPRESSED	BIVALENT	NEITHER
ENSG00000140104	SIMPLE_OR	INCONSISTENT	NEITHER
ENSG00000140265	SIMPLE_AND	INCONSISTENT	GM12878
ENSG00000140274	REPRESSED	NULL	NEITHER
ENSG00000140279	REPRESSED	NULL	NEITHER
ENSG00000140280	SIMPLE_OR	INCONSISTENT	NEITHER
ENSG00000140284	BIVALENT	SIMPLE_AND	K562
ENSG00000140320	BIVALENT	SIMPLE_AND	K562
ENSG00000140323	BIVALENT	INCONSISTENT	NEITHER
ENSG00000140367	SIMPLE_AND	INCONSISTENT	GM12878
ENSG00000140368	INCONSISTENT	NULL	NEITHER
ENSG00000140379	SIMPLE_AND	NULL	GM12878
ENSG00000140386	SIMPLE_AND	INCONSISTENT	GM12878
ENSG00000140396	SIMPLE_AND	INCONSISTENT	GM12878
ENSG00000140398	BIVALENT	INCONSISTENT	NEITHER
ENSG00000140403	SIMPLE_OR	INCONSISTENT	NEITHER
ENSG00000140406	COMPLEX	SIMPLE_AND	K562
ENSG00000140416	REPRESSED	BIVALENT	NEITHER
ENSG00000140443	BIVALENT	INCONSISTENT	NEITHER
ENSG00000140450	NULL	INCONSISTENT	NEITHER
ENSG00000140451	SIMPLE_AND	INCONSISTENT	GM12878
ENSG00000140459	BIVALENT	NULL	NEITHER
ENSG00000140470	REPRESSED	NULL	NEITHER
ENSG00000140479	NULL	REPRESSED	NEITHER
ENSG00000140511	BIVALENT	NULL	NEITHER
ENSG00000140519	REPRESSED	BIVALENT	NEITHER
ENSG00000140527	INCONSISTENT	REPRESSED	NEITHER
ENSG00000140538	REPRESSED	NULL	NEITHER
ENSG00000140543	COMPLEX	INCONSISTENT	NEITHER
ENSG00000140545	SIMPLE_OR	SIMPLE_AND	K562
ENSG00000140548	SIMPLE_AND	INCONSISTENT	GM12878
ENSG00000140563	BIVALENT	NULL	NEITHER
ENSG00000140600	REPRESSED	INCONSISTENT	NEITHER
ENSG00000140623	NULL	INCONSISTENT	NEITHER
ENSG00000140650	NULL	REPRESSED	NEITHER
ENSG00000140678	SIMPLE_AND	NULL	GM12878
ENSG00000140682	BIVALENT	NULL	NEITHER
ENSG00000140691	SIMPLE_AND	INCONSISTENT	GM12878
ENSG00000140718	SIMPLE_OR	SIMPLE_AND	K562
ENSG00000140848	BIVALENT	INCONSISTENT	NEITHER
ENSG00000140853	SIMPLE_AND	BIVALENT	GM12878
ENSG00000140931	BIVALENT	SIMPLE_AND	K562
ENSG00000140939	SIMPLE_AND	INCONSISTENT	GM12878
ENSG00000140945	REPRESSED	NULL	NEITHER
ENSG00000140948	BIVALENT	INCONSISTENT	NEITHER
ENSG00000140950	NULL	REPRESSED	NEITHER
ENSG00000140961	NULL	REPRESSED	NEITHER
ENSG00000140968	SIMPLE_AND	REPRESSED	GM12878
ENSG00000140983	COMPLEX	SIMPLE_AND	K562
ENSG00000140987	COMPLEX	INCONSISTENT	NEITHER
ENSG00000140995	SIMPLE_AND	SIMPLE_OR	GM12878
ENSG00000141002	COMPLEX	SIMPLE_AND	K562
ENSG00000141012	SIMPLE_AND	INCONSISTENT	GM12878
ENSG00000141013	BIVALENT	INCONSISTENT	NEITHER
ENSG00000141026	SIMPLE_AND	INCONSISTENT	GM12878
ENSG00000141034	SIMPLE_AND	INCONSISTENT	GM12878
ENSG00000141040	SIMPLE_OR	INCONSISTENT	NEITHER
ENSG00000141052	REPRESSED	NULL	NEITHER
ENSG00000141076	COMPLEX	SIMPLE_AND	K562
ENSG00000141086	NULL	INCONSISTENT	NEITHER
ENSG00000141161	NULL	REPRESSED	NEITHER
ENSG00000141198	INCONSISTENT	SIMPLE_AND	K562
ENSG00000141255	NULL	INCONSISTENT	NEITHER
ENSG00000141258	SIMPLE_AND	INCONSISTENT	GM12878
ENSG00000141293	SIMPLE_AND	NULL	GM12878
ENSG00000141295	SIMPLE_AND	INCONSISTENT	GM12878
ENSG00000141337	SIMPLE_AND	NULL	GM12878
ENSG00000141338	NULL	INCONSISTENT	NEITHER
ENSG00000141376	SIMPLE_AND	INCONSISTENT	GM12878
ENSG00000141391	BIVALENT	INCONSISTENT	NEITHER
ENSG00000141404	REPRESSED	NULL	NEITHER
ENSG00000141424	SIMPLE_AND	INCONSISTENT	GM12878
ENSG00000141429	SIMPLE_AND	BIVALENT	GM12878
ENSG00000141433	REPRESSED	NULL	NEITHER
ENSG00000141448	REPRESSED	BIVALENT	NEITHER
ENSG00000141449	REPRESSED	NULL	NEITHER
ENSG00000141480	SIMPLE_AND	INCONSISTENT	GM12878
ENSG00000141485	REPRESSED	INCONSISTENT	NEITHER
ENSG00000141504	SIMPLE_AND	INCONSISTENT	GM12878
ENSG00000141505	NULL	INCONSISTENT	NEITHER
ENSG00000141506	SIMPLE_AND	NULL	GM12878
ENSG00000141510	SIMPLE_AND	INCONSISTENT	GM12878
ENSG00000141519	BIVALENT	INCONSISTENT	NEITHER
ENSG00000141524	SIMPLE_AND	SIMPLE_OR	GM12878
ENSG00000141526	SIMPLE_OR	INCONSISTENT	NEITHER
ENSG00000141540	SIMPLE_AND	INCONSISTENT	GM12878
ENSG00000141542	SIMPLE_OR	INCONSISTENT	NEITHER
ENSG00000141570	BIVALENT	INCONSISTENT	NEITHER
ENSG00000141574	BIVALENT	INCONSISTENT	NEITHER
ENSG00000141576	SIMPLE_OR	SIMPLE_AND	K562
ENSG00000141577	SIMPLE_OR	INCONSISTENT	NEITHER
ENSG00000141582	BIVALENT	SIMPLE_AND	K562
ENSG00000141622	NULL	REPRESSED	NEITHER
ENSG00000141639	REPRESSED	BIVALENT	NEITHER
ENSG00000141642	SIMPLE_AND	INCONSISTENT	GM12878
ENSG00000141682	SIMPLE_AND	INCONSISTENT	GM12878
ENSG00000141696	BIVALENT	INCONSISTENT	NEITHER
ENSG00000141736	SIMPLE_AND	INCONSISTENT	GM12878
ENSG00000141738	NULL	INCONSISTENT	NEITHER
ENSG00000141744	REPRESSED	INCONSISTENT	NEITHER
ENSG00000141748	INCONSISTENT	NULL	NEITHER
ENSG00000141750	REPRESSED	INCONSISTENT	NEITHER
ENSG00000141756	BIVALENT	INCONSISTENT	NEITHER
ENSG00000141854	SIMPLE_OR	INCONSISTENT	NEITHER
ENSG00000141905	NULL	REPRESSED	NEITHER
ENSG00000141933	SIMPLE_AND	INCONSISTENT	GM12878
ENSG00000141934	NULL	INCONSISTENT	NEITHER
ENSG00000141968	SIMPLE_AND	INCONSISTENT	GM12878
ENSG00000142025	NULL	INCONSISTENT	NEITHER
ENSG00000142039	SIMPLE_AND	INCONSISTENT	GM12878
ENSG00000142046	SIMPLE_AND	INCONSISTENT	GM12878
ENSG00000142065	SIMPLE_AND	COMPLEX	GM12878
ENSG00000142082	SIMPLE_AND	INCONSISTENT	GM12878
ENSG00000142089	INCONSISTENT	SIMPLE_AND	K562
ENSG00000142102	BIVALENT	INCONSISTENT	NEITHER
ENSG00000142149	REPRESSED	BIVALENT	NEITHER
ENSG00000142156	REPRESSED	INCONSISTENT	NEITHER
ENSG00000142173	NULL	INCONSISTENT	NEITHER
ENSG00000142185	NULL	REPRESSED	NEITHER
ENSG00000142188	SIMPLE_AND	INCONSISTENT	GM12878
ENSG00000142192	SIMPLE_AND	NULL	GM12878
ENSG00000142197	SIMPLE_AND	INCONSISTENT	GM12878
ENSG00000142224	INCONSISTENT	REPRESSED	NEITHER
ENSG00000142303	COMPLEX	INCONSISTENT	NEITHER
ENSG00000142319	REPRESSED	NULL	NEITHER
ENSG00000142330	SIMPLE_AND	INCONSISTENT	GM12878
ENSG00000142347	SIMPLE_OR	INCONSISTENT	NEITHER
ENSG00000142405	NULL	REPRESSED	NEITHER
ENSG00000142444	SIMPLE_AND	INCONSISTENT	GM12878
ENSG00000142449	REPRESSED	BIVALENT	NEITHER
ENSG00000142459	SIMPLE_AND	BIVALENT	GM12878
ENSG00000142511	NULL	INCONSISTENT	NEITHER
ENSG00000142512	SIMPLE_AND	NULL	GM12878
ENSG00000142538	REPRESSED	INCONSISTENT	NEITHER
ENSG00000142544	SIMPLE_AND	INCONSISTENT	GM12878
ENSG00000142549	NULL	REPRESSED	NEITHER
ENSG00000142552	NULL	INCONSISTENT	NEITHER
ENSG00000142556	SIMPLE_AND	COMPLEX	GM12878
ENSG00000142606	NULL	REPRESSED	NEITHER
ENSG00000142609	NULL	BIVALENT	NEITHER
ENSG00000142619	NULL	REPRESSED	NEITHER
ENSG00000142621	NULL	BIVALENT	NEITHER
ENSG00000142627	REPRESSED	INCONSISTENT	NEITHER
ENSG00000142675	SIMPLE_OR	NULL	NEITHER
ENSG00000142677	NULL	BIVALENT	NEITHER
ENSG00000142698	REPRESSED	NULL	NEITHER
ENSG00000142733	SIMPLE_OR	INCONSISTENT	NEITHER
ENSG00000142765	SIMPLE_AND	INCONSISTENT	GM12878
ENSG00000142794	SIMPLE_OR	INCONSISTENT	NEITHER
ENSG00000142798	SIMPLE_OR	SIMPLE_AND	K562
ENSG00000142856	SIMPLE_AND	BIVALENT	GM12878
ENSG00000142867	SIMPLE_AND	INCONSISTENT	GM12878
ENSG00000142871	REPRESSED	INCONSISTENT	NEITHER
ENSG00000142910	REPRESSED	INCONSISTENT	NEITHER
ENSG00000142949	NULL	INCONSISTENT	NEITHER
ENSG00000142959	INCONSISTENT	NULL	NEITHER
ENSG00000142961	SIMPLE_AND	INCONSISTENT	GM12878
ENSG00000143001	NULL	REPRESSED	NEITHER
ENSG00000143006	NULL	COMPLEX	NEITHER
ENSG00000143013	SIMPLE_AND	INCONSISTENT	GM12878
ENSG00000143028	NULL	BIVALENT	NEITHER
ENSG00000143032	REPRESSED	BIVALENT	NEITHER
ENSG00000143061	BIVALENT	SIMPLE_AND	K562
ENSG00000143067	INCONSISTENT	BIVALENT	NEITHER
ENSG00000143079	SIMPLE_AND	INCONSISTENT	GM12878
ENSG00000143126	BIVALENT	SIMPLE_AND	K562
ENSG00000143147	BIVALENT	INCONSISTENT	NEITHER
ENSG00000143185	NULL	REPRESSED	NEITHER
ENSG00000143194	INCONSISTENT	BIVALENT	NEITHER
ENSG00000143195	INCONSISTENT	BIVALENT	NEITHER
ENSG00000143196	NULL	REPRESSED	NEITHER
ENSG00000143226	NULL	SIMPLE_AND	K562
ENSG00000143248	SIMPLE_AND	INCONSISTENT	GM12878
ENSG00000143297	SIMPLE_AND	NULL	GM12878
ENSG00000143315	SIMPLE_AND	INCONSISTENT	GM12878
ENSG00000143318	REPRESSED	NULL	NEITHER
ENSG00000143320	BIVALENT	INCONSISTENT	NEITHER
ENSG00000143333	SIMPLE_AND	INCONSISTENT	GM12878
ENSG00000143341	REPRESSED	INCONSISTENT	NEITHER
ENSG00000143344	SIMPLE_AND	INCONSISTENT	GM12878
ENSG00000143367	BIVALENT	INCONSISTENT	NEITHER
ENSG00000143369	NULL	SIMPLE_AND	K562
ENSG00000143375	BIVALENT	INCONSISTENT	NEITHER
ENSG00000143382	INCONSISTENT	SIMPLE_AND	K562
ENSG00000143409	SIMPLE_AND	INCONSISTENT	GM12878
ENSG00000143416	NULL	SIMPLE_AND	K562
ENSG00000143429	NULL	INCONSISTENT	NEITHER
ENSG00000143434	BIVALENT	INCONSISTENT	NEITHER
ENSG00000143452	NULL	REPRESSED	NEITHER
ENSG00000143458	SIMPLE_AND	INCONSISTENT	GM12878
ENSG00000143473	NULL	BIVALENT	NEITHER
ENSG00000143476	COMPLEX	SIMPLE_AND	K562
ENSG00000143493	COMPLEX	SIMPLE_AND	K562
ENSG00000143494	SIMPLE_AND	BIVALENT	GM12878
ENSG00000143507	SIMPLE_AND	INCONSISTENT	GM12878
ENSG00000143512	NULL	REPRESSED	NEITHER
ENSG00000143514	COMPLEX	SIMPLE_AND	K562
ENSG00000143552	NULL	INCONSISTENT	NEITHER
ENSG00000143553	SIMPLE_AND	INCONSISTENT	GM12878
ENSG00000143554	SIMPLE_AND	INCONSISTENT	GM12878
ENSG00000143556	NULL	REPRESSED	NEITHER
ENSG00000143578	SIMPLE_AND	INCONSISTENT	GM12878
ENSG00000143590	REPRESSED	INCONSISTENT	NEITHER
ENSG00000143595	NULL	INCONSISTENT	NEITHER
ENSG00000143603	SIMPLE_AND	BIVALENT	GM12878
ENSG00000143612	SIMPLE_AND	COMPLEX	GM12878
ENSG00000143627	NULL	SIMPLE_AND	K562
ENSG00000143630	SIMPLE_OR	INCONSISTENT	NEITHER
ENSG00000143643	SIMPLE_AND	INCONSISTENT	GM12878
ENSG00000143669	SIMPLE_AND	REPRESSED	GM12878
ENSG00000143674	BIVALENT	INCONSISTENT	NEITHER
ENSG00000143702	COMPLEX	SIMPLE_AND	K562
ENSG00000143740	COMPLEX	SIMPLE_OR	NEITHER
ENSG00000143772	SIMPLE_AND	NULL	GM12878
ENSG00000143776	BIVALENT	SIMPLE_AND	K562
ENSG00000143786	COMPLEX	INCONSISTENT	NEITHER
ENSG00000143793	SIMPLE_AND	INCONSISTENT	GM12878
ENSG00000143801	SIMPLE_OR	SIMPLE_AND	K562
ENSG00000143816	REPRESSED	INCONSISTENT	NEITHER
ENSG00000143839	NULL	REPRESSED	NEITHER
ENSG00000143842	REPRESSED	BIVALENT	NEITHER
ENSG00000143845	REPRESSED	BIVALENT	NEITHER
ENSG00000143847	SIMPLE_OR	INCONSISTENT	NEITHER
ENSG00000143858	REPRESSED	BIVALENT	NEITHER
ENSG00000143878	BIVALENT	INCONSISTENT	NEITHER
ENSG00000143882	BIVALENT	REPRESSED	NEITHER
ENSG00000143889	BIVALENT	SIMPLE_AND	K562
ENSG00000143919	SIMPLE_AND	INCONSISTENT	GM12878
ENSG00000143921	NULL	REPRESSED	NEITHER
ENSG00000143971	SIMPLE_AND	INCONSISTENT	GM12878
ENSG00000143995	BIVALENT	INCONSISTENT	NEITHER
ENSG00000144026	SIMPLE_AND	INCONSISTENT	GM12878
ENSG00000144034	SIMPLE_AND	COMPLEX	GM12878
ENSG00000144036	SIMPLE_OR	INCONSISTENT	NEITHER
ENSG00000144048	SIMPLE_AND	INCONSISTENT	GM12878
ENSG00000144061	SIMPLE_OR	INCONSISTENT	NEITHER
ENSG00000144063	NULL	REPRESSED	NEITHER
ENSG00000144130	NULL	INCONSISTENT	NEITHER
ENSG00000144134	SIMPLE_AND	INCONSISTENT	GM12878
ENSG00000144158	SIMPLE_OR	NULL	NEITHER
ENSG00000144161	SIMPLE_AND	INCONSISTENT	GM12878
ENSG00000144182	SIMPLE_AND	INCONSISTENT	GM12878
ENSG00000144199	NULL	SIMPLE_OR	NEITHER
ENSG00000144227	REPRESSED	NULL	NEITHER
ENSG00000144228	SIMPLE_AND	INCONSISTENT	GM12878
ENSG00000144229	REPRESSED	NULL	NEITHER
ENSG00000144233	SIMPLE_AND	INCONSISTENT	GM12878
ENSG00000144306	SIMPLE_AND	INCONSISTENT	GM12878
ENSG00000144331	REPRESSED	NULL	NEITHER
ENSG00000144339	REPRESSED	INCONSISTENT	NEITHER
ENSG00000144355	BIVALENT	INCONSISTENT	NEITHER
ENSG00000144362	SIMPLE_AND	INCONSISTENT	GM12878
ENSG00000144366	REPRESSED	SIMPLE_AND	K562
ENSG00000144369	SIMPLE_OR	BIVALENT	NEITHER
ENSG00000144395	SIMPLE_AND	INCONSISTENT	GM12878
ENSG00000144445	SIMPLE_AND	INCONSISTENT	GM12878
ENSG00000144451	SIMPLE_AND	INCONSISTENT	GM12878
ENSG00000144452	INCONSISTENT	NULL	NEITHER
ENSG00000144455	COMPLEX	INCONSISTENT	NEITHER
ENSG00000144476	SIMPLE_AND	NULL	GM12878
ENSG00000144485	INCONSISTENT	SIMPLE_AND	K562
ENSG00000144488	NULL	INCONSISTENT	NEITHER
ENSG00000144535	SIMPLE_AND	INCONSISTENT	GM12878
ENSG00000144550	NULL	BIVALENT	NEITHER
ENSG00000144566	COMPLEX	SIMPLE_AND	K562
ENSG00000144583	REPRESSED	NULL	NEITHER
ENSG00000144591	BIVALENT	SIMPLE_AND	K562
ENSG00000144619	REPRESSED	NULL	NEITHER
ENSG00000144635	COMPLEX	SIMPLE_AND	K562
ENSG00000144644	REPRESSED	INCONSISTENT	NEITHER
ENSG00000144647	BIVALENT	SIMPLE_AND	K562
ENSG00000144668	REPRESSED	BIVALENT	NEITHER
ENSG00000144677	REPRESSED	SIMPLE_AND	K562
ENSG00000144681	REPRESSED	NULL	NEITHER
ENSG00000144711	REPRESSED	SIMPLE_OR	NEITHER
ENSG00000144712	BIVALENT	INCONSISTENT	NEITHER
ENSG00000144724	BIVALENT	NULL	NEITHER
ENSG00000144749	SIMPLE_OR	INCONSISTENT	NEITHER
ENSG00000144810	REPRESSED	NULL	NEITHER
ENSG00000144815	SIMPLE_AND	INCONSISTENT	GM12878
ENSG00000144820	NULL	REPRESSED	NEITHER
ENSG00000144821	NULL	REPRESSED	NEITHER
ENSG00000144837	SIMPLE_AND	NULL	GM12878
ENSG00000144840	SIMPLE_AND	INCONSISTENT	GM12878
ENSG00000144843	SIMPLE_AND	INCONSISTENT	GM12878
ENSG00000144868	REPRESSED	NULL	NEITHER
ENSG00000144893	BIVALENT	NULL	NEITHER
ENSG00000144909	SIMPLE_AND	INCONSISTENT	GM12878
ENSG00000144959	SIMPLE_AND	INCONSISTENT	GM12878
ENSG00000145002	NULL	INCONSISTENT	NEITHER
ENSG00000145012	BIVALENT	NULL	NEITHER
ENSG00000145014	SIMPLE_AND	COMPLEX	GM12878
ENSG00000145016	COMPLEX	SIMPLE_AND	K562
ENSG00000145020	SIMPLE_AND	NULL	GM12878
ENSG00000145022	SIMPLE_AND	INCONSISTENT	GM12878
ENSG00000145063	REPRESSED	INCONSISTENT	NEITHER
ENSG00000145087	NULL	INCONSISTENT	NEITHER
ENSG00000145088	SIMPLE_AND	INCONSISTENT	GM12878
ENSG00000145103	SIMPLE_AND	INCONSISTENT	GM12878
ENSG00000145107	NULL	SIMPLE_AND	K562
ENSG00000145113	NULL	BIVALENT	NEITHER
ENSG00000145147	REPRESSED	NULL	NEITHER
ENSG00000145214	SIMPLE_AND	INCONSISTENT	GM12878
ENSG00000145217	NULL	INCONSISTENT	NEITHER
ENSG00000145242	REPRESSED	NULL	NEITHER
ENSG00000145244	INCONSISTENT	NULL	NEITHER
ENSG00000145246	SIMPLE_AND	INCONSISTENT	GM12878
ENSG00000145247	SIMPLE_AND	NULL	GM12878
ENSG00000145248	REPRESSED	SIMPLE_AND	K562
ENSG00000145283	NULL	REPRESSED	NEITHER
ENSG00000145284	SIMPLE_OR	BIVALENT	NEITHER
ENSG00000145287	SIMPLE_OR	NULL	NEITHER
ENSG00000145331	SIMPLE_AND	INCONSISTENT	GM12878
ENSG00000145332	NULL	REPRESSED	NEITHER
ENSG00000145335	REPRESSED	INCONSISTENT	NEITHER
ENSG00000145349	SIMPLE_AND	INCONSISTENT	GM12878
ENSG00000145358	REPRESSED	NULL	NEITHER
ENSG00000145362	SIMPLE_AND	NULL	GM12878
ENSG00000145365	SIMPLE_AND	INCONSISTENT	GM12878
ENSG00000145388	SIMPLE_AND	INCONSISTENT	GM12878
ENSG00000145390	SIMPLE_AND	INCONSISTENT	GM12878
ENSG00000145391	NULL	REPRESSED	NEITHER
ENSG00000145416	REPRESSED	NULL	NEITHER
ENSG00000145431	REPRESSED	NULL	NEITHER
ENSG00000145439	SIMPLE_AND	INCONSISTENT	GM12878
ENSG00000145491	BIVALENT	INCONSISTENT	NEITHER
ENSG00000145506	REPRESSED	BIVALENT	NEITHER
ENSG00000145536	REPRESSED	NULL	NEITHER
ENSG00000145545	SIMPLE_AND	INCONSISTENT	GM12878
ENSG00000145555	BIVALENT	NULL	NEITHER
ENSG00000145569	BIVALENT	INCONSISTENT	NEITHER
ENSG00000145623	NULL	BIVALENT	NEITHER
ENSG00000145626	NULL	REPRESSED	NEITHER
ENSG00000145632	BIVALENT	NULL	NEITHER
ENSG00000145675	SIMPLE_AND	INCONSISTENT	GM12878
ENSG00000145681	REPRESSED	NULL	NEITHER
ENSG00000145685	SIMPLE_OR	INCONSISTENT	NEITHER
ENSG00000145692	NULL	REPRESSED	NEITHER
ENSG00000145708	REPRESSED	NULL	NEITHER
ENSG00000145715	SIMPLE_AND	INCONSISTENT	GM12878
ENSG00000145723	SIMPLE_AND	INCONSISTENT	GM12878
ENSG00000145730	COMPLEX	BIVALENT	NEITHER
ENSG00000145743	SIMPLE_AND	INCONSISTENT	GM12878
ENSG00000145757	NULL	INCONSISTENT	NEITHER
ENSG00000145781	SIMPLE_AND	INCONSISTENT	GM12878
ENSG00000145782	COMPLEX	SIMPLE_AND	K562
ENSG00000145794	REPRESSED	NULL	NEITHER
ENSG00000145808	REPRESSED	NULL	NEITHER
ENSG00000145819	SIMPLE_OR	INCONSISTENT	NEITHER
ENSG00000145824	REPRESSED	NULL	NEITHER
ENSG00000145832	NULL	INCONSISTENT	NEITHER
ENSG00000145835	NULL	REPRESSED	NEITHER
ENSG00000145839	REPRESSED	NULL	NEITHER
ENSG00000145860	COMPLEX	SIMPLE_AND	K562
ENSG00000145863	BIVALENT	NULL	NEITHER
ENSG00000145864	BIVALENT	NULL	NEITHER
ENSG00000145882	SIMPLE_AND	INCONSISTENT	GM12878
ENSG00000145901	SIMPLE_AND	NULL	GM12878
ENSG00000145907	COMPLEX	SIMPLE_AND	K562
ENSG00000145911	SIMPLE_AND	INCONSISTENT	GM12878
ENSG00000145919	SIMPLE_AND	INCONSISTENT	GM12878
ENSG00000145920	REPRESSED	NULL	NEITHER
ENSG00000145936	SIMPLE_AND	NULL	GM12878
ENSG00000145945	INCONSISTENT	NULL	NEITHER
ENSG00000145990	SIMPLE_AND	INCONSISTENT	GM12878
ENSG00000146013	INCONSISTENT	BIVALENT	NEITHER
ENSG00000146021	SIMPLE_AND	REPRESSED	GM12878
ENSG00000146038	INCONSISTENT	BIVALENT	NEITHER
ENSG00000146047	NULL	COMPLEX	NEITHER
ENSG00000146049	NULL	BIVALENT	NEITHER
ENSG00000146070	REPRESSED	NULL	NEITHER
ENSG00000146072	BIVALENT	INCONSISTENT	NEITHER
ENSG00000146090	NULL	INCONSISTENT	NEITHER
ENSG00000146094	SIMPLE_AND	INCONSISTENT	GM12878
ENSG00000146122	NULL	REPRESSED	NEITHER
ENSG00000146192	SIMPLE_AND	NULL	GM12878
ENSG00000146215	SIMPLE_OR	INCONSISTENT	NEITHER
ENSG00000146221	REPRESSED	BIVALENT	NEITHER
ENSG00000146232	SIMPLE_AND	INCONSISTENT	GM12878
ENSG00000146233	BIVALENT	INCONSISTENT	NEITHER
ENSG00000146242	BIVALENT	INCONSISTENT	NEITHER
ENSG00000146243	SIMPLE_AND	INCONSISTENT	GM12878
ENSG00000146250	NULL	BIVALENT	NEITHER
ENSG00000146263	COMPLEX	SIMPLE_AND	K562
ENSG00000146281	SIMPLE_AND	BIVALENT	GM12878
ENSG00000146282	SIMPLE_AND	INCONSISTENT	GM12878
ENSG00000146350	SIMPLE_AND	INCONSISTENT	GM12878
ENSG00000146352	REPRESSED	INCONSISTENT	NEITHER
ENSG00000146373	INCONSISTENT	SIMPLE_AND	K562
ENSG00000146374	BIVALENT	NULL	NEITHER
ENSG00000146386	SIMPLE_AND	BIVALENT	GM12878
ENSG00000146530	INCONSISTENT	SIMPLE_AND	K562
ENSG00000146555	REPRESSED	NULL	NEITHER
ENSG00000146574	NULL	SIMPLE_AND	K562
ENSG00000146576	SIMPLE_AND	INCONSISTENT	GM12878
ENSG00000146587	SIMPLE_AND	INCONSISTENT	GM12878
ENSG00000146648	REPRESSED	NULL	NEITHER
ENSG00000146674	REPRESSED	NULL	NEITHER
ENSG00000146676	SIMPLE_AND	INCONSISTENT	GM12878
ENSG00000146678	REPRESSED	NULL	NEITHER
ENSG00000146707	SIMPLE_OR	INCONSISTENT	NEITHER
ENSG00000146755	NULL	REPRESSED	NEITHER
ENSG00000146757	SIMPLE_AND	INCONSISTENT	GM12878
ENSG00000146826	SIMPLE_AND	INCONSISTENT	GM12878
ENSG00000146828	REPRESSED	INCONSISTENT	NEITHER
ENSG00000146839	REPRESSED	NULL	NEITHER
ENSG00000146842	SIMPLE_OR	SIMPLE_AND	K562
ENSG00000146856	SIMPLE_AND	INCONSISTENT	GM12878
ENSG00000146858	SIMPLE_AND	NULL	GM12878
ENSG00000146859	SIMPLE_AND	INCONSISTENT	GM12878
ENSG00000146872	SIMPLE_AND	SIMPLE_OR	GM12878
ENSG00000146904	NULL	REPRESSED	NEITHER
ENSG00000146910	NULL	REPRESSED	NEITHER
ENSG00000146926	NULL	REPRESSED	NEITHER
ENSG00000146955	INCONSISTENT	NULL	NEITHER
ENSG00000147010	SIMPLE_AND	BIVALENT	GM12878
ENSG00000147036	NULL	INCONSISTENT	NEITHER
ENSG00000147044	SIMPLE_AND	INCONSISTENT	GM12878
ENSG00000147065	NULL	SIMPLE_AND	K562
ENSG00000147082	NULL	INCONSISTENT	NEITHER
ENSG00000147100	REPRESSED	NULL	NEITHER
ENSG00000147113	REPRESSED	NULL	NEITHER
ENSG00000147118	SIMPLE_AND	INCONSISTENT	GM12878
ENSG00000147119	SIMPLE_AND	NULL	GM12878
ENSG00000147124	SIMPLE_AND	INCONSISTENT	GM12878
ENSG00000147127	NULL	REPRESSED	NEITHER
ENSG00000147138	SIMPLE_AND	NULL	GM12878
ENSG00000147166	NULL	INCONSISTENT	NEITHER
ENSG00000147180	SIMPLE_OR	INCONSISTENT	NEITHER
ENSG00000147202	SIMPLE_AND	NULL	GM12878
ENSG00000147224	COMPLEX	SIMPLE_AND	K562
ENSG00000147231	SIMPLE_AND	INCONSISTENT	GM12878
ENSG00000147234	REPRESSED	NULL	NEITHER
ENSG00000147255	NULL	INCONSISTENT	NEITHER
ENSG00000147256	NULL	BIVALENT	NEITHER
ENSG00000147257	REPRESSED	INCONSISTENT	NEITHER
ENSG00000147316	COMPLEX	SIMPLE_AND	K562
ENSG00000147324	SIMPLE_OR	SIMPLE_AND	K562
ENSG00000147364	SIMPLE_OR	INCONSISTENT	NEITHER
ENSG00000147394	NULL	INCONSISTENT	NEITHER
ENSG00000147408	REPRESSED	BIVALENT	NEITHER
ENSG00000147443	SIMPLE_AND	INCONSISTENT	GM12878
ENSG00000147457	SIMPLE_OR	NULL	NEITHER
ENSG00000147459	BIVALENT	INCONSISTENT	NEITHER
ENSG00000147465	NULL	SIMPLE_AND	K562
ENSG00000147481	REPRESSED	NULL	NEITHER
ENSG00000147535	SIMPLE_AND	NULL	GM12878
ENSG00000147571	REPRESSED	NULL	NEITHER
ENSG00000147576	SIMPLE_AND	INCONSISTENT	GM12878
ENSG00000147592	SIMPLE_AND	INCONSISTENT	GM12878
ENSG00000147596	REPRESSED	NULL	NEITHER
ENSG00000147601	SIMPLE_AND	INCONSISTENT	GM12878
ENSG00000147614	NULL	REPRESSED	NEITHER
ENSG00000147642	NULL	REPRESSED	NEITHER
ENSG00000147647	REPRESSED	NULL	NEITHER
ENSG00000147679	SIMPLE_AND	INCONSISTENT	GM12878
ENSG00000147689	NULL	COMPLEX	NEITHER
ENSG00000147799	REPRESSED	COMPLEX	NEITHER
ENSG00000147804	NULL	SIMPLE_OR	NEITHER
ENSG00000147852	BIVALENT	NULL	NEITHER
ENSG00000147883	BIVALENT	NULL	NEITHER
ENSG00000147889	SIMPLE_AND	NULL	GM12878
ENSG00000147894	SIMPLE_AND	INCONSISTENT	GM12878
ENSG00000147912	SIMPLE_AND	NULL	GM12878
ENSG00000147996	SIMPLE_OR	NULL	NEITHER
ENSG00000148019	SIMPLE_AND	INCONSISTENT	GM12878
ENSG00000148053	BIVALENT	NULL	NEITHER
ENSG00000148057	SIMPLE_AND	INCONSISTENT	GM12878
ENSG00000148090	BIVALENT	INCONSISTENT	NEITHER
ENSG00000148120	SIMPLE_AND	INCONSISTENT	GM12878
ENSG00000148143	BIVALENT	NULL	NEITHER
ENSG00000148154	COMPLEX	SIMPLE_AND	K562
ENSG00000148156	NULL	REPRESSED	NEITHER
ENSG00000148158	SIMPLE_AND	INCONSISTENT	GM12878
ENSG00000148175	COMPLEX	SIMPLE_AND	K562
ENSG00000148180	SIMPLE_AND	NULL	GM12878
ENSG00000148218	SIMPLE_OR	INCONSISTENT	NEITHER
ENSG00000148219	REPRESSED	NULL	NEITHER
ENSG00000148288	SIMPLE_OR	SIMPLE_AND	K562
ENSG00000148290	SIMPLE_AND	INCONSISTENT	GM12878
ENSG00000148291	INCONSISTENT	SIMPLE_AND	K562
ENSG00000148308	SIMPLE_AND	COMPLEX	GM12878
ENSG00000148331	SIMPLE_AND	INCONSISTENT	GM12878
ENSG00000148335	SIMPLE_OR	SIMPLE_AND	K562
ENSG00000148337	BIVALENT	SIMPLE_AND	K562
ENSG00000148344	NULL	REPRESSED	NEITHER
ENSG00000148346	NULL	INCONSISTENT	NEITHER
ENSG00000148356	COMPLEX	INCONSISTENT	NEITHER
ENSG00000148362	SIMPLE_AND	COMPLEX	GM12878
ENSG00000148384	SIMPLE_AND	INCONSISTENT	GM12878
ENSG00000148386	NULL	REPRESSED	NEITHER
ENSG00000148444	SIMPLE_AND	INCONSISTENT	GM12878
ENSG00000148468	BIVALENT	INCONSISTENT	NEITHER
ENSG00000148481	COMPLEX	SIMPLE_AND	K562
ENSG00000148488	BIVALENT	INCONSISTENT	NEITHER
ENSG00000148516	SIMPLE_AND	INCONSISTENT	GM12878
ENSG00000148541	REPRESSED	NULL	NEITHER
ENSG00000148572	SIMPLE_AND	COMPLEX	GM12878
ENSG00000148602	REPRESSED	NULL	NEITHER
ENSG00000148690	SIMPLE_AND	INCONSISTENT	GM12878
ENSG00000148704	REPRESSED	NULL	NEITHER
ENSG00000148737	BIVALENT	INCONSISTENT	NEITHER
ENSG00000148798	REPRESSED	NULL	NEITHER
ENSG00000148803	SIMPLE_AND	INCONSISTENT	GM12878
ENSG00000148814	SIMPLE_AND	INCONSISTENT	GM12878
ENSG00000148832	SIMPLE_AND	INCONSISTENT	GM12878
ENSG00000148835	SIMPLE_AND	INCONSISTENT	GM12878
ENSG00000148842	SIMPLE_AND	INCONSISTENT	GM12878
ENSG00000148935	SIMPLE_AND	INCONSISTENT	GM12878
ENSG00000149016	SIMPLE_AND	INCONSISTENT	GM12878
ENSG00000149021	REPRESSED	NULL	NEITHER
ENSG00000149054	SIMPLE_AND	INCONSISTENT	GM12878
ENSG00000149084	COMPLEX	SIMPLE_AND	K562
ENSG00000149131	REPRESSED	BIVALENT	NEITHER
ENSG00000149177	SIMPLE_AND	INCONSISTENT	GM12878
ENSG00000149212	BIVALENT	INCONSISTENT	NEITHER
ENSG00000149218	SIMPLE_AND	INCONSISTENT	GM12878
ENSG00000149231	SIMPLE_AND	INCONSISTENT	GM12878
ENSG00000149243	REPRESSED	NULL	NEITHER
ENSG00000149256	REPRESSED	NULL	NEITHER
ENSG00000149269	SIMPLE_AND	SIMPLE_OR	GM12878
ENSG00000149289	SIMPLE_AND	INCONSISTENT	GM12878
ENSG00000149292	SIMPLE_AND	INCONSISTENT	GM12878
ENSG00000149300	NULL	INCONSISTENT	NEITHER
ENSG00000149305	NULL	REPRESSED	NEITHER
ENSG00000149308	COMPLEX	SIMPLE_AND	K562
ENSG00000149311	COMPLEX	SIMPLE_AND	K562
ENSG00000149328	REPRESSED	BIVALENT	NEITHER
ENSG00000149346	SIMPLE_AND	INCONSISTENT	GM12878
ENSG00000149380	NULL	INCONSISTENT	NEITHER
ENSG00000149403	SIMPLE_OR	BIVALENT	NEITHER
ENSG00000149418	BIVALENT	REPRESSED	NEITHER
ENSG00000149443	NULL	REPRESSED	NEITHER
ENSG00000149474	SIMPLE_AND	INCONSISTENT	GM12878
ENSG00000149485	SIMPLE_AND	NULL	GM12878
ENSG00000149516	NULL	INCONSISTENT	NEITHER
ENSG00000149527	NULL	REPRESSED	NEITHER
ENSG00000149531	SIMPLE_AND	INCONSISTENT	GM12878
ENSG00000149532	COMPLEX	SIMPLE_AND	K562
ENSG00000149547	COMPLEX	SIMPLE_AND	K562
ENSG00000149548	SIMPLE_AND	INCONSISTENT	GM12878
ENSG00000149557	SIMPLE_AND	INCONSISTENT	GM12878
ENSG00000149564	SIMPLE_AND	INCONSISTENT	GM12878
ENSG00000149571	REPRESSED	NULL	NEITHER
ENSG00000149573	BIVALENT	REPRESSED	NEITHER
ENSG00000149575	NULL	REPRESSED	NEITHER
ENSG00000149582	SIMPLE_OR	INCONSISTENT	NEITHER
ENSG00000149634	NULL	INCONSISTENT	NEITHER
ENSG00000149635	INCONSISTENT	NULL	NEITHER
ENSG00000149639	SIMPLE_OR	SIMPLE_AND	K562
ENSG00000149646	SIMPLE_AND	INCONSISTENT	GM12878
ENSG00000149654	BIVALENT	INCONSISTENT	NEITHER
ENSG00000149679	SIMPLE_AND	INCONSISTENT	GM12878
ENSG00000149716	SIMPLE_AND	INCONSISTENT	GM12878
ENSG00000149742	REPRESSED	NULL	NEITHER
ENSG00000149798	SIMPLE_OR	INCONSISTENT	NEITHER
ENSG00000149809	SIMPLE_AND	INCONSISTENT	GM12878
ENSG00000149922	SIMPLE_AND	INCONSISTENT	GM12878
ENSG00000149929	SIMPLE_AND	INCONSISTENT	GM12878
ENSG00000149932	NULL	SIMPLE_OR	NEITHER
ENSG00000149948	BIVALENT	REPRESSED	NEITHER
ENSG00000149970	INCONSISTENT	NULL	NEITHER
ENSG00000149972	NULL	INCONSISTENT	NEITHER
ENSG00000150051	REPRESSED	NULL	NEITHER
ENSG00000150054	SIMPLE_AND	NULL	GM12878
ENSG00000150093	NULL	SIMPLE_OR	NEITHER
ENSG00000150275	REPRESSED	NULL	NEITHER
ENSG00000150347	SIMPLE_AND	INCONSISTENT	GM12878
ENSG00000150401	SIMPLE_AND	INCONSISTENT	GM12878
ENSG00000150433	SIMPLE_AND	INCONSISTENT	GM12878
ENSG00000150455	SIMPLE_AND	INCONSISTENT	GM12878
ENSG00000150456	SIMPLE_AND	INCONSISTENT	GM12878
ENSG00000150457	SIMPLE_AND	INCONSISTENT	GM12878
ENSG00000150459	SIMPLE_AND	INCONSISTENT	GM12878
ENSG00000150477	SIMPLE_AND	INCONSISTENT	GM12878
ENSG00000150527	NULL	INCONSISTENT	NEITHER
ENSG00000150540	NULL	INCONSISTENT	NEITHER
ENSG00000150551	REPRESSED	NULL	NEITHER
ENSG00000150556	SIMPLE_AND	NULL	GM12878
ENSG00000150594	REPRESSED	NULL	NEITHER
ENSG00000150625	BIVALENT	NULL	NEITHER
ENSG00000150627	BIVALENT	INCONSISTENT	NEITHER
ENSG00000150628	INCONSISTENT	BIVALENT	NEITHER
ENSG00000150630	BIVALENT	NULL	NEITHER
ENSG00000150636	SIMPLE_AND	INCONSISTENT	GM12878
ENSG00000150637	SIMPLE_OR	INCONSISTENT	NEITHER
ENSG00000150656	NULL	REPRESSED	NEITHER
ENSG00000150672	SIMPLE_AND	INCONSISTENT	GM12878
ENSG00000150681	NULL	REPRESSED	NEITHER
ENSG00000150687	NULL	REPRESSED	NEITHER
ENSG00000150722	NULL	INCONSISTENT	NEITHER
ENSG00000150764	SIMPLE_AND	INCONSISTENT	GM12878
ENSG00000150773	SIMPLE_AND	INCONSISTENT	GM12878
ENSG00000150782	NULL	INCONSISTENT	NEITHER
ENSG00000150873	REPRESSED	INCONSISTENT	NEITHER
ENSG00000150907	SIMPLE_AND	INCONSISTENT	GM12878
ENSG00000150938	BIVALENT	INCONSISTENT	NEITHER
ENSG00000150961	SIMPLE_OR	SIMPLE_AND	K562
ENSG00000150977	SIMPLE_AND	INCONSISTENT	GM12878
ENSG00000151012	COMPLEX	SIMPLE_AND	K562
ENSG00000151023	NULL	INCONSISTENT	NEITHER
ENSG00000151025	NULL	INCONSISTENT	NEITHER
ENSG00000151062	REPRESSED	INCONSISTENT	NEITHER
ENSG00000151065	SIMPLE_AND	INCONSISTENT	GM12878
ENSG00000151079	INCONSISTENT	NULL	NEITHER
ENSG00000151090	REPRESSED	SIMPLE_AND	K562
ENSG00000151116	SIMPLE_AND	INCONSISTENT	GM12878
ENSG00000151136	REPRESSED	INCONSISTENT	NEITHER
ENSG00000151150	INCONSISTENT	REPRESSED	NEITHER
ENSG00000151151	SIMPLE_AND	INCONSISTENT	GM12878
ENSG00000151164	SIMPLE_AND	INCONSISTENT	GM12878
ENSG00000151208	BIVALENT	INCONSISTENT	NEITHER
ENSG00000151224	REPRESSED	NULL	NEITHER
ENSG00000151229	BIVALENT	INCONSISTENT	NEITHER
ENSG00000151233	SIMPLE_AND	INCONSISTENT	GM12878
ENSG00000151276	BIVALENT	SIMPLE_OR	NEITHER
ENSG00000151287	SIMPLE_AND	INCONSISTENT	GM12878
ENSG00000151304	SIMPLE_AND	INCONSISTENT	GM12878
ENSG00000151320	NULL	INCONSISTENT	NEITHER
ENSG00000151322	REPRESSED	NULL	NEITHER
ENSG00000151332	SIMPLE_AND	INCONSISTENT	GM12878
ENSG00000151338	NULL	INCONSISTENT	NEITHER
ENSG00000151348	SIMPLE_OR	SIMPLE_AND	K562
ENSG00000151353	SIMPLE_AND	INCONSISTENT	GM12878
ENSG00000151360	NULL	REPRESSED	NEITHER
ENSG00000151376	REPRESSED	NULL	NEITHER
ENSG00000151379	INCONSISTENT	REPRESSED	NEITHER
ENSG00000151388	SIMPLE_AND	REPRESSED	GM12878
ENSG00000151422	SIMPLE_AND	INCONSISTENT	GM12878
ENSG00000151458	BIVALENT	SIMPLE_AND	K562
ENSG00000151470	SIMPLE_AND	INCONSISTENT	GM12878
ENSG00000151491	SIMPLE_AND	INCONSISTENT	GM12878
ENSG00000151498	SIMPLE_AND	INCONSISTENT	GM12878
ENSG00000151532	SIMPLE_AND	INCONSISTENT	GM12878
ENSG00000151552	SIMPLE_OR	SIMPLE_AND	K562
ENSG00000151572	REPRESSED	NULL	NEITHER
ENSG00000151575	SIMPLE_AND	INCONSISTENT	GM12878
ENSG00000151576	REPRESSED	NULL	NEITHER
ENSG00000151612	SIMPLE_AND	BIVALENT	GM12878
ENSG00000151617	REPRESSED	NULL	NEITHER
ENSG00000151623	BIVALENT	INCONSISTENT	NEITHER
ENSG00000151640	NULL	INCONSISTENT	NEITHER
ENSG00000151651	SIMPLE_AND	INCONSISTENT	GM12878
ENSG00000151655	NULL	REPRESSED	NEITHER
ENSG00000151657	SIMPLE_AND	INCONSISTENT	GM12878
ENSG00000151687	COMPLEX	NULL	NEITHER
ENSG00000151689	SIMPLE_AND	NULL	GM12878
ENSG00000151690	SIMPLE_AND	INCONSISTENT	GM12878
ENSG00000151692	SIMPLE_OR	SIMPLE_AND	K562
ENSG00000151693	BIVALENT	INCONSISTENT	NEITHER
ENSG00000151702	BIVALENT	NULL	NEITHER
ENSG00000151715	NULL	BIVALENT	NEITHER
ENSG00000151718	REPRESSED	INCONSISTENT	NEITHER
ENSG00000151726	SIMPLE_AND	INCONSISTENT	GM12878
ENSG00000151743	SIMPLE_AND	INCONSISTENT	GM12878
ENSG00000151746	SIMPLE_AND	INCONSISTENT	GM12878
ENSG00000151748	SIMPLE_AND	INCONSISTENT	GM12878
ENSG00000151773	INCONSISTENT	NULL	NEITHER
ENSG00000151778	REPRESSED	NULL	NEITHER
ENSG00000151789	REPRESSED	NULL	NEITHER
ENSG00000151835	NULL	SIMPLE_OR	NEITHER
ENSG00000151838	BIVALENT	INCONSISTENT	NEITHER
ENSG00000151846	REPRESSED	NULL	NEITHER
ENSG00000151849	SIMPLE_AND	INCONSISTENT	GM12878
ENSG00000151881	SIMPLE_AND	INCONSISTENT	GM12878
ENSG00000151883	SIMPLE_AND	INCONSISTENT	GM12878
ENSG00000151892	REPRESSED	NULL	NEITHER
ENSG00000151914	SIMPLE_AND	INCONSISTENT	GM12878
ENSG00000151929	SIMPLE_AND	INCONSISTENT	GM12878
ENSG00000151948	COMPLEX	NULL	NEITHER
ENSG00000151952	NULL	REPRESSED	NEITHER
ENSG00000152034	REPRESSED	NULL	NEITHER
ENSG00000152056	SIMPLE_AND	INCONSISTENT	GM12878
ENSG00000152076	SIMPLE_OR	INCONSISTENT	NEITHER
ENSG00000152078	BIVALENT	INCONSISTENT	NEITHER
ENSG00000152117	SIMPLE_AND	INCONSISTENT	GM12878
ENSG00000152133	SIMPLE_AND	INCONSISTENT	GM12878
ENSG00000152137	NULL	REPRESSED	NEITHER
ENSG00000152147	SIMPLE_AND	INCONSISTENT	GM12878
ENSG00000152154	REPRESSED	BIVALENT	NEITHER
ENSG00000152192	BIVALENT	INCONSISTENT	NEITHER
ENSG00000152193	SIMPLE_AND	INCONSISTENT	GM12878
ENSG00000152208	REPRESSED	NULL	NEITHER
ENSG00000152213	SIMPLE_AND	INCONSISTENT	GM12878
ENSG00000152217	SIMPLE_AND	NULL	GM12878
ENSG00000152219	SIMPLE_AND	INCONSISTENT	GM12878
ENSG00000152229	INCONSISTENT	SIMPLE_AND	K562
ENSG00000152242	SIMPLE_AND	INCONSISTENT	GM12878
ENSG00000152253	REPRESSED	NULL	NEITHER
ENSG00000152266	NULL	REPRESSED	NEITHER
ENSG00000152270	INCONSISTENT	SIMPLE_AND	K562
ENSG00000152284	BIVALENT	INCONSISTENT	NEITHER
ENSG00000152315	BIVALENT	INCONSISTENT	NEITHER
ENSG00000152348	SIMPLE_AND	INCONSISTENT	GM12878
ENSG00000152402	BIVALENT	INCONSISTENT	NEITHER
ENSG00000152404	SIMPLE_AND	INCONSISTENT	GM12878
ENSG00000152409	SIMPLE_AND	INCONSISTENT	GM12878
ENSG00000152422	SIMPLE_AND	INCONSISTENT	GM12878
ENSG00000152430	INCONSISTENT	NULL	NEITHER
ENSG00000152433	SIMPLE_AND	INCONSISTENT	GM12878
ENSG00000152439	COMPLEX	NULL	NEITHER
ENSG00000152454	SIMPLE_AND	NULL	GM12878
ENSG00000152457	SIMPLE_AND	INCONSISTENT	GM12878
ENSG00000152465	SIMPLE_AND	INCONSISTENT	GM12878
ENSG00000152467	REPRESSED	NULL	NEITHER
ENSG00000152484	SIMPLE_AND	INCONSISTENT	GM12878
ENSG00000152495	SIMPLE_AND	BIVALENT	GM12878
ENSG00000152527	BIVALENT	INCONSISTENT	NEITHER
ENSG00000152580	REPRESSED	BIVALENT	NEITHER
ENSG00000152582	SIMPLE_OR	INCONSISTENT	NEITHER
ENSG00000152595	NULL	INCONSISTENT	NEITHER
ENSG00000152620	SIMPLE_AND	COMPLEX	GM12878
ENSG00000152642	SIMPLE_OR	INCONSISTENT	NEITHER
ENSG00000152661	REPRESSED	NULL	NEITHER
ENSG00000152672	NULL	REPRESSED	NEITHER
ENSG00000152684	BIVALENT	NULL	NEITHER
ENSG00000152689	NULL	INCONSISTENT	NEITHER
ENSG00000152749	SIMPLE_AND	COMPLEX	GM12878
ENSG00000152760	REPRESSED	NULL	NEITHER
ENSG00000152778	SIMPLE_AND	INCONSISTENT	GM12878
ENSG00000152782	SIMPLE_AND	INCONSISTENT	GM12878
ENSG00000152784	BIVALENT	NULL	NEITHER
ENSG00000152785	BIVALENT	NULL	NEITHER
ENSG00000152804	BIVALENT	SIMPLE_AND	K562
ENSG00000152894	BIVALENT	INCONSISTENT	NEITHER
ENSG00000152904	COMPLEX	SIMPLE_AND	K562
ENSG00000152926	SIMPLE_AND	INCONSISTENT	GM12878
ENSG00000152932	BIVALENT	NULL	NEITHER
ENSG00000152939	SIMPLE_AND	NULL	GM12878
ENSG00000152952	REPRESSED	INCONSISTENT	NEITHER
ENSG00000152953	REPRESSED	NULL	NEITHER
ENSG00000152969	SIMPLE_AND	INCONSISTENT	GM12878
ENSG00000152977	REPRESSED	INCONSISTENT	NEITHER
ENSG00000152990	BIVALENT	NULL	NEITHER
ENSG00000153012	REPRESSED	BIVALENT	NEITHER
ENSG00000153029	SIMPLE_AND	INCONSISTENT	GM12878
ENSG00000153060	NULL	REPRESSED	NEITHER
ENSG00000153064	NULL	INCONSISTENT	NEITHER
ENSG00000153094	BIVALENT	INCONSISTENT	NEITHER
ENSG00000153140	SIMPLE_AND	INCONSISTENT	GM12878
ENSG00000153157	REPRESSED	INCONSISTENT	NEITHER
ENSG00000153162	BIVALENT	INCONSISTENT	NEITHER
ENSG00000153208	BIVALENT	INCONSISTENT	NEITHER
ENSG00000153234	SIMPLE_AND	INCONSISTENT	GM12878
ENSG00000153250	NULL	BIVALENT	NEITHER
ENSG00000153291	BIVALENT	INCONSISTENT	NEITHER
ENSG00000153303	NULL	REPRESSED	NEITHER
ENSG00000153363	SIMPLE_AND	INCONSISTENT	GM12878
ENSG00000153391	SIMPLE_AND	INCONSISTENT	GM12878
ENSG00000153406	NULL	REPRESSED	NEITHER
ENSG00000153443	SIMPLE_AND	INCONSISTENT	GM12878
ENSG00000153485	SIMPLE_AND	INCONSISTENT	GM12878
ENSG00000153558	BIVALENT	INCONSISTENT	NEITHER
ENSG00000153563	REPRESSED	NULL	NEITHER
ENSG00000153707	REPRESSED	NULL	NEITHER
ENSG00000153714	BIVALENT	NULL	NEITHER
ENSG00000153721	BIVALENT	INCONSISTENT	NEITHER
ENSG00000153790	SIMPLE_AND	INCONSISTENT	GM12878
ENSG00000153815	SIMPLE_AND	BIVALENT	GM12878
ENSG00000153879	SIMPLE_AND	BIVALENT	GM12878
ENSG00000153885	BIVALENT	SIMPLE_AND	K562
ENSG00000153896	SIMPLE_AND	INCONSISTENT	GM12878
ENSG00000153898	SIMPLE_AND	INCONSISTENT	GM12878
ENSG00000153902	BIVALENT	INCONSISTENT	NEITHER
ENSG00000153904	BIVALENT	INCONSISTENT	NEITHER
ENSG00000153933	SIMPLE_AND	INCONSISTENT	GM12878
ENSG00000153956	BIVALENT	NULL	NEITHER
ENSG00000153976	NULL	SIMPLE_AND	K562
ENSG00000153993	REPRESSED	NULL	NEITHER
ENSG00000154027	REPRESSED	NULL	NEITHER
ENSG00000154040	BIVALENT	REPRESSED	NEITHER
ENSG00000154065	BIVALENT	REPRESSED	NEITHER
ENSG00000154079	SIMPLE_AND	COMPLEX	GM12878
ENSG00000154080	REPRESSED	NULL	NEITHER
ENSG00000154096	BIVALENT	NULL	NEITHER
ENSG00000154102	SIMPLE_OR	BIVALENT	NEITHER
ENSG00000154114	SIMPLE_AND	INCONSISTENT	GM12878
ENSG00000154118	COMPLEX	BIVALENT	NEITHER
ENSG00000154122	SIMPLE_AND	BIVALENT	GM12878
ENSG00000154133	REPRESSED	NULL	NEITHER
ENSG00000154134	REPRESSED	INCONSISTENT	NEITHER
ENSG00000154144	SIMPLE_AND	INCONSISTENT	GM12878
ENSG00000154146	BIVALENT	INCONSISTENT	NEITHER
ENSG00000154153	INCONSISTENT	REPRESSED	NEITHER
ENSG00000154162	REPRESSED	NULL	NEITHER
ENSG00000154165	SIMPLE_AND	NULL	GM12878
ENSG00000154217	SIMPLE_AND	INCONSISTENT	GM12878
ENSG00000154229	BIVALENT	SIMPLE_AND	K562
ENSG00000154237	SIMPLE_AND	BIVALENT	GM12878
ENSG00000154263	SIMPLE_OR	NULL	NEITHER
ENSG00000154265	SIMPLE_AND	INCONSISTENT	GM12878
ENSG00000154277	REPRESSED	NULL	NEITHER
ENSG00000154309	SIMPLE_AND	INCONSISTENT	GM12878
ENSG00000154319	NULL	REPRESSED	NEITHER
ENSG00000154328	SIMPLE_AND	INCONSISTENT	GM12878
ENSG00000154359	SIMPLE_AND	INCONSISTENT	GM12878
ENSG00000154447	SIMPLE_AND	INCONSISTENT	GM12878
ENSG00000154511	SIMPLE_AND	INCONSISTENT	GM12878
ENSG00000154518	SIMPLE_AND	COMPLEX	GM12878
ENSG00000154529	NULL	INCONSISTENT	NEITHER
ENSG00000154548	INCONSISTENT	NULL	NEITHER
ENSG00000154553	REPRESSED	INCONSISTENT	NEITHER
ENSG00000154589	SIMPLE_AND	NULL	GM12878
ENSG00000154640	SIMPLE_AND	INCONSISTENT	GM12878
ENSG00000154642	SIMPLE_AND	INCONSISTENT	GM12878
ENSG00000154654	NULL	SIMPLE_OR	NEITHER
ENSG00000154655	SIMPLE_AND	NULL	GM12878
ENSG00000154721	SIMPLE_AND	INCONSISTENT	GM12878
ENSG00000154760	SIMPLE_AND	INCONSISTENT	GM12878
ENSG00000154764	REPRESSED	NULL	NEITHER
ENSG00000154781	SIMPLE_AND	INCONSISTENT	GM12878
ENSG00000154864	SIMPLE_AND	REPRESSED	GM12878
ENSG00000154874	SIMPLE_OR	NULL	NEITHER
ENSG00000154889	SIMPLE_AND	INCONSISTENT	GM12878
ENSG00000154917	BIVALENT	INCONSISTENT	NEITHER
ENSG00000154920	SIMPLE_AND	INCONSISTENT	GM12878
ENSG00000154928	SIMPLE_AND	NULL	GM12878
ENSG00000154930	BIVALENT	NULL	NEITHER
ENSG00000154957	SIMPLE_AND	INCONSISTENT	GM12878
ENSG00000155008	SIMPLE_AND	INCONSISTENT	GM12878
ENSG00000155034	SIMPLE_AND	INCONSISTENT	GM12878
ENSG00000155052	REPRESSED	NULL	NEITHER
ENSG00000155085	SIMPLE_AND	INCONSISTENT	GM12878
ENSG00000155087	INCONSISTENT	NULL	NEITHER
ENSG00000155093	NULL	BIVALENT	NEITHER
ENSG00000155096	SIMPLE_OR	NULL	NEITHER
ENSG00000155111	SIMPLE_AND	INCONSISTENT	GM12878
ENSG00000155158	SIMPLE_OR	INCONSISTENT	NEITHER
ENSG00000155254	SIMPLE_OR	INCONSISTENT	NEITHER
ENSG00000155256	SIMPLE_AND	INCONSISTENT	GM12878
ENSG00000155265	BIVALENT	INCONSISTENT	NEITHER
ENSG00000155287	SIMPLE_AND	INCONSISTENT	GM12878
ENSG00000155330	SIMPLE_AND	INCONSISTENT	GM12878
ENSG00000155465	SIMPLE_AND	INCONSISTENT	GM12878
ENSG00000155495	NULL	INCONSISTENT	NEITHER
ENSG00000155511	REPRESSED	NULL	NEITHER
ENSG00000155530	INCONSISTENT	BIVALENT	NEITHER
ENSG00000155542	SIMPLE_AND	INCONSISTENT	GM12878
ENSG00000155592	SIMPLE_AND	INCONSISTENT	GM12878
ENSG00000155621	SIMPLE_AND	INCONSISTENT	GM12878
ENSG00000155629	SIMPLE_AND	INCONSISTENT	GM12878
ENSG00000155636	SIMPLE_AND	INCONSISTENT	GM12878
ENSG00000155659	INCONSISTENT	NULL	NEITHER
ENSG00000155666	SIMPLE_AND	INCONSISTENT	GM12878
ENSG00000155714	NULL	INCONSISTENT	NEITHER
ENSG00000155719	REPRESSED	NULL	NEITHER
ENSG00000155755	SIMPLE_AND	INCONSISTENT	GM12878
ENSG00000155760	BIVALENT	INCONSISTENT	NEITHER
ENSG00000155761	NULL	INCONSISTENT	NEITHER
ENSG00000155827	SIMPLE_AND	INCONSISTENT	GM12878
ENSG00000155846	SIMPLE_AND	INCONSISTENT	GM12878
ENSG00000155849	SIMPLE_OR	REPRESSED	NEITHER
ENSG00000155850	SIMPLE_AND	INCONSISTENT	GM12878
ENSG00000155858	SIMPLE_AND	INCONSISTENT	GM12878
ENSG00000155886	NULL	INCONSISTENT	NEITHER
ENSG00000155897	REPRESSED	NULL	NEITHER
ENSG00000155903	SIMPLE_AND	INCONSISTENT	GM12878
ENSG00000155918	NULL	REPRESSED	NEITHER
ENSG00000155957	SIMPLE_AND	INCONSISTENT	GM12878
ENSG00000155961	SIMPLE_AND	NULL	GM12878
ENSG00000155962	SIMPLE_OR	SIMPLE_AND	K562
ENSG00000155974	REPRESSED	BIVALENT	NEITHER
ENSG00000156009	NULL	INCONSISTENT	NEITHER
ENSG00000156030	SIMPLE_AND	SIMPLE_OR	GM12878
ENSG00000156042	INCONSISTENT	NULL	NEITHER
ENSG00000156049	REPRESSED	NULL	NEITHER
ENSG00000156050	SIMPLE_AND	INCONSISTENT	GM12878
ENSG00000156052	BIVALENT	SIMPLE_AND	K562
ENSG00000156076	BIVALENT	NULL	NEITHER
ENSG00000156103	INCONSISTENT	NULL	NEITHER
ENSG00000156113	SIMPLE_OR	NULL	NEITHER
ENSG00000156127	SIMPLE_AND	NULL	GM12878
ENSG00000156136	SIMPLE_AND	INCONSISTENT	GM12878
ENSG00000156140	REPRESSED	SIMPLE_AND	K562
ENSG00000156170	SIMPLE_AND	INCONSISTENT	GM12878
ENSG00000156172	SIMPLE_AND	INCONSISTENT	GM12878
ENSG00000156194	NULL	REPRESSED	NEITHER
ENSG00000156206	INCONSISTENT	NULL	NEITHER
ENSG00000156219	INCONSISTENT	NULL	NEITHER
ENSG00000156222	REPRESSED	NULL	NEITHER
ENSG00000156232	SIMPLE_AND	INCONSISTENT	GM12878
ENSG00000156239	SIMPLE_AND	INCONSISTENT	GM12878
ENSG00000156253	SIMPLE_AND	INCONSISTENT	GM12878
ENSG00000156265	SIMPLE_AND	NULL	GM12878
ENSG00000156269	NULL	SIMPLE_AND	K562
ENSG00000156273	SIMPLE_OR	NULL	NEITHER
ENSG00000156299	BIVALENT	NULL	NEITHER
ENSG00000156313	SIMPLE_AND	INCONSISTENT	GM12878
ENSG00000156345	NULL	INCONSISTENT	NEITHER
ENSG00000156374	COMPLEX	INCONSISTENT	NEITHER
ENSG00000156381	SIMPLE_AND	INCONSISTENT	GM12878
ENSG00000156384	SIMPLE_AND	INCONSISTENT	GM12878
ENSG00000156395	REPRESSED	NULL	NEITHER
ENSG00000156427	BIVALENT	INCONSISTENT	NEITHER
ENSG00000156463	NULL	BIVALENT	NEITHER
ENSG00000156466	REPRESSED	BIVALENT	NEITHER
ENSG00000156467	COMPLEX	SIMPLE_AND	K562
ENSG00000156486	REPRESSED	BIVALENT	NEITHER
ENSG00000156509	SIMPLE_AND	REPRESSED	GM12878
ENSG00000156521	SIMPLE_AND	NULL	GM12878
ENSG00000156564	REPRESSED	NULL	NEITHER
ENSG00000156587	SIMPLE_AND	INCONSISTENT	GM12878
ENSG00000156603	COMPLEX	INCONSISTENT	NEITHER
ENSG00000156650	SIMPLE_AND	INCONSISTENT	GM12878
ENSG00000156711	NULL	INCONSISTENT	NEITHER
ENSG00000156738	SIMPLE_AND	NULL	GM12878
ENSG00000156795	SIMPLE_AND	INCONSISTENT	GM12878
ENSG00000156804	INCONSISTENT	BIVALENT	NEITHER
ENSG00000156853	NULL	REPRESSED	NEITHER
ENSG00000156858	SIMPLE_AND	INCONSISTENT	GM12878
ENSG00000156876	SIMPLE_AND	INCONSISTENT	GM12878
ENSG00000156886	SIMPLE_OR	NULL	NEITHER
ENSG00000156966	SIMPLE_AND	NULL	GM12878
ENSG00000156968	NULL	REPRESSED	NEITHER
ENSG00000156973	SIMPLE_AND	INCONSISTENT	GM12878
ENSG00000156976	COMPLEX	SIMPLE_AND	K562
ENSG00000157005	REPRESSED	NULL	NEITHER
ENSG00000157014	SIMPLE_AND	COMPLEX	GM12878
ENSG00000157017	SIMPLE_AND	INCONSISTENT	GM12878
ENSG00000157036	SIMPLE_AND	INCONSISTENT	GM12878
ENSG00000157045	SIMPLE_AND	COMPLEX	GM12878
ENSG00000157060	NULL	REPRESSED	NEITHER
ENSG00000157077	SIMPLE_AND	INCONSISTENT	GM12878
ENSG00000157087	REPRESSED	NULL	NEITHER
ENSG00000157103	REPRESSED	NULL	NEITHER
ENSG00000157107	INCONSISTENT	SIMPLE_AND	K562
ENSG00000157152	REPRESSED	NULL	NEITHER
ENSG00000157168	REPRESSED	NULL	NEITHER
ENSG00000157212	SIMPLE_AND	INCONSISTENT	GM12878
ENSG00000157216	NULL	SIMPLE_OR	NEITHER
ENSG00000157240	BIVALENT	INCONSISTENT	NEITHER
ENSG00000157326	SIMPLE_AND	INCONSISTENT	GM12878
ENSG00000157343	NULL	INCONSISTENT	NEITHER
ENSG00000157349	SIMPLE_AND	INCONSISTENT	GM12878
ENSG00000157399	NULL	REPRESSED	NEITHER
ENSG00000157404	REPRESSED	INCONSISTENT	NEITHER
ENSG00000157423	REPRESSED	NULL	NEITHER
ENSG00000157429	SIMPLE_AND	INCONSISTENT	GM12878
ENSG00000157445	REPRESSED	NULL	NEITHER
ENSG00000157470	COMPLEX	NULL	NEITHER
ENSG00000157483	SIMPLE_AND	NULL	GM12878
ENSG00000157500	SIMPLE_AND	INCONSISTENT	GM12878
ENSG00000157510	REPRESSED	NULL	NEITHER
ENSG00000157514	SIMPLE_OR	INCONSISTENT	NEITHER
ENSG00000157542	NULL	INCONSISTENT	NEITHER
ENSG00000157557	SIMPLE_OR	INCONSISTENT	NEITHER
ENSG00000157601	SIMPLE_AND	INCONSISTENT	GM12878
ENSG00000157613	BIVALENT	SIMPLE_AND	K562
ENSG00000157657	BIVALENT	INCONSISTENT	NEITHER
ENSG00000157680	BIVALENT	REPRESSED	NEITHER
ENSG00000157693	SIMPLE_AND	INCONSISTENT	GM12878
ENSG00000157703	NULL	REPRESSED	NEITHER
ENSG00000157734	SIMPLE_AND	INCONSISTENT	GM12878
ENSG00000157766	NULL	REPRESSED	NEITHER
ENSG00000157796	SIMPLE_AND	INCONSISTENT	GM12878
ENSG00000157800	SIMPLE_OR	NULL	NEITHER
ENSG00000157827	SIMPLE_AND	BIVALENT	GM12878
ENSG00000157833	REPRESSED	INCONSISTENT	NEITHER
ENSG00000157851	REPRESSED	INCONSISTENT	NEITHER
ENSG00000157870	SIMPLE_AND	INCONSISTENT	GM12878
ENSG00000157873	SIMPLE_AND	INCONSISTENT	GM12878
ENSG00000157884	NULL	REPRESSED	NEITHER
ENSG00000157890	REPRESSED	BIVALENT	NEITHER
ENSG00000157895	SIMPLE_AND	INCONSISTENT	GM12878
ENSG00000157911	SIMPLE_AND	INCONSISTENT	GM12878
ENSG00000157927	NULL	INCONSISTENT	NEITHER
ENSG00000157985	REPRESSED	SIMPLE_AND	K562
ENSG00000157992	NULL	INCONSISTENT	NEITHER
ENSG00000158006	SIMPLE_AND	INCONSISTENT	GM12878
ENSG00000158014	REPRESSED	INCONSISTENT	NEITHER
ENSG00000158022	NULL	INCONSISTENT	NEITHER
ENSG00000158023	SIMPLE_OR	NULL	NEITHER
ENSG00000158050	SIMPLE_AND	NULL	GM12878
ENSG00000158062	SIMPLE_AND	INCONSISTENT	GM12878
ENSG00000158089	NULL	REPRESSED	NEITHER
ENSG00000158106	SIMPLE_OR	INCONSISTENT	NEITHER
ENSG00000158109	SIMPLE_OR	BIVALENT	NEITHER
ENSG00000158113	INCONSISTENT	REPRESSED	NEITHER
ENSG00000158122	BIVALENT	INCONSISTENT	NEITHER
ENSG00000158156	SIMPLE_AND	INCONSISTENT	GM12878
ENSG00000158158	SIMPLE_AND	INCONSISTENT	GM12878
ENSG00000158163	BIVALENT	INCONSISTENT	NEITHER
ENSG00000158164	NULL	INCONSISTENT	NEITHER
ENSG00000158169	SIMPLE_AND	INCONSISTENT	GM12878
ENSG00000158186	REPRESSED	INCONSISTENT	NEITHER
ENSG00000158201	SIMPLE_AND	COMPLEX	GM12878
ENSG00000158220	REPRESSED	NULL	NEITHER
ENSG00000158234	SIMPLE_AND	INCONSISTENT	GM12878
ENSG00000158246	REPRESSED	INCONSISTENT	NEITHER
ENSG00000158270	REPRESSED	BIVALENT	NEITHER
ENSG00000158286	SIMPLE_AND	INCONSISTENT	GM12878
ENSG00000158292	SIMPLE_OR	BIVALENT	NEITHER
ENSG00000158301	NULL	INCONSISTENT	NEITHER
ENSG00000158321	SIMPLE_OR	INCONSISTENT	NEITHER
ENSG00000158411	SIMPLE_AND	INCONSISTENT	GM12878
ENSG00000158427	SIMPLE_AND	NULL	GM12878
ENSG00000158445	REPRESSED	INCONSISTENT	NEITHER
ENSG00000158457	SIMPLE_AND	BIVALENT	GM12878
ENSG00000158458	SIMPLE_AND	BIVALENT	GM12878
ENSG00000158467	SIMPLE_AND	INCONSISTENT	GM12878
ENSG00000158473	REPRESSED	INCONSISTENT	NEITHER
ENSG00000158480	SIMPLE_AND	INCONSISTENT	GM12878
ENSG00000158483	SIMPLE_AND	INCONSISTENT	GM12878
ENSG00000158497	INCONSISTENT	NULL	NEITHER
ENSG00000158516	NULL	REPRESSED	NEITHER
ENSG00000158517	SIMPLE_OR	NULL	NEITHER
ENSG00000158526	SIMPLE_AND	INCONSISTENT	GM12878
ENSG00000158528	REPRESSED	NULL	NEITHER
ENSG00000158553	INCONSISTENT	NULL	NEITHER
ENSG00000158555	SIMPLE_OR	INCONSISTENT	NEITHER
ENSG00000158560	INCONSISTENT	BIVALENT	NEITHER
ENSG00000158578	NULL	SIMPLE_AND	K562
ENSG00000158639	NULL	SIMPLE_AND	K562
ENSG00000158711	SIMPLE_AND	INCONSISTENT	GM12878
ENSG00000158714	INCONSISTENT	NULL	NEITHER
ENSG00000158715	SIMPLE_OR	INCONSISTENT	NEITHER
ENSG00000158748	INCONSISTENT	BIVALENT	NEITHER
ENSG00000158792	SIMPLE_AND	INCONSISTENT	GM12878
ENSG00000158806	SIMPLE_OR	NULL	NEITHER
ENSG00000158815	INCONSISTENT	NULL	NEITHER
ENSG00000158816	REPRESSED	NULL	NEITHER
ENSG00000158828	COMPLEX	INCONSISTENT	NEITHER
ENSG00000158856	REPRESSED	INCONSISTENT	NEITHER
ENSG00000158859	NULL	INCONSISTENT	NEITHER
ENSG00000158863	COMPLEX	SIMPLE_AND	K562
ENSG00000158865	NULL	INCONSISTENT	NEITHER
ENSG00000158869	INCONSISTENT	NULL	NEITHER
ENSG00000158874	NULL	INCONSISTENT	NEITHER
ENSG00000158887	NULL	INCONSISTENT	NEITHER
ENSG00000158966	BIVALENT	NULL	NEITHER
ENSG00000159055	SIMPLE_AND	INCONSISTENT	GM12878
ENSG00000159082	SIMPLE_AND	INCONSISTENT	GM12878
ENSG00000159110	SIMPLE_OR	NULL	NEITHER
ENSG00000159164	NULL	INCONSISTENT	NEITHER
ENSG00000159166	NULL	REPRESSED	NEITHER
ENSG00000159173	NULL	REPRESSED	NEITHER
ENSG00000159176	SIMPLE_AND	SIMPLE_OR	GM12878
ENSG00000159182	REPRESSED	NULL	NEITHER
ENSG00000159184	REPRESSED	BIVALENT	NEITHER
ENSG00000159200	SIMPLE_OR	INCONSISTENT	NEITHER
ENSG00000159208	INCONSISTENT	NULL	NEITHER
ENSG00000159212	SIMPLE_AND	REPRESSED	GM12878
ENSG00000159214	SIMPLE_AND	INCONSISTENT	GM12878
ENSG00000159217	BIVALENT	SIMPLE_AND	K562
ENSG00000159239	SIMPLE_AND	INCONSISTENT	GM12878
ENSG00000159248	REPRESSED	BIVALENT	NEITHER
ENSG00000159251	REPRESSED	NULL	NEITHER
ENSG00000159263	REPRESSED	INCONSISTENT	NEITHER
ENSG00000159307	REPRESSED	NULL	NEITHER
ENSG00000159314	SIMPLE_OR	INCONSISTENT	NEITHER
ENSG00000159339	NULL	REPRESSED	NEITHER
ENSG00000159403	INCONSISTENT	NULL	NEITHER
ENSG00000159433	SIMPLE_AND	INCONSISTENT	GM12878
ENSG00000159450	REPRESSED	NULL	NEITHER
ENSG00000159556	BIVALENT	INCONSISTENT	NEITHER
ENSG00000159618	SIMPLE_AND	NULL	GM12878
ENSG00000159625	NULL	INCONSISTENT	NEITHER
ENSG00000159640	REPRESSED	INCONSISTENT	NEITHER
ENSG00000159648	NULL	INCONSISTENT	NEITHER
ENSG00000159685	SIMPLE_OR	INCONSISTENT	NEITHER
ENSG00000159692	SIMPLE_AND	COMPLEX	GM12878
ENSG00000159712	REPRESSED	INCONSISTENT	NEITHER
ENSG00000159713	REPRESSED	INCONSISTENT	NEITHER
ENSG00000159714	BIVALENT	REPRESSED	NEITHER
ENSG00000159733	BIVALENT	INCONSISTENT	NEITHER
ENSG00000159753	SIMPLE_AND	INCONSISTENT	GM12878
ENSG00000159761	SIMPLE_AND	INCONSISTENT	GM12878
ENSG00000159763	NULL	REPRESSED	NEITHER
ENSG00000159788	SIMPLE_OR	INCONSISTENT	NEITHER
ENSG00000159842	SIMPLE_AND	BIVALENT	GM12878
ENSG00000159884	SIMPLE_AND	INCONSISTENT	GM12878
ENSG00000159885	SIMPLE_AND	INCONSISTENT	GM12878
ENSG00000159905	SIMPLE_AND	INCONSISTENT	GM12878
ENSG00000159915	COMPLEX	INCONSISTENT	NEITHER
ENSG00000159917	SIMPLE_AND	INCONSISTENT	GM12878
ENSG00000159958	SIMPLE_AND	INCONSISTENT	GM12878
ENSG00000159961	NULL	REPRESSED	NEITHER
ENSG00000160013	SIMPLE_AND	INCONSISTENT	GM12878
ENSG00000160014	SIMPLE_AND	COMPLEX	GM12878
ENSG00000160051	SIMPLE_AND	INCONSISTENT	GM12878
ENSG00000160055	SIMPLE_AND	INCONSISTENT	GM12878
ENSG00000160062	INCONSISTENT	BIVALENT	NEITHER
ENSG00000160094	SIMPLE_AND	BIVALENT	GM12878
ENSG00000160097	REPRESSED	INCONSISTENT	NEITHER
ENSG00000160117	SIMPLE_AND	INCONSISTENT	GM12878
ENSG00000160124	SIMPLE_AND	INCONSISTENT	GM12878
ENSG00000160145	REPRESSED	INCONSISTENT	NEITHER
ENSG00000160172	SIMPLE_AND	INCONSISTENT	GM12878
ENSG00000160180	NULL	REPRESSED	NEITHER
ENSG00000160183	SIMPLE_OR	NULL	NEITHER
ENSG00000160185	NULL	INCONSISTENT	NEITHER
ENSG00000160188	INCONSISTENT	BIVALENT	NEITHER
ENSG00000160190	SIMPLE_AND	BIVALENT	GM12878
ENSG00000160191	BIVALENT	NULL	NEITHER
ENSG00000160199	SIMPLE_AND	INCONSISTENT	GM12878
ENSG00000160200	NULL	SIMPLE_OR	NEITHER
ENSG00000160201	NULL	INCONSISTENT	NEITHER
ENSG00000160207	SIMPLE_AND	INCONSISTENT	GM12878
ENSG00000160219	SIMPLE_OR	SIMPLE_AND	K562
ENSG00000160221	NULL	SIMPLE_OR	NEITHER
ENSG00000160224	NULL	REPRESSED	NEITHER
ENSG00000160226	SIMPLE_AND	INCONSISTENT	GM12878
ENSG00000160229	SIMPLE_AND	INCONSISTENT	GM12878
ENSG00000160255	SIMPLE_AND	BIVALENT	GM12878
ENSG00000160282	NULL	INCONSISTENT	NEITHER
ENSG00000160293	SIMPLE_AND	INCONSISTENT	GM12878
ENSG00000160298	SIMPLE_AND	INCONSISTENT	GM12878
ENSG00000160307	INCONSISTENT	REPRESSED	NEITHER
ENSG00000160323	SIMPLE_OR	INCONSISTENT	NEITHER
ENSG00000160325	BIVALENT	INCONSISTENT	NEITHER
ENSG00000160326	SIMPLE_AND	BIVALENT	GM12878
ENSG00000160336	SIMPLE_AND	INCONSISTENT	GM12878
ENSG00000160360	REPRESSED	INCONSISTENT	NEITHER
ENSG00000160408	SIMPLE_AND	INCONSISTENT	GM12878
ENSG00000160439	NULL	BIVALENT	NEITHER
ENSG00000160445	SIMPLE_AND	INCONSISTENT	GM12878
ENSG00000160469	SIMPLE_AND	INCONSISTENT	GM12878
ENSG00000160471	REPRESSED	INCONSISTENT	NEITHER
ENSG00000160539	NULL	INCONSISTENT	NEITHER
ENSG00000160588	SIMPLE_AND	INCONSISTENT	GM12878
ENSG00000160593	SIMPLE_AND	NULL	GM12878
ENSG00000160606	INCONSISTENT	SIMPLE_AND	K562
ENSG00000160654	NULL	INCONSISTENT	NEITHER
ENSG00000160678	NULL	SIMPLE_AND	K562
ENSG00000160683	REPRESSED	NULL	NEITHER
ENSG00000160710	SIMPLE_AND	COMPLEX	GM12878
ENSG00000160712	SIMPLE_AND	BIVALENT	GM12878
ENSG00000160716	REPRESSED	NULL	NEITHER
ENSG00000160753	SIMPLE_OR	SIMPLE_AND	K562
ENSG00000160766	NULL	INCONSISTENT	NEITHER
ENSG00000160781	SIMPLE_OR	NULL	NEITHER
ENSG00000160789	BIVALENT	SIMPLE_AND	K562
ENSG00000160791	INCONSISTENT	NULL	NEITHER
ENSG00000160838	REPRESSED	INCONSISTENT	NEITHER
ENSG00000160867	BIVALENT	SIMPLE_AND	K562
ENSG00000160951	REPRESSED	INCONSISTENT	NEITHER
ENSG00000160961	SIMPLE_AND	INCONSISTENT	GM12878
ENSG00000160963	REPRESSED	INCONSISTENT	NEITHER
ENSG00000160972	SIMPLE_OR	SIMPLE_AND	K562
ENSG00000160973	BIVALENT	INCONSISTENT	NEITHER
ENSG00000160993	SIMPLE_AND	INCONSISTENT	GM12878
ENSG00000160999	SIMPLE_AND	INCONSISTENT	GM12878
ENSG00000161048	SIMPLE_AND	INCONSISTENT	GM12878
ENSG00000161055	REPRESSED	NULL	NEITHER
ENSG00000161082	NULL	INCONSISTENT	NEITHER
ENSG00000161133	NULL	REPRESSED	NEITHER
ENSG00000161180	NULL	INCONSISTENT	NEITHER
ENSG00000161243	SIMPLE_OR	INCONSISTENT	NEITHER
ENSG00000161249	NULL	REPRESSED	NEITHER
ENSG00000161265	SIMPLE_AND	INCONSISTENT	GM12878
ENSG00000161270	BIVALENT	INCONSISTENT	NEITHER
ENSG00000161277	SIMPLE_AND	INCONSISTENT	GM12878
ENSG00000161298	SIMPLE_AND	NULL	GM12878
ENSG00000161328	SIMPLE_AND	INCONSISTENT	GM12878
ENSG00000161405	SIMPLE_AND	BIVALENT	GM12878
ENSG00000161509	REPRESSED	NULL	NEITHER
ENSG00000161542	SIMPLE_OR	SIMPLE_AND	K562
ENSG00000161544	INCONSISTENT	NULL	NEITHER
ENSG00000161547	COMPLEX	SIMPLE_AND	K562
ENSG00000161609	NULL	INCONSISTENT	NEITHER
ENSG00000161638	BIVALENT	SIMPLE_AND	K562
ENSG00000161642	INCONSISTENT	SIMPLE_AND	K562
ENSG00000161647	REPRESSED	COMPLEX	NEITHER
ENSG00000161649	NULL	REPRESSED	NEITHER
ENSG00000161653	BIVALENT	INCONSISTENT	NEITHER
ENSG00000161681	REPRESSED	INCONSISTENT	NEITHER
ENSG00000161682	INCONSISTENT	BIVALENT	NEITHER
ENSG00000161714	INCONSISTENT	SIMPLE_AND	K562
ENSG00000161798	REPRESSED	NULL	NEITHER
ENSG00000161800	NULL	SIMPLE_OR	NEITHER
ENSG00000161835	BIVALENT	NULL	NEITHER
ENSG00000161850	NULL	REPRESSED	NEITHER
ENSG00000161896	NULL	REPRESSED	NEITHER
ENSG00000161911	NULL	REPRESSED	NEITHER
ENSG00000161914	SIMPLE_AND	INCONSISTENT	GM12878
ENSG00000161920	SIMPLE_AND	INCONSISTENT	GM12878
ENSG00000161929	SIMPLE_AND	NULL	GM12878
ENSG00000161939	SIMPLE_AND	INCONSISTENT	GM12878
ENSG00000161940	SIMPLE_AND	INCONSISTENT	GM12878
ENSG00000161944	NULL	REPRESSED	NEITHER
ENSG00000161955	SIMPLE_AND	NULL	GM12878
ENSG00000161958	SIMPLE_AND	INCONSISTENT	GM12878
ENSG00000161973	COMPLEX	INCONSISTENT	NEITHER
ENSG00000161992	REPRESSED	INCONSISTENT	NEITHER
ENSG00000161996	SIMPLE_AND	NULL	GM12878
ENSG00000162004	SIMPLE_AND	INCONSISTENT	GM12878
ENSG00000162006	NULL	INCONSISTENT	NEITHER
ENSG00000162039	NULL	SIMPLE_AND	K562
ENSG00000162062	SIMPLE_AND	INCONSISTENT	GM12878
ENSG00000162068	NULL	INCONSISTENT	NEITHER
ENSG00000162078	NULL	REPRESSED	NEITHER
ENSG00000162105	BIVALENT	NULL	NEITHER
ENSG00000162174	BIVALENT	INCONSISTENT	NEITHER
ENSG00000162241	SIMPLE_AND	INCONSISTENT	GM12878
ENSG00000162341	SIMPLE_AND	INCONSISTENT	GM12878
ENSG00000162366	NULL	INCONSISTENT	NEITHER
ENSG00000162367	REPRESSED	SIMPLE_AND	K562
ENSG00000162373	REPRESSED	NULL	NEITHER
ENSG00000162374	NULL	INCONSISTENT	NEITHER
ENSG00000162390	SIMPLE_OR	BIVALENT	NEITHER
ENSG00000162391	INCONSISTENT	REPRESSED	NEITHER
ENSG00000162396	SIMPLE_AND	INCONSISTENT	GM12878
ENSG00000162399	REPRESSED	BIVALENT	NEITHER
ENSG00000162407	REPRESSED	NULL	NEITHER
ENSG00000162409	REPRESSED	NULL	NEITHER
ENSG00000162419	SIMPLE_AND	INCONSISTENT	GM12878
ENSG00000162426	INCONSISTENT	BIVALENT	NEITHER
ENSG00000162430	SIMPLE_OR	SIMPLE_AND	K562
ENSG00000162434	BIVALENT	SIMPLE_AND	K562
ENSG00000162437	BIVALENT	INCONSISTENT	NEITHER
ENSG00000162490	REPRESSED	INCONSISTENT	NEITHER
ENSG00000162493	NULL	REPRESSED	NEITHER
ENSG00000162496	BIVALENT	SIMPLE_AND	K562
ENSG00000162510	NULL	INCONSISTENT	NEITHER
ENSG00000162512	REPRESSED	SIMPLE_AND	K562
ENSG00000162520	BIVALENT	INCONSISTENT	NEITHER
ENSG00000162522	BIVALENT	SIMPLE_AND	K562
ENSG00000162526	SIMPLE_AND	COMPLEX	GM12878
ENSG00000162542	SIMPLE_AND	BIVALENT	GM12878
ENSG00000162543	NULL	INCONSISTENT	NEITHER
ENSG00000162545	REPRESSED	BIVALENT	NEITHER
ENSG00000162551	REPRESSED	BIVALENT	NEITHER
ENSG00000162552	REPRESSED	BIVALENT	NEITHER
ENSG00000162571	REPRESSED	NULL	NEITHER
ENSG00000162585	NULL	SIMPLE_AND	K562
ENSG00000162591	REPRESSED	INCONSISTENT	NEITHER
ENSG00000162604	SIMPLE_AND	INCONSISTENT	GM12878
ENSG00000162614	NULL	INCONSISTENT	NEITHER
ENSG00000162620	SIMPLE_AND	INCONSISTENT	GM12878
ENSG00000162627	BIVALENT	NULL	NEITHER
ENSG00000162631	BIVALENT	NULL	NEITHER
ENSG00000162639	INCONSISTENT	NULL	NEITHER
ENSG00000162643	SIMPLE_AND	INCONSISTENT	GM12878
ENSG00000162650	SIMPLE_AND	INCONSISTENT	GM12878
ENSG00000162654	SIMPLE_AND	REPRESSED	GM12878
ENSG00000162669	BIVALENT	INCONSISTENT	NEITHER
ENSG00000162670	REPRESSED	INCONSISTENT	NEITHER
ENSG00000162676	COMPLEX	INCONSISTENT	NEITHER
ENSG00000162687	REPRESSED	NULL	NEITHER
ENSG00000162692	SIMPLE_AND	NULL	GM12878
ENSG00000162706	REPRESSED	NULL	NEITHER
ENSG00000162711	BIVALENT	REPRESSED	NEITHER
ENSG00000162722	REPRESSED	INCONSISTENT	NEITHER
ENSG00000162728	NULL	REPRESSED	NEITHER
ENSG00000162729	SIMPLE_AND	INCONSISTENT	GM12878
ENSG00000162733	SIMPLE_AND	INCONSISTENT	GM12878
ENSG00000162738	SIMPLE_OR	INCONSISTENT	NEITHER
ENSG00000162739	SIMPLE_AND	INCONSISTENT	GM12878
ENSG00000162746	NULL	INCONSISTENT	NEITHER
ENSG00000162753	NULL	INCONSISTENT	NEITHER
ENSG00000162755	SIMPLE_AND	NULL	GM12878
ENSG00000162757	SIMPLE_AND	COMPLEX	GM12878
ENSG00000162761	NULL	REPRESSED	NEITHER
ENSG00000162763	NULL	REPRESSED	NEITHER
ENSG00000162771	NULL	REPRESSED	NEITHER
ENSG00000162772	SIMPLE_AND	NULL	GM12878
ENSG00000162777	SIMPLE_AND	INCONSISTENT	GM12878
ENSG00000162782	NULL	REPRESSED	NEITHER
ENSG00000162804	NULL	INCONSISTENT	NEITHER
ENSG00000162817	INCONSISTENT	NULL	NEITHER
ENSG00000162825	SIMPLE_OR	INCONSISTENT	NEITHER
ENSG00000162836	SIMPLE_AND	INCONSISTENT	GM12878
ENSG00000162869	SIMPLE_AND	INCONSISTENT	GM12878
ENSG00000162873	NULL	REPRESSED	NEITHER
ENSG00000162877	NULL	REPRESSED	NEITHER
ENSG00000162878	BIVALENT	INCONSISTENT	NEITHER
ENSG00000162882	SIMPLE_AND	NULL	GM12878
ENSG00000162888	INCONSISTENT	NULL	NEITHER
ENSG00000162892	NULL	REPRESSED	NEITHER
ENSG00000162894	SIMPLE_AND	INCONSISTENT	GM12878
ENSG00000162909	NULL	SIMPLE_OR	NEITHER
ENSG00000162913	INCONSISTENT	COMPLEX	NEITHER
ENSG00000162924	COMPLEX	INCONSISTENT	NEITHER
ENSG00000162927	SIMPLE_AND	INCONSISTENT	GM12878
ENSG00000162929	SIMPLE_AND	INCONSISTENT	GM12878
ENSG00000162931	REPRESSED	INCONSISTENT	NEITHER
ENSG00000162951	REPRESSED	BIVALENT	NEITHER
ENSG00000162971	SIMPLE_AND	INCONSISTENT	GM12878
ENSG00000162975	NULL	REPRESSED	NEITHER
ENSG00000162976	BIVALENT	SIMPLE_AND	K562
ENSG00000162981	REPRESSED	INCONSISTENT	NEITHER
ENSG00000162989	REPRESSED	NULL	NEITHER
ENSG00000162994	SIMPLE_AND	INCONSISTENT	GM12878
ENSG00000162997	SIMPLE_AND	INCONSISTENT	GM12878
ENSG00000163001	COMPLEX	INCONSISTENT	NEITHER
ENSG00000163012	BIVALENT	INCONSISTENT	NEITHER
ENSG00000163013	SIMPLE_AND	INCONSISTENT	GM12878
ENSG00000163016	NULL	REPRESSED	NEITHER
ENSG00000163026	BIVALENT	SIMPLE_AND	K562
ENSG00000163032	REPRESSED	BIVALENT	NEITHER
ENSG00000163040	SIMPLE_AND	INCONSISTENT	GM12878
ENSG00000163053	SIMPLE_AND	NULL	GM12878
ENSG00000163064	REPRESSED	NULL	NEITHER
ENSG00000163071	BIVALENT	NULL	NEITHER
ENSG00000163075	NULL	INCONSISTENT	NEITHER
ENSG00000163081	REPRESSED	NULL	NEITHER
ENSG00000163082	SIMPLE_AND	NULL	GM12878
ENSG00000163083	BIVALENT	NULL	NEITHER
ENSG00000163093	SIMPLE_OR	INCONSISTENT	NEITHER
ENSG00000163121	SIMPLE_OR	INCONSISTENT	NEITHER
ENSG00000163126	SIMPLE_AND	INCONSISTENT	GM12878
ENSG00000163131	SIMPLE_AND	INCONSISTENT	GM12878
ENSG00000163132	BIVALENT	INCONSISTENT	NEITHER
ENSG00000163154	SIMPLE_AND	INCONSISTENT	GM12878
ENSG00000163155	SIMPLE_AND	INCONSISTENT	GM12878
ENSG00000163156	SIMPLE_AND	SIMPLE_OR	GM12878
ENSG00000163159	NULL	SIMPLE_OR	NEITHER
ENSG00000163191	INCONSISTENT	SIMPLE_AND	K562
ENSG00000163206	INCONSISTENT	NULL	NEITHER
ENSG00000163207	INCONSISTENT	NULL	NEITHER
ENSG00000163216	REPRESSED	INCONSISTENT	NEITHER
ENSG00000163217	NULL	INCONSISTENT	NEITHER
ENSG00000163218	SIMPLE_OR	REPRESSED	NEITHER
ENSG00000163219	NULL	INCONSISTENT	NEITHER
ENSG00000163235	REPRESSED	BIVALENT	NEITHER
ENSG00000163249	SIMPLE_AND	INCONSISTENT	GM12878
ENSG00000163251	SIMPLE_OR	SIMPLE_AND	K562
ENSG00000163281	SIMPLE_AND	INCONSISTENT	GM12878
ENSG00000163288	BIVALENT	NULL	NEITHER
ENSG00000163291	SIMPLE_OR	SIMPLE_AND	K562
ENSG00000163293	SIMPLE_AND	INCONSISTENT	GM12878
ENSG00000163297	NULL	SIMPLE_AND	K562
ENSG00000163312	SIMPLE_AND	INCONSISTENT	GM12878
ENSG00000163328	SIMPLE_AND	COMPLEX	GM12878
ENSG00000163344	SIMPLE_AND	INCONSISTENT	GM12878
ENSG00000163346	SIMPLE_AND	INCONSISTENT	GM12878
ENSG00000163347	BIVALENT	NULL	NEITHER
ENSG00000163352	NULL	INCONSISTENT	NEITHER
ENSG00000163362	SIMPLE_AND	BIVALENT	GM12878
ENSG00000163364	BIVALENT	NULL	NEITHER
ENSG00000163376	SIMPLE_AND	INCONSISTENT	GM12878
ENSG00000163378	SIMPLE_AND	INCONSISTENT	GM12878
ENSG00000163380	REPRESSED	NULL	NEITHER
ENSG00000163389	SIMPLE_AND	INCONSISTENT	GM12878
ENSG00000163393	SIMPLE_OR	BIVALENT	NEITHER
ENSG00000163394	NULL	REPRESSED	NEITHER
ENSG00000163395	NULL	REPRESSED	NEITHER
ENSG00000163412	REPRESSED	NULL	NEITHER
ENSG00000163421	REPRESSED	NULL	NEITHER
ENSG00000163430	BIVALENT	NULL	NEITHER
ENSG00000163431	REPRESSED	INCONSISTENT	NEITHER
ENSG00000163453	REPRESSED	INCONSISTENT	NEITHER
ENSG00000163462	COMPLEX	INCONSISTENT	NEITHER
ENSG00000163463	COMPLEX	SIMPLE_AND	K562
ENSG00000163464	NULL	REPRESSED	NEITHER
ENSG00000163468	REPRESSED	NULL	NEITHER
ENSG00000163472	SIMPLE_AND	INCONSISTENT	GM12878
ENSG00000163482	SIMPLE_AND	INCONSISTENT	GM12878
ENSG00000163485	NULL	REPRESSED	NEITHER
ENSG00000163491	SIMPLE_OR	INCONSISTENT	NEITHER
ENSG00000163492	SIMPLE_AND	NULL	GM12878
ENSG00000163497	REPRESSED	INCONSISTENT	NEITHER
ENSG00000163499	REPRESSED	INCONSISTENT	NEITHER
ENSG00000163501	REPRESSED	NULL	NEITHER
ENSG00000163508	BIVALENT	INCONSISTENT	NEITHER
ENSG00000163510	SIMPLE_AND	INCONSISTENT	GM12878
ENSG00000163513	BIVALENT	INCONSISTENT	NEITHER
ENSG00000163518	BIVALENT	NULL	NEITHER
ENSG00000163520	REPRESSED	INCONSISTENT	NEITHER
ENSG00000163521	SIMPLE_AND	INCONSISTENT	GM12878
ENSG00000163534	REPRESSED	NULL	NEITHER
ENSG00000163536	SIMPLE_AND	INCONSISTENT	GM12878
ENSG00000163554	NULL	SIMPLE_AND	K562
ENSG00000163563	SIMPLE_AND	NULL	GM12878
ENSG00000163565	REPRESSED	NULL	NEITHER
ENSG00000163576	COMPLEX	INCONSISTENT	NEITHER
ENSG00000163581	REPRESSED	BIVALENT	NEITHER
ENSG00000163586	NULL	REPRESSED	NEITHER
ENSG00000163596	SIMPLE_AND	INCONSISTENT	GM12878
ENSG00000163602	SIMPLE_AND	INCONSISTENT	GM12878
ENSG00000163606	INCONSISTENT	NULL	NEITHER
ENSG00000163611	SIMPLE_AND	INCONSISTENT	GM12878
ENSG00000163612	NULL	INCONSISTENT	NEITHER
ENSG00000163617	SIMPLE_AND	INCONSISTENT	GM12878
ENSG00000163618	REPRESSED	NULL	NEITHER
ENSG00000163625	REPRESSED	INCONSISTENT	NEITHER
ENSG00000163629	BIVALENT	REPRESSED	NEITHER
ENSG00000163633	SIMPLE_OR	INCONSISTENT	NEITHER
ENSG00000163635	SIMPLE_AND	INCONSISTENT	GM12878
ENSG00000163637	BIVALENT	NULL	NEITHER
ENSG00000163638	REPRESSED	INCONSISTENT	NEITHER
ENSG00000163644	SIMPLE_AND	INCONSISTENT	GM12878
ENSG00000163646	NULL	REPRESSED	NEITHER
ENSG00000163659	SIMPLE_AND	INCONSISTENT	GM12878
ENSG00000163661	REPRESSED	INCONSISTENT	NEITHER
ENSG00000163683	SIMPLE_AND	INCONSISTENT	GM12878
ENSG00000163684	SIMPLE_AND	INCONSISTENT	GM12878
ENSG00000163686	SIMPLE_AND	INCONSISTENT	GM12878
ENSG00000163687	SIMPLE_AND	NULL	GM12878
ENSG00000163689	SIMPLE_OR	INCONSISTENT	NEITHER
ENSG00000163694	SIMPLE_AND	REPRESSED	GM12878
ENSG00000163697	SIMPLE_AND	NULL	GM12878
ENSG00000163701	NULL	INCONSISTENT	NEITHER
ENSG00000163702	SIMPLE_OR	INCONSISTENT	NEITHER
ENSG00000163704	SIMPLE_AND	INCONSISTENT	GM12878
ENSG00000163710	REPRESSED	INCONSISTENT	NEITHER
ENSG00000163714	REPRESSED	SIMPLE_AND	K562
ENSG00000163734	BIVALENT	INCONSISTENT	NEITHER
ENSG00000163735	REPRESSED	NULL	NEITHER
ENSG00000163739	NULL	INCONSISTENT	NEITHER
ENSG00000163746	NULL	INCONSISTENT	NEITHER
ENSG00000163751	REPRESSED	NULL	NEITHER
ENSG00000163755	SIMPLE_AND	INCONSISTENT	GM12878
ENSG00000163785	SIMPLE_OR	INCONSISTENT	NEITHER
ENSG00000163793	NULL	REPRESSED	NEITHER
ENSG00000163795	SIMPLE_AND	INCONSISTENT	GM12878
ENSG00000163807	SIMPLE_AND	COMPLEX	GM12878
ENSG00000163808	SIMPLE_AND	COMPLEX	GM12878
ENSG00000163814	BIVALENT	SIMPLE_AND	K562
ENSG00000163817	BIVALENT	REPRESSED	NEITHER
ENSG00000163818	SIMPLE_AND	NULL	GM12878
ENSG00000163820	SIMPLE_AND	INCONSISTENT	GM12878
ENSG00000163823	SIMPLE_AND	NULL	GM12878
ENSG00000163825	NULL	INCONSISTENT	NEITHER
ENSG00000163827	NULL	REPRESSED	NEITHER
ENSG00000163840	SIMPLE_AND	INCONSISTENT	GM12878
ENSG00000163866	SIMPLE_AND	COMPLEX	GM12878
ENSG00000163873	REPRESSED	NULL	NEITHER
ENSG00000163874	SIMPLE_AND	INCONSISTENT	GM12878
ENSG00000163877	SIMPLE_AND	COMPLEX	GM12878
ENSG00000163879	NULL	COMPLEX	NEITHER
ENSG00000163884	BIVALENT	INCONSISTENT	NEITHER
ENSG00000163888	BIVALENT	INCONSISTENT	NEITHER
ENSG00000163898	SIMPLE_AND	INCONSISTENT	GM12878
ENSG00000163904	SIMPLE_OR	NULL	NEITHER
ENSG00000163913	SIMPLE_OR	INCONSISTENT	NEITHER
ENSG00000163923	NULL	REPRESSED	NEITHER
ENSG00000163935	SIMPLE_AND	INCONSISTENT	GM12878
ENSG00000163945	SIMPLE_AND	INCONSISTENT	GM12878
ENSG00000163947	BIVALENT	INCONSISTENT	NEITHER
ENSG00000163975	SIMPLE_AND	INCONSISTENT	GM12878
ENSG00000163993	NULL	INCONSISTENT	NEITHER
ENSG00000163995	INCONSISTENT	BIVALENT	NEITHER
ENSG00000164008	SIMPLE_AND	INCONSISTENT	GM12878
ENSG00000164011	SIMPLE_AND	INCONSISTENT	GM12878
ENSG00000164023	REPRESSED	BIVALENT	NEITHER
ENSG00000164031	SIMPLE_AND	INCONSISTENT	GM12878
ENSG00000164037	SIMPLE_AND	INCONSISTENT	GM12878
ENSG00000164039	SIMPLE_AND	INCONSISTENT	GM12878
ENSG00000164040	SIMPLE_AND	INCONSISTENT	GM12878
ENSG00000164047	INCONSISTENT	NULL	NEITHER
ENSG00000164048	SIMPLE_AND	INCONSISTENT	GM12878
ENSG00000164051	SIMPLE_AND	INCONSISTENT	GM12878
ENSG00000164056	BIVALENT	INCONSISTENT	NEITHER
ENSG00000164061	BIVALENT	INCONSISTENT	NEITHER
ENSG00000164066	REPRESSED	NULL	NEITHER
ENSG00000164074	SIMPLE_AND	INCONSISTENT	GM12878
ENSG00000164076	REPRESSED	INCONSISTENT	NEITHER
ENSG00000164078	SIMPLE_AND	INCONSISTENT	GM12878
ENSG00000164088	SIMPLE_AND	INCONSISTENT	GM12878
ENSG00000164089	REPRESSED	BIVALENT	NEITHER
ENSG00000164093	REPRESSED	NULL	NEITHER
ENSG00000164099	BIVALENT	NULL	NEITHER
ENSG00000164105	SIMPLE_AND	INCONSISTENT	GM12878
ENSG00000164107	REPRESSED	INCONSISTENT	NEITHER
ENSG00000164112	REPRESSED	BIVALENT	NEITHER
ENSG00000164114	SIMPLE_AND	NULL	GM12878
ENSG00000164116	BIVALENT	NULL	NEITHER
ENSG00000164120	BIVALENT	INCONSISTENT	NEITHER
ENSG00000164122	NULL	INCONSISTENT	NEITHER
ENSG00000164124	NULL	INCONSISTENT	NEITHER
ENSG00000164125	REPRESSED	NULL	NEITHER
ENSG00000164128	NULL	REPRESSED	NEITHER
ENSG00000164129	NULL	REPRESSED	NEITHER
ENSG00000164136	SIMPLE_AND	NULL	GM12878
ENSG00000164142	BIVALENT	INCONSISTENT	NEITHER
ENSG00000164161	BIVALENT	INCONSISTENT	NEITHER
ENSG00000164169	SIMPLE_AND	INCONSISTENT	GM12878
ENSG00000164175	NULL	INCONSISTENT	NEITHER
ENSG00000164176	BIVALENT	NULL	NEITHER
ENSG00000164185	NULL	INCONSISTENT	NEITHER
ENSG00000164197	BIVALENT	NULL	NEITHER
ENSG00000164219	SIMPLE_AND	INCONSISTENT	GM12878
ENSG00000164221	INCONSISTENT	COMPLEX	NEITHER
ENSG00000164236	SIMPLE_AND	INCONSISTENT	GM12878
ENSG00000164237	INCONSISTENT	SIMPLE_AND	K562
ENSG00000164241	SIMPLE_AND	INCONSISTENT	GM12878
ENSG00000164251	BIVALENT	INCONSISTENT	NEITHER
ENSG00000164256	NULL	INCONSISTENT	NEITHER
ENSG00000164287	BIVALENT	INCONSISTENT	NEITHER
ENSG00000164291	SIMPLE_AND	INCONSISTENT	GM12878
ENSG00000164292	NULL	SIMPLE_AND	K562
ENSG00000164294	REPRESSED	BIVALENT	NEITHER
ENSG00000164296	SIMPLE_AND	INCONSISTENT	GM12878
ENSG00000164300	SIMPLE_AND	INCONSISTENT	GM12878
ENSG00000164306	SIMPLE_AND	INCONSISTENT	GM12878
ENSG00000164308	SIMPLE_AND	INCONSISTENT	GM12878
ENSG00000164323	SIMPLE_AND	SIMPLE_OR	GM12878
ENSG00000164326	NULL	REPRESSED	NEITHER
ENSG00000164330	SIMPLE_AND	INCONSISTENT	GM12878
ENSG00000164331	SIMPLE_AND	INCONSISTENT	GM12878
ENSG00000164332	SIMPLE_AND	INCONSISTENT	GM12878
ENSG00000164362	SIMPLE_OR	BIVALENT	NEITHER
ENSG00000164363	NULL	REPRESSED	NEITHER
ENSG00000164366	SIMPLE_AND	INCONSISTENT	GM12878
ENSG00000164379	REPRESSED	NULL	NEITHER
ENSG00000164385	NULL	BIVALENT	NEITHER
ENSG00000164398	REPRESSED	INCONSISTENT	NEITHER
ENSG00000164400	NULL	INCONSISTENT	NEITHER
ENSG00000164403	SIMPLE_OR	INCONSISTENT	NEITHER
ENSG00000164414	SIMPLE_AND	INCONSISTENT	GM12878
ENSG00000164430	SIMPLE_AND	NULL	GM12878
ENSG00000164438	REPRESSED	NULL	NEITHER
ENSG00000164440	SIMPLE_AND	NULL	GM12878
ENSG00000164458	BIVALENT	REPRESSED	NEITHER
ENSG00000164463	SIMPLE_AND	INCONSISTENT	GM12878
ENSG00000164466	COMPLEX	BIVALENT	NEITHER
ENSG00000164483	BIVALENT	INCONSISTENT	NEITHER
ENSG00000164484	BIVALENT	INCONSISTENT	NEITHER
ENSG00000164485	INCONSISTENT	COMPLEX	NEITHER
ENSG00000164488	NULL	REPRESSED	NEITHER
ENSG00000164508	NULL	COMPLEX	NEITHER
ENSG00000164512	NULL	REPRESSED	NEITHER
ENSG00000164520	NULL	REPRESSED	NEITHER
ENSG00000164530	NULL	REPRESSED	NEITHER
ENSG00000164532	REPRESSED	NULL	NEITHER
ENSG00000164543	SIMPLE_AND	INCONSISTENT	GM12878
ENSG00000164576	SIMPLE_AND	INCONSISTENT	GM12878
ENSG00000164591	NULL	REPRESSED	NEITHER
ENSG00000164603	SIMPLE_AND	INCONSISTENT	GM12878
ENSG00000164609	SIMPLE_AND	INCONSISTENT	GM12878
ENSG00000164615	SIMPLE_AND	INCONSISTENT	GM12878
ENSG00000164616	REPRESSED	NULL	NEITHER
ENSG00000164619	REPRESSED	NULL	NEITHER
ENSG00000164620	SIMPLE_AND	INCONSISTENT	GM12878
ENSG00000164631	SIMPLE_AND	COMPLEX	GM12878
ENSG00000164647	SIMPLE_OR	INCONSISTENT	NEITHER
ENSG00000164649	SIMPLE_AND	BIVALENT	GM12878
ENSG00000164651	REPRESSED	INCONSISTENT	NEITHER
ENSG00000164659	INCONSISTENT	SIMPLE_AND	K562
ENSG00000164663	SIMPLE_AND	INCONSISTENT	GM12878
ENSG00000164669	NULL	INCONSISTENT	NEITHER
ENSG00000164674	SIMPLE_AND	REPRESSED	GM12878
ENSG00000164675	BIVALENT	INCONSISTENT	NEITHER
ENSG00000164683	SIMPLE_AND	INCONSISTENT	GM12878
ENSG00000164684	REPRESSED	NULL	NEITHER
ENSG00000164687	SIMPLE_AND	INCONSISTENT	GM12878
ENSG00000164691	COMPLEX	REPRESSED	NEITHER
ENSG00000164692	REPRESSED	SIMPLE_OR	NEITHER
ENSG00000164694	REPRESSED	INCONSISTENT	NEITHER
ENSG00000164707	NULL	INCONSISTENT	NEITHER
ENSG00000164713	SIMPLE_AND	INCONSISTENT	GM12878
ENSG00000164729	NULL	REPRESSED	NEITHER
ENSG00000164736	REPRESSED	NULL	NEITHER
ENSG00000164742	REPRESSED	BIVALENT	NEITHER
ENSG00000164746	REPRESSED	NULL	NEITHER
ENSG00000164749	BIVALENT	NULL	NEITHER
ENSG00000164751	SIMPLE_AND	INCONSISTENT	GM12878
ENSG00000164761	SIMPLE_OR	NULL	NEITHER
ENSG00000164764	NULL	REPRESSED	NEITHER
ENSG00000164794	INCONSISTENT	NULL	NEITHER
ENSG00000164796	INCONSISTENT	NULL	NEITHER
ENSG00000164818	SIMPLE_AND	COMPLEX	GM12878
ENSG00000164821	NULL	REPRESSED	NEITHER
ENSG00000164823	SIMPLE_AND	INCONSISTENT	GM12878
ENSG00000164841	BIVALENT	INCONSISTENT	NEITHER
ENSG00000164849	SIMPLE_AND	INCONSISTENT	GM12878
ENSG00000164853	NULL	REPRESSED	NEITHER
ENSG00000164902	SIMPLE_AND	COMPLEX	GM12878
ENSG00000164904	SIMPLE_OR	REPRESSED	NEITHER
ENSG00000164920	SIMPLE_AND	INCONSISTENT	GM12878
ENSG00000164930	INCONSISTENT	NULL	NEITHER
ENSG00000164938	SIMPLE_AND	INCONSISTENT	GM12878
ENSG00000164941	REPRESSED	NULL	NEITHER
ENSG00000164949	SIMPLE_AND	BIVALENT	GM12878
ENSG00000164953	SIMPLE_AND	INCONSISTENT	GM12878
ENSG00000164970	BIVALENT	INCONSISTENT	NEITHER
ENSG00000164978	SIMPLE_AND	INCONSISTENT	GM12878
ENSG00000164983	SIMPLE_AND	INCONSISTENT	GM12878
ENSG00000164989	SIMPLE_AND	INCONSISTENT	GM12878
ENSG00000165025	SIMPLE_AND	INCONSISTENT	GM12878
ENSG00000165028	SIMPLE_AND	INCONSISTENT	GM12878
ENSG00000165029	BIVALENT	NULL	NEITHER
ENSG00000165030	BIVALENT	INCONSISTENT	NEITHER
ENSG00000165046	SIMPLE_AND	INCONSISTENT	GM12878
ENSG00000165059	NULL	REPRESSED	NEITHER
ENSG00000165060	SIMPLE_AND	INCONSISTENT	GM12878
ENSG00000165066	REPRESSED	INCONSISTENT	NEITHER
ENSG00000165071	NULL	REPRESSED	NEITHER
ENSG00000165084	REPRESSED	NULL	NEITHER
ENSG00000165091	REPRESSED	NULL	NEITHER
ENSG00000165102	SIMPLE_AND	INCONSISTENT	GM12878
ENSG00000165115	SIMPLE_AND	INCONSISTENT	GM12878
ENSG00000165119	COMPLEX	SIMPLE_AND	K562
ENSG00000165124	REPRESSED	NULL	NEITHER
ENSG00000165138	BIVALENT	SIMPLE_AND	K562
ENSG00000165168	SIMPLE_AND	NULL	GM12878
ENSG00000165169	SIMPLE_AND	INCONSISTENT	GM12878
ENSG00000165215	BIVALENT	NULL	NEITHER
ENSG00000165233	SIMPLE_AND	INCONSISTENT	GM12878
ENSG00000165238	REPRESSED	BIVALENT	NEITHER
ENSG00000165244	SIMPLE_AND	INCONSISTENT	GM12878
ENSG00000165259	INCONSISTENT	NULL	NEITHER
ENSG00000165272	INCONSISTENT	SIMPLE_AND	K562
ENSG00000165275	SIMPLE_AND	INCONSISTENT	GM12878
ENSG00000165304	COMPLEX	SIMPLE_AND	K562
ENSG00000165309	NULL	INCONSISTENT	NEITHER
ENSG00000165312	BIVALENT	INCONSISTENT	NEITHER
ENSG00000165323	REPRESSED	NULL	NEITHER
ENSG00000165325	REPRESSED	INCONSISTENT	NEITHER
ENSG00000165338	SIMPLE_AND	INCONSISTENT	GM12878
ENSG00000165349	NULL	REPRESSED	NEITHER
ENSG00000165355	SIMPLE_AND	INCONSISTENT	GM12878
ENSG00000165359	SIMPLE_AND	INCONSISTENT	GM12878
ENSG00000165370	BIVALENT	REPRESSED	NEITHER
ENSG00000165379	REPRESSED	INCONSISTENT	NEITHER
ENSG00000165383	NULL	REPRESSED	NEITHER
ENSG00000165389	SIMPLE_AND	INCONSISTENT	GM12878
ENSG00000165392	BIVALENT	SIMPLE_AND	K562
ENSG00000165409	REPRESSED	INCONSISTENT	NEITHER
ENSG00000165410	SIMPLE_AND	INCONSISTENT	GM12878
ENSG00000165443	COMPLEX	NULL	NEITHER
ENSG00000165449	NULL	REPRESSED	NEITHER
ENSG00000165462	REPRESSED	NULL	NEITHER
ENSG00000165474	BIVALENT	NULL	NEITHER
ENSG00000165475	SIMPLE_AND	INCONSISTENT	GM12878
ENSG00000165476	SIMPLE_AND	COMPLEX	GM12878
ENSG00000165487	SIMPLE_AND	INCONSISTENT	GM12878
ENSG00000165490	SIMPLE_AND	INCONSISTENT	GM12878
ENSG00000165495	REPRESSED	NULL	NEITHER
ENSG00000165501	SIMPLE_AND	INCONSISTENT	GM12878
ENSG00000165506	SIMPLE_AND	INCONSISTENT	GM12878
ENSG00000165507	SIMPLE_AND	INCONSISTENT	GM12878
ENSG00000165511	INCONSISTENT	COMPLEX	NEITHER
ENSG00000165512	SIMPLE_AND	COMPLEX	GM12878
ENSG00000165553	INCONSISTENT	NULL	NEITHER
ENSG00000165566	BIVALENT	REPRESSED	NEITHER
ENSG00000165572	SIMPLE_AND	INCONSISTENT	GM12878
ENSG00000165588	REPRESSED	NULL	NEITHER
ENSG00000165591	SIMPLE_AND	NULL	GM12878
ENSG00000165621	REPRESSED	BIVALENT	NEITHER
ENSG00000165623	NULL	REPRESSED	NEITHER
ENSG00000165626	REPRESSED	INCONSISTENT	NEITHER
ENSG00000165630	SIMPLE_AND	INCONSISTENT	GM12878
ENSG00000165632	SIMPLE_AND	INCONSISTENT	GM12878
ENSG00000165633	REPRESSED	INCONSISTENT	NEITHER
ENSG00000165646	NULL	INCONSISTENT	NEITHER
ENSG00000165660	SIMPLE_AND	INCONSISTENT	GM12878
ENSG00000165661	SIMPLE_AND	INCONSISTENT	GM12878
ENSG00000165669	COMPLEX	INCONSISTENT	NEITHER
ENSG00000165682	REPRESSED	NULL	NEITHER
ENSG00000165684	SIMPLE_AND	INCONSISTENT	GM12878
ENSG00000165685	REPRESSED	NULL	NEITHER
ENSG00000165695	BIVALENT	INCONSISTENT	NEITHER
ENSG00000165698	BIVALENT	INCONSISTENT	NEITHER
ENSG00000165702	INCONSISTENT	SIMPLE_AND	K562
ENSG00000165716	REPRESSED	SIMPLE_AND	K562
ENSG00000165731	NULL	INCONSISTENT	NEITHER
ENSG00000165752	SIMPLE_AND	INCONSISTENT	GM12878
ENSG00000165782	SIMPLE_AND	INCONSISTENT	GM12878
ENSG00000165795	BIVALENT	SIMPLE_OR	NEITHER
ENSG00000165799	NULL	INCONSISTENT	NEITHER
ENSG00000165801	BIVALENT	INCONSISTENT	NEITHER
ENSG00000165804	SIMPLE_AND	INCONSISTENT	GM12878
ENSG00000165806	SIMPLE_AND	INCONSISTENT	GM12878
ENSG00000165813	SIMPLE_AND	INCONSISTENT	GM12878
ENSG00000165816	REPRESSED	NULL	NEITHER
ENSG00000165821	REPRESSED	NULL	NEITHER
ENSG00000165832	SIMPLE_AND	INCONSISTENT	GM12878
ENSG00000165861	SIMPLE_AND	INCONSISTENT	GM12878
ENSG00000165868	SIMPLE_AND	NULL	GM12878
ENSG00000165879	BIVALENT	INCONSISTENT	NEITHER
ENSG00000165891	SIMPLE_AND	INCONSISTENT	GM12878
ENSG00000165895	SIMPLE_AND	INCONSISTENT	GM12878
ENSG00000165898	SIMPLE_AND	INCONSISTENT	GM12878
ENSG00000165905	REPRESSED	INCONSISTENT	NEITHER
ENSG00000165912	BIVALENT	INCONSISTENT	NEITHER
ENSG00000165914	INCONSISTENT	SIMPLE_AND	K562
ENSG00000165915	SIMPLE_AND	INCONSISTENT	GM12878
ENSG00000165923	SIMPLE_AND	INCONSISTENT	GM12878
ENSG00000165943	SIMPLE_AND	INCONSISTENT	GM12878
ENSG00000165948	SIMPLE_AND	INCONSISTENT	GM12878
ENSG00000165953	REPRESSED	NULL	NEITHER
ENSG00000165959	SIMPLE_OR	BIVALENT	NEITHER
ENSG00000165966	REPRESSED	NULL	NEITHER
ENSG00000165972	INCONSISTENT	NULL	NEITHER
ENSG00000165973	REPRESSED	NULL	NEITHER
ENSG00000165985	INCONSISTENT	NULL	NEITHER
ENSG00000165996	BIVALENT	INCONSISTENT	NEITHER
ENSG00000166002	SIMPLE_AND	INCONSISTENT	GM12878
ENSG00000166006	REPRESSED	NULL	NEITHER
ENSG00000166016	SIMPLE_AND	BIVALENT	GM12878
ENSG00000166024	SIMPLE_AND	INCONSISTENT	GM12878
ENSG00000166033	REPRESSED	NULL	NEITHER
ENSG00000166035	SIMPLE_AND	INCONSISTENT	GM12878
ENSG00000166046	SIMPLE_AND	INCONSISTENT	GM12878
ENSG00000166068	SIMPLE_AND	INCONSISTENT	GM12878
ENSG00000166073	BIVALENT	INCONSISTENT	NEITHER
ENSG00000166086	BIVALENT	INCONSISTENT	NEITHER
ENSG00000166106	REPRESSED	NULL	NEITHER
ENSG00000166111	NULL	REPRESSED	NEITHER
ENSG00000166123	BIVALENT	INCONSISTENT	NEITHER
ENSG00000166130	SIMPLE_AND	INCONSISTENT	GM12878
ENSG00000166135	SIMPLE_AND	INCONSISTENT	GM12878
ENSG00000166143	NULL	INCONSISTENT	NEITHER
ENSG00000166145	BIVALENT	INCONSISTENT	NEITHER
ENSG00000166147	SIMPLE_AND	NULL	GM12878
ENSG00000166153	SIMPLE_AND	INCONSISTENT	GM12878
ENSG00000166165	SIMPLE_OR	SIMPLE_AND	K562
ENSG00000166166	SIMPLE_AND	INCONSISTENT	GM12878
ENSG00000166167	SIMPLE_AND	INCONSISTENT	GM12878
ENSG00000166171	SIMPLE_OR	INCONSISTENT	NEITHER
ENSG00000166173	SIMPLE_AND	NULL	GM12878
ENSG00000166188	SIMPLE_AND	INCONSISTENT	GM12878
ENSG00000166189	SIMPLE_AND	INCONSISTENT	GM12878
ENSG00000166192	REPRESSED	NULL	NEITHER
ENSG00000166199	SIMPLE_AND	INCONSISTENT	GM12878
ENSG00000166206	NULL	REPRESSED	NEITHER
ENSG00000166211	NULL	REPRESSED	NEITHER
ENSG00000166224	SIMPLE_AND	INCONSISTENT	GM12878
ENSG00000166225	SIMPLE_AND	INCONSISTENT	GM12878
ENSG00000166257	BIVALENT	INCONSISTENT	NEITHER
ENSG00000166261	SIMPLE_AND	INCONSISTENT	GM12878
ENSG00000166262	SIMPLE_AND	INCONSISTENT	GM12878
ENSG00000166263	SIMPLE_AND	INCONSISTENT	GM12878
ENSG00000166268	NULL	REPRESSED	NEITHER
ENSG00000166275	SIMPLE_AND	INCONSISTENT	GM12878
ENSG00000166289	SIMPLE_AND	INCONSISTENT	GM12878
ENSG00000166292	NULL	INCONSISTENT	NEITHER
ENSG00000166311	SIMPLE_AND	INCONSISTENT	GM12878
ENSG00000166313	INCONSISTENT	BIVALENT	NEITHER
ENSG00000166317	NULL	INCONSISTENT	NEITHER
ENSG00000166321	SIMPLE_AND	COMPLEX	GM12878
ENSG00000166323	SIMPLE_AND	INCONSISTENT	GM12878
ENSG00000166341	REPRESSED	INCONSISTENT	NEITHER
ENSG00000166347	SIMPLE_AND	NULL	GM12878
ENSG00000166352	BIVALENT	INCONSISTENT	NEITHER
ENSG00000166377	COMPLEX	SIMPLE_AND	K562
ENSG00000166387	SIMPLE_AND	INCONSISTENT	GM12878
ENSG00000166391	NULL	REPRESSED	NEITHER
ENSG00000166394	REPRESSED	NULL	NEITHER
ENSG00000166396	REPRESSED	NULL	NEITHER
ENSG00000166398	SIMPLE_AND	INCONSISTENT	GM12878
ENSG00000166401	SIMPLE_AND	INCONSISTENT	GM12878
ENSG00000166402	REPRESSED	NULL	NEITHER
ENSG00000166405	SIMPLE_OR	REPRESSED	NEITHER
ENSG00000166407	REPRESSED	NULL	NEITHER
ENSG00000166428	COMPLEX	NULL	NEITHER
ENSG00000166436	SIMPLE_AND	INCONSISTENT	GM12878
ENSG00000166444	SIMPLE_AND	INCONSISTENT	GM12878
ENSG00000166477	SIMPLE_AND	INCONSISTENT	GM12878
ENSG00000166478	COMPLEX	SIMPLE_AND	K562
ENSG00000166484	SIMPLE_AND	INCONSISTENT	GM12878
ENSG00000166503	SIMPLE_AND	BIVALENT	GM12878
ENSG00000166509	NULL	REPRESSED	NEITHER
ENSG00000166510	REPRESSED	INCONSISTENT	NEITHER
ENSG00000166529	SIMPLE_AND	INCONSISTENT	GM12878
ENSG00000166535	REPRESSED	NULL	NEITHER
ENSG00000166546	REPRESSED	BIVALENT	NEITHER
ENSG00000166548	SIMPLE_AND	INCONSISTENT	GM12878
ENSG00000166558	NULL	REPRESSED	NEITHER
ENSG00000166562	SIMPLE_AND	INCONSISTENT	GM12878
ENSG00000166569	REPRESSED	NULL	NEITHER
ENSG00000166573	REPRESSED	NULL	NEITHER
ENSG00000166578	SIMPLE_AND	INCONSISTENT	GM12878
ENSG00000166579	REPRESSED	NULL	NEITHER
ENSG00000166592	BIVALENT	INCONSISTENT	NEITHER
ENSG00000166669	NULL	SIMPLE_OR	NEITHER
ENSG00000166676	SIMPLE_OR	INCONSISTENT	NEITHER
ENSG00000166704	COMPLEX	NULL	NEITHER
ENSG00000166707	SIMPLE_AND	BIVALENT	GM12878
ENSG00000166741	REPRESSED	NULL	NEITHER
ENSG00000166750	SIMPLE_AND	BIVALENT	GM12878
ENSG00000166770	REPRESSED	NULL	NEITHER
ENSG00000166787	NULL	REPRESSED	NEITHER
ENSG00000166793	REPRESSED	INCONSISTENT	NEITHER
ENSG00000166801	SIMPLE_AND	INCONSISTENT	GM12878
ENSG00000166819	NULL	REPRESSED	NEITHER
ENSG00000166821	SIMPLE_OR	REPRESSED	NEITHER
ENSG00000166825	REPRESSED	INCONSISTENT	NEITHER
ENSG00000166828	BIVALENT	REPRESSED	NEITHER
ENSG00000166833	NULL	REPRESSED	NEITHER
ENSG00000166839	SIMPLE_OR	BIVALENT	NEITHER
ENSG00000166845	SIMPLE_AND	INCONSISTENT	GM12878
ENSG00000166860	SIMPLE_AND	INCONSISTENT	GM12878
ENSG00000166862	REPRESSED	NULL	NEITHER
ENSG00000166863	NULL	INCONSISTENT	NEITHER
ENSG00000166869	REPRESSED	INCONSISTENT	NEITHER
ENSG00000166884	NULL	REPRESSED	NEITHER
ENSG00000166896	REPRESSED	NULL	NEITHER
ENSG00000166897	REPRESSED	INCONSISTENT	NEITHER
ENSG00000166908	SIMPLE_AND	INCONSISTENT	GM12878
ENSG00000166912	SIMPLE_AND	INCONSISTENT	GM12878
ENSG00000166917	NULL	INCONSISTENT	NEITHER
ENSG00000166927	SIMPLE_AND	REPRESSED	GM12878
ENSG00000166928	SIMPLE_AND	REPRESSED	GM12878
ENSG00000166947	NULL	INCONSISTENT	NEITHER
ENSG00000166949	SIMPLE_OR	SIMPLE_AND	K562
ENSG00000166959	NULL	REPRESSED	NEITHER
ENSG00000166961	NULL	REPRESSED	NEITHER
ENSG00000166963	INCONSISTENT	SIMPLE_AND	K562
ENSG00000166965	SIMPLE_AND	INCONSISTENT	GM12878
ENSG00000166971	SIMPLE_AND	INCONSISTENT	GM12878
ENSG00000166979	REPRESSED	INCONSISTENT	NEITHER
ENSG00000166986	SIMPLE_AND	NULL	GM12878
ENSG00000166987	SIMPLE_AND	INCONSISTENT	GM12878
ENSG00000166997	SIMPLE_AND	INCONSISTENT	GM12878
ENSG00000167011	REPRESSED	NULL	NEITHER
ENSG00000167014	NULL	REPRESSED	NEITHER
ENSG00000167065	SIMPLE_AND	INCONSISTENT	GM12878
ENSG00000167074	NULL	INCONSISTENT	NEITHER
ENSG00000167081	SIMPLE_AND	BIVALENT	GM12878
ENSG00000167083	SIMPLE_AND	REPRESSED	GM12878
ENSG00000167100	BIVALENT	INCONSISTENT	NEITHER
ENSG00000167106	SIMPLE_AND	INCONSISTENT	GM12878
ENSG00000167107	SIMPLE_AND	INCONSISTENT	GM12878
ENSG00000167117	INCONSISTENT	NULL	NEITHER
ENSG00000167131	SIMPLE_AND	INCONSISTENT	GM12878
ENSG00000167139	REPRESSED	NULL	NEITHER
ENSG00000167178	INCONSISTENT	NULL	NEITHER
ENSG00000167182	SIMPLE_AND	INCONSISTENT	GM12878
ENSG00000167186	SIMPLE_AND	INCONSISTENT	GM12878
ENSG00000167191	BIVALENT	INCONSISTENT	NEITHER
ENSG00000167193	SIMPLE_OR	NULL	NEITHER
ENSG00000167202	SIMPLE_AND	INCONSISTENT	GM12878
ENSG00000167207	SIMPLE_AND	NULL	GM12878
ENSG00000167208	SIMPLE_AND	NULL	GM12878
ENSG00000167232	SIMPLE_AND	INCONSISTENT	GM12878
ENSG00000167261	NULL	INCONSISTENT	NEITHER
ENSG00000167286	NULL	SIMPLE_AND	K562
ENSG00000167302	SIMPLE_AND	INCONSISTENT	GM12878
ENSG00000167306	BIVALENT	INCONSISTENT	NEITHER
ENSG00000167315	SIMPLE_AND	INCONSISTENT	GM12878
ENSG00000167333	SIMPLE_AND	INCONSISTENT	GM12878
ENSG00000167355	NULL	SIMPLE_AND	K562
ENSG00000167363	NULL	COMPLEX	NEITHER
ENSG00000167371	SIMPLE_OR	INCONSISTENT	NEITHER
ENSG00000167377	SIMPLE_AND	INCONSISTENT	GM12878
ENSG00000167380	COMPLEX	INCONSISTENT	NEITHER
ENSG00000167394	SIMPLE_AND	INCONSISTENT	GM12878
ENSG00000167395	SIMPLE_AND	INCONSISTENT	GM12878
ENSG00000167414	BIVALENT	INCONSISTENT	NEITHER
ENSG00000167434	REPRESSED	NULL	NEITHER
ENSG00000167483	SIMPLE_OR	INCONSISTENT	NEITHER
ENSG00000167487	SIMPLE_AND	INCONSISTENT	GM12878
ENSG00000167523	SIMPLE_AND	INCONSISTENT	GM12878
ENSG00000167525	SIMPLE_AND	INCONSISTENT	GM12878
ENSG00000167528	SIMPLE_AND	INCONSISTENT	GM12878
ENSG00000167535	SIMPLE_AND	INCONSISTENT	GM12878
ENSG00000167543	SIMPLE_AND	SIMPLE_OR	GM12878
ENSG00000167549	SIMPLE_OR	INCONSISTENT	NEITHER
ENSG00000167554	SIMPLE_OR	NULL	NEITHER
ENSG00000167555	COMPLEX	INCONSISTENT	NEITHER
ENSG00000167566	SIMPLE_AND	INCONSISTENT	GM12878
ENSG00000167578	SIMPLE_AND	INCONSISTENT	GM12878
ENSG00000167600	REPRESSED	INCONSISTENT	NEITHER
ENSG00000167601	NULL	SIMPLE_AND	K562
ENSG00000167612	NULL	INCONSISTENT	NEITHER
ENSG00000167613	SIMPLE_OR	NULL	NEITHER
ENSG00000167614	REPRESSED	NULL	NEITHER
ENSG00000167617	BIVALENT	REPRESSED	NEITHER
ENSG00000167618	NULL	REPRESSED	NEITHER
ENSG00000167625	SIMPLE_AND	INCONSISTENT	GM12878
ENSG00000167632	SIMPLE_AND	INCONSISTENT	GM12878
ENSG00000167637	SIMPLE_AND	INCONSISTENT	GM12878
ENSG00000167641	REPRESSED	SIMPLE_AND	K562
ENSG00000167642	NULL	INCONSISTENT	NEITHER
ENSG00000167646	NULL	SIMPLE_AND	K562
ENSG00000167654	NULL	REPRESSED	NEITHER
ENSG00000167680	REPRESSED	INCONSISTENT	NEITHER
ENSG00000167685	SIMPLE_OR	NULL	NEITHER
ENSG00000167693	BIVALENT	INCONSISTENT	NEITHER
ENSG00000167700	SIMPLE_AND	INCONSISTENT	GM12878
ENSG00000167702	SIMPLE_AND	INCONSISTENT	GM12878
ENSG00000167703	SIMPLE_AND	INCONSISTENT	GM12878
ENSG00000167711	NULL	REPRESSED	NEITHER
ENSG00000167720	SIMPLE_AND	INCONSISTENT	GM12878
ENSG00000167723	SIMPLE_AND	NULL	GM12878
ENSG00000167733	SIMPLE_AND	INCONSISTENT	GM12878
ENSG00000167740	SIMPLE_AND	INCONSISTENT	GM12878
ENSG00000167741	INCONSISTENT	NULL	NEITHER
ENSG00000167749	REPRESSED	INCONSISTENT	NEITHER
ENSG00000167751	NULL	REPRESSED	NEITHER
ENSG00000167754	NULL	REPRESSED	NEITHER
ENSG00000167759	NULL	INCONSISTENT	NEITHER
ENSG00000167768	NULL	REPRESSED	NEITHER
ENSG00000167771	BIVALENT	INCONSISTENT	NEITHER
ENSG00000167772	NULL	INCONSISTENT	NEITHER
ENSG00000167779	BIVALENT	INCONSISTENT	NEITHER
ENSG00000167780	INCONSISTENT	NULL	NEITHER
ENSG00000167785	COMPLEX	SIMPLE_AND	K562
ENSG00000167799	SIMPLE_AND	INCONSISTENT	GM12878
ENSG00000167842	SIMPLE_AND	INCONSISTENT	GM12878
ENSG00000167851	SIMPLE_AND	NULL	GM12878
ENSG00000167874	SIMPLE_AND	INCONSISTENT	GM12878
ENSG00000167889	NULL	INCONSISTENT	NEITHER
ENSG00000167895	SIMPLE_AND	INCONSISTENT	GM12878
ENSG00000167912	COMPLEX	INCONSISTENT	NEITHER
ENSG00000167916	NULL	REPRESSED	NEITHER
ENSG00000167971	REPRESSED	INCONSISTENT	NEITHER
ENSG00000167981	SIMPLE_AND	INCONSISTENT	GM12878
ENSG00000167984	SIMPLE_AND	REPRESSED	GM12878
ENSG00000167985	COMPLEX	SIMPLE_AND	K562
ENSG00000167986	NULL	SIMPLE_OR	NEITHER
ENSG00000167987	SIMPLE_AND	INCONSISTENT	GM12878
ENSG00000167992	SIMPLE_AND	NULL	GM12878
ENSG00000167994	NULL	SIMPLE_AND	K562
ENSG00000167995	NULL	INCONSISTENT	NEITHER
ENSG00000168000	SIMPLE_AND	NULL	GM12878
ENSG00000168002	COMPLEX	SIMPLE_AND	K562
ENSG00000168004	REPRESSED	NULL	NEITHER
ENSG00000168010	SIMPLE_AND	INCONSISTENT	GM12878
ENSG00000168016	BIVALENT	REPRESSED	NEITHER
ENSG00000168026	SIMPLE_AND	INCONSISTENT	GM12878
ENSG00000168032	REPRESSED	INCONSISTENT	NEITHER
ENSG00000168036	NULL	REPRESSED	NEITHER
ENSG00000168038	SIMPLE_AND	INCONSISTENT	GM12878
ENSG00000168056	REPRESSED	INCONSISTENT	NEITHER
ENSG00000168062	NULL	INCONSISTENT	NEITHER
ENSG00000168066	COMPLEX	SIMPLE_AND	K562
ENSG00000168067	SIMPLE_AND	INCONSISTENT	GM12878
ENSG00000168070	NULL	INCONSISTENT	NEITHER
ENSG00000168071	SIMPLE_AND	INCONSISTENT	GM12878
ENSG00000168077	NULL	BIVALENT	NEITHER
ENSG00000168081	NULL	REPRESSED	NEITHER
ENSG00000168101	SIMPLE_AND	INCONSISTENT	GM12878
ENSG00000168118	SIMPLE_AND	INCONSISTENT	GM12878
ENSG00000168135	REPRESSED	INCONSISTENT	NEITHER
ENSG00000168140	NULL	INCONSISTENT	NEITHER
ENSG00000168148	NULL	INCONSISTENT	NEITHER
ENSG00000168152	SIMPLE_AND	INCONSISTENT	GM12878
ENSG00000168214	REPRESSED	NULL	NEITHER
ENSG00000168216	SIMPLE_AND	SIMPLE_OR	GM12878
ENSG00000168229	REPRESSED	NULL	NEITHER
ENSG00000168234	SIMPLE_AND	NULL	GM12878
ENSG00000168237	SIMPLE_AND	INCONSISTENT	GM12878
ENSG00000168243	BIVALENT	NULL	NEITHER
ENSG00000168246	SIMPLE_AND	INCONSISTENT	GM12878
ENSG00000168255	SIMPLE_OR	SIMPLE_AND	K562
ENSG00000168256	NULL	SIMPLE_OR	NEITHER
ENSG00000168273	SIMPLE_AND	INCONSISTENT	GM12878
ENSG00000168280	BIVALENT	NULL	NEITHER
ENSG00000168297	SIMPLE_AND	INCONSISTENT	GM12878
ENSG00000168301	SIMPLE_OR	INCONSISTENT	NEITHER
ENSG00000168309	REPRESSED	NULL	NEITHER
ENSG00000168310	SIMPLE_AND	INCONSISTENT	GM12878
ENSG00000168350	INCONSISTENT	NULL	NEITHER
ENSG00000168389	SIMPLE_AND	REPRESSED	GM12878
ENSG00000168394	SIMPLE_AND	BIVALENT	GM12878
ENSG00000168404	SIMPLE_AND	INCONSISTENT	GM12878
ENSG00000168418	NULL	REPRESSED	NEITHER
ENSG00000168421	SIMPLE_AND	NULL	GM12878
ENSG00000168427	NULL	BIVALENT	NEITHER
ENSG00000168454	NULL	INCONSISTENT	NEITHER
ENSG00000168481	REPRESSED	BIVALENT	NEITHER
ENSG00000168484	REPRESSED	BIVALENT	NEITHER
ENSG00000168490	REPRESSED	NULL	NEITHER
ENSG00000168491	INCONSISTENT	BIVALENT	NEITHER
ENSG00000168495	COMPLEX	SIMPLE_AND	K562
ENSG00000168497	REPRESSED	SIMPLE_AND	K562
ENSG00000168502	BIVALENT	INCONSISTENT	NEITHER
ENSG00000168505	REPRESSED	INCONSISTENT	NEITHER
ENSG00000168515	NULL	REPRESSED	NEITHER
ENSG00000168517	SIMPLE_AND	INCONSISTENT	GM12878
ENSG00000168528	REPRESSED	INCONSISTENT	NEITHER
ENSG00000168539	REPRESSED	INCONSISTENT	NEITHER
ENSG00000168556	SIMPLE_AND	INCONSISTENT	GM12878
ENSG00000168564	SIMPLE_AND	INCONSISTENT	GM12878
ENSG00000168566	SIMPLE_AND	INCONSISTENT	GM12878
ENSG00000168569	SIMPLE_AND	INCONSISTENT	GM12878
ENSG00000168589	COMPLEX	INCONSISTENT	NEITHER
ENSG00000168591	SIMPLE_AND	INCONSISTENT	GM12878
ENSG00000168621	REPRESSED	NULL	NEITHER
ENSG00000168630	NULL	REPRESSED	NEITHER
ENSG00000168634	INCONSISTENT	NULL	NEITHER
ENSG00000168646	BIVALENT	INCONSISTENT	NEITHER
ENSG00000168658	INCONSISTENT	BIVALENT	NEITHER
ENSG00000168661	SIMPLE_AND	INCONSISTENT	GM12878
ENSG00000168671	NULL	REPRESSED	NEITHER
ENSG00000168672	BIVALENT	INCONSISTENT	NEITHER
ENSG00000168676	SIMPLE_OR	INCONSISTENT	NEITHER
ENSG00000168685	SIMPLE_OR	NULL	NEITHER
ENSG00000168702	BIVALENT	NULL	NEITHER
ENSG00000168703	REPRESSED	NULL	NEITHER
ENSG00000168734	SIMPLE_OR	INCONSISTENT	NEITHER
ENSG00000168743	BIVALENT	NULL	NEITHER
ENSG00000168746	NULL	REPRESSED	NEITHER
ENSG00000168748	REPRESSED	BIVALENT	NEITHER
ENSG00000168754	NULL	REPRESSED	NEITHER
ENSG00000168758	BIVALENT	SIMPLE_AND	K562
ENSG00000168769	SIMPLE_AND	INCONSISTENT	GM12878
ENSG00000168772	SIMPLE_AND	INCONSISTENT	GM12878
ENSG00000168778	SIMPLE_AND	INCONSISTENT	GM12878
ENSG00000168779	BIVALENT	INCONSISTENT	NEITHER
ENSG00000168792	SIMPLE_AND	INCONSISTENT	GM12878
ENSG00000168807	SIMPLE_AND	INCONSISTENT	GM12878
ENSG00000168813	SIMPLE_AND	COMPLEX	GM12878
ENSG00000168826	SIMPLE_AND	INCONSISTENT	GM12878
ENSG00000168830	REPRESSED	NULL	NEITHER
ENSG00000168875	REPRESSED	NULL	NEITHER
ENSG00000168876	SIMPLE_AND	INCONSISTENT	GM12878
ENSG00000168883	SIMPLE_OR	SIMPLE_AND	K562
ENSG00000168890	SIMPLE_OR	INCONSISTENT	NEITHER
ENSG00000168903	REPRESSED	NULL	NEITHER
ENSG00000168904	SIMPLE_AND	INCONSISTENT	GM12878
ENSG00000168907	NULL	INCONSISTENT	NEITHER
ENSG00000168913	REPRESSED	INCONSISTENT	NEITHER
ENSG00000168916	SIMPLE_AND	NULL	GM12878
ENSG00000168917	BIVALENT	INCONSISTENT	NEITHER
ENSG00000168918	SIMPLE_AND	INCONSISTENT	GM12878
ENSG00000168925	INCONSISTENT	NULL	NEITHER
ENSG00000168928	NULL	REPRESSED	NEITHER
ENSG00000168938	BIVALENT	INCONSISTENT	NEITHER
ENSG00000168952	BIVALENT	REPRESSED	NEITHER
ENSG00000168958	SIMPLE_AND	COMPLEX	GM12878
ENSG00000168961	SIMPLE_AND	NULL	GM12878
ENSG00000168970	SIMPLE_AND	INCONSISTENT	GM12878
ENSG00000168993	REPRESSED	INCONSISTENT	NEITHER
ENSG00000168994	BIVALENT	INCONSISTENT	NEITHER
ENSG00000168995	NULL	REPRESSED	NEITHER
ENSG00000169019	SIMPLE_AND	INCONSISTENT	GM12878
ENSG00000169026	NULL	INCONSISTENT	NEITHER
ENSG00000169031	INCONSISTENT	NULL	NEITHER
ENSG00000169045	SIMPLE_OR	SIMPLE_AND	K562
ENSG00000169047	COMPLEX	INCONSISTENT	NEITHER
ENSG00000169071	REPRESSED	COMPLEX	NEITHER
ENSG00000169075	REPRESSED	NULL	NEITHER
ENSG00000169084	SIMPLE_AND	INCONSISTENT	GM12878
ENSG00000169087	SIMPLE_AND	INCONSISTENT	GM12878
ENSG00000169093	SIMPLE_AND	INCONSISTENT	GM12878
ENSG00000169105	SIMPLE_AND	INCONSISTENT	GM12878
ENSG00000169116	BIVALENT	NULL	NEITHER
ENSG00000169122	BIVALENT	NULL	NEITHER
ENSG00000169129	BIVALENT	NULL	NEITHER
ENSG00000169131	SIMPLE_OR	INCONSISTENT	NEITHER
ENSG00000169136	SIMPLE_AND	INCONSISTENT	GM12878
ENSG00000169139	COMPLEX	SIMPLE_AND	K562
ENSG00000169155	SIMPLE_AND	INCONSISTENT	GM12878
ENSG00000169174	REPRESSED	SIMPLE_AND	K562
ENSG00000169184	NULL	INCONSISTENT	NEITHER
ENSG00000169193	SIMPLE_AND	INCONSISTENT	GM12878
ENSG00000169213	INCONSISTENT	BIVALENT	NEITHER
ENSG00000169217	SIMPLE_AND	INCONSISTENT	GM12878
ENSG00000169220	SIMPLE_AND	NULL	GM12878
ENSG00000169231	SIMPLE_AND	INCONSISTENT	GM12878
ENSG00000169242	BIVALENT	INCONSISTENT	NEITHER
ENSG00000169247	NULL	INCONSISTENT	NEITHER
ENSG00000169249	SIMPLE_AND	INCONSISTENT	GM12878
ENSG00000169251	BIVALENT	REPRESSED	NEITHER
ENSG00000169255	BIVALENT	REPRESSED	NEITHER
ENSG00000169258	BIVALENT	INCONSISTENT	NEITHER
ENSG00000169313	SIMPLE_OR	NULL	NEITHER
ENSG00000169325	REPRESSED	NULL	NEITHER
ENSG00000169330	REPRESSED	NULL	NEITHER
ENSG00000169372	SIMPLE_AND	INCONSISTENT	GM12878
ENSG00000169398	BIVALENT	SIMPLE_AND	K562
ENSG00000169413	SIMPLE_AND	NULL	GM12878
ENSG00000169427	REPRESSED	INCONSISTENT	NEITHER
ENSG00000169429	NULL	INCONSISTENT	NEITHER
ENSG00000169432	NULL	INCONSISTENT	NEITHER
ENSG00000169435	SIMPLE_OR	INCONSISTENT	NEITHER
ENSG00000169439	REPRESSED	BIVALENT	NEITHER
ENSG00000169507	NULL	INCONSISTENT	NEITHER
ENSG00000169508	COMPLEX	INCONSISTENT	NEITHER
ENSG00000169515	NULL	INCONSISTENT	NEITHER
ENSG00000169548	NULL	INCONSISTENT	NEITHER
ENSG00000169551	NULL	SIMPLE_AND	K562
ENSG00000169554	REPRESSED	SIMPLE_AND	K562
ENSG00000169567	SIMPLE_AND	NULL	GM12878
ENSG00000169570	SIMPLE_AND	INCONSISTENT	GM12878
ENSG00000169575	NULL	REPRESSED	NEITHER
ENSG00000169583	REPRESSED	INCONSISTENT	NEITHER
ENSG00000169594	REPRESSED	NULL	NEITHER
ENSG00000169598	SIMPLE_AND	INCONSISTENT	GM12878
ENSG00000169604	REPRESSED	INCONSISTENT	NEITHER
ENSG00000169605	NULL	REPRESSED	NEITHER
ENSG00000169607	SIMPLE_AND	INCONSISTENT	GM12878
ENSG00000169609	SIMPLE_AND	INCONSISTENT	GM12878
ENSG00000169612	SIMPLE_AND	COMPLEX	GM12878
ENSG00000169618	REPRESSED	INCONSISTENT	NEITHER
ENSG00000169627	NULL	SIMPLE_OR	NEITHER
ENSG00000169629	SIMPLE_OR	NULL	NEITHER
ENSG00000169635	SIMPLE_OR	SIMPLE_AND	K562
ENSG00000169641	SIMPLE_AND	SIMPLE_OR	GM12878
ENSG00000169660	SIMPLE_AND	INCONSISTENT	GM12878
ENSG00000169683	SIMPLE_AND	INCONSISTENT	GM12878
ENSG00000169684	SIMPLE_AND	INCONSISTENT	GM12878
ENSG00000169688	NULL	REPRESSED	NEITHER
ENSG00000169715	BIVALENT	REPRESSED	NEITHER
ENSG00000169740	SIMPLE_AND	INCONSISTENT	GM12878
ENSG00000169752	SIMPLE_OR	BIVALENT	NEITHER
ENSG00000169758	SIMPLE_OR	BIVALENT	NEITHER
ENSG00000169760	BIVALENT	INCONSISTENT	NEITHER
ENSG00000169783	REPRESSED	BIVALENT	NEITHER
ENSG00000169814	SIMPLE_AND	INCONSISTENT	GM12878
ENSG00000169826	SIMPLE_AND	INCONSISTENT	GM12878
ENSG00000169851	REPRESSED	NULL	NEITHER
ENSG00000169856	BIVALENT	INCONSISTENT	NEITHER
ENSG00000169860	INCONSISTENT	SIMPLE_AND	K562
ENSG00000169862	REPRESSED	NULL	NEITHER
ENSG00000169871	SIMPLE_AND	INCONSISTENT	GM12878
ENSG00000169876	INCONSISTENT	NULL	NEITHER
ENSG00000169877	NULL	INCONSISTENT	NEITHER
ENSG00000169884	BIVALENT	INCONSISTENT	NEITHER
ENSG00000169891	BIVALENT	INCONSISTENT	NEITHER
ENSG00000169894	NULL	REPRESSED	NEITHER
ENSG00000169895	SIMPLE_AND	INCONSISTENT	GM12878
ENSG00000169896	SIMPLE_AND	NULL	GM12878
ENSG00000169900	REPRESSED	INCONSISTENT	NEITHER
ENSG00000169902	SIMPLE_AND	BIVALENT	GM12878
ENSG00000169903	NULL	REPRESSED	NEITHER
ENSG00000169914	SIMPLE_AND	INCONSISTENT	GM12878
ENSG00000169918	BIVALENT	INCONSISTENT	NEITHER
ENSG00000169926	SIMPLE_AND	INCONSISTENT	GM12878
ENSG00000169946	INCONSISTENT	SIMPLE_AND	K562
ENSG00000169951	SIMPLE_AND	INCONSISTENT	GM12878
ENSG00000169955	SIMPLE_AND	INCONSISTENT	GM12878
ENSG00000169964	SIMPLE_AND	NULL	GM12878
ENSG00000169967	SIMPLE_AND	INCONSISTENT	GM12878
ENSG00000169981	SIMPLE_AND	INCONSISTENT	GM12878
ENSG00000169989	INCONSISTENT	BIVALENT	NEITHER
ENSG00000169991	SIMPLE_AND	BIVALENT	GM12878
ENSG00000169992	BIVALENT	INCONSISTENT	NEITHER
ENSG00000170006	SIMPLE_AND	INCONSISTENT	GM12878
ENSG00000170011	REPRESSED	INCONSISTENT	NEITHER
ENSG00000170017	SIMPLE_AND	NULL	GM12878
ENSG00000170035	NULL	SIMPLE_OR	NEITHER
ENSG00000170049	SIMPLE_AND	INCONSISTENT	GM12878
ENSG00000170075	NULL	REPRESSED	NEITHER
ENSG00000170085	NULL	SIMPLE_OR	NEITHER
ENSG00000170100	SIMPLE_AND	INCONSISTENT	GM12878
ENSG00000170122	REPRESSED	NULL	NEITHER
ENSG00000170128	NULL	REPRESSED	NEITHER
ENSG00000170144	COMPLEX	SIMPLE_AND	K562
ENSG00000170145	COMPLEX	SIMPLE_AND	K562
ENSG00000170161	NULL	INCONSISTENT	NEITHER
ENSG00000170162	REPRESSED	NULL	NEITHER
ENSG00000170175	REPRESSED	INCONSISTENT	NEITHER
ENSG00000170178	REPRESSED	BIVALENT	NEITHER
ENSG00000170180	NULL	SIMPLE_AND	K562
ENSG00000170190	SIMPLE_AND	INCONSISTENT	GM12878
ENSG00000170191	SIMPLE_AND	INCONSISTENT	GM12878
ENSG00000170209	REPRESSED	NULL	NEITHER
ENSG00000170222	SIMPLE_AND	INCONSISTENT	GM12878
ENSG00000170231	REPRESSED	INCONSISTENT	NEITHER
ENSG00000170234	SIMPLE_AND	INCONSISTENT	GM12878
ENSG00000170260	SIMPLE_AND	INCONSISTENT	GM12878
ENSG00000170264	SIMPLE_AND	INCONSISTENT	GM12878
ENSG00000170270	SIMPLE_AND	INCONSISTENT	GM12878
ENSG00000170271	INCONSISTENT	SIMPLE_AND	K562
ENSG00000170275	INCONSISTENT	COMPLEX	NEITHER
ENSG00000170276	REPRESSED	INCONSISTENT	NEITHER
ENSG00000170279	NULL	REPRESSED	NEITHER
ENSG00000170310	SIMPLE_AND	INCONSISTENT	GM12878
ENSG00000170315	COMPLEX	SIMPLE_AND	K562
ENSG00000170345	BIVALENT	INCONSISTENT	NEITHER
ENSG00000170348	COMPLEX	SIMPLE_AND	K562
ENSG00000170364	SIMPLE_AND	INCONSISTENT	GM12878
ENSG00000170365	INCONSISTENT	BIVALENT	NEITHER
ENSG00000170370	REPRESSED	INCONSISTENT	NEITHER
ENSG00000170379	NULL	SIMPLE_OR	NEITHER
ENSG00000170382	REPRESSED	NULL	NEITHER
ENSG00000170390	REPRESSED	INCONSISTENT	NEITHER
ENSG00000170396	BIVALENT	INCONSISTENT	NEITHER
ENSG00000170409	INCONSISTENT	REPRESSED	NEITHER
ENSG00000170417	SIMPLE_AND	INCONSISTENT	GM12878
ENSG00000170421	INCONSISTENT	SIMPLE_AND	K562
ENSG00000170423	NULL	REPRESSED	NEITHER
ENSG00000170425	BIVALENT	SIMPLE_AND	K562
ENSG00000170426	NULL	INCONSISTENT	NEITHER
ENSG00000170430	SIMPLE_AND	NULL	GM12878
ENSG00000170439	NULL	BIVALENT	NEITHER
ENSG00000170442	INCONSISTENT	REPRESSED	NEITHER
ENSG00000170454	NULL	REPRESSED	NEITHER
ENSG00000170456	SIMPLE_AND	BIVALENT	GM12878
ENSG00000170458	BIVALENT	NULL	NEITHER
ENSG00000170469	SIMPLE_AND	INCONSISTENT	GM12878
ENSG00000170476	SIMPLE_AND	NULL	GM12878
ENSG00000170482	SIMPLE_AND	INCONSISTENT	GM12878
ENSG00000170484	NULL	REPRESSED	NEITHER
ENSG00000170500	REPRESSED	INCONSISTENT	NEITHER
ENSG00000170525	SIMPLE_AND	INCONSISTENT	GM12878
ENSG00000170537	REPRESSED	INCONSISTENT	NEITHER
ENSG00000170542	BIVALENT	SIMPLE_AND	K562
ENSG00000170545	BIVALENT	SIMPLE_AND	K562
ENSG00000170558	REPRESSED	NULL	NEITHER
ENSG00000170571	SIMPLE_AND	NULL	GM12878
ENSG00000170577	REPRESSED	NULL	NEITHER
ENSG00000170579	SIMPLE_OR	NULL	NEITHER
ENSG00000170608	BIVALENT	INCONSISTENT	NEITHER
ENSG00000170613	NULL	REPRESSED	NEITHER
ENSG00000170615	REPRESSED	BIVALENT	NEITHER
ENSG00000170619	SIMPLE_AND	INCONSISTENT	GM12878
ENSG00000170627	INCONSISTENT	SIMPLE_AND	K562
ENSG00000170629	SIMPLE_AND	NULL	GM12878
ENSG00000170631	SIMPLE_AND	COMPLEX	GM12878
ENSG00000170634	SIMPLE_AND	INCONSISTENT	GM12878
ENSG00000170677	SIMPLE_AND	INCONSISTENT	GM12878
ENSG00000170683	REPRESSED	NULL	NEITHER
ENSG00000170684	SIMPLE_AND	INCONSISTENT	GM12878
ENSG00000170689	BIVALENT	SIMPLE_AND	K562
ENSG00000170703	BIVALENT	INCONSISTENT	NEITHER
ENSG00000170776	SIMPLE_AND	INCONSISTENT	GM12878
ENSG00000170786	REPRESSED	NULL	NEITHER
ENSG00000170791	SIMPLE_AND	BIVALENT	GM12878
ENSG00000170832	SIMPLE_AND	NULL	GM12878
ENSG00000170835	INCONSISTENT	NULL	NEITHER
ENSG00000170836	SIMPLE_AND	INCONSISTENT	GM12878
ENSG00000170837	REPRESSED	NULL	NEITHER
ENSG00000170846	REPRESSED	NULL	NEITHER
ENSG00000170860	SIMPLE_AND	INCONSISTENT	GM12878
ENSG00000170873	REPRESSED	NULL	NEITHER
ENSG00000170881	COMPLEX	SIMPLE_AND	K562
ENSG00000170890	INCONSISTENT	BIVALENT	NEITHER
ENSG00000170891	REPRESSED	NULL	NEITHER
ENSG00000170903	SIMPLE_AND	INCONSISTENT	GM12878
ENSG00000170915	SIMPLE_AND	INCONSISTENT	GM12878
ENSG00000170917	SIMPLE_AND	INCONSISTENT	GM12878
ENSG00000170919	SIMPLE_AND	INCONSISTENT	GM12878
ENSG00000170921	BIVALENT	SIMPLE_AND	K562
ENSG00000170948	COMPLEX	INCONSISTENT	NEITHER
ENSG00000170954	REPRESSED	NULL	NEITHER
ENSG00000170955	INCONSISTENT	NULL	NEITHER
ENSG00000170961	REPRESSED	NULL	NEITHER
ENSG00000170962	BIVALENT	NULL	NEITHER
ENSG00000170989	SIMPLE_AND	INCONSISTENT	GM12878
ENSG00000171016	REPRESSED	BIVALENT	NEITHER
ENSG00000171017	NULL	INCONSISTENT	NEITHER
ENSG00000171033	SIMPLE_AND	INCONSISTENT	GM12878
ENSG00000171044	SIMPLE_AND	NULL	GM12878
ENSG00000171045	SIMPLE_AND	INCONSISTENT	GM12878
ENSG00000171049	NULL	REPRESSED	NEITHER
ENSG00000171051	NULL	COMPLEX	NEITHER
ENSG00000171056	REPRESSED	NULL	NEITHER
ENSG00000171084	SIMPLE_AND	INCONSISTENT	GM12878
ENSG00000171097	SIMPLE_AND	INCONSISTENT	GM12878
ENSG00000171100	SIMPLE_AND	INCONSISTENT	GM12878
ENSG00000171103	SIMPLE_AND	INCONSISTENT	GM12878
ENSG00000171105	SIMPLE_AND	INCONSISTENT	GM12878
ENSG00000171115	SIMPLE_AND	REPRESSED	GM12878
ENSG00000171119	NULL	INCONSISTENT	NEITHER
ENSG00000171121	NULL	INCONSISTENT	NEITHER
ENSG00000171126	BIVALENT	INCONSISTENT	NEITHER
ENSG00000171132	SIMPLE_AND	BIVALENT	GM12878
ENSG00000171136	NULL	INCONSISTENT	NEITHER
ENSG00000171150	COMPLEX	INCONSISTENT	NEITHER
ENSG00000171155	SIMPLE_AND	INCONSISTENT	GM12878
ENSG00000171160	SIMPLE_OR	INCONSISTENT	NEITHER
ENSG00000171189	NULL	INCONSISTENT	NEITHER
ENSG00000171202	COMPLEX	INCONSISTENT	NEITHER
ENSG00000171234	SIMPLE_AND	NULL	GM12878
ENSG00000171246	REPRESSED	INCONSISTENT	NEITHER
ENSG00000171262	SIMPLE_AND	INCONSISTENT	GM12878
ENSG00000171291	SIMPLE_OR	NULL	NEITHER
ENSG00000171298	SIMPLE_OR	INCONSISTENT	NEITHER
ENSG00000171303	NULL	REPRESSED	NEITHER
ENSG00000171345	REPRESSED	SIMPLE_AND	K562
ENSG00000171346	NULL	INCONSISTENT	NEITHER
ENSG00000171360	NULL	REPRESSED	NEITHER
ENSG00000171365	SIMPLE_OR	INCONSISTENT	NEITHER
ENSG00000171385	REPRESSED	BIVALENT	NEITHER
ENSG00000171388	INCONSISTENT	BIVALENT	NEITHER
ENSG00000171401	REPRESSED	NULL	NEITHER
ENSG00000171403	NULL	REPRESSED	NEITHER
ENSG00000171428	REPRESSED	NULL	NEITHER
ENSG00000171433	NULL	INCONSISTENT	NEITHER
ENSG00000171435	SIMPLE_OR	BIVALENT	NEITHER
ENSG00000171443	SIMPLE_AND	INCONSISTENT	GM12878
ENSG00000171448	SIMPLE_AND	INCONSISTENT	GM12878
ENSG00000171450	BIVALENT	INCONSISTENT	NEITHER
ENSG00000171453	BIVALENT	SIMPLE_AND	K562
ENSG00000171462	BIVALENT	INCONSISTENT	NEITHER
ENSG00000171475	SIMPLE_AND	INCONSISTENT	GM12878
ENSG00000171488	SIMPLE_AND	INCONSISTENT	GM12878
ENSG00000171502	REPRESSED	INCONSISTENT	NEITHER
ENSG00000171505	NULL	REPRESSED	NEITHER
ENSG00000171517	REPRESSED	NULL	NEITHER
ENSG00000171522	BIVALENT	INCONSISTENT	NEITHER
ENSG00000171530	NULL	REPRESSED	NEITHER
ENSG00000171540	REPRESSED	NULL	NEITHER
ENSG00000171560	REPRESSED	NULL	NEITHER
ENSG00000171561	NULL	INCONSISTENT	NEITHER
ENSG00000171570	SIMPLE_AND	INCONSISTENT	GM12878
ENSG00000171574	SIMPLE_OR	SIMPLE_AND	K562
ENSG00000171596	NULL	INCONSISTENT	NEITHER
ENSG00000171608	SIMPLE_AND	NULL	GM12878
ENSG00000171617	SIMPLE_AND	BIVALENT	GM12878
ENSG00000171631	NULL	REPRESSED	NEITHER
ENSG00000171643	NULL	INCONSISTENT	NEITHER
ENSG00000171649	COMPLEX	INCONSISTENT	NEITHER
ENSG00000171657	COMPLEX	NULL	NEITHER
ENSG00000171658	NULL	INCONSISTENT	NEITHER
ENSG00000171695	BIVALENT	INCONSISTENT	NEITHER
ENSG00000171700	BIVALENT	SIMPLE_AND	K562
ENSG00000171703	SIMPLE_OR	INCONSISTENT	NEITHER
ENSG00000171724	REPRESSED	NULL	NEITHER
ENSG00000171757	INCONSISTENT	NULL	NEITHER
ENSG00000171759	BIVALENT	NULL	NEITHER
ENSG00000171766	SIMPLE_AND	INCONSISTENT	GM12878
ENSG00000171777	SIMPLE_AND	INCONSISTENT	GM12878
ENSG00000171786	NULL	INCONSISTENT	NEITHER
ENSG00000171791	SIMPLE_AND	INCONSISTENT	GM12878
ENSG00000171794	REPRESSED	NULL	NEITHER
ENSG00000171798	NULL	INCONSISTENT	NEITHER
ENSG00000171806	SIMPLE_AND	INCONSISTENT	GM12878
ENSG00000171812	REPRESSED	NULL	NEITHER
ENSG00000171817	COMPLEX	INCONSISTENT	NEITHER
ENSG00000171823	SIMPLE_AND	INCONSISTENT	GM12878
ENSG00000171827	COMPLEX	INCONSISTENT	NEITHER
ENSG00000171840	INCONSISTENT	NULL	NEITHER
ENSG00000171843	SIMPLE_AND	INCONSISTENT	GM12878
ENSG00000171855	REPRESSED	NULL	NEITHER
ENSG00000171860	NULL	INCONSISTENT	NEITHER
ENSG00000171864	INCONSISTENT	NULL	NEITHER
ENSG00000171867	SIMPLE_OR	SIMPLE_AND	K562
ENSG00000171872	NULL	REPRESSED	NEITHER
ENSG00000171873	REPRESSED	NULL	NEITHER
ENSG00000171877	BIVALENT	REPRESSED	NEITHER
ENSG00000171889	REPRESSED	NULL	NEITHER
ENSG00000171943	SIMPLE_OR	SIMPLE_AND	K562
ENSG00000171954	NULL	INCONSISTENT	NEITHER
ENSG00000171970	SIMPLE_AND	INCONSISTENT	GM12878
ENSG00000171984	SIMPLE_AND	INCONSISTENT	GM12878
ENSG00000171987	NULL	REPRESSED	NEITHER
ENSG00000171988	SIMPLE_AND	COMPLEX	GM12878
ENSG00000171989	INCONSISTENT	REPRESSED	NEITHER
ENSG00000171992	NULL	REPRESSED	NEITHER
ENSG00000172000	NULL	INCONSISTENT	NEITHER
ENSG00000172005	SIMPLE_OR	REPRESSED	NEITHER
ENSG00000172006	SIMPLE_OR	INCONSISTENT	NEITHER
ENSG00000172007	SIMPLE_AND	INCONSISTENT	GM12878
ENSG00000172014	SIMPLE_OR	NULL	NEITHER
ENSG00000172037	NULL	SIMPLE_AND	K562
ENSG00000172059	BIVALENT	INCONSISTENT	NEITHER
ENSG00000172071	SIMPLE_AND	INCONSISTENT	GM12878
ENSG00000172073	NULL	REPRESSED	NEITHER
ENSG00000172123	SIMPLE_AND	NULL	GM12878
ENSG00000172139	SIMPLE_AND	NULL	GM12878
ENSG00000172156	REPRESSED	NULL	NEITHER
ENSG00000172159	BIVALENT	INCONSISTENT	NEITHER
ENSG00000172164	BIVALENT	NULL	NEITHER
ENSG00000172167	SIMPLE_AND	INCONSISTENT	GM12878
ENSG00000172171	SIMPLE_AND	INCONSISTENT	GM12878
ENSG00000172175	SIMPLE_AND	INCONSISTENT	GM12878
ENSG00000172183	SIMPLE_OR	NULL	NEITHER
ENSG00000172201	REPRESSED	NULL	NEITHER
ENSG00000172216	INCONSISTENT	SIMPLE_AND	K562
ENSG00000172232	NULL	INCONSISTENT	NEITHER
ENSG00000172236	NULL	INCONSISTENT	NEITHER
ENSG00000172238	REPRESSED	NULL	NEITHER
ENSG00000172243	REPRESSED	NULL	NEITHER
ENSG00000172250	INCONSISTENT	SIMPLE_AND	K562
ENSG00000172260	BIVALENT	NULL	NEITHER
ENSG00000172270	SIMPLE_AND	COMPLEX	GM12878
ENSG00000172273	SIMPLE_AND	INCONSISTENT	GM12878
ENSG00000172292	SIMPLE_AND	INCONSISTENT	GM12878
ENSG00000172301	SIMPLE_OR	SIMPLE_AND	K562
ENSG00000172315	SIMPLE_AND	INCONSISTENT	GM12878
ENSG00000172318	BIVALENT	INCONSISTENT	NEITHER
ENSG00000172322	INCONSISTENT	REPRESSED	NEITHER
ENSG00000172331	SIMPLE_AND	INCONSISTENT	GM12878
ENSG00000172339	SIMPLE_AND	INCONSISTENT	GM12878
ENSG00000172345	SIMPLE_AND	INCONSISTENT	GM12878
ENSG00000172346	REPRESSED	INCONSISTENT	NEITHER
ENSG00000172348	BIVALENT	NULL	NEITHER
ENSG00000172350	BIVALENT	INCONSISTENT	NEITHER
ENSG00000172361	INCONSISTENT	REPRESSED	NEITHER
ENSG00000172382	SIMPLE_AND	INCONSISTENT	GM12878
ENSG00000172403	INCONSISTENT	NULL	NEITHER
ENSG00000172409	REPRESSED	SIMPLE_AND	K562
ENSG00000172410	REPRESSED	NULL	NEITHER
ENSG00000172421	REPRESSED	NULL	NEITHER
ENSG00000172426	INCONSISTENT	NULL	NEITHER
ENSG00000172428	SIMPLE_AND	INCONSISTENT	GM12878
ENSG00000172456	SIMPLE_AND	INCONSISTENT	GM12878
ENSG00000172458	INCONSISTENT	BIVALENT	NEITHER
ENSG00000172460	REPRESSED	INCONSISTENT	NEITHER
ENSG00000172461	REPRESSED	NULL	NEITHER
ENSG00000172465	SIMPLE_AND	INCONSISTENT	GM12878
ENSG00000172469	SIMPLE_AND	INCONSISTENT	GM12878
ENSG00000172497	REPRESSED	NULL	NEITHER
ENSG00000172508	REPRESSED	NULL	NEITHER
ENSG00000172531	SIMPLE_OR	SIMPLE_AND	K562
ENSG00000172543	INCONSISTENT	NULL	NEITHER
ENSG00000172548	BIVALENT	REPRESSED	NEITHER
ENSG00000172554	NULL	BIVALENT	NEITHER
ENSG00000172568	NULL	REPRESSED	NEITHER
ENSG00000172572	REPRESSED	NULL	NEITHER
ENSG00000172575	SIMPLE_AND	BIVALENT	GM12878
ENSG00000172578	SIMPLE_AND	INCONSISTENT	GM12878
ENSG00000172594	BIVALENT	INCONSISTENT	NEITHER
ENSG00000172602	SIMPLE_AND	INCONSISTENT	GM12878
ENSG00000172638	SIMPLE_AND	INCONSISTENT	GM12878
ENSG00000172640	REPRESSED	NULL	NEITHER
ENSG00000172663	SIMPLE_AND	INCONSISTENT	GM12878
ENSG00000172671	SIMPLE_AND	INCONSISTENT	GM12878
ENSG00000172687	SIMPLE_AND	INCONSISTENT	GM12878
ENSG00000172716	BIVALENT	NULL	NEITHER
ENSG00000172717	INCONSISTENT	NULL	NEITHER
ENSG00000172731	SIMPLE_AND	INCONSISTENT	GM12878
ENSG00000172733	BIVALENT	INCONSISTENT	NEITHER
ENSG00000172738	SIMPLE_AND	INCONSISTENT	GM12878
ENSG00000172746	NULL	REPRESSED	NEITHER
ENSG00000172748	SIMPLE_AND	INCONSISTENT	GM12878
ENSG00000172752	REPRESSED	INCONSISTENT	NEITHER
ENSG00000172765	SIMPLE_AND	INCONSISTENT	GM12878
ENSG00000172771	SIMPLE_OR	INCONSISTENT	NEITHER
ENSG00000172780	SIMPLE_AND	INCONSISTENT	GM12878
ENSG00000172782	REPRESSED	BIVALENT	NEITHER
ENSG00000172785	NULL	INCONSISTENT	NEITHER
ENSG00000172789	BIVALENT	NULL	NEITHER
ENSG00000172794	REPRESSED	NULL	NEITHER
ENSG00000172803	BIVALENT	NULL	NEITHER
ENSG00000172817	SIMPLE_AND	INCONSISTENT	GM12878
ENSG00000172818	BIVALENT	NULL	NEITHER
ENSG00000172819	BIVALENT	INCONSISTENT	NEITHER
ENSG00000172828	NULL	INCONSISTENT	NEITHER
ENSG00000172878	SIMPLE_AND	INCONSISTENT	GM12878
ENSG00000172889	REPRESSED	NULL	NEITHER
ENSG00000172915	SIMPLE_OR	INCONSISTENT	NEITHER
ENSG00000172922	SIMPLE_AND	INCONSISTENT	GM12878
ENSG00000172927	NULL	SIMPLE_AND	K562
ENSG00000172935	REPRESSED	BIVALENT	NEITHER
ENSG00000172965	REPRESSED	SIMPLE_OR	NEITHER
ENSG00000172967	INCONSISTENT	NULL	NEITHER
ENSG00000172974	NULL	INCONSISTENT	NEITHER
ENSG00000172985	BIVALENT	NULL	NEITHER
ENSG00000172986	BIVALENT	INCONSISTENT	NEITHER
ENSG00000172987	REPRESSED	NULL	NEITHER
ENSG00000172995	REPRESSED	NULL	NEITHER
ENSG00000173011	SIMPLE_AND	INCONSISTENT	GM12878
ENSG00000173040	SIMPLE_AND	INCONSISTENT	GM12878
ENSG00000173041	SIMPLE_AND	INCONSISTENT	GM12878
ENSG00000173085	SIMPLE_AND	INCONSISTENT	GM12878
ENSG00000173110	SIMPLE_OR	INCONSISTENT	NEITHER
ENSG00000173137	SIMPLE_AND	INCONSISTENT	GM12878
ENSG00000173141	SIMPLE_AND	INCONSISTENT	GM12878
ENSG00000173156	INCONSISTENT	NULL	NEITHER
ENSG00000173157	NULL	INCONSISTENT	NEITHER
ENSG00000173163	SIMPLE_AND	INCONSISTENT	GM12878
ENSG00000173166	BIVALENT	INCONSISTENT	NEITHER
ENSG00000173175	REPRESSED	BIVALENT	NEITHER
ENSG00000173198	SIMPLE_AND	NULL	GM12878
ENSG00000173200	SIMPLE_AND	NULL	GM12878
ENSG00000173208	SIMPLE_AND	INCONSISTENT	GM12878
ENSG00000173209	SIMPLE_AND	INCONSISTENT	GM12878
ENSG00000173210	NULL	BIVALENT	NEITHER
ENSG00000173212	SIMPLE_AND	NULL	GM12878
ENSG00000173213	NULL	INCONSISTENT	NEITHER
ENSG00000173214	SIMPLE_AND	INCONSISTENT	GM12878
ENSG00000173218	SIMPLE_AND	INCONSISTENT	GM12878
ENSG00000173221	SIMPLE_AND	INCONSISTENT	GM12878
ENSG00000173227	NULL	INCONSISTENT	NEITHER
ENSG00000173253	BIVALENT	NULL	NEITHER
ENSG00000173258	NULL	INCONSISTENT	NEITHER
ENSG00000173267	NULL	SIMPLE_AND	K562
ENSG00000173269	SIMPLE_AND	NULL	GM12878
ENSG00000173275	SIMPLE_AND	INCONSISTENT	GM12878
ENSG00000173281	SIMPLE_AND	INCONSISTENT	GM12878
ENSG00000173295	SIMPLE_AND	INCONSISTENT	GM12878
ENSG00000173320	BIVALENT	NULL	NEITHER
ENSG00000173334	SIMPLE_AND	INCONSISTENT	GM12878
ENSG00000173338	INCONSISTENT	NULL	NEITHER
ENSG00000173349	SIMPLE_AND	INCONSISTENT	GM12878
ENSG00000173369	NULL	REPRESSED	NEITHER
ENSG00000173376	REPRESSED	NULL	NEITHER
ENSG00000173391	REPRESSED	NULL	NEITHER
ENSG00000173401	INCONSISTENT	NULL	NEITHER
ENSG00000173402	SIMPLE_AND	INCONSISTENT	GM12878
ENSG00000173404	BIVALENT	NULL	NEITHER
ENSG00000173421	REPRESSED	NULL	NEITHER
ENSG00000173432	INCONSISTENT	REPRESSED	NEITHER
ENSG00000173451	SIMPLE_AND	INCONSISTENT	GM12878
ENSG00000173452	REPRESSED	NULL	NEITHER
ENSG00000173480	SIMPLE_AND	INCONSISTENT	GM12878
ENSG00000173530	SIMPLE_OR	INCONSISTENT	NEITHER
ENSG00000173531	SIMPLE_AND	INCONSISTENT	GM12878
ENSG00000173535	BIVALENT	REPRESSED	NEITHER
ENSG00000173540	SIMPLE_AND	INCONSISTENT	GM12878
ENSG00000173545	COMPLEX	SIMPLE_AND	K562
ENSG00000173546	NULL	INCONSISTENT	NEITHER
ENSG00000173548	SIMPLE_OR	SIMPLE_AND	K562
ENSG00000173572	NULL	REPRESSED	NEITHER
ENSG00000173581	SIMPLE_AND	INCONSISTENT	GM12878
ENSG00000173588	SIMPLE_AND	INCONSISTENT	GM12878
ENSG00000173599	INCONSISTENT	SIMPLE_AND	K562
ENSG00000173611	SIMPLE_OR	SIMPLE_AND	K562
ENSG00000173614	SIMPLE_AND	INCONSISTENT	GM12878
ENSG00000173626	NULL	REPRESSED	NEITHER
ENSG00000173627	INCONSISTENT	NULL	NEITHER
ENSG00000173638	NULL	REPRESSED	NEITHER
ENSG00000173681	SIMPLE_OR	INCONSISTENT	NEITHER
ENSG00000173698	NULL	REPRESSED	NEITHER
ENSG00000173699	NULL	REPRESSED	NEITHER
ENSG00000173705	NULL	REPRESSED	NEITHER
ENSG00000173706	SIMPLE_AND	BIVALENT	GM12878
ENSG00000173727	SIMPLE_AND	INCONSISTENT	GM12878
ENSG00000173769	NULL	REPRESSED	NEITHER
ENSG00000173801	SIMPLE_OR	SIMPLE_AND	K562
ENSG00000173805	REPRESSED	BIVALENT	NEITHER
ENSG00000173812	COMPLEX	SIMPLE_AND	K562
ENSG00000173818	SIMPLE_AND	INCONSISTENT	GM12878
ENSG00000173826	NULL	INCONSISTENT	NEITHER
ENSG00000173838	REPRESSED	BIVALENT	NEITHER
ENSG00000173846	SIMPLE_AND	INCONSISTENT	GM12878
ENSG00000173848	BIVALENT	SIMPLE_AND	K562
ENSG00000173867	COMPLEX	INCONSISTENT	NEITHER
ENSG00000173868	INCONSISTENT	BIVALENT	NEITHER
ENSG00000173894	BIVALENT	SIMPLE_AND	K562
ENSG00000173898	INCONSISTENT	SIMPLE_AND	K562
ENSG00000173908	NULL	REPRESSED	NEITHER
ENSG00000173914	SIMPLE_AND	INCONSISTENT	GM12878
ENSG00000173917	SIMPLE_AND	INCONSISTENT	GM12878
ENSG00000173928	SIMPLE_AND	INCONSISTENT	GM12878
ENSG00000173960	SIMPLE_AND	INCONSISTENT	GM12878
ENSG00000173991	REPRESSED	INCONSISTENT	NEITHER
ENSG00000174004	SIMPLE_AND	INCONSISTENT	GM12878
ENSG00000174015	INCONSISTENT	NULL	NEITHER
ENSG00000174021	COMPLEX	SIMPLE_AND	K562
ENSG00000174032	SIMPLE_AND	INCONSISTENT	GM12878
ENSG00000174059	REPRESSED	NULL	NEITHER
ENSG00000174080	INCONSISTENT	BIVALENT	NEITHER
ENSG00000174106	SIMPLE_AND	INCONSISTENT	GM12878
ENSG00000174109	SIMPLE_AND	INCONSISTENT	GM12878
ENSG00000174123	SIMPLE_AND	NULL	GM12878
ENSG00000174125	SIMPLE_AND	INCONSISTENT	GM12878
ENSG00000174130	SIMPLE_AND	INCONSISTENT	GM12878
ENSG00000174132	SIMPLE_AND	INCONSISTENT	GM12878
ENSG00000174136	BIVALENT	INCONSISTENT	NEITHER
ENSG00000174151	SIMPLE_AND	INCONSISTENT	GM12878
ENSG00000174165	SIMPLE_AND	INCONSISTENT	GM12878
ENSG00000174173	COMPLEX	SIMPLE_AND	K562
ENSG00000174197	SIMPLE_OR	NULL	NEITHER
ENSG00000174206	SIMPLE_AND	INCONSISTENT	GM12878
ENSG00000174226	NULL	REPRESSED	NEITHER
ENSG00000174236	NULL	REPRESSED	NEITHER
ENSG00000174255	NULL	REPRESSED	NEITHER
ENSG00000174279	NULL	REPRESSED	NEITHER
ENSG00000174282	SIMPLE_AND	INCONSISTENT	GM12878
ENSG00000174292	REPRESSED	INCONSISTENT	NEITHER
ENSG00000174306	SIMPLE_AND	INCONSISTENT	GM12878
ENSG00000174307	SIMPLE_AND	NULL	GM12878
ENSG00000174326	BIVALENT	NULL	NEITHER
ENSG00000174327	SIMPLE_AND	INCONSISTENT	GM12878
ENSG00000174339	NULL	REPRESSED	NEITHER
ENSG00000174343	NULL	REPRESSED	NEITHER
ENSG00000174358	NULL	INCONSISTENT	NEITHER
ENSG00000174365	SIMPLE_AND	INCONSISTENT	GM12878
ENSG00000174370	BIVALENT	REPRESSED	NEITHER
ENSG00000174403	NULL	REPRESSED	NEITHER
ENSG00000174405	SIMPLE_AND	INCONSISTENT	GM12878
ENSG00000174407	NULL	REPRESSED	NEITHER
ENSG00000174428	SIMPLE_AND	INCONSISTENT	GM12878
ENSG00000174429	NULL	INCONSISTENT	NEITHER
ENSG00000174460	REPRESSED	BIVALENT	NEITHER
ENSG00000174469	NULL	INCONSISTENT	NEITHER
ENSG00000174473	REPRESSED	NULL	NEITHER
ENSG00000174482	REPRESSED	NULL	NEITHER
ENSG00000174498	REPRESSED	BIVALENT	NEITHER
ENSG00000174500	SIMPLE_AND	NULL	GM12878
ENSG00000174502	NULL	REPRESSED	NEITHER
ENSG00000174516	SIMPLE_AND	INCONSISTENT	GM12878
ENSG00000174521	REPRESSED	INCONSISTENT	NEITHER
ENSG00000174567	NULL	REPRESSED	NEITHER
ENSG00000174572	NULL	INCONSISTENT	NEITHER
ENSG00000174576	REPRESSED	NULL	NEITHER
ENSG00000174579	SIMPLE_AND	INCONSISTENT	GM12878
ENSG00000174586	SIMPLE_AND	INCONSISTENT	GM12878
ENSG00000174600	SIMPLE_OR	INCONSISTENT	NEITHER
ENSG00000174606	COMPLEX	SIMPLE_AND	K562
ENSG00000174607	BIVALENT	SIMPLE_AND	K562
ENSG00000174628	SIMPLE_AND	INCONSISTENT	GM12878
ENSG00000174667	REPRESSED	NULL	NEITHER
ENSG00000174672	BIVALENT	INCONSISTENT	NEITHER
ENSG00000174677	REPRESSED	NULL	NEITHER
ENSG00000174684	SIMPLE_AND	INCONSISTENT	GM12878
ENSG00000174697	NULL	REPRESSED	NEITHER
ENSG00000174705	SIMPLE_OR	BIVALENT	NEITHER
ENSG00000174715	REPRESSED	NULL	NEITHER
ENSG00000174721	SIMPLE_OR	INCONSISTENT	NEITHER
ENSG00000174738	BIVALENT	INCONSISTENT	NEITHER
ENSG00000174799	SIMPLE_AND	INCONSISTENT	GM12878
ENSG00000174804	BIVALENT	INCONSISTENT	NEITHER
ENSG00000174807	INCONSISTENT	NULL	NEITHER
ENSG00000174840	SIMPLE_AND	COMPLEX	GM12878
ENSG00000174842	SIMPLE_AND	INCONSISTENT	GM12878
ENSG00000174844	REPRESSED	NULL	NEITHER
ENSG00000174871	INCONSISTENT	NULL	NEITHER
ENSG00000174885	REPRESSED	COMPLEX	NEITHER
ENSG00000174891	BIVALENT	SIMPLE_AND	K562
ENSG00000174930	NULL	REPRESSED	NEITHER
ENSG00000174938	INCONSISTENT	BIVALENT	NEITHER
ENSG00000174939	INCONSISTENT	BIVALENT	NEITHER
ENSG00000174943	SIMPLE_AND	INCONSISTENT	GM12878
ENSG00000174948	REPRESSED	NULL	NEITHER
ENSG00000174950	NULL	INCONSISTENT	NEITHER
ENSG00000174951	NULL	INCONSISTENT	NEITHER
ENSG00000174963	REPRESSED	NULL	NEITHER
ENSG00000174989	SIMPLE_OR	INCONSISTENT	NEITHER
ENSG00000174992	NULL	REPRESSED	NEITHER
ENSG00000175018	NULL	REPRESSED	NEITHER
ENSG00000175029	NULL	SIMPLE_AND	K562
ENSG00000175040	SIMPLE_AND	COMPLEX	GM12878
ENSG00000175048	BIVALENT	INCONSISTENT	NEITHER
ENSG00000175063	SIMPLE_AND	INCONSISTENT	GM12878
ENSG00000175066	SIMPLE_AND	INCONSISTENT	GM12878
ENSG00000175073	SIMPLE_AND	INCONSISTENT	GM12878
ENSG00000175077	NULL	REPRESSED	NEITHER
ENSG00000175084	NULL	SIMPLE_OR	NEITHER
ENSG00000175093	REPRESSED	NULL	NEITHER
ENSG00000175105	SIMPLE_AND	INCONSISTENT	GM12878
ENSG00000175106	NULL	INCONSISTENT	NEITHER
ENSG00000175121	NULL	REPRESSED	NEITHER
ENSG00000175143	NULL	REPRESSED	NEITHER
ENSG00000175161	BIVALENT	INCONSISTENT	NEITHER
ENSG00000175164	NULL	INCONSISTENT	NEITHER
ENSG00000175170	NULL	REPRESSED	NEITHER
ENSG00000175175	BIVALENT	INCONSISTENT	NEITHER
ENSG00000175182	SIMPLE_AND	INCONSISTENT	GM12878
ENSG00000175183	BIVALENT	INCONSISTENT	NEITHER
ENSG00000175189	NULL	INCONSISTENT	NEITHER
ENSG00000175198	SIMPLE_AND	INCONSISTENT	GM12878
ENSG00000175213	SIMPLE_AND	INCONSISTENT	GM12878
ENSG00000175229	NULL	INCONSISTENT	NEITHER
ENSG00000175262	NULL	REPRESSED	NEITHER
ENSG00000175265	SIMPLE_AND	INCONSISTENT	GM12878
ENSG00000175274	NULL	INCONSISTENT	NEITHER
ENSG00000175279	SIMPLE_AND	INCONSISTENT	GM12878
ENSG00000175287	NULL	INCONSISTENT	NEITHER
ENSG00000175305	SIMPLE_AND	INCONSISTENT	GM12878
ENSG00000175309	SIMPLE_AND	INCONSISTENT	GM12878
ENSG00000175311	NULL	REPRESSED	NEITHER
ENSG00000175322	SIMPLE_AND	INCONSISTENT	GM12878
ENSG00000175348	SIMPLE_AND	INCONSISTENT	GM12878
ENSG00000175352	REPRESSED	SIMPLE_AND	K562
ENSG00000175395	SIMPLE_AND	INCONSISTENT	GM12878
ENSG00000175414	SIMPLE_OR	NULL	NEITHER
ENSG00000175426	REPRESSED	NULL	NEITHER
ENSG00000175463	SIMPLE_AND	INCONSISTENT	GM12878
ENSG00000175489	SIMPLE_OR	INCONSISTENT	NEITHER
ENSG00000175520	REPRESSED	INCONSISTENT	NEITHER
ENSG00000175536	SIMPLE_AND	INCONSISTENT	GM12878
ENSG00000175538	REPRESSED	NULL	NEITHER
ENSG00000175548	SIMPLE_AND	INCONSISTENT	GM12878
ENSG00000175556	REPRESSED	SIMPLE_AND	K562
ENSG00000175564	NULL	INCONSISTENT	NEITHER
ENSG00000175591	INCONSISTENT	NULL	NEITHER
ENSG00000175592	SIMPLE_AND	INCONSISTENT	GM12878
ENSG00000175595	SIMPLE_AND	INCONSISTENT	GM12878
ENSG00000175600	SIMPLE_AND	INCONSISTENT	GM12878
ENSG00000175611	SIMPLE_AND	INCONSISTENT	GM12878
ENSG00000175646	NULL	REPRESSED	NEITHER
ENSG00000175662	SIMPLE_OR	INCONSISTENT	NEITHER
ENSG00000175664	REPRESSED	NULL	NEITHER
ENSG00000175691	SIMPLE_AND	INCONSISTENT	GM12878
ENSG00000175697	REPRESSED	INCONSISTENT	NEITHER
ENSG00000175707	BIVALENT	INCONSISTENT	NEITHER
ENSG00000175711	SIMPLE_AND	INCONSISTENT	GM12878
ENSG00000175727	SIMPLE_OR	SIMPLE_AND	K562
ENSG00000175745	BIVALENT	INCONSISTENT	NEITHER
ENSG00000175764	BIVALENT	INCONSISTENT	NEITHER
ENSG00000175766	REPRESSED	BIVALENT	NEITHER
ENSG00000175782	SIMPLE_AND	INCONSISTENT	GM12878
ENSG00000175785	REPRESSED	NULL	NEITHER
ENSG00000175787	SIMPLE_AND	INCONSISTENT	GM12878
ENSG00000175800	NULL	REPRESSED	NEITHER
ENSG00000175806	SIMPLE_AND	INCONSISTENT	GM12878
ENSG00000175832	SIMPLE_OR	NULL	NEITHER
ENSG00000175866	BIVALENT	SIMPLE_AND	K562
ENSG00000175868	INCONSISTENT	NULL	NEITHER
ENSG00000175874	REPRESSED	NULL	NEITHER
ENSG00000175877	NULL	REPRESSED	NEITHER
ENSG00000175879	REPRESSED	BIVALENT	NEITHER
ENSG00000175893	SIMPLE_AND	INCONSISTENT	GM12878
ENSG00000175920	NULL	BIVALENT	NEITHER
ENSG00000175928	REPRESSED	NULL	NEITHER
ENSG00000175985	REPRESSED	NULL	NEITHER
ENSG00000176020	SIMPLE_OR	NULL	NEITHER
ENSG00000176022	SIMPLE_AND	COMPLEX	GM12878
ENSG00000176024	SIMPLE_AND	COMPLEX	GM12878
ENSG00000176040	REPRESSED	NULL	NEITHER
ENSG00000176049	INCONSISTENT	NULL	NEITHER
ENSG00000176055	SIMPLE_AND	INCONSISTENT	GM12878
ENSG00000176083	NULL	INCONSISTENT	NEITHER
ENSG00000176092	REPRESSED	NULL	NEITHER
ENSG00000176102	SIMPLE_AND	COMPLEX	GM12878
ENSG00000176108	SIMPLE_AND	INCONSISTENT	GM12878
ENSG00000176125	SIMPLE_AND	INCONSISTENT	GM12878
ENSG00000176148	SIMPLE_AND	INCONSISTENT	GM12878
ENSG00000176165	REPRESSED	INCONSISTENT	NEITHER
ENSG00000176182	SIMPLE_AND	INCONSISTENT	GM12878
ENSG00000176200	INCONSISTENT	REPRESSED	NEITHER
ENSG00000176273	SIMPLE_AND	INCONSISTENT	GM12878
ENSG00000176289	INCONSISTENT	NULL	NEITHER
ENSG00000176371	SIMPLE_AND	INCONSISTENT	GM12878
ENSG00000176381	SIMPLE_AND	REPRESSED	GM12878
ENSG00000176383	BIVALENT	INCONSISTENT	NEITHER
ENSG00000176387	REPRESSED	INCONSISTENT	NEITHER
ENSG00000176396	SIMPLE_AND	INCONSISTENT	GM12878
ENSG00000176399	REPRESSED	NULL	NEITHER
ENSG00000176401	SIMPLE_AND	INCONSISTENT	GM12878
ENSG00000176402	REPRESSED	BIVALENT	NEITHER
ENSG00000176406	BIVALENT	NULL	NEITHER
ENSG00000176410	SIMPLE_AND	INCONSISTENT	GM12878
ENSG00000176422	SIMPLE_AND	INCONSISTENT	GM12878
ENSG00000176428	BIVALENT	INCONSISTENT	NEITHER
ENSG00000176438	SIMPLE_AND	INCONSISTENT	GM12878
ENSG00000176444	SIMPLE_OR	SIMPLE_AND	K562
ENSG00000176463	BIVALENT	INCONSISTENT	NEITHER
ENSG00000176473	SIMPLE_AND	INCONSISTENT	GM12878
ENSG00000176476	SIMPLE_AND	INCONSISTENT	GM12878
ENSG00000176485	NULL	INCONSISTENT	NEITHER
ENSG00000176490	REPRESSED	INCONSISTENT	NEITHER
ENSG00000176510	NULL	REPRESSED	NEITHER
ENSG00000176515	NULL	REPRESSED	NEITHER
ENSG00000176531	SIMPLE_AND	INCONSISTENT	GM12878
ENSG00000176533	SIMPLE_AND	INCONSISTENT	GM12878
ENSG00000176542	SIMPLE_AND	INCONSISTENT	GM12878
ENSG00000176566	NULL	INCONSISTENT	NEITHER
ENSG00000176593	COMPLEX	NULL	NEITHER
ENSG00000176595	NULL	BIVALENT	NEITHER
ENSG00000176597	BIVALENT	SIMPLE_AND	K562
ENSG00000176635	INCONSISTENT	NULL	NEITHER
ENSG00000176641	BIVALENT	INCONSISTENT	NEITHER
ENSG00000176681	SIMPLE_OR	NULL	NEITHER
ENSG00000176697	REPRESSED	NULL	NEITHER
ENSG00000176700	SIMPLE_AND	INCONSISTENT	GM12878
ENSG00000176715	NULL	REPRESSED	NEITHER
ENSG00000176748	NULL	INCONSISTENT	NEITHER
ENSG00000176749	SIMPLE_AND	INCONSISTENT	GM12878
ENSG00000176753	BIVALENT	REPRESSED	NEITHER
ENSG00000176754	NULL	REPRESSED	NEITHER
ENSG00000176769	REPRESSED	NULL	NEITHER
ENSG00000176809	SIMPLE_AND	INCONSISTENT	GM12878
ENSG00000176834	SIMPLE_AND	INCONSISTENT	GM12878
ENSG00000176840	REPRESSED	NULL	NEITHER
ENSG00000176842	BIVALENT	INCONSISTENT	NEITHER
ENSG00000176845	BIVALENT	SIMPLE_OR	NEITHER
ENSG00000176868	NULL	INCONSISTENT	NEITHER
ENSG00000176884	REPRESSED	INCONSISTENT	NEITHER
ENSG00000176887	REPRESSED	NULL	NEITHER
ENSG00000176894	COMPLEX	SIMPLE_AND	K562
ENSG00000176896	SIMPLE_AND	INCONSISTENT	GM12878
ENSG00000176900	NULL	INCONSISTENT	NEITHER
ENSG00000176903	SIMPLE_AND	INCONSISTENT	GM12878
ENSG00000176904	NULL	REPRESSED	NEITHER
ENSG00000176912	SIMPLE_AND	INCONSISTENT	GM12878
ENSG00000176933	SIMPLE_OR	INCONSISTENT	NEITHER
ENSG00000176945	NULL	REPRESSED	NEITHER
ENSG00000176973	SIMPLE_AND	INCONSISTENT	GM12878
ENSG00000176978	NULL	SIMPLE_OR	NEITHER
ENSG00000176979	NULL	REPRESSED	NEITHER
ENSG00000176984	NULL	INCONSISTENT	NEITHER
ENSG00000176988	NULL	INCONSISTENT	NEITHER
ENSG00000176994	SIMPLE_AND	INCONSISTENT	GM12878
ENSG00000176998	BIVALENT	REPRESSED	NEITHER
ENSG00000177025	REPRESSED	NULL	NEITHER
ENSG00000177034	SIMPLE_AND	NULL	GM12878
ENSG00000177042	SIMPLE_AND	INCONSISTENT	GM12878
ENSG00000177045	SIMPLE_AND	INCONSISTENT	GM12878
ENSG00000177051	SIMPLE_AND	INCONSISTENT	GM12878
ENSG00000177054	SIMPLE_AND	INCONSISTENT	GM12878
ENSG00000177058	NULL	REPRESSED	NEITHER
ENSG00000177076	BIVALENT	INCONSISTENT	NEITHER
ENSG00000177084	COMPLEX	SIMPLE_AND	K562
ENSG00000177096	INCONSISTENT	NULL	NEITHER
ENSG00000177103	INCONSISTENT	NULL	NEITHER
ENSG00000177108	REPRESSED	BIVALENT	NEITHER
ENSG00000177112	BIVALENT	INCONSISTENT	NEITHER
ENSG00000177138	NULL	REPRESSED	NEITHER
ENSG00000177169	SIMPLE_AND	INCONSISTENT	GM12878
ENSG00000177173	REPRESSED	NULL	NEITHER
ENSG00000177181	INCONSISTENT	BIVALENT	NEITHER
ENSG00000177189	BIVALENT	SIMPLE_AND	K562
ENSG00000177197	REPRESSED	NULL	NEITHER
ENSG00000177238	REPRESSED	INCONSISTENT	NEITHER
ENSG00000177272	BIVALENT	NULL	NEITHER
ENSG00000177294	NULL	REPRESSED	NEITHER
ENSG00000177301	INCONSISTENT	NULL	NEITHER
ENSG00000177324	REPRESSED	NULL	NEITHER
ENSG00000177337	SIMPLE_AND	INCONSISTENT	GM12878
ENSG00000177338	NULL	REPRESSED	NEITHER
ENSG00000177354	REPRESSED	INCONSISTENT	NEITHER
ENSG00000177369	INCONSISTENT	BIVALENT	NEITHER
ENSG00000177370	SIMPLE_AND	INCONSISTENT	GM12878
ENSG00000177374	SIMPLE_AND	INCONSISTENT	GM12878
ENSG00000177380	BIVALENT	SIMPLE_AND	K562
ENSG00000177383	SIMPLE_AND	INCONSISTENT	GM12878
ENSG00000177398	INCONSISTENT	REPRESSED	NEITHER
ENSG00000177406	SIMPLE_AND	NULL	GM12878
ENSG00000177409	SIMPLE_AND	INCONSISTENT	GM12878
ENSG00000177425	SIMPLE_AND	NULL	GM12878
ENSG00000177427	SIMPLE_AND	INCONSISTENT	GM12878
ENSG00000177453	INCONSISTENT	NULL	NEITHER
ENSG00000177455	SIMPLE_AND	NULL	GM12878
ENSG00000177459	INCONSISTENT	REPRESSED	NEITHER
ENSG00000177464	REPRESSED	BIVALENT	NEITHER
ENSG00000177465	SIMPLE_OR	NULL	NEITHER
ENSG00000177469	REPRESSED	SIMPLE_AND	K562
ENSG00000177511	REPRESSED	NULL	NEITHER
ENSG00000177519	REPRESSED	NULL	NEITHER
ENSG00000177548	NULL	INCONSISTENT	NEITHER
ENSG00000177551	NULL	REPRESSED	NEITHER
ENSG00000177556	COMPLEX	SIMPLE_AND	K562
ENSG00000177570	SIMPLE_AND	INCONSISTENT	GM12878
ENSG00000177576	SIMPLE_AND	INCONSISTENT	GM12878
ENSG00000177599	SIMPLE_AND	INCONSISTENT	GM12878
ENSG00000177602	SIMPLE_AND	INCONSISTENT	GM12878
ENSG00000177613	SIMPLE_AND	INCONSISTENT	GM12878
ENSG00000177640	SIMPLE_AND	INCONSISTENT	GM12878
ENSG00000177663	SIMPLE_AND	INCONSISTENT	GM12878
ENSG00000177679	NULL	INCONSISTENT	NEITHER
ENSG00000177684	REPRESSED	NULL	NEITHER
ENSG00000177685	SIMPLE_AND	INCONSISTENT	GM12878
ENSG00000177688	REPRESSED	NULL	NEITHER
ENSG00000177689	INCONSISTENT	NULL	NEITHER
ENSG00000177694	NULL	INCONSISTENT	NEITHER
ENSG00000177697	SIMPLE_OR	SIMPLE_AND	K562
ENSG00000177699	INCONSISTENT	NULL	NEITHER
ENSG00000177706	NULL	BIVALENT	NEITHER
ENSG00000177707	REPRESSED	INCONSISTENT	NEITHER
ENSG00000177721	SIMPLE_AND	INCONSISTENT	GM12878
ENSG00000177732	SIMPLE_AND	INCONSISTENT	GM12878
ENSG00000177733	SIMPLE_AND	INCONSISTENT	GM12878
ENSG00000177736	NULL	INCONSISTENT	NEITHER
ENSG00000177738	SIMPLE_AND	INCONSISTENT	GM12878
ENSG00000177757	NULL	INCONSISTENT	NEITHER
ENSG00000177770	NULL	REPRESSED	NEITHER
ENSG00000177791	NULL	REPRESSED	NEITHER
ENSG00000177800	NULL	REPRESSED	NEITHER
ENSG00000177807	BIVALENT	INCONSISTENT	NEITHER
ENSG00000177822	BIVALENT	NULL	NEITHER
ENSG00000177842	SIMPLE_AND	INCONSISTENT	GM12878
ENSG00000177853	COMPLEX	SIMPLE_AND	K562
ENSG00000177854	SIMPLE_AND	INCONSISTENT	GM12878
ENSG00000177868	SIMPLE_AND	INCONSISTENT	GM12878
ENSG00000177873	SIMPLE_AND	INCONSISTENT	GM12878
ENSG00000177875	BIVALENT	INCONSISTENT	NEITHER
ENSG00000177879	COMPLEX	SIMPLE_AND	K562
ENSG00000177888	SIMPLE_AND	INCONSISTENT	GM12878
ENSG00000177943	SIMPLE_AND	INCONSISTENT	GM12878
ENSG00000177946	SIMPLE_AND	INCONSISTENT	GM12878
ENSG00000177971	SIMPLE_OR	SIMPLE_AND	K562
ENSG00000177984	INCONSISTENT	NULL	NEITHER
ENSG00000177989	SIMPLE_AND	INCONSISTENT	GM12878
ENSG00000177990	BIVALENT	NULL	NEITHER
ENSG00000177993	NULL	INCONSISTENT	NEITHER
ENSG00000177994	BIVALENT	INCONSISTENT	NEITHER
ENSG00000178015	INCONSISTENT	NULL	NEITHER
ENSG00000178021	NULL	INCONSISTENT	NEITHER
ENSG00000178026	SIMPLE_OR	INCONSISTENT	NEITHER
ENSG00000178031	REPRESSED	NULL	NEITHER
ENSG00000178055	NULL	REPRESSED	NEITHER
ENSG00000178074	SIMPLE_AND	INCONSISTENT	GM12878
ENSG00000178075	SIMPLE_OR	NULL	NEITHER
ENSG00000178078	SIMPLE_AND	INCONSISTENT	GM12878
ENSG00000178084	NULL	REPRESSED	NEITHER
ENSG00000178093	SIMPLE_AND	INCONSISTENT	GM12878
ENSG00000178096	SIMPLE_AND	INCONSISTENT	GM12878
ENSG00000178125	NULL	INCONSISTENT	NEITHER
ENSG00000178150	INCONSISTENT	NULL	NEITHER
ENSG00000178171	REPRESSED	BIVALENT	NEITHER
ENSG00000178175	INCONSISTENT	NULL	NEITHER
ENSG00000178177	SIMPLE_AND	INCONSISTENT	GM12878
ENSG00000178184	BIVALENT	INCONSISTENT	NEITHER
ENSG00000178199	SIMPLE_AND	REPRESSED	GM12878
ENSG00000178222	NULL	REPRESSED	NEITHER
ENSG00000178226	NULL	INCONSISTENT	NEITHER
ENSG00000178229	SIMPLE_AND	INCONSISTENT	GM12878
ENSG00000178233	REPRESSED	BIVALENT	NEITHER
ENSG00000178235	INCONSISTENT	NULL	NEITHER
ENSG00000178338	SIMPLE_OR	INCONSISTENT	NEITHER
ENSG00000178342	REPRESSED	NULL	NEITHER
ENSG00000178343	BIVALENT	NULL	NEITHER
ENSG00000178381	SIMPLE_AND	INCONSISTENT	GM12878
ENSG00000178385	SIMPLE_AND	INCONSISTENT	GM12878
ENSG00000178386	COMPLEX	INCONSISTENT	NEITHER
ENSG00000178395	NULL	REPRESSED	NEITHER
ENSG00000178403	SIMPLE_AND	BIVALENT	GM12878
ENSG00000178409	SIMPLE_AND	INCONSISTENT	GM12878
ENSG00000178440	SIMPLE_AND	INCONSISTENT	GM12878
ENSG00000178445	SIMPLE_AND	REPRESSED	GM12878
ENSG00000178460	INCONSISTENT	NULL	NEITHER
ENSG00000178462	NULL	INCONSISTENT	NEITHER
ENSG00000178467	SIMPLE_AND	INCONSISTENT	GM12878
ENSG00000178498	SIMPLE_AND	NULL	GM12878
ENSG00000178531	NULL	SIMPLE_AND	K562
ENSG00000178538	REPRESSED	SIMPLE_AND	K562
ENSG00000178562	INCONSISTENT	NULL	NEITHER
ENSG00000178568	REPRESSED	NULL	NEITHER
ENSG00000178573	REPRESSED	BIVALENT	NEITHER
ENSG00000178605	SIMPLE_AND	INCONSISTENT	GM12878
ENSG00000178607	SIMPLE_AND	INCONSISTENT	GM12878
ENSG00000178623	NULL	INCONSISTENT	NEITHER
ENSG00000178645	NULL	BIVALENT	NEITHER
ENSG00000178665	COMPLEX	INCONSISTENT	NEITHER
ENSG00000178685	SIMPLE_OR	NULL	NEITHER
ENSG00000178694	SIMPLE_AND	INCONSISTENT	GM12878
ENSG00000178695	SIMPLE_OR	INCONSISTENT	NEITHER
ENSG00000178700	SIMPLE_AND	INCONSISTENT	GM12878
ENSG00000178723	REPRESSED	NULL	NEITHER
ENSG00000178726	REPRESSED	INCONSISTENT	NEITHER
ENSG00000178732	REPRESSED	NULL	NEITHER
ENSG00000178734	REPRESSED	NULL	NEITHER
ENSG00000178752	REPRESSED	INCONSISTENT	NEITHER
ENSG00000178761	SIMPLE_AND	INCONSISTENT	GM12878
ENSG00000178762	NULL	REPRESSED	NEITHER
ENSG00000178764	SIMPLE_AND	REPRESSED	GM12878
ENSG00000178795	NULL	INCONSISTENT	NEITHER
ENSG00000178814	NULL	SIMPLE_OR	NEITHER
ENSG00000178828	NULL	REPRESSED	NEITHER
ENSG00000178852	SIMPLE_AND	INCONSISTENT	GM12878
ENSG00000178860	SIMPLE_AND	REPRESSED	GM12878
ENSG00000178878	SIMPLE_AND	INCONSISTENT	GM12878
ENSG00000178904	COMPLEX	SIMPLE_AND	K562
ENSG00000178919	REPRESSED	NULL	NEITHER
ENSG00000178922	SIMPLE_AND	INCONSISTENT	GM12878
ENSG00000178935	SIMPLE_AND	INCONSISTENT	GM12878
ENSG00000178947	SIMPLE_OR	INCONSISTENT	NEITHER
ENSG00000178965	COMPLEX	NULL	NEITHER
ENSG00000178966	COMPLEX	SIMPLE_AND	K562
ENSG00000178971	SIMPLE_AND	INCONSISTENT	GM12878
ENSG00000178996	SIMPLE_AND	INCONSISTENT	GM12878
ENSG00000179002	NULL	REPRESSED	NEITHER
ENSG00000179008	REPRESSED	NULL	NEITHER
ENSG00000179023	REPRESSED	NULL	NEITHER
ENSG00000179058	REPRESSED	BIVALENT	NEITHER
ENSG00000179059	REPRESSED	NULL	NEITHER
ENSG00000179066	NULL	INCONSISTENT	NEITHER
ENSG00000179071	NULL	REPRESSED	NEITHER
ENSG00000179083	NULL	INCONSISTENT	NEITHER
ENSG00000179088	SIMPLE_OR	NULL	NEITHER
ENSG00000179097	REPRESSED	INCONSISTENT	NEITHER
ENSG00000179101	NULL	INCONSISTENT	NEITHER
ENSG00000179104	SIMPLE_AND	BIVALENT	GM12878
ENSG00000179111	BIVALENT	INCONSISTENT	NEITHER
ENSG00000179133	REPRESSED	NULL	NEITHER
ENSG00000179141	NULL	REPRESSED	NEITHER
ENSG00000179144	INCONSISTENT	NULL	NEITHER
ENSG00000179148	BIVALENT	INCONSISTENT	NEITHER
ENSG00000179151	COMPLEX	SIMPLE_AND	K562
ENSG00000179157	INCONSISTENT	NULL	NEITHER
ENSG00000179163	SIMPLE_AND	INCONSISTENT	GM12878
ENSG00000179168	REPRESSED	INCONSISTENT	NEITHER
ENSG00000179178	NULL	INCONSISTENT	NEITHER
ENSG00000179240	SIMPLE_OR	INCONSISTENT	NEITHER
ENSG00000179292	BIVALENT	INCONSISTENT	NEITHER
ENSG00000179299	INCONSISTENT	REPRESSED	NEITHER
ENSG00000179331	SIMPLE_AND	INCONSISTENT	GM12878
ENSG00000179344	SIMPLE_AND	NULL	GM12878
ENSG00000179348	REPRESSED	SIMPLE_AND	K562
ENSG00000179388	BIVALENT	INCONSISTENT	NEITHER
ENSG00000179397	INCONSISTENT	COMPLEX	NEITHER
ENSG00000179399	SIMPLE_AND	BIVALENT	GM12878
ENSG00000179403	BIVALENT	INCONSISTENT	NEITHER
ENSG00000179407	NULL	REPRESSED	NEITHER
ENSG00000179428	REPRESSED	INCONSISTENT	NEITHER
ENSG00000179431	SIMPLE_AND	BIVALENT	GM12878
ENSG00000179447	REPRESSED	NULL	NEITHER
ENSG00000179454	REPRESSED	NULL	NEITHER
ENSG00000179455	NULL	SIMPLE_AND	K562
ENSG00000179456	SIMPLE_AND	BIVALENT	GM12878
ENSG00000179476	SIMPLE_AND	INCONSISTENT	GM12878
ENSG00000179520	REPRESSED	NULL	NEITHER
ENSG00000179523	SIMPLE_AND	INCONSISTENT	GM12878
ENSG00000179526	SIMPLE_OR	NULL	NEITHER
ENSG00000179528	SIMPLE_OR	INCONSISTENT	NEITHER
ENSG00000179546	REPRESSED	BIVALENT	NEITHER
ENSG00000179583	SIMPLE_OR	REPRESSED	NEITHER
ENSG00000179588	BIVALENT	SIMPLE_AND	K562
ENSG00000179593	REPRESSED	NULL	NEITHER
ENSG00000179598	SIMPLE_AND	INCONSISTENT	GM12878
ENSG00000179627	SIMPLE_OR	INCONSISTENT	NEITHER
ENSG00000179630	INCONSISTENT	NULL	NEITHER
ENSG00000179636	REPRESSED	INCONSISTENT	NEITHER
ENSG00000179673	REPRESSED	BIVALENT	NEITHER
ENSG00000179698	SIMPLE_OR	INCONSISTENT	NEITHER
ENSG00000179709	NULL	REPRESSED	NEITHER
ENSG00000179715	BIVALENT	INCONSISTENT	NEITHER
ENSG00000179743	SIMPLE_AND	INCONSISTENT	GM12878
ENSG00000179750	INCONSISTENT	COMPLEX	NEITHER
ENSG00000179751	NULL	INCONSISTENT	NEITHER
ENSG00000179761	SIMPLE_AND	INCONSISTENT	GM12878
ENSG00000179772	NULL	INCONSISTENT	NEITHER
ENSG00000179774	BIVALENT	INCONSISTENT	NEITHER
ENSG00000179776	NULL	REPRESSED	NEITHER
ENSG00000179796	REPRESSED	NULL	NEITHER
ENSG00000179820	REPRESSED	SIMPLE_OR	NEITHER
ENSG00000179832	SIMPLE_AND	INCONSISTENT	GM12878
ENSG00000179833	SIMPLE_AND	INCONSISTENT	GM12878
ENSG00000179840	SIMPLE_AND	INCONSISTENT	GM12878
ENSG00000179841	SIMPLE_AND	INCONSISTENT	GM12878
ENSG00000179855	REPRESSED	INCONSISTENT	NEITHER
ENSG00000179859	SIMPLE_AND	INCONSISTENT	GM12878
ENSG00000179862	BIVALENT	INCONSISTENT	NEITHER
ENSG00000179886	SIMPLE_AND	INCONSISTENT	GM12878
ENSG00000179902	BIVALENT	INCONSISTENT	NEITHER
ENSG00000179909	COMPLEX	NULL	NEITHER
ENSG00000179913	REPRESSED	INCONSISTENT	NEITHER
ENSG00000179922	COMPLEX	INCONSISTENT	NEITHER
ENSG00000179934	SIMPLE_AND	NULL	GM12878
ENSG00000179941	SIMPLE_AND	INCONSISTENT	GM12878
ENSG00000179943	SIMPLE_AND	INCONSISTENT	GM12878
ENSG00000179954	NULL	INCONSISTENT	NEITHER
ENSG00000179965	SIMPLE_OR	INCONSISTENT	NEITHER
ENSG00000179981	SIMPLE_AND	INCONSISTENT	GM12878
ENSG00000179988	SIMPLE_AND	INCONSISTENT	GM12878
ENSG00000180008	SIMPLE_AND	INCONSISTENT	GM12878
ENSG00000180015	NULL	INCONSISTENT	NEITHER
ENSG00000180035	SIMPLE_AND	INCONSISTENT	GM12878
ENSG00000180044	BIVALENT	INCONSISTENT	NEITHER
ENSG00000180066	NULL	INCONSISTENT	NEITHER
ENSG00000180071	REPRESSED	NULL	NEITHER
ENSG00000180096	SIMPLE_AND	INCONSISTENT	GM12878
ENSG00000180105	INCONSISTENT	NULL	NEITHER
ENSG00000180116	NULL	INCONSISTENT	NEITHER
ENSG00000180139	SIMPLE_OR	NULL	NEITHER
ENSG00000180150	COMPLEX	NULL	NEITHER
ENSG00000180190	NULL	INCONSISTENT	NEITHER
ENSG00000180210	INCONSISTENT	NULL	NEITHER
ENSG00000180233	SIMPLE_AND	INCONSISTENT	GM12878
ENSG00000180251	REPRESSED	NULL	NEITHER
ENSG00000180264	REPRESSED	INCONSISTENT	NEITHER
ENSG00000180287	REPRESSED	NULL	NEITHER
ENSG00000180318	REPRESSED	NULL	NEITHER
ENSG00000180336	BIVALENT	NULL	NEITHER
ENSG00000180340	SIMPLE_AND	INCONSISTENT	GM12878
ENSG00000180346	SIMPLE_AND	BIVALENT	GM12878
ENSG00000180353	SIMPLE_AND	INCONSISTENT	GM12878
ENSG00000180354	BIVALENT	INCONSISTENT	NEITHER
ENSG00000180385	SIMPLE_AND	INCONSISTENT	GM12878
ENSG00000180389	REPRESSED	NULL	NEITHER
ENSG00000180423	SIMPLE_AND	INCONSISTENT	GM12878
ENSG00000180425	COMPLEX	INCONSISTENT	NEITHER
ENSG00000180432	NULL	REPRESSED	NEITHER
ENSG00000180438	NULL	REPRESSED	NEITHER
ENSG00000180440	NULL	REPRESSED	NEITHER
ENSG00000180448	SIMPLE_AND	INCONSISTENT	GM12878
ENSG00000180458	REPRESSED	INCONSISTENT	NEITHER
ENSG00000180479	SIMPLE_AND	INCONSISTENT	GM12878
ENSG00000180488	SIMPLE_AND	INCONSISTENT	GM12878
ENSG00000180525	NULL	REPRESSED	NEITHER
ENSG00000180532	NULL	REPRESSED	NEITHER
ENSG00000180537	REPRESSED	SIMPLE_AND	K562
ENSG00000180539	BIVALENT	INCONSISTENT	NEITHER
ENSG00000180543	INCONSISTENT	NULL	NEITHER
ENSG00000180592	BIVALENT	INCONSISTENT	NEITHER
ENSG00000180611	SIMPLE_AND	BIVALENT	GM12878
ENSG00000180626	COMPLEX	INCONSISTENT	NEITHER
ENSG00000180644	NULL	SIMPLE_OR	NEITHER
ENSG00000180660	REPRESSED	NULL	NEITHER
ENSG00000180662	INCONSISTENT	NULL	NEITHER
ENSG00000180694	NULL	BIVALENT	NEITHER
ENSG00000180712	SIMPLE_AND	INCONSISTENT	GM12878
ENSG00000180720	BIVALENT	INCONSISTENT	NEITHER
ENSG00000180730	REPRESSED	NULL	NEITHER
ENSG00000180739	REPRESSED	INCONSISTENT	NEITHER
ENSG00000180758	SIMPLE_AND	INCONSISTENT	GM12878
ENSG00000180767	NULL	INCONSISTENT	NEITHER
ENSG00000180769	REPRESSED	INCONSISTENT	NEITHER
ENSG00000180773	SIMPLE_AND	INCONSISTENT	GM12878
ENSG00000180785	NULL	REPRESSED	NEITHER
ENSG00000180787	SIMPLE_AND	NULL	GM12878
ENSG00000180801	INCONSISTENT	NULL	NEITHER
ENSG00000180806	BIVALENT	INCONSISTENT	NEITHER
ENSG00000180818	REPRESSED	INCONSISTENT	NEITHER
ENSG00000180822	REPRESSED	BIVALENT	NEITHER
ENSG00000180828	BIVALENT	NULL	NEITHER
ENSG00000180834	INCONSISTENT	NULL	NEITHER
ENSG00000180855	SIMPLE_AND	INCONSISTENT	GM12878
ENSG00000180867	SIMPLE_AND	INCONSISTENT	GM12878
ENSG00000180875	INCONSISTENT	NULL	NEITHER
ENSG00000180881	SIMPLE_AND	INCONSISTENT	GM12878
ENSG00000180884	SIMPLE_AND	COMPLEX	GM12878
ENSG00000180891	BIVALENT	INCONSISTENT	NEITHER
ENSG00000180914	SIMPLE_OR	REPRESSED	NEITHER
ENSG00000180917	SIMPLE_AND	INCONSISTENT	GM12878
ENSG00000180934	NULL	REPRESSED	NEITHER
ENSG00000180938	COMPLEX	INCONSISTENT	NEITHER
ENSG00000180953	SIMPLE_AND	INCONSISTENT	GM12878
ENSG00000180979	SIMPLE_AND	INCONSISTENT	GM12878
ENSG00000180988	INCONSISTENT	COMPLEX	NEITHER
ENSG00000181007	SIMPLE_AND	INCONSISTENT	GM12878
ENSG00000181027	SIMPLE_AND	INCONSISTENT	GM12878
ENSG00000181031	BIVALENT	INCONSISTENT	NEITHER
ENSG00000181045	SIMPLE_AND	INCONSISTENT	GM12878
ENSG00000181072	REPRESSED	NULL	NEITHER
ENSG00000181085	NULL	INCONSISTENT	NEITHER
ENSG00000181101	NULL	REPRESSED	NEITHER
ENSG00000181104	BIVALENT	SIMPLE_AND	K562
ENSG00000181123	NULL	REPRESSED	NEITHER
ENSG00000181126	BIVALENT	REPRESSED	NEITHER
ENSG00000181135	SIMPLE_AND	INCONSISTENT	GM12878
ENSG00000181191	SIMPLE_AND	INCONSISTENT	GM12878
ENSG00000181195	REPRESSED	NULL	NEITHER
ENSG00000181211	NULL	REPRESSED	NEITHER
ENSG00000181214	NULL	INCONSISTENT	NEITHER
ENSG00000181227	SIMPLE_OR	NULL	NEITHER
ENSG00000181274	BIVALENT	INCONSISTENT	NEITHER
ENSG00000181284	SIMPLE_AND	INCONSISTENT	GM12878
ENSG00000181291	REPRESSED	NULL	NEITHER
ENSG00000181322	REPRESSED	INCONSISTENT	NEITHER
ENSG00000181350	BIVALENT	INCONSISTENT	NEITHER
ENSG00000181374	REPRESSED	NULL	NEITHER
ENSG00000181378	REPRESSED	NULL	NEITHER
ENSG00000181381	NULL	INCONSISTENT	NEITHER
ENSG00000181392	SIMPLE_OR	NULL	NEITHER
ENSG00000181408	REPRESSED	INCONSISTENT	NEITHER
ENSG00000181409	NULL	REPRESSED	NEITHER
ENSG00000181418	SIMPLE_AND	INCONSISTENT	GM12878
ENSG00000181449	REPRESSED	NULL	NEITHER
ENSG00000181450	COMPLEX	SIMPLE_AND	K562
ENSG00000181458	SIMPLE_AND	INCONSISTENT	GM12878
ENSG00000181472	SIMPLE_AND	INCONSISTENT	GM12878
ENSG00000181481	COMPLEX	NULL	NEITHER
ENSG00000181513	SIMPLE_OR	INCONSISTENT	NEITHER
ENSG00000181523	SIMPLE_AND	INCONSISTENT	GM12878
ENSG00000181541	NULL	REPRESSED	NEITHER
ENSG00000181577	SIMPLE_AND	INCONSISTENT	GM12878
ENSG00000181588	INCONSISTENT	SIMPLE_OR	NEITHER
ENSG00000181619	SIMPLE_OR	NULL	NEITHER
ENSG00000181638	SIMPLE_AND	INCONSISTENT	GM12878
ENSG00000181649	BIVALENT	SIMPLE_AND	K562
ENSG00000181652	NULL	INCONSISTENT	NEITHER
ENSG00000181656	BIVALENT	NULL	NEITHER
ENSG00000181690	SIMPLE_AND	BIVALENT	GM12878
ENSG00000181704	SIMPLE_AND	INCONSISTENT	GM12878
ENSG00000181722	SIMPLE_AND	INCONSISTENT	GM12878
ENSG00000181733	REPRESSED	NULL	NEITHER
ENSG00000181741	REPRESSED	NULL	NEITHER
ENSG00000181751	SIMPLE_AND	INCONSISTENT	GM12878
ENSG00000181754	INCONSISTENT	BIVALENT	NEITHER
ENSG00000181790	REPRESSED	NULL	NEITHER
ENSG00000181798	SIMPLE_AND	INCONSISTENT	GM12878
ENSG00000181800	INCONSISTENT	NULL	NEITHER
ENSG00000181804	SIMPLE_AND	NULL	GM12878
ENSG00000181826	SIMPLE_AND	INCONSISTENT	GM12878
ENSG00000181837	REPRESSED	NULL	NEITHER
ENSG00000181873	SIMPLE_AND	INCONSISTENT	GM12878
ENSG00000181885	REPRESSED	INCONSISTENT	NEITHER
ENSG00000181894	SIMPLE_OR	INCONSISTENT	NEITHER
ENSG00000181896	SIMPLE_AND	INCONSISTENT	GM12878
ENSG00000181908	INCONSISTENT	BIVALENT	NEITHER
ENSG00000181958	REPRESSED	NULL	NEITHER
ENSG00000181965	REPRESSED	NULL	NEITHER
ENSG00000182010	BIVALENT	INCONSISTENT	NEITHER
ENSG00000182013	BIVALENT	INCONSISTENT	NEITHER
ENSG00000182022	BIVALENT	NULL	NEITHER
ENSG00000182035	NULL	REPRESSED	NEITHER
ENSG00000182040	REPRESSED	BIVALENT	NEITHER
ENSG00000182057	SIMPLE_AND	INCONSISTENT	GM12878
ENSG00000182070	NULL	INCONSISTENT	NEITHER
ENSG00000182093	NULL	SIMPLE_OR	NEITHER
ENSG00000182095	BIVALENT	SIMPLE_AND	K562
ENSG00000182103	REPRESSED	INCONSISTENT	NEITHER
ENSG00000182107	REPRESSED	NULL	NEITHER
ENSG00000182108	COMPLEX	SIMPLE_AND	K562
ENSG00000182118	INCONSISTENT	SIMPLE_AND	K562
ENSG00000182134	COMPLEX	INCONSISTENT	NEITHER
ENSG00000182141	COMPLEX	INCONSISTENT	NEITHER
ENSG00000182156	SIMPLE_AND	NULL	GM12878
ENSG00000182162	SIMPLE_AND	NULL	GM12878
ENSG00000182165	SIMPLE_AND	INCONSISTENT	GM12878
ENSG00000182168	BIVALENT	NULL	NEITHER
ENSG00000182175	REPRESSED	NULL	NEITHER
ENSG00000182179	SIMPLE_AND	NULL	GM12878
ENSG00000182183	REPRESSED	INCONSISTENT	NEITHER
ENSG00000182185	SIMPLE_AND	INCONSISTENT	GM12878
ENSG00000182197	SIMPLE_OR	NULL	NEITHER
ENSG00000182223	REPRESSED	NULL	NEITHER
ENSG00000182224	SIMPLE_AND	INCONSISTENT	GM12878
ENSG00000182240	BIVALENT	NULL	NEITHER
ENSG00000182247	SIMPLE_AND	INCONSISTENT	GM12878
ENSG00000182253	NULL	REPRESSED	NEITHER
ENSG00000182255	REPRESSED	NULL	NEITHER
ENSG00000182257	INCONSISTENT	NULL	NEITHER
ENSG00000182263	REPRESSED	NULL	NEITHER
ENSG00000182264	NULL	INCONSISTENT	NEITHER
ENSG00000182272	NULL	INCONSISTENT	NEITHER
ENSG00000182310	REPRESSED	INCONSISTENT	NEITHER
ENSG00000182318	SIMPLE_AND	INCONSISTENT	GM12878
ENSG00000182325	SIMPLE_AND	INCONSISTENT	GM12878
ENSG00000182329	NULL	REPRESSED	NEITHER
ENSG00000182348	NULL	INCONSISTENT	NEITHER
ENSG00000182359	SIMPLE_AND	INCONSISTENT	GM12878
ENSG00000182362	SIMPLE_AND	INCONSISTENT	GM12878
ENSG00000182366	NULL	REPRESSED	NEITHER
ENSG00000182372	NULL	INCONSISTENT	NEITHER
ENSG00000182378	SIMPLE_OR	SIMPLE_AND	K562
ENSG00000182389	BIVALENT	REPRESSED	NEITHER
ENSG00000182393	NULL	REPRESSED	NEITHER
ENSG00000182405	SIMPLE_AND	INCONSISTENT	GM12878
ENSG00000182446	REPRESSED	COMPLEX	NEITHER
ENSG00000182450	REPRESSED	NULL	NEITHER
ENSG00000182459	NULL	INCONSISTENT	NEITHER
ENSG00000182463	BIVALENT	INCONSISTENT	NEITHER
ENSG00000182473	SIMPLE_AND	SIMPLE_OR	GM12878
ENSG00000182489	SIMPLE_OR	BIVALENT	NEITHER
ENSG00000182504	SIMPLE_AND	INCONSISTENT	GM12878
ENSG00000182508	SIMPLE_AND	NULL	GM12878
ENSG00000182511	SIMPLE_AND	INCONSISTENT	GM12878
ENSG00000182518	SIMPLE_AND	INCONSISTENT	GM12878
ENSG00000182533	NULL	REPRESSED	NEITHER
ENSG00000182534	BIVALENT	SIMPLE_AND	K562
ENSG00000182541	SIMPLE_AND	INCONSISTENT	GM12878
ENSG00000182552	SIMPLE_AND	INCONSISTENT	GM12878
ENSG00000182557	INCONSISTENT	NULL	NEITHER
ENSG00000182568	REPRESSED	NULL	NEITHER
ENSG00000182575	BIVALENT	INCONSISTENT	NEITHER
ENSG00000182578	NULL	INCONSISTENT	NEITHER
ENSG00000182586	NULL	REPRESSED	NEITHER
ENSG00000182601	REPRESSED	NULL	NEITHER
ENSG00000182612	SIMPLE_AND	INCONSISTENT	GM12878
ENSG00000182631	INCONSISTENT	REPRESSED	NEITHER
ENSG00000182667	REPRESSED	NULL	NEITHER
ENSG00000182685	SIMPLE_OR	INCONSISTENT	NEITHER
ENSG00000182704	BIVALENT	SIMPLE_AND	K562
ENSG00000182712	SIMPLE_AND	INCONSISTENT	GM12878
ENSG00000182732	BIVALENT	REPRESSED	NEITHER
ENSG00000182742	SIMPLE_AND	INCONSISTENT	GM12878
ENSG00000182747	BIVALENT	INCONSISTENT	NEITHER
ENSG00000182749	BIVALENT	INCONSISTENT	NEITHER
ENSG00000182752	REPRESSED	INCONSISTENT	NEITHER
ENSG00000182759	REPRESSED	INCONSISTENT	NEITHER
ENSG00000182771	REPRESSED	NULL	NEITHER
ENSG00000182782	NULL	REPRESSED	NEITHER
ENSG00000182795	NULL	INCONSISTENT	NEITHER
ENSG00000182796	SIMPLE_AND	INCONSISTENT	GM12878
ENSG00000182836	REPRESSED	NULL	NEITHER
ENSG00000182853	REPRESSED	NULL	NEITHER
ENSG00000182858	SIMPLE_AND	INCONSISTENT	GM12878
ENSG00000182866	SIMPLE_AND	NULL	GM12878
ENSG00000182870	NULL	REPRESSED	NEITHER
ENSG00000182871	REPRESSED	SIMPLE_AND	K562
ENSG00000182885	NULL	INCONSISTENT	NEITHER
ENSG00000182890	NULL	INCONSISTENT	NEITHER
ENSG00000182901	REPRESSED	NULL	NEITHER
ENSG00000182902	NULL	REPRESSED	NEITHER
ENSG00000182912	NULL	INCONSISTENT	NEITHER
ENSG00000182923	SIMPLE_AND	INCONSISTENT	GM12878
ENSG00000182938	REPRESSED	NULL	NEITHER
ENSG00000182957	SIMPLE_OR	NULL	NEITHER
ENSG00000182983	NULL	REPRESSED	NEITHER
ENSG00000182985	REPRESSED	NULL	NEITHER
ENSG00000183018	REPRESSED	NULL	NEITHER
ENSG00000183022	REPRESSED	NULL	NEITHER
ENSG00000183032	NULL	SIMPLE_AND	K562
ENSG00000183034	REPRESSED	BIVALENT	NEITHER
ENSG00000183036	NULL	REPRESSED	NEITHER
ENSG00000183044	SIMPLE_OR	INCONSISTENT	NEITHER
ENSG00000183049	SIMPLE_AND	BIVALENT	GM12878
ENSG00000183060	SIMPLE_AND	BIVALENT	GM12878
ENSG00000183066	SIMPLE_AND	NULL	GM12878
ENSG00000183087	REPRESSED	INCONSISTENT	NEITHER
ENSG00000183092	SIMPLE_OR	INCONSISTENT	NEITHER
ENSG00000183098	NULL	BIVALENT	NEITHER
ENSG00000183114	REPRESSED	BIVALENT	NEITHER
ENSG00000183134	NULL	INCONSISTENT	NEITHER
ENSG00000183145	BIVALENT	NULL	NEITHER
ENSG00000183148	NULL	INCONSISTENT	NEITHER
ENSG00000183150	SIMPLE_AND	INCONSISTENT	GM12878
ENSG00000183155	SIMPLE_AND	INCONSISTENT	GM12878
ENSG00000183161	SIMPLE_AND	INCONSISTENT	GM12878
ENSG00000183166	NULL	REPRESSED	NEITHER
ENSG00000183169	NULL	REPRESSED	NEITHER
ENSG00000183172	SIMPLE_AND	INCONSISTENT	GM12878
ENSG00000183186	REPRESSED	BIVALENT	NEITHER
ENSG00000183196	SIMPLE_OR	BIVALENT	NEITHER
ENSG00000183208	SIMPLE_AND	INCONSISTENT	GM12878
ENSG00000183230	SIMPLE_AND	INCONSISTENT	GM12878
ENSG00000183242	REPRESSED	INCONSISTENT	NEITHER
ENSG00000183248	NULL	INCONSISTENT	NEITHER
ENSG00000183307	REPRESSED	BIVALENT	NEITHER
ENSG00000183308	SIMPLE_AND	INCONSISTENT	GM12878
ENSG00000183309	SIMPLE_AND	INCONSISTENT	GM12878
ENSG00000183318	REPRESSED	NULL	NEITHER
ENSG00000183323	SIMPLE_AND	INCONSISTENT	GM12878
ENSG00000183340	SIMPLE_AND	INCONSISTENT	GM12878
ENSG00000183346	REPRESSED	NULL	NEITHER
ENSG00000183347	SIMPLE_OR	NULL	NEITHER
ENSG00000183354	SIMPLE_AND	INCONSISTENT	GM12878
ENSG00000183379	REPRESSED	NULL	NEITHER
ENSG00000183395	INCONSISTENT	NULL	NEITHER
ENSG00000183397	NULL	INCONSISTENT	NEITHER
ENSG00000183401	SIMPLE_AND	INCONSISTENT	GM12878
ENSG00000183432	INCONSISTENT	NULL	NEITHER
ENSG00000183439	SIMPLE_AND	NULL	GM12878
ENSG00000183454	SIMPLE_OR	NULL	NEITHER
ENSG00000183458	NULL	INCONSISTENT	NEITHER
ENSG00000183470	NULL	REPRESSED	NEITHER
ENSG00000183475	SIMPLE_AND	INCONSISTENT	GM12878
ENSG00000183484	SIMPLE_AND	NULL	GM12878
ENSG00000183486	SIMPLE_AND	REPRESSED	GM12878
ENSG00000183496	BIVALENT	INCONSISTENT	NEITHER
ENSG00000183508	BIVALENT	SIMPLE_AND	K562
ENSG00000183513	COMPLEX	SIMPLE_AND	K562
ENSG00000183514	REPRESSED	NULL	NEITHER
ENSG00000183520	NULL	SIMPLE_OR	NEITHER
ENSG00000183549	INCONSISTENT	NULL	NEITHER
ENSG00000183566	NULL	REPRESSED	NEITHER
ENSG00000183570	SIMPLE_OR	INCONSISTENT	NEITHER
ENSG00000183579	BIVALENT	INCONSISTENT	NEITHER
ENSG00000183580	BIVALENT	NULL	NEITHER
ENSG00000183597	BIVALENT	SIMPLE_AND	K562
ENSG00000183617	SIMPLE_AND	INCONSISTENT	GM12878
ENSG00000183621	SIMPLE_AND	INCONSISTENT	GM12878
ENSG00000183638	NULL	INCONSISTENT	NEITHER
ENSG00000183647	SIMPLE_AND	INCONSISTENT	GM12878
ENSG00000183655	COMPLEX	BIVALENT	NEITHER
ENSG00000183662	REPRESSED	NULL	NEITHER
ENSG00000183682	INCONSISTENT	BIVALENT	NEITHER
ENSG00000183690	NULL	INCONSISTENT	NEITHER
ENSG00000183691	REPRESSED	BIVALENT	NEITHER
ENSG00000183696	SIMPLE_AND	BIVALENT	GM12878
ENSG00000183715	REPRESSED	NULL	NEITHER
ENSG00000183718	SIMPLE_AND	INCONSISTENT	GM12878
ENSG00000183723	BIVALENT	SIMPLE_AND	K562
ENSG00000183734	NULL	INCONSISTENT	NEITHER
ENSG00000183735	COMPLEX	INCONSISTENT	NEITHER
ENSG00000183742	SIMPLE_AND	SIMPLE_OR	GM12878
ENSG00000183762	BIVALENT	INCONSISTENT	NEITHER
ENSG00000183763	SIMPLE_AND	INCONSISTENT	GM12878
ENSG00000183770	REPRESSED	INCONSISTENT	NEITHER
ENSG00000183773	NULL	INCONSISTENT	NEITHER
ENSG00000183785	COMPLEX	NULL	NEITHER
ENSG00000183807	REPRESSED	NULL	NEITHER
ENSG00000183826	SIMPLE_AND	INCONSISTENT	GM12878
ENSG00000183828	SIMPLE_OR	INCONSISTENT	NEITHER
ENSG00000183831	REPRESSED	INCONSISTENT	NEITHER
ENSG00000183833	COMPLEX	NULL	NEITHER
ENSG00000183837	NULL	INCONSISTENT	NEITHER
ENSG00000183840	NULL	REPRESSED	NEITHER
ENSG00000183844	REPRESSED	NULL	NEITHER
ENSG00000183850	NULL	INCONSISTENT	NEITHER
ENSG00000183853	REPRESSED	NULL	NEITHER
ENSG00000183856	SIMPLE_OR	INCONSISTENT	NEITHER
ENSG00000183864	SIMPLE_AND	INCONSISTENT	GM12878
ENSG00000183873	REPRESSED	BIVALENT	NEITHER
ENSG00000183876	NULL	REPRESSED	NEITHER
ENSG00000183908	REPRESSED	NULL	NEITHER
ENSG00000183914	BIVALENT	INCONSISTENT	NEITHER
ENSG00000183929	REPRESSED	BIVALENT	NEITHER
ENSG00000183935	BIVALENT	INCONSISTENT	NEITHER
ENSG00000183960	BIVALENT	INCONSISTENT	NEITHER
ENSG00000183963	SIMPLE_OR	INCONSISTENT	NEITHER
ENSG00000183977	NULL	INCONSISTENT	NEITHER
ENSG00000184014	BIVALENT	SIMPLE_AND	K562
ENSG00000184029	NULL	INCONSISTENT	NEITHER
ENSG00000184058	REPRESSED	BIVALENT	NEITHER
ENSG00000184060	SIMPLE_AND	INCONSISTENT	GM12878
ENSG00000184068	SIMPLE_AND	INCONSISTENT	GM12878
ENSG00000184083	SIMPLE_AND	INCONSISTENT	GM12878
ENSG00000184100	NULL	REPRESSED	NEITHER
ENSG00000184106	REPRESSED	NULL	NEITHER
ENSG00000184111	COMPLEX	INCONSISTENT	NEITHER
ENSG00000184113	NULL	REPRESSED	NEITHER
ENSG00000184148	NULL	REPRESSED	NEITHER
ENSG00000184155	REPRESSED	NULL	NEITHER
ENSG00000184156	REPRESSED	NULL	NEITHER
ENSG00000184160	NULL	BIVALENT	NEITHER
ENSG00000184162	SIMPLE_AND	INCONSISTENT	GM12878
ENSG00000184163	REPRESSED	NULL	NEITHER
ENSG00000184164	SIMPLE_AND	INCONSISTENT	GM12878
ENSG00000184185	REPRESSED	INCONSISTENT	NEITHER
ENSG00000184205	COMPLEX	INCONSISTENT	NEITHER
ENSG00000184208	SIMPLE_AND	INCONSISTENT	GM12878
ENSG00000184221	REPRESSED	NULL	NEITHER
ENSG00000184226	BIVALENT	INCONSISTENT	NEITHER
ENSG00000184232	SIMPLE_OR	BIVALENT	NEITHER
ENSG00000184254	REPRESSED	NULL	NEITHER
ENSG00000184261	REPRESSED	BIVALENT	NEITHER
ENSG00000184271	SIMPLE_AND	INCONSISTENT	GM12878
ENSG00000184274	NULL	BIVALENT	NEITHER
ENSG00000184292	SIMPLE_AND	NULL	GM12878
ENSG00000184293	INCONSISTENT	NULL	NEITHER
ENSG00000184302	REPRESSED	NULL	NEITHER
ENSG00000184305	INCONSISTENT	NULL	NEITHER
ENSG00000184307	SIMPLE_OR	BIVALENT	NEITHER
ENSG00000184349	BIVALENT	INCONSISTENT	NEITHER
ENSG00000184350	NULL	INCONSISTENT	NEITHER
ENSG00000184357	SIMPLE_AND	SIMPLE_OR	GM12878
ENSG00000184361	INCONSISTENT	NULL	NEITHER
ENSG00000184363	NULL	SIMPLE_AND	K562
ENSG00000184381	SIMPLE_AND	SIMPLE_OR	GM12878
ENSG00000184384	SIMPLE_AND	INCONSISTENT	GM12878
ENSG00000184385	NULL	REPRESSED	NEITHER
ENSG00000184389	NULL	REPRESSED	NEITHER
ENSG00000184408	SIMPLE_AND	NULL	GM12878
ENSG00000184414	NULL	INCONSISTENT	NEITHER
ENSG00000184432	COMPLEX	SIMPLE_AND	K562
ENSG00000184451	SIMPLE_AND	NULL	GM12878
ENSG00000184481	SIMPLE_AND	INCONSISTENT	GM12878
ENSG00000184486	BIVALENT	INCONSISTENT	NEITHER
ENSG00000184497	BIVALENT	INCONSISTENT	NEITHER
ENSG00000184500	INCONSISTENT	SIMPLE_AND	K562
ENSG00000184502	NULL	REPRESSED	NEITHER
ENSG00000184515	NULL	INCONSISTENT	NEITHER
ENSG00000184524	INCONSISTENT	NULL	NEITHER
ENSG00000184530	REPRESSED	NULL	NEITHER
ENSG00000184545	BIVALENT	INCONSISTENT	NEITHER
ENSG00000184566	NULL	INCONSISTENT	NEITHER
ENSG00000184571	NULL	REPRESSED	NEITHER
ENSG00000184599	REPRESSED	NULL	NEITHER
ENSG00000184602	SIMPLE_AND	INCONSISTENT	GM12878
ENSG00000184611	REPRESSED	NULL	NEITHER
ENSG00000184612	NULL	REPRESSED	NEITHER
ENSG00000184619	SIMPLE_AND	INCONSISTENT	GM12878
ENSG00000184669	REPRESSED	NULL	NEITHER
ENSG00000184672	REPRESSED	NULL	NEITHER
ENSG00000184675	SIMPLE_AND	INCONSISTENT	GM12878
ENSG00000184677	SIMPLE_OR	SIMPLE_AND	K562
ENSG00000184702	NULL	SIMPLE_AND	K562
ENSG00000184709	BIVALENT	INCONSISTENT	NEITHER
ENSG00000184719	SIMPLE_AND	NULL	GM12878
ENSG00000184731	REPRESSED	NULL	NEITHER
ENSG00000184735	NULL	INCONSISTENT	NEITHER
ENSG00000184774	NULL	REPRESSED	NEITHER
ENSG00000184785	NULL	INCONSISTENT	NEITHER
ENSG00000184786	SIMPLE_AND	INCONSISTENT	GM12878
ENSG00000184809	NULL	REPRESSED	NEITHER
ENSG00000184828	BIVALENT	INCONSISTENT	NEITHER
ENSG00000184838	REPRESSED	INCONSISTENT	NEITHER
ENSG00000184857	SIMPLE_AND	INCONSISTENT	GM12878
ENSG00000184860	SIMPLE_OR	INCONSISTENT	NEITHER
ENSG00000184867	SIMPLE_OR	INCONSISTENT	NEITHER
ENSG00000184887	SIMPLE_AND	NULL	GM12878
ENSG00000184898	SIMPLE_AND	INCONSISTENT	GM12878
ENSG00000184916	REPRESSED	SIMPLE_AND	K562
ENSG00000184924	SIMPLE_AND	INCONSISTENT	GM12878
ENSG00000184937	REPRESSED	SIMPLE_AND	K562
ENSG00000184939	SIMPLE_OR	INCONSISTENT	NEITHER
ENSG00000184949	SIMPLE_AND	INCONSISTENT	GM12878
ENSG00000184979	SIMPLE_AND	BIVALENT	GM12878
ENSG00000184983	COMPLEX	SIMPLE_AND	K562
ENSG00000184985	REPRESSED	NULL	NEITHER
ENSG00000184986	SIMPLE_OR	INCONSISTENT	NEITHER
ENSG00000184988	SIMPLE_AND	NULL	GM12878
ENSG00000185002	REPRESSED	BIVALENT	NEITHER
ENSG00000185010	SIMPLE_AND	INCONSISTENT	GM12878
ENSG00000185015	SIMPLE_AND	INCONSISTENT	GM12878
ENSG00000185019	SIMPLE_AND	INCONSISTENT	GM12878
ENSG00000185022	SIMPLE_AND	INCONSISTENT	GM12878
ENSG00000185024	SIMPLE_OR	INCONSISTENT	NEITHER
ENSG00000185028	NULL	REPRESSED	NEITHER
ENSG00000185049	BIVALENT	SIMPLE_OR	NEITHER
ENSG00000185052	REPRESSED	NULL	NEITHER
ENSG00000185053	NULL	INCONSISTENT	NEITHER
ENSG00000185055	NULL	INCONSISTENT	NEITHER
ENSG00000185065	SIMPLE_AND	INCONSISTENT	GM12878
ENSG00000185069	NULL	REPRESSED	NEITHER
ENSG00000185090	SIMPLE_OR	BIVALENT	NEITHER
ENSG00000185101	SIMPLE_AND	INCONSISTENT	GM12878
ENSG00000185115	SIMPLE_AND	INCONSISTENT	GM12878
ENSG00000185129	SIMPLE_AND	INCONSISTENT	GM12878
ENSG00000185133	NULL	INCONSISTENT	NEITHER
ENSG00000185149	REPRESSED	NULL	NEITHER
ENSG00000185158	SIMPLE_AND	INCONSISTENT	GM12878
ENSG00000185163	SIMPLE_AND	INCONSISTENT	GM12878
ENSG00000185168	NULL	INCONSISTENT	NEITHER
ENSG00000185187	SIMPLE_OR	NULL	NEITHER
ENSG00000185189	SIMPLE_AND	INCONSISTENT	GM12878
ENSG00000185198	NULL	INCONSISTENT	NEITHER
ENSG00000185220	SIMPLE_AND	INCONSISTENT	GM12878
ENSG00000185245	INCONSISTENT	NULL	NEITHER
ENSG00000185246	SIMPLE_AND	INCONSISTENT	GM12878
ENSG00000185261	SIMPLE_AND	INCONSISTENT	GM12878
ENSG00000185269	REPRESSED	INCONSISTENT	NEITHER
ENSG00000185272	COMPLEX	INCONSISTENT	NEITHER
ENSG00000185278	SIMPLE_AND	INCONSISTENT	GM12878
ENSG00000185291	SIMPLE_AND	NULL	GM12878
ENSG00000185298	SIMPLE_AND	INCONSISTENT	GM12878
ENSG00000185304	NULL	INCONSISTENT	NEITHER
ENSG00000185338	SIMPLE_AND	INCONSISTENT	GM12878
ENSG00000185339	SIMPLE_AND	INCONSISTENT	GM12878
ENSG00000185340	BIVALENT	INCONSISTENT	NEITHER
ENSG00000185347	SIMPLE_AND	INCONSISTENT	GM12878
ENSG00000185352	REPRESSED	BIVALENT	NEITHER
ENSG00000185361	SIMPLE_AND	INCONSISTENT	GM12878
ENSG00000185372	NULL	INCONSISTENT	NEITHER
ENSG00000185379	SIMPLE_AND	INCONSISTENT	GM12878
ENSG00000185386	SIMPLE_OR	INCONSISTENT	NEITHER
ENSG00000185404	SIMPLE_AND	INCONSISTENT	GM12878
ENSG00000185418	SIMPLE_AND	INCONSISTENT	GM12878
ENSG00000185432	SIMPLE_AND	INCONSISTENT	GM12878
ENSG00000185433	SIMPLE_OR	NULL	NEITHER
ENSG00000185436	SIMPLE_AND	REPRESSED	GM12878
ENSG00000185442	SIMPLE_AND	INCONSISTENT	GM12878
ENSG00000185453	SIMPLE_AND	INCONSISTENT	GM12878
ENSG00000185467	NULL	REPRESSED	NEITHER
ENSG00000185477	REPRESSED	NULL	NEITHER
ENSG00000185479	REPRESSED	NULL	NEITHER
ENSG00000185482	SIMPLE_OR	INCONSISTENT	NEITHER
ENSG00000185483	BIVALENT	NULL	NEITHER
ENSG00000185495	NULL	INCONSISTENT	NEITHER
ENSG00000185499	INCONSISTENT	SIMPLE_AND	K562
ENSG00000185507	SIMPLE_AND	INCONSISTENT	GM12878
ENSG00000185518	SIMPLE_OR	REPRESSED	NEITHER
ENSG00000185519	REPRESSED	INCONSISTENT	NEITHER
ENSG00000185522	SIMPLE_AND	INCONSISTENT	GM12878
ENSG00000185532	NULL	INCONSISTENT	NEITHER
ENSG00000185551	BIVALENT	SIMPLE_AND	K562
ENSG00000185559	NULL	SIMPLE_OR	NEITHER
ENSG00000185567	REPRESSED	INCONSISTENT	NEITHER
ENSG00000185585	BIVALENT	INCONSISTENT	NEITHER
ENSG00000185591	COMPLEX	SIMPLE_AND	K562
ENSG00000185610	REPRESSED	NULL	NEITHER
ENSG00000185614	SIMPLE_AND	INCONSISTENT	GM12878
ENSG00000185615	NULL	INCONSISTENT	NEITHER
ENSG00000185621	SIMPLE_AND	INCONSISTENT	GM12878
ENSG00000185633	BIVALENT	INCONSISTENT	NEITHER
ENSG00000185634	REPRESSED	BIVALENT	NEITHER
ENSG00000185640	REPRESSED	COMPLEX	NEITHER
ENSG00000185652	REPRESSED	NULL	NEITHER
ENSG00000185658	NULL	SIMPLE_OR	NEITHER
ENSG00000185662	NULL	REPRESSED	NEITHER
ENSG00000185669	SIMPLE_OR	INCONSISTENT	NEITHER
ENSG00000185670	SIMPLE_AND	INCONSISTENT	GM12878
ENSG00000185686	NULL	SIMPLE_AND	K562
ENSG00000185716	SIMPLE_AND	INCONSISTENT	GM12878
ENSG00000185721	COMPLEX	SIMPLE_AND	K562
ENSG00000185730	SIMPLE_AND	INCONSISTENT	GM12878
ENSG00000185736	SIMPLE_AND	REPRESSED	GM12878
ENSG00000185739	NULL	COMPLEX	NEITHER
ENSG00000185742	REPRESSED	NULL	NEITHER
ENSG00000185745	SIMPLE_AND	INCONSISTENT	GM12878
ENSG00000185753	SIMPLE_AND	INCONSISTENT	GM12878
ENSG00000185760	SIMPLE_AND	INCONSISTENT	GM12878
ENSG00000185761	INCONSISTENT	SIMPLE_AND	K562
ENSG00000185798	SIMPLE_AND	INCONSISTENT	GM12878
ENSG00000185803	NULL	SIMPLE_OR	NEITHER
ENSG00000185818	NULL	INCONSISTENT	NEITHER
ENSG00000185837	SIMPLE_AND	INCONSISTENT	GM12878
ENSG00000185862	SIMPLE_AND	INCONSISTENT	GM12878
ENSG00000185863	BIVALENT	NULL	NEITHER
ENSG00000185869	COMPLEX	NULL	NEITHER
ENSG00000185875	SIMPLE_AND	INCONSISTENT	GM12878
ENSG00000185880	SIMPLE_AND	INCONSISTENT	GM12878
ENSG00000185904	NULL	INCONSISTENT	NEITHER
ENSG00000185905	SIMPLE_AND	NULL	GM12878
ENSG00000185909	SIMPLE_OR	SIMPLE_AND	K562
ENSG00000185920	NULL	SIMPLE_AND	K562
ENSG00000185924	BIVALENT	INCONSISTENT	NEITHER
ENSG00000185940	NULL	REPRESSED	NEITHER
ENSG00000185942	REPRESSED	NULL	NEITHER
ENSG00000185946	SIMPLE_AND	INCONSISTENT	GM12878
ENSG00000185950	COMPLEX	INCONSISTENT	NEITHER
ENSG00000185963	SIMPLE_AND	INCONSISTENT	GM12878
ENSG00000185986	SIMPLE_AND	INCONSISTENT	GM12878
ENSG00000185988	NULL	INCONSISTENT	NEITHER
ENSG00000186007	REPRESSED	BIVALENT	NEITHER
ENSG00000186017	SIMPLE_AND	INCONSISTENT	GM12878
ENSG00000186020	SIMPLE_AND	NULL	GM12878
ENSG00000186026	COMPLEX	INCONSISTENT	NEITHER
ENSG00000186049	NULL	REPRESSED	NEITHER
ENSG00000186051	INCONSISTENT	NULL	NEITHER
ENSG00000186056	SIMPLE_AND	INCONSISTENT	GM12878
ENSG00000186074	NULL	REPRESSED	NEITHER
ENSG00000186075	INCONSISTENT	NULL	NEITHER
ENSG00000186088	SIMPLE_AND	REPRESSED	GM12878
ENSG00000186094	NULL	INCONSISTENT	NEITHER
ENSG00000186130	SIMPLE_AND	INCONSISTENT	GM12878
ENSG00000186132	SIMPLE_AND	INCONSISTENT	GM12878
ENSG00000186141	COMPLEX	SIMPLE_AND	K562
ENSG00000186152	NULL	INCONSISTENT	NEITHER
ENSG00000186153	SIMPLE_AND	INCONSISTENT	GM12878
ENSG00000186162	SIMPLE_AND	INCONSISTENT	GM12878
ENSG00000186166	SIMPLE_AND	INCONSISTENT	GM12878
ENSG00000186174	SIMPLE_AND	INCONSISTENT	GM12878
ENSG00000186187	SIMPLE_OR	SIMPLE_AND	K562
ENSG00000186188	REPRESSED	NULL	NEITHER
ENSG00000186190	NULL	REPRESSED	NEITHER
ENSG00000186197	NULL	COMPLEX	NEITHER
ENSG00000186212	INCONSISTENT	REPRESSED	NEITHER
ENSG00000186222	COMPLEX	SIMPLE_AND	K562
ENSG00000186235	BIVALENT	INCONSISTENT	NEITHER
ENSG00000186260	SIMPLE_AND	INCONSISTENT	GM12878
ENSG00000186265	SIMPLE_AND	NULL	GM12878
ENSG00000186268	NULL	INCONSISTENT	NEITHER
ENSG00000186272	SIMPLE_AND	INCONSISTENT	GM12878
ENSG00000186280	SIMPLE_AND	INCONSISTENT	GM12878
ENSG00000186297	NULL	REPRESSED	NEITHER
ENSG00000186300	SIMPLE_AND	INCONSISTENT	GM12878
ENSG00000186310	NULL	INCONSISTENT	NEITHER
ENSG00000186312	SIMPLE_OR	NULL	NEITHER
ENSG00000186314	INCONSISTENT	SIMPLE_AND	K562
ENSG00000186318	BIVALENT	REPRESSED	NEITHER
ENSG00000186326	BIVALENT	INCONSISTENT	NEITHER
ENSG00000186328	NULL	INCONSISTENT	NEITHER
ENSG00000186335	NULL	REPRESSED	NEITHER
ENSG00000186364	SIMPLE_AND	INCONSISTENT	GM12878
ENSG00000186376	SIMPLE_AND	INCONSISTENT	GM12878
ENSG00000186377	NULL	REPRESSED	NEITHER
ENSG00000186393	REPRESSED	NULL	NEITHER
ENSG00000186395	NULL	SIMPLE_AND	K562
ENSG00000186407	REPRESSED	NULL	NEITHER
ENSG00000186409	SIMPLE_AND	NULL	GM12878
ENSG00000186442	NULL	INCONSISTENT	NEITHER
ENSG00000186448	SIMPLE_OR	NULL	NEITHER
ENSG00000186452	REPRESSED	NULL	NEITHER
ENSG00000186458	NULL	INCONSISTENT	NEITHER
ENSG00000186462	INCONSISTENT	NULL	NEITHER
ENSG00000186470	SIMPLE_AND	INCONSISTENT	GM12878
ENSG00000186472	BIVALENT	INCONSISTENT	NEITHER
ENSG00000186474	NULL	REPRESSED	NEITHER
ENSG00000186496	SIMPLE_OR	INCONSISTENT	NEITHER
ENSG00000186509	NULL	REPRESSED	NEITHER
ENSG00000186517	SIMPLE_AND	NULL	GM12878
ENSG00000186522	SIMPLE_AND	NULL	GM12878
ENSG00000186523	NULL	INCONSISTENT	NEITHER
ENSG00000186532	SIMPLE_AND	INCONSISTENT	GM12878
ENSG00000186564	BIVALENT	INCONSISTENT	NEITHER
ENSG00000186583	INCONSISTENT	NULL	NEITHER
ENSG00000186594	SIMPLE_AND	INCONSISTENT	GM12878
ENSG00000186603	SIMPLE_AND	NULL	GM12878
ENSG00000186615	SIMPLE_AND	INCONSISTENT	GM12878
ENSG00000186628	INCONSISTENT	NULL	NEITHER
ENSG00000186638	SIMPLE_AND	INCONSISTENT	GM12878
ENSG00000186642	REPRESSED	NULL	NEITHER
ENSG00000186648	SIMPLE_AND	INCONSISTENT	GM12878
ENSG00000186652	NULL	INCONSISTENT	NEITHER
ENSG00000186654	REPRESSED	SIMPLE_OR	NEITHER
ENSG00000186665	BIVALENT	SIMPLE_AND	K562
ENSG00000186666	SIMPLE_AND	INCONSISTENT	GM12878
ENSG00000186684	REPRESSED	NULL	NEITHER
ENSG00000186710	NULL	REPRESSED	NEITHER
ENSG00000186714	NULL	REPRESSED	NEITHER
ENSG00000186715	NULL	REPRESSED	NEITHER
ENSG00000186723	NULL	REPRESSED	NEITHER
ENSG00000186732	REPRESSED	NULL	NEITHER
ENSG00000186777	REPRESSED	NULL	NEITHER
ENSG00000186787	SIMPLE_AND	INCONSISTENT	GM12878
ENSG00000186792	SIMPLE_AND	INCONSISTENT	GM12878
ENSG00000186810	SIMPLE_AND	NULL	GM12878
ENSG00000186812	SIMPLE_AND	INCONSISTENT	GM12878
ENSG00000186814	SIMPLE_AND	INCONSISTENT	GM12878
ENSG00000186827	SIMPLE_AND	NULL	GM12878
ENSG00000186834	SIMPLE_AND	INCONSISTENT	GM12878
ENSG00000186854	SIMPLE_AND	INCONSISTENT	GM12878
ENSG00000186860	NULL	REPRESSED	NEITHER
ENSG00000186862	BIVALENT	INCONSISTENT	NEITHER
ENSG00000186866	SIMPLE_OR	INCONSISTENT	NEITHER
ENSG00000186868	BIVALENT	COMPLEX	NEITHER
ENSG00000186871	SIMPLE_AND	INCONSISTENT	GM12878
ENSG00000186891	BIVALENT	INCONSISTENT	NEITHER
ENSG00000186895	NULL	INCONSISTENT	NEITHER
ENSG00000186897	REPRESSED	INCONSISTENT	NEITHER
ENSG00000186907	BIVALENT	INCONSISTENT	NEITHER
ENSG00000186918	SIMPLE_AND	INCONSISTENT	GM12878
ENSG00000186924	REPRESSED	NULL	NEITHER
ENSG00000186951	BIVALENT	INCONSISTENT	NEITHER
ENSG00000186952	SIMPLE_AND	INCONSISTENT	GM12878
ENSG00000186960	REPRESSED	INCONSISTENT	NEITHER
ENSG00000186976	SIMPLE_AND	NULL	GM12878
ENSG00000186994	BIVALENT	INCONSISTENT	NEITHER
ENSG00000186998	BIVALENT	INCONSISTENT	NEITHER
ENSG00000187010	NULL	SIMPLE_AND	K562
ENSG00000187013	BIVALENT	INCONSISTENT	NEITHER
ENSG00000187017	REPRESSED	INCONSISTENT	NEITHER
ENSG00000187037	SIMPLE_OR	NULL	NEITHER
ENSG00000187045	NULL	REPRESSED	NEITHER
ENSG00000187049	SIMPLE_AND	INCONSISTENT	GM12878
ENSG00000187079	BIVALENT	INCONSISTENT	NEITHER
ENSG00000187080	INCONSISTENT	NULL	NEITHER
ENSG00000187091	REPRESSED	NULL	NEITHER
ENSG00000187097	SIMPLE_AND	INCONSISTENT	GM12878
ENSG00000187098	INCONSISTENT	SIMPLE_AND	K562
ENSG00000187123	BIVALENT	NULL	NEITHER
ENSG00000187134	NULL	SIMPLE_AND	K562
ENSG00000187135	REPRESSED	NULL	NEITHER
ENSG00000187140	BIVALENT	INCONSISTENT	NEITHER
ENSG00000187173	REPRESSED	NULL	NEITHER
ENSG00000187185	NULL	INCONSISTENT	NEITHER
ENSG00000187187	REPRESSED	NULL	NEITHER
ENSG00000187189	SIMPLE_AND	INCONSISTENT	GM12878
ENSG00000187193	INCONSISTENT	SIMPLE_AND	K562
ENSG00000187231	SIMPLE_AND	BIVALENT	GM12878
ENSG00000187239	SIMPLE_AND	INCONSISTENT	GM12878
ENSG00000187240	SIMPLE_OR	INCONSISTENT	NEITHER
ENSG00000187244	NULL	INCONSISTENT	NEITHER
ENSG00000187257	COMPLEX	SIMPLE_AND	K562
ENSG00000187260	REPRESSED	NULL	NEITHER
ENSG00000187266	REPRESSED	INCONSISTENT	NEITHER
ENSG00000187268	INCONSISTENT	NULL	NEITHER
ENSG00000187323	REPRESSED	NULL	NEITHER
ENSG00000187372	REPRESSED	NULL	NEITHER
ENSG00000187391	REPRESSED	NULL	NEITHER
ENSG00000187474	NULL	INCONSISTENT	NEITHER
ENSG00000187498	REPRESSED	NULL	NEITHER
ENSG00000187510	INCONSISTENT	REPRESSED	NEITHER
ENSG00000187513	NULL	REPRESSED	NEITHER
ENSG00000187531	SIMPLE_OR	SIMPLE_AND	K562
ENSG00000187534	INCONSISTENT	NULL	NEITHER
ENSG00000187535	BIVALENT	INCONSISTENT	NEITHER
ENSG00000187554	SIMPLE_AND	INCONSISTENT	GM12878
ENSG00000187556	SIMPLE_AND	INCONSISTENT	GM12878
ENSG00000187566	INCONSISTENT	NULL	NEITHER
ENSG00000187595	REPRESSED	NULL	NEITHER
ENSG00000187600	NULL	INCONSISTENT	NEITHER
ENSG00000187601	SIMPLE_AND	INCONSISTENT	GM12878
ENSG00000187607	SIMPLE_OR	INCONSISTENT	NEITHER
ENSG00000187608	BIVALENT	INCONSISTENT	NEITHER
ENSG00000187609	SIMPLE_AND	INCONSISTENT	GM12878
ENSG00000187616	NULL	REPRESSED	NEITHER
ENSG00000187621	INCONSISTENT	NULL	NEITHER
ENSG00000187626	SIMPLE_AND	INCONSISTENT	GM12878
ENSG00000187630	NULL	INCONSISTENT	NEITHER
ENSG00000187634	REPRESSED	BIVALENT	NEITHER
ENSG00000187642	NULL	REPRESSED	NEITHER
ENSG00000187650	SIMPLE_AND	INCONSISTENT	GM12878
ENSG00000187658	INCONSISTENT	NULL	NEITHER
ENSG00000187664	REPRESSED	INCONSISTENT	NEITHER
ENSG00000187672	REPRESSED	NULL	NEITHER
ENSG00000187676	BIVALENT	INCONSISTENT	NEITHER
ENSG00000187701	SIMPLE_OR	NULL	NEITHER
ENSG00000187714	REPRESSED	NULL	NEITHER
ENSG00000187715	NULL	REPRESSED	NEITHER
ENSG00000187742	SIMPLE_AND	INCONSISTENT	GM12878
ENSG00000187763	NULL	REPRESSED	NEITHER
ENSG00000187764	SIMPLE_AND	INCONSISTENT	GM12878
ENSG00000187775	NULL	REPRESSED	NEITHER
ENSG00000187792	SIMPLE_AND	INCONSISTENT	GM12878
ENSG00000187800	REPRESSED	INCONSISTENT	NEITHER
ENSG00000187801	COMPLEX	INCONSISTENT	NEITHER
ENSG00000187808	SIMPLE_AND	INCONSISTENT	GM12878
ENSG00000187815	COMPLEX	INCONSISTENT	NEITHER
ENSG00000187821	REPRESSED	NULL	NEITHER
ENSG00000187823	REPRESSED	NULL	NEITHER
ENSG00000187824	INCONSISTENT	NULL	NEITHER
ENSG00000187838	SIMPLE_AND	INCONSISTENT	GM12878
ENSG00000187860	SIMPLE_AND	INCONSISTENT	GM12878
ENSG00000187866	SIMPLE_AND	INCONSISTENT	GM12878
ENSG00000187867	NULL	INCONSISTENT	NEITHER
ENSG00000187900	SIMPLE_OR	NULL	NEITHER
ENSG00000187902	REPRESSED	BIVALENT	NEITHER
ENSG00000187904	SIMPLE_OR	NULL	NEITHER
ENSG00000187905	NULL	BIVALENT	NEITHER
ENSG00000187912	SIMPLE_AND	NULL	GM12878
ENSG00000187922	BIVALENT	NULL	NEITHER
ENSG00000187953	REPRESSED	NULL	NEITHER
ENSG00000187957	BIVALENT	INCONSISTENT	NEITHER
ENSG00000187961	SIMPLE_AND	INCONSISTENT	GM12878
ENSG00000187980	NULL	INCONSISTENT	NEITHER
ENSG00000187984	REPRESSED	INCONSISTENT	NEITHER
ENSG00000187987	SIMPLE_OR	COMPLEX	NEITHER
ENSG00000187994	SIMPLE_AND	INCONSISTENT	GM12878
ENSG00000187997	SIMPLE_OR	INCONSISTENT	NEITHER
ENSG00000188011	REPRESSED	NULL	NEITHER
ENSG00000188026	SIMPLE_OR	INCONSISTENT	NEITHER
ENSG00000188032	NULL	INCONSISTENT	NEITHER
ENSG00000188033	SIMPLE_OR	REPRESSED	NEITHER
ENSG00000188038	NULL	INCONSISTENT	NEITHER
ENSG00000188039	INCONSISTENT	NULL	NEITHER
ENSG00000188042	BIVALENT	INCONSISTENT	NEITHER
ENSG00000188051	NULL	INCONSISTENT	NEITHER
ENSG00000188060	INCONSISTENT	REPRESSED	NEITHER
ENSG00000188064	INCONSISTENT	BIVALENT	NEITHER
ENSG00000188070	BIVALENT	INCONSISTENT	NEITHER
ENSG00000188086	NULL	REPRESSED	NEITHER
ENSG00000188089	NULL	REPRESSED	NEITHER
ENSG00000188092	SIMPLE_OR	SIMPLE_AND	K562
ENSG00000188101	NULL	REPRESSED	NEITHER
ENSG00000188112	REPRESSED	NULL	NEITHER
ENSG00000188133	REPRESSED	NULL	NEITHER
ENSG00000188153	REPRESSED	INCONSISTENT	NEITHER
ENSG00000188155	NULL	INCONSISTENT	NEITHER
ENSG00000188167	SIMPLE_AND	INCONSISTENT	GM12878
ENSG00000188171	COMPLEX	INCONSISTENT	NEITHER
ENSG00000188177	SIMPLE_AND	INCONSISTENT	GM12878
ENSG00000188185	SIMPLE_AND	INCONSISTENT	GM12878
ENSG00000188211	BIVALENT	SIMPLE_AND	K562
ENSG00000188215	SIMPLE_AND	INCONSISTENT	GM12878
ENSG00000188219	NULL	SIMPLE_AND	K562
ENSG00000188227	COMPLEX	NULL	NEITHER
ENSG00000188243	SIMPLE_AND	INCONSISTENT	GM12878
ENSG00000188263	INCONSISTENT	NULL	NEITHER
ENSG00000188269	NULL	REPRESSED	NEITHER
ENSG00000188277	INCONSISTENT	NULL	NEITHER
ENSG00000188282	SIMPLE_OR	NULL	NEITHER
ENSG00000188283	SIMPLE_AND	INCONSISTENT	GM12878
ENSG00000188290	BIVALENT	INCONSISTENT	NEITHER
ENSG00000188293	NULL	REPRESSED	NEITHER
ENSG00000188295	SIMPLE_AND	COMPLEX	GM12878
ENSG00000188305	BIVALENT	INCONSISTENT	NEITHER
ENSG00000188306	INCONSISTENT	NULL	NEITHER
ENSG00000188312	SIMPLE_AND	INCONSISTENT	GM12878
ENSG00000188315	SIMPLE_AND	NULL	GM12878
ENSG00000188316	INCONSISTENT	NULL	NEITHER
ENSG00000188321	SIMPLE_AND	INCONSISTENT	GM12878
ENSG00000188338	REPRESSED	INCONSISTENT	NEITHER
ENSG00000188342	SIMPLE_AND	INCONSISTENT	GM12878
ENSG00000188343	SIMPLE_OR	BIVALENT	NEITHER
ENSG00000188352	SIMPLE_AND	INCONSISTENT	GM12878
ENSG00000188365	REPRESSED	INCONSISTENT	NEITHER
ENSG00000188373	INCONSISTENT	REPRESSED	NEITHER
ENSG00000188379	SIMPLE_OR	NULL	NEITHER
ENSG00000188385	REPRESSED	NULL	NEITHER
ENSG00000188386	NULL	REPRESSED	NEITHER
ENSG00000188389	SIMPLE_AND	INCONSISTENT	GM12878
ENSG00000188404	SIMPLE_AND	NULL	GM12878
ENSG00000188419	SIMPLE_AND	INCONSISTENT	GM12878
ENSG00000188428	SIMPLE_AND	INCONSISTENT	GM12878
ENSG00000188501	NULL	INCONSISTENT	NEITHER
ENSG00000188505	NULL	INCONSISTENT	NEITHER
ENSG00000188508	NULL	BIVALENT	NEITHER
ENSG00000188517	REPRESSED	NULL	NEITHER
ENSG00000188522	SIMPLE_AND	INCONSISTENT	GM12878
ENSG00000188523	BIVALENT	NULL	NEITHER
ENSG00000188536	NULL	SIMPLE_AND	K562
ENSG00000188542	SIMPLE_AND	INCONSISTENT	GM12878
ENSG00000188559	SIMPLE_AND	INCONSISTENT	GM12878
ENSG00000188580	BIVALENT	NULL	NEITHER
ENSG00000188581	REPRESSED	NULL	NEITHER
ENSG00000188582	REPRESSED	INCONSISTENT	NEITHER
ENSG00000188585	NULL	REPRESSED	NEITHER
ENSG00000188596	SIMPLE_OR	INCONSISTENT	NEITHER
ENSG00000188610	SIMPLE_OR	SIMPLE_AND	K562
ENSG00000188612	COMPLEX	SIMPLE_AND	K562
ENSG00000188620	SIMPLE_AND	INCONSISTENT	GM12878
ENSG00000188624	NULL	REPRESSED	NEITHER
ENSG00000188629	REPRESSED	BIVALENT	NEITHER
ENSG00000188649	SIMPLE_AND	INCONSISTENT	GM12878
ENSG00000188659	SIMPLE_AND	INCONSISTENT	GM12878
ENSG00000188662	NULL	REPRESSED	NEITHER
ENSG00000188672	INCONSISTENT	SIMPLE_AND	K562
ENSG00000188687	SIMPLE_OR	REPRESSED	NEITHER
ENSG00000188706	SIMPLE_OR	SIMPLE_AND	K562
ENSG00000188730	REPRESSED	NULL	NEITHER
ENSG00000188732	SIMPLE_AND	NULL	GM12878
ENSG00000188735	SIMPLE_AND	INCONSISTENT	GM12878
ENSG00000188738	NULL	INCONSISTENT	NEITHER
ENSG00000188766	REPRESSED	INCONSISTENT	NEITHER
ENSG00000188784	NULL	REPRESSED	NEITHER
ENSG00000188786	SIMPLE_AND	INCONSISTENT	GM12878
ENSG00000188811	SIMPLE_AND	INCONSISTENT	GM12878
ENSG00000188816	BIVALENT	NULL	NEITHER
ENSG00000188820	BIVALENT	NULL	NEITHER
ENSG00000188822	SIMPLE_AND	NULL	GM12878
ENSG00000188825	SIMPLE_AND	INCONSISTENT	GM12878
ENSG00000188827	SIMPLE_AND	INCONSISTENT	GM12878
ENSG00000188833	REPRESSED	INCONSISTENT	NEITHER
ENSG00000188848	BIVALENT	NULL	NEITHER
ENSG00000188859	SIMPLE_AND	BIVALENT	GM12878
ENSG00000188868	SIMPLE_AND	INCONSISTENT	GM12878
ENSG00000188878	SIMPLE_AND	INCONSISTENT	GM12878
ENSG00000188883	INCONSISTENT	BIVALENT	NEITHER
ENSG00000188909	REPRESSED	NULL	NEITHER
ENSG00000188921	SIMPLE_AND	NULL	GM12878
ENSG00000188937	INCONSISTENT	NULL	NEITHER
ENSG00000188981	NULL	INCONSISTENT	NEITHER
ENSG00000188984	NULL	REPRESSED	NEITHER
ENSG00000188985	NULL	REPRESSED	NEITHER
ENSG00000188994	SIMPLE_AND	REPRESSED	GM12878
ENSG00000188997	SIMPLE_OR	INCONSISTENT	NEITHER
ENSG00000189001	NULL	REPRESSED	NEITHER
ENSG00000189037	NULL	INCONSISTENT	NEITHER
ENSG00000189042	SIMPLE_AND	INCONSISTENT	GM12878
ENSG00000189050	SIMPLE_AND	INCONSISTENT	GM12878
ENSG00000189056	REPRESSED	SIMPLE_AND	K562
ENSG00000189057	SIMPLE_AND	NULL	GM12878
ENSG00000189060	REPRESSED	INCONSISTENT	NEITHER
ENSG00000189064	NULL	SIMPLE_OR	NEITHER
ENSG00000189068	NULL	REPRESSED	NEITHER
ENSG00000189114	SIMPLE_AND	INCONSISTENT	GM12878
ENSG00000189120	REPRESSED	NULL	NEITHER
ENSG00000189127	BIVALENT	REPRESSED	NEITHER
ENSG00000189129	NULL	REPRESSED	NEITHER
ENSG00000189134	INCONSISTENT	NULL	NEITHER
ENSG00000189136	SIMPLE_AND	INCONSISTENT	GM12878
ENSG00000189145	REPRESSED	NULL	NEITHER
ENSG00000189149	SIMPLE_AND	INCONSISTENT	GM12878
ENSG00000189164	SIMPLE_AND	COMPLEX	GM12878
ENSG00000189169	NULL	REPRESSED	NEITHER
ENSG00000189171	NULL	SIMPLE_AND	K562
ENSG00000189180	SIMPLE_AND	INCONSISTENT	GM12878
ENSG00000189184	SIMPLE_AND	NULL	GM12878
ENSG00000189196	REPRESSED	NULL	NEITHER
ENSG00000189227	SIMPLE_AND	INCONSISTENT	GM12878
ENSG00000189229	NULL	SIMPLE_AND	K562
ENSG00000189233	NULL	REPRESSED	NEITHER
ENSG00000189269	NULL	INCONSISTENT	NEITHER
ENSG00000189280	NULL	REPRESSED	NEITHER
ENSG00000189283	SIMPLE_AND	INCONSISTENT	GM12878
ENSG00000189292	NULL	INCONSISTENT	NEITHER
ENSG00000189298	SIMPLE_AND	INCONSISTENT	GM12878
ENSG00000189316	NULL	COMPLEX	NEITHER
ENSG00000189320	NULL	REPRESSED	NEITHER
ENSG00000189325	NULL	REPRESSED	NEITHER
ENSG00000189332	NULL	REPRESSED	NEITHER
ENSG00000189334	NULL	INCONSISTENT	NEITHER
ENSG00000189343	REPRESSED	NULL	NEITHER
ENSG00000189348	REPRESSED	NULL	NEITHER
ENSG00000189350	NULL	INCONSISTENT	NEITHER
ENSG00000189362	SIMPLE_AND	INCONSISTENT	GM12878
ENSG00000189369	SIMPLE_AND	INCONSISTENT	GM12878
ENSG00000189376	SIMPLE_AND	INCONSISTENT	GM12878
ENSG00000189409	BIVALENT	NULL	NEITHER
ENSG00000189410	BIVALENT	INCONSISTENT	NEITHER
ENSG00000189420	SIMPLE_OR	INCONSISTENT	NEITHER
ENSG00000189431	INCONSISTENT	NULL	NEITHER
ENSG00000195024	COMPLEX	NULL	NEITHER
ENSG00000196072	SIMPLE_AND	INCONSISTENT	GM12878
ENSG00000196074	SIMPLE_OR	INCONSISTENT	NEITHER
ENSG00000196081	COMPLEX	INCONSISTENT	NEITHER
ENSG00000196083	SIMPLE_OR	INCONSISTENT	NEITHER
ENSG00000196090	REPRESSED	NULL	NEITHER
ENSG00000196091	NULL	REPRESSED	NEITHER
ENSG00000196092	SIMPLE_AND	NULL	GM12878
ENSG00000196104	BIVALENT	NULL	NEITHER
ENSG00000196110	COMPLEX	INCONSISTENT	NEITHER
ENSG00000196114	NULL	INCONSISTENT	NEITHER
ENSG00000196116	BIVALENT	INCONSISTENT	NEITHER
ENSG00000196118	SIMPLE_AND	INCONSISTENT	GM12878
ENSG00000196123	SIMPLE_AND	INCONSISTENT	GM12878
ENSG00000196126	SIMPLE_AND	NULL	GM12878
ENSG00000196132	REPRESSED	BIVALENT	NEITHER
ENSG00000196139	NULL	REPRESSED	NEITHER
ENSG00000196150	COMPLEX	INCONSISTENT	NEITHER
ENSG00000196151	SIMPLE_AND	INCONSISTENT	GM12878
ENSG00000196152	SIMPLE_AND	INCONSISTENT	GM12878
ENSG00000196159	BIVALENT	INCONSISTENT	NEITHER
ENSG00000196166	NULL	REPRESSED	NEITHER
ENSG00000196169	NULL	BIVALENT	NEITHER
ENSG00000196177	SIMPLE_AND	INCONSISTENT	GM12878
ENSG00000196188	NULL	REPRESSED	NEITHER
ENSG00000196189	SIMPLE_AND	INCONSISTENT	GM12878
ENSG00000196199	SIMPLE_AND	INCONSISTENT	GM12878
ENSG00000196205	REPRESSED	SIMPLE_OR	NEITHER
ENSG00000196208	BIVALENT	NULL	NEITHER
ENSG00000196214	SIMPLE_AND	COMPLEX	GM12878
ENSG00000196218	NULL	SIMPLE_AND	K562
ENSG00000196220	SIMPLE_AND	INCONSISTENT	GM12878
ENSG00000196224	NULL	REPRESSED	NEITHER
ENSG00000196227	SIMPLE_OR	INCONSISTENT	NEITHER
ENSG00000196240	REPRESSED	NULL	NEITHER
ENSG00000196247	COMPLEX	INCONSISTENT	NEITHER
ENSG00000196267	COMPLEX	NULL	NEITHER
ENSG00000196268	SIMPLE_AND	INCONSISTENT	GM12878
ENSG00000196275	NULL	INCONSISTENT	NEITHER
ENSG00000196277	NULL	INCONSISTENT	NEITHER
ENSG00000196284	BIVALENT	INCONSISTENT	NEITHER
ENSG00000196289	NULL	REPRESSED	NEITHER
ENSG00000196290	COMPLEX	SIMPLE_AND	K562
ENSG00000196301	INCONSISTENT	NULL	NEITHER
ENSG00000196329	NULL	REPRESSED	NEITHER
ENSG00000196337	REPRESSED	INCONSISTENT	NEITHER
ENSG00000196338	NULL	INCONSISTENT	NEITHER
ENSG00000196344	REPRESSED	NULL	NEITHER
ENSG00000196345	COMPLEX	REPRESSED	NEITHER
ENSG00000196361	BIVALENT	INCONSISTENT	NEITHER
ENSG00000196364	NULL	REPRESSED	NEITHER
ENSG00000196369	NULL	INCONSISTENT	NEITHER
ENSG00000196371	SIMPLE_AND	INCONSISTENT	GM12878
ENSG00000196372	BIVALENT	SIMPLE_AND	K562
ENSG00000196376	REPRESSED	INCONSISTENT	NEITHER
ENSG00000196378	SIMPLE_AND	INCONSISTENT	GM12878
ENSG00000196381	REPRESSED	NULL	NEITHER
ENSG00000196391	SIMPLE_OR	INCONSISTENT	NEITHER
ENSG00000196407	NULL	REPRESSED	NEITHER
ENSG00000196408	BIVALENT	INCONSISTENT	NEITHER
ENSG00000196411	REPRESSED	SIMPLE_AND	K562
ENSG00000196417	REPRESSED	NULL	NEITHER
ENSG00000196420	NULL	INCONSISTENT	NEITHER
ENSG00000196421	SIMPLE_AND	NULL	GM12878
ENSG00000196422	SIMPLE_OR	SIMPLE_AND	K562
ENSG00000196431	NULL	INCONSISTENT	NEITHER
ENSG00000196437	SIMPLE_AND	INCONSISTENT	GM12878
ENSG00000196440	SIMPLE_AND	NULL	GM12878
ENSG00000196456	SIMPLE_AND	INCONSISTENT	GM12878
ENSG00000196458	SIMPLE_AND	INCONSISTENT	GM12878
ENSG00000196460	BIVALENT	REPRESSED	NEITHER
ENSG00000196466	SIMPLE_AND	INCONSISTENT	GM12878
ENSG00000196468	REPRESSED	NULL	NEITHER
ENSG00000196472	NULL	INCONSISTENT	NEITHER
ENSG00000196476	SIMPLE_AND	COMPLEX	GM12878
ENSG00000196482	REPRESSED	NULL	NEITHER
ENSG00000196507	INCONSISTENT	NULL	NEITHER
ENSG00000196511	SIMPLE_AND	INCONSISTENT	GM12878
ENSG00000196526	REPRESSED	INCONSISTENT	NEITHER
ENSG00000196535	SIMPLE_OR	SIMPLE_AND	K562
ENSG00000196539	SIMPLE_OR	NULL	NEITHER
ENSG00000196542	BIVALENT	REPRESSED	NEITHER
ENSG00000196544	SIMPLE_AND	INCONSISTENT	GM12878
ENSG00000196550	NULL	SIMPLE_AND	K562
ENSG00000196557	NULL	INCONSISTENT	NEITHER
ENSG00000196562	BIVALENT	REPRESSED	NEITHER
ENSG00000196565	NULL	SIMPLE_AND	K562
ENSG00000196566	BIVALENT	NULL	NEITHER
ENSG00000196586	SIMPLE_AND	INCONSISTENT	GM12878
ENSG00000196597	SIMPLE_AND	NULL	GM12878
ENSG00000196604	NULL	INCONSISTENT	NEITHER
ENSG00000196605	SIMPLE_OR	INCONSISTENT	NEITHER
ENSG00000196634	NULL	INCONSISTENT	NEITHER
ENSG00000196646	SIMPLE_AND	INCONSISTENT	GM12878
ENSG00000196653	COMPLEX	REPRESSED	NEITHER
ENSG00000196659	SIMPLE_AND	INCONSISTENT	GM12878
ENSG00000196660	NULL	INCONSISTENT	NEITHER
ENSG00000196663	SIMPLE_AND	INCONSISTENT	GM12878
ENSG00000196664	SIMPLE_AND	NULL	GM12878
ENSG00000196668	SIMPLE_AND	INCONSISTENT	GM12878
ENSG00000196684	SIMPLE_OR	NULL	NEITHER
ENSG00000196696	SIMPLE_AND	INCONSISTENT	GM12878
ENSG00000196700	SIMPLE_AND	INCONSISTENT	GM12878
ENSG00000196704	SIMPLE_AND	SIMPLE_OR	GM12878
ENSG00000196724	SIMPLE_AND	INCONSISTENT	GM12878
ENSG00000196735	SIMPLE_OR	NULL	NEITHER
ENSG00000196741	SIMPLE_AND	INCONSISTENT	GM12878
ENSG00000196743	SIMPLE_AND	INCONSISTENT	GM12878
ENSG00000196748	INCONSISTENT	BIVALENT	NEITHER
ENSG00000196754	NULL	INCONSISTENT	NEITHER
ENSG00000196757	SIMPLE_AND	INCONSISTENT	GM12878
ENSG00000196778	REPRESSED	NULL	NEITHER
ENSG00000196781	BIVALENT	NULL	NEITHER
ENSG00000196805	NULL	INCONSISTENT	NEITHER
ENSG00000196810	SIMPLE_AND	COMPLEX	GM12878
ENSG00000196814	REPRESSED	INCONSISTENT	NEITHER
ENSG00000196839	SIMPLE_AND	INCONSISTENT	GM12878
ENSG00000196843	SIMPLE_AND	INCONSISTENT	GM12878
ENSG00000196860	INCONSISTENT	NULL	NEITHER
ENSG00000196872	REPRESSED	NULL	NEITHER
ENSG00000196878	NULL	INCONSISTENT	NEITHER
ENSG00000196911	SIMPLE_AND	INCONSISTENT	GM12878
ENSG00000196912	SIMPLE_AND	INCONSISTENT	GM12878
ENSG00000196932	REPRESSED	NULL	NEITHER
ENSG00000196933	REPRESSED	NULL	NEITHER
ENSG00000196937	SIMPLE_AND	INCONSISTENT	GM12878
ENSG00000196951	SIMPLE_AND	INCONSISTENT	GM12878
ENSG00000196954	SIMPLE_AND	NULL	GM12878
ENSG00000196972	NULL	BIVALENT	NEITHER
ENSG00000196975	SIMPLE_AND	INCONSISTENT	GM12878
ENSG00000196976	INCONSISTENT	SIMPLE_AND	K562
ENSG00000196981	SIMPLE_AND	INCONSISTENT	GM12878
ENSG00000196990	NULL	REPRESSED	NEITHER
ENSG00000197008	SIMPLE_AND	INCONSISTENT	GM12878
ENSG00000197016	SIMPLE_AND	NULL	GM12878
ENSG00000197019	SIMPLE_AND	INCONSISTENT	GM12878
ENSG00000197043	SIMPLE_AND	INCONSISTENT	GM12878
ENSG00000197044	SIMPLE_AND	INCONSISTENT	GM12878
ENSG00000197045	SIMPLE_AND	INCONSISTENT	GM12878
ENSG00000197046	INCONSISTENT	NULL	NEITHER
ENSG00000197054	SIMPLE_AND	NULL	GM12878
ENSG00000197062	SIMPLE_AND	INCONSISTENT	GM12878
ENSG00000197077	BIVALENT	INCONSISTENT	NEITHER
ENSG00000197079	NULL	REPRESSED	NEITHER
ENSG00000197083	NULL	COMPLEX	NEITHER
ENSG00000197093	SIMPLE_OR	INCONSISTENT	NEITHER
ENSG00000197099	INCONSISTENT	NULL	NEITHER
ENSG00000197106	REPRESSED	NULL	NEITHER
ENSG00000197119	BIVALENT	INCONSISTENT	NEITHER
ENSG00000197121	SIMPLE_AND	INCONSISTENT	GM12878
ENSG00000197122	SIMPLE_AND	SIMPLE_OR	GM12878
ENSG00000197124	COMPLEX	NULL	NEITHER
ENSG00000197128	COMPLEX	INCONSISTENT	NEITHER
ENSG00000197134	NULL	INCONSISTENT	NEITHER
ENSG00000197142	SIMPLE_AND	NULL	GM12878
ENSG00000197162	SIMPLE_AND	INCONSISTENT	GM12878
ENSG00000197165	NULL	INCONSISTENT	NEITHER
ENSG00000197168	BIVALENT	INCONSISTENT	NEITHER
ENSG00000197182	INCONSISTENT	NULL	NEITHER
ENSG00000197183	SIMPLE_OR	SIMPLE_AND	K562
ENSG00000197208	BIVALENT	INCONSISTENT	NEITHER
ENSG00000197214	NULL	REPRESSED	NEITHER
ENSG00000197233	REPRESSED	NULL	NEITHER
ENSG00000197241	NULL	REPRESSED	NEITHER
ENSG00000197245	REPRESSED	INCONSISTENT	NEITHER
ENSG00000197251	INCONSISTENT	NULL	NEITHER
ENSG00000197258	REPRESSED	NULL	NEITHER
ENSG00000197275	SIMPLE_AND	INCONSISTENT	GM12878
ENSG00000197279	SIMPLE_AND	INCONSISTENT	GM12878
ENSG00000197283	SIMPLE_AND	INCONSISTENT	GM12878
ENSG00000197296	SIMPLE_AND	INCONSISTENT	GM12878
ENSG00000197301	REPRESSED	NULL	NEITHER
ENSG00000197302	SIMPLE_AND	INCONSISTENT	GM12878
ENSG00000197308	BIVALENT	INCONSISTENT	NEITHER
ENSG00000197321	BIVALENT	INCONSISTENT	NEITHER
ENSG00000197322	REPRESSED	NULL	NEITHER
ENSG00000197329	COMPLEX	INCONSISTENT	NEITHER
ENSG00000197355	SIMPLE_AND	INCONSISTENT	GM12878
ENSG00000197360	NULL	REPRESSED	NEITHER
ENSG00000197361	INCONSISTENT	NULL	NEITHER
ENSG00000197362	SIMPLE_AND	INCONSISTENT	GM12878
ENSG00000197363	SIMPLE_AND	INCONSISTENT	GM12878
ENSG00000197372	COMPLEX	INCONSISTENT	NEITHER
ENSG00000197380	SIMPLE_OR	INCONSISTENT	NEITHER
ENSG00000197381	BIVALENT	SIMPLE_AND	K562
ENSG00000197385	BIVALENT	REPRESSED	NEITHER
ENSG00000197386	SIMPLE_AND	REPRESSED	GM12878
ENSG00000197410	BIVALENT	INCONSISTENT	NEITHER
ENSG00000197415	NULL	INCONSISTENT	NEITHER
ENSG00000197429	COMPLEX	INCONSISTENT	NEITHER
ENSG00000197430	REPRESSED	NULL	NEITHER
ENSG00000197442	SIMPLE_AND	INCONSISTENT	GM12878
ENSG00000197444	SIMPLE_OR	INCONSISTENT	NEITHER
ENSG00000197461	BIVALENT	SIMPLE_OR	NEITHER
ENSG00000197465	NULL	SIMPLE_AND	K562
ENSG00000197475	NULL	INCONSISTENT	NEITHER
ENSG00000197479	REPRESSED	NULL	NEITHER
ENSG00000197483	SIMPLE_AND	INCONSISTENT	GM12878
ENSG00000197496	NULL	INCONSISTENT	NEITHER
ENSG00000197497	INCONSISTENT	COMPLEX	NEITHER
ENSG00000197498	SIMPLE_AND	COMPLEX	GM12878
ENSG00000197530	SIMPLE_AND	INCONSISTENT	GM12878
ENSG00000197535	SIMPLE_AND	BIVALENT	GM12878
ENSG00000197536	SIMPLE_AND	INCONSISTENT	GM12878
ENSG00000197540	NULL	INCONSISTENT	NEITHER
ENSG00000197555	SIMPLE_AND	INCONSISTENT	GM12878
ENSG00000197557	SIMPLE_AND	INCONSISTENT	GM12878
ENSG00000197558	NULL	INCONSISTENT	NEITHER
ENSG00000197565	REPRESSED	BIVALENT	NEITHER
ENSG00000197566	COMPLEX	INCONSISTENT	NEITHER
ENSG00000197568	SIMPLE_AND	INCONSISTENT	GM12878
ENSG00000197579	SIMPLE_AND	INCONSISTENT	GM12878
ENSG00000197580	NULL	INCONSISTENT	NEITHER
ENSG00000197585	INCONSISTENT	NULL	NEITHER
ENSG00000197587	REPRESSED	INCONSISTENT	NEITHER
ENSG00000197594	REPRESSED	BIVALENT	NEITHER
ENSG00000197601	COMPLEX	SIMPLE_AND	K562
ENSG00000197603	SIMPLE_AND	NULL	GM12878
ENSG00000197608	SIMPLE_AND	COMPLEX	GM12878
ENSG00000197614	NULL	REPRESSED	NEITHER
ENSG00000197616	REPRESSED	NULL	NEITHER
ENSG00000197619	SIMPLE_AND	COMPLEX	GM12878
ENSG00000197620	SIMPLE_AND	INCONSISTENT	GM12878
ENSG00000197627	NULL	INCONSISTENT	NEITHER
ENSG00000197629	SIMPLE_AND	REPRESSED	GM12878
ENSG00000197635	SIMPLE_AND	NULL	GM12878
ENSG00000197646	SIMPLE_AND	NULL	GM12878
ENSG00000197647	SIMPLE_AND	INCONSISTENT	GM12878
ENSG00000197653	INCONSISTENT	NULL	NEITHER
ENSG00000197694	SIMPLE_AND	SIMPLE_OR	GM12878
ENSG00000197696	INCONSISTENT	NULL	NEITHER
ENSG00000197702	REPRESSED	NULL	NEITHER
ENSG00000197705	REPRESSED	NULL	NEITHER
ENSG00000197712	SIMPLE_OR	INCONSISTENT	NEITHER
ENSG00000197721	INCONSISTENT	SIMPLE_AND	K562
ENSG00000197724	SIMPLE_AND	INCONSISTENT	GM12878
ENSG00000197757	REPRESSED	INCONSISTENT	NEITHER
ENSG00000197763	NULL	INCONSISTENT	NEITHER
ENSG00000197766	INCONSISTENT	SIMPLE_AND	K562
ENSG00000197769	NULL	INCONSISTENT	NEITHER
ENSG00000197774	SIMPLE_AND	INCONSISTENT	GM12878
ENSG00000197776	SIMPLE_OR	INCONSISTENT	NEITHER
ENSG00000197779	SIMPLE_AND	INCONSISTENT	GM12878
ENSG00000197780	COMPLEX	SIMPLE_AND	K562
ENSG00000197782	COMPLEX	INCONSISTENT	NEITHER
ENSG00000197798	SIMPLE_AND	INCONSISTENT	GM12878
ENSG00000197808	COMPLEX	NULL	NEITHER
ENSG00000197813	SIMPLE_OR	INCONSISTENT	NEITHER
ENSG00000197818	SIMPLE_AND	INCONSISTENT	GM12878
ENSG00000197822	SIMPLE_AND	BIVALENT	GM12878
ENSG00000197826	BIVALENT	INCONSISTENT	NEITHER
ENSG00000197837	SIMPLE_AND	NULL	GM12878
ENSG00000197841	SIMPLE_AND	INCONSISTENT	GM12878
ENSG00000197852	SIMPLE_AND	INCONSISTENT	GM12878
ENSG00000197857	SIMPLE_AND	INCONSISTENT	GM12878
ENSG00000197859	NULL	REPRESSED	NEITHER
ENSG00000197860	SIMPLE_AND	INCONSISTENT	GM12878
ENSG00000197863	SIMPLE_AND	INCONSISTENT	GM12878
ENSG00000197882	NULL	REPRESSED	NEITHER
ENSG00000197885	SIMPLE_AND	INCONSISTENT	GM12878
ENSG00000197892	SIMPLE_AND	INCONSISTENT	GM12878
ENSG00000197894	COMPLEX	SIMPLE_AND	K562
ENSG00000197901	NULL	REPRESSED	NEITHER
ENSG00000197905	BIVALENT	SIMPLE_AND	K562
ENSG00000197928	REPRESSED	NULL	NEITHER
ENSG00000197933	SIMPLE_AND	INCONSISTENT	GM12878
ENSG00000197935	BIVALENT	INCONSISTENT	NEITHER
ENSG00000197937	SIMPLE_AND	COMPLEX	GM12878
ENSG00000197943	SIMPLE_AND	BIVALENT	GM12878
ENSG00000197951	COMPLEX	INCONSISTENT	NEITHER
ENSG00000197956	SIMPLE_AND	SIMPLE_OR	GM12878
ENSG00000197958	COMPLEX	SIMPLE_AND	K562
ENSG00000197971	SIMPLE_AND	NULL	GM12878
ENSG00000197976	SIMPLE_AND	INCONSISTENT	GM12878
ENSG00000197980	SIMPLE_AND	INCONSISTENT	GM12878
ENSG00000197993	REPRESSED	SIMPLE_AND	K562
ENSG00000198010	REPRESSED	NULL	NEITHER
ENSG00000198026	SIMPLE_AND	INCONSISTENT	GM12878
ENSG00000198028	REPRESSED	NULL	NEITHER
ENSG00000198046	REPRESSED	NULL	NEITHER
ENSG00000198053	SIMPLE_OR	INCONSISTENT	NEITHER
ENSG00000198054	NULL	INCONSISTENT	NEITHER
ENSG00000198074	REPRESSED	NULL	NEITHER
ENSG00000198081	SIMPLE_AND	INCONSISTENT	GM12878
ENSG00000198088	SIMPLE_OR	SIMPLE_AND	K562
ENSG00000198092	NULL	INCONSISTENT	NEITHER
ENSG00000198105	SIMPLE_AND	INCONSISTENT	GM12878
ENSG00000198106	NULL	INCONSISTENT	NEITHER
ENSG00000198108	BIVALENT	INCONSISTENT	NEITHER
ENSG00000198121	BIVALENT	NULL	NEITHER
ENSG00000198130	SIMPLE_AND	NULL	GM12878
ENSG00000198133	BIVALENT	INCONSISTENT	NEITHER
ENSG00000198142	SIMPLE_AND	NULL	GM12878
ENSG00000198157	COMPLEX	INCONSISTENT	NEITHER
ENSG00000198168	SIMPLE_AND	INCONSISTENT	GM12878
ENSG00000198169	SIMPLE_AND	INCONSISTENT	GM12878
ENSG00000198178	INCONSISTENT	NULL	NEITHER
ENSG00000198182	SIMPLE_AND	INCONSISTENT	GM12878
ENSG00000198183	NULL	REPRESSED	NEITHER
ENSG00000198185	COMPLEX	INCONSISTENT	NEITHER
ENSG00000198205	SIMPLE_AND	NULL	GM12878
ENSG00000198221	BIVALENT	INCONSISTENT	NEITHER
ENSG00000198246	SIMPLE_OR	SIMPLE_AND	K562
ENSG00000198252	SIMPLE_AND	INCONSISTENT	GM12878
ENSG00000198286	SIMPLE_AND	INCONSISTENT	GM12878
ENSG00000198298	SIMPLE_AND	INCONSISTENT	GM12878
ENSG00000198324	SIMPLE_OR	INCONSISTENT	NEITHER
ENSG00000198336	INCONSISTENT	NULL	NEITHER
ENSG00000198346	SIMPLE_AND	INCONSISTENT	GM12878
ENSG00000198353	BIVALENT	INCONSISTENT	NEITHER
ENSG00000198355	SIMPLE_AND	INCONSISTENT	GM12878
ENSG00000198358	NULL	REPRESSED	NEITHER
ENSG00000198382	SIMPLE_AND	INCONSISTENT	GM12878
ENSG00000198393	COMPLEX	SIMPLE_AND	K562
ENSG00000198400	INCONSISTENT	SIMPLE_AND	K562
ENSG00000198414	INCONSISTENT	NULL	NEITHER
ENSG00000198435	SIMPLE_OR	SIMPLE_AND	K562
ENSG00000198440	REPRESSED	NULL	NEITHER
ENSG00000198453	COMPLEX	NULL	NEITHER
ENSG00000198455	SIMPLE_AND	INCONSISTENT	GM12878
ENSG00000198464	SIMPLE_AND	INCONSISTENT	GM12878
ENSG00000198467	SIMPLE_OR	INCONSISTENT	NEITHER
ENSG00000198468	SIMPLE_AND	INCONSISTENT	GM12878
ENSG00000198478	BIVALENT	INCONSISTENT	NEITHER
ENSG00000198483	BIVALENT	INCONSISTENT	NEITHER
ENSG00000198496	SIMPLE_AND	INCONSISTENT	GM12878
ENSG00000198502	SIMPLE_AND	NULL	GM12878
ENSG00000198513	SIMPLE_AND	INCONSISTENT	GM12878
ENSG00000198515	SIMPLE_AND	INCONSISTENT	GM12878
ENSG00000198517	SIMPLE_AND	INCONSISTENT	GM12878
ENSG00000198520	SIMPLE_AND	INCONSISTENT	GM12878
ENSG00000198521	COMPLEX	INCONSISTENT	NEITHER
ENSG00000198535	BIVALENT	INCONSISTENT	NEITHER
ENSG00000198538	COMPLEX	SIMPLE_AND	K562
ENSG00000198553	NULL	INCONSISTENT	NEITHER
ENSG00000198570	NULL	REPRESSED	NEITHER
ENSG00000198574	NULL	INCONSISTENT	NEITHER
ENSG00000198576	NULL	BIVALENT	NEITHER
ENSG00000198580	REPRESSED	NULL	NEITHER
ENSG00000198585	SIMPLE_AND	INCONSISTENT	GM12878
ENSG00000198598	BIVALENT	SIMPLE_OR	NEITHER
ENSG00000198618	REPRESSED	NULL	NEITHER
ENSG00000198624	SIMPLE_AND	INCONSISTENT	GM12878
ENSG00000198626	REPRESSED	NULL	NEITHER
ENSG00000198633	NULL	INCONSISTENT	NEITHER
ENSG00000198642	SIMPLE_AND	NULL	GM12878
ENSG00000198643	NULL	REPRESSED	NEITHER
ENSG00000198650	NULL	REPRESSED	NEITHER
ENSG00000198673	REPRESSED	NULL	NEITHER
ENSG00000198681	NULL	INCONSISTENT	NEITHER
ENSG00000198682	BIVALENT	NULL	NEITHER
ENSG00000198703	REPRESSED	NULL	NEITHER
ENSG00000198704	REPRESSED	NULL	NEITHER
ENSG00000198707	SIMPLE_AND	INCONSISTENT	GM12878
ENSG00000198715	SIMPLE_OR	INCONSISTENT	NEITHER
ENSG00000198718	SIMPLE_AND	INCONSISTENT	GM12878
ENSG00000198719	SIMPLE_AND	INCONSISTENT	GM12878
ENSG00000198720	SIMPLE_AND	INCONSISTENT	GM12878
ENSG00000198723	NULL	INCONSISTENT	NEITHER
ENSG00000198729	BIVALENT	INCONSISTENT	NEITHER
ENSG00000198734	BIVALENT	NULL	NEITHER
ENSG00000198739	REPRESSED	NULL	NEITHER
ENSG00000198742	SIMPLE_AND	INCONSISTENT	GM12878
ENSG00000198746	SIMPLE_AND	INCONSISTENT	GM12878
ENSG00000198753	NULL	INCONSISTENT	NEITHER
ENSG00000198756	BIVALENT	INCONSISTENT	NEITHER
ENSG00000198758	NULL	INCONSISTENT	NEITHER
ENSG00000198765	NULL	REPRESSED	NEITHER
ENSG00000198768	NULL	REPRESSED	NEITHER
ENSG00000198780	BIVALENT	NULL	NEITHER
ENSG00000198783	SIMPLE_AND	INCONSISTENT	GM12878
ENSG00000198785	REPRESSED	NULL	NEITHER
ENSG00000198795	BIVALENT	INCONSISTENT	NEITHER
ENSG00000198797	REPRESSED	NULL	NEITHER
ENSG00000198807	REPRESSED	NULL	NEITHER
ENSG00000198812	NULL	INCONSISTENT	NEITHER
ENSG00000198814	SIMPLE_AND	INCONSISTENT	GM12878
ENSG00000198816	BIVALENT	INCONSISTENT	NEITHER
ENSG00000198821	REPRESSED	INCONSISTENT	NEITHER
ENSG00000198822	REPRESSED	NULL	NEITHER
ENSG00000198825	SIMPLE_AND	INCONSISTENT	GM12878
ENSG00000198829	NULL	INCONSISTENT	NEITHER
ENSG00000198835	NULL	INCONSISTENT	NEITHER
ENSG00000198839	SIMPLE_AND	BIVALENT	GM12878
ENSG00000198841	SIMPLE_AND	INCONSISTENT	GM12878
ENSG00000198842	NULL	REPRESSED	NEITHER
ENSG00000198844	NULL	REPRESSED	NEITHER
ENSG00000198846	COMPLEX	INCONSISTENT	NEITHER
ENSG00000198848	NULL	REPRESSED	NEITHER
ENSG00000198853	BIVALENT	INCONSISTENT	NEITHER
ENSG00000198855	SIMPLE_AND	INCONSISTENT	GM12878
ENSG00000198857	NULL	REPRESSED	NEITHER
ENSG00000198863	SIMPLE_AND	INCONSISTENT	GM12878
ENSG00000198873	SIMPLE_AND	INCONSISTENT	GM12878
ENSG00000198879	SIMPLE_AND	INCONSISTENT	GM12878
ENSG00000198885	SIMPLE_AND	INCONSISTENT	GM12878
ENSG00000198892	REPRESSED	INCONSISTENT	NEITHER
ENSG00000198898	NULL	REPRESSED	NEITHER
ENSG00000198908	NULL	INCONSISTENT	NEITHER
ENSG00000198910	NULL	INCONSISTENT	NEITHER
ENSG00000198912	COMPLEX	SIMPLE_AND	K562
ENSG00000198914	REPRESSED	NULL	NEITHER
ENSG00000198915	NULL	REPRESSED	NEITHER
ENSG00000198919	SIMPLE_AND	INCONSISTENT	GM12878
ENSG00000198920	SIMPLE_AND	INCONSISTENT	GM12878
ENSG00000198930	NULL	INCONSISTENT	NEITHER
ENSG00000198932	SIMPLE_OR	NULL	NEITHER
ENSG00000198933	SIMPLE_OR	INCONSISTENT	NEITHER
ENSG00000198939	INCONSISTENT	NULL	NEITHER
ENSG00000198944	BIVALENT	NULL	NEITHER
ENSG00000198959	SIMPLE_OR	SIMPLE_AND	K562
ENSG00000198960	SIMPLE_AND	INCONSISTENT	GM12878
ENSG00000198963	BIVALENT	INCONSISTENT	NEITHER
ENSG00000198965	REPRESSED	NULL	NEITHER
ENSG00000198972	NULL	INCONSISTENT	NEITHER
ENSG00000198973	REPRESSED	INCONSISTENT	NEITHER
ENSG00000198974	COMPLEX	NULL	NEITHER
ENSG00000198984	BIVALENT	INCONSISTENT	NEITHER
ENSG00000199017	NULL	REPRESSED	NEITHER
ENSG00000199023	INCONSISTENT	REPRESSED	NEITHER
ENSG00000199030	REPRESSED	NULL	NEITHER
ENSG00000199031	NULL	REPRESSED	NEITHER
ENSG00000199053	NULL	INCONSISTENT	NEITHER
ENSG00000199065	NULL	INCONSISTENT	NEITHER
ENSG00000199072	INCONSISTENT	NULL	NEITHER
ENSG00000199080	REPRESSED	NULL	NEITHER
ENSG00000199090	NULL	INCONSISTENT	NEITHER
ENSG00000199095	NULL	REPRESSED	NEITHER
ENSG00000199122	NULL	INCONSISTENT	NEITHER
ENSG00000199143	NULL	REPRESSED	NEITHER
ENSG00000199151	NULL	INCONSISTENT	NEITHER
ENSG00000199156	INCONSISTENT	NULL	NEITHER
ENSG00000199158	NULL	INCONSISTENT	NEITHER
ENSG00000199165	INCONSISTENT	NULL	NEITHER
ENSG00000199217	REPRESSED	NULL	NEITHER
ENSG00000199219	REPRESSED	NULL	NEITHER
ENSG00000199223	REPRESSED	NULL	NEITHER
ENSG00000199224	REPRESSED	NULL	NEITHER
ENSG00000199240	REPRESSED	NULL	NEITHER
ENSG00000199248	INCONSISTENT	NULL	NEITHER
ENSG00000199266	INCONSISTENT	SIMPLE_AND	K562
ENSG00000199270	NULL	INCONSISTENT	NEITHER
ENSG00000199283	NULL	INCONSISTENT	NEITHER
ENSG00000199293	INCONSISTENT	SIMPLE_AND	K562
ENSG00000199299	NULL	REPRESSED	NEITHER
ENSG00000199327	INCONSISTENT	NULL	NEITHER
ENSG00000199332	COMPLEX	INCONSISTENT	NEITHER
ENSG00000199335	COMPLEX	REPRESSED	NEITHER
ENSG00000199347	INCONSISTENT	SIMPLE_AND	K562
ENSG00000199348	REPRESSED	NULL	NEITHER
ENSG00000199349	NULL	REPRESSED	NEITHER
ENSG00000199350	NULL	REPRESSED	NEITHER
ENSG00000199362	INCONSISTENT	NULL	NEITHER
ENSG00000199366	INCONSISTENT	NULL	NEITHER
ENSG00000199377	INCONSISTENT	SIMPLE_OR	NEITHER
ENSG00000199405	INCONSISTENT	NULL	NEITHER
ENSG00000199407	NULL	REPRESSED	NEITHER
ENSG00000199411	INCONSISTENT	NULL	NEITHER
ENSG00000199426	NULL	SIMPLE_AND	K562
ENSG00000199440	NULL	INCONSISTENT	NEITHER
ENSG00000199446	NULL	INCONSISTENT	NEITHER
ENSG00000199448	NULL	INCONSISTENT	NEITHER
ENSG00000199469	NULL	INCONSISTENT	NEITHER
ENSG00000199470	NULL	REPRESSED	NEITHER
ENSG00000199475	NULL	REPRESSED	NEITHER
ENSG00000199477	INCONSISTENT	SIMPLE_OR	NEITHER
ENSG00000199480	REPRESSED	NULL	NEITHER
ENSG00000199482	REPRESSED	INCONSISTENT	NEITHER
ENSG00000199508	REPRESSED	NULL	NEITHER
ENSG00000199540	NULL	COMPLEX	NEITHER
ENSG00000199551	REPRESSED	NULL	NEITHER
ENSG00000199562	INCONSISTENT	NULL	NEITHER
ENSG00000199568	INCONSISTENT	SIMPLE_OR	NEITHER
ENSG00000199572	NULL	INCONSISTENT	NEITHER
ENSG00000199580	NULL	REPRESSED	NEITHER
ENSG00000199594	INCONSISTENT	NULL	NEITHER
ENSG00000199620	REPRESSED	NULL	NEITHER
ENSG00000199622	NULL	REPRESSED	NEITHER
ENSG00000199627	INCONSISTENT	NULL	NEITHER
ENSG00000199633	NULL	REPRESSED	NEITHER
ENSG00000199634	REPRESSED	NULL	NEITHER
ENSG00000199646	NULL	REPRESSED	NEITHER
ENSG00000199683	NULL	INCONSISTENT	NEITHER
ENSG00000199687	NULL	REPRESSED	NEITHER
ENSG00000199695	INCONSISTENT	NULL	NEITHER
ENSG00000199697	NULL	INCONSISTENT	NEITHER
ENSG00000199702	NULL	INCONSISTENT	NEITHER
ENSG00000199705	COMPLEX	INCONSISTENT	NEITHER
ENSG00000199715	NULL	REPRESSED	NEITHER
ENSG00000199716	NULL	INCONSISTENT	NEITHER
ENSG00000199719	REPRESSED	NULL	NEITHER
ENSG00000199728	NULL	REPRESSED	NEITHER
ENSG00000199730	REPRESSED	NULL	NEITHER
ENSG00000199740	NULL	REPRESSED	NEITHER
ENSG00000199751	INCONSISTENT	NULL	NEITHER
ENSG00000199756	NULL	INCONSISTENT	NEITHER
ENSG00000199764	REPRESSED	NULL	NEITHER
ENSG00000199785	INCONSISTENT	SIMPLE_AND	K562
ENSG00000199787	INCONSISTENT	NULL	NEITHER
ENSG00000199788	INCONSISTENT	NULL	NEITHER
ENSG00000199790	REPRESSED	NULL	NEITHER
ENSG00000199791	INCONSISTENT	NULL	NEITHER
ENSG00000199792	REPRESSED	NULL	NEITHER
ENSG00000199804	INCONSISTENT	NULL	NEITHER
ENSG00000199812	REPRESSED	NULL	NEITHER
ENSG00000199814	REPRESSED	NULL	NEITHER
ENSG00000199815	REPRESSED	NULL	NEITHER
ENSG00000199832	NULL	INCONSISTENT	NEITHER
ENSG00000199836	REPRESSED	BIVALENT	NEITHER
ENSG00000199872	INCONSISTENT	NULL	NEITHER
ENSG00000199874	NULL	REPRESSED	NEITHER
ENSG00000199879	BIVALENT	SIMPLE_AND	K562
ENSG00000199885	REPRESSED	NULL	NEITHER
ENSG00000199892	NULL	REPRESSED	NEITHER
ENSG00000199895	INCONSISTENT	NULL	NEITHER
ENSG00000199953	INCONSISTENT	NULL	NEITHER
ENSG00000199971	INCONSISTENT	REPRESSED	NEITHER
ENSG00000200008	REPRESSED	NULL	NEITHER
ENSG00000200021	NULL	INCONSISTENT	NEITHER
ENSG00000200024	REPRESSED	NULL	NEITHER
ENSG00000200033	INCONSISTENT	NULL	NEITHER
ENSG00000200070	NULL	REPRESSED	NEITHER
ENSG00000200072	NULL	REPRESSED	NEITHER
ENSG00000200086	REPRESSED	NULL	NEITHER
ENSG00000200121	INCONSISTENT	NULL	NEITHER
ENSG00000200135	REPRESSED	NULL	NEITHER
ENSG00000200156	INCONSISTENT	SIMPLE_AND	K562
ENSG00000200162	REPRESSED	NULL	NEITHER
ENSG00000200164	INCONSISTENT	NULL	NEITHER
ENSG00000200169	INCONSISTENT	SIMPLE_AND	K562
ENSG00000200171	INCONSISTENT	NULL	NEITHER
ENSG00000200174	REPRESSED	NULL	NEITHER
ENSG00000200184	REPRESSED	NULL	NEITHER
ENSG00000200191	NULL	REPRESSED	NEITHER
ENSG00000200198	NULL	REPRESSED	NEITHER
ENSG00000200208	REPRESSED	NULL	NEITHER
ENSG00000200216	NULL	REPRESSED	NEITHER
ENSG00000200231	REPRESSED	NULL	NEITHER
ENSG00000200252	INCONSISTENT	REPRESSED	NEITHER
ENSG00000200256	INCONSISTENT	NULL	NEITHER
ENSG00000200261	NULL	INCONSISTENT	NEITHER
ENSG00000200293	NULL	REPRESSED	NEITHER
ENSG00000200301	NULL	REPRESSED	NEITHER
ENSG00000200303	REPRESSED	NULL	NEITHER
ENSG00000200312	REPRESSED	NULL	NEITHER
ENSG00000200314	NULL	REPRESSED	NEITHER
ENSG00000200320	INCONSISTENT	SIMPLE_AND	K562
ENSG00000200334	NULL	INCONSISTENT	NEITHER
ENSG00000200336	INCONSISTENT	NULL	NEITHER
ENSG00000200350	REPRESSED	NULL	NEITHER
ENSG00000200354	INCONSISTENT	SIMPLE_AND	K562
ENSG00000200366	NULL	INCONSISTENT	NEITHER
ENSG00000200370	BIVALENT	INCONSISTENT	NEITHER
ENSG00000200378	INCONSISTENT	NULL	NEITHER
ENSG00000200390	COMPLEX	NULL	NEITHER
ENSG00000200393	REPRESSED	NULL	NEITHER
ENSG00000200397	INCONSISTENT	BIVALENT	NEITHER
ENSG00000200408	INCONSISTENT	NULL	NEITHER
ENSG00000200411	NULL	REPRESSED	NEITHER
ENSG00000200418	COMPLEX	SIMPLE_AND	K562
ENSG00000200419	INCONSISTENT	NULL	NEITHER
ENSG00000200421	NULL	REPRESSED	NEITHER
ENSG00000200436	INCONSISTENT	NULL	NEITHER
ENSG00000200448	INCONSISTENT	NULL	NEITHER
ENSG00000200463	INCONSISTENT	SIMPLE_AND	K562
ENSG00000200469	INCONSISTENT	NULL	NEITHER
ENSG00000200495	NULL	INCONSISTENT	NEITHER
ENSG00000200496	INCONSISTENT	NULL	NEITHER
ENSG00000200520	COMPLEX	NULL	NEITHER
ENSG00000200525	INCONSISTENT	NULL	NEITHER
ENSG00000200527	REPRESSED	NULL	NEITHER
ENSG00000200528	INCONSISTENT	NULL	NEITHER
ENSG00000200534	INCONSISTENT	SIMPLE_AND	K562
ENSG00000200536	NULL	REPRESSED	NEITHER
ENSG00000200544	NULL	INCONSISTENT	NEITHER
ENSG00000200547	NULL	REPRESSED	NEITHER
ENSG00000200552	INCONSISTENT	NULL	NEITHER
ENSG00000200558	INCONSISTENT	NULL	NEITHER
ENSG00000200566	REPRESSED	NULL	NEITHER
ENSG00000200575	NULL	REPRESSED	NEITHER
ENSG00000200579	NULL	INCONSISTENT	NEITHER
ENSG00000200587	REPRESSED	NULL	NEITHER
ENSG00000200610	REPRESSED	NULL	NEITHER
ENSG00000200616	NULL	INCONSISTENT	NEITHER
ENSG00000200622	REPRESSED	NULL	NEITHER
ENSG00000200629	INCONSISTENT	NULL	NEITHER
ENSG00000200630	NULL	REPRESSED	NEITHER
ENSG00000200651	INCONSISTENT	NULL	NEITHER
ENSG00000200652	INCONSISTENT	NULL	NEITHER
ENSG00000200653	NULL	INCONSISTENT	NEITHER
ENSG00000200656	INCONSISTENT	SIMPLE_OR	NEITHER
ENSG00000200661	REPRESSED	NULL	NEITHER
ENSG00000200664	NULL	REPRESSED	NEITHER
ENSG00000200685	REPRESSED	NULL	NEITHER
ENSG00000200701	NULL	REPRESSED	NEITHER
ENSG00000200711	INCONSISTENT	NULL	NEITHER
ENSG00000200719	INCONSISTENT	NULL	NEITHER
ENSG00000200728	NULL	INCONSISTENT	NEITHER
ENSG00000200732	NULL	INCONSISTENT	NEITHER
ENSG00000200745	NULL	REPRESSED	NEITHER
ENSG00000200752	REPRESSED	NULL	NEITHER
ENSG00000200761	REPRESSED	NULL	NEITHER
ENSG00000200763	NULL	REPRESSED	NEITHER
ENSG00000200779	NULL	INCONSISTENT	NEITHER
ENSG00000200795	INCONSISTENT	SIMPLE_AND	K562
ENSG00000200816	INCONSISTENT	SIMPLE_AND	K562
ENSG00000200839	INCONSISTENT	NULL	NEITHER
ENSG00000200867	NULL	REPRESSED	NEITHER
ENSG00000200872	REPRESSED	NULL	NEITHER
ENSG00000200877	NULL	INCONSISTENT	NEITHER
ENSG00000200882	REPRESSED	NULL	NEITHER
ENSG00000200885	REPRESSED	NULL	NEITHER
ENSG00000200898	NULL	REPRESSED	NEITHER
ENSG00000200914	NULL	INCONSISTENT	NEITHER
ENSG00000200917	REPRESSED	NULL	NEITHER
ENSG00000200922	INCONSISTENT	NULL	NEITHER
ENSG00000200926	NULL	REPRESSED	NEITHER
ENSG00000200972	INCONSISTENT	SIMPLE_OR	NEITHER
ENSG00000200983	INCONSISTENT	SIMPLE_AND	K562
ENSG00000200985	NULL	INCONSISTENT	NEITHER
ENSG00000200997	INCONSISTENT	SIMPLE_OR	NEITHER
ENSG00000200998	NULL	INCONSISTENT	NEITHER
ENSG00000200999	NULL	INCONSISTENT	NEITHER
ENSG00000201006	NULL	REPRESSED	NEITHER
ENSG00000201013	INCONSISTENT	NULL	NEITHER
ENSG00000201023	NULL	INCONSISTENT	NEITHER
ENSG00000201026	NULL	REPRESSED	NEITHER
ENSG00000201031	INCONSISTENT	NULL	NEITHER
ENSG00000201033	REPRESSED	NULL	NEITHER
ENSG00000201035	REPRESSED	NULL	NEITHER
ENSG00000201041	BIVALENT	INCONSISTENT	NEITHER
ENSG00000201047	INCONSISTENT	NULL	NEITHER
ENSG00000201070	REPRESSED	NULL	NEITHER
ENSG00000201071	INCONSISTENT	NULL	NEITHER
ENSG00000201095	REPRESSED	NULL	NEITHER
ENSG00000201098	INCONSISTENT	SIMPLE_AND	K562
ENSG00000201102	INCONSISTENT	NULL	NEITHER
ENSG00000201104	NULL	INCONSISTENT	NEITHER
ENSG00000201109	NULL	INCONSISTENT	NEITHER
ENSG00000201134	BIVALENT	REPRESSED	NEITHER
ENSG00000201151	NULL	INCONSISTENT	NEITHER
ENSG00000201170	NULL	REPRESSED	NEITHER
ENSG00000201183	INCONSISTENT	SIMPLE_AND	K562
ENSG00000201184	INCONSISTENT	NULL	NEITHER
ENSG00000201201	NULL	REPRESSED	NEITHER
ENSG00000201218	NULL	INCONSISTENT	NEITHER
ENSG00000201221	NULL	INCONSISTENT	NEITHER
ENSG00000201228	REPRESSED	NULL	NEITHER
ENSG00000201229	REPRESSED	SIMPLE_AND	K562
ENSG00000201271	NULL	REPRESSED	NEITHER
ENSG00000201287	NULL	REPRESSED	NEITHER
ENSG00000201292	REPRESSED	NULL	NEITHER
ENSG00000201301	NULL	INCONSISTENT	NEITHER
ENSG00000201302	COMPLEX	SIMPLE_AND	K562
ENSG00000201308	INCONSISTENT	NULL	NEITHER
ENSG00000201312	NULL	INCONSISTENT	NEITHER
ENSG00000201330	NULL	REPRESSED	NEITHER
ENSG00000201339	NULL	INCONSISTENT	NEITHER
ENSG00000201342	INCONSISTENT	NULL	NEITHER
ENSG00000201343	REPRESSED	NULL	NEITHER
ENSG00000201346	REPRESSED	NULL	NEITHER
ENSG00000201355	NULL	INCONSISTENT	NEITHER
ENSG00000201363	NULL	REPRESSED	NEITHER
ENSG00000201364	NULL	INCONSISTENT	NEITHER
ENSG00000201365	COMPLEX	NULL	NEITHER
ENSG00000201367	INCONSISTENT	NULL	NEITHER
ENSG00000201376	INCONSISTENT	SIMPLE_OR	NEITHER
ENSG00000201377	REPRESSED	NULL	NEITHER
ENSG00000201393	NULL	REPRESSED	NEITHER
ENSG00000201394	NULL	REPRESSED	NEITHER
ENSG00000201421	NULL	INCONSISTENT	NEITHER
ENSG00000201432	NULL	INCONSISTENT	NEITHER
ENSG00000201442	REPRESSED	NULL	NEITHER
ENSG00000201465	NULL	REPRESSED	NEITHER
ENSG00000201470	INCONSISTENT	NULL	NEITHER
ENSG00000201483	INCONSISTENT	NULL	NEITHER
ENSG00000201489	REPRESSED	NULL	NEITHER
ENSG00000201491	INCONSISTENT	NULL	NEITHER
ENSG00000201512	INCONSISTENT	SIMPLE_OR	NEITHER
ENSG00000201519	INCONSISTENT	NULL	NEITHER
ENSG00000201524	INCONSISTENT	NULL	NEITHER
ENSG00000201527	NULL	INCONSISTENT	NEITHER
ENSG00000201533	NULL	COMPLEX	NEITHER
ENSG00000201544	NULL	INCONSISTENT	NEITHER
ENSG00000201547	NULL	REPRESSED	NEITHER
ENSG00000201548	INCONSISTENT	NULL	NEITHER
ENSG00000201558	INCONSISTENT	SIMPLE_AND	K562
ENSG00000201563	NULL	INCONSISTENT	NEITHER
ENSG00000201564	SIMPLE_OR	REPRESSED	NEITHER
ENSG00000201565	INCONSISTENT	NULL	NEITHER
ENSG00000201573	REPRESSED	NULL	NEITHER
ENSG00000201581	SIMPLE_AND	INCONSISTENT	GM12878
ENSG00000201584	NULL	REPRESSED	NEITHER
ENSG00000201592	INCONSISTENT	NULL	NEITHER
ENSG00000201598	INCONSISTENT	NULL	NEITHER
ENSG00000201600	INCONSISTENT	NULL	NEITHER
ENSG00000201610	NULL	REPRESSED	NEITHER
ENSG00000201616	INCONSISTENT	NULL	NEITHER
ENSG00000201623	INCONSISTENT	NULL	NEITHER
ENSG00000201628	NULL	INCONSISTENT	NEITHER
ENSG00000201635	COMPLEX	REPRESSED	NEITHER
ENSG00000201649	INCONSISTENT	NULL	NEITHER
ENSG00000201662	REPRESSED	NULL	NEITHER
ENSG00000201672	REPRESSED	NULL	NEITHER
ENSG00000201695	INCONSISTENT	REPRESSED	NEITHER
ENSG00000201724	REPRESSED	NULL	NEITHER
ENSG00000201736	INCONSISTENT	NULL	NEITHER
ENSG00000201741	NULL	REPRESSED	NEITHER
ENSG00000201742	INCONSISTENT	NULL	NEITHER
ENSG00000201747	REPRESSED	NULL	NEITHER
ENSG00000201756	NULL	REPRESSED	NEITHER
ENSG00000201758	INCONSISTENT	NULL	NEITHER
ENSG00000201766	REPRESSED	NULL	NEITHER
ENSG00000201772	INCONSISTENT	NULL	NEITHER
ENSG00000201778	INCONSISTENT	NULL	NEITHER
ENSG00000201782	REPRESSED	NULL	NEITHER
ENSG00000201785	INCONSISTENT	NULL	NEITHER
ENSG00000201791	REPRESSED	NULL	NEITHER
ENSG00000201793	SIMPLE_AND	SIMPLE_OR	GM12878
ENSG00000201800	INCONSISTENT	NULL	NEITHER
ENSG00000201801	INCONSISTENT	SIMPLE_AND	K562
ENSG00000201818	INCONSISTENT	NULL	NEITHER
ENSG00000201847	REPRESSED	NULL	NEITHER
ENSG00000201852	NULL	REPRESSED	NEITHER
ENSG00000201861	NULL	REPRESSED	NEITHER
ENSG00000201875	NULL	INCONSISTENT	NEITHER
ENSG00000201876	INCONSISTENT	NULL	NEITHER
ENSG00000201882	INCONSISTENT	NULL	NEITHER
ENSG00000201920	REPRESSED	NULL	NEITHER
ENSG00000201933	REPRESSED	NULL	NEITHER
ENSG00000201945	NULL	REPRESSED	NEITHER
ENSG00000201987	NULL	REPRESSED	NEITHER
ENSG00000201988	INCONSISTENT	NULL	NEITHER
ENSG00000202014	COMPLEX	NULL	NEITHER
ENSG00000202027	NULL	INCONSISTENT	NEITHER
ENSG00000202047	NULL	INCONSISTENT	NEITHER
ENSG00000202056	NULL	SIMPLE_OR	NEITHER
ENSG00000202071	REPRESSED	NULL	NEITHER
ENSG00000202079	NULL	INCONSISTENT	NEITHER
ENSG00000202111	NULL	INCONSISTENT	NEITHER
ENSG00000202137	REPRESSED	NULL	NEITHER
ENSG00000202172	NULL	REPRESSED	NEITHER
ENSG00000202184	NULL	INCONSISTENT	NEITHER
ENSG00000202186	INCONSISTENT	NULL	NEITHER
ENSG00000202190	REPRESSED	NULL	NEITHER
ENSG00000202206	NULL	INCONSISTENT	NEITHER
ENSG00000202211	INCONSISTENT	NULL	NEITHER
ENSG00000202229	REPRESSED	INCONSISTENT	NEITHER
ENSG00000202251	NULL	INCONSISTENT	NEITHER
ENSG00000202252	COMPLEX	INCONSISTENT	NEITHER
ENSG00000202264	REPRESSED	INCONSISTENT	NEITHER
ENSG00000202275	NULL	REPRESSED	NEITHER
ENSG00000202276	NULL	REPRESSED	NEITHER
ENSG00000202300	INCONSISTENT	NULL	NEITHER
ENSG00000202306	REPRESSED	NULL	NEITHER
ENSG00000202308	NULL	REPRESSED	NEITHER
ENSG00000202309	INCONSISTENT	NULL	NEITHER
ENSG00000202314	INCONSISTENT	NULL	NEITHER
ENSG00000202318	NULL	REPRESSED	NEITHER
ENSG00000202339	REPRESSED	NULL	NEITHER
ENSG00000202345	NULL	REPRESSED	NEITHER
ENSG00000202363	INCONSISTENT	SIMPLE_AND	K562
ENSG00000202380	NULL	REPRESSED	NEITHER
ENSG00000202385	INCONSISTENT	NULL	NEITHER
ENSG00000202386	NULL	REPRESSED	NEITHER
ENSG00000202388	INCONSISTENT	NULL	NEITHER
ENSG00000202392	NULL	INCONSISTENT	NEITHER
ENSG00000202402	NULL	INCONSISTENT	NEITHER
ENSG00000202406	SIMPLE_OR	NULL	NEITHER
ENSG00000202408	INCONSISTENT	SIMPLE_AND	K562
ENSG00000202430	NULL	REPRESSED	NEITHER
ENSG00000202444	INCONSISTENT	SIMPLE_AND	K562
ENSG00000202459	INCONSISTENT	NULL	NEITHER
ENSG00000202461	INCONSISTENT	NULL	NEITHER
ENSG00000202469	INCONSISTENT	NULL	NEITHER
ENSG00000202490	INCONSISTENT	NULL	NEITHER
ENSG00000202495	NULL	INCONSISTENT	NEITHER
ENSG00000202502	REPRESSED	NULL	NEITHER
ENSG00000202512	NULL	SIMPLE_OR	NEITHER
ENSG00000202522	INCONSISTENT	NULL	NEITHER
ENSG00000202523	NULL	INCONSISTENT	NEITHER
ENSG00000202526	NULL	INCONSISTENT	NEITHER
ENSG00000202533	INCONSISTENT	NULL	NEITHER
ENSG00000202538	INCONSISTENT	SIMPLE_AND	K562
ENSG00000202542	NULL	REPRESSED	NEITHER
ENSG00000203262	REPRESSED	NULL	NEITHER
ENSG00000203266	NULL	INCONSISTENT	NEITHER
ENSG00000203279	NULL	INCONSISTENT	NEITHER
ENSG00000203280	BIVALENT	INCONSISTENT	NEITHER
ENSG00000203286	REPRESSED	NULL	NEITHER
ENSG00000203288	COMPLEX	INCONSISTENT	NEITHER
ENSG00000203326	SIMPLE_AND	INCONSISTENT	GM12878
ENSG00000203327	REPRESSED	NULL	NEITHER
ENSG00000203364	REPRESSED	NULL	NEITHER
ENSG00000203395	COMPLEX	NULL	NEITHER
ENSG00000203416	NULL	REPRESSED	NEITHER
ENSG00000203437	REPRESSED	NULL	NEITHER
ENSG00000203469	NULL	INCONSISTENT	NEITHER
ENSG00000203485	SIMPLE_OR	NULL	NEITHER
ENSG00000203546	SIMPLE_AND	INCONSISTENT	GM12878
ENSG00000203573	NULL	INCONSISTENT	NEITHER
ENSG00000203588	NULL	INCONSISTENT	NEITHER
ENSG00000203618	NULL	SIMPLE_AND	K562
ENSG00000203635	NULL	REPRESSED	NEITHER
ENSG00000203650	NULL	INCONSISTENT	NEITHER
ENSG00000203667	SIMPLE_AND	INCONSISTENT	GM12878
ENSG00000203668	SIMPLE_AND	COMPLEX	GM12878
ENSG00000203684	SIMPLE_AND	INCONSISTENT	GM12878
ENSG00000203688	NULL	REPRESSED	NEITHER
ENSG00000203697	NULL	REPRESSED	NEITHER
ENSG00000203710	SIMPLE_OR	INCONSISTENT	NEITHER
ENSG00000203722	REPRESSED	BIVALENT	NEITHER
ENSG00000203724	BIVALENT	INCONSISTENT	NEITHER
ENSG00000203727	REPRESSED	BIVALENT	NEITHER
ENSG00000203756	INCONSISTENT	NULL	NEITHER
ENSG00000203761	SIMPLE_AND	INCONSISTENT	GM12878
ENSG00000203782	INCONSISTENT	NULL	NEITHER
ENSG00000203791	SIMPLE_AND	INCONSISTENT	GM12878
ENSG00000203797	NULL	REPRESSED	NEITHER
ENSG00000203804	SIMPLE_AND	INCONSISTENT	GM12878
ENSG00000203805	REPRESSED	INCONSISTENT	NEITHER
ENSG00000203808	BIVALENT	INCONSISTENT	NEITHER
ENSG00000203809	REPRESSED	INCONSISTENT	NEITHER
ENSG00000203855	INCONSISTENT	NULL	NEITHER
ENSG00000203857	REPRESSED	NULL	NEITHER
ENSG00000203864	NULL	INCONSISTENT	NEITHER
ENSG00000203865	NULL	INCONSISTENT	NEITHER
ENSG00000203867	BIVALENT	INCONSISTENT	NEITHER
ENSG00000203870	NULL	INCONSISTENT	NEITHER
ENSG00000203875	COMPLEX	SIMPLE_AND	K562
ENSG00000203877	BIVALENT	REPRESSED	NEITHER
ENSG00000203878	REPRESSED	NULL	NEITHER
ENSG00000203883	SIMPLE_OR	INCONSISTENT	NEITHER
ENSG00000203896	SIMPLE_AND	NULL	GM12878
ENSG00000203909	NULL	REPRESSED	NEITHER
ENSG00000203910	NULL	INCONSISTENT	NEITHER
ENSG00000203950	INCONSISTENT	SIMPLE_AND	K562
ENSG00000203952	NULL	BIVALENT	NEITHER
ENSG00000203965	SIMPLE_AND	INCONSISTENT	GM12878
ENSG00000203985	NULL	REPRESSED	NEITHER
ENSG00000203987	NULL	REPRESSED	NEITHER
ENSG00000203989	NULL	INCONSISTENT	NEITHER
ENSG00000203993	SIMPLE_AND	INCONSISTENT	GM12878
ENSG00000203999	NULL	INCONSISTENT	NEITHER
ENSG00000204001	REPRESSED	NULL	NEITHER
ENSG00000204006	INCONSISTENT	NULL	NEITHER
ENSG00000204007	NULL	REPRESSED	NEITHER
ENSG00000204025	REPRESSED	NULL	NEITHER
ENSG00000204052	BIVALENT	INCONSISTENT	NEITHER
ENSG00000204054	REPRESSED	COMPLEX	NEITHER
ENSG00000204055	BIVALENT	INCONSISTENT	NEITHER
ENSG00000204065	NULL	REPRESSED	NEITHER
ENSG00000204103	REPRESSED	INCONSISTENT	NEITHER
ENSG00000204104	SIMPLE_OR	INCONSISTENT	NEITHER
ENSG00000204116	SIMPLE_AND	INCONSISTENT	GM12878
ENSG00000204117	NULL	REPRESSED	NEITHER
ENSG00000204121	REPRESSED	INCONSISTENT	NEITHER
ENSG00000204128	REPRESSED	BIVALENT	NEITHER
ENSG00000204130	SIMPLE_AND	INCONSISTENT	GM12878
ENSG00000204136	REPRESSED	BIVALENT	NEITHER
ENSG00000204147	SIMPLE_AND	INCONSISTENT	GM12878
ENSG00000204165	SIMPLE_AND	INCONSISTENT	GM12878
ENSG00000204173	NULL	REPRESSED	NEITHER
ENSG00000204175	REPRESSED	NULL	NEITHER
ENSG00000204177	SIMPLE_OR	INCONSISTENT	NEITHER
ENSG00000204178	SIMPLE_AND	INCONSISTENT	GM12878
ENSG00000204186	SIMPLE_AND	BIVALENT	GM12878
ENSG00000204217	SIMPLE_AND	INCONSISTENT	GM12878
ENSG00000204219	REPRESSED	INCONSISTENT	NEITHER
ENSG00000204228	SIMPLE_AND	INCONSISTENT	GM12878
ENSG00000204252	SIMPLE_AND	REPRESSED	GM12878
ENSG00000204257	SIMPLE_AND	INCONSISTENT	GM12878
ENSG00000204261	SIMPLE_AND	INCONSISTENT	GM12878
ENSG00000204264	SIMPLE_AND	INCONSISTENT	GM12878
ENSG00000204267	SIMPLE_AND	INCONSISTENT	GM12878
ENSG00000204271	SIMPLE_AND	INCONSISTENT	GM12878
ENSG00000204272	SIMPLE_AND	INCONSISTENT	GM12878
ENSG00000204278	REPRESSED	NULL	NEITHER
ENSG00000204287	SIMPLE_AND	NULL	GM12878
ENSG00000204290	NULL	REPRESSED	NEITHER
ENSG00000204291	REPRESSED	BIVALENT	NEITHER
ENSG00000204296	NULL	REPRESSED	NEITHER
ENSG00000204301	NULL	REPRESSED	NEITHER
ENSG00000204305	SIMPLE_OR	INCONSISTENT	NEITHER
ENSG00000204311	SIMPLE_AND	INCONSISTENT	GM12878
ENSG00000204314	BIVALENT	INCONSISTENT	NEITHER
ENSG00000204323	NULL	INCONSISTENT	NEITHER
ENSG00000204335	BIVALENT	COMPLEX	NEITHER
ENSG00000204347	REPRESSED	NULL	NEITHER
ENSG00000204348	SIMPLE_AND	INCONSISTENT	GM12878
ENSG00000204352	NULL	BIVALENT	NEITHER
ENSG00000204362	REPRESSED	NULL	NEITHER
ENSG00000204380	NULL	REPRESSED	NEITHER
ENSG00000204396	SIMPLE_OR	INCONSISTENT	NEITHER
ENSG00000204403	INCONSISTENT	NULL	NEITHER
ENSG00000204406	SIMPLE_AND	INCONSISTENT	GM12878
ENSG00000204422	REPRESSED	NULL	NEITHER
ENSG00000204424	NULL	INCONSISTENT	NEITHER
ENSG00000204434	SIMPLE_OR	NULL	NEITHER
ENSG00000204442	NULL	BIVALENT	NEITHER
ENSG00000204446	REPRESSED	INCONSISTENT	NEITHER
ENSG00000204464	COMPLEX	NULL	NEITHER
ENSG00000204472	SIMPLE_AND	INCONSISTENT	GM12878
ENSG00000204475	INCONSISTENT	NULL	NEITHER
ENSG00000204482	INCONSISTENT	NULL	NEITHER
ENSG00000204498	SIMPLE_AND	INCONSISTENT	GM12878
ENSG00000204514	COMPLEX	NULL	NEITHER
ENSG00000204524	SIMPLE_AND	COMPLEX	GM12878
ENSG00000204525	SIMPLE_AND	REPRESSED	GM12878
ENSG00000204528	INCONSISTENT	NULL	NEITHER
ENSG00000204531	SIMPLE_AND	NULL	GM12878
ENSG00000204532	NULL	REPRESSED	NEITHER
ENSG00000204540	NULL	REPRESSED	NEITHER
ENSG00000204542	NULL	REPRESSED	NEITHER
ENSG00000204580	SIMPLE_OR	SIMPLE_AND	K562
ENSG00000204581	REPRESSED	NULL	NEITHER
ENSG00000204583	NULL	REPRESSED	NEITHER
ENSG00000204604	COMPLEX	SIMPLE_AND	K562
ENSG00000204610	NULL	REPRESSED	NEITHER
ENSG00000204611	SIMPLE_AND	INCONSISTENT	GM12878
ENSG00000204612	REPRESSED	NULL	NEITHER
ENSG00000204613	NULL	REPRESSED	NEITHER
ENSG00000204616	SIMPLE_OR	REPRESSED	NEITHER
ENSG00000204622	REPRESSED	NULL	NEITHER
ENSG00000204623	COMPLEX	INCONSISTENT	NEITHER
ENSG00000204624	INCONSISTENT	BIVALENT	NEITHER
ENSG00000204625	BIVALENT	INCONSISTENT	NEITHER
ENSG00000204634	SIMPLE_AND	INCONSISTENT	GM12878
ENSG00000204642	SIMPLE_AND	NULL	GM12878
ENSG00000204644	INCONSISTENT	NULL	NEITHER
ENSG00000204655	INCONSISTENT	REPRESSED	NEITHER
ENSG00000204659	SIMPLE_AND	INCONSISTENT	GM12878
ENSG00000204661	NULL	REPRESSED	NEITHER
ENSG00000204671	NULL	REPRESSED	NEITHER
ENSG00000204682	BIVALENT	INCONSISTENT	NEITHER
ENSG00000204685	SIMPLE_AND	INCONSISTENT	GM12878
ENSG00000204688	NULL	REPRESSED	NEITHER
ENSG00000204694	NULL	REPRESSED	NEITHER
ENSG00000204711	NULL	INCONSISTENT	NEITHER
ENSG00000204764	REPRESSED	NULL	NEITHER
ENSG00000204789	REPRESSED	NULL	NEITHER
ENSG00000204791	REPRESSED	NULL	NEITHER
ENSG00000204792	INCONSISTENT	BIVALENT	NEITHER
ENSG00000204832	NULL	INCONSISTENT	NEITHER
ENSG00000204839	REPRESSED	INCONSISTENT	NEITHER
ENSG00000204850	REPRESSED	BIVALENT	NEITHER
ENSG00000204851	REPRESSED	BIVALENT	NEITHER
ENSG00000204852	SIMPLE_AND	INCONSISTENT	GM12878
ENSG00000204860	REPRESSED	NULL	NEITHER
ENSG00000204869	REPRESSED	INCONSISTENT	NEITHER
ENSG00000204876	NULL	REPRESSED	NEITHER
ENSG00000204899	SIMPLE_AND	INCONSISTENT	GM12878
ENSG00000204909	NULL	INCONSISTENT	NEITHER
ENSG00000204920	REPRESSED	NULL	NEITHER
ENSG00000204922	SIMPLE_AND	INCONSISTENT	GM12878
ENSG00000204928	NULL	BIVALENT	NEITHER
ENSG00000204946	SIMPLE_AND	INCONSISTENT	GM12878
ENSG00000204950	REPRESSED	BIVALENT	NEITHER
ENSG00000204969	NULL	INCONSISTENT	NEITHER
ENSG00000204977	SIMPLE_AND	INCONSISTENT	GM12878
ENSG00000204979	NULL	INCONSISTENT	NEITHER
ENSG00000204982	REPRESSED	NULL	NEITHER
ENSG00000204983	REPRESSED	NULL	NEITHER
ENSG00000205002	REPRESSED	BIVALENT	NEITHER
ENSG00000205015	NULL	INCONSISTENT	NEITHER
ENSG00000205018	INCONSISTENT	NULL	NEITHER
ENSG00000205037	NULL	REPRESSED	NEITHER
ENSG00000205038	NULL	INCONSISTENT	NEITHER
ENSG00000205041	SIMPLE_AND	INCONSISTENT	GM12878
ENSG00000205045	SIMPLE_AND	NULL	GM12878
ENSG00000205054	NULL	REPRESSED	NEITHER
ENSG00000205056	SIMPLE_AND	NULL	GM12878
ENSG00000205078	REPRESSED	NULL	NEITHER
ENSG00000205086	INCONSISTENT	NULL	NEITHER
ENSG00000205089	COMPLEX	NULL	NEITHER
ENSG00000205106	BIVALENT	INCONSISTENT	NEITHER
ENSG00000205116	NULL	INCONSISTENT	NEITHER
ENSG00000205126	NULL	REPRESSED	NEITHER
ENSG00000205138	SIMPLE_AND	INCONSISTENT	GM12878
ENSG00000205143	REPRESSED	BIVALENT	NEITHER
ENSG00000205189	SIMPLE_AND	INCONSISTENT	GM12878
ENSG00000205208	SIMPLE_AND	INCONSISTENT	GM12878
ENSG00000205209	COMPLEX	NULL	NEITHER
ENSG00000205269	SIMPLE_AND	BIVALENT	GM12878
ENSG00000205274	NULL	INCONSISTENT	NEITHER
ENSG00000205279	NULL	REPRESSED	NEITHER
ENSG00000205300	NULL	INCONSISTENT	NEITHER
ENSG00000205309	SIMPLE_AND	INCONSISTENT	GM12878
ENSG00000205334	NULL	BIVALENT	NEITHER
ENSG00000205336	INCONSISTENT	NULL	NEITHER
ENSG00000205339	SIMPLE_AND	COMPLEX	GM12878
ENSG00000205356	SIMPLE_AND	INCONSISTENT	GM12878
ENSG00000205360	REPRESSED	NULL	NEITHER
ENSG00000205362	NULL	BIVALENT	NEITHER
ENSG00000205363	NULL	REPRESSED	NEITHER
ENSG00000205403	REPRESSED	NULL	NEITHER
ENSG00000205413	SIMPLE_AND	NULL	GM12878
ENSG00000205414	NULL	REPRESSED	NEITHER
ENSG00000205420	NULL	REPRESSED	NEITHER
ENSG00000205444	NULL	REPRESSED	NEITHER
ENSG00000205445	NULL	REPRESSED	NEITHER
ENSG00000205464	SIMPLE_AND	INCONSISTENT	GM12878
ENSG00000205476	SIMPLE_OR	SIMPLE_AND	K562
ENSG00000205485	SIMPLE_AND	INCONSISTENT	GM12878
ENSG00000205488	REPRESSED	NULL	NEITHER
ENSG00000205500	NULL	INCONSISTENT	NEITHER
ENSG00000205502	REPRESSED	NULL	NEITHER
ENSG00000205517	REPRESSED	NULL	NEITHER
ENSG00000205534	SIMPLE_AND	INCONSISTENT	GM12878
ENSG00000205537	INCONSISTENT	NULL	NEITHER
ENSG00000205544	BIVALENT	SIMPLE_AND	K562
ENSG00000205560	SIMPLE_OR	NULL	NEITHER
ENSG00000205571	NULL	SIMPLE_AND	K562
ENSG00000205583	SIMPLE_OR	INCONSISTENT	NEITHER
ENSG00000205593	SIMPLE_AND	INCONSISTENT	GM12878
ENSG00000205609	NULL	SIMPLE_OR	NEITHER
ENSG00000205611	NULL	INCONSISTENT	NEITHER
ENSG00000205628	REPRESSED	INCONSISTENT	NEITHER
ENSG00000205634	NULL	INCONSISTENT	NEITHER
ENSG00000205639	REPRESSED	INCONSISTENT	NEITHER
ENSG00000205643	SIMPLE_AND	INCONSISTENT	GM12878
ENSG00000205659	SIMPLE_AND	INCONSISTENT	GM12878
ENSG00000205669	BIVALENT	INCONSISTENT	NEITHER
ENSG00000205683	SIMPLE_OR	INCONSISTENT	NEITHER
ENSG00000205696	NULL	REPRESSED	NEITHER
ENSG00000205704	SIMPLE_AND	NULL	GM12878
ENSG00000205707	SIMPLE_AND	INCONSISTENT	GM12878
ENSG00000205710	INCONSISTENT	NULL	NEITHER
ENSG00000205716	INCONSISTENT	NULL	NEITHER
ENSG00000205726	BIVALENT	INCONSISTENT	NEITHER
ENSG00000205730	SIMPLE_AND	INCONSISTENT	GM12878
ENSG00000205740	SIMPLE_AND	INCONSISTENT	GM12878
ENSG00000205744	SIMPLE_AND	NULL	GM12878
ENSG00000205755	SIMPLE_OR	NULL	NEITHER
ENSG00000205758	BIVALENT	SIMPLE_AND	K562
ENSG00000205763	INCONSISTENT	COMPLEX	NEITHER
ENSG00000205767	NULL	REPRESSED	NEITHER
ENSG00000205771	SIMPLE_AND	INCONSISTENT	GM12878
ENSG00000205786	SIMPLE_OR	NULL	NEITHER
ENSG00000205790	NULL	INCONSISTENT	NEITHER
ENSG00000205795	SIMPLE_AND	BIVALENT	GM12878
ENSG00000205808	SIMPLE_AND	INCONSISTENT	GM12878
ENSG00000205809	REPRESSED	NULL	NEITHER
ENSG00000205832	NULL	REPRESSED	NEITHER
ENSG00000205856	REPRESSED	NULL	NEITHER
ENSG00000205866	NULL	REPRESSED	NEITHER
ENSG00000205884	REPRESSED	NULL	NEITHER
ENSG00000205890	REPRESSED	NULL	NEITHER
ENSG00000205903	SIMPLE_AND	INCONSISTENT	GM12878
ENSG00000205913	SIMPLE_AND	INCONSISTENT	GM12878
ENSG00000205922	REPRESSED	INCONSISTENT	NEITHER
ENSG00000205930	SIMPLE_AND	INCONSISTENT	GM12878
ENSG00000205978	REPRESSED	INCONSISTENT	NEITHER
ENSG00000206013	NULL	INCONSISTENT	NEITHER
ENSG00000206028	SIMPLE_AND	INCONSISTENT	GM12878
ENSG00000206052	REPRESSED	NULL	NEITHER
ENSG00000206113	BIVALENT	INCONSISTENT	NEITHER
ENSG00000206120	SIMPLE_AND	BIVALENT	GM12878
ENSG00000206140	NULL	INCONSISTENT	NEITHER
ENSG00000206145	NULL	INCONSISTENT	NEITHER
ENSG00000206147	INCONSISTENT	NULL	NEITHER
ENSG00000206172	REPRESSED	SIMPLE_AND	K562
ENSG00000206177	BIVALENT	INCONSISTENT	NEITHER
ENSG00000206178	NULL	SIMPLE_AND	K562
ENSG00000206181	NULL	REPRESSED	NEITHER
ENSG00000206195	NULL	SIMPLE_OR	NEITHER
ENSG00000206199	INCONSISTENT	NULL	NEITHER
ENSG00000206262	REPRESSED	INCONSISTENT	NEITHER
ENSG00000206337	SIMPLE_AND	NULL	GM12878
ENSG00000206341	SIMPLE_AND	REPRESSED	GM12878
ENSG00000206344	SIMPLE_AND	INCONSISTENT	GM12878
ENSG00000206384	NULL	INCONSISTENT	NEITHER
ENSG00000206418	SIMPLE_AND	INCONSISTENT	GM12878
ENSG00000206422	NULL	REPRESSED	NEITHER
ENSG00000206432	REPRESSED	NULL	NEITHER
ENSG00000206503	SIMPLE_AND	NULL	GM12878
ENSG00000206527	SIMPLE_AND	INCONSISTENT	GM12878
ENSG00000206530	REPRESSED	NULL	NEITHER
ENSG00000206531	REPRESSED	NULL	NEITHER
ENSG00000206535	SIMPLE_AND	INCONSISTENT	GM12878
ENSG00000206538	REPRESSED	NULL	NEITHER
ENSG00000206549	NULL	INCONSISTENT	NEITHER
ENSG00000206552	NULL	INCONSISTENT	NEITHER
ENSG00000206557	BIVALENT	REPRESSED	NEITHER
ENSG00000206561	NULL	REPRESSED	NEITHER
ENSG00000206582	NULL	INCONSISTENT	NEITHER
ENSG00000206585	NULL	SIMPLE_AND	K562
ENSG00000206589	INCONSISTENT	NULL	NEITHER
ENSG00000206593	INCONSISTENT	NULL	NEITHER
ENSG00000206597	INCONSISTENT	SIMPLE_AND	K562
ENSG00000206603	INCONSISTENT	SIMPLE_AND	K562
ENSG00000206605	REPRESSED	NULL	NEITHER
ENSG00000206609	REPRESSED	NULL	NEITHER
ENSG00000206614	REPRESSED	NULL	NEITHER
ENSG00000206617	REPRESSED	NULL	NEITHER
ENSG00000206624	REPRESSED	NULL	NEITHER
ENSG00000206625	INCONSISTENT	SIMPLE_AND	K562
ENSG00000206633	COMPLEX	SIMPLE_AND	K562
ENSG00000206636	INCONSISTENT	NULL	NEITHER
ENSG00000206650	REPRESSED	NULL	NEITHER
ENSG00000206651	INCONSISTENT	NULL	NEITHER
ENSG00000206652	INCONSISTENT	SIMPLE_AND	K562
ENSG00000206658	NULL	INCONSISTENT	NEITHER
ENSG00000206669	REPRESSED	NULL	NEITHER
ENSG00000206671	NULL	INCONSISTENT	NEITHER
ENSG00000206680	INCONSISTENT	NULL	NEITHER
ENSG00000206684	REPRESSED	NULL	NEITHER
ENSG00000206692	INCONSISTENT	NULL	NEITHER
ENSG00000206693	NULL	INCONSISTENT	NEITHER
ENSG00000206704	REPRESSED	INCONSISTENT	NEITHER
ENSG00000206709	NULL	REPRESSED	NEITHER
ENSG00000206717	NULL	INCONSISTENT	NEITHER
ENSG00000206726	NULL	INCONSISTENT	NEITHER
ENSG00000206728	REPRESSED	NULL	NEITHER
ENSG00000206737	INCONSISTENT	SIMPLE_OR	NEITHER
ENSG00000206744	REPRESSED	NULL	NEITHER
ENSG00000206745	REPRESSED	NULL	NEITHER
ENSG00000206760	INCONSISTENT	SIMPLE_AND	K562
ENSG00000206762	INCONSISTENT	NULL	NEITHER
ENSG00000206764	NULL	INCONSISTENT	NEITHER
ENSG00000206774	REPRESSED	NULL	NEITHER
ENSG00000206781	INCONSISTENT	NULL	NEITHER
ENSG00000206784	INCONSISTENT	NULL	NEITHER
ENSG00000206786	REPRESSED	NULL	NEITHER
ENSG00000206811	INCONSISTENT	SIMPLE_AND	K562
ENSG00000206813	INCONSISTENT	NULL	NEITHER
ENSG00000206828	INCONSISTENT	SIMPLE_AND	K562
ENSG00000206834	INCONSISTENT	NULL	NEITHER
ENSG00000206859	NULL	INCONSISTENT	NEITHER
ENSG00000206866	INCONSISTENT	NULL	NEITHER
ENSG00000206875	NULL	INCONSISTENT	NEITHER
ENSG00000206878	REPRESSED	NULL	NEITHER
ENSG00000206881	INCONSISTENT	NULL	NEITHER
ENSG00000206892	REPRESSED	NULL	NEITHER
ENSG00000206898	REPRESSED	INCONSISTENT	NEITHER
ENSG00000206903	INCONSISTENT	SIMPLE_AND	K562
ENSG00000206922	REPRESSED	NULL	NEITHER
ENSG00000206923	REPRESSED	NULL	NEITHER
ENSG00000206926	INCONSISTENT	NULL	NEITHER
ENSG00000206941	INCONSISTENT	SIMPLE_AND	K562
ENSG00000206944	REPRESSED	NULL	NEITHER
ENSG00000206948	NULL	INCONSISTENT	NEITHER
ENSG00000206960	REPRESSED	NULL	NEITHER
ENSG00000206967	INCONSISTENT	NULL	NEITHER
ENSG00000206978	REPRESSED	NULL	NEITHER
ENSG00000206980	NULL	REPRESSED	NEITHER
ENSG00000206981	NULL	REPRESSED	NEITHER
ENSG00000206991	INCONSISTENT	NULL	NEITHER
ENSG00000206995	NULL	REPRESSED	NEITHER
ENSG00000206997	REPRESSED	NULL	NEITHER
ENSG00000207000	INCONSISTENT	NULL	NEITHER
ENSG00000207001	REPRESSED	NULL	NEITHER
ENSG00000207003	INCONSISTENT	NULL	NEITHER
ENSG00000207005	INCONSISTENT	SIMPLE_AND	K562
ENSG00000207011	REPRESSED	NULL	NEITHER
ENSG00000207014	REPRESSED	NULL	NEITHER
ENSG00000207019	REPRESSED	NULL	NEITHER
ENSG00000207036	REPRESSED	NULL	NEITHER
ENSG00000207042	INCONSISTENT	NULL	NEITHER
ENSG00000207051	INCONSISTENT	SIMPLE_AND	K562
ENSG00000207056	NULL	REPRESSED	NEITHER
ENSG00000207067	INCONSISTENT	SIMPLE_AND	K562
ENSG00000207073	INCONSISTENT	NULL	NEITHER
ENSG00000207075	NULL	REPRESSED	NEITHER
ENSG00000207083	NULL	INCONSISTENT	NEITHER
ENSG00000207087	REPRESSED	NULL	NEITHER
ENSG00000207088	INCONSISTENT	SIMPLE_AND	K562
ENSG00000207091	COMPLEX	NULL	NEITHER
ENSG00000207093	REPRESSED	NULL	NEITHER
ENSG00000207101	REPRESSED	NULL	NEITHER
ENSG00000207110	INCONSISTENT	NULL	NEITHER
ENSG00000207112	NULL	INCONSISTENT	NEITHER
ENSG00000207118	COMPLEX	INCONSISTENT	NEITHER
ENSG00000207119	NULL	INCONSISTENT	NEITHER
ENSG00000207131	INCONSISTENT	NULL	NEITHER
ENSG00000207132	NULL	INCONSISTENT	NEITHER
ENSG00000207145	INCONSISTENT	NULL	NEITHER
ENSG00000207148	REPRESSED	NULL	NEITHER
ENSG00000207151	INCONSISTENT	NULL	NEITHER
ENSG00000207160	REPRESSED	NULL	NEITHER
ENSG00000207165	INCONSISTENT	SIMPLE_AND	K562
ENSG00000207166	INCONSISTENT	SIMPLE_AND	K562
ENSG00000207168	NULL	SIMPLE_OR	NEITHER
ENSG00000207173	NULL	REPRESSED	NEITHER
ENSG00000207180	REPRESSED	NULL	NEITHER
ENSG00000207181	INCONSISTENT	SIMPLE_AND	K562
ENSG00000207186	REPRESSED	COMPLEX	NEITHER
ENSG00000207193	REPRESSED	NULL	NEITHER
ENSG00000207197	REPRESSED	NULL	NEITHER
ENSG00000207199	NULL	INCONSISTENT	NEITHER
ENSG00000207202	NULL	COMPLEX	NEITHER
ENSG00000207203	REPRESSED	NULL	NEITHER
ENSG00000207204	COMPLEX	NULL	NEITHER
ENSG00000207205	INCONSISTENT	SIMPLE_AND	K562
ENSG00000207207	NULL	INCONSISTENT	NEITHER
ENSG00000207210	INCONSISTENT	NULL	NEITHER
ENSG00000207214	INCONSISTENT	NULL	NEITHER
ENSG00000207217	INCONSISTENT	SIMPLE_OR	NEITHER
ENSG00000207222	REPRESSED	NULL	NEITHER
ENSG00000207223	INCONSISTENT	NULL	NEITHER
ENSG00000207233	INCONSISTENT	SIMPLE_AND	K562
ENSG00000207243	NULL	INCONSISTENT	NEITHER
ENSG00000207244	REPRESSED	NULL	NEITHER
ENSG00000207247	NULL	REPRESSED	NEITHER
ENSG00000207260	COMPLEX	NULL	NEITHER
ENSG00000207269	INCONSISTENT	NULL	NEITHER
ENSG00000207276	NULL	INCONSISTENT	NEITHER
ENSG00000207277	NULL	INCONSISTENT	NEITHER
ENSG00000207278	NULL	REPRESSED	NEITHER
ENSG00000207280	INCONSISTENT	NULL	NEITHER
ENSG00000207281	INCONSISTENT	NULL	NEITHER
ENSG00000207283	NULL	INCONSISTENT	NEITHER
ENSG00000207287	INCONSISTENT	NULL	NEITHER
ENSG00000207292	INCONSISTENT	NULL	NEITHER
ENSG00000207297	NULL	INCONSISTENT	NEITHER
ENSG00000207302	BIVALENT	INCONSISTENT	NEITHER
ENSG00000207304	INCONSISTENT	NULL	NEITHER
ENSG00000207306	INCONSISTENT	NULL	NEITHER
ENSG00000207308	NULL	REPRESSED	NEITHER
ENSG00000207310	NULL	REPRESSED	NEITHER
ENSG00000207321	REPRESSED	NULL	NEITHER
ENSG00000207325	REPRESSED	NULL	NEITHER
ENSG00000207326	NULL	INCONSISTENT	NEITHER
ENSG00000207328	REPRESSED	NULL	NEITHER
ENSG00000207330	REPRESSED	INCONSISTENT	NEITHER
ENSG00000207334	REPRESSED	NULL	NEITHER
ENSG00000207340	REPRESSED	NULL	NEITHER
ENSG00000207349	REPRESSED	NULL	NEITHER
ENSG00000207351	REPRESSED	NULL	NEITHER
ENSG00000207356	INCONSISTENT	REPRESSED	NEITHER
ENSG00000207357	INCONSISTENT	SIMPLE_AND	K562
ENSG00000207361	NULL	REPRESSED	NEITHER
ENSG00000207365	NULL	INCONSISTENT	NEITHER
ENSG00000207367	NULL	INCONSISTENT	NEITHER
ENSG00000207371	NULL	INCONSISTENT	NEITHER
ENSG00000207385	REPRESSED	NULL	NEITHER
ENSG00000207392	INCONSISTENT	NULL	NEITHER
ENSG00000207401	INCONSISTENT	NULL	NEITHER
ENSG00000207405	INCONSISTENT	SIMPLE_AND	K562
ENSG00000207415	NULL	REPRESSED	NEITHER
ENSG00000207419	INCONSISTENT	NULL	NEITHER
ENSG00000207422	NULL	REPRESSED	NEITHER
ENSG00000207435	NULL	INCONSISTENT	NEITHER
ENSG00000207439	NULL	INCONSISTENT	NEITHER
ENSG00000207444	INCONSISTENT	NULL	NEITHER
ENSG00000207445	INCONSISTENT	SIMPLE_AND	K562
ENSG00000207449	NULL	INCONSISTENT	NEITHER
ENSG00000207452	COMPLEX	NULL	NEITHER
ENSG00000207453	INCONSISTENT	REPRESSED	NEITHER
ENSG00000207454	NULL	REPRESSED	NEITHER
ENSG00000207458	REPRESSED	NULL	NEITHER
ENSG00000207461	NULL	REPRESSED	NEITHER
ENSG00000207474	NULL	REPRESSED	NEITHER
ENSG00000207483	REPRESSED	INCONSISTENT	NEITHER
ENSG00000207488	NULL	REPRESSED	NEITHER
ENSG00000207496	INCONSISTENT	SIMPLE_AND	K562
ENSG00000207501	INCONSISTENT	SIMPLE_AND	K562
ENSG00000207503	NULL	REPRESSED	NEITHER
ENSG00000207504	NULL	INCONSISTENT	NEITHER
ENSG00000207505	INCONSISTENT	NULL	NEITHER
ENSG00000207507	INCONSISTENT	SIMPLE_AND	K562
ENSG00000207508	NULL	INCONSISTENT	NEITHER
ENSG00000207523	INCONSISTENT	NULL	NEITHER
ENSG00000207546	INCONSISTENT	NULL	NEITHER
ENSG00000207547	NULL	INCONSISTENT	NEITHER
ENSG00000207550	NULL	INCONSISTENT	NEITHER
ENSG00000207552	NULL	REPRESSED	NEITHER
ENSG00000207554	NULL	INCONSISTENT	NEITHER
ENSG00000207562	REPRESSED	BIVALENT	NEITHER
ENSG00000207571	BIVALENT	NULL	NEITHER
ENSG00000207585	NULL	INCONSISTENT	NEITHER
ENSG00000207594	NULL	REPRESSED	NEITHER
ENSG00000207598	BIVALENT	INCONSISTENT	NEITHER
ENSG00000207599	REPRESSED	NULL	NEITHER
ENSG00000207604	REPRESSED	NULL	NEITHER
ENSG00000207607	NULL	REPRESSED	NEITHER
ENSG00000207611	REPRESSED	NULL	NEITHER
ENSG00000207613	NULL	INCONSISTENT	NEITHER
ENSG00000207614	BIVALENT	INCONSISTENT	NEITHER
ENSG00000207616	NULL	REPRESSED	NEITHER
ENSG00000207630	REPRESSED	NULL	NEITHER
ENSG00000207632	REPRESSED	NULL	NEITHER
ENSG00000207637	NULL	REPRESSED	NEITHER
ENSG00000207638	REPRESSED	NULL	NEITHER
ENSG00000207642	REPRESSED	NULL	NEITHER
ENSG00000207649	INCONSISTENT	NULL	NEITHER
ENSG00000207650	NULL	INCONSISTENT	NEITHER
ENSG00000207651	REPRESSED	NULL	NEITHER
ENSG00000207691	NULL	INCONSISTENT	NEITHER
ENSG00000207693	REPRESSED	NULL	NEITHER
ENSG00000207695	REPRESSED	NULL	NEITHER
ENSG00000207699	NULL	REPRESSED	NEITHER
ENSG00000207701	REPRESSED	NULL	NEITHER
ENSG00000207714	NULL	INCONSISTENT	NEITHER
ENSG00000207730	NULL	REPRESSED	NEITHER
ENSG00000207757	NULL	INCONSISTENT	NEITHER
ENSG00000207773	INCONSISTENT	NULL	NEITHER
ENSG00000207780	NULL	INCONSISTENT	NEITHER
ENSG00000207781	INCONSISTENT	NULL	NEITHER
ENSG00000207803	NULL	REPRESSED	NEITHER
ENSG00000207805	REPRESSED	NULL	NEITHER
ENSG00000207807	REPRESSED	NULL	NEITHER
ENSG00000207810	NULL	REPRESSED	NEITHER
ENSG00000207811	REPRESSED	BIVALENT	NEITHER
ENSG00000207816	REPRESSED	NULL	NEITHER
ENSG00000207826	NULL	REPRESSED	NEITHER
ENSG00000207839	NULL	INCONSISTENT	NEITHER
ENSG00000207869	REPRESSED	NULL	NEITHER
ENSG00000207924	REPRESSED	INCONSISTENT	NEITHER
ENSG00000207925	REPRESSED	NULL	NEITHER
ENSG00000207933	BIVALENT	INCONSISTENT	NEITHER
ENSG00000207938	NULL	REPRESSED	NEITHER
ENSG00000207940	INCONSISTENT	NULL	NEITHER
ENSG00000207946	NULL	REPRESSED	NEITHER
ENSG00000207947	INCONSISTENT	NULL	NEITHER
ENSG00000207951	NULL	INCONSISTENT	NEITHER
ENSG00000207954	NULL	REPRESSED	NEITHER
ENSG00000207960	NULL	REPRESSED	NEITHER
ENSG00000207962	REPRESSED	NULL	NEITHER
ENSG00000207971	REPRESSED	NULL	NEITHER
ENSG00000207974	NULL	INCONSISTENT	NEITHER
ENSG00000207976	NULL	INCONSISTENT	NEITHER
ENSG00000207982	NULL	INCONSISTENT	NEITHER
ENSG00000207990	NULL	INCONSISTENT	NEITHER
ENSG00000207992	NULL	REPRESSED	NEITHER
ENSG00000208003	NULL	REPRESSED	NEITHER
ENSG00000208005	NULL	INCONSISTENT	NEITHER
ENSG00000208008	NULL	INCONSISTENT	NEITHER
ENSG00000208009	INCONSISTENT	NULL	NEITHER
ENSG00000208022	BIVALENT	NULL	NEITHER
ENSG00000208023	INCONSISTENT	NULL	NEITHER
ENSG00000208036	NULL	INCONSISTENT	NEITHER
ENSG00000208037	COMPLEX	INCONSISTENT	NEITHER
ENSG00000209042	COMPLEX	INCONSISTENT	NEITHER
ENSG00000209582	INCONSISTENT	SIMPLE_AND	K562
ENSG00000210741	REPRESSED	INCONSISTENT	NEITHER
ENSG00000210825	INCONSISTENT	SIMPLE_OR	NEITHER
ENSG00000211137	NULL	REPRESSED	NEITHER
ENSG00000211445	NULL	INCONSISTENT	NEITHER
ENSG00000211448	REPRESSED	NULL	NEITHER
ENSG00000211451	SIMPLE_AND	INCONSISTENT	GM12878
ENSG00000211455	COMPLEX	INCONSISTENT	NEITHER
ENSG00000211532	REPRESSED	NULL	NEITHER
ENSG00000211568	REPRESSED	INCONSISTENT	NEITHER
ENSG00000211578	INCONSISTENT	NULL	NEITHER
ENSG00000211584	SIMPLE_AND	NULL	GM12878
ENSG00000211592	INCONSISTENT	NULL	NEITHER
ENSG00000211593	INCONSISTENT	NULL	NEITHER
ENSG00000211594	INCONSISTENT	NULL	NEITHER
ENSG00000211595	INCONSISTENT	NULL	NEITHER
ENSG00000211596	INCONSISTENT	NULL	NEITHER
ENSG00000211597	INCONSISTENT	NULL	NEITHER
ENSG00000211598	INCONSISTENT	NULL	NEITHER
ENSG00000211637	INCONSISTENT	NULL	NEITHER
ENSG00000211638	COMPLEX	REPRESSED	NEITHER
ENSG00000211639	INCONSISTENT	NULL	NEITHER
ENSG00000211640	SIMPLE_AND	NULL	GM12878
ENSG00000211641	NULL	REPRESSED	NEITHER
ENSG00000211642	NULL	REPRESSED	NEITHER
ENSG00000211645	NULL	REPRESSED	NEITHER
ENSG00000211649	NULL	REPRESSED	NEITHER
ENSG00000211651	NULL	REPRESSED	NEITHER
ENSG00000211655	NULL	REPRESSED	NEITHER
ENSG00000211656	NULL	REPRESSED	NEITHER
ENSG00000211658	NULL	REPRESSED	NEITHER
ENSG00000211659	INCONSISTENT	NULL	NEITHER
ENSG00000211660	INCONSISTENT	NULL	NEITHER
ENSG00000211663	INCONSISTENT	NULL	NEITHER
ENSG00000211666	NULL	REPRESSED	NEITHER
ENSG00000211670	INCONSISTENT	NULL	NEITHER
ENSG00000211676	INCONSISTENT	NULL	NEITHER
ENSG00000211677	SIMPLE_AND	NULL	GM12878
ENSG00000211678	INCONSISTENT	NULL	NEITHER
ENSG00000211679	INCONSISTENT	REPRESSED	NEITHER
ENSG00000211680	NULL	REPRESSED	NEITHER
ENSG00000211682	NULL	REPRESSED	NEITHER
ENSG00000211684	NULL	REPRESSED	NEITHER
ENSG00000211685	NULL	REPRESSED	NEITHER
ENSG00000211693	NULL	REPRESSED	NEITHER
ENSG00000211694	NULL	REPRESSED	NEITHER
ENSG00000211696	NULL	INCONSISTENT	NEITHER
ENSG00000211697	SIMPLE_AND	NULL	GM12878
ENSG00000211698	INCONSISTENT	NULL	NEITHER
ENSG00000211699	SIMPLE_AND	NULL	GM12878
ENSG00000211701	COMPLEX	NULL	NEITHER
ENSG00000211745	REPRESSED	NULL	NEITHER
ENSG00000211747	NULL	REPRESSED	NEITHER
ENSG00000211749	REPRESSED	NULL	NEITHER
ENSG00000211752	NULL	INCONSISTENT	NEITHER
ENSG00000211753	INCONSISTENT	NULL	NEITHER
ENSG00000211767	INCONSISTENT	BIVALENT	NEITHER
ENSG00000211768	INCONSISTENT	BIVALENT	NEITHER
ENSG00000211769	INCONSISTENT	BIVALENT	NEITHER
ENSG00000211770	INCONSISTENT	BIVALENT	NEITHER
ENSG00000211771	INCONSISTENT	BIVALENT	NEITHER
ENSG00000211772	SIMPLE_OR	REPRESSED	NEITHER
ENSG00000211777	REPRESSED	NULL	NEITHER
ENSG00000211809	REPRESSED	NULL	NEITHER
ENSG00000211819	REPRESSED	NULL	NEITHER
ENSG00000211825	INCONSISTENT	NULL	NEITHER
ENSG00000211827	INCONSISTENT	NULL	NEITHER
ENSG00000211829	COMPLEX	INCONSISTENT	NEITHER
ENSG00000211831	INCONSISTENT	NULL	NEITHER
ENSG00000211832	INCONSISTENT	NULL	NEITHER
ENSG00000211833	INCONSISTENT	NULL	NEITHER
ENSG00000211834	INCONSISTENT	REPRESSED	NEITHER
ENSG00000211835	INCONSISTENT	REPRESSED	NEITHER
ENSG00000211836	INCONSISTENT	REPRESSED	NEITHER
ENSG00000211837	INCONSISTENT	REPRESSED	NEITHER
ENSG00000211838	INCONSISTENT	REPRESSED	NEITHER
ENSG00000211839	INCONSISTENT	NULL	NEITHER
ENSG00000211840	INCONSISTENT	NULL	NEITHER
ENSG00000211841	INCONSISTENT	NULL	NEITHER
ENSG00000211842	INCONSISTENT	NULL	NEITHER
ENSG00000211843	INCONSISTENT	NULL	NEITHER
ENSG00000211844	INCONSISTENT	NULL	NEITHER
ENSG00000211845	INCONSISTENT	REPRESSED	NEITHER
ENSG00000211846	INCONSISTENT	REPRESSED	NEITHER
ENSG00000211847	INCONSISTENT	REPRESSED	NEITHER
ENSG00000211848	INCONSISTENT	REPRESSED	NEITHER
ENSG00000211849	INCONSISTENT	REPRESSED	NEITHER
ENSG00000211850	INCONSISTENT	REPRESSED	NEITHER
ENSG00000211851	INCONSISTENT	REPRESSED	NEITHER
ENSG00000211854	INCONSISTENT	NULL	NEITHER
ENSG00000211855	INCONSISTENT	NULL	NEITHER
ENSG00000211856	INCONSISTENT	NULL	NEITHER
ENSG00000211857	INCONSISTENT	NULL	NEITHER
ENSG00000211858	INCONSISTENT	NULL	NEITHER
ENSG00000211859	INCONSISTENT	NULL	NEITHER
ENSG00000211860	INCONSISTENT	NULL	NEITHER
ENSG00000211861	INCONSISTENT	NULL	NEITHER
ENSG00000211862	INCONSISTENT	NULL	NEITHER
ENSG00000211863	INCONSISTENT	NULL	NEITHER
ENSG00000211864	INCONSISTENT	NULL	NEITHER
ENSG00000211865	INCONSISTENT	NULL	NEITHER
ENSG00000211866	INCONSISTENT	NULL	NEITHER
ENSG00000211867	INCONSISTENT	NULL	NEITHER
ENSG00000211868	INCONSISTENT	NULL	NEITHER
ENSG00000211869	INCONSISTENT	NULL	NEITHER
ENSG00000211870	INCONSISTENT	NULL	NEITHER
ENSG00000211871	INCONSISTENT	NULL	NEITHER
ENSG00000211872	INCONSISTENT	NULL	NEITHER
ENSG00000211873	INCONSISTENT	NULL	NEITHER
ENSG00000211875	INCONSISTENT	NULL	NEITHER
ENSG00000211876	INCONSISTENT	NULL	NEITHER
ENSG00000211877	INCONSISTENT	NULL	NEITHER
ENSG00000211878	INCONSISTENT	NULL	NEITHER
ENSG00000211879	INCONSISTENT	NULL	NEITHER
ENSG00000211884	INCONSISTENT	NULL	NEITHER
ENSG00000211885	INCONSISTENT	NULL	NEITHER
ENSG00000211891	NULL	INCONSISTENT	NEITHER
ENSG00000211893	REPRESSED	NULL	NEITHER
ENSG00000211895	INCONSISTENT	NULL	NEITHER
ENSG00000211899	SIMPLE_AND	NULL	GM12878
ENSG00000211900	INCONSISTENT	NULL	NEITHER
ENSG00000211904	INCONSISTENT	NULL	NEITHER
ENSG00000211905	INCONSISTENT	NULL	NEITHER
ENSG00000211920	INCONSISTENT	NULL	NEITHER
ENSG00000211921	INCONSISTENT	NULL	NEITHER
ENSG00000211923	INCONSISTENT	NULL	NEITHER
ENSG00000211924	INCONSISTENT	NULL	NEITHER
ENSG00000211925	INCONSISTENT	NULL	NEITHER
ENSG00000211928	INCONSISTENT	NULL	NEITHER
ENSG00000211947	INCONSISTENT	NULL	NEITHER
ENSG00000211949	SIMPLE_OR	NULL	NEITHER
ENSG00000211950	SIMPLE_OR	NULL	NEITHER
ENSG00000211951	REPRESSED	NULL	NEITHER
ENSG00000211956	REPRESSED	NULL	NEITHER
ENSG00000211968	REPRESSED	NULL	NEITHER
ENSG00000211970	REPRESSED	NULL	NEITHER
ENSG00000211976	REPRESSED	NULL	NEITHER
ENSG00000211978	INCONSISTENT	NULL	NEITHER
ENSG00000211979	INCONSISTENT	NULL	NEITHER
ENSG00000212036	REPRESSED	NULL	NEITHER
ENSG00000212122	NULL	REPRESSED	NEITHER
ENSG00000212127	SIMPLE_AND	INCONSISTENT	GM12878
ENSG00000212146	NULL	INCONSISTENT	NEITHER
ENSG00000212161	REPRESSED	NULL	NEITHER
ENSG00000212171	NULL	REPRESSED	NEITHER
ENSG00000212176	REPRESSED	NULL	NEITHER
ENSG00000212187	REPRESSED	NULL	NEITHER
ENSG00000212219	NULL	REPRESSED	NEITHER
ENSG00000212224	NULL	INCONSISTENT	NEITHER
ENSG00000212232	COMPLEX	SIMPLE_AND	K562
ENSG00000212257	REPRESSED	INCONSISTENT	NEITHER
ENSG00000212260	NULL	REPRESSED	NEITHER
ENSG00000212266	REPRESSED	NULL	NEITHER
ENSG00000212276	REPRESSED	NULL	NEITHER
ENSG00000212279	COMPLEX	INCONSISTENT	NEITHER
ENSG00000212292	REPRESSED	NULL	NEITHER
ENSG00000212293	REPRESSED	NULL	NEITHER
ENSG00000212297	REPRESSED	INCONSISTENT	NEITHER
ENSG00000212304	COMPLEX	INCONSISTENT	NEITHER
ENSG00000212308	REPRESSED	NULL	NEITHER
ENSG00000212316	NULL	REPRESSED	NEITHER
ENSG00000212319	NULL	INCONSISTENT	NEITHER
ENSG00000212327	NULL	INCONSISTENT	NEITHER
ENSG00000212330	NULL	INCONSISTENT	NEITHER
ENSG00000212332	INCONSISTENT	NULL	NEITHER
ENSG00000212333	REPRESSED	NULL	NEITHER
ENSG00000212348	INCONSISTENT	NULL	NEITHER
ENSG00000212359	REPRESSED	NULL	NEITHER
ENSG00000212385	NULL	INCONSISTENT	NEITHER
ENSG00000212387	NULL	INCONSISTENT	NEITHER
ENSG00000212391	INCONSISTENT	NULL	NEITHER
ENSG00000212398	NULL	REPRESSED	NEITHER
ENSG00000212402	NULL	SIMPLE_OR	NEITHER
ENSG00000212414	NULL	REPRESSED	NEITHER
ENSG00000212422	REPRESSED	NULL	NEITHER
ENSG00000212424	INCONSISTENT	NULL	NEITHER
ENSG00000212429	REPRESSED	NULL	NEITHER
ENSG00000212440	NULL	INCONSISTENT	NEITHER
ENSG00000212443	SIMPLE_OR	NULL	NEITHER
ENSG00000212446	NULL	INCONSISTENT	NEITHER
ENSG00000212458	NULL	REPRESSED	NEITHER
ENSG00000212459	REPRESSED	NULL	NEITHER
ENSG00000212464	INCONSISTENT	NULL	NEITHER
ENSG00000212466	INCONSISTENT	NULL	NEITHER
ENSG00000212469	COMPLEX	NULL	NEITHER
ENSG00000212473	REPRESSED	NULL	NEITHER
ENSG00000212479	NULL	REPRESSED	NEITHER
ENSG00000212497	REPRESSED	NULL	NEITHER
ENSG00000212520	REPRESSED	NULL	NEITHER
ENSG00000212526	INCONSISTENT	NULL	NEITHER
ENSG00000212549	NULL	REPRESSED	NEITHER
ENSG00000212551	REPRESSED	NULL	NEITHER
ENSG00000212555	COMPLEX	NULL	NEITHER
ENSG00000212558	INCONSISTENT	REPRESSED	NEITHER
ENSG00000212565	NULL	REPRESSED	NEITHER
ENSG00000212567	REPRESSED	NULL	NEITHER
ENSG00000212571	INCONSISTENT	REPRESSED	NEITHER
ENSG00000212572	NULL	INCONSISTENT	NEITHER
ENSG00000212576	REPRESSED	NULL	NEITHER
ENSG00000212587	NULL	REPRESSED	NEITHER
ENSG00000212588	INCONSISTENT	SIMPLE_AND	K562
ENSG00000212589	NULL	INCONSISTENT	NEITHER
ENSG00000212590	NULL	REPRESSED	NEITHER
ENSG00000212594	INCONSISTENT	NULL	NEITHER
ENSG00000212607	INCONSISTENT	SIMPLE_AND	K562
ENSG00000212618	NULL	REPRESSED	NEITHER
ENSG00000212624	INCONSISTENT	NULL	NEITHER
ENSG00000212628	NULL	INCONSISTENT	NEITHER
ENSG00000212657	NULL	REPRESSED	NEITHER
ENSG00000212694	SIMPLE_AND	INCONSISTENT	GM12878
ENSG00000212710	NULL	REPRESSED	NEITHER
ENSG00000212743	SIMPLE_OR	REPRESSED	NEITHER
ENSG00000212766	INCONSISTENT	BIVALENT	NEITHER
ENSG00000212789	NULL	REPRESSED	NEITHER
ENSG00000212899	REPRESSED	NULL	NEITHER
ENSG00000212900	REPRESSED	NULL	NEITHER
ENSG00000212916	SIMPLE_AND	INCONSISTENT	GM12878
ENSG00000212935	NULL	REPRESSED	NEITHER
ENSG00000212938	REPRESSED	NULL	NEITHER
ENSG00000212978	SIMPLE_AND	NULL	GM12878
ENSG00000213016	INCONSISTENT	NULL	NEITHER
ENSG00000213020	SIMPLE_AND	COMPLEX	GM12878
ENSG00000213023	REPRESSED	BIVALENT	NEITHER
ENSG00000213028	NULL	REPRESSED	NEITHER
ENSG00000213032	NULL	INCONSISTENT	NEITHER
ENSG00000213033	SIMPLE_OR	NULL	NEITHER
ENSG00000213036	NULL	REPRESSED	NEITHER
ENSG00000213046	NULL	REPRESSED	NEITHER
ENSG00000213047	SIMPLE_AND	INCONSISTENT	GM12878
ENSG00000213048	NULL	REPRESSED	NEITHER
ENSG00000213057	SIMPLE_AND	INCONSISTENT	GM12878
ENSG00000213058	COMPLEX	NULL	NEITHER
ENSG00000213061	REPRESSED	NULL	NEITHER
ENSG00000213062	SIMPLE_AND	INCONSISTENT	GM12878
ENSG00000213065	NULL	REPRESSED	NEITHER
ENSG00000213078	REPRESSED	NULL	NEITHER
ENSG00000213085	NULL	INCONSISTENT	NEITHER
ENSG00000213089	NULL	REPRESSED	NEITHER
ENSG00000213090	SIMPLE_OR	NULL	NEITHER
ENSG00000213091	NULL	REPRESSED	NEITHER
ENSG00000213109	NULL	INCONSISTENT	NEITHER
ENSG00000213117	NULL	REPRESSED	NEITHER
ENSG00000213123	SIMPLE_AND	INCONSISTENT	GM12878
ENSG00000213128	NULL	REPRESSED	NEITHER
ENSG00000213133	REPRESSED	NULL	NEITHER
ENSG00000213137	SIMPLE_OR	NULL	NEITHER
ENSG00000213145	SIMPLE_AND	NULL	GM12878
ENSG00000213148	NULL	REPRESSED	NEITHER
ENSG00000213149	SIMPLE_OR	NULL	NEITHER
ENSG00000213150	INCONSISTENT	NULL	NEITHER
ENSG00000213152	SIMPLE_OR	NULL	NEITHER
ENSG00000213157	NULL	REPRESSED	NEITHER
ENSG00000213174	REPRESSED	NULL	NEITHER
ENSG00000213176	INCONSISTENT	NULL	NEITHER
ENSG00000213179	NULL	INCONSISTENT	NEITHER
ENSG00000213180	NULL	INCONSISTENT	NEITHER
ENSG00000213184	NULL	REPRESSED	NEITHER
ENSG00000213185	SIMPLE_AND	INCONSISTENT	GM12878
ENSG00000213186	COMPLEX	NULL	NEITHER
ENSG00000213189	NULL	REPRESSED	NEITHER
ENSG00000213190	SIMPLE_AND	INCONSISTENT	GM12878
ENSG00000213197	NULL	REPRESSED	NEITHER
ENSG00000213203	INCONSISTENT	NULL	NEITHER
ENSG00000213205	INCONSISTENT	NULL	NEITHER
ENSG00000213209	NULL	REPRESSED	NEITHER
ENSG00000213213	NULL	INCONSISTENT	NEITHER
ENSG00000213221	SIMPLE_AND	INCONSISTENT	GM12878
ENSG00000213225	NULL	INCONSISTENT	NEITHER
ENSG00000213232	NULL	INCONSISTENT	NEITHER
ENSG00000213261	NULL	REPRESSED	NEITHER
ENSG00000213270	NULL	INCONSISTENT	NEITHER
ENSG00000213275	NULL	INCONSISTENT	NEITHER
ENSG00000213277	INCONSISTENT	NULL	NEITHER
ENSG00000213285	NULL	INCONSISTENT	NEITHER
ENSG00000213297	INCONSISTENT	NULL	NEITHER
ENSG00000213307	NULL	REPRESSED	NEITHER
ENSG00000213316	INCONSISTENT	NULL	NEITHER
ENSG00000213318	NULL	REPRESSED	NEITHER
ENSG00000213328	REPRESSED	NULL	NEITHER
ENSG00000213344	NULL	INCONSISTENT	NEITHER
ENSG00000213347	SIMPLE_AND	INCONSISTENT	GM12878
ENSG00000213358	COMPLEX	INCONSISTENT	NEITHER
ENSG00000213362	INCONSISTENT	NULL	NEITHER
ENSG00000213366	SIMPLE_OR	INCONSISTENT	NEITHER
ENSG00000213393	NULL	REPRESSED	NEITHER
ENSG00000213400	NULL	REPRESSED	NEITHER
ENSG00000213401	NULL	SIMPLE_AND	K562
ENSG00000213402	SIMPLE_AND	INCONSISTENT	GM12878
ENSG00000213406	NULL	REPRESSED	NEITHER
ENSG00000213413	SIMPLE_AND	NULL	GM12878
ENSG00000213414	NULL	REPRESSED	NEITHER
ENSG00000213420	SIMPLE_OR	INCONSISTENT	NEITHER
ENSG00000213421	NULL	REPRESSED	NEITHER
ENSG00000213424	BIVALENT	INCONSISTENT	NEITHER
ENSG00000213435	INCONSISTENT	NULL	NEITHER
ENSG00000213438	REPRESSED	NULL	NEITHER
ENSG00000213461	NULL	REPRESSED	NEITHER
ENSG00000213463	SIMPLE_AND	INCONSISTENT	GM12878
ENSG00000213471	BIVALENT	INCONSISTENT	NEITHER
ENSG00000213484	REPRESSED	NULL	NEITHER
ENSG00000213486	NULL	REPRESSED	NEITHER
ENSG00000213498	REPRESSED	NULL	NEITHER
ENSG00000213500	INCONSISTENT	REPRESSED	NEITHER
ENSG00000213516	SIMPLE_AND	INCONSISTENT	GM12878
ENSG00000213533	SIMPLE_AND	INCONSISTENT	GM12878
ENSG00000213536	NULL	REPRESSED	NEITHER
ENSG00000213538	REPRESSED	NULL	NEITHER
ENSG00000213539	NULL	REPRESSED	NEITHER
ENSG00000213543	NULL	INCONSISTENT	NEITHER
ENSG00000213556	NULL	REPRESSED	NEITHER
ENSG00000213560	NULL	INCONSISTENT	NEITHER
ENSG00000213561	BIVALENT	NULL	NEITHER
ENSG00000213563	COMPLEX	INCONSISTENT	NEITHER
ENSG00000213574	REPRESSED	NULL	NEITHER
ENSG00000213593	COMPLEX	SIMPLE_AND	K562
ENSG00000213598	INCONSISTENT	NULL	NEITHER
ENSG00000213599	NULL	INCONSISTENT	NEITHER
ENSG00000213600	SIMPLE_AND	INCONSISTENT	GM12878
ENSG00000213612	REPRESSED	NULL	NEITHER
ENSG00000213638	SIMPLE_AND	INCONSISTENT	GM12878
ENSG00000213640	REPRESSED	NULL	NEITHER
ENSG00000213654	COMPLEX	SIMPLE_AND	K562
ENSG00000213655	NULL	REPRESSED	NEITHER
ENSG00000213658	SIMPLE_AND	NULL	GM12878
ENSG00000213664	INCONSISTENT	NULL	NEITHER
ENSG00000213667	NULL	REPRESSED	NEITHER
ENSG00000213683	NULL	INCONSISTENT	NEITHER
ENSG00000213689	SIMPLE_AND	INCONSISTENT	GM12878
ENSG00000213694	REPRESSED	INCONSISTENT	NEITHER
ENSG00000213697	NULL	REPRESSED	NEITHER
ENSG00000213703	REPRESSED	NULL	NEITHER
ENSG00000213716	COMPLEX	INCONSISTENT	NEITHER
ENSG00000213722	SIMPLE_AND	INCONSISTENT	GM12878
ENSG00000213729	INCONSISTENT	NULL	NEITHER
ENSG00000213740	NULL	REPRESSED	NEITHER
ENSG00000213742	SIMPLE_AND	INCONSISTENT	GM12878
ENSG00000213750	INCONSISTENT	REPRESSED	NEITHER
ENSG00000213753	SIMPLE_AND	INCONSISTENT	GM12878
ENSG00000213760	SIMPLE_AND	INCONSISTENT	GM12878
ENSG00000213761	NULL	INCONSISTENT	NEITHER
ENSG00000213770	NULL	REPRESSED	NEITHER
ENSG00000213778	REPRESSED	NULL	NEITHER
ENSG00000213780	COMPLEX	SIMPLE_AND	K562
ENSG00000213781	NULL	REPRESSED	NEITHER
ENSG00000213793	INCONSISTENT	SIMPLE_AND	K562
ENSG00000213799	SIMPLE_AND	INCONSISTENT	GM12878
ENSG00000213801	SIMPLE_AND	INCONSISTENT	GM12878
ENSG00000213853	BIVALENT	INCONSISTENT	NEITHER
ENSG00000213859	SIMPLE_AND	INCONSISTENT	GM12878
ENSG00000213866	REPRESSED	NULL	NEITHER
ENSG00000213867	NULL	INCONSISTENT	NEITHER
ENSG00000213876	NULL	REPRESSED	NEITHER
ENSG00000213886	NULL	REPRESSED	NEITHER
ENSG00000213888	SIMPLE_AND	INCONSISTENT	GM12878
ENSG00000213901	NULL	INCONSISTENT	NEITHER
ENSG00000213903	SIMPLE_AND	NULL	GM12878
ENSG00000213904	SIMPLE_AND	INCONSISTENT	GM12878
ENSG00000213906	SIMPLE_OR	NULL	NEITHER
ENSG00000213911	REPRESSED	NULL	NEITHER
ENSG00000213918	SIMPLE_AND	INCONSISTENT	GM12878
ENSG00000213920	SIMPLE_AND	INCONSISTENT	GM12878
ENSG00000213921	NULL	REPRESSED	NEITHER
ENSG00000213925	REPRESSED	NULL	NEITHER
ENSG00000213926	NULL	INCONSISTENT	NEITHER
ENSG00000213928	SIMPLE_AND	INCONSISTENT	GM12878
ENSG00000213930	SIMPLE_AND	INCONSISTENT	GM12878
ENSG00000213931	NULL	SIMPLE_AND	K562
ENSG00000213934	NULL	SIMPLE_AND	K562
ENSG00000213937	REPRESSED	NULL	NEITHER
ENSG00000213938	NULL	INCONSISTENT	NEITHER
ENSG00000213949	BIVALENT	NULL	NEITHER
ENSG00000213959	NULL	REPRESSED	NEITHER
ENSG00000213963	SIMPLE_AND	INCONSISTENT	GM12878
ENSG00000213964	NULL	REPRESSED	NEITHER
ENSG00000213967	SIMPLE_AND	INCONSISTENT	GM12878
ENSG00000213970	INCONSISTENT	NULL	NEITHER
ENSG00000213987	NULL	REPRESSED	NEITHER
ENSG00000213988	NULL	INCONSISTENT	NEITHER
ENSG00000213995	SIMPLE_AND	INCONSISTENT	GM12878
ENSG00000213996	NULL	INCONSISTENT	NEITHER
ENSG00000213997	NULL	REPRESSED	NEITHER
ENSG00000213999	SIMPLE_AND	INCONSISTENT	GM12878
ENSG00000214015	INCONSISTENT	REPRESSED	NEITHER
ENSG00000214021	SIMPLE_AND	NULL	GM12878
ENSG00000214029	SIMPLE_AND	INCONSISTENT	GM12878
ENSG00000214031	REPRESSED	NULL	NEITHER
ENSG00000214041	NULL	REPRESSED	NEITHER
ENSG00000214045	NULL	REPRESSED	NEITHER
ENSG00000214049	NULL	SIMPLE_AND	K562
ENSG00000214050	SIMPLE_AND	BIVALENT	GM12878
ENSG00000214067	NULL	INCONSISTENT	NEITHER
ENSG00000214077	REPRESSED	BIVALENT	NEITHER
ENSG00000214087	SIMPLE_AND	INCONSISTENT	GM12878
ENSG00000214093	SIMPLE_OR	NULL	NEITHER
ENSG00000214097	NULL	INCONSISTENT	NEITHER
ENSG00000214106	SIMPLE_AND	INCONSISTENT	GM12878
ENSG00000214114	COMPLEX	SIMPLE_AND	K562
ENSG00000214124	SIMPLE_OR	NULL	NEITHER
ENSG00000214128	NULL	REPRESSED	NEITHER
ENSG00000214132	NULL	INCONSISTENT	NEITHER
ENSG00000214135	SIMPLE_AND	INCONSISTENT	GM12878
ENSG00000214140	SIMPLE_AND	INCONSISTENT	GM12878
ENSG00000214145	NULL	INCONSISTENT	NEITHER
ENSG00000214174	SIMPLE_AND	INCONSISTENT	GM12878
ENSG00000214184	SIMPLE_AND	INCONSISTENT	GM12878
ENSG00000214185	NULL	INCONSISTENT	NEITHER
ENSG00000214188	SIMPLE_AND	INCONSISTENT	GM12878
ENSG00000214193	SIMPLE_AND	INCONSISTENT	GM12878
ENSG00000214198	SIMPLE_AND	INCONSISTENT	GM12878
ENSG00000214200	NULL	REPRESSED	NEITHER
ENSG00000214226	INCONSISTENT	NULL	NEITHER
ENSG00000214237	REPRESSED	NULL	NEITHER
ENSG00000214248	SIMPLE_AND	INCONSISTENT	GM12878
ENSG00000214265	INCONSISTENT	NULL	NEITHER
ENSG00000214274	SIMPLE_AND	INCONSISTENT	GM12878
ENSG00000214278	INCONSISTENT	REPRESSED	NEITHER
ENSG00000214279	NULL	INCONSISTENT	NEITHER
ENSG00000214283	REPRESSED	NULL	NEITHER
ENSG00000214288	NULL	REPRESSED	NEITHER
ENSG00000214289	REPRESSED	NULL	NEITHER
ENSG00000214290	INCONSISTENT	REPRESSED	NEITHER
ENSG00000214293	COMPLEX	INCONSISTENT	NEITHER
ENSG00000214295	NULL	INCONSISTENT	NEITHER
ENSG00000214301	INCONSISTENT	NULL	NEITHER
ENSG00000214309	SIMPLE_AND	INCONSISTENT	GM12878
ENSG00000214336	REPRESSED	NULL	NEITHER
ENSG00000214338	REPRESSED	NULL	NEITHER
ENSG00000214360	NULL	INCONSISTENT	NEITHER
ENSG00000214367	SIMPLE_AND	INCONSISTENT	GM12878
ENSG00000214376	REPRESSED	INCONSISTENT	NEITHER
ENSG00000214407	INCONSISTENT	NULL	NEITHER
ENSG00000214413	SIMPLE_AND	INCONSISTENT	GM12878
ENSG00000214435	SIMPLE_OR	NULL	NEITHER
ENSG00000214456	REPRESSED	INCONSISTENT	NEITHER
ENSG00000214457	REPRESSED	NULL	NEITHER
ENSG00000214465	NULL	REPRESSED	NEITHER
ENSG00000214513	REPRESSED	NULL	NEITHER
ENSG00000214518	REPRESSED	NULL	NEITHER
ENSG00000214533	INCONSISTENT	NULL	NEITHER
ENSG00000214535	INCONSISTENT	NULL	NEITHER
ENSG00000214546	BIVALENT	INCONSISTENT	NEITHER
ENSG00000214553	REPRESSED	NULL	NEITHER
ENSG00000214575	BIVALENT	SIMPLE_AND	K562
ENSG00000214607	NULL	REPRESSED	NEITHER
ENSG00000214612	NULL	INCONSISTENT	NEITHER
ENSG00000214643	NULL	INCONSISTENT	NEITHER
ENSG00000214650	NULL	INCONSISTENT	NEITHER
ENSG00000214671	INCONSISTENT	NULL	NEITHER
ENSG00000214688	INCONSISTENT	NULL	NEITHER
ENSG00000214695	NULL	REPRESSED	NEITHER
ENSG00000214700	INCONSISTENT	NULL	NEITHER
ENSG00000214702	INCONSISTENT	NULL	NEITHER
ENSG00000214711	SIMPLE_OR	REPRESSED	NEITHER
ENSG00000214719	NULL	INCONSISTENT	NEITHER
ENSG00000214727	INCONSISTENT	NULL	NEITHER
ENSG00000214760	NULL	INCONSISTENT	NEITHER
ENSG00000214765	SIMPLE_OR	INCONSISTENT	NEITHER
ENSG00000214770	SIMPLE_AND	INCONSISTENT	GM12878
ENSG00000214782	NULL	REPRESSED	NEITHER
ENSG00000214783	SIMPLE_AND	INCONSISTENT	GM12878
ENSG00000214796	BIVALENT	INCONSISTENT	NEITHER
ENSG00000214797	SIMPLE_AND	NULL	GM12878
ENSG00000214807	NULL	REPRESSED	NEITHER
ENSG00000214815	NULL	INCONSISTENT	NEITHER
ENSG00000214820	NULL	REPRESSED	NEITHER
ENSG00000214826	SIMPLE_AND	INCONSISTENT	GM12878
ENSG00000214835	INCONSISTENT	NULL	NEITHER
ENSG00000214855	NULL	INCONSISTENT	NEITHER
ENSG00000214867	INCONSISTENT	NULL	NEITHER
ENSG00000214869	NULL	REPRESSED	NEITHER
ENSG00000214870	BIVALENT	INCONSISTENT	NEITHER
ENSG00000214875	SIMPLE_AND	INCONSISTENT	GM12878
ENSG00000214888	NULL	REPRESSED	NEITHER
ENSG00000214890	NULL	REPRESSED	NEITHER
ENSG00000214894	NULL	INCONSISTENT	NEITHER
ENSG00000214900	SIMPLE_OR	NULL	NEITHER
ENSG00000214917	NULL	REPRESSED	NEITHER
ENSG00000214919	BIVALENT	INCONSISTENT	NEITHER
ENSG00000214922	SIMPLE_OR	INCONSISTENT	NEITHER
ENSG00000214942	REPRESSED	NULL	NEITHER
ENSG00000214944	SIMPLE_OR	REPRESSED	NEITHER
ENSG00000214973	NULL	REPRESSED	NEITHER
ENSG00000214975	NULL	REPRESSED	NEITHER
ENSG00000214980	NULL	INCONSISTENT	NEITHER
ENSG00000214988	NULL	REPRESSED	NEITHER
ENSG00000215004	REPRESSED	NULL	NEITHER
ENSG00000215009	REPRESSED	INCONSISTENT	NEITHER
ENSG00000215018	NULL	REPRESSED	NEITHER
ENSG00000215034	NULL	REPRESSED	NEITHER
ENSG00000215039	SIMPLE_AND	INCONSISTENT	GM12878
ENSG00000215067	SIMPLE_AND	INCONSISTENT	GM12878
ENSG00000215068	SIMPLE_AND	INCONSISTENT	GM12878
ENSG00000215114	SIMPLE_AND	INCONSISTENT	GM12878
ENSG00000215124	REPRESSED	NULL	NEITHER
ENSG00000215154	SIMPLE_AND	INCONSISTENT	GM12878
ENSG00000215168	REPRESSED	NULL	NEITHER
ENSG00000215190	SIMPLE_OR	INCONSISTENT	NEITHER
ENSG00000215196	INCONSISTENT	NULL	NEITHER
ENSG00000215217	REPRESSED	NULL	NEITHER
ENSG00000215218	BIVALENT	NULL	NEITHER
ENSG00000215237	NULL	INCONSISTENT	NEITHER
ENSG00000215244	SIMPLE_OR	NULL	NEITHER
ENSG00000215252	NULL	INCONSISTENT	NEITHER
ENSG00000215256	SIMPLE_AND	INCONSISTENT	GM12878
ENSG00000215283	NULL	INCONSISTENT	NEITHER
ENSG00000215284	SIMPLE_OR	NULL	NEITHER
ENSG00000215302	NULL	INCONSISTENT	NEITHER
ENSG00000215311	REPRESSED	NULL	NEITHER
ENSG00000215317	NULL	REPRESSED	NEITHER
ENSG00000215349	REPRESSED	NULL	NEITHER
ENSG00000215367	NULL	REPRESSED	NEITHER
ENSG00000215374	INCONSISTENT	NULL	NEITHER
ENSG00000215375	SIMPLE_AND	INCONSISTENT	GM12878
ENSG00000215397	REPRESSED	INCONSISTENT	NEITHER
ENSG00000215421	SIMPLE_AND	INCONSISTENT	GM12878
ENSG00000215450	NULL	REPRESSED	NEITHER
ENSG00000215452	NULL	REPRESSED	NEITHER
ENSG00000215454	NULL	REPRESSED	NEITHER
ENSG00000215456	NULL	REPRESSED	NEITHER
ENSG00000215458	SIMPLE_OR	INCONSISTENT	NEITHER
ENSG00000215472	INCONSISTENT	SIMPLE_AND	K562
ENSG00000215474	REPRESSED	NULL	NEITHER
ENSG00000215475	REPRESSED	NULL	NEITHER
ENSG00000215477	NULL	REPRESSED	NEITHER
ENSG00000215481	NULL	INCONSISTENT	NEITHER
ENSG00000215493	NULL	REPRESSED	NEITHER
ENSG00000215520	NULL	REPRESSED	NEITHER
ENSG00000215548	NULL	INCONSISTENT	NEITHER
ENSG00000215586	REPRESSED	NULL	NEITHER
ENSG00000215589	NULL	REPRESSED	NEITHER
ENSG00000215644	REPRESSED	NULL	NEITHER
ENSG00000215712	SIMPLE_AND	INCONSISTENT	GM12878
ENSG00000215717	COMPLEX	SIMPLE_AND	K562
ENSG00000215720	NULL	REPRESSED	NEITHER
ENSG00000215760	INCONSISTENT	NULL	NEITHER
ENSG00000215769	SIMPLE_OR	NULL	NEITHER
ENSG00000215784	NULL	INCONSISTENT	NEITHER
ENSG00000215785	NULL	REPRESSED	NEITHER
ENSG00000215788	NULL	REPRESSED	NEITHER
ENSG00000215811	NULL	INCONSISTENT	NEITHER
ENSG00000215812	REPRESSED	NULL	NEITHER
ENSG00000215819	NULL	REPRESSED	NEITHER
ENSG00000215833	REPRESSED	NULL	NEITHER
ENSG00000215837	SIMPLE_OR	INCONSISTENT	NEITHER
ENSG00000215840	NULL	INCONSISTENT	NEITHER
ENSG00000215841	INCONSISTENT	NULL	NEITHER
ENSG00000215845	SIMPLE_AND	NULL	GM12878
ENSG00000215853	NULL	REPRESSED	NEITHER
ENSG00000215866	REPRESSED	NULL	NEITHER
ENSG00000215869	NULL	INCONSISTENT	NEITHER
ENSG00000215881	REPRESSED	NULL	NEITHER
ENSG00000215883	SIMPLE_AND	INCONSISTENT	GM12878
ENSG00000215905	NULL	REPRESSED	NEITHER
ENSG00000215906	NULL	REPRESSED	NEITHER
ENSG00000215910	NULL	INCONSISTENT	NEITHER
ENSG00000215930	NULL	INCONSISTENT	NEITHER
ENSG00000215938	REPRESSED	NULL	NEITHER
ENSG00000216135	NULL	REPRESSED	NEITHER
ENSG00000216141	INCONSISTENT	NULL	NEITHER
ENSG00000216195	INCONSISTENT	NULL	NEITHER
ENSG00000216285	NULL	REPRESSED	NEITHER
ENSG00000216306	INCONSISTENT	REPRESSED	NEITHER
ENSG00000216425	REPRESSED	NULL	NEITHER
ENSG00000216436	NULL	REPRESSED	NEITHER
ENSG00000216439	REPRESSED	NULL	NEITHER
ENSG00000216444	NULL	REPRESSED	NEITHER
ENSG00000216636	NULL	INCONSISTENT	NEITHER
ENSG00000216663	REPRESSED	NULL	NEITHER
ENSG00000216676	NULL	INCONSISTENT	NEITHER
ENSG00000216754	REPRESSED	NULL	NEITHER
ENSG00000216775	SIMPLE_AND	INCONSISTENT	GM12878
ENSG00000216802	NULL	REPRESSED	NEITHER
ENSG00000216809	REPRESSED	NULL	NEITHER
ENSG00000216819	NULL	BIVALENT	NEITHER
ENSG00000216854	INCONSISTENT	NULL	NEITHER
ENSG00000216895	SIMPLE_AND	INCONSISTENT	GM12878
ENSG00000216901	REPRESSED	NULL	NEITHER
ENSG00000216915	SIMPLE_AND	NULL	GM12878
ENSG00000216937	SIMPLE_AND	INCONSISTENT	GM12878
ENSG00000216966	NULL	REPRESSED	NEITHER
ENSG00000217030	NULL	REPRESSED	NEITHER
ENSG00000217083	INCONSISTENT	NULL	NEITHER
ENSG00000217120	REPRESSED	NULL	NEITHER
ENSG00000217159	SIMPLE_OR	NULL	NEITHER
ENSG00000217231	INCONSISTENT	NULL	NEITHER
ENSG00000217239	NULL	REPRESSED	NEITHER
ENSG00000217241	INCONSISTENT	NULL	NEITHER
ENSG00000217414	NULL	REPRESSED	NEITHER
ENSG00000217442	INCONSISTENT	BIVALENT	NEITHER
ENSG00000217512	SIMPLE_OR	NULL	NEITHER
ENSG00000217514	NULL	REPRESSED	NEITHER
ENSG00000217527	SIMPLE_AND	INCONSISTENT	GM12878
ENSG00000217566	NULL	REPRESSED	NEITHER
ENSG00000217585	NULL	INCONSISTENT	NEITHER
ENSG00000217643	SIMPLE_AND	INCONSISTENT	GM12878
ENSG00000217653	INCONSISTENT	NULL	NEITHER
ENSG00000217686	NULL	REPRESSED	NEITHER
ENSG00000217707	REPRESSED	NULL	NEITHER
ENSG00000217716	REPRESSED	NULL	NEITHER
ENSG00000217733	REPRESSED	NULL	NEITHER
ENSG00000217770	NULL	REPRESSED	NEITHER
ENSG00000217786	REPRESSED	NULL	NEITHER
ENSG00000217801	SIMPLE_AND	INCONSISTENT	GM12878
ENSG00000217824	NULL	REPRESSED	NEITHER
ENSG00000217825	INCONSISTENT	NULL	NEITHER
ENSG00000217889	NULL	REPRESSED	NEITHER
ENSG00000218020	INCONSISTENT	NULL	NEITHER
ENSG00000218027	NULL	BIVALENT	NEITHER
ENSG00000218048	NULL	INCONSISTENT	NEITHER
ENSG00000218069	NULL	INCONSISTENT	NEITHER
ENSG00000218107	INCONSISTENT	NULL	NEITHER
ENSG00000218109	REPRESSED	NULL	NEITHER
ENSG00000218125	REPRESSED	NULL	NEITHER
ENSG00000218153	REPRESSED	NULL	NEITHER
ENSG00000218227	NULL	REPRESSED	NEITHER
ENSG00000218261	NULL	REPRESSED	NEITHER
ENSG00000218265	NULL	REPRESSED	NEITHER
ENSG00000218283	REPRESSED	NULL	NEITHER
ENSG00000218313	INCONSISTENT	NULL	NEITHER
ENSG00000218336	BIVALENT	NULL	NEITHER
ENSG00000218416	REPRESSED	NULL	NEITHER
ENSG00000218472	NULL	INCONSISTENT	NEITHER
ENSG00000218510	SIMPLE_AND	INCONSISTENT	GM12878
ENSG00000218537	SIMPLE_OR	NULL	NEITHER
ENSG00000218565	SIMPLE_OR	NULL	NEITHER
ENSG00000218596	SIMPLE_AND	NULL	GM12878
ENSG00000218676	COMPLEX	NULL	NEITHER
ENSG00000218690	SIMPLE_AND	NULL	GM12878
ENSG00000218713	REPRESSED	NULL	NEITHER
ENSG00000218809	NULL	REPRESSED	NEITHER
ENSG00000218819	NULL	INCONSISTENT	NEITHER
ENSG00000218823	BIVALENT	NULL	NEITHER
ENSG00000218868	NULL	REPRESSED	NEITHER
ENSG00000218870	NULL	REPRESSED	NEITHER
ENSG00000218872	REPRESSED	NULL	NEITHER
ENSG00000218891	SIMPLE_AND	INCONSISTENT	GM12878
ENSG00000218965	NULL	REPRESSED	NEITHER
ENSG00000218976	NULL	REPRESSED	NEITHER
ENSG00000219088	NULL	REPRESSED	NEITHER
ENSG00000219133	NULL	REPRESSED	NEITHER
ENSG00000219146	NULL	REPRESSED	NEITHER
ENSG00000219188	INCONSISTENT	REPRESSED	NEITHER
ENSG00000219298	REPRESSED	NULL	NEITHER
ENSG00000219368	REPRESSED	NULL	NEITHER
ENSG00000219409	REPRESSED	NULL	NEITHER
ENSG00000219435	REPRESSED	BIVALENT	NEITHER
ENSG00000219438	BIVALENT	NULL	NEITHER
ENSG00000219481	BIVALENT	SIMPLE_AND	K562
ENSG00000219487	INCONSISTENT	NULL	NEITHER
ENSG00000219545	SIMPLE_AND	INCONSISTENT	GM12878
ENSG00000219553	NULL	REPRESSED	NEITHER
ENSG00000219559	NULL	REPRESSED	NEITHER
ENSG00000219565	REPRESSED	NULL	NEITHER
ENSG00000219607	BIVALENT	INCONSISTENT	NEITHER
ENSG00000219626	SIMPLE_AND	INCONSISTENT	GM12878
ENSG00000219665	SIMPLE_AND	INCONSISTENT	GM12878
ENSG00000219666	REPRESSED	NULL	NEITHER
ENSG00000219682	INCONSISTENT	NULL	NEITHER
ENSG00000219738	NULL	INCONSISTENT	NEITHER
ENSG00000219755	NULL	INCONSISTENT	NEITHER
ENSG00000219790	REPRESSED	NULL	NEITHER
ENSG00000219863	NULL	INCONSISTENT	NEITHER
ENSG00000219992	BIVALENT	INCONSISTENT	NEITHER
ENSG00000219993	NULL	REPRESSED	NEITHER
ENSG00000220008	REPRESSED	INCONSISTENT	NEITHER
ENSG00000220201	NULL	INCONSISTENT	NEITHER
ENSG00000220205	SIMPLE_AND	INCONSISTENT	GM12878
ENSG00000220267	REPRESSED	NULL	NEITHER
ENSG00000220323	SIMPLE_AND	INCONSISTENT	GM12878
ENSG00000220347	INCONSISTENT	NULL	NEITHER
ENSG00000220349	NULL	REPRESSED	NEITHER
ENSG00000220412	COMPLEX	NULL	NEITHER
ENSG00000220418	NULL	REPRESSED	NEITHER
ENSG00000220494	NULL	REPRESSED	NEITHER
ENSG00000220522	NULL	REPRESSED	NEITHER
ENSG00000220541	INCONSISTENT	NULL	NEITHER
ENSG00000220557	REPRESSED	NULL	NEITHER
ENSG00000220586	BIVALENT	INCONSISTENT	NEITHER
ENSG00000220600	NULL	REPRESSED	NEITHER
ENSG00000220666	NULL	REPRESSED	NEITHER
ENSG00000220721	NULL	REPRESSED	NEITHER
ENSG00000220730	REPRESSED	NULL	NEITHER
ENSG00000220771	NULL	REPRESSED	NEITHER
ENSG00000220785	INCONSISTENT	NULL	NEITHER
ENSG00000220793	NULL	REPRESSED	NEITHER
ENSG00000220891	NULL	INCONSISTENT	NEITHER
ENSG00000220924	NULL	INCONSISTENT	NEITHER
ENSG00000220937	INCONSISTENT	NULL	NEITHER
ENSG00000221031	NULL	INCONSISTENT	NEITHER
ENSG00000221083	INCONSISTENT	NULL	NEITHER
ENSG00000221102	COMPLEX	SIMPLE_OR	NEITHER
ENSG00000221200	NULL	INCONSISTENT	NEITHER
ENSG00000221230	COMPLEX	NULL	NEITHER
ENSG00000221240	REPRESSED	NULL	NEITHER
ENSG00000221241	INCONSISTENT	NULL	NEITHER
ENSG00000221251	REPRESSED	NULL	NEITHER
ENSG00000221255	REPRESSED	NULL	NEITHER
ENSG00000221264	REPRESSED	INCONSISTENT	NEITHER
ENSG00000221265	INCONSISTENT	NULL	NEITHER
ENSG00000221269	NULL	INCONSISTENT	NEITHER
ENSG00000221300	NULL	REPRESSED	NEITHER
ENSG00000221331	NULL	REPRESSED	NEITHER
ENSG00000221365	NULL	REPRESSED	NEITHER
ENSG00000221381	INCONSISTENT	NULL	NEITHER
ENSG00000221394	INCONSISTENT	NULL	NEITHER
ENSG00000221410	INCONSISTENT	NULL	NEITHER
ENSG00000221420	COMPLEX	SIMPLE_AND	K562
ENSG00000221421	NULL	REPRESSED	NEITHER
ENSG00000221430	INCONSISTENT	NULL	NEITHER
ENSG00000221439	INCONSISTENT	NULL	NEITHER
ENSG00000221461	NULL	COMPLEX	NEITHER
ENSG00000221464	INCONSISTENT	NULL	NEITHER
ENSG00000221468	NULL	REPRESSED	NEITHER
ENSG00000221493	INCONSISTENT	NULL	NEITHER
ENSG00000221510	INCONSISTENT	NULL	NEITHER
ENSG00000221527	NULL	REPRESSED	NEITHER
ENSG00000221539	COMPLEX	INCONSISTENT	NEITHER
ENSG00000221540	NULL	INCONSISTENT	NEITHER
ENSG00000221552	NULL	INCONSISTENT	NEITHER
ENSG00000221563	REPRESSED	NULL	NEITHER
ENSG00000221630	REPRESSED	NULL	NEITHER
ENSG00000221676	INCONSISTENT	NULL	NEITHER
ENSG00000221697	NULL	REPRESSED	NEITHER
ENSG00000221753	REPRESSED	NULL	NEITHER
ENSG00000221754	NULL	REPRESSED	NEITHER
ENSG00000221771	NULL	INCONSISTENT	NEITHER
ENSG00000221801	INCONSISTENT	NULL	NEITHER
ENSG00000221817	SIMPLE_AND	INCONSISTENT	GM12878
ENSG00000221821	INCONSISTENT	NULL	NEITHER
ENSG00000221823	SIMPLE_OR	SIMPLE_AND	K562
ENSG00000221843	NULL	INCONSISTENT	NEITHER
ENSG00000221845	NULL	REPRESSED	NEITHER
ENSG00000221849	NULL	INCONSISTENT	NEITHER
ENSG00000221866	NULL	REPRESSED	NEITHER
ENSG00000221867	NULL	SIMPLE_OR	NEITHER
ENSG00000221883	SIMPLE_AND	INCONSISTENT	GM12878
ENSG00000221886	SIMPLE_AND	INCONSISTENT	GM12878
ENSG00000221887	SIMPLE_AND	NULL	GM12878
ENSG00000221890	REPRESSED	INCONSISTENT	NEITHER
ENSG00000221909	SIMPLE_AND	INCONSISTENT	GM12878
ENSG00000221916	BIVALENT	INCONSISTENT	NEITHER
ENSG00000221923	COMPLEX	NULL	NEITHER
ENSG00000221926	SIMPLE_OR	SIMPLE_AND	K562
ENSG00000221944	SIMPLE_AND	INCONSISTENT	GM12878
ENSG00000221946	BIVALENT	INCONSISTENT	NEITHER
ENSG00000221947	SIMPLE_AND	INCONSISTENT	GM12878
ENSG00000221949	SIMPLE_AND	INCONSISTENT	GM12878
ENSG00000221953	REPRESSED	INCONSISTENT	NEITHER
ENSG00000221963	SIMPLE_AND	INCONSISTENT	GM12878
ENSG00000221968	SIMPLE_OR	SIMPLE_AND	K562
ENSG00000221986	NULL	INCONSISTENT	NEITHER
ENSG00000221988	BIVALENT	SIMPLE_AND	K562
ENSG00000221990	SIMPLE_AND	INCONSISTENT	GM12878
ENSG00000221994	SIMPLE_AND	INCONSISTENT	GM12878
ENSG00000221996	NULL	REPRESSED	NEITHER
ENSG00000222004	NULL	INCONSISTENT	NEITHER
ENSG00000222005	COMPLEX	INCONSISTENT	NEITHER
ENSG00000222009	SIMPLE_OR	INCONSISTENT	NEITHER
ENSG00000222011	SIMPLE_OR	INCONSISTENT	NEITHER
ENSG00000222012	NULL	REPRESSED	NEITHER
ENSG00000222019	NULL	INCONSISTENT	NEITHER
ENSG00000222033	BIVALENT	COMPLEX	NEITHER
ENSG00000222035	REPRESSED	NULL	NEITHER
ENSG00000222037	NULL	REPRESSED	NEITHER
ENSG00000222044	NULL	INCONSISTENT	NEITHER
ENSG00000222057	INCONSISTENT	NULL	NEITHER
ENSG00000222071	BIVALENT	INCONSISTENT	NEITHER
ENSG00000222078	REPRESSED	NULL	NEITHER
ENSG00000222102	INCONSISTENT	NULL	NEITHER
ENSG00000222112	NULL	INCONSISTENT	NEITHER
ENSG00000222145	REPRESSED	NULL	NEITHER
ENSG00000222160	NULL	REPRESSED	NEITHER
ENSG00000222182	INCONSISTENT	NULL	NEITHER
ENSG00000222230	INCONSISTENT	NULL	NEITHER
ENSG00000222232	NULL	INCONSISTENT	NEITHER
ENSG00000222246	NULL	REPRESSED	NEITHER
ENSG00000222248	NULL	REPRESSED	NEITHER
ENSG00000222249	REPRESSED	NULL	NEITHER
ENSG00000222308	REPRESSED	NULL	NEITHER
ENSG00000222327	INCONSISTENT	NULL	NEITHER
ENSG00000222328	INCONSISTENT	SIMPLE_AND	K562
ENSG00000222338	INCONSISTENT	NULL	NEITHER
ENSG00000222345	INCONSISTENT	NULL	NEITHER
ENSG00000222346	NULL	INCONSISTENT	NEITHER
ENSG00000222352	NULL	INCONSISTENT	NEITHER
ENSG00000222356	INCONSISTENT	NULL	NEITHER
ENSG00000222361	NULL	INCONSISTENT	NEITHER
ENSG00000222365	COMPLEX	INCONSISTENT	NEITHER
ENSG00000222375	INCONSISTENT	NULL	NEITHER
ENSG00000222395	REPRESSED	NULL	NEITHER
ENSG00000222412	NULL	REPRESSED	NEITHER
ENSG00000222430	REPRESSED	NULL	NEITHER
ENSG00000222431	NULL	INCONSISTENT	NEITHER
ENSG00000222445	NULL	INCONSISTENT	NEITHER
ENSG00000222448	REPRESSED	NULL	NEITHER
ENSG00000222457	REPRESSED	NULL	NEITHER
ENSG00000222467	INCONSISTENT	NULL	NEITHER
ENSG00000222500	REPRESSED	NULL	NEITHER
ENSG00000222506	INCONSISTENT	NULL	NEITHER
ENSG00000222511	NULL	INCONSISTENT	NEITHER
ENSG00000222514	NULL	REPRESSED	NEITHER
ENSG00000222515	REPRESSED	NULL	NEITHER
ENSG00000222520	NULL	REPRESSED	NEITHER
ENSG00000222561	NULL	REPRESSED	NEITHER
ENSG00000222578	REPRESSED	NULL	NEITHER
ENSG00000222614	NULL	INCONSISTENT	NEITHER
ENSG00000222617	NULL	REPRESSED	NEITHER
ENSG00000222624	NULL	INCONSISTENT	NEITHER
ENSG00000222650	REPRESSED	NULL	NEITHER
ENSG00000222659	REPRESSED	NULL	NEITHER
ENSG00000222685	NULL	INCONSISTENT	NEITHER
ENSG00000222701	INCONSISTENT	NULL	NEITHER
ENSG00000222705	NULL	REPRESSED	NEITHER
ENSG00000222724	INCONSISTENT	SIMPLE_AND	K562
ENSG00000222736	REPRESSED	NULL	NEITHER
ENSG00000222740	NULL	REPRESSED	NEITHER
ENSG00000222764	COMPLEX	NULL	NEITHER
ENSG00000222767	INCONSISTENT	NULL	NEITHER
ENSG00000222790	NULL	INCONSISTENT	NEITHER
ENSG00000222795	NULL	REPRESSED	NEITHER
ENSG00000222800	REPRESSED	NULL	NEITHER
ENSG00000222831	NULL	REPRESSED	NEITHER
ENSG00000222832	NULL	INCONSISTENT	NEITHER
ENSG00000222842	NULL	INCONSISTENT	NEITHER
ENSG00000222852	NULL	REPRESSED	NEITHER
ENSG00000222858	NULL	INCONSISTENT	NEITHER
ENSG00000222869	INCONSISTENT	NULL	NEITHER
ENSG00000222874	NULL	REPRESSED	NEITHER
ENSG00000222890	NULL	INCONSISTENT	NEITHER
ENSG00000222909	NULL	REPRESSED	NEITHER
ENSG00000222920	REPRESSED	NULL	NEITHER
ENSG00000222921	COMPLEX	NULL	NEITHER
ENSG00000222924	NULL	REPRESSED	NEITHER
ENSG00000222932	INCONSISTENT	NULL	NEITHER
ENSG00000222942	NULL	REPRESSED	NEITHER
ENSG00000222952	NULL	REPRESSED	NEITHER
ENSG00000222982	NULL	REPRESSED	NEITHER
ENSG00000222983	INCONSISTENT	NULL	NEITHER
ENSG00000223003	INCONSISTENT	NULL	NEITHER
ENSG00000223027	REPRESSED	NULL	NEITHER
ENSG00000223039	NULL	REPRESSED	NEITHER
ENSG00000223042	REPRESSED	NULL	NEITHER
ENSG00000223056	COMPLEX	NULL	NEITHER
ENSG00000223125	NULL	REPRESSED	NEITHER
ENSG00000223126	NULL	INCONSISTENT	NEITHER
ENSG00000223131	REPRESSED	NULL	NEITHER
ENSG00000223138	NULL	INCONSISTENT	NEITHER
ENSG00000223174	NULL	REPRESSED	NEITHER
ENSG00000223215	NULL	REPRESSED	NEITHER
ENSG00000223258	NULL	REPRESSED	NEITHER
ENSG00000223262	INCONSISTENT	REPRESSED	NEITHER
ENSG00000223282	NULL	REPRESSED	NEITHER
ENSG00000223299	NULL	REPRESSED	NEITHER
ENSG00000223302	BIVALENT	INCONSISTENT	NEITHER
ENSG00000223305	NULL	INCONSISTENT	NEITHER
ENSG00000223306	NULL	REPRESSED	NEITHER
ENSG00000223336	INCONSISTENT	NULL	NEITHER
ENSG00000223341	REPRESSED	NULL	NEITHER
ENSG00000223342	INCONSISTENT	NULL	NEITHER
ENSG00000223344	NULL	INCONSISTENT	NEITHER
ENSG00000223358	NULL	REPRESSED	NEITHER
ENSG00000223373	INCONSISTENT	NULL	NEITHER
ENSG00000223374	NULL	INCONSISTENT	NEITHER
ENSG00000223382	REPRESSED	INCONSISTENT	NEITHER
ENSG00000223387	INCONSISTENT	NULL	NEITHER
ENSG00000223393	BIVALENT	INCONSISTENT	NEITHER
ENSG00000223431	NULL	REPRESSED	NEITHER
ENSG00000223437	NULL	REPRESSED	NEITHER
ENSG00000223443	NULL	REPRESSED	NEITHER
ENSG00000223450	COMPLEX	NULL	NEITHER
ENSG00000223457	NULL	REPRESSED	NEITHER
ENSG00000223466	COMPLEX	INCONSISTENT	NEITHER
ENSG00000223478	SIMPLE_AND	INCONSISTENT	GM12878
ENSG00000223482	SIMPLE_OR	SIMPLE_AND	K562
ENSG00000223485	NULL	REPRESSED	NEITHER
ENSG00000223489	COMPLEX	REPRESSED	NEITHER
ENSG00000223492	NULL	INCONSISTENT	NEITHER
ENSG00000223495	NULL	INCONSISTENT	NEITHER
ENSG00000223498	NULL	REPRESSED	NEITHER
ENSG00000223504	NULL	INCONSISTENT	NEITHER
ENSG00000223506	REPRESSED	NULL	NEITHER
ENSG00000223509	NULL	SIMPLE_OR	NEITHER
ENSG00000223518	NULL	INCONSISTENT	NEITHER
ENSG00000223530	REPRESSED	NULL	NEITHER
ENSG00000223534	INCONSISTENT	NULL	NEITHER
ENSG00000223536	NULL	REPRESSED	NEITHER
ENSG00000223538	NULL	REPRESSED	NEITHER
ENSG00000223544	NULL	REPRESSED	NEITHER
ENSG00000223546	SIMPLE_AND	INCONSISTENT	GM12878
ENSG00000223551	SIMPLE_AND	INCONSISTENT	GM12878
ENSG00000223553	INCONSISTENT	REPRESSED	NEITHER
ENSG00000223561	NULL	REPRESSED	NEITHER
ENSG00000223565	REPRESSED	NULL	NEITHER
ENSG00000223587	REPRESSED	INCONSISTENT	NEITHER
ENSG00000223598	NULL	INCONSISTENT	NEITHER
ENSG00000223599	SIMPLE_OR	NULL	NEITHER
ENSG00000223605	REPRESSED	NULL	NEITHER
ENSG00000223609	NULL	INCONSISTENT	NEITHER
ENSG00000223626	NULL	REPRESSED	NEITHER
ENSG00000223631	NULL	REPRESSED	NEITHER
ENSG00000223649	NULL	REPRESSED	NEITHER
ENSG00000223658	NULL	INCONSISTENT	NEITHER
ENSG00000223662	NULL	INCONSISTENT	NEITHER
ENSG00000223663	NULL	INCONSISTENT	NEITHER
ENSG00000223675	NULL	REPRESSED	NEITHER
ENSG00000223676	REPRESSED	NULL	NEITHER
ENSG00000223685	SIMPLE_AND	INCONSISTENT	GM12878
ENSG00000223692	INCONSISTENT	NULL	NEITHER
ENSG00000223695	SIMPLE_AND	INCONSISTENT	GM12878
ENSG00000223701	NULL	REPRESSED	NEITHER
ENSG00000223705	NULL	SIMPLE_OR	NEITHER
ENSG00000223721	NULL	REPRESSED	NEITHER
ENSG00000223725	SIMPLE_AND	INCONSISTENT	GM12878
ENSG00000223729	NULL	REPRESSED	NEITHER
ENSG00000223730	REPRESSED	NULL	NEITHER
ENSG00000223735	REPRESSED	NULL	NEITHER
ENSG00000223741	NULL	REPRESSED	NEITHER
ENSG00000223745	SIMPLE_AND	INCONSISTENT	GM12878
ENSG00000223749	NULL	INCONSISTENT	NEITHER
ENSG00000223754	NULL	REPRESSED	NEITHER
ENSG00000223756	NULL	SIMPLE_OR	NEITHER
ENSG00000223764	REPRESSED	NULL	NEITHER
ENSG00000223773	SIMPLE_AND	INCONSISTENT	GM12878
ENSG00000223782	NULL	INCONSISTENT	NEITHER
ENSG00000223783	NULL	INCONSISTENT	NEITHER
ENSG00000223797	SIMPLE_AND	INCONSISTENT	GM12878
ENSG00000223802	REPRESSED	INCONSISTENT	NEITHER
ENSG00000223803	NULL	INCONSISTENT	NEITHER
ENSG00000223804	SIMPLE_OR	INCONSISTENT	NEITHER
ENSG00000223806	NULL	REPRESSED	NEITHER
ENSG00000223812	REPRESSED	INCONSISTENT	NEITHER
ENSG00000223817	NULL	REPRESSED	NEITHER
ENSG00000223820	COMPLEX	NULL	NEITHER
ENSG00000223855	BIVALENT	INCONSISTENT	NEITHER
ENSG00000223861	NULL	REPRESSED	NEITHER
ENSG00000223863	NULL	REPRESSED	NEITHER
ENSG00000223865	SIMPLE_AND	NULL	GM12878
ENSG00000223872	NULL	REPRESSED	NEITHER
ENSG00000223881	COMPLEX	INCONSISTENT	NEITHER
ENSG00000223903	REPRESSED	NULL	NEITHER
ENSG00000223906	NULL	INCONSISTENT	NEITHER
ENSG00000223935	SIMPLE_OR	BIVALENT	NEITHER
ENSG00000223944	REPRESSED	NULL	NEITHER
ENSG00000223949	SIMPLE_OR	NULL	NEITHER
ENSG00000223953	REPRESSED	INCONSISTENT	NEITHER
ENSG00000223959	SIMPLE_AND	INCONSISTENT	GM12878
ENSG00000223960	SIMPLE_AND	INCONSISTENT	GM12878
ENSG00000223969	SIMPLE_AND	INCONSISTENT	GM12878
ENSG00000223982	NULL	REPRESSED	NEITHER
ENSG00000223999	INCONSISTENT	NULL	NEITHER
ENSG00000224000	NULL	INCONSISTENT	NEITHER
ENSG00000224014	REPRESSED	NULL	NEITHER
ENSG00000224015	NULL	INCONSISTENT	NEITHER
ENSG00000224020	SIMPLE_AND	INCONSISTENT	GM12878
ENSG00000224023	SIMPLE_AND	INCONSISTENT	GM12878
ENSG00000224029	NULL	REPRESSED	NEITHER
ENSG00000224031	SIMPLE_AND	NULL	GM12878
ENSG00000224032	SIMPLE_AND	INCONSISTENT	GM12878
ENSG00000224043	COMPLEX	INCONSISTENT	NEITHER
ENSG00000224045	NULL	INCONSISTENT	NEITHER
ENSG00000224058	REPRESSED	NULL	NEITHER
ENSG00000224063	NULL	INCONSISTENT	NEITHER
ENSG00000224064	NULL	REPRESSED	NEITHER
ENSG00000224066	SIMPLE_AND	INCONSISTENT	GM12878
ENSG00000224076	REPRESSED	NULL	NEITHER
ENSG00000224081	NULL	INCONSISTENT	NEITHER
ENSG00000224082	NULL	INCONSISTENT	NEITHER
ENSG00000224083	REPRESSED	NULL	NEITHER
ENSG00000224085	NULL	REPRESSED	NEITHER
ENSG00000224090	REPRESSED	INCONSISTENT	NEITHER
ENSG00000224093	REPRESSED	NULL	NEITHER
ENSG00000224110	NULL	INCONSISTENT	NEITHER
ENSG00000224122	INCONSISTENT	NULL	NEITHER
ENSG00000224128	REPRESSED	NULL	NEITHER
ENSG00000224137	SIMPLE_AND	NULL	GM12878
ENSG00000224141	NULL	INCONSISTENT	NEITHER
ENSG00000224144	NULL	REPRESSED	NEITHER
ENSG00000224152	SIMPLE_AND	INCONSISTENT	GM12878
ENSG00000224153	NULL	REPRESSED	NEITHER
ENSG00000224159	REPRESSED	NULL	NEITHER
ENSG00000224163	INCONSISTENT	REPRESSED	NEITHER
ENSG00000224167	REPRESSED	NULL	NEITHER
ENSG00000224177	INCONSISTENT	NULL	NEITHER
ENSG00000224184	REPRESSED	NULL	NEITHER
ENSG00000224186	BIVALENT	INCONSISTENT	NEITHER
ENSG00000224189	REPRESSED	BIVALENT	NEITHER
ENSG00000224194	INCONSISTENT	NULL	NEITHER
ENSG00000224209	BIVALENT	INCONSISTENT	NEITHER
ENSG00000224215	REPRESSED	NULL	NEITHER
ENSG00000224218	NULL	INCONSISTENT	NEITHER
ENSG00000224220	SIMPLE_AND	NULL	GM12878
ENSG00000224221	NULL	INCONSISTENT	NEITHER
ENSG00000224228	REPRESSED	NULL	NEITHER
ENSG00000224244	NULL	REPRESSED	NEITHER
ENSG00000224260	REPRESSED	NULL	NEITHER
ENSG00000224271	NULL	INCONSISTENT	NEITHER
ENSG00000224273	NULL	REPRESSED	NEITHER
ENSG00000224276	INCONSISTENT	NULL	NEITHER
ENSG00000224277	REPRESSED	INCONSISTENT	NEITHER
ENSG00000224281	SIMPLE_AND	INCONSISTENT	GM12878
ENSG00000224287	SIMPLE_AND	INCONSISTENT	GM12878
ENSG00000224289	INCONSISTENT	NULL	NEITHER
ENSG00000224291	NULL	REPRESSED	NEITHER
ENSG00000224294	REPRESSED	NULL	NEITHER
ENSG00000224310	NULL	REPRESSED	NEITHER
ENSG00000224315	NULL	INCONSISTENT	NEITHER
ENSG00000224318	INCONSISTENT	NULL	NEITHER
ENSG00000224321	NULL	INCONSISTENT	NEITHER
ENSG00000224322	NULL	INCONSISTENT	NEITHER
ENSG00000224333	NULL	INCONSISTENT	NEITHER
ENSG00000224334	REPRESSED	NULL	NEITHER
ENSG00000224338	NULL	REPRESSED	NEITHER
ENSG00000224340	COMPLEX	INCONSISTENT	NEITHER
ENSG00000224352	NULL	REPRESSED	NEITHER
ENSG00000224353	NULL	REPRESSED	NEITHER
ENSG00000224356	SIMPLE_AND	INCONSISTENT	GM12878
ENSG00000224358	SIMPLE_AND	INCONSISTENT	GM12878
ENSG00000224361	NULL	REPRESSED	NEITHER
ENSG00000224371	NULL	INCONSISTENT	NEITHER
ENSG00000224376	SIMPLE_OR	NULL	NEITHER
ENSG00000224383	BIVALENT	INCONSISTENT	NEITHER
ENSG00000224387	NULL	REPRESSED	NEITHER
ENSG00000224391	NULL	REPRESSED	NEITHER
ENSG00000224403	REPRESSED	NULL	NEITHER
ENSG00000224409	NULL	INCONSISTENT	NEITHER
ENSG00000224416	REPRESSED	NULL	NEITHER
ENSG00000224417	NULL	REPRESSED	NEITHER
ENSG00000224418	SIMPLE_AND	INCONSISTENT	GM12878
ENSG00000224421	INCONSISTENT	NULL	NEITHER
ENSG00000224424	SIMPLE_AND	INCONSISTENT	GM12878
ENSG00000224429	REPRESSED	NULL	NEITHER
ENSG00000224439	NULL	REPRESSED	NEITHER
ENSG00000224445	NULL	INCONSISTENT	NEITHER
ENSG00000224447	REPRESSED	NULL	NEITHER
ENSG00000224466	NULL	REPRESSED	NEITHER
ENSG00000224469	NULL	INCONSISTENT	NEITHER
ENSG00000224470	SIMPLE_AND	INCONSISTENT	GM12878
ENSG00000224473	NULL	REPRESSED	NEITHER
ENSG00000224477	NULL	REPRESSED	NEITHER
ENSG00000224505	SIMPLE_AND	INCONSISTENT	GM12878
ENSG00000224510	REPRESSED	NULL	NEITHER
ENSG00000224514	NULL	INCONSISTENT	NEITHER
ENSG00000224515	NULL	INCONSISTENT	NEITHER
ENSG00000224520	NULL	REPRESSED	NEITHER
ENSG00000224530	NULL	REPRESSED	NEITHER
ENSG00000224531	SIMPLE_AND	INCONSISTENT	GM12878
ENSG00000224535	NULL	REPRESSED	NEITHER
ENSG00000224536	SIMPLE_AND	INCONSISTENT	GM12878
ENSG00000224551	REPRESSED	NULL	NEITHER
ENSG00000224553	REPRESSED	NULL	NEITHER
ENSG00000224557	SIMPLE_AND	NULL	GM12878
ENSG00000224565	INCONSISTENT	NULL	NEITHER
ENSG00000224574	NULL	INCONSISTENT	NEITHER
ENSG00000224586	REPRESSED	NULL	NEITHER
ENSG00000224616	SIMPLE_AND	COMPLEX	GM12878
ENSG00000224635	NULL	INCONSISTENT	NEITHER
ENSG00000224646	COMPLEX	NULL	NEITHER
ENSG00000224648	INCONSISTENT	COMPLEX	NEITHER
ENSG00000224652	NULL	INCONSISTENT	NEITHER
ENSG00000224662	NULL	INCONSISTENT	NEITHER
ENSG00000224666	INCONSISTENT	BIVALENT	NEITHER
ENSG00000224668	NULL	INCONSISTENT	NEITHER
ENSG00000224677	INCONSISTENT	NULL	NEITHER
ENSG00000224683	NULL	REPRESSED	NEITHER
ENSG00000224687	BIVALENT	INCONSISTENT	NEITHER
ENSG00000224688	NULL	REPRESSED	NEITHER
ENSG00000224699	SIMPLE_AND	SIMPLE_OR	GM12878
ENSG00000224713	REPRESSED	INCONSISTENT	NEITHER
ENSG00000224717	REPRESSED	BIVALENT	NEITHER
ENSG00000224718	NULL	REPRESSED	NEITHER
ENSG00000224722	REPRESSED	NULL	NEITHER
ENSG00000224725	NULL	REPRESSED	NEITHER
ENSG00000224727	NULL	INCONSISTENT	NEITHER
ENSG00000224729	BIVALENT	INCONSISTENT	NEITHER
ENSG00000224730	NULL	REPRESSED	NEITHER
ENSG00000224738	SIMPLE_AND	INCONSISTENT	GM12878
ENSG00000224743	REPRESSED	NULL	NEITHER
ENSG00000224747	NULL	REPRESSED	NEITHER
ENSG00000224751	INCONSISTENT	NULL	NEITHER
ENSG00000224758	INCONSISTENT	NULL	NEITHER
ENSG00000224760	NULL	REPRESSED	NEITHER
ENSG00000224764	NULL	INCONSISTENT	NEITHER
ENSG00000224765	REPRESSED	NULL	NEITHER
ENSG00000224769	NULL	REPRESSED	NEITHER
ENSG00000224776	INCONSISTENT	NULL	NEITHER
ENSG00000224781	REPRESSED	NULL	NEITHER
ENSG00000224792	REPRESSED	NULL	NEITHER
ENSG00000224794	NULL	INCONSISTENT	NEITHER
ENSG00000224796	SIMPLE_AND	REPRESSED	GM12878
ENSG00000224806	REPRESSED	NULL	NEITHER
ENSG00000224808	NULL	REPRESSED	NEITHER
ENSG00000224809	REPRESSED	NULL	NEITHER
ENSG00000224812	SIMPLE_AND	INCONSISTENT	GM12878
ENSG00000224814	REPRESSED	NULL	NEITHER
ENSG00000224817	NULL	INCONSISTENT	NEITHER
ENSG00000224818	INCONSISTENT	NULL	NEITHER
ENSG00000224825	BIVALENT	INCONSISTENT	NEITHER
ENSG00000224829	NULL	REPRESSED	NEITHER
ENSG00000224830	SIMPLE_OR	INCONSISTENT	NEITHER
ENSG00000224842	REPRESSED	NULL	NEITHER
ENSG00000224843	SIMPLE_AND	INCONSISTENT	GM12878
ENSG00000224851	NULL	REPRESSED	NEITHER
ENSG00000224854	INCONSISTENT	NULL	NEITHER
ENSG00000224856	SIMPLE_AND	INCONSISTENT	GM12878
ENSG00000224858	NULL	INCONSISTENT	NEITHER
ENSG00000224863	REPRESSED	NULL	NEITHER
ENSG00000224864	REPRESSED	NULL	NEITHER
ENSG00000224876	REPRESSED	NULL	NEITHER
ENSG00000224884	NULL	REPRESSED	NEITHER
ENSG00000224892	SIMPLE_AND	INCONSISTENT	GM12878
ENSG00000224893	NULL	INCONSISTENT	NEITHER
ENSG00000224895	SIMPLE_OR	INCONSISTENT	NEITHER
ENSG00000224897	SIMPLE_AND	INCONSISTENT	GM12878
ENSG00000224905	SIMPLE_AND	INCONSISTENT	GM12878
ENSG00000224910	INCONSISTENT	NULL	NEITHER
ENSG00000224914	SIMPLE_OR	INCONSISTENT	NEITHER
ENSG00000224916	NULL	INCONSISTENT	NEITHER
ENSG00000224934	SIMPLE_AND	INCONSISTENT	GM12878
ENSG00000224936	REPRESSED	BIVALENT	NEITHER
ENSG00000224940	REPRESSED	BIVALENT	NEITHER
ENSG00000224950	NULL	INCONSISTENT	NEITHER
ENSG00000224958	NULL	INCONSISTENT	NEITHER
ENSG00000224982	REPRESSED	BIVALENT	NEITHER
ENSG00000224985	SIMPLE_AND	INCONSISTENT	GM12878
ENSG00000224995	NULL	REPRESSED	NEITHER
ENSG00000225002	REPRESSED	NULL	NEITHER
ENSG00000225007	NULL	REPRESSED	NEITHER
ENSG00000225018	NULL	REPRESSED	NEITHER
ENSG00000225028	NULL	REPRESSED	NEITHER
ENSG00000225036	REPRESSED	NULL	NEITHER
ENSG00000225057	BIVALENT	INCONSISTENT	NEITHER
ENSG00000225075	NULL	INCONSISTENT	NEITHER
ENSG00000225084	INCONSISTENT	NULL	NEITHER
ENSG00000225091	INCONSISTENT	SIMPLE_OR	NEITHER
ENSG00000225098	INCONSISTENT	NULL	NEITHER
ENSG00000225105	NULL	REPRESSED	NEITHER
ENSG00000225112	INCONSISTENT	NULL	NEITHER
ENSG00000225127	REPRESSED	NULL	NEITHER
ENSG00000225138	SIMPLE_AND	INCONSISTENT	GM12878
ENSG00000225140	NULL	REPRESSED	NEITHER
ENSG00000225147	NULL	REPRESSED	NEITHER
ENSG00000225152	NULL	REPRESSED	NEITHER
ENSG00000225158	NULL	REPRESSED	NEITHER
ENSG00000225171	SIMPLE_OR	NULL	NEITHER
ENSG00000225175	REPRESSED	NULL	NEITHER
ENSG00000225177	INCONSISTENT	BIVALENT	NEITHER
ENSG00000225180	NULL	REPRESSED	NEITHER
ENSG00000225190	SIMPLE_OR	SIMPLE_AND	K562
ENSG00000225192	REPRESSED	NULL	NEITHER
ENSG00000225194	REPRESSED	NULL	NEITHER
ENSG00000225196	NULL	INCONSISTENT	NEITHER
ENSG00000225205	SIMPLE_AND	INCONSISTENT	GM12878
ENSG00000225206	REPRESSED	NULL	NEITHER
ENSG00000225214	BIVALENT	REPRESSED	NEITHER
ENSG00000225222	NULL	INCONSISTENT	NEITHER
ENSG00000225225	COMPLEX	NULL	NEITHER
ENSG00000225231	NULL	REPRESSED	NEITHER
ENSG00000225251	NULL	REPRESSED	NEITHER
ENSG00000225258	NULL	INCONSISTENT	NEITHER
ENSG00000225259	NULL	REPRESSED	NEITHER
ENSG00000225265	SIMPLE_AND	INCONSISTENT	GM12878
ENSG00000225275	NULL	REPRESSED	NEITHER
ENSG00000225280	REPRESSED	NULL	NEITHER
ENSG00000225285	BIVALENT	INCONSISTENT	NEITHER
ENSG00000225292	NULL	REPRESSED	NEITHER
ENSG00000225293	NULL	BIVALENT	NEITHER
ENSG00000225298	REPRESSED	NULL	NEITHER
ENSG00000225303	INCONSISTENT	NULL	NEITHER
ENSG00000225311	INCONSISTENT	NULL	NEITHER
ENSG00000225314	SIMPLE_OR	NULL	NEITHER
ENSG00000225323	REPRESSED	NULL	NEITHER
ENSG00000225333	REPRESSED	NULL	NEITHER
ENSG00000225335	SIMPLE_AND	INCONSISTENT	GM12878
ENSG00000225338	REPRESSED	NULL	NEITHER
ENSG00000225342	BIVALENT	INCONSISTENT	NEITHER
ENSG00000225358	REPRESSED	NULL	NEITHER
ENSG00000225359	INCONSISTENT	BIVALENT	NEITHER
ENSG00000225361	SIMPLE_OR	INCONSISTENT	NEITHER
ENSG00000225365	NULL	REPRESSED	NEITHER
ENSG00000225370	REPRESSED	NULL	NEITHER
ENSG00000225377	SIMPLE_AND	INCONSISTENT	GM12878
ENSG00000225386	REPRESSED	NULL	NEITHER
ENSG00000225387	REPRESSED	NULL	NEITHER
ENSG00000225391	REPRESSED	NULL	NEITHER
ENSG00000225398	NULL	INCONSISTENT	NEITHER
ENSG00000225400	NULL	INCONSISTENT	NEITHER
ENSG00000225401	NULL	INCONSISTENT	NEITHER
ENSG00000225404	NULL	REPRESSED	NEITHER
ENSG00000225407	BIVALENT	INCONSISTENT	NEITHER
ENSG00000225411	NULL	INCONSISTENT	NEITHER
ENSG00000225415	NULL	REPRESSED	NEITHER
ENSG00000225416	NULL	REPRESSED	NEITHER
ENSG00000225424	REPRESSED	NULL	NEITHER
ENSG00000225431	NULL	REPRESSED	NEITHER
ENSG00000225438	NULL	REPRESSED	NEITHER
ENSG00000225443	REPRESSED	NULL	NEITHER
ENSG00000225446	BIVALENT	INCONSISTENT	NEITHER
ENSG00000225451	REPRESSED	NULL	NEITHER
ENSG00000225460	INCONSISTENT	NULL	NEITHER
ENSG00000225465	NULL	INCONSISTENT	NEITHER
ENSG00000225472	REPRESSED	INCONSISTENT	NEITHER
ENSG00000225475	REPRESSED	NULL	NEITHER
ENSG00000225478	NULL	REPRESSED	NEITHER
ENSG00000225489	SIMPLE_AND	NULL	GM12878
ENSG00000225493	NULL	REPRESSED	NEITHER
ENSG00000225499	NULL	INCONSISTENT	NEITHER
ENSG00000225511	REPRESSED	NULL	NEITHER
ENSG00000225519	SIMPLE_AND	NULL	GM12878
ENSG00000225526	INCONSISTENT	NULL	NEITHER
ENSG00000225528	NULL	INCONSISTENT	NEITHER
ENSG00000225532	NULL	INCONSISTENT	NEITHER
ENSG00000225542	NULL	INCONSISTENT	NEITHER
ENSG00000225546	NULL	INCONSISTENT	NEITHER
ENSG00000225549	NULL	REPRESSED	NEITHER
ENSG00000225556	BIVALENT	REPRESSED	NEITHER
ENSG00000225568	COMPLEX	NULL	NEITHER
ENSG00000225603	NULL	REPRESSED	NEITHER
ENSG00000225606	REPRESSED	INCONSISTENT	NEITHER
ENSG00000225612	NULL	REPRESSED	NEITHER
ENSG00000225613	REPRESSED	NULL	NEITHER
ENSG00000225616	REPRESSED	NULL	NEITHER
ENSG00000225626	NULL	INCONSISTENT	NEITHER
ENSG00000225632	NULL	INCONSISTENT	NEITHER
ENSG00000225637	INCONSISTENT	REPRESSED	NEITHER
ENSG00000225639	NULL	INCONSISTENT	NEITHER
ENSG00000225643	NULL	REPRESSED	NEITHER
ENSG00000225647	NULL	REPRESSED	NEITHER
ENSG00000225650	INCONSISTENT	NULL	NEITHER
ENSG00000225656	NULL	REPRESSED	NEITHER
ENSG00000225658	NULL	REPRESSED	NEITHER
ENSG00000225661	INCONSISTENT	NULL	NEITHER
ENSG00000225670	INCONSISTENT	REPRESSED	NEITHER
ENSG00000225676	NULL	INCONSISTENT	NEITHER
ENSG00000225680	COMPLEX	NULL	NEITHER
ENSG00000225683	NULL	REPRESSED	NEITHER
ENSG00000225706	REPRESSED	NULL	NEITHER
ENSG00000225713	NULL	REPRESSED	NEITHER
ENSG00000225720	INCONSISTENT	NULL	NEITHER
ENSG00000225727	COMPLEX	INCONSISTENT	NEITHER
ENSG00000225731	NULL	REPRESSED	NEITHER
ENSG00000225741	NULL	REPRESSED	NEITHER
ENSG00000225742	REPRESSED	NULL	NEITHER
ENSG00000225750	NULL	INCONSISTENT	NEITHER
ENSG00000225752	INCONSISTENT	NULL	NEITHER
ENSG00000225761	NULL	INCONSISTENT	NEITHER
ENSG00000225762	NULL	REPRESSED	NEITHER
ENSG00000225764	BIVALENT	NULL	NEITHER
ENSG00000225766	INCONSISTENT	NULL	NEITHER
ENSG00000225774	REPRESSED	INCONSISTENT	NEITHER
ENSG00000225778	NULL	SIMPLE_AND	K562
ENSG00000225779	SIMPLE_OR	INCONSISTENT	NEITHER
ENSG00000225781	NULL	REPRESSED	NEITHER
ENSG00000225783	NULL	INCONSISTENT	NEITHER
ENSG00000225785	REPRESSED	NULL	NEITHER
ENSG00000225792	INCONSISTENT	NULL	NEITHER
ENSG00000225793	SIMPLE_AND	INCONSISTENT	GM12878
ENSG00000225806	SIMPLE_AND	INCONSISTENT	GM12878
ENSG00000225807	NULL	INCONSISTENT	NEITHER
ENSG00000225815	NULL	REPRESSED	NEITHER
ENSG00000225827	NULL	REPRESSED	NEITHER
ENSG00000225831	NULL	INCONSISTENT	NEITHER
ENSG00000225832	INCONSISTENT	NULL	NEITHER
ENSG00000225836	INCONSISTENT	NULL	NEITHER
ENSG00000225851	NULL	REPRESSED	NEITHER
ENSG00000225855	SIMPLE_AND	INCONSISTENT	GM12878
ENSG00000225864	INCONSISTENT	NULL	NEITHER
ENSG00000225870	NULL	REPRESSED	NEITHER
ENSG00000225873	INCONSISTENT	SIMPLE_AND	K562
ENSG00000225880	SIMPLE_AND	INCONSISTENT	GM12878
ENSG00000225881	NULL	REPRESSED	NEITHER
ENSG00000225885	SIMPLE_AND	NULL	GM12878
ENSG00000225886	SIMPLE_OR	INCONSISTENT	NEITHER
ENSG00000225889	COMPLEX	INCONSISTENT	NEITHER
ENSG00000225903	NULL	REPRESSED	NEITHER
ENSG00000225905	INCONSISTENT	NULL	NEITHER
ENSG00000225907	NULL	REPRESSED	NEITHER
ENSG00000225914	SIMPLE_AND	INCONSISTENT	GM12878
ENSG00000225922	NULL	INCONSISTENT	NEITHER
ENSG00000225929	NULL	REPRESSED	NEITHER
ENSG00000225931	NULL	REPRESSED	NEITHER
ENSG00000225936	NULL	INCONSISTENT	NEITHER
ENSG00000225942	NULL	REPRESSED	NEITHER
ENSG00000225950	NULL	BIVALENT	NEITHER
ENSG00000225952	NULL	REPRESSED	NEITHER
ENSG00000225953	BIVALENT	INCONSISTENT	NEITHER
ENSG00000225968	NULL	INCONSISTENT	NEITHER
ENSG00000225969	NULL	INCONSISTENT	NEITHER
ENSG00000225973	SIMPLE_AND	INCONSISTENT	GM12878
ENSG00000225975	SIMPLE_AND	INCONSISTENT	GM12878
ENSG00000225978	INCONSISTENT	NULL	NEITHER
ENSG00000225979	INCONSISTENT	BIVALENT	NEITHER
ENSG00000225982	NULL	REPRESSED	NEITHER
ENSG00000225988	BIVALENT	NULL	NEITHER
ENSG00000226004	NULL	INCONSISTENT	NEITHER
ENSG00000226025	SIMPLE_AND	NULL	GM12878
ENSG00000226026	BIVALENT	INCONSISTENT	NEITHER
ENSG00000226032	NULL	REPRESSED	NEITHER
ENSG00000226043	NULL	INCONSISTENT	NEITHER
ENSG00000226048	SIMPLE_OR	NULL	NEITHER
ENSG00000226049	NULL	REPRESSED	NEITHER
ENSG00000226051	NULL	INCONSISTENT	NEITHER
ENSG00000226054	NULL	BIVALENT	NEITHER
ENSG00000226067	SIMPLE_OR	INCONSISTENT	NEITHER
ENSG00000226072	NULL	INCONSISTENT	NEITHER
ENSG00000226074	NULL	INCONSISTENT	NEITHER
ENSG00000226078	NULL	REPRESSED	NEITHER
ENSG00000226087	REPRESSED	NULL	NEITHER
ENSG00000226088	INCONSISTENT	NULL	NEITHER
ENSG00000226094	NULL	REPRESSED	NEITHER
ENSG00000226097	COMPLEX	NULL	NEITHER
ENSG00000226117	COMPLEX	NULL	NEITHER
ENSG00000226118	COMPLEX	NULL	NEITHER
ENSG00000226131	NULL	REPRESSED	NEITHER
ENSG00000226132	COMPLEX	NULL	NEITHER
ENSG00000226133	REPRESSED	NULL	NEITHER
ENSG00000226137	BIVALENT	INCONSISTENT	NEITHER
ENSG00000226141	NULL	REPRESSED	NEITHER
ENSG00000226163	NULL	INCONSISTENT	NEITHER
ENSG00000226166	NULL	REPRESSED	NEITHER
ENSG00000226167	INCONSISTENT	NULL	NEITHER
ENSG00000226169	NULL	INCONSISTENT	NEITHER
ENSG00000226174	SIMPLE_AND	COMPLEX	GM12878
ENSG00000226179	SIMPLE_AND	INCONSISTENT	GM12878
ENSG00000226180	SIMPLE_OR	NULL	NEITHER
ENSG00000226191	INCONSISTENT	COMPLEX	NEITHER
ENSG00000226200	SIMPLE_AND	INCONSISTENT	GM12878
ENSG00000226217	REPRESSED	NULL	NEITHER
ENSG00000226226	NULL	REPRESSED	NEITHER
ENSG00000226233	INCONSISTENT	NULL	NEITHER
ENSG00000226235	NULL	REPRESSED	NEITHER
ENSG00000226237	COMPLEX	INCONSISTENT	NEITHER
ENSG00000226239	INCONSISTENT	NULL	NEITHER
ENSG00000226243	NULL	REPRESSED	NEITHER
ENSG00000226251	COMPLEX	INCONSISTENT	NEITHER
ENSG00000226252	REPRESSED	INCONSISTENT	NEITHER
ENSG00000226258	REPRESSED	NULL	NEITHER
ENSG00000226266	SIMPLE_AND	INCONSISTENT	GM12878
ENSG00000226281	INCONSISTENT	NULL	NEITHER
ENSG00000226286	NULL	REPRESSED	NEITHER
ENSG00000226287	SIMPLE_OR	INCONSISTENT	NEITHER
ENSG00000226288	NULL	REPRESSED	NEITHER
ENSG00000226298	NULL	REPRESSED	NEITHER
ENSG00000226299	REPRESSED	BIVALENT	NEITHER
ENSG00000226301	REPRESSED	NULL	NEITHER
ENSG00000226304	REPRESSED	NULL	NEITHER
ENSG00000226308	NULL	REPRESSED	NEITHER
ENSG00000226310	SIMPLE_AND	INCONSISTENT	GM12878
ENSG00000226314	SIMPLE_OR	INCONSISTENT	NEITHER
ENSG00000226328	SIMPLE_AND	INCONSISTENT	GM12878
ENSG00000226334	BIVALENT	NULL	NEITHER
ENSG00000226349	NULL	REPRESSED	NEITHER
ENSG00000226355	REPRESSED	INCONSISTENT	NEITHER
ENSG00000226366	REPRESSED	NULL	NEITHER
ENSG00000226374	NULL	REPRESSED	NEITHER
ENSG00000226383	NULL	INCONSISTENT	NEITHER
ENSG00000226389	NULL	REPRESSED	NEITHER
ENSG00000226390	NULL	REPRESSED	NEITHER
ENSG00000226397	SIMPLE_AND	NULL	GM12878
ENSG00000226398	NULL	REPRESSED	NEITHER
ENSG00000226409	NULL	REPRESSED	NEITHER
ENSG00000226412	REPRESSED	NULL	NEITHER
ENSG00000226419	SIMPLE_AND	INCONSISTENT	GM12878
ENSG00000226420	INCONSISTENT	REPRESSED	NEITHER
ENSG00000226421	NULL	REPRESSED	NEITHER
ENSG00000226430	NULL	REPRESSED	NEITHER
ENSG00000226433	NULL	REPRESSED	NEITHER
ENSG00000226435	REPRESSED	INCONSISTENT	NEITHER
ENSG00000226441	INCONSISTENT	NULL	NEITHER
ENSG00000226445	NULL	INCONSISTENT	NEITHER
ENSG00000226466	INCONSISTENT	NULL	NEITHER
ENSG00000226468	NULL	REPRESSED	NEITHER
ENSG00000226471	SIMPLE_AND	INCONSISTENT	GM12878
ENSG00000226473	REPRESSED	NULL	NEITHER
ENSG00000226476	NULL	INCONSISTENT	NEITHER
ENSG00000226479	SIMPLE_AND	INCONSISTENT	GM12878
ENSG00000226491	INCONSISTENT	REPRESSED	NEITHER
ENSG00000226497	REPRESSED	NULL	NEITHER
ENSG00000226499	NULL	INCONSISTENT	NEITHER
ENSG00000226501	SIMPLE_OR	REPRESSED	NEITHER
ENSG00000226508	INCONSISTENT	REPRESSED	NEITHER
ENSG00000226510	BIVALENT	NULL	NEITHER
ENSG00000226516	NULL	INCONSISTENT	NEITHER
ENSG00000226533	INCONSISTENT	NULL	NEITHER
ENSG00000226536	REPRESSED	NULL	NEITHER
ENSG00000226541	NULL	INCONSISTENT	NEITHER
ENSG00000226544	NULL	REPRESSED	NEITHER
ENSG00000226545	NULL	INCONSISTENT	NEITHER
ENSG00000226547	NULL	INCONSISTENT	NEITHER
ENSG00000226548	NULL	INCONSISTENT	NEITHER
ENSG00000226553	NULL	INCONSISTENT	NEITHER
ENSG00000226558	INCONSISTENT	NULL	NEITHER
ENSG00000226570	NULL	REPRESSED	NEITHER
ENSG00000226571	SIMPLE_OR	NULL	NEITHER
ENSG00000226577	REPRESSED	NULL	NEITHER
ENSG00000226595	NULL	REPRESSED	NEITHER
ENSG00000226605	NULL	INCONSISTENT	NEITHER
ENSG00000226608	NULL	INCONSISTENT	NEITHER
ENSG00000226622	NULL	REPRESSED	NEITHER
ENSG00000226629	NULL	REPRESSED	NEITHER
ENSG00000226631	NULL	REPRESSED	NEITHER
ENSG00000226643	NULL	INCONSISTENT	NEITHER
ENSG00000226644	INCONSISTENT	NULL	NEITHER
ENSG00000226658	INCONSISTENT	NULL	NEITHER
ENSG00000226659	SIMPLE_AND	INCONSISTENT	GM12878
ENSG00000226662	INCONSISTENT	REPRESSED	NEITHER
ENSG00000226663	NULL	REPRESSED	NEITHER
ENSG00000226664	INCONSISTENT	REPRESSED	NEITHER
ENSG00000226679	REPRESSED	INCONSISTENT	NEITHER
ENSG00000226683	NULL	INCONSISTENT	NEITHER
ENSG00000226686	INCONSISTENT	NULL	NEITHER
ENSG00000226703	NULL	REPRESSED	NEITHER
ENSG00000226705	INCONSISTENT	NULL	NEITHER
ENSG00000226706	NULL	INCONSISTENT	NEITHER
ENSG00000226709	REPRESSED	NULL	NEITHER
ENSG00000226711	SIMPLE_OR	INCONSISTENT	NEITHER
ENSG00000226717	REPRESSED	NULL	NEITHER
ENSG00000226722	REPRESSED	NULL	NEITHER
ENSG00000226724	NULL	INCONSISTENT	NEITHER
ENSG00000226739	NULL	INCONSISTENT	NEITHER
ENSG00000226742	INCONSISTENT	NULL	NEITHER
ENSG00000226747	NULL	INCONSISTENT	NEITHER
ENSG00000226757	REPRESSED	BIVALENT	NEITHER
ENSG00000226764	REPRESSED	NULL	NEITHER
ENSG00000226766	REPRESSED	NULL	NEITHER
ENSG00000226767	NULL	INCONSISTENT	NEITHER
ENSG00000226772	NULL	INCONSISTENT	NEITHER
ENSG00000226776	REPRESSED	NULL	NEITHER
ENSG00000226779	SIMPLE_AND	NULL	GM12878
ENSG00000226782	NULL	INCONSISTENT	NEITHER
ENSG00000226790	NULL	REPRESSED	NEITHER
ENSG00000226791	NULL	REPRESSED	NEITHER
ENSG00000226792	REPRESSED	NULL	NEITHER
ENSG00000226804	INCONSISTENT	NULL	NEITHER
ENSG00000226806	COMPLEX	REPRESSED	NEITHER
ENSG00000226807	REPRESSED	NULL	NEITHER
ENSG00000226810	REPRESSED	NULL	NEITHER
ENSG00000226812	NULL	REPRESSED	NEITHER
ENSG00000226819	BIVALENT	INCONSISTENT	NEITHER
ENSG00000226822	NULL	REPRESSED	NEITHER
ENSG00000226831	NULL	INCONSISTENT	NEITHER
ENSG00000226835	NULL	BIVALENT	NEITHER
ENSG00000226853	SIMPLE_AND	COMPLEX	GM12878
ENSG00000226856	INCONSISTENT	REPRESSED	NEITHER
ENSG00000226859	SIMPLE_OR	REPRESSED	NEITHER
ENSG00000226868	NULL	INCONSISTENT	NEITHER
ENSG00000226871	REPRESSED	NULL	NEITHER
ENSG00000226872	NULL	REPRESSED	NEITHER
ENSG00000226876	NULL	INCONSISTENT	NEITHER
ENSG00000226878	NULL	REPRESSED	NEITHER
ENSG00000226886	REPRESSED	BIVALENT	NEITHER
ENSG00000226887	REPRESSED	NULL	NEITHER
ENSG00000226889	SIMPLE_AND	INCONSISTENT	GM12878
ENSG00000226891	BIVALENT	NULL	NEITHER
ENSG00000226900	NULL	INCONSISTENT	NEITHER
ENSG00000226913	BIVALENT	INCONSISTENT	NEITHER
ENSG00000226915	NULL	REPRESSED	NEITHER
ENSG00000226927	NULL	REPRESSED	NEITHER
ENSG00000226933	NULL	INCONSISTENT	NEITHER
ENSG00000226938	NULL	REPRESSED	NEITHER
ENSG00000226942	SIMPLE_OR	NULL	NEITHER
ENSG00000226945	INCONSISTENT	BIVALENT	NEITHER
ENSG00000226952	REPRESSED	NULL	NEITHER
ENSG00000226954	NULL	BIVALENT	NEITHER
ENSG00000226963	REPRESSED	BIVALENT	NEITHER
ENSG00000226969	INCONSISTENT	NULL	NEITHER
ENSG00000226972	NULL	REPRESSED	NEITHER
ENSG00000226976	NULL	SIMPLE_OR	NEITHER
ENSG00000226979	SIMPLE_AND	NULL	GM12878
ENSG00000226984	REPRESSED	COMPLEX	NEITHER
ENSG00000226987	INCONSISTENT	NULL	NEITHER
ENSG00000226989	SIMPLE_AND	NULL	GM12878
ENSG00000226992	NULL	REPRESSED	NEITHER
ENSG00000227002	NULL	REPRESSED	NEITHER
ENSG00000227009	REPRESSED	NULL	NEITHER
ENSG00000227017	INCONSISTENT	NULL	NEITHER
ENSG00000227032	NULL	INCONSISTENT	NEITHER
ENSG00000227034	REPRESSED	NULL	NEITHER
ENSG00000227036	NULL	REPRESSED	NEITHER
ENSG00000227039	SIMPLE_AND	NULL	GM12878
ENSG00000227040	NULL	REPRESSED	NEITHER
ENSG00000227047	NULL	REPRESSED	NEITHER
ENSG00000227048	NULL	REPRESSED	NEITHER
ENSG00000227051	INCONSISTENT	BIVALENT	NEITHER
ENSG00000227055	NULL	REPRESSED	NEITHER
ENSG00000227060	BIVALENT	INCONSISTENT	NEITHER
ENSG00000227078	NULL	REPRESSED	NEITHER
ENSG00000227082	NULL	INCONSISTENT	NEITHER
ENSG00000227091	NULL	REPRESSED	NEITHER
ENSG00000227094	NULL	REPRESSED	NEITHER
ENSG00000227097	NULL	SIMPLE_OR	NEITHER
ENSG00000227101	NULL	REPRESSED	NEITHER
ENSG00000227108	INCONSISTENT	NULL	NEITHER
ENSG00000227117	INCONSISTENT	NULL	NEITHER
ENSG00000227124	SIMPLE_AND	INCONSISTENT	GM12878
ENSG00000227131	NULL	REPRESSED	NEITHER
ENSG00000227141	NULL	REPRESSED	NEITHER
ENSG00000227152	SIMPLE_OR	NULL	NEITHER
ENSG00000227165	SIMPLE_AND	INCONSISTENT	GM12878
ENSG00000227175	REPRESSED	INCONSISTENT	NEITHER
ENSG00000227176	REPRESSED	NULL	NEITHER
ENSG00000227180	NULL	REPRESSED	NEITHER
ENSG00000227188	NULL	INCONSISTENT	NEITHER
ENSG00000227200	SIMPLE_AND	NULL	GM12878
ENSG00000227215	REPRESSED	NULL	NEITHER
ENSG00000227227	INCONSISTENT	BIVALENT	NEITHER
ENSG00000227243	NULL	INCONSISTENT	NEITHER
ENSG00000227244	REPRESSED	INCONSISTENT	NEITHER
ENSG00000227252	SIMPLE_AND	INCONSISTENT	GM12878
ENSG00000227262	SIMPLE_AND	NULL	GM12878
ENSG00000227268	SIMPLE_AND	INCONSISTENT	GM12878
ENSG00000227269	INCONSISTENT	NULL	NEITHER
ENSG00000227278	REPRESSED	NULL	NEITHER
ENSG00000227292	NULL	REPRESSED	NEITHER
ENSG00000227293	NULL	REPRESSED	NEITHER
ENSG00000227295	REPRESSED	INCONSISTENT	NEITHER
ENSG00000227301	NULL	INCONSISTENT	NEITHER
ENSG00000227304	NULL	REPRESSED	NEITHER
ENSG00000227312	NULL	REPRESSED	NEITHER
ENSG00000227313	NULL	REPRESSED	NEITHER
ENSG00000227331	SIMPLE_OR	NULL	NEITHER
ENSG00000227335	INCONSISTENT	NULL	NEITHER
ENSG00000227338	NULL	REPRESSED	NEITHER
ENSG00000227339	NULL	REPRESSED	NEITHER
ENSG00000227350	INCONSISTENT	NULL	NEITHER
ENSG00000227352	REPRESSED	NULL	NEITHER
ENSG00000227354	SIMPLE_AND	INCONSISTENT	GM12878
ENSG00000227355	COMPLEX	INCONSISTENT	NEITHER
ENSG00000227356	BIVALENT	INCONSISTENT	NEITHER
ENSG00000227364	NULL	REPRESSED	NEITHER
ENSG00000227372	SIMPLE_OR	SIMPLE_AND	K562
ENSG00000227383	SIMPLE_OR	NULL	NEITHER
ENSG00000227392	NULL	BIVALENT	NEITHER
ENSG00000227401	NULL	REPRESSED	NEITHER
ENSG00000227403	SIMPLE_AND	NULL	GM12878
ENSG00000227404	NULL	REPRESSED	NEITHER
ENSG00000227406	NULL	INCONSISTENT	NEITHER
ENSG00000227409	INCONSISTENT	NULL	NEITHER
ENSG00000227413	INCONSISTENT	NULL	NEITHER
ENSG00000227416	NULL	REPRESSED	NEITHER
ENSG00000227423	REPRESSED	NULL	NEITHER
ENSG00000227432	REPRESSED	INCONSISTENT	NEITHER
ENSG00000227436	REPRESSED	NULL	NEITHER
ENSG00000227438	NULL	INCONSISTENT	NEITHER
ENSG00000227467	NULL	REPRESSED	NEITHER
ENSG00000227471	NULL	BIVALENT	NEITHER
ENSG00000227479	NULL	REPRESSED	NEITHER
ENSG00000227482	NULL	REPRESSED	NEITHER
ENSG00000227484	SIMPLE_AND	INCONSISTENT	GM12878
ENSG00000227486	SIMPLE_AND	INCONSISTENT	GM12878
ENSG00000227487	NULL	REPRESSED	NEITHER
ENSG00000227491	NULL	REPRESSED	NEITHER
ENSG00000227496	NULL	REPRESSED	NEITHER
ENSG00000227499	NULL	REPRESSED	NEITHER
ENSG00000227502	SIMPLE_OR	NULL	NEITHER
ENSG00000227507	SIMPLE_AND	INCONSISTENT	GM12878
ENSG00000227508	INCONSISTENT	REPRESSED	NEITHER
ENSG00000227518	NULL	INCONSISTENT	NEITHER
ENSG00000227527	NULL	INCONSISTENT	NEITHER
ENSG00000227533	SIMPLE_AND	INCONSISTENT	GM12878
ENSG00000227535	REPRESSED	NULL	NEITHER
ENSG00000227538	NULL	REPRESSED	NEITHER
ENSG00000227540	SIMPLE_AND	INCONSISTENT	GM12878
ENSG00000227542	BIVALENT	NULL	NEITHER
ENSG00000227543	SIMPLE_AND	INCONSISTENT	GM12878
ENSG00000227544	NULL	REPRESSED	NEITHER
ENSG00000227549	REPRESSED	NULL	NEITHER
ENSG00000227562	NULL	REPRESSED	NEITHER
ENSG00000227589	INCONSISTENT	NULL	NEITHER
ENSG00000227591	NULL	REPRESSED	NEITHER
ENSG00000227615	INCONSISTENT	SIMPLE_OR	NEITHER
ENSG00000227627	SIMPLE_AND	INCONSISTENT	GM12878
ENSG00000227638	REPRESSED	NULL	NEITHER
ENSG00000227640	REPRESSED	NULL	NEITHER
ENSG00000227659	NULL	REPRESSED	NEITHER
ENSG00000227660	NULL	REPRESSED	NEITHER
ENSG00000227671	COMPLEX	SIMPLE_AND	K562
ENSG00000227674	SIMPLE_OR	INCONSISTENT	NEITHER
ENSG00000227681	NULL	INCONSISTENT	NEITHER
ENSG00000227685	NULL	INCONSISTENT	NEITHER
ENSG00000227687	REPRESSED	NULL	NEITHER
ENSG00000227695	INCONSISTENT	NULL	NEITHER
ENSG00000227702	NULL	REPRESSED	NEITHER
ENSG00000227706	NULL	SIMPLE_AND	K562
ENSG00000227709	NULL	REPRESSED	NEITHER
ENSG00000227710	INCONSISTENT	NULL	NEITHER
ENSG00000227712	NULL	REPRESSED	NEITHER
ENSG00000227719	COMPLEX	NULL	NEITHER
ENSG00000227726	NULL	REPRESSED	NEITHER
ENSG00000227729	NULL	INCONSISTENT	NEITHER
ENSG00000227741	INCONSISTENT	NULL	NEITHER
ENSG00000227748	NULL	INCONSISTENT	NEITHER
ENSG00000227757	REPRESSED	NULL	NEITHER
ENSG00000227766	INCONSISTENT	NULL	NEITHER
ENSG00000227770	NULL	REPRESSED	NEITHER
ENSG00000227776	REPRESSED	INCONSISTENT	NEITHER
ENSG00000227777	NULL	REPRESSED	NEITHER
ENSG00000227788	NULL	REPRESSED	NEITHER
ENSG00000227791	INCONSISTENT	NULL	NEITHER
ENSG00000227811	INCONSISTENT	BIVALENT	NEITHER
ENSG00000227813	NULL	INCONSISTENT	NEITHER
ENSG00000227824	NULL	INCONSISTENT	NEITHER
ENSG00000227825	NULL	BIVALENT	NEITHER
ENSG00000227836	SIMPLE_OR	NULL	NEITHER
ENSG00000227845	NULL	INCONSISTENT	NEITHER
ENSG00000227850	REPRESSED	NULL	NEITHER
ENSG00000227852	REPRESSED	NULL	NEITHER
ENSG00000227883	NULL	REPRESSED	NEITHER
ENSG00000227885	BIVALENT	REPRESSED	NEITHER
ENSG00000227890	REPRESSED	NULL	NEITHER
ENSG00000227896	SIMPLE_AND	INCONSISTENT	GM12878
ENSG00000227910	NULL	INCONSISTENT	NEITHER
ENSG00000227914	REPRESSED	NULL	NEITHER
ENSG00000227920	INCONSISTENT	REPRESSED	NEITHER
ENSG00000227925	INCONSISTENT	NULL	NEITHER
ENSG00000227929	NULL	REPRESSED	NEITHER
ENSG00000227946	SIMPLE_AND	INCONSISTENT	GM12878
ENSG00000227947	NULL	REPRESSED	NEITHER
ENSG00000227953	REPRESSED	NULL	NEITHER
ENSG00000227959	REPRESSED	INCONSISTENT	NEITHER
ENSG00000227962	SIMPLE_OR	NULL	NEITHER
ENSG00000227986	REPRESSED	NULL	NEITHER
ENSG00000227994	NULL	REPRESSED	NEITHER
ENSG00000227999	NULL	REPRESSED	NEITHER
ENSG00000228008	SIMPLE_AND	INCONSISTENT	GM12878
ENSG00000228013	INCONSISTENT	BIVALENT	NEITHER
ENSG00000228016	NULL	REPRESSED	NEITHER
ENSG00000228021	NULL	REPRESSED	NEITHER
ENSG00000228027	NULL	REPRESSED	NEITHER
ENSG00000228034	NULL	REPRESSED	NEITHER
ENSG00000228037	SIMPLE_OR	REPRESSED	NEITHER
ENSG00000228040	NULL	INCONSISTENT	NEITHER
ENSG00000228043	SIMPLE_AND	INCONSISTENT	GM12878
ENSG00000228044	NULL	REPRESSED	NEITHER
ENSG00000228045	NULL	REPRESSED	NEITHER
ENSG00000228049	NULL	INCONSISTENT	NEITHER
ENSG00000228050	NULL	REPRESSED	NEITHER
ENSG00000228055	NULL	INCONSISTENT	NEITHER
ENSG00000228058	NULL	REPRESSED	NEITHER
ENSG00000228063	SIMPLE_AND	INCONSISTENT	GM12878
ENSG00000228065	SIMPLE_OR	INCONSISTENT	NEITHER
ENSG00000228067	NULL	REPRESSED	NEITHER
ENSG00000228078	NULL	REPRESSED	NEITHER
ENSG00000228079	INCONSISTENT	NULL	NEITHER
ENSG00000228085	NULL	REPRESSED	NEITHER
ENSG00000228089	SIMPLE_AND	INCONSISTENT	GM12878
ENSG00000228113	SIMPLE_AND	INCONSISTENT	GM12878
ENSG00000228121	INCONSISTENT	NULL	NEITHER
ENSG00000228131	INCONSISTENT	NULL	NEITHER
ENSG00000228133	NULL	REPRESSED	NEITHER
ENSG00000228137	SIMPLE_OR	NULL	NEITHER
ENSG00000228142	REPRESSED	NULL	NEITHER
ENSG00000228144	INCONSISTENT	SIMPLE_AND	K562
ENSG00000228150	SIMPLE_AND	INCONSISTENT	GM12878
ENSG00000228151	NULL	REPRESSED	NEITHER
ENSG00000228153	NULL	REPRESSED	NEITHER
ENSG00000228161	NULL	REPRESSED	NEITHER
ENSG00000228165	NULL	INCONSISTENT	NEITHER
ENSG00000228174	NULL	INCONSISTENT	NEITHER
ENSG00000228176	INCONSISTENT	NULL	NEITHER
ENSG00000228192	SIMPLE_AND	INCONSISTENT	GM12878
ENSG00000228201	INCONSISTENT	NULL	NEITHER
ENSG00000228203	SIMPLE_OR	INCONSISTENT	NEITHER
ENSG00000228204	NULL	REPRESSED	NEITHER
ENSG00000228211	REPRESSED	NULL	NEITHER
ENSG00000228215	NULL	INCONSISTENT	NEITHER
ENSG00000228217	NULL	REPRESSED	NEITHER
ENSG00000228221	INCONSISTENT	NULL	NEITHER
ENSG00000228222	BIVALENT	INCONSISTENT	NEITHER
ENSG00000228223	SIMPLE_AND	INCONSISTENT	GM12878
ENSG00000228224	NULL	REPRESSED	NEITHER
ENSG00000228234	NULL	REPRESSED	NEITHER
ENSG00000228236	INCONSISTENT	NULL	NEITHER
ENSG00000228239	REPRESSED	NULL	NEITHER
ENSG00000228242	SIMPLE_OR	INCONSISTENT	NEITHER
ENSG00000228261	INCONSISTENT	NULL	NEITHER
ENSG00000228274	SIMPLE_AND	INCONSISTENT	GM12878
ENSG00000228277	NULL	INCONSISTENT	NEITHER
ENSG00000228278	NULL	REPRESSED	NEITHER
ENSG00000228283	NULL	INCONSISTENT	NEITHER
ENSG00000228285	NULL	INCONSISTENT	NEITHER
ENSG00000228286	NULL	REPRESSED	NEITHER
ENSG00000228292	COMPLEX	INCONSISTENT	NEITHER
ENSG00000228315	SIMPLE_AND	INCONSISTENT	GM12878
ENSG00000228322	BIVALENT	INCONSISTENT	NEITHER
ENSG00000228329	NULL	INCONSISTENT	NEITHER
ENSG00000228340	NULL	REPRESSED	NEITHER
ENSG00000228348	INCONSISTENT	NULL	NEITHER
ENSG00000228350	BIVALENT	INCONSISTENT	NEITHER
ENSG00000228355	REPRESSED	NULL	NEITHER
ENSG00000228361	NULL	REPRESSED	NEITHER
ENSG00000228363	INCONSISTENT	COMPLEX	NEITHER
ENSG00000228364	REPRESSED	NULL	NEITHER
ENSG00000228366	INCONSISTENT	NULL	NEITHER
ENSG00000228373	REPRESSED	NULL	NEITHER
ENSG00000228382	SIMPLE_OR	REPRESSED	NEITHER
ENSG00000228391	NULL	REPRESSED	NEITHER
ENSG00000228393	SIMPLE_AND	INCONSISTENT	GM12878
ENSG00000228395	SIMPLE_AND	INCONSISTENT	GM12878
ENSG00000228399	NULL	INCONSISTENT	NEITHER
ENSG00000228400	REPRESSED	NULL	NEITHER
ENSG00000228401	REPRESSED	INCONSISTENT	NEITHER
ENSG00000228409	SIMPLE_AND	INCONSISTENT	GM12878
ENSG00000228412	REPRESSED	NULL	NEITHER
ENSG00000228414	COMPLEX	INCONSISTENT	NEITHER
ENSG00000228417	BIVALENT	INCONSISTENT	NEITHER
ENSG00000228420	NULL	INCONSISTENT	NEITHER
ENSG00000228421	REPRESSED	NULL	NEITHER
ENSG00000228426	NULL	REPRESSED	NEITHER
ENSG00000228427	SIMPLE_AND	NULL	GM12878
ENSG00000228432	INCONSISTENT	REPRESSED	NEITHER
ENSG00000228451	COMPLEX	BIVALENT	NEITHER
ENSG00000228462	REPRESSED	NULL	NEITHER
ENSG00000228470	NULL	REPRESSED	NEITHER
ENSG00000228477	SIMPLE_AND	INCONSISTENT	GM12878
ENSG00000228478	BIVALENT	NULL	NEITHER
ENSG00000228481	NULL	REPRESSED	NEITHER
ENSG00000228484	REPRESSED	NULL	NEITHER
ENSG00000228485	SIMPLE_AND	INCONSISTENT	GM12878
ENSG00000228486	SIMPLE_AND	INCONSISTENT	GM12878
ENSG00000228487	NULL	REPRESSED	NEITHER
ENSG00000228488	NULL	REPRESSED	NEITHER
ENSG00000228501	REPRESSED	NULL	NEITHER
ENSG00000228506	SIMPLE_AND	INCONSISTENT	GM12878
ENSG00000228507	REPRESSED	NULL	NEITHER
ENSG00000228510	NULL	INCONSISTENT	NEITHER
ENSG00000228513	REPRESSED	NULL	NEITHER
ENSG00000228526	COMPLEX	REPRESSED	NEITHER
ENSG00000228528	NULL	REPRESSED	NEITHER
ENSG00000228536	INCONSISTENT	NULL	NEITHER
ENSG00000228544	SIMPLE_AND	INCONSISTENT	GM12878
ENSG00000228548	NULL	REPRESSED	NEITHER
ENSG00000228550	SIMPLE_OR	NULL	NEITHER
ENSG00000228551	INCONSISTENT	NULL	NEITHER
ENSG00000228564	REPRESSED	NULL	NEITHER
ENSG00000228566	NULL	INCONSISTENT	NEITHER
ENSG00000228586	NULL	REPRESSED	NEITHER
ENSG00000228589	INCONSISTENT	NULL	NEITHER
ENSG00000228590	INCONSISTENT	NULL	NEITHER
ENSG00000228596	INCONSISTENT	NULL	NEITHER
ENSG00000228599	INCONSISTENT	NULL	NEITHER
ENSG00000228600	NULL	INCONSISTENT	NEITHER
ENSG00000228607	NULL	REPRESSED	NEITHER
ENSG00000228623	REPRESSED	INCONSISTENT	NEITHER
ENSG00000228624	SIMPLE_AND	INCONSISTENT	GM12878
ENSG00000228629	COMPLEX	INCONSISTENT	NEITHER
ENSG00000228630	REPRESSED	BIVALENT	NEITHER
ENSG00000228634	SIMPLE_AND	INCONSISTENT	GM12878
ENSG00000228636	NULL	INCONSISTENT	NEITHER
ENSG00000228648	NULL	REPRESSED	NEITHER
ENSG00000228649	SIMPLE_AND	INCONSISTENT	GM12878
ENSG00000228653	REPRESSED	NULL	NEITHER
ENSG00000228659	NULL	BIVALENT	NEITHER
ENSG00000228663	INCONSISTENT	NULL	NEITHER
ENSG00000228664	NULL	INCONSISTENT	NEITHER
ENSG00000228666	NULL	REPRESSED	NEITHER
ENSG00000228669	REPRESSED	NULL	NEITHER
ENSG00000228672	SIMPLE_AND	NULL	GM12878
ENSG00000228679	NULL	REPRESSED	NEITHER
ENSG00000228680	NULL	INCONSISTENT	NEITHER
ENSG00000228686	INCONSISTENT	NULL	NEITHER
ENSG00000228692	NULL	INCONSISTENT	NEITHER
ENSG00000228702	SIMPLE_AND	INCONSISTENT	GM12878
ENSG00000228717	NULL	REPRESSED	NEITHER
ENSG00000228718	REPRESSED	NULL	NEITHER
ENSG00000228723	NULL	REPRESSED	NEITHER
ENSG00000228741	SIMPLE_OR	NULL	NEITHER
ENSG00000228742	NULL	INCONSISTENT	NEITHER
ENSG00000228750	NULL	REPRESSED	NEITHER
ENSG00000228753	NULL	INCONSISTENT	NEITHER
ENSG00000228754	COMPLEX	NULL	NEITHER
ENSG00000228775	SIMPLE_AND	INCONSISTENT	GM12878
ENSG00000228779	NULL	INCONSISTENT	NEITHER
ENSG00000228782	SIMPLE_AND	INCONSISTENT	GM12878
ENSG00000228784	SIMPLE_OR	REPRESSED	NEITHER
ENSG00000228789	NULL	REPRESSED	NEITHER
ENSG00000228791	REPRESSED	INCONSISTENT	NEITHER
ENSG00000228800	NULL	INCONSISTENT	NEITHER
ENSG00000228801	SIMPLE_AND	INCONSISTENT	GM12878
ENSG00000228807	NULL	REPRESSED	NEITHER
ENSG00000228809	INCONSISTENT	COMPLEX	NEITHER
ENSG00000228819	REPRESSED	NULL	NEITHER
ENSG00000228823	NULL	REPRESSED	NEITHER
ENSG00000228825	REPRESSED	INCONSISTENT	NEITHER
ENSG00000228834	REPRESSED	NULL	NEITHER
ENSG00000228835	REPRESSED	NULL	NEITHER
ENSG00000228857	SIMPLE_AND	INCONSISTENT	GM12878
ENSG00000228863	COMPLEX	NULL	NEITHER
ENSG00000228873	INCONSISTENT	NULL	NEITHER
ENSG00000228878	SIMPLE_AND	INCONSISTENT	GM12878
ENSG00000228887	INCONSISTENT	NULL	NEITHER
ENSG00000228903	SIMPLE_OR	INCONSISTENT	NEITHER
ENSG00000228917	NULL	INCONSISTENT	NEITHER
ENSG00000228918	NULL	INCONSISTENT	NEITHER
ENSG00000228919	REPRESSED	INCONSISTENT	NEITHER
ENSG00000228923	SIMPLE_OR	NULL	NEITHER
ENSG00000228930	REPRESSED	NULL	NEITHER
ENSG00000228933	NULL	INCONSISTENT	NEITHER
ENSG00000228948	REPRESSED	NULL	NEITHER
ENSG00000228949	NULL	INCONSISTENT	NEITHER
ENSG00000228955	NULL	INCONSISTENT	NEITHER
ENSG00000228956	REPRESSED	NULL	NEITHER
ENSG00000228957	NULL	REPRESSED	NEITHER
ENSG00000228958	NULL	REPRESSED	NEITHER
ENSG00000228973	REPRESSED	INCONSISTENT	NEITHER
ENSG00000228976	INCONSISTENT	NULL	NEITHER
ENSG00000228981	NULL	INCONSISTENT	NEITHER
ENSG00000228985	INCONSISTENT	NULL	NEITHER
ENSG00000229005	REPRESSED	NULL	NEITHER
ENSG00000229007	NULL	REPRESSED	NEITHER
ENSG00000229016	NULL	INCONSISTENT	NEITHER
ENSG00000229018	SIMPLE_AND	INCONSISTENT	GM12878
ENSG00000229022	NULL	INCONSISTENT	NEITHER
ENSG00000229043	SIMPLE_AND	INCONSISTENT	GM12878
ENSG00000229048	COMPLEX	INCONSISTENT	NEITHER
ENSG00000229052	COMPLEX	NULL	NEITHER
ENSG00000229054	COMPLEX	NULL	NEITHER
ENSG00000229056	NULL	INCONSISTENT	NEITHER
ENSG00000229068	REPRESSED	BIVALENT	NEITHER
ENSG00000229086	NULL	REPRESSED	NEITHER
ENSG00000229093	NULL	INCONSISTENT	NEITHER
ENSG00000229097	INCONSISTENT	NULL	NEITHER
ENSG00000229106	SIMPLE_OR	NULL	NEITHER
ENSG00000229107	NULL	REPRESSED	NEITHER
ENSG00000229111	INCONSISTENT	NULL	NEITHER
ENSG00000229112	INCONSISTENT	REPRESSED	NEITHER
ENSG00000229115	INCONSISTENT	NULL	NEITHER
ENSG00000229117	SIMPLE_AND	COMPLEX	GM12878
ENSG00000229122	NULL	INCONSISTENT	NEITHER
ENSG00000229124	SIMPLE_AND	INCONSISTENT	GM12878
ENSG00000229140	NULL	SIMPLE_OR	NEITHER
ENSG00000229153	NULL	REPRESSED	NEITHER
ENSG00000229154	REPRESSED	NULL	NEITHER
ENSG00000229155	NULL	COMPLEX	NEITHER
ENSG00000229162	INCONSISTENT	REPRESSED	NEITHER
ENSG00000229167	REPRESSED	NULL	NEITHER
ENSG00000229191	SIMPLE_AND	INCONSISTENT	GM12878
ENSG00000229204	NULL	INCONSISTENT	NEITHER
ENSG00000229205	NULL	SIMPLE_AND	K562
ENSG00000229222	SIMPLE_OR	NULL	NEITHER
ENSG00000229224	NULL	REPRESSED	NEITHER
ENSG00000229230	NULL	REPRESSED	NEITHER
ENSG00000229237	NULL	INCONSISTENT	NEITHER
ENSG00000229239	NULL	REPRESSED	NEITHER
ENSG00000229262	REPRESSED	INCONSISTENT	NEITHER
ENSG00000229267	SIMPLE_AND	INCONSISTENT	GM12878
ENSG00000229273	SIMPLE_AND	INCONSISTENT	GM12878
ENSG00000229282	NULL	INCONSISTENT	NEITHER
ENSG00000229288	REPRESSED	NULL	NEITHER
ENSG00000229312	REPRESSED	NULL	NEITHER
ENSG00000229313	INCONSISTENT	NULL	NEITHER
ENSG00000229315	REPRESSED	NULL	NEITHER
ENSG00000229316	REPRESSED	NULL	NEITHER
ENSG00000229320	SIMPLE_AND	INCONSISTENT	GM12878
ENSG00000229326	NULL	INCONSISTENT	NEITHER
ENSG00000229334	INCONSISTENT	COMPLEX	NEITHER
ENSG00000229337	COMPLEX	INCONSISTENT	NEITHER
ENSG00000229339	INCONSISTENT	NULL	NEITHER
ENSG00000229345	NULL	REPRESSED	NEITHER
ENSG00000229365	NULL	REPRESSED	NEITHER
ENSG00000229368	SIMPLE_AND	INCONSISTENT	GM12878
ENSG00000229382	NULL	REPRESSED	NEITHER
ENSG00000229385	INCONSISTENT	NULL	NEITHER
ENSG00000229386	NULL	INCONSISTENT	NEITHER
ENSG00000229391	INCONSISTENT	NULL	NEITHER
ENSG00000229393	NULL	REPRESSED	NEITHER
ENSG00000229398	NULL	REPRESSED	NEITHER
ENSG00000229400	INCONSISTENT	NULL	NEITHER
ENSG00000229407	REPRESSED	INCONSISTENT	NEITHER
ENSG00000229415	REPRESSED	NULL	NEITHER
ENSG00000229417	REPRESSED	NULL	NEITHER
ENSG00000229419	NULL	INCONSISTENT	NEITHER
ENSG00000229422	SIMPLE_OR	INCONSISTENT	NEITHER
ENSG00000229435	NULL	REPRESSED	NEITHER
ENSG00000229442	NULL	REPRESSED	NEITHER
ENSG00000229468	NULL	INCONSISTENT	NEITHER
ENSG00000229473	SIMPLE_AND	INCONSISTENT	GM12878
ENSG00000229474	SIMPLE_AND	INCONSISTENT	GM12878
ENSG00000229484	NULL	INCONSISTENT	NEITHER
ENSG00000229497	NULL	INCONSISTENT	NEITHER
ENSG00000229511	NULL	REPRESSED	NEITHER
ENSG00000229530	REPRESSED	NULL	NEITHER
ENSG00000229531	INCONSISTENT	NULL	NEITHER
ENSG00000229544	REPRESSED	NULL	NEITHER
ENSG00000229554	REPRESSED	NULL	NEITHER
ENSG00000229559	SIMPLE_OR	REPRESSED	NEITHER
ENSG00000229582	INCONSISTENT	BIVALENT	NEITHER
ENSG00000229588	INCONSISTENT	BIVALENT	NEITHER
ENSG00000229589	BIVALENT	INCONSISTENT	NEITHER
ENSG00000229590	NULL	BIVALENT	NEITHER
ENSG00000229593	NULL	REPRESSED	NEITHER
ENSG00000229604	NULL	INCONSISTENT	NEITHER
ENSG00000229607	REPRESSED	NULL	NEITHER
ENSG00000229611	INCONSISTENT	NULL	NEITHER
ENSG00000229618	NULL	INCONSISTENT	NEITHER
ENSG00000229619	SIMPLE_AND	INCONSISTENT	GM12878
ENSG00000229638	REPRESSED	NULL	NEITHER
ENSG00000229647	INCONSISTENT	BIVALENT	NEITHER
ENSG00000229652	NULL	REPRESSED	NEITHER
ENSG00000229654	NULL	REPRESSED	NEITHER
ENSG00000229660	NULL	REPRESSED	NEITHER
ENSG00000229664	NULL	REPRESSED	NEITHER
ENSG00000229666	BIVALENT	INCONSISTENT	NEITHER
ENSG00000229668	INCONSISTENT	NULL	NEITHER
ENSG00000229672	INCONSISTENT	NULL	NEITHER
ENSG00000229688	NULL	REPRESSED	NEITHER
ENSG00000229689	SIMPLE_AND	REPRESSED	GM12878
ENSG00000229696	REPRESSED	NULL	NEITHER
ENSG00000229703	NULL	INCONSISTENT	NEITHER
ENSG00000229711	REPRESSED	NULL	NEITHER
ENSG00000229715	SIMPLE_OR	NULL	NEITHER
ENSG00000229717	REPRESSED	NULL	NEITHER
ENSG00000229723	INCONSISTENT	NULL	NEITHER
ENSG00000229732	NULL	INCONSISTENT	NEITHER
ENSG00000229739	INCONSISTENT	NULL	NEITHER
ENSG00000229743	BIVALENT	INCONSISTENT	NEITHER
ENSG00000229771	REPRESSED	NULL	NEITHER
ENSG00000229774	NULL	REPRESSED	NEITHER
ENSG00000229782	REPRESSED	NULL	NEITHER
ENSG00000229797	REPRESSED	BIVALENT	NEITHER
ENSG00000229809	SIMPLE_AND	INCONSISTENT	GM12878
ENSG00000229821	NULL	REPRESSED	NEITHER
ENSG00000229833	SIMPLE_AND	INCONSISTENT	GM12878
ENSG00000229836	INCONSISTENT	REPRESSED	NEITHER
ENSG00000229839	SIMPLE_AND	NULL	GM12878
ENSG00000229840	REPRESSED	NULL	NEITHER
ENSG00000229848	SIMPLE_AND	INCONSISTENT	GM12878
ENSG00000229852	SIMPLE_AND	INCONSISTENT	GM12878
ENSG00000229863	NULL	REPRESSED	NEITHER
ENSG00000229891	BIVALENT	INCONSISTENT	NEITHER
ENSG00000229912	INCONSISTENT	REPRESSED	NEITHER
ENSG00000229917	COMPLEX	NULL	NEITHER
ENSG00000229921	NULL	BIVALENT	NEITHER
ENSG00000229922	INCONSISTENT	NULL	NEITHER
ENSG00000229931	SIMPLE_AND	BIVALENT	GM12878
ENSG00000229937	NULL	REPRESSED	NEITHER
ENSG00000229944	NULL	SIMPLE_OR	NEITHER
ENSG00000229948	INCONSISTENT	NULL	NEITHER
ENSG00000229949	REPRESSED	NULL	NEITHER
ENSG00000229950	REPRESSED	NULL	NEITHER
ENSG00000229951	BIVALENT	INCONSISTENT	NEITHER
ENSG00000229955	SIMPLE_OR	NULL	NEITHER
ENSG00000229956	SIMPLE_AND	INCONSISTENT	GM12878
ENSG00000229957	REPRESSED	NULL	NEITHER
ENSG00000229960	NULL	REPRESSED	NEITHER
ENSG00000229961	SIMPLE_OR	NULL	NEITHER
ENSG00000229964	NULL	INCONSISTENT	NEITHER
ENSG00000229970	BIVALENT	INCONSISTENT	NEITHER
ENSG00000229971	NULL	REPRESSED	NEITHER
ENSG00000229972	REPRESSED	NULL	NEITHER
ENSG00000229980	SIMPLE_AND	INCONSISTENT	GM12878
ENSG00000229988	NULL	SIMPLE_AND	K562
ENSG00000229989	SIMPLE_AND	NULL	GM12878
ENSG00000230001	REPRESSED	NULL	NEITHER
ENSG00000230003	INCONSISTENT	NULL	NEITHER
ENSG00000230005	NULL	INCONSISTENT	NEITHER
ENSG00000230013	BIVALENT	INCONSISTENT	NEITHER
ENSG00000230021	SIMPLE_AND	INCONSISTENT	GM12878
ENSG00000230033	NULL	REPRESSED	NEITHER
ENSG00000230035	NULL	REPRESSED	NEITHER
ENSG00000230039	INCONSISTENT	NULL	NEITHER
ENSG00000230043	INCONSISTENT	NULL	NEITHER
ENSG00000230044	NULL	REPRESSED	NEITHER
ENSG00000230068	SIMPLE_OR	NULL	NEITHER
ENSG00000230069	REPRESSED	NULL	NEITHER
ENSG00000230090	REPRESSED	NULL	NEITHER
ENSG00000230105	REPRESSED	NULL	NEITHER
ENSG00000230107	SIMPLE_AND	INCONSISTENT	GM12878
ENSG00000230109	INCONSISTENT	NULL	NEITHER
ENSG00000230113	INCONSISTENT	REPRESSED	NEITHER
ENSG00000230114	NULL	INCONSISTENT	NEITHER
ENSG00000230120	REPRESSED	NULL	NEITHER
ENSG00000230121	NULL	REPRESSED	NEITHER
ENSG00000230122	REPRESSED	NULL	NEITHER
ENSG00000230123	NULL	INCONSISTENT	NEITHER
ENSG00000230126	REPRESSED	NULL	NEITHER
ENSG00000230138	SIMPLE_AND	NULL	GM12878
ENSG00000230147	NULL	REPRESSED	NEITHER
ENSG00000230148	SIMPLE_AND	INCONSISTENT	GM12878
ENSG00000230155	SIMPLE_AND	NULL	GM12878
ENSG00000230171	NULL	REPRESSED	NEITHER
ENSG00000230176	NULL	INCONSISTENT	NEITHER
ENSG00000230180	INCONSISTENT	SIMPLE_OR	NEITHER
ENSG00000230183	NULL	INCONSISTENT	NEITHER
ENSG00000230185	SIMPLE_AND	INCONSISTENT	GM12878
ENSG00000230203	REPRESSED	NULL	NEITHER
ENSG00000230204	NULL	REPRESSED	NEITHER
ENSG00000230205	NULL	REPRESSED	NEITHER
ENSG00000230212	NULL	REPRESSED	NEITHER
ENSG00000230214	NULL	REPRESSED	NEITHER
ENSG00000230215	NULL	REPRESSED	NEITHER
ENSG00000230225	REPRESSED	NULL	NEITHER
ENSG00000230227	NULL	INCONSISTENT	NEITHER
ENSG00000230229	NULL	REPRESSED	NEITHER
ENSG00000230256	REPRESSED	NULL	NEITHER
ENSG00000230257	NULL	SIMPLE_AND	K562
ENSG00000230258	NULL	INCONSISTENT	NEITHER
ENSG00000230261	NULL	REPRESSED	NEITHER
ENSG00000230266	SIMPLE_AND	INCONSISTENT	GM12878
ENSG00000230284	INCONSISTENT	NULL	NEITHER
ENSG00000230286	NULL	INCONSISTENT	NEITHER
ENSG00000230292	REPRESSED	NULL	NEITHER
ENSG00000230294	NULL	INCONSISTENT	NEITHER
ENSG00000230295	INCONSISTENT	NULL	NEITHER
ENSG00000230300	REPRESSED	NULL	NEITHER
ENSG00000230312	SIMPLE_AND	NULL	GM12878
ENSG00000230313	NULL	REPRESSED	NEITHER
ENSG00000230316	REPRESSED	NULL	NEITHER
ENSG00000230321	REPRESSED	NULL	NEITHER
ENSG00000230322	SIMPLE_AND	INCONSISTENT	GM12878
ENSG00000230325	NULL	INCONSISTENT	NEITHER
ENSG00000230331	NULL	REPRESSED	NEITHER
ENSG00000230333	NULL	REPRESSED	NEITHER
ENSG00000230342	NULL	REPRESSED	NEITHER
ENSG00000230350	NULL	REPRESSED	NEITHER
ENSG00000230359	SIMPLE_AND	INCONSISTENT	GM12878
ENSG00000230366	SIMPLE_AND	INCONSISTENT	GM12878
ENSG00000230381	NULL	INCONSISTENT	NEITHER
ENSG00000230384	NULL	REPRESSED	NEITHER
ENSG00000230385	NULL	INCONSISTENT	NEITHER
ENSG00000230387	NULL	INCONSISTENT	NEITHER
ENSG00000230393	REPRESSED	INCONSISTENT	NEITHER
ENSG00000230397	REPRESSED	NULL	NEITHER
ENSG00000230399	INCONSISTENT	NULL	NEITHER
ENSG00000230400	NULL	INCONSISTENT	NEITHER
ENSG00000230415	SIMPLE_AND	INCONSISTENT	GM12878
ENSG00000230417	NULL	REPRESSED	NEITHER
ENSG00000230423	NULL	INCONSISTENT	NEITHER
ENSG00000230428	INCONSISTENT	NULL	NEITHER
ENSG00000230444	NULL	REPRESSED	NEITHER
ENSG00000230445	BIVALENT	REPRESSED	NEITHER
ENSG00000230451	NULL	REPRESSED	NEITHER
ENSG00000230452	INCONSISTENT	NULL	NEITHER
ENSG00000230453	NULL	INCONSISTENT	NEITHER
ENSG00000230454	SIMPLE_OR	INCONSISTENT	NEITHER
ENSG00000230457	SIMPLE_OR	INCONSISTENT	NEITHER
ENSG00000230482	INCONSISTENT	NULL	NEITHER
ENSG00000230487	SIMPLE_AND	INCONSISTENT	GM12878
ENSG00000230489	INCONSISTENT	NULL	NEITHER
ENSG00000230490	INCONSISTENT	NULL	NEITHER
ENSG00000230491	REPRESSED	NULL	NEITHER
ENSG00000230499	INCONSISTENT	NULL	NEITHER
ENSG00000230500	REPRESSED	NULL	NEITHER
ENSG00000230501	REPRESSED	NULL	NEITHER
ENSG00000230502	NULL	INCONSISTENT	NEITHER
ENSG00000230507	NULL	REPRESSED	NEITHER
ENSG00000230513	SIMPLE_AND	INCONSISTENT	GM12878
ENSG00000230515	REPRESSED	NULL	NEITHER
ENSG00000230521	SIMPLE_AND	REPRESSED	GM12878
ENSG00000230523	NULL	INCONSISTENT	NEITHER
ENSG00000230524	INCONSISTENT	NULL	NEITHER
ENSG00000230526	NULL	INCONSISTENT	NEITHER
ENSG00000230550	NULL	REPRESSED	NEITHER
ENSG00000230562	REPRESSED	NULL	NEITHER
ENSG00000230564	NULL	REPRESSED	NEITHER
ENSG00000230570	NULL	INCONSISTENT	NEITHER
ENSG00000230590	SIMPLE_AND	INCONSISTENT	GM12878
ENSG00000230595	NULL	REPRESSED	NEITHER
ENSG00000230622	NULL	INCONSISTENT	NEITHER
ENSG00000230626	NULL	REPRESSED	NEITHER
ENSG00000230628	COMPLEX	NULL	NEITHER
ENSG00000230631	NULL	REPRESSED	NEITHER
ENSG00000230639	REPRESSED	NULL	NEITHER
ENSG00000230645	NULL	INCONSISTENT	NEITHER
ENSG00000230646	INCONSISTENT	NULL	NEITHER
ENSG00000230658	SIMPLE_AND	INCONSISTENT	GM12878
ENSG00000230661	NULL	REPRESSED	NEITHER
ENSG00000230684	INCONSISTENT	NULL	NEITHER
ENSG00000230687	INCONSISTENT	NULL	NEITHER
ENSG00000230690	NULL	REPRESSED	NEITHER
ENSG00000230691	INCONSISTENT	NULL	NEITHER
ENSG00000230695	BIVALENT	INCONSISTENT	NEITHER
ENSG00000230696	SIMPLE_OR	NULL	NEITHER
ENSG00000230697	REPRESSED	NULL	NEITHER
ENSG00000230698	INCONSISTENT	NULL	NEITHER
ENSG00000230701	SIMPLE_OR	NULL	NEITHER
ENSG00000230702	INCONSISTENT	BIVALENT	NEITHER
ENSG00000230707	NULL	INCONSISTENT	NEITHER
ENSG00000230709	SIMPLE_AND	REPRESSED	GM12878
ENSG00000230716	NULL	REPRESSED	NEITHER
ENSG00000230725	NULL	REPRESSED	NEITHER
ENSG00000230729	REPRESSED	INCONSISTENT	NEITHER
ENSG00000230739	REPRESSED	NULL	NEITHER
ENSG00000230741	INCONSISTENT	NULL	NEITHER
ENSG00000230747	SIMPLE_AND	INCONSISTENT	GM12878
ENSG00000230778	BIVALENT	INCONSISTENT	NEITHER
ENSG00000230794	NULL	REPRESSED	NEITHER
ENSG00000230795	INCONSISTENT	NULL	NEITHER
ENSG00000230798	BIVALENT	INCONSISTENT	NEITHER
ENSG00000230806	NULL	INCONSISTENT	NEITHER
ENSG00000230813	INCONSISTENT	NULL	NEITHER
ENSG00000230815	INCONSISTENT	NULL	NEITHER
ENSG00000230821	NULL	REPRESSED	NEITHER
ENSG00000230835	SIMPLE_AND	INCONSISTENT	GM12878
ENSG00000230840	REPRESSED	NULL	NEITHER
ENSG00000230844	SIMPLE_AND	INCONSISTENT	GM12878
ENSG00000230848	NULL	INCONSISTENT	NEITHER
ENSG00000230881	NULL	REPRESSED	NEITHER
ENSG00000230898	SIMPLE_OR	BIVALENT	NEITHER
ENSG00000230899	NULL	INCONSISTENT	NEITHER
ENSG00000230910	BIVALENT	INCONSISTENT	NEITHER
ENSG00000230918	INCONSISTENT	NULL	NEITHER
ENSG00000230923	INCONSISTENT	NULL	NEITHER
ENSG00000230937	NULL	REPRESSED	NEITHER
ENSG00000230943	SIMPLE_AND	NULL	GM12878
ENSG00000230944	NULL	REPRESSED	NEITHER
ENSG00000230951	INCONSISTENT	NULL	NEITHER
ENSG00000230953	INCONSISTENT	NULL	NEITHER
ENSG00000230960	NULL	REPRESSED	NEITHER
ENSG00000230967	NULL	REPRESSED	NEITHER
ENSG00000230969	INCONSISTENT	NULL	NEITHER
ENSG00000230970	NULL	REPRESSED	NEITHER
ENSG00000230978	NULL	REPRESSED	NEITHER
ENSG00000230979	INCONSISTENT	NULL	NEITHER
ENSG00000230980	NULL	REPRESSED	NEITHER
ENSG00000231004	NULL	REPRESSED	NEITHER
ENSG00000231010	INCONSISTENT	NULL	NEITHER
ENSG00000231022	REPRESSED	NULL	NEITHER
ENSG00000231031	NULL	BIVALENT	NEITHER
ENSG00000231035	REPRESSED	NULL	NEITHER
ENSG00000231050	SIMPLE_AND	INCONSISTENT	GM12878
ENSG00000231054	REPRESSED	NULL	NEITHER
ENSG00000231062	INCONSISTENT	NULL	NEITHER
ENSG00000231070	REPRESSED	NULL	NEITHER
ENSG00000231078	NULL	REPRESSED	NEITHER
ENSG00000231079	REPRESSED	NULL	NEITHER
ENSG00000231083	REPRESSED	NULL	NEITHER
ENSG00000231084	REPRESSED	INCONSISTENT	NEITHER
ENSG00000231086	INCONSISTENT	BIVALENT	NEITHER
ENSG00000231102	INCONSISTENT	NULL	NEITHER
ENSG00000231105	SIMPLE_AND	REPRESSED	GM12878
ENSG00000231108	REPRESSED	NULL	NEITHER
ENSG00000231120	REPRESSED	NULL	NEITHER
ENSG00000231133	INCONSISTENT	NULL	NEITHER
ENSG00000231134	NULL	REPRESSED	NEITHER
ENSG00000231150	NULL	REPRESSED	NEITHER
ENSG00000231154	SIMPLE_AND	INCONSISTENT	GM12878
ENSG00000231162	NULL	INCONSISTENT	NEITHER
ENSG00000231169	INCONSISTENT	REPRESSED	NEITHER
ENSG00000231172	REPRESSED	NULL	NEITHER
ENSG00000231185	BIVALENT	INCONSISTENT	NEITHER
ENSG00000231194	NULL	REPRESSED	NEITHER
ENSG00000231198	NULL	BIVALENT	NEITHER
ENSG00000231199	NULL	REPRESSED	NEITHER
ENSG00000231202	INCONSISTENT	NULL	NEITHER
ENSG00000231205	REPRESSED	NULL	NEITHER
ENSG00000231226	BIVALENT	NULL	NEITHER
ENSG00000231243	NULL	REPRESSED	NEITHER
ENSG00000231274	NULL	INCONSISTENT	NEITHER
ENSG00000231280	NULL	REPRESSED	NEITHER
ENSG00000231290	NULL	REPRESSED	NEITHER
ENSG00000231293	NULL	REPRESSED	NEITHER
ENSG00000231300	NULL	REPRESSED	NEITHER
ENSG00000231301	NULL	REPRESSED	NEITHER
ENSG00000231305	NULL	INCONSISTENT	NEITHER
ENSG00000231312	SIMPLE_AND	INCONSISTENT	GM12878
ENSG00000231316	INCONSISTENT	NULL	NEITHER
ENSG00000231332	NULL	REPRESSED	NEITHER
ENSG00000231333	SIMPLE_OR	NULL	NEITHER
ENSG00000231334	NULL	REPRESSED	NEITHER
ENSG00000231357	INCONSISTENT	NULL	NEITHER
ENSG00000231362	NULL	REPRESSED	NEITHER
ENSG00000231366	NULL	REPRESSED	NEITHER
ENSG00000231367	NULL	INCONSISTENT	NEITHER
ENSG00000231368	REPRESSED	NULL	NEITHER
ENSG00000231378	NULL	INCONSISTENT	NEITHER
ENSG00000231386	NULL	REPRESSED	NEITHER
ENSG00000231389	SIMPLE_AND	REPRESSED	GM12878
ENSG00000231397	NULL	INCONSISTENT	NEITHER
ENSG00000231405	NULL	REPRESSED	NEITHER
ENSG00000231418	REPRESSED	NULL	NEITHER
ENSG00000231419	NULL	SIMPLE_AND	K562
ENSG00000231421	NULL	INCONSISTENT	NEITHER
ENSG00000231424	INCONSISTENT	NULL	NEITHER
ENSG00000231437	REPRESSED	BIVALENT	NEITHER
ENSG00000231453	BIVALENT	INCONSISTENT	NEITHER
ENSG00000231454	NULL	INCONSISTENT	NEITHER
ENSG00000231468	NULL	INCONSISTENT	NEITHER
ENSG00000231470	REPRESSED	NULL	NEITHER
ENSG00000231471	NULL	INCONSISTENT	NEITHER
ENSG00000231476	NULL	BIVALENT	NEITHER
ENSG00000231503	REPRESSED	NULL	NEITHER
ENSG00000231504	REPRESSED	NULL	NEITHER
ENSG00000231508	SIMPLE_OR	NULL	NEITHER
ENSG00000231509	COMPLEX	NULL	NEITHER
ENSG00000231513	NULL	INCONSISTENT	NEITHER
ENSG00000231515	NULL	REPRESSED	NEITHER
ENSG00000231521	SIMPLE_AND	INCONSISTENT	GM12878
ENSG00000231530	INCONSISTENT	NULL	NEITHER
ENSG00000231544	INCONSISTENT	NULL	NEITHER
ENSG00000231550	BIVALENT	NULL	NEITHER
ENSG00000231556	INCONSISTENT	NULL	NEITHER
ENSG00000231560	NULL	REPRESSED	NEITHER
ENSG00000231566	REPRESSED	NULL	NEITHER
ENSG00000231579	REPRESSED	NULL	NEITHER
ENSG00000231582	NULL	REPRESSED	NEITHER
ENSG00000231585	REPRESSED	INCONSISTENT	NEITHER
ENSG00000231597	REPRESSED	NULL	NEITHER
ENSG00000231607	BIVALENT	INCONSISTENT	NEITHER
ENSG00000231609	BIVALENT	INCONSISTENT	NEITHER
ENSG00000231612	NULL	REPRESSED	NEITHER
ENSG00000231613	NULL	INCONSISTENT	NEITHER
ENSG00000231615	REPRESSED	NULL	NEITHER
ENSG00000231643	NULL	INCONSISTENT	NEITHER
ENSG00000231663	SIMPLE_AND	INCONSISTENT	GM12878
ENSG00000231668	NULL	REPRESSED	NEITHER
ENSG00000231681	NULL	INCONSISTENT	NEITHER
ENSG00000231683	NULL	INCONSISTENT	NEITHER
ENSG00000231684	NULL	INCONSISTENT	NEITHER
ENSG00000231690	NULL	BIVALENT	NEITHER
ENSG00000231705	NULL	INCONSISTENT	NEITHER
ENSG00000231707	INCONSISTENT	NULL	NEITHER
ENSG00000231711	REPRESSED	NULL	NEITHER
ENSG00000231715	NULL	INCONSISTENT	NEITHER
ENSG00000231720	NULL	REPRESSED	NEITHER
ENSG00000231721	SIMPLE_AND	INCONSISTENT	GM12878
ENSG00000231723	REPRESSED	NULL	NEITHER
ENSG00000231726	COMPLEX	NULL	NEITHER
ENSG00000231728	INCONSISTENT	NULL	NEITHER
ENSG00000231738	INCONSISTENT	NULL	NEITHER
ENSG00000231743	NULL	REPRESSED	NEITHER
ENSG00000231748	REPRESSED	NULL	NEITHER
ENSG00000231749	REPRESSED	NULL	NEITHER
ENSG00000231752	INCONSISTENT	REPRESSED	NEITHER
ENSG00000231754	NULL	REPRESSED	NEITHER
ENSG00000231756	REPRESSED	NULL	NEITHER
ENSG00000231769	INCONSISTENT	NULL	NEITHER
ENSG00000231770	SIMPLE_AND	INCONSISTENT	GM12878
ENSG00000231782	NULL	REPRESSED	NEITHER
ENSG00000231788	INCONSISTENT	NULL	NEITHER
ENSG00000231794	INCONSISTENT	NULL	NEITHER
ENSG00000231806	NULL	INCONSISTENT	NEITHER
ENSG00000231808	BIVALENT	INCONSISTENT	NEITHER
ENSG00000231811	NULL	REPRESSED	NEITHER
ENSG00000231826	NULL	INCONSISTENT	NEITHER
ENSG00000231830	INCONSISTENT	NULL	NEITHER
ENSG00000231840	SIMPLE_AND	COMPLEX	GM12878
ENSG00000231848	REPRESSED	NULL	NEITHER
ENSG00000231849	NULL	INCONSISTENT	NEITHER
ENSG00000231856	SIMPLE_AND	INCONSISTENT	GM12878
ENSG00000231868	NULL	BIVALENT	NEITHER
ENSG00000231871	SIMPLE_AND	INCONSISTENT	GM12878
ENSG00000231873	INCONSISTENT	NULL	NEITHER
ENSG00000231880	SIMPLE_AND	INCONSISTENT	GM12878
ENSG00000231881	NULL	COMPLEX	NEITHER
ENSG00000231883	NULL	REPRESSED	NEITHER
ENSG00000231884	INCONSISTENT	NULL	NEITHER
ENSG00000231889	SIMPLE_AND	INCONSISTENT	GM12878
ENSG00000231890	SIMPLE_AND	INCONSISTENT	GM12878
ENSG00000231897	NULL	REPRESSED	NEITHER
ENSG00000231903	REPRESSED	NULL	NEITHER
ENSG00000231906	NULL	REPRESSED	NEITHER
ENSG00000231907	INCONSISTENT	NULL	NEITHER
ENSG00000231911	NULL	REPRESSED	NEITHER
ENSG00000231920	REPRESSED	INCONSISTENT	NEITHER
ENSG00000231923	REPRESSED	NULL	NEITHER
ENSG00000231927	NULL	INCONSISTENT	NEITHER
ENSG00000231929	NULL	REPRESSED	NEITHER
ENSG00000231940	REPRESSED	NULL	NEITHER
ENSG00000231943	NULL	INCONSISTENT	NEITHER
ENSG00000231948	NULL	INCONSISTENT	NEITHER
ENSG00000231951	BIVALENT	NULL	NEITHER
ENSG00000231964	COMPLEX	NULL	NEITHER
ENSG00000231965	NULL	REPRESSED	NEITHER
ENSG00000231977	BIVALENT	INCONSISTENT	NEITHER
ENSG00000231980	NULL	REPRESSED	NEITHER
ENSG00000231982	BIVALENT	INCONSISTENT	NEITHER
ENSG00000231983	REPRESSED	NULL	NEITHER
ENSG00000231986	NULL	INCONSISTENT	NEITHER
ENSG00000231989	REPRESSED	NULL	NEITHER
ENSG00000231990	NULL	INCONSISTENT	NEITHER
ENSG00000231992	REPRESSED	INCONSISTENT	NEITHER
ENSG00000231999	SIMPLE_AND	INCONSISTENT	GM12878
ENSG00000232002	INCONSISTENT	NULL	NEITHER
ENSG00000232009	NULL	REPRESSED	NEITHER
ENSG00000232019	NULL	INCONSISTENT	NEITHER
ENSG00000232021	BIVALENT	INCONSISTENT	NEITHER
ENSG00000232028	BIVALENT	INCONSISTENT	NEITHER
ENSG00000232036	NULL	REPRESSED	NEITHER
ENSG00000232040	NULL	SIMPLE_AND	K562
ENSG00000232046	NULL	INCONSISTENT	NEITHER
ENSG00000232053	NULL	INCONSISTENT	NEITHER
ENSG00000232063	NULL	INCONSISTENT	NEITHER
ENSG00000232070	BIVALENT	INCONSISTENT	NEITHER
ENSG00000232082	NULL	REPRESSED	NEITHER
ENSG00000232083	INCONSISTENT	NULL	NEITHER
ENSG00000232096	NULL	REPRESSED	NEITHER
ENSG00000232102	INCONSISTENT	NULL	NEITHER
ENSG00000232104	SIMPLE_AND	INCONSISTENT	GM12878
ENSG00000232117	INCONSISTENT	NULL	NEITHER
ENSG00000232121	REPRESSED	NULL	NEITHER
ENSG00000232125	INCONSISTENT	NULL	NEITHER
ENSG00000232131	INCONSISTENT	NULL	NEITHER
ENSG00000232139	COMPLEX	INCONSISTENT	NEITHER
ENSG00000232142	REPRESSED	NULL	NEITHER
ENSG00000232155	NULL	REPRESSED	NEITHER
ENSG00000232160	SIMPLE_AND	INCONSISTENT	GM12878
ENSG00000232162	INCONSISTENT	NULL	NEITHER
ENSG00000232172	NULL	REPRESSED	NEITHER
ENSG00000232173	NULL	REPRESSED	NEITHER
ENSG00000232188	NULL	REPRESSED	NEITHER
ENSG00000232192	NULL	REPRESSED	NEITHER
ENSG00000232202	NULL	INCONSISTENT	NEITHER
ENSG00000232223	NULL	REPRESSED	NEITHER
ENSG00000232233	BIVALENT	INCONSISTENT	NEITHER
ENSG00000232237	NULL	REPRESSED	NEITHER
ENSG00000232238	NULL	REPRESSED	NEITHER
ENSG00000232254	INCONSISTENT	NULL	NEITHER
ENSG00000232267	NULL	REPRESSED	NEITHER
ENSG00000232301	NULL	REPRESSED	NEITHER
ENSG00000232309	NULL	REPRESSED	NEITHER
ENSG00000232320	REPRESSED	NULL	NEITHER
ENSG00000232325	NULL	REPRESSED	NEITHER
ENSG00000232334	REPRESSED	NULL	NEITHER
ENSG00000232352	REPRESSED	NULL	NEITHER
ENSG00000232354	NULL	REPRESSED	NEITHER
ENSG00000232358	NULL	REPRESSED	NEITHER
ENSG00000232360	NULL	REPRESSED	NEITHER
ENSG00000232363	NULL	REPRESSED	NEITHER
ENSG00000232377	BIVALENT	NULL	NEITHER
ENSG00000232380	NULL	INCONSISTENT	NEITHER
ENSG00000232392	NULL	INCONSISTENT	NEITHER
ENSG00000232401	NULL	REPRESSED	NEITHER
ENSG00000232406	REPRESSED	BIVALENT	NEITHER
ENSG00000232413	NULL	REPRESSED	NEITHER
ENSG00000232415	NULL	REPRESSED	NEITHER
ENSG00000232429	REPRESSED	NULL	NEITHER
ENSG00000232434	SIMPLE_OR	INCONSISTENT	NEITHER
ENSG00000232436	REPRESSED	NULL	NEITHER
ENSG00000232442	SIMPLE_AND	INCONSISTENT	GM12878
ENSG00000232445	INCONSISTENT	BIVALENT	NEITHER
ENSG00000232459	NULL	REPRESSED	NEITHER
ENSG00000232480	BIVALENT	INCONSISTENT	NEITHER
ENSG00000232485	SIMPLE_AND	INCONSISTENT	GM12878
ENSG00000232500	NULL	INCONSISTENT	NEITHER
ENSG00000232504	SIMPLE_AND	INCONSISTENT	GM12878
ENSG00000232508	NULL	INCONSISTENT	NEITHER
ENSG00000232512	REPRESSED	NULL	NEITHER
ENSG00000232515	NULL	REPRESSED	NEITHER
ENSG00000232525	NULL	REPRESSED	NEITHER
ENSG00000232529	INCONSISTENT	NULL	NEITHER
ENSG00000232536	BIVALENT	INCONSISTENT	NEITHER
ENSG00000232543	INCONSISTENT	NULL	NEITHER
ENSG00000232546	INCONSISTENT	NULL	NEITHER
ENSG00000232564	INCONSISTENT	NULL	NEITHER
ENSG00000232579	REPRESSED	NULL	NEITHER
ENSG00000232586	SIMPLE_AND	NULL	GM12878
ENSG00000232591	COMPLEX	REPRESSED	NEITHER
ENSG00000232593	SIMPLE_AND	INCONSISTENT	GM12878
ENSG00000232598	NULL	REPRESSED	NEITHER
ENSG00000232603	NULL	REPRESSED	NEITHER
ENSG00000232606	REPRESSED	INCONSISTENT	NEITHER
ENSG00000232611	NULL	INCONSISTENT	NEITHER
ENSG00000232613	INCONSISTENT	NULL	NEITHER
ENSG00000232618	SIMPLE_AND	BIVALENT	GM12878
ENSG00000232627	INCONSISTENT	NULL	NEITHER
ENSG00000232638	REPRESSED	NULL	NEITHER
ENSG00000232650	NULL	REPRESSED	NEITHER
ENSG00000232662	NULL	COMPLEX	NEITHER
ENSG00000232677	SIMPLE_OR	NULL	NEITHER
ENSG00000232678	REPRESSED	NULL	NEITHER
ENSG00000232679	REPRESSED	NULL	NEITHER
ENSG00000232680	INCONSISTENT	REPRESSED	NEITHER
ENSG00000232687	INCONSISTENT	NULL	NEITHER
ENSG00000232693	NULL	INCONSISTENT	NEITHER
ENSG00000232714	NULL	REPRESSED	NEITHER
ENSG00000232715	NULL	REPRESSED	NEITHER
ENSG00000232722	NULL	REPRESSED	NEITHER
ENSG00000232723	NULL	REPRESSED	NEITHER
ENSG00000232724	NULL	INCONSISTENT	NEITHER
ENSG00000232725	NULL	INCONSISTENT	NEITHER
ENSG00000232732	SIMPLE_AND	INCONSISTENT	GM12878
ENSG00000232739	NULL	REPRESSED	NEITHER
ENSG00000232746	INCONSISTENT	COMPLEX	NEITHER
ENSG00000232750	INCONSISTENT	NULL	NEITHER
ENSG00000232756	NULL	INCONSISTENT	NEITHER
ENSG00000232759	NULL	INCONSISTENT	NEITHER
ENSG00000232774	SIMPLE_OR	NULL	NEITHER
ENSG00000232783	NULL	INCONSISTENT	NEITHER
ENSG00000232788	NULL	INCONSISTENT	NEITHER
ENSG00000232789	NULL	INCONSISTENT	NEITHER
ENSG00000232790	NULL	INCONSISTENT	NEITHER
ENSG00000232793	NULL	REPRESSED	NEITHER
ENSG00000232810	SIMPLE_AND	NULL	GM12878
ENSG00000232814	NULL	INCONSISTENT	NEITHER
ENSG00000232815	SIMPLE_AND	INCONSISTENT	GM12878
ENSG00000232818	SIMPLE_AND	INCONSISTENT	GM12878
ENSG00000232821	REPRESSED	NULL	NEITHER
ENSG00000232838	SIMPLE_AND	INCONSISTENT	GM12878
ENSG00000232848	NULL	REPRESSED	NEITHER
ENSG00000232859	SIMPLE_AND	INCONSISTENT	GM12878
ENSG00000232873	REPRESSED	NULL	NEITHER
ENSG00000232874	INCONSISTENT	NULL	NEITHER
ENSG00000232884	SIMPLE_AND	INCONSISTENT	GM12878
ENSG00000232886	REPRESSED	NULL	NEITHER
ENSG00000232888	SIMPLE_OR	INCONSISTENT	NEITHER
ENSG00000232891	BIVALENT	REPRESSED	NEITHER
ENSG00000232894	INCONSISTENT	NULL	NEITHER
ENSG00000232895	NULL	REPRESSED	NEITHER
ENSG00000232897	NULL	INCONSISTENT	NEITHER
ENSG00000232903	NULL	REPRESSED	NEITHER
ENSG00000232907	SIMPLE_AND	INCONSISTENT	GM12878
ENSG00000232909	NULL	INCONSISTENT	NEITHER
ENSG00000232915	NULL	REPRESSED	NEITHER
ENSG00000232918	REPRESSED	NULL	NEITHER
ENSG00000232920	INCONSISTENT	NULL	NEITHER
ENSG00000232922	NULL	REPRESSED	NEITHER
ENSG00000232925	REPRESSED	NULL	NEITHER
ENSG00000232940	SIMPLE_AND	INCONSISTENT	GM12878
ENSG00000232947	NULL	INCONSISTENT	NEITHER
ENSG00000232949	REPRESSED	NULL	NEITHER
ENSG00000232963	INCONSISTENT	NULL	NEITHER
ENSG00000232970	NULL	INCONSISTENT	NEITHER
ENSG00000232973	SIMPLE_AND	REPRESSED	GM12878
ENSG00000232977	COMPLEX	INCONSISTENT	NEITHER
ENSG00000232983	REPRESSED	NULL	NEITHER
ENSG00000232995	SIMPLE_AND	INCONSISTENT	GM12878
ENSG00000233006	SIMPLE_AND	INCONSISTENT	GM12878
ENSG00000233029	NULL	INCONSISTENT	NEITHER
ENSG00000233030	NULL	INCONSISTENT	NEITHER
ENSG00000233038	NULL	REPRESSED	NEITHER
ENSG00000233052	NULL	REPRESSED	NEITHER
ENSG00000233058	SIMPLE_AND	INCONSISTENT	GM12878
ENSG00000233064	INCONSISTENT	REPRESSED	NEITHER
ENSG00000233069	BIVALENT	INCONSISTENT	NEITHER
ENSG00000233077	NULL	INCONSISTENT	NEITHER
ENSG00000233080	SIMPLE_OR	INCONSISTENT	NEITHER
ENSG00000233084	NULL	INCONSISTENT	NEITHER
ENSG00000233086	INCONSISTENT	NULL	NEITHER
ENSG00000233087	NULL	BIVALENT	NEITHER
ENSG00000233096	INCONSISTENT	NULL	NEITHER
ENSG00000233098	NULL	SIMPLE_AND	K562
ENSG00000233099	NULL	INCONSISTENT	NEITHER
ENSG00000233101	NULL	INCONSISTENT	NEITHER
ENSG00000233106	NULL	REPRESSED	NEITHER
ENSG00000233108	COMPLEX	INCONSISTENT	NEITHER
ENSG00000233109	NULL	REPRESSED	NEITHER
ENSG00000233110	INCONSISTENT	REPRESSED	NEITHER
ENSG00000233114	COMPLEX	NULL	NEITHER
ENSG00000233121	REPRESSED	NULL	NEITHER
ENSG00000233122	INCONSISTENT	NULL	NEITHER
ENSG00000233125	NULL	REPRESSED	NEITHER
ENSG00000233131	INCONSISTENT	COMPLEX	NEITHER
ENSG00000233133	REPRESSED	NULL	NEITHER
ENSG00000233143	REPRESSED	INCONSISTENT	NEITHER
ENSG00000233144	INCONSISTENT	NULL	NEITHER
ENSG00000233155	SIMPLE_AND	NULL	GM12878
ENSG00000233183	NULL	REPRESSED	NEITHER
ENSG00000233184	SIMPLE_AND	INCONSISTENT	GM12878
ENSG00000233191	NULL	REPRESSED	NEITHER
ENSG00000233198	INCONSISTENT	NULL	NEITHER
ENSG00000233211	REPRESSED	NULL	NEITHER
ENSG00000233213	NULL	REPRESSED	NEITHER
ENSG00000233220	SIMPLE_AND	INCONSISTENT	GM12878
ENSG00000233223	SIMPLE_AND	INCONSISTENT	GM12878
ENSG00000233225	NULL	BIVALENT	NEITHER
ENSG00000233231	INCONSISTENT	NULL	NEITHER
ENSG00000233236	NULL	INCONSISTENT	NEITHER
ENSG00000233237	REPRESSED	NULL	NEITHER
ENSG00000233238	REPRESSED	NULL	NEITHER
ENSG00000233256	NULL	COMPLEX	NEITHER
ENSG00000233259	INCONSISTENT	REPRESSED	NEITHER
ENSG00000233260	REPRESSED	NULL	NEITHER
ENSG00000233264	SIMPLE_OR	NULL	NEITHER
ENSG00000233266	SIMPLE_OR	NULL	NEITHER
ENSG00000233268	INCONSISTENT	NULL	NEITHER
ENSG00000233276	SIMPLE_AND	NULL	GM12878
ENSG00000233287	NULL	REPRESSED	NEITHER
ENSG00000233303	INCONSISTENT	NULL	NEITHER
ENSG00000233306	INCONSISTENT	NULL	NEITHER
ENSG00000233308	INCONSISTENT	NULL	NEITHER
ENSG00000233313	NULL	INCONSISTENT	NEITHER
ENSG00000233328	NULL	REPRESSED	NEITHER
ENSG00000233332	INCONSISTENT	NULL	NEITHER
ENSG00000233334	NULL	INCONSISTENT	NEITHER
ENSG00000233335	NULL	INCONSISTENT	NEITHER
ENSG00000233342	NULL	INCONSISTENT	NEITHER
ENSG00000233353	NULL	INCONSISTENT	NEITHER
ENSG00000233354	NULL	BIVALENT	NEITHER
ENSG00000233366	NULL	INCONSISTENT	NEITHER
ENSG00000233369	NULL	INCONSISTENT	NEITHER
ENSG00000233382	SIMPLE_AND	INCONSISTENT	GM12878
ENSG00000233384	REPRESSED	NULL	NEITHER
ENSG00000233393	REPRESSED	NULL	NEITHER
ENSG00000233411	NULL	REPRESSED	NEITHER
ENSG00000233416	REPRESSED	NULL	NEITHER
ENSG00000233427	NULL	INCONSISTENT	NEITHER
ENSG00000233429	SIMPLE_OR	INCONSISTENT	NEITHER
ENSG00000233456	INCONSISTENT	NULL	NEITHER
ENSG00000233461	SIMPLE_AND	INCONSISTENT	GM12878
ENSG00000233471	NULL	INCONSISTENT	NEITHER
ENSG00000233480	NULL	INCONSISTENT	NEITHER
ENSG00000233483	SIMPLE_AND	INCONSISTENT	GM12878
ENSG00000233485	NULL	INCONSISTENT	NEITHER
ENSG00000233487	NULL	INCONSISTENT	NEITHER
ENSG00000233489	NULL	REPRESSED	NEITHER
ENSG00000233502	INCONSISTENT	REPRESSED	NEITHER
ENSG00000233503	NULL	REPRESSED	NEITHER
ENSG00000233508	REPRESSED	NULL	NEITHER
ENSG00000233509	SIMPLE_AND	INCONSISTENT	GM12878
ENSG00000233514	NULL	REPRESSED	NEITHER
ENSG00000233527	COMPLEX	INCONSISTENT	NEITHER
ENSG00000233528	NULL	INCONSISTENT	NEITHER
ENSG00000233531	REPRESSED	NULL	NEITHER
ENSG00000233532	INCONSISTENT	NULL	NEITHER
ENSG00000233535	NULL	REPRESSED	NEITHER
ENSG00000233536	NULL	INCONSISTENT	NEITHER
ENSG00000233537	NULL	REPRESSED	NEITHER
ENSG00000233542	NULL	REPRESSED	NEITHER
ENSG00000233547	BIVALENT	INCONSISTENT	NEITHER
ENSG00000233562	REPRESSED	NULL	NEITHER
ENSG00000233570	COMPLEX	NULL	NEITHER
ENSG00000233577	REPRESSED	NULL	NEITHER
ENSG00000233579	NULL	REPRESSED	NEITHER
ENSG00000233581	NULL	REPRESSED	NEITHER
ENSG00000233583	NULL	INCONSISTENT	NEITHER
ENSG00000233585	NULL	INCONSISTENT	NEITHER
ENSG00000233586	NULL	INCONSISTENT	NEITHER
ENSG00000233593	BIVALENT	INCONSISTENT	NEITHER
ENSG00000233597	NULL	COMPLEX	NEITHER
ENSG00000233609	REPRESSED	NULL	NEITHER
ENSG00000233610	COMPLEX	NULL	NEITHER
ENSG00000233611	REPRESSED	INCONSISTENT	NEITHER
ENSG00000233614	NULL	INCONSISTENT	NEITHER
ENSG00000233616	NULL	INCONSISTENT	NEITHER
ENSG00000233622	NULL	INCONSISTENT	NEITHER
ENSG00000233625	REPRESSED	NULL	NEITHER
ENSG00000233626	INCONSISTENT	NULL	NEITHER
ENSG00000233633	NULL	REPRESSED	NEITHER
ENSG00000233639	REPRESSED	NULL	NEITHER
ENSG00000233642	NULL	INCONSISTENT	NEITHER
ENSG00000233643	NULL	INCONSISTENT	NEITHER
ENSG00000233645	NULL	REPRESSED	NEITHER
ENSG00000233647	SIMPLE_AND	INCONSISTENT	GM12878
ENSG00000233656	REPRESSED	NULL	NEITHER
ENSG00000233668	REPRESSED	NULL	NEITHER
ENSG00000233682	REPRESSED	INCONSISTENT	NEITHER
ENSG00000233683	INCONSISTENT	REPRESSED	NEITHER
ENSG00000233693	NULL	INCONSISTENT	NEITHER
ENSG00000233695	SIMPLE_OR	INCONSISTENT	NEITHER
ENSG00000233703	NULL	INCONSISTENT	NEITHER
ENSG00000233705	BIVALENT	INCONSISTENT	NEITHER
ENSG00000233706	NULL	INCONSISTENT	NEITHER
ENSG00000233714	REPRESSED	NULL	NEITHER
ENSG00000233716	REPRESSED	NULL	NEITHER
ENSG00000233718	REPRESSED	NULL	NEITHER
ENSG00000233723	BIVALENT	INCONSISTENT	NEITHER
ENSG00000233725	REPRESSED	NULL	NEITHER
ENSG00000233727	REPRESSED	NULL	NEITHER
ENSG00000233730	INCONSISTENT	NULL	NEITHER
ENSG00000233746	NULL	INCONSISTENT	NEITHER
ENSG00000233747	INCONSISTENT	NULL	NEITHER
ENSG00000233751	REPRESSED	NULL	NEITHER
ENSG00000233755	NULL	REPRESSED	NEITHER
ENSG00000233757	SIMPLE_OR	INCONSISTENT	NEITHER
ENSG00000233762	NULL	INCONSISTENT	NEITHER
ENSG00000233766	REPRESSED	INCONSISTENT	NEITHER
ENSG00000233775	INCONSISTENT	COMPLEX	NEITHER
ENSG00000233799	NULL	REPRESSED	NEITHER
ENSG00000233806	SIMPLE_AND	INCONSISTENT	GM12878
ENSG00000233818	NULL	REPRESSED	NEITHER
ENSG00000233824	NULL	REPRESSED	NEITHER
ENSG00000233829	NULL	REPRESSED	NEITHER
ENSG00000233834	SIMPLE_AND	INCONSISTENT	GM12878
ENSG00000233850	INCONSISTENT	REPRESSED	NEITHER
ENSG00000233854	NULL	INCONSISTENT	NEITHER
ENSG00000233860	NULL	INCONSISTENT	NEITHER
ENSG00000233862	INCONSISTENT	BIVALENT	NEITHER
ENSG00000233871	BIVALENT	INCONSISTENT	NEITHER
ENSG00000233872	INCONSISTENT	NULL	NEITHER
ENSG00000233892	NULL	REPRESSED	NEITHER
ENSG00000233896	REPRESSED	NULL	NEITHER
ENSG00000233901	REPRESSED	NULL	NEITHER
ENSG00000233902	INCONSISTENT	NULL	NEITHER
ENSG00000233908	REPRESSED	NULL	NEITHER
ENSG00000233909	NULL	BIVALENT	NEITHER
ENSG00000233912	SIMPLE_AND	INCONSISTENT	GM12878
ENSG00000233913	NULL	REPRESSED	NEITHER
ENSG00000233916	NULL	REPRESSED	NEITHER
ENSG00000233919	REPRESSED	NULL	NEITHER
ENSG00000233922	SIMPLE_AND	INCONSISTENT	GM12878
ENSG00000233926	BIVALENT	NULL	NEITHER
ENSG00000233930	BIVALENT	INCONSISTENT	NEITHER
ENSG00000233937	SIMPLE_AND	INCONSISTENT	GM12878
ENSG00000233941	REPRESSED	INCONSISTENT	NEITHER
ENSG00000233942	NULL	REPRESSED	NEITHER
ENSG00000233943	NULL	REPRESSED	NEITHER
ENSG00000233945	INCONSISTENT	NULL	NEITHER
ENSG00000233947	REPRESSED	NULL	NEITHER
ENSG00000233966	REPRESSED	NULL	NEITHER
ENSG00000233970	NULL	REPRESSED	NEITHER
ENSG00000233975	NULL	INCONSISTENT	NEITHER
ENSG00000233978	NULL	INCONSISTENT	NEITHER
ENSG00000233998	INCONSISTENT	NULL	NEITHER
ENSG00000234003	REPRESSED	NULL	NEITHER
ENSG00000234006	SIMPLE_AND	INCONSISTENT	GM12878
ENSG00000234008	NULL	REPRESSED	NEITHER
ENSG00000234020	REPRESSED	NULL	NEITHER
ENSG00000234022	NULL	INCONSISTENT	NEITHER
ENSG00000234026	SIMPLE_AND	NULL	GM12878
ENSG00000234028	SIMPLE_AND	INCONSISTENT	GM12878
ENSG00000234036	INCONSISTENT	NULL	NEITHER
ENSG00000234040	REPRESSED	NULL	NEITHER
ENSG00000234042	NULL	INCONSISTENT	NEITHER
ENSG00000234052	REPRESSED	NULL	NEITHER
ENSG00000234056	COMPLEX	NULL	NEITHER
ENSG00000234067	NULL	REPRESSED	NEITHER
ENSG00000234069	REPRESSED	NULL	NEITHER
ENSG00000234072	SIMPLE_AND	INCONSISTENT	GM12878
ENSG00000234075	INCONSISTENT	NULL	NEITHER
ENSG00000234084	REPRESSED	NULL	NEITHER
ENSG00000234088	NULL	REPRESSED	NEITHER
ENSG00000234091	NULL	REPRESSED	NEITHER
ENSG00000234106	INCONSISTENT	NULL	NEITHER
ENSG00000234109	REPRESSED	NULL	NEITHER
ENSG00000234111	REPRESSED	NULL	NEITHER
ENSG00000234115	NULL	REPRESSED	NEITHER
ENSG00000234117	NULL	INCONSISTENT	NEITHER
ENSG00000234123	NULL	REPRESSED	NEITHER
ENSG00000234127	SIMPLE_AND	INCONSISTENT	GM12878
ENSG00000234129	SIMPLE_AND	INCONSISTENT	GM12878
ENSG00000234147	SIMPLE_AND	INCONSISTENT	GM12878
ENSG00000234156	NULL	INCONSISTENT	NEITHER
ENSG00000234159	NULL	INCONSISTENT	NEITHER
ENSG00000234162	REPRESSED	NULL	NEITHER
ENSG00000234170	NULL	REPRESSED	NEITHER
ENSG00000234171	SIMPLE_AND	INCONSISTENT	GM12878
ENSG00000234174	SIMPLE_AND	INCONSISTENT	GM12878
ENSG00000234183	SIMPLE_AND	INCONSISTENT	GM12878
ENSG00000234186	NULL	REPRESSED	NEITHER
ENSG00000234193	NULL	INCONSISTENT	NEITHER
ENSG00000234204	NULL	REPRESSED	NEITHER
ENSG00000234206	NULL	INCONSISTENT	NEITHER
ENSG00000234210	NULL	REPRESSED	NEITHER
ENSG00000234213	NULL	INCONSISTENT	NEITHER
ENSG00000234224	REPRESSED	NULL	NEITHER
ENSG00000234233	NULL	BIVALENT	NEITHER
ENSG00000234235	BIVALENT	INCONSISTENT	NEITHER
ENSG00000234241	NULL	INCONSISTENT	NEITHER
ENSG00000234255	REPRESSED	NULL	NEITHER
ENSG00000234261	NULL	INCONSISTENT	NEITHER
ENSG00000234275	COMPLEX	NULL	NEITHER
ENSG00000234279	NULL	REPRESSED	NEITHER
ENSG00000234282	SIMPLE_OR	NULL	NEITHER
ENSG00000234283	BIVALENT	INCONSISTENT	NEITHER
ENSG00000234284	REPRESSED	INCONSISTENT	NEITHER
ENSG00000234285	INCONSISTENT	NULL	NEITHER
ENSG00000234286	INCONSISTENT	NULL	NEITHER
ENSG00000234292	COMPLEX	INCONSISTENT	NEITHER
ENSG00000234318	NULL	REPRESSED	NEITHER
ENSG00000234323	REPRESSED	NULL	NEITHER
ENSG00000234338	NULL	INCONSISTENT	NEITHER
ENSG00000234350	REPRESSED	INCONSISTENT	NEITHER
ENSG00000234352	NULL	INCONSISTENT	NEITHER
ENSG00000234361	NULL	INCONSISTENT	NEITHER
ENSG00000234377	REPRESSED	NULL	NEITHER
ENSG00000234380	INCONSISTENT	REPRESSED	NEITHER
ENSG00000234384	NULL	REPRESSED	NEITHER
ENSG00000234393	NULL	INCONSISTENT	NEITHER
ENSG00000234396	NULL	INCONSISTENT	NEITHER
ENSG00000234397	NULL	REPRESSED	NEITHER
ENSG00000234409	NULL	REPRESSED	NEITHER
ENSG00000234413	NULL	REPRESSED	NEITHER
ENSG00000234420	SIMPLE_AND	INCONSISTENT	GM12878
ENSG00000234423	NULL	REPRESSED	NEITHER
ENSG00000234431	NULL	REPRESSED	NEITHER
ENSG00000234432	REPRESSED	INCONSISTENT	NEITHER
ENSG00000234444	SIMPLE_AND	INCONSISTENT	GM12878
ENSG00000234445	NULL	INCONSISTENT	NEITHER
ENSG00000234452	REPRESSED	NULL	NEITHER
ENSG00000234456	REPRESSED	NULL	NEITHER
ENSG00000234464	REPRESSED	NULL	NEITHER
ENSG00000234474	REPRESSED	NULL	NEITHER
ENSG00000234476	INCONSISTENT	NULL	NEITHER
ENSG00000234484	INCONSISTENT	NULL	NEITHER
ENSG00000234485	NULL	REPRESSED	NEITHER
ENSG00000234489	INCONSISTENT	REPRESSED	NEITHER
ENSG00000234493	REPRESSED	NULL	NEITHER
ENSG00000234494	SIMPLE_AND	INCONSISTENT	GM12878
ENSG00000234506	INCONSISTENT	NULL	NEITHER
ENSG00000234515	NULL	REPRESSED	NEITHER
ENSG00000234521	INCONSISTENT	NULL	NEITHER
ENSG00000234535	INCONSISTENT	NULL	NEITHER
ENSG00000234545	COMPLEX	SIMPLE_AND	K562
ENSG00000234546	COMPLEX	NULL	NEITHER
ENSG00000234553	NULL	REPRESSED	NEITHER
ENSG00000234556	NULL	INCONSISTENT	NEITHER
ENSG00000234557	NULL	REPRESSED	NEITHER
ENSG00000234565	NULL	REPRESSED	NEITHER
ENSG00000234572	SIMPLE_AND	NULL	GM12878
ENSG00000234593	NULL	INCONSISTENT	NEITHER
ENSG00000234602	BIVALENT	INCONSISTENT	NEITHER
ENSG00000234611	INCONSISTENT	NULL	NEITHER
ENSG00000234612	NULL	REPRESSED	NEITHER
ENSG00000234614	BIVALENT	REPRESSED	NEITHER
ENSG00000234622	COMPLEX	NULL	NEITHER
ENSG00000234626	REPRESSED	NULL	NEITHER
ENSG00000234629	NULL	INCONSISTENT	NEITHER
ENSG00000234632	NULL	REPRESSED	NEITHER
ENSG00000234639	INCONSISTENT	NULL	NEITHER
ENSG00000234665	NULL	INCONSISTENT	NEITHER
ENSG00000234678	INCONSISTENT	NULL	NEITHER
ENSG00000234683	INCONSISTENT	NULL	NEITHER
ENSG00000234684	SIMPLE_AND	INCONSISTENT	GM12878
ENSG00000234685	SIMPLE_OR	INCONSISTENT	NEITHER
ENSG00000234688	REPRESSED	NULL	NEITHER
ENSG00000234690	NULL	INCONSISTENT	NEITHER
ENSG00000234693	REPRESSED	NULL	NEITHER
ENSG00000234699	INCONSISTENT	NULL	NEITHER
ENSG00000234705	SIMPLE_AND	NULL	GM12878
ENSG00000234710	REPRESSED	INCONSISTENT	NEITHER
ENSG00000234715	REPRESSED	BIVALENT	NEITHER
ENSG00000234719	SIMPLE_AND	INCONSISTENT	GM12878
ENSG00000234721	NULL	REPRESSED	NEITHER
ENSG00000234722	NULL	SIMPLE_AND	K562
ENSG00000234726	NULL	REPRESSED	NEITHER
ENSG00000234740	NULL	INCONSISTENT	NEITHER
ENSG00000234743	NULL	REPRESSED	NEITHER
ENSG00000234745	SIMPLE_OR	REPRESSED	NEITHER
ENSG00000234750	REPRESSED	NULL	NEITHER
ENSG00000234753	SIMPLE_AND	INCONSISTENT	GM12878
ENSG00000234768	NULL	REPRESSED	NEITHER
ENSG00000234771	NULL	INCONSISTENT	NEITHER
ENSG00000234772	SIMPLE_AND	INCONSISTENT	GM12878
ENSG00000234775	REPRESSED	NULL	NEITHER
ENSG00000234784	NULL	INCONSISTENT	NEITHER
ENSG00000234800	NULL	INCONSISTENT	NEITHER
ENSG00000234805	NULL	REPRESSED	NEITHER
ENSG00000234810	NULL	REPRESSED	NEITHER
ENSG00000234811	NULL	REPRESSED	NEITHER
ENSG00000234816	SIMPLE_AND	REPRESSED	GM12878
ENSG00000234832	SIMPLE_AND	INCONSISTENT	GM12878
ENSG00000234844	REPRESSED	NULL	NEITHER
ENSG00000234853	NULL	INCONSISTENT	NEITHER
ENSG00000234855	NULL	REPRESSED	NEITHER
ENSG00000234857	SIMPLE_AND	INCONSISTENT	GM12878
ENSG00000234862	INCONSISTENT	NULL	NEITHER
ENSG00000234869	NULL	REPRESSED	NEITHER
ENSG00000234881	REPRESSED	NULL	NEITHER
ENSG00000234883	SIMPLE_AND	NULL	GM12878
ENSG00000234896	NULL	REPRESSED	NEITHER
ENSG00000234902	NULL	INCONSISTENT	NEITHER
ENSG00000234906	NULL	INCONSISTENT	NEITHER
ENSG00000234919	NULL	INCONSISTENT	NEITHER
ENSG00000234925	SIMPLE_AND	NULL	GM12878
ENSG00000234927	NULL	INCONSISTENT	NEITHER
ENSG00000234928	NULL	INCONSISTENT	NEITHER
ENSG00000234929	NULL	REPRESSED	NEITHER
ENSG00000234933	INCONSISTENT	NULL	NEITHER
ENSG00000234946	SIMPLE_OR	INCONSISTENT	NEITHER
ENSG00000234952	REPRESSED	NULL	NEITHER
ENSG00000234965	BIVALENT	INCONSISTENT	NEITHER
ENSG00000234967	NULL	REPRESSED	NEITHER
ENSG00000234977	NULL	REPRESSED	NEITHER
ENSG00000234979	REPRESSED	NULL	NEITHER
ENSG00000234985	SIMPLE_AND	INCONSISTENT	GM12878
ENSG00000234996	BIVALENT	INCONSISTENT	NEITHER
ENSG00000234999	SIMPLE_OR	INCONSISTENT	NEITHER
ENSG00000235002	NULL	REPRESSED	NEITHER
ENSG00000235009	NULL	REPRESSED	NEITHER
ENSG00000235010	NULL	INCONSISTENT	NEITHER
ENSG00000235013	SIMPLE_AND	NULL	GM12878
ENSG00000235016	BIVALENT	INCONSISTENT	NEITHER
ENSG00000235020	NULL	REPRESSED	NEITHER
ENSG00000235021	NULL	INCONSISTENT	NEITHER
ENSG00000235024	BIVALENT	INCONSISTENT	NEITHER
ENSG00000235027	NULL	INCONSISTENT	NEITHER
ENSG00000235029	BIVALENT	NULL	NEITHER
ENSG00000235034	NULL	INCONSISTENT	NEITHER
ENSG00000235035	NULL	INCONSISTENT	NEITHER
ENSG00000235047	NULL	REPRESSED	NEITHER
ENSG00000235051	REPRESSED	NULL	NEITHER
ENSG00000235062	NULL	BIVALENT	NEITHER
ENSG00000235065	REPRESSED	NULL	NEITHER
ENSG00000235072	INCONSISTENT	NULL	NEITHER
ENSG00000235077	NULL	INCONSISTENT	NEITHER
ENSG00000235079	REPRESSED	INCONSISTENT	NEITHER
ENSG00000235088	SIMPLE_OR	NULL	NEITHER
ENSG00000235090	SIMPLE_OR	INCONSISTENT	NEITHER
ENSG00000235091	NULL	REPRESSED	NEITHER
ENSG00000235092	SIMPLE_AND	INCONSISTENT	GM12878
ENSG00000235101	REPRESSED	NULL	NEITHER
ENSG00000235106	SIMPLE_OR	INCONSISTENT	NEITHER
ENSG00000235108	BIVALENT	NULL	NEITHER
ENSG00000235109	SIMPLE_AND	INCONSISTENT	GM12878
ENSG00000235113	NULL	REPRESSED	NEITHER
ENSG00000235126	INCONSISTENT	NULL	NEITHER
ENSG00000235128	NULL	INCONSISTENT	NEITHER
ENSG00000235151	SIMPLE_AND	INCONSISTENT	GM12878
ENSG00000235162	SIMPLE_OR	INCONSISTENT	NEITHER
ENSG00000235169	SIMPLE_OR	SIMPLE_AND	K562
ENSG00000235172	NULL	INCONSISTENT	NEITHER
ENSG00000235181	INCONSISTENT	REPRESSED	NEITHER
ENSG00000235190	REPRESSED	NULL	NEITHER
ENSG00000235192	BIVALENT	NULL	NEITHER
ENSG00000235194	SIMPLE_AND	INCONSISTENT	GM12878
ENSG00000235197	REPRESSED	NULL	NEITHER
ENSG00000235202	NULL	REPRESSED	NEITHER
ENSG00000235204	SIMPLE_AND	INCONSISTENT	GM12878
ENSG00000235213	NULL	INCONSISTENT	NEITHER
ENSG00000235217	SIMPLE_OR	NULL	NEITHER
ENSG00000235218	NULL	INCONSISTENT	NEITHER
ENSG00000235221	NULL	INCONSISTENT	NEITHER
ENSG00000235237	INCONSISTENT	NULL	NEITHER
ENSG00000235238	INCONSISTENT	NULL	NEITHER
ENSG00000235239	REPRESSED	NULL	NEITHER
ENSG00000235243	NULL	INCONSISTENT	NEITHER
ENSG00000235244	SIMPLE_OR	NULL	NEITHER
ENSG00000235251	COMPLEX	NULL	NEITHER
ENSG00000235257	REPRESSED	INCONSISTENT	NEITHER
ENSG00000235263	NULL	REPRESSED	NEITHER
ENSG00000235264	NULL	INCONSISTENT	NEITHER
ENSG00000235271	REPRESSED	NULL	NEITHER
ENSG00000235272	SIMPLE_OR	NULL	NEITHER
ENSG00000235281	NULL	REPRESSED	NEITHER
ENSG00000235289	REPRESSED	NULL	NEITHER
ENSG00000235292	REPRESSED	NULL	NEITHER
ENSG00000235297	NULL	REPRESSED	NEITHER
ENSG00000235298	INCONSISTENT	NULL	NEITHER
ENSG00000235300	INCONSISTENT	NULL	NEITHER
ENSG00000235301	INCONSISTENT	REPRESSED	NEITHER
ENSG00000235313	NULL	INCONSISTENT	NEITHER
ENSG00000235314	SIMPLE_OR	INCONSISTENT	NEITHER
ENSG00000235316	SIMPLE_AND	INCONSISTENT	GM12878
ENSG00000235319	INCONSISTENT	NULL	NEITHER
ENSG00000235335	NULL	SIMPLE_AND	K562
ENSG00000235338	NULL	REPRESSED	NEITHER
ENSG00000235343	NULL	REPRESSED	NEITHER
ENSG00000235347	REPRESSED	NULL	NEITHER
ENSG00000235350	NULL	INCONSISTENT	NEITHER
ENSG00000235361	INCONSISTENT	BIVALENT	NEITHER
ENSG00000235366	SIMPLE_AND	NULL	GM12878
ENSG00000235374	BIVALENT	INCONSISTENT	NEITHER
ENSG00000235385	NULL	INCONSISTENT	NEITHER
ENSG00000235386	NULL	REPRESSED	NEITHER
ENSG00000235399	REPRESSED	NULL	NEITHER
ENSG00000235408	NULL	SIMPLE_OR	NEITHER
ENSG00000235419	INCONSISTENT	NULL	NEITHER
ENSG00000235420	NULL	REPRESSED	NEITHER
ENSG00000235432	NULL	REPRESSED	NEITHER
ENSG00000235434	NULL	REPRESSED	NEITHER
ENSG00000235437	SIMPLE_AND	INCONSISTENT	GM12878
ENSG00000235440	REPRESSED	NULL	NEITHER
ENSG00000235450	NULL	INCONSISTENT	NEITHER
ENSG00000235455	NULL	REPRESSED	NEITHER
ENSG00000235463	NULL	INCONSISTENT	NEITHER
ENSG00000235470	INCONSISTENT	REPRESSED	NEITHER
ENSG00000235478	REPRESSED	BIVALENT	NEITHER
ENSG00000235482	NULL	REPRESSED	NEITHER
ENSG00000235494	REPRESSED	INCONSISTENT	NEITHER
ENSG00000235497	INCONSISTENT	NULL	NEITHER
ENSG00000235499	SIMPLE_AND	INCONSISTENT	GM12878
ENSG00000235501	INCONSISTENT	NULL	NEITHER
ENSG00000235518	REPRESSED	NULL	NEITHER
ENSG00000235526	NULL	REPRESSED	NEITHER
ENSG00000235527	SIMPLE_AND	INCONSISTENT	GM12878
ENSG00000235530	SIMPLE_AND	INCONSISTENT	GM12878
ENSG00000235531	SIMPLE_OR	NULL	NEITHER
ENSG00000235538	NULL	REPRESSED	NEITHER
ENSG00000235545	SIMPLE_AND	INCONSISTENT	GM12878
ENSG00000235549	NULL	INCONSISTENT	NEITHER
ENSG00000235554	REPRESSED	NULL	NEITHER
ENSG00000235559	NULL	INCONSISTENT	NEITHER
ENSG00000235560	SIMPLE_AND	INCONSISTENT	GM12878
ENSG00000235573	REPRESSED	NULL	NEITHER
ENSG00000235576	INCONSISTENT	NULL	NEITHER
ENSG00000235579	REPRESSED	NULL	NEITHER
ENSG00000235590	BIVALENT	INCONSISTENT	NEITHER
ENSG00000235601	REPRESSED	NULL	NEITHER
ENSG00000235605	INCONSISTENT	NULL	NEITHER
ENSG00000235617	INCONSISTENT	NULL	NEITHER
ENSG00000235620	INCONSISTENT	NULL	NEITHER
ENSG00000235621	SIMPLE_AND	NULL	GM12878
ENSG00000235628	REPRESSED	NULL	NEITHER
ENSG00000235629	SIMPLE_AND	INCONSISTENT	GM12878
ENSG00000235636	SIMPLE_OR	NULL	NEITHER
ENSG00000235638	NULL	REPRESSED	NEITHER
ENSG00000235645	NULL	REPRESSED	NEITHER
ENSG00000235647	NULL	INCONSISTENT	NEITHER
ENSG00000235665	INCONSISTENT	REPRESSED	NEITHER
ENSG00000235674	NULL	REPRESSED	NEITHER
ENSG00000235686	REPRESSED	NULL	NEITHER
ENSG00000235688	NULL	BIVALENT	NEITHER
ENSG00000235689	NULL	INCONSISTENT	NEITHER
ENSG00000235703	SIMPLE_AND	INCONSISTENT	GM12878
ENSG00000235706	SIMPLE_AND	INCONSISTENT	GM12878
ENSG00000235710	NULL	REPRESSED	NEITHER
ENSG00000235725	REPRESSED	NULL	NEITHER
ENSG00000235734	INCONSISTENT	NULL	NEITHER
ENSG00000235741	NULL	REPRESSED	NEITHER
ENSG00000235748	SIMPLE_OR	NULL	NEITHER
ENSG00000235749	REPRESSED	NULL	NEITHER
ENSG00000235750	SIMPLE_AND	INCONSISTENT	GM12878
ENSG00000235760	NULL	REPRESSED	NEITHER
ENSG00000235761	NULL	REPRESSED	NEITHER
ENSG00000235774	NULL	INCONSISTENT	NEITHER
ENSG00000235779	NULL	REPRESSED	NEITHER
ENSG00000235781	SIMPLE_AND	INCONSISTENT	GM12878
ENSG00000235785	REPRESSED	NULL	NEITHER
ENSG00000235797	NULL	REPRESSED	NEITHER
ENSG00000235805	COMPLEX	REPRESSED	NEITHER
ENSG00000235806	NULL	INCONSISTENT	NEITHER
ENSG00000235820	NULL	INCONSISTENT	NEITHER
ENSG00000235823	SIMPLE_AND	INCONSISTENT	GM12878
ENSG00000235829	NULL	REPRESSED	NEITHER
ENSG00000235830	INCONSISTENT	BIVALENT	NEITHER
ENSG00000235837	NULL	INCONSISTENT	NEITHER
ENSG00000235845	NULL	REPRESSED	NEITHER
ENSG00000235848	SIMPLE_AND	NULL	GM12878
ENSG00000235852	SIMPLE_AND	INCONSISTENT	GM12878
ENSG00000235862	NULL	REPRESSED	NEITHER
ENSG00000235863	SIMPLE_AND	INCONSISTENT	GM12878
ENSG00000235865	NULL	INCONSISTENT	NEITHER
ENSG00000235879	NULL	REPRESSED	NEITHER
ENSG00000235888	NULL	REPRESSED	NEITHER
ENSG00000235897	SIMPLE_AND	INCONSISTENT	GM12878
ENSG00000235899	NULL	INCONSISTENT	NEITHER
ENSG00000235901	REPRESSED	NULL	NEITHER
ENSG00000235919	SIMPLE_AND	INCONSISTENT	GM12878
ENSG00000235927	NULL	INCONSISTENT	NEITHER
ENSG00000235930	REPRESSED	NULL	NEITHER
ENSG00000235934	BIVALENT	INCONSISTENT	NEITHER
ENSG00000235943	REPRESSED	NULL	NEITHER
ENSG00000235944	SIMPLE_AND	INCONSISTENT	GM12878
ENSG00000235945	NULL	INCONSISTENT	NEITHER
ENSG00000235947	SIMPLE_AND	NULL	GM12878
ENSG00000235954	SIMPLE_AND	INCONSISTENT	GM12878
ENSG00000235962	NULL	REPRESSED	NEITHER
ENSG00000235964	INCONSISTENT	COMPLEX	NEITHER
ENSG00000235968	NULL	REPRESSED	NEITHER
ENSG00000235972	NULL	REPRESSED	NEITHER
ENSG00000235978	INCONSISTENT	NULL	NEITHER
ENSG00000235989	INCONSISTENT	NULL	NEITHER
ENSG00000235990	NULL	REPRESSED	NEITHER
ENSG00000235994	NULL	REPRESSED	NEITHER
ENSG00000235996	REPRESSED	NULL	NEITHER
ENSG00000235997	NULL	REPRESSED	NEITHER
ENSG00000236012	NULL	REPRESSED	NEITHER
ENSG00000236013	NULL	INCONSISTENT	NEITHER
ENSG00000236028	NULL	REPRESSED	NEITHER
ENSG00000236045	NULL	REPRESSED	NEITHER
ENSG00000236046	NULL	REPRESSED	NEITHER
ENSG00000236056	INCONSISTENT	NULL	NEITHER
ENSG00000236064	NULL	REPRESSED	NEITHER
ENSG00000236069	INCONSISTENT	NULL	NEITHER
ENSG00000236088	SIMPLE_AND	INCONSISTENT	GM12878
ENSG00000236094	NULL	REPRESSED	NEITHER
ENSG00000236102	NULL	REPRESSED	NEITHER
ENSG00000236104	SIMPLE_AND	INCONSISTENT	GM12878
ENSG00000236111	NULL	REPRESSED	NEITHER
ENSG00000236114	NULL	REPRESSED	NEITHER
ENSG00000236124	NULL	REPRESSED	NEITHER
ENSG00000236129	INCONSISTENT	NULL	NEITHER
ENSG00000236130	REPRESSED	NULL	NEITHER
ENSG00000236136	NULL	REPRESSED	NEITHER
ENSG00000236137	SIMPLE_AND	INCONSISTENT	GM12878
ENSG00000236138	NULL	INCONSISTENT	NEITHER
ENSG00000236144	COMPLEX	SIMPLE_AND	K562
ENSG00000236173	NULL	REPRESSED	NEITHER
ENSG00000236187	SIMPLE_OR	NULL	NEITHER
ENSG00000236190	REPRESSED	NULL	NEITHER
ENSG00000236193	SIMPLE_OR	NULL	NEITHER
ENSG00000236194	SIMPLE_AND	INCONSISTENT	GM12878
ENSG00000236195	NULL	REPRESSED	NEITHER
ENSG00000236199	INCONSISTENT	NULL	NEITHER
ENSG00000236200	SIMPLE_AND	INCONSISTENT	GM12878
ENSG00000236204	SIMPLE_AND	INCONSISTENT	GM12878
ENSG00000236208	REPRESSED	INCONSISTENT	NEITHER
ENSG00000236213	COMPLEX	INCONSISTENT	NEITHER
ENSG00000236232	NULL	REPRESSED	NEITHER
ENSG00000236244	INCONSISTENT	NULL	NEITHER
ENSG00000236248	NULL	INCONSISTENT	NEITHER
ENSG00000236254	REPRESSED	NULL	NEITHER
ENSG00000236258	NULL	REPRESSED	NEITHER
ENSG00000236266	NULL	INCONSISTENT	NEITHER
ENSG00000236274	COMPLEX	NULL	NEITHER
ENSG00000236279	NULL	REPRESSED	NEITHER
ENSG00000236281	NULL	REPRESSED	NEITHER
ENSG00000236283	BIVALENT	INCONSISTENT	NEITHER
ENSG00000236296	SIMPLE_AND	NULL	GM12878
ENSG00000236297	SIMPLE_AND	INCONSISTENT	GM12878
ENSG00000236304	NULL	INCONSISTENT	NEITHER
ENSG00000236311	REPRESSED	BIVALENT	NEITHER
ENSG00000236320	NULL	INCONSISTENT	NEITHER
ENSG00000236323	NULL	REPRESSED	NEITHER
ENSG00000236324	NULL	INCONSISTENT	NEITHER
ENSG00000236325	NULL	REPRESSED	NEITHER
ENSG00000236327	INCONSISTENT	NULL	NEITHER
ENSG00000236330	REPRESSED	NULL	NEITHER
ENSG00000236335	NULL	REPRESSED	NEITHER
ENSG00000236352	SIMPLE_AND	INCONSISTENT	GM12878
ENSG00000236358	SIMPLE_OR	NULL	NEITHER
ENSG00000236380	NULL	INCONSISTENT	NEITHER
ENSG00000236382	NULL	REPRESSED	NEITHER
ENSG00000236384	NULL	REPRESSED	NEITHER
ENSG00000236389	NULL	REPRESSED	NEITHER
ENSG00000236393	NULL	INCONSISTENT	NEITHER
ENSG00000236394	REPRESSED	INCONSISTENT	NEITHER
ENSG00000236397	SIMPLE_OR	INCONSISTENT	NEITHER
ENSG00000236403	INCONSISTENT	REPRESSED	NEITHER
ENSG00000236404	BIVALENT	NULL	NEITHER
ENSG00000236408	NULL	REPRESSED	NEITHER
ENSG00000236409	INCONSISTENT	NULL	NEITHER
ENSG00000236423	COMPLEX	INCONSISTENT	NEITHER
ENSG00000236431	INCONSISTENT	NULL	NEITHER
ENSG00000236432	SIMPLE_AND	COMPLEX	GM12878
ENSG00000236434	INCONSISTENT	NULL	NEITHER
ENSG00000236437	REPRESSED	NULL	NEITHER
ENSG00000236449	NULL	INCONSISTENT	NEITHER
ENSG00000236452	INCONSISTENT	NULL	NEITHER
ENSG00000236466	BIVALENT	NULL	NEITHER
ENSG00000236469	INCONSISTENT	NULL	NEITHER
ENSG00000236471	BIVALENT	INCONSISTENT	NEITHER
ENSG00000236473	REPRESSED	NULL	NEITHER
ENSG00000236475	NULL	REPRESSED	NEITHER
ENSG00000236495	NULL	REPRESSED	NEITHER
ENSG00000236499	SIMPLE_AND	INCONSISTENT	GM12878
ENSG00000236502	REPRESSED	NULL	NEITHER
ENSG00000236503	NULL	REPRESSED	NEITHER
ENSG00000236504	INCONSISTENT	NULL	NEITHER
ENSG00000236514	SIMPLE_AND	INCONSISTENT	GM12878
ENSG00000236519	SIMPLE_AND	INCONSISTENT	GM12878
ENSG00000236525	INCONSISTENT	NULL	NEITHER
ENSG00000236527	NULL	INCONSISTENT	NEITHER
ENSG00000236529	SIMPLE_OR	NULL	NEITHER
ENSG00000236535	SIMPLE_OR	NULL	NEITHER
ENSG00000236536	REPRESSED	INCONSISTENT	NEITHER
ENSG00000236540	NULL	INCONSISTENT	NEITHER
ENSG00000236545	INCONSISTENT	NULL	NEITHER
ENSG00000236546	REPRESSED	INCONSISTENT	NEITHER
ENSG00000236549	REPRESSED	NULL	NEITHER
ENSG00000236550	REPRESSED	NULL	NEITHER
ENSG00000236552	SIMPLE_OR	NULL	NEITHER
ENSG00000236567	REPRESSED	NULL	NEITHER
ENSG00000236571	REPRESSED	NULL	NEITHER
ENSG00000236576	REPRESSED	NULL	NEITHER
ENSG00000236581	INCONSISTENT	NULL	NEITHER
ENSG00000236591	INCONSISTENT	REPRESSED	NEITHER
ENSG00000236595	REPRESSED	BIVALENT	NEITHER
ENSG00000236597	INCONSISTENT	NULL	NEITHER
ENSG00000236617	COMPLEX	BIVALENT	NEITHER
ENSG00000236634	NULL	INCONSISTENT	NEITHER
ENSG00000236651	BIVALENT	INCONSISTENT	NEITHER
ENSG00000236653	REPRESSED	NULL	NEITHER
ENSG00000236667	REPRESSED	NULL	NEITHER
ENSG00000236671	REPRESSED	NULL	NEITHER
ENSG00000236674	NULL	REPRESSED	NEITHER
ENSG00000236692	REPRESSED	NULL	NEITHER
ENSG00000236703	NULL	INCONSISTENT	NEITHER
ENSG00000236708	REPRESSED	NULL	NEITHER
ENSG00000236709	SIMPLE_OR	NULL	NEITHER
ENSG00000236714	REPRESSED	NULL	NEITHER
ENSG00000236717	NULL	REPRESSED	NEITHER
ENSG00000236719	REPRESSED	NULL	NEITHER
ENSG00000236731	REPRESSED	NULL	NEITHER
ENSG00000236733	INCONSISTENT	NULL	NEITHER
ENSG00000236741	NULL	INCONSISTENT	NEITHER
ENSG00000236748	REPRESSED	NULL	NEITHER
ENSG00000236753	INCONSISTENT	SIMPLE_AND	K562
ENSG00000236760	NULL	REPRESSED	NEITHER
ENSG00000236776	REPRESSED	NULL	NEITHER
ENSG00000236778	SIMPLE_AND	INCONSISTENT	GM12878
ENSG00000236779	INCONSISTENT	NULL	NEITHER
ENSG00000236783	NULL	REPRESSED	NEITHER
ENSG00000236790	SIMPLE_AND	REPRESSED	GM12878
ENSG00000236791	NULL	REPRESSED	NEITHER
ENSG00000236800	INCONSISTENT	REPRESSED	NEITHER
ENSG00000236806	INCONSISTENT	BIVALENT	NEITHER
ENSG00000236810	SIMPLE_AND	INCONSISTENT	GM12878
ENSG00000236814	NULL	REPRESSED	NEITHER
ENSG00000236817	REPRESSED	NULL	NEITHER
ENSG00000236819	NULL	REPRESSED	NEITHER
ENSG00000236823	NULL	REPRESSED	NEITHER
ENSG00000236824	INCONSISTENT	SIMPLE_AND	K562
ENSG00000236829	SIMPLE_AND	INCONSISTENT	GM12878
ENSG00000236833	NULL	INCONSISTENT	NEITHER
ENSG00000236859	SIMPLE_AND	INCONSISTENT	GM12878
ENSG00000236863	REPRESSED	INCONSISTENT	NEITHER
ENSG00000236864	REPRESSED	NULL	NEITHER
ENSG00000236866	BIVALENT	INCONSISTENT	NEITHER
ENSG00000236869	COMPLEX	REPRESSED	NEITHER
ENSG00000236875	INCONSISTENT	NULL	NEITHER
ENSG00000236878	NULL	REPRESSED	NEITHER
ENSG00000236882	INCONSISTENT	NULL	NEITHER
ENSG00000236883	NULL	REPRESSED	NEITHER
ENSG00000236890	INCONSISTENT	NULL	NEITHER
ENSG00000236892	NULL	INCONSISTENT	NEITHER
ENSG00000236893	NULL	INCONSISTENT	NEITHER
ENSG00000236894	REPRESSED	BIVALENT	NEITHER
ENSG00000236911	NULL	INCONSISTENT	NEITHER
ENSG00000236913	NULL	REPRESSED	NEITHER
ENSG00000236914	INCONSISTENT	BIVALENT	NEITHER
ENSG00000236920	REPRESSED	NULL	NEITHER
ENSG00000236924	SIMPLE_AND	REPRESSED	GM12878
ENSG00000236930	COMPLEX	NULL	NEITHER
ENSG00000236937	REPRESSED	NULL	NEITHER
ENSG00000236942	INCONSISTENT	NULL	NEITHER
ENSG00000236957	NULL	INCONSISTENT	NEITHER
ENSG00000236963	NULL	REPRESSED	NEITHER
ENSG00000236977	SIMPLE_AND	NULL	GM12878
ENSG00000236989	NULL	REPRESSED	NEITHER
ENSG00000237004	INCONSISTENT	SIMPLE_AND	K562
ENSG00000237013	NULL	REPRESSED	NEITHER
ENSG00000237025	INCONSISTENT	NULL	NEITHER
ENSG00000237027	NULL	REPRESSED	NEITHER
ENSG00000237036	SIMPLE_AND	BIVALENT	GM12878
ENSG00000237037	COMPLEX	INCONSISTENT	NEITHER
ENSG00000237039	NULL	REPRESSED	NEITHER
ENSG00000237042	NULL	INCONSISTENT	NEITHER
ENSG00000237049	NULL	REPRESSED	NEITHER
ENSG00000237063	NULL	INCONSISTENT	NEITHER
ENSG00000237074	NULL	INCONSISTENT	NEITHER
ENSG00000237087	REPRESSED	NULL	NEITHER
ENSG00000237106	REPRESSED	NULL	NEITHER
ENSG00000237111	INCONSISTENT	NULL	NEITHER
ENSG00000237115	REPRESSED	NULL	NEITHER
ENSG00000237118	NULL	INCONSISTENT	NEITHER
ENSG00000237119	NULL	REPRESSED	NEITHER
ENSG00000237125	REPRESSED	INCONSISTENT	NEITHER
ENSG00000237128	NULL	INCONSISTENT	NEITHER
ENSG00000237130	REPRESSED	NULL	NEITHER
ENSG00000237131	REPRESSED	NULL	NEITHER
ENSG00000237137	NULL	INCONSISTENT	NEITHER
ENSG00000237154	REPRESSED	NULL	NEITHER
ENSG00000237158	NULL	INCONSISTENT	NEITHER
ENSG00000237163	NULL	REPRESSED	NEITHER
ENSG00000237167	INCONSISTENT	NULL	NEITHER
ENSG00000237172	SIMPLE_AND	INCONSISTENT	GM12878
ENSG00000237181	SIMPLE_AND	INCONSISTENT	GM12878
ENSG00000237187	BIVALENT	INCONSISTENT	NEITHER
ENSG00000237188	SIMPLE_AND	INCONSISTENT	GM12878
ENSG00000237197	INCONSISTENT	NULL	NEITHER
ENSG00000237205	REPRESSED	NULL	NEITHER
ENSG00000237206	NULL	INCONSISTENT	NEITHER
ENSG00000237222	NULL	REPRESSED	NEITHER
ENSG00000237223	NULL	REPRESSED	NEITHER
ENSG00000237233	REPRESSED	NULL	NEITHER
ENSG00000237243	NULL	INCONSISTENT	NEITHER
ENSG00000237248	REPRESSED	NULL	NEITHER
ENSG00000237251	REPRESSED	NULL	NEITHER
ENSG00000237262	NULL	REPRESSED	NEITHER
ENSG00000237272	NULL	REPRESSED	NEITHER
ENSG00000237273	REPRESSED	NULL	NEITHER
ENSG00000237276	REPRESSED	INCONSISTENT	NEITHER
ENSG00000237285	NULL	REPRESSED	NEITHER
ENSG00000237294	INCONSISTENT	NULL	NEITHER
ENSG00000237310	INCONSISTENT	SIMPLE_AND	K562
ENSG00000237311	INCONSISTENT	COMPLEX	NEITHER
ENSG00000237326	NULL	REPRESSED	NEITHER
ENSG00000237331	REPRESSED	NULL	NEITHER
ENSG00000237338	NULL	INCONSISTENT	NEITHER
ENSG00000237343	NULL	INCONSISTENT	NEITHER
ENSG00000237353	REPRESSED	NULL	NEITHER
ENSG00000237365	NULL	REPRESSED	NEITHER
ENSG00000237370	NULL	COMPLEX	NEITHER
ENSG00000237371	INCONSISTENT	NULL	NEITHER
ENSG00000237380	REPRESSED	NULL	NEITHER
ENSG00000237398	NULL	REPRESSED	NEITHER
ENSG00000237400	NULL	REPRESSED	NEITHER
ENSG00000237401	REPRESSED	NULL	NEITHER
ENSG00000237406	REPRESSED	NULL	NEITHER
ENSG00000237409	NULL	REPRESSED	NEITHER
ENSG00000237418	INCONSISTENT	NULL	NEITHER
ENSG00000237422	REPRESSED	INCONSISTENT	NEITHER
ENSG00000237425	REPRESSED	INCONSISTENT	NEITHER
ENSG00000237437	NULL	INCONSISTENT	NEITHER
ENSG00000237440	COMPLEX	NULL	NEITHER
ENSG00000237452	NULL	INCONSISTENT	NEITHER
ENSG00000237457	REPRESSED	INCONSISTENT	NEITHER
ENSG00000237463	NULL	REPRESSED	NEITHER
ENSG00000237468	NULL	INCONSISTENT	NEITHER
ENSG00000237476	INCONSISTENT	NULL	NEITHER
ENSG00000237491	SIMPLE_AND	INCONSISTENT	GM12878
ENSG00000237494	NULL	REPRESSED	NEITHER
ENSG00000237499	SIMPLE_AND	INCONSISTENT	GM12878
ENSG00000237500	NULL	REPRESSED	NEITHER
ENSG00000237512	REPRESSED	NULL	NEITHER
ENSG00000237517	NULL	REPRESSED	NEITHER
ENSG00000237520	SIMPLE_AND	INCONSISTENT	GM12878
ENSG00000237531	COMPLEX	INCONSISTENT	NEITHER
ENSG00000237541	NULL	REPRESSED	NEITHER
ENSG00000237547	INCONSISTENT	NULL	NEITHER
ENSG00000237549	NULL	REPRESSED	NEITHER
ENSG00000237551	COMPLEX	NULL	NEITHER
ENSG00000237556	NULL	REPRESSED	NEITHER
ENSG00000237566	REPRESSED	NULL	NEITHER
ENSG00000237575	REPRESSED	INCONSISTENT	NEITHER
ENSG00000237576	NULL	INCONSISTENT	NEITHER
ENSG00000237588	REPRESSED	INCONSISTENT	NEITHER
ENSG00000237589	REPRESSED	INCONSISTENT	NEITHER
ENSG00000237590	SIMPLE_OR	NULL	NEITHER
ENSG00000237594	BIVALENT	NULL	NEITHER
ENSG00000237595	SIMPLE_AND	INCONSISTENT	GM12878
ENSG00000237596	NULL	INCONSISTENT	NEITHER
ENSG00000237609	NULL	REPRESSED	NEITHER
ENSG00000237614	NULL	REPRESSED	NEITHER
ENSG00000237617	NULL	REPRESSED	NEITHER
ENSG00000237622	REPRESSED	NULL	NEITHER
ENSG00000237623	NULL	REPRESSED	NEITHER
ENSG00000237633	NULL	REPRESSED	NEITHER
ENSG00000237637	INCONSISTENT	BIVALENT	NEITHER
ENSG00000237638	SIMPLE_AND	INCONSISTENT	GM12878
ENSG00000237640	REPRESSED	BIVALENT	NEITHER
ENSG00000237643	NULL	SIMPLE_AND	K562
ENSG00000237651	SIMPLE_AND	NULL	GM12878
ENSG00000237664	NULL	REPRESSED	NEITHER
ENSG00000237665	REPRESSED	NULL	NEITHER
ENSG00000237667	NULL	REPRESSED	NEITHER
ENSG00000237669	REPRESSED	NULL	NEITHER
ENSG00000237675	NULL	REPRESSED	NEITHER
ENSG00000237686	SIMPLE_AND	INCONSISTENT	GM12878
ENSG00000237687	NULL	REPRESSED	NEITHER
ENSG00000237731	NULL	REPRESSED	NEITHER
ENSG00000237738	INCONSISTENT	NULL	NEITHER
ENSG00000237742	INCONSISTENT	BIVALENT	NEITHER
ENSG00000237747	NULL	INCONSISTENT	NEITHER
ENSG00000237749	INCONSISTENT	COMPLEX	NEITHER
ENSG00000237751	REPRESSED	NULL	NEITHER
ENSG00000237753	SIMPLE_AND	INCONSISTENT	GM12878
ENSG00000237758	INCONSISTENT	NULL	NEITHER
ENSG00000237765	SIMPLE_AND	INCONSISTENT	GM12878
ENSG00000237773	INCONSISTENT	NULL	NEITHER
ENSG00000237782	NULL	REPRESSED	NEITHER
ENSG00000237783	NULL	REPRESSED	NEITHER
ENSG00000237797	SIMPLE_AND	NULL	GM12878
ENSG00000237803	NULL	REPRESSED	NEITHER
ENSG00000237810	NULL	REPRESSED	NEITHER
ENSG00000237813	BIVALENT	INCONSISTENT	NEITHER
ENSG00000237821	NULL	REPRESSED	NEITHER
ENSG00000237827	SIMPLE_OR	NULL	NEITHER
ENSG00000237843	NULL	INCONSISTENT	NEITHER
ENSG00000237848	NULL	REPRESSED	NEITHER
ENSG00000237853	NULL	INCONSISTENT	NEITHER
ENSG00000237854	BIVALENT	INCONSISTENT	NEITHER
ENSG00000237862	REPRESSED	NULL	NEITHER
ENSG00000237863	REPRESSED	NULL	NEITHER
ENSG00000237864	NULL	REPRESSED	NEITHER
ENSG00000237877	SIMPLE_AND	INCONSISTENT	GM12878
ENSG00000237879	INCONSISTENT	NULL	NEITHER
ENSG00000237880	NULL	INCONSISTENT	NEITHER
ENSG00000237883	SIMPLE_AND	INCONSISTENT	GM12878
ENSG00000237886	SIMPLE_AND	INCONSISTENT	GM12878
ENSG00000237888	NULL	REPRESSED	NEITHER
ENSG00000237892	NULL	REPRESSED	NEITHER
ENSG00000237922	COMPLEX	INCONSISTENT	NEITHER
ENSG00000237927	NULL	REPRESSED	NEITHER
ENSG00000237928	REPRESSED	INCONSISTENT	NEITHER
ENSG00000237941	NULL	INCONSISTENT	NEITHER
ENSG00000237943	BIVALENT	SIMPLE_AND	K562
ENSG00000237945	SIMPLE_AND	INCONSISTENT	GM12878
ENSG00000237947	NULL	INCONSISTENT	NEITHER
ENSG00000237953	SIMPLE_AND	INCONSISTENT	GM12878
ENSG00000237955	NULL	REPRESSED	NEITHER
ENSG00000237956	REPRESSED	NULL	NEITHER
ENSG00000237975	NULL	REPRESSED	NEITHER
ENSG00000237976	SIMPLE_AND	INCONSISTENT	GM12878
ENSG00000237984	REPRESSED	INCONSISTENT	NEITHER
ENSG00000237987	NULL	REPRESSED	NEITHER
ENSG00000237989	INCONSISTENT	REPRESSED	NEITHER
ENSG00000237991	NULL	REPRESSED	NEITHER
ENSG00000238005	COMPLEX	NULL	NEITHER
ENSG00000238007	NULL	REPRESSED	NEITHER
ENSG00000238012	NULL	REPRESSED	NEITHER
ENSG00000238018	INCONSISTENT	NULL	NEITHER
ENSG00000238021	NULL	REPRESSED	NEITHER
ENSG00000238031	NULL	REPRESSED	NEITHER
ENSG00000238039	SIMPLE_OR	NULL	NEITHER
ENSG00000238043	REPRESSED	NULL	NEITHER
ENSG00000238045	SIMPLE_AND	INCONSISTENT	GM12878
ENSG00000238057	BIVALENT	INCONSISTENT	NEITHER
ENSG00000238061	NULL	REPRESSED	NEITHER
ENSG00000238062	NULL	REPRESSED	NEITHER
ENSG00000238063	INCONSISTENT	NULL	NEITHER
ENSG00000238086	REPRESSED	NULL	NEITHER
ENSG00000238094	INCONSISTENT	NULL	NEITHER
ENSG00000238097	REPRESSED	INCONSISTENT	NEITHER
ENSG00000238099	NULL	INCONSISTENT	NEITHER
ENSG00000238111	NULL	INCONSISTENT	NEITHER
ENSG00000238113	SIMPLE_AND	INCONSISTENT	GM12878
ENSG00000238120	REPRESSED	INCONSISTENT	NEITHER
ENSG00000238121	SIMPLE_AND	NULL	GM12878
ENSG00000238123	SIMPLE_AND	INCONSISTENT	GM12878
ENSG00000238125	NULL	REPRESSED	NEITHER
ENSG00000238131	REPRESSED	NULL	NEITHER
ENSG00000238132	SIMPLE_AND	INCONSISTENT	GM12878
ENSG00000238139	NULL	INCONSISTENT	NEITHER
ENSG00000238143	INCONSISTENT	NULL	NEITHER
ENSG00000238160	SIMPLE_AND	INCONSISTENT	GM12878
ENSG00000238161	NULL	REPRESSED	NEITHER
ENSG00000238164	SIMPLE_AND	INCONSISTENT	GM12878
ENSG00000238168	NULL	INCONSISTENT	NEITHER
ENSG00000238171	INCONSISTENT	NULL	NEITHER
ENSG00000238180	NULL	REPRESSED	NEITHER
ENSG00000238197	SIMPLE_AND	INCONSISTENT	GM12878
ENSG00000238199	INCONSISTENT	NULL	NEITHER
ENSG00000238201	NULL	REPRESSED	NEITHER
ENSG00000238221	INCONSISTENT	NULL	NEITHER
ENSG00000238223	REPRESSED	NULL	NEITHER
ENSG00000238224	NULL	REPRESSED	NEITHER
ENSG00000238230	REPRESSED	INCONSISTENT	NEITHER
ENSG00000238236	NULL	REPRESSED	NEITHER
ENSG00000238254	NULL	REPRESSED	NEITHER
ENSG00000238258	NULL	REPRESSED	NEITHER
ENSG00000238259	REPRESSED	NULL	NEITHER
ENSG00000238260	INCONSISTENT	BIVALENT	NEITHER
ENSG00000238262	REPRESSED	NULL	NEITHER
ENSG00000238266	INCONSISTENT	NULL	NEITHER
ENSG00000238272	NULL	INCONSISTENT	NEITHER
ENSG00000238279	NULL	INCONSISTENT	NEITHER
ENSG00000238284	NULL	INCONSISTENT	NEITHER
ENSG00000238297	REPRESSED	NULL	NEITHER
ENSG00000238304	INCONSISTENT	NULL	NEITHER
ENSG00000238344	INCONSISTENT	NULL	NEITHER
ENSG00000238363	INCONSISTENT	SIMPLE_AND	K562
ENSG00000238364	INCONSISTENT	NULL	NEITHER
ENSG00000238370	NULL	INCONSISTENT	NEITHER
ENSG00000238390	INCONSISTENT	NULL	NEITHER
ENSG00000238427	REPRESSED	NULL	NEITHER
ENSG00000238446	NULL	COMPLEX	NEITHER
ENSG00000238457	INCONSISTENT	NULL	NEITHER
ENSG00000238498	INCONSISTENT	NULL	NEITHER
ENSG00000238503	COMPLEX	NULL	NEITHER
ENSG00000238517	REPRESSED	NULL	NEITHER
ENSG00000238523	NULL	INCONSISTENT	NEITHER
ENSG00000238585	NULL	INCONSISTENT	NEITHER
ENSG00000238594	NULL	INCONSISTENT	NEITHER
ENSG00000238609	NULL	REPRESSED	NEITHER
ENSG00000238669	REPRESSED	NULL	NEITHER
ENSG00000238685	INCONSISTENT	NULL	NEITHER
ENSG00000238698	REPRESSED	NULL	NEITHER
ENSG00000238711	INCONSISTENT	NULL	NEITHER
ENSG00000238724	REPRESSED	NULL	NEITHER
ENSG00000238754	INCONSISTENT	SIMPLE_AND	K562
ENSG00000238755	NULL	INCONSISTENT	NEITHER
ENSG00000238825	INCONSISTENT	SIMPLE_AND	K562
ENSG00000238840	NULL	INCONSISTENT	NEITHER
ENSG00000238854	NULL	REPRESSED	NEITHER
ENSG00000238862	INCONSISTENT	NULL	NEITHER
ENSG00000238898	NULL	REPRESSED	NEITHER
ENSG00000238917	INCONSISTENT	SIMPLE_AND	K562
ENSG00000238926	NULL	INCONSISTENT	NEITHER
ENSG00000238936	NULL	REPRESSED	NEITHER
ENSG00000238942	COMPLEX	INCONSISTENT	NEITHER
ENSG00000238962	NULL	REPRESSED	NEITHER
ENSG00000238966	COMPLEX	NULL	NEITHER
ENSG00000239005	REPRESSED	NULL	NEITHER
ENSG00000239007	NULL	REPRESSED	NEITHER
ENSG00000239014	REPRESSED	NULL	NEITHER
ENSG00000239053	INCONSISTENT	REPRESSED	NEITHER
ENSG00000239078	NULL	INCONSISTENT	NEITHER
ENSG00000239079	INCONSISTENT	NULL	NEITHER
ENSG00000239096	NULL	INCONSISTENT	NEITHER
ENSG00000239099	NULL	INCONSISTENT	NEITHER
ENSG00000239115	NULL	REPRESSED	NEITHER
ENSG00000239122	NULL	REPRESSED	NEITHER
ENSG00000239137	NULL	INCONSISTENT	NEITHER
ENSG00000239142	NULL	COMPLEX	NEITHER
ENSG00000239148	NULL	INCONSISTENT	NEITHER
ENSG00000239153	REPRESSED	NULL	NEITHER
ENSG00000239183	INCONSISTENT	SIMPLE_AND	K562
ENSG00000239194	REPRESSED	NULL	NEITHER
ENSG00000239195	INCONSISTENT	NULL	NEITHER
ENSG00000239203	NULL	INCONSISTENT	NEITHER
ENSG00000239213	SIMPLE_AND	INCONSISTENT	GM12878
ENSG00000239218	NULL	REPRESSED	NEITHER
ENSG00000239219	COMPLEX	INCONSISTENT	NEITHER
ENSG00000239249	REPRESSED	NULL	NEITHER
ENSG00000239255	BIVALENT	INCONSISTENT	NEITHER
ENSG00000239257	INCONSISTENT	NULL	NEITHER
ENSG00000239280	SIMPLE_AND	INCONSISTENT	GM12878
ENSG00000239282	SIMPLE_AND	INCONSISTENT	GM12878
ENSG00000239305	SIMPLE_AND	INCONSISTENT	GM12878
ENSG00000239320	REPRESSED	NULL	NEITHER
ENSG00000239322	NULL	INCONSISTENT	NEITHER
ENSG00000239327	INCONSISTENT	NULL	NEITHER
ENSG00000239332	REPRESSED	NULL	NEITHER
ENSG00000239335	COMPLEX	INCONSISTENT	NEITHER
ENSG00000239345	NULL	REPRESSED	NEITHER
ENSG00000239356	NULL	INCONSISTENT	NEITHER
ENSG00000239374	NULL	REPRESSED	NEITHER
ENSG00000239377	INCONSISTENT	NULL	NEITHER
ENSG00000239381	REPRESSED	NULL	NEITHER
ENSG00000239388	NULL	REPRESSED	NEITHER
ENSG00000239389	REPRESSED	NULL	NEITHER
ENSG00000239392	NULL	INCONSISTENT	NEITHER
ENSG00000239393	INCONSISTENT	NULL	NEITHER
ENSG00000239396	SIMPLE_AND	INCONSISTENT	GM12878
ENSG00000239408	NULL	REPRESSED	NEITHER
ENSG00000239415	SIMPLE_OR	INCONSISTENT	NEITHER
ENSG00000239419	SIMPLE_AND	INCONSISTENT	GM12878
ENSG00000239426	NULL	INCONSISTENT	NEITHER
ENSG00000239435	NULL	REPRESSED	NEITHER
ENSG00000239439	REPRESSED	NULL	NEITHER
ENSG00000239440	NULL	INCONSISTENT	NEITHER
ENSG00000239445	INCONSISTENT	REPRESSED	NEITHER
ENSG00000239465	INCONSISTENT	NULL	NEITHER
ENSG00000239470	INCONSISTENT	NULL	NEITHER
ENSG00000239482	INCONSISTENT	NULL	NEITHER
ENSG00000239483	INCONSISTENT	NULL	NEITHER
ENSG00000239503	REPRESSED	NULL	NEITHER
ENSG00000239513	REPRESSED	NULL	NEITHER
ENSG00000239516	NULL	REPRESSED	NEITHER
ENSG00000239517	NULL	REPRESSED	NEITHER
ENSG00000239521	SIMPLE_AND	INCONSISTENT	GM12878
ENSG00000239523	SIMPLE_AND	INCONSISTENT	GM12878
ENSG00000239547	NULL	REPRESSED	NEITHER
ENSG00000239552	NULL	INCONSISTENT	NEITHER
ENSG00000239557	NULL	INCONSISTENT	NEITHER
ENSG00000239560	NULL	REPRESSED	NEITHER
ENSG00000239568	INCONSISTENT	NULL	NEITHER
ENSG00000239569	SIMPLE_AND	INCONSISTENT	GM12878
ENSG00000239572	REPRESSED	INCONSISTENT	NEITHER
ENSG00000239580	REPRESSED	NULL	NEITHER
ENSG00000239589	NULL	INCONSISTENT	NEITHER
ENSG00000239593	NULL	INCONSISTENT	NEITHER
ENSG00000239600	REPRESSED	NULL	NEITHER
ENSG00000239605	INCONSISTENT	NULL	NEITHER
ENSG00000239617	NULL	INCONSISTENT	NEITHER
ENSG00000239622	NULL	REPRESSED	NEITHER
ENSG00000239628	NULL	INCONSISTENT	NEITHER
ENSG00000239636	INCONSISTENT	NULL	NEITHER
ENSG00000239670	INCONSISTENT	NULL	NEITHER
ENSG00000239672	COMPLEX	SIMPLE_AND	K562
ENSG00000239702	NULL	INCONSISTENT	NEITHER
ENSG00000239710	INCONSISTENT	NULL	NEITHER
ENSG00000239713	SIMPLE_AND	INCONSISTENT	GM12878
ENSG00000239715	NULL	REPRESSED	NEITHER
ENSG00000239732	INCONSISTENT	NULL	NEITHER
ENSG00000239742	NULL	INCONSISTENT	NEITHER
ENSG00000239744	NULL	INCONSISTENT	NEITHER
ENSG00000239779	SIMPLE_AND	INCONSISTENT	GM12878
ENSG00000239789	SIMPLE_AND	INCONSISTENT	GM12878
ENSG00000239793	NULL	INCONSISTENT	NEITHER
ENSG00000239823	NULL	INCONSISTENT	NEITHER
ENSG00000239827	SIMPLE_AND	NULL	GM12878
ENSG00000239877	NULL	INCONSISTENT	NEITHER
ENSG00000239881	REPRESSED	BIVALENT	NEITHER
ENSG00000239883	SIMPLE_AND	INCONSISTENT	GM12878
ENSG00000239886	REPRESSED	NULL	NEITHER
ENSG00000239887	NULL	INCONSISTENT	NEITHER
ENSG00000239888	NULL	REPRESSED	NEITHER
ENSG00000239899	NULL	REPRESSED	NEITHER
ENSG00000239906	NULL	INCONSISTENT	NEITHER
ENSG00000239910	NULL	INCONSISTENT	NEITHER
ENSG00000239912	REPRESSED	NULL	NEITHER
ENSG00000239920	REPRESSED	NULL	NEITHER
ENSG00000239930	INCONSISTENT	BIVALENT	NEITHER
ENSG00000239961	NULL	REPRESSED	NEITHER
ENSG00000239967	REPRESSED	NULL	NEITHER
ENSG00000239978	NULL	REPRESSED	NEITHER
ENSG00000240003	NULL	REPRESSED	NEITHER
ENSG00000240023	NULL	INCONSISTENT	NEITHER
ENSG00000240024	REPRESSED	INCONSISTENT	NEITHER
ENSG00000240032	NULL	INCONSISTENT	NEITHER
ENSG00000240036	NULL	REPRESSED	NEITHER
ENSG00000240040	INCONSISTENT	NULL	NEITHER
ENSG00000240041	INCONSISTENT	NULL	NEITHER
ENSG00000240053	NULL	INCONSISTENT	NEITHER
ENSG00000240057	SIMPLE_AND	INCONSISTENT	GM12878
ENSG00000240065	SIMPLE_AND	INCONSISTENT	GM12878
ENSG00000240086	NULL	INCONSISTENT	NEITHER
ENSG00000240093	NULL	BIVALENT	NEITHER
ENSG00000240116	INCONSISTENT	NULL	NEITHER
ENSG00000240125	REPRESSED	INCONSISTENT	NEITHER
ENSG00000240132	REPRESSED	NULL	NEITHER
ENSG00000240163	INCONSISTENT	NULL	NEITHER
ENSG00000240173	NULL	REPRESSED	NEITHER
ENSG00000240180	INCONSISTENT	NULL	NEITHER
ENSG00000240183	REPRESSED	NULL	NEITHER
ENSG00000240184	SIMPLE_AND	NULL	GM12878
ENSG00000240186	NULL	INCONSISTENT	NEITHER
ENSG00000240197	REPRESSED	NULL	NEITHER
ENSG00000240202	NULL	REPRESSED	NEITHER
ENSG00000240203	NULL	REPRESSED	NEITHER
ENSG00000240207	SIMPLE_OR	NULL	NEITHER
ENSG00000240210	INCONSISTENT	NULL	NEITHER
ENSG00000240230	SIMPLE_AND	INCONSISTENT	GM12878
ENSG00000240235	INCONSISTENT	NULL	NEITHER
ENSG00000240237	REPRESSED	NULL	NEITHER
ENSG00000240238	NULL	INCONSISTENT	NEITHER
ENSG00000240240	NULL	INCONSISTENT	NEITHER
ENSG00000240280	REPRESSED	INCONSISTENT	NEITHER
ENSG00000240281	INCONSISTENT	NULL	NEITHER
ENSG00000240294	NULL	INCONSISTENT	NEITHER
ENSG00000240296	REPRESSED	NULL	NEITHER
ENSG00000240299	NULL	REPRESSED	NEITHER
ENSG00000240302	NULL	INCONSISTENT	NEITHER
ENSG00000240303	SIMPLE_AND	INCONSISTENT	GM12878
ENSG00000240306	NULL	INCONSISTENT	NEITHER
ENSG00000240320	INCONSISTENT	NULL	NEITHER
ENSG00000240322	NULL	INCONSISTENT	NEITHER
ENSG00000240344	COMPLEX	SIMPLE_AND	K562
ENSG00000240350	NULL	INCONSISTENT	NEITHER
ENSG00000240356	SIMPLE_AND	INCONSISTENT	GM12878
ENSG00000240370	SIMPLE_AND	INCONSISTENT	GM12878
ENSG00000240385	NULL	INCONSISTENT	NEITHER
ENSG00000240405	NULL	INCONSISTENT	NEITHER
ENSG00000240416	REPRESSED	NULL	NEITHER
ENSG00000240429	SIMPLE_AND	INCONSISTENT	GM12878
ENSG00000240436	INCONSISTENT	NULL	NEITHER
ENSG00000240440	NULL	INCONSISTENT	NEITHER
ENSG00000240443	INCONSISTENT	NULL	NEITHER
ENSG00000240445	NULL	INCONSISTENT	NEITHER
ENSG00000240454	REPRESSED	NULL	NEITHER
ENSG00000240459	INCONSISTENT	NULL	NEITHER
ENSG00000240474	SIMPLE_AND	NULL	GM12878
ENSG00000240477	NULL	INCONSISTENT	NEITHER
ENSG00000240480	NULL	REPRESSED	NEITHER
ENSG00000240498	INCONSISTENT	NULL	NEITHER
ENSG00000240502	NULL	REPRESSED	NEITHER
ENSG00000240505	SIMPLE_AND	REPRESSED	GM12878
ENSG00000240509	NULL	REPRESSED	NEITHER
ENSG00000240518	NULL	REPRESSED	NEITHER
ENSG00000240527	COMPLEX	NULL	NEITHER
ENSG00000240531	SIMPLE_OR	NULL	NEITHER
ENSG00000240563	NULL	REPRESSED	NEITHER
ENSG00000240579	INCONSISTENT	NULL	NEITHER
ENSG00000240589	SIMPLE_OR	NULL	NEITHER
ENSG00000240590	NULL	REPRESSED	NEITHER
ENSG00000240616	SIMPLE_OR	INCONSISTENT	NEITHER
ENSG00000240631	INCONSISTENT	NULL	NEITHER
ENSG00000240652	NULL	REPRESSED	NEITHER
ENSG00000240663	NULL	REPRESSED	NEITHER
ENSG00000240667	NULL	REPRESSED	NEITHER
ENSG00000240669	NULL	REPRESSED	NEITHER
ENSG00000240674	NULL	REPRESSED	NEITHER
ENSG00000240687	NULL	INCONSISTENT	NEITHER
ENSG00000240707	NULL	REPRESSED	NEITHER
ENSG00000240710	NULL	REPRESSED	NEITHER
ENSG00000240720	INCONSISTENT	NULL	NEITHER
ENSG00000240731	NULL	INCONSISTENT	NEITHER
ENSG00000240739	INCONSISTENT	NULL	NEITHER
ENSG00000240747	NULL	INCONSISTENT	NEITHER
ENSG00000240751	NULL	REPRESSED	NEITHER
ENSG00000240758	SIMPLE_AND	INCONSISTENT	GM12878
ENSG00000240764	NULL	REPRESSED	NEITHER
ENSG00000240766	INCONSISTENT	NULL	NEITHER
ENSG00000240767	SIMPLE_AND	NULL	GM12878
ENSG00000240770	INCONSISTENT	NULL	NEITHER
ENSG00000240771	SIMPLE_OR	INCONSISTENT	NEITHER
ENSG00000240777	INCONSISTENT	NULL	NEITHER
ENSG00000240846	NULL	INCONSISTENT	NEITHER
ENSG00000240853	SIMPLE_AND	NULL	GM12878
ENSG00000240857	SIMPLE_AND	INCONSISTENT	GM12878
ENSG00000240859	COMPLEX	INCONSISTENT	NEITHER
ENSG00000240873	REPRESSED	NULL	NEITHER
ENSG00000240895	NULL	INCONSISTENT	NEITHER
ENSG00000240905	INCONSISTENT	NULL	NEITHER
ENSG00000240963	INCONSISTENT	NULL	NEITHER
ENSG00000240980	NULL	INCONSISTENT	NEITHER
ENSG00000240995	NULL	REPRESSED	NEITHER
ENSG00000241002	SIMPLE_OR	NULL	NEITHER
ENSG00000241011	NULL	REPRESSED	NEITHER
ENSG00000241015	SIMPLE_AND	INCONSISTENT	GM12878
ENSG00000241032	NULL	INCONSISTENT	NEITHER
ENSG00000241048	NULL	REPRESSED	NEITHER
ENSG00000241052	INCONSISTENT	NULL	NEITHER
ENSG00000241097	REPRESSED	NULL	NEITHER
ENSG00000241102	INCONSISTENT	REPRESSED	NEITHER
ENSG00000241112	SIMPLE_OR	INCONSISTENT	NEITHER
ENSG00000241114	INCONSISTENT	COMPLEX	NEITHER
ENSG00000241123	REPRESSED	INCONSISTENT	NEITHER
ENSG00000241127	SIMPLE_AND	INCONSISTENT	GM12878
ENSG00000241129	SIMPLE_AND	INCONSISTENT	GM12878
ENSG00000241135	SIMPLE_AND	INCONSISTENT	GM12878
ENSG00000241155	COMPLEX	INCONSISTENT	NEITHER
ENSG00000241159	BIVALENT	INCONSISTENT	NEITHER
ENSG00000241163	NULL	INCONSISTENT	NEITHER
ENSG00000241169	INCONSISTENT	NULL	NEITHER
ENSG00000241170	REPRESSED	NULL	NEITHER
ENSG00000241211	REPRESSED	NULL	NEITHER
ENSG00000241227	NULL	REPRESSED	NEITHER
ENSG00000241233	INCONSISTENT	REPRESSED	NEITHER
ENSG00000241243	REPRESSED	NULL	NEITHER
ENSG00000241248	REPRESSED	NULL	NEITHER
ENSG00000241269	REPRESSED	INCONSISTENT	NEITHER
ENSG00000241288	SIMPLE_AND	INCONSISTENT	GM12878
ENSG00000241333	NULL	INCONSISTENT	NEITHER
ENSG00000241347	SIMPLE_OR	NULL	NEITHER
ENSG00000241353	NULL	INCONSISTENT	NEITHER
ENSG00000241362	SIMPLE_OR	REPRESSED	NEITHER
ENSG00000241399	SIMPLE_OR	BIVALENT	NEITHER
ENSG00000241404	NULL	INCONSISTENT	NEITHER
ENSG00000241413	SIMPLE_OR	NULL	NEITHER
ENSG00000241429	NULL	INCONSISTENT	NEITHER
ENSG00000241472	REPRESSED	NULL	NEITHER
ENSG00000241484	NULL	INCONSISTENT	NEITHER
ENSG00000241489	SIMPLE_AND	INCONSISTENT	GM12878
ENSG00000241490	INCONSISTENT	NULL	NEITHER
ENSG00000241494	NULL	INCONSISTENT	NEITHER
ENSG00000241505	NULL	INCONSISTENT	NEITHER
ENSG00000241524	INCONSISTENT	REPRESSED	NEITHER
ENSG00000241525	SIMPLE_AND	NULL	GM12878
ENSG00000241535	REPRESSED	NULL	NEITHER
ENSG00000241539	NULL	INCONSISTENT	NEITHER
ENSG00000241547	SIMPLE_OR	INCONSISTENT	NEITHER
ENSG00000241568	NULL	INCONSISTENT	NEITHER
ENSG00000241570	REPRESSED	NULL	NEITHER
ENSG00000241572	NULL	REPRESSED	NEITHER
ENSG00000241573	INCONSISTENT	REPRESSED	NEITHER
ENSG00000241577	NULL	REPRESSED	NEITHER
ENSG00000241582	NULL	INCONSISTENT	NEITHER
ENSG00000241592	REPRESSED	NULL	NEITHER
ENSG00000241597	NULL	INCONSISTENT	NEITHER
ENSG00000241598	NULL	REPRESSED	NEITHER
ENSG00000241622	NULL	INCONSISTENT	NEITHER
ENSG00000241641	SIMPLE_OR	NULL	NEITHER
ENSG00000241666	SIMPLE_AND	INCONSISTENT	GM12878
ENSG00000241671	INCONSISTENT	NULL	NEITHER
ENSG00000241679	SIMPLE_AND	COMPLEX	GM12878
ENSG00000241684	REPRESSED	INCONSISTENT	NEITHER
ENSG00000241697	BIVALENT	INCONSISTENT	NEITHER
ENSG00000241720	NULL	COMPLEX	NEITHER
ENSG00000241743	NULL	INCONSISTENT	NEITHER
ENSG00000241749	BIVALENT	NULL	NEITHER
ENSG00000241769	SIMPLE_AND	INCONSISTENT	GM12878
ENSG00000241785	NULL	INCONSISTENT	NEITHER
ENSG00000241788	NULL	REPRESSED	NEITHER
ENSG00000241789	NULL	REPRESSED	NEITHER
ENSG00000241794	NULL	INCONSISTENT	NEITHER
ENSG00000241807	NULL	REPRESSED	NEITHER
ENSG00000241832	NULL	REPRESSED	NEITHER
ENSG00000241834	NULL	REPRESSED	NEITHER
ENSG00000241839	SIMPLE_AND	INCONSISTENT	GM12878
ENSG00000241852	SIMPLE_OR	INCONSISTENT	NEITHER
ENSG00000241879	INCONSISTENT	NULL	NEITHER
ENSG00000241890	INCONSISTENT	NULL	NEITHER
ENSG00000241905	REPRESSED	NULL	NEITHER
ENSG00000241917	COMPLEX	REPRESSED	NEITHER
ENSG00000241921	COMPLEX	REPRESSED	NEITHER
ENSG00000241929	NULL	REPRESSED	NEITHER
ENSG00000241942	SIMPLE_OR	NULL	NEITHER
ENSG00000241945	NULL	SIMPLE_OR	NEITHER
ENSG00000241961	NULL	REPRESSED	NEITHER
ENSG00000241985	COMPLEX	NULL	NEITHER
ENSG00000241990	INCONSISTENT	NULL	NEITHER
ENSG00000242009	REPRESSED	NULL	NEITHER
ENSG00000242012	NULL	INCONSISTENT	NEITHER
ENSG00000242020	SIMPLE_OR	NULL	NEITHER
ENSG00000242048	NULL	REPRESSED	NEITHER
ENSG00000242062	NULL	REPRESSED	NEITHER
ENSG00000242073	SIMPLE_AND	INCONSISTENT	GM12878
ENSG00000242078	REPRESSED	NULL	NEITHER
ENSG00000242086	SIMPLE_OR	SIMPLE_AND	K562
ENSG00000242100	REPRESSED	NULL	NEITHER
ENSG00000242101	NULL	INCONSISTENT	NEITHER
ENSG00000242104	REPRESSED	BIVALENT	NEITHER
ENSG00000242110	SIMPLE_AND	INCONSISTENT	GM12878
ENSG00000242135	INCONSISTENT	NULL	NEITHER
ENSG00000242136	INCONSISTENT	NULL	NEITHER
ENSG00000242147	NULL	REPRESSED	NEITHER
ENSG00000242154	INCONSISTENT	NULL	NEITHER
ENSG00000242158	NULL	REPRESSED	NEITHER
ENSG00000242162	NULL	INCONSISTENT	NEITHER
ENSG00000242170	NULL	INCONSISTENT	NEITHER
ENSG00000242173	NULL	INCONSISTENT	NEITHER
ENSG00000242193	REPRESSED	INCONSISTENT	NEITHER
ENSG00000242207	REPRESSED	INCONSISTENT	NEITHER
ENSG00000242220	NULL	INCONSISTENT	NEITHER
ENSG00000242242	REPRESSED	INCONSISTENT	NEITHER
ENSG00000242244	NULL	INCONSISTENT	NEITHER
ENSG00000242251	SIMPLE_AND	INCONSISTENT	GM12878
ENSG00000242255	REPRESSED	NULL	NEITHER
ENSG00000242258	SIMPLE_AND	INCONSISTENT	GM12878
ENSG00000242265	SIMPLE_AND	INCONSISTENT	GM12878
ENSG00000242281	REPRESSED	NULL	NEITHER
ENSG00000242282	NULL	INCONSISTENT	NEITHER
ENSG00000242288	SIMPLE_AND	INCONSISTENT	GM12878
ENSG00000242290	INCONSISTENT	NULL	NEITHER
ENSG00000242292	NULL	REPRESSED	NEITHER
ENSG00000242299	SIMPLE_AND	INCONSISTENT	GM12878
ENSG00000242321	INCONSISTENT	NULL	NEITHER
ENSG00000242330	SIMPLE_OR	NULL	NEITHER
ENSG00000242338	SIMPLE_AND	INCONSISTENT	GM12878
ENSG00000242341	NULL	REPRESSED	NEITHER
ENSG00000242370	NULL	REPRESSED	NEITHER
ENSG00000242387	INCONSISTENT	NULL	NEITHER
ENSG00000242417	REPRESSED	NULL	NEITHER
ENSG00000242419	NULL	REPRESSED	NEITHER
ENSG00000242431	INCONSISTENT	NULL	NEITHER
ENSG00000242440	NULL	INCONSISTENT	NEITHER
ENSG00000242444	SIMPLE_AND	NULL	GM12878
ENSG00000242472	INCONSISTENT	NULL	NEITHER
ENSG00000242474	COMPLEX	INCONSISTENT	NEITHER
ENSG00000242483	NULL	REPRESSED	NEITHER
ENSG00000242485	SIMPLE_AND	COMPLEX	GM12878
ENSG00000242493	SIMPLE_OR	NULL	NEITHER
ENSG00000242522	INCONSISTENT	NULL	NEITHER
ENSG00000242529	REPRESSED	NULL	NEITHER
ENSG00000242537	NULL	REPRESSED	NEITHER
ENSG00000242550	SIMPLE_AND	NULL	GM12878
ENSG00000242551	INCONSISTENT	NULL	NEITHER
ENSG00000242553	SIMPLE_AND	INCONSISTENT	GM12878
ENSG00000242574	SIMPLE_AND	REPRESSED	GM12878
ENSG00000242593	REPRESSED	NULL	NEITHER
ENSG00000242609	NULL	INCONSISTENT	NEITHER
ENSG00000242612	SIMPLE_AND	INCONSISTENT	GM12878
ENSG00000242616	SIMPLE_OR	INCONSISTENT	NEITHER
ENSG00000242622	SIMPLE_AND	INCONSISTENT	GM12878
ENSG00000242638	INCONSISTENT	NULL	NEITHER
ENSG00000242651	NULL	INCONSISTENT	NEITHER
ENSG00000242653	INCONSISTENT	NULL	NEITHER
ENSG00000242688	NULL	REPRESSED	NEITHER
ENSG00000242689	SIMPLE_OR	NULL	NEITHER
ENSG00000242692	REPRESSED	NULL	NEITHER
ENSG00000242706	NULL	REPRESSED	NEITHER
ENSG00000242709	NULL	REPRESSED	NEITHER
ENSG00000242715	BIVALENT	INCONSISTENT	NEITHER
ENSG00000242727	NULL	REPRESSED	NEITHER
ENSG00000242732	REPRESSED	NULL	NEITHER
ENSG00000242735	COMPLEX	NULL	NEITHER
ENSG00000242748	NULL	REPRESSED	NEITHER
ENSG00000242753	COMPLEX	NULL	NEITHER
ENSG00000242756	NULL	INCONSISTENT	NEITHER
ENSG00000242757	NULL	INCONSISTENT	NEITHER
ENSG00000242764	REPRESSED	NULL	NEITHER
ENSG00000242767	INCONSISTENT	NULL	NEITHER
ENSG00000242769	NULL	REPRESSED	NEITHER
ENSG00000242779	NULL	INCONSISTENT	NEITHER
ENSG00000242797	NULL	INCONSISTENT	NEITHER
ENSG00000242802	SIMPLE_AND	INCONSISTENT	GM12878
ENSG00000242808	SIMPLE_AND	INCONSISTENT	GM12878
ENSG00000242810	NULL	INCONSISTENT	NEITHER
ENSG00000242814	NULL	INCONSISTENT	NEITHER
ENSG00000242829	SIMPLE_AND	NULL	GM12878
ENSG00000242852	REPRESSED	NULL	NEITHER
ENSG00000242853	SIMPLE_AND	NULL	GM12878
ENSG00000242861	SIMPLE_OR	NULL	NEITHER
ENSG00000242887	INCONSISTENT	NULL	NEITHER
ENSG00000242899	REPRESSED	NULL	NEITHER
ENSG00000242911	NULL	INCONSISTENT	NEITHER
ENSG00000242979	NULL	REPRESSED	NEITHER
ENSG00000242985	NULL	REPRESSED	NEITHER
ENSG00000243007	NULL	REPRESSED	NEITHER
ENSG00000243016	INCONSISTENT	NULL	NEITHER
ENSG00000243018	REPRESSED	INCONSISTENT	NEITHER
ENSG00000243044	REPRESSED	NULL	NEITHER
ENSG00000243053	NULL	INCONSISTENT	NEITHER
ENSG00000243062	NULL	REPRESSED	NEITHER
ENSG00000243064	NULL	INCONSISTENT	NEITHER
ENSG00000243066	SIMPLE_AND	NULL	GM12878
ENSG00000243069	BIVALENT	INCONSISTENT	NEITHER
ENSG00000243075	REPRESSED	NULL	NEITHER
ENSG00000243081	SIMPLE_OR	NULL	NEITHER
ENSG00000243083	NULL	INCONSISTENT	NEITHER
ENSG00000243107	REPRESSED	NULL	NEITHER
ENSG00000243129	REPRESSED	NULL	NEITHER
ENSG00000243147	SIMPLE_AND	INCONSISTENT	GM12878
ENSG00000243176	SIMPLE_AND	INCONSISTENT	GM12878
ENSG00000243207	SIMPLE_AND	INCONSISTENT	GM12878
ENSG00000243224	SIMPLE_AND	INCONSISTENT	GM12878
ENSG00000243227	REPRESSED	NULL	NEITHER
ENSG00000243230	NULL	REPRESSED	NEITHER
ENSG00000243250	INCONSISTENT	NULL	NEITHER
ENSG00000243260	REPRESSED	NULL	NEITHER
ENSG00000243273	NULL	REPRESSED	NEITHER
ENSG00000243276	COMPLEX	INCONSISTENT	NEITHER
ENSG00000243279	INCONSISTENT	NULL	NEITHER
ENSG00000243280	NULL	INCONSISTENT	NEITHER
ENSG00000243284	REPRESSED	NULL	NEITHER
ENSG00000243297	REPRESSED	NULL	NEITHER
ENSG00000243303	INCONSISTENT	NULL	NEITHER
ENSG00000243305	COMPLEX	NULL	NEITHER
ENSG00000243313	COMPLEX	NULL	NEITHER
ENSG00000243319	INCONSISTENT	NULL	NEITHER
ENSG00000243323	SIMPLE_OR	INCONSISTENT	NEITHER
ENSG00000243328	NULL	REPRESSED	NEITHER
ENSG00000243335	COMPLEX	SIMPLE_AND	K562
ENSG00000243347	NULL	INCONSISTENT	NEITHER
ENSG00000243352	NULL	BIVALENT	NEITHER
ENSG00000243364	SIMPLE_AND	INCONSISTENT	GM12878
ENSG00000243370	SIMPLE_OR	NULL	NEITHER
ENSG00000243373	SIMPLE_OR	NULL	NEITHER
ENSG00000243374	REPRESSED	NULL	NEITHER
ENSG00000243383	REPRESSED	NULL	NEITHER
ENSG00000243385	REPRESSED	NULL	NEITHER
ENSG00000243406	SIMPLE_AND	INCONSISTENT	GM12878
ENSG00000243417	INCONSISTENT	REPRESSED	NEITHER
ENSG00000243422	NULL	INCONSISTENT	NEITHER
ENSG00000243423	INCONSISTENT	NULL	NEITHER
ENSG00000243426	NULL	REPRESSED	NEITHER
ENSG00000243439	NULL	REPRESSED	NEITHER
ENSG00000243445	NULL	INCONSISTENT	NEITHER
ENSG00000243446	NULL	INCONSISTENT	NEITHER
ENSG00000243449	BIVALENT	SIMPLE_OR	NEITHER
ENSG00000243468	INCONSISTENT	NULL	NEITHER
ENSG00000243469	NULL	REPRESSED	NEITHER
ENSG00000243477	SIMPLE_AND	INCONSISTENT	GM12878
ENSG00000243488	SIMPLE_AND	NULL	GM12878
ENSG00000243508	REPRESSED	NULL	NEITHER
ENSG00000243517	NULL	REPRESSED	NEITHER
ENSG00000243521	REPRESSED	NULL	NEITHER
ENSG00000243537	REPRESSED	NULL	NEITHER
ENSG00000243539	NULL	INCONSISTENT	NEITHER
ENSG00000243541	NULL	REPRESSED	NEITHER
ENSG00000243544	SIMPLE_AND	NULL	GM12878
ENSG00000243549	INCONSISTENT	NULL	NEITHER
ENSG00000243562	SIMPLE_AND	INCONSISTENT	GM12878
ENSG00000243620	REPRESSED	NULL	NEITHER
ENSG00000243642	REPRESSED	NULL	NEITHER
ENSG00000243650	SIMPLE_OR	NULL	NEITHER
ENSG00000243667	SIMPLE_AND	INCONSISTENT	GM12878
ENSG00000243669	NULL	REPRESSED	NEITHER
ENSG00000243672	NULL	REPRESSED	NEITHER
ENSG00000243697	NULL	REPRESSED	NEITHER
ENSG00000243704	SIMPLE_OR	NULL	NEITHER
ENSG00000243710	SIMPLE_AND	INCONSISTENT	GM12878
ENSG00000243721	REPRESSED	NULL	NEITHER
ENSG00000243738	SIMPLE_AND	INCONSISTENT	GM12878
ENSG00000243742	NULL	REPRESSED	NEITHER
ENSG00000243749	SIMPLE_AND	INCONSISTENT	GM12878
ENSG00000243753	SIMPLE_AND	REPRESSED	GM12878
ENSG00000243762	SIMPLE_OR	NULL	NEITHER
ENSG00000243766	REPRESSED	INCONSISTENT	NEITHER
ENSG00000243777	INCONSISTENT	NULL	NEITHER
ENSG00000243789	SIMPLE_AND	INCONSISTENT	GM12878
ENSG00000243797	INCONSISTENT	NULL	NEITHER
ENSG00000243811	SIMPLE_AND	INCONSISTENT	GM12878
ENSG00000243829	NULL	INCONSISTENT	NEITHER
ENSG00000243836	REPRESSED	NULL	NEITHER
ENSG00000243845	SIMPLE_AND	INCONSISTENT	GM12878
ENSG00000243859	REPRESSED	NULL	NEITHER
ENSG00000243888	REPRESSED	NULL	NEITHER
ENSG00000243902	REPRESSED	INCONSISTENT	NEITHER
ENSG00000243903	INCONSISTENT	NULL	NEITHER
ENSG00000243904	NULL	INCONSISTENT	NEITHER
ENSG00000243918	INCONSISTENT	NULL	NEITHER
ENSG00000243925	REPRESSED	NULL	NEITHER
ENSG00000243929	REPRESSED	NULL	NEITHER
ENSG00000243954	NULL	REPRESSED	NEITHER
ENSG00000243970	INCONSISTENT	NULL	NEITHER
ENSG00000243976	NULL	INCONSISTENT	NEITHER
ENSG00000243977	INCONSISTENT	NULL	NEITHER
ENSG00000243988	NULL	REPRESSED	NEITHER
ENSG00000243991	INCONSISTENT	NULL	NEITHER
ENSG00000244002	NULL	INCONSISTENT	NEITHER
ENSG00000244020	NULL	REPRESSED	NEITHER
ENSG00000244026	SIMPLE_AND	INCONSISTENT	GM12878
ENSG00000244040	BIVALENT	INCONSISTENT	NEITHER
ENSG00000244045	SIMPLE_AND	INCONSISTENT	GM12878
ENSG00000244053	REPRESSED	NULL	NEITHER
ENSG00000244061	SIMPLE_OR	REPRESSED	NEITHER
ENSG00000244066	NULL	REPRESSED	NEITHER
ENSG00000244076	NULL	REPRESSED	NEITHER
ENSG00000244119	SIMPLE_AND	INCONSISTENT	GM12878
ENSG00000244137	NULL	REPRESSED	NEITHER
ENSG00000244158	INCONSISTENT	NULL	NEITHER
ENSG00000244165	SIMPLE_AND	NULL	GM12878
ENSG00000244171	NULL	INCONSISTENT	NEITHER
ENSG00000244176	NULL	INCONSISTENT	NEITHER
ENSG00000244199	NULL	INCONSISTENT	NEITHER
ENSG00000244217	NULL	REPRESSED	NEITHER
ENSG00000244229	NULL	INCONSISTENT	NEITHER
ENSG00000244232	SIMPLE_OR	NULL	NEITHER
ENSG00000244235	NULL	REPRESSED	NEITHER
ENSG00000244239	BIVALENT	INCONSISTENT	NEITHER
ENSG00000244259	REPRESSED	NULL	NEITHER
ENSG00000244266	NULL	INCONSISTENT	NEITHER
ENSG00000244267	INCONSISTENT	REPRESSED	NEITHER
ENSG00000244273	INCONSISTENT	NULL	NEITHER
ENSG00000244274	BIVALENT	SIMPLE_AND	K562
ENSG00000244300	REPRESSED	SIMPLE_AND	K562
ENSG00000244301	NULL	REPRESSED	NEITHER
ENSG00000244310	NULL	INCONSISTENT	NEITHER
ENSG00000244313	NULL	SIMPLE_OR	NEITHER
ENSG00000244326	INCONSISTENT	NULL	NEITHER
ENSG00000244331	REPRESSED	NULL	NEITHER
ENSG00000244345	INCONSISTENT	NULL	NEITHER
ENSG00000244361	NULL	REPRESSED	NEITHER
ENSG00000244372	NULL	REPRESSED	NEITHER
ENSG00000244376	NULL	INCONSISTENT	NEITHER
ENSG00000244384	NULL	REPRESSED	NEITHER
ENSG00000244411	NULL	REPRESSED	NEITHER
ENSG00000244436	COMPLEX	INCONSISTENT	NEITHER
ENSG00000244456	REPRESSED	NULL	NEITHER
ENSG00000244470	REPRESSED	NULL	NEITHER
ENSG00000244476	NULL	INCONSISTENT	NEITHER
ENSG00000244512	COMPLEX	NULL	NEITHER
ENSG00000244514	NULL	REPRESSED	NEITHER
ENSG00000244534	SIMPLE_OR	REPRESSED	NEITHER
ENSG00000244537	NULL	REPRESSED	NEITHER
ENSG00000244544	NULL	REPRESSED	NEITHER
ENSG00000244551	NULL	REPRESSED	NEITHER
ENSG00000244558	REPRESSED	INCONSISTENT	NEITHER
ENSG00000244560	SIMPLE_OR	INCONSISTENT	NEITHER
ENSG00000244561	REPRESSED	NULL	NEITHER
ENSG00000244564	BIVALENT	NULL	NEITHER
ENSG00000244578	REPRESSED	INCONSISTENT	NEITHER
ENSG00000244585	NULL	REPRESSED	NEITHER
ENSG00000244586	BIVALENT	NULL	NEITHER
ENSG00000244607	INCONSISTENT	NULL	NEITHER
ENSG00000244610	COMPLEX	NULL	NEITHER
ENSG00000244619	NULL	INCONSISTENT	NEITHER
ENSG00000244623	NULL	REPRESSED	NEITHER
ENSG00000244625	SIMPLE_AND	INCONSISTENT	GM12878
ENSG00000244630	REPRESSED	NULL	NEITHER
ENSG00000244652	REPRESSED	NULL	NEITHER
ENSG00000244671	NULL	REPRESSED	NEITHER
ENSG00000244676	INCONSISTENT	NULL	NEITHER
ENSG00000244705	NULL	REPRESSED	NEITHER
ENSG00000244716	REPRESSED	NULL	NEITHER
ENSG00000244717	COMPLEX	NULL	NEITHER
ENSG00000244731	NULL	INCONSISTENT	NEITHER
ENSG00000244738	REPRESSED	NULL	NEITHER
ENSG00000244757	NULL	INCONSISTENT	NEITHER
ENSG00000244879	SIMPLE_AND	INCONSISTENT	GM12878
ENSG00000244926	NULL	INCONSISTENT	NEITHER
ENSG00000244953	NULL	INCONSISTENT	NEITHER
ENSG00000244968	REPRESSED	BIVALENT	NEITHER
ENSG00000245008	BIVALENT	NULL	NEITHER
ENSG00000245025	SIMPLE_AND	NULL	GM12878
ENSG00000245060	SIMPLE_AND	COMPLEX	GM12878
ENSG00000245067	REPRESSED	INCONSISTENT	NEITHER
ENSG00000245080	SIMPLE_AND	NULL	GM12878
ENSG00000245149	COMPLEX	INCONSISTENT	NEITHER
ENSG00000245156	INCONSISTENT	NULL	NEITHER
ENSG00000245164	NULL	INCONSISTENT	NEITHER
ENSG00000245205	INCONSISTENT	NULL	NEITHER
ENSG00000245213	SIMPLE_AND	INCONSISTENT	GM12878
ENSG00000245261	SIMPLE_AND	NULL	GM12878
ENSG00000245275	SIMPLE_AND	INCONSISTENT	GM12878
ENSG00000245317	SIMPLE_AND	INCONSISTENT	GM12878
ENSG00000245466	SIMPLE_AND	BIVALENT	GM12878
ENSG00000245468	BIVALENT	INCONSISTENT	NEITHER
ENSG00000245482	REPRESSED	NULL	NEITHER
ENSG00000245498	SIMPLE_AND	INCONSISTENT	GM12878
ENSG00000245526	REPRESSED	BIVALENT	NEITHER
ENSG00000245534	SIMPLE_AND	INCONSISTENT	GM12878
ENSG00000245552	SIMPLE_AND	INCONSISTENT	GM12878
ENSG00000245556	SIMPLE_AND	INCONSISTENT	GM12878
ENSG00000245571	SIMPLE_AND	INCONSISTENT	GM12878
ENSG00000245573	SIMPLE_AND	INCONSISTENT	GM12878
ENSG00000245614	SIMPLE_AND	INCONSISTENT	GM12878
ENSG00000245648	SIMPLE_AND	INCONSISTENT	GM12878
ENSG00000245651	INCONSISTENT	NULL	NEITHER
ENSG00000245667	NULL	INCONSISTENT	NEITHER
ENSG00000245680	COMPLEX	INCONSISTENT	NEITHER
ENSG00000245685	SIMPLE_AND	INCONSISTENT	GM12878
ENSG00000245848	BIVALENT	INCONSISTENT	NEITHER
ENSG00000245849	SIMPLE_AND	INCONSISTENT	GM12878
ENSG00000245857	INCONSISTENT	BIVALENT	NEITHER
ENSG00000245864	BIVALENT	INCONSISTENT	NEITHER
ENSG00000245869	REPRESSED	INCONSISTENT	NEITHER
ENSG00000245870	REPRESSED	NULL	NEITHER
ENSG00000245888	SIMPLE_AND	INCONSISTENT	GM12878
ENSG00000245904	SIMPLE_AND	INCONSISTENT	GM12878
ENSG00000245937	SIMPLE_AND	INCONSISTENT	GM12878
ENSG00000246016	NULL	REPRESSED	NEITHER
ENSG00000246067	SIMPLE_AND	INCONSISTENT	GM12878
ENSG00000246089	COMPLEX	INCONSISTENT	NEITHER
ENSG00000246090	COMPLEX	INCONSISTENT	NEITHER
ENSG00000246095	BIVALENT	INCONSISTENT	NEITHER
ENSG00000246100	BIVALENT	NULL	NEITHER
ENSG00000246145	SIMPLE_AND	INCONSISTENT	GM12878
ENSG00000246174	SIMPLE_AND	INCONSISTENT	GM12878
ENSG00000246211	NULL	INCONSISTENT	NEITHER
ENSG00000246214	INCONSISTENT	REPRESSED	NEITHER
ENSG00000246225	SIMPLE_AND	INCONSISTENT	GM12878
ENSG00000246263	SIMPLE_AND	INCONSISTENT	GM12878
ENSG00000246273	SIMPLE_AND	INCONSISTENT	GM12878
ENSG00000246334	SIMPLE_AND	INCONSISTENT	GM12878
ENSG00000246350	INCONSISTENT	NULL	NEITHER
ENSG00000246363	NULL	REPRESSED	NEITHER
ENSG00000246366	SIMPLE_AND	INCONSISTENT	GM12878
ENSG00000246379	REPRESSED	INCONSISTENT	NEITHER
ENSG00000246430	INCONSISTENT	NULL	NEITHER
ENSG00000246465	BIVALENT	INCONSISTENT	NEITHER
ENSG00000246523	BIVALENT	INCONSISTENT	NEITHER
ENSG00000246526	NULL	INCONSISTENT	NEITHER
ENSG00000246528	SIMPLE_AND	REPRESSED	GM12878
ENSG00000246582	SIMPLE_OR	SIMPLE_AND	K562
ENSG00000246596	NULL	INCONSISTENT	NEITHER
ENSG00000246627	BIVALENT	REPRESSED	NEITHER
ENSG00000246640	INCONSISTENT	BIVALENT	NEITHER
ENSG00000246662	INCONSISTENT	BIVALENT	NEITHER
ENSG00000246705	SIMPLE_AND	NULL	GM12878
ENSG00000246731	SIMPLE_AND	INCONSISTENT	GM12878
ENSG00000246763	INCONSISTENT	BIVALENT	NEITHER
ENSG00000246774	REPRESSED	NULL	NEITHER
ENSG00000246790	SIMPLE_AND	REPRESSED	GM12878
ENSG00000246820	INCONSISTENT	REPRESSED	NEITHER
ENSG00000246863	BIVALENT	INCONSISTENT	NEITHER
ENSG00000246982	SIMPLE_AND	INCONSISTENT	GM12878
ENSG00000246985	BIVALENT	INCONSISTENT	NEITHER
ENSG00000247011	NULL	INCONSISTENT	NEITHER
ENSG00000247081	INCONSISTENT	NULL	NEITHER
ENSG00000247095	SIMPLE_AND	INCONSISTENT	GM12878
ENSG00000247121	SIMPLE_AND	INCONSISTENT	GM12878
ENSG00000247134	SIMPLE_AND	NULL	GM12878
ENSG00000247137	SIMPLE_AND	INCONSISTENT	GM12878
ENSG00000247151	SIMPLE_AND	COMPLEX	GM12878
ENSG00000247157	SIMPLE_AND	NULL	GM12878
ENSG00000247240	SIMPLE_AND	INCONSISTENT	GM12878
ENSG00000247271	SIMPLE_AND	INCONSISTENT	GM12878
ENSG00000247287	SIMPLE_AND	INCONSISTENT	GM12878
ENSG00000247317	SIMPLE_AND	INCONSISTENT	GM12878
ENSG00000247345	BIVALENT	REPRESSED	NEITHER
ENSG00000247363	SIMPLE_AND	INCONSISTENT	GM12878
ENSG00000247373	SIMPLE_AND	INCONSISTENT	GM12878
ENSG00000247381	REPRESSED	NULL	NEITHER
ENSG00000247400	SIMPLE_AND	INCONSISTENT	GM12878
ENSG00000247498	NULL	INCONSISTENT	NEITHER
ENSG00000247572	SIMPLE_AND	INCONSISTENT	GM12878
ENSG00000247596	SIMPLE_AND	SIMPLE_OR	GM12878
ENSG00000247708	SIMPLE_AND	INCONSISTENT	GM12878
ENSG00000247728	SIMPLE_AND	INCONSISTENT	GM12878
ENSG00000247735	SIMPLE_AND	INCONSISTENT	GM12878
ENSG00000247746	SIMPLE_AND	INCONSISTENT	GM12878
ENSG00000247774	SIMPLE_AND	INCONSISTENT	GM12878
ENSG00000247775	REPRESSED	INCONSISTENT	NEITHER
ENSG00000247796	SIMPLE_AND	INCONSISTENT	GM12878
ENSG00000247809	BIVALENT	INCONSISTENT	NEITHER
ENSG00000247810	NULL	INCONSISTENT	NEITHER
ENSG00000247877	SIMPLE_AND	INCONSISTENT	GM12878
ENSG00000247903	INCONSISTENT	NULL	NEITHER
ENSG00000247934	SIMPLE_AND	INCONSISTENT	GM12878
ENSG00000247950	SIMPLE_AND	INCONSISTENT	GM12878
ENSG00000247970	SIMPLE_OR	INCONSISTENT	NEITHER
ENSG00000247982	SIMPLE_AND	NULL	GM12878
ENSG00000247993	REPRESSED	BIVALENT	NEITHER
ENSG00000248008	SIMPLE_AND	INCONSISTENT	GM12878
ENSG00000248049	SIMPLE_AND	INCONSISTENT	GM12878
ENSG00000248103	NULL	SIMPLE_AND	K562
ENSG00000248113	NULL	REPRESSED	NEITHER
ENSG00000248121	INCONSISTENT	NULL	NEITHER
ENSG00000248124	SIMPLE_AND	NULL	GM12878
ENSG00000248126	NULL	INCONSISTENT	NEITHER
ENSG00000248127	BIVALENT	REPRESSED	NEITHER
ENSG00000248128	NULL	INCONSISTENT	NEITHER
ENSG00000248131	NULL	SIMPLE_AND	K562
ENSG00000248133	NULL	REPRESSED	NEITHER
ENSG00000248137	REPRESSED	NULL	NEITHER
ENSG00000248174	REPRESSED	NULL	NEITHER
ENSG00000248176	REPRESSED	NULL	NEITHER
ENSG00000248188	REPRESSED	NULL	NEITHER
ENSG00000248191	NULL	INCONSISTENT	NEITHER
ENSG00000248206	NULL	REPRESSED	NEITHER
ENSG00000248215	NULL	INCONSISTENT	NEITHER
ENSG00000248234	NULL	REPRESSED	NEITHER
ENSG00000248235	NULL	BIVALENT	NEITHER
ENSG00000248238	NULL	INCONSISTENT	NEITHER
ENSG00000248242	INCONSISTENT	NULL	NEITHER
ENSG00000248243	INCONSISTENT	NULL	NEITHER
ENSG00000248265	NULL	REPRESSED	NEITHER
ENSG00000248266	BIVALENT	NULL	NEITHER
ENSG00000248268	COMPLEX	INCONSISTENT	NEITHER
ENSG00000248275	SIMPLE_AND	INCONSISTENT	GM12878
ENSG00000248278	SIMPLE_AND	INCONSISTENT	GM12878
ENSG00000248295	INCONSISTENT	NULL	NEITHER
ENSG00000248302	NULL	INCONSISTENT	NEITHER
ENSG00000248309	SIMPLE_AND	INCONSISTENT	GM12878
ENSG00000248323	NULL	INCONSISTENT	NEITHER
ENSG00000248329	INCONSISTENT	NULL	NEITHER
ENSG00000248333	SIMPLE_AND	INCONSISTENT	GM12878
ENSG00000248334	SIMPLE_OR	INCONSISTENT	NEITHER
ENSG00000248359	INCONSISTENT	NULL	NEITHER
ENSG00000248366	INCONSISTENT	NULL	NEITHER
ENSG00000248371	NULL	REPRESSED	NEITHER
ENSG00000248373	REPRESSED	NULL	NEITHER
ENSG00000248375	INCONSISTENT	NULL	NEITHER
ENSG00000248405	BIVALENT	INCONSISTENT	NEITHER
ENSG00000248406	REPRESSED	NULL	NEITHER
ENSG00000248429	REPRESSED	NULL	NEITHER
ENSG00000248449	NULL	REPRESSED	NEITHER
ENSG00000248452	REPRESSED	NULL	NEITHER
ENSG00000248458	NULL	REPRESSED	NEITHER
ENSG00000248461	NULL	REPRESSED	NEITHER
ENSG00000248464	REPRESSED	NULL	NEITHER
ENSG00000248472	NULL	REPRESSED	NEITHER
ENSG00000248474	REPRESSED	NULL	NEITHER
ENSG00000248482	NULL	INCONSISTENT	NEITHER
ENSG00000248484	NULL	REPRESSED	NEITHER
ENSG00000248485	COMPLEX	REPRESSED	NEITHER
ENSG00000248487	SIMPLE_OR	INCONSISTENT	NEITHER
ENSG00000248492	INCONSISTENT	NULL	NEITHER
ENSG00000248494	NULL	INCONSISTENT	NEITHER
ENSG00000248498	NULL	INCONSISTENT	NEITHER
ENSG00000248503	SIMPLE_AND	INCONSISTENT	GM12878
ENSG00000248508	SIMPLE_AND	INCONSISTENT	GM12878
ENSG00000248511	REPRESSED	NULL	NEITHER
ENSG00000248515	NULL	INCONSISTENT	NEITHER
ENSG00000248516	NULL	INCONSISTENT	NEITHER
ENSG00000248518	NULL	REPRESSED	NEITHER
ENSG00000248530	NULL	INCONSISTENT	NEITHER
ENSG00000248533	REPRESSED	NULL	NEITHER
ENSG00000248537	INCONSISTENT	NULL	NEITHER
ENSG00000248540	REPRESSED	NULL	NEITHER
ENSG00000248550	REPRESSED	NULL	NEITHER
ENSG00000248554	INCONSISTENT	NULL	NEITHER
ENSG00000248564	COMPLEX	NULL	NEITHER
ENSG00000248572	NULL	REPRESSED	NEITHER
ENSG00000248576	NULL	INCONSISTENT	NEITHER
ENSG00000248583	NULL	INCONSISTENT	NEITHER
ENSG00000248586	REPRESSED	NULL	NEITHER
ENSG00000248587	NULL	REPRESSED	NEITHER
ENSG00000248590	NULL	REPRESSED	NEITHER
ENSG00000248591	NULL	REPRESSED	NEITHER
ENSG00000248592	SIMPLE_AND	INCONSISTENT	GM12878
ENSG00000248596	NULL	INCONSISTENT	NEITHER
ENSG00000248597	NULL	REPRESSED	NEITHER
ENSG00000248600	INCONSISTENT	NULL	NEITHER
ENSG00000248605	REPRESSED	NULL	NEITHER
ENSG00000248607	NULL	INCONSISTENT	NEITHER
ENSG00000248621	NULL	REPRESSED	NEITHER
ENSG00000248624	NULL	REPRESSED	NEITHER
ENSG00000248642	REPRESSED	NULL	NEITHER
ENSG00000248645	INCONSISTENT	NULL	NEITHER
ENSG00000248652	NULL	REPRESSED	NEITHER
ENSG00000248654	NULL	REPRESSED	NEITHER
ENSG00000248671	SIMPLE_AND	INCONSISTENT	GM12878
ENSG00000248672	SIMPLE_AND	REPRESSED	GM12878
ENSG00000248685	NULL	INCONSISTENT	NEITHER
ENSG00000248690	REPRESSED	NULL	NEITHER
ENSG00000248693	COMPLEX	INCONSISTENT	NEITHER
ENSG00000248696	REPRESSED	NULL	NEITHER
ENSG00000248698	REPRESSED	NULL	NEITHER
ENSG00000248705	REPRESSED	NULL	NEITHER
ENSG00000248709	REPRESSED	NULL	NEITHER
ENSG00000248711	NULL	REPRESSED	NEITHER
ENSG00000248719	REPRESSED	NULL	NEITHER
ENSG00000248727	INCONSISTENT	REPRESSED	NEITHER
ENSG00000248730	NULL	INCONSISTENT	NEITHER
ENSG00000248738	BIVALENT	REPRESSED	NEITHER
ENSG00000248740	NULL	INCONSISTENT	NEITHER
ENSG00000248749	NULL	REPRESSED	NEITHER
ENSG00000248762	NULL	INCONSISTENT	NEITHER
ENSG00000248765	REPRESSED	NULL	NEITHER
ENSG00000248767	NULL	REPRESSED	NEITHER
ENSG00000248774	SIMPLE_OR	NULL	NEITHER
ENSG00000248777	NULL	INCONSISTENT	NEITHER
ENSG00000248783	REPRESSED	INCONSISTENT	NEITHER
ENSG00000248796	NULL	INCONSISTENT	NEITHER
ENSG00000248801	REPRESSED	NULL	NEITHER
ENSG00000248802	NULL	INCONSISTENT	NEITHER
ENSG00000248817	NULL	INCONSISTENT	NEITHER
ENSG00000248844	NULL	REPRESSED	NEITHER
ENSG00000248848	NULL	INCONSISTENT	NEITHER
ENSG00000248858	NULL	INCONSISTENT	NEITHER
ENSG00000248863	REPRESSED	NULL	NEITHER
ENSG00000248866	SIMPLE_AND	INCONSISTENT	GM12878
ENSG00000248873	NULL	REPRESSED	NEITHER
ENSG00000248883	NULL	REPRESSED	NEITHER
ENSG00000248884	COMPLEX	INCONSISTENT	NEITHER
ENSG00000248893	NULL	INCONSISTENT	NEITHER
ENSG00000248895	NULL	REPRESSED	NEITHER
ENSG00000248896	REPRESSED	NULL	NEITHER
ENSG00000248905	BIVALENT	INCONSISTENT	NEITHER
ENSG00000248909	SIMPLE_AND	NULL	GM12878
ENSG00000248918	REPRESSED	NULL	NEITHER
ENSG00000248919	SIMPLE_AND	INCONSISTENT	GM12878
ENSG00000248924	INCONSISTENT	NULL	NEITHER
ENSG00000248932	COMPLEX	INCONSISTENT	NEITHER
ENSG00000248942	NULL	REPRESSED	NEITHER
ENSG00000248949	REPRESSED	NULL	NEITHER
ENSG00000248951	NULL	REPRESSED	NEITHER
ENSG00000248965	NULL	REPRESSED	NEITHER
ENSG00000248971	REPRESSED	NULL	NEITHER
ENSG00000248975	NULL	BIVALENT	NEITHER
ENSG00000248979	REPRESSED	NULL	NEITHER
ENSG00000248993	INCONSISTENT	NULL	NEITHER
ENSG00000248994	REPRESSED	COMPLEX	NEITHER
ENSG00000248995	REPRESSED	NULL	NEITHER
ENSG00000249007	INCONSISTENT	NULL	NEITHER
ENSG00000249012	REPRESSED	NULL	NEITHER
ENSG00000249019	INCONSISTENT	NULL	NEITHER
ENSG00000249028	REPRESSED	NULL	NEITHER
ENSG00000249035	INCONSISTENT	REPRESSED	NEITHER
ENSG00000249036	INCONSISTENT	NULL	NEITHER
ENSG00000249047	INCONSISTENT	NULL	NEITHER
ENSG00000249054	NULL	INCONSISTENT	NEITHER
ENSG00000249055	SIMPLE_OR	NULL	NEITHER
ENSG00000249069	SIMPLE_OR	INCONSISTENT	NEITHER
ENSG00000249082	REPRESSED	NULL	NEITHER
ENSG00000249087	SIMPLE_AND	INCONSISTENT	GM12878
ENSG00000249096	COMPLEX	NULL	NEITHER
ENSG00000249098	COMPLEX	NULL	NEITHER
ENSG00000249112	INCONSISTENT	NULL	NEITHER
ENSG00000249114	REPRESSED	NULL	NEITHER
ENSG00000249115	SIMPLE_AND	INCONSISTENT	GM12878
ENSG00000249122	REPRESSED	NULL	NEITHER
ENSG00000249125	NULL	INCONSISTENT	NEITHER
ENSG00000249129	NULL	REPRESSED	NEITHER
ENSG00000249142	NULL	REPRESSED	NEITHER
ENSG00000249149	REPRESSED	NULL	NEITHER
ENSG00000249160	NULL	REPRESSED	NEITHER
ENSG00000249167	BIVALENT	NULL	NEITHER
ENSG00000249174	NULL	INCONSISTENT	NEITHER
ENSG00000249176	NULL	REPRESSED	NEITHER
ENSG00000249180	NULL	INCONSISTENT	NEITHER
ENSG00000249189	NULL	REPRESSED	NEITHER
ENSG00000249196	NULL	SIMPLE_AND	K562
ENSG00000249213	INCONSISTENT	REPRESSED	NEITHER
ENSG00000249222	SIMPLE_OR	NULL	NEITHER
ENSG00000249262	NULL	REPRESSED	NEITHER
ENSG00000249267	NULL	INCONSISTENT	NEITHER
ENSG00000249295	NULL	REPRESSED	NEITHER
ENSG00000249297	COMPLEX	NULL	NEITHER
ENSG00000249302	NULL	REPRESSED	NEITHER
ENSG00000249307	SIMPLE_OR	INCONSISTENT	NEITHER
ENSG00000249309	REPRESSED	NULL	NEITHER
ENSG00000249310	REPRESSED	NULL	NEITHER
ENSG00000249318	REPRESSED	NULL	NEITHER
ENSG00000249330	REPRESSED	NULL	NEITHER
ENSG00000249332	NULL	REPRESSED	NEITHER
ENSG00000249334	INCONSISTENT	NULL	NEITHER
ENSG00000249343	NULL	REPRESSED	NEITHER
ENSG00000249345	NULL	INCONSISTENT	NEITHER
ENSG00000249346	REPRESSED	NULL	NEITHER
ENSG00000249359	NULL	INCONSISTENT	NEITHER
ENSG00000249372	INCONSISTENT	NULL	NEITHER
ENSG00000249410	NULL	REPRESSED	NEITHER
ENSG00000249413	NULL	INCONSISTENT	NEITHER
ENSG00000249421	REPRESSED	NULL	NEITHER
ENSG00000249433	NULL	REPRESSED	NEITHER
ENSG00000249435	REPRESSED	NULL	NEITHER
ENSG00000249446	INCONSISTENT	NULL	NEITHER
ENSG00000249449	REPRESSED	NULL	NEITHER
ENSG00000249451	INCONSISTENT	REPRESSED	NEITHER
ENSG00000249459	NULL	INCONSISTENT	NEITHER
ENSG00000249474	INCONSISTENT	NULL	NEITHER
ENSG00000249481	REPRESSED	BIVALENT	NEITHER
ENSG00000249487	REPRESSED	NULL	NEITHER
ENSG00000249488	NULL	REPRESSED	NEITHER
ENSG00000249490	NULL	INCONSISTENT	NEITHER
ENSG00000249492	SIMPLE_AND	INCONSISTENT	GM12878
ENSG00000249494	SIMPLE_AND	INCONSISTENT	GM12878
ENSG00000249497	NULL	REPRESSED	NEITHER
ENSG00000249502	SIMPLE_AND	INCONSISTENT	GM12878
ENSG00000249520	NULL	REPRESSED	NEITHER
ENSG00000249526	NULL	INCONSISTENT	NEITHER
ENSG00000249539	NULL	INCONSISTENT	NEITHER
ENSG00000249545	REPRESSED	NULL	NEITHER
ENSG00000249550	NULL	SIMPLE_AND	K562
ENSG00000249565	NULL	REPRESSED	NEITHER
ENSG00000249568	SIMPLE_OR	NULL	NEITHER
ENSG00000249572	SIMPLE_AND	INCONSISTENT	GM12878
ENSG00000249574	NULL	BIVALENT	NEITHER
ENSG00000249592	SIMPLE_AND	INCONSISTENT	GM12878
ENSG00000249599	REPRESSED	NULL	NEITHER
ENSG00000249628	NULL	INCONSISTENT	NEITHER
ENSG00000249641	REPRESSED	INCONSISTENT	NEITHER
ENSG00000249647	NULL	INCONSISTENT	NEITHER
ENSG00000249649	NULL	REPRESSED	NEITHER
ENSG00000249654	NULL	REPRESSED	NEITHER
ENSG00000249655	REPRESSED	NULL	NEITHER
ENSG00000249661	NULL	REPRESSED	NEITHER
ENSG00000249664	COMPLEX	NULL	NEITHER
ENSG00000249673	SIMPLE_AND	INCONSISTENT	GM12878
ENSG00000249679	INCONSISTENT	BIVALENT	NEITHER
ENSG00000249680	NULL	REPRESSED	NEITHER
ENSG00000249685	SIMPLE_OR	NULL	NEITHER
ENSG00000249688	NULL	REPRESSED	NEITHER
ENSG00000249693	REPRESSED	INCONSISTENT	NEITHER
ENSG00000249695	NULL	REPRESSED	NEITHER
ENSG00000249710	REPRESSED	NULL	NEITHER
ENSG00000249717	INCONSISTENT	NULL	NEITHER
ENSG00000249725	REPRESSED	NULL	NEITHER
ENSG00000249731	NULL	REPRESSED	NEITHER
ENSG00000249737	NULL	REPRESSED	NEITHER
ENSG00000249738	REPRESSED	NULL	NEITHER
ENSG00000249740	NULL	BIVALENT	NEITHER
ENSG00000249741	SIMPLE_AND	INCONSISTENT	GM12878
ENSG00000249743	REPRESSED	BIVALENT	NEITHER
ENSG00000249754	NULL	REPRESSED	NEITHER
ENSG00000249755	SIMPLE_OR	NULL	NEITHER
ENSG00000249772	NULL	REPRESSED	NEITHER
ENSG00000249773	COMPLEX	INCONSISTENT	NEITHER
ENSG00000249777	REPRESSED	NULL	NEITHER
ENSG00000249803	NULL	INCONSISTENT	NEITHER
ENSG00000249807	NULL	REPRESSED	NEITHER
ENSG00000249816	REPRESSED	INCONSISTENT	NEITHER
ENSG00000249820	NULL	REPRESSED	NEITHER
ENSG00000249825	NULL	INCONSISTENT	NEITHER
ENSG00000249843	NULL	REPRESSED	NEITHER
ENSG00000249846	SIMPLE_AND	INCONSISTENT	GM12878
ENSG00000249850	SIMPLE_AND	NULL	GM12878
ENSG00000249852	NULL	REPRESSED	NEITHER
ENSG00000249853	REPRESSED	NULL	NEITHER
ENSG00000249854	NULL	INCONSISTENT	NEITHER
ENSG00000249858	REPRESSED	NULL	NEITHER
ENSG00000249868	NULL	REPRESSED	NEITHER
ENSG00000249869	NULL	REPRESSED	NEITHER
ENSG00000249876	NULL	REPRESSED	NEITHER
ENSG00000249881	INCONSISTENT	NULL	NEITHER
ENSG00000249888	NULL	INCONSISTENT	NEITHER
ENSG00000249898	SIMPLE_AND	INCONSISTENT	GM12878
ENSG00000249923	INCONSISTENT	BIVALENT	NEITHER
ENSG00000249934	NULL	REPRESSED	NEITHER
ENSG00000249950	REPRESSED	NULL	NEITHER
ENSG00000249951	NULL	REPRESSED	NEITHER
ENSG00000249966	NULL	REPRESSED	NEITHER
ENSG00000249987	REPRESSED	NULL	NEITHER
ENSG00000249988	INCONSISTENT	NULL	NEITHER
ENSG00000249992	REPRESSED	SIMPLE_AND	K562
ENSG00000249996	BIVALENT	INCONSISTENT	NEITHER
ENSG00000250007	REPRESSED	BIVALENT	NEITHER
ENSG00000250025	NULL	REPRESSED	NEITHER
ENSG00000250041	NULL	INCONSISTENT	NEITHER
ENSG00000250042	REPRESSED	NULL	NEITHER
ENSG00000250050	NULL	REPRESSED	NEITHER
ENSG00000250053	NULL	INCONSISTENT	NEITHER
ENSG00000250056	REPRESSED	BIVALENT	NEITHER
ENSG00000250064	REPRESSED	NULL	NEITHER
ENSG00000250067	SIMPLE_OR	NULL	NEITHER
ENSG00000250071	NULL	REPRESSED	NEITHER
ENSG00000250072	NULL	INCONSISTENT	NEITHER
ENSG00000250073	INCONSISTENT	NULL	NEITHER
ENSG00000250081	NULL	INCONSISTENT	NEITHER
ENSG00000250091	NULL	REPRESSED	NEITHER
ENSG00000250102	NULL	INCONSISTENT	NEITHER
ENSG00000250103	REPRESSED	NULL	NEITHER
ENSG00000250106	COMPLEX	BIVALENT	NEITHER
ENSG00000250115	NULL	REPRESSED	NEITHER
ENSG00000250127	NULL	INCONSISTENT	NEITHER
ENSG00000250129	NULL	INCONSISTENT	NEITHER
ENSG00000250132	BIVALENT	INCONSISTENT	NEITHER
ENSG00000250133	BIVALENT	INCONSISTENT	NEITHER
ENSG00000250147	NULL	REPRESSED	NEITHER
ENSG00000250151	SIMPLE_AND	INCONSISTENT	GM12878
ENSG00000250155	SIMPLE_AND	NULL	GM12878
ENSG00000250159	SIMPLE_AND	INCONSISTENT	GM12878
ENSG00000250166	INCONSISTENT	NULL	NEITHER
ENSG00000250167	NULL	INCONSISTENT	NEITHER
ENSG00000250173	NULL	REPRESSED	NEITHER
ENSG00000250174	NULL	REPRESSED	NEITHER
ENSG00000250182	NULL	REPRESSED	NEITHER
ENSG00000250185	NULL	REPRESSED	NEITHER
ENSG00000250194	REPRESSED	NULL	NEITHER
ENSG00000250195	NULL	INCONSISTENT	NEITHER
ENSG00000250200	INCONSISTENT	NULL	NEITHER
ENSG00000250218	REPRESSED	NULL	NEITHER
ENSG00000250229	COMPLEX	NULL	NEITHER
ENSG00000250230	REPRESSED	BIVALENT	NEITHER
ENSG00000250234	REPRESSED	INCONSISTENT	NEITHER
ENSG00000250240	SIMPLE_AND	INCONSISTENT	GM12878
ENSG00000250241	REPRESSED	NULL	NEITHER
ENSG00000250244	NULL	REPRESSED	NEITHER
ENSG00000250254	NULL	REPRESSED	NEITHER
ENSG00000250260	INCONSISTENT	NULL	NEITHER
ENSG00000250261	NULL	REPRESSED	NEITHER
ENSG00000250280	BIVALENT	INCONSISTENT	NEITHER
ENSG00000250295	NULL	INCONSISTENT	NEITHER
ENSG00000250299	SIMPLE_AND	INCONSISTENT	GM12878
ENSG00000250303	NULL	INCONSISTENT	NEITHER
ENSG00000250304	NULL	REPRESSED	NEITHER
ENSG00000250308	NULL	REPRESSED	NEITHER
ENSG00000250309	BIVALENT	NULL	NEITHER
ENSG00000250310	BIVALENT	INCONSISTENT	NEITHER
ENSG00000250312	COMPLEX	INCONSISTENT	NEITHER
ENSG00000250313	REPRESSED	NULL	NEITHER
ENSG00000250315	INCONSISTENT	NULL	NEITHER
ENSG00000250317	SIMPLE_AND	INCONSISTENT	GM12878
ENSG00000250319	NULL	REPRESSED	NEITHER
ENSG00000250320	BIVALENT	NULL	NEITHER
ENSG00000250321	REPRESSED	NULL	NEITHER
ENSG00000250324	NULL	REPRESSED	NEITHER
ENSG00000250327	NULL	REPRESSED	NEITHER
ENSG00000250330	INCONSISTENT	NULL	NEITHER
ENSG00000250337	NULL	INCONSISTENT	NEITHER
ENSG00000250344	REPRESSED	NULL	NEITHER
ENSG00000250349	NULL	INCONSISTENT	NEITHER
ENSG00000250356	COMPLEX	NULL	NEITHER
ENSG00000250360	REPRESSED	NULL	NEITHER
ENSG00000250361	NULL	SIMPLE_AND	K562
ENSG00000250372	INCONSISTENT	NULL	NEITHER
ENSG00000250374	NULL	REPRESSED	NEITHER
ENSG00000250378	REPRESSED	NULL	NEITHER
ENSG00000250389	REPRESSED	NULL	NEITHER
ENSG00000250393	NULL	REPRESSED	NEITHER
ENSG00000250405	NULL	REPRESSED	NEITHER
ENSG00000250409	NULL	REPRESSED	NEITHER
ENSG00000250413	SIMPLE_AND	NULL	GM12878
ENSG00000250415	INCONSISTENT	REPRESSED	NEITHER
ENSG00000250417	NULL	REPRESSED	NEITHER
ENSG00000250427	REPRESSED	NULL	NEITHER
ENSG00000250430	NULL	REPRESSED	NEITHER
ENSG00000250433	REPRESSED	NULL	NEITHER
ENSG00000250444	NULL	REPRESSED	NEITHER
ENSG00000250447	INCONSISTENT	NULL	NEITHER
ENSG00000250451	REPRESSED	INCONSISTENT	NEITHER
ENSG00000250453	NULL	INCONSISTENT	NEITHER
ENSG00000250480	REPRESSED	NULL	NEITHER
ENSG00000250486	SIMPLE_AND	INCONSISTENT	GM12878
ENSG00000250496	REPRESSED	INCONSISTENT	NEITHER
ENSG00000250501	NULL	SIMPLE_AND	K562
ENSG00000250508	NULL	INCONSISTENT	NEITHER
ENSG00000250510	REPRESSED	INCONSISTENT	NEITHER
ENSG00000250514	NULL	INCONSISTENT	NEITHER
ENSG00000250519	INCONSISTENT	NULL	NEITHER
ENSG00000250538	REPRESSED	NULL	NEITHER
ENSG00000250540	REPRESSED	NULL	NEITHER
ENSG00000250546	NULL	INCONSISTENT	NEITHER
ENSG00000250548	INCONSISTENT	NULL	NEITHER
ENSG00000250555	REPRESSED	BIVALENT	NEITHER
ENSG00000250561	NULL	REPRESSED	NEITHER
ENSG00000250565	SIMPLE_AND	INCONSISTENT	GM12878
ENSG00000250568	SIMPLE_AND	NULL	GM12878
ENSG00000250571	SIMPLE_AND	INCONSISTENT	GM12878
ENSG00000250572	NULL	REPRESSED	NEITHER
ENSG00000250579	REPRESSED	NULL	NEITHER
ENSG00000250582	INCONSISTENT	NULL	NEITHER
ENSG00000250585	NULL	REPRESSED	NEITHER
ENSG00000250600	BIVALENT	INCONSISTENT	NEITHER
ENSG00000250602	NULL	INCONSISTENT	NEITHER
ENSG00000250604	NULL	INCONSISTENT	NEITHER
ENSG00000250622	REPRESSED	NULL	NEITHER
ENSG00000250632	NULL	REPRESSED	NEITHER
ENSG00000250636	NULL	INCONSISTENT	NEITHER
ENSG00000250641	NULL	INCONSISTENT	NEITHER
ENSG00000250656	NULL	INCONSISTENT	NEITHER
ENSG00000250658	REPRESSED	NULL	NEITHER
ENSG00000250659	INCONSISTENT	NULL	NEITHER
ENSG00000250677	INCONSISTENT	NULL	NEITHER
ENSG00000250682	NULL	INCONSISTENT	NEITHER
ENSG00000250685	NULL	REPRESSED	NEITHER
ENSG00000250688	INCONSISTENT	REPRESSED	NEITHER
ENSG00000250692	INCONSISTENT	BIVALENT	NEITHER
ENSG00000250697	NULL	INCONSISTENT	NEITHER
ENSG00000250709	BIVALENT	INCONSISTENT	NEITHER
ENSG00000250722	NULL	REPRESSED	NEITHER
ENSG00000250727	NULL	REPRESSED	NEITHER
ENSG00000250735	NULL	INCONSISTENT	NEITHER
ENSG00000250740	REPRESSED	NULL	NEITHER
ENSG00000250747	NULL	REPRESSED	NEITHER
ENSG00000250748	NULL	INCONSISTENT	NEITHER
ENSG00000250749	INCONSISTENT	NULL	NEITHER
ENSG00000250754	NULL	REPRESSED	NEITHER
ENSG00000250764	REPRESSED	NULL	NEITHER
ENSG00000250771	REPRESSED	NULL	NEITHER
ENSG00000250781	INCONSISTENT	NULL	NEITHER
ENSG00000250790	INCONSISTENT	NULL	NEITHER
ENSG00000250799	NULL	REPRESSED	NEITHER
ENSG00000250802	SIMPLE_AND	NULL	GM12878
ENSG00000250803	NULL	INCONSISTENT	NEITHER
ENSG00000250821	NULL	INCONSISTENT	NEITHER
ENSG00000250825	NULL	REPRESSED	NEITHER
ENSG00000250829	NULL	INCONSISTENT	NEITHER
ENSG00000250838	BIVALENT	INCONSISTENT	NEITHER
ENSG00000250846	REPRESSED	NULL	NEITHER
ENSG00000250850	INCONSISTENT	REPRESSED	NEITHER
ENSG00000250860	NULL	REPRESSED	NEITHER
ENSG00000250874	NULL	INCONSISTENT	NEITHER
ENSG00000250877	REPRESSED	NULL	NEITHER
ENSG00000250892	REPRESSED	NULL	NEITHER
ENSG00000250897	NULL	REPRESSED	NEITHER
ENSG00000250899	REPRESSED	NULL	NEITHER
ENSG00000250903	SIMPLE_AND	INCONSISTENT	GM12878
ENSG00000250921	REPRESSED	NULL	NEITHER
ENSG00000250929	NULL	REPRESSED	NEITHER
ENSG00000250938	SIMPLE_AND	INCONSISTENT	GM12878
ENSG00000250939	NULL	REPRESSED	NEITHER
ENSG00000250950	SIMPLE_AND	INCONSISTENT	GM12878
ENSG00000250959	SIMPLE_AND	INCONSISTENT	GM12878
ENSG00000250961	NULL	REPRESSED	NEITHER
ENSG00000250979	REPRESSED	NULL	NEITHER
ENSG00000250980	REPRESSED	NULL	NEITHER
ENSG00000250984	NULL	INCONSISTENT	NEITHER
ENSG00000250986	NULL	BIVALENT	NEITHER
ENSG00000250988	SIMPLE_AND	INCONSISTENT	GM12878
ENSG00000250990	NULL	REPRESSED	NEITHER
ENSG00000250999	SIMPLE_OR	INCONSISTENT	NEITHER
ENSG00000251000	INCONSISTENT	NULL	NEITHER
ENSG00000251002	SIMPLE_AND	REPRESSED	GM12878
ENSG00000251003	NULL	INCONSISTENT	NEITHER
ENSG00000251008	NULL	REPRESSED	NEITHER
ENSG00000251009	COMPLEX	REPRESSED	NEITHER
ENSG00000251014	NULL	INCONSISTENT	NEITHER
ENSG00000251019	NULL	INCONSISTENT	NEITHER
ENSG00000251026	NULL	INCONSISTENT	NEITHER
ENSG00000251034	INCONSISTENT	NULL	NEITHER
ENSG00000251040	REPRESSED	NULL	NEITHER
ENSG00000251050	NULL	REPRESSED	NEITHER
ENSG00000251073	NULL	INCONSISTENT	NEITHER
ENSG00000251075	COMPLEX	INCONSISTENT	NEITHER
ENSG00000251079	SIMPLE_OR	INCONSISTENT	NEITHER
ENSG00000251088	INCONSISTENT	NULL	NEITHER
ENSG00000251105	NULL	REPRESSED	NEITHER
ENSG00000251107	NULL	REPRESSED	NEITHER
ENSG00000251127	NULL	INCONSISTENT	NEITHER
ENSG00000251129	NULL	SIMPLE_AND	K562
ENSG00000251131	INCONSISTENT	REPRESSED	NEITHER
ENSG00000251136	SIMPLE_AND	INCONSISTENT	GM12878
ENSG00000251141	SIMPLE_AND	INCONSISTENT	GM12878
ENSG00000251151	REPRESSED	INCONSISTENT	NEITHER
ENSG00000251152	INCONSISTENT	NULL	NEITHER
ENSG00000251165	NULL	INCONSISTENT	NEITHER
ENSG00000251173	REPRESSED	NULL	NEITHER
ENSG00000251184	NULL	INCONSISTENT	NEITHER
ENSG00000251187	NULL	REPRESSED	NEITHER
ENSG00000251188	REPRESSED	NULL	NEITHER
ENSG00000251191	INCONSISTENT	NULL	NEITHER
ENSG00000251192	SIMPLE_AND	INCONSISTENT	GM12878
ENSG00000251196	NULL	REPRESSED	NEITHER
ENSG00000251199	NULL	INCONSISTENT	NEITHER
ENSG00000251200	NULL	REPRESSED	NEITHER
ENSG00000251201	SIMPLE_AND	INCONSISTENT	GM12878
ENSG00000251209	NULL	INCONSISTENT	NEITHER
ENSG00000251211	NULL	INCONSISTENT	NEITHER
ENSG00000251218	NULL	REPRESSED	NEITHER
ENSG00000251239	INCONSISTENT	REPRESSED	NEITHER
ENSG00000251247	SIMPLE_AND	INCONSISTENT	GM12878
ENSG00000251257	NULL	REPRESSED	NEITHER
ENSG00000251258	NULL	INCONSISTENT	NEITHER
ENSG00000251296	NULL	INCONSISTENT	NEITHER
ENSG00000251301	SIMPLE_AND	NULL	GM12878
ENSG00000251311	INCONSISTENT	NULL	NEITHER
ENSG00000251314	SIMPLE_AND	INCONSISTENT	GM12878
ENSG00000251322	REPRESSED	BIVALENT	NEITHER
ENSG00000251323	SIMPLE_OR	NULL	NEITHER
ENSG00000251336	REPRESSED	NULL	NEITHER
ENSG00000251342	REPRESSED	NULL	NEITHER
ENSG00000251353	NULL	REPRESSED	NEITHER
ENSG00000251356	REPRESSED	NULL	NEITHER
ENSG00000251359	REPRESSED	INCONSISTENT	NEITHER
ENSG00000251363	NULL	INCONSISTENT	NEITHER
ENSG00000251364	SIMPLE_AND	INCONSISTENT	GM12878
ENSG00000251368	INCONSISTENT	NULL	NEITHER
ENSG00000251369	SIMPLE_AND	INCONSISTENT	GM12878
ENSG00000251381	NULL	SIMPLE_AND	K562
ENSG00000251393	NULL	INCONSISTENT	NEITHER
ENSG00000251400	NULL	REPRESSED	NEITHER
ENSG00000251408	SIMPLE_AND	INCONSISTENT	GM12878
ENSG00000251414	INCONSISTENT	NULL	NEITHER
ENSG00000251426	INCONSISTENT	NULL	NEITHER
ENSG00000251432	NULL	INCONSISTENT	NEITHER
ENSG00000251434	NULL	INCONSISTENT	NEITHER
ENSG00000251435	REPRESSED	NULL	NEITHER
ENSG00000251441	NULL	REPRESSED	NEITHER
ENSG00000251442	INCONSISTENT	NULL	NEITHER
ENSG00000251450	REPRESSED	NULL	NEITHER
ENSG00000251456	COMPLEX	REPRESSED	NEITHER
ENSG00000251458	REPRESSED	NULL	NEITHER
ENSG00000251460	NULL	REPRESSED	NEITHER
ENSG00000251474	SIMPLE_AND	INCONSISTENT	GM12878
ENSG00000251485	NULL	REPRESSED	NEITHER
ENSG00000251492	REPRESSED	NULL	NEITHER
ENSG00000251504	NULL	INCONSISTENT	NEITHER
ENSG00000251513	NULL	INCONSISTENT	NEITHER
ENSG00000251520	INCONSISTENT	NULL	NEITHER
ENSG00000251532	NULL	REPRESSED	NEITHER
ENSG00000251535	SIMPLE_AND	NULL	GM12878
ENSG00000251538	INCONSISTENT	NULL	NEITHER
ENSG00000251555	INCONSISTENT	NULL	NEITHER
ENSG00000251573	REPRESSED	NULL	NEITHER
ENSG00000251574	NULL	COMPLEX	NEITHER
ENSG00000251576	NULL	INCONSISTENT	NEITHER
ENSG00000251579	NULL	INCONSISTENT	NEITHER
ENSG00000251583	NULL	INCONSISTENT	NEITHER
ENSG00000251584	BIVALENT	INCONSISTENT	NEITHER
ENSG00000251586	REPRESSED	NULL	NEITHER
ENSG00000251591	NULL	REPRESSED	NEITHER
ENSG00000251595	SIMPLE_AND	INCONSISTENT	GM12878
ENSG00000251596	NULL	REPRESSED	NEITHER
ENSG00000251598	NULL	INCONSISTENT	NEITHER
ENSG00000251600	INCONSISTENT	NULL	NEITHER
ENSG00000251602	SIMPLE_AND	INCONSISTENT	GM12878
ENSG00000251604	REPRESSED	BIVALENT	NEITHER
ENSG00000251611	BIVALENT	INCONSISTENT	NEITHER
ENSG00000251616	NULL	REPRESSED	NEITHER
ENSG00000251621	REPRESSED	NULL	NEITHER
ENSG00000251627	NULL	INCONSISTENT	NEITHER
ENSG00000251648	SIMPLE_OR	NULL	NEITHER
ENSG00000251652	NULL	REPRESSED	NEITHER
ENSG00000251661	SIMPLE_AND	INCONSISTENT	GM12878
ENSG00000251665	NULL	INCONSISTENT	NEITHER
ENSG00000251668	NULL	REPRESSED	NEITHER
ENSG00000251669	SIMPLE_AND	INCONSISTENT	GM12878
ENSG00000251670	REPRESSED	NULL	NEITHER
ENSG00000251675	INCONSISTENT	NULL	NEITHER
ENSG00000251680	BIVALENT	INCONSISTENT	NEITHER
ENSG00000251687	INCONSISTENT	NULL	NEITHER
ENSG00000251689	REPRESSED	NULL	NEITHER
ENSG00000251691	NULL	INCONSISTENT	NEITHER
ENSG00000251727	NULL	INCONSISTENT	NEITHER
ENSG00000251732	INCONSISTENT	NULL	NEITHER
ENSG00000251747	INCONSISTENT	NULL	NEITHER
ENSG00000251748	INCONSISTENT	NULL	NEITHER
ENSG00000251763	NULL	REPRESSED	NEITHER
ENSG00000251764	NULL	REPRESSED	NEITHER
ENSG00000251783	REPRESSED	NULL	NEITHER
ENSG00000251792	INCONSISTENT	NULL	NEITHER
ENSG00000251799	INCONSISTENT	NULL	NEITHER
ENSG00000251807	INCONSISTENT	NULL	NEITHER
ENSG00000251823	NULL	INCONSISTENT	NEITHER
ENSG00000251828	NULL	REPRESSED	NEITHER
ENSG00000251852	REPRESSED	NULL	NEITHER
ENSG00000251856	BIVALENT	INCONSISTENT	NEITHER
ENSG00000251857	INCONSISTENT	NULL	NEITHER
ENSG00000251864	INCONSISTENT	REPRESSED	NEITHER
ENSG00000251866	NULL	SIMPLE_OR	NEITHER
ENSG00000251868	NULL	REPRESSED	NEITHER
ENSG00000251875	NULL	REPRESSED	NEITHER
ENSG00000251890	NULL	REPRESSED	NEITHER
ENSG00000251906	INCONSISTENT	NULL	NEITHER
ENSG00000251936	NULL	REPRESSED	NEITHER
ENSG00000251937	REPRESSED	NULL	NEITHER
ENSG00000251943	REPRESSED	NULL	NEITHER
ENSG00000251951	INCONSISTENT	NULL	NEITHER
ENSG00000251952	NULL	INCONSISTENT	NEITHER
ENSG00000251956	INCONSISTENT	NULL	NEITHER
ENSG00000251974	NULL	REPRESSED	NEITHER
ENSG00000251976	INCONSISTENT	NULL	NEITHER
ENSG00000251977	NULL	REPRESSED	NEITHER
ENSG00000251985	NULL	REPRESSED	NEITHER
ENSG00000251991	NULL	INCONSISTENT	NEITHER
ENSG00000251997	INCONSISTENT	NULL	NEITHER
ENSG00000252001	REPRESSED	NULL	NEITHER
ENSG00000252008	INCONSISTENT	NULL	NEITHER
ENSG00000252019	INCONSISTENT	NULL	NEITHER
ENSG00000252026	INCONSISTENT	NULL	NEITHER
ENSG00000252033	REPRESSED	NULL	NEITHER
ENSG00000252036	COMPLEX	NULL	NEITHER
ENSG00000252064	NULL	REPRESSED	NEITHER
ENSG00000252072	NULL	INCONSISTENT	NEITHER
ENSG00000252098	INCONSISTENT	NULL	NEITHER
ENSG00000252103	REPRESSED	NULL	NEITHER
ENSG00000252106	NULL	INCONSISTENT	NEITHER
ENSG00000252118	NULL	REPRESSED	NEITHER
ENSG00000252132	REPRESSED	NULL	NEITHER
ENSG00000252143	NULL	INCONSISTENT	NEITHER
ENSG00000252151	NULL	REPRESSED	NEITHER
ENSG00000252153	INCONSISTENT	NULL	NEITHER
ENSG00000252169	COMPLEX	BIVALENT	NEITHER
ENSG00000252174	INCONSISTENT	NULL	NEITHER
ENSG00000252185	NULL	INCONSISTENT	NEITHER
ENSG00000252190	NULL	INCONSISTENT	NEITHER
ENSG00000252191	NULL	REPRESSED	NEITHER
ENSG00000252204	INCONSISTENT	NULL	NEITHER
ENSG00000252213	INCONSISTENT	SIMPLE_AND	K562
ENSG00000252233	REPRESSED	NULL	NEITHER
ENSG00000252254	NULL	REPRESSED	NEITHER
ENSG00000252294	REPRESSED	NULL	NEITHER
ENSG00000252302	REPRESSED	NULL	NEITHER
ENSG00000252320	INCONSISTENT	NULL	NEITHER
ENSG00000252321	NULL	REPRESSED	NEITHER
ENSG00000252325	NULL	REPRESSED	NEITHER
ENSG00000252339	COMPLEX	INCONSISTENT	NEITHER
ENSG00000252341	NULL	INCONSISTENT	NEITHER
ENSG00000252355	REPRESSED	NULL	NEITHER
ENSG00000252374	NULL	INCONSISTENT	NEITHER
ENSG00000252376	INCONSISTENT	NULL	NEITHER
ENSG00000252390	INCONSISTENT	NULL	NEITHER
ENSG00000252391	INCONSISTENT	NULL	NEITHER
ENSG00000252395	NULL	REPRESSED	NEITHER
ENSG00000252397	INCONSISTENT	NULL	NEITHER
ENSG00000252404	INCONSISTENT	REPRESSED	NEITHER
ENSG00000252408	NULL	INCONSISTENT	NEITHER
ENSG00000252412	NULL	INCONSISTENT	NEITHER
ENSG00000252421	INCONSISTENT	NULL	NEITHER
ENSG00000252428	INCONSISTENT	NULL	NEITHER
ENSG00000252431	NULL	REPRESSED	NEITHER
ENSG00000252437	NULL	REPRESSED	NEITHER
ENSG00000252438	NULL	REPRESSED	NEITHER
ENSG00000252451	INCONSISTENT	NULL	NEITHER
ENSG00000252466	REPRESSED	NULL	NEITHER
ENSG00000252484	NULL	INCONSISTENT	NEITHER
ENSG00000252487	NULL	REPRESSED	NEITHER
ENSG00000252496	COMPLEX	NULL	NEITHER
ENSG00000252499	NULL	REPRESSED	NEITHER
ENSG00000252507	NULL	REPRESSED	NEITHER
ENSG00000252512	NULL	REPRESSED	NEITHER
ENSG00000252516	REPRESSED	NULL	NEITHER
ENSG00000252521	NULL	REPRESSED	NEITHER
ENSG00000252540	REPRESSED	NULL	NEITHER
ENSG00000252548	REPRESSED	NULL	NEITHER
ENSG00000252560	NULL	INCONSISTENT	NEITHER
ENSG00000252561	INCONSISTENT	NULL	NEITHER
ENSG00000252577	NULL	SIMPLE_OR	NEITHER
ENSG00000252582	NULL	REPRESSED	NEITHER
ENSG00000252585	NULL	INCONSISTENT	NEITHER
ENSG00000252590	INCONSISTENT	NULL	NEITHER
ENSG00000252591	NULL	INCONSISTENT	NEITHER
ENSG00000252593	INCONSISTENT	NULL	NEITHER
ENSG00000252599	NULL	INCONSISTENT	NEITHER
ENSG00000252606	NULL	REPRESSED	NEITHER
ENSG00000252608	NULL	REPRESSED	NEITHER
ENSG00000252612	NULL	INCONSISTENT	NEITHER
ENSG00000252614	INCONSISTENT	NULL	NEITHER
ENSG00000252615	INCONSISTENT	NULL	NEITHER
ENSG00000252619	INCONSISTENT	NULL	NEITHER
ENSG00000252627	REPRESSED	NULL	NEITHER
ENSG00000252628	REPRESSED	BIVALENT	NEITHER
ENSG00000252637	REPRESSED	NULL	NEITHER
ENSG00000252642	INCONSISTENT	BIVALENT	NEITHER
ENSG00000252650	NULL	INCONSISTENT	NEITHER
ENSG00000252660	BIVALENT	INCONSISTENT	NEITHER
ENSG00000252690	SIMPLE_AND	INCONSISTENT	GM12878
ENSG00000252691	NULL	INCONSISTENT	NEITHER
ENSG00000252695	BIVALENT	INCONSISTENT	NEITHER
ENSG00000252697	NULL	REPRESSED	NEITHER
ENSG00000252699	INCONSISTENT	SIMPLE_AND	K562
ENSG00000252711	INCONSISTENT	NULL	NEITHER
ENSG00000252714	NULL	INCONSISTENT	NEITHER
ENSG00000252716	NULL	REPRESSED	NEITHER
ENSG00000252719	INCONSISTENT	NULL	NEITHER
ENSG00000252722	INCONSISTENT	NULL	NEITHER
ENSG00000252723	INCONSISTENT	NULL	NEITHER
ENSG00000252734	NULL	REPRESSED	NEITHER
ENSG00000252744	REPRESSED	NULL	NEITHER
ENSG00000252749	INCONSISTENT	NULL	NEITHER
ENSG00000252750	COMPLEX	NULL	NEITHER
ENSG00000252760	INCONSISTENT	NULL	NEITHER
ENSG00000252782	INCONSISTENT	NULL	NEITHER
ENSG00000252783	COMPLEX	INCONSISTENT	NEITHER
ENSG00000252796	INCONSISTENT	NULL	NEITHER
ENSG00000252800	INCONSISTENT	NULL	NEITHER
ENSG00000252804	COMPLEX	NULL	NEITHER
ENSG00000252822	INCONSISTENT	REPRESSED	NEITHER
ENSG00000252823	INCONSISTENT	NULL	NEITHER
ENSG00000252826	NULL	SIMPLE_AND	K562
ENSG00000252828	REPRESSED	NULL	NEITHER
ENSG00000252845	INCONSISTENT	NULL	NEITHER
ENSG00000252847	INCONSISTENT	NULL	NEITHER
ENSG00000252850	REPRESSED	INCONSISTENT	NEITHER
ENSG00000252860	NULL	REPRESSED	NEITHER
ENSG00000252866	BIVALENT	INCONSISTENT	NEITHER
ENSG00000252879	REPRESSED	NULL	NEITHER
ENSG00000252887	NULL	INCONSISTENT	NEITHER
ENSG00000252892	INCONSISTENT	NULL	NEITHER
ENSG00000252894	COMPLEX	NULL	NEITHER
ENSG00000252905	NULL	REPRESSED	NEITHER
ENSG00000252914	REPRESSED	NULL	NEITHER
ENSG00000252915	INCONSISTENT	NULL	NEITHER
ENSG00000252919	INCONSISTENT	NULL	NEITHER
ENSG00000252923	REPRESSED	NULL	NEITHER
ENSG00000252927	NULL	INCONSISTENT	NEITHER
ENSG00000252947	INCONSISTENT	SIMPLE_AND	K562
ENSG00000252956	NULL	REPRESSED	NEITHER
ENSG00000252969	NULL	INCONSISTENT	NEITHER
ENSG00000252970	INCONSISTENT	NULL	NEITHER
ENSG00000252973	NULL	REPRESSED	NEITHER
ENSG00000252975	INCONSISTENT	NULL	NEITHER
ENSG00000252979	NULL	INCONSISTENT	NEITHER
ENSG00000252983	NULL	REPRESSED	NEITHER
ENSG00000252987	REPRESSED	NULL	NEITHER
ENSG00000252988	REPRESSED	NULL	NEITHER
ENSG00000253005	INCONSISTENT	NULL	NEITHER
ENSG00000253013	REPRESSED	NULL	NEITHER
ENSG00000253032	NULL	INCONSISTENT	NEITHER
ENSG00000253043	NULL	INCONSISTENT	NEITHER
ENSG00000253049	INCONSISTENT	NULL	NEITHER
ENSG00000253051	INCONSISTENT	NULL	NEITHER
ENSG00000253054	INCONSISTENT	NULL	NEITHER
ENSG00000253056	INCONSISTENT	NULL	NEITHER
ENSG00000253080	NULL	REPRESSED	NEITHER
ENSG00000253083	REPRESSED	NULL	NEITHER
ENSG00000253085	NULL	REPRESSED	NEITHER
ENSG00000253087	REPRESSED	NULL	NEITHER
ENSG00000253105	NULL	REPRESSED	NEITHER
ENSG00000253111	NULL	INCONSISTENT	NEITHER
ENSG00000253115	REPRESSED	NULL	NEITHER
ENSG00000253120	NULL	REPRESSED	NEITHER
ENSG00000253125	BIVALENT	NULL	NEITHER
ENSG00000253126	NULL	REPRESSED	NEITHER
ENSG00000253130	NULL	REPRESSED	NEITHER
ENSG00000253138	REPRESSED	NULL	NEITHER
ENSG00000253140	SIMPLE_OR	NULL	NEITHER
ENSG00000253141	REPRESSED	NULL	NEITHER
ENSG00000253142	NULL	INCONSISTENT	NEITHER
ENSG00000253146	INCONSISTENT	NULL	NEITHER
ENSG00000253159	SIMPLE_OR	NULL	NEITHER
ENSG00000253161	NULL	REPRESSED	NEITHER
ENSG00000253164	NULL	REPRESSED	NEITHER
ENSG00000253165	REPRESSED	NULL	NEITHER
ENSG00000253169	REPRESSED	NULL	NEITHER
ENSG00000253171	NULL	INCONSISTENT	NEITHER
ENSG00000253180	SIMPLE_OR	NULL	NEITHER
ENSG00000253181	NULL	REPRESSED	NEITHER
ENSG00000253183	NULL	BIVALENT	NEITHER
ENSG00000253186	INCONSISTENT	NULL	NEITHER
ENSG00000253190	INCONSISTENT	SIMPLE_AND	K562
ENSG00000253194	COMPLEX	INCONSISTENT	NEITHER
ENSG00000253196	NULL	REPRESSED	NEITHER
ENSG00000253209	REPRESSED	NULL	NEITHER
ENSG00000253210	SIMPLE_AND	BIVALENT	GM12878
ENSG00000253213	REPRESSED	NULL	NEITHER
ENSG00000253217	NULL	REPRESSED	NEITHER
ENSG00000253219	REPRESSED	NULL	NEITHER
ENSG00000253223	NULL	REPRESSED	NEITHER
ENSG00000253224	NULL	REPRESSED	NEITHER
ENSG00000253227	NULL	INCONSISTENT	NEITHER
ENSG00000253232	NULL	REPRESSED	NEITHER
ENSG00000253234	INCONSISTENT	REPRESSED	NEITHER
ENSG00000253235	NULL	INCONSISTENT	NEITHER
ENSG00000253239	INCONSISTENT	NULL	NEITHER
ENSG00000253242	NULL	REPRESSED	NEITHER
ENSG00000253251	SIMPLE_AND	INCONSISTENT	GM12878
ENSG00000253256	COMPLEX	INCONSISTENT	NEITHER
ENSG00000253258	NULL	INCONSISTENT	NEITHER
ENSG00000253263	SIMPLE_OR	NULL	NEITHER
ENSG00000253269	INCONSISTENT	NULL	NEITHER
ENSG00000253271	REPRESSED	NULL	NEITHER
ENSG00000253279	REPRESSED	NULL	NEITHER
ENSG00000253286	NULL	INCONSISTENT	NEITHER
ENSG00000253290	REPRESSED	NULL	NEITHER
ENSG00000253293	REPRESSED	NULL	NEITHER
ENSG00000253304	BIVALENT	INCONSISTENT	NEITHER
ENSG00000253305	REPRESSED	NULL	NEITHER
ENSG00000253309	NULL	REPRESSED	NEITHER
ENSG00000253312	INCONSISTENT	NULL	NEITHER
ENSG00000253313	NULL	REPRESSED	NEITHER
ENSG00000253320	SIMPLE_AND	INCONSISTENT	GM12878
ENSG00000253329	INCONSISTENT	REPRESSED	NEITHER
ENSG00000253330	INCONSISTENT	NULL	NEITHER
ENSG00000253338	NULL	REPRESSED	NEITHER
ENSG00000253339	NULL	INCONSISTENT	NEITHER
ENSG00000253343	NULL	REPRESSED	NEITHER
ENSG00000253345	NULL	REPRESSED	NEITHER
ENSG00000253356	NULL	INCONSISTENT	NEITHER
ENSG00000253357	REPRESSED	NULL	NEITHER
ENSG00000253359	NULL	INCONSISTENT	NEITHER
ENSG00000253361	NULL	REPRESSED	NEITHER
ENSG00000253363	NULL	INCONSISTENT	NEITHER
ENSG00000253368	BIVALENT	INCONSISTENT	NEITHER
ENSG00000253369	NULL	REPRESSED	NEITHER
ENSG00000253372	NULL	REPRESSED	NEITHER
ENSG00000253373	REPRESSED	NULL	NEITHER
ENSG00000253385	INCONSISTENT	NULL	NEITHER
ENSG00000253392	REPRESSED	NULL	NEITHER
ENSG00000253394	NULL	SIMPLE_AND	K562
ENSG00000253395	COMPLEX	INCONSISTENT	NEITHER
ENSG00000253397	REPRESSED	NULL	NEITHER
ENSG00000253410	NULL	INCONSISTENT	NEITHER
ENSG00000253414	NULL	REPRESSED	NEITHER
ENSG00000253416	REPRESSED	NULL	NEITHER
ENSG00000253417	REPRESSED	NULL	NEITHER
ENSG00000253427	REPRESSED	NULL	NEITHER
ENSG00000253428	INCONSISTENT	NULL	NEITHER
ENSG00000253429	NULL	REPRESSED	NEITHER
ENSG00000253431	REPRESSED	NULL	NEITHER
ENSG00000253438	BIVALENT	INCONSISTENT	NEITHER
ENSG00000253447	NULL	REPRESSED	NEITHER
ENSG00000253448	INCONSISTENT	NULL	NEITHER
ENSG00000253454	REPRESSED	NULL	NEITHER
ENSG00000253455	NULL	REPRESSED	NEITHER
ENSG00000253457	COMPLEX	NULL	NEITHER
ENSG00000253475	SIMPLE_AND	INCONSISTENT	GM12878
ENSG00000253477	REPRESSED	NULL	NEITHER
ENSG00000253483	NULL	INCONSISTENT	NEITHER
ENSG00000253490	INCONSISTENT	NULL	NEITHER
ENSG00000253506	NULL	REPRESSED	NEITHER
ENSG00000253508	REPRESSED	NULL	NEITHER
ENSG00000253515	NULL	INCONSISTENT	NEITHER
ENSG00000253519	INCONSISTENT	NULL	NEITHER
ENSG00000253520	NULL	REPRESSED	NEITHER
ENSG00000253522	SIMPLE_AND	INCONSISTENT	GM12878
ENSG00000253535	REPRESSED	NULL	NEITHER
ENSG00000253537	NULL	INCONSISTENT	NEITHER
ENSG00000253552	NULL	REPRESSED	NEITHER
ENSG00000253553	INCONSISTENT	NULL	NEITHER
ENSG00000253554	REPRESSED	NULL	NEITHER
ENSG00000253559	SIMPLE_AND	INCONSISTENT	GM12878
ENSG00000253562	INCONSISTENT	NULL	NEITHER
ENSG00000253563	REPRESSED	NULL	NEITHER
ENSG00000253567	NULL	REPRESSED	NEITHER
ENSG00000253569	NULL	INCONSISTENT	NEITHER
ENSG00000253585	REPRESSED	NULL	NEITHER
ENSG00000253586	SIMPLE_AND	INCONSISTENT	GM12878
ENSG00000253590	NULL	REPRESSED	NEITHER
ENSG00000253595	NULL	INCONSISTENT	NEITHER
ENSG00000253598	NULL	REPRESSED	NEITHER
ENSG00000253604	NULL	REPRESSED	NEITHER
ENSG00000253614	REPRESSED	NULL	NEITHER
ENSG00000253615	REPRESSED	NULL	NEITHER
ENSG00000253616	SIMPLE_AND	INCONSISTENT	GM12878
ENSG00000253617	REPRESSED	NULL	NEITHER
ENSG00000253623	NULL	REPRESSED	NEITHER
ENSG00000253632	INCONSISTENT	NULL	NEITHER
ENSG00000253633	SIMPLE_AND	INCONSISTENT	GM12878
ENSG00000253635	INCONSISTENT	NULL	NEITHER
ENSG00000253637	NULL	REPRESSED	NEITHER
ENSG00000253638	COMPLEX	NULL	NEITHER
ENSG00000253642	REPRESSED	NULL	NEITHER
ENSG00000253647	INCONSISTENT	NULL	NEITHER
ENSG00000253661	BIVALENT	INCONSISTENT	NEITHER
ENSG00000253666	SIMPLE_AND	NULL	GM12878
ENSG00000253683	NULL	REPRESSED	NEITHER
ENSG00000253686	SIMPLE_OR	INCONSISTENT	NEITHER
ENSG00000253688	REPRESSED	NULL	NEITHER
ENSG00000253690	INCONSISTENT	NULL	NEITHER
ENSG00000253696	NULL	BIVALENT	NEITHER
ENSG00000253698	NULL	REPRESSED	NEITHER
ENSG00000253702	NULL	REPRESSED	NEITHER
ENSG00000253704	SIMPLE_AND	INCONSISTENT	GM12878
ENSG00000253706	NULL	INCONSISTENT	NEITHER
ENSG00000253710	BIVALENT	INCONSISTENT	NEITHER
ENSG00000253711	NULL	REPRESSED	NEITHER
ENSG00000253716	SIMPLE_AND	INCONSISTENT	GM12878
ENSG00000253722	NULL	COMPLEX	NEITHER
ENSG00000253738	SIMPLE_AND	INCONSISTENT	GM12878
ENSG00000253739	NULL	INCONSISTENT	NEITHER
ENSG00000253742	REPRESSED	NULL	NEITHER
ENSG00000253743	NULL	REPRESSED	NEITHER
ENSG00000253752	NULL	REPRESSED	NEITHER
ENSG00000253760	NULL	REPRESSED	NEITHER
ENSG00000253764	NULL	BIVALENT	NEITHER
ENSG00000253766	NULL	INCONSISTENT	NEITHER
ENSG00000253768	REPRESSED	NULL	NEITHER
ENSG00000253771	INCONSISTENT	NULL	NEITHER
ENSG00000253774	NULL	REPRESSED	NEITHER
ENSG00000253779	NULL	REPRESSED	NEITHER
ENSG00000253787	NULL	REPRESSED	NEITHER
ENSG00000253794	INCONSISTENT	REPRESSED	NEITHER
ENSG00000253796	NULL	INCONSISTENT	NEITHER
ENSG00000253805	NULL	REPRESSED	NEITHER
ENSG00000253809	NULL	REPRESSED	NEITHER
ENSG00000253819	INCONSISTENT	REPRESSED	NEITHER
ENSG00000253820	REPRESSED	NULL	NEITHER
ENSG00000253822	INCONSISTENT	NULL	NEITHER
ENSG00000253823	NULL	REPRESSED	NEITHER
ENSG00000253824	INCONSISTENT	NULL	NEITHER
ENSG00000253837	SIMPLE_OR	NULL	NEITHER
ENSG00000253842	INCONSISTENT	REPRESSED	NEITHER
ENSG00000253844	INCONSISTENT	NULL	NEITHER
ENSG00000253846	SIMPLE_OR	INCONSISTENT	NEITHER
ENSG00000253853	SIMPLE_AND	INCONSISTENT	GM12878
ENSG00000253862	INCONSISTENT	NULL	NEITHER
ENSG00000253865	NULL	REPRESSED	NEITHER
ENSG00000253868	NULL	REPRESSED	NEITHER
ENSG00000253873	SIMPLE_OR	INCONSISTENT	NEITHER
ENSG00000253874	NULL	REPRESSED	NEITHER
ENSG00000253877	NULL	SIMPLE_AND	K562
ENSG00000253884	REPRESSED	NULL	NEITHER
ENSG00000253886	NULL	REPRESSED	NEITHER
ENSG00000253889	NULL	REPRESSED	NEITHER
ENSG00000253892	NULL	REPRESSED	NEITHER
ENSG00000253895	INCONSISTENT	NULL	NEITHER
ENSG00000253910	NULL	INCONSISTENT	NEITHER
ENSG00000253913	NULL	REPRESSED	NEITHER
ENSG00000253920	INCONSISTENT	REPRESSED	NEITHER
ENSG00000253921	INCONSISTENT	NULL	NEITHER
ENSG00000253923	REPRESSED	NULL	NEITHER
ENSG00000253924	INCONSISTENT	NULL	NEITHER
ENSG00000253927	REPRESSED	NULL	NEITHER
ENSG00000253942	NULL	INCONSISTENT	NEITHER
ENSG00000253944	REPRESSED	BIVALENT	NEITHER
ENSG00000253945	REPRESSED	NULL	NEITHER
ENSG00000253954	NULL	REPRESSED	NEITHER
ENSG00000253965	NULL	INCONSISTENT	NEITHER
ENSG00000253967	NULL	REPRESSED	NEITHER
ENSG00000253968	NULL	REPRESSED	NEITHER
ENSG00000253973	REPRESSED	INCONSISTENT	NEITHER
ENSG00000253981	SIMPLE_OR	INCONSISTENT	NEITHER
ENSG00000253982	SIMPLE_AND	INCONSISTENT	GM12878
ENSG00000253986	NULL	INCONSISTENT	NEITHER
ENSG00000253989	NULL	REPRESSED	NEITHER
ENSG00000254003	SIMPLE_AND	INCONSISTENT	GM12878
ENSG00000254004	COMPLEX	SIMPLE_AND	K562
ENSG00000254006	INCONSISTENT	NULL	NEITHER
ENSG00000254008	REPRESSED	NULL	NEITHER
ENSG00000254012	NULL	REPRESSED	NEITHER
ENSG00000254015	NULL	INCONSISTENT	NEITHER
ENSG00000254029	NULL	REPRESSED	NEITHER
ENSG00000254030	NULL	REPRESSED	NEITHER
ENSG00000254036	REPRESSED	NULL	NEITHER
ENSG00000254041	NULL	REPRESSED	NEITHER
ENSG00000254045	NULL	REPRESSED	NEITHER
ENSG00000254052	INCONSISTENT	NULL	NEITHER
ENSG00000254053	INCONSISTENT	NULL	NEITHER
ENSG00000254054	NULL	INCONSISTENT	NEITHER
ENSG00000254060	INCONSISTENT	NULL	NEITHER
ENSG00000254061	REPRESSED	NULL	NEITHER
ENSG00000254067	NULL	INCONSISTENT	NEITHER
ENSG00000254075	INCONSISTENT	REPRESSED	NEITHER
ENSG00000254077	NULL	REPRESSED	NEITHER
ENSG00000254081	REPRESSED	NULL	NEITHER
ENSG00000254092	NULL	REPRESSED	NEITHER
ENSG00000254093	SIMPLE_AND	INCONSISTENT	GM12878
ENSG00000254102	COMPLEX	NULL	NEITHER
ENSG00000254104	NULL	REPRESSED	NEITHER
ENSG00000254106	NULL	REPRESSED	NEITHER
ENSG00000254114	NULL	REPRESSED	NEITHER
ENSG00000254122	SIMPLE_OR	NULL	NEITHER
ENSG00000254136	INCONSISTENT	REPRESSED	NEITHER
ENSG00000254154	REPRESSED	INCONSISTENT	NEITHER
ENSG00000254161	INCONSISTENT	REPRESSED	NEITHER
ENSG00000254164	NULL	REPRESSED	NEITHER
ENSG00000254165	SIMPLE_AND	INCONSISTENT	GM12878
ENSG00000254166	INCONSISTENT	NULL	NEITHER
ENSG00000254170	NULL	REPRESSED	NEITHER
ENSG00000254181	NULL	REPRESSED	NEITHER
ENSG00000254185	REPRESSED	NULL	NEITHER
ENSG00000254186	SIMPLE_AND	INCONSISTENT	GM12878
ENSG00000254198	REPRESSED	COMPLEX	NEITHER
ENSG00000254204	NULL	REPRESSED	NEITHER
ENSG00000254205	INCONSISTENT	NULL	NEITHER
ENSG00000254221	NULL	INCONSISTENT	NEITHER
ENSG00000254224	COMPLEX	INCONSISTENT	NEITHER
ENSG00000254227	NULL	INCONSISTENT	NEITHER
ENSG00000254229	NULL	REPRESSED	NEITHER
ENSG00000254230	BIVALENT	INCONSISTENT	NEITHER
ENSG00000254239	REPRESSED	NULL	NEITHER
ENSG00000254246	INCONSISTENT	NULL	NEITHER
ENSG00000254254	REPRESSED	NULL	NEITHER
ENSG00000254261	COMPLEX	NULL	NEITHER
ENSG00000254263	COMPLEX	NULL	NEITHER
ENSG00000254265	NULL	REPRESSED	NEITHER
ENSG00000254270	NULL	REPRESSED	NEITHER
ENSG00000254271	INCONSISTENT	REPRESSED	NEITHER
ENSG00000254274	INCONSISTENT	NULL	NEITHER
ENSG00000254290	REPRESSED	NULL	NEITHER
ENSG00000254293	COMPLEX	REPRESSED	NEITHER
ENSG00000254299	NULL	REPRESSED	NEITHER
ENSG00000254317	NULL	REPRESSED	NEITHER
ENSG00000254321	NULL	REPRESSED	NEITHER
ENSG00000254325	SIMPLE_OR	NULL	NEITHER
ENSG00000254329	REPRESSED	NULL	NEITHER
ENSG00000254334	NULL	REPRESSED	NEITHER
ENSG00000254336	INCONSISTENT	NULL	NEITHER
ENSG00000254338	REPRESSED	NULL	NEITHER
ENSG00000254348	REPRESSED	BIVALENT	NEITHER
ENSG00000254349	NULL	INCONSISTENT	NEITHER
ENSG00000254355	INCONSISTENT	NULL	NEITHER
ENSG00000254363	INCONSISTENT	NULL	NEITHER
ENSG00000254364	SIMPLE_AND	NULL	GM12878
ENSG00000254377	REPRESSED	NULL	NEITHER
ENSG00000254380	INCONSISTENT	NULL	NEITHER
ENSG00000254387	NULL	REPRESSED	NEITHER
ENSG00000254400	SIMPLE_AND	INCONSISTENT	GM12878
ENSG00000254402	COMPLEX	INCONSISTENT	NEITHER
ENSG00000254406	NULL	REPRESSED	NEITHER
ENSG00000254409	NULL	INCONSISTENT	NEITHER
ENSG00000254413	SIMPLE_AND	INCONSISTENT	GM12878
ENSG00000254415	SIMPLE_OR	REPRESSED	NEITHER
ENSG00000254416	NULL	REPRESSED	NEITHER
ENSG00000254417	NULL	REPRESSED	NEITHER
ENSG00000254418	INCONSISTENT	NULL	NEITHER
ENSG00000254420	REPRESSED	INCONSISTENT	NEITHER
ENSG00000254431	COMPLEX	NULL	NEITHER
ENSG00000254440	REPRESSED	NULL	NEITHER
ENSG00000254445	REPRESSED	INCONSISTENT	NEITHER
ENSG00000254450	INCONSISTENT	NULL	NEITHER
ENSG00000254452	INCONSISTENT	NULL	NEITHER
ENSG00000254454	NULL	INCONSISTENT	NEITHER
ENSG00000254466	REPRESSED	NULL	NEITHER
ENSG00000254469	SIMPLE_AND	INCONSISTENT	GM12878
ENSG00000254478	COMPLEX	NULL	NEITHER
ENSG00000254483	NULL	INCONSISTENT	NEITHER
ENSG00000254489	REPRESSED	INCONSISTENT	NEITHER
ENSG00000254509	INCONSISTENT	NULL	NEITHER
ENSG00000254510	INCONSISTENT	NULL	NEITHER
ENSG00000254512	REPRESSED	NULL	NEITHER
ENSG00000254515	SIMPLE_AND	NULL	GM12878
ENSG00000254518	NULL	INCONSISTENT	NEITHER
ENSG00000254521	NULL	INCONSISTENT	NEITHER
ENSG00000254533	REPRESSED	NULL	NEITHER
ENSG00000254535	NULL	INCONSISTENT	NEITHER
ENSG00000254541	NULL	REPRESSED	NEITHER
ENSG00000254542	NULL	INCONSISTENT	NEITHER
ENSG00000254544	NULL	REPRESSED	NEITHER
ENSG00000254546	REPRESSED	NULL	NEITHER
ENSG00000254548	NULL	INCONSISTENT	NEITHER
ENSG00000254559	INCONSISTENT	NULL	NEITHER
ENSG00000254560	NULL	INCONSISTENT	NEITHER
ENSG00000254566	NULL	INCONSISTENT	NEITHER
ENSG00000254586	REPRESSED	NULL	NEITHER
ENSG00000254595	INCONSISTENT	NULL	NEITHER
ENSG00000254602	INCONSISTENT	NULL	NEITHER
ENSG00000254607	REPRESSED	NULL	NEITHER
ENSG00000254635	SIMPLE_AND	INCONSISTENT	GM12878
ENSG00000254639	BIVALENT	INCONSISTENT	NEITHER
ENSG00000254648	INCONSISTENT	BIVALENT	NEITHER
ENSG00000254664	NULL	REPRESSED	NEITHER
ENSG00000254669	REPRESSED	NULL	NEITHER
ENSG00000254670	INCONSISTENT	NULL	NEITHER
ENSG00000254675	INCONSISTENT	NULL	NEITHER
ENSG00000254680	NULL	INCONSISTENT	NEITHER
ENSG00000254681	NULL	INCONSISTENT	NEITHER
ENSG00000254686	NULL	REPRESSED	NEITHER
ENSG00000254688	NULL	INCONSISTENT	NEITHER
ENSG00000254690	NULL	INCONSISTENT	NEITHER
ENSG00000254693	INCONSISTENT	NULL	NEITHER
ENSG00000254694	SIMPLE_AND	INCONSISTENT	GM12878
ENSG00000254695	NULL	REPRESSED	NEITHER
ENSG00000254697	REPRESSED	NULL	NEITHER
ENSG00000254703	INCONSISTENT	NULL	NEITHER
ENSG00000254724	NULL	REPRESSED	NEITHER
ENSG00000254726	BIVALENT	SIMPLE_AND	K562
ENSG00000254730	INCONSISTENT	NULL	NEITHER
ENSG00000254735	REPRESSED	NULL	NEITHER
ENSG00000254759	NULL	REPRESSED	NEITHER
ENSG00000254768	REPRESSED	NULL	NEITHER
ENSG00000254771	NULL	REPRESSED	NEITHER
ENSG00000254777	INCONSISTENT	REPRESSED	NEITHER
ENSG00000254779	SIMPLE_AND	INCONSISTENT	GM12878
ENSG00000254788	SIMPLE_AND	INCONSISTENT	GM12878
ENSG00000254789	NULL	REPRESSED	NEITHER
ENSG00000254791	SIMPLE_AND	INCONSISTENT	GM12878
ENSG00000254802	INCONSISTENT	NULL	NEITHER
ENSG00000254810	NULL	INCONSISTENT	NEITHER
ENSG00000254815	REPRESSED	INCONSISTENT	NEITHER
ENSG00000254826	SIMPLE_OR	NULL	NEITHER
ENSG00000254829	NULL	INCONSISTENT	NEITHER
ENSG00000254831	NULL	REPRESSED	NEITHER
ENSG00000254833	NULL	REPRESSED	NEITHER
ENSG00000254839	NULL	REPRESSED	NEITHER
ENSG00000254843	NULL	INCONSISTENT	NEITHER
ENSG00000254844	INCONSISTENT	NULL	NEITHER
ENSG00000254846	INCONSISTENT	NULL	NEITHER
ENSG00000254857	NULL	REPRESSED	NEITHER
ENSG00000254859	SIMPLE_OR	INCONSISTENT	NEITHER
ENSG00000254860	SIMPLE_AND	INCONSISTENT	GM12878
ENSG00000254870	SIMPLE_AND	INCONSISTENT	GM12878
ENSG00000254872	NULL	REPRESSED	NEITHER
ENSG00000254876	NULL	INCONSISTENT	NEITHER
ENSG00000254879	INCONSISTENT	NULL	NEITHER
ENSG00000254880	REPRESSED	NULL	NEITHER
ENSG00000254883	NULL	REPRESSED	NEITHER
ENSG00000254884	SIMPLE_OR	INCONSISTENT	NEITHER
ENSG00000254887	SIMPLE_AND	REPRESSED	GM12878
ENSG00000254898	REPRESSED	NULL	NEITHER
ENSG00000254901	SIMPLE_AND	INCONSISTENT	GM12878
ENSG00000254905	INCONSISTENT	NULL	NEITHER
ENSG00000254906	REPRESSED	NULL	NEITHER
ENSG00000254911	NULL	SIMPLE_OR	NEITHER
ENSG00000254923	NULL	REPRESSED	NEITHER
ENSG00000254929	SIMPLE_OR	INCONSISTENT	NEITHER
ENSG00000254932	NULL	REPRESSED	NEITHER
ENSG00000254936	COMPLEX	NULL	NEITHER
ENSG00000254941	NULL	REPRESSED	NEITHER
ENSG00000254943	REPRESSED	NULL	NEITHER
ENSG00000254944	REPRESSED	NULL	NEITHER
ENSG00000254948	NULL	REPRESSED	NEITHER
ENSG00000254957	REPRESSED	NULL	NEITHER
ENSG00000254966	REPRESSED	INCONSISTENT	NEITHER
ENSG00000254972	NULL	INCONSISTENT	NEITHER
ENSG00000254973	REPRESSED	INCONSISTENT	NEITHER
ENSG00000254975	INCONSISTENT	REPRESSED	NEITHER
ENSG00000254979	SIMPLE_AND	INCONSISTENT	GM12878
ENSG00000254988	REPRESSED	NULL	NEITHER
ENSG00000254989	NULL	REPRESSED	NEITHER
ENSG00000254990	INCONSISTENT	NULL	NEITHER
ENSG00000254995	SIMPLE_AND	INCONSISTENT	GM12878
ENSG00000255002	SIMPLE_OR	NULL	NEITHER
ENSG00000255004	NULL	REPRESSED	NEITHER
ENSG00000255007	NULL	INCONSISTENT	NEITHER
ENSG00000255020	BIVALENT	INCONSISTENT	NEITHER
ENSG00000255021	REPRESSED	NULL	NEITHER
ENSG00000255026	BIVALENT	INCONSISTENT	NEITHER
ENSG00000255036	NULL	INCONSISTENT	NEITHER
ENSG00000255042	REPRESSED	INCONSISTENT	NEITHER
ENSG00000255045	INCONSISTENT	NULL	NEITHER
ENSG00000255046	SIMPLE_AND	INCONSISTENT	GM12878
ENSG00000255050	REPRESSED	INCONSISTENT	NEITHER
ENSG00000255051	REPRESSED	NULL	NEITHER
ENSG00000255057	NULL	INCONSISTENT	NEITHER
ENSG00000255058	INCONSISTENT	NULL	NEITHER
ENSG00000255062	SIMPLE_AND	INCONSISTENT	GM12878
ENSG00000255067	NULL	INCONSISTENT	NEITHER
ENSG00000255071	INCONSISTENT	NULL	NEITHER
ENSG00000255081	REPRESSED	NULL	NEITHER
ENSG00000255084	INCONSISTENT	NULL	NEITHER
ENSG00000255085	NULL	REPRESSED	NEITHER
ENSG00000255088	NULL	REPRESSED	NEITHER
ENSG00000255089	NULL	INCONSISTENT	NEITHER
ENSG00000255092	INCONSISTENT	NULL	NEITHER
ENSG00000255097	SIMPLE_OR	INCONSISTENT	NEITHER
ENSG00000255100	BIVALENT	INCONSISTENT	NEITHER
ENSG00000255112	SIMPLE_AND	INCONSISTENT	GM12878
ENSG00000255118	BIVALENT	INCONSISTENT	NEITHER
ENSG00000255120	INCONSISTENT	REPRESSED	NEITHER
ENSG00000255121	SIMPLE_AND	INCONSISTENT	GM12878
ENSG00000255133	NULL	REPRESSED	NEITHER
ENSG00000255135	SIMPLE_AND	INCONSISTENT	GM12878
ENSG00000255136	REPRESSED	BIVALENT	NEITHER
ENSG00000255138	NULL	REPRESSED	NEITHER
ENSG00000255143	NULL	REPRESSED	NEITHER
ENSG00000255150	SIMPLE_AND	NULL	GM12878
ENSG00000255152	SIMPLE_AND	INCONSISTENT	GM12878
ENSG00000255153	COMPLEX	INCONSISTENT	NEITHER
ENSG00000255154	SIMPLE_AND	INCONSISTENT	GM12878
ENSG00000255158	NULL	COMPLEX	NEITHER
ENSG00000255159	REPRESSED	INCONSISTENT	NEITHER
ENSG00000255166	REPRESSED	NULL	NEITHER
ENSG00000255176	NULL	INCONSISTENT	NEITHER
ENSG00000255177	REPRESSED	NULL	NEITHER
ENSG00000255182	SIMPLE_AND	INCONSISTENT	GM12878
ENSG00000255185	SIMPLE_AND	INCONSISTENT	GM12878
ENSG00000255186	NULL	REPRESSED	NEITHER
ENSG00000255191	REPRESSED	INCONSISTENT	NEITHER
ENSG00000255198	SIMPLE_AND	INCONSISTENT	GM12878
ENSG00000255200	NULL	INCONSISTENT	NEITHER
ENSG00000255201	NULL	REPRESSED	NEITHER
ENSG00000255202	NULL	REPRESSED	NEITHER
ENSG00000255213	NULL	REPRESSED	NEITHER
ENSG00000255216	REPRESSED	NULL	NEITHER
ENSG00000255222	INCONSISTENT	NULL	NEITHER
ENSG00000255224	SIMPLE_AND	INCONSISTENT	GM12878
ENSG00000255226	NULL	REPRESSED	NEITHER
ENSG00000255229	NULL	INCONSISTENT	NEITHER
ENSG00000255240	SIMPLE_OR	NULL	NEITHER
ENSG00000255244	NULL	REPRESSED	NEITHER
ENSG00000255245	REPRESSED	BIVALENT	NEITHER
ENSG00000255247	INCONSISTENT	NULL	NEITHER
ENSG00000255252	INCONSISTENT	NULL	NEITHER
ENSG00000255256	REPRESSED	NULL	NEITHER
ENSG00000255266	NULL	REPRESSED	NEITHER
ENSG00000255269	NULL	INCONSISTENT	NEITHER
ENSG00000255270	NULL	REPRESSED	NEITHER
ENSG00000255271	NULL	REPRESSED	NEITHER
ENSG00000255272	INCONSISTENT	BIVALENT	NEITHER
ENSG00000255274	REPRESSED	NULL	NEITHER
ENSG00000255276	REPRESSED	NULL	NEITHER
ENSG00000255280	REPRESSED	NULL	NEITHER
ENSG00000255282	NULL	INCONSISTENT	NEITHER
ENSG00000255284	SIMPLE_AND	INCONSISTENT	GM12878
ENSG00000255292	SIMPLE_AND	INCONSISTENT	GM12878
ENSG00000255301	INCONSISTENT	NULL	NEITHER
ENSG00000255308	NULL	REPRESSED	NEITHER
ENSG00000255309	NULL	REPRESSED	NEITHER
ENSG00000255315	REPRESSED	NULL	NEITHER
ENSG00000255330	REPRESSED	NULL	NEITHER
ENSG00000255332	NULL	INCONSISTENT	NEITHER
ENSG00000255334	INCONSISTENT	NULL	NEITHER
ENSG00000255339	SIMPLE_AND	INCONSISTENT	GM12878
ENSG00000255355	SIMPLE_AND	INCONSISTENT	GM12878
ENSG00000255366	REPRESSED	BIVALENT	NEITHER
ENSG00000255367	NULL	INCONSISTENT	NEITHER
ENSG00000255369	REPRESSED	NULL	NEITHER
ENSG00000255374	REPRESSED	NULL	NEITHER
ENSG00000255381	SIMPLE_AND	INCONSISTENT	GM12878
ENSG00000255402	INCONSISTENT	NULL	NEITHER
ENSG00000255404	NULL	REPRESSED	NEITHER
ENSG00000255420	REPRESSED	NULL	NEITHER
ENSG00000255426	NULL	REPRESSED	NEITHER
ENSG00000255428	INCONSISTENT	NULL	NEITHER
ENSG00000255438	NULL	REPRESSED	NEITHER
ENSG00000255439	SIMPLE_AND	INCONSISTENT	GM12878
ENSG00000255441	SIMPLE_AND	NULL	GM12878
ENSG00000255446	NULL	INCONSISTENT	NEITHER
ENSG00000255451	NULL	REPRESSED	NEITHER
ENSG00000255460	NULL	REPRESSED	NEITHER
ENSG00000255462	INCONSISTENT	NULL	NEITHER
ENSG00000255463	INCONSISTENT	NULL	NEITHER
ENSG00000255470	NULL	REPRESSED	NEITHER
ENSG00000255471	NULL	INCONSISTENT	NEITHER
ENSG00000255474	REPRESSED	NULL	NEITHER
ENSG00000255475	NULL	REPRESSED	NEITHER
ENSG00000255478	NULL	INCONSISTENT	NEITHER
ENSG00000255479	REPRESSED	NULL	NEITHER
ENSG00000255487	INCONSISTENT	NULL	NEITHER
ENSG00000255492	COMPLEX	NULL	NEITHER
ENSG00000255495	NULL	INCONSISTENT	NEITHER
ENSG00000255498	NULL	INCONSISTENT	NEITHER
ENSG00000255504	REPRESSED	NULL	NEITHER
ENSG00000255507	SIMPLE_AND	INCONSISTENT	GM12878
ENSG00000255508	SIMPLE_AND	INCONSISTENT	GM12878
ENSG00000255513	SIMPLE_AND	INCONSISTENT	GM12878
ENSG00000255517	SIMPLE_AND	INCONSISTENT	GM12878
ENSG00000255521	INCONSISTENT	BIVALENT	NEITHER
ENSG00000255523	REPRESSED	NULL	NEITHER
ENSG00000255529	SIMPLE_AND	COMPLEX	GM12878
ENSG00000255533	NULL	INCONSISTENT	NEITHER
ENSG00000255545	REPRESSED	NULL	NEITHER
ENSG00000255552	REPRESSED	NULL	NEITHER
ENSG00000255553	NULL	INCONSISTENT	NEITHER
ENSG00000255554	NULL	REPRESSED	NEITHER
ENSG00000255555	REPRESSED	NULL	NEITHER
ENSG00000255559	SIMPLE_AND	INCONSISTENT	GM12878
ENSG00000255561	SIMPLE_AND	INCONSISTENT	GM12878
ENSG00000255568	SIMPLE_AND	INCONSISTENT	GM12878
ENSG00000255575	NULL	REPRESSED	NEITHER
ENSG00000255581	REPRESSED	INCONSISTENT	NEITHER
ENSG00000255585	REPRESSED	NULL	NEITHER
ENSG00000255599	REPRESSED	NULL	NEITHER
ENSG00000255621	BIVALENT	INCONSISTENT	NEITHER
ENSG00000255639	INCONSISTENT	SIMPLE_AND	K562
ENSG00000255642	COMPLEX	NULL	NEITHER
ENSG00000255647	SIMPLE_AND	INCONSISTENT	GM12878
ENSG00000255663	COMPLEX	INCONSISTENT	NEITHER
ENSG00000255666	NULL	INCONSISTENT	NEITHER
ENSG00000255670	INCONSISTENT	NULL	NEITHER
ENSG00000255671	NULL	REPRESSED	NEITHER
ENSG00000255672	INCONSISTENT	NULL	NEITHER
ENSG00000255679	NULL	INCONSISTENT	NEITHER
ENSG00000255690	REPRESSED	NULL	NEITHER
ENSG00000255693	COMPLEX	NULL	NEITHER
ENSG00000255704	NULL	REPRESSED	NEITHER
ENSG00000255713	NULL	REPRESSED	NEITHER
ENSG00000255726	NULL	REPRESSED	NEITHER
ENSG00000255730	INCONSISTENT	SIMPLE_AND	K562
ENSG00000255733	SIMPLE_AND	REPRESSED	GM12878
ENSG00000255745	COMPLEX	NULL	NEITHER
ENSG00000255749	REPRESSED	INCONSISTENT	NEITHER
ENSG00000255763	INCONSISTENT	NULL	NEITHER
ENSG00000255774	NULL	REPRESSED	NEITHER
ENSG00000255808	REPRESSED	BIVALENT	NEITHER
ENSG00000255825	NULL	INCONSISTENT	NEITHER
ENSG00000255829	NULL	REPRESSED	NEITHER
ENSG00000255836	NULL	INCONSISTENT	NEITHER
ENSG00000255845	NULL	REPRESSED	NEITHER
ENSG00000255850	COMPLEX	NULL	NEITHER
ENSG00000255856	BIVALENT	COMPLEX	NEITHER
ENSG00000255857	SIMPLE_AND	INCONSISTENT	GM12878
ENSG00000255867	INCONSISTENT	BIVALENT	NEITHER
ENSG00000255870	NULL	REPRESSED	NEITHER
ENSG00000255872	BIVALENT	INCONSISTENT	NEITHER
ENSG00000255874	NULL	INCONSISTENT	NEITHER
ENSG00000255875	REPRESSED	NULL	NEITHER
ENSG00000255883	NULL	INCONSISTENT	NEITHER
ENSG00000255893	SIMPLE_OR	NULL	NEITHER
ENSG00000255916	NULL	REPRESSED	NEITHER
ENSG00000255919	REPRESSED	NULL	NEITHER
ENSG00000255928	REPRESSED	NULL	NEITHER
ENSG00000255929	REPRESSED	NULL	NEITHER
ENSG00000255931	NULL	INCONSISTENT	NEITHER
ENSG00000255966	SIMPLE_AND	INCONSISTENT	GM12878
ENSG00000255980	NULL	REPRESSED	NEITHER
ENSG00000255986	NULL	REPRESSED	NEITHER
ENSG00000255987	NULL	REPRESSED	NEITHER
ENSG00000255995	NULL	INCONSISTENT	NEITHER
ENSG00000256001	NULL	INCONSISTENT	NEITHER
ENSG00000256013	NULL	REPRESSED	NEITHER
ENSG00000256020	NULL	INCONSISTENT	NEITHER
ENSG00000256028	SIMPLE_AND	INCONSISTENT	GM12878
ENSG00000256035	REPRESSED	NULL	NEITHER
ENSG00000256039	COMPLEX	NULL	NEITHER
ENSG00000256041	NULL	REPRESSED	NEITHER
ENSG00000256043	SIMPLE_AND	INCONSISTENT	GM12878
ENSG00000256053	SIMPLE_AND	INCONSISTENT	GM12878
ENSG00000256060	SIMPLE_AND	INCONSISTENT	GM12878
ENSG00000256071	INCONSISTENT	NULL	NEITHER
ENSG00000256073	SIMPLE_AND	INCONSISTENT	GM12878
ENSG00000256079	NULL	REPRESSED	NEITHER
ENSG00000256084	COMPLEX	NULL	NEITHER
ENSG00000256087	SIMPLE_AND	COMPLEX	GM12878
ENSG00000256092	SIMPLE_AND	INCONSISTENT	GM12878
ENSG00000256124	SIMPLE_AND	NULL	GM12878
ENSG00000256128	COMPLEX	INCONSISTENT	NEITHER
ENSG00000256139	NULL	INCONSISTENT	NEITHER
ENSG00000256151	INCONSISTENT	NULL	NEITHER
ENSG00000256159	INCONSISTENT	NULL	NEITHER
ENSG00000256166	NULL	REPRESSED	NEITHER
ENSG00000256167	NULL	REPRESSED	NEITHER
ENSG00000256189	INCONSISTENT	NULL	NEITHER
ENSG00000256196	INCONSISTENT	BIVALENT	NEITHER
ENSG00000256197	REPRESSED	NULL	NEITHER
ENSG00000256204	INCONSISTENT	NULL	NEITHER
ENSG00000256221	NULL	INCONSISTENT	NEITHER
ENSG00000256223	SIMPLE_AND	INCONSISTENT	GM12878
ENSG00000256226	INCONSISTENT	NULL	NEITHER
ENSG00000256232	NULL	INCONSISTENT	NEITHER
ENSG00000256235	SIMPLE_AND	INCONSISTENT	GM12878
ENSG00000256237	INCONSISTENT	REPRESSED	NEITHER
ENSG00000256258	NULL	INCONSISTENT	NEITHER
ENSG00000256259	INCONSISTENT	NULL	NEITHER
ENSG00000256273	NULL	REPRESSED	NEITHER
ENSG00000256278	NULL	INCONSISTENT	NEITHER
ENSG00000256285	REPRESSED	NULL	NEITHER
ENSG00000256294	SIMPLE_AND	INCONSISTENT	GM12878
ENSG00000256299	SIMPLE_OR	NULL	NEITHER
ENSG00000256356	NULL	REPRESSED	NEITHER
ENSG00000256372	REPRESSED	NULL	NEITHER
ENSG00000256381	INCONSISTENT	NULL	NEITHER
ENSG00000256400	REPRESSED	NULL	NEITHER
ENSG00000256417	NULL	INCONSISTENT	NEITHER
ENSG00000256462	REPRESSED	NULL	NEITHER
ENSG00000256465	COMPLEX	NULL	NEITHER
ENSG00000256508	REPRESSED	INCONSISTENT	NEITHER
ENSG00000256537	SIMPLE_AND	INCONSISTENT	GM12878
ENSG00000256546	SIMPLE_OR	SIMPLE_AND	K562
ENSG00000256551	REPRESSED	NULL	NEITHER
ENSG00000256557	NULL	REPRESSED	NEITHER
ENSG00000256560	INCONSISTENT	REPRESSED	NEITHER
ENSG00000256566	SIMPLE_AND	INCONSISTENT	GM12878
ENSG00000256568	SIMPLE_AND	REPRESSED	GM12878
ENSG00000256577	NULL	BIVALENT	NEITHER
ENSG00000256582	COMPLEX	NULL	NEITHER
ENSG00000256591	COMPLEX	SIMPLE_AND	K562
ENSG00000256594	SIMPLE_OR	INCONSISTENT	NEITHER
ENSG00000256603	SIMPLE_AND	INCONSISTENT	GM12878
ENSG00000256616	NULL	BIVALENT	NEITHER
ENSG00000256628	SIMPLE_AND	INCONSISTENT	GM12878
ENSG00000256640	INCONSISTENT	NULL	NEITHER
ENSG00000256654	BIVALENT	NULL	NEITHER
ENSG00000256661	NULL	INCONSISTENT	NEITHER
ENSG00000256672	INCONSISTENT	NULL	NEITHER
ENSG00000256674	REPRESSED	NULL	NEITHER
ENSG00000256681	NULL	INCONSISTENT	NEITHER
ENSG00000256684	NULL	INCONSISTENT	NEITHER
ENSG00000256690	SIMPLE_AND	INCONSISTENT	GM12878
ENSG00000256705	INCONSISTENT	NULL	NEITHER
ENSG00000256706	REPRESSED	INCONSISTENT	NEITHER
ENSG00000256712	SIMPLE_AND	INCONSISTENT	GM12878
ENSG00000256723	INCONSISTENT	NULL	NEITHER
ENSG00000256733	NULL	REPRESSED	NEITHER
ENSG00000256742	SIMPLE_AND	INCONSISTENT	GM12878
ENSG00000256771	COMPLEX	INCONSISTENT	NEITHER
ENSG00000256802	NULL	INCONSISTENT	NEITHER
ENSG00000256804	NULL	REPRESSED	NEITHER
ENSG00000256813	NULL	INCONSISTENT	NEITHER
ENSG00000256814	INCONSISTENT	NULL	NEITHER
ENSG00000256824	REPRESSED	INCONSISTENT	NEITHER
ENSG00000256826	NULL	INCONSISTENT	NEITHER
ENSG00000256827	INCONSISTENT	NULL	NEITHER
ENSG00000256843	INCONSISTENT	COMPLEX	NEITHER
ENSG00000256844	REPRESSED	NULL	NEITHER
ENSG00000256879	REPRESSED	NULL	NEITHER
ENSG00000256950	SIMPLE_AND	INCONSISTENT	GM12878
ENSG00000256966	SIMPLE_AND	INCONSISTENT	GM12878
ENSG00000256968	INCONSISTENT	NULL	NEITHER
ENSG00000256971	NULL	INCONSISTENT	NEITHER
ENSG00000256972	REPRESSED	NULL	NEITHER
ENSG00000256981	REPRESSED	INCONSISTENT	NEITHER
ENSG00000256987	REPRESSED	NULL	NEITHER
ENSG00000256988	COMPLEX	NULL	NEITHER
ENSG00000257016	REPRESSED	NULL	NEITHER
ENSG00000257017	NULL	REPRESSED	NEITHER
ENSG00000257021	NULL	INCONSISTENT	NEITHER
ENSG00000257042	REPRESSED	NULL	NEITHER
ENSG00000257043	NULL	REPRESSED	NEITHER
ENSG00000257048	REPRESSED	NULL	NEITHER
ENSG00000257057	BIVALENT	INCONSISTENT	NEITHER
ENSG00000257058	BIVALENT	INCONSISTENT	NEITHER
ENSG00000257065	NULL	INCONSISTENT	NEITHER
ENSG00000257067	INCONSISTENT	NULL	NEITHER
ENSG00000257069	REPRESSED	NULL	NEITHER
ENSG00000257075	REPRESSED	NULL	NEITHER
ENSG00000257094	NULL	INCONSISTENT	NEITHER
ENSG00000257108	SIMPLE_AND	INCONSISTENT	GM12878
ENSG00000257119	NULL	REPRESSED	NEITHER
ENSG00000257120	NULL	INCONSISTENT	NEITHER
ENSG00000257122	SIMPLE_AND	INCONSISTENT	GM12878
ENSG00000257126	REPRESSED	INCONSISTENT	NEITHER
ENSG00000257127	INCONSISTENT	NULL	NEITHER
ENSG00000257135	COMPLEX	INCONSISTENT	NEITHER
ENSG00000257137	REPRESSED	NULL	NEITHER
ENSG00000257167	SIMPLE_AND	INCONSISTENT	GM12878
ENSG00000257178	SIMPLE_OR	INCONSISTENT	NEITHER
ENSG00000257184	REPRESSED	NULL	NEITHER
ENSG00000257193	NULL	INCONSISTENT	NEITHER
ENSG00000257202	COMPLEX	NULL	NEITHER
ENSG00000257221	SIMPLE_AND	INCONSISTENT	GM12878
ENSG00000257239	NULL	INCONSISTENT	NEITHER
ENSG00000257242	SIMPLE_AND	INCONSISTENT	GM12878
ENSG00000257252	SIMPLE_AND	INCONSISTENT	GM12878
ENSG00000257254	INCONSISTENT	NULL	NEITHER
ENSG00000257261	SIMPLE_AND	INCONSISTENT	GM12878
ENSG00000257267	SIMPLE_AND	INCONSISTENT	GM12878
ENSG00000257268	NULL	REPRESSED	NEITHER
ENSG00000257275	INCONSISTENT	REPRESSED	NEITHER
ENSG00000257281	NULL	REPRESSED	NEITHER
ENSG00000257286	NULL	INCONSISTENT	NEITHER
ENSG00000257298	SIMPLE_OR	NULL	NEITHER
ENSG00000257303	SIMPLE_AND	INCONSISTENT	GM12878
ENSG00000257315	COMPLEX	SIMPLE_AND	K562
ENSG00000257319	REPRESSED	NULL	NEITHER
ENSG00000257322	REPRESSED	NULL	NEITHER
ENSG00000257337	SIMPLE_AND	INCONSISTENT	GM12878
ENSG00000257341	INCONSISTENT	NULL	NEITHER
ENSG00000257343	NULL	REPRESSED	NEITHER
ENSG00000257346	REPRESSED	INCONSISTENT	NEITHER
ENSG00000257354	SIMPLE_AND	INCONSISTENT	GM12878
ENSG00000257355	SIMPLE_AND	INCONSISTENT	GM12878
ENSG00000257359	NULL	INCONSISTENT	NEITHER
ENSG00000257364	NULL	INCONSISTENT	NEITHER
ENSG00000257379	SIMPLE_AND	INCONSISTENT	GM12878
ENSG00000257389	REPRESSED	COMPLEX	NEITHER
ENSG00000257392	NULL	REPRESSED	NEITHER
ENSG00000257400	REPRESSED	NULL	NEITHER
ENSG00000257407	REPRESSED	NULL	NEITHER
ENSG00000257426	INCONSISTENT	NULL	NEITHER
ENSG00000257433	SIMPLE_AND	INCONSISTENT	GM12878
ENSG00000257434	REPRESSED	NULL	NEITHER
ENSG00000257438	NULL	REPRESSED	NEITHER
ENSG00000257443	INCONSISTENT	NULL	NEITHER
ENSG00000257446	SIMPLE_AND	INCONSISTENT	GM12878
ENSG00000257475	SIMPLE_OR	INCONSISTENT	NEITHER
ENSG00000257477	REPRESSED	INCONSISTENT	NEITHER
ENSG00000257488	REPRESSED	INCONSISTENT	NEITHER
ENSG00000257489	SIMPLE_AND	INCONSISTENT	GM12878
ENSG00000257512	NULL	INCONSISTENT	NEITHER
ENSG00000257520	REPRESSED	NULL	NEITHER
ENSG00000257523	REPRESSED	NULL	NEITHER
ENSG00000257524	SIMPLE_AND	INCONSISTENT	GM12878
ENSG00000257529	INCONSISTENT	SIMPLE_AND	K562
ENSG00000257531	SIMPLE_AND	INCONSISTENT	GM12878
ENSG00000257534	NULL	INCONSISTENT	NEITHER
ENSG00000257539	NULL	REPRESSED	NEITHER
ENSG00000257542	NULL	REPRESSED	NEITHER
ENSG00000257545	INCONSISTENT	COMPLEX	NEITHER
ENSG00000257551	BIVALENT	INCONSISTENT	NEITHER
ENSG00000257553	INCONSISTENT	REPRESSED	NEITHER
ENSG00000257563	NULL	INCONSISTENT	NEITHER
ENSG00000257568	INCONSISTENT	NULL	NEITHER
ENSG00000257582	REPRESSED	BIVALENT	NEITHER
ENSG00000257588	REPRESSED	NULL	NEITHER
ENSG00000257591	SIMPLE_AND	NULL	GM12878
ENSG00000257594	SIMPLE_AND	INCONSISTENT	GM12878
ENSG00000257596	COMPLEX	INCONSISTENT	NEITHER
ENSG00000257607	SIMPLE_OR	INCONSISTENT	NEITHER
ENSG00000257612	REPRESSED	NULL	NEITHER
ENSG00000257616	NULL	REPRESSED	NEITHER
ENSG00000257621	COMPLEX	SIMPLE_AND	K562
ENSG00000257622	SIMPLE_OR	INCONSISTENT	NEITHER
ENSG00000257624	NULL	INCONSISTENT	NEITHER
ENSG00000257634	REPRESSED	NULL	NEITHER
ENSG00000257636	REPRESSED	NULL	NEITHER
ENSG00000257642	INCONSISTENT	REPRESSED	NEITHER
ENSG00000257649	REPRESSED	NULL	NEITHER
ENSG00000257653	NULL	REPRESSED	NEITHER
ENSG00000257657	NULL	REPRESSED	NEITHER
ENSG00000257671	INCONSISTENT	NULL	NEITHER
ENSG00000257674	NULL	REPRESSED	NEITHER
ENSG00000257675	NULL	REPRESSED	NEITHER
ENSG00000257683	NULL	REPRESSED	NEITHER
ENSG00000257702	BIVALENT	INCONSISTENT	NEITHER
ENSG00000257704	SIMPLE_AND	INCONSISTENT	GM12878
ENSG00000257725	INCONSISTENT	NULL	NEITHER
ENSG00000257732	NULL	INCONSISTENT	NEITHER
ENSG00000257743	NULL	REPRESSED	NEITHER
ENSG00000257746	NULL	INCONSISTENT	NEITHER
ENSG00000257751	NULL	INCONSISTENT	NEITHER
ENSG00000257761	NULL	INCONSISTENT	NEITHER
ENSG00000257764	NULL	INCONSISTENT	NEITHER
ENSG00000257771	NULL	INCONSISTENT	NEITHER
ENSG00000257797	NULL	REPRESSED	NEITHER
ENSG00000257800	SIMPLE_AND	INCONSISTENT	GM12878
ENSG00000257808	NULL	INCONSISTENT	NEITHER
ENSG00000257815	SIMPLE_AND	INCONSISTENT	GM12878
ENSG00000257818	REPRESSED	NULL	NEITHER
ENSG00000257824	NULL	REPRESSED	NEITHER
ENSG00000257830	REPRESSED	INCONSISTENT	NEITHER
ENSG00000257839	SIMPLE_AND	INCONSISTENT	GM12878
ENSG00000257842	NULL	INCONSISTENT	NEITHER
ENSG00000257846	NULL	INCONSISTENT	NEITHER
ENSG00000257851	REPRESSED	NULL	NEITHER
ENSG00000257883	NULL	REPRESSED	NEITHER
ENSG00000257906	NULL	INCONSISTENT	NEITHER
ENSG00000257910	BIVALENT	INCONSISTENT	NEITHER
ENSG00000257913	SIMPLE_AND	INCONSISTENT	GM12878
ENSG00000257918	NULL	REPRESSED	NEITHER
ENSG00000257925	NULL	INCONSISTENT	NEITHER
ENSG00000257943	NULL	REPRESSED	NEITHER
ENSG00000257949	SIMPLE_AND	INCONSISTENT	GM12878
ENSG00000257950	COMPLEX	INCONSISTENT	NEITHER
ENSG00000257955	NULL	REPRESSED	NEITHER
ENSG00000257985	NULL	REPRESSED	NEITHER
ENSG00000257987	NULL	REPRESSED	NEITHER
ENSG00000257989	INCONSISTENT	REPRESSED	NEITHER
ENSG00000257991	REPRESSED	NULL	NEITHER
ENSG00000257994	INCONSISTENT	NULL	NEITHER
ENSG00000258012	REPRESSED	NULL	NEITHER
ENSG00000258017	SIMPLE_AND	INCONSISTENT	GM12878
ENSG00000258039	REPRESSED	NULL	NEITHER
ENSG00000258048	INCONSISTENT	NULL	NEITHER
ENSG00000258052	REPRESSED	NULL	NEITHER
ENSG00000258053	NULL	INCONSISTENT	NEITHER
ENSG00000258056	SIMPLE_AND	INCONSISTENT	GM12878
ENSG00000258057	SIMPLE_AND	INCONSISTENT	GM12878
ENSG00000258064	NULL	INCONSISTENT	NEITHER
ENSG00000258072	BIVALENT	INCONSISTENT	NEITHER
ENSG00000258077	INCONSISTENT	NULL	NEITHER
ENSG00000258081	NULL	INCONSISTENT	NEITHER
ENSG00000258082	SIMPLE_AND	INCONSISTENT	GM12878
ENSG00000258083	REPRESSED	NULL	NEITHER
ENSG00000258086	NULL	INCONSISTENT	NEITHER
ENSG00000258091	REPRESSED	NULL	NEITHER
ENSG00000258092	INCONSISTENT	NULL	NEITHER
ENSG00000258099	SIMPLE_AND	INCONSISTENT	GM12878
ENSG00000258102	REPRESSED	INCONSISTENT	NEITHER
ENSG00000258121	REPRESSED	NULL	NEITHER
ENSG00000258125	NULL	SIMPLE_AND	K562
ENSG00000258128	NULL	INCONSISTENT	NEITHER
ENSG00000258131	REPRESSED	INCONSISTENT	NEITHER
ENSG00000258136	INCONSISTENT	NULL	NEITHER
ENSG00000258137	NULL	INCONSISTENT	NEITHER
ENSG00000258144	INCONSISTENT	NULL	NEITHER
ENSG00000258168	SIMPLE_AND	INCONSISTENT	GM12878
ENSG00000258169	REPRESSED	NULL	NEITHER
ENSG00000258172	NULL	REPRESSED	NEITHER
ENSG00000258181	NULL	INCONSISTENT	NEITHER
ENSG00000258183	INCONSISTENT	NULL	NEITHER
ENSG00000258186	INCONSISTENT	SIMPLE_AND	K562
ENSG00000258197	REPRESSED	NULL	NEITHER
ENSG00000258203	NULL	REPRESSED	NEITHER
ENSG00000258212	REPRESSED	NULL	NEITHER
ENSG00000258230	REPRESSED	NULL	NEITHER
ENSG00000258233	NULL	REPRESSED	NEITHER
ENSG00000258249	NULL	INCONSISTENT	NEITHER
ENSG00000258253	NULL	REPRESSED	NEITHER
ENSG00000258256	COMPLEX	INCONSISTENT	NEITHER
ENSG00000258260	NULL	INCONSISTENT	NEITHER
ENSG00000258272	INCONSISTENT	NULL	NEITHER
ENSG00000258274	NULL	INCONSISTENT	NEITHER
ENSG00000258285	BIVALENT	INCONSISTENT	NEITHER
ENSG00000258289	COMPLEX	SIMPLE_AND	K562
ENSG00000258304	NULL	INCONSISTENT	NEITHER
ENSG00000258311	SIMPLE_AND	INCONSISTENT	GM12878
ENSG00000258315	SIMPLE_AND	INCONSISTENT	GM12878
ENSG00000258320	NULL	INCONSISTENT	NEITHER
ENSG00000258325	SIMPLE_AND	INCONSISTENT	GM12878
ENSG00000258338	NULL	INCONSISTENT	NEITHER
ENSG00000258346	NULL	REPRESSED	NEITHER
ENSG00000258350	NULL	REPRESSED	NEITHER
ENSG00000258354	NULL	INCONSISTENT	NEITHER
ENSG00000258355	INCONSISTENT	BIVALENT	NEITHER
ENSG00000258365	SIMPLE_OR	NULL	NEITHER
ENSG00000258368	REPRESSED	NULL	NEITHER
ENSG00000258388	SIMPLE_OR	INCONSISTENT	NEITHER
ENSG00000258393	NULL	REPRESSED	NEITHER
ENSG00000258411	INCONSISTENT	NULL	NEITHER
ENSG00000258419	REPRESSED	NULL	NEITHER
ENSG00000258422	BIVALENT	NULL	NEITHER
ENSG00000258425	NULL	REPRESSED	NEITHER
ENSG00000258429	SIMPLE_AND	INCONSISTENT	GM12878
ENSG00000258430	NULL	INCONSISTENT	NEITHER
ENSG00000258433	NULL	REPRESSED	NEITHER
ENSG00000258436	NULL	INCONSISTENT	NEITHER
ENSG00000258439	NULL	INCONSISTENT	NEITHER
ENSG00000258446	SIMPLE_AND	INCONSISTENT	GM12878
ENSG00000258449	INCONSISTENT	NULL	NEITHER
ENSG00000258454	COMPLEX	NULL	NEITHER
ENSG00000258457	BIVALENT	INCONSISTENT	NEITHER
ENSG00000258460	NULL	REPRESSED	NEITHER
ENSG00000258465	SIMPLE_AND	INCONSISTENT	GM12878
ENSG00000258468	NULL	INCONSISTENT	NEITHER
ENSG00000258469	SIMPLE_OR	NULL	NEITHER
ENSG00000258483	REPRESSED	NULL	NEITHER
ENSG00000258484	COMPLEX	INCONSISTENT	NEITHER
ENSG00000258489	NULL	REPRESSED	NEITHER
ENSG00000258503	REPRESSED	NULL	NEITHER
ENSG00000258509	REPRESSED	NULL	NEITHER
ENSG00000258517	REPRESSED	NULL	NEITHER
ENSG00000258520	REPRESSED	BIVALENT	NEITHER
ENSG00000258521	INCONSISTENT	NULL	NEITHER
ENSG00000258524	INCONSISTENT	NULL	NEITHER
ENSG00000258526	SIMPLE_AND	INCONSISTENT	GM12878
ENSG00000258527	NULL	INCONSISTENT	NEITHER
ENSG00000258539	SIMPLE_AND	INCONSISTENT	GM12878
ENSG00000258545	INCONSISTENT	NULL	NEITHER
ENSG00000258546	REPRESSED	NULL	NEITHER
ENSG00000258555	SIMPLE_AND	INCONSISTENT	GM12878
ENSG00000258556	NULL	REPRESSED	NEITHER
ENSG00000258558	NULL	INCONSISTENT	NEITHER
ENSG00000258561	SIMPLE_AND	INCONSISTENT	GM12878
ENSG00000258563	REPRESSED	NULL	NEITHER
ENSG00000258566	NULL	REPRESSED	NEITHER
ENSG00000258568	SIMPLE_AND	INCONSISTENT	GM12878
ENSG00000258576	NULL	INCONSISTENT	NEITHER
ENSG00000258583	NULL	INCONSISTENT	NEITHER
ENSG00000258591	SIMPLE_OR	INCONSISTENT	NEITHER
ENSG00000258592	NULL	INCONSISTENT	NEITHER
ENSG00000258603	BIVALENT	NULL	NEITHER
ENSG00000258604	REPRESSED	INCONSISTENT	NEITHER
ENSG00000258611	NULL	REPRESSED	NEITHER
ENSG00000258618	NULL	INCONSISTENT	NEITHER
ENSG00000258620	NULL	INCONSISTENT	NEITHER
ENSG00000258623	INCONSISTENT	NULL	NEITHER
ENSG00000258630	INCONSISTENT	BIVALENT	NEITHER
ENSG00000258634	NULL	INCONSISTENT	NEITHER
ENSG00000258636	REPRESSED	INCONSISTENT	NEITHER
ENSG00000258639	REPRESSED	NULL	NEITHER
ENSG00000258650	REPRESSED	NULL	NEITHER
ENSG00000258655	COMPLEX	INCONSISTENT	NEITHER
ENSG00000258658	INCONSISTENT	NULL	NEITHER
ENSG00000258659	NULL	INCONSISTENT	NEITHER
ENSG00000258661	REPRESSED	NULL	NEITHER
ENSG00000258667	SIMPLE_AND	INCONSISTENT	GM12878
ENSG00000258670	REPRESSED	NULL	NEITHER
ENSG00000258673	INCONSISTENT	REPRESSED	NEITHER
ENSG00000258674	SIMPLE_AND	INCONSISTENT	GM12878
ENSG00000258681	NULL	REPRESSED	NEITHER
ENSG00000258689	NULL	INCONSISTENT	NEITHER
ENSG00000258698	NULL	REPRESSED	NEITHER
ENSG00000258699	INCONSISTENT	NULL	NEITHER
ENSG00000258700	REPRESSED	NULL	NEITHER
ENSG00000258702	INCONSISTENT	BIVALENT	NEITHER
ENSG00000258704	SIMPLE_AND	INCONSISTENT	GM12878
ENSG00000258708	NULL	INCONSISTENT	NEITHER
ENSG00000258717	NULL	INCONSISTENT	NEITHER
ENSG00000258735	INCONSISTENT	BIVALENT	NEITHER
ENSG00000258736	INCONSISTENT	REPRESSED	NEITHER
ENSG00000258737	COMPLEX	NULL	NEITHER
ENSG00000258738	SIMPLE_AND	INCONSISTENT	GM12878
ENSG00000258740	REPRESSED	NULL	NEITHER
ENSG00000258741	NULL	INCONSISTENT	NEITHER
ENSG00000258748	REPRESSED	INCONSISTENT	NEITHER
ENSG00000258752	INCONSISTENT	NULL	NEITHER
ENSG00000258760	SIMPLE_AND	NULL	GM12878
ENSG00000258768	NULL	INCONSISTENT	NEITHER
ENSG00000258789	REPRESSED	NULL	NEITHER
ENSG00000258790	SIMPLE_AND	INCONSISTENT	GM12878
ENSG00000258792	INCONSISTENT	NULL	NEITHER
ENSG00000258800	COMPLEX	NULL	NEITHER
ENSG00000258802	REPRESSED	NULL	NEITHER
ENSG00000258810	INCONSISTENT	NULL	NEITHER
ENSG00000258823	NULL	INCONSISTENT	NEITHER
ENSG00000258824	SIMPLE_OR	NULL	NEITHER
ENSG00000258834	INCONSISTENT	NULL	NEITHER
ENSG00000258842	SIMPLE_AND	NULL	GM12878
ENSG00000258843	INCONSISTENT	NULL	NEITHER
ENSG00000258860	NULL	INCONSISTENT	NEITHER
ENSG00000258866	NULL	REPRESSED	NEITHER
ENSG00000258867	NULL	INCONSISTENT	NEITHER
ENSG00000258873	REPRESSED	NULL	NEITHER
ENSG00000258875	SIMPLE_AND	NULL	GM12878
ENSG00000258881	SIMPLE_AND	INCONSISTENT	GM12878
ENSG00000258883	NULL	REPRESSED	NEITHER
ENSG00000258886	REPRESSED	NULL	NEITHER
ENSG00000258904	SIMPLE_OR	NULL	NEITHER
ENSG00000258908	NULL	INCONSISTENT	NEITHER
ENSG00000258927	NULL	INCONSISTENT	NEITHER
ENSG00000258931	REPRESSED	NULL	NEITHER
ENSG00000258932	NULL	INCONSISTENT	NEITHER
ENSG00000258940	SIMPLE_AND	INCONSISTENT	GM12878
ENSG00000258947	BIVALENT	INCONSISTENT	NEITHER
ENSG00000258952	REPRESSED	NULL	NEITHER
ENSG00000258966	REPRESSED	NULL	NEITHER
ENSG00000258973	SIMPLE_OR	NULL	NEITHER
ENSG00000258980	REPRESSED	NULL	NEITHER
ENSG00000258986	REPRESSED	BIVALENT	NEITHER
ENSG00000259006	BIVALENT	INCONSISTENT	NEITHER
ENSG00000259007	NULL	REPRESSED	NEITHER
ENSG00000259013	INCONSISTENT	NULL	NEITHER
ENSG00000259018	NULL	REPRESSED	NEITHER
ENSG00000259020	REPRESSED	NULL	NEITHER
ENSG00000259021	NULL	REPRESSED	NEITHER
ENSG00000259024	NULL	INCONSISTENT	NEITHER
ENSG00000259030	SIMPLE_AND	INCONSISTENT	GM12878
ENSG00000259033	REPRESSED	INCONSISTENT	NEITHER
ENSG00000259036	NULL	REPRESSED	NEITHER
ENSG00000259037	NULL	REPRESSED	NEITHER
ENSG00000259046	REPRESSED	NULL	NEITHER
ENSG00000259062	BIVALENT	INCONSISTENT	NEITHER
ENSG00000259064	INCONSISTENT	NULL	NEITHER
ENSG00000259074	REPRESSED	NULL	NEITHER
ENSG00000259079	COMPLEX	NULL	NEITHER
ENSG00000259080	SIMPLE_AND	INCONSISTENT	GM12878
ENSG00000259081	INCONSISTENT	NULL	NEITHER
ENSG00000259084	INCONSISTENT	NULL	NEITHER
ENSG00000259087	REPRESSED	NULL	NEITHER
ENSG00000259088	SIMPLE_AND	INCONSISTENT	GM12878
ENSG00000259095	NULL	COMPLEX	NEITHER
ENSG00000259096	REPRESSED	NULL	NEITHER
ENSG00000259115	INCONSISTENT	BIVALENT	NEITHER
ENSG00000259116	COMPLEX	NULL	NEITHER
ENSG00000259120	INCONSISTENT	NULL	NEITHER
ENSG00000259126	REPRESSED	NULL	NEITHER
ENSG00000259132	BIVALENT	INCONSISTENT	NEITHER
ENSG00000259133	NULL	REPRESSED	NEITHER
ENSG00000259134	NULL	REPRESSED	NEITHER
ENSG00000259143	NULL	INCONSISTENT	NEITHER
ENSG00000259150	REPRESSED	NULL	NEITHER
ENSG00000259161	INCONSISTENT	NULL	NEITHER
ENSG00000259175	REPRESSED	NULL	NEITHER
ENSG00000259178	INCONSISTENT	REPRESSED	NEITHER
ENSG00000259179	REPRESSED	NULL	NEITHER
ENSG00000259180	NULL	REPRESSED	NEITHER
ENSG00000259182	REPRESSED	COMPLEX	NEITHER
ENSG00000259192	INCONSISTENT	NULL	NEITHER
ENSG00000259198	NULL	REPRESSED	NEITHER
ENSG00000259203	REPRESSED	NULL	NEITHER
ENSG00000259204	INCONSISTENT	NULL	NEITHER
ENSG00000259207	SIMPLE_OR	INCONSISTENT	NEITHER
ENSG00000259211	INCONSISTENT	NULL	NEITHER
ENSG00000259216	NULL	INCONSISTENT	NEITHER
ENSG00000259222	NULL	REPRESSED	NEITHER
ENSG00000259229	NULL	REPRESSED	NEITHER
ENSG00000259230	REPRESSED	NULL	NEITHER
ENSG00000259234	NULL	REPRESSED	NEITHER
ENSG00000259240	NULL	INCONSISTENT	NEITHER
ENSG00000259242	INCONSISTENT	NULL	NEITHER
ENSG00000259248	SIMPLE_AND	NULL	GM12878
ENSG00000259250	INCONSISTENT	NULL	NEITHER
ENSG00000259252	INCONSISTENT	NULL	NEITHER
ENSG00000259255	REPRESSED	NULL	NEITHER
ENSG00000259256	COMPLEX	NULL	NEITHER
ENSG00000259259	REPRESSED	NULL	NEITHER
ENSG00000259275	BIVALENT	INCONSISTENT	NEITHER
ENSG00000259276	INCONSISTENT	REPRESSED	NEITHER
ENSG00000259278	NULL	REPRESSED	NEITHER
ENSG00000259280	REPRESSED	NULL	NEITHER
ENSG00000259281	NULL	INCONSISTENT	NEITHER
ENSG00000259284	NULL	REPRESSED	NEITHER
ENSG00000259285	REPRESSED	INCONSISTENT	NEITHER
ENSG00000259286	NULL	REPRESSED	NEITHER
ENSG00000259290	REPRESSED	NULL	NEITHER
ENSG00000259305	SIMPLE_AND	INCONSISTENT	GM12878
ENSG00000259307	NULL	INCONSISTENT	NEITHER
ENSG00000259309	REPRESSED	NULL	NEITHER
ENSG00000259312	NULL	REPRESSED	NEITHER
ENSG00000259315	NULL	INCONSISTENT	NEITHER
ENSG00000259319	SIMPLE_AND	INCONSISTENT	GM12878
ENSG00000259321	SIMPLE_AND	INCONSISTENT	GM12878
ENSG00000259327	NULL	INCONSISTENT	NEITHER
ENSG00000259330	INCONSISTENT	SIMPLE_AND	K562
ENSG00000259334	NULL	INCONSISTENT	NEITHER
ENSG00000259336	NULL	INCONSISTENT	NEITHER
ENSG00000259341	NULL	REPRESSED	NEITHER
ENSG00000259343	SIMPLE_AND	INCONSISTENT	GM12878
ENSG00000259345	INCONSISTENT	NULL	NEITHER
ENSG00000259354	NULL	REPRESSED	NEITHER
ENSG00000259363	NULL	INCONSISTENT	NEITHER
ENSG00000259364	INCONSISTENT	NULL	NEITHER
ENSG00000259366	SIMPLE_OR	NULL	NEITHER
ENSG00000259368	BIVALENT	INCONSISTENT	NEITHER
ENSG00000259369	NULL	REPRESSED	NEITHER
ENSG00000259370	NULL	REPRESSED	NEITHER
ENSG00000259375	INCONSISTENT	NULL	NEITHER
ENSG00000259376	NULL	REPRESSED	NEITHER
ENSG00000259390	NULL	INCONSISTENT	NEITHER
ENSG00000259394	NULL	REPRESSED	NEITHER
ENSG00000259404	SIMPLE_OR	REPRESSED	NEITHER
ENSG00000259407	NULL	REPRESSED	NEITHER
ENSG00000259408	NULL	REPRESSED	NEITHER
ENSG00000259410	BIVALENT	INCONSISTENT	NEITHER
ENSG00000259413	REPRESSED	NULL	NEITHER
ENSG00000259415	SIMPLE_AND	INCONSISTENT	GM12878
ENSG00000259420	NULL	INCONSISTENT	NEITHER
ENSG00000259421	INCONSISTENT	NULL	NEITHER
ENSG00000259422	INCONSISTENT	REPRESSED	NEITHER
ENSG00000259425	NULL	INCONSISTENT	NEITHER
ENSG00000259428	REPRESSED	NULL	NEITHER
ENSG00000259431	SIMPLE_AND	INCONSISTENT	GM12878
ENSG00000259432	NULL	REPRESSED	NEITHER
ENSG00000259433	NULL	REPRESSED	NEITHER
ENSG00000259448	SIMPLE_AND	BIVALENT	GM12878
ENSG00000259453	SIMPLE_AND	NULL	GM12878
ENSG00000259459	NULL	INCONSISTENT	NEITHER
ENSG00000259460	SIMPLE_AND	INCONSISTENT	GM12878
ENSG00000259462	BIVALENT	INCONSISTENT	NEITHER
ENSG00000259463	INCONSISTENT	NULL	NEITHER
ENSG00000259464	NULL	REPRESSED	NEITHER
ENSG00000259467	SIMPLE_AND	INCONSISTENT	GM12878
ENSG00000259471	NULL	INCONSISTENT	NEITHER
ENSG00000259473	COMPLEX	NULL	NEITHER
ENSG00000259475	INCONSISTENT	NULL	NEITHER
ENSG00000259479	NULL	REPRESSED	NEITHER
ENSG00000259482	INCONSISTENT	NULL	NEITHER
ENSG00000259488	SIMPLE_AND	INCONSISTENT	GM12878
ENSG00000259494	SIMPLE_AND	INCONSISTENT	GM12878
ENSG00000259496	REPRESSED	NULL	NEITHER
ENSG00000259498	BIVALENT	INCONSISTENT	NEITHER
ENSG00000259503	INCONSISTENT	NULL	NEITHER
ENSG00000259504	NULL	REPRESSED	NEITHER
ENSG00000259511	NULL	INCONSISTENT	NEITHER
ENSG00000259513	INCONSISTENT	NULL	NEITHER
ENSG00000259514	BIVALENT	NULL	NEITHER
ENSG00000259517	REPRESSED	NULL	NEITHER
ENSG00000259519	NULL	INCONSISTENT	NEITHER
ENSG00000259520	SIMPLE_AND	INCONSISTENT	GM12878
ENSG00000259521	INCONSISTENT	NULL	NEITHER
ENSG00000259522	SIMPLE_AND	INCONSISTENT	GM12878
ENSG00000259523	REPRESSED	INCONSISTENT	NEITHER
ENSG00000259529	SIMPLE_AND	INCONSISTENT	GM12878
ENSG00000259538	NULL	INCONSISTENT	NEITHER
ENSG00000259539	SIMPLE_AND	INCONSISTENT	GM12878
ENSG00000259541	NULL	REPRESSED	NEITHER
ENSG00000259551	NULL	INCONSISTENT	NEITHER
ENSG00000259553	NULL	INCONSISTENT	NEITHER
ENSG00000259555	NULL	REPRESSED	NEITHER
ENSG00000259557	NULL	REPRESSED	NEITHER
ENSG00000259560	NULL	INCONSISTENT	NEITHER
ENSG00000259561	NULL	REPRESSED	NEITHER
ENSG00000259564	NULL	REPRESSED	NEITHER
ENSG00000259577	INCONSISTENT	BIVALENT	NEITHER
ENSG00000259580	NULL	REPRESSED	NEITHER
ENSG00000259583	SIMPLE_AND	BIVALENT	GM12878
ENSG00000259586	NULL	REPRESSED	NEITHER
ENSG00000259594	NULL	REPRESSED	NEITHER
ENSG00000259603	NULL	REPRESSED	NEITHER
ENSG00000259604	NULL	REPRESSED	NEITHER
ENSG00000259605	NULL	INCONSISTENT	NEITHER
ENSG00000259608	REPRESSED	NULL	NEITHER
ENSG00000259609	INCONSISTENT	REPRESSED	NEITHER
ENSG00000259615	INCONSISTENT	NULL	NEITHER
ENSG00000259621	NULL	REPRESSED	NEITHER
ENSG00000259623	SIMPLE_OR	NULL	NEITHER
ENSG00000259630	SIMPLE_OR	NULL	NEITHER
ENSG00000259631	NULL	REPRESSED	NEITHER
ENSG00000259647	NULL	REPRESSED	NEITHER
ENSG00000259649	NULL	REPRESSED	NEITHER
ENSG00000259650	NULL	REPRESSED	NEITHER
ENSG00000259654	INCONSISTENT	NULL	NEITHER
ENSG00000259658	NULL	INCONSISTENT	NEITHER
ENSG00000259661	SIMPLE_OR	NULL	NEITHER
ENSG00000259663	REPRESSED	NULL	NEITHER
ENSG00000259664	REPRESSED	NULL	NEITHER
ENSG00000259666	NULL	REPRESSED	NEITHER
ENSG00000259669	INCONSISTENT	NULL	NEITHER
ENSG00000259673	SIMPLE_AND	INCONSISTENT	GM12878
ENSG00000259674	INCONSISTENT	REPRESSED	NEITHER
ENSG00000259676	NULL	REPRESSED	NEITHER
ENSG00000259686	REPRESSED	NULL	NEITHER
ENSG00000259691	NULL	REPRESSED	NEITHER
ENSG00000259694	NULL	INCONSISTENT	NEITHER
ENSG00000259695	NULL	REPRESSED	NEITHER
ENSG00000259697	NULL	REPRESSED	NEITHER
ENSG00000259702	REPRESSED	NULL	NEITHER
ENSG00000259704	SIMPLE_AND	INCONSISTENT	GM12878
ENSG00000259705	INCONSISTENT	NULL	NEITHER
ENSG00000259711	REPRESSED	NULL	NEITHER
ENSG00000259712	SIMPLE_AND	NULL	GM12878
ENSG00000259713	NULL	REPRESSED	NEITHER
ENSG00000259723	NULL	INCONSISTENT	NEITHER
ENSG00000259725	REPRESSED	NULL	NEITHER
ENSG00000259735	NULL	REPRESSED	NEITHER
ENSG00000259736	SIMPLE_AND	INCONSISTENT	GM12878
ENSG00000259742	NULL	REPRESSED	NEITHER
ENSG00000259750	INCONSISTENT	NULL	NEITHER
ENSG00000259755	NULL	INCONSISTENT	NEITHER
ENSG00000259759	REPRESSED	NULL	NEITHER
ENSG00000259763	INCONSISTENT	NULL	NEITHER
ENSG00000259768	SIMPLE_AND	INCONSISTENT	GM12878
ENSG00000259770	INCONSISTENT	NULL	NEITHER
ENSG00000259771	NULL	REPRESSED	NEITHER
ENSG00000259772	SIMPLE_AND	NULL	GM12878
ENSG00000259774	NULL	INCONSISTENT	NEITHER
ENSG00000259775	SIMPLE_AND	INCONSISTENT	GM12878
ENSG00000259779	INCONSISTENT	NULL	NEITHER
ENSG00000259783	NULL	INCONSISTENT	NEITHER
ENSG00000259786	NULL	INCONSISTENT	NEITHER
ENSG00000259790	NULL	REPRESSED	NEITHER
ENSG00000259792	INCONSISTENT	NULL	NEITHER
ENSG00000259797	SIMPLE_OR	NULL	NEITHER
ENSG00000259802	SIMPLE_AND	INCONSISTENT	GM12878
ENSG00000259803	REPRESSED	BIVALENT	NEITHER
ENSG00000259804	SIMPLE_AND	INCONSISTENT	GM12878
ENSG00000259805	NULL	REPRESSED	NEITHER
ENSG00000259814	NULL	REPRESSED	NEITHER
ENSG00000259821	NULL	REPRESSED	NEITHER
ENSG00000259826	SIMPLE_AND	INCONSISTENT	GM12878
ENSG00000259836	REPRESSED	NULL	NEITHER
ENSG00000259844	REPRESSED	NULL	NEITHER
ENSG00000259849	NULL	INCONSISTENT	NEITHER
ENSG00000259863	BIVALENT	NULL	NEITHER
ENSG00000259869	REPRESSED	INCONSISTENT	NEITHER
ENSG00000259870	NULL	INCONSISTENT	NEITHER
ENSG00000259874	INCONSISTENT	NULL	NEITHER
ENSG00000259877	SIMPLE_AND	INCONSISTENT	GM12878
ENSG00000259881	NULL	INCONSISTENT	NEITHER
ENSG00000259887	NULL	INCONSISTENT	NEITHER
ENSG00000259891	SIMPLE_OR	INCONSISTENT	NEITHER
ENSG00000259895	SIMPLE_OR	NULL	NEITHER
ENSG00000259899	NULL	INCONSISTENT	NEITHER
ENSG00000259907	NULL	REPRESSED	NEITHER
ENSG00000259909	NULL	INCONSISTENT	NEITHER
ENSG00000259914	NULL	REPRESSED	NEITHER
ENSG00000259917	NULL	INCONSISTENT	NEITHER
ENSG00000259918	INCONSISTENT	NULL	NEITHER
ENSG00000259920	INCONSISTENT	NULL	NEITHER
ENSG00000259921	INCONSISTENT	NULL	NEITHER
ENSG00000259922	INCONSISTENT	REPRESSED	NEITHER
ENSG00000259924	SIMPLE_OR	NULL	NEITHER
ENSG00000259926	SIMPLE_OR	NULL	NEITHER
ENSG00000259932	INCONSISTENT	SIMPLE_AND	K562
ENSG00000259935	NULL	INCONSISTENT	NEITHER
ENSG00000259937	REPRESSED	NULL	NEITHER
ENSG00000259941	REPRESSED	NULL	NEITHER
ENSG00000259943	SIMPLE_AND	INCONSISTENT	GM12878
ENSG00000259952	SIMPLE_AND	INCONSISTENT	GM12878
ENSG00000259953	SIMPLE_OR	INCONSISTENT	NEITHER
ENSG00000259954	COMPLEX	NULL	NEITHER
ENSG00000259956	SIMPLE_AND	INCONSISTENT	GM12878
ENSG00000259968	REPRESSED	NULL	NEITHER
ENSG00000259977	REPRESSED	NULL	NEITHER
ENSG00000259984	SIMPLE_AND	INCONSISTENT	GM12878
ENSG00000259985	SIMPLE_AND	COMPLEX	GM12878
ENSG00000259986	NULL	INCONSISTENT	NEITHER
ENSG00000259990	NULL	INCONSISTENT	NEITHER
ENSG00000260000	SIMPLE_AND	INCONSISTENT	GM12878
ENSG00000260001	INCONSISTENT	NULL	NEITHER
ENSG00000260005	INCONSISTENT	NULL	NEITHER
ENSG00000260008	REPRESSED	NULL	NEITHER
ENSG00000260009	NULL	REPRESSED	NEITHER
ENSG00000260018	SIMPLE_AND	INCONSISTENT	GM12878
ENSG00000260022	NULL	REPRESSED	NEITHER
ENSG00000260025	BIVALENT	INCONSISTENT	NEITHER
ENSG00000260026	REPRESSED	NULL	NEITHER
ENSG00000260027	NULL	INCONSISTENT	NEITHER
ENSG00000260030	SIMPLE_AND	REPRESSED	GM12878
ENSG00000260033	REPRESSED	NULL	NEITHER
ENSG00000260035	INCONSISTENT	SIMPLE_AND	K562
ENSG00000260041	REPRESSED	NULL	NEITHER
ENSG00000260053	NULL	SIMPLE_OR	NEITHER
ENSG00000260063	SIMPLE_AND	INCONSISTENT	GM12878
ENSG00000260066	REPRESSED	BIVALENT	NEITHER
ENSG00000260077	NULL	INCONSISTENT	NEITHER
ENSG00000260078	NULL	REPRESSED	NEITHER
ENSG00000260083	SIMPLE_AND	INCONSISTENT	GM12878
ENSG00000260095	REPRESSED	INCONSISTENT	NEITHER
ENSG00000260101	SIMPLE_AND	INCONSISTENT	GM12878
ENSG00000260103	COMPLEX	INCONSISTENT	NEITHER
ENSG00000260105	NULL	REPRESSED	NEITHER
ENSG00000260108	SIMPLE_OR	NULL	NEITHER
ENSG00000260111	INCONSISTENT	NULL	NEITHER
ENSG00000260113	NULL	INCONSISTENT	NEITHER
ENSG00000260122	NULL	REPRESSED	NEITHER
ENSG00000260123	NULL	INCONSISTENT	NEITHER
ENSG00000260126	NULL	INCONSISTENT	NEITHER
ENSG00000260133	NULL	INCONSISTENT	NEITHER
ENSG00000260137	NULL	INCONSISTENT	NEITHER
ENSG00000260145	NULL	COMPLEX	NEITHER
ENSG00000260148	BIVALENT	INCONSISTENT	NEITHER
ENSG00000260151	INCONSISTENT	NULL	NEITHER
ENSG00000260156	NULL	INCONSISTENT	NEITHER
ENSG00000260160	REPRESSED	NULL	NEITHER
ENSG00000260161	NULL	REPRESSED	NEITHER
ENSG00000260163	INCONSISTENT	NULL	NEITHER
ENSG00000260172	NULL	COMPLEX	NEITHER
ENSG00000260173	INCONSISTENT	NULL	NEITHER
ENSG00000260174	NULL	REPRESSED	NEITHER
ENSG00000260179	SIMPLE_OR	NULL	NEITHER
ENSG00000260186	NULL	REPRESSED	NEITHER
ENSG00000260192	NULL	INCONSISTENT	NEITHER
ENSG00000260193	SIMPLE_AND	INCONSISTENT	GM12878
ENSG00000260198	NULL	REPRESSED	NEITHER
ENSG00000260209	NULL	INCONSISTENT	NEITHER
ENSG00000260219	SIMPLE_AND	INCONSISTENT	GM12878
ENSG00000260224	INCONSISTENT	NULL	NEITHER
ENSG00000260230	REPRESSED	NULL	NEITHER
ENSG00000260231	BIVALENT	INCONSISTENT	NEITHER
ENSG00000260233	SIMPLE_AND	INCONSISTENT	GM12878
ENSG00000260236	SIMPLE_AND	INCONSISTENT	GM12878
ENSG00000260247	NULL	INCONSISTENT	NEITHER
ENSG00000260249	INCONSISTENT	NULL	NEITHER
ENSG00000260252	NULL	REPRESSED	NEITHER
ENSG00000260254	REPRESSED	NULL	NEITHER
ENSG00000260256	NULL	REPRESSED	NEITHER
ENSG00000260261	SIMPLE_AND	INCONSISTENT	GM12878
ENSG00000260267	SIMPLE_AND	INCONSISTENT	GM12878
ENSG00000260272	NULL	INCONSISTENT	NEITHER
ENSG00000260274	SIMPLE_AND	INCONSISTENT	GM12878
ENSG00000260285	SIMPLE_AND	INCONSISTENT	GM12878
ENSG00000260289	NULL	INCONSISTENT	NEITHER
ENSG00000260293	SIMPLE_AND	INCONSISTENT	GM12878
ENSG00000260303	INCONSISTENT	NULL	NEITHER
ENSG00000260305	REPRESSED	NULL	NEITHER
ENSG00000260314	REPRESSED	NULL	NEITHER
ENSG00000260337	NULL	REPRESSED	NEITHER
ENSG00000260338	NULL	REPRESSED	NEITHER
ENSG00000260366	NULL	INCONSISTENT	NEITHER
ENSG00000260369	SIMPLE_AND	INCONSISTENT	GM12878
ENSG00000260372	BIVALENT	INCONSISTENT	NEITHER
ENSG00000260377	NULL	INCONSISTENT	NEITHER
ENSG00000260381	INCONSISTENT	REPRESSED	NEITHER
ENSG00000260386	NULL	REPRESSED	NEITHER
ENSG00000260409	NULL	INCONSISTENT	NEITHER
ENSG00000260417	NULL	INCONSISTENT	NEITHER
ENSG00000260418	NULL	INCONSISTENT	NEITHER
ENSG00000260423	SIMPLE_OR	NULL	NEITHER
ENSG00000260426	NULL	REPRESSED	NEITHER
ENSG00000260431	INCONSISTENT	NULL	NEITHER
ENSG00000260439	NULL	REPRESSED	NEITHER
ENSG00000260448	SIMPLE_AND	INCONSISTENT	GM12878
ENSG00000260452	NULL	INCONSISTENT	NEITHER
ENSG00000260455	NULL	REPRESSED	NEITHER
ENSG00000260456	SIMPLE_AND	INCONSISTENT	GM12878
ENSG00000260459	NULL	REPRESSED	NEITHER
ENSG00000260460	INCONSISTENT	NULL	NEITHER
ENSG00000260467	NULL	INCONSISTENT	NEITHER
ENSG00000260468	NULL	REPRESSED	NEITHER
ENSG00000260475	SIMPLE_AND	INCONSISTENT	GM12878
ENSG00000260492	INCONSISTENT	NULL	NEITHER
ENSG00000260495	SIMPLE_AND	INCONSISTENT	GM12878
ENSG00000260496	NULL	REPRESSED	NEITHER
ENSG00000260500	BIVALENT	INCONSISTENT	NEITHER
ENSG00000260504	NULL	REPRESSED	NEITHER
ENSG00000260510	NULL	INCONSISTENT	NEITHER
ENSG00000260514	NULL	INCONSISTENT	NEITHER
ENSG00000260520	NULL	REPRESSED	NEITHER
ENSG00000260526	SIMPLE_AND	INCONSISTENT	GM12878
ENSG00000260532	NULL	REPRESSED	NEITHER
ENSG00000260542	NULL	REPRESSED	NEITHER
ENSG00000260549	NULL	REPRESSED	NEITHER
ENSG00000260558	NULL	INCONSISTENT	NEITHER
ENSG00000260563	SIMPLE_AND	INCONSISTENT	GM12878
ENSG00000260565	SIMPLE_AND	INCONSISTENT	GM12878
ENSG00000260569	REPRESSED	INCONSISTENT	NEITHER
ENSG00000260570	NULL	INCONSISTENT	NEITHER
ENSG00000260574	NULL	INCONSISTENT	NEITHER
ENSG00000260579	INCONSISTENT	NULL	NEITHER
ENSG00000260584	NULL	INCONSISTENT	NEITHER
ENSG00000260588	INCONSISTENT	COMPLEX	NEITHER
ENSG00000260589	SIMPLE_AND	INCONSISTENT	GM12878
ENSG00000260592	NULL	INCONSISTENT	NEITHER
ENSG00000260597	SIMPLE_AND	INCONSISTENT	GM12878
ENSG00000260601	SIMPLE_AND	NULL	GM12878
ENSG00000260602	NULL	REPRESSED	NEITHER
ENSG00000260604	NULL	INCONSISTENT	NEITHER
ENSG00000260619	NULL	INCONSISTENT	NEITHER
ENSG00000260624	REPRESSED	NULL	NEITHER
ENSG00000260625	SIMPLE_AND	INCONSISTENT	GM12878
ENSG00000260629	NULL	INCONSISTENT	NEITHER
ENSG00000260630	SIMPLE_AND	INCONSISTENT	GM12878
ENSG00000260634	INCONSISTENT	NULL	NEITHER
ENSG00000260664	REPRESSED	NULL	NEITHER
ENSG00000260669	SIMPLE_AND	INCONSISTENT	GM12878
ENSG00000260670	NULL	INCONSISTENT	NEITHER
ENSG00000260673	NULL	REPRESSED	NEITHER
ENSG00000260677	NULL	BIVALENT	NEITHER
ENSG00000260679	REPRESSED	NULL	NEITHER
ENSG00000260681	INCONSISTENT	NULL	NEITHER
ENSG00000260694	NULL	REPRESSED	NEITHER
ENSG00000260702	NULL	REPRESSED	NEITHER
ENSG00000260704	BIVALENT	INCONSISTENT	NEITHER
ENSG00000260708	SIMPLE_AND	INCONSISTENT	GM12878
ENSG00000260710	NULL	INCONSISTENT	NEITHER
ENSG00000260719	INCONSISTENT	NULL	NEITHER
ENSG00000260723	NULL	REPRESSED	NEITHER
ENSG00000260731	REPRESSED	NULL	NEITHER
ENSG00000260733	NULL	REPRESSED	NEITHER
ENSG00000260737	REPRESSED	NULL	NEITHER
ENSG00000260740	INCONSISTENT	NULL	NEITHER
ENSG00000260741	NULL	REPRESSED	NEITHER
ENSG00000260746	REPRESSED	NULL	NEITHER
ENSG00000260751	SIMPLE_OR	NULL	NEITHER
ENSG00000260764	NULL	REPRESSED	NEITHER
ENSG00000260774	SIMPLE_AND	INCONSISTENT	GM12878
ENSG00000260782	SIMPLE_AND	INCONSISTENT	GM12878
ENSG00000260792	INCONSISTENT	NULL	NEITHER
ENSG00000260793	SIMPLE_AND	INCONSISTENT	GM12878
ENSG00000260796	INCONSISTENT	COMPLEX	NEITHER
ENSG00000260798	NULL	REPRESSED	NEITHER
ENSG00000260803	SIMPLE_OR	NULL	NEITHER
ENSG00000260804	SIMPLE_OR	INCONSISTENT	NEITHER
ENSG00000260805	COMPLEX	INCONSISTENT	NEITHER
ENSG00000260806	SIMPLE_AND	INCONSISTENT	GM12878
ENSG00000260807	REPRESSED	INCONSISTENT	NEITHER
ENSG00000260812	REPRESSED	NULL	NEITHER
ENSG00000260815	NULL	INCONSISTENT	NEITHER
ENSG00000260835	NULL	REPRESSED	NEITHER
ENSG00000260840	REPRESSED	INCONSISTENT	NEITHER
ENSG00000260850	REPRESSED	NULL	NEITHER
ENSG00000260852	SIMPLE_AND	INCONSISTENT	GM12878
ENSG00000260855	COMPLEX	NULL	NEITHER
ENSG00000260857	NULL	INCONSISTENT	NEITHER
ENSG00000260859	NULL	REPRESSED	NEITHER
ENSG00000260861	COMPLEX	NULL	NEITHER
ENSG00000260870	NULL	INCONSISTENT	NEITHER
ENSG00000260879	BIVALENT	INCONSISTENT	NEITHER
ENSG00000260880	NULL	REPRESSED	NEITHER
ENSG00000260891	NULL	INCONSISTENT	NEITHER
ENSG00000260895	NULL	REPRESSED	NEITHER
ENSG00000260896	SIMPLE_OR	NULL	NEITHER
ENSG00000260899	NULL	INCONSISTENT	NEITHER
ENSG00000260903	REPRESSED	BIVALENT	NEITHER
ENSG00000260909	NULL	INCONSISTENT	NEITHER
ENSG00000260912	SIMPLE_OR	NULL	NEITHER
ENSG00000260923	NULL	INCONSISTENT	NEITHER
ENSG00000260924	BIVALENT	INCONSISTENT	NEITHER
ENSG00000260928	NULL	INCONSISTENT	NEITHER
ENSG00000260932	NULL	REPRESSED	NEITHER
ENSG00000260941	NULL	REPRESSED	NEITHER
ENSG00000260942	SIMPLE_AND	INCONSISTENT	GM12878
ENSG00000260948	NULL	REPRESSED	NEITHER
ENSG00000260951	NULL	REPRESSED	NEITHER
ENSG00000260957	REPRESSED	NULL	NEITHER
ENSG00000260969	NULL	REPRESSED	NEITHER
ENSG00000260971	BIVALENT	REPRESSED	NEITHER
ENSG00000260990	NULL	REPRESSED	NEITHER
ENSG00000260996	NULL	INCONSISTENT	NEITHER
ENSG00000260997	NULL	INCONSISTENT	NEITHER
ENSG00000261000	SIMPLE_AND	INCONSISTENT	GM12878
ENSG00000261003	NULL	REPRESSED	NEITHER
ENSG00000261008	SIMPLE_AND	INCONSISTENT	GM12878
ENSG00000261017	REPRESSED	NULL	NEITHER
ENSG00000261019	NULL	REPRESSED	NEITHER
ENSG00000261024	NULL	INCONSISTENT	NEITHER
ENSG00000261029	INCONSISTENT	BIVALENT	NEITHER
ENSG00000261030	SIMPLE_AND	NULL	GM12878
ENSG00000261033	BIVALENT	INCONSISTENT	NEITHER
ENSG00000261040	INCONSISTENT	NULL	NEITHER
ENSG00000261054	NULL	REPRESSED	NEITHER
ENSG00000261055	NULL	INCONSISTENT	NEITHER
ENSG00000261057	INCONSISTENT	NULL	NEITHER
ENSG00000261064	NULL	INCONSISTENT	NEITHER
ENSG00000261066	NULL	REPRESSED	NEITHER
ENSG00000261067	SIMPLE_AND	INCONSISTENT	GM12878
ENSG00000261071	SIMPLE_AND	INCONSISTENT	GM12878
ENSG00000261095	NULL	REPRESSED	NEITHER
ENSG00000261097	INCONSISTENT	NULL	NEITHER
ENSG00000261102	INCONSISTENT	NULL	NEITHER
ENSG00000261103	NULL	REPRESSED	NEITHER
ENSG00000261113	NULL	INCONSISTENT	NEITHER
ENSG00000261114	SIMPLE_AND	INCONSISTENT	GM12878
ENSG00000261120	BIVALENT	INCONSISTENT	NEITHER
ENSG00000261130	NULL	REPRESSED	NEITHER
ENSG00000261135	SIMPLE_OR	INCONSISTENT	NEITHER
ENSG00000261136	SIMPLE_AND	INCONSISTENT	GM12878
ENSG00000261143	NULL	REPRESSED	NEITHER
ENSG00000261147	BIVALENT	INCONSISTENT	NEITHER
ENSG00000261150	REPRESSED	SIMPLE_AND	K562
ENSG00000261151	REPRESSED	NULL	NEITHER
ENSG00000261168	INCONSISTENT	NULL	NEITHER
ENSG00000261172	NULL	INCONSISTENT	NEITHER
ENSG00000261175	NULL	REPRESSED	NEITHER
ENSG00000261183	BIVALENT	INCONSISTENT	NEITHER
ENSG00000261186	SIMPLE_AND	INCONSISTENT	GM12878
ENSG00000261188	SIMPLE_AND	INCONSISTENT	GM12878
ENSG00000261192	BIVALENT	NULL	NEITHER
ENSG00000261194	NULL	COMPLEX	NEITHER
ENSG00000261216	INCONSISTENT	NULL	NEITHER
ENSG00000261218	SIMPLE_AND	INCONSISTENT	GM12878
ENSG00000261219	REPRESSED	NULL	NEITHER
ENSG00000261220	BIVALENT	INCONSISTENT	NEITHER
ENSG00000261221	SIMPLE_AND	INCONSISTENT	GM12878
ENSG00000261222	REPRESSED	NULL	NEITHER
ENSG00000261226	SIMPLE_AND	NULL	GM12878
ENSG00000261227	NULL	REPRESSED	NEITHER
ENSG00000261231	NULL	REPRESSED	NEITHER
ENSG00000261235	NULL	INCONSISTENT	NEITHER
ENSG00000261238	REPRESSED	NULL	NEITHER
ENSG00000261241	NULL	INCONSISTENT	NEITHER
ENSG00000261242	SIMPLE_AND	INCONSISTENT	GM12878
ENSG00000261251	SIMPLE_AND	NULL	GM12878
ENSG00000261257	NULL	REPRESSED	NEITHER
ENSG00000261259	NULL	INCONSISTENT	NEITHER
ENSG00000261265	REPRESSED	NULL	NEITHER
ENSG00000261268	NULL	REPRESSED	NEITHER
ENSG00000261269	INCONSISTENT	NULL	NEITHER
ENSG00000261270	SIMPLE_AND	INCONSISTENT	GM12878
ENSG00000261272	NULL	REPRESSED	NEITHER
ENSG00000261276	NULL	REPRESSED	NEITHER
ENSG00000261284	REPRESSED	NULL	NEITHER
ENSG00000261290	NULL	REPRESSED	NEITHER
ENSG00000261302	SIMPLE_AND	INCONSISTENT	GM12878
ENSG00000261304	REPRESSED	NULL	NEITHER
ENSG00000261308	NULL	INCONSISTENT	NEITHER
ENSG00000261313	NULL	REPRESSED	NEITHER
ENSG00000261314	INCONSISTENT	NULL	NEITHER
ENSG00000261315	SIMPLE_OR	NULL	NEITHER
ENSG00000261319	NULL	REPRESSED	NEITHER
ENSG00000261320	REPRESSED	INCONSISTENT	NEITHER
ENSG00000261324	SIMPLE_AND	NULL	GM12878
ENSG00000261332	NULL	INCONSISTENT	NEITHER
ENSG00000261334	REPRESSED	INCONSISTENT	NEITHER
ENSG00000261335	SIMPLE_AND	INCONSISTENT	GM12878
ENSG00000261336	INCONSISTENT	NULL	NEITHER
ENSG00000261338	SIMPLE_OR	NULL	NEITHER
ENSG00000261349	SIMPLE_OR	INCONSISTENT	NEITHER
ENSG00000261359	SIMPLE_AND	INCONSISTENT	GM12878
ENSG00000261360	SIMPLE_AND	INCONSISTENT	GM12878
ENSG00000261366	SIMPLE_AND	INCONSISTENT	GM12878
ENSG00000261371	SIMPLE_AND	NULL	GM12878
ENSG00000261373	SIMPLE_AND	INCONSISTENT	GM12878
ENSG00000261384	REPRESSED	NULL	NEITHER
ENSG00000261385	NULL	INCONSISTENT	NEITHER
ENSG00000261386	SIMPLE_AND	INCONSISTENT	GM12878
ENSG00000261390	NULL	INCONSISTENT	NEITHER
ENSG00000261392	NULL	INCONSISTENT	NEITHER
ENSG00000261394	NULL	REPRESSED	NEITHER
ENSG00000261396	INCONSISTENT	NULL	NEITHER
ENSG00000261397	NULL	REPRESSED	NEITHER
ENSG00000261399	INCONSISTENT	NULL	NEITHER
ENSG00000261404	SIMPLE_AND	INCONSISTENT	GM12878
ENSG00000261408	SIMPLE_AND	INCONSISTENT	GM12878
ENSG00000261416	SIMPLE_AND	INCONSISTENT	GM12878
ENSG00000261420	SIMPLE_AND	INCONSISTENT	GM12878
ENSG00000261423	SIMPLE_AND	INCONSISTENT	GM12878
ENSG00000261429	NULL	REPRESSED	NEITHER
ENSG00000261435	NULL	INCONSISTENT	NEITHER
ENSG00000261437	REPRESSED	INCONSISTENT	NEITHER
ENSG00000261441	SIMPLE_AND	INCONSISTENT	GM12878
ENSG00000261446	NULL	REPRESSED	NEITHER
ENSG00000261447	BIVALENT	INCONSISTENT	NEITHER
ENSG00000261448	INCONSISTENT	NULL	NEITHER
ENSG00000261449	SIMPLE_AND	INCONSISTENT	GM12878
ENSG00000261451	NULL	REPRESSED	NEITHER
ENSG00000261455	SIMPLE_AND	INCONSISTENT	GM12878
ENSG00000261456	NULL	INCONSISTENT	NEITHER
ENSG00000261462	NULL	INCONSISTENT	NEITHER
ENSG00000261467	NULL	REPRESSED	NEITHER
ENSG00000261469	INCONSISTENT	REPRESSED	NEITHER
ENSG00000261471	SIMPLE_AND	INCONSISTENT	GM12878
ENSG00000261474	NULL	INCONSISTENT	NEITHER
ENSG00000261476	SIMPLE_OR	NULL	NEITHER
ENSG00000261482	NULL	REPRESSED	NEITHER
ENSG00000261485	SIMPLE_AND	INCONSISTENT	GM12878
ENSG00000261487	INCONSISTENT	SIMPLE_AND	K562
ENSG00000261488	SIMPLE_AND	NULL	GM12878
ENSG00000261489	NULL	REPRESSED	NEITHER
ENSG00000261504	SIMPLE_AND	BIVALENT	GM12878
ENSG00000261514	NULL	INCONSISTENT	NEITHER
ENSG00000261520	INCONSISTENT	NULL	NEITHER
ENSG00000261526	SIMPLE_AND	INCONSISTENT	GM12878
ENSG00000261529	REPRESSED	NULL	NEITHER
ENSG00000261532	SIMPLE_OR	INCONSISTENT	NEITHER
ENSG00000261535	NULL	INCONSISTENT	NEITHER
ENSG00000261537	NULL	REPRESSED	NEITHER
ENSG00000261548	NULL	REPRESSED	NEITHER
ENSG00000261549	NULL	INCONSISTENT	NEITHER
ENSG00000261553	SIMPLE_AND	INCONSISTENT	GM12878
ENSG00000261559	REPRESSED	NULL	NEITHER
ENSG00000261578	NULL	INCONSISTENT	NEITHER
ENSG00000261582	SIMPLE_AND	INCONSISTENT	GM12878
ENSG00000261586	REPRESSED	NULL	NEITHER
ENSG00000261587	SIMPLE_OR	NULL	NEITHER
ENSG00000261594	REPRESSED	INCONSISTENT	NEITHER
ENSG00000261610	NULL	REPRESSED	NEITHER
ENSG00000261611	NULL	INCONSISTENT	NEITHER
ENSG00000261612	REPRESSED	NULL	NEITHER
ENSG00000261623	NULL	REPRESSED	NEITHER
ENSG00000261625	NULL	REPRESSED	NEITHER
ENSG00000261633	REPRESSED	NULL	NEITHER
ENSG00000261634	REPRESSED	BIVALENT	NEITHER
ENSG00000261642	REPRESSED	NULL	NEITHER
ENSG00000261644	SIMPLE_AND	INCONSISTENT	GM12878
ENSG00000261645	REPRESSED	NULL	NEITHER
ENSG00000261664	BIVALENT	INCONSISTENT	NEITHER
ENSG00000261667	NULL	REPRESSED	NEITHER
ENSG00000261679	NULL	REPRESSED	NEITHER
ENSG00000261680	NULL	REPRESSED	NEITHER
ENSG00000261692	SIMPLE_OR	NULL	NEITHER
ENSG00000261696	SIMPLE_OR	NULL	NEITHER
ENSG00000261701	NULL	REPRESSED	NEITHER
ENSG00000261707	NULL	REPRESSED	NEITHER
ENSG00000261714	INCONSISTENT	NULL	NEITHER
ENSG00000261716	SIMPLE_AND	INCONSISTENT	GM12878
ENSG00000261717	SIMPLE_AND	INCONSISTENT	GM12878
ENSG00000261722	NULL	REPRESSED	NEITHER
ENSG00000261727	NULL	INCONSISTENT	NEITHER
ENSG00000261745	REPRESSED	NULL	NEITHER
ENSG00000261748	NULL	REPRESSED	NEITHER
ENSG00000261751	INCONSISTENT	NULL	NEITHER
ENSG00000261759	NULL	INCONSISTENT	NEITHER
ENSG00000261761	NULL	COMPLEX	NEITHER
ENSG00000261763	NULL	REPRESSED	NEITHER
ENSG00000261764	REPRESSED	NULL	NEITHER
ENSG00000261765	SIMPLE_AND	INCONSISTENT	GM12878
ENSG00000261775	COMPLEX	INCONSISTENT	NEITHER
ENSG00000261776	NULL	REPRESSED	NEITHER
ENSG00000261777	SIMPLE_AND	INCONSISTENT	GM12878
ENSG00000261779	INCONSISTENT	NULL	NEITHER
ENSG00000261783	SIMPLE_OR	NULL	NEITHER
ENSG00000261786	NULL	REPRESSED	NEITHER
ENSG00000261787	BIVALENT	NULL	NEITHER
ENSG00000261789	REPRESSED	NULL	NEITHER
ENSG00000261793	BIVALENT	NULL	NEITHER
ENSG00000261795	NULL	REPRESSED	NEITHER
ENSG00000261796	SIMPLE_AND	INCONSISTENT	GM12878
ENSG00000261801	REPRESSED	INCONSISTENT	NEITHER
ENSG00000261804	NULL	REPRESSED	NEITHER
ENSG00000261813	REPRESSED	NULL	NEITHER
ENSG00000261820	NULL	REPRESSED	NEITHER
ENSG00000261821	BIVALENT	NULL	NEITHER
ENSG00000261823	INCONSISTENT	NULL	NEITHER
ENSG00000261835	NULL	REPRESSED	NEITHER
ENSG00000261837	NULL	REPRESSED	NEITHER
ENSG00000261839	SIMPLE_AND	INCONSISTENT	GM12878
ENSG00000261840	SIMPLE_AND	INCONSISTENT	GM12878
ENSG00000261845	SIMPLE_OR	NULL	NEITHER
ENSG00000261863	NULL	REPRESSED	NEITHER
ENSG00000261879	COMPLEX	INCONSISTENT	NEITHER
ENSG00000261884	SIMPLE_AND	INCONSISTENT	GM12878
ENSG00000261888	NULL	INCONSISTENT	NEITHER
ENSG00000261938	INCONSISTENT	NULL	NEITHER
ENSG00000261949	REPRESSED	INCONSISTENT	NEITHER
ENSG00000261971	SIMPLE_AND	INCONSISTENT	GM12878
ENSG00000262000	NULL	REPRESSED	NEITHER
ENSG00000262001	SIMPLE_AND	INCONSISTENT	GM12878
ENSG00000262003	NULL	INCONSISTENT	NEITHER
ENSG00000262008	REPRESSED	NULL	NEITHER
ENSG00000262011	REPRESSED	NULL	NEITHER
ENSG00000262031	NULL	REPRESSED	NEITHER
ENSG00000262049	SIMPLE_AND	INCONSISTENT	GM12878
ENSG00000262050	SIMPLE_AND	INCONSISTENT	GM12878
ENSG00000262075	REPRESSED	INCONSISTENT	NEITHER
ENSG00000262089	NULL	INCONSISTENT	NEITHER
ENSG00000262097	NULL	REPRESSED	NEITHER
ENSG00000262098	NULL	INCONSISTENT	NEITHER
ENSG00000262107	NULL	REPRESSED	NEITHER
ENSG00000262118	REPRESSED	NULL	NEITHER
ENSG00000262120	NULL	REPRESSED	NEITHER
ENSG00000262141	NULL	INCONSISTENT	NEITHER
ENSG00000262151	INCONSISTENT	REPRESSED	NEITHER
ENSG00000262155	SIMPLE_AND	INCONSISTENT	GM12878
ENSG00000262158	NULL	REPRESSED	NEITHER
ENSG00000262160	INCONSISTENT	NULL	NEITHER
ENSG00000262171	NULL	INCONSISTENT	NEITHER
ENSG00000262172	INCONSISTENT	BIVALENT	NEITHER
ENSG00000262179	INCONSISTENT	NULL	NEITHER
ENSG00000262185	NULL	REPRESSED	NEITHER
ENSG00000262188	INCONSISTENT	NULL	NEITHER
ENSG00000262198	INCONSISTENT	NULL	NEITHER
ENSG00000262202	NULL	SIMPLE_AND	K562
ENSG00000262209	SIMPLE_OR	INCONSISTENT	NEITHER
ENSG00000262213	NULL	INCONSISTENT	NEITHER
ENSG00000262223	BIVALENT	INCONSISTENT	NEITHER
ENSG00000262227	SIMPLE_AND	INCONSISTENT	GM12878
ENSG00000262267	NULL	INCONSISTENT	NEITHER
ENSG00000262296	REPRESSED	BIVALENT	NEITHER
ENSG00000262302	REPRESSED	INCONSISTENT	NEITHER
ENSG00000262304	SIMPLE_AND	INCONSISTENT	GM12878
ENSG00000262312	NULL	REPRESSED	NEITHER
ENSG00000262333	SIMPLE_OR	INCONSISTENT	NEITHER
ENSG00000262339	INCONSISTENT	NULL	NEITHER
ENSG00000262372	INCONSISTENT	NULL	NEITHER
ENSG00000262380	NULL	INCONSISTENT	NEITHER
ENSG00000262381	NULL	REPRESSED	NEITHER
ENSG00000262413	SIMPLE_AND	INCONSISTENT	GM12878
ENSG00000262445	REPRESSED	NULL	NEITHER
ENSG00000262454	SIMPLE_AND	INCONSISTENT	GM12878
ENSG00000262456	NULL	INCONSISTENT	NEITHER
ENSG00000262470	REPRESSED	NULL	NEITHER
ENSG00000262471	NULL	REPRESSED	NEITHER
ENSG00000262480	REPRESSED	NULL	NEITHER
ENSG00000262481	BIVALENT	INCONSISTENT	NEITHER
ENSG00000262482	NULL	REPRESSED	NEITHER
ENSG00000262488	SIMPLE_OR	REPRESSED	NEITHER
ENSG00000262503	NULL	INCONSISTENT	NEITHER
ENSG00000262514	SIMPLE_OR	NULL	NEITHER
ENSG00000262516	INCONSISTENT	NULL	NEITHER
ENSG00000262529	REPRESSED	NULL	NEITHER
ENSG00000262543	NULL	REPRESSED	NEITHER
ENSG00000262566	REPRESSED	NULL	NEITHER
ENSG00000262576	NULL	INCONSISTENT	NEITHER
ENSG00000262587	SIMPLE_AND	INCONSISTENT	GM12878
ENSG00000262619	SIMPLE_OR	INCONSISTENT	NEITHER
ENSG00000262636	INCONSISTENT	REPRESSED	NEITHER
ENSG00000262655	REPRESSED	NULL	NEITHER
ENSG00000262664	SIMPLE_AND	INCONSISTENT	GM12878
ENSG00000262686	INCONSISTENT	NULL	NEITHER
ENSG00000262693	INCONSISTENT	NULL	NEITHER
ENSG00000262700	INCONSISTENT	NULL	NEITHER
ENSG00000262703	INCONSISTENT	NULL	NEITHER
ENSG00000262708	REPRESSED	NULL	NEITHER
ENSG00000262728	SIMPLE_AND	INCONSISTENT	GM12878
ENSG00000262766	SIMPLE_AND	INCONSISTENT	GM12878
ENSG00000262768	BIVALENT	INCONSISTENT	NEITHER
ENSG00000262772	REPRESSED	INCONSISTENT	NEITHER
ENSG00000262786	REPRESSED	INCONSISTENT	NEITHER
ENSG00000262803	REPRESSED	NULL	NEITHER
ENSG00000262810	SIMPLE_AND	INCONSISTENT	GM12878
ENSG00000262823	NULL	REPRESSED	NEITHER
ENSG00000262837	NULL	INCONSISTENT	NEITHER
ENSG00000262869	BIVALENT	INCONSISTENT	NEITHER
ENSG00000262877	NULL	INCONSISTENT	NEITHER
ENSG00000262898	NULL	REPRESSED	NEITHER
ENSG00000262899	COMPLEX	REPRESSED	NEITHER
ENSG00000262920	NULL	REPRESSED	NEITHER
ENSG00000262921	REPRESSED	NULL	NEITHER
ENSG00000262966	NULL	REPRESSED	NEITHER
ENSG00000263002	SIMPLE_AND	INCONSISTENT	GM12878
ENSG00000263015	INCONSISTENT	REPRESSED	NEITHER
ENSG00000263065	NULL	REPRESSED	NEITHER
ENSG00000263080	SIMPLE_AND	INCONSISTENT	GM12878
ENSG00000263155	REPRESSED	INCONSISTENT	NEITHER
ENSG00000263159	NULL	REPRESSED	NEITHER
ENSG00000263164	COMPLEX	NULL	NEITHER
ENSG00000263165	NULL	INCONSISTENT	NEITHER
ENSG00000263171	INCONSISTENT	NULL	NEITHER
ENSG00000263177	REPRESSED	NULL	NEITHER
ENSG00000263196	NULL	REPRESSED	NEITHER
ENSG00000263220	SIMPLE_OR	NULL	NEITHER
ENSG00000263232	NULL	INCONSISTENT	NEITHER
ENSG00000263234	NULL	REPRESSED	NEITHER
ENSG00000263241	NULL	REPRESSED	NEITHER
ENSG00000263244	SIMPLE_OR	NULL	NEITHER
ENSG00000263266	SIMPLE_OR	REPRESSED	NEITHER
ENSG00000263278	NULL	REPRESSED	NEITHER
ENSG00000263279	NULL	REPRESSED	NEITHER
ENSG00000263301	REPRESSED	INCONSISTENT	NEITHER
ENSG00000263307	SIMPLE_AND	INCONSISTENT	GM12878
ENSG00000263312	NULL	COMPLEX	NEITHER
ENSG00000263321	NULL	COMPLEX	NEITHER
ENSG00000263326	NULL	REPRESSED	NEITHER
ENSG00000263342	NULL	INCONSISTENT	NEITHER
ENSG00000263361	NULL	INCONSISTENT	NEITHER
ENSG00000263366	SIMPLE_AND	REPRESSED	GM12878
ENSG00000263368	NULL	INCONSISTENT	NEITHER
ENSG00000263369	NULL	INCONSISTENT	NEITHER
ENSG00000263375	NULL	REPRESSED	NEITHER
ENSG00000263400	INCONSISTENT	NULL	NEITHER
ENSG00000263412	SIMPLE_AND	INCONSISTENT	GM12878
ENSG00000263413	INCONSISTENT	NULL	NEITHER
ENSG00000263414	NULL	REPRESSED	NEITHER
ENSG00000263426	SIMPLE_OR	INCONSISTENT	NEITHER
ENSG00000263427	NULL	INCONSISTENT	NEITHER
ENSG00000263445	REPRESSED	NULL	NEITHER
ENSG00000263456	NULL	INCONSISTENT	NEITHER
ENSG00000263490	NULL	REPRESSED	NEITHER
ENSG00000263499	INCONSISTENT	NULL	NEITHER
ENSG00000263508	REPRESSED	NULL	NEITHER
ENSG00000263510	REPRESSED	INCONSISTENT	NEITHER
ENSG00000263513	NULL	SIMPLE_OR	NEITHER
ENSG00000263527	INCONSISTENT	REPRESSED	NEITHER
ENSG00000263528	SIMPLE_AND	INCONSISTENT	GM12878
ENSG00000263537	INCONSISTENT	NULL	NEITHER
ENSG00000263551	NULL	INCONSISTENT	NEITHER
ENSG00000263571	REPRESSED	NULL	NEITHER
ENSG00000263573	NULL	REPRESSED	NEITHER
ENSG00000263574	NULL	REPRESSED	NEITHER
ENSG00000263584	INCONSISTENT	NULL	NEITHER
ENSG00000263588	NULL	REPRESSED	NEITHER
ENSG00000263603	SIMPLE_OR	INCONSISTENT	NEITHER
ENSG00000263612	REPRESSED	NULL	NEITHER
ENSG00000263620	SIMPLE_AND	INCONSISTENT	GM12878
ENSG00000263639	NULL	INCONSISTENT	NEITHER
ENSG00000263642	INCONSISTENT	NULL	NEITHER
ENSG00000263644	NULL	INCONSISTENT	NEITHER
ENSG00000263652	NULL	INCONSISTENT	NEITHER
ENSG00000263657	COMPLEX	NULL	NEITHER
ENSG00000263667	NULL	REPRESSED	NEITHER
ENSG00000263669	NULL	INCONSISTENT	NEITHER
ENSG00000263677	REPRESSED	NULL	NEITHER
ENSG00000263680	SIMPLE_AND	NULL	GM12878
ENSG00000263681	BIVALENT	NULL	NEITHER
ENSG00000263697	BIVALENT	INCONSISTENT	NEITHER
ENSG00000263709	SIMPLE_AND	INCONSISTENT	GM12878
ENSG00000263711	NULL	SIMPLE_AND	K562
ENSG00000263717	INCONSISTENT	NULL	NEITHER
ENSG00000263723	NULL	REPRESSED	NEITHER
ENSG00000263733	REPRESSED	NULL	NEITHER
ENSG00000263735	NULL	INCONSISTENT	NEITHER
ENSG00000263740	REPRESSED	NULL	NEITHER
ENSG00000263741	NULL	REPRESSED	NEITHER
ENSG00000263742	INCONSISTENT	NULL	NEITHER
ENSG00000263746	NULL	REPRESSED	NEITHER
ENSG00000263756	COMPLEX	INCONSISTENT	NEITHER
ENSG00000263762	NULL	REPRESSED	NEITHER
ENSG00000263763	NULL	INCONSISTENT	NEITHER
ENSG00000263766	SIMPLE_AND	INCONSISTENT	GM12878
ENSG00000263772	NULL	REPRESSED	NEITHER
ENSG00000263776	INCONSISTENT	SIMPLE_AND	K562
ENSG00000263809	SIMPLE_AND	INCONSISTENT	GM12878
ENSG00000263813	INCONSISTENT	NULL	NEITHER
ENSG00000263826	COMPLEX	INCONSISTENT	NEITHER
ENSG00000263828	INCONSISTENT	NULL	NEITHER
ENSG00000263841	NULL	REPRESSED	NEITHER
ENSG00000263843	SIMPLE_AND	INCONSISTENT	GM12878
ENSG00000263846	REPRESSED	NULL	NEITHER
ENSG00000263857	INCONSISTENT	NULL	NEITHER
ENSG00000263860	INCONSISTENT	REPRESSED	NEITHER
ENSG00000263862	INCONSISTENT	NULL	NEITHER
ENSG00000263870	NULL	REPRESSED	NEITHER
ENSG00000263883	NULL	INCONSISTENT	NEITHER
ENSG00000263884	SIMPLE_AND	INCONSISTENT	GM12878
ENSG00000263893	NULL	REPRESSED	NEITHER
ENSG00000263894	INCONSISTENT	NULL	NEITHER
ENSG00000263905	REPRESSED	NULL	NEITHER
ENSG00000263917	INCONSISTENT	BIVALENT	NEITHER
ENSG00000263926	INCONSISTENT	REPRESSED	NEITHER
ENSG00000263932	INCONSISTENT	BIVALENT	NEITHER
ENSG00000263940	INCONSISTENT	NULL	NEITHER
ENSG00000263941	SIMPLE_OR	NULL	NEITHER
ENSG00000263944	REPRESSED	NULL	NEITHER
ENSG00000263956	SIMPLE_AND	INCONSISTENT	GM12878
ENSG00000263961	SIMPLE_AND	NULL	GM12878
ENSG00000263970	NULL	REPRESSED	NEITHER
ENSG00000263973	REPRESSED	NULL	NEITHER
ENSG00000263974	INCONSISTENT	NULL	NEITHER
ENSG00000263982	INCONSISTENT	NULL	NEITHER
ENSG00000263999	COMPLEX	REPRESSED	NEITHER
ENSG00000264010	NULL	REPRESSED	NEITHER
ENSG00000264024	INCONSISTENT	NULL	NEITHER
ENSG00000264028	INCONSISTENT	NULL	NEITHER
ENSG00000264030	NULL	INCONSISTENT	NEITHER
ENSG00000264031	NULL	REPRESSED	NEITHER
ENSG00000264032	INCONSISTENT	NULL	NEITHER
ENSG00000264037	NULL	INCONSISTENT	NEITHER
ENSG00000264050	INCONSISTENT	NULL	NEITHER
ENSG00000264057	NULL	INCONSISTENT	NEITHER
ENSG00000264058	BIVALENT	INCONSISTENT	NEITHER
ENSG00000264066	NULL	SIMPLE_AND	K562
ENSG00000264070	SIMPLE_AND	INCONSISTENT	GM12878
ENSG00000264075	REPRESSED	INCONSISTENT	NEITHER
ENSG00000264099	REPRESSED	NULL	NEITHER
ENSG00000264110	REPRESSED	NULL	NEITHER
ENSG00000264125	NULL	INCONSISTENT	NEITHER
ENSG00000264136	REPRESSED	NULL	NEITHER
ENSG00000264148	INCONSISTENT	NULL	NEITHER
ENSG00000264163	REPRESSED	NULL	NEITHER
ENSG00000264186	REPRESSED	NULL	NEITHER
ENSG00000264189	REPRESSED	NULL	NEITHER
ENSG00000264192	REPRESSED	NULL	NEITHER
ENSG00000264200	REPRESSED	NULL	NEITHER
ENSG00000264212	NULL	BIVALENT	NEITHER
ENSG00000264229	INCONSISTENT	SIMPLE_AND	K562
ENSG00000264233	NULL	REPRESSED	NEITHER
ENSG00000264235	SIMPLE_AND	INCONSISTENT	GM12878
ENSG00000264247	SIMPLE_AND	INCONSISTENT	GM12878
ENSG00000264272	NULL	REPRESSED	NEITHER
ENSG00000264274	INCONSISTENT	NULL	NEITHER
ENSG00000264275	REPRESSED	NULL	NEITHER
ENSG00000264290	SIMPLE_AND	INCONSISTENT	GM12878
ENSG00000264293	SIMPLE_AND	INCONSISTENT	GM12878
ENSG00000264295	NULL	INCONSISTENT	NEITHER
ENSG00000264297	NULL	REPRESSED	NEITHER
ENSG00000264309	REPRESSED	NULL	NEITHER
ENSG00000264319	REPRESSED	NULL	NEITHER
ENSG00000264334	NULL	SIMPLE_AND	K562
ENSG00000264342	COMPLEX	NULL	NEITHER
ENSG00000264343	NULL	SIMPLE_OR	NEITHER
ENSG00000264357	INCONSISTENT	NULL	NEITHER
ENSG00000264371	INCONSISTENT	NULL	NEITHER
ENSG00000264386	INCONSISTENT	NULL	NEITHER
ENSG00000264395	BIVALENT	INCONSISTENT	NEITHER
ENSG00000264400	NULL	REPRESSED	NEITHER
ENSG00000264419	INCONSISTENT	NULL	NEITHER
ENSG00000264421	NULL	INCONSISTENT	NEITHER
ENSG00000264423	REPRESSED	INCONSISTENT	NEITHER
ENSG00000264429	NULL	REPRESSED	NEITHER
ENSG00000264435	NULL	REPRESSED	NEITHER
ENSG00000264448	SIMPLE_OR	INCONSISTENT	NEITHER
ENSG00000264449	REPRESSED	NULL	NEITHER
ENSG00000264452	NULL	REPRESSED	NEITHER
ENSG00000264456	COMPLEX	NULL	NEITHER
ENSG00000264468	INCONSISTENT	NULL	NEITHER
ENSG00000264490	NULL	REPRESSED	NEITHER
ENSG00000264491	NULL	REPRESSED	NEITHER
ENSG00000264493	NULL	REPRESSED	NEITHER
ENSG00000264514	NULL	REPRESSED	NEITHER
ENSG00000264515	REPRESSED	NULL	NEITHER
ENSG00000264522	SIMPLE_AND	INCONSISTENT	GM12878
ENSG00000264545	BIVALENT	NULL	NEITHER
ENSG00000264553	NULL	INCONSISTENT	NEITHER
ENSG00000264563	COMPLEX	INCONSISTENT	NEITHER
ENSG00000264578	INCONSISTENT	NULL	NEITHER
ENSG00000264582	NULL	INCONSISTENT	NEITHER
ENSG00000264613	NULL	REPRESSED	NEITHER
ENSG00000264614	COMPLEX	INCONSISTENT	NEITHER
ENSG00000264621	NULL	INCONSISTENT	NEITHER
ENSG00000264622	NULL	REPRESSED	NEITHER
ENSG00000264644	NULL	INCONSISTENT	NEITHER
ENSG00000264653	INCONSISTENT	NULL	NEITHER
ENSG00000264657	REPRESSED	NULL	NEITHER
ENSG00000264663	REPRESSED	NULL	NEITHER
ENSG00000264673	NULL	REPRESSED	NEITHER
ENSG00000264675	INCONSISTENT	NULL	NEITHER
ENSG00000264676	NULL	INCONSISTENT	NEITHER
ENSG00000264678	REPRESSED	NULL	NEITHER
ENSG00000264695	REPRESSED	NULL	NEITHER
ENSG00000264714	NULL	REPRESSED	NEITHER
ENSG00000264735	BIVALENT	INCONSISTENT	NEITHER
ENSG00000264739	SIMPLE_AND	INCONSISTENT	GM12878
ENSG00000264744	REPRESSED	NULL	NEITHER
ENSG00000264745	INCONSISTENT	BIVALENT	NEITHER
ENSG00000264754	NULL	REPRESSED	NEITHER
ENSG00000264765	COMPLEX	INCONSISTENT	NEITHER
ENSG00000264767	INCONSISTENT	NULL	NEITHER
ENSG00000264772	SIMPLE_AND	INCONSISTENT	GM12878
ENSG00000264773	INCONSISTENT	COMPLEX	NEITHER
ENSG00000264781	COMPLEX	NULL	NEITHER
ENSG00000264808	SIMPLE_AND	INCONSISTENT	GM12878
ENSG00000264810	NULL	INCONSISTENT	NEITHER
ENSG00000264812	SIMPLE_OR	NULL	NEITHER
ENSG00000264829	INCONSISTENT	NULL	NEITHER
ENSG00000264833	NULL	REPRESSED	NEITHER
ENSG00000264843	NULL	REPRESSED	NEITHER
ENSG00000264845	NULL	INCONSISTENT	NEITHER
ENSG00000264850	NULL	REPRESSED	NEITHER
ENSG00000264853	SIMPLE_OR	NULL	NEITHER
ENSG00000264876	NULL	REPRESSED	NEITHER
ENSG00000264895	REPRESSED	NULL	NEITHER
ENSG00000264911	REPRESSED	NULL	NEITHER
ENSG00000264914	NULL	REPRESSED	NEITHER
ENSG00000264920	SIMPLE_AND	INCONSISTENT	GM12878
ENSG00000264937	SIMPLE_AND	INCONSISTENT	GM12878
ENSG00000264966	INCONSISTENT	NULL	NEITHER
ENSG00000264968	SIMPLE_AND	INCONSISTENT	GM12878
ENSG00000264986	INCONSISTENT	NULL	NEITHER
ENSG00000264990	REPRESSED	NULL	NEITHER
ENSG00000264999	NULL	REPRESSED	NEITHER
ENSG00000265000	REPRESSED	BIVALENT	NEITHER
ENSG00000265003	NULL	REPRESSED	NEITHER
ENSG00000265028	REPRESSED	INCONSISTENT	NEITHER
ENSG00000265033	NULL	INCONSISTENT	NEITHER
ENSG00000265043	REPRESSED	NULL	NEITHER
ENSG00000265055	BIVALENT	INCONSISTENT	NEITHER
ENSG00000265057	NULL	INCONSISTENT	NEITHER
ENSG00000265098	INCONSISTENT	NULL	NEITHER
ENSG00000265100	SIMPLE_AND	INCONSISTENT	GM12878
ENSG00000265101	NULL	REPRESSED	NEITHER
ENSG00000265115	REPRESSED	NULL	NEITHER
ENSG00000265118	INCONSISTENT	NULL	NEITHER
ENSG00000265126	REPRESSED	NULL	NEITHER
ENSG00000265140	NULL	REPRESSED	NEITHER
ENSG00000265141	NULL	REPRESSED	NEITHER
ENSG00000265144	NULL	INCONSISTENT	NEITHER
ENSG00000265148	SIMPLE_OR	NULL	NEITHER
ENSG00000265158	NULL	REPRESSED	NEITHER
ENSG00000265160	NULL	REPRESSED	NEITHER
ENSG00000265174	REPRESSED	NULL	NEITHER
ENSG00000265176	INCONSISTENT	NULL	NEITHER
ENSG00000265178	NULL	INCONSISTENT	NEITHER
ENSG00000265180	NULL	REPRESSED	NEITHER
ENSG00000265203	NULL	REPRESSED	NEITHER
ENSG00000265222	SIMPLE_AND	NULL	GM12878
ENSG00000265237	INCONSISTENT	NULL	NEITHER
ENSG00000265252	REPRESSED	NULL	NEITHER
ENSG00000265253	NULL	REPRESSED	NEITHER
ENSG00000265257	INCONSISTENT	SIMPLE_AND	K562
ENSG00000265272	COMPLEX	INCONSISTENT	NEITHER
ENSG00000265282	NULL	INCONSISTENT	NEITHER
ENSG00000265289	REPRESSED	NULL	NEITHER
ENSG00000265304	REPRESSED	BIVALENT	NEITHER
ENSG00000265313	REPRESSED	NULL	NEITHER
ENSG00000265331	NULL	INCONSISTENT	NEITHER
ENSG00000265333	INCONSISTENT	NULL	NEITHER
ENSG00000265356	REPRESSED	NULL	NEITHER
ENSG00000265357	INCONSISTENT	NULL	NEITHER
ENSG00000265370	NULL	REPRESSED	NEITHER
ENSG00000265396	NULL	INCONSISTENT	NEITHER
ENSG00000265401	COMPLEX	INCONSISTENT	NEITHER
ENSG00000265413	NULL	REPRESSED	NEITHER
ENSG00000265422	NULL	REPRESSED	NEITHER
ENSG00000265435	REPRESSED	NULL	NEITHER
ENSG00000265445	REPRESSED	INCONSISTENT	NEITHER
ENSG00000265453	INCONSISTENT	NULL	NEITHER
ENSG00000265462	INCONSISTENT	NULL	NEITHER
ENSG00000265469	INCONSISTENT	BIVALENT	NEITHER
ENSG00000265470	NULL	INCONSISTENT	NEITHER
ENSG00000265477	NULL	REPRESSED	NEITHER
ENSG00000265491	COMPLEX	INCONSISTENT	NEITHER
ENSG00000265503	NULL	REPRESSED	NEITHER
ENSG00000265507	NULL	INCONSISTENT	NEITHER
ENSG00000265511	NULL	INCONSISTENT	NEITHER
ENSG00000265527	INCONSISTENT	NULL	NEITHER
ENSG00000265535	REPRESSED	NULL	NEITHER
ENSG00000265537	NULL	INCONSISTENT	NEITHER
ENSG00000265564	NULL	INCONSISTENT	NEITHER
ENSG00000265566	SIMPLE_AND	INCONSISTENT	GM12878
ENSG00000265574	NULL	INCONSISTENT	NEITHER
ENSG00000265590	SIMPLE_AND	INCONSISTENT	GM12878
ENSG00000265596	NULL	REPRESSED	NEITHER
ENSG00000265598	NULL	REPRESSED	NEITHER
ENSG00000265599	COMPLEX	NULL	NEITHER
ENSG00000265612	INCONSISTENT	NULL	NEITHER
ENSG00000265623	NULL	INCONSISTENT	NEITHER
ENSG00000265625	NULL	INCONSISTENT	NEITHER
ENSG00000265626	NULL	REPRESSED	NEITHER
ENSG00000265664	INCONSISTENT	REPRESSED	NEITHER
ENSG00000265683	SIMPLE_AND	INCONSISTENT	GM12878
ENSG00000265688	SIMPLE_AND	INCONSISTENT	GM12878
ENSG00000265690	BIVALENT	INCONSISTENT	NEITHER
ENSG00000265694	COMPLEX	NULL	NEITHER
ENSG00000265717	NULL	INCONSISTENT	NEITHER
ENSG00000265719	NULL	REPRESSED	NEITHER
ENSG00000265728	NULL	INCONSISTENT	NEITHER
ENSG00000265752	INCONSISTENT	NULL	NEITHER
ENSG00000265758	NULL	REPRESSED	NEITHER
ENSG00000265763	BIVALENT	INCONSISTENT	NEITHER
ENSG00000265781	INCONSISTENT	NULL	NEITHER
ENSG00000265791	SIMPLE_OR	NULL	NEITHER
ENSG00000265798	NULL	INCONSISTENT	NEITHER
ENSG00000265800	SIMPLE_OR	NULL	NEITHER
ENSG00000265801	SIMPLE_AND	INCONSISTENT	GM12878
ENSG00000265810	NULL	REPRESSED	NEITHER
ENSG00000265817	SIMPLE_AND	INCONSISTENT	GM12878
ENSG00000265820	NULL	REPRESSED	NEITHER
ENSG00000265822	NULL	REPRESSED	NEITHER
ENSG00000265829	REPRESSED	NULL	NEITHER
ENSG00000265843	NULL	SIMPLE_AND	K562
ENSG00000265846	NULL	INCONSISTENT	NEITHER
ENSG00000265848	REPRESSED	NULL	NEITHER
ENSG00000265850	INCONSISTENT	NULL	NEITHER
ENSG00000265867	NULL	INCONSISTENT	NEITHER
ENSG00000265871	INCONSISTENT	NULL	NEITHER
ENSG00000265872	REPRESSED	NULL	NEITHER
ENSG00000265873	NULL	INCONSISTENT	NEITHER
ENSG00000265905	NULL	REPRESSED	NEITHER
ENSG00000265908	INCONSISTENT	NULL	NEITHER
ENSG00000265927	NULL	REPRESSED	NEITHER
ENSG00000265929	INCONSISTENT	NULL	NEITHER
ENSG00000265933	NULL	INCONSISTENT	NEITHER
ENSG00000265942	SIMPLE_AND	INCONSISTENT	GM12878
ENSG00000265946	REPRESSED	NULL	NEITHER
ENSG00000265962	BIVALENT	INCONSISTENT	NEITHER
ENSG00000265967	SIMPLE_OR	INCONSISTENT	NEITHER
ENSG00000265975	COMPLEX	NULL	NEITHER
ENSG00000265976	NULL	REPRESSED	NEITHER
ENSG00000265982	BIVALENT	NULL	NEITHER
ENSG00000265984	REPRESSED	NULL	NEITHER
ENSG00000265987	INCONSISTENT	NULL	NEITHER
ENSG00000266002	NULL	REPRESSED	NEITHER
ENSG00000266006	REPRESSED	BIVALENT	NEITHER
ENSG00000266010	REPRESSED	BIVALENT	NEITHER
ENSG00000266013	REPRESSED	NULL	NEITHER
ENSG00000266015	NULL	INCONSISTENT	NEITHER
ENSG00000266016	INCONSISTENT	NULL	NEITHER
ENSG00000266028	NULL	SIMPLE_AND	K562
ENSG00000266053	SIMPLE_AND	INCONSISTENT	GM12878
ENSG00000266065	REPRESSED	NULL	NEITHER
ENSG00000266074	BIVALENT	INCONSISTENT	NEITHER
ENSG00000266088	SIMPLE_AND	INCONSISTENT	GM12878
ENSG00000266094	SIMPLE_AND	SIMPLE_OR	GM12878
ENSG00000266097	INCONSISTENT	NULL	NEITHER
ENSG00000266099	INCONSISTENT	NULL	NEITHER
ENSG00000266100	INCONSISTENT	NULL	NEITHER
ENSG00000266102	NULL	REPRESSED	NEITHER
ENSG00000266107	NULL	REPRESSED	NEITHER
ENSG00000266124	NULL	INCONSISTENT	NEITHER
ENSG00000266128	COMPLEX	NULL	NEITHER
ENSG00000266129	NULL	REPRESSED	NEITHER
ENSG00000266139	NULL	INCONSISTENT	NEITHER
ENSG00000266150	NULL	INCONSISTENT	NEITHER
ENSG00000266155	NULL	INCONSISTENT	NEITHER
ENSG00000266158	NULL	REPRESSED	NEITHER
ENSG00000266187	INCONSISTENT	NULL	NEITHER
ENSG00000266206	INCONSISTENT	NULL	NEITHER
ENSG00000266208	SIMPLE_OR	INCONSISTENT	NEITHER
ENSG00000266210	NULL	INCONSISTENT	NEITHER
ENSG00000266226	INCONSISTENT	REPRESSED	NEITHER
ENSG00000266248	REPRESSED	NULL	NEITHER
ENSG00000266255	REPRESSED	NULL	NEITHER
ENSG00000266256	INCONSISTENT	NULL	NEITHER
ENSG00000266274	INCONSISTENT	REPRESSED	NEITHER
ENSG00000266278	NULL	INCONSISTENT	NEITHER
ENSG00000266283	NULL	REPRESSED	NEITHER
ENSG00000266291	NULL	INCONSISTENT	NEITHER
ENSG00000266296	REPRESSED	NULL	NEITHER
ENSG00000266305	REPRESSED	NULL	NEITHER
ENSG00000266306	REPRESSED	NULL	NEITHER
ENSG00000266307	NULL	INCONSISTENT	NEITHER
ENSG00000266318	REPRESSED	NULL	NEITHER
ENSG00000266325	INCONSISTENT	BIVALENT	NEITHER
ENSG00000266329	NULL	BIVALENT	NEITHER
ENSG00000266338	SIMPLE_OR	INCONSISTENT	NEITHER
ENSG00000266341	NULL	INCONSISTENT	NEITHER
ENSG00000266354	REPRESSED	NULL	NEITHER
ENSG00000266364	NULL	INCONSISTENT	NEITHER
ENSG00000266389	INCONSISTENT	NULL	NEITHER
ENSG00000266392	REPRESSED	INCONSISTENT	NEITHER
ENSG00000266396	REPRESSED	NULL	NEITHER
ENSG00000266397	INCONSISTENT	NULL	NEITHER
ENSG00000266401	NULL	INCONSISTENT	NEITHER
ENSG00000266402	INCONSISTENT	SIMPLE_AND	K562
ENSG00000266407	NULL	INCONSISTENT	NEITHER
ENSG00000266412	COMPLEX	SIMPLE_AND	K562
ENSG00000266423	NULL	INCONSISTENT	NEITHER
ENSG00000266439	NULL	REPRESSED	NEITHER
ENSG00000266446	INCONSISTENT	NULL	NEITHER
ENSG00000266456	NULL	INCONSISTENT	NEITHER
ENSG00000266458	NULL	INCONSISTENT	NEITHER
ENSG00000266469	SIMPLE_AND	INCONSISTENT	GM12878
ENSG00000266478	REPRESSED	NULL	NEITHER
ENSG00000266490	SIMPLE_OR	NULL	NEITHER
ENSG00000266495	INCONSISTENT	NULL	NEITHER
ENSG00000266498	SIMPLE_AND	INCONSISTENT	GM12878
ENSG00000266509	INCONSISTENT	NULL	NEITHER
ENSG00000266513	NULL	INCONSISTENT	NEITHER
ENSG00000266514	REPRESSED	NULL	NEITHER
ENSG00000266517	INCONSISTENT	NULL	NEITHER
ENSG00000266524	REPRESSED	NULL	NEITHER
ENSG00000266527	NULL	REPRESSED	NEITHER
ENSG00000266560	NULL	INCONSISTENT	NEITHER
ENSG00000266575	NULL	INCONSISTENT	NEITHER
ENSG00000266580	REPRESSED	BIVALENT	NEITHER
ENSG00000266586	REPRESSED	NULL	NEITHER
ENSG00000266588	NULL	INCONSISTENT	NEITHER
ENSG00000266598	INCONSISTENT	NULL	NEITHER
ENSG00000266599	INCONSISTENT	NULL	NEITHER
ENSG00000266601	NULL	INCONSISTENT	NEITHER
ENSG00000266602	NULL	COMPLEX	NEITHER
ENSG00000266610	NULL	REPRESSED	NEITHER
ENSG00000266614	NULL	REPRESSED	NEITHER
ENSG00000266617	NULL	INCONSISTENT	NEITHER
ENSG00000266627	NULL	REPRESSED	NEITHER
ENSG00000266666	REPRESSED	NULL	NEITHER
ENSG00000266680	SIMPLE_AND	INCONSISTENT	GM12878
ENSG00000266692	NULL	REPRESSED	NEITHER
ENSG00000266698	INCONSISTENT	NULL	NEITHER
ENSG00000266704	INCONSISTENT	NULL	NEITHER
ENSG00000266705	INCONSISTENT	NULL	NEITHER
ENSG00000266707	NULL	REPRESSED	NEITHER
ENSG00000266709	REPRESSED	INCONSISTENT	NEITHER
ENSG00000266711	NULL	REPRESSED	NEITHER
ENSG00000266714	BIVALENT	INCONSISTENT	NEITHER
ENSG00000266738	BIVALENT	INCONSISTENT	NEITHER
ENSG00000266740	INCONSISTENT	NULL	NEITHER
ENSG00000266758	INCONSISTENT	NULL	NEITHER
ENSG00000266760	NULL	REPRESSED	NEITHER
ENSG00000266782	REPRESSED	NULL	NEITHER
ENSG00000266805	SIMPLE_OR	NULL	NEITHER
ENSG00000266826	INCONSISTENT	COMPLEX	NEITHER
ENSG00000266827	REPRESSED	NULL	NEITHER
ENSG00000266846	REPRESSED	NULL	NEITHER
ENSG00000266852	INCONSISTENT	NULL	NEITHER
ENSG00000266858	NULL	INCONSISTENT	NEITHER
ENSG00000266865	SIMPLE_AND	NULL	GM12878
ENSG00000266876	NULL	REPRESSED	NEITHER
ENSG00000266885	NULL	INCONSISTENT	NEITHER
ENSG00000266890	REPRESSED	NULL	NEITHER
ENSG00000266891	NULL	INCONSISTENT	NEITHER
ENSG00000266893	NULL	INCONSISTENT	NEITHER
ENSG00000266897	NULL	INCONSISTENT	NEITHER
ENSG00000266899	NULL	REPRESSED	NEITHER
ENSG00000266903	INCONSISTENT	NULL	NEITHER
ENSG00000266904	SIMPLE_AND	INCONSISTENT	GM12878
ENSG00000266905	REPRESSED	NULL	NEITHER
ENSG00000266907	NULL	INCONSISTENT	NEITHER
ENSG00000266908	REPRESSED	NULL	NEITHER
ENSG00000266910	COMPLEX	NULL	NEITHER
ENSG00000266913	SIMPLE_AND	INCONSISTENT	GM12878
ENSG00000266916	COMPLEX	NULL	NEITHER
ENSG00000266923	INCONSISTENT	NULL	NEITHER
ENSG00000266924	REPRESSED	NULL	NEITHER
ENSG00000266932	NULL	REPRESSED	NEITHER
ENSG00000266938	NULL	REPRESSED	NEITHER
ENSG00000266941	INCONSISTENT	NULL	NEITHER
ENSG00000266946	SIMPLE_OR	NULL	NEITHER
ENSG00000266947	INCONSISTENT	BIVALENT	NEITHER
ENSG00000266953	NULL	SIMPLE_OR	NEITHER
ENSG00000266959	NULL	INCONSISTENT	NEITHER
ENSG00000266963	INCONSISTENT	BIVALENT	NEITHER
ENSG00000266973	INCONSISTENT	COMPLEX	NEITHER
ENSG00000266976	NULL	SIMPLE_AND	K562
ENSG00000266978	SIMPLE_AND	INCONSISTENT	GM12878
ENSG00000266979	NULL	REPRESSED	NEITHER
ENSG00000266981	NULL	REPRESSED	NEITHER
ENSG00000266985	NULL	REPRESSED	NEITHER
ENSG00000266989	NULL	BIVALENT	NEITHER
ENSG00000266990	NULL	INCONSISTENT	NEITHER
ENSG00000267000	REPRESSED	NULL	NEITHER
ENSG00000267002	SIMPLE_AND	INCONSISTENT	GM12878
ENSG00000267006	COMPLEX	NULL	NEITHER
ENSG00000267009	NULL	INCONSISTENT	NEITHER
ENSG00000267015	NULL	INCONSISTENT	NEITHER
ENSG00000267036	REPRESSED	INCONSISTENT	NEITHER
ENSG00000267040	SIMPLE_AND	INCONSISTENT	GM12878
ENSG00000267042	SIMPLE_AND	INCONSISTENT	GM12878
ENSG00000267044	INCONSISTENT	NULL	NEITHER
ENSG00000267046	INCONSISTENT	REPRESSED	NEITHER
ENSG00000267047	NULL	INCONSISTENT	NEITHER
ENSG00000267052	NULL	COMPLEX	NEITHER
ENSG00000267056	NULL	REPRESSED	NEITHER
ENSG00000267059	INCONSISTENT	SIMPLE_AND	K562
ENSG00000267060	SIMPLE_AND	INCONSISTENT	GM12878
ENSG00000267064	SIMPLE_AND	INCONSISTENT	GM12878
ENSG00000267066	INCONSISTENT	NULL	NEITHER
ENSG00000267069	REPRESSED	INCONSISTENT	NEITHER
ENSG00000267072	NULL	REPRESSED	NEITHER
ENSG00000267073	BIVALENT	INCONSISTENT	NEITHER
ENSG00000267080	SIMPLE_AND	INCONSISTENT	GM12878
ENSG00000267089	REPRESSED	NULL	NEITHER
ENSG00000267090	NULL	INCONSISTENT	NEITHER
ENSG00000267091	REPRESSED	NULL	NEITHER
ENSG00000267092	NULL	INCONSISTENT	NEITHER
ENSG00000267095	NULL	INCONSISTENT	NEITHER
ENSG00000267099	NULL	INCONSISTENT	NEITHER
ENSG00000267100	SIMPLE_AND	INCONSISTENT	GM12878
ENSG00000267106	SIMPLE_AND	INCONSISTENT	GM12878
ENSG00000267107	REPRESSED	NULL	NEITHER
ENSG00000267110	NULL	INCONSISTENT	NEITHER
ENSG00000267113	REPRESSED	NULL	NEITHER
ENSG00000267115	COMPLEX	NULL	NEITHER
ENSG00000267121	SIMPLE_AND	INCONSISTENT	GM12878
ENSG00000267123	SIMPLE_AND	REPRESSED	GM12878
ENSG00000267125	NULL	INCONSISTENT	NEITHER
ENSG00000267131	REPRESSED	NULL	NEITHER
ENSG00000267137	NULL	INCONSISTENT	NEITHER
ENSG00000267147	INCONSISTENT	NULL	NEITHER
ENSG00000267152	REPRESSED	NULL	NEITHER
ENSG00000267156	REPRESSED	NULL	NEITHER
ENSG00000267169	SIMPLE_AND	INCONSISTENT	GM12878
ENSG00000267173	COMPLEX	NULL	NEITHER
ENSG00000267174	INCONSISTENT	NULL	NEITHER
ENSG00000267177	NULL	REPRESSED	NEITHER
ENSG00000267190	NULL	REPRESSED	NEITHER
ENSG00000267195	BIVALENT	INCONSISTENT	NEITHER
ENSG00000267200	BIVALENT	INCONSISTENT	NEITHER
ENSG00000267213	COMPLEX	INCONSISTENT	NEITHER
ENSG00000267214	COMPLEX	REPRESSED	NEITHER
ENSG00000267216	SIMPLE_AND	INCONSISTENT	GM12878
ENSG00000267221	BIVALENT	INCONSISTENT	NEITHER
ENSG00000267224	REPRESSED	NULL	NEITHER
ENSG00000267234	NULL	INCONSISTENT	NEITHER
ENSG00000267243	NULL	SIMPLE_AND	K562
ENSG00000267244	NULL	INCONSISTENT	NEITHER
ENSG00000267245	NULL	REPRESSED	NEITHER
ENSG00000267248	SIMPLE_AND	INCONSISTENT	GM12878
ENSG00000267251	NULL	REPRESSED	NEITHER
ENSG00000267254	COMPLEX	NULL	NEITHER
ENSG00000267255	INCONSISTENT	NULL	NEITHER
ENSG00000267257	SIMPLE_AND	NULL	GM12878
ENSG00000267262	NULL	INCONSISTENT	NEITHER
ENSG00000267263	NULL	INCONSISTENT	NEITHER
ENSG00000267265	COMPLEX	SIMPLE_AND	K562
ENSG00000267270	SIMPLE_OR	NULL	NEITHER
ENSG00000267271	REPRESSED	NULL	NEITHER
ENSG00000267272	NULL	INCONSISTENT	NEITHER
ENSG00000267273	REPRESSED	NULL	NEITHER
ENSG00000267274	REPRESSED	NULL	NEITHER
ENSG00000267275	INCONSISTENT	BIVALENT	NEITHER
ENSG00000267277	SIMPLE_AND	INCONSISTENT	GM12878
ENSG00000267278	SIMPLE_AND	INCONSISTENT	GM12878
ENSG00000267279	NULL	INCONSISTENT	NEITHER
ENSG00000267280	BIVALENT	INCONSISTENT	NEITHER
ENSG00000267281	SIMPLE_AND	INCONSISTENT	GM12878
ENSG00000267284	BIVALENT	INCONSISTENT	NEITHER
ENSG00000267288	INCONSISTENT	NULL	NEITHER
ENSG00000267291	NULL	INCONSISTENT	NEITHER
ENSG00000267292	INCONSISTENT	NULL	NEITHER
ENSG00000267293	BIVALENT	NULL	NEITHER
ENSG00000267296	BIVALENT	INCONSISTENT	NEITHER
ENSG00000267298	SIMPLE_AND	INCONSISTENT	GM12878
ENSG00000267301	NULL	INCONSISTENT	NEITHER
ENSG00000267303	NULL	INCONSISTENT	NEITHER
ENSG00000267309	SIMPLE_AND	INCONSISTENT	GM12878
ENSG00000267311	NULL	INCONSISTENT	NEITHER
ENSG00000267312	SIMPLE_AND	NULL	GM12878
ENSG00000267320	NULL	REPRESSED	NEITHER
ENSG00000267321	SIMPLE_AND	INCONSISTENT	GM12878
ENSG00000267325	REPRESSED	INCONSISTENT	NEITHER
ENSG00000267327	NULL	INCONSISTENT	NEITHER
ENSG00000267336	INCONSISTENT	NULL	NEITHER
ENSG00000267344	NULL	INCONSISTENT	NEITHER
ENSG00000267345	COMPLEX	INCONSISTENT	NEITHER
ENSG00000267346	NULL	INCONSISTENT	NEITHER
ENSG00000267353	REPRESSED	NULL	NEITHER
ENSG00000267360	COMPLEX	INCONSISTENT	NEITHER
ENSG00000267361	NULL	INCONSISTENT	NEITHER
ENSG00000267363	INCONSISTENT	COMPLEX	NEITHER
ENSG00000267364	INCONSISTENT	NULL	NEITHER
ENSG00000267365	BIVALENT	INCONSISTENT	NEITHER
ENSG00000267366	NULL	REPRESSED	NEITHER
ENSG00000267371	REPRESSED	NULL	NEITHER
ENSG00000267373	INCONSISTENT	NULL	NEITHER
ENSG00000267375	INCONSISTENT	NULL	NEITHER
ENSG00000267382	REPRESSED	NULL	NEITHER
ENSG00000267387	SIMPLE_OR	INCONSISTENT	NEITHER
ENSG00000267390	SIMPLE_AND	INCONSISTENT	GM12878
ENSG00000267391	NULL	REPRESSED	NEITHER
ENSG00000267392	NULL	REPRESSED	NEITHER
ENSG00000267402	REPRESSED	NULL	NEITHER
ENSG00000267406	NULL	REPRESSED	NEITHER
ENSG00000267409	NULL	INCONSISTENT	NEITHER
ENSG00000267412	SIMPLE_AND	INCONSISTENT	GM12878
ENSG00000267414	INCONSISTENT	NULL	NEITHER
ENSG00000267415	REPRESSED	NULL	NEITHER
ENSG00000267417	REPRESSED	INCONSISTENT	NEITHER
ENSG00000267418	REPRESSED	NULL	NEITHER
ENSG00000267424	NULL	INCONSISTENT	NEITHER
ENSG00000267425	REPRESSED	NULL	NEITHER
ENSG00000267432	INCONSISTENT	BIVALENT	NEITHER
ENSG00000267440	NULL	REPRESSED	NEITHER
ENSG00000267444	NULL	REPRESSED	NEITHER
ENSG00000267446	INCONSISTENT	NULL	NEITHER
ENSG00000267456	REPRESSED	NULL	NEITHER
ENSG00000267457	SIMPLE_AND	NULL	GM12878
ENSG00000267466	NULL	REPRESSED	NEITHER
ENSG00000267467	NULL	INCONSISTENT	NEITHER
ENSG00000267470	REPRESSED	INCONSISTENT	NEITHER
ENSG00000267472	REPRESSED	INCONSISTENT	NEITHER
ENSG00000267475	SIMPLE_AND	INCONSISTENT	GM12878
ENSG00000267481	REPRESSED	NULL	NEITHER
ENSG00000267482	REPRESSED	NULL	NEITHER
ENSG00000267496	INCONSISTENT	NULL	NEITHER
ENSG00000267500	REPRESSED	NULL	NEITHER
ENSG00000267503	INCONSISTENT	REPRESSED	NEITHER
ENSG00000267506	NULL	INCONSISTENT	NEITHER
ENSG00000267508	COMPLEX	NULL	NEITHER
ENSG00000267509	INCONSISTENT	NULL	NEITHER
ENSG00000267510	REPRESSED	NULL	NEITHER
ENSG00000267511	REPRESSED	NULL	NEITHER
ENSG00000267518	NULL	INCONSISTENT	NEITHER
ENSG00000267519	SIMPLE_AND	INCONSISTENT	GM12878
ENSG00000267520	REPRESSED	NULL	NEITHER
ENSG00000267522	INCONSISTENT	NULL	NEITHER
ENSG00000267529	NULL	REPRESSED	NEITHER
ENSG00000267532	NULL	INCONSISTENT	NEITHER
ENSG00000267534	SIMPLE_AND	INCONSISTENT	GM12878
ENSG00000267535	NULL	INCONSISTENT	NEITHER
ENSG00000267544	NULL	INCONSISTENT	NEITHER
ENSG00000267546	SIMPLE_AND	INCONSISTENT	GM12878
ENSG00000267549	SIMPLE_AND	INCONSISTENT	GM12878
ENSG00000267550	NULL	REPRESSED	NEITHER
ENSG00000267555	NULL	REPRESSED	NEITHER
ENSG00000267561	NULL	INCONSISTENT	NEITHER
ENSG00000267563	INCONSISTENT	NULL	NEITHER
ENSG00000267565	REPRESSED	NULL	NEITHER
ENSG00000267568	REPRESSED	NULL	NEITHER
ENSG00000267570	INCONSISTENT	NULL	NEITHER
ENSG00000267576	INCONSISTENT	NULL	NEITHER
ENSG00000267577	NULL	INCONSISTENT	NEITHER
ENSG00000267579	COMPLEX	NULL	NEITHER
ENSG00000267580	REPRESSED	NULL	NEITHER
ENSG00000267581	SIMPLE_AND	NULL	GM12878
ENSG00000267593	INCONSISTENT	NULL	NEITHER
ENSG00000267601	NULL	BIVALENT	NEITHER
ENSG00000267606	COMPLEX	INCONSISTENT	NEITHER
ENSG00000267607	BIVALENT	INCONSISTENT	NEITHER
ENSG00000267609	NULL	REPRESSED	NEITHER
ENSG00000267610	NULL	INCONSISTENT	NEITHER
ENSG00000267620	REPRESSED	NULL	NEITHER
ENSG00000267623	REPRESSED	NULL	NEITHER
ENSG00000267624	NULL	INCONSISTENT	NEITHER
ENSG00000267625	NULL	INCONSISTENT	NEITHER
ENSG00000267629	NULL	INCONSISTENT	NEITHER
ENSG00000267632	NULL	INCONSISTENT	NEITHER
ENSG00000267634	NULL	BIVALENT	NEITHER
ENSG00000267645	NULL	INCONSISTENT	NEITHER
ENSG00000267653	INCONSISTENT	NULL	NEITHER
ENSG00000267655	REPRESSED	NULL	NEITHER
ENSG00000267656	INCONSISTENT	NULL	NEITHER
ENSG00000267659	NULL	INCONSISTENT	NEITHER
ENSG00000267661	NULL	REPRESSED	NEITHER
ENSG00000267662	NULL	BIVALENT	NEITHER
ENSG00000267663	NULL	REPRESSED	NEITHER
ENSG00000267666	INCONSISTENT	COMPLEX	NEITHER
ENSG00000267675	REPRESSED	NULL	NEITHER
ENSG00000267679	INCONSISTENT	NULL	NEITHER
ENSG00000267680	SIMPLE_AND	INCONSISTENT	GM12878
ENSG00000267682	COMPLEX	NULL	NEITHER
ENSG00000267686	REPRESSED	NULL	NEITHER
ENSG00000267692	COMPLEX	NULL	NEITHER
ENSG00000267694	NULL	REPRESSED	NEITHER
ENSG00000267698	SIMPLE_AND	INCONSISTENT	GM12878
ENSG00000267703	INCONSISTENT	NULL	NEITHER
ENSG00000267709	NULL	REPRESSED	NEITHER
ENSG00000267714	NULL	REPRESSED	NEITHER
ENSG00000267723	NULL	INCONSISTENT	NEITHER
ENSG00000267727	BIVALENT	INCONSISTENT	NEITHER
ENSG00000267731	REPRESSED	NULL	NEITHER
ENSG00000267734	NULL	INCONSISTENT	NEITHER
ENSG00000267743	INCONSISTENT	NULL	NEITHER
ENSG00000267744	NULL	REPRESSED	NEITHER
ENSG00000267746	BIVALENT	NULL	NEITHER
ENSG00000267751	SIMPLE_AND	INCONSISTENT	GM12878
ENSG00000267757	SIMPLE_AND	INCONSISTENT	GM12878
ENSG00000267758	NULL	INCONSISTENT	NEITHER
ENSG00000267761	REPRESSED	NULL	NEITHER
ENSG00000267764	SIMPLE_AND	NULL	GM12878
ENSG00000267765	NULL	INCONSISTENT	NEITHER
ENSG00000267766	INCONSISTENT	REPRESSED	NEITHER
ENSG00000267767	NULL	REPRESSED	NEITHER
ENSG00000267770	NULL	REPRESSED	NEITHER
ENSG00000267778	BIVALENT	INCONSISTENT	NEITHER
ENSG00000267780	NULL	REPRESSED	NEITHER
ENSG00000267788	REPRESSED	NULL	NEITHER
ENSG00000267795	NULL	INCONSISTENT	NEITHER
ENSG00000267808	INCONSISTENT	NULL	NEITHER
ENSG00000267815	REPRESSED	INCONSISTENT	NEITHER
ENSG00000267827	COMPLEX	NULL	NEITHER
ENSG00000267852	SIMPLE_AND	INCONSISTENT	GM12878
ENSG00000267871	SIMPLE_AND	INCONSISTENT	GM12878
ENSG00000267881	NULL	INCONSISTENT	NEITHER
ENSG00000267886	NULL	SIMPLE_OR	NEITHER
ENSG00000267895	NULL	REPRESSED	NEITHER
ENSG00000267909	REPRESSED	NULL	NEITHER
ENSG00000267922	REPRESSED	NULL	NEITHER
ENSG00000267927	COMPLEX	NULL	NEITHER
ENSG00000267934	REPRESSED	NULL	NEITHER
ENSG00000267939	NULL	INCONSISTENT	NEITHER
ENSG00000267943	NULL	REPRESSED	NEITHER
ENSG00000267952	NULL	INCONSISTENT	NEITHER
ENSG00000267961	NULL	REPRESSED	NEITHER
ENSG00000267990	NULL	REPRESSED	NEITHER
ENSG00000268001	SIMPLE_AND	INCONSISTENT	GM12878
ENSG00000268006	SIMPLE_AND	INCONSISTENT	GM12878
ENSG00000268027	SIMPLE_OR	NULL	NEITHER
ENSG00000268041	BIVALENT	INCONSISTENT	NEITHER
ENSG00000268043	SIMPLE_AND	INCONSISTENT	GM12878
ENSG00000268047	NULL	INCONSISTENT	NEITHER
ENSG00000268051	SIMPLE_OR	NULL	NEITHER
ENSG00000268058	REPRESSED	NULL	NEITHER
ENSG00000268061	SIMPLE_AND	INCONSISTENT	GM12878
ENSG00000268070	REPRESSED	NULL	NEITHER
ENSG00000268080	NULL	INCONSISTENT	NEITHER
ENSG00000268083	INCONSISTENT	NULL	NEITHER
ENSG00000268087	INCONSISTENT	NULL	NEITHER
ENSG00000268088	SIMPLE_OR	NULL	NEITHER
ENSG00000268089	NULL	INCONSISTENT	NEITHER
ENSG00000268107	COMPLEX	INCONSISTENT	NEITHER
ENSG00000268116	REPRESSED	NULL	NEITHER
ENSG00000268119	NULL	SIMPLE_AND	K562
ENSG00000268129	SIMPLE_AND	INCONSISTENT	GM12878
ENSG00000268144	REPRESSED	NULL	NEITHER
ENSG00000268154	SIMPLE_AND	NULL	GM12878
ENSG00000268157	REPRESSED	NULL	NEITHER
ENSG00000268163	COMPLEX	INCONSISTENT	NEITHER
ENSG00000268182	REPRESSED	NULL	NEITHER
ENSG00000268184	REPRESSED	NULL	NEITHER
ENSG00000268186	INCONSISTENT	NULL	NEITHER
ENSG00000268193	NULL	INCONSISTENT	NEITHER
ENSG00000268199	NULL	INCONSISTENT	NEITHER
ENSG00000268204	SIMPLE_AND	INCONSISTENT	GM12878
ENSG00000268222	NULL	INCONSISTENT	NEITHER
ENSG00000268238	NULL	REPRESSED	NEITHER
ENSG00000268240	REPRESSED	INCONSISTENT	NEITHER
ENSG00000268266	COMPLEX	INCONSISTENT	NEITHER
ENSG00000268267	NULL	INCONSISTENT	NEITHER
ENSG00000268287	NULL	BIVALENT	NEITHER
ENSG00000268297	REPRESSED	NULL	NEITHER
ENSG00000268309	INCONSISTENT	NULL	NEITHER
ENSG00000268322	REPRESSED	NULL	NEITHER
ENSG00000268333	NULL	REPRESSED	NEITHER
ENSG00000268350	SIMPLE_AND	INCONSISTENT	GM12878
ENSG00000268355	COMPLEX	NULL	NEITHER
ENSG00000268362	SIMPLE_AND	INCONSISTENT	GM12878
ENSG00000268364	SIMPLE_AND	INCONSISTENT	GM12878
ENSG00000268388	BIVALENT	NULL	NEITHER
ENSG00000268392	REPRESSED	NULL	NEITHER
ENSG00000268400	SIMPLE_AND	INCONSISTENT	GM12878
ENSG00000268403	COMPLEX	INCONSISTENT	NEITHER
ENSG00000268434	NULL	INCONSISTENT	NEITHER
ENSG00000268438	REPRESSED	NULL	NEITHER
ENSG00000268460	NULL	INCONSISTENT	NEITHER
ENSG00000268471	SIMPLE_AND	INCONSISTENT	GM12878
ENSG00000268500	NULL	REPRESSED	NEITHER
ENSG00000268510	INCONSISTENT	NULL	NEITHER
ENSG00000268516	SIMPLE_AND	INCONSISTENT	GM12878
ENSG00000268518	NULL	REPRESSED	NEITHER
ENSG00000268520	SIMPLE_AND	INCONSISTENT	GM12878
ENSG00000268543	REPRESSED	INCONSISTENT	NEITHER
ENSG00000268566	REPRESSED	NULL	NEITHER
ENSG00000268573	SIMPLE_AND	INCONSISTENT	GM12878
ENSG00000268581	NULL	REPRESSED	NEITHER
ENSG00000268584	SIMPLE_AND	INCONSISTENT	GM12878
ENSG00000268592	BIVALENT	INCONSISTENT	NEITHER
ENSG00000268603	BIVALENT	INCONSISTENT	NEITHER
ENSG00000268605	INCONSISTENT	NULL	NEITHER
ENSG00000268618	NULL	REPRESSED	NEITHER
ENSG00000268621	NULL	INCONSISTENT	NEITHER
ENSG00000268655	NULL	INCONSISTENT	NEITHER
ENSG00000268658	NULL	REPRESSED	NEITHER
ENSG00000268670	SIMPLE_AND	INCONSISTENT	GM12878
ENSG00000268681	INCONSISTENT	NULL	NEITHER
ENSG00000268686	NULL	INCONSISTENT	NEITHER
ENSG00000268707	NULL	INCONSISTENT	NEITHER
ENSG00000268729	NULL	INCONSISTENT	NEITHER
ENSG00000268742	INCONSISTENT	NULL	NEITHER
ENSG00000268744	SIMPLE_AND	INCONSISTENT	GM12878
ENSG00000268747	REPRESSED	NULL	NEITHER
ENSG00000268756	NULL	INCONSISTENT	NEITHER
ENSG00000268777	NULL	REPRESSED	NEITHER
ENSG00000268785	SIMPLE_AND	NULL	GM12878
ENSG00000268798	SIMPLE_AND	INCONSISTENT	GM12878
ENSG00000268804	INCONSISTENT	NULL	NEITHER
ENSG00000268812	BIVALENT	INCONSISTENT	NEITHER
ENSG00000268833	NULL	REPRESSED	NEITHER
ENSG00000268839	NULL	COMPLEX	NEITHER
ENSG00000268842	REPRESSED	COMPLEX	NEITHER
ENSG00000268847	REPRESSED	NULL	NEITHER
ENSG00000268858	SIMPLE_AND	INCONSISTENT	GM12878
ENSG00000268866	REPRESSED	NULL	NEITHER
ENSG00000268879	REPRESSED	NULL	NEITHER
ENSG00000268886	REPRESSED	NULL	NEITHER
ENSG00000268889	SIMPLE_AND	INCONSISTENT	GM12878
ENSG00000268894	NULL	REPRESSED	NEITHER
ENSG00000268895	SIMPLE_AND	INCONSISTENT	GM12878
ENSG00000268896	REPRESSED	NULL	NEITHER
ENSG00000268903	NULL	INCONSISTENT	NEITHER
ENSG00000268912	REPRESSED	NULL	NEITHER
ENSG00000268926	NULL	REPRESSED	NEITHER
ENSG00000268957	NULL	INCONSISTENT	NEITHER
ENSG00000268970	COMPLEX	INCONSISTENT	NEITHER
ENSG00000268987	SIMPLE_AND	INCONSISTENT	GM12878
ENSG00000268992	REPRESSED	NULL	NEITHER
ENSG00000269001	REPRESSED	NULL	NEITHER
ENSG00000269014	NULL	INCONSISTENT	NEITHER
ENSG00000269019	BIVALENT	INCONSISTENT	NEITHER
ENSG00000269037	REPRESSED	NULL	NEITHER
ENSG00000269038	COMPLEX	INCONSISTENT	NEITHER
ENSG00000269040	REPRESSED	NULL	NEITHER
ENSG00000269050	INCONSISTENT	NULL	NEITHER
ENSG00000269085	REPRESSED	NULL	NEITHER
ENSG00000269097	NULL	REPRESSED	NEITHER
ENSG00000269099	NULL	INCONSISTENT	NEITHER
ENSG00000269102	INCONSISTENT	COMPLEX	NEITHER
ENSG00000269106	SIMPLE_AND	INCONSISTENT	GM12878
ENSG00000269110	COMPLEX	INCONSISTENT	NEITHER
ENSG00000269113	REPRESSED	NULL	NEITHER
ENSG00000269124	NULL	REPRESSED	NEITHER
ENSG00000269139	NULL	INCONSISTENT	NEITHER
ENSG00000269151	NULL	INCONSISTENT	NEITHER
ENSG00000269161	NULL	INCONSISTENT	NEITHER
ENSG00000269176	SIMPLE_AND	INCONSISTENT	GM12878
ENSG00000269181	BIVALENT	INCONSISTENT	NEITHER
ENSG00000269186	NULL	REPRESSED	NEITHER
ENSG00000269188	INCONSISTENT	NULL	NEITHER
ENSG00000269190	SIMPLE_AND	INCONSISTENT	GM12878
ENSG00000269210	INCONSISTENT	REPRESSED	NEITHER
ENSG00000269220	SIMPLE_AND	INCONSISTENT	GM12878
ENSG00000269228	NULL	REPRESSED	NEITHER
ENSG00000269235	REPRESSED	NULL	NEITHER
ENSG00000269236	REPRESSED	NULL	NEITHER
ENSG00000269242	NULL	SIMPLE_OR	NEITHER
ENSG00000269243	INCONSISTENT	NULL	NEITHER
ENSG00000269271	REPRESSED	NULL	NEITHER
ENSG00000269289	REPRESSED	NULL	NEITHER
ENSG00000269292	INCONSISTENT	NULL	NEITHER
ENSG00000269293	SIMPLE_AND	INCONSISTENT	GM12878
ENSG00000269296	COMPLEX	INCONSISTENT	NEITHER
ENSG00000269356	NULL	REPRESSED	NEITHER
ENSG00000269364	NULL	REPRESSED	NEITHER
ENSG00000269376	NULL	REPRESSED	NEITHER
ENSG00000269386	SIMPLE_AND	INCONSISTENT	GM12878
ENSG00000269391	COMPLEX	NULL	NEITHER
ENSG00000269392	SIMPLE_AND	INCONSISTENT	GM12878
ENSG00000269399	SIMPLE_AND	INCONSISTENT	GM12878
ENSG00000269400	COMPLEX	INCONSISTENT	NEITHER
ENSG00000269404	SIMPLE_AND	NULL	GM12878
ENSG00000269419	NULL	REPRESSED	NEITHER
ENSG00000269420	NULL	REPRESSED	NEITHER
ENSG00000269431	REPRESSED	NULL	NEITHER
ENSG00000269439	SIMPLE_AND	INCONSISTENT	GM12878
ENSG00000269444	SIMPLE_AND	INCONSISTENT	GM12878
ENSG00000269446	NULL	REPRESSED	NEITHER
ENSG00000269460	COMPLEX	REPRESSED	NEITHER
ENSG00000269463	SIMPLE_AND	INCONSISTENT	GM12878
ENSG00000269473	INCONSISTENT	NULL	NEITHER
ENSG00000269480	NULL	INCONSISTENT	NEITHER
ENSG00000269482	NULL	INCONSISTENT	NEITHER
ENSG00000269487	NULL	INCONSISTENT	NEITHER
ENSG00000269504	NULL	INCONSISTENT	NEITHER
ENSG00000269505	REPRESSED	NULL	NEITHER
ENSG00000269506	INCONSISTENT	NULL	NEITHER
ENSG00000269514	SIMPLE_AND	INCONSISTENT	GM12878
ENSG00000269526	REPRESSED	NULL	NEITHER
ENSG00000269534	INCONSISTENT	NULL	NEITHER
ENSG00000269553	SIMPLE_AND	NULL	GM12878
ENSG00000269556	SIMPLE_OR	INCONSISTENT	NEITHER
ENSG00000269560	REPRESSED	NULL	NEITHER
ENSG00000269564	NULL	REPRESSED	NEITHER
ENSG00000269578	SIMPLE_AND	INCONSISTENT	GM12878
ENSG00000269580	NULL	INCONSISTENT	NEITHER
ENSG00000269586	NULL	SIMPLE_AND	K562
ENSG00000269600	NULL	INCONSISTENT	NEITHER
ENSG00000269604	NULL	INCONSISTENT	NEITHER
ENSG00000269622	NULL	INCONSISTENT	NEITHER
ENSG00000269652	NULL	INCONSISTENT	NEITHER
ENSG00000269653	NULL	INCONSISTENT	NEITHER
ENSG00000269667	NULL	REPRESSED	NEITHER
ENSG00000269680	SIMPLE_AND	INCONSISTENT	GM12878
ENSG00000269688	SIMPLE_OR	INCONSISTENT	NEITHER
ENSG00000269696	INCONSISTENT	NULL	NEITHER
ENSG00000269707	REPRESSED	NULL	NEITHER
ENSG00000269713	NULL	INCONSISTENT	NEITHER
ENSG00000269720	NULL	INCONSISTENT	NEITHER
ENSG00000269743	SIMPLE_AND	INCONSISTENT	GM12878
ENSG00000269745	NULL	REPRESSED	NEITHER
ENSG00000269749	COMPLEX	INCONSISTENT	NEITHER
ENSG00000269763	INCONSISTENT	NULL	NEITHER
ENSG00000269787	NULL	REPRESSED	NEITHER
ENSG00000269793	COMPLEX	INCONSISTENT	NEITHER
ENSG00000269800	INCONSISTENT	REPRESSED	NEITHER
ENSG00000269821	SIMPLE_AND	INCONSISTENT	GM12878
ENSG00000269825	SIMPLE_AND	INCONSISTENT	GM12878
ENSG00000269834	COMPLEX	INCONSISTENT	NEITHER
ENSG00000269843	NULL	INCONSISTENT	NEITHER
ENSG00000269845	REPRESSED	NULL	NEITHER
ENSG00000269846	COMPLEX	INCONSISTENT	NEITHER
ENSG00000269877	NULL	REPRESSED	NEITHER
ENSG00000269883	REPRESSED	BIVALENT	NEITHER
ENSG00000269891	SIMPLE_AND	INCONSISTENT	GM12878
ENSG00000269892	REPRESSED	NULL	NEITHER
ENSG00000269895	NULL	REPRESSED	NEITHER
ENSG00000269896	NULL	REPRESSED	NEITHER
ENSG00000269898	NULL	REPRESSED	NEITHER
ENSG00000269901	NULL	INCONSISTENT	NEITHER
ENSG00000269902	SIMPLE_AND	NULL	GM12878
ENSG00000269906	SIMPLE_OR	INCONSISTENT	NEITHER
ENSG00000269919	SIMPLE_AND	INCONSISTENT	GM12878
ENSG00000269921	SIMPLE_AND	INCONSISTENT	GM12878
ENSG00000269927	INCONSISTENT	NULL	NEITHER
ENSG00000269935	COMPLEX	BIVALENT	NEITHER
ENSG00000269944	NULL	INCONSISTENT	NEITHER
ENSG00000269951	SIMPLE_AND	INCONSISTENT	GM12878
ENSG00000269952	SIMPLE_OR	NULL	NEITHER
ENSG00000269954	NULL	REPRESSED	NEITHER
ENSG00000269959	NULL	INCONSISTENT	NEITHER
ENSG00000269961	SIMPLE_AND	INCONSISTENT	GM12878
ENSG00000269964	REPRESSED	INCONSISTENT	NEITHER
ENSG00000269966	REPRESSED	NULL	NEITHER
ENSG00000269972	REPRESSED	NULL	NEITHER
ENSG00000269981	NULL	INCONSISTENT	NEITHER
ENSG00000269982	NULL	INCONSISTENT	NEITHER
ENSG00000269987	REPRESSED	NULL	NEITHER
ENSG00000269989	REPRESSED	NULL	NEITHER
ENSG00000269993	NULL	REPRESSED	NEITHER
ENSG00000269994	NULL	INCONSISTENT	NEITHER
ENSG00000270011	SIMPLE_AND	INCONSISTENT	GM12878
ENSG00000270012	SIMPLE_OR	INCONSISTENT	NEITHER
ENSG00000270017	NULL	INCONSISTENT	NEITHER
ENSG00000270019	SIMPLE_AND	INCONSISTENT	GM12878
ENSG00000270020	NULL	REPRESSED	NEITHER
ENSG00000270035	NULL	REPRESSED	NEITHER
ENSG00000270036	REPRESSED	NULL	NEITHER
ENSG00000270049	SIMPLE_AND	INCONSISTENT	GM12878
ENSG00000270061	SIMPLE_OR	INCONSISTENT	NEITHER
ENSG00000270066	SIMPLE_AND	INCONSISTENT	GM12878
ENSG00000270069	SIMPLE_OR	INCONSISTENT	NEITHER
ENSG00000270072	SIMPLE_OR	INCONSISTENT	NEITHER
ENSG00000270076	INCONSISTENT	NULL	NEITHER
ENSG00000270083	COMPLEX	INCONSISTENT	NEITHER
ENSG00000270084	SIMPLE_AND	INCONSISTENT	GM12878
ENSG00000270094	NULL	INCONSISTENT	NEITHER
ENSG00000270095	SIMPLE_AND	INCONSISTENT	GM12878
ENSG00000270100	SIMPLE_OR	NULL	NEITHER
ENSG00000270103	INCONSISTENT	SIMPLE_AND	K562
ENSG00000270108	SIMPLE_OR	NULL	NEITHER
ENSG00000270110	REPRESSED	NULL	NEITHER
ENSG00000270111	REPRESSED	NULL	NEITHER
ENSG00000270112	BIVALENT	NULL	NEITHER
ENSG00000270115	SIMPLE_OR	NULL	NEITHER
ENSG00000270117	SIMPLE_AND	INCONSISTENT	GM12878
ENSG00000270120	SIMPLE_OR	NULL	NEITHER
ENSG00000270123	INCONSISTENT	SIMPLE_AND	K562
ENSG00000270149	INCONSISTENT	NULL	NEITHER
ENSG00000270164	SIMPLE_AND	NULL	GM12878
ENSG00000270165	NULL	INCONSISTENT	NEITHER
ENSG00000270175	SIMPLE_AND	INCONSISTENT	GM12878
ENSG00000270177	SIMPLE_AND	INCONSISTENT	GM12878
ENSG00000270182	REPRESSED	NULL	NEITHER
ENSG00000270192	REPRESSED	NULL	NEITHER
ENSG00000270200	NULL	REPRESSED	NEITHER
ENSG00000270210	NULL	REPRESSED	NEITHER
ENSG00000270212	NULL	REPRESSED	NEITHER
ENSG00000270218	INCONSISTENT	NULL	NEITHER
ENSG00000270228	NULL	INCONSISTENT	NEITHER
ENSG00000270231	SIMPLE_AND	INCONSISTENT	GM12878
ENSG00000270243	NULL	INCONSISTENT	NEITHER
ENSG00000270252	NULL	REPRESSED	NEITHER
ENSG00000270259	INCONSISTENT	NULL	NEITHER
ENSG00000270268	NULL	INCONSISTENT	NEITHER
ENSG00000270270	REPRESSED	NULL	NEITHER
ENSG00000270273	NULL	INCONSISTENT	NEITHER
ENSG00000270279	NULL	REPRESSED	NEITHER
ENSG00000270282	INCONSISTENT	NULL	NEITHER
ENSG00000270285	INCONSISTENT	NULL	NEITHER
ENSG00000270287	NULL	REPRESSED	NEITHER
ENSG00000270292	NULL	COMPLEX	NEITHER
ENSG00000270299	REPRESSED	INCONSISTENT	NEITHER
ENSG00000270317	REPRESSED	NULL	NEITHER
ENSG00000270330	REPRESSED	BIVALENT	NEITHER
ENSG00000270332	COMPLEX	INCONSISTENT	NEITHER
ENSG00000270335	INCONSISTENT	NULL	NEITHER
ENSG00000270344	SIMPLE_AND	INCONSISTENT	GM12878
ENSG00000270354	INCONSISTENT	NULL	NEITHER
ENSG00000270362	SIMPLE_AND	INCONSISTENT	GM12878
ENSG00000270367	NULL	INCONSISTENT	NEITHER
ENSG00000270378	REPRESSED	NULL	NEITHER
ENSG00000270393	NULL	REPRESSED	NEITHER
ENSG00000270395	NULL	REPRESSED	NEITHER
ENSG00000270402	REPRESSED	NULL	NEITHER
ENSG00000270412	REPRESSED	BIVALENT	NEITHER
ENSG00000270419	SIMPLE_AND	INCONSISTENT	GM12878
ENSG00000270423	INCONSISTENT	NULL	NEITHER
ENSG00000270426	SIMPLE_AND	INCONSISTENT	GM12878
ENSG00000270429	REPRESSED	INCONSISTENT	NEITHER
ENSG00000270433	NULL	INCONSISTENT	NEITHER
ENSG00000270443	NULL	REPRESSED	NEITHER
ENSG00000270445	INCONSISTENT	NULL	NEITHER
ENSG00000270453	NULL	REPRESSED	NEITHER
ENSG00000270460	REPRESSED	NULL	NEITHER
ENSG00000270488	INCONSISTENT	NULL	NEITHER
ENSG00000270495	NULL	INCONSISTENT	NEITHER
ENSG00000270499	INCONSISTENT	NULL	NEITHER
ENSG00000270504	BIVALENT	INCONSISTENT	NEITHER
ENSG00000270506	NULL	REPRESSED	NEITHER
ENSG00000270522	BIVALENT	NULL	NEITHER
ENSG00000270533	NULL	INCONSISTENT	NEITHER
ENSG00000270540	NULL	REPRESSED	NEITHER
ENSG00000270542	NULL	INCONSISTENT	NEITHER
ENSG00000270560	INCONSISTENT	NULL	NEITHER
ENSG00000270562	BIVALENT	INCONSISTENT	NEITHER
ENSG00000270578	NULL	INCONSISTENT	NEITHER
ENSG00000270593	NULL	REPRESSED	NEITHER
ENSG00000270598	INCONSISTENT	NULL	NEITHER
ENSG00000270605	SIMPLE_OR	NULL	NEITHER
ENSG00000270607	BIVALENT	INCONSISTENT	NEITHER
ENSG00000270612	NULL	REPRESSED	NEITHER
ENSG00000270620	INCONSISTENT	NULL	NEITHER
ENSG00000270638	SIMPLE_AND	INCONSISTENT	GM12878
ENSG00000270639	NULL	INCONSISTENT	NEITHER
ENSG00000270655	NULL	REPRESSED	NEITHER
ENSG00000270659	SIMPLE_AND	INCONSISTENT	GM12878
ENSG00000270673	SIMPLE_AND	INCONSISTENT	GM12878
ENSG00000270679	REPRESSED	NULL	NEITHER
ENSG00000270689	NULL	INCONSISTENT	NEITHER
ENSG00000270698	NULL	REPRESSED	NEITHER
ENSG00000270705	REPRESSED	INCONSISTENT	NEITHER
ENSG00000270708	SIMPLE_AND	NULL	GM12878
ENSG00000270719	REPRESSED	NULL	NEITHER
ENSG00000270722	NULL	SIMPLE_AND	K562
ENSG00000270726	NULL	INCONSISTENT	NEITHER
ENSG00000270728	REPRESSED	NULL	NEITHER
ENSG00000270757	INCONSISTENT	SIMPLE_AND	K562
ENSG00000270761	SIMPLE_AND	INCONSISTENT	GM12878
ENSG00000270764	INCONSISTENT	NULL	NEITHER
ENSG00000270772	INCONSISTENT	NULL	NEITHER
ENSG00000270773	NULL	INCONSISTENT	NEITHER
ENSG00000270776	NULL	REPRESSED	NEITHER
ENSG00000270780	NULL	REPRESSED	NEITHER
ENSG00000270800	INCONSISTENT	SIMPLE_AND	K562
ENSG00000270808	NULL	INCONSISTENT	NEITHER
ENSG00000270816	NULL	INCONSISTENT	NEITHER
ENSG00000270820	SIMPLE_AND	INCONSISTENT	GM12878
ENSG00000270822	REPRESSED	NULL	NEITHER
ENSG00000270832	INCONSISTENT	NULL	NEITHER
ENSG00000270842	NULL	REPRESSED	NEITHER
ENSG00000270850	NULL	REPRESSED	NEITHER
ENSG00000270855	NULL	REPRESSED	NEITHER
ENSG00000270857	REPRESSED	NULL	NEITHER
ENSG00000270861	REPRESSED	NULL	NEITHER
ENSG00000270868	NULL	REPRESSED	NEITHER
ENSG00000270872	NULL	SIMPLE_OR	NEITHER
ENSG00000270878	COMPLEX	NULL	NEITHER
ENSG00000270885	NULL	INCONSISTENT	NEITHER
ENSG00000270897	NULL	REPRESSED	NEITHER
ENSG00000270900	NULL	INCONSISTENT	NEITHER
ENSG00000270930	NULL	INCONSISTENT	NEITHER
ENSG00000270935	REPRESSED	NULL	NEITHER
ENSG00000270938	REPRESSED	NULL	NEITHER
ENSG00000270941	REPRESSED	NULL	NEITHER
ENSG00000270948	NULL	INCONSISTENT	NEITHER
ENSG00000270959	BIVALENT	NULL	NEITHER
ENSG00000270960	INCONSISTENT	NULL	NEITHER
ENSG00000270964	SIMPLE_AND	INCONSISTENT	GM12878
ENSG00000270972	INCONSISTENT	COMPLEX	NEITHER
ENSG00000270977	NULL	INCONSISTENT	NEITHER
ENSG00000270982	BIVALENT	INCONSISTENT	NEITHER
ENSG00000270988	NULL	BIVALENT	NEITHER
ENSG00000270993	NULL	INCONSISTENT	NEITHER
ENSG00000271002	SIMPLE_AND	INCONSISTENT	GM12878
ENSG00000271022	SIMPLE_AND	NULL	GM12878
ENSG00000271026	NULL	REPRESSED	NEITHER
ENSG00000271048	REPRESSED	NULL	NEITHER
ENSG00000271064	INCONSISTENT	NULL	NEITHER
ENSG00000271065	INCONSISTENT	REPRESSED	NEITHER
ENSG00000271070	NULL	REPRESSED	NEITHER
ENSG00000271086	NULL	REPRESSED	NEITHER
ENSG00000271092	BIVALENT	INCONSISTENT	NEITHER
ENSG00000271096	INCONSISTENT	NULL	NEITHER
ENSG00000271098	INCONSISTENT	NULL	NEITHER
ENSG00000271105	SIMPLE_OR	INCONSISTENT	NEITHER
ENSG00000271109	NULL	INCONSISTENT	NEITHER
ENSG00000271113	REPRESSED	NULL	NEITHER
ENSG00000271122	SIMPLE_AND	INCONSISTENT	GM12878
ENSG00000271128	NULL	REPRESSED	NEITHER
ENSG00000271131	REPRESSED	NULL	NEITHER
ENSG00000271143	NULL	REPRESSED	NEITHER
ENSG00000271147	SIMPLE_AND	INCONSISTENT	GM12878
ENSG00000271150	NULL	REPRESSED	NEITHER
ENSG00000271151	SIMPLE_AND	INCONSISTENT	GM12878
ENSG00000271153	NULL	INCONSISTENT	NEITHER
ENSG00000271155	SIMPLE_AND	INCONSISTENT	GM12878
ENSG00000271161	NULL	INCONSISTENT	NEITHER
ENSG00000271171	REPRESSED	NULL	NEITHER
ENSG00000271173	NULL	REPRESSED	NEITHER
ENSG00000271180	NULL	REPRESSED	NEITHER
ENSG00000271182	NULL	REPRESSED	NEITHER
ENSG00000271192	BIVALENT	REPRESSED	NEITHER
ENSG00000271200	INCONSISTENT	NULL	NEITHER
ENSG00000271201	NULL	INCONSISTENT	NEITHER
ENSG00000271202	REPRESSED	NULL	NEITHER
ENSG00000271208	NULL	REPRESSED	NEITHER
ENSG00000271214	NULL	INCONSISTENT	NEITHER
ENSG00000271220	NULL	INCONSISTENT	NEITHER
ENSG00000271222	NULL	REPRESSED	NEITHER
ENSG00000271227	NULL	INCONSISTENT	NEITHER
ENSG00000271230	REPRESSED	NULL	NEITHER
ENSG00000271232	NULL	REPRESSED	NEITHER
ENSG00000271234	REPRESSED	BIVALENT	NEITHER
ENSG00000271240	REPRESSED	NULL	NEITHER
ENSG00000271245	INCONSISTENT	REPRESSED	NEITHER
ENSG00000271250	REPRESSED	NULL	NEITHER
ENSG00000271259	NULL	INCONSISTENT	NEITHER
ENSG00000271265	SIMPLE_AND	INCONSISTENT	GM12878
ENSG00000271269	NULL	REPRESSED	NEITHER
ENSG00000271270	SIMPLE_AND	INCONSISTENT	GM12878
ENSG00000271275	NULL	REPRESSED	NEITHER
ENSG00000271304	NULL	REPRESSED	NEITHER
ENSG00000271306	NULL	REPRESSED	NEITHER
ENSG00000271314	INCONSISTENT	NULL	NEITHER
ENSG00000271335	SIMPLE_AND	INCONSISTENT	GM12878
ENSG00000271338	NULL	REPRESSED	NEITHER
ENSG00000271340	NULL	REPRESSED	NEITHER
ENSG00000271364	INCONSISTENT	NULL	NEITHER
ENSG00000271377	INCONSISTENT	NULL	NEITHER
ENSG00000271378	NULL	REPRESSED	NEITHER
ENSG00000271380	SIMPLE_AND	INCONSISTENT	GM12878
ENSG00000271386	REPRESSED	NULL	NEITHER
ENSG00000271394	REPRESSED	NULL	NEITHER
ENSG00000271420	NULL	INCONSISTENT	NEITHER
ENSG00000271425	NULL	INCONSISTENT	NEITHER
ENSG00000271428	NULL	INCONSISTENT	NEITHER
ENSG00000271429	REPRESSED	NULL	NEITHER
ENSG00000271434	REPRESSED	NULL	NEITHER
ENSG00000271443	NULL	INCONSISTENT	NEITHER
ENSG00000271447	REPRESSED	BIVALENT	NEITHER
ENSG00000271459	NULL	INCONSISTENT	NEITHER
ENSG00000271461	REPRESSED	NULL	NEITHER
ENSG00000271474	BIVALENT	NULL	NEITHER
ENSG00000271484	INCONSISTENT	NULL	NEITHER
ENSG00000271488	INCONSISTENT	NULL	NEITHER
ENSG00000271498	REPRESSED	NULL	NEITHER
ENSG00000271503	SIMPLE_AND	INCONSISTENT	GM12878
ENSG00000271527	NULL	REPRESSED	NEITHER
ENSG00000271533	REPRESSED	NULL	NEITHER
ENSG00000271538	SIMPLE_AND	INCONSISTENT	GM12878
ENSG00000271544	NULL	INCONSISTENT	NEITHER
ENSG00000271550	COMPLEX	NULL	NEITHER
ENSG00000271551	SIMPLE_AND	INCONSISTENT	GM12878
ENSG00000271564	NULL	INCONSISTENT	NEITHER
ENSG00000271573	NULL	INCONSISTENT	NEITHER
ENSG00000271581	INCONSISTENT	BIVALENT	NEITHER
ENSG00000271583	REPRESSED	NULL	NEITHER
ENSG00000271584	COMPLEX	NULL	NEITHER
ENSG00000271588	NULL	REPRESSED	NEITHER
ENSG00000271590	REPRESSED	NULL	NEITHER
ENSG00000271598	INCONSISTENT	NULL	NEITHER
ENSG00000271602	NULL	REPRESSED	NEITHER
ENSG00000271605	SIMPLE_AND	INCONSISTENT	GM12878
ENSG00000271608	REPRESSED	NULL	NEITHER
ENSG00000271609	NULL	INCONSISTENT	NEITHER
ENSG00000271611	NULL	REPRESSED	NEITHER
ENSG00000271612	INCONSISTENT	NULL	NEITHER
ENSG00000271614	SIMPLE_AND	INCONSISTENT	GM12878
ENSG00000271616	NULL	INCONSISTENT	NEITHER
ENSG00000271626	INCONSISTENT	NULL	NEITHER
ENSG00000271631	NULL	REPRESSED	NEITHER
ENSG00000271642	REPRESSED	NULL	NEITHER
ENSG00000271646	SIMPLE_AND	INCONSISTENT	GM12878
ENSG00000271647	NULL	BIVALENT	NEITHER
ENSG00000271659	BIVALENT	INCONSISTENT	NEITHER
ENSG00000271660	REPRESSED	NULL	NEITHER
ENSG00000271664	NULL	REPRESSED	NEITHER
ENSG00000271676	NULL	REPRESSED	NEITHER
ENSG00000271686	NULL	INCONSISTENT	NEITHER
ENSG00000271707	REPRESSED	BIVALENT	NEITHER
ENSG00000271710	REPRESSED	NULL	NEITHER
ENSG00000271711	COMPLEX	NULL	NEITHER
ENSG00000271714	BIVALENT	NULL	NEITHER
ENSG00000271717	COMPLEX	INCONSISTENT	NEITHER
ENSG00000271725	INCONSISTENT	NULL	NEITHER
ENSG00000271736	NULL	INCONSISTENT	NEITHER
ENSG00000271737	SIMPLE_AND	INCONSISTENT	GM12878
ENSG00000271751	SIMPLE_AND	INCONSISTENT	GM12878
ENSG00000271754	SIMPLE_AND	INCONSISTENT	GM12878
ENSG00000271755	REPRESSED	NULL	NEITHER
ENSG00000271763	NULL	REPRESSED	NEITHER
ENSG00000271766	REPRESSED	NULL	NEITHER
ENSG00000271776	REPRESSED	NULL	NEITHER
ENSG00000271778	NULL	INCONSISTENT	NEITHER
ENSG00000271779	NULL	INCONSISTENT	NEITHER
ENSG00000271780	SIMPLE_AND	INCONSISTENT	GM12878
ENSG00000271793	COMPLEX	INCONSISTENT	NEITHER
ENSG00000271798	INCONSISTENT	SIMPLE_AND	K562
ENSG00000271806	NULL	REPRESSED	NEITHER
ENSG00000271811	BIVALENT	REPRESSED	NEITHER
ENSG00000271816	SIMPLE_AND	INCONSISTENT	GM12878
ENSG00000271820	NULL	REPRESSED	NEITHER
ENSG00000271821	COMPLEX	INCONSISTENT	NEITHER
ENSG00000271826	BIVALENT	NULL	NEITHER
ENSG00000271841	INCONSISTENT	NULL	NEITHER
ENSG00000271843	SIMPLE_OR	NULL	NEITHER
ENSG00000271855	SIMPLE_AND	INCONSISTENT	GM12878
ENSG00000271856	SIMPLE_AND	INCONSISTENT	GM12878
ENSG00000271858	SIMPLE_OR	INCONSISTENT	NEITHER
ENSG00000271860	COMPLEX	INCONSISTENT	NEITHER
ENSG00000271880	INCONSISTENT	NULL	NEITHER
ENSG00000271882	SIMPLE_AND	INCONSISTENT	GM12878
ENSG00000271888	SIMPLE_AND	INCONSISTENT	GM12878
ENSG00000271893	NULL	INCONSISTENT	NEITHER
ENSG00000271897	NULL	REPRESSED	NEITHER
ENSG00000271911	NULL	REPRESSED	NEITHER
ENSG00000271918	SIMPLE_AND	INCONSISTENT	GM12878
ENSG00000271936	SIMPLE_OR	NULL	NEITHER
ENSG00000271938	INCONSISTENT	BIVALENT	NEITHER
ENSG00000271943	INCONSISTENT	NULL	NEITHER
ENSG00000271955	REPRESSED	NULL	NEITHER
ENSG00000271958	NULL	INCONSISTENT	NEITHER
ENSG00000271963	NULL	REPRESSED	NEITHER
ENSG00000271964	SIMPLE_OR	NULL	NEITHER
ENSG00000271985	NULL	REPRESSED	NEITHER
ENSG00000271991	SIMPLE_AND	INCONSISTENT	GM12878
ENSG00000272030	SIMPLE_AND	INCONSISTENT	GM12878
ENSG00000272031	SIMPLE_AND	INCONSISTENT	GM12878
ENSG00000272043	INCONSISTENT	REPRESSED	NEITHER
ENSG00000272047	SIMPLE_AND	INCONSISTENT	GM12878
ENSG00000272050	REPRESSED	INCONSISTENT	NEITHER
ENSG00000272054	REPRESSED	NULL	NEITHER
ENSG00000272056	SIMPLE_AND	INCONSISTENT	GM12878
ENSG00000272057	INCONSISTENT	BIVALENT	NEITHER
ENSG00000272070	COMPLEX	INCONSISTENT	NEITHER
ENSG00000272086	SIMPLE_AND	INCONSISTENT	GM12878
ENSG00000272092	SIMPLE_AND	INCONSISTENT	GM12878
ENSG00000272106	SIMPLE_AND	INCONSISTENT	GM12878
ENSG00000272109	INCONSISTENT	NULL	NEITHER
ENSG00000272112	SIMPLE_OR	INCONSISTENT	NEITHER
ENSG00000272121	BIVALENT	REPRESSED	NEITHER
ENSG00000272139	REPRESSED	INCONSISTENT	NEITHER
ENSG00000272140	NULL	INCONSISTENT	NEITHER
ENSG00000272143	INCONSISTENT	NULL	NEITHER
ENSG00000272145	SIMPLE_AND	INCONSISTENT	GM12878
ENSG00000272146	SIMPLE_AND	INCONSISTENT	GM12878
ENSG00000272148	NULL	INCONSISTENT	NEITHER
ENSG00000272149	NULL	REPRESSED	NEITHER
ENSG00000272156	SIMPLE_OR	COMPLEX	NEITHER
ENSG00000272157	REPRESSED	NULL	NEITHER
ENSG00000272158	INCONSISTENT	NULL	NEITHER
ENSG00000272163	REPRESSED	NULL	NEITHER
ENSG00000272167	REPRESSED	NULL	NEITHER
ENSG00000272168	BIVALENT	REPRESSED	NEITHER
ENSG00000272181	SIMPLE_OR	NULL	NEITHER
ENSG00000272183	BIVALENT	INCONSISTENT	NEITHER
ENSG00000272186	SIMPLE_AND	INCONSISTENT	GM12878
ENSG00000272189	BIVALENT	INCONSISTENT	NEITHER
ENSG00000272202	BIVALENT	INCONSISTENT	NEITHER
ENSG00000272211	COMPLEX	NULL	NEITHER
ENSG00000272215	INCONSISTENT	NULL	NEITHER
ENSG00000272219	SIMPLE_OR	NULL	NEITHER
ENSG00000272221	NULL	INCONSISTENT	NEITHER
ENSG00000272240	SIMPLE_AND	INCONSISTENT	GM12878
ENSG00000272255	NULL	INCONSISTENT	NEITHER
ENSG00000272259	BIVALENT	NULL	NEITHER
ENSG00000272269	SIMPLE_AND	INCONSISTENT	GM12878
ENSG00000272282	BIVALENT	REPRESSED	NEITHER
ENSG00000272304	REPRESSED	NULL	NEITHER
ENSG00000272311	REPRESSED	NULL	NEITHER
ENSG00000272321	NULL	REPRESSED	NEITHER
ENSG00000272328	NULL	INCONSISTENT	NEITHER
ENSG00000272330	INCONSISTENT	REPRESSED	NEITHER
ENSG00000272334	NULL	INCONSISTENT	NEITHER
ENSG00000272341	SIMPLE_AND	INCONSISTENT	GM12878
ENSG00000272346	NULL	INCONSISTENT	NEITHER
ENSG00000272347	REPRESSED	BIVALENT	NEITHER
ENSG00000272359	COMPLEX	NULL	NEITHER
ENSG00000272362	NULL	REPRESSED	NEITHER
ENSG00000272366	BIVALENT	INCONSISTENT	NEITHER
ENSG00000272368	SIMPLE_AND	INCONSISTENT	GM12878
ENSG00000272374	NULL	REPRESSED	NEITHER
ENSG00000272379	NULL	INCONSISTENT	NEITHER
ENSG00000272384	INCONSISTENT	REPRESSED	NEITHER
ENSG00000272386	INCONSISTENT	NULL	NEITHER
ENSG00000272397	NULL	INCONSISTENT	NEITHER
ENSG00000272398	BIVALENT	SIMPLE_OR	NEITHER
ENSG00000272407	NULL	REPRESSED	NEITHER
ENSG00000272410	SIMPLE_AND	INCONSISTENT	GM12878
ENSG00000272414	REPRESSED	NULL	NEITHER
ENSG00000272419	SIMPLE_AND	INCONSISTENT	GM12878
ENSG00000272435	REPRESSED	NULL	NEITHER
ENSG00000272447	SIMPLE_AND	INCONSISTENT	GM12878
ENSG00000272455	SIMPLE_AND	COMPLEX	GM12878
ENSG00000272457	REPRESSED	NULL	NEITHER
ENSG00000272461	NULL	INCONSISTENT	NEITHER
ENSG00000272462	SIMPLE_AND	INCONSISTENT	GM12878
ENSG00000272463	SIMPLE_AND	BIVALENT	GM12878
ENSG00000272465	NULL	REPRESSED	NEITHER
ENSG00000272469	COMPLEX	NULL	NEITHER
ENSG00000272476	INCONSISTENT	SIMPLE_AND	K562
ENSG00000272478	NULL	INCONSISTENT	NEITHER
ENSG00000272482	INCONSISTENT	SIMPLE_AND	K562
ENSG00000272485	NULL	INCONSISTENT	NEITHER
ENSG00000272498	SIMPLE_OR	NULL	NEITHER
ENSG00000272501	SIMPLE_AND	INCONSISTENT	GM12878
ENSG00000272502	BIVALENT	NULL	NEITHER
ENSG00000272506	BIVALENT	NULL	NEITHER
ENSG00000272512	BIVALENT	INCONSISTENT	NEITHER
ENSG00000272518	SIMPLE_OR	NULL	NEITHER
ENSG00000272525	SIMPLE_AND	INCONSISTENT	GM12878
ENSG00000272533	INCONSISTENT	SIMPLE_OR	NEITHER
ENSG00000272543	REPRESSED	INCONSISTENT	NEITHER
ENSG00000272554	REPRESSED	INCONSISTENT	NEITHER
ENSG00000272555	NULL	REPRESSED	NEITHER
ENSG00000272562	SIMPLE_AND	INCONSISTENT	GM12878
ENSG00000272563	INCONSISTENT	NULL	NEITHER
ENSG00000272578	SIMPLE_AND	INCONSISTENT	GM12878
ENSG00000272583	INCONSISTENT	REPRESSED	NEITHER
ENSG00000272589	SIMPLE_OR	NULL	NEITHER
ENSG00000272595	NULL	REPRESSED	NEITHER
ENSG00000272602	NULL	SIMPLE_AND	K562
ENSG00000272606	SIMPLE_AND	INCONSISTENT	GM12878
ENSG00000272620	NULL	SIMPLE_AND	K562
ENSG00000272622	COMPLEX	INCONSISTENT	NEITHER
ENSG00000272626	INCONSISTENT	NULL	NEITHER
ENSG00000272627	REPRESSED	NULL	NEITHER
ENSG00000272631	SIMPLE_AND	INCONSISTENT	GM12878
ENSG00000272634	NULL	REPRESSED	NEITHER
ENSG00000272639	NULL	REPRESSED	NEITHER
ENSG00000272654	SIMPLE_AND	INCONSISTENT	GM12878
ENSG00000272666	SIMPLE_AND	NULL	GM12878
ENSG00000272667	SIMPLE_AND	INCONSISTENT	GM12878
ENSG00000272672	NULL	INCONSISTENT	NEITHER
ENSG00000272677	SIMPLE_AND	INCONSISTENT	GM12878
ENSG00000272679	BIVALENT	INCONSISTENT	NEITHER
ENSG00000272686	SIMPLE_AND	INCONSISTENT	GM12878
ENSG00000272688	SIMPLE_AND	INCONSISTENT	GM12878
ENSG00000272689	SIMPLE_AND	INCONSISTENT	GM12878
ENSG00000272690	SIMPLE_AND	INCONSISTENT	GM12878
ENSG00000272691	BIVALENT	INCONSISTENT	NEITHER
ENSG00000272695	REPRESSED	INCONSISTENT	NEITHER
ENSG00000272696	NULL	INCONSISTENT	NEITHER
ENSG00000272701	BIVALENT	REPRESSED	NEITHER
ENSG00000272702	BIVALENT	INCONSISTENT	NEITHER
ENSG00000272703	NULL	INCONSISTENT	NEITHER
ENSG00000272711	SIMPLE_AND	INCONSISTENT	GM12878
ENSG00000272715	BIVALENT	INCONSISTENT	NEITHER
ENSG00000272716	SIMPLE_AND	INCONSISTENT	GM12878
ENSG00000272733	REPRESSED	NULL	NEITHER
ENSG00000272734	SIMPLE_AND	NULL	GM12878
ENSG00000272735	SIMPLE_AND	INCONSISTENT	GM12878
ENSG00000272736	REPRESSED	NULL	NEITHER
ENSG00000272758	SIMPLE_AND	INCONSISTENT	GM12878
ENSG00000272769	NULL	INCONSISTENT	NEITHER
ENSG00000272784	NULL	INCONSISTENT	NEITHER
ENSG00000272795	SIMPLE_AND	INCONSISTENT	GM12878
ENSG00000272801	BIVALENT	INCONSISTENT	NEITHER
ENSG00000272804	NULL	REPRESSED	NEITHER
ENSG00000272812	SIMPLE_AND	INCONSISTENT	GM12878
ENSG00000272814	NULL	INCONSISTENT	NEITHER
ENSG00000272815	NULL	REPRESSED	NEITHER
ENSG00000272821	SIMPLE_AND	INCONSISTENT	GM12878
ENSG00000272829	SIMPLE_AND	INCONSISTENT	GM12878
ENSG00000272831	SIMPLE_AND	INCONSISTENT	GM12878
ENSG00000272832	SIMPLE_OR	NULL	NEITHER
ENSG00000272834	INCONSISTENT	NULL	NEITHER
ENSG00000272848	NULL	INCONSISTENT	NEITHER
ENSG00000272853	SIMPLE_AND	INCONSISTENT	GM12878
ENSG00000272861	NULL	REPRESSED	NEITHER
ENSG00000272870	SIMPLE_AND	INCONSISTENT	GM12878
ENSG00000272884	SIMPLE_AND	INCONSISTENT	GM12878
ENSG00000272888	SIMPLE_AND	INCONSISTENT	GM12878
ENSG00000272892	SIMPLE_AND	INCONSISTENT	GM12878
ENSG00000272894	SIMPLE_AND	INCONSISTENT	GM12878
ENSG00000272906	SIMPLE_AND	INCONSISTENT	GM12878
ENSG00000272908	NULL	INCONSISTENT	NEITHER
ENSG00000272913	SIMPLE_AND	REPRESSED	GM12878
ENSG00000272914	NULL	REPRESSED	NEITHER
ENSG00000272916	SIMPLE_AND	INCONSISTENT	GM12878
ENSG00000272918	NULL	INCONSISTENT	NEITHER
ENSG00000272920	NULL	INCONSISTENT	NEITHER
ENSG00000272922	NULL	INCONSISTENT	NEITHER
ENSG00000272927	INCONSISTENT	NULL	NEITHER
ENSG00000272931	SIMPLE_AND	INCONSISTENT	GM12878
ENSG00000272941	SIMPLE_AND	INCONSISTENT	GM12878
ENSG00000272944	BIVALENT	NULL	NEITHER
ENSG00000272953	BIVALENT	INCONSISTENT	NEITHER
ENSG00000272971	NULL	INCONSISTENT	NEITHER
ENSG00000272975	REPRESSED	NULL	NEITHER
ENSG00000272980	SIMPLE_AND	INCONSISTENT	GM12878
ENSG00000272984	REPRESSED	NULL	NEITHER
ENSG00000272988	INCONSISTENT	NULL	NEITHER
ENSG00000272989	NULL	REPRESSED	NEITHER
ENSG00000272990	REPRESSED	NULL	NEITHER
ENSG00000272991	SIMPLE_AND	INCONSISTENT	GM12878
ENSG00000272994	SIMPLE_AND	INCONSISTENT	GM12878
ENSG00000273002	SIMPLE_AND	INCONSISTENT	GM12878
ENSG00000273004	SIMPLE_AND	INCONSISTENT	GM12878
ENSG00000273008	SIMPLE_AND	INCONSISTENT	GM12878
ENSG00000273010	COMPLEX	INCONSISTENT	NEITHER
ENSG00000273015	SIMPLE_AND	INCONSISTENT	GM12878
ENSG00000273017	NULL	INCONSISTENT	NEITHER
ENSG00000273026	SIMPLE_AND	INCONSISTENT	GM12878
ENSG00000273027	INCONSISTENT	BIVALENT	NEITHER
ENSG00000273032	NULL	BIVALENT	NEITHER
ENSG00000273033	NULL	REPRESSED	NEITHER
ENSG00000273046	BIVALENT	INCONSISTENT	NEITHER
ENSG00000273049	REPRESSED	INCONSISTENT	NEITHER
ENSG00000273061	SIMPLE_AND	INCONSISTENT	GM12878
ENSG00000273062	BIVALENT	INCONSISTENT	NEITHER
ENSG00000273064	SIMPLE_AND	INCONSISTENT	GM12878
ENSG00000273066	BIVALENT	INCONSISTENT	NEITHER
ENSG00000273068	INCONSISTENT	NULL	NEITHER
ENSG00000273069	INCONSISTENT	NULL	NEITHER
ENSG00000273079	REPRESSED	NULL	NEITHER
ENSG00000273080	SIMPLE_AND	INCONSISTENT	GM12878
ENSG00000273082	INCONSISTENT	NULL	NEITHER
ENSG00000273084	REPRESSED	INCONSISTENT	NEITHER
ENSG00000273088	INCONSISTENT	NULL	NEITHER
ENSG00000273100	REPRESSED	NULL	NEITHER
ENSG00000273108	NULL	INCONSISTENT	NEITHER
ENSG00000273111	NULL	INCONSISTENT	NEITHER
ENSG00000273112	NULL	INCONSISTENT	NEITHER
ENSG00000273113	REPRESSED	NULL	NEITHER
ENSG00000273117	SIMPLE_AND	INCONSISTENT	GM12878
ENSG00000273118	INCONSISTENT	NULL	NEITHER
ENSG00000273119	REPRESSED	NULL	NEITHER
ENSG00000273124	SIMPLE_AND	NULL	GM12878
ENSG00000273129	REPRESSED	NULL	NEITHER
ENSG00000273136	NULL	INCONSISTENT	NEITHER
ENSG00000273139	SIMPLE_AND	INCONSISTENT	GM12878
ENSG00000273148	SIMPLE_AND	INCONSISTENT	GM12878
ENSG00000273154	SIMPLE_AND	INCONSISTENT	GM12878
ENSG00000273162	SIMPLE_AND	INCONSISTENT	GM12878
ENSG00000273167	INCONSISTENT	NULL	NEITHER
ENSG00000273173	SIMPLE_AND	NULL	GM12878
ENSG00000273175	SIMPLE_AND	INCONSISTENT	GM12878
ENSG00000273179	SIMPLE_AND	INCONSISTENT	GM12878
ENSG00000273181	SIMPLE_AND	INCONSISTENT	GM12878
ENSG00000273186	NULL	INCONSISTENT	NEITHER
ENSG00000273204	SIMPLE_AND	INCONSISTENT	GM12878
ENSG00000273209	BIVALENT	INCONSISTENT	NEITHER
ENSG00000273210	SIMPLE_AND	INCONSISTENT	GM12878
ENSG00000273212	NULL	INCONSISTENT	NEITHER
ENSG00000273216	REPRESSED	INCONSISTENT	NEITHER
ENSG00000273226	SIMPLE_AND	INCONSISTENT	GM12878
ENSG00000273233	INCONSISTENT	NULL	NEITHER
ENSG00000273240	SIMPLE_AND	INCONSISTENT	GM12878
ENSG00000273247	SIMPLE_AND	INCONSISTENT	GM12878
ENSG00000273249	SIMPLE_AND	INCONSISTENT	GM12878
ENSG00000273252	NULL	REPRESSED	NEITHER
ENSG00000273261	NULL	INCONSISTENT	NEITHER
ENSG00000273264	REPRESSED	NULL	NEITHER
ENSG00000273271	INCONSISTENT	NULL	NEITHER
ENSG00000273272	SIMPLE_AND	INCONSISTENT	GM12878
ENSG00000273287	INCONSISTENT	NULL	NEITHER
ENSG00000273289	INCONSISTENT	NULL	NEITHER
ENSG00000273291	NULL	INCONSISTENT	NEITHER
ENSG00000273297	INCONSISTENT	BIVALENT	NEITHER
ENSG00000273305	SIMPLE_OR	NULL	NEITHER
ENSG00000273312	NULL	REPRESSED	NEITHER
ENSG00000273320	SIMPLE_AND	INCONSISTENT	GM12878
ENSG00000273328	NULL	INCONSISTENT	NEITHER
ENSG00000273329	SIMPLE_AND	INCONSISTENT	GM12878
ENSG00000273330	NULL	INCONSISTENT	NEITHER
ENSG00000273331	NULL	INCONSISTENT	NEITHER
ENSG00000273336	NULL	REPRESSED	NEITHER
ENSG00000273338	INCONSISTENT	SIMPLE_AND	K562
ENSG00000273341	INCONSISTENT	REPRESSED	NEITHER
ENSG00000273343	SIMPLE_AND	INCONSISTENT	GM12878
ENSG00000273344	SIMPLE_AND	INCONSISTENT	GM12878
ENSG00000273345	SIMPLE_AND	INCONSISTENT	GM12878
ENSG00000273355	SIMPLE_AND	INCONSISTENT	GM12878
ENSG00000273361	SIMPLE_AND	INCONSISTENT	GM12878
ENSG00000273363	SIMPLE_AND	INCONSISTENT	GM12878
ENSG00000273365	NULL	REPRESSED	NEITHER
ENSG00000273367	SIMPLE_AND	INCONSISTENT	GM12878
ENSG00000273375	SIMPLE_AND	INCONSISTENT	GM12878
ENSG00000273381	INCONSISTENT	NULL	NEITHER
ENSG00000273382	COMPLEX	INCONSISTENT	NEITHER
ENSG00000273387	SIMPLE_AND	INCONSISTENT	GM12878
ENSG00000273388	NULL	INCONSISTENT	NEITHER
ENSG00000273394	INCONSISTENT	BIVALENT	NEITHER
ENSG00000273399	SIMPLE_OR	NULL	NEITHER
ENSG00000273402	REPRESSED	NULL	NEITHER
ENSG00000273403	NULL	INCONSISTENT	NEITHER
ENSG00000273413	INCONSISTENT	NULL	NEITHER
ENSG00000273416	SIMPLE_AND	INCONSISTENT	GM12878
ENSG00000273420	NULL	REPRESSED	NEITHER
ENSG00000273432	SIMPLE_AND	INCONSISTENT	GM12878
ENSG00000273433	BIVALENT	INCONSISTENT	NEITHER
ENSG00000273437	SIMPLE_AND	INCONSISTENT	GM12878
ENSG00000273451	SIMPLE_AND	INCONSISTENT	GM12878
ENSG00000273456	SIMPLE_AND	INCONSISTENT	GM12878
ENSG00000273464	NULL	COMPLEX	NEITHER
ENSG00000273472	INCONSISTENT	NULL	NEITHER
ENSG00000273483	NULL	REPRESSED	NEITHER
ENSG00000273485	INCONSISTENT	NULL	NEITHER
ENSG00000273486	NULL	INCONSISTENT	NEITHER
ENSG00000273492	INCONSISTENT	NULL	NEITHER
ENSG00000273499	NULL	REPRESSED	NEITHER
ENSG00000273512	NULL	REPRESSED	NEITHER
ENSG00000273521	SIMPLE_AND	INCONSISTENT	GM12878
ENSG00000273523	BIVALENT	INCONSISTENT	NEITHER
ENSG00000273524	INCONSISTENT	NULL	NEITHER
ENSG00000273537	REPRESSED	INCONSISTENT	NEITHER
ENSG00000273544	COMPLEX	SIMPLE_AND	K562
ENSG00000273551	NULL	REPRESSED	NEITHER
ENSG00000273559	SIMPLE_AND	INCONSISTENT	GM12878
ENSG00000273565	COMPLEX	INCONSISTENT	NEITHER
ENSG00000273568	NULL	INCONSISTENT	NEITHER
ENSG00000273595	REPRESSED	NULL	NEITHER
ENSG00000273597	NULL	INCONSISTENT	NEITHER
ENSG00000273604	BIVALENT	INCONSISTENT	NEITHER
ENSG00000273612	REPRESSED	NULL	NEITHER
ENSG00000273619	SIMPLE_AND	INCONSISTENT	GM12878
ENSG00000273627	NULL	INCONSISTENT	NEITHER
ENSG00000273628	NULL	INCONSISTENT	NEITHER
ENSG00000273634	NULL	REPRESSED	NEITHER
ENSG00000273637	COMPLEX	INCONSISTENT	NEITHER
ENSG00000273654	SIMPLE_AND	INCONSISTENT	GM12878
ENSG00000273675	REPRESSED	NULL	NEITHER
ENSG00000273677	REPRESSED	INCONSISTENT	NEITHER
ENSG00000273682	REPRESSED	NULL	NEITHER
ENSG00000273702	SIMPLE_AND	INCONSISTENT	GM12878
ENSG00000273703	SIMPLE_AND	INCONSISTENT	GM12878
ENSG00000273706	REPRESSED	BIVALENT	NEITHER
ENSG00000273723	SIMPLE_AND	INCONSISTENT	GM12878
ENSG00000273725	INCONSISTENT	NULL	NEITHER
ENSG00000273727	NULL	SIMPLE_AND	K562
ENSG00000273736	NULL	REPRESSED	NEITHER
ENSG00000273759	SIMPLE_AND	INCONSISTENT	GM12878
ENSG00000273768	INCONSISTENT	SIMPLE_AND	K562
ENSG00000273771	SIMPLE_OR	NULL	NEITHER
ENSG00000273777	NULL	REPRESSED	NEITHER
ENSG00000273784	SIMPLE_OR	NULL	NEITHER
ENSG00000273791	REPRESSED	NULL	NEITHER
ENSG00000273796	REPRESSED	INCONSISTENT	NEITHER
ENSG00000273797	SIMPLE_AND	INCONSISTENT	GM12878
ENSG00000273805	NULL	INCONSISTENT	NEITHER
ENSG00000273830	INCONSISTENT	NULL	NEITHER
ENSG00000273855	REPRESSED	NULL	NEITHER
ENSG00000273877	NULL	INCONSISTENT	NEITHER
ENSG00000273885	NULL	INCONSISTENT	NEITHER
ENSG00000273893	NULL	INCONSISTENT	NEITHER
ENSG00000273899	SIMPLE_OR	NULL	NEITHER
ENSG00000273904	REPRESSED	NULL	NEITHER
ENSG00000273908	REPRESSED	NULL	NEITHER
ENSG00000273933	REPRESSED	NULL	NEITHER
ENSG00000273958	INCONSISTENT	REPRESSED	NEITHER
ENSG00000273973	SIMPLE_AND	INCONSISTENT	GM12878
ENSG00000273980	NULL	INCONSISTENT	NEITHER
ENSG00000273982	NULL	REPRESSED	NEITHER
ENSG00000273983	SIMPLE_AND	NULL	GM12878
ENSG00000273987	SIMPLE_OR	NULL	NEITHER
ENSG00000273989	NULL	INCONSISTENT	NEITHER
ENSG00000273997	NULL	REPRESSED	NEITHER
ENSG00000274001	INCONSISTENT	NULL	NEITHER
ENSG00000274008	SIMPLE_OR	NULL	NEITHER
ENSG00000274015	SIMPLE_AND	INCONSISTENT	GM12878
ENSG00000274021	REPRESSED	NULL	NEITHER
ENSG00000274024	INCONSISTENT	NULL	NEITHER
ENSG00000274070	NULL	INCONSISTENT	NEITHER
ENSG00000274075	INCONSISTENT	NULL	NEITHER
ENSG00000274080	NULL	INCONSISTENT	NEITHER
ENSG00000274092	BIVALENT	INCONSISTENT	NEITHER
ENSG00000274093	REPRESSED	NULL	NEITHER
ENSG00000274099	NULL	INCONSISTENT	NEITHER
ENSG00000274104	SIMPLE_AND	INCONSISTENT	GM12878
ENSG00000274111	NULL	INCONSISTENT	NEITHER
ENSG00000274114	SIMPLE_AND	NULL	GM12878
ENSG00000274124	SIMPLE_OR	INCONSISTENT	NEITHER
ENSG00000274133	NULL	REPRESSED	NEITHER
ENSG00000274134	INCONSISTENT	REPRESSED	NEITHER
ENSG00000274156	NULL	INCONSISTENT	NEITHER
ENSG00000274168	REPRESSED	NULL	NEITHER
ENSG00000274180	BIVALENT	INCONSISTENT	NEITHER
ENSG00000274184	REPRESSED	NULL	NEITHER
ENSG00000274210	INCONSISTENT	SIMPLE_OR	NEITHER
ENSG00000274211	SIMPLE_AND	INCONSISTENT	GM12878
ENSG00000274212	INCONSISTENT	COMPLEX	NEITHER
ENSG00000274213	SIMPLE_AND	INCONSISTENT	GM12878
ENSG00000274220	SIMPLE_AND	INCONSISTENT	GM12878
ENSG00000274251	SIMPLE_AND	INCONSISTENT	GM12878
ENSG00000274259	SIMPLE_AND	INCONSISTENT	GM12878
ENSG00000274265	SIMPLE_AND	INCONSISTENT	GM12878
ENSG00000274269	REPRESSED	INCONSISTENT	NEITHER
ENSG00000274270	BIVALENT	INCONSISTENT	NEITHER
ENSG00000274272	NULL	INCONSISTENT	NEITHER
ENSG00000274276	NULL	SIMPLE_OR	NEITHER
ENSG00000274290	SIMPLE_AND	INCONSISTENT	GM12878
ENSG00000274292	SIMPLE_AND	INCONSISTENT	GM12878
ENSG00000274294	NULL	REPRESSED	NEITHER
ENSG00000274306	INCONSISTENT	NULL	NEITHER
ENSG00000274310	REPRESSED	NULL	NEITHER
ENSG00000274314	INCONSISTENT	NULL	NEITHER
ENSG00000274322	SIMPLE_AND	INCONSISTENT	GM12878
ENSG00000274340	SIMPLE_AND	INCONSISTENT	GM12878
ENSG00000274373	NULL	REPRESSED	NEITHER
ENSG00000274396	INCONSISTENT	REPRESSED	NEITHER
ENSG00000274414	NULL	INCONSISTENT	NEITHER
ENSG00000274415	NULL	REPRESSED	NEITHER
ENSG00000274428	NULL	SIMPLE_OR	NEITHER
ENSG00000274430	INCONSISTENT	SIMPLE_AND	K562
ENSG00000274444	REPRESSED	INCONSISTENT	NEITHER
ENSG00000274447	BIVALENT	INCONSISTENT	NEITHER
ENSG00000274451	NULL	REPRESSED	NEITHER
ENSG00000274459	NULL	REPRESSED	NEITHER
ENSG00000274460	SIMPLE_AND	INCONSISTENT	GM12878
ENSG00000274461	COMPLEX	NULL	NEITHER
ENSG00000274466	INCONSISTENT	NULL	NEITHER
ENSG00000274478	NULL	REPRESSED	NEITHER
ENSG00000274481	NULL	REPRESSED	NEITHER
ENSG00000274487	SIMPLE_AND	INCONSISTENT	GM12878
ENSG00000274491	BIVALENT	INCONSISTENT	NEITHER
ENSG00000274493	INCONSISTENT	NULL	NEITHER
ENSG00000274500	INCONSISTENT	NULL	NEITHER
ENSG00000274501	INCONSISTENT	NULL	NEITHER
ENSG00000274503	REPRESSED	INCONSISTENT	NEITHER
ENSG00000274528	SIMPLE_AND	INCONSISTENT	GM12878
ENSG00000274536	INCONSISTENT	SIMPLE_AND	K562
ENSG00000274562	INCONSISTENT	NULL	NEITHER
ENSG00000274570	NULL	INCONSISTENT	NEITHER
ENSG00000274582	COMPLEX	INCONSISTENT	NEITHER
ENSG00000274585	NULL	INCONSISTENT	NEITHER
ENSG00000274594	NULL	REPRESSED	NEITHER
ENSG00000274598	SIMPLE_OR	NULL	NEITHER
ENSG00000274605	SIMPLE_AND	INCONSISTENT	GM12878
ENSG00000274606	SIMPLE_OR	NULL	NEITHER
ENSG00000274614	INCONSISTENT	NULL	NEITHER
ENSG00000274618	SIMPLE_AND	NULL	GM12878
ENSG00000274647	NULL	INCONSISTENT	NEITHER
ENSG00000274667	COMPLEX	INCONSISTENT	NEITHER
ENSG00000274695	COMPLEX	INCONSISTENT	NEITHER
ENSG00000274698	INCONSISTENT	NULL	NEITHER
ENSG00000274701	NULL	REPRESSED	NEITHER
ENSG00000274712	SIMPLE_AND	INCONSISTENT	GM12878
ENSG00000274713	NULL	INCONSISTENT	NEITHER
ENSG00000274718	NULL	INCONSISTENT	NEITHER
ENSG00000274721	INCONSISTENT	NULL	NEITHER
ENSG00000274727	NULL	INCONSISTENT	NEITHER
ENSG00000274737	SIMPLE_AND	INCONSISTENT	GM12878
ENSG00000274748	NULL	INCONSISTENT	NEITHER
ENSG00000274750	SIMPLE_AND	NULL	GM12878
ENSG00000274760	COMPLEX	INCONSISTENT	NEITHER
ENSG00000274767	INCONSISTENT	NULL	NEITHER
ENSG00000274769	INCONSISTENT	NULL	NEITHER
ENSG00000274772	NULL	INCONSISTENT	NEITHER
ENSG00000274775	NULL	INCONSISTENT	NEITHER
ENSG00000274810	SIMPLE_AND	INCONSISTENT	GM12878
ENSG00000274824	NULL	REPRESSED	NEITHER
ENSG00000274825	NULL	INCONSISTENT	NEITHER
ENSG00000274828	SIMPLE_AND	INCONSISTENT	GM12878
ENSG00000274833	BIVALENT	INCONSISTENT	NEITHER
ENSG00000274834	NULL	INCONSISTENT	NEITHER
ENSG00000274841	INCONSISTENT	NULL	NEITHER
ENSG00000274855	NULL	REPRESSED	NEITHER
ENSG00000274864	INCONSISTENT	REPRESSED	NEITHER
ENSG00000274883	REPRESSED	NULL	NEITHER
ENSG00000274895	REPRESSED	BIVALENT	NEITHER
ENSG00000274904	SIMPLE_AND	INCONSISTENT	GM12878
ENSG00000274915	INCONSISTENT	NULL	NEITHER
ENSG00000274922	SIMPLE_AND	INCONSISTENT	GM12878
ENSG00000274925	SIMPLE_AND	INCONSISTENT	GM12878
ENSG00000274927	NULL	INCONSISTENT	NEITHER
ENSG00000274929	SIMPLE_AND	INCONSISTENT	GM12878
ENSG00000274930	INCONSISTENT	NULL	NEITHER
ENSG00000274943	SIMPLE_OR	NULL	NEITHER
ENSG00000274954	SIMPLE_AND	INCONSISTENT	GM12878
ENSG00000274978	INCONSISTENT	SIMPLE_AND	K562
ENSG00000274986	INCONSISTENT	NULL	NEITHER
ENSG00000274993	REPRESSED	BIVALENT	NEITHER
ENSG00000274996	REPRESSED	NULL	NEITHER
ENSG00000274998	INCONSISTENT	SIMPLE_AND	K562
ENSG00000275002	NULL	INCONSISTENT	NEITHER
ENSG00000275004	SIMPLE_OR	COMPLEX	NEITHER
ENSG00000275011	REPRESSED	INCONSISTENT	NEITHER
ENSG00000275012	INCONSISTENT	NULL	NEITHER
ENSG00000275015	INCONSISTENT	NULL	NEITHER
ENSG00000275016	NULL	SIMPLE_AND	K562
ENSG00000275022	NULL	INCONSISTENT	NEITHER
ENSG00000275033	INCONSISTENT	NULL	NEITHER
ENSG00000275038	REPRESSED	NULL	NEITHER
ENSG00000275055	COMPLEX	INCONSISTENT	NEITHER
ENSG00000275069	BIVALENT	INCONSISTENT	NEITHER
ENSG00000275072	COMPLEX	INCONSISTENT	NEITHER
ENSG00000275074	SIMPLE_AND	INCONSISTENT	GM12878
ENSG00000275088	NULL	REPRESSED	NEITHER
ENSG00000275092	SIMPLE_AND	INCONSISTENT	GM12878
ENSG00000275103	INCONSISTENT	NULL	NEITHER
ENSG00000275106	SIMPLE_OR	NULL	NEITHER
ENSG00000275111	SIMPLE_AND	INCONSISTENT	GM12878
ENSG00000275113	NULL	INCONSISTENT	NEITHER
ENSG00000275126	SIMPLE_AND	NULL	GM12878
ENSG00000275134	NULL	INCONSISTENT	NEITHER
ENSG00000275139	NULL	REPRESSED	NEITHER
ENSG00000275141	NULL	REPRESSED	NEITHER
ENSG00000275143	INCONSISTENT	SIMPLE_AND	K562
ENSG00000275146	NULL	INCONSISTENT	NEITHER
ENSG00000275155	REPRESSED	NULL	NEITHER
ENSG00000275166	NULL	REPRESSED	NEITHER
ENSG00000275167	NULL	INCONSISTENT	NEITHER
ENSG00000275173	NULL	REPRESSED	NEITHER
ENSG00000275178	REPRESSED	NULL	NEITHER
ENSG00000275180	SIMPLE_AND	INCONSISTENT	GM12878
ENSG00000275183	SIMPLE_AND	INCONSISTENT	GM12878
ENSG00000275202	COMPLEX	INCONSISTENT	NEITHER
ENSG00000275210	NULL	REPRESSED	NEITHER
ENSG00000275212	NULL	INCONSISTENT	NEITHER
ENSG00000275232	NULL	REPRESSED	NEITHER
ENSG00000275243	REPRESSED	NULL	NEITHER
ENSG00000275256	NULL	REPRESSED	NEITHER
ENSG00000275285	NULL	REPRESSED	NEITHER
ENSG00000275291	NULL	SIMPLE_AND	K562
ENSG00000275293	NULL	INCONSISTENT	NEITHER
ENSG00000275295	REPRESSED	NULL	NEITHER
ENSG00000275302	SIMPLE_AND	NULL	GM12878
ENSG00000275315	NULL	REPRESSED	NEITHER
ENSG00000275322	SIMPLE_AND	NULL	GM12878
ENSG00000275340	NULL	REPRESSED	NEITHER
ENSG00000275342	SIMPLE_AND	BIVALENT	GM12878
ENSG00000275343	SIMPLE_OR	NULL	NEITHER
ENSG00000275348	INCONSISTENT	NULL	NEITHER
ENSG00000275350	NULL	REPRESSED	NEITHER
ENSG00000275361	NULL	REPRESSED	NEITHER
ENSG00000275372	BIVALENT	INCONSISTENT	NEITHER
ENSG00000275373	NULL	INCONSISTENT	NEITHER
ENSG00000275377	REPRESSED	NULL	NEITHER
ENSG00000275379	SIMPLE_AND	NULL	GM12878
ENSG00000275389	NULL	REPRESSED	NEITHER
ENSG00000275393	NULL	REPRESSED	NEITHER
ENSG00000275395	SIMPLE_OR	NULL	NEITHER
ENSG00000275401	NULL	INCONSISTENT	NEITHER
ENSG00000275410	BIVALENT	REPRESSED	NEITHER
ENSG00000275418	SIMPLE_AND	NULL	GM12878
ENSG00000275427	NULL	REPRESSED	NEITHER
ENSG00000275437	SIMPLE_AND	INCONSISTENT	GM12878
ENSG00000275438	NULL	REPRESSED	NEITHER
ENSG00000275443	INCONSISTENT	NULL	NEITHER
ENSG00000275454	SIMPLE_AND	INCONSISTENT	GM12878
ENSG00000275457	SIMPLE_AND	INCONSISTENT	GM12878
ENSG00000275464	NULL	SIMPLE_OR	NEITHER
ENSG00000275465	NULL	REPRESSED	NEITHER
ENSG00000275481	SIMPLE_AND	INCONSISTENT	GM12878
ENSG00000275485	REPRESSED	NULL	NEITHER
ENSG00000275488	INCONSISTENT	NULL	NEITHER
ENSG00000275491	NULL	INCONSISTENT	NEITHER
ENSG00000275493	NULL	INCONSISTENT	NEITHER
ENSG00000275494	SIMPLE_AND	INCONSISTENT	GM12878
ENSG00000275506	INCONSISTENT	NULL	NEITHER
ENSG00000275515	NULL	INCONSISTENT	NEITHER
ENSG00000275516	NULL	REPRESSED	NEITHER
ENSG00000275529	REPRESSED	NULL	NEITHER
ENSG00000275538	INCONSISTENT	SIMPLE_AND	K562
ENSG00000275557	NULL	INCONSISTENT	NEITHER
ENSG00000275569	NULL	REPRESSED	NEITHER
ENSG00000275586	INCONSISTENT	NULL	NEITHER
ENSG00000275589	REPRESSED	BIVALENT	NEITHER
ENSG00000275591	INCONSISTENT	BIVALENT	NEITHER
ENSG00000275598	NULL	REPRESSED	NEITHER
ENSG00000275635	INCONSISTENT	REPRESSED	NEITHER
ENSG00000275642	NULL	INCONSISTENT	NEITHER
ENSG00000275645	BIVALENT	INCONSISTENT	NEITHER
ENSG00000275647	REPRESSED	NULL	NEITHER
ENSG00000275652	NULL	INCONSISTENT	NEITHER
ENSG00000275663	NULL	INCONSISTENT	NEITHER
ENSG00000275665	NULL	INCONSISTENT	NEITHER
ENSG00000275666	NULL	REPRESSED	NEITHER
ENSG00000275672	SIMPLE_AND	NULL	GM12878
ENSG00000275691	INCONSISTENT	REPRESSED	NEITHER
ENSG00000275695	NULL	INCONSISTENT	NEITHER
ENSG00000275709	SIMPLE_AND	INCONSISTENT	GM12878
ENSG00000275710	INCONSISTENT	NULL	NEITHER
ENSG00000275711	NULL	INCONSISTENT	NEITHER
ENSG00000275720	NULL	REPRESSED	NEITHER
ENSG00000275722	NULL	INCONSISTENT	NEITHER
ENSG00000275733	NULL	REPRESSED	NEITHER
ENSG00000275741	COMPLEX	INCONSISTENT	NEITHER
ENSG00000275763	INCONSISTENT	NULL	NEITHER
ENSG00000275765	COMPLEX	INCONSISTENT	NEITHER
ENSG00000275772	NULL	REPRESSED	NEITHER
ENSG00000275778	SIMPLE_AND	INCONSISTENT	GM12878
ENSG00000275788	REPRESSED	NULL	NEITHER
ENSG00000275789	INCONSISTENT	NULL	NEITHER
ENSG00000275801	INCONSISTENT	NULL	NEITHER
ENSG00000275805	INCONSISTENT	NULL	NEITHER
ENSG00000275807	SIMPLE_AND	INCONSISTENT	GM12878
ENSG00000275830	INCONSISTENT	NULL	NEITHER
ENSG00000275833	NULL	INCONSISTENT	NEITHER
ENSG00000275836	REPRESSED	BIVALENT	NEITHER
ENSG00000275842	INCONSISTENT	NULL	NEITHER
ENSG00000275850	NULL	REPRESSED	NEITHER
ENSG00000275856	COMPLEX	INCONSISTENT	NEITHER
ENSG00000275857	SIMPLE_AND	INCONSISTENT	GM12878
ENSG00000275871	NULL	INCONSISTENT	NEITHER
ENSG00000275878	REPRESSED	NULL	NEITHER
ENSG00000275888	NULL	INCONSISTENT	NEITHER
ENSG00000275895	SIMPLE_AND	SIMPLE_OR	GM12878
ENSG00000275898	REPRESSED	INCONSISTENT	NEITHER
ENSG00000275906	NULL	REPRESSED	NEITHER
ENSG00000275909	INCONSISTENT	NULL	NEITHER
ENSG00000275910	NULL	INCONSISTENT	NEITHER
ENSG00000275956	REPRESSED	NULL	NEITHER
ENSG00000275963	COMPLEX	NULL	NEITHER
ENSG00000275964	SIMPLE_AND	INCONSISTENT	GM12878
ENSG00000275965	INCONSISTENT	NULL	NEITHER
ENSG00000275981	SIMPLE_AND	NULL	GM12878
ENSG00000275989	NULL	INCONSISTENT	NEITHER
ENSG00000275993	NULL	INCONSISTENT	NEITHER
ENSG00000275994	INCONSISTENT	SIMPLE_AND	K562
ENSG00000276002	REPRESSED	NULL	NEITHER
ENSG00000276027	INCONSISTENT	SIMPLE_AND	K562
ENSG00000276054	NULL	INCONSISTENT	NEITHER
ENSG00000276057	COMPLEX	INCONSISTENT	NEITHER
ENSG00000276058	COMPLEX	INCONSISTENT	NEITHER
ENSG00000276071	SIMPLE_AND	NULL	GM12878
ENSG00000276085	SIMPLE_OR	REPRESSED	NEITHER
ENSG00000276092	SIMPLE_OR	NULL	NEITHER
ENSG00000276097	SIMPLE_AND	BIVALENT	GM12878
ENSG00000276110	NULL	INCONSISTENT	NEITHER
ENSG00000276116	SIMPLE_AND	INCONSISTENT	GM12878
ENSG00000276124	NULL	INCONSISTENT	NEITHER
ENSG00000276136	NULL	COMPLEX	NEITHER
ENSG00000276140	INCONSISTENT	NULL	NEITHER
ENSG00000276141	SIMPLE_AND	INCONSISTENT	GM12878
ENSG00000276158	REPRESSED	NULL	NEITHER
ENSG00000276161	INCONSISTENT	SIMPLE_AND	K562
ENSG00000276172	NULL	REPRESSED	NEITHER
ENSG00000276188	SIMPLE_AND	INCONSISTENT	GM12878
ENSG00000276200	INCONSISTENT	NULL	NEITHER
ENSG00000276202	NULL	REPRESSED	NEITHER
ENSG00000276203	NULL	INCONSISTENT	NEITHER
ENSG00000276216	SIMPLE_OR	SIMPLE_AND	K562
ENSG00000276223	REPRESSED	INCONSISTENT	NEITHER
ENSG00000276231	SIMPLE_AND	REPRESSED	GM12878
ENSG00000276251	NULL	REPRESSED	NEITHER
ENSG00000276261	NULL	REPRESSED	NEITHER
ENSG00000276292	INCONSISTENT	NULL	NEITHER
ENSG00000276316	NULL	INCONSISTENT	NEITHER
ENSG00000276359	NULL	INCONSISTENT	NEITHER
ENSG00000276365	NULL	INCONSISTENT	NEITHER
ENSG00000276368	SIMPLE_AND	INCONSISTENT	GM12878
ENSG00000276384	INCONSISTENT	NULL	NEITHER
ENSG00000276390	NULL	INCONSISTENT	NEITHER
ENSG00000276393	NULL	INCONSISTENT	NEITHER
ENSG00000276396	NULL	INCONSISTENT	NEITHER
ENSG00000276406	INCONSISTENT	NULL	NEITHER
ENSG00000276410	SIMPLE_AND	REPRESSED	GM12878
ENSG00000276412	NULL	INCONSISTENT	NEITHER
ENSG00000276418	INCONSISTENT	NULL	NEITHER
ENSG00000276428	REPRESSED	NULL	NEITHER
ENSG00000276449	REPRESSED	NULL	NEITHER
ENSG00000276470	NULL	INCONSISTENT	NEITHER
ENSG00000276471	SIMPLE_OR	INCONSISTENT	NEITHER
ENSG00000276476	REPRESSED	INCONSISTENT	NEITHER
ENSG00000276486	REPRESSED	NULL	NEITHER
ENSG00000276488	INCONSISTENT	NULL	NEITHER
ENSG00000276508	NULL	REPRESSED	NEITHER
ENSG00000276523	SIMPLE_AND	NULL	GM12878
ENSG00000276528	INCONSISTENT	BIVALENT	NEITHER
ENSG00000276530	REPRESSED	NULL	NEITHER
ENSG00000276533	SIMPLE_AND	INCONSISTENT	GM12878
ENSG00000276547	REPRESSED	INCONSISTENT	NEITHER
ENSG00000276550	NULL	SIMPLE_OR	NEITHER
ENSG00000276557	NULL	REPRESSED	NEITHER
ENSG00000276568	COMPLEX	NULL	NEITHER
ENSG00000276573	SIMPLE_AND	INCONSISTENT	GM12878
ENSG00000276600	NULL	INCONSISTENT	NEITHER
ENSG00000276601	NULL	INCONSISTENT	NEITHER
ENSG00000276603	SIMPLE_AND	INCONSISTENT	GM12878
ENSG00000276609	REPRESSED	BIVALENT	NEITHER
ENSG00000276610	REPRESSED	NULL	NEITHER
ENSG00000276622	NULL	REPRESSED	NEITHER
ENSG00000276623	NULL	REPRESSED	NEITHER
ENSG00000276633	NULL	REPRESSED	NEITHER
ENSG00000276639	NULL	REPRESSED	NEITHER
ENSG00000276644	REPRESSED	INCONSISTENT	NEITHER
ENSG00000276645	SIMPLE_OR	NULL	NEITHER
ENSG00000276647	NULL	REPRESSED	NEITHER
ENSG00000276649	SIMPLE_OR	INCONSISTENT	NEITHER
ENSG00000276653	NULL	REPRESSED	NEITHER
ENSG00000276656	COMPLEX	NULL	NEITHER
ENSG00000276664	COMPLEX	SIMPLE_AND	K562
ENSG00000276687	REPRESSED	NULL	NEITHER
ENSG00000276698	SIMPLE_AND	INCONSISTENT	GM12878
ENSG00000276699	INCONSISTENT	NULL	NEITHER
ENSG00000276704	SIMPLE_AND	INCONSISTENT	GM12878
ENSG00000276706	NULL	INCONSISTENT	NEITHER
ENSG00000276707	REPRESSED	NULL	NEITHER
ENSG00000276718	SIMPLE_AND	NULL	GM12878
ENSG00000276722	REPRESSED	NULL	NEITHER
ENSG00000276728	SIMPLE_AND	INCONSISTENT	GM12878
ENSG00000276744	SIMPLE_AND	INCONSISTENT	GM12878
ENSG00000276746	INCONSISTENT	NULL	NEITHER
ENSG00000276747	NULL	REPRESSED	NEITHER
ENSG00000276758	REPRESSED	NULL	NEITHER
ENSG00000276769	INCONSISTENT	NULL	NEITHER
ENSG00000276771	INCONSISTENT	REPRESSED	NEITHER
ENSG00000276772	NULL	REPRESSED	NEITHER
ENSG00000276778	SIMPLE_AND	NULL	GM12878
ENSG00000276791	SIMPLE_AND	INCONSISTENT	GM12878
ENSG00000276822	NULL	REPRESSED	NEITHER
ENSG00000276823	SIMPLE_AND	INCONSISTENT	GM12878
ENSG00000276824	REPRESSED	NULL	NEITHER
ENSG00000276846	COMPLEX	NULL	NEITHER
ENSG00000276853	SIMPLE_AND	INCONSISTENT	GM12878
ENSG00000276857	NULL	REPRESSED	NEITHER
ENSG00000276859	REPRESSED	NULL	NEITHER
ENSG00000276867	SIMPLE_OR	NULL	NEITHER
ENSG00000276900	SIMPLE_AND	INCONSISTENT	GM12878
ENSG00000276903	SIMPLE_AND	SIMPLE_OR	GM12878
ENSG00000276926	INCONSISTENT	NULL	NEITHER
ENSG00000276931	SIMPLE_AND	INCONSISTENT	GM12878
ENSG00000276934	SIMPLE_OR	NULL	NEITHER
ENSG00000276952	SIMPLE_OR	NULL	NEITHER
ENSG00000276957	SIMPLE_AND	INCONSISTENT	GM12878
ENSG00000276958	NULL	INCONSISTENT	NEITHER
ENSG00000276965	COMPLEX	NULL	NEITHER
ENSG00000276968	SIMPLE_OR	NULL	NEITHER
ENSG00000276980	NULL	INCONSISTENT	NEITHER
ENSG00000276991	SIMPLE_AND	INCONSISTENT	GM12878
ENSG00000277001	NULL	INCONSISTENT	NEITHER
ENSG00000277010	NULL	REPRESSED	NEITHER
ENSG00000277013	REPRESSED	INCONSISTENT	NEITHER
ENSG00000277020	INCONSISTENT	COMPLEX	NEITHER
ENSG00000277022	NULL	REPRESSED	NEITHER
ENSG00000277035	INCONSISTENT	NULL	NEITHER
ENSG00000277039	NULL	INCONSISTENT	NEITHER
ENSG00000277072	SIMPLE_OR	SIMPLE_AND	K562
ENSG00000277073	NULL	REPRESSED	NEITHER
ENSG00000277089	NULL	REPRESSED	NEITHER
ENSG00000277112	NULL	INCONSISTENT	NEITHER
ENSG00000277119	REPRESSED	NULL	NEITHER
ENSG00000277127	NULL	INCONSISTENT	NEITHER
ENSG00000277135	REPRESSED	NULL	NEITHER
ENSG00000277138	INCONSISTENT	NULL	NEITHER
ENSG00000277141	REPRESSED	NULL	NEITHER
ENSG00000277142	SIMPLE_AND	INCONSISTENT	GM12878
ENSG00000277149	SIMPLE_AND	INCONSISTENT	GM12878
ENSG00000277161	SIMPLE_AND	INCONSISTENT	GM12878
ENSG00000277170	SIMPLE_AND	INCONSISTENT	GM12878
ENSG00000277171	REPRESSED	NULL	NEITHER
ENSG00000277173	REPRESSED	NULL	NEITHER
ENSG00000277174	REPRESSED	NULL	NEITHER
ENSG00000277182	BIVALENT	INCONSISTENT	NEITHER
ENSG00000277184	INCONSISTENT	SIMPLE_AND	K562
ENSG00000277186	NULL	BIVALENT	NEITHER
ENSG00000277194	INCONSISTENT	SIMPLE_AND	K562
ENSG00000277200	NULL	INCONSISTENT	NEITHER
ENSG00000277210	NULL	REPRESSED	NEITHER
ENSG00000277223	NULL	REPRESSED	NEITHER
ENSG00000277232	SIMPLE_AND	INCONSISTENT	GM12878
ENSG00000277246	INCONSISTENT	NULL	NEITHER
ENSG00000277249	INCONSISTENT	NULL	NEITHER
ENSG00000277250	INCONSISTENT	NULL	NEITHER
ENSG00000277258	BIVALENT	SIMPLE_AND	K562
ENSG00000277265	NULL	REPRESSED	NEITHER
ENSG00000277268	REPRESSED	BIVALENT	NEITHER
ENSG00000277283	SIMPLE_AND	INCONSISTENT	GM12878
ENSG00000277287	BIVALENT	INCONSISTENT	NEITHER
ENSG00000277290	NULL	INCONSISTENT	NEITHER
ENSG00000277308	NULL	INCONSISTENT	NEITHER
ENSG00000277310	REPRESSED	NULL	NEITHER
ENSG00000277332	NULL	INCONSISTENT	NEITHER
ENSG00000277342	SIMPLE_AND	INCONSISTENT	GM12878
ENSG00000277363	BIVALENT	INCONSISTENT	NEITHER
ENSG00000277369	SIMPLE_AND	INCONSISTENT	GM12878
ENSG00000277382	BIVALENT	INCONSISTENT	NEITHER
ENSG00000277383	SIMPLE_AND	INCONSISTENT	GM12878
ENSG00000277397	NULL	INCONSISTENT	NEITHER
ENSG00000277402	INCONSISTENT	BIVALENT	NEITHER
ENSG00000277413	INCONSISTENT	REPRESSED	NEITHER
ENSG00000277443	SIMPLE_AND	INCONSISTENT	GM12878
ENSG00000277444	REPRESSED	INCONSISTENT	NEITHER
ENSG00000277448	REPRESSED	NULL	NEITHER
ENSG00000277450	SIMPLE_OR	INCONSISTENT	NEITHER
ENSG00000277452	SIMPLE_AND	INCONSISTENT	GM12878
ENSG00000277453	SIMPLE_AND	INCONSISTENT	GM12878
ENSG00000277459	BIVALENT	NULL	NEITHER
ENSG00000277462	COMPLEX	INCONSISTENT	NEITHER
ENSG00000277465	NULL	REPRESSED	NEITHER
ENSG00000277468	INCONSISTENT	NULL	NEITHER
ENSG00000277469	REPRESSED	BIVALENT	NEITHER
ENSG00000277473	NULL	REPRESSED	NEITHER
ENSG00000277494	NULL	INCONSISTENT	NEITHER
ENSG00000277496	SIMPLE_AND	INCONSISTENT	GM12878
ENSG00000277498	NULL	REPRESSED	NEITHER
ENSG00000277504	NULL	REPRESSED	NEITHER
ENSG00000277509	REPRESSED	NULL	NEITHER
ENSG00000277511	SIMPLE_AND	INCONSISTENT	GM12878
ENSG00000277526	SIMPLE_AND	INCONSISTENT	GM12878
ENSG00000277531	REPRESSED	BIVALENT	NEITHER
ENSG00000277534	SIMPLE_OR	NULL	NEITHER
ENSG00000277558	REPRESSED	NULL	NEITHER
ENSG00000277572	INCONSISTENT	NULL	NEITHER
ENSG00000277581	SIMPLE_AND	INCONSISTENT	GM12878
ENSG00000277586	REPRESSED	NULL	NEITHER
ENSG00000277587	REPRESSED	NULL	NEITHER
ENSG00000277590	INCONSISTENT	BIVALENT	NEITHER
ENSG00000277599	INCONSISTENT	SIMPLE_AND	K562
ENSG00000277610	NULL	SIMPLE_AND	K562
ENSG00000277611	NULL	INCONSISTENT	NEITHER
ENSG00000277619	BIVALENT	INCONSISTENT	NEITHER
ENSG00000277632	COMPLEX	REPRESSED	NEITHER
ENSG00000277653	REPRESSED	NULL	NEITHER
ENSG00000277684	REPRESSED	NULL	NEITHER
ENSG00000277693	NULL	INCONSISTENT	NEITHER
ENSG00000277694	INCONSISTENT	REPRESSED	NEITHER
ENSG00000277708	NULL	REPRESSED	NEITHER
ENSG00000277715	INCONSISTENT	REPRESSED	NEITHER
ENSG00000277728	NULL	INCONSISTENT	NEITHER
ENSG00000277732	INCONSISTENT	NULL	NEITHER
ENSG00000277734	SIMPLE_OR	NULL	NEITHER
ENSG00000277738	NULL	INCONSISTENT	NEITHER
ENSG00000277749	INCONSISTENT	NULL	NEITHER
ENSG00000277752	INCONSISTENT	NULL	NEITHER
ENSG00000277759	INCONSISTENT	NULL	NEITHER
ENSG00000277763	BIVALENT	INCONSISTENT	NEITHER
ENSG00000277764	REPRESSED	BIVALENT	NEITHER
ENSG00000277767	SIMPLE_AND	INCONSISTENT	GM12878
ENSG00000277771	REPRESSED	BIVALENT	NEITHER
ENSG00000277778	SIMPLE_OR	INCONSISTENT	NEITHER
ENSG00000277782	COMPLEX	INCONSISTENT	NEITHER
ENSG00000277790	INCONSISTENT	NULL	NEITHER
ENSG00000277818	INCONSISTENT	NULL	NEITHER
ENSG00000277828	NULL	REPRESSED	NEITHER
ENSG00000277829	NULL	REPRESSED	NEITHER
ENSG00000277837	REPRESSED	NULL	NEITHER
ENSG00000277842	NULL	REPRESSED	NEITHER
ENSG00000277851	SIMPLE_AND	NULL	GM12878
ENSG00000277855	BIVALENT	INCONSISTENT	NEITHER
ENSG00000277859	REPRESSED	NULL	NEITHER
ENSG00000277864	INCONSISTENT	NULL	NEITHER
ENSG00000277866	REPRESSED	NULL	NEITHER
ENSG00000277876	COMPLEX	NULL	NEITHER
ENSG00000277881	REPRESSED	NULL	NEITHER
ENSG00000277888	NULL	INCONSISTENT	NEITHER
ENSG00000277895	COMPLEX	INCONSISTENT	NEITHER
ENSG00000277904	COMPLEX	REPRESSED	NEITHER
ENSG00000277912	NULL	INCONSISTENT	NEITHER
ENSG00000277916	INCONSISTENT	NULL	NEITHER
ENSG00000277918	NULL	SIMPLE_AND	K562
ENSG00000277938	SIMPLE_OR	INCONSISTENT	NEITHER
ENSG00000277941	INCONSISTENT	SIMPLE_AND	K562
ENSG00000277946	NULL	REPRESSED	NEITHER
ENSG00000277947	NULL	INCONSISTENT	NEITHER
ENSG00000277950	NULL	INCONSISTENT	NEITHER
ENSG00000277954	NULL	REPRESSED	NEITHER
ENSG00000277965	NULL	REPRESSED	NEITHER
ENSG00000277967	COMPLEX	INCONSISTENT	NEITHER
ENSG00000277968	INCONSISTENT	NULL	NEITHER
ENSG00000277969	SIMPLE_AND	INCONSISTENT	GM12878
ENSG00000277985	INCONSISTENT	SIMPLE_AND	K562
ENSG00000277987	REPRESSED	NULL	NEITHER
ENSG00000278002	SIMPLE_AND	INCONSISTENT	GM12878
ENSG00000278012	REPRESSED	INCONSISTENT	NEITHER
ENSG00000278023	SIMPLE_AND	INCONSISTENT	GM12878
ENSG00000278026	REPRESSED	NULL	NEITHER
ENSG00000278034	INCONSISTENT	NULL	NEITHER
ENSG00000278035	NULL	BIVALENT	NEITHER
ENSG00000278045	REPRESSED	INCONSISTENT	NEITHER
ENSG00000278052	SIMPLE_OR	NULL	NEITHER
ENSG00000278058	REPRESSED	NULL	NEITHER
ENSG00000278071	REPRESSED	INCONSISTENT	NEITHER
ENSG00000278073	NULL	INCONSISTENT	NEITHER
ENSG00000278077	NULL	INCONSISTENT	NEITHER
ENSG00000278090	SIMPLE_AND	INCONSISTENT	GM12878
ENSG00000278099	INCONSISTENT	SIMPLE_AND	K562
ENSG00000278129	SIMPLE_AND	INCONSISTENT	GM12878
ENSG00000278172	NULL	REPRESSED	NEITHER
ENSG00000278175	SIMPLE_AND	INCONSISTENT	GM12878
ENSG00000278177	NULL	BIVALENT	NEITHER
ENSG00000278192	NULL	REPRESSED	NEITHER
ENSG00000278196	INCONSISTENT	NULL	NEITHER
ENSG00000278200	REPRESSED	INCONSISTENT	NEITHER
ENSG00000278205	REPRESSED	NULL	NEITHER
ENSG00000278217	COMPLEX	INCONSISTENT	NEITHER
ENSG00000278231	SIMPLE_OR	NULL	NEITHER
ENSG00000278234	REPRESSED	NULL	NEITHER
ENSG00000278238	SIMPLE_AND	INCONSISTENT	GM12878
ENSG00000278250	NULL	REPRESSED	NEITHER
ENSG00000278254	REPRESSED	NULL	NEITHER
ENSG00000278266	NULL	INCONSISTENT	NEITHER
ENSG00000278274	COMPLEX	INCONSISTENT	NEITHER
ENSG00000278275	INCONSISTENT	NULL	NEITHER
ENSG00000278291	INCONSISTENT	BIVALENT	NEITHER
ENSG00000278292	NULL	REPRESSED	NEITHER
ENSG00000278301	NULL	INCONSISTENT	NEITHER
ENSG00000278346	NULL	INCONSISTENT	NEITHER
ENSG00000278351	SIMPLE_OR	NULL	NEITHER
ENSG00000278367	NULL	INCONSISTENT	NEITHER
ENSG00000278389	INCONSISTENT	NULL	NEITHER
ENSG00000278390	SIMPLE_AND	INCONSISTENT	GM12878
ENSG00000278396	SIMPLE_AND	INCONSISTENT	GM12878
ENSG00000278399	NULL	INCONSISTENT	NEITHER
ENSG00000278400	NULL	INCONSISTENT	NEITHER
ENSG00000278416	SIMPLE_OR	INCONSISTENT	NEITHER
ENSG00000278418	INCONSISTENT	NULL	NEITHER
ENSG00000278434	NULL	REPRESSED	NEITHER
ENSG00000278438	NULL	INCONSISTENT	NEITHER
ENSG00000278454	INCONSISTENT	NULL	NEITHER
ENSG00000278465	INCONSISTENT	REPRESSED	NEITHER
ENSG00000278513	NULL	INCONSISTENT	NEITHER
ENSG00000278514	SIMPLE_AND	INCONSISTENT	GM12878
ENSG00000278518	NULL	REPRESSED	NEITHER
ENSG00000278527	INCONSISTENT	SIMPLE_AND	K562
ENSG00000278546	BIVALENT	INCONSISTENT	NEITHER
ENSG00000278558	SIMPLE_OR	INCONSISTENT	NEITHER
ENSG00000278569	NULL	INCONSISTENT	NEITHER
ENSG00000278581	BIVALENT	NULL	NEITHER
ENSG00000278586	NULL	INCONSISTENT	NEITHER
ENSG00000278587	NULL	REPRESSED	NEITHER
ENSG00000278588	SIMPLE_AND	NULL	GM12878
ENSG00000278595	INCONSISTENT	BIVALENT	NEITHER
ENSG00000278607	INCONSISTENT	NULL	NEITHER
ENSG00000278611	COMPLEX	INCONSISTENT	NEITHER
ENSG00000278631	REPRESSED	NULL	NEITHER
ENSG00000278637	INCONSISTENT	COMPLEX	NEITHER
ENSG00000278642	BIVALENT	INCONSISTENT	NEITHER
ENSG00000278654	REPRESSED	NULL	NEITHER
ENSG00000278657	NULL	REPRESSED	NEITHER
ENSG00000278661	INCONSISTENT	NULL	NEITHER
ENSG00000278667	NULL	REPRESSED	NEITHER
ENSG00000278683	NULL	REPRESSED	NEITHER
ENSG00000278685	NULL	REPRESSED	NEITHER
ENSG00000278694	NULL	INCONSISTENT	NEITHER
ENSG00000278708	REPRESSED	BIVALENT	NEITHER
ENSG00000278716	NULL	INCONSISTENT	NEITHER
ENSG00000278737	NULL	REPRESSED	NEITHER
ENSG00000278740	REPRESSED	NULL	NEITHER
ENSG00000278743	SIMPLE_AND	INCONSISTENT	GM12878
ENSG00000278763	NULL	INCONSISTENT	NEITHER
ENSG00000278773	COMPLEX	INCONSISTENT	NEITHER
ENSG00000278778	NULL	REPRESSED	NEITHER
ENSG00000278784	REPRESSED	NULL	NEITHER
ENSG00000278813	INCONSISTENT	NULL	NEITHER
ENSG00000278822	REPRESSED	INCONSISTENT	NEITHER
ENSG00000278824	NULL	REPRESSED	NEITHER
ENSG00000278834	SIMPLE_AND	INCONSISTENT	GM12878
ENSG00000278851	NULL	REPRESSED	NEITHER
ENSG00000278861	SIMPLE_OR	NULL	NEITHER
ENSG00000278863	SIMPLE_AND	REPRESSED	GM12878
ENSG00000278864	SIMPLE_OR	NULL	NEITHER
ENSG00000278869	SIMPLE_AND	INCONSISTENT	GM12878
ENSG00000278873	COMPLEX	INCONSISTENT	NEITHER
ENSG00000278876	SIMPLE_AND	INCONSISTENT	GM12878
ENSG00000278885	NULL	REPRESSED	NEITHER
ENSG00000278896	COMPLEX	NULL	NEITHER
ENSG00000278897	NULL	REPRESSED	NEITHER
ENSG00000278898	REPRESSED	NULL	NEITHER
ENSG00000278901	REPRESSED	NULL	NEITHER
ENSG00000278908	NULL	REPRESSED	NEITHER
ENSG00000278909	NULL	REPRESSED	NEITHER
ENSG00000278916	SIMPLE_AND	INCONSISTENT	GM12878
ENSG00000278921	BIVALENT	INCONSISTENT	NEITHER
ENSG00000278925	NULL	REPRESSED	NEITHER
ENSG00000278926	NULL	REPRESSED	NEITHER
ENSG00000278932	NULL	SIMPLE_OR	NEITHER
ENSG00000278941	SIMPLE_OR	NULL	NEITHER
ENSG00000278962	NULL	COMPLEX	NEITHER
ENSG00000278963	SIMPLE_AND	INCONSISTENT	GM12878
ENSG00000278965	NULL	REPRESSED	NEITHER
ENSG00000278966	BIVALENT	REPRESSED	NEITHER
ENSG00000278969	INCONSISTENT	REPRESSED	NEITHER
ENSG00000278970	SIMPLE_AND	COMPLEX	GM12878
ENSG00000278972	SIMPLE_OR	NULL	NEITHER
ENSG00000278979	NULL	REPRESSED	NEITHER
ENSG00000278983	NULL	INCONSISTENT	NEITHER
ENSG00000278986	SIMPLE_AND	INCONSISTENT	GM12878
ENSG00000278991	SIMPLE_OR	INCONSISTENT	NEITHER
ENSG00000278993	SIMPLE_AND	INCONSISTENT	GM12878
ENSG00000278995	REPRESSED	INCONSISTENT	NEITHER
ENSG00000278998	NULL	REPRESSED	NEITHER
ENSG00000278999	NULL	INCONSISTENT	NEITHER
ENSG00000279006	REPRESSED	NULL	NEITHER
ENSG00000279011	NULL	REPRESSED	NEITHER
ENSG00000279019	NULL	INCONSISTENT	NEITHER
ENSG00000279020	NULL	REPRESSED	NEITHER
ENSG00000279030	NULL	REPRESSED	NEITHER
ENSG00000279044	NULL	INCONSISTENT	NEITHER
ENSG00000279047	NULL	INCONSISTENT	NEITHER
ENSG00000279048	BIVALENT	INCONSISTENT	NEITHER
ENSG00000279061	REPRESSED	NULL	NEITHER
ENSG00000279063	NULL	INCONSISTENT	NEITHER
ENSG00000279065	BIVALENT	NULL	NEITHER
ENSG00000279069	SIMPLE_AND	INCONSISTENT	GM12878
ENSG00000279076	NULL	REPRESSED	NEITHER
ENSG00000279078	NULL	INCONSISTENT	NEITHER
ENSG00000279080	NULL	INCONSISTENT	NEITHER
ENSG00000279087	NULL	INCONSISTENT	NEITHER
ENSG00000279088	SIMPLE_AND	INCONSISTENT	GM12878
ENSG00000279091	REPRESSED	NULL	NEITHER
ENSG00000279093	REPRESSED	NULL	NEITHER
ENSG00000279098	COMPLEX	NULL	NEITHER
ENSG00000279099	REPRESSED	NULL	NEITHER
ENSG00000279113	NULL	REPRESSED	NEITHER
ENSG00000279114	SIMPLE_AND	INCONSISTENT	GM12878
ENSG00000279128	NULL	REPRESSED	NEITHER
ENSG00000279129	NULL	REPRESSED	NEITHER
ENSG00000279130	SIMPLE_AND	INCONSISTENT	GM12878
ENSG00000279135	NULL	INCONSISTENT	NEITHER
ENSG00000279140	SIMPLE_AND	INCONSISTENT	GM12878
ENSG00000279141	NULL	INCONSISTENT	NEITHER
ENSG00000279143	NULL	REPRESSED	NEITHER
ENSG00000279144	SIMPLE_OR	INCONSISTENT	NEITHER
ENSG00000279160	REPRESSED	NULL	NEITHER
ENSG00000279166	NULL	INCONSISTENT	NEITHER
ENSG00000279174	NULL	INCONSISTENT	NEITHER
ENSG00000279176	REPRESSED	NULL	NEITHER
ENSG00000279192	REPRESSED	NULL	NEITHER
ENSG00000279196	NULL	INCONSISTENT	NEITHER
ENSG00000279204	SIMPLE_OR	REPRESSED	NEITHER
ENSG00000279218	REPRESSED	NULL	NEITHER
ENSG00000279220	NULL	REPRESSED	NEITHER
ENSG00000279233	NULL	REPRESSED	NEITHER
ENSG00000279237	NULL	REPRESSED	NEITHER
ENSG00000279246	SIMPLE_OR	INCONSISTENT	NEITHER
ENSG00000279249	REPRESSED	INCONSISTENT	NEITHER
ENSG00000279250	SIMPLE_OR	NULL	NEITHER
ENSG00000279255	REPRESSED	INCONSISTENT	NEITHER
ENSG00000279259	SIMPLE_AND	INCONSISTENT	GM12878
ENSG00000279281	SIMPLE_OR	NULL	NEITHER
ENSG00000279283	SIMPLE_AND	INCONSISTENT	GM12878
ENSG00000279286	BIVALENT	INCONSISTENT	NEITHER
ENSG00000279289	REPRESSED	NULL	NEITHER
ENSG00000279294	SIMPLE_OR	NULL	NEITHER
ENSG00000279296	NULL	REPRESSED	NEITHER
ENSG00000279306	SIMPLE_AND	INCONSISTENT	GM12878
ENSG00000279322	NULL	INCONSISTENT	NEITHER
ENSG00000279329	COMPLEX	NULL	NEITHER
ENSG00000279330	REPRESSED	NULL	NEITHER
ENSG00000279331	INCONSISTENT	COMPLEX	NEITHER
ENSG00000279334	INCONSISTENT	NULL	NEITHER
ENSG00000279340	INCONSISTENT	NULL	NEITHER
ENSG00000279342	SIMPLE_OR	NULL	NEITHER
ENSG00000279345	NULL	INCONSISTENT	NEITHER
ENSG00000279353	NULL	INCONSISTENT	NEITHER
ENSG00000279354	SIMPLE_AND	INCONSISTENT	GM12878
ENSG00000279356	SIMPLE_OR	NULL	NEITHER
ENSG00000279359	NULL	REPRESSED	NEITHER
ENSG00000279360	NULL	INCONSISTENT	NEITHER
ENSG00000279361	NULL	REPRESSED	NEITHER
ENSG00000279365	NULL	REPRESSED	NEITHER
ENSG00000279366	SIMPLE_OR	INCONSISTENT	NEITHER
ENSG00000279369	SIMPLE_AND	INCONSISTENT	GM12878
ENSG00000279372	SIMPLE_AND	INCONSISTENT	GM12878
ENSG00000279394	REPRESSED	NULL	NEITHER
ENSG00000279397	NULL	INCONSISTENT	NEITHER
ENSG00000279407	SIMPLE_AND	INCONSISTENT	GM12878
ENSG00000279418	NULL	REPRESSED	NEITHER
ENSG00000279421	NULL	REPRESSED	NEITHER
ENSG00000279423	SIMPLE_AND	INCONSISTENT	GM12878
ENSG00000279425	REPRESSED	NULL	NEITHER
ENSG00000279430	SIMPLE_OR	INCONSISTENT	NEITHER
ENSG00000279431	INCONSISTENT	REPRESSED	NEITHER
ENSG00000279433	SIMPLE_OR	NULL	NEITHER
ENSG00000279440	NULL	REPRESSED	NEITHER
ENSG00000279441	SIMPLE_AND	INCONSISTENT	GM12878
ENSG00000279450	INCONSISTENT	REPRESSED	NEITHER
ENSG00000279476	SIMPLE_OR	INCONSISTENT	NEITHER
ENSG00000279479	NULL	INCONSISTENT	NEITHER
ENSG00000279480	NULL	REPRESSED	NEITHER
ENSG00000279481	SIMPLE_OR	NULL	NEITHER
ENSG00000279489	NULL	INCONSISTENT	NEITHER
ENSG00000279491	SIMPLE_AND	INCONSISTENT	GM12878
ENSG00000279494	BIVALENT	INCONSISTENT	NEITHER
ENSG00000279495	REPRESSED	NULL	NEITHER
ENSG00000279498	NULL	INCONSISTENT	NEITHER
ENSG00000279499	SIMPLE_OR	NULL	NEITHER
ENSG00000279500	SIMPLE_AND	NULL	GM12878
ENSG00000279520	SIMPLE_AND	INCONSISTENT	GM12878
ENSG00000279523	REPRESSED	NULL	NEITHER
ENSG00000279526	NULL	REPRESSED	NEITHER
ENSG00000279529	SIMPLE_AND	INCONSISTENT	GM12878
ENSG00000279532	INCONSISTENT	NULL	NEITHER
ENSG00000279541	REPRESSED	NULL	NEITHER
ENSG00000279544	REPRESSED	NULL	NEITHER
ENSG00000279551	NULL	INCONSISTENT	NEITHER
ENSG00000279561	SIMPLE_OR	INCONSISTENT	NEITHER
ENSG00000279570	SIMPLE_OR	NULL	NEITHER
ENSG00000279572	NULL	REPRESSED	NEITHER
ENSG00000279579	NULL	INCONSISTENT	NEITHER
ENSG00000279581	INCONSISTENT	REPRESSED	NEITHER
ENSG00000279583	SIMPLE_AND	INCONSISTENT	GM12878
ENSG00000279586	INCONSISTENT	NULL	NEITHER
ENSG00000279590	NULL	INCONSISTENT	NEITHER
ENSG00000279591	SIMPLE_OR	REPRESSED	NEITHER
ENSG00000279602	SIMPLE_AND	NULL	GM12878
ENSG00000279604	NULL	REPRESSED	NEITHER
ENSG00000279607	REPRESSED	INCONSISTENT	NEITHER
ENSG00000279610	REPRESSED	NULL	NEITHER
ENSG00000279611	SIMPLE_OR	NULL	NEITHER
ENSG00000279617	NULL	INCONSISTENT	NEITHER
ENSG00000279620	SIMPLE_OR	NULL	NEITHER
ENSG00000279621	INCONSISTENT	NULL	NEITHER
ENSG00000279625	REPRESSED	NULL	NEITHER
ENSG00000279630	NULL	REPRESSED	NEITHER
ENSG00000279631	INCONSISTENT	NULL	NEITHER
ENSG00000279632	SIMPLE_AND	INCONSISTENT	GM12878
ENSG00000279642	NULL	REPRESSED	NEITHER
ENSG00000279649	SIMPLE_OR	NULL	NEITHER
ENSG00000279650	NULL	REPRESSED	NEITHER
ENSG00000279660	REPRESSED	INCONSISTENT	NEITHER
ENSG00000279667	REPRESSED	NULL	NEITHER
ENSG00000279669	NULL	SIMPLE_AND	K562
ENSG00000279672	SIMPLE_AND	INCONSISTENT	GM12878
ENSG00000279673	SIMPLE_AND	INCONSISTENT	GM12878
ENSG00000279677	REPRESSED	INCONSISTENT	NEITHER
ENSG00000279679	COMPLEX	NULL	NEITHER
ENSG00000279689	SIMPLE_AND	INCONSISTENT	GM12878
ENSG00000279690	NULL	REPRESSED	NEITHER
ENSG00000279691	SIMPLE_AND	INCONSISTENT	GM12878
ENSG00000279692	REPRESSED	INCONSISTENT	NEITHER
ENSG00000279693	INCONSISTENT	NULL	NEITHER
ENSG00000279696	NULL	INCONSISTENT	NEITHER
ENSG00000279705	COMPLEX	NULL	NEITHER
ENSG00000279711	REPRESSED	INCONSISTENT	NEITHER
ENSG00000279712	INCONSISTENT	NULL	NEITHER
ENSG00000279713	NULL	INCONSISTENT	NEITHER
ENSG00000279719	INCONSISTENT	NULL	NEITHER
ENSG00000279732	NULL	REPRESSED	NEITHER
ENSG00000279744	NULL	INCONSISTENT	NEITHER
ENSG00000279748	SIMPLE_AND	INCONSISTENT	GM12878
ENSG00000279756	REPRESSED	INCONSISTENT	NEITHER
ENSG00000279758	NULL	INCONSISTENT	NEITHER
ENSG00000279759	SIMPLE_AND	NULL	GM12878
ENSG00000279770	NULL	BIVALENT	NEITHER
ENSG00000279774	NULL	REPRESSED	NEITHER
ENSG00000279775	COMPLEX	REPRESSED	NEITHER
ENSG00000279781	SIMPLE_AND	NULL	GM12878
ENSG00000279791	NULL	INCONSISTENT	NEITHER
ENSG00000279799	SIMPLE_AND	INCONSISTENT	GM12878
ENSG00000279801	SIMPLE_AND	INCONSISTENT	GM12878
ENSG00000279807	INCONSISTENT	NULL	NEITHER
ENSG00000279813	NULL	REPRESSED	NEITHER
ENSG00000279814	NULL	REPRESSED	NEITHER
ENSG00000279817	COMPLEX	INCONSISTENT	NEITHER
ENSG00000279819	SIMPLE_OR	INCONSISTENT	NEITHER
ENSG00000279821	NULL	INCONSISTENT	NEITHER
ENSG00000279840	INCONSISTENT	BIVALENT	NEITHER
ENSG00000279841	NULL	INCONSISTENT	NEITHER
ENSG00000279846	REPRESSED	NULL	NEITHER
ENSG00000279851	NULL	INCONSISTENT	NEITHER
ENSG00000279852	NULL	REPRESSED	NEITHER
ENSG00000279853	REPRESSED	NULL	NEITHER
ENSG00000279855	NULL	REPRESSED	NEITHER
ENSG00000279859	NULL	INCONSISTENT	NEITHER
ENSG00000279861	SIMPLE_OR	INCONSISTENT	NEITHER
ENSG00000279864	NULL	INCONSISTENT	NEITHER
ENSG00000279865	SIMPLE_AND	INCONSISTENT	GM12878
ENSG00000279873	SIMPLE_AND	INCONSISTENT	GM12878
ENSG00000279878	NULL	REPRESSED	NEITHER
ENSG00000279881	NULL	REPRESSED	NEITHER
ENSG00000279884	NULL	INCONSISTENT	NEITHER
ENSG00000279901	SIMPLE_AND	INCONSISTENT	GM12878
ENSG00000279905	NULL	REPRESSED	NEITHER
ENSG00000279907	INCONSISTENT	NULL	NEITHER
ENSG00000279908	INCONSISTENT	BIVALENT	NEITHER
ENSG00000279913	SIMPLE_OR	INCONSISTENT	NEITHER
ENSG00000279917	SIMPLE_OR	NULL	NEITHER
ENSG00000279928	NULL	INCONSISTENT	NEITHER
ENSG00000279929	NULL	REPRESSED	NEITHER
ENSG00000279931	NULL	REPRESSED	NEITHER
ENSG00000279936	REPRESSED	NULL	NEITHER
ENSG00000279940	NULL	INCONSISTENT	NEITHER
ENSG00000279942	SIMPLE_AND	REPRESSED	GM12878
ENSG00000279956	REPRESSED	NULL	NEITHER
ENSG00000279957	COMPLEX	NULL	NEITHER
ENSG00000279959	NULL	INCONSISTENT	NEITHER
ENSG00000279962	REPRESSED	NULL	NEITHER
ENSG00000279965	SIMPLE_AND	REPRESSED	GM12878
ENSG00000279968	SIMPLE_AND	INCONSISTENT	GM12878
ENSG00000279973	NULL	INCONSISTENT	NEITHER
ENSG00000279977	SIMPLE_OR	NULL	NEITHER
ENSG00000279991	NULL	REPRESSED	NEITHER
ENSG00000279996	NULL	REPRESSED	NEITHER
ENSG00000280003	NULL	INCONSISTENT	NEITHER
ENSG00000280014	INCONSISTENT	NULL	NEITHER
ENSG00000280015	NULL	REPRESSED	NEITHER
ENSG00000280026	NULL	INCONSISTENT	NEITHER
ENSG00000280028	SIMPLE_OR	NULL	NEITHER
ENSG00000280032	BIVALENT	REPRESSED	NEITHER
ENSG00000280035	NULL	INCONSISTENT	NEITHER
ENSG00000280040	BIVALENT	NULL	NEITHER
ENSG00000280046	SIMPLE_AND	INCONSISTENT	GM12878
ENSG00000280053	REPRESSED	NULL	NEITHER
ENSG00000280055	NULL	INCONSISTENT	NEITHER
ENSG00000280062	NULL	REPRESSED	NEITHER
ENSG00000280063	SIMPLE_AND	INCONSISTENT	GM12878
ENSG00000280064	NULL	INCONSISTENT	NEITHER
ENSG00000280071	NULL	SIMPLE_AND	K562
ENSG00000280073	INCONSISTENT	REPRESSED	NEITHER
ENSG00000280081	NULL	SIMPLE_AND	K562
ENSG00000280083	REPRESSED	NULL	NEITHER
ENSG00000280086	NULL	REPRESSED	NEITHER
ENSG00000280087	NULL	INCONSISTENT	NEITHER
ENSG00000280090	REPRESSED	NULL	NEITHER
ENSG00000280098	INCONSISTENT	NULL	NEITHER
ENSG00000280099	INCONSISTENT	NULL	NEITHER
ENSG00000280110	NULL	REPRESSED	NEITHER
ENSG00000280113	NULL	REPRESSED	NEITHER
ENSG00000280118	REPRESSED	NULL	NEITHER
ENSG00000280119	NULL	REPRESSED	NEITHER
ENSG00000280120	SIMPLE_OR	INCONSISTENT	NEITHER
ENSG00000280122	REPRESSED	NULL	NEITHER
ENSG00000280129	SIMPLE_AND	INCONSISTENT	GM12878
ENSG00000280132	BIVALENT	NULL	NEITHER
ENSG00000280137	SIMPLE_AND	INCONSISTENT	GM12878
ENSG00000280138	SIMPLE_AND	INCONSISTENT	GM12878
ENSG00000280149	NULL	REPRESSED	NEITHER
ENSG00000280152	SIMPLE_OR	INCONSISTENT	NEITHER
ENSG00000280154	NULL	REPRESSED	NEITHER
ENSG00000280159	NULL	REPRESSED	NEITHER
ENSG00000280161	SIMPLE_AND	INCONSISTENT	GM12878
ENSG00000280165	REPRESSED	NULL	NEITHER
ENSG00000280171	REPRESSED	NULL	NEITHER
ENSG00000280173	SIMPLE_OR	INCONSISTENT	NEITHER
ENSG00000280177	INCONSISTENT	NULL	NEITHER
ENSG00000280182	NULL	REPRESSED	NEITHER
ENSG00000280184	REPRESSED	NULL	NEITHER
ENSG00000280186	BIVALENT	INCONSISTENT	NEITHER
ENSG00000280190	NULL	REPRESSED	NEITHER
ENSG00000280194	SIMPLE_AND	INCONSISTENT	GM12878
ENSG00000280195	SIMPLE_AND	INCONSISTENT	GM12878
ENSG00000280198	SIMPLE_OR	INCONSISTENT	NEITHER
ENSG00000280200	NULL	COMPLEX	NEITHER
ENSG00000280207	NULL	REPRESSED	NEITHER
ENSG00000280214	SIMPLE_OR	NULL	NEITHER
ENSG00000280217	NULL	INCONSISTENT	NEITHER
ENSG00000280222	REPRESSED	NULL	NEITHER
ENSG00000280227	NULL	INCONSISTENT	NEITHER
ENSG00000280228	SIMPLE_OR	NULL	NEITHER
ENSG00000280229	REPRESSED	NULL	NEITHER
ENSG00000280232	REPRESSED	NULL	NEITHER
ENSG00000280241	NULL	INCONSISTENT	NEITHER
ENSG00000280242	INCONSISTENT	NULL	NEITHER
ENSG00000280245	SIMPLE_AND	NULL	GM12878
ENSG00000280249	NULL	INCONSISTENT	NEITHER
ENSG00000280254	BIVALENT	INCONSISTENT	NEITHER
ENSG00000280265	NULL	INCONSISTENT	NEITHER
ENSG00000280266	NULL	REPRESSED	NEITHER
ENSG00000280272	NULL	REPRESSED	NEITHER
ENSG00000280274	NULL	REPRESSED	NEITHER
ENSG00000280282	NULL	REPRESSED	NEITHER
ENSG00000280283	INCONSISTENT	NULL	NEITHER
ENSG00000280285	NULL	REPRESSED	NEITHER
ENSG00000280288	REPRESSED	NULL	NEITHER
ENSG00000280299	NULL	INCONSISTENT	NEITHER
ENSG00000280303	SIMPLE_AND	INCONSISTENT	GM12878
ENSG00000280305	NULL	INCONSISTENT	NEITHER
ENSG00000280309	REPRESSED	NULL	NEITHER
ENSG00000280318	REPRESSED	NULL	NEITHER
ENSG00000280319	NULL	INCONSISTENT	NEITHER
ENSG00000280320	NULL	INCONSISTENT	NEITHER
ENSG00000280325	NULL	INCONSISTENT	NEITHER
ENSG00000280326	INCONSISTENT	NULL	NEITHER
ENSG00000280333	INCONSISTENT	NULL	NEITHER
ENSG00000280340	NULL	COMPLEX	NEITHER
ENSG00000280345	COMPLEX	NULL	NEITHER
ENSG00000280347	NULL	INCONSISTENT	NEITHER
ENSG00000280349	NULL	REPRESSED	NEITHER
ENSG00000280350	REPRESSED	NULL	NEITHER
ENSG00000280351	REPRESSED	INCONSISTENT	NEITHER
ENSG00000280354	INCONSISTENT	NULL	NEITHER
ENSG00000280359	REPRESSED	NULL	NEITHER
ENSG00000280367	SIMPLE_AND	INCONSISTENT	GM12878
ENSG00000280371	NULL	REPRESSED	NEITHER
ENSG00000280381	NULL	INCONSISTENT	NEITHER
ENSG00000280388	SIMPLE_AND	INCONSISTENT	GM12878
ENSG00000280392	NULL	REPRESSED	NEITHER
ENSG00000280393	NULL	REPRESSED	NEITHER
ENSG00000280396	NULL	INCONSISTENT	NEITHER
ENSG00000280405	NULL	REPRESSED	NEITHER
ENSG00000280406	BIVALENT	NULL	NEITHER
ENSG00000280414	BIVALENT	INCONSISTENT	NEITHER
ENSG00000280419	NULL	INCONSISTENT	NEITHER
ENSG00000280420	BIVALENT	INCONSISTENT	NEITHER
ENSG00000280435	NULL	REPRESSED	NEITHER
ENSG00000280443	NULL	REPRESSED	NEITHER
ENSG00000280451	REPRESSED	NULL	NEITHER
ENSG00000280496	INCONSISTENT	SIMPLE_AND	K562
ENSG00000280498	COMPLEX	SIMPLE_AND	K562
ENSG00000280537	NULL	INCONSISTENT	NEITHER
ENSG00000280587	SIMPLE_AND	INCONSISTENT	GM12878
ENSG00000280594	SIMPLE_AND	INCONSISTENT	GM12878
ENSG00000280604	NULL	REPRESSED	NEITHER
ENSG00000280623	REPRESSED	INCONSISTENT	NEITHER
ENSG00000280649	SIMPLE_AND	INCONSISTENT	GM12878
ENSG00000280670	SIMPLE_AND	INCONSISTENT	GM12878
ENSG00000280707	REPRESSED	NULL	NEITHER
ENSG00000280721	NULL	INCONSISTENT	NEITHER
ENSG00000280734	SIMPLE_AND	INCONSISTENT	GM12878
ENSG00000280739	SIMPLE_AND	INCONSISTENT	GM12878
ENSG00000280752	INCONSISTENT	NULL	NEITHER
ENSG00000280780	REPRESSED	NULL	NEITHER
ENSG00000280789	SIMPLE_AND	INCONSISTENT	GM12878
ENSG00000280828	SIMPLE_AND	INCONSISTENT	GM12878
ENSG00000280832	SIMPLE_AND	INCONSISTENT	GM12878
ENSG00000280850	INCONSISTENT	NULL	NEITHER
ENSG00000280852	NULL	INCONSISTENT	NEITHER
ENSG00000280890	BIVALENT	INCONSISTENT	NEITHER
ENSG00000280936	NULL	REPRESSED	NEITHER
ENSG00000280989	NULL	REPRESSED	NEITHER
ENSG00000281000	NULL	INCONSISTENT	NEITHER
ENSG00000281005	SIMPLE_AND	COMPLEX	GM12878
ENSG00000281008	NULL	REPRESSED	NEITHER
ENSG00000281091	SIMPLE_AND	INCONSISTENT	GM12878
ENSG00000281103	NULL	SIMPLE_OR	NEITHER
ENSG00000281106	NULL	INCONSISTENT	NEITHER
ENSG00000281128	REPRESSED	INCONSISTENT	NEITHER
ENSG00000281131	NULL	INCONSISTENT	NEITHER
ENSG00000281133	INCONSISTENT	NULL	NEITHER
ENSG00000281202	REPRESSED	BIVALENT	NEITHER
ENSG00000281333	REPRESSED	INCONSISTENT	NEITHER
ENSG00000281344	SIMPLE_OR	NULL	NEITHER
ENSG00000281348	SIMPLE_AND	INCONSISTENT	GM12878
ENSG00000281357	COMPLEX	INCONSISTENT	NEITHER
ENSG00000281358	SIMPLE_AND	INCONSISTENT	GM12878
ENSG00000281369	REPRESSED	NULL	NEITHER
ENSG00000281406	REPRESSED	BIVALENT	NEITHER
ENSG00000281450	INCONSISTENT	REPRESSED	NEITHER
ENSG00000281469	SIMPLE_OR	NULL	NEITHER
ENSG00000281501	SIMPLE_AND	INCONSISTENT	GM12878
ENSG00000281548	NULL	REPRESSED	NEITHER
ENSG00000281571	SIMPLE_AND	INCONSISTENT	GM12878
ENSG00000281641	SIMPLE_AND	INCONSISTENT	GM12878
ENSG00000281692	NULL	REPRESSED	NEITHER
ENSG00000281706	SIMPLE_AND	INCONSISTENT	GM12878
ENSG00000281708	INCONSISTENT	NULL	NEITHER
ENSG00000281720	INCONSISTENT	NULL	NEITHER
ENSG00000281731	SIMPLE_AND	INCONSISTENT	GM12878
ENSG00000281741	SIMPLE_OR	INCONSISTENT	NEITHER
ENSG00000281769	REPRESSED	NULL	NEITHER
ENSG00000281832	REPRESSED	NULL	NEITHER
ENSG00000281849	SIMPLE_AND	INCONSISTENT	GM12878
ENSG00000281863	REPRESSED	NULL	NEITHER
ENSG00000281880	BIVALENT	INCONSISTENT	NEITHER
ENSG00000281883	REPRESSED	NULL	NEITHER
ENSG00000281887	INCONSISTENT	NULL	NEITHER
ENSG00000281912	SIMPLE_AND	INCONSISTENT	GM12878
ENSG00000281920	NULL	REPRESSED	NEITHER
ENSG00000281938	REPRESSED	INCONSISTENT	NEITHER
ENSG00000281958	NULL	INCONSISTENT	NEITHER
ENSG00000281991	NULL	INCONSISTENT	NEITHER
ENSG00000282021	NULL	INCONSISTENT	NEITHER
ENSG00000282022	BIVALENT	INCONSISTENT	NEITHER
ENSG00000282024	NULL	INCONSISTENT	NEITHER
ENSG00000282057	BIVALENT	INCONSISTENT	NEITHER
ENSG00000282080	REPRESSED	INCONSISTENT	NEITHER
ENSG00000282121	NULL	INCONSISTENT	NEITHER
ENSG00000282133	NULL	INCONSISTENT	NEITHER
ENSG00000282142	NULL	REPRESSED	NEITHER
ENSG00000282160	REPRESSED	NULL	NEITHER
ENSG00000282164	SIMPLE_OR	NULL	NEITHER
ENSG00000282173	NULL	INCONSISTENT	NEITHER
ENSG00000282206	NULL	INCONSISTENT	NEITHER
ENSG00000282221	NULL	REPRESSED	NEITHER
ENSG00000282317	BIVALENT	REPRESSED	NEITHER
ENSG00000282320	NULL	INCONSISTENT	NEITHER
ENSG00000282339	NULL	INCONSISTENT	NEITHER
ENSG00000282375	REPRESSED	NULL	NEITHER
ENSG00000282381	SIMPLE_AND	INCONSISTENT	GM12878
ENSG00000282390	NULL	REPRESSED	NEITHER
ENSG00000282418	INCONSISTENT	NULL	NEITHER
ENSG00000282420	NULL	INCONSISTENT	NEITHER
ENSG00000282431	NULL	INCONSISTENT	NEITHER
ENSG00000282432	NULL	REPRESSED	NEITHER
ENSG00000282440	REPRESSED	INCONSISTENT	NEITHER
ENSG00000282478	REPRESSED	NULL	NEITHER
ENSG00000282502	NULL	REPRESSED	NEITHER
ENSG00000282508	SIMPLE_OR	NULL	NEITHER
ENSG00000282527	INCONSISTENT	BIVALENT	NEITHER
ENSG00000282556	INCONSISTENT	REPRESSED	NEITHER
ENSG00000282608	INCONSISTENT	NULL	NEITHER
ENSG00000282686	NULL	REPRESSED	NEITHER
ENSG00000282692	NULL	REPRESSED	NEITHER
ENSG00000282728	REPRESSED	INCONSISTENT	NEITHER
ENSG00000282780	NULL	INCONSISTENT	NEITHER
ENSG00000282787	NULL	INCONSISTENT	NEITHER
ENSG00000282793	NULL	REPRESSED	NEITHER
ENSG00000282826	SIMPLE_AND	INCONSISTENT	GM12878
ENSG00000282843	NULL	REPRESSED	NEITHER
ENSG00000282849	SIMPLE_OR	NULL	NEITHER
ENSG00000282852	NULL	REPRESSED	NEITHER
ENSG00000282863	NULL	REPRESSED	NEITHER
ENSG00000282870	NULL	INCONSISTENT	NEITHER
ENSG00000282876	COMPLEX	INCONSISTENT	NEITHER
ENSG00000282881	REPRESSED	INCONSISTENT	NEITHER
ENSG00000282885	SIMPLE_AND	INCONSISTENT	GM12878
ENSG00000282894	REPRESSED	NULL	NEITHER
ENSG00000282897	NULL	REPRESSED	NEITHER
ENSG00000282952	NULL	REPRESSED	NEITHER
ENSG00000282995	NULL	INCONSISTENT	NEITHER
ENSG00000282996	BIVALENT	INCONSISTENT	NEITHER
ENSG00000283003	NULL	REPRESSED	NEITHER
ENSG00000283010	BIVALENT	INCONSISTENT	NEITHER
ENSG00000283020	NULL	INCONSISTENT	NEITHER
ENSG00000283023	NULL	INCONSISTENT	NEITHER
ENSG00000283031	NULL	REPRESSED	NEITHER
ENSG00000283041	SIMPLE_OR	NULL	NEITHER
ENSG00000283044	INCONSISTENT	NULL	NEITHER
ENSG00000283051	NULL	REPRESSED	NEITHER
ENSG00000283057	SIMPLE_OR	NULL	NEITHER
ENSG00000283063	REPRESSED	NULL	NEITHER
ENSG00000283065	NULL	INCONSISTENT	NEITHER
ENSG00000283071	NULL	INCONSISTENT	NEITHER
ENSG00000283072	NULL	INCONSISTENT	NEITHER
ENSG00000283078	SIMPLE_AND	INCONSISTENT	GM12878
ENSG00000283083	COMPLEX	NULL	NEITHER
ENSG00000283084	INCONSISTENT	NULL	NEITHER
ENSG00000283095	NULL	INCONSISTENT	NEITHER
ENSG00000283096	NULL	REPRESSED	NEITHER
ENSG00000283108	COMPLEX	INCONSISTENT	NEITHER
ENSG00000283117	NULL	SIMPLE_AND	K562
ENSG00000283118	NULL	INCONSISTENT	NEITHER
ENSG00000283122	SIMPLE_OR	INCONSISTENT	NEITHER
ENSG00000283123	NULL	INCONSISTENT	NEITHER
ENSG00000283125	INCONSISTENT	NULL	NEITHER
