gene_id,mean_tpm,is_switching,in_zero_stratum
ENSG00000000419,129.51,False,False
ENSG00000000457,2.215,True,False
ENSG00000000938,0.0,True,True
ENSG00000001036,14.16,False,False
ENSG00000001167,4.94,False,False
ENSG00000001460,7.155,False,False
ENSG00000001461,7.015,True,False
ENSG00000001497,30.185,False,False
ENSG00000001617,0.01,True,True
ENSG00000001629,4.45,False,False
ENSG00000001630,26.71,False,False
ENSG00000001631,13.690000000000001,False,False
ENSG00000002016,0.81,True,False
ENSG00000002330,0.825,True,False
ENSG00000002549,61.515,False,False
ENSG00000002586,3.65,False,False
ENSG00000002746,0.03,False,True
ENSG00000002822,1.63,False,False
ENSG00000002834,15.514999999999999,False,False
ENSG00000002919,12.77,False,False
ENSG00000002933,0.0,False,True
ENSG00000003056,58.55,False,False
ENSG00000003096,1.42,True,False
ENSG00000003137,0.0,True,True
ENSG00000003147,4.465,True,False
ENSG00000003249,0.5549999999999999,True,False
ENSG00000003393,2.97,True,False
ENSG00000003400,5.005,False,False
ENSG00000003402,18.145000000000003,False,False
ENSG00000003509,12.100000000000001,False,False
ENSG00000003756,14.254999999999999,False,False
ENSG00000004059,9.635,True,False
ENSG00000004142,14.780000000000001,False,False
ENSG00000004399,0.16,True,False
ENSG00000004455,76.815,False,False
ENSG00000004468,0.045,True,True
ENSG00000004478,12.845,False,False
ENSG00000004487,41.32,False,False
ENSG00000004534,12.73,False,False
ENSG00000004660,0.345,True,False
ENSG00000004700,16.24,False,False
ENSG00000004766,6.82,False,False
ENSG00000004776,0.0,False,True
ENSG00000004777,0.05,True,True
ENSG00000004779,115.16999999999999,False,False
ENSG00000004799,0.01,True,True
ENSG00000004809,0.0,False,True
ENSG00000004864,14.53,False,False
ENSG00000004866,20.455,False,False
ENSG00000004897,21.509999999999998,False,False
ENSG00000004961,15.530000000000001,False,False
ENSG00000004975,0.9750000000000001,True,False
ENSG00000005007,0.33999999999999997,False,False
ENSG00000005022,3532.615,False,False
ENSG00000005059,0.915,True,False
ENSG00000005073,0.0,False,True
ENSG00000005075,28.5,False,False
ENSG00000005100,5.25,False,False
ENSG00000005102,0.0,True,True
ENSG00000005156,5.779999999999999,False,False
ENSG00000005175,25.47,False,False
ENSG00000005189,6.13,False,False
ENSG00000005194,183.175,False,False
ENSG00000005206,0.125,False,False
ENSG00000005238,0.305,True,False
ENSG00000005249,41.974999999999994,True,False
ENSG00000005302,16.064999999999998,False,False
ENSG00000005339,1.72,False,False
ENSG00000005379,0.085,True,True
ENSG00000005436,7.005000000000001,True,False
ENSG00000005448,7.595000000000001,True,False
ENSG00000005469,3.0549999999999997,True,False
ENSG00000005486,3.09,False,False
ENSG00000005513,0.0,True,True
ENSG00000005700,7.805,False,False
ENSG00000005801,24.875,True,False
ENSG00000005810,9.01,False,False
ENSG00000005812,2.44,True,False
ENSG00000005882,0.01,True,True
ENSG00000005884,0.005,True,True
ENSG00000005889,6.744999999999999,False,False
ENSG00000005893,30.545,False,False
ENSG00000006007,13.855,False,False
ENSG00000006015,1.2000000000000002,False,False
ENSG00000006016,1.3199999999999998,True,False
ENSG00000006025,0.24,False,False
ENSG00000006042,80.425,True,False
ENSG00000006047,0.0,True,True
ENSG00000006062,0.265,True,False
ENSG00000006118,0.0,True,True
ENSG00000006125,40.455,False,False
ENSG00000006128,0.0,False,True
ENSG00000006194,3.12,True,False
ENSG00000006282,0.05,True,True
ENSG00000006283,0.0,False,True
ENSG00000006327,0.275,True,False
ENSG00000006377,0.0,False,True
ENSG00000006432,0.035,True,True
ENSG00000006451,4.805,False,False
ENSG00000006453,2.4,False,False
ENSG00000006459,0.685,True,False
ENSG00000006468,4.255,True,False
ENSG00000006530,34.05,False,False
ENSG00000006555,0.0,True,True
ENSG00000006576,11.1,False,False
ENSG00000006607,2.555,False,False
ENSG00000006611,0.0,True,True
ENSG00000006625,196.925,False,False
ENSG00000006634,25.205,False,False
ENSG00000006638,1.65,True,False
ENSG00000006695,8.03,False,False
ENSG00000006704,7.305,True,False
ENSG00000006712,1.01,False,False
ENSG00000006740,0.025,False,True
ENSG00000006744,3.55,False,False
ENSG00000006747,2.77,True,False
ENSG00000006757,40.894999999999996,False,False
ENSG00000006831,10.875,False,False
ENSG00000006837,2.375,True,False
ENSG00000007001,0.0,False,True
ENSG00000007038,9.425,True,False
ENSG00000007047,0.54,False,False
ENSG00000007062,0.0,False,True
ENSG00000007080,4.17,False,False
ENSG00000007129,0.005,True,True
ENSG00000007168,21.549999999999997,False,False
ENSG00000007202,9.955,False,False
ENSG00000007255,0.31999999999999995,True,False
ENSG00000007264,0.15,False,False
ENSG00000007306,0.0,True,True
ENSG00000007341,7.005,False,False
ENSG00000007372,0.925,True,False
ENSG00000007376,0.395,False,False
ENSG00000007384,0.705,False,False
ENSG00000007392,1.775,False,False
ENSG00000007402,0.0,True,True
ENSG00000007516,0.0,True,True
ENSG00000007520,1.5699999999999998,False,False
ENSG00000007541,0.185,False,False
ENSG00000007545,0.275,True,False
ENSG00000007866,0.6000000000000001,True,False
ENSG00000007923,9.34,False,False
ENSG00000007944,8.93,False,False
ENSG00000007968,2.605,True,False
ENSG00000008018,1945.73,False,False
ENSG00000008056,0.025,False,True
ENSG00000008083,4.305,False,False
ENSG00000008086,0.0,True,True
ENSG00000008128,5.115,False,False
ENSG00000008130,1.01,False,False
ENSG00000008226,0.04,True,True
ENSG00000008256,0.18,True,False
ENSG00000008277,0.02,True,True
ENSG00000008282,137.96,True,False
ENSG00000008283,2.635,False,False
ENSG00000008294,8.925,False,False
ENSG00000008300,0.125,True,False
ENSG00000008311,0.0,True,True
ENSG00000008323,0.0,True,True
ENSG00000008324,235.425,True,False
ENSG00000008382,0.74,True,False
ENSG00000008394,130.29500000000002,False,False
ENSG00000008405,6.09,False,False
ENSG00000008441,0.27,False,False
ENSG00000008513,1.085,True,False
ENSG00000008516,0.065,False,True
ENSG00000008710,0.10500000000000001,True,False
ENSG00000008838,4.475,True,False
ENSG00000008869,2.5700000000000003,False,False
ENSG00000008952,102.73,True,False
ENSG00000008988,1908.245,False,False
ENSG00000009307,108.97999999999999,True,False
ENSG00000009335,6.71,False,False
ENSG00000009413,4.359999999999999,False,False
ENSG00000009709,0.0,False,True
ENSG00000009780,10.315000000000001,True,False
ENSG00000009830,0.33,False,False
ENSG00000009844,108.97,False,False
ENSG00000009954,16.705,False,False
ENSG00000010017,20.465,False,False
ENSG00000010030,0.095,True,True
ENSG00000010072,5.3,False,False
ENSG00000010165,12.83,False,False
ENSG00000010244,126.02499999999999,False,False
ENSG00000010256,97.31,False,False
ENSG00000010270,64.275,False,False
ENSG00000010278,0.45499999999999996,True,False
ENSG00000010292,10.035,False,False
ENSG00000010310,1.335,False,False
ENSG00000010318,1.78,False,False
ENSG00000010322,0.345,False,False
ENSG00000010361,0.09,True,True
ENSG00000010539,3.895,True,False
ENSG00000010626,1.58,True,False
ENSG00000010671,8.745,False,False
ENSG00000010704,0.225,True,False
ENSG00000010803,5.77,False,False
ENSG00000010810,2.5300000000000002,True,False
ENSG00000011007,19.675,False,False
ENSG00000011009,2.575,False,False
ENSG00000011021,1.46,False,False
ENSG00000011028,0.305,False,False
ENSG00000011052,17.64,True,False
ENSG00000011105,0.0,True,True
ENSG00000011114,2.795,False,False
ENSG00000011132,0.155,False,False
ENSG00000011143,11.865,False,False
ENSG00000011198,23.69,False,False
ENSG00000011243,6.984999999999999,False,False
ENSG00000011258,1.8299999999999998,True,False
ENSG00000011260,21.645,False,False
ENSG00000011275,3.385,False,False
ENSG00000011295,6.6,False,False
ENSG00000011304,13.085,False,False
ENSG00000011332,0.04,True,True
ENSG00000011347,0.005,True,True
ENSG00000011376,3.6399999999999997,False,False
ENSG00000011405,1.7,False,False
ENSG00000011422,5.65,True,False
ENSG00000011426,11.99,False,False
ENSG00000011451,0.07,True,True
ENSG00000011454,1.1800000000000002,False,False
ENSG00000011478,1.025,False,False
ENSG00000011485,1.465,False,False
ENSG00000011523,0.995,True,False
ENSG00000011566,2.325,False,False
ENSG00000011590,0.0,True,True
ENSG00000011600,0.66,False,False
ENSG00000011638,12.265,False,False
ENSG00000012048,16.55,False,False
ENSG00000012061,7.035,False,False
ENSG00000012174,2.9299999999999997,True,False
ENSG00000012211,0.995,False,False
ENSG00000012660,81.055,False,False
ENSG00000012779,0.07,True,True
ENSG00000012822,2.26,True,False
ENSG00000012963,8.594999999999999,False,False
ENSG00000012983,3.825,True,False
ENSG00000013016,0.0,True,True
ENSG00000013275,311.90999999999997,False,False
ENSG00000013288,0.20500000000000002,True,False
ENSG00000013306,3.54,False,False
ENSG00000013364,0.0,True,True
ENSG00000013374,27.445,False,False
ENSG00000013375,45.980000000000004,False,False
ENSG00000013392,1.685,True,False
ENSG00000013441,33.57,False,False
ENSG00000013503,4.615,False,False
ENSG00000013563,0.495,True,False
ENSG00000013573,2.785,False,False
ENSG00000013583,1.17,True,False
ENSG00000013588,0.0,True,True
ENSG00000013810,1.315,False,False
ENSG00000014123,13.760000000000002,True,False
ENSG00000014138,1.6749999999999998,False,False
ENSG00000014164,0.045,False,True
ENSG00000014216,2.545,False,False
ENSG00000014641,907.3,False,False
ENSG00000014824,9.07,False,False
ENSG00000014919,27.665,False,False
ENSG00000015133,0.385,True,False
ENSG00000015153,12.71,False,False
ENSG00000015285,0.235,True,False
ENSG00000015475,4.3100000000000005,False,False
ENSG00000015479,88.705,False,False
ENSG00000015532,0.495,True,False
ENSG00000015676,14.47,False,False
ENSG00000016391,0.05500000000000001,True,True
ENSG00000016864,11.09,False,False
ENSG00000017260,7.635,False,False
ENSG00000017427,10.54,True,False
ENSG00000017483,7.515000000000001,False,False
ENSG00000017797,8.715,False,False
ENSG00000018189,3.475,False,False
ENSG00000018510,10.26,False,False
ENSG00000018610,14.09,False,False
ENSG00000018625,0.0,False,True
ENSG00000018699,31.405,False,False
ENSG00000018869,0.39,False,False
ENSG00000019144,2.1900000000000004,True,False
ENSG00000019169,0.0,False,True
ENSG00000019186,0.0,False,True
ENSG00000019549,0.0,False,True
ENSG00000020129,1.795,False,False
ENSG00000020181,0.0,False,True
ENSG00000020426,54.614999999999995,False,False
ENSG00000020577,1.0150000000000001,True,False
ENSG00000020922,12.34,False,False
ENSG00000021300,0.045,True,True
ENSG00000021355,42.73,True,False
ENSG00000021574,8.100000000000001,False,False
ENSG00000021762,0.02,True,True
ENSG00000021776,17.755000000000003,False,False
ENSG00000021826,1.865,False,False
ENSG00000022267,0.025,False,True
ENSG00000022277,68.71,False,False
ENSG00000022567,0.56,True,False
ENSG00000022840,51.08,False,False
ENSG00000022976,0.43499999999999994,True,False
ENSG00000023041,13.754999999999999,True,False
ENSG00000023191,2.595,False,False
ENSG00000023228,43.555,False,False
ENSG00000023318,7.130000000000001,False,False
ENSG00000023330,24.09,False,False
ENSG00000023445,0.045,True,True
ENSG00000023516,2.31,True,False
ENSG00000023572,9.785,True,False
ENSG00000023608,4.395,True,False
ENSG00000023697,11.135,True,False
ENSG00000023734,60.79,False,False
ENSG00000023892,1.0350000000000001,False,False
ENSG00000023902,0.245,True,False
ENSG00000023909,6.6850000000000005,False,False
ENSG00000024048,8.29,False,False
ENSG00000024526,6.135,False,False
ENSG00000024862,15.52,True,False
ENSG00000025039,0.005,True,True
ENSG00000025156,17.415,False,False
ENSG00000025293,123.825,False,False
ENSG00000025423,0.4,False,False
ENSG00000025434,7.140000000000001,True,False
ENSG00000025770,2.945,False,False
ENSG00000025772,13.09,False,False
ENSG00000025796,15.96,False,False
ENSG00000025800,20.795,False,False
ENSG00000026025,59.93000000000001,False,False
ENSG00000026036,0.0,True,True
ENSG00000026297,5.925000000000001,False,False
ENSG00000026508,1.0,True,False
ENSG00000026559,0.005,True,True
ENSG00000026652,1.865,True,False
ENSG00000026950,0.505,True,False
ENSG00000027001,1.4449999999999998,True,False
ENSG00000027075,0.585,True,False
ENSG00000027644,0.0,True,True
ENSG00000027697,29.535,True,False
ENSG00000027847,0.29000000000000004,True,False
ENSG00000027869,0.6950000000000001,False,False
ENSG00000028137,6.605,False,False
ENSG00000028203,9.575,False,False
ENSG00000028277,0.025,True,True
ENSG00000028310,1.69,False,False
ENSG00000028528,7.805,False,False
ENSG00000028839,79.35,False,False
ENSG00000029153,0.045,True,True
ENSG00000029363,39.365,False,False
ENSG00000029364,13.59,False,False
ENSG00000029639,99.38,False,False
ENSG00000029725,5.26,False,False
ENSG00000030066,26.41,False,False
ENSG00000030110,4.2,False,False
ENSG00000030419,0.035,True,True
ENSG00000030582,3.325,False,False
ENSG00000031081,0.005,True,True
ENSG00000031691,30.06,True,False
ENSG00000031698,224.035,False,False
ENSG00000031823,1.215,False,False
ENSG00000032219,1.725,True,False
ENSG00000032389,14.754999999999999,False,False
ENSG00000032444,0.095,False,True
ENSG00000032742,5.495,True,False
ENSG00000033011,0.885,True,False
ENSG00000033030,8.76,False,False
ENSG00000033050,65.925,False,False
ENSG00000033100,0.125,False,False
ENSG00000033170,4.3100000000000005,True,False
ENSG00000033178,19.380000000000003,False,False
ENSG00000033327,3.7,True,False
ENSG00000033627,8.13,False,False
ENSG00000033800,13.585,False,False
ENSG00000033867,1.33,False,False
ENSG00000034152,0.115,True,False
ENSG00000034510,455.135,False,False
ENSG00000034533,5.915,True,False
ENSG00000034693,43.730000000000004,False,False
ENSG00000034713,204.75,False,False
ENSG00000035115,3.33,True,False
ENSG00000035141,85.495,False,False
ENSG00000035499,29.23,False,False
ENSG00000035681,18.015,False,False
ENSG00000035687,7.035,True,False
ENSG00000035928,16.715,False,False
ENSG00000036054,26.465,False,False
ENSG00000036257,20.775,False,False
ENSG00000036530,0.0,True,True
ENSG00000036549,9.535,False,False
ENSG00000036672,3.6999999999999997,True,False
ENSG00000037241,232.045,False,False
ENSG00000037474,6.3149999999999995,False,False
ENSG00000037637,5.32,False,False
ENSG00000037749,5.235,False,False
ENSG00000037757,4.195,False,False
ENSG00000037897,39.095,False,False
ENSG00000037965,0.17,True,False
ENSG00000038002,11.315000000000001,True,False
ENSG00000038210,2.98,True,False
ENSG00000038219,4.015000000000001,False,False
ENSG00000038274,37.025000000000006,False,False
ENSG00000038358,1.505,False,False
ENSG00000038382,0.29500000000000004,True,False
ENSG00000038427,0.005,False,True
ENSG00000038532,0.72,False,False
ENSG00000039123,32.855000000000004,False,False
ENSG00000039139,0.0,False,True
ENSG00000039319,4.295,True,False
ENSG00000039560,7.3,True,False
ENSG00000039650,2.2350000000000003,False,False
ENSG00000040199,0.675,True,False
ENSG00000040275,20.85,False,False
ENSG00000040341,12.48,False,False
ENSG00000040487,0.88,False,False
ENSG00000040531,0.43999999999999995,True,False
ENSG00000040633,5.37,False,False
ENSG00000040933,1.1800000000000002,False,False
ENSG00000041357,1219.78,False,False
ENSG00000041802,10.024999999999999,False,False
ENSG00000041880,0.42500000000000004,True,False
ENSG00000041988,1.71,True,False
ENSG00000042088,17.765,False,False
ENSG00000042286,2.13,True,False
ENSG00000042317,0.58,True,False
ENSG00000042429,4.465,False,False
ENSG00000042445,1.445,False,False
ENSG00000042493,7.935,False,False
ENSG00000042753,24.369999999999997,False,False
ENSG00000042832,0.0,False,True
ENSG00000043143,0.33999999999999997,False,False
ENSG00000043355,7.0649999999999995,True,False
ENSG00000043462,3.56,False,False
ENSG00000043514,19.61,False,False
ENSG00000043591,0.055,True,True
ENSG00000044090,0.405,False,False
ENSG00000044446,1.92,False,False
ENSG00000044574,33.025000000000006,False,False
ENSG00000046604,10.355,False,False
ENSG00000046647,13.370000000000001,True,False
ENSG00000046651,31.534999999999997,True,False
ENSG00000046653,0.2,True,False
ENSG00000046889,0.015,False,True
ENSG00000047056,1.205,False,False
ENSG00000047188,1.625,True,False
ENSG00000047230,3.74,False,False
ENSG00000047249,17.45,False,False
ENSG00000047315,37.465,True,False
ENSG00000047346,1.6800000000000002,True,False
ENSG00000047365,0.0,True,True
ENSG00000047410,34.69,False,False
ENSG00000047578,0.915,True,False
ENSG00000047579,14.754999999999999,False,False
ENSG00000047597,2.7750000000000004,True,False
ENSG00000047621,6.050000000000001,False,False
ENSG00000047644,0.085,True,True
ENSG00000047648,8.705,True,False
ENSG00000047849,16.305,False,False
ENSG00000047932,6.02,False,False
ENSG00000048028,2.365,False,False
ENSG00000048140,0.63,False,False
ENSG00000048162,166.305,False,False
ENSG00000048392,4.455,True,False
ENSG00000048462,0.0,True,True
ENSG00000048471,3.425,True,False
ENSG00000048544,90.755,False,False
ENSG00000048649,6.5600000000000005,False,False
ENSG00000048707,5.63,False,False
ENSG00000048828,5.745,False,False
ENSG00000048991,8.815000000000001,False,False
ENSG00000049130,0.015,True,True
ENSG00000049167,30.064999999999998,False,False
ENSG00000049192,0.28,True,False
ENSG00000049239,0.06,True,True
ENSG00000049245,18.375,False,False
ENSG00000049246,8.14,True,False
ENSG00000049249,0.07,True,True
ENSG00000049283,0.005,False,True
ENSG00000049323,2.77,True,False
ENSG00000049449,1.19,True,False
ENSG00000049540,0.0,False,True
ENSG00000049541,23.395,False,False
ENSG00000049618,16.74,False,False
ENSG00000049656,2.665,False,False
ENSG00000049759,6.355,False,False
ENSG00000049769,0.01,True,True
ENSG00000049860,17.630000000000003,True,False
ENSG00000049883,12.74,True,False
ENSG00000050130,80.145,False,False
ENSG00000050165,0.0,True,True
ENSG00000050344,2.39,True,False
ENSG00000050393,3.94,False,False
ENSG00000050405,11.32,True,False
ENSG00000050426,42.385,False,False
ENSG00000050438,0.0,True,True
ENSG00000050628,2.9,True,False
ENSG00000050748,3.925,False,False
ENSG00000050767,0.0,True,True
ENSG00000050820,0.065,True,True
ENSG00000051009,0.885,False,False
ENSG00000051108,9.774999999999999,False,False
ENSG00000051128,0.0,True,True
ENSG00000051180,10.825,False,False
ENSG00000051341,1.1099999999999999,False,False
ENSG00000051382,10.23,False,False
ENSG00000051523,0.21,False,False
ENSG00000051620,6.2,True,False
ENSG00000052126,4.495,True,False
ENSG00000052723,21.47,False,False
ENSG00000052749,4.01,False,False
ENSG00000052795,1.7149999999999999,False,False
ENSG00000052802,51.599999999999994,False,False
ENSG00000052841,12.435,False,False
ENSG00000052850,0.065,True,True
ENSG00000053254,0.20500000000000002,True,False
ENSG00000053328,0.0,False,True
ENSG00000053371,1.45,False,False
ENSG00000053372,48.855,False,False
ENSG00000053501,31.125,False,False
ENSG00000053524,0.5,True,False
ENSG00000053770,28.08,False,False
ENSG00000053900,14.085,False,False
ENSG00000053918,0.0,True,True
ENSG00000054116,16.25,False,False
ENSG00000054118,83.025,False,False
ENSG00000054148,103.995,False,False
ENSG00000054179,0.015,True,True
ENSG00000054219,0.005,True,True
ENSG00000054267,6.505,False,False
ENSG00000054282,14.6,False,False
ENSG00000054392,0.045,True,True
ENSG00000054523,2.15,False,False
ENSG00000054598,0.0,False,True
ENSG00000054611,0.19,True,False
ENSG00000054690,0.37,True,False
ENSG00000054938,0.0,False,True
ENSG00000054965,0.345,True,False
ENSG00000054967,0.73,True,False
ENSG00000054983,1.415,True,False
ENSG00000055044,186.32,False,False
ENSG00000055070,3.175,False,False
ENSG00000055118,14.54,True,False
ENSG00000055130,20.384999999999998,False,False
ENSG00000055147,8.735,False,False
ENSG00000055163,0.92,True,False
ENSG00000055211,3.085,True,False
ENSG00000055332,3.67,False,False
ENSG00000055483,4.994999999999999,False,False
ENSG00000055609,7.76,False,False
ENSG00000055732,0.0,True,True
ENSG00000055813,0.005,False,True
ENSG00000055917,8.49,False,False
ENSG00000055950,14.685,False,False
ENSG00000056050,24.729999999999997,True,False
ENSG00000056097,23.905,False,False
ENSG00000056277,1.1,True,False
ENSG00000056487,0.0,False,True
ENSG00000056586,6.0649999999999995,False,False
ENSG00000056736,0.78,True,False
ENSG00000056972,5.654999999999999,False,False
ENSG00000057019,2.935,True,False
ENSG00000057252,6.545,False,False
ENSG00000057294,1.095,True,False
ENSG00000057657,0.16499999999999998,True,False
ENSG00000057663,20.615000000000002,False,False
ENSG00000057704,0.0,True,True
ENSG00000057757,34.69499999999999,False,False
ENSG00000057935,11.065,True,False
ENSG00000058056,0.11000000000000001,True,False
ENSG00000058063,7.595,False,False
ENSG00000058262,1.6,False,False
ENSG00000058272,27.96,False,False
ENSG00000058600,10.829999999999998,False,False
ENSG00000058668,6.529999999999999,False,False
ENSG00000058673,20.59,True,False
ENSG00000058729,53.61,False,False
ENSG00000058799,6.96,False,False
ENSG00000058804,19.310000000000002,False,False
ENSG00000059122,0.195,True,False
ENSG00000059145,0.33,True,False
ENSG00000059377,0.95,True,False
ENSG00000059378,3.3,True,False
ENSG00000059573,8.57,False,False
ENSG00000059588,6.89,False,False
ENSG00000059691,12.7,False,False
ENSG00000059758,3.46,False,False
ENSG00000059769,2.9749999999999996,True,False
ENSG00000059804,56.239999999999995,False,False
ENSG00000059915,0.005,False,True
ENSG00000060069,0.04,True,True
ENSG00000060138,30.745,False,False
ENSG00000060140,0.36,True,False
ENSG00000060237,7.51,False,False
ENSG00000060339,27.28,False,False
ENSG00000060491,0.27,False,False
ENSG00000060558,0.0,True,True
ENSG00000060642,7.545,True,False
ENSG00000060656,0.01,False,True
ENSG00000060688,35.04,False,False
ENSG00000060749,4.375,False,False
ENSG00000060762,103.405,False,False
ENSG00000060971,3.25,False,False
ENSG00000060982,30.045,False,False
ENSG00000061273,1.8050000000000002,True,False
ENSG00000061337,0.0,True,True
ENSG00000061455,0.0,False,True
ENSG00000061492,0.0,True,True
ENSG00000061656,1.63,True,False
ENSG00000061676,22.195,True,False
ENSG00000061794,116.6,False,False
ENSG00000061936,1.535,True,False
ENSG00000061938,0.125,False,False
ENSG00000061987,2.4,False,False
ENSG00000062194,20.78,False,False
ENSG00000062485,63.065,False,False
ENSG00000062524,0.16999999999999998,True,False
ENSG00000062582,38.625,False,False
ENSG00000062598,5.63,False,False
ENSG00000062650,12.465,False,False
ENSG00000062716,174.04000000000002,False,False
ENSG00000062725,1.9,False,False
ENSG00000062822,1.2,False,False
ENSG00000063015,0.0,False,True
ENSG00000063046,85.28,False,False
ENSG00000063169,0.035,True,True
ENSG00000063176,0.08,True,True
ENSG00000063177,238.04000000000002,False,False
ENSG00000063180,6.550000000000001,False,False
ENSG00000063241,1.04,False,False
ENSG00000063244,2.1950000000000003,False,False
ENSG00000063245,0.095,False,True
ENSG00000063322,1.26,True,False
ENSG00000063438,0.0,True,True
ENSG00000063515,0.0,False,True
ENSG00000063587,1.325,False,False
ENSG00000063601,0.655,False,False
ENSG00000063660,0.0,True,True
ENSG00000063761,2.87,True,False
ENSG00000063854,0.28500000000000003,False,False
ENSG00000063978,14.765,False,False
ENSG00000064012,6.3149999999999995,False,False
ENSG00000064042,0.0,False,True
ENSG00000064102,32.165,False,False
ENSG00000064115,7.125,False,False
ENSG00000064195,0.0,False,True
ENSG00000064199,5.795,False,False
ENSG00000064225,0.085,True,True
ENSG00000064300,0.0,False,True
ENSG00000064309,0.060000000000000005,False,True
ENSG00000064313,6.15,False,False
ENSG00000064393,1.0499999999999998,False,False
ENSG00000064419,20.34,False,False
ENSG00000064489,0.015,True,True
ENSG00000064490,81.44,False,False
ENSG00000064545,0.7999999999999999,False,False
ENSG00000064601,7.265000000000001,False,False
ENSG00000064607,8.934999999999999,False,False
ENSG00000064651,3.59,False,False
ENSG00000064652,5.3149999999999995,False,False
ENSG00000064655,0.02,False,True
ENSG00000064666,8.895,False,False
ENSG00000064687,1.8,False,False
ENSG00000064692,0.0,True,True
ENSG00000064703,5.630000000000001,False,False
ENSG00000064726,13.03,False,False
ENSG00000064763,5.4,False,False
ENSG00000064932,0.02,False,True
ENSG00000064933,10.655,True,False
ENSG00000064961,0.33999999999999997,False,False
ENSG00000064995,27.025,False,False
ENSG00000064999,0.815,True,False
ENSG00000065000,0.905,False,False
ENSG00000065029,0.7849999999999999,True,False
ENSG00000065054,0.14,True,False
ENSG00000065057,1.04,False,False
ENSG00000065060,4.135,False,False
ENSG00000065135,4.765000000000001,True,False
ENSG00000065154,187.88,True,False
ENSG00000065183,32.31,False,False
ENSG00000065243,2.5949999999999998,False,False
ENSG00000065268,1.3699999999999999,False,False
ENSG00000065308,1.825,True,False
ENSG00000065320,0.0,True,True
ENSG00000065328,6.995,False,False
ENSG00000065357,2.21,True,False
ENSG00000065413,0.015,True,True
ENSG00000065427,150.635,False,False
ENSG00000065457,9.739999999999998,False,False
ENSG00000065485,2.3,False,False
ENSG00000065491,3.6900000000000004,True,False
ENSG00000065518,492.185,False,False
ENSG00000065526,8.445,False,False
ENSG00000065534,0.16,True,False
ENSG00000065548,121.39999999999999,False,False
ENSG00000065559,1.895,False,False
ENSG00000065600,5.994999999999999,False,False
ENSG00000065613,5.1899999999999995,False,False
ENSG00000065615,6.98,True,False
ENSG00000065665,0.8,True,False
ENSG00000065675,2.5700000000000003,True,False
ENSG00000065717,0.29000000000000004,True,False
ENSG00000065802,4.77,False,False
ENSG00000065833,2.145,True,False
ENSG00000065882,0.365,True,False
ENSG00000065883,7.54,False,False
ENSG00000065911,282.615,False,False
ENSG00000065923,0.0,True,True
ENSG00000065970,0.7849999999999999,True,False
ENSG00000065978,262.0,False,False
ENSG00000065989,0.475,True,False
ENSG00000066027,19.285,True,False
ENSG00000066044,4.375,False,False
ENSG00000066084,2.9400000000000004,False,False
ENSG00000066117,1.06,False,False
ENSG00000066135,2.005,False,False
ENSG00000066136,3.5949999999999998,False,False
ENSG00000066185,0.04,True,True
ENSG00000066230,0.015,False,True
ENSG00000066279,16.0,False,False
ENSG00000066294,1.0750000000000002,True,False
ENSG00000066322,49.76,False,False
ENSG00000066336,0.1,False,False
ENSG00000066379,240.83499999999998,True,False
ENSG00000066382,0.0,True,True
ENSG00000066422,3.8649999999999998,False,False
ENSG00000066427,10.09,True,False
ENSG00000066455,4.824999999999999,True,False
ENSG00000066557,23.715,False,False
ENSG00000066583,13.445,True,False
ENSG00000066651,48.535,False,False
ENSG00000066654,25.375,False,False
ENSG00000066697,6.2,False,False
ENSG00000066735,0.0,True,True
ENSG00000066739,0.6699999999999999,True,False
ENSG00000066777,7.275,False,False
ENSG00000066827,0.19,True,False
ENSG00000066855,11.985,False,False
ENSG00000066923,0.7749999999999999,True,False
ENSG00000066926,13.785,False,False
ENSG00000066933,1.635,False,False
ENSG00000067057,18.03,False,False
ENSG00000067064,126.88499999999999,False,False
ENSG00000067066,13.885,False,False
ENSG00000067082,2.28,False,False
ENSG00000067113,0.05,True,True
ENSG00000067141,0.08,False,True
ENSG00000067167,12.2,False,False
ENSG00000067182,0.505,False,False
ENSG00000067191,0.07,True,True
ENSG00000067208,3.145,True,False
ENSG00000067221,0.15,True,False
ENSG00000067225,101.97,False,False
ENSG00000067248,4.6899999999999995,True,False
ENSG00000067334,71.35,False,False
ENSG00000067365,5.37,False,False
ENSG00000067369,3.535,False,False
ENSG00000067533,37.379999999999995,True,False
ENSG00000067560,341.62,False,False
ENSG00000067596,15.605,False,False
ENSG00000067601,8.725,True,False
ENSG00000067704,25.735,False,False
ENSG00000067798,0.0,True,True
ENSG00000067829,16.97,False,False
ENSG00000067836,0.6,True,False
ENSG00000067900,5.08,False,False
ENSG00000067955,25.96,False,False
ENSG00000067992,0.07500000000000001,True,True
ENSG00000068001,0.005,False,True
ENSG00000068024,0.125,False,False
ENSG00000068028,2.87,False,False
ENSG00000068078,0.885,True,False
ENSG00000068079,4.03,True,False
ENSG00000068097,3.25,False,False
ENSG00000068120,60.125,False,False
ENSG00000068137,0.385,True,False
ENSG00000068305,1.155,True,False
ENSG00000068308,2.58,False,False
ENSG00000068323,2.3449999999999998,False,False
ENSG00000068354,0.32,True,False
ENSG00000068366,7.525,False,False
ENSG00000068383,0.425,True,False
ENSG00000068394,2.75,False,False
ENSG00000068400,2.625,True,False
ENSG00000068438,9.49,False,False
ENSG00000068489,18.865000000000002,False,False
ENSG00000068615,0.09,True,True
ENSG00000068650,0.38,True,False
ENSG00000068654,5.390000000000001,False,False
ENSG00000068697,94.4,False,False
ENSG00000068724,0.6,True,False
ENSG00000068781,0.0,False,True
ENSG00000068784,3.9749999999999996,False,False
ENSG00000068796,25.165,False,False
ENSG00000068831,0.45,False,False
ENSG00000068878,15.809999999999999,False,False
ENSG00000068885,4.01,True,False
ENSG00000068903,2.36,True,False
ENSG00000068912,8.495000000000001,False,False
ENSG00000068971,0.035,True,True
ENSG00000069011,0.12,True,False
ENSG00000069020,3.2199999999999998,False,False
ENSG00000069248,14.370000000000001,False,False
ENSG00000069275,43.465,True,False
ENSG00000069329,56.37,False,False
ENSG00000069345,22.475,False,False
ENSG00000069399,0.03,True,True
ENSG00000069424,2.01,True,False
ENSG00000069482,9.045,True,False
ENSG00000069509,41.915,True,False
ENSG00000069812,0.0,True,True
ENSG00000069849,55.75,False,False
ENSG00000069869,4.92,True,False
ENSG00000069943,17.07,False,False
ENSG00000069974,36.394999999999996,False,False
ENSG00000070010,416.69,True,False
ENSG00000070018,6.05,False,False
ENSG00000070031,0.0,False,True
ENSG00000070047,0.05,True,True
ENSG00000070061,10.865,False,False
ENSG00000070081,60.5,False,False
ENSG00000070159,0.0,False,True
ENSG00000070182,0.15,True,False
ENSG00000070214,0.1,True,False
ENSG00000070366,0.355,False,False
ENSG00000070367,4.140000000000001,False,False
ENSG00000070371,0.615,False,False
ENSG00000070388,0.03,False,True
ENSG00000070404,0.045,True,True
ENSG00000070413,0.565,False,False
ENSG00000070423,0.24,True,False
ENSG00000070444,0.12,True,False
ENSG00000070476,0.515,True,False
ENSG00000070495,2.505,False,False
ENSG00000070501,66.875,False,False
ENSG00000070540,2.635,True,False
ENSG00000070601,0.0,False,True
ENSG00000070610,8.99,False,False
ENSG00000070614,0.33,False,False
ENSG00000070669,143.35999999999999,False,False
ENSG00000070718,16.105,False,False
ENSG00000070756,817.175,False,False
ENSG00000070759,1.1,True,False
ENSG00000070761,15.129999999999999,False,False
ENSG00000070770,16.255000000000003,False,False
ENSG00000070778,0.05,True,True
ENSG00000070785,258.59499999999997,False,False
ENSG00000070814,11.29,True,False
ENSG00000070831,236.595,False,False
ENSG00000070882,3.13,False,False
ENSG00000070886,0.0,False,True
ENSG00000070950,13.275,False,False
ENSG00000070961,6.09,False,False
ENSG00000070985,0.0,True,True
ENSG00000071051,0.765,True,False
ENSG00000071054,5.1850000000000005,True,False
ENSG00000071073,0.02,True,True
ENSG00000071082,4341.805,False,False
ENSG00000071127,11.440000000000001,False,False
ENSG00000071189,3.4000000000000004,True,False
ENSG00000071205,0.0,True,True
ENSG00000071243,148.95499999999998,False,False
ENSG00000071246,0.030000000000000002,False,True
ENSG00000071462,54.864999999999995,False,False
ENSG00000071537,5.45,True,False
ENSG00000071539,19.314999999999998,False,False
ENSG00000071553,6.85,True,False
ENSG00000071564,3.85,False,False
ENSG00000071575,8.185,True,False
ENSG00000071626,9.68,False,False
ENSG00000071655,0.17,False,False
ENSG00000071794,26.215,False,False
ENSG00000071859,3.725,False,False
ENSG00000071889,0.615,False,False
ENSG00000071894,4.875,False,False
ENSG00000071967,6.745,False,False
ENSG00000071994,51.995000000000005,False,False
ENSG00000072042,65.835,False,False
ENSG00000072062,1.35,False,False
ENSG00000072071,0.155,True,False
ENSG00000072110,2.1,True,False
ENSG00000072121,0.30000000000000004,False,False
ENSG00000072135,12.4,True,False
ENSG00000072182,0.135,True,False
ENSG00000072210,0.005,True,True
ENSG00000072274,86.43,False,False
ENSG00000072310,1.1749999999999998,False,False
ENSG00000072364,2.2249999999999996,False,False
ENSG00000072401,3.08,True,False
ENSG00000072415,2.7800000000000002,True,False
ENSG00000072422,1.275,True,False
ENSG00000072501,15.995000000000001,False,False
ENSG00000072506,33.8,False,False
ENSG00000072518,0.28,False,False
ENSG00000072571,50.015,False,False
ENSG00000072609,0.33499999999999996,True,False
ENSG00000072682,10.785,True,False
ENSG00000072736,9.565,False,False
ENSG00000072756,37.665,False,False
ENSG00000072778,20.415,True,False
ENSG00000072786,0.305,True,False
ENSG00000072803,2.045,False,False
ENSG00000072818,0.48,True,False
ENSG00000072840,0.01,True,True
ENSG00000072849,79.315,True,False
ENSG00000072864,2.075,False,False
ENSG00000072954,0.185,True,False
ENSG00000072958,0.635,False,False
ENSG00000073050,1.5699999999999998,True,False
ENSG00000073060,0.47500000000000003,False,False
ENSG00000073111,3.62,False,False
ENSG00000073150,0.005,True,True
ENSG00000073169,0.23,True,False
ENSG00000073331,2.365,True,False
ENSG00000073350,0.26,True,False
ENSG00000073417,4.17,False,False
ENSG00000073536,3.2800000000000002,False,False
ENSG00000073578,58.3,False,False
ENSG00000073584,71.8,False,False
ENSG00000073598,0.0,False,True
ENSG00000073614,3.62,False,False
ENSG00000073670,0.0,True,True
ENSG00000073711,0.11000000000000001,True,False
ENSG00000073712,0.065,True,True
ENSG00000073792,2.58,True,False
ENSG00000073849,20.445,False,False
ENSG00000073861,0.0,True,True
ENSG00000073910,0.15000000000000002,True,False
ENSG00000073921,27.215,False,False
ENSG00000074054,4.15,False,False
ENSG00000074071,5.04,False,False
ENSG00000074201,102.13,False,False
ENSG00000074219,1.2349999999999999,True,False
ENSG00000074266,75.52,False,False
ENSG00000074276,0.0,False,True
ENSG00000074317,0.0,True,True
ENSG00000074319,16.58,False,False
ENSG00000074356,2.4050000000000002,True,False
ENSG00000074370,0.51,False,False
ENSG00000074416,0.0,True,True
ENSG00000074527,0.0,False,True
ENSG00000074582,63.275,False,False
ENSG00000074603,6.335,False,False
ENSG00000074621,2.05,True,False
ENSG00000074695,12.365,False,False
ENSG00000074696,37.665,False,False
ENSG00000074706,0.0,True,True
ENSG00000074755,0.385,False,False
ENSG00000074800,4180.03,False,False
ENSG00000074803,0.0,False,True
ENSG00000074842,3.05,False,False
ENSG00000074855,0.02,True,True
ENSG00000074935,15.114999999999998,False,False
ENSG00000074964,0.0,False,True
ENSG00000075035,0.5549999999999999,True,False
ENSG00000075089,70.875,False,False
ENSG00000075131,38.815,False,False
ENSG00000075151,4.82,False,False
ENSG00000075188,304.125,False,False
ENSG00000075218,2.455,True,False
ENSG00000075234,0.7849999999999999,False,False
ENSG00000075240,0.18,True,False
ENSG00000075275,0.0,False,True
ENSG00000075303,12.825,False,False
ENSG00000075336,126.725,False,False
ENSG00000075340,2.6950000000000003,True,False
ENSG00000075391,0.1,True,False
ENSG00000075399,0.905,False,False
ENSG00000075407,2.4749999999999996,True,False
ENSG00000075413,6.655,False,False
ENSG00000075415,201.275,False,False
ENSG00000075420,6.3100000000000005,False,False
ENSG00000075426,0.035,True,True
ENSG00000075539,4.8100000000000005,False,False
ENSG00000075568,1.6099999999999999,False,False
ENSG00000075618,0.565,False,False
ENSG00000075624,1614.905,True,False
ENSG00000075643,3.3049999999999997,False,False
ENSG00000075651,16.240000000000002,True,False
ENSG00000075702,0.38,False,False
ENSG00000075711,5.975,False,False
ENSG00000075790,45.004999999999995,False,False
ENSG00000075856,6.369999999999999,False,False
ENSG00000075891,0.0,False,True
ENSG00000075914,155.585,False,False
ENSG00000075975,21.015,False,False
ENSG00000076003,27.560000000000002,False,False
ENSG00000076043,96.07499999999999,True,False
ENSG00000076053,49.035,True,False
ENSG00000076067,0.12,True,False
ENSG00000076108,11.195,False,False
ENSG00000076201,0.63,False,False
ENSG00000076242,48.72,False,False
ENSG00000076248,5.715,False,False
ENSG00000076321,5.71,False,False
ENSG00000076351,0.27,True,False
ENSG00000076356,0.02,False,True
ENSG00000076382,61.555,False,False
ENSG00000076513,3.41,False,False
ENSG00000076604,1.955,False,False
ENSG00000076641,0.0,True,True
ENSG00000076650,2.64,True,False
ENSG00000076706,8.855,False,False
ENSG00000076826,0.0,True,True
ENSG00000076864,0.445,True,False
ENSG00000076924,0.21999999999999997,False,False
ENSG00000076928,1.58,False,False
ENSG00000076944,1.85,False,False
ENSG00000076984,0.35,False,False
ENSG00000077044,0.295,False,False
ENSG00000077063,0.005,True,True
ENSG00000077097,27.095,False,False
ENSG00000077147,10.969999999999999,False,False
ENSG00000077150,0.035,True,True
ENSG00000077152,320.13,False,False
ENSG00000077157,0.855,False,False
ENSG00000077232,6.220000000000001,True,False
ENSG00000077235,0.515,False,False
ENSG00000077238,0.185,True,False
ENSG00000077254,14.754999999999999,False,False
ENSG00000077312,11.57,False,False
ENSG00000077348,16.965,False,False
ENSG00000077380,42.755,False,False
ENSG00000077454,0.065,False,True
ENSG00000077458,14.45,False,False
ENSG00000077463,1.26,False,False
ENSG00000077514,16.56,False,False
ENSG00000077549,50.125,False,False
ENSG00000077585,0.225,False,False
ENSG00000077684,7.175,False,False
ENSG00000077713,1.035,True,False
ENSG00000077782,0.015,False,True
ENSG00000078043,2.085,True,False
ENSG00000078061,4.715,False,False
ENSG00000078070,10.100000000000001,True,False
ENSG00000078081,0.515,True,False
ENSG00000078124,1.565,True,False
ENSG00000078140,41.785,False,False
ENSG00000078142,28.57,False,False
ENSG00000078177,2.145,True,False
ENSG00000078246,2.465,True,False
ENSG00000078269,1.86,True,False
ENSG00000078304,405.42999999999995,False,False
ENSG00000078319,21.655,True,False
ENSG00000078369,24.755000000000003,False,False
ENSG00000078399,0.0,False,True
ENSG00000078401,0.0,True,True
ENSG00000078403,16.695,False,False
ENSG00000078487,0.245,True,False
ENSG00000078596,74.685,False,False
ENSG00000078618,91.185,False,False
ENSG00000078668,474.70000000000005,False,False
ENSG00000078674,34.769999999999996,False,False
ENSG00000078687,0.22499999999999998,False,False
ENSG00000078699,0.25,True,False
ENSG00000078747,4.955,False,False
ENSG00000078795,0.055,False,True
ENSG00000078804,0.575,True,False
ENSG00000078808,3.27,True,False
ENSG00000078814,0.0,False,True
ENSG00000078900,0.005,True,True
ENSG00000078902,0.245,False,False
ENSG00000078967,3.065,False,False
ENSG00000079134,55.730000000000004,False,False
ENSG00000079150,15.655000000000001,True,False
ENSG00000079156,2.005,True,False
ENSG00000079246,204.32999999999998,False,False
ENSG00000079277,30.43,False,False
ENSG00000079313,0.11,False,False
ENSG00000079332,84.99,True,False
ENSG00000079337,0.0,True,True
ENSG00000079387,12.805,False,False
ENSG00000079393,2.61,True,False
ENSG00000079432,0.075,False,True
ENSG00000079462,8.26,False,False
ENSG00000079616,7.225,False,False
ENSG00000079691,0.034999999999999996,True,True
ENSG00000079739,0.0,True,True
ENSG00000079785,109.99000000000001,True,False
ENSG00000079805,2.205,False,False
ENSG00000079819,7.685,False,False
ENSG00000079931,0.0,True,True
ENSG00000079950,7.945,True,False
ENSG00000079974,0.635,True,False
ENSG00000079999,1.905,False,False
ENSG00000080189,1.4700000000000002,False,False
ENSG00000080200,0.11000000000000001,True,False
ENSG00000080293,0.0,False,True
ENSG00000080298,0.665,True,False
ENSG00000080345,9.29,False,False
ENSG00000080371,5.335,True,False
ENSG00000080546,2.17,True,False
ENSG00000080572,0.075,False,True
ENSG00000080603,0.27,False,False
ENSG00000080608,35.035,False,False
ENSG00000080644,0.04,False,True
ENSG00000080802,16.405,False,False
ENSG00000080815,4.395,False,False
ENSG00000080819,12.035,False,False
ENSG00000080822,49.260000000000005,False,False
ENSG00000080823,1.7000000000000002,True,False
ENSG00000080824,543.135,False,False
ENSG00000080839,2.275,True,False
ENSG00000080986,56.445,False,False
ENSG00000081014,0.73,True,False
ENSG00000081019,8.23,False,False
ENSG00000081026,0.57,True,False
ENSG00000081041,1.925,True,False
ENSG00000081059,1.4,True,False
ENSG00000081087,3.9800000000000004,False,False
ENSG00000081154,112.205,False,False
ENSG00000081177,1.0699999999999998,True,False
ENSG00000081181,17.555,True,False
ENSG00000081237,24.93,True,False
ENSG00000081377,0.9750000000000001,True,False
ENSG00000081386,3.295,True,False
ENSG00000081479,0.065,False,True
ENSG00000081692,1.385,False,False
ENSG00000081721,7.869999999999999,False,False
ENSG00000081760,1.78,True,False
ENSG00000081791,12.77,False,False
ENSG00000081803,0.0,False,True
ENSG00000081870,133.095,False,False
ENSG00000081913,0.365,False,False
ENSG00000081923,0.005,True,True
ENSG00000082068,11.8,True,False
ENSG00000082153,143.585,False,False
ENSG00000082175,0.365,True,False
ENSG00000082212,7.720000000000001,False,False
ENSG00000082213,20.7,False,False
ENSG00000082258,7.029999999999999,True,False
ENSG00000082269,5.0,False,False
ENSG00000082293,0.0,True,True
ENSG00000082438,0.07500000000000001,True,True
ENSG00000082497,0.0,False,True
ENSG00000082512,1.245,True,False
ENSG00000082515,297.62,False,False
ENSG00000082516,6.295,False,False
ENSG00000082641,2.1799999999999997,False,False
ENSG00000082684,0.0,True,True
ENSG00000082701,3.4850000000000003,False,False
ENSG00000082805,0.75,True,False
ENSG00000082898,56.055,False,False
ENSG00000082996,21.64,False,False
ENSG00000083093,4.715,False,False
ENSG00000083097,0.54,True,False
ENSG00000083099,61.75,True,False
ENSG00000083123,2.9,True,False
ENSG00000083168,2.025,False,False
ENSG00000083223,3.75,False,False
ENSG00000083307,0.0,False,True
ENSG00000083312,14.3,False,False
ENSG00000083444,13.155000000000001,False,False
ENSG00000083454,0.435,True,False
ENSG00000083520,4.48,False,False
ENSG00000083535,6.285,True,False
ENSG00000083544,2.325,True,False
ENSG00000083635,2.02,True,False
ENSG00000083642,4.285,False,False
ENSG00000083720,14.59,False,False
ENSG00000083750,4.975,True,False
ENSG00000083799,3.38,True,False
ENSG00000083807,244.71,False,False
ENSG00000083812,0.735,False,False
ENSG00000083814,0.335,True,False
ENSG00000083817,0.41500000000000004,True,False
ENSG00000083828,1.5550000000000002,False,False
ENSG00000083838,0.095,True,True
ENSG00000083844,0.04,False,True
ENSG00000083845,2128.985,False,False
ENSG00000083896,9.26,False,False
ENSG00000083937,5.225,True,False
ENSG00000084072,279.83500000000004,False,False
ENSG00000084073,50.385000000000005,False,False
ENSG00000084090,100.21000000000001,False,False
ENSG00000084092,1.715,True,False
ENSG00000084093,4.16,True,False
ENSG00000084112,0.315,True,False
ENSG00000084207,638.425,False,False
ENSG00000084234,11.934999999999999,False,False
ENSG00000084444,0.74,True,False
ENSG00000084463,9.31,False,False
ENSG00000084623,819.405,False,False
ENSG00000084628,0.01,True,True
ENSG00000084652,5.6899999999999995,False,False
ENSG00000084676,3.73,False,False
ENSG00000084710,0.0,False,True
ENSG00000084731,0.45999999999999996,True,False
ENSG00000084733,16.715,False,False
ENSG00000084734,0.17,True,False
ENSG00000084754,89.14500000000001,True,False
ENSG00000084764,0.7050000000000001,True,False
ENSG00000084774,6.58,False,False
ENSG00000085063,186.375,False,False
ENSG00000085117,0.215,True,False
ENSG00000085185,0.42500000000000004,True,False
ENSG00000085224,6.720000000000001,False,False
ENSG00000085231,495.21,False,False
ENSG00000085274,15.59,False,False
ENSG00000085276,6.53,True,False
ENSG00000085365,8.38,False,False
ENSG00000085382,2.965,True,False
ENSG00000085415,71.845,False,False
ENSG00000085433,0.96,True,False
ENSG00000085449,3.365,False,False
ENSG00000085491,5.065,True,False
ENSG00000085511,14.43,False,False
ENSG00000085552,0.0,True,True
ENSG00000085644,0.375,True,False
ENSG00000085719,31.145,False,False
ENSG00000085721,13.585,False,False
ENSG00000085733,8.78,True,False
ENSG00000085760,37.105000000000004,False,False
ENSG00000085831,0.14500000000000002,True,False
ENSG00000085832,20.37,False,False
ENSG00000085840,16.2,False,False
ENSG00000085871,84.005,False,False
ENSG00000085872,0.535,False,False
ENSG00000085982,3.575,True,False
ENSG00000085999,22.585,False,False
ENSG00000086061,129.05,False,False
ENSG00000086062,4.13,False,False
ENSG00000086065,67.23,True,False
ENSG00000086102,6.0,False,False
ENSG00000086159,0.0,True,True
ENSG00000086189,21.325,False,False
ENSG00000086200,23.72,False,False
ENSG00000086232,18.134999999999998,False,False
ENSG00000086289,0.005,True,True
ENSG00000086300,8.705,True,False
ENSG00000086475,9.6,False,False
ENSG00000086504,2.0,False,False
ENSG00000086506,13.704999999999998,True,False
ENSG00000086544,0.105,True,False
ENSG00000086589,22.08,False,False
ENSG00000086598,86.42,False,False
ENSG00000086619,1.31,True,False
ENSG00000086666,63.834999999999994,False,False
ENSG00000086712,9.295,False,False
ENSG00000086717,0.0,True,True
ENSG00000086758,15.265,False,False
ENSG00000086827,6.145,False,False
ENSG00000086848,7.635,False,False
ENSG00000086967,0.0,False,True
ENSG00000087008,0.615,True,False
ENSG00000087053,7.485,False,False
ENSG00000087074,1.36,False,False
ENSG00000087076,0.0,True,True
ENSG00000087077,4.84,False,False
ENSG00000087085,0.015,True,True
ENSG00000087086,19999.205,False,False
ENSG00000087087,8.295,False,False
ENSG00000087088,3.495,False,False
ENSG00000087095,8.004999999999999,False,False
ENSG00000087111,32.095,False,False
ENSG00000087152,0.475,False,False
ENSG00000087157,1.065,False,False
ENSG00000087191,97.885,False,False
ENSG00000087206,10.625,False,False
ENSG00000087253,1.905,True,False
ENSG00000087258,0.0,True,True
ENSG00000087263,37.47,False,False
ENSG00000087266,0.51,True,False
ENSG00000087269,8.245,False,False
ENSG00000087274,15.165,True,False
ENSG00000087299,0.965,True,False
ENSG00000087301,1.03,True,False
ENSG00000087302,106.065,False,False
ENSG00000087303,0.045000000000000005,True,True
ENSG00000087338,5.25,False,False
ENSG00000087365,39.835,False,False
ENSG00000087448,0.98,False,False
ENSG00000087470,14.895,True,False
ENSG00000087495,0.0,False,True
ENSG00000087502,123.94,False,False
ENSG00000087510,0.0,True,True
ENSG00000087586,79.62,False,False
ENSG00000087589,5.955,True,False
ENSG00000087842,16.54,True,False
ENSG00000087884,28.35,False,False
ENSG00000087903,3.2199999999999998,False,False
ENSG00000087995,31.975,False,False
ENSG00000088035,19.075,True,False
ENSG00000088038,0.33,False,False
ENSG00000088179,3.355,False,False
ENSG00000088205,62.230000000000004,False,False
ENSG00000088247,3.27,False,False
ENSG00000088256,0.21999999999999997,True,False
ENSG00000088280,1.7200000000000002,True,False
ENSG00000088298,6.625,True,False
ENSG00000088305,7.895,True,False
ENSG00000088320,0.0,False,True
ENSG00000088325,29.950000000000003,False,False
ENSG00000088356,24.31,True,False
ENSG00000088367,0.08499999999999999,True,True
ENSG00000088386,0.0,False,True
ENSG00000088387,1.975,False,False
ENSG00000088448,19.625,False,False
ENSG00000088451,32.915,False,False
ENSG00000088538,0.01,True,True
ENSG00000088543,0.07500000000000001,True,True
ENSG00000088682,26.060000000000002,False,False
ENSG00000088727,41.305,True,False
ENSG00000088756,0.655,False,False
ENSG00000088766,8.809999999999999,False,False
ENSG00000088808,0.035,True,True
ENSG00000088812,0.485,False,False
ENSG00000088832,48.2,False,False
ENSG00000088836,0.095,True,True
ENSG00000088854,0.265,True,False
ENSG00000088876,0.955,True,False
ENSG00000088881,0.0,True,True
ENSG00000088882,0.0,True,True
ENSG00000088888,1.06,False,False
ENSG00000088899,0.14,True,False
ENSG00000088930,27.055,False,False
ENSG00000088970,3.6950000000000003,True,False
ENSG00000088986,733.23,False,False
ENSG00000088992,0.685,True,False
ENSG00000089006,35.09,False,False
ENSG00000089009,1116.0749999999998,False,False
ENSG00000089022,11.015,False,False
ENSG00000089048,9.12,True,False
ENSG00000089050,0.525,True,False
ENSG00000089053,98.69999999999999,False,False
ENSG00000089060,0.52,False,False
ENSG00000089063,17.115000000000002,False,False
ENSG00000089091,0.065,True,True
ENSG00000089094,5.77,False,False
ENSG00000089101,0.0,False,True
ENSG00000089116,0.0,False,True
ENSG00000089123,5.47,True,False
ENSG00000089154,7.87,False,False
ENSG00000089157,5473.525,False,False
ENSG00000089159,3.81,True,False
ENSG00000089163,3.585,False,False
ENSG00000089177,0.6699999999999999,True,False
ENSG00000089195,6.994999999999999,True,False
ENSG00000089199,0.01,True,True
ENSG00000089220,53.075,False,False
ENSG00000089225,0.0,False,True
ENSG00000089234,1.715,False,False
ENSG00000089248,29.245,False,False
ENSG00000089280,29.265,False,False
ENSG00000089289,50.365,False,False
ENSG00000089327,96.11,True,False
ENSG00000089558,0.05,False,True
ENSG00000089597,5.115,False,False
ENSG00000089639,0.21500000000000002,True,False
ENSG00000089682,7.085,True,False
ENSG00000089685,73.435,False,False
ENSG00000089693,11.555,False,False
ENSG00000089723,0.025,True,True
ENSG00000089737,59.865,False,False
ENSG00000089775,0.345,True,False
ENSG00000089820,0.29,False,False
ENSG00000089847,0.0,True,True
ENSG00000089876,3.9450000000000003,False,False
ENSG00000089902,6.68,False,False
ENSG00000089916,9.155,False,False
ENSG00000090013,75.095,False,False
ENSG00000090054,66.36,False,False
ENSG00000090060,34.089999999999996,False,False
ENSG00000090061,10.215,False,False
ENSG00000090097,0.025,True,True
ENSG00000090238,0.345,False,False
ENSG00000090263,310.9,False,False
ENSG00000090273,7.455,False,False
ENSG00000090316,1.9500000000000002,False,False
ENSG00000090339,1.1300000000000001,False,False
ENSG00000090372,0.43,False,False
ENSG00000090432,7.25,False,False
ENSG00000090447,0.135,False,False
ENSG00000090470,7.915,False,False
ENSG00000090487,15.98,False,False
ENSG00000090520,10.690000000000001,False,False
ENSG00000090534,0.14,True,False
ENSG00000090539,0.0,True,True
ENSG00000090554,0.14500000000000002,True,False
ENSG00000090565,0.275,True,False
ENSG00000090581,0.495,False,False
ENSG00000090612,4.635,False,False
ENSG00000090615,2.01,False,False
ENSG00000090621,65.725,False,False
ENSG00000090661,0.0,True,True
ENSG00000090674,0.145,True,False
ENSG00000090686,17.645,False,False
ENSG00000090776,0.0,False,True
ENSG00000090857,3.3150000000000004,False,False
ENSG00000090861,31.61,False,False
ENSG00000090863,4.57,False,False
ENSG00000090889,8.825,False,False
ENSG00000090905,2.83,False,False
ENSG00000090924,1.86,False,False
ENSG00000090932,0.5800000000000001,True,False
ENSG00000090971,1.9049999999999998,False,False
ENSG00000090975,0.045000000000000005,True,True
ENSG00000090989,10.315000000000001,False,False
ENSG00000091009,5.555,False,False
ENSG00000091039,12.695,False,False
ENSG00000091127,11.4,False,False
ENSG00000091129,0.005,True,True
ENSG00000091136,6.865,True,False
ENSG00000091137,0.065,True,True
ENSG00000091140,254.89000000000001,False,False
ENSG00000091157,0.81,True,False
ENSG00000091164,34.25,False,False
ENSG00000091181,0.03,False,True
ENSG00000091317,5.99,False,False
ENSG00000091409,0.02,True,True
ENSG00000091436,6.5649999999999995,False,False
ENSG00000091483,82.52,False,False
ENSG00000091490,8.225,True,False
ENSG00000091527,162.085,False,False
ENSG00000091542,13.89,False,False
ENSG00000091592,2.38,False,False
ENSG00000091622,0.01,True,True
ENSG00000091640,4.07,True,False
ENSG00000091651,13.295,False,False
ENSG00000091656,2.07,True,False
ENSG00000091732,119.79500000000002,False,False
ENSG00000092010,131.375,False,False
ENSG00000092020,27.08,True,False
ENSG00000092036,9.08,False,False
ENSG00000092094,22.77,False,False
ENSG00000092096,0.0,True,True
ENSG00000092098,3.09,False,False
ENSG00000092108,50.644999999999996,False,False
ENSG00000092140,30.125,False,False
ENSG00000092148,17.035,False,False
ENSG00000092199,447.445,True,False
ENSG00000092201,47.06,False,False
ENSG00000092203,25.455,False,False
ENSG00000092208,41.519999999999996,False,False
ENSG00000092330,6.725,True,False
ENSG00000092439,8.735,False,False
ENSG00000092445,1.7200000000000002,True,False
ENSG00000092470,5.825,False,False
ENSG00000092531,50.925,False,False
ENSG00000092607,2.0100000000000002,True,False
ENSG00000092621,5.109999999999999,True,False
ENSG00000092758,0.0,True,True
ENSG00000092820,44.035,False,False
ENSG00000092841,1138.1,False,False
ENSG00000092853,14.975,False,False
ENSG00000092871,2.48,True,False
ENSG00000092929,0.73,False,False
ENSG00000092931,11.215,True,False
ENSG00000092964,1.56,False,False
ENSG00000092969,0.0,True,True
ENSG00000092978,0.195,True,False
ENSG00000093000,17.455,False,False
ENSG00000093009,194.29500000000002,False,False
ENSG00000093010,10.17,False,False
ENSG00000093144,66.9,False,False
ENSG00000093183,27.505,False,False
ENSG00000093217,2.56,False,False
ENSG00000094631,22.56,False,False
ENSG00000094796,0.0,False,True
ENSG00000094804,19.965,False,False
ENSG00000094841,5.045,True,False
ENSG00000094880,79.11,False,False
ENSG00000094914,82.695,False,False
ENSG00000094916,32.705,False,False
ENSG00000094975,1.55,False,False
ENSG00000095002,39.19,False,False
ENSG00000095015,4.5600000000000005,False,False
ENSG00000095059,31.924999999999997,False,False
ENSG00000095139,20.354999999999997,False,False
ENSG00000095203,0.155,True,False
ENSG00000095209,37.980000000000004,False,False
ENSG00000095261,32.525,False,False
ENSG00000095303,3.075,True,False
ENSG00000095319,9.940000000000001,False,False
ENSG00000095321,0.26,False,False
ENSG00000095370,0.015,True,True
ENSG00000095380,30.185000000000002,False,False
ENSG00000095383,0.08,True,True
ENSG00000095397,0.18,True,False
ENSG00000095485,26.01,False,False
ENSG00000095539,1.54,True,False
ENSG00000095564,4.43,False,False
ENSG00000095574,6.66,True,False
ENSG00000095585,0.015,True,True
ENSG00000095587,0.0,True,True
ENSG00000095596,0.14,True,False
ENSG00000095637,1.185,True,False
ENSG00000095739,1.415,True,False
ENSG00000095752,0.005,True,True
ENSG00000095787,14.9,False,False
ENSG00000095794,31.59,False,False
ENSG00000095906,1.15,False,False
ENSG00000095951,3.4,False,False
ENSG00000096060,20.93,False,False
ENSG00000096063,105.03999999999999,False,False
ENSG00000096070,1.5950000000000002,True,False
ENSG00000096080,174.89,False,False
ENSG00000096092,32.105000000000004,True,False
ENSG00000096093,12.74,True,False
ENSG00000096264,0.0,True,True
ENSG00000096384,1242.02,False,False
ENSG00000096401,15.620000000000001,False,False
ENSG00000096433,0.245,False,False
ENSG00000096654,4.85,True,False
ENSG00000096696,0.0,False,True
ENSG00000096717,5.404999999999999,True,False
ENSG00000096746,84.465,False,False
ENSG00000096872,5.1,True,False
ENSG00000096968,2.9699999999999998,False,False
ENSG00000096996,0.035,True,True
ENSG00000097007,1.02,False,False
ENSG00000097021,6.415,False,False
ENSG00000097033,7.655,False,False
ENSG00000097046,14.625,False,False
ENSG00000097096,0.56,False,False
ENSG00000099194,114.84,False,False
ENSG00000099203,1.185,False,False
ENSG00000099246,28.835,False,False
ENSG00000099250,0.0,True,True
ENSG00000099256,13.01,True,False
ENSG00000099282,0.0,True,True
ENSG00000099284,0.025,False,True
ENSG00000099290,3.205,False,False
ENSG00000099308,1.77,True,False
ENSG00000099326,0.9299999999999999,True,False
ENSG00000099330,7.98,False,False
ENSG00000099331,1.755,False,False
ENSG00000099337,0.36,False,False
ENSG00000099338,0.0,True,True
ENSG00000099341,107.18,False,False
ENSG00000099364,0.06,False,True
ENSG00000099365,0.065,False,True
ENSG00000099381,0.08499999999999999,False,True
ENSG00000099385,1.025,True,False
ENSG00000099622,14.62,False,False
ENSG00000099624,9.285,False,False
ENSG00000099625,0.005,True,True
ENSG00000099783,9.075,False,False
ENSG00000099785,0.24,True,False
ENSG00000099795,25.625,False,False
ENSG00000099797,25.595,False,False
ENSG00000099800,15.82,False,False
ENSG00000099804,0.565,False,False
ENSG00000099814,0.030000000000000002,True,True
ENSG00000099817,3.37,False,False
ENSG00000099821,23.145,False,False
ENSG00000099822,0.005,True,True
ENSG00000099840,0.08499999999999999,True,True
ENSG00000099849,0.51,False,False
ENSG00000099860,0.03,True,True
ENSG00000099866,0.0,True,True
ENSG00000099875,3.585,False,False
ENSG00000099889,0.11,True,False
ENSG00000099899,1.395,False,False
ENSG00000099901,117.315,False,False
ENSG00000099904,0.055,True,True
ENSG00000099910,0.99,False,False
ENSG00000099917,3.0549999999999997,False,False
ENSG00000099940,16.35,False,False
ENSG00000099942,63.63,False,False
ENSG00000099949,1.73,False,False
ENSG00000099953,0.01,False,True
ENSG00000099956,1.08,False,False
ENSG00000099958,0.95,True,False
ENSG00000099968,26.9,False,False
ENSG00000099991,3.045,False,False
ENSG00000099992,0.115,True,False
ENSG00000099995,5.37,False,False
ENSG00000099999,0.055,True,True
ENSG00000100014,1.4,False,False
ENSG00000100023,18.1,False,False
ENSG00000100027,0.05500000000000001,True,True
ENSG00000100028,189.66000000000003,False,False
ENSG00000100029,4.925000000000001,False,False
ENSG00000100030,34.269999999999996,True,False
ENSG00000100031,0.81,True,False
ENSG00000100034,1.75,True,False
ENSG00000100036,0.015,True,True
ENSG00000100038,2.8200000000000003,False,False
ENSG00000100056,0.5449999999999999,False,False
ENSG00000100065,0.19,True,False
ENSG00000100068,0.53,True,False
ENSG00000100075,8.14,False,False
ENSG00000100077,0.87,True,False
ENSG00000100083,1.31,False,False
ENSG00000100084,0.855,False,False
ENSG00000100092,0.12000000000000001,True,False
ENSG00000100095,0.0,False,True
ENSG00000100097,209.07,False,False
ENSG00000100099,7.734999999999999,False,False
ENSG00000100100,0.05,True,True
ENSG00000100101,0.0,False,True
ENSG00000100104,3.215,False,False
ENSG00000100105,0.545,True,False
ENSG00000100109,8.14,False,False
ENSG00000100116,2.245,True,False
ENSG00000100124,8.46,True,False
ENSG00000100129,229.63,False,False
ENSG00000100138,707.4549999999999,False,False
ENSG00000100139,0.31,False,False
ENSG00000100142,144.95,False,False
ENSG00000100147,0.45,False,False
ENSG00000100150,1.775,True,False
ENSG00000100151,0.11000000000000001,True,False
ENSG00000100154,0.34,True,False
ENSG00000100162,13.905000000000001,False,False
ENSG00000100196,5.505000000000001,False,False
ENSG00000100201,43.635,False,False
ENSG00000100206,4.525,True,False
ENSG00000100207,0.44499999999999995,True,False
ENSG00000100209,2.16,True,False
ENSG00000100211,11.135,True,False
ENSG00000100216,21.58,False,False
ENSG00000100218,0.085,True,True
ENSG00000100219,19.205,False,False
ENSG00000100220,57.355000000000004,False,False
ENSG00000100221,5.789999999999999,False,False
ENSG00000100225,23.98,False,False
ENSG00000100226,0.63,False,False
ENSG00000100227,10.100000000000001,False,False
ENSG00000100228,0.015,True,True
ENSG00000100234,0.035,True,True
ENSG00000100239,0.21000000000000002,False,False
ENSG00000100241,0.265,False,False
ENSG00000100242,0.06,True,True
ENSG00000100243,1.055,True,False
ENSG00000100246,0.34500000000000003,True,False
ENSG00000100258,0.075,False,True
ENSG00000100263,0.20500000000000002,True,False
ENSG00000100266,0.45499999999999996,False,False
ENSG00000100271,0.03,True,True
ENSG00000100280,0.835,False,False
ENSG00000100281,19.86,False,False
ENSG00000100284,0.9949999999999999,False,False
ENSG00000100285,1.645,False,False
ENSG00000100290,0.02,True,True
ENSG00000100292,0.0,True,True
ENSG00000100294,2.385,False,False
ENSG00000100296,29.465,False,False
ENSG00000100297,4.79,False,False
ENSG00000100299,0.035,True,True
ENSG00000100300,3.79,True,False
ENSG00000100302,0.0,True,True
ENSG00000100304,1.1,False,False
ENSG00000100307,0.02,True,True
ENSG00000100311,0.055,True,True
ENSG00000100316,2390.7250000000004,False,False
ENSG00000100319,1.185,True,False
ENSG00000100320,5.25,True,False
ENSG00000100321,1.13,False,False
ENSG00000100324,0.89,False,False
ENSG00000100325,2.635,False,False
ENSG00000100330,1.05,True,False
ENSG00000100342,2.71,True,False
ENSG00000100344,0.0,False,True
ENSG00000100345,0.835,False,False
ENSG00000100347,10.969999999999999,False,False
ENSG00000100348,246.015,False,False
ENSG00000100350,3.8899999999999997,False,False
ENSG00000100353,129.17000000000002,False,False
ENSG00000100354,11.24,False,False
ENSG00000100359,1.3250000000000002,False,False
ENSG00000100360,0.05,True,True
ENSG00000100364,0.22999999999999998,True,False
ENSG00000100372,71.66,False,False
ENSG00000100376,12.91,False,False
ENSG00000100379,0.0,True,True
ENSG00000100380,36.455,False,False
ENSG00000100387,194.32999999999998,True,False
ENSG00000100393,2.565,False,False
ENSG00000100395,7.0649999999999995,False,False
ENSG00000100401,1.675,False,False
ENSG00000100403,0.195,False,False
ENSG00000100410,23.655,False,False
ENSG00000100412,12.26,False,False
ENSG00000100413,4.85,False,False
ENSG00000100417,12.754999999999999,False,False
ENSG00000100418,5.045,False,False
ENSG00000100422,0.745,True,False
ENSG00000100425,0.32999999999999996,True,False
ENSG00000100426,1.135,False,False
ENSG00000100427,0.065,True,True
ENSG00000100429,0.14500000000000002,True,False
ENSG00000100439,4.555,True,False
ENSG00000100441,0.865,True,False
ENSG00000100442,62.925,True,False
ENSG00000100445,8.43,True,False
ENSG00000100461,43.06999999999999,False,False
ENSG00000100462,88.465,False,False
ENSG00000100473,18.315,True,False
ENSG00000100478,4.0649999999999995,True,False
ENSG00000100479,36.65,False,False
ENSG00000100483,2.125,True,False
ENSG00000100485,1.435,True,False
ENSG00000100503,0.7949999999999999,True,False
ENSG00000100504,2.98,True,False
ENSG00000100519,149.19,False,False
ENSG00000100522,11.18,False,False
ENSG00000100523,1.275,True,False
ENSG00000100526,95.355,False,False
ENSG00000100528,192.36,False,False
ENSG00000100532,10.94,True,False
ENSG00000100554,57.085,False,False
ENSG00000100564,20.54,False,False
ENSG00000100567,556.3299999999999,False,False
ENSG00000100568,6.195,False,False
ENSG00000100575,64.705,False,False
ENSG00000100577,7.1899999999999995,True,False
ENSG00000100578,8.435,False,False
ENSG00000100580,1.98,False,False
ENSG00000100583,0.07,False,True
ENSG00000100591,30.794999999999998,False,False
ENSG00000100592,4.04,True,False
ENSG00000100593,0.0,False,True
ENSG00000100596,4.05,False,False
ENSG00000100599,0.0,True,True
ENSG00000100600,0.105,True,False
ENSG00000100601,3.75,True,False
ENSG00000100603,51.315,False,False
ENSG00000100605,0.875,False,False
ENSG00000100614,9.344999999999999,False,False
ENSG00000100625,0.7,True,False
ENSG00000100626,0.0,True,True
ENSG00000100628,0.0,True,True
ENSG00000100629,1.45,False,False
ENSG00000100632,326.825,False,False
ENSG00000100644,4.470000000000001,False,False
ENSG00000100647,3.665,True,False
ENSG00000100650,62.19499999999999,False,False
ENSG00000100664,67.63,False,False
ENSG00000100697,2.045,False,False
ENSG00000100711,0.8800000000000001,False,False
ENSG00000100714,58.785,False,False
ENSG00000100721,0.005,True,True
ENSG00000100722,14.61,False,False
ENSG00000100726,0.42,False,False
ENSG00000100731,0.22,True,False
ENSG00000100744,37.675,False,False
ENSG00000100749,117.55,False,False
ENSG00000100764,108.69999999999999,False,False
ENSG00000100784,0.76,True,False
ENSG00000100796,6.295,False,False
ENSG00000100802,1.63,False,False
ENSG00000100804,1326.205,False,False
ENSG00000100811,14.59,False,False
ENSG00000100813,3.81,False,False
ENSG00000100814,49.34,False,False
ENSG00000100815,8.48,False,False
ENSG00000100823,119.045,False,False
ENSG00000100836,25.705,False,False
ENSG00000100842,0.0,True,True
ENSG00000100852,2.475,True,False
ENSG00000100865,29.665,False,False
ENSG00000100883,28.535,False,False
ENSG00000100888,7.140000000000001,False,False
ENSG00000100889,2.84,False,False
ENSG00000100890,23.17,False,False
ENSG00000100897,4.505,False,False
ENSG00000100906,6.074999999999999,False,False
ENSG00000100908,2.175,True,False
ENSG00000100911,397.96,False,False
ENSG00000100916,0.875,True,False
ENSG00000100926,4.025,True,False
ENSG00000100934,4.41,True,False
ENSG00000100938,27.59,False,False
ENSG00000100941,17.375,True,False
ENSG00000100949,12.29,False,False
ENSG00000100968,0.04,True,True
ENSG00000100979,2.17,False,False
ENSG00000100982,5.675,False,False
ENSG00000100983,14.385,False,False
ENSG00000100985,0.005,True,True
ENSG00000100991,1.715,False,False
ENSG00000100994,0.265,True,False
ENSG00000100997,0.44,True,False
ENSG00000101003,8.655000000000001,False,False
ENSG00000101017,0.825,True,False
ENSG00000101019,21.93,False,False
ENSG00000101040,37.27,False,False
ENSG00000101052,15.345,True,False
ENSG00000101057,3.4050000000000002,False,False
ENSG00000101079,9.600000000000001,False,False
ENSG00000101084,19.82,False,False
ENSG00000101096,3.0149999999999997,True,False
ENSG00000101104,4.275,True,False
ENSG00000101109,7.725,False,False
ENSG00000101126,27.884999999999998,False,False
ENSG00000101132,103.835,False,False
ENSG00000101138,47.825,False,False
ENSG00000101146,140.49,False,False
ENSG00000101150,1.635,False,False
ENSG00000101152,0.695,False,False
ENSG00000101158,10.135,False,False
ENSG00000101160,4.33,False,False
ENSG00000101161,2.965,False,False
ENSG00000101166,109.07,False,False
ENSG00000101180,0.0,True,True
ENSG00000101181,6.38,False,False
ENSG00000101182,225.425,False,False
ENSG00000101187,1.625,False,False
ENSG00000101189,1.395,False,False
ENSG00000101190,0.62,True,False
ENSG00000101191,3.1550000000000002,False,False
ENSG00000101193,9.67,False,False
ENSG00000101198,0.0,False,True
ENSG00000101199,0.21,False,False
ENSG00000101210,0.435,True,False
ENSG00000101213,0.0,False,True
ENSG00000101216,0.03,True,True
ENSG00000101220,1.065,False,False
ENSG00000101222,0.0,False,True
ENSG00000101224,2.2,False,False
ENSG00000101236,12.594999999999999,True,False
ENSG00000101246,1.38,False,False
ENSG00000101247,20.62,False,False
ENSG00000101265,0.0,True,True
ENSG00000101266,42.875,False,False
ENSG00000101278,0.08,False,True
ENSG00000101290,6.795,True,False
ENSG00000101294,5.324999999999999,False,False
ENSG00000101298,0.015,True,True
ENSG00000101310,24.305,False,False
ENSG00000101335,0.055,False,True
ENSG00000101336,0.005,True,True
ENSG00000101337,11.055,False,False
ENSG00000101346,2.495,False,False
ENSG00000101347,6.11,False,False
ENSG00000101350,1.79,True,False
ENSG00000101353,0.075,True,True
ENSG00000101361,191.72,False,False
ENSG00000101363,11.0,True,False
ENSG00000101365,62.925,False,False
ENSG00000101367,95.58500000000001,False,False
ENSG00000101384,0.05,True,True
ENSG00000101391,74.63499999999999,False,False
ENSG00000101400,0.86,True,False
ENSG00000101407,6.09,False,False
ENSG00000101412,0.11,True,False
ENSG00000101413,3.95,False,False
ENSG00000101417,20.535,True,False
ENSG00000101421,1.55,False,False
ENSG00000101425,0.0,False,True
ENSG00000101438,0.0,False,True
ENSG00000101439,7.1899999999999995,False,False
ENSG00000101442,0.755,False,False
ENSG00000101444,66.575,True,False
ENSG00000101445,1.21,True,False
ENSG00000101447,6.12,False,False
ENSG00000101452,4.484999999999999,False,False
ENSG00000101457,5.525,False,False
ENSG00000101470,0.045,False,True
ENSG00000101473,5.96,False,False
ENSG00000101474,3.86,True,False
ENSG00000101493,0.0,True,True
ENSG00000101544,7.24,False,False
ENSG00000101546,3.2750000000000004,True,False
ENSG00000101557,22.805,False,False
ENSG00000101558,145.025,False,False
ENSG00000101574,18.07,True,False
ENSG00000101577,4.925,False,False
ENSG00000101596,4.59,False,False
ENSG00000101608,682.035,False,False
ENSG00000101624,3.77,False,False
ENSG00000101639,10.5,False,False
ENSG00000101654,39.86,False,False
ENSG00000101665,0.095,True,True
ENSG00000101670,0.93,True,False
ENSG00000101695,0.0,True,True
ENSG00000101745,9.84,False,False
ENSG00000101751,2.16,True,False
ENSG00000101752,4.635,True,False
ENSG00000101782,15.445,False,False
ENSG00000101811,8.075,False,False
ENSG00000101843,113.485,False,False
ENSG00000101844,10.72,True,False
ENSG00000101846,0.07500000000000001,True,True
ENSG00000101849,4.925,False,False
ENSG00000101856,19.82,False,False
ENSG00000101868,5.825,False,False
ENSG00000101882,1.8199999999999998,True,False
ENSG00000101883,0.0,False,True
ENSG00000101888,19.115000000000002,True,False
ENSG00000101898,0.345,True,False
ENSG00000101911,44.515,False,False
ENSG00000101928,11.29,True,False
ENSG00000101945,4.0600000000000005,False,False
ENSG00000101955,0.52,True,False
ENSG00000101966,3.56,True,False
ENSG00000101972,25.14,False,False
ENSG00000101986,0.060000000000000005,True,True
ENSG00000101997,0.25,False,False
ENSG00000102001,0.0,False,True
ENSG00000102003,0.335,False,False
ENSG00000102007,85.91,False,False
ENSG00000102030,9.715,False,False
ENSG00000102032,0.045,True,True
ENSG00000102034,3.8949999999999996,False,False
ENSG00000102038,0.315,True,False
ENSG00000102043,2.035,True,False
ENSG00000102054,57.9,False,False
ENSG00000102078,20.17,True,False
ENSG00000102081,5.795,False,False
ENSG00000102096,63.575,False,False
ENSG00000102098,11.545,True,False
ENSG00000102100,2.8200000000000003,False,False
ENSG00000102103,29.62,True,False
ENSG00000102119,1.85,False,False
ENSG00000102125,0.275,True,False
ENSG00000102144,363.895,False,False
ENSG00000102158,13.105,False,False
ENSG00000102172,51.39,False,False
ENSG00000102178,12.405000000000001,False,False
ENSG00000102181,0.505,True,False
ENSG00000102189,3.325,False,False
ENSG00000102218,1.17,True,False
ENSG00000102221,1.635,True,False
ENSG00000102225,2.815,False,False
ENSG00000102226,1.935,False,False
ENSG00000102241,11.395,True,False
ENSG00000102265,481.32,False,False
ENSG00000102309,41.0,True,False
ENSG00000102312,0.15,True,False
ENSG00000102316,16.700000000000003,True,False
ENSG00000102317,48.480000000000004,False,False
ENSG00000102362,1.175,True,False
ENSG00000102384,4.295,False,False
ENSG00000102390,29.78,True,False
ENSG00000102393,96.635,False,False
ENSG00000102401,2.19,True,False
ENSG00000102409,55.175,True,False
ENSG00000102471,16.68,True,False
ENSG00000102531,2.75,True,False
ENSG00000102543,9.745000000000001,True,False
ENSG00000102547,1.955,True,False
ENSG00000102572,3.3649999999999998,False,False
ENSG00000102575,0.0,True,True
ENSG00000102580,8.105,False,False
ENSG00000102595,2.99,True,False
ENSG00000102606,1.545,False,False
ENSG00000102678,0.0,True,True
ENSG00000102699,4.04,False,False
ENSG00000102710,8.25,False,False
ENSG00000102738,35.394999999999996,True,False
ENSG00000102743,3.92,False,False
ENSG00000102753,7.734999999999999,False,False
ENSG00000102755,0.065,False,True
ENSG00000102760,0.37,False,False
ENSG00000102763,1.58,False,False
ENSG00000102780,0.36000000000000004,True,False
ENSG00000102781,1.87,True,False
ENSG00000102786,2.6,False,False
ENSG00000102796,0.5,True,False
ENSG00000102804,1.75,False,False
ENSG00000102805,3.225,True,False
ENSG00000102858,0.14500000000000002,False,False
ENSG00000102870,0.28500000000000003,True,False
ENSG00000102871,0.645,True,False
ENSG00000102878,0.03,True,True
ENSG00000102879,0.2,True,False
ENSG00000102882,0.71,False,False
ENSG00000102893,16.055,False,False
ENSG00000102897,30.405,False,False
ENSG00000102898,170.425,False,False
ENSG00000102900,66.77,False,False
ENSG00000102901,2.38,False,False
ENSG00000102904,0.0,False,True
ENSG00000102908,0.895,False,False
ENSG00000102910,4.970000000000001,False,False
ENSG00000102924,0.0,True,True
ENSG00000102931,11.765,False,False
ENSG00000102934,0.08499999999999999,True,True
ENSG00000102935,0.0,False,True
ENSG00000102967,3.06,False,False
ENSG00000102974,6.08,False,False
ENSG00000102977,3.165,False,False
ENSG00000102978,61.235,False,False
ENSG00000102981,0.049999999999999996,False,True
ENSG00000102984,0.615,True,False
ENSG00000102996,0.030000000000000002,True,True
ENSG00000103005,8.555,False,False
ENSG00000103024,0.64,False,False
ENSG00000103034,0.085,True,True
ENSG00000103035,71.78999999999999,False,False
ENSG00000103037,6.0649999999999995,True,False
ENSG00000103042,1.68,True,False
ENSG00000103043,1.255,False,False
ENSG00000103044,0.0,True,True
ENSG00000103047,1.025,False,False
ENSG00000103051,10.434999999999999,False,False
ENSG00000103061,1.725,True,False
ENSG00000103064,8.629999999999999,False,False
ENSG00000103066,0.37,True,False
ENSG00000103067,0.055,True,True
ENSG00000103089,0.0,False,True
ENSG00000103091,8.33,True,False
ENSG00000103111,3.455,False,False
ENSG00000103126,0.47,False,False
ENSG00000103145,1.62,True,False
ENSG00000103148,0.785,False,False
ENSG00000103150,0.125,True,False
ENSG00000103152,0.33499999999999996,False,False
ENSG00000103160,8.735,True,False
ENSG00000103168,1.09,False,False
ENSG00000103174,0.09,True,True
ENSG00000103175,0.0,False,True
ENSG00000103184,0.0,True,True
ENSG00000103187,23.96,False,False
ENSG00000103194,39.875,False,False
ENSG00000103196,0.015,True,True
ENSG00000103197,1.1949999999999998,False,False
ENSG00000103199,0.7,True,False
ENSG00000103202,11.645,False,False
ENSG00000103222,2.55,False,False
ENSG00000103227,0.045,True,True
ENSG00000103245,1.6,False,False
ENSG00000103248,2.125,False,False
ENSG00000103249,0.03,False,True
ENSG00000103253,0.34,False,False
ENSG00000103254,0.9149999999999999,False,False
ENSG00000103257,3.165,False,False
ENSG00000103260,0.23500000000000001,True,False
ENSG00000103264,0.43,False,False
ENSG00000103266,7.975,False,False
ENSG00000103274,12.780000000000001,False,False
ENSG00000103275,33.0,False,False
ENSG00000103316,0.265,False,False
ENSG00000103319,2.4000000000000004,False,False
ENSG00000103326,0.38,False,False
ENSG00000103335,2.625,False,False
ENSG00000103342,42.28,False,False
ENSG00000103343,3.9299999999999997,True,False
ENSG00000103351,6.005000000000001,True,False
ENSG00000103353,6.71,False,False
ENSG00000103355,0.0,False,True
ENSG00000103356,11.595,False,False
ENSG00000103363,648.365,False,False
ENSG00000103381,8.34,False,False
ENSG00000103404,0.7749999999999999,True,False
ENSG00000103415,23.564999999999998,False,False
ENSG00000103423,6.785,False,False
ENSG00000103429,35.595,False,False
ENSG00000103472,0.015,True,True
ENSG00000103479,4.865,False,False
ENSG00000103485,7.82,False,False
ENSG00000103489,0.04,True,True
ENSG00000103490,0.845,True,False
ENSG00000103494,3.99,True,False
ENSG00000103495,41.69,False,False
ENSG00000103496,3.43,False,False
ENSG00000103502,0.9850000000000001,False,False
ENSG00000103507,0.43,False,False
ENSG00000103510,7.145,True,False
ENSG00000103522,0.005,True,True
ENSG00000103528,0.0,True,True
ENSG00000103540,2.395,True,False
ENSG00000103544,10.955,False,False
ENSG00000103549,5.135,False,False
ENSG00000103550,27.15,False,False
ENSG00000103591,11.6,False,False
ENSG00000103599,1.565,True,False
ENSG00000103642,2.36,True,False
ENSG00000103647,0.0,False,True
ENSG00000103653,1.2650000000000001,False,False
ENSG00000103657,14.85,False,False
ENSG00000103671,8.379999999999999,True,False
ENSG00000103707,0.89,True,False
ENSG00000103723,0.04,False,True
ENSG00000103742,0.08,False,True
ENSG00000103852,0.355,True,False
ENSG00000103876,210.18,False,False
ENSG00000103888,0.05,False,True
ENSG00000103932,4.74,False,False
ENSG00000103942,0.095,True,True
ENSG00000103966,0.685,True,False
ENSG00000103978,25.705,False,False
ENSG00000103994,10.39,False,False
ENSG00000103995,6.375,False,False
ENSG00000104043,0.20500000000000002,True,False
ENSG00000104044,0.005,True,True
ENSG00000104047,53.515,False,False
ENSG00000104064,8.825,False,False
ENSG00000104081,0.0,True,True
ENSG00000104093,6.41,False,False
ENSG00000104129,2.185,False,False
ENSG00000104131,31.8,False,False
ENSG00000104133,13.25,False,False
ENSG00000104140,0.034999999999999996,True,True
ENSG00000104142,0.5900000000000001,False,False
ENSG00000104147,6.6,False,False
ENSG00000104154,0.3,False,False
ENSG00000104164,12.075,False,False
ENSG00000104177,0.02,True,True
ENSG00000104205,1.115,True,False
ENSG00000104213,0.0,True,True
ENSG00000104218,7.895,True,False
ENSG00000104219,1.98,True,False
ENSG00000104221,0.99,False,False
ENSG00000104228,0.915,False,False
ENSG00000104231,91.22,True,False
ENSG00000104267,0.355,False,False
ENSG00000104290,0.02,True,True
ENSG00000104299,27.06,False,False
ENSG00000104312,3.255,False,False
ENSG00000104320,10.865,False,False
ENSG00000104324,8.225,True,False
ENSG00000104325,104.78,False,False
ENSG00000104331,2.42,True,False
ENSG00000104332,0.0,False,True
ENSG00000104341,44.735,True,False
ENSG00000104343,10.14,True,False
ENSG00000104356,17.69,True,False
ENSG00000104365,4.135,False,False
ENSG00000104369,0.0,True,True
ENSG00000104375,6.555,True,False
ENSG00000104381,0.765,True,False
ENSG00000104388,23.259999999999998,False,False
ENSG00000104408,737.03,False,False
ENSG00000104412,39.96,False,False
ENSG00000104413,0.065,False,True
ENSG00000104427,1.895,True,False
ENSG00000104432,0.05,True,True
ENSG00000104442,39.135000000000005,False,False
ENSG00000104450,0.19,True,False
ENSG00000104472,9.79,False,False
ENSG00000104490,1.71,True,False
ENSG00000104497,4.705,True,False
ENSG00000104517,22.035,False,False
ENSG00000104518,0.045,True,True
ENSG00000104522,12.17,False,False
ENSG00000104524,0.41000000000000003,True,False
ENSG00000104529,56.06999999999999,False,False
ENSG00000104549,51.1,False,False
ENSG00000104613,31.705,False,False
ENSG00000104626,5.075,False,False
ENSG00000104635,6.824999999999999,False,False
ENSG00000104643,2.23,True,False
ENSG00000104660,22.705,False,False
ENSG00000104671,59.385,False,False
ENSG00000104687,12.735,False,False
ENSG00000104689,5.47,True,False
ENSG00000104691,34.81,False,False
ENSG00000104695,24.755,False,False
ENSG00000104731,1.12,False,False
ENSG00000104738,81.38499999999999,False,False
ENSG00000104756,16.225,True,False
ENSG00000104763,59.36,False,False
ENSG00000104765,51.995000000000005,True,False
ENSG00000104774,0.46499999999999997,False,False
ENSG00000104783,0.465,True,False
ENSG00000104804,0.02,False,True
ENSG00000104805,2.185,False,False
ENSG00000104808,0.305,False,False
ENSG00000104812,1.8,False,False
ENSG00000104814,0.49,True,False
ENSG00000104823,44.754999999999995,False,False
ENSG00000104824,29.625,False,False
ENSG00000104825,1.0,True,False
ENSG00000104826,0.0,False,True
ENSG00000104833,0.11,True,False
ENSG00000104835,2.755,False,False
ENSG00000104852,2.34,False,False
ENSG00000104853,0.28,False,False
ENSG00000104856,0.0,True,True
ENSG00000104859,1.03,False,False
ENSG00000104863,0.5800000000000001,False,False
ENSG00000104866,0.045,True,True
ENSG00000104872,21.15,False,False
ENSG00000104881,0.43499999999999994,True,False
ENSG00000104884,1.54,False,False
ENSG00000104885,0.245,False,False
ENSG00000104886,1.7850000000000001,False,False
ENSG00000104888,1.385,False,False
ENSG00000104889,16.925,False,False
ENSG00000104894,5.484999999999999,True,False
ENSG00000104897,0.305,False,False
ENSG00000104901,0.11499999999999999,True,False
ENSG00000104903,0.96,False,False
ENSG00000104904,84.995,False,False
ENSG00000104907,4.67,False,False
ENSG00000104915,0.59,False,False
ENSG00000104918,0.0,False,True
ENSG00000104946,0.24,True,False
ENSG00000104951,0.015,True,True
ENSG00000104953,1.175,True,False
ENSG00000104957,1.445,False,False
ENSG00000104960,3.955,False,False
ENSG00000104964,1.905,False,False
ENSG00000104967,0.0,True,True
ENSG00000104969,0.895,False,False
ENSG00000104973,2.5300000000000002,False,False
ENSG00000104976,0.55,True,False
ENSG00000104979,339.4,False,False
ENSG00000104980,14.504999999999999,False,False
ENSG00000104983,0.19,False,False
ENSG00000104998,1.165,True,False
ENSG00000105011,3.94,False,False
ENSG00000105053,29.205000000000002,False,False
ENSG00000105058,22.205,False,False
ENSG00000105063,0.33,False,False
ENSG00000105072,0.35,True,False
ENSG00000105085,0.5800000000000001,False,False
ENSG00000105088,0.0,True,True
ENSG00000105127,3.175,False,False
ENSG00000105135,0.445,False,False
ENSG00000105136,0.12,True,False
ENSG00000105171,32.34,False,False
ENSG00000105173,5.2,False,False
ENSG00000105185,109.815,False,False
ENSG00000105186,5.449999999999999,True,False
ENSG00000105193,2289.13,False,False
ENSG00000105197,26.06,False,False
ENSG00000105202,145.385,False,False
ENSG00000105204,0.0,True,True
ENSG00000105220,64.47999999999999,False,False
ENSG00000105221,1.19,False,False
ENSG00000105223,1.7200000000000002,False,False
ENSG00000105227,0.0,False,True
ENSG00000105229,0.185,False,False
ENSG00000105245,0.435,True,False
ENSG00000105248,0.27,True,False
ENSG00000105254,2.6900000000000004,False,False
ENSG00000105255,0.005,False,True
ENSG00000105258,196.52499999999998,False,False
ENSG00000105281,24.86,False,False
ENSG00000105287,1.48,False,False
ENSG00000105290,0.7,True,False
ENSG00000105298,0.19,False,False
ENSG00000105321,0.325,True,False
ENSG00000105323,6.51,False,False
ENSG00000105325,0.12,False,False
ENSG00000105327,0.185,True,False
ENSG00000105329,0.18,False,False
ENSG00000105339,0.06,True,True
ENSG00000105341,10.8,False,False
ENSG00000105355,4.865,False,False
ENSG00000105364,1.2850000000000001,False,False
ENSG00000105369,0.0,True,True
ENSG00000105371,10.325,False,False
ENSG00000105372,2594.5,False,False
ENSG00000105373,4.7,False,False
ENSG00000105376,0.065,True,True
ENSG00000105379,14.3,False,False
ENSG00000105393,11.49,False,False
ENSG00000105397,12.645,False,False
ENSG00000105401,5.0,True,False
ENSG00000105402,5.05,False,False
ENSG00000105404,4.32,True,False
ENSG00000105419,0.005,True,True
ENSG00000105426,0.7849999999999999,True,False
ENSG00000105429,0.155,True,False
ENSG00000105438,4.08,True,False
ENSG00000105443,2.775,False,False
ENSG00000105447,1.07,False,False
ENSG00000105464,0.31,True,False
ENSG00000105467,0.085,False,True
ENSG00000105472,0.5700000000000001,False,False
ENSG00000105479,0.03,False,True
ENSG00000105483,11.775,True,False
ENSG00000105486,6.734999999999999,False,False
ENSG00000105497,2.65,False,False
ENSG00000105499,0.035,True,True
ENSG00000105501,0.0,True,True
ENSG00000105514,0.69,True,False
ENSG00000105516,0.255,True,False
ENSG00000105518,15.030000000000001,False,False
ENSG00000105520,0.395,True,False
ENSG00000105523,0.0,True,True
ENSG00000105538,0.14500000000000002,True,False
ENSG00000105552,2.87,False,False
ENSG00000105556,0.48,False,False
ENSG00000105559,0.07,True,True
ENSG00000105576,4.43,False,False
ENSG00000105583,453.03,False,False
ENSG00000105607,2.4699999999999998,False,False
ENSG00000105610,6.71,True,False
ENSG00000105612,3.3,False,False
ENSG00000105613,0.23,True,False
ENSG00000105617,0.18,True,False
ENSG00000105618,3.665,False,False
ENSG00000105619,0.5700000000000001,True,False
ENSG00000105640,892.1949999999999,False,False
ENSG00000105641,0.16,False,False
ENSG00000105642,0.01,True,True
ENSG00000105643,1.3,False,False
ENSG00000105647,0.405,False,False
ENSG00000105649,0.01,True,True
ENSG00000105655,17.885,True,False
ENSG00000105656,0.53,True,False
ENSG00000105662,0.0,True,True
ENSG00000105664,0.005,True,True
ENSG00000105669,4.275,False,False
ENSG00000105671,0.635,False,False
ENSG00000105672,0.065,False,True
ENSG00000105676,1.755,False,False
ENSG00000105677,61.295,True,False
ENSG00000105696,0.0,True,True
ENSG00000105698,0.24,True,False
ENSG00000105699,0.3,False,False
ENSG00000105700,17.65,False,False
ENSG00000105701,0.31,False,False
ENSG00000105705,0.76,False,False
ENSG00000105708,2.005,True,False
ENSG00000105711,0.02,True,True
ENSG00000105717,0.06,True,True
ENSG00000105722,0.04,False,True
ENSG00000105723,0.96,False,False
ENSG00000105726,0.755,False,False
ENSG00000105738,0.015,True,True
ENSG00000105750,0.34500000000000003,True,False
ENSG00000105755,2.415,False,False
ENSG00000105767,0.05,False,True
ENSG00000105771,1.03,False,False
ENSG00000105778,3.9,False,False
ENSG00000105792,0.19,True,False
ENSG00000105810,9.95,False,False
ENSG00000105819,102.70500000000001,False,False
ENSG00000105821,28.369999999999997,False,False
ENSG00000105825,0.0,False,True
ENSG00000105829,130.42000000000002,False,False
ENSG00000105835,28.095,False,False
ENSG00000105849,68.41499999999999,False,False
ENSG00000105851,3.8150000000000004,False,False
ENSG00000105852,0.055,False,True
ENSG00000105854,7.04,True,False
ENSG00000105855,0.0,True,True
ENSG00000105856,21.255,False,False
ENSG00000105865,7.92,False,False
ENSG00000105866,2.5300000000000002,False,False
ENSG00000105875,1.52,True,False
ENSG00000105877,0.0,False,True
ENSG00000105879,9.690000000000001,False,False
ENSG00000105880,0.0,False,True
ENSG00000105887,45.945,False,False
ENSG00000105889,21.04,True,False
ENSG00000105926,5.6,False,False
ENSG00000105928,0.38,True,False
ENSG00000105939,9.125,False,False
ENSG00000105948,9.635,True,False
ENSG00000105953,2.1100000000000003,False,False
ENSG00000105963,0.0,True,True
ENSG00000105968,79.16,False,False
ENSG00000105974,0.61,False,False
ENSG00000105976,0.795,True,False
ENSG00000105982,2.495,True,False
ENSG00000105983,4.405,False,False
ENSG00000105989,0.0,True,True
ENSG00000105991,0.0,True,True
ENSG00000105993,69.47999999999999,False,False
ENSG00000105997,0.005,True,True
ENSG00000106006,0.0,True,True
ENSG00000106009,0.2,False,False
ENSG00000106012,0.375,True,False
ENSG00000106025,0.065,True,True
ENSG00000106028,1372.69,False,False
ENSG00000106031,0.0,True,True
ENSG00000106034,182.235,True,False
ENSG00000106049,8.485,False,False
ENSG00000106052,69.43,False,False
ENSG00000106066,1.775,True,False
ENSG00000106069,0.115,True,False
ENSG00000106077,4.895,True,False
ENSG00000106080,6.29,True,False
ENSG00000106086,2.08,True,False
ENSG00000106089,0.105,True,False
ENSG00000106100,0.40499999999999997,True,False
ENSG00000106123,1.475,True,False
ENSG00000106125,1.3399999999999999,True,False
ENSG00000106144,15.335,True,False
ENSG00000106153,123.305,False,False
ENSG00000106211,80.72999999999999,False,False
ENSG00000106244,7.02,False,False
ENSG00000106245,224.85000000000002,False,False
ENSG00000106246,0.335,True,False
ENSG00000106261,3.5999999999999996,False,False
ENSG00000106263,20.055,False,False
ENSG00000106266,2.425,False,False
ENSG00000106268,4.53,False,False
ENSG00000106290,0.48,False,False
ENSG00000106299,2.765,True,False
ENSG00000106305,33.39,False,False
ENSG00000106328,0.015,True,True
ENSG00000106330,1.105,True,False
ENSG00000106331,0.0,False,True
ENSG00000106333,3.915,False,False
ENSG00000106336,0.11,False,False
ENSG00000106344,42.415,False,False
ENSG00000106346,2.505,True,False
ENSG00000106348,0.6799999999999999,True,False
ENSG00000106351,0.195,True,False
ENSG00000106355,464.15999999999997,False,False
ENSG00000106367,9.195,False,False
ENSG00000106397,2.56,False,False
ENSG00000106400,6.3500000000000005,False,False
ENSG00000106415,2.055,True,False
ENSG00000106443,19.09,False,False
ENSG00000106459,6.0649999999999995,False,False
ENSG00000106460,5.6850000000000005,False,False
ENSG00000106462,39.06,False,False
ENSG00000106477,10.22,True,False
ENSG00000106479,1.17,True,False
ENSG00000106484,0.25,True,False
ENSG00000106524,22.84,True,False
ENSG00000106526,7.285,False,False
ENSG00000106537,5.385,True,False
ENSG00000106538,0.0,False,True
ENSG00000106554,48.099999999999994,False,False
ENSG00000106560,0.935,True,False
ENSG00000106565,0.0,False,True
ENSG00000106588,733.69,False,False
ENSG00000106591,247.07999999999998,False,False
ENSG00000106603,307.94,False,False
ENSG00000106605,87.735,False,False
ENSG00000106608,2.585,False,False
ENSG00000106609,4.915,False,False
ENSG00000106610,22.880000000000003,False,False
ENSG00000106615,20.884999999999998,True,False
ENSG00000106617,0.6499999999999999,False,False
ENSG00000106624,0.025,True,True
ENSG00000106628,24.66,False,False
ENSG00000106635,7.445,False,False
ENSG00000106636,1.38,False,False
ENSG00000106638,1.87,False,False
ENSG00000106665,0.10500000000000001,True,False
ENSG00000106682,9.16,False,False
ENSG00000106683,0.22000000000000003,False,False
ENSG00000106692,3.9350000000000005,True,False
ENSG00000106701,1.1,True,False
ENSG00000106723,4.51,False,False
ENSG00000106733,0.845,True,False
ENSG00000106771,7.994999999999999,False,False
ENSG00000106780,1.4500000000000002,False,False
ENSG00000106785,4.53,False,False
ENSG00000106789,7.13,True,False
ENSG00000106799,35.63,True,False
ENSG00000106803,53.55,True,False
ENSG00000106804,0.034999999999999996,True,True
ENSG00000106829,0.76,True,False
ENSG00000106852,2.415,True,False
ENSG00000106868,7.085000000000001,False,False
ENSG00000106948,0.225,True,False
ENSG00000106976,0.305,True,False
ENSG00000106993,1.0550000000000002,True,False
ENSG00000107020,8.275,True,False
ENSG00000107021,2.335,True,False
ENSG00000107036,1.795,False,False
ENSG00000107099,10.649999999999999,False,False
ENSG00000107104,0.17500000000000002,True,False
ENSG00000107130,0.255,True,False
ENSG00000107140,0.030000000000000002,True,True
ENSG00000107164,2.395,False,False
ENSG00000107175,4.335,True,False
ENSG00000107185,0.42000000000000004,True,False
ENSG00000107201,0.235,True,False
ENSG00000107223,66.53,False,False
ENSG00000107242,1.995,True,False
ENSG00000107262,6.27,True,False
ENSG00000107263,0.065,True,True
ENSG00000107281,0.005,True,True
ENSG00000107282,0.0,True,True
ENSG00000107290,5.575,False,False
ENSG00000107331,0.0,True,True
ENSG00000107338,0.69,True,False
ENSG00000107341,5.4399999999999995,False,False
ENSG00000107362,1.39,False,False
ENSG00000107372,7.915,False,False
ENSG00000107404,0.43,False,False
ENSG00000107438,17.405,False,False
ENSG00000107443,0.43,True,False
ENSG00000107485,0.0,False,True
ENSG00000107518,0.0,True,True
ENSG00000107521,12.98,False,False
ENSG00000107537,4.45,True,False
ENSG00000107551,0.0,True,True
ENSG00000107554,0.5,True,False
ENSG00000107560,2.535,True,False
ENSG00000107566,6.1850000000000005,True,False
ENSG00000107581,20.1,False,False
ENSG00000107614,5.4350000000000005,True,False
ENSG00000107625,25.814999999999998,False,False
ENSG00000107643,4.23,False,False
ENSG00000107651,9.235,False,False
ENSG00000107669,1.9899999999999998,True,False
ENSG00000107672,6.295,False,False
ENSG00000107679,0.185,True,False
ENSG00000107719,0.005,True,True
ENSG00000107731,0.055,True,True
ENSG00000107736,0.39,False,False
ENSG00000107738,0.22000000000000003,True,False
ENSG00000107745,21.965,False,False
ENSG00000107758,7.58,False,False
ENSG00000107771,2.195,False,False
ENSG00000107779,1.175,False,False
ENSG00000107789,8.86,True,False
ENSG00000107796,0.065,True,True
ENSG00000107798,0.049999999999999996,True,True
ENSG00000107807,0.025,True,True
ENSG00000107815,7.035,False,False
ENSG00000107816,0.16999999999999998,False,False
ENSG00000107819,0.125,True,False
ENSG00000107821,0.165,True,False
ENSG00000107829,0.875,True,False
ENSG00000107831,0.0,False,True
ENSG00000107833,39.745,False,False
ENSG00000107854,1.9649999999999999,False,False
ENSG00000107859,0.0,True,True
ENSG00000107862,0.425,False,False
ENSG00000107863,9.075,False,False
ENSG00000107864,0.095,True,True
ENSG00000107872,0.065,True,True
ENSG00000107874,6.73,False,False
ENSG00000107882,0.32,True,False
ENSG00000107890,1.5699999999999998,True,False
ENSG00000107897,1.26,True,False
ENSG00000107902,0.33499999999999996,True,False
ENSG00000107929,8.855,False,False
ENSG00000107937,49.665,False,False
ENSG00000107938,5.1,False,False
ENSG00000107949,113.39500000000001,False,False
ENSG00000107954,0.005,False,True
ENSG00000107957,0.32,False,False
ENSG00000107959,14.59,False,False
ENSG00000107960,7.175000000000001,True,False
ENSG00000107968,11.379999999999999,True,False
ENSG00000108010,104.95500000000001,False,False
ENSG00000108021,8.425,True,False
ENSG00000108039,16.34,False,False
ENSG00000108055,13.2,False,False
ENSG00000108061,7.795,False,False
ENSG00000108064,144.66,False,False
ENSG00000108091,8.01,False,False
ENSG00000108094,12.195,False,False
ENSG00000108106,1.26,False,False
ENSG00000108107,214.94,False,False
ENSG00000108175,1.125,True,False
ENSG00000108179,29.805,False,False
ENSG00000108187,1.25,True,False
ENSG00000108219,4.865,False,False
ENSG00000108239,2.38,True,False
ENSG00000108256,4.175,False,False
ENSG00000108262,0.15,False,False
ENSG00000108298,2957.38,False,False
ENSG00000108306,1.735,False,False
ENSG00000108309,0.0,True,True
ENSG00000108312,0.8999999999999999,False,False
ENSG00000108344,1.2,True,False
ENSG00000108349,8.684999999999999,False,False
ENSG00000108352,0.185,True,False
ENSG00000108370,0.27,True,False
ENSG00000108375,0.285,True,False
ENSG00000108384,234.10500000000002,True,False
ENSG00000108389,5.715,False,False
ENSG00000108395,3.6900000000000004,False,False
ENSG00000108405,0.44999999999999996,True,False
ENSG00000108406,4.43,False,False
ENSG00000108423,7.76,False,False
ENSG00000108424,94.245,False,False
ENSG00000108433,48.495000000000005,False,False
ENSG00000108439,15.43,False,False
ENSG00000108443,5.369999999999999,False,False
ENSG00000108468,6.925,False,False
ENSG00000108469,2.785,False,False
ENSG00000108474,39.375,False,False
ENSG00000108479,0.37,False,False
ENSG00000108506,3.255,False,False
ENSG00000108509,0.35000000000000003,False,False
ENSG00000108510,3.995,False,False
ENSG00000108515,5.050000000000001,True,False
ENSG00000108518,43.65,False,False
ENSG00000108523,13.76,False,False
ENSG00000108528,2.455,False,False
ENSG00000108551,0.015,True,True
ENSG00000108557,0.675,True,False
ENSG00000108559,39.385000000000005,False,False
ENSG00000108576,0.05,True,True
ENSG00000108578,15.91,False,False
ENSG00000108582,2.83,False,False
ENSG00000108587,61.955,False,False
ENSG00000108588,13.809999999999999,False,False
ENSG00000108590,28.805,True,False
ENSG00000108591,5.515,False,False
ENSG00000108592,11.085,False,False
ENSG00000108599,2.705,True,False
ENSG00000108604,1.755,False,False
ENSG00000108622,30.015,True,False
ENSG00000108639,1.7599999999999998,False,False
ENSG00000108641,7.85,True,False
ENSG00000108651,137.55,False,False
ENSG00000108654,292.425,False,False
ENSG00000108666,31.52,True,False
ENSG00000108669,0.485,True,False
ENSG00000108671,252.785,False,False
ENSG00000108733,3.075,True,False
ENSG00000108771,0.06,True,True
ENSG00000108773,1.435,True,False
ENSG00000108774,1.4249999999999998,False,False
ENSG00000108784,0.035,True,True
ENSG00000108786,0.37,True,False
ENSG00000108788,55.615,False,False
ENSG00000108797,0.09,True,True
ENSG00000108798,0.0,True,True
ENSG00000108799,5.359999999999999,False,False
ENSG00000108813,0.21500000000000002,False,False
ENSG00000108819,0.11,False,False
ENSG00000108821,0.03,False,True
ENSG00000108825,1.545,False,False
ENSG00000108826,276.735,False,False
ENSG00000108828,34.325,True,False
ENSG00000108829,18.1,False,False
ENSG00000108830,0.13,False,False
ENSG00000108840,0.375,False,False
ENSG00000108846,0.01,True,True
ENSG00000108848,67.57499999999999,False,False
ENSG00000108852,0.015,True,True
ENSG00000108854,2.795,True,False
ENSG00000108861,2.96,False,False
ENSG00000108883,41.535,False,False
ENSG00000108924,0.05,True,True
ENSG00000108932,0.11,True,False
ENSG00000108946,10.515,False,False
ENSG00000108950,0.0,False,True
ENSG00000108953,224.225,False,False
ENSG00000108960,2.1550000000000002,True,False
ENSG00000108961,41.66,True,False
ENSG00000108963,0.505,False,False
ENSG00000108984,0.005,True,True
ENSG00000109046,15.125,False,False
ENSG00000109062,14.03,False,False
ENSG00000109065,3.115,False,False
ENSG00000109066,0.31,True,False
ENSG00000109072,0.415,False,False
ENSG00000109079,1.415,False,False
ENSG00000109083,8.125,True,False
ENSG00000109084,66.34,False,False
ENSG00000109089,5.425,True,False
ENSG00000109103,0.39,True,False
ENSG00000109107,79.405,False,False
ENSG00000109111,2.2,False,False
ENSG00000109113,0.035,True,True
ENSG00000109118,0.7,False,False
ENSG00000109132,0.0,False,True
ENSG00000109133,22.869999999999997,False,False
ENSG00000109171,2.6399999999999997,False,False
ENSG00000109184,11.795,False,False
ENSG00000109189,2.31,True,False
ENSG00000109220,0.775,True,False
ENSG00000109255,56.93,True,False
ENSG00000109265,0.0,False,True
ENSG00000109270,100.50999999999999,False,False
ENSG00000109320,1.755,True,False
ENSG00000109321,1.0699999999999998,True,False
ENSG00000109323,1.49,True,False
ENSG00000109332,124.17999999999999,False,False
ENSG00000109339,0.11,True,False
ENSG00000109381,11.64,False,False
ENSG00000109390,283.19,False,False
ENSG00000109424,0.0,False,True
ENSG00000109445,51.255,True,False
ENSG00000109458,0.855,True,False
ENSG00000109466,2.21,True,False
ENSG00000109475,3267.9700000000003,False,False
ENSG00000109519,82.53999999999999,False,False
ENSG00000109534,30.145000000000003,False,False
ENSG00000109536,112.975,False,False
ENSG00000109572,7.645,False,False
ENSG00000109586,10.335,False,False
ENSG00000109606,112.63,False,False
ENSG00000109618,2.635,True,False
ENSG00000109625,0.01,True,True
ENSG00000109654,0.04,False,True
ENSG00000109670,6.24,False,False
ENSG00000109674,2.12,False,False
ENSG00000109685,6.145,False,False
ENSG00000109686,0.765,False,False
ENSG00000109689,6.25,True,False
ENSG00000109705,0.025,True,True
ENSG00000109736,0.13,False,False
ENSG00000109756,1.7799999999999998,False,False
ENSG00000109762,1.5350000000000001,False,False
ENSG00000109771,0.32,True,False
ENSG00000109775,26.119999999999997,False,False
ENSG00000109787,9.775,False,False
ENSG00000109790,5.805,False,False
ENSG00000109794,0.0,False,True
ENSG00000109805,16.095,False,False
ENSG00000109814,4.625,False,False
ENSG00000109832,0.03,True,True
ENSG00000109851,0.0,False,True
ENSG00000109854,61.845,False,False
ENSG00000109861,271.59000000000003,True,False
ENSG00000109881,4.375,True,False
ENSG00000109911,35.739999999999995,False,False
ENSG00000109917,9.945,False,False
ENSG00000109919,414.29999999999995,False,False
ENSG00000109920,8.59,False,False
ENSG00000109929,12.79,False,False
ENSG00000109944,0.0,True,True
ENSG00000109971,892.55,False,False
ENSG00000109991,0.0,False,True
ENSG00000110002,5.609999999999999,False,False
ENSG00000110011,3.38,False,False
ENSG00000110025,1.975,False,False
ENSG00000110031,1.5150000000000001,True,False
ENSG00000110042,0.0,True,True
ENSG00000110046,0.33999999999999997,False,False
ENSG00000110047,0.305,True,False
ENSG00000110048,7.425000000000001,False,False
ENSG00000110057,0.05,True,True
ENSG00000110060,26.4,True,False
ENSG00000110063,6.085,False,False
ENSG00000110066,4.25,False,False
ENSG00000110074,12.09,False,False
ENSG00000110075,21.52,False,False
ENSG00000110076,0.0,False,True
ENSG00000110077,3.9,True,False
ENSG00000110079,28.68,False,False
ENSG00000110080,0.235,False,False
ENSG00000110092,0.095,False,True
ENSG00000110104,3.07,False,False
ENSG00000110107,6.74,False,False
ENSG00000110108,7.82,False,False
ENSG00000110148,0.0,False,True
ENSG00000110171,0.355,True,False
ENSG00000110172,76.48,False,False
ENSG00000110200,132.21,False,False
ENSG00000110203,0.0,False,True
ENSG00000110218,1.69,False,False
ENSG00000110237,0.0,True,True
ENSG00000110274,2.8049999999999997,True,False
ENSG00000110315,34.150000000000006,True,False
ENSG00000110318,0.005,False,True
ENSG00000110321,134.165,False,False
ENSG00000110324,0.16499999999999998,True,False
ENSG00000110328,0.0,True,True
ENSG00000110330,9.555,False,False
ENSG00000110344,10.41,False,False
ENSG00000110367,10.955,False,False
ENSG00000110375,0.0,False,True
ENSG00000110395,4.205,False,False
ENSG00000110400,0.08499999999999999,False,True
ENSG00000110422,3.0949999999999998,False,False
ENSG00000110427,0.0,True,True
ENSG00000110429,35.66,False,False
ENSG00000110435,13.42,False,False
ENSG00000110436,0.0,False,True
ENSG00000110442,82.95500000000001,True,False
ENSG00000110446,0.0,True,True
ENSG00000110455,3.035,True,False
ENSG00000110492,17.125,True,False
ENSG00000110497,0.30000000000000004,False,False
ENSG00000110514,0.5700000000000001,False,False
ENSG00000110536,8.475,False,False
ENSG00000110583,4.18,False,False
ENSG00000110619,10.239999999999998,False,False
ENSG00000110651,1.68,False,False
ENSG00000110660,26.695,True,False
ENSG00000110675,0.0,False,True
ENSG00000110693,1.6349999999999998,False,False
ENSG00000110696,271.52,True,False
ENSG00000110697,0.095,False,True
ENSG00000110700,2762.3900000000003,False,False
ENSG00000110711,3.9450000000000003,False,False
ENSG00000110713,28.525,False,False
ENSG00000110717,25.305,False,False
ENSG00000110719,0.32499999999999996,False,False
ENSG00000110721,2.565,False,False
ENSG00000110723,3.13,True,False
ENSG00000110756,7.42,True,False
ENSG00000110768,55.36,False,False
ENSG00000110786,0.0,False,True
ENSG00000110801,9.33,False,False
ENSG00000110811,0.045000000000000005,True,True
ENSG00000110841,0.375,True,False
ENSG00000110844,0.355,True,False
ENSG00000110848,128.315,True,False
ENSG00000110851,3.7750000000000004,False,False
ENSG00000110852,3.95,True,False
ENSG00000110871,14.22,False,False
ENSG00000110876,0.32,True,False
ENSG00000110880,37.305,False,False
ENSG00000110881,0.06,False,True
ENSG00000110887,0.0,False,True
ENSG00000110900,0.0,False,True
ENSG00000110906,8.265,False,False
ENSG00000110911,14.205,False,False
ENSG00000110917,12.41,False,False
ENSG00000110921,0.32999999999999996,False,False
ENSG00000110925,1.385,True,False
ENSG00000110931,2.915,False,False
ENSG00000110934,0.055,True,True
ENSG00000110944,23.695,True,False
ENSG00000110955,792.69,False,False
ENSG00000110958,120.145,False,False
ENSG00000110975,0.15,True,False
ENSG00000110987,0.255,True,False
ENSG00000111011,34.705,False,False
ENSG00000111012,0.14500000000000002,True,False
ENSG00000111057,18.375,True,False
ENSG00000111077,0.03,False,True
ENSG00000111087,0.29,True,False
ENSG00000111110,5.3,True,False
ENSG00000111142,48.400000000000006,False,False
ENSG00000111145,0.9450000000000001,True,False
ENSG00000111186,0.315,True,False
ENSG00000111196,135.635,True,False
ENSG00000111199,0.0,True,True
ENSG00000111203,13.434999999999999,False,False
ENSG00000111206,6.11,False,False
ENSG00000111224,0.7649999999999999,True,False
ENSG00000111229,308.02,False,False
ENSG00000111231,84.465,False,False
ENSG00000111237,443.61,False,False
ENSG00000111247,71.21000000000001,False,False
ENSG00000111249,0.0,False,True
ENSG00000111252,9.735,False,False
ENSG00000111254,0.13,True,False
ENSG00000111261,0.575,False,False
ENSG00000111266,0.745,False,False
ENSG00000111269,1.1800000000000002,True,False
ENSG00000111271,1.94,False,False
ENSG00000111275,1.145,False,False
ENSG00000111300,33.08,False,False
ENSG00000111305,0.005,True,True
ENSG00000111325,1.2,False,False
ENSG00000111328,19.325000000000003,False,False
ENSG00000111331,0.2,True,False
ENSG00000111335,0.005,True,True
ENSG00000111348,119.375,True,False
ENSG00000111358,22.810000000000002,False,False
ENSG00000111361,23.78,False,False
ENSG00000111364,7.26,False,False
ENSG00000111371,47.6,False,False
ENSG00000111412,0.72,True,False
ENSG00000111450,13.765,True,False
ENSG00000111481,304.725,True,False
ENSG00000111490,0.0,True,True
ENSG00000111530,15.745000000000001,False,False
ENSG00000111540,4.425,False,False
ENSG00000111554,4.4,True,False
ENSG00000111581,98.84,False,False
ENSG00000111596,27.57,False,False
ENSG00000111602,7.95,False,False
ENSG00000111605,23.625,False,False
ENSG00000111615,45.875,True,False
ENSG00000111639,468.255,False,False
ENSG00000111640,4100.1849999999995,False,False
ENSG00000111641,12.625,False,False
ENSG00000111642,51.535,True,False
ENSG00000111647,2.3600000000000003,False,False
ENSG00000111652,11.445,False,False
ENSG00000111653,4.975,True,False
ENSG00000111665,19.69,False,False
ENSG00000111666,12.69,False,False
ENSG00000111667,1.4100000000000001,False,False
ENSG00000111669,3887.5650000000005,False,False
ENSG00000111670,4.1850000000000005,False,False
ENSG00000111671,0.04,False,True
ENSG00000111674,14.325,True,False
ENSG00000111676,0.09,False,True
ENSG00000111678,59.42999999999999,False,False
ENSG00000111679,1.105,True,False
ENSG00000111684,2.88,False,False
ENSG00000111696,21.060000000000002,True,False
ENSG00000111707,7.75,False,False
ENSG00000111711,40.935,False,False
ENSG00000111725,23.92,False,False
ENSG00000111726,22.57,False,False
ENSG00000111727,0.6499999999999999,True,False
ENSG00000111731,2.775,False,False
ENSG00000111737,0.535,False,False
ENSG00000111752,1.32,True,False
ENSG00000111775,2655.3,False,False
ENSG00000111780,0.14,True,False
ENSG00000111785,0.855,True,False
ENSG00000111786,35.795,False,False
ENSG00000111790,22.17,False,False
ENSG00000111799,0.0,False,True
ENSG00000111801,0.21500000000000002,True,False
ENSG00000111802,18.36,False,False
ENSG00000111817,0.42,True,False
ENSG00000111832,36.900000000000006,True,False
ENSG00000111834,0.035,False,True
ENSG00000111837,0.745,True,False
ENSG00000111843,372.78999999999996,True,False
ENSG00000111845,126.97999999999999,False,False
ENSG00000111850,39.5,True,False
ENSG00000111860,4.125,True,False
ENSG00000111875,23.29,False,False
ENSG00000111877,2.86,True,False
ENSG00000111879,4.625,False,False
ENSG00000111880,3.99,True,False
ENSG00000111885,16.425,False,False
ENSG00000111897,19.005,False,False
ENSG00000111906,426.615,False,False
ENSG00000111911,0.865,True,False
ENSG00000111912,3.725,False,False
ENSG00000111962,0.0,False,True
ENSG00000111981,0.8899999999999999,True,False
ENSG00000112029,12.85,False,False
ENSG00000112031,7.535,False,False
ENSG00000112033,0.1,True,False
ENSG00000112039,3.75,False,False
ENSG00000112062,5.67,False,False
ENSG00000112078,18.564999999999998,False,False
ENSG00000112079,3.7350000000000003,True,False
ENSG00000112081,802.355,False,False
ENSG00000112110,308.16499999999996,False,False
ENSG00000112118,48.945,False,False
ENSG00000112130,8.115,False,False
ENSG00000112139,0.15,False,False
ENSG00000112144,1.1099999999999999,True,False
ENSG00000112149,2.5,True,False
ENSG00000112159,19.955,False,False
ENSG00000112164,0.0,False,True
ENSG00000112167,2.6100000000000003,True,False
ENSG00000112182,0.06,False,True
ENSG00000112183,0.0,False,True
ENSG00000112186,0.0,False,True
ENSG00000112195,0.175,True,False
ENSG00000112208,9.42,True,False
ENSG00000112210,1.905,True,False
ENSG00000112218,1.47,True,False
ENSG00000112234,3.315,False,False
ENSG00000112237,120.185,False,False
ENSG00000112238,0.0,False,True
ENSG00000112242,7.66,False,False
ENSG00000112249,9.79,False,False
ENSG00000112276,0.015,True,True
ENSG00000112282,9.14,False,False
ENSG00000112290,1.5150000000000001,False,False
ENSG00000112293,0.095,True,True
ENSG00000112294,1.5550000000000002,False,False
ENSG00000112297,0.045,True,True
ENSG00000112304,78.89500000000001,False,False
ENSG00000112305,8.105,False,False
ENSG00000112306,2122.835,False,False
ENSG00000112308,370.935,False,False
ENSG00000112309,0.17,True,False
ENSG00000112312,239.29500000000002,False,False
ENSG00000112320,0.0,False,True
ENSG00000112333,0.0,False,True
ENSG00000112335,35.66,False,False
ENSG00000112343,1.02,True,False
ENSG00000112357,1.1949999999999998,True,False
ENSG00000112365,1.19,True,False
ENSG00000112367,0.9850000000000001,True,False
ENSG00000112378,0.0,False,True
ENSG00000112379,0.0,True,True
ENSG00000112394,0.01,True,True
ENSG00000112406,0.32,True,False
ENSG00000112414,0.0,True,True
ENSG00000112419,9.105,True,False
ENSG00000112425,0.5,True,False
ENSG00000112473,14.024999999999999,False,False
ENSG00000112486,0.0,True,True
ENSG00000112511,2.69,False,False
ENSG00000112514,495.03499999999997,False,False
ENSG00000112530,0.005,False,True
ENSG00000112531,40.84,False,False
ENSG00000112559,0.0,False,True
ENSG00000112561,0.025,True,True
ENSG00000112576,15.09,False,False
ENSG00000112578,15.920000000000002,False,False
ENSG00000112584,2.09,False,False
ENSG00000112592,43.65,False,False
ENSG00000112624,0.905,False,False
ENSG00000112640,1.02,False,False
ENSG00000112651,49.72,False,False
ENSG00000112655,0.14500000000000002,True,False
ENSG00000112658,1.72,False,False
ENSG00000112659,0.395,True,False
ENSG00000112667,7.345000000000001,False,False
ENSG00000112679,5.81,True,False
ENSG00000112685,8.215,False,False
ENSG00000112697,3.92,True,False
ENSG00000112699,0.49,True,False
ENSG00000112701,6.74,False,False
ENSG00000112715,11.155000000000001,False,False
ENSG00000112739,16.564999999999998,False,False
ENSG00000112742,20.735,False,False
ENSG00000112759,14.55,False,False
ENSG00000112763,4.609999999999999,True,False
ENSG00000112769,0.17,False,False
ENSG00000112773,1.0899999999999999,True,False
ENSG00000112787,0.2,False,False
ENSG00000112799,0.07500000000000001,True,True
ENSG00000112837,2.63,True,False
ENSG00000112855,6.92,False,False
ENSG00000112874,14.635000000000002,True,False
ENSG00000112877,0.6799999999999999,False,False
ENSG00000112893,3.87,False,False
ENSG00000112902,0.0,False,True
ENSG00000112941,0.845,True,False
ENSG00000112972,58.894999999999996,False,False
ENSG00000112977,10.655000000000001,False,False
ENSG00000112983,52.43,False,False
ENSG00000112984,22.22,False,False
ENSG00000112992,13.065000000000001,False,False
ENSG00000112996,24.135,False,False
ENSG00000113013,145.64,True,False
ENSG00000113048,66.28999999999999,False,False
ENSG00000113068,112.64500000000001,False,False
ENSG00000113070,0.11000000000000001,True,False
ENSG00000113108,0.135,True,False
ENSG00000113119,2.99,False,False
ENSG00000113140,7.395,True,False
ENSG00000113141,56.19,False,False
ENSG00000113161,17.3,False,False
ENSG00000113163,3.0949999999999998,False,False
ENSG00000113194,14.89,False,False
ENSG00000113196,0.0,False,True
ENSG00000113263,0.0,False,True
ENSG00000113269,4.155,True,False
ENSG00000113272,17.405,False,False
ENSG00000113273,0.575,True,False
ENSG00000113282,17.115,True,False
ENSG00000113300,5.025,False,False
ENSG00000113302,0.0,False,True
ENSG00000113312,82.32499999999999,False,False
ENSG00000113318,2.84,False,False
ENSG00000113328,193.915,False,False
ENSG00000113356,64.53999999999999,True,False
ENSG00000113360,34.835,False,False
ENSG00000113368,4.9399999999999995,False,False
ENSG00000113369,22.424999999999997,False,False
ENSG00000113384,13.719999999999999,False,False
ENSG00000113391,2.69,True,False
ENSG00000113407,165.485,False,False
ENSG00000113430,0.0,False,True
ENSG00000113441,1.9300000000000002,False,False
ENSG00000113456,99.815,False,False
ENSG00000113460,101.57,False,False
ENSG00000113504,0.005,True,True
ENSG00000113520,0.44,False,False
ENSG00000113522,9.725,False,False
ENSG00000113525,0.175,False,False
ENSG00000113532,0.235,True,False
ENSG00000113552,94.34,True,False
ENSG00000113555,0.01,False,True
ENSG00000113558,1441.345,False,False
ENSG00000113569,23.939999999999998,False,False
ENSG00000113575,16.015,False,False
ENSG00000113580,6.645,True,False
ENSG00000113583,20.54,False,False
ENSG00000113593,30.549999999999997,False,False
ENSG00000113595,1.73,True,False
ENSG00000113597,19.275,True,False
ENSG00000113615,7.49,False,False
ENSG00000113621,1.755,True,False
ENSG00000113638,13.2,False,False
ENSG00000113643,85.495,False,False
ENSG00000113645,0.0,True,True
ENSG00000113648,31.68,False,False
ENSG00000113649,39.235,True,False
ENSG00000113658,10.83,False,False
ENSG00000113712,42.155,False,False
ENSG00000113716,1.255,False,False
ENSG00000113719,8.280000000000001,False,False
ENSG00000113732,287.695,False,False
ENSG00000113734,37.91,True,False
ENSG00000113739,0.385,True,False
ENSG00000113742,6.975,True,False
ENSG00000113749,0.005,False,True
ENSG00000113758,0.5,False,False
ENSG00000113761,4.140000000000001,False,False
ENSG00000113763,0.0,True,True
ENSG00000113810,70.11500000000001,False,False
ENSG00000113811,120.245,True,False
ENSG00000113812,2.885,False,False
ENSG00000113838,12.195,False,False
ENSG00000113845,155.95499999999998,False,False
ENSG00000113851,188.835,False,False
ENSG00000113916,0.1,True,False
ENSG00000113966,1.955,True,False
ENSG00000113971,0.595,True,False
ENSG00000114019,0.0,True,True
ENSG00000114021,42.33,True,False
ENSG00000114023,149.60000000000002,False,False
ENSG00000114026,5.4399999999999995,False,False
ENSG00000114030,5.3149999999999995,False,False
ENSG00000114054,51.745000000000005,False,False
ENSG00000114062,22.115000000000002,False,False
ENSG00000114098,23.875,False,False
ENSG00000114107,13.344999999999999,True,False
ENSG00000114120,8.135,False,False
ENSG00000114125,80.06,False,False
ENSG00000114126,91.65,False,False
ENSG00000114127,4.255,False,False
ENSG00000114166,2.315,True,False
ENSG00000114209,323.12,False,False
ENSG00000114270,0.0,True,True
ENSG00000114302,12.765,False,False
ENSG00000114315,5.48,True,False
ENSG00000114316,9.395,False,False
ENSG00000114331,7.8149999999999995,False,False
ENSG00000114346,12.399999999999999,False,False
ENSG00000114353,0.93,False,False
ENSG00000114354,22.04,True,False
ENSG00000114383,2.39,True,False
ENSG00000114388,24.615000000000002,False,False
ENSG00000114391,885.24,False,False
ENSG00000114395,3.85,True,False
ENSG00000114423,1.295,True,False
ENSG00000114439,11.739999999999998,False,False
ENSG00000114446,1.12,False,False
ENSG00000114450,4.665,True,False
ENSG00000114473,3.04,True,False
ENSG00000114480,4.83,False,False
ENSG00000114491,35.63,True,False
ENSG00000114503,35.14,False,False
ENSG00000114520,11.81,False,False
ENSG00000114529,3.4050000000000002,True,False
ENSG00000114554,0.14500000000000002,False,False
ENSG00000114573,24.950000000000003,False,False
ENSG00000114626,0.0,True,True
ENSG00000114631,0.015,True,True
ENSG00000114646,0.105,True,False
ENSG00000114648,66.47,False,False
ENSG00000114650,2.2800000000000002,False,False
ENSG00000114654,0.0,True,True
ENSG00000114656,0.17,True,False
ENSG00000114670,0.375,True,False
ENSG00000114686,62.209999999999994,False,False
ENSG00000114698,0.19,True,False
ENSG00000114735,1.565,True,False
ENSG00000114737,1.49,False,False
ENSG00000114738,5.835,False,False
ENSG00000114739,1.685,True,False
ENSG00000114742,18.03,False,False
ENSG00000114744,67.16,False,False
ENSG00000114745,6.16,False,False
ENSG00000114767,4.605,False,False
ENSG00000114770,25.82,True,False
ENSG00000114779,7.93,False,False
ENSG00000114784,123.09,False,False
ENSG00000114786,1.3199999999999998,True,False
ENSG00000114790,0.015,True,True
ENSG00000114796,3.98,False,False
ENSG00000114805,0.125,True,False
ENSG00000114850,296.78,False,False
ENSG00000114853,0.08499999999999999,True,True
ENSG00000114854,0.125,False,False
ENSG00000114857,19.380000000000003,False,False
ENSG00000114859,0.135,True,False
ENSG00000114861,9.225,True,False
ENSG00000114867,4.17,False,False
ENSG00000114902,417.09000000000003,False,False
ENSG00000114904,3.715,False,False
ENSG00000114923,0.0,True,True
ENSG00000114933,0.905,True,False
ENSG00000114942,664.31,False,False
ENSG00000114956,202.24,False,False
ENSG00000114978,19.53,False,False
ENSG00000114988,17.810000000000002,True,False
ENSG00000114993,0.1,True,False
ENSG00000114999,5.755,False,False
ENSG00000115020,2.46,False,False
ENSG00000115042,10.57,False,False
ENSG00000115073,0.5249999999999999,False,False
ENSG00000115084,4.255,False,False
ENSG00000115091,30.415,False,False
ENSG00000115107,1.8199999999999998,True,False
ENSG00000115109,1.5299999999999998,False,False
ENSG00000115112,0.095,True,True
ENSG00000115128,441.6,False,False
ENSG00000115129,0.46,True,False
ENSG00000115137,0.48,True,False
ENSG00000115138,0.0,True,True
ENSG00000115145,3.095,True,False
ENSG00000115159,2.9850000000000003,False,False
ENSG00000115163,8.26,False,False
ENSG00000115170,4.35,True,False
ENSG00000115183,0.0,False,True
ENSG00000115204,52.815,False,False
ENSG00000115207,22.52,False,False
ENSG00000115211,22.875,False,False
ENSG00000115216,2.48,False,False
ENSG00000115226,0.23500000000000001,True,False
ENSG00000115233,328.8,False,False
ENSG00000115234,2.475,False,False
ENSG00000115241,59.585,False,False
ENSG00000115255,0.97,True,False
ENSG00000115257,0.0,True,True
ENSG00000115266,0.0,True,True
ENSG00000115267,0.045,True,True
ENSG00000115268,484.86,False,False
ENSG00000115271,0.46,True,False
ENSG00000115274,0.54,True,False
ENSG00000115275,2.5949999999999998,False,False
ENSG00000115282,4.335,True,False
ENSG00000115286,20.439999999999998,False,False
ENSG00000115289,32.099999999999994,False,False
ENSG00000115306,11.065,True,False
ENSG00000115307,65.305,False,False
ENSG00000115317,49.41,False,False
ENSG00000115318,0.18,True,False
ENSG00000115325,0.405,False,False
ENSG00000115350,18.975,True,False
ENSG00000115353,0.0,True,True
ENSG00000115355,19.575,False,False
ENSG00000115364,7.494999999999999,False,False
ENSG00000115365,14.04,False,False
ENSG00000115368,41.56,False,False
ENSG00000115392,69.49,False,False
ENSG00000115414,6.63,True,False
ENSG00000115415,5.615,False,False
ENSG00000115419,9.81,False,False
ENSG00000115421,2.77,False,False
ENSG00000115423,0.01,False,True
ENSG00000115425,1.05,True,False
ENSG00000115446,26.805,True,False
ENSG00000115457,0.0,False,True
ENSG00000115459,2.6399999999999997,True,False
ENSG00000115464,13.765,False,False
ENSG00000115468,0.425,False,False
ENSG00000115484,73.175,False,False
ENSG00000115486,32.68,False,False
ENSG00000115507,0.215,True,False
ENSG00000115514,152.635,False,False
ENSG00000115520,5.43,True,False
ENSG00000115524,79.895,False,False
ENSG00000115526,0.7150000000000001,False,False
ENSG00000115539,49.605000000000004,True,False
ENSG00000115540,23.305,True,False
ENSG00000115541,744.7850000000001,False,False
ENSG00000115548,4.625,False,False
ENSG00000115561,13.055,True,False
ENSG00000115568,0.79,False,False
ENSG00000115607,3.4349999999999996,True,False
ENSG00000115616,0.275,True,False
ENSG00000115649,6.965,False,False
ENSG00000115652,3.8600000000000003,False,False
ENSG00000115657,3.1550000000000002,False,False
ENSG00000115661,4.02,False,False
ENSG00000115677,15.49,False,False
ENSG00000115685,26.355,False,False
ENSG00000115687,1.76,True,False
ENSG00000115694,4.005,False,False
ENSG00000115738,15.115,True,False
ENSG00000115750,10.69,False,False
ENSG00000115756,2.17,False,False
ENSG00000115758,103.965,True,False
ENSG00000115760,18.485,True,False
ENSG00000115761,20.205,False,False
ENSG00000115762,30.56,False,False
ENSG00000115806,18.83,True,False
ENSG00000115808,0.8400000000000001,False,False
ENSG00000115816,36.045,False,False
ENSG00000115825,2.81,True,False
ENSG00000115827,5.965,False,False
ENSG00000115828,0.0,True,True
ENSG00000115839,10.184999999999999,False,False
ENSG00000115840,10.975,False,False
ENSG00000115841,1.51,True,False
ENSG00000115844,1.35,True,False
ENSG00000115866,60.245000000000005,False,False
ENSG00000115875,467.265,False,False
ENSG00000115884,0.06,True,True
ENSG00000115896,1.46,True,False
ENSG00000115902,3.175,False,False
ENSG00000115904,1.67,False,False
ENSG00000115919,7.46,True,False
ENSG00000115935,0.63,True,False
ENSG00000115942,4.12,False,False
ENSG00000115946,8.125,False,False
ENSG00000115947,61.959999999999994,False,False
ENSG00000115966,14.715,False,False
ENSG00000115970,12.485,False,False
ENSG00000115977,1.8649999999999998,True,False
ENSG00000115993,2.145,True,False
ENSG00000115998,2.9349999999999996,True,False
ENSG00000116001,17.535,False,False
ENSG00000116005,3.415,True,False
ENSG00000116014,0.55,True,False
ENSG00000116017,1.51,False,False
ENSG00000116030,199.62,False,False
ENSG00000116035,0.0,True,True
ENSG00000116044,19.6,False,False
ENSG00000116095,1.75,False,False
ENSG00000116096,5.695,True,False
ENSG00000116117,0.245,True,False
ENSG00000116120,93.355,False,False
ENSG00000116127,1.275,False,False
ENSG00000116128,0.32,True,False
ENSG00000116132,0.0,True,True
ENSG00000116133,15.955000000000002,False,False
ENSG00000116138,4.665,False,False
ENSG00000116141,0.0,False,True
ENSG00000116151,0.265,True,False
ENSG00000116161,310.6,False,False
ENSG00000116171,171.65499999999997,True,False
ENSG00000116191,0.25,True,False
ENSG00000116198,8.235,False,False
ENSG00000116199,4.77,False,False
ENSG00000116205,6.96,True,False
ENSG00000116209,143.69,False,False
ENSG00000116212,11.23,False,False
ENSG00000116213,2.79,True,False
ENSG00000116237,3.645,False,False
ENSG00000116251,443.725,True,False
ENSG00000116260,2.96,False,False
ENSG00000116266,21.115000000000002,False,False
ENSG00000116273,1.2349999999999999,True,False
ENSG00000116285,0.605,False,False
ENSG00000116288,765.54,False,False
ENSG00000116299,0.1,True,False
ENSG00000116350,13.155,False,False
ENSG00000116353,7.529999999999999,False,False
ENSG00000116396,0.07,False,True
ENSG00000116406,12.455,False,False
ENSG00000116455,15.155000000000001,False,False
ENSG00000116459,1890.385,False,False
ENSG00000116478,113.225,False,False
ENSG00000116489,685.345,False,False
ENSG00000116497,16.634999999999998,False,False
ENSG00000116514,1.63,True,False
ENSG00000116521,53.0,False,False
ENSG00000116525,0.25,True,False
ENSG00000116539,4.16,False,False
ENSG00000116544,0.0,True,True
ENSG00000116560,50.315,False,False
ENSG00000116580,24.990000000000002,False,False
ENSG00000116586,115.315,False,False
ENSG00000116604,0.07500000000000001,True,True
ENSG00000116641,4.745,False,False
ENSG00000116649,19.439999999999998,False,False
ENSG00000116661,0.085,False,True
ENSG00000116663,8.84,False,False
ENSG00000116667,0.08,False,True
ENSG00000116668,0.9850000000000001,True,False
ENSG00000116670,9.725,True,False
ENSG00000116678,7.88,False,False
ENSG00000116679,19.365000000000002,False,False
ENSG00000116685,1.92,False,False
ENSG00000116688,9.945,False,False
ENSG00000116691,1.7349999999999999,False,False
ENSG00000116698,7.73,False,False
ENSG00000116701,0.01,True,True
ENSG00000116704,1.5899999999999999,True,False
ENSG00000116711,0.005,False,True
ENSG00000116717,14.47,True,False
ENSG00000116731,3.7800000000000002,True,False
ENSG00000116741,2.5949999999999998,True,False
ENSG00000116747,120.845,False,False
ENSG00000116750,46.86,False,False
ENSG00000116752,121.31,False,False
ENSG00000116754,52.345,False,False
ENSG00000116761,30.71,False,False
ENSG00000116786,0.28500000000000003,False,False
ENSG00000116791,105.145,False,False
ENSG00000116793,4.96,False,False
ENSG00000116809,0.8400000000000001,True,False
ENSG00000116815,18.225,False,False
ENSG00000116830,7.15,False,False
ENSG00000116833,0.135,False,False
ENSG00000116852,0.32,False,False
ENSG00000116857,41.16,True,False
ENSG00000116863,4.755,False,False
ENSG00000116871,2.815,False,False
ENSG00000116874,4.28,False,False
ENSG00000116898,51.865,False,False
ENSG00000116903,2.83,True,False
ENSG00000116906,20.83,False,False
ENSG00000116918,51.345,False,False
ENSG00000116922,16.355,False,False
ENSG00000116954,11.095,True,False
ENSG00000116981,0.0,False,True
ENSG00000116983,0.005,True,True
ENSG00000116984,3.17,False,False
ENSG00000116985,0.015,False,True
ENSG00000116990,2.405,False,False
ENSG00000117000,3.545,False,False
ENSG00000117009,0.0,True,True
ENSG00000117010,3.405,True,False
ENSG00000117013,0.08,True,True
ENSG00000117016,0.135,False,False
ENSG00000117020,0.0,False,True
ENSG00000117036,2.86,False,False
ENSG00000117054,67.575,False,False
ENSG00000117115,0.005,True,True
ENSG00000117118,163.745,False,False
ENSG00000117122,0.0,False,True
ENSG00000117133,52.415,True,False
ENSG00000117139,11.370000000000001,False,False
ENSG00000117143,122.72,False,False
ENSG00000117151,2.415,True,False
ENSG00000117153,15.774999999999999,False,False
ENSG00000117155,13.99,False,False
ENSG00000117174,13.370000000000001,True,False
ENSG00000117215,0.0,True,True
ENSG00000117222,12.46,False,False
ENSG00000117245,0.005,True,True
ENSG00000117266,0.0,False,True
ENSG00000117280,4.2250000000000005,True,False
ENSG00000117298,0.41500000000000004,True,False
ENSG00000117308,7.895,False,False
ENSG00000117318,4.75,False,False
ENSG00000117322,0.14500000000000002,True,False
ENSG00000117335,89.535,False,False
ENSG00000117360,16.325,False,False
ENSG00000117362,4.465,False,False
ENSG00000117385,1.3900000000000001,False,False
ENSG00000117394,10.705,False,False
ENSG00000117399,32.785,False,False
ENSG00000117408,5.19,False,False
ENSG00000117410,111.47,False,False
ENSG00000117411,1.13,False,False
ENSG00000117419,37.29,True,False
ENSG00000117448,63.105000000000004,False,False
ENSG00000117461,0.975,True,False
ENSG00000117475,15.625,False,False
ENSG00000117479,5.025,False,False
ENSG00000117481,31.825,False,False
ENSG00000117500,19.380000000000003,True,False
ENSG00000117505,6.18,False,False
ENSG00000117523,59.379999999999995,False,False
ENSG00000117525,0.0,False,True
ENSG00000117528,8.16,False,False
ENSG00000117533,2.08,True,False
ENSG00000117543,82.4,False,False
ENSG00000117569,7.98,False,False
ENSG00000117592,722.03,False,False
ENSG00000117593,32.23,False,False
ENSG00000117597,3.365,True,False
ENSG00000117600,0.0,True,True
ENSG00000117602,0.08,False,True
ENSG00000117614,13.780000000000001,True,False
ENSG00000117616,20.435,False,False
ENSG00000117620,2.8,True,False
ENSG00000117625,6.73,False,False
ENSG00000117632,1439.9650000000001,True,False
ENSG00000117640,51.795,False,False
ENSG00000117643,0.0,False,True
ENSG00000117650,19.745,False,False
ENSG00000117676,1.88,False,False
ENSG00000117682,21.975,False,False
ENSG00000117691,5.015000000000001,False,False
ENSG00000117697,66.835,False,False
ENSG00000117707,0.0,False,True
ENSG00000117713,13.79,False,False
ENSG00000117724,54.084999999999994,False,False
ENSG00000117748,190.85,False,False
ENSG00000117751,13.395,False,False
ENSG00000117758,14.989999999999998,True,False
ENSG00000117791,0.0,True,True
ENSG00000117862,14.15,False,False
ENSG00000117868,4.654999999999999,False,False
ENSG00000117877,4.775,False,False
ENSG00000117899,7.685,False,False
ENSG00000117906,15.899999999999999,False,False
ENSG00000117984,0.6799999999999999,False,False
ENSG00000118007,1.705,True,False
ENSG00000118046,0.62,False,False
ENSG00000118058,7.015000000000001,False,False
ENSG00000118096,15.25,True,False
ENSG00000118137,0.025,False,True
ENSG00000118156,0.005,False,True
ENSG00000118160,0.015,True,True
ENSG00000118162,0.38,False,False
ENSG00000118181,2130.2200000000003,False,False
ENSG00000118193,6.93,False,False
ENSG00000118197,5.07,False,False
ENSG00000118200,1.1,True,False
ENSG00000118217,7.984999999999999,False,False
ENSG00000118246,55.964999999999996,False,False
ENSG00000118257,0.0,True,True
ENSG00000118260,6.385,False,False
ENSG00000118276,0.085,True,True
ENSG00000118292,1.7850000000000001,True,False
ENSG00000118307,0.03,False,True
ENSG00000118363,258.585,False,False
ENSG00000118369,0.04,True,True
ENSG00000118412,9.5,False,False
ENSG00000118418,108.185,True,False
ENSG00000118420,7.76,True,False
ENSG00000118432,0.31,False,False
ENSG00000118454,2.285,True,False
ENSG00000118482,5.375,False,False
ENSG00000118495,3.845,True,False
ENSG00000118496,2.315,True,False
ENSG00000118503,0.785,True,False
ENSG00000118507,0.77,False,False
ENSG00000118513,24.48,False,False
ENSG00000118515,2.2800000000000002,True,False
ENSG00000118518,7.77,True,False
ENSG00000118526,0.0,False,True
ENSG00000118564,3.77,False,False
ENSG00000118579,62.485,False,False
ENSG00000118600,5.61,True,False
ENSG00000118620,2.86,False,False
ENSG00000118640,359.67,False,False
ENSG00000118655,8.370000000000001,False,False
ENSG00000118680,677.45,False,False
ENSG00000118689,2.9349999999999996,False,False
ENSG00000118690,0.20500000000000002,True,False
ENSG00000118705,311.32500000000005,False,False
ENSG00000118707,10.77,False,False
ENSG00000118762,0.060000000000000005,True,True
ENSG00000118804,0.0,True,True
ENSG00000118816,41.1,True,False
ENSG00000118873,9.395,False,False
ENSG00000118894,3.63,True,False
ENSG00000118900,1.385,False,False
ENSG00000118922,0.0,True,True
ENSG00000118939,83.72999999999999,False,False
ENSG00000118960,0.245,True,False
ENSG00000118961,22.945,False,False
ENSG00000118965,2.11,False,False
ENSG00000118971,28.405,True,False
ENSG00000118985,4.74,False,False
ENSG00000118997,0.16,True,False
ENSG00000119004,19.4,False,False
ENSG00000119013,570.315,False,False
ENSG00000119041,10.370000000000001,False,False
ENSG00000119042,6.59,True,False
ENSG00000119048,117.075,False,False
ENSG00000119121,0.05,True,True
ENSG00000119138,2.835,True,False
ENSG00000119185,27.384999999999998,False,False
ENSG00000119203,57.365,False,False
ENSG00000119227,0.07,True,True
ENSG00000119231,15.885,False,False
ENSG00000119242,0.18,True,False
ENSG00000119280,1.8399999999999999,True,False
ENSG00000119283,0.02,True,True
ENSG00000119285,17.105,False,False
ENSG00000119314,17.29,False,False
ENSG00000119318,19.740000000000002,False,False
ENSG00000119321,5.45,False,False
ENSG00000119326,14.39,False,False
ENSG00000119328,17.189999999999998,True,False
ENSG00000119333,0.855,False,False
ENSG00000119383,1.495,False,False
ENSG00000119392,11.26,False,False
ENSG00000119397,5.24,False,False
ENSG00000119401,4.545,True,False
ENSG00000119402,1.9449999999999998,False,False
ENSG00000119403,76.19999999999999,True,False
ENSG00000119408,1.93,False,False
ENSG00000119411,0.13,False,False
ENSG00000119414,24.345,False,False
ENSG00000119421,87.695,False,False
ENSG00000119431,0.605,True,False
ENSG00000119446,60.89,False,False
ENSG00000119471,21.475,False,False
ENSG00000119487,1.775,False,False
ENSG00000119508,0.0,True,True
ENSG00000119509,0.555,False,False
ENSG00000119514,22.174999999999997,True,False
ENSG00000119522,5.51,False,False
ENSG00000119523,3.5999999999999996,True,False
ENSG00000119537,3.225,True,False
ENSG00000119541,6.58,True,False
ENSG00000119547,0.275,True,False
ENSG00000119559,0.5800000000000001,False,False
ENSG00000119596,4.855,False,False
ENSG00000119599,2.005,True,False
ENSG00000119616,4.55,False,False
ENSG00000119630,0.02,True,True
ENSG00000119632,1.5,True,False
ENSG00000119636,0.935,True,False
ENSG00000119638,1.62,False,False
ENSG00000119640,73.405,True,False
ENSG00000119655,37.475,False,False
ENSG00000119660,0.0,False,True
ENSG00000119661,7.484999999999999,True,False
ENSG00000119669,0.5549999999999999,True,False
ENSG00000119681,0.015,False,True
ENSG00000119682,3.59,False,False
ENSG00000119684,6.855,False,False
ENSG00000119686,0.0,True,True
ENSG00000119688,2.9050000000000002,True,False
ENSG00000119689,5.37,False,False
ENSG00000119699,0.19,True,False
ENSG00000119703,5.035,False,False
ENSG00000119705,1349.365,False,False
ENSG00000119707,21.869999999999997,False,False
ENSG00000119711,3.3600000000000003,True,False
ENSG00000119714,0.305,False,False
ENSG00000119718,8.61,False,False
ENSG00000119720,4.035,True,False
ENSG00000119723,3.635,True,False
ENSG00000119725,28.04,False,False
ENSG00000119729,5.225,True,False
ENSG00000119760,16.785,False,False
ENSG00000119771,0.015,True,True
ENSG00000119772,6.125,True,False
ENSG00000119777,8.14,False,False
ENSG00000119778,2.39,True,False
ENSG00000119782,0.76,True,False
ENSG00000119787,9.135,False,False
ENSG00000119801,14.34,True,False
ENSG00000119812,15.605,False,False
ENSG00000119820,3.475,True,False
ENSG00000119844,5.27,False,False
ENSG00000119862,0.015,True,True
ENSG00000119865,1.25,True,False
ENSG00000119866,0.0,True,True
ENSG00000119878,23.225,True,False
ENSG00000119899,0.94,True,False
ENSG00000119906,1.15,True,False
ENSG00000119912,7.79,False,False
ENSG00000119915,2.065,True,False
ENSG00000119917,0.265,True,False
ENSG00000119919,0.0,True,True
ENSG00000119943,0.29000000000000004,True,False
ENSG00000119950,9.485,True,False
ENSG00000119953,5.555,False,False
ENSG00000119965,1.83,True,False
ENSG00000119969,8.305,False,False
ENSG00000119977,13.445,False,False
ENSG00000119979,11.79,True,False
ENSG00000119986,0.665,False,False
ENSG00000120008,7.205,False,False
ENSG00000120029,0.05,True,True
ENSG00000120051,0.12,True,False
ENSG00000120053,76.02000000000001,False,False
ENSG00000120055,0.02,False,True
ENSG00000120057,0.005,True,True
ENSG00000120063,5.67,False,False
ENSG00000120071,4.93,False,False
ENSG00000120088,0.0,True,True
ENSG00000120129,1.7599999999999998,False,False
ENSG00000120137,3.975,False,False
ENSG00000120158,25.18,False,False
ENSG00000120159,5.58,True,False
ENSG00000120162,4.795,False,False
ENSG00000120217,0.115,True,False
ENSG00000120253,19.175,False,False
ENSG00000120254,13.5,False,False
ENSG00000120256,0.49,True,False
ENSG00000120265,374.895,False,False
ENSG00000120278,0.01,True,True
ENSG00000120306,302.34000000000003,False,False
ENSG00000120314,3.845,False,False
ENSG00000120318,0.905,True,False
ENSG00000120333,169.0,False,False
ENSG00000120334,23.310000000000002,False,False
ENSG00000120370,3.415,True,False
ENSG00000120437,155.52,False,False
ENSG00000120438,299.745,False,False
ENSG00000120451,1.5,False,False
ENSG00000120458,0.7150000000000001,True,False
ENSG00000120509,78.64500000000001,False,False
ENSG00000120519,4.9350000000000005,False,False
ENSG00000120526,59.04,False,False
ENSG00000120533,386.4,False,False
ENSG00000120539,3.8950000000000005,False,False
ENSG00000120555,0.0,False,True
ENSG00000120594,0.02,True,True
ENSG00000120616,4.525,False,False
ENSG00000120647,7.01,True,False
ENSG00000120656,53.7,False,False
ENSG00000120662,12.559999999999999,False,False
ENSG00000120664,0.21000000000000002,False,False
ENSG00000120685,6.415,False,False
ENSG00000120686,36.305,False,False
ENSG00000120688,3.715,True,False
ENSG00000120690,16.43,False,False
ENSG00000120693,0.095,True,True
ENSG00000120694,23.17,False,False
ENSG00000120696,1.5699999999999998,True,False
ENSG00000120697,57.25,False,False
ENSG00000120699,391.23,False,False
ENSG00000120705,34.66,False,False
ENSG00000120708,0.0,False,True
ENSG00000120709,8.004999999999999,False,False
ENSG00000120725,1.385,False,False
ENSG00000120727,119.685,False,False
ENSG00000120733,7.975,False,False
ENSG00000120738,22.79,False,False
ENSG00000120742,27.68,False,False
ENSG00000120756,6.13,True,False
ENSG00000120784,0.8049999999999999,True,False
ENSG00000120798,5.91,False,False
ENSG00000120800,2.7750000000000004,True,False
ENSG00000120802,56.144999999999996,False,False
ENSG00000120805,86.325,False,False
ENSG00000120820,0.2,False,False
ENSG00000120832,7.3,True,False
ENSG00000120833,25.195,True,False
ENSG00000120837,34.445,False,False
ENSG00000120860,50.72,False,False
ENSG00000120868,2.855,False,False
ENSG00000120875,0.0,True,True
ENSG00000120885,0.51,True,False
ENSG00000120889,4.4,False,False
ENSG00000120899,1.575,False,False
ENSG00000120907,0.0,False,True
ENSG00000120910,3.0999999999999996,False,False
ENSG00000120915,9.055,False,False
ENSG00000120925,11.969999999999999,False,False
ENSG00000120937,0.0,False,True
ENSG00000120942,4.949999999999999,False,False
ENSG00000120948,79.31,False,False
ENSG00000120949,2.5199999999999996,False,False
ENSG00000120963,102.855,False,False
ENSG00000120992,141.745,False,False
ENSG00000121039,10.815,False,False
ENSG00000121057,8.28,False,False
ENSG00000121058,16.79,True,False
ENSG00000121060,4.3149999999999995,False,False
ENSG00000121064,6.869999999999999,True,False
ENSG00000121067,25.775,False,False
ENSG00000121073,45.165,False,False
ENSG00000121101,0.055,True,True
ENSG00000121104,2.915,False,False
ENSG00000121152,31.534999999999997,False,False
ENSG00000121210,0.8300000000000001,False,False
ENSG00000121211,51.185,False,False
ENSG00000121236,3.02,True,False
ENSG00000121270,0.0,False,True
ENSG00000121274,5.265000000000001,True,False
ENSG00000121281,1.6,True,False
ENSG00000121289,3.86,False,False
ENSG00000121310,1.5950000000000002,True,False
ENSG00000121316,6.05,True,False
ENSG00000121350,3.075,True,False
ENSG00000121361,0.135,True,False
ENSG00000121390,6.140000000000001,False,False
ENSG00000121454,0.125,False,False
ENSG00000121481,5.075,False,False
ENSG00000121486,4.71,False,False
ENSG00000121542,32.71,True,False
ENSG00000121578,8.905000000000001,True,False
ENSG00000121579,38.105000000000004,False,False
ENSG00000121594,4.4350000000000005,True,False
ENSG00000121621,13.07,False,False
ENSG00000121644,11.215,False,False
ENSG00000121653,0.060000000000000005,False,True
ENSG00000121671,1.9500000000000002,False,False
ENSG00000121680,0.79,False,False
ENSG00000121690,4.09,True,False
ENSG00000121691,78.28999999999999,False,False
ENSG00000121741,3.59,False,False
ENSG00000121743,0.005,True,True
ENSG00000121749,19.740000000000002,True,False
ENSG00000121753,0.0,True,True
ENSG00000121764,0.0,True,True
ENSG00000121766,72.94999999999999,False,False
ENSG00000121774,32.510000000000005,False,False
ENSG00000121775,1.5899999999999999,False,False
ENSG00000121797,2.91,False,False
ENSG00000121851,9.18,True,False
ENSG00000121853,0.0,False,True
ENSG00000121858,0.15,True,False
ENSG00000121864,14.145,False,False
ENSG00000121879,2.76,False,False
ENSG00000121892,10.01,True,False
ENSG00000121895,3.41,True,False
ENSG00000121897,29.07,False,False
ENSG00000121900,1.1099999999999999,False,False
ENSG00000121903,0.29,True,False
ENSG00000121931,51.56,True,False
ENSG00000121940,17.67,False,False
ENSG00000121957,4.865,False,False
ENSG00000121964,3.82,True,False
ENSG00000121966,0.05,True,True
ENSG00000121988,6.705,False,False
ENSG00000121989,2.2199999999999998,True,False
ENSG00000122008,3.95,False,False
ENSG00000122012,0.07,True,True
ENSG00000122025,0.0,True,True
ENSG00000122026,2988.89,False,False
ENSG00000122033,42.935,False,False
ENSG00000122034,36.055,False,False
ENSG00000122035,0.0,False,True
ENSG00000122042,0.655,True,False
ENSG00000122068,21.585,False,False
ENSG00000122085,10.885000000000002,True,False
ENSG00000122126,1.21,True,False
ENSG00000122140,5.4,False,False
ENSG00000122203,19.985,False,False
ENSG00000122218,32.9,False,False
ENSG00000122223,0.0,True,True
ENSG00000122257,14.205,False,False
ENSG00000122299,14.45,False,False
ENSG00000122335,1.115,True,False
ENSG00000122359,32.835,False,False
ENSG00000122376,14.855,False,False
ENSG00000122378,0.125,True,False
ENSG00000122386,0.0,True,True
ENSG00000122390,1.665,True,False
ENSG00000122406,2976.87,False,False
ENSG00000122417,1.775,True,False
ENSG00000122432,0.7050000000000001,True,False
ENSG00000122435,17.43,True,False
ENSG00000122481,43.765,True,False
ENSG00000122482,32.949999999999996,False,False
ENSG00000122483,15.39,False,False
ENSG00000122484,19.990000000000002,False,False
ENSG00000122490,0.175,True,False
ENSG00000122507,0.915,True,False
ENSG00000122512,3.1,False,False
ENSG00000122515,0.135,True,False
ENSG00000122545,167.55,False,False
ENSG00000122547,0.005,True,True
ENSG00000122548,0.0,False,True
ENSG00000122550,3.94,False,False
ENSG00000122557,2.8,False,False
ENSG00000122565,148.615,False,False
ENSG00000122566,535.105,False,False
ENSG00000122574,1.74,True,False
ENSG00000122584,0.0,True,True
ENSG00000122585,0.0,False,True
ENSG00000122591,7.285,False,False
ENSG00000122641,0.0,False,True
ENSG00000122642,5.265000000000001,True,False
ENSG00000122643,18.200000000000003,False,False
ENSG00000122644,439.9,True,False
ENSG00000122674,25.255000000000003,False,False
ENSG00000122678,0.355,True,False
ENSG00000122687,47.56,False,False
ENSG00000122691,0.02,True,True
ENSG00000122692,12.565000000000001,False,False
ENSG00000122694,2.16,True,False
ENSG00000122696,7.1899999999999995,False,False
ENSG00000122705,26.17,False,False
ENSG00000122707,0.045,False,True
ENSG00000122729,0.755,True,False
ENSG00000122733,0.0,True,True
ENSG00000122735,0.005,True,True
ENSG00000122741,4.585,False,False
ENSG00000122756,0.0,True,True
ENSG00000122778,0.005,False,True
ENSG00000122779,8.565,False,False
ENSG00000122783,11.02,False,False
ENSG00000122787,0.0,False,True
ENSG00000122859,0.0,False,True
ENSG00000122861,1.56,True,False
ENSG00000122862,219.60000000000002,False,False
ENSG00000122863,0.015,True,True
ENSG00000122873,256.55,False,False
ENSG00000122877,0.0,True,True
ENSG00000122882,21.34,False,False
ENSG00000122884,13.55,False,False
ENSG00000122912,3.385,False,False
ENSG00000122952,92.72999999999999,False,False
ENSG00000122958,85.48,True,False
ENSG00000122965,9.55,False,False
ENSG00000122966,1.4849999999999999,False,False
ENSG00000122970,1.92,True,False
ENSG00000122971,0.085,False,True
ENSG00000123064,1.115,False,False
ENSG00000123066,13.59,True,False
ENSG00000123080,8.94,True,False
ENSG00000123091,3.84,False,False
ENSG00000123094,0.015,False,True
ENSG00000123095,0.0,False,True
ENSG00000123096,0.0,False,True
ENSG00000123104,0.2,True,False
ENSG00000123124,2.035,False,False
ENSG00000123136,148.85500000000002,True,False
ENSG00000123143,0.535,False,False
ENSG00000123144,27.485,False,False
ENSG00000123146,2.0549999999999997,False,False
ENSG00000123154,0.485,True,False
ENSG00000123159,0.48,True,False
ENSG00000123178,7.6450000000000005,True,False
ENSG00000123179,3.715,False,False
ENSG00000123191,0.725,True,False
ENSG00000123200,5.46,True,False
ENSG00000123213,4.41,False,False
ENSG00000123219,88.94,False,False
ENSG00000123240,1.5150000000000001,True,False
ENSG00000123243,0.6,True,False
ENSG00000123268,17.200000000000003,False,False
ENSG00000123297,118.45500000000001,False,False
ENSG00000123329,1.285,True,False
ENSG00000123338,7.6499999999999995,True,False
ENSG00000123349,1115.165,False,False
ENSG00000123352,4.03,False,False
ENSG00000123353,86.125,False,False
ENSG00000123358,0.0,True,True
ENSG00000123364,0.0,True,True
ENSG00000123374,11.52,False,False
ENSG00000123384,0.005,True,True
ENSG00000123388,0.0,True,True
ENSG00000123395,2.15,False,False
ENSG00000123405,10.86,True,False
ENSG00000123407,0.04,False,True
ENSG00000123411,2.0,False,False
ENSG00000123415,81.88,False,False
ENSG00000123416,2070.75,False,False
ENSG00000123427,6.34,True,False
ENSG00000123444,18.215,True,False
ENSG00000123472,4.6,False,False
ENSG00000123473,6.92,False,False
ENSG00000123485,9.23,False,False
ENSG00000123500,0.03,True,True
ENSG00000123505,53.32,False,False
ENSG00000123545,297.75,False,False
ENSG00000123552,39.59,False,False
ENSG00000123562,320.04499999999996,False,False
ENSG00000123570,0.0,False,True
ENSG00000123575,3.285,True,False
ENSG00000123595,9.21,True,False
ENSG00000123600,9.72,True,False
ENSG00000123607,3.3899999999999997,False,False
ENSG00000123609,21.09,True,False
ENSG00000123612,0.09,True,True
ENSG00000123636,4.46,False,False
ENSG00000123684,4.205,False,False
ENSG00000123685,0.5349999999999999,True,False
ENSG00000123689,3.4699999999999998,True,False
ENSG00000123700,0.0,True,True
ENSG00000123728,10.71,False,False
ENSG00000123737,104.04499999999999,False,False
ENSG00000123739,17.32,False,False
ENSG00000123810,0.675,False,False
ENSG00000123892,1.58,True,False
ENSG00000123908,4.06,False,False
ENSG00000123933,0.035,True,True
ENSG00000123975,714.125,False,False
ENSG00000123983,12.875,False,False
ENSG00000123989,0.11499999999999999,True,False
ENSG00000124067,0.63,False,False
ENSG00000124074,0.72,True,False
ENSG00000124098,9.629999999999999,True,False
ENSG00000124104,0.2,True,False
ENSG00000124116,0.20500000000000002,False,False
ENSG00000124120,1.1400000000000001,True,False
ENSG00000124126,0.2,True,False
ENSG00000124140,0.86,False,False
ENSG00000124143,0.0,False,True
ENSG00000124145,1.365,False,False
ENSG00000124151,2.285,False,False
ENSG00000124155,27.53,False,False
ENSG00000124160,3.025,False,False
ENSG00000124164,2.5250000000000004,False,False
ENSG00000124171,4.415,True,False
ENSG00000124172,123.675,False,False
ENSG00000124177,8.41,False,False
ENSG00000124181,1.4649999999999999,False,False
ENSG00000124191,0.0,True,True
ENSG00000124193,107.17,False,False
ENSG00000124198,2.59,False,False
ENSG00000124201,3.1500000000000004,False,False
ENSG00000124207,93.12,False,False
ENSG00000124208,0.0,True,True
ENSG00000124209,1.32,True,False
ENSG00000124212,0.0,False,True
ENSG00000124214,12.004999999999999,True,False
ENSG00000124216,0.23,False,False
ENSG00000124217,0.61,True,False
ENSG00000124222,2.9,False,False
ENSG00000124225,0.0,False,True
ENSG00000124226,28.0,False,False
ENSG00000124227,0.0,True,True
ENSG00000124228,10.82,False,False
ENSG00000124243,0.13,True,False
ENSG00000124249,0.0,True,True
ENSG00000124251,0.0,True,True
ENSG00000124253,0.14,True,False
ENSG00000124257,0.18,True,False
ENSG00000124279,95.735,True,False
ENSG00000124299,1.26,True,False
ENSG00000124313,2.125,True,False
ENSG00000124333,24.68,False,False
ENSG00000124334,0.42,True,False
ENSG00000124356,35.605000000000004,False,False
ENSG00000124370,36.269999999999996,True,False
ENSG00000124374,0.16,False,False
ENSG00000124380,23.67,False,False
ENSG00000124383,25.049999999999997,False,False
ENSG00000124406,0.025,True,True
ENSG00000124422,4.76,False,False
ENSG00000124444,10.780000000000001,True,False
ENSG00000124459,1.83,False,False
ENSG00000124466,0.015,False,True
ENSG00000124479,0.0,False,True
ENSG00000124486,9.315,False,False
ENSG00000124496,0.0,True,True
ENSG00000124507,0.015,True,True
ENSG00000124508,5.52,True,False
ENSG00000124523,1.6949999999999998,True,False
ENSG00000124532,11.780000000000001,False,False
ENSG00000124535,9.61,False,False
ENSG00000124541,19.245,False,False
ENSG00000124549,1.79,True,False
ENSG00000124562,546.755,False,False
ENSG00000124570,96.325,True,False
ENSG00000124571,23.205,False,False
ENSG00000124574,2.335,False,False
ENSG00000124575,1.525,False,False
ENSG00000124587,0.26,False,False
ENSG00000124588,38.62,True,False
ENSG00000124593,4.73,True,False
ENSG00000124608,0.6699999999999999,False,False
ENSG00000124613,1.25,False,False
ENSG00000124614,2204.41,False,False
ENSG00000124615,0.42,True,False
ENSG00000124635,222.735,False,False
ENSG00000124641,40.519999999999996,False,False
ENSG00000124659,2.69,False,False
ENSG00000124688,223.3,False,False
ENSG00000124702,4.085,False,False
ENSG00000124733,128.825,False,False
ENSG00000124762,0.36,True,False
ENSG00000124766,0.20500000000000002,True,False
ENSG00000124767,115.53,True,False
ENSG00000124772,0.45999999999999996,True,False
ENSG00000124780,0.0,False,True
ENSG00000124782,3.395,False,False
ENSG00000124784,32.665,False,False
ENSG00000124785,0.005,False,True
ENSG00000124786,5.645,True,False
ENSG00000124787,83.22,True,False
ENSG00000124788,0.44999999999999996,True,False
ENSG00000124789,13.21,False,False
ENSG00000124795,55.405,True,False
ENSG00000124802,974.9749999999999,False,False
ENSG00000124831,9.135,False,False
ENSG00000124882,0.825,True,False
ENSG00000124915,0.0,True,True
ENSG00000124920,1.54,True,False
ENSG00000124942,1.03,True,False
ENSG00000125037,223.185,False,False
ENSG00000125084,0.0,True,True
ENSG00000125107,92.64500000000001,False,False
ENSG00000125122,0.04,True,True
ENSG00000125144,0.155,False,False
ENSG00000125148,10.055,False,False
ENSG00000125149,3.59,False,False
ENSG00000125166,58.269999999999996,False,False
ENSG00000125170,0.04,True,True
ENSG00000125246,1.49,True,False
ENSG00000125247,2.12,False,False
ENSG00000125249,1.735,True,False
ENSG00000125257,6.105,False,False
ENSG00000125266,0.030000000000000002,True,True
ENSG00000125285,0.0,True,True
ENSG00000125319,4.0,False,False
ENSG00000125351,24.585,True,False
ENSG00000125352,18.635,False,False
ENSG00000125354,5.96,False,False
ENSG00000125356,910.405,False,False
ENSG00000125375,25.795,True,False
ENSG00000125384,0.0,False,True
ENSG00000125386,0.355,False,False
ENSG00000125388,0.71,False,False
ENSG00000125409,0.0,False,True
ENSG00000125430,3.0999999999999996,True,False
ENSG00000125434,0.65,True,False
ENSG00000125445,175.70999999999998,False,False
ENSG00000125447,4.470000000000001,False,False
ENSG00000125449,1.03,False,False
ENSG00000125450,104.22,False,False
ENSG00000125454,28.92,False,False
ENSG00000125457,36.025,False,False
ENSG00000125458,1.9249999999999998,False,False
ENSG00000125459,10.765,False,False
ENSG00000125462,0.5800000000000001,True,False
ENSG00000125482,5.87,True,False
ENSG00000125484,2.6100000000000003,False,False
ENSG00000125485,8.93,False,False
ENSG00000125492,0.0,False,True
ENSG00000125503,1.185,False,False
ENSG00000125505,1.32,False,False
ENSG00000125510,0.01,True,True
ENSG00000125520,0.43,False,False
ENSG00000125534,0.43000000000000005,True,False
ENSG00000125611,44.22,True,False
ENSG00000125618,0.22999999999999998,False,False
ENSG00000125629,6.35,True,False
ENSG00000125630,12.754999999999999,False,False
ENSG00000125633,2.0549999999999997,True,False
ENSG00000125637,0.29000000000000004,False,False
ENSG00000125651,4.16,False,False
ENSG00000125652,0.495,False,False
ENSG00000125656,1.4449999999999998,False,False
ENSG00000125657,1.1,False,False
ENSG00000125676,126.47,False,False
ENSG00000125686,8.16,False,False
ENSG00000125691,1899.815,False,False
ENSG00000125703,24.355,True,False
ENSG00000125726,0.03,True,True
ENSG00000125730,0.75,True,False
ENSG00000125731,0.48,True,False
ENSG00000125733,0.85,False,False
ENSG00000125734,2.3499999999999996,False,False
ENSG00000125740,0.16999999999999998,True,False
ENSG00000125741,1.42,True,False
ENSG00000125743,3109.9049999999997,False,False
ENSG00000125744,0.55,True,False
ENSG00000125746,2.105,False,False
ENSG00000125753,15.585,False,False
ENSG00000125755,0.54,True,False
ENSG00000125772,2.265,True,False
ENSG00000125779,9.315000000000001,False,False
ENSG00000125787,0.0,True,True
ENSG00000125798,0.135,True,False
ENSG00000125810,0.02,False,True
ENSG00000125812,0.905,True,False
ENSG00000125814,0.8400000000000001,True,False
ENSG00000125817,0.185,False,False
ENSG00000125821,4.945,True,False
ENSG00000125826,5.955,False,False
ENSG00000125827,3.075,True,False
ENSG00000125834,1.315,True,False
ENSG00000125835,10.18,False,False
ENSG00000125841,6.755,False,False
ENSG00000125843,1.86,True,False
ENSG00000125844,0.6,True,False
ENSG00000125846,0.875,True,False
ENSG00000125850,0.0,True,True
ENSG00000125863,6.08,True,False
ENSG00000125864,0.16999999999999998,False,False
ENSG00000125868,27.740000000000002,False,False
ENSG00000125870,88.66,True,False
ENSG00000125871,8.95,False,False
ENSG00000125875,4.715,False,False
ENSG00000125877,3.09,False,False
ENSG00000125878,0.07,True,True
ENSG00000125885,3.035,False,False
ENSG00000125895,0.16,True,False
ENSG00000125898,0.7050000000000001,True,False
ENSG00000125901,2.01,True,False
ENSG00000125912,3.175,False,False
ENSG00000125931,0.43,True,False
ENSG00000125944,57.849999999999994,False,False
ENSG00000125945,1.5899999999999999,True,False
ENSG00000125952,23.59,False,False
ENSG00000125954,58.22,True,False
ENSG00000125962,10.03,True,False
ENSG00000125965,0.005,False,True
ENSG00000125966,0.0,True,True
ENSG00000125967,0.74,False,False
ENSG00000125968,1.17,True,False
ENSG00000125970,0.585,True,False
ENSG00000125971,135.235,False,False
ENSG00000125977,54.18,False,False
ENSG00000125991,161.98000000000002,False,False
ENSG00000125995,572.575,False,False
ENSG00000126001,1.425,False,False
ENSG00000126003,3.24,False,False
ENSG00000126005,0.745,False,False
ENSG00000126012,0.63,False,False
ENSG00000126016,0.0,True,True
ENSG00000126062,1.615,False,False
ENSG00000126067,381.83500000000004,False,False
ENSG00000126070,3.15,False,False
ENSG00000126088,1837.345,False,False
ENSG00000126091,0.96,True,False
ENSG00000126106,0.33,True,False
ENSG00000126107,4.03,False,False
ENSG00000126214,3.5,False,False
ENSG00000126215,0.32,False,False
ENSG00000126216,2.4,False,False
ENSG00000126217,0.0,False,True
ENSG00000126226,45.894999999999996,False,False
ENSG00000126243,0.0,True,True
ENSG00000126246,0.89,True,False
ENSG00000126247,58.540000000000006,False,False
ENSG00000126249,9.535,False,False
ENSG00000126254,5.195,False,False
ENSG00000126259,0.005,True,True
ENSG00000126261,58.975,False,False
ENSG00000126264,0.5449999999999999,True,False
ENSG00000126267,1809.375,False,False
ENSG00000126353,0.32999999999999996,True,False
ENSG00000126368,0.20500000000000002,True,False
ENSG00000126391,3.54,False,False
ENSG00000126432,33.2,False,False
ENSG00000126453,5.73,False,False
ENSG00000126456,5.54,False,False
ENSG00000126457,9.685,False,False
ENSG00000126458,0.785,False,False
ENSG00000126460,0.085,True,True
ENSG00000126461,0.095,True,True
ENSG00000126464,0.01,True,True
ENSG00000126500,0.0,True,True
ENSG00000126522,1.94,False,False
ENSG00000126524,73.225,False,False
ENSG00000126561,49.19,False,False
ENSG00000126562,0.30000000000000004,True,False
ENSG00000126581,16.2,False,False
ENSG00000126602,16.2,False,False
ENSG00000126603,0.15,True,False
ENSG00000126653,36.25,False,False
ENSG00000126698,186.03,False,False
ENSG00000126705,0.295,True,False
ENSG00000126709,0.175,True,False
ENSG00000126746,0.42500000000000004,False,False
ENSG00000126749,122.22,False,False
ENSG00000126756,107.6,False,False
ENSG00000126767,3.065,True,False
ENSG00000126768,11.15,False,False
ENSG00000126773,7.105,False,False
ENSG00000126775,0.35,True,False
ENSG00000126787,31.119999999999997,False,False
ENSG00000126790,13.785,False,False
ENSG00000126804,1.6949999999999998,True,False
ENSG00000126814,12.100000000000001,True,False
ENSG00000126821,1.6400000000000001,True,False
ENSG00000126822,0.0,False,True
ENSG00000126858,18.385,False,False
ENSG00000126870,0.81,False,False
ENSG00000126878,0.32999999999999996,True,False
ENSG00000126882,0.48000000000000004,False,False
ENSG00000126883,56.254999999999995,False,False
ENSG00000126903,3.6100000000000003,False,False
ENSG00000126934,0.865,False,False
ENSG00000126945,35.33,False,False
ENSG00000126953,96.195,False,False
ENSG00000127022,140.16,False,False
ENSG00000127054,3.12,False,False
ENSG00000127080,2.245,False,False
ENSG00000127081,0.62,True,False
ENSG00000127084,0.10500000000000001,True,False
ENSG00000127124,0.005,True,True
ENSG00000127125,9.469999999999999,True,False
ENSG00000127152,0.0,True,True
ENSG00000127184,1329.17,True,False
ENSG00000127191,0.28500000000000003,True,False
ENSG00000127220,0.02,True,True
ENSG00000127249,0.0,True,True
ENSG00000127252,0.235,True,False
ENSG00000127311,0.55,True,False
ENSG00000127314,79.09,False,False
ENSG00000127324,0.335,True,False
ENSG00000127328,4.145,True,False
ENSG00000127334,1.3399999999999999,False,False
ENSG00000127337,17.765,False,False
ENSG00000127399,1.06,False,False
ENSG00000127415,0.065,True,True
ENSG00000127418,0.4,True,False
ENSG00000127419,0.16999999999999998,False,False
ENSG00000127423,8.684999999999999,False,False
ENSG00000127445,1.955,False,False
ENSG00000127452,2.175,False,False
ENSG00000127463,19.845,False,False
ENSG00000127481,75.935,False,False
ENSG00000127483,58.705,False,False
ENSG00000127511,0.565,False,False
ENSG00000127526,11.74,False,False
ENSG00000127527,3.46,True,False
ENSG00000127528,0.0,True,True
ENSG00000127533,1.1099999999999999,True,False
ENSG00000127540,190.375,False,False
ENSG00000127554,3.61,True,False
ENSG00000127561,3.135,False,False
ENSG00000127564,6.54,False,False
ENSG00000127580,0.045,True,True
ENSG00000127586,1.77,False,False
ENSG00000127603,13.49,False,False
ENSG00000127616,18.015,False,False
ENSG00000127663,0.195,False,False
ENSG00000127666,0.05,True,True
ENSG00000127720,1.3,True,False
ENSG00000127774,2.135,False,False
ENSG00000127804,10.010000000000002,True,False
ENSG00000127824,21.795,False,False
ENSG00000127837,4.3,False,False
ENSG00000127838,67.92,False,False
ENSG00000127870,7.92,False,False
ENSG00000127884,73.84,False,False
ENSG00000127914,31.700000000000003,False,False
ENSG00000127922,532.5699999999999,False,False
ENSG00000127946,2.36,False,False
ENSG00000127947,10.489999999999998,False,False
ENSG00000127952,26.21,False,False
ENSG00000127980,6.01,True,False
ENSG00000127989,27.235,True,False
ENSG00000127990,0.19,True,False
ENSG00000127993,11.985,True,False
ENSG00000127995,1.005,True,False
ENSG00000128000,2.16,True,False
ENSG00000128011,0.075,True,True
ENSG00000128016,1.01,True,False
ENSG00000128039,2.025,True,False
ENSG00000128040,0.0,True,True
ENSG00000128045,0.215,False,False
ENSG00000128050,242.79000000000002,False,False
ENSG00000128059,33.515,False,False
ENSG00000128159,0.515,False,False
ENSG00000128165,0.21000000000000002,True,False
ENSG00000128185,3.07,False,False
ENSG00000128191,4.734999999999999,False,False
ENSG00000128203,0.20500000000000002,True,False
ENSG00000128228,13.96,False,False
ENSG00000128245,25.73,False,False
ENSG00000128254,0.11,False,False
ENSG00000128266,0.0,False,True
ENSG00000128268,0.1,False,False
ENSG00000128272,62.025,False,False
ENSG00000128274,0.0,True,True
ENSG00000128283,0.395,True,False
ENSG00000128309,0.49,False,False
ENSG00000128311,1.545,False,False
ENSG00000128335,1.39,True,False
ENSG00000128342,0.0,True,True
ENSG00000128346,0.355,False,False
ENSG00000128394,1.345,True,False
ENSG00000128463,34.269999999999996,False,False
ENSG00000128487,1.795,True,False
ENSG00000128512,0.275,True,False
ENSG00000128513,24.02,False,False
ENSG00000128524,653.565,False,False
ENSG00000128534,170.54500000000002,False,False
ENSG00000128536,0.005,False,True
ENSG00000128563,12.855,True,False
ENSG00000128564,0.04,True,True
ENSG00000128567,0.03,False,True
ENSG00000128578,6.625,False,False
ENSG00000128581,12.68,True,False
ENSG00000128585,16.765,False,False
ENSG00000128590,3.0599999999999996,True,False
ENSG00000128591,0.62,True,False
ENSG00000128595,135.39,False,False
ENSG00000128596,1.745,True,False
ENSG00000128602,0.0,True,True
ENSG00000128604,0.0,True,True
ENSG00000128607,7.32,False,False
ENSG00000128609,479.985,False,False
ENSG00000128626,6.930000000000001,False,False
ENSG00000128645,0.0,True,True
ENSG00000128654,28.384999999999998,False,False
ENSG00000128656,0.345,False,False
ENSG00000128694,4.94,True,False
ENSG00000128699,37.265,True,False
ENSG00000128708,250.655,False,False
ENSG00000128709,0.0,False,True
ENSG00000128710,0.0,False,True
ENSG00000128713,0.0,False,True
ENSG00000128714,0.0,False,True
ENSG00000128731,7.665,True,False
ENSG00000128789,178.14499999999998,True,False
ENSG00000128791,6.395,False,False
ENSG00000128805,1.115,True,False
ENSG00000128815,0.005,True,True
ENSG00000128829,9.88,False,False
ENSG00000128849,0.0,True,True
ENSG00000128872,0.395,True,False
ENSG00000128881,0.635,True,False
ENSG00000128886,1.565,True,False
ENSG00000128891,38.55,True,False
ENSG00000128908,2.02,False,False
ENSG00000128915,13.91,False,False
ENSG00000128917,0.025,True,True
ENSG00000128923,2.425,False,False
ENSG00000128944,33.545,False,False
ENSG00000128951,10.504999999999999,False,False
ENSG00000128965,2.275,True,False
ENSG00000128989,23.92,False,False
ENSG00000129003,6.155,False,False
ENSG00000129038,0.015,True,True
ENSG00000129055,146.01,False,False
ENSG00000129071,9.129999999999999,False,False
ENSG00000129083,55.635,False,False
ENSG00000129084,677.905,True,False
ENSG00000129103,28.415,False,False
ENSG00000129128,60.504999999999995,False,False
ENSG00000129158,7.819999999999999,True,False
ENSG00000129159,0.03,True,True
ENSG00000129170,0.0,False,True
ENSG00000129173,4.365,True,False
ENSG00000129187,30.015,False,False
ENSG00000129195,0.7849999999999999,True,False
ENSG00000129197,41.58,False,False
ENSG00000129214,0.0,False,True
ENSG00000129219,0.215,True,False
ENSG00000129226,25.049999999999997,False,False
ENSG00000129235,570.415,False,False
ENSG00000129245,1.9849999999999999,False,False
ENSG00000129250,0.34,False,False
ENSG00000129255,3.435,False,False
ENSG00000129292,7.605,True,False
ENSG00000129295,0.015,True,True
ENSG00000129315,6.5,False,False
ENSG00000129317,28.275,False,False
ENSG00000129347,1.0150000000000001,False,False
ENSG00000129351,18.130000000000003,False,False
ENSG00000129353,1.0,False,False
ENSG00000129355,0.31,False,False
ENSG00000129422,0.0,True,True
ENSG00000129460,114.485,False,False
ENSG00000129467,0.03,True,True
ENSG00000129472,3.3600000000000003,True,False
ENSG00000129473,1.935,True,False
ENSG00000129474,0.63,True,False
ENSG00000129480,3.0700000000000003,False,False
ENSG00000129484,16.56,True,False
ENSG00000129493,33.065,False,False
ENSG00000129515,71.4,False,False
ENSG00000129518,45.224999999999994,False,False
ENSG00000129521,1.8900000000000001,False,False
ENSG00000129534,3.58,True,False
ENSG00000129535,0.025,True,True
ENSG00000129559,510.27,False,False
ENSG00000129562,455.08500000000004,False,False
ENSG00000129566,0.79,True,False
ENSG00000129595,0.13,True,False
ENSG00000129596,0.0,False,True
ENSG00000129625,77.095,False,False
ENSG00000129636,11.5,False,False
ENSG00000129654,0.0,True,True
ENSG00000129657,2.215,False,False
ENSG00000129667,0.025,True,True
ENSG00000129673,0.0,False,True
ENSG00000129691,102.895,False,False
ENSG00000129696,19.945,False,False
ENSG00000129757,13.55,True,False
ENSG00000129810,11.774999999999999,False,False
ENSG00000129910,0.0,True,True
ENSG00000129911,0.02,False,True
ENSG00000129932,0.07500000000000001,False,True
ENSG00000129933,0.755,False,False
ENSG00000129968,0.01,False,True
ENSG00000129990,1.35,False,False
ENSG00000129993,1.83,False,False
ENSG00000130005,1.065,True,False
ENSG00000130021,41.510000000000005,False,False
ENSG00000130023,46.465,False,False
ENSG00000130024,15.835,False,False
ENSG00000130066,109.465,False,False
ENSG00000130119,7.065,True,False
ENSG00000130150,5.345000000000001,False,False
ENSG00000130158,0.3,True,False
ENSG00000130159,0.89,False,False
ENSG00000130164,21.435000000000002,False,False
ENSG00000130165,14.579999999999998,False,False
ENSG00000130175,4.645,False,False
ENSG00000130177,14.73,False,False
ENSG00000130182,0.0,False,True
ENSG00000130193,0.18,False,False
ENSG00000130202,3.25,True,False
ENSG00000130204,0.71,False,False
ENSG00000130208,308.695,True,False
ENSG00000130222,0.0,True,True
ENSG00000130227,7.675,False,False
ENSG00000130244,1.495,False,False
ENSG00000130254,4.245,False,False
ENSG00000130270,1.375,True,False
ENSG00000130283,0.0,True,True
ENSG00000130299,3.635,False,False
ENSG00000130303,8.63,False,False
ENSG00000130304,0.045,True,True
ENSG00000130305,3.7600000000000002,False,False
ENSG00000130307,0.0,False,True
ENSG00000130309,3.69,False,False
ENSG00000130311,1.18,True,False
ENSG00000130312,8.795,False,False
ENSG00000130313,0.665,False,False
ENSG00000130332,30.305,False,False
ENSG00000130338,2.435,False,False
ENSG00000130347,25.22,True,False
ENSG00000130348,8.855,False,False
ENSG00000130349,14.605,True,False
ENSG00000130363,0.575,True,False
ENSG00000130382,0.13,False,False
ENSG00000130396,6.74,True,False
ENSG00000130402,2.4450000000000003,False,False
ENSG00000130413,0.005,True,True
ENSG00000130414,24.015,False,False
ENSG00000130429,5.095,False,False
ENSG00000130449,0.975,False,False
ENSG00000130475,0.35000000000000003,False,False
ENSG00000130477,0.015,True,True
ENSG00000130479,1.94,False,False
ENSG00000130511,0.8200000000000001,False,False
ENSG00000130513,1.685,False,False
ENSG00000130517,10.254999999999999,False,False
ENSG00000130520,10.465,False,False
ENSG00000130522,8.77,False,False
ENSG00000130544,2.545,True,False
ENSG00000130559,1.115,False,False
ENSG00000130560,80.565,False,False
ENSG00000130584,0.415,False,False
ENSG00000130589,0.015,True,True
ENSG00000130590,0.29500000000000004,True,False
ENSG00000130638,8.17,False,False
ENSG00000130640,2.5,True,False
ENSG00000130643,0.0,True,True
ENSG00000130649,0.01,True,True
ENSG00000130653,0.045,True,True
ENSG00000130669,0.22,False,False
ENSG00000130675,0.08,False,True
ENSG00000130684,0.125,True,False
ENSG00000130695,27.115000000000002,False,False
ENSG00000130699,0.33499999999999996,False,False
ENSG00000130702,0.53,True,False
ENSG00000130706,4.39,False,False
ENSG00000130711,0.045,False,True
ENSG00000130713,27.605,False,False
ENSG00000130714,0.935,True,False
ENSG00000130717,0.22,False,False
ENSG00000130720,0.0,False,True
ENSG00000130724,41.39,False,False
ENSG00000130725,0.7250000000000001,False,False
ENSG00000130726,10.36,False,False
ENSG00000130731,7.07,False,False
ENSG00000130733,0.91,False,False
ENSG00000130734,0.6,False,False
ENSG00000130741,94.235,True,False
ENSG00000130748,0.12000000000000001,True,False
ENSG00000130749,5.46,False,False
ENSG00000130751,0.025,True,True
ENSG00000130755,101.03,False,False
ENSG00000130758,0.005,True,True
ENSG00000130764,3.555,False,False
ENSG00000130766,2.9749999999999996,False,False
ENSG00000130768,0.165,False,False
ENSG00000130770,228.79500000000002,False,False
ENSG00000130772,26.025,False,False
ENSG00000130775,2.3449999999999998,True,False
ENSG00000130779,3.46,False,False
ENSG00000130787,0.18,True,False
ENSG00000130803,14.754999999999999,False,False
ENSG00000130810,1.4100000000000001,False,False
ENSG00000130811,26.225,False,False
ENSG00000130812,0.0,True,True
ENSG00000130813,1.05,True,False
ENSG00000130816,110.53999999999999,False,False
ENSG00000130818,1.895,True,False
ENSG00000130826,132.055,False,False
ENSG00000130827,0.235,True,False
ENSG00000130829,0.10500000000000001,True,False
ENSG00000130830,167.76999999999998,True,False
ENSG00000130844,0.18,True,False
ENSG00000130856,0.34500000000000003,False,False
ENSG00000130881,0.0,True,True
ENSG00000130921,38.545,False,False
ENSG00000130935,84.38,False,False
ENSG00000130939,7.470000000000001,False,False
ENSG00000130940,0.01,False,True
ENSG00000130956,0.345,False,False
ENSG00000130958,1.9700000000000002,True,False
ENSG00000130985,21.58,False,False
ENSG00000130997,0.09,True,True
ENSG00000131013,30.78,False,False
ENSG00000131015,2.99,True,False
ENSG00000131016,0.034999999999999996,True,True
ENSG00000131019,0.01,True,True
ENSG00000131023,3.425,False,False
ENSG00000131043,5.845000000000001,False,False
ENSG00000131044,0.0,False,True
ENSG00000131051,97.01,False,False
ENSG00000131061,0.055,True,True
ENSG00000131067,0.065,True,True
ENSG00000131069,14.965,True,False
ENSG00000131094,0.0,False,True
ENSG00000131096,0.015,True,True
ENSG00000131100,116.405,False,False
ENSG00000131115,1.905,True,False
ENSG00000131116,0.155,True,False
ENSG00000131142,0.0,False,True
ENSG00000131143,1655.255,False,False
ENSG00000131148,7.82,False,False
ENSG00000131149,10.25,True,False
ENSG00000131153,41.06,False,False
ENSG00000131165,0.925,False,False
ENSG00000131171,31.655,True,False
ENSG00000131174,2204.985,False,False
ENSG00000131183,0.0,True,True
ENSG00000131188,0.01,True,True
ENSG00000131196,0.75,True,False
ENSG00000131236,177.70499999999998,False,False
ENSG00000131238,129.19,False,False
ENSG00000131242,0.49,True,False
ENSG00000131263,2.455,False,False
ENSG00000131269,14.805,False,False
ENSG00000131323,0.36,False,False
ENSG00000131351,26.935000000000002,False,False
ENSG00000131355,0.0,False,True
ENSG00000131368,23.38,False,False
ENSG00000131373,23.34,False,False
ENSG00000131375,4.325,False,False
ENSG00000131378,0.075,True,True
ENSG00000131381,2.29,False,False
ENSG00000131389,10.82,True,False
ENSG00000131398,0.025,True,True
ENSG00000131400,0.215,True,False
ENSG00000131408,0.2,True,False
ENSG00000131435,0.185,True,False
ENSG00000131437,1.145,True,False
ENSG00000131459,0.025,True,True
ENSG00000131462,27.475,False,False
ENSG00000131467,20.770000000000003,False,False
ENSG00000131469,3105.1850000000004,False,False
ENSG00000131470,8.995000000000001,True,False
ENSG00000131473,26.46,False,False
ENSG00000131475,226.505,False,False
ENSG00000131495,382.53,False,False
ENSG00000131503,25.36,False,False
ENSG00000131504,69.10499999999999,False,False
ENSG00000131507,3.635,True,False
ENSG00000131558,11.495000000000001,False,False
ENSG00000131584,0.025,False,True
ENSG00000131591,0.25,True,False
ENSG00000131620,0.0,True,True
ENSG00000131626,6.529999999999999,True,False
ENSG00000131650,0.0,True,True
ENSG00000131652,1.72,False,False
ENSG00000131653,0.74,False,False
ENSG00000131669,0.20500000000000002,True,False
ENSG00000131697,0.405,False,False
ENSG00000131711,18.53,True,False
ENSG00000131724,2.09,True,False
ENSG00000131725,3.59,False,False
ENSG00000131732,48.59,False,False
ENSG00000131747,117.62,False,False
ENSG00000131748,0.5650000000000001,False,False
ENSG00000131759,0.09,False,True
ENSG00000131773,0.255,False,False
ENSG00000131778,17.87,False,False
ENSG00000131779,31.415,False,False
ENSG00000131781,0.055,False,True
ENSG00000131788,0.8500000000000001,False,False
ENSG00000131791,1.395,True,False
ENSG00000131797,6.029999999999999,True,False
ENSG00000131828,309.095,False,False
ENSG00000131845,0.43999999999999995,True,False
ENSG00000131848,6.43,True,False
ENSG00000131871,17.805,True,False
ENSG00000131873,6.705,False,False
ENSG00000131876,151.58499999999998,False,False
ENSG00000131899,0.07,True,True
ENSG00000131931,13.295,True,False
ENSG00000131941,0.405,True,False
ENSG00000131943,1.355,True,False
ENSG00000131944,11.855,True,False
ENSG00000131951,0.0,True,True
ENSG00000131966,19.575000000000003,False,False
ENSG00000131979,3.305,True,False
ENSG00000132000,0.125,False,False
ENSG00000132003,0.005,True,True
ENSG00000132004,0.195,True,False
ENSG00000132005,0.27,True,False
ENSG00000132010,1.85,True,False
ENSG00000132016,0.615,True,False
ENSG00000132017,0.35,False,False
ENSG00000132024,0.225,True,False
ENSG00000132026,0.04,True,True
ENSG00000132031,0.0,False,True
ENSG00000132109,7.67,True,False
ENSG00000132122,0.005,False,True
ENSG00000132128,8.165,False,False
ENSG00000132141,0.23,False,False
ENSG00000132153,9.905000000000001,False,False
ENSG00000132155,21.185,False,False
ENSG00000132170,0.0,True,True
ENSG00000132182,0.9650000000000001,False,False
ENSG00000132185,0.45999999999999996,True,False
ENSG00000132196,17.384999999999998,False,False
ENSG00000132199,11.025,True,False
ENSG00000132205,0.005,False,True
ENSG00000132254,7.29,False,False
ENSG00000132259,0.0,False,True
ENSG00000132275,4.78,False,False
ENSG00000132286,106.205,False,False
ENSG00000132294,3.2199999999999998,False,False
ENSG00000132300,44.724999999999994,False,False
ENSG00000132305,98.745,False,False
ENSG00000132313,124.225,False,False
ENSG00000132323,2.705,False,False
ENSG00000132326,1.09,True,False
ENSG00000132329,0.0,True,True
ENSG00000132330,2.45,False,False
ENSG00000132341,2259.8450000000003,False,False
ENSG00000132356,14.585,False,False
ENSG00000132357,2.07,False,False
ENSG00000132361,0.275,False,False
ENSG00000132376,0.475,False,False
ENSG00000132382,1.605,False,False
ENSG00000132383,15.82,False,False
ENSG00000132388,10.985,False,False
ENSG00000132394,0.235,True,False
ENSG00000132405,1.9549999999999998,True,False
ENSG00000132406,6.615,True,False
ENSG00000132423,72.03,True,False
ENSG00000132424,69.08500000000001,False,False
ENSG00000132429,3.0949999999999998,True,False
ENSG00000132432,386.28499999999997,False,False
ENSG00000132434,3.66,True,False
ENSG00000132463,24.465,True,False
ENSG00000132466,15.5,False,False
ENSG00000132467,8.98,True,False
ENSG00000132470,0.0,True,True
ENSG00000132471,1.915,False,False
ENSG00000132475,2313.365,False,False
ENSG00000132478,9.719999999999999,True,False
ENSG00000132481,0.33,True,False
ENSG00000132485,127.16499999999999,False,False
ENSG00000132507,20.32,False,False
ENSG00000132510,0.05,True,True
ENSG00000132522,12.245000000000001,False,False
ENSG00000132530,0.02,True,True
ENSG00000132535,0.030000000000000002,True,True
ENSG00000132541,72.11,True,False
ENSG00000132549,3.44,False,False
ENSG00000132561,0.0,True,True
ENSG00000132563,0.005,True,True
ENSG00000132570,5.01,True,False
ENSG00000132581,86.635,False,False
ENSG00000132589,14.045,False,False
ENSG00000132591,203.085,False,False
ENSG00000132600,4.6899999999999995,False,False
ENSG00000132603,47.815,False,False
ENSG00000132612,5.625,False,False
ENSG00000132635,1.4249999999999998,True,False
ENSG00000132640,1.22,True,False
ENSG00000132646,268.42,False,False
ENSG00000132661,6.055,False,False
ENSG00000132664,7.36,True,False
ENSG00000132669,0.0,False,True
ENSG00000132670,2.525,False,False
ENSG00000132676,186.61,False,False
ENSG00000132677,0.0,False,True
ENSG00000132680,9.845,False,False
ENSG00000132688,0.07,True,True
ENSG00000132694,0.31000000000000005,True,False
ENSG00000132716,7.75,False,False
ENSG00000132718,0.07,True,True
ENSG00000132740,1.14,False,False
ENSG00000132744,0.0,False,True
ENSG00000132749,9.25,True,False
ENSG00000132763,6.05,False,False
ENSG00000132768,14.945,False,False
ENSG00000132773,39.94,True,False
ENSG00000132780,122.83,False,False
ENSG00000132781,2.8899999999999997,True,False
ENSG00000132792,28.735,False,False
ENSG00000132801,1.075,True,False
ENSG00000132819,0.16,False,False
ENSG00000132821,0.0,False,True
ENSG00000132823,37.08,False,False
ENSG00000132824,57.005,False,False
ENSG00000132825,0.225,True,False
ENSG00000132837,0.11,False,False
ENSG00000132842,14.129999999999999,False,False
ENSG00000132854,0.0,False,True
ENSG00000132879,0.42,True,False
ENSG00000132881,0.11499999999999999,False,False
ENSG00000132906,7.71,False,False
ENSG00000132912,13.370000000000001,False,False
ENSG00000132932,0.0,True,True
ENSG00000132938,0.015,True,True
ENSG00000132950,4.6850000000000005,True,False
ENSG00000132952,3.4749999999999996,True,False
ENSG00000132953,3.385,False,False
ENSG00000132963,445.82,False,False
ENSG00000132964,9.370000000000001,False,False
ENSG00000132970,0.03,True,True
ENSG00000133026,9.14,True,False
ENSG00000133027,1.605,False,False
ENSG00000133028,4.914999999999999,False,False
ENSG00000133030,7.390000000000001,False,False
ENSG00000133056,0.125,True,False
ENSG00000133059,3.255,True,False
ENSG00000133063,0.0,True,True
ENSG00000133065,2.45,True,False
ENSG00000133069,0.10500000000000001,True,False
ENSG00000133101,0.0,True,True
ENSG00000133103,2.05,True,False
ENSG00000133111,1.53,True,False
ENSG00000133112,435.05999999999995,False,False
ENSG00000133114,7.74,False,False
ENSG00000133119,52.835,False,False
ENSG00000133134,6.05,False,False
ENSG00000133138,0.03,True,True
ENSG00000133195,9.184999999999999,False,False
ENSG00000133216,0.0,True,True
ENSG00000133243,0.165,True,False
ENSG00000133247,0.155,False,False
ENSG00000133250,0.055,False,True
ENSG00000133265,0.77,False,False
ENSG00000133275,0.54,False,False
ENSG00000133302,20.64,False,False
ENSG00000133313,22.479999999999997,False,False
ENSG00000133315,0.48,True,False
ENSG00000133316,25.39,False,False
ENSG00000133318,32.94,False,False
ENSG00000133392,0.060000000000000005,False,True
ENSG00000133393,69.315,False,False
ENSG00000133398,36.230000000000004,False,False
ENSG00000133401,0.045,False,True
ENSG00000133422,2.7199999999999998,False,False
ENSG00000133460,0.28500000000000003,True,False
ENSG00000133466,0.09000000000000001,True,True
ENSG00000133519,0.13,False,False
ENSG00000133574,0.0,True,True
ENSG00000133597,0.195,False,False
ENSG00000133606,20.814999999999998,False,False
ENSG00000133612,2.71,False,False
ENSG00000133619,0.595,True,False
ENSG00000133624,3.745,True,False
ENSG00000133627,3.7199999999999998,True,False
ENSG00000133639,3.09,False,False
ENSG00000133641,71.13499999999999,False,False
ENSG00000133661,0.0,False,True
ENSG00000133678,4.13,True,False
ENSG00000133703,5.48,False,False
ENSG00000133704,4.22,False,False
ENSG00000133706,85.595,False,False
ENSG00000133731,30.515,False,False
ENSG00000133739,5.03,True,False
ENSG00000133740,2.29,True,False
ENSG00000133773,95.685,False,False
ENSG00000133805,3.0549999999999997,True,False
ENSG00000133812,0.5,False,False
ENSG00000133835,31.725,False,False
ENSG00000133858,9.48,False,False
ENSG00000133863,3.08,True,False
ENSG00000133872,23.799999999999997,False,False
ENSG00000133874,0.015,True,True
ENSG00000133884,10.89,True,False
ENSG00000133895,2.42,False,False
ENSG00000133935,18.54,True,False
ENSG00000133943,7.375,False,False
ENSG00000133958,0.0,True,True
ENSG00000133961,14.885000000000002,False,False
ENSG00000133980,0.005,True,True
ENSG00000133983,52.545,True,False
ENSG00000133985,0.0,True,True
ENSG00000133997,14.760000000000002,False,False
ENSG00000134001,468.28499999999997,False,False
ENSG00000134020,0.0,True,True
ENSG00000134030,0.075,True,True
ENSG00000134046,2.74,False,False
ENSG00000134049,25.35,True,False
ENSG00000134056,114.17,False,False
ENSG00000134057,292.185,False,False
ENSG00000134058,92.565,False,False
ENSG00000134070,0.37,True,False
ENSG00000134077,39.705,False,False
ENSG00000134086,15.715,True,False
ENSG00000134107,14.239999999999998,False,False
ENSG00000134108,32.715,False,False
ENSG00000134109,5.705,False,False
ENSG00000134138,5.3149999999999995,True,False
ENSG00000134146,43.795,False,False
ENSG00000134152,5.99,False,False
ENSG00000134153,18.505000000000003,False,False
ENSG00000134183,0.04,False,True
ENSG00000134186,20.825,False,False
ENSG00000134202,17.515,True,False
ENSG00000134222,4.285,False,False
ENSG00000134242,0.585,True,False
ENSG00000134243,20.72,True,False
ENSG00000134245,0.025,True,True
ENSG00000134247,15.875,True,False
ENSG00000134248,512.64,False,False
ENSG00000134253,2.75,True,False
ENSG00000134255,28.015,False,False
ENSG00000134262,14.14,False,False
ENSG00000134265,31.21,False,False
ENSG00000134278,2.035,False,False
ENSG00000134283,67.3,False,False
ENSG00000134287,4.785,False,False
ENSG00000134291,93.155,True,False
ENSG00000134294,77.00999999999999,False,False
ENSG00000134297,1.4500000000000002,True,False
ENSG00000134308,44.96,False,False
ENSG00000134313,9.6,True,False
ENSG00000134317,0.9199999999999999,True,False
ENSG00000134321,0.165,False,False
ENSG00000134326,1.8849999999999998,True,False
ENSG00000134333,602.2349999999999,False,False
ENSG00000134352,1.245,False,False
ENSG00000134363,0.0,False,True
ENSG00000134369,1.29,True,False
ENSG00000134371,18.555,False,False
ENSG00000134375,482.90999999999997,False,False
ENSG00000134419,1527.225,False,False
ENSG00000134440,86.47999999999999,False,False
ENSG00000134444,1.0499999999999998,False,False
ENSG00000134452,8.71,False,False
ENSG00000134453,15.879999999999999,False,False
ENSG00000134460,0.0,True,True
ENSG00000134461,1.13,False,False
ENSG00000134463,0.28,True,False
ENSG00000134470,1.035,False,False
ENSG00000134480,142.04,False,False
ENSG00000134490,8.49,False,False
ENSG00000134504,0.0,True,True
ENSG00000134508,0.04,True,True
ENSG00000134516,3.09,False,False
ENSG00000134531,0.035,False,True
ENSG00000134532,6.375,False,False
ENSG00000134569,0.015,False,True
ENSG00000134574,5.705,True,False
ENSG00000134575,1.48,True,False
ENSG00000134590,15.385,True,False
ENSG00000134594,0.04,True,True
ENSG00000134597,33.120000000000005,True,False
ENSG00000134602,20.84,False,False
ENSG00000134627,5.13,False,False
ENSG00000134644,24.155,False,False
ENSG00000134684,40.245000000000005,False,False
ENSG00000134686,2.91,False,False
ENSG00000134690,55.305,False,False
ENSG00000134697,102.27000000000001,False,False
ENSG00000134698,0.7450000000000001,False,False
ENSG00000134717,64.91499999999999,False,False
ENSG00000134744,8.475,False,False
ENSG00000134748,89.5,False,False
ENSG00000134755,4.075,False,False
ENSG00000134758,32.480000000000004,False,False
ENSG00000134759,86.41,False,False
ENSG00000134775,0.0,True,True
ENSG00000134779,63.325,False,False
ENSG00000134780,0.0,True,True
ENSG00000134802,43.925,False,False
ENSG00000134809,387.35,False,False
ENSG00000134815,0.32999999999999996,False,False
ENSG00000134824,2.29,False,False
ENSG00000134825,623.2950000000001,False,False
ENSG00000134851,17.095,False,False
ENSG00000134852,2.5300000000000002,False,False
ENSG00000134853,0.0,True,True
ENSG00000134864,0.19,True,False
ENSG00000134882,3.545,False,False
ENSG00000134884,13.755,True,False
ENSG00000134897,2.445,True,False
ENSG00000134899,4.805,False,False
ENSG00000134900,11.754999999999999,False,False
ENSG00000134901,3.175,True,False
ENSG00000134905,1.27,False,False
ENSG00000134910,125.42500000000001,False,False
ENSG00000134982,6.449999999999999,False,False
ENSG00000134987,21.67,False,False
ENSG00000134996,11.704999999999998,False,False
ENSG00000135002,3.005,False,False
ENSG00000135018,7.754999999999999,False,False
ENSG00000135040,14.475000000000001,True,False
ENSG00000135045,4.145,True,False
ENSG00000135047,37.17,True,False
ENSG00000135049,0.845,True,False
ENSG00000135052,0.62,True,False
ENSG00000135063,0.0,False,True
ENSG00000135069,94.41,False,False
ENSG00000135070,5.1,True,False
ENSG00000135074,0.17,True,False
ENSG00000135077,0.0,True,True
ENSG00000135090,17.7,False,False
ENSG00000135097,0.0,True,True
ENSG00000135108,2.915,False,False
ENSG00000135111,0.04,True,True
ENSG00000135114,0.0,True,True
ENSG00000135116,0.0,True,True
ENSG00000135119,11.445,True,False
ENSG00000135124,5.275,True,False
ENSG00000135127,0.05,True,True
ENSG00000135148,34.735,False,False
ENSG00000135164,18.755,False,False
ENSG00000135185,2.955,True,False
ENSG00000135205,0.045,True,True
ENSG00000135211,100.97,False,False
ENSG00000135241,9.185,False,False
ENSG00000135245,23.15,False,False
ENSG00000135249,13.705,False,False
ENSG00000135269,17.075,False,False
ENSG00000135297,24.66,False,False
ENSG00000135298,0.6950000000000001,True,False
ENSG00000135299,0.04,True,True
ENSG00000135314,11.89,True,False
ENSG00000135315,2.455,True,False
ENSG00000135316,71.285,True,False
ENSG00000135317,32.4,False,False
ENSG00000135318,0.015,True,True
ENSG00000135324,5.29,True,False
ENSG00000135334,6.45,False,False
ENSG00000135336,85.58500000000001,False,False
ENSG00000135338,0.75,True,False
ENSG00000135341,9.23,False,False
ENSG00000135362,0.09,False,True
ENSG00000135363,5.075,True,False
ENSG00000135365,0.95,False,False
ENSG00000135372,35.425,False,False
ENSG00000135378,0.0,True,True
ENSG00000135387,35.84,False,False
ENSG00000135390,875.73,False,False
ENSG00000135392,3.925,False,False
ENSG00000135404,405.94,False,False
ENSG00000135406,1.13,True,False
ENSG00000135414,0.9949999999999999,True,False
ENSG00000135423,0.0,True,True
ENSG00000135424,0.06,True,True
ENSG00000135426,1.12,True,False
ENSG00000135439,0.0,True,True
ENSG00000135441,93.815,False,False
ENSG00000135446,29.92,False,False
ENSG00000135447,0.0,False,True
ENSG00000135451,41.615,False,False
ENSG00000135454,0.665,True,False
ENSG00000135457,4.66,False,False
ENSG00000135469,2.01,True,False
ENSG00000135473,9.655,False,False
ENSG00000135476,1.5099999999999998,False,False
ENSG00000135482,0.28,True,False
ENSG00000135486,1130.34,False,False
ENSG00000135502,1.205,True,False
ENSG00000135503,0.495,True,False
ENSG00000135506,3.0149999999999997,False,False
ENSG00000135517,0.17,False,False
ENSG00000135519,0.0,False,True
ENSG00000135521,60.465,False,False
ENSG00000135525,0.965,True,False
ENSG00000135535,111.91,False,False
ENSG00000135537,2.05,False,False
ENSG00000135540,0.065,True,True
ENSG00000135541,22.384999999999998,False,False
ENSG00000135547,0.005,True,True
ENSG00000135549,18.630000000000003,True,False
ENSG00000135577,0.01,False,True
ENSG00000135587,0.12,False,False
ENSG00000135597,6.1899999999999995,False,False
ENSG00000135604,0.04,True,True
ENSG00000135605,3.49,True,False
ENSG00000135617,6.4,False,False
ENSG00000135622,0.06,True,True
ENSG00000135624,226.555,False,False
ENSG00000135625,0.0,True,True
ENSG00000135632,7.455,False,False
ENSG00000135636,0.005,True,True
ENSG00000135637,0.33499999999999996,True,False
ENSG00000135638,0.0,False,True
ENSG00000135643,0.005,False,True
ENSG00000135655,118.97999999999999,False,False
ENSG00000135677,3.425,False,False
ENSG00000135679,14.559999999999999,False,False
ENSG00000135686,2.165,False,False
ENSG00000135698,108.195,True,False
ENSG00000135709,0.135,True,False
ENSG00000135720,4.62,False,False
ENSG00000135722,0.055,True,True
ENSG00000135723,13.149999999999999,False,False
ENSG00000135736,0.025,True,True
ENSG00000135747,0.195,True,False
ENSG00000135749,0.0,True,True
ENSG00000135750,2.495,False,False
ENSG00000135763,2.185,False,False
ENSG00000135766,4.02,False,False
ENSG00000135775,13.015,False,False
ENSG00000135776,9.415,False,False
ENSG00000135778,74.435,False,False
ENSG00000135801,1.65,False,False
ENSG00000135821,2607.98,False,False
ENSG00000135823,1.7850000000000001,True,False
ENSG00000135828,2.49,True,False
ENSG00000135829,69.89500000000001,False,False
ENSG00000135837,5.15,False,False
ENSG00000135838,13.895,True,False
ENSG00000135842,2.24,True,False
ENSG00000135845,61.65,False,False
ENSG00000135862,0.035,True,True
ENSG00000135870,2.025,False,False
ENSG00000135900,8.21,False,False
ENSG00000135912,12.86,False,False
ENSG00000135913,1.435,False,False
ENSG00000135916,0.385,True,False
ENSG00000135919,0.0,True,True
ENSG00000135924,0.0,True,True
ENSG00000135926,10.36,False,False
ENSG00000135930,52.765,False,False
ENSG00000135931,0.755,True,False
ENSG00000135932,21.96,False,False
ENSG00000135940,251.685,False,False
ENSG00000135945,8.11,False,False
ENSG00000135951,1.96,True,False
ENSG00000135953,0.925,True,False
ENSG00000135956,1.255,False,False
ENSG00000135966,2.535,False,False
ENSG00000135968,10.89,False,False
ENSG00000135972,63.510000000000005,False,False
ENSG00000135974,15.0,True,False
ENSG00000135976,6.68,True,False
ENSG00000135999,4.535,True,False
ENSG00000136002,0.0,False,True
ENSG00000136003,10.975,False,False
ENSG00000136010,0.865,False,False
ENSG00000136021,6.1,False,False
ENSG00000136026,0.0,True,True
ENSG00000136040,0.41000000000000003,True,False
ENSG00000136044,1.425,True,False
ENSG00000136045,279.77,False,False
ENSG00000136048,1.135,True,False
ENSG00000136051,8.06,False,False
ENSG00000136052,0.03,True,True
ENSG00000136068,7.890000000000001,False,False
ENSG00000136098,4.93,True,False
ENSG00000136100,6.6899999999999995,False,False
ENSG00000136104,20.075000000000003,False,False
ENSG00000136108,13.885000000000002,False,False
ENSG00000136111,1.6549999999999998,True,False
ENSG00000136122,8.55,True,False
ENSG00000136141,0.76,True,False
ENSG00000136143,28.595,False,False
ENSG00000136144,2.2399999999999998,True,False
ENSG00000136146,49.269999999999996,False,False
ENSG00000136147,1.425,True,False
ENSG00000136152,2.675,False,False
ENSG00000136156,28.8,True,False
ENSG00000136158,1.2850000000000001,True,False
ENSG00000136159,16.2,True,False
ENSG00000136161,1.78,True,False
ENSG00000136167,50.235,False,False
ENSG00000136169,0.825,True,False
ENSG00000136193,0.07,True,True
ENSG00000136197,0.9550000000000001,True,False
ENSG00000136213,0.125,True,False
ENSG00000136231,4.975,False,False
ENSG00000136238,60.875,False,False
ENSG00000136240,18.94,False,False
ENSG00000136243,60.935,False,False
ENSG00000136244,0.9750000000000001,True,False
ENSG00000136247,48.55,False,False
ENSG00000136261,156.685,True,False
ENSG00000136270,8.895,False,False
ENSG00000136271,22.875,False,False
ENSG00000136273,17.685000000000002,False,False
ENSG00000136274,0.0,True,True
ENSG00000136279,1.9,False,False
ENSG00000136280,0.28500000000000003,False,False
ENSG00000136286,0.01,True,True
ENSG00000136295,0.035,True,True
ENSG00000136319,4.385,True,False
ENSG00000136367,0.0,True,True
ENSG00000136371,13.735,False,False
ENSG00000136378,0.0,False,True
ENSG00000136381,10.54,False,False
ENSG00000136404,3.52,False,False
ENSG00000136425,1.4249999999999998,True,False
ENSG00000136436,19.665,False,False
ENSG00000136444,2.885,False,False
ENSG00000136449,0.0,True,True
ENSG00000136450,65.28,False,False
ENSG00000136451,6.215,False,False
ENSG00000136463,7.0649999999999995,False,False
ENSG00000136478,3.2199999999999998,False,False
ENSG00000136485,23.845,False,False
ENSG00000136490,0.060000000000000005,True,True
ENSG00000136492,1.77,False,False
ENSG00000136504,6.85,False,False
ENSG00000136518,152.31,False,False
ENSG00000136521,326.88,False,False
ENSG00000136522,281.15,False,False
ENSG00000136527,88.85,False,False
ENSG00000136535,0.0,True,True
ENSG00000136536,50.285,False,False
ENSG00000136574,0.015,False,True
ENSG00000136603,6.17,False,False
ENSG00000136628,121.98,False,False
ENSG00000136630,0.07,True,True
ENSG00000136631,14.495000000000001,False,False
ENSG00000136634,0.0,True,True
ENSG00000136636,10.575,False,False
ENSG00000136643,2.65,False,False
ENSG00000136682,74.955,False,False
ENSG00000136699,6.41,False,False
ENSG00000136709,28.854999999999997,False,False
ENSG00000136710,8.54,False,False
ENSG00000136715,4.135,False,False
ENSG00000136717,0.02,False,True
ENSG00000136718,28.155,False,False
ENSG00000136720,0.08,True,True
ENSG00000136731,3.29,False,False
ENSG00000136732,38.065,False,False
ENSG00000136738,13.629999999999999,False,False
ENSG00000136754,21.130000000000003,True,False
ENSG00000136758,21.025,False,False
ENSG00000136770,3.27,False,False
ENSG00000136783,88.69,False,False
ENSG00000136802,1.94,False,False
ENSG00000136807,3.12,False,False
ENSG00000136810,1193.6950000000002,False,False
ENSG00000136811,10.825,False,False
ENSG00000136813,10.29,False,False
ENSG00000136816,3.6850000000000005,False,False
ENSG00000136819,86.83500000000001,False,False
ENSG00000136824,32.39,True,False
ENSG00000136826,0.015,True,True
ENSG00000136827,4.045,False,False
ENSG00000136828,0.025,True,True
ENSG00000136840,1.85,False,False
ENSG00000136842,9.125,False,False
ENSG00000136856,0.14,True,False
ENSG00000136859,0.0,True,True
ENSG00000136861,13.885000000000002,False,False
ENSG00000136866,0.055,True,True
ENSG00000136867,0.875,False,False
ENSG00000136868,14.379999999999999,False,False
ENSG00000136870,1.56,True,False
ENSG00000136872,0.0,True,True
ENSG00000136874,9.545,False,False
ENSG00000136875,16.52,False,False
ENSG00000136878,1.5550000000000002,False,False
ENSG00000136888,349.185,False,False
ENSG00000136891,17.54,False,False
ENSG00000136895,0.125,True,False
ENSG00000136897,73.795,True,False
ENSG00000136908,35.485,False,False
ENSG00000136918,0.0,False,True
ENSG00000136925,5.705,False,False
ENSG00000136928,0.78,True,False
ENSG00000136930,659.365,True,False
ENSG00000136932,4.095,True,False
ENSG00000136933,65.905,False,False
ENSG00000136936,3.605,True,False
ENSG00000136937,18.905,False,False
ENSG00000136938,92.695,False,False
ENSG00000136940,14.719999999999999,True,False
ENSG00000136942,3805.76,False,False
ENSG00000136950,18.195,False,False
ENSG00000136982,3.88,True,False
ENSG00000136986,4.865,False,False
ENSG00000136997,21.134999999999998,False,False
ENSG00000137040,5.85,True,False
ENSG00000137054,12.335,False,False
ENSG00000137055,2.545,False,False
ENSG00000137070,0.07500000000000001,True,True
ENSG00000137073,7.325,False,False
ENSG00000137074,50.955,False,False
ENSG00000137075,1.635,True,False
ENSG00000137076,6.29,False,False
ENSG00000137094,0.165,True,False
ENSG00000137098,0.01,True,True
ENSG00000137100,8.45,True,False
ENSG00000137101,0.06,True,True
ENSG00000137103,0.030000000000000002,True,True
ENSG00000137106,32.61,False,False
ENSG00000137124,5.96,False,False
ENSG00000137133,4.155,True,False
ENSG00000137145,2.8200000000000003,False,False
ENSG00000137154,1983.8600000000001,False,False
ENSG00000137161,1.9049999999999998,False,False
ENSG00000137166,0.11000000000000001,True,False
ENSG00000137168,132.93,False,False
ENSG00000137177,2.9349999999999996,True,False
ENSG00000137185,12.07,False,False
ENSG00000137193,14.73,False,False
ENSG00000137198,29.189999999999998,True,False
ENSG00000137200,1.835,False,False
ENSG00000137203,0.14500000000000002,True,False
ENSG00000137207,28.65,False,False
ENSG00000137210,614.875,False,False
ENSG00000137216,0.105,False,False
ENSG00000137218,0.035,True,True
ENSG00000137221,0.145,False,False
ENSG00000137261,0.0,False,True
ENSG00000137265,0.005,True,True
ENSG00000137266,0.22999999999999998,True,False
ENSG00000137267,2.6399999999999997,False,False
ENSG00000137269,0.0,True,True
ENSG00000137273,0.0,False,True
ENSG00000137274,3.6399999999999997,False,False
ENSG00000137275,2.235,True,False
ENSG00000137285,0.08499999999999999,True,True
ENSG00000137288,641.47,False,False
ENSG00000137309,21.990000000000002,False,False
ENSG00000137310,2.9050000000000002,False,False
ENSG00000137312,8.155,False,False
ENSG00000137331,0.775,True,False
ENSG00000137337,6.205,False,False
ENSG00000137338,2.075,True,False
ENSG00000137343,0.46499999999999997,True,False
ENSG00000137364,28.564999999999998,False,False
ENSG00000137393,0.005,False,True
ENSG00000137404,11.83,False,False
ENSG00000137409,6.925000000000001,False,False
ENSG00000137411,1.8849999999999998,False,False
ENSG00000137413,54.945,False,False
ENSG00000137414,3.265,False,False
ENSG00000137434,23.69,False,False
ENSG00000137449,0.255,True,False
ENSG00000137460,0.034999999999999996,True,True
ENSG00000137462,0.0,True,True
ENSG00000137473,0.015,True,True
ENSG00000137478,1.22,False,False
ENSG00000137486,6.109999999999999,False,False
ENSG00000137491,1.02,False,False
ENSG00000137492,17.955,True,False
ENSG00000137494,3.835,True,False
ENSG00000137496,0.18,True,False
ENSG00000137497,6.3,False,False
ENSG00000137500,42.89,False,False
ENSG00000137501,0.10500000000000001,True,False
ENSG00000137502,0.405,True,False
ENSG00000137507,0.0,True,True
ENSG00000137513,21.39,False,False
ENSG00000137522,6.550000000000001,False,False
ENSG00000137547,56.84,False,False
ENSG00000137563,26.845,False,False
ENSG00000137571,0.0,True,True
ENSG00000137574,9.114999999999998,False,False
ENSG00000137575,136.995,True,False
ENSG00000137601,4.824999999999999,True,False
ENSG00000137628,0.03,True,True
ENSG00000137642,0.005,True,True
ENSG00000137648,2.4450000000000003,False,False
ENSG00000137656,5.835,False,False
ENSG00000137692,27.689999999999998,False,False
ENSG00000137700,21.775,False,False
ENSG00000137707,0.0,True,True
ENSG00000137710,34.045,False,False
ENSG00000137713,29.435,False,False
ENSG00000137714,4.555,True,False
ENSG00000137720,55.125,True,False
ENSG00000137726,0.0,True,True
ENSG00000137727,0.0,True,True
ENSG00000137760,3.08,True,False
ENSG00000137764,0.32499999999999996,False,False
ENSG00000137770,9.995000000000001,False,False
ENSG00000137776,43.900000000000006,False,False
ENSG00000137801,0.03,True,True
ENSG00000137802,0.17,True,False
ENSG00000137807,17.8,False,False
ENSG00000137812,10.285,False,False
ENSG00000137814,41.165,False,False
ENSG00000137817,10.73,False,False
ENSG00000137818,1744.2,False,False
ENSG00000137819,0.04,True,True
ENSG00000137822,6.4350000000000005,False,False
ENSG00000137824,5.875,False,False
ENSG00000137825,0.14,True,False
ENSG00000137834,0.18,True,False
ENSG00000137841,0.23,True,False
ENSG00000137842,2.465,True,False
ENSG00000137845,8.145,False,False
ENSG00000137857,0.005,False,True
ENSG00000137871,7.225,True,False
ENSG00000137876,217.54,False,False
ENSG00000137878,0.0,True,True
ENSG00000137880,7.91,True,False
ENSG00000137936,4.225,True,False
ENSG00000137941,0.375,False,False
ENSG00000137942,0.9550000000000001,True,False
ENSG00000137944,36.474999999999994,False,False
ENSG00000137947,60.585,False,False
ENSG00000137955,119.95,False,False
ENSG00000137960,0.0,False,True
ENSG00000137992,2.025,True,False
ENSG00000137996,8.07,True,False
ENSG00000138002,4.535,True,False
ENSG00000138029,129.54500000000002,True,False
ENSG00000138030,1.4300000000000002,True,False
ENSG00000138031,1.145,False,False
ENSG00000138032,5.9399999999999995,False,False
ENSG00000138035,40.84,False,False
ENSG00000138036,24.369999999999997,False,False
ENSG00000138050,8.0,True,False
ENSG00000138061,0.0,False,True
ENSG00000138068,0.0,False,True
ENSG00000138069,31.125,False,False
ENSG00000138071,31.325,False,False
ENSG00000138073,24.735,False,False
ENSG00000138074,27.685000000000002,False,False
ENSG00000138078,7.965,False,False
ENSG00000138081,7.68,False,False
ENSG00000138083,0.0,False,True
ENSG00000138085,100.53,False,False
ENSG00000138092,20.604999999999997,False,False
ENSG00000138095,27.19,False,False
ENSG00000138101,0.0,True,True
ENSG00000138107,28.630000000000003,False,False
ENSG00000138111,0.84,True,False
ENSG00000138119,0.0,False,True
ENSG00000138131,0.005,True,True
ENSG00000138135,0.0,True,True
ENSG00000138136,0.0,False,True
ENSG00000138160,7.055,False,False
ENSG00000138166,0.315,False,False
ENSG00000138175,6.25,True,False
ENSG00000138180,3.27,True,False
ENSG00000138182,34.725,False,False
ENSG00000138193,0.295,False,False
ENSG00000138207,0.0,False,True
ENSG00000138231,1.705,True,False
ENSG00000138246,2.13,False,False
ENSG00000138279,60.175,False,False
ENSG00000138286,9.3,True,False
ENSG00000138303,31.015,False,False
ENSG00000138326,1693.38,False,False
ENSG00000138336,1.8250000000000002,True,False
ENSG00000138346,14.045,False,False
ENSG00000138363,201.09,False,False
ENSG00000138375,5.245,False,False
ENSG00000138376,11.835,False,False
ENSG00000138380,0.12,True,False
ENSG00000138381,25.225,False,False
ENSG00000138382,318.45500000000004,False,False
ENSG00000138386,2.06,False,False
ENSG00000138398,106.005,True,False
ENSG00000138399,79.22,False,False
ENSG00000138400,0.03,False,True
ENSG00000138411,0.65,False,False
ENSG00000138413,84.58,False,False
ENSG00000138430,136.66,False,False
ENSG00000138433,18.884999999999998,True,False
ENSG00000138434,12.08,False,False
ENSG00000138439,2.5149999999999997,True,False
ENSG00000138442,328.18,False,False
ENSG00000138443,3.54,False,False
ENSG00000138448,2.565,False,False
ENSG00000138449,32.505,True,False
ENSG00000138459,6.995000000000001,False,False
ENSG00000138463,0.12,True,False
ENSG00000138468,2.7,True,False
ENSG00000138495,121.495,True,False
ENSG00000138496,1.2149999999999999,True,False
ENSG00000138587,1.4849999999999999,False,False
ENSG00000138592,29.990000000000002,False,False
ENSG00000138593,0.765,True,False
ENSG00000138594,7.955,False,False
ENSG00000138600,8.115,False,False
ENSG00000138604,6.015000000000001,True,False
ENSG00000138606,0.11,True,False
ENSG00000138613,6.365,True,False
ENSG00000138614,27.42,False,False
ENSG00000138621,36.06,True,False
ENSG00000138623,0.005,True,True
ENSG00000138629,16.13,False,False
ENSG00000138639,5.75,True,False
ENSG00000138640,8.254999999999999,True,False
ENSG00000138641,1.115,True,False
ENSG00000138642,0.03,True,True
ENSG00000138658,5.93,False,False
ENSG00000138660,1.705,False,False
ENSG00000138663,117.505,False,False
ENSG00000138668,122.275,False,False
ENSG00000138674,70.86,False,False
ENSG00000138675,0.365,True,False
ENSG00000138678,4.9399999999999995,True,False
ENSG00000138685,1.7000000000000002,False,False
ENSG00000138686,13.114999999999998,True,False
ENSG00000138688,1.525,False,False
ENSG00000138698,19.47,False,False
ENSG00000138709,11.915,False,False
ENSG00000138735,1.36,True,False
ENSG00000138741,0.005,False,True
ENSG00000138744,1.085,False,False
ENSG00000138750,19.8,False,False
ENSG00000138756,13.835,False,False
ENSG00000138757,16.84,False,False
ENSG00000138758,16.235,False,False
ENSG00000138759,0.035,False,True
ENSG00000138764,0.755,True,False
ENSG00000138767,4.355,False,False
ENSG00000138768,11.7,False,False
ENSG00000138771,0.005,False,True
ENSG00000138772,9.365,True,False
ENSG00000138777,63.69,False,False
ENSG00000138778,9.844999999999999,False,False
ENSG00000138780,3.105,True,False
ENSG00000138794,16.884999999999998,False,False
ENSG00000138795,10.02,True,False
ENSG00000138796,48.305,False,False
ENSG00000138801,28.025,False,False
ENSG00000138802,4.734999999999999,False,False
ENSG00000138814,0.78,True,False
ENSG00000138821,5.71,False,False
ENSG00000138823,0.075,False,True
ENSG00000138834,0.135,True,False
ENSG00000138867,33.900000000000006,False,False
ENSG00000138942,3.4450000000000003,True,False
ENSG00000139044,0.0,False,True
ENSG00000139083,1.365,True,False
ENSG00000139112,1.79,True,False
ENSG00000139116,11.614999999999998,False,False
ENSG00000139117,4.98,True,False
ENSG00000139131,11.025,False,False
ENSG00000139132,0.034999999999999996,False,True
ENSG00000139133,1.5,False,False
ENSG00000139146,94.72999999999999,False,False
ENSG00000139163,22.235,False,False
ENSG00000139168,49.0,False,False
ENSG00000139173,0.33499999999999996,True,False
ENSG00000139174,0.17500000000000002,False,False
ENSG00000139178,1.08,False,False
ENSG00000139180,218.915,False,False
ENSG00000139182,0.245,True,False
ENSG00000139187,4.365,True,False
ENSG00000139190,0.445,True,False
ENSG00000139192,0.12,True,False
ENSG00000139194,11.785,True,False
ENSG00000139197,1.12,False,False
ENSG00000139200,0.0,True,True
ENSG00000139211,1.855,True,False
ENSG00000139218,26.33,False,False
ENSG00000139219,0.0,False,True
ENSG00000139233,48.175,True,False
ENSG00000139266,0.835,True,False
ENSG00000139278,1.4249999999999998,True,False
ENSG00000139289,0.325,True,False
ENSG00000139291,11.14,True,False
ENSG00000139292,0.0,True,True
ENSG00000139323,3.8499999999999996,False,False
ENSG00000139324,3.515,False,False
ENSG00000139343,149.92000000000002,False,False
ENSG00000139350,7.074999999999999,False,False
ENSG00000139354,1.275,True,False
ENSG00000139364,0.0,True,True
ENSG00000139370,3.795,False,False
ENSG00000139372,25.375,False,False
ENSG00000139405,2.03,False,False
ENSG00000139410,0.42,False,False
ENSG00000139428,7.824999999999999,False,False
ENSG00000139433,3.54,True,False
ENSG00000139436,2.455,False,False
ENSG00000139437,2.895,True,False
ENSG00000139438,0.02,True,True
ENSG00000139445,0.0,True,True
ENSG00000139496,8.175,False,False
ENSG00000139505,2.46,True,False
ENSG00000139508,0.09000000000000001,True,True
ENSG00000139514,3.15,False,False
ENSG00000139517,0.79,True,False
ENSG00000139531,8.195,False,False
ENSG00000139546,6.425,False,False
ENSG00000139549,0.07500000000000001,True,True
ENSG00000139567,0.04,True,True
ENSG00000139579,9.515,False,False
ENSG00000139613,17.314999999999998,False,False
ENSG00000139618,3.12,True,False
ENSG00000139620,55.739999999999995,False,False
ENSG00000139624,4.125,False,False
ENSG00000139625,0.345,True,False
ENSG00000139629,1.6,True,False
ENSG00000139631,1.605,True,False
ENSG00000139636,2.06,False,False
ENSG00000139637,0.67,True,False
ENSG00000139641,101.125,False,False
ENSG00000139644,833.995,False,False
ENSG00000139645,0.445,False,False
ENSG00000139651,0.925,True,False
ENSG00000139668,0.46499999999999997,True,False
ENSG00000139684,283.865,False,False
ENSG00000139687,3.115,True,False
ENSG00000139697,16.94,False,False
ENSG00000139718,1.5699999999999998,True,False
ENSG00000139719,6.85,False,False
ENSG00000139722,0.33999999999999997,False,False
ENSG00000139725,0.22,True,False
ENSG00000139726,22.009999999999998,False,False
ENSG00000139734,5.845,False,False
ENSG00000139737,0.01,True,True
ENSG00000139746,7.32,False,False
ENSG00000139780,0.0,False,True
ENSG00000139793,4.725,False,False
ENSG00000139800,0.615,True,False
ENSG00000139826,1.33,True,False
ENSG00000139832,0.43999999999999995,True,False
ENSG00000139842,17.335,False,False
ENSG00000139880,0.04,True,True
ENSG00000139899,0.025,True,True
ENSG00000139921,70.125,False,False
ENSG00000139946,0.435,True,False
ENSG00000139971,0.66,True,False
ENSG00000139973,0.0,False,True
ENSG00000139974,27.299999999999997,True,False
ENSG00000139977,2.5999999999999996,True,False
ENSG00000139985,0.035,False,True
ENSG00000139990,3.435,True,False
ENSG00000139998,0.07,True,True
ENSG00000140006,9.67,True,False
ENSG00000140009,0.045,True,True
ENSG00000140022,18.85,True,False
ENSG00000140025,27.130000000000003,True,False
ENSG00000140043,8.64,True,False
ENSG00000140044,0.245,True,False
ENSG00000140057,0.8600000000000001,True,False
ENSG00000140092,0.0,True,True
ENSG00000140104,0.03,True,True
ENSG00000140105,183.235,False,False
ENSG00000140153,4.38,False,False
ENSG00000140157,13.0,False,False
ENSG00000140199,1.0,False,False
ENSG00000140254,0.0,False,True
ENSG00000140259,23.61,False,False
ENSG00000140262,6.975,False,False
ENSG00000140263,4.64,False,False
ENSG00000140264,2480.87,False,False
ENSG00000140265,1.5899999999999999,True,False
ENSG00000140280,2.9850000000000003,True,False
ENSG00000140284,3.4450000000000003,True,False
ENSG00000140299,13.059999999999999,False,False
ENSG00000140307,492.525,False,False
ENSG00000140319,749.8199999999999,False,False
ENSG00000140320,0.375,True,False
ENSG00000140323,0.0,True,True
ENSG00000140326,1.04,False,False
ENSG00000140332,1.0950000000000002,False,False
ENSG00000140350,15.1,False,False
ENSG00000140365,15.34,False,False
ENSG00000140367,4.755,True,False
ENSG00000140374,93.485,False,False
ENSG00000140382,13.725000000000001,False,False
ENSG00000140386,2.245,True,False
ENSG00000140395,270.275,False,False
ENSG00000140396,0.54,True,False
ENSG00000140398,0.08,True,True
ENSG00000140400,1.15,False,False
ENSG00000140403,0.445,True,False
ENSG00000140406,1.195,True,False
ENSG00000140416,6.99,True,False
ENSG00000140443,0.27,True,False
ENSG00000140451,0.975,True,False
ENSG00000140455,24.455,False,False
ENSG00000140463,36.06,False,False
ENSG00000140464,3.73,False,False
ENSG00000140465,0.0,False,True
ENSG00000140471,18.555,False,False
ENSG00000140474,0.375,False,False
ENSG00000140488,0.005,False,True
ENSG00000140497,4.75,False,False
ENSG00000140519,0.0,True,True
ENSG00000140521,10.965,False,False
ENSG00000140525,49.67,False,False
ENSG00000140526,11.705,False,False
ENSG00000140527,0.0,True,True
ENSG00000140534,0.735,False,False
ENSG00000140543,2.715,True,False
ENSG00000140545,1.76,True,False
ENSG00000140548,0.46499999999999997,True,False
ENSG00000140553,14.765,False,False
ENSG00000140557,0.0,False,True
ENSG00000140564,0.7250000000000001,False,False
ENSG00000140575,24.795,False,False
ENSG00000140577,1.45,False,False
ENSG00000140598,3.625,False,False
ENSG00000140600,2.685,True,False
ENSG00000140612,157.58499999999998,False,False
ENSG00000140632,6.08,False,False
ENSG00000140688,0.8400000000000001,False,False
ENSG00000140691,0.10500000000000001,True,False
ENSG00000140694,6.154999999999999,False,False
ENSG00000140718,6.859999999999999,True,False
ENSG00000140740,176.81,False,False
ENSG00000140743,3.7199999999999998,False,False
ENSG00000140750,5.225,False,False
ENSG00000140795,0.51,False,False
ENSG00000140807,0.0,False,True
ENSG00000140829,1.6,False,False
ENSG00000140830,14.375,False,False
ENSG00000140832,0.030000000000000002,False,True
ENSG00000140835,0.0,False,True
ENSG00000140848,2.065,True,False
ENSG00000140853,0.0,True,True
ENSG00000140854,0.99,False,False
ENSG00000140876,18.075,False,False
ENSG00000140905,25.765,False,False
ENSG00000140931,3.55,True,False
ENSG00000140932,0.05,False,True
ENSG00000140939,0.4,True,False
ENSG00000140941,24.78,False,False
ENSG00000140943,2.025,False,False
ENSG00000140948,0.9450000000000001,True,False
ENSG00000140968,0.0,True,True
ENSG00000140983,3.46,True,False
ENSG00000140986,0.015,False,True
ENSG00000140987,10.105,True,False
ENSG00000140988,637.54,False,False
ENSG00000140990,64.03999999999999,False,False
ENSG00000140992,2.31,False,False
ENSG00000140993,0.63,False,False
ENSG00000140995,33.519999999999996,True,False
ENSG00000141002,6.0,True,False
ENSG00000141012,0.21000000000000002,True,False
ENSG00000141013,0.615,True,False
ENSG00000141026,1.685,True,False
ENSG00000141027,23.27,False,False
ENSG00000141030,176.12,False,False
ENSG00000141034,0.885,True,False
ENSG00000141040,0.0,True,True
ENSG00000141068,0.735,False,False
ENSG00000141076,98.745,True,False
ENSG00000141084,0.63,False,False
ENSG00000141098,1.295,False,False
ENSG00000141101,37.665,False,False
ENSG00000141179,7.845,False,False
ENSG00000141194,0.0,False,True
ENSG00000141198,18.89,True,False
ENSG00000141219,4.98,False,False
ENSG00000141232,41.48,False,False
ENSG00000141258,0.20500000000000002,True,False
ENSG00000141294,0.14500000000000002,False,False
ENSG00000141295,0.19,True,False
ENSG00000141298,3.075,False,False
ENSG00000141314,0.0,False,True
ENSG00000141316,0.07,False,True
ENSG00000141349,7.3100000000000005,False,False
ENSG00000141367,80.645,False,False
ENSG00000141371,0.0,False,True
ENSG00000141376,1.495,True,False
ENSG00000141378,153.635,False,False
ENSG00000141380,18.52,False,False
ENSG00000141384,3.145,False,False
ENSG00000141385,17.935000000000002,False,False
ENSG00000141391,0.11,True,False
ENSG00000141401,0.58,False,False
ENSG00000141424,3.3550000000000004,True,False
ENSG00000141425,20.185000000000002,False,False
ENSG00000141428,19.505000000000003,False,False
ENSG00000141429,9.065,True,False
ENSG00000141431,0.0,False,True
ENSG00000141441,0.08,False,True
ENSG00000141446,10.315000000000001,False,False
ENSG00000141447,0.0,False,True
ENSG00000141448,0.0,True,True
ENSG00000141452,5.915,False,False
ENSG00000141456,0.32,False,False
ENSG00000141458,11.36,False,False
ENSG00000141469,0.030000000000000002,False,True
ENSG00000141480,0.6000000000000001,True,False
ENSG00000141485,0.0,True,True
ENSG00000141497,0.0,False,True
ENSG00000141499,1.255,False,False
ENSG00000141503,0.07500000000000001,False,True
ENSG00000141504,1.325,True,False
ENSG00000141510,2.2,True,False
ENSG00000141519,0.0,True,True
ENSG00000141522,7.945,False,False
ENSG00000141524,3.025,True,False
ENSG00000141526,0.005,True,True
ENSG00000141540,0.065,True,True
ENSG00000141542,0.23,True,False
ENSG00000141543,44.515,False,False
ENSG00000141551,4.32,False,False
ENSG00000141552,144.135,False,False
ENSG00000141556,8.190000000000001,False,False
ENSG00000141560,1.67,False,False
ENSG00000141562,54.405,False,False
ENSG00000141564,0.21000000000000002,False,False
ENSG00000141568,2.505,False,False
ENSG00000141569,2.36,False,False
ENSG00000141570,0.125,True,False
ENSG00000141574,0.0,True,True
ENSG00000141576,5.734999999999999,True,False
ENSG00000141577,0.1,True,False
ENSG00000141580,0.765,False,False
ENSG00000141582,0.6799999999999999,True,False
ENSG00000141627,3.545,False,False
ENSG00000141639,0.0,True,True
ENSG00000141642,3.125,True,False
ENSG00000141644,1.84,False,False
ENSG00000141646,4.025,False,False
ENSG00000141655,0.0,False,True
ENSG00000141664,1.32,False,False
ENSG00000141665,0.185,False,False
ENSG00000141682,8.625,True,False
ENSG00000141696,0.1,True,False
ENSG00000141698,2.06,False,False
ENSG00000141699,3.56,False,False
ENSG00000141736,0.56,True,False
ENSG00000141741,51.76,False,False
ENSG00000141744,0.365,True,False
ENSG00000141750,0.0,True,True
ENSG00000141753,7.609999999999999,False,False
ENSG00000141756,0.03,True,True
ENSG00000141759,22.09,False,False
ENSG00000141854,0.26,True,False
ENSG00000141858,2.2800000000000002,False,False
ENSG00000141867,3.76,False,False
ENSG00000141873,1.8599999999999999,False,False
ENSG00000141933,0.005,True,True
ENSG00000141956,0.845,False,False
ENSG00000141959,0.7050000000000001,False,False
ENSG00000141965,0.065,False,True
ENSG00000141968,0.32,True,False
ENSG00000141971,0.71,False,False
ENSG00000141979,0.0,False,True
ENSG00000141985,1.205,False,False
ENSG00000141994,1.855,False,False
ENSG00000142002,0.63,False,False
ENSG00000142039,0.53,True,False
ENSG00000142046,1.08,True,False
ENSG00000142065,1.295,True,False
ENSG00000142082,1.3250000000000002,True,False
ENSG00000142089,356.23,True,False
ENSG00000142102,0.35,True,False
ENSG00000142149,0.0,True,True
ENSG00000142156,0.0,True,True
ENSG00000142166,17.95,False,False
ENSG00000142168,998.925,False,False
ENSG00000142186,1.355,False,False
ENSG00000142188,32.345,True,False
ENSG00000142197,0.035,True,True
ENSG00000142207,0.675,False,False
ENSG00000142208,0.575,False,False
ENSG00000142224,0.0,True,True
ENSG00000142227,96.915,False,False
ENSG00000142230,56.650000000000006,False,False
ENSG00000142235,0.01,False,True
ENSG00000142252,70.25999999999999,False,False
ENSG00000142303,0.015,True,True
ENSG00000142327,0.125,False,False
ENSG00000142330,0.115,True,False
ENSG00000142347,0.47,True,False
ENSG00000142396,173.65499999999997,False,False
ENSG00000142409,0.33,False,False
ENSG00000142444,1.5150000000000001,True,False
ENSG00000142449,0.005,True,True
ENSG00000142453,0.44,False,False
ENSG00000142459,0.0,True,True
ENSG00000142507,251.245,False,False
ENSG00000142528,5.199999999999999,False,False
ENSG00000142530,0.0,False,True
ENSG00000142534,3087.42,False,False
ENSG00000142538,0.0,True,True
ENSG00000142539,0.025,False,True
ENSG00000142541,2049.0099999999998,False,False
ENSG00000142544,0.015,True,True
ENSG00000142546,11.879999999999999,False,False
ENSG00000142556,4.385,True,False
ENSG00000142627,0.0,True,True
ENSG00000142634,1.5350000000000001,False,False
ENSG00000142655,2.16,False,False
ENSG00000142657,192.215,False,False
ENSG00000142661,0.0,False,True
ENSG00000142669,82.57,False,False
ENSG00000142676,1773.2849999999999,False,False
ENSG00000142684,8.97,False,False
ENSG00000142686,2.165,False,False
ENSG00000142687,1.795,False,False
ENSG00000142694,0.07,False,True
ENSG00000142700,0.0,False,True
ENSG00000142731,10.934999999999999,False,False
ENSG00000142733,0.625,True,False
ENSG00000142751,7.91,False,False
ENSG00000142765,0.045,True,True
ENSG00000142784,0.18,False,False
ENSG00000142794,0.855,True,False
ENSG00000142798,0.47,True,False
ENSG00000142856,110.47,True,False
ENSG00000142864,51.36,False,False
ENSG00000142867,7.65,True,False
ENSG00000142871,0.28500000000000003,True,False
ENSG00000142875,0.625,False,False
ENSG00000142892,36.79,False,False
ENSG00000142910,0.0,True,True
ENSG00000142920,0.0,False,True
ENSG00000142937,1772.915,False,False
ENSG00000142945,53.74,False,False
ENSG00000142961,0.54,True,False
ENSG00000143013,2.545,True,False
ENSG00000143032,0.0,True,True
ENSG00000143033,19.705,False,False
ENSG00000143036,0.0,False,True
ENSG00000143061,0.83,True,False
ENSG00000143067,1.095,True,False
ENSG00000143079,0.43,True,False
ENSG00000143093,6.75,False,False
ENSG00000143105,0.0,False,True
ENSG00000143106,307.345,False,False
ENSG00000143119,112.185,False,False
ENSG00000143125,0.0,False,True
ENSG00000143126,0.5800000000000001,True,False
ENSG00000143147,0.135,True,False
ENSG00000143149,16.965,False,False
ENSG00000143153,0.53,False,False
ENSG00000143155,60.33,False,False
ENSG00000143156,27.46,False,False
ENSG00000143157,3.96,False,False
ENSG00000143158,58.22,False,False
ENSG00000143162,33.345,False,False
ENSG00000143164,11.98,False,False
ENSG00000143171,0.0,False,True
ENSG00000143179,66.10499999999999,False,False
ENSG00000143183,387.58000000000004,False,False
ENSG00000143190,4.220000000000001,False,False
ENSG00000143194,1.2349999999999999,True,False
ENSG00000143195,0.0,True,True
ENSG00000143198,206.325,False,False
ENSG00000143207,18.715,False,False
ENSG00000143222,143.97,False,False
ENSG00000143224,12.245000000000001,False,False
ENSG00000143248,1.48,True,False
ENSG00000143252,75.93,False,False
ENSG00000143256,37.385000000000005,False,False
ENSG00000143258,9.315,False,False
ENSG00000143294,16.055,False,False
ENSG00000143303,8.365,False,False
ENSG00000143314,154.48,False,False
ENSG00000143315,2.2800000000000002,True,False
ENSG00000143319,14.385,False,False
ENSG00000143320,0.305,True,False
ENSG00000143321,27.84,False,False
ENSG00000143322,1.455,False,False
ENSG00000143324,2.96,False,False
ENSG00000143333,0.08,True,True
ENSG00000143337,17.005,False,False
ENSG00000143340,0.0,False,True
ENSG00000143341,0.08,True,True
ENSG00000143344,0.05500000000000001,True,True
ENSG00000143353,117.30000000000001,False,False
ENSG00000143355,0.02,False,True
ENSG00000143363,11.795,False,False
ENSG00000143367,1.19,True,False
ENSG00000143368,2.27,False,False
ENSG00000143373,0.14500000000000002,False,False
ENSG00000143374,12.1,False,False
ENSG00000143375,0.065,True,True
ENSG00000143376,2.8550000000000004,False,False
ENSG00000143379,13.085,False,False
ENSG00000143382,8.825,True,False
ENSG00000143384,16.055,False,False
ENSG00000143390,3.6849999999999996,False,False
ENSG00000143393,2.135,False,False
ENSG00000143398,1.37,False,False
ENSG00000143401,118.6,False,False
ENSG00000143409,0.405,True,False
ENSG00000143418,16.855,False,False
ENSG00000143420,46.77,False,False
ENSG00000143434,0.07500000000000001,True,True
ENSG00000143436,30.47,False,False
ENSG00000143437,4.9350000000000005,False,False
ENSG00000143442,8.71,False,False
ENSG00000143443,12.73,False,False
ENSG00000143450,1.14,False,False
ENSG00000143457,10.39,False,False
ENSG00000143458,1.5350000000000001,True,False
ENSG00000143476,22.314999999999998,True,False
ENSG00000143479,2.91,False,False
ENSG00000143486,64.425,False,False
ENSG00000143493,21.465,True,False
ENSG00000143494,0.1,True,False
ENSG00000143498,25.14,False,False
ENSG00000143499,9.925,False,False
ENSG00000143502,0.02,False,True
ENSG00000143507,4.155,True,False
ENSG00000143514,10.16,True,False
ENSG00000143515,0.47,False,False
ENSG00000143537,0.51,False,False
ENSG00000143543,18.479999999999997,False,False
ENSG00000143545,14.364999999999998,False,False
ENSG00000143553,8.335,True,False
ENSG00000143554,0.375,True,False
ENSG00000143569,49.82,False,False
ENSG00000143570,7.3149999999999995,False,False
ENSG00000143575,316.805,False,False
ENSG00000143578,10.350000000000001,True,False
ENSG00000143590,0.495,True,False
ENSG00000143603,0.0,True,True
ENSG00000143612,36.394999999999996,True,False
ENSG00000143614,4.365,False,False
ENSG00000143621,319.13,False,False
ENSG00000143622,39.675,False,False
ENSG00000143624,3.625,False,False
ENSG00000143630,0.58,True,False
ENSG00000143632,0.0,False,True
ENSG00000143633,43.644999999999996,False,False
ENSG00000143643,1.295,True,False
ENSG00000143653,5.26,False,False
ENSG00000143669,0.895,True,False
ENSG00000143674,0.265,True,False
ENSG00000143702,13.955,True,False
ENSG00000143727,337.15999999999997,False,False
ENSG00000143740,1.71,True,False
ENSG00000143742,1248.35,False,False
ENSG00000143748,20.695,False,False
ENSG00000143751,9.67,False,False
ENSG00000143756,3.1550000000000002,False,False
ENSG00000143761,50.555,False,False
ENSG00000143771,208.195,False,False
ENSG00000143774,6.32,False,False
ENSG00000143776,31.705,True,False
ENSG00000143786,0.4,True,False
ENSG00000143793,2.745,True,False
ENSG00000143797,5.895,False,False
ENSG00000143799,75.66,False,False
ENSG00000143801,2.0,True,False
ENSG00000143811,3.865,False,False
ENSG00000143815,139.16500000000002,False,False
ENSG00000143816,0.0,True,True
ENSG00000143819,0.105,False,False
ENSG00000143842,0.0,True,True
ENSG00000143845,0.0,True,True
ENSG00000143847,0.025,True,True
ENSG00000143850,0.0,False,True
ENSG00000143851,12.65,False,False
ENSG00000143858,0.0,True,True
ENSG00000143862,0.155,False,False
ENSG00000143867,0.0,False,True
ENSG00000143869,0.005,False,True
ENSG00000143878,0.07500000000000001,True,True
ENSG00000143882,0.18,True,False
ENSG00000143889,14.620000000000001,True,False
ENSG00000143891,21.01,False,False
ENSG00000143919,1.07,True,False
ENSG00000143924,10.705,False,False
ENSG00000143933,1232.585,False,False
ENSG00000143942,24.92,False,False
ENSG00000143947,2132.6400000000003,False,False
ENSG00000143952,2.94,False,False
ENSG00000143970,1.585,False,False
ENSG00000143971,1.805,True,False
ENSG00000143977,1947.06,False,False
ENSG00000143994,0.12000000000000001,False,False
ENSG00000143995,2.06,True,False
ENSG00000144021,8.425,False,False
ENSG00000144026,7.9,True,False
ENSG00000144028,54.18,False,False
ENSG00000144029,58.32,False,False
ENSG00000144031,0.0,False,True
ENSG00000144034,176.385,True,False
ENSG00000144036,0.185,True,False
ENSG00000144043,7.7250000000000005,False,False
ENSG00000144045,0.04,False,True
ENSG00000144048,48.815,True,False
ENSG00000144061,0.14,True,False
ENSG00000144120,9.44,False,False
ENSG00000144134,0.28,True,False
ENSG00000144136,34.495000000000005,False,False
ENSG00000144152,0.0,False,True
ENSG00000144161,18.455,True,False
ENSG00000144182,11.68,True,False
ENSG00000144191,0.0,False,True
ENSG00000144224,31.58,False,False
ENSG00000144228,0.32,True,False
ENSG00000144231,32.925,False,False
ENSG00000144233,2.03,True,False
ENSG00000144283,14.8,False,False
ENSG00000144290,0.0,False,True
ENSG00000144306,5.045,True,False
ENSG00000144320,5.970000000000001,False,False
ENSG00000144339,0.49,True,False
ENSG00000144354,21.145000000000003,False,False
ENSG00000144355,1.18,True,False
ENSG00000144357,8.315,False,False
ENSG00000144362,5.035,True,False
ENSG00000144366,5.545,True,False
ENSG00000144369,0.025,True,True
ENSG00000144381,394.29,False,False
ENSG00000144395,3.49,True,False
ENSG00000144401,5.835000000000001,False,False
ENSG00000144426,3.0,False,False
ENSG00000144445,0.8200000000000001,True,False
ENSG00000144451,1.3,True,False
ENSG00000144455,0.715,True,False
ENSG00000144468,5.875,False,False
ENSG00000144485,4.305,True,False
ENSG00000144504,0.865,False,False
ENSG00000144524,3.84,False,False
ENSG00000144535,1.205,True,False
ENSG00000144554,62.565,False,False
ENSG00000144559,46.75,False,False
ENSG00000144566,18.275,True,False
ENSG00000144567,3.7350000000000003,False,False
ENSG00000144579,1.9,False,False
ENSG00000144580,14.07,False,False
ENSG00000144589,0.48,False,False
ENSG00000144591,5.415,True,False
ENSG00000144596,0.01,False,True
ENSG00000144597,7.26,False,False
ENSG00000144635,14.215,True,False
ENSG00000144644,0.0,True,True
ENSG00000144647,0.46,True,False
ENSG00000144648,0.015,False,True
ENSG00000144649,0.0,False,True
ENSG00000144655,0.505,False,False
ENSG00000144659,9.19,False,False
ENSG00000144668,0.0,True,True
ENSG00000144674,8.0,False,False
ENSG00000144677,3.5549999999999997,True,False
ENSG00000144711,0.505,True,False
ENSG00000144712,0.935,True,False
ENSG00000144713,3145.6099999999997,False,False
ENSG00000144730,0.0,False,True
ENSG00000144744,39.41,False,False
ENSG00000144746,35.120000000000005,False,False
ENSG00000144747,2.575,False,False
ENSG00000144749,0.035,True,True
ENSG00000144785,0.0,False,True
ENSG00000144791,0.77,False,False
ENSG00000144802,0.935,False,False
ENSG00000144815,0.24,True,False
ENSG00000144827,4.255,False,False
ENSG00000144840,13.635000000000002,True,False
ENSG00000144843,0.049999999999999996,True,True
ENSG00000144848,32.849999999999994,False,False
ENSG00000144857,0.0,False,True
ENSG00000144895,80.77000000000001,False,False
ENSG00000144909,1.865,True,False
ENSG00000144935,1.37,False,False
ENSG00000144959,1.13,True,False
ENSG00000145014,0.47000000000000003,True,False
ENSG00000145016,6.505,True,False
ENSG00000145022,2.08,True,False
ENSG00000145029,4.13,False,False
ENSG00000145041,2.03,False,False
ENSG00000145050,5.835,False,False
ENSG00000145063,0.0,True,True
ENSG00000145088,11.795,True,False
ENSG00000145103,0.0,True,True
ENSG00000145191,13.934999999999999,False,False
ENSG00000145194,0.0,False,True
ENSG00000145198,0.015,False,True
ENSG00000145214,0.14500000000000002,True,False
ENSG00000145216,24.935000000000002,False,False
ENSG00000145220,19.055,False,False
ENSG00000145241,11.760000000000002,False,False
ENSG00000145246,0.245,True,False
ENSG00000145248,1.77,True,False
ENSG00000145284,0.0,True,True
ENSG00000145293,25.08,False,False
ENSG00000145331,8.875,True,False
ENSG00000145335,1.8599999999999999,True,False
ENSG00000145337,17.59,False,False
ENSG00000145348,3.6950000000000003,False,False
ENSG00000145349,0.015,True,True
ENSG00000145354,67.105,False,False
ENSG00000145365,1.145,True,False
ENSG00000145375,2.215,False,False
ENSG00000145386,26.5,False,False
ENSG00000145388,9.01,True,False
ENSG00000145390,2.135,True,False
ENSG00000145414,1.645,False,False
ENSG00000145423,0.0,False,True
ENSG00000145425,2508.655,False,False
ENSG00000145428,0.0,False,True
ENSG00000145439,18.445,True,False
ENSG00000145451,0.085,False,True
ENSG00000145476,0.63,False,False
ENSG00000145491,0.055,True,True
ENSG00000145494,27.83,False,False
ENSG00000145495,109.445,False,False
ENSG00000145506,0.0,True,True
ENSG00000145545,0.825,True,False
ENSG00000145569,0.0,True,True
ENSG00000145592,2394.39,False,False
ENSG00000145604,24.07,False,False
ENSG00000145642,0.015,False,True
ENSG00000145675,1.175,True,False
ENSG00000145685,0.63,True,False
ENSG00000145687,57.39,False,False
ENSG00000145700,0.015,False,True
ENSG00000145703,5.785,False,False
ENSG00000145715,2.88,True,False
ENSG00000145723,6.58,True,False
ENSG00000145725,42.019999999999996,False,False
ENSG00000145730,0.195,True,False
ENSG00000145734,4.165,False,False
ENSG00000145740,15.625,False,False
ENSG00000145741,701.5350000000001,False,False
ENSG00000145743,0.355,True,False
ENSG00000145777,1.825,False,False
ENSG00000145779,21.79,False,False
ENSG00000145780,2.43,False,False
ENSG00000145781,66.85,True,False
ENSG00000145782,80.55000000000001,True,False
ENSG00000145817,30.06,False,False
ENSG00000145819,0.33,True,False
ENSG00000145833,15.379999999999999,False,False
ENSG00000145860,9.879999999999999,True,False
ENSG00000145861,0.0,False,True
ENSG00000145868,5.345000000000001,False,False
ENSG00000145882,1.42,True,False
ENSG00000145907,38.58,True,False
ENSG00000145908,3.01,False,False
ENSG00000145911,0.045,True,True
ENSG00000145912,38.775000000000006,False,False
ENSG00000145916,1.8650000000000002,False,False
ENSG00000145919,8.82,True,False
ENSG00000145949,0.005,False,True
ENSG00000145979,60.715,False,False
ENSG00000145982,36.885,False,False
ENSG00000145990,3.505,True,False
ENSG00000145996,10.075,False,False
ENSG00000146005,0.0,False,True
ENSG00000146007,28.645000000000003,False,False
ENSG00000146013,0.0,True,True
ENSG00000146021,0.065,True,True
ENSG00000146038,0.0,True,True
ENSG00000146054,1.845,False,False
ENSG00000146063,1.3,False,False
ENSG00000146066,206.58499999999998,False,False
ENSG00000146067,2.365,False,False
ENSG00000146072,0.505,True,False
ENSG00000146083,1.615,False,False
ENSG00000146085,12.72,False,False
ENSG00000146094,1.095,True,False
ENSG00000146109,7.795,False,False
ENSG00000146112,9.899999999999999,False,False
ENSG00000146143,13.825,False,False
ENSG00000146197,0.06,False,True
ENSG00000146215,0.85,True,False
ENSG00000146216,0.01,False,True
ENSG00000146221,0.015,True,True
ENSG00000146223,112.81,False,False
ENSG00000146232,1.835,True,False
ENSG00000146233,0.0,True,True
ENSG00000146242,0.125,True,False
ENSG00000146243,1.175,True,False
ENSG00000146247,5.865,False,False
ENSG00000146263,8.505,True,False
ENSG00000146267,0.115,False,False
ENSG00000146278,1.09,False,False
ENSG00000146281,0.215,True,False
ENSG00000146282,37.129999999999995,True,False
ENSG00000146285,0.0,False,True
ENSG00000146350,2.495,True,False
ENSG00000146352,0.005,True,True
ENSG00000146373,2.64,True,False
ENSG00000146376,11.625,False,False
ENSG00000146386,3.075,True,False
ENSG00000146409,7.965,False,False
ENSG00000146410,30.270000000000003,False,False
ENSG00000146411,0.135,False,False
ENSG00000146414,5.53,False,False
ENSG00000146416,95.05,False,False
ENSG00000146425,396.675,False,False
ENSG00000146433,3.77,False,False
ENSG00000146457,81.495,False,False
ENSG00000146463,10.045,False,False
ENSG00000146476,47.144999999999996,False,False
ENSG00000146477,0.0,False,True
ENSG00000146521,0.0,False,True
ENSG00000146530,26.295,True,False
ENSG00000146535,0.705,False,False
ENSG00000146540,1.205,False,False
ENSG00000146576,0.515,True,False
ENSG00000146587,1.45,True,False
ENSG00000146670,12.98,False,False
ENSG00000146676,1.185,True,False
ENSG00000146701,207.285,False,False
ENSG00000146707,2.06,True,False
ENSG00000146729,19.6,False,False
ENSG00000146731,176.64499999999998,False,False
ENSG00000146733,4.1899999999999995,False,False
ENSG00000146757,5.645,True,False
ENSG00000146776,7.96,False,False
ENSG00000146802,17.25,False,False
ENSG00000146826,0.255,True,False
ENSG00000146828,0.12000000000000001,True,False
ENSG00000146830,0.42500000000000004,False,False
ENSG00000146833,3.7249999999999996,False,False
ENSG00000146834,8.690000000000001,False,False
ENSG00000146842,52.78,True,False
ENSG00000146856,0.475,True,False
ENSG00000146859,0.56,True,False
ENSG00000146872,7.62,True,False
ENSG00000146909,5.795,False,False
ENSG00000146918,12.325,False,False
ENSG00000146963,44.665,False,False
ENSG00000146966,0.0,False,True
ENSG00000147003,0.155,False,False
ENSG00000147010,0.065,True,True
ENSG00000147044,0.9550000000000001,True,False
ENSG00000147050,5.145,False,False
ENSG00000147099,25.055,False,False
ENSG00000147118,0.415,True,False
ENSG00000147121,4.975,False,False
ENSG00000147123,17.975,False,False
ENSG00000147124,0.33999999999999997,True,False
ENSG00000147130,2.605,False,False
ENSG00000147133,4.13,False,False
ENSG00000147140,243.37,False,False
ENSG00000147144,0.11,False,False
ENSG00000147155,701.24,False,False
ENSG00000147162,26.615,False,False
ENSG00000147168,12.75,False,False
ENSG00000147180,1.35,True,False
ENSG00000147224,31.68,True,False
ENSG00000147231,0.01,True,True
ENSG00000147251,27.935,False,False
ENSG00000147257,0.0,True,True
ENSG00000147274,282.36,False,False
ENSG00000147316,5.015000000000001,True,False
ENSG00000147324,3.605,True,False
ENSG00000147364,1.075,True,False
ENSG00000147383,32.92,False,False
ENSG00000147400,17.415,False,False
ENSG00000147408,0.1,True,False
ENSG00000147416,17.810000000000002,False,False
ENSG00000147419,74.105,False,False
ENSG00000147421,10.175,False,False
ENSG00000147439,10.274999999999999,False,False
ENSG00000147443,0.06,True,True
ENSG00000147454,14.204999999999998,False,False
ENSG00000147459,0.0,True,True
ENSG00000147471,6.59,False,False
ENSG00000147475,7.075,False,False
ENSG00000147526,7.3549999999999995,False,False
ENSG00000147533,40.5,False,False
ENSG00000147536,14.275,False,False
ENSG00000147548,18.115000000000002,False,False
ENSG00000147576,0.035,True,True
ENSG00000147586,140.88,False,False
ENSG00000147592,31.11,True,False
ENSG00000147601,7.795,True,False
ENSG00000147604,4870.075,False,False
ENSG00000147649,26.04,False,False
ENSG00000147650,3.9400000000000004,False,False
ENSG00000147654,25.795,False,False
ENSG00000147655,0.0,False,True
ENSG00000147669,220.02,False,False
ENSG00000147677,299.92999999999995,False,False
ENSG00000147679,9.0,True,False
ENSG00000147684,1204.83,False,False
ENSG00000147687,77.215,False,False
ENSG00000147789,7.545,False,False
ENSG00000147799,0.005,True,True
ENSG00000147813,1.415,False,False
ENSG00000147853,8.45,False,False
ENSG00000147854,3.6799999999999997,False,False
ENSG00000147874,6.73,False,False
ENSG00000147894,4.375,True,False
ENSG00000147905,30.0,False,False
ENSG00000147955,4.945,False,False
ENSG00000148019,2.42,True,False
ENSG00000148057,0.39,True,False
ENSG00000148082,0.0,False,True
ENSG00000148090,3.175,True,False
ENSG00000148110,33.855000000000004,False,False
ENSG00000148120,3.185,True,False
ENSG00000148153,53.355000000000004,False,False
ENSG00000148154,23.275,True,False
ENSG00000148158,0.605,True,False
ENSG00000148175,23.47,True,False
ENSG00000148187,53.519999999999996,False,False
ENSG00000148200,12.435,False,False
ENSG00000148218,1.0050000000000001,True,False
ENSG00000148225,0.2,False,False
ENSG00000148229,37.06,False,False
ENSG00000148248,6.779999999999999,False,False
ENSG00000148288,0.515,True,False
ENSG00000148290,12.45,True,False
ENSG00000148291,4.1899999999999995,True,False
ENSG00000148296,1.275,False,False
ENSG00000148297,0.48,False,False
ENSG00000148300,2.375,False,False
ENSG00000148303,1641.32,False,False
ENSG00000148308,3.3649999999999998,True,False
ENSG00000148331,0.5800000000000001,True,False
ENSG00000148334,1.66,False,False
ENSG00000148335,37.32,True,False
ENSG00000148337,6.275,True,False
ENSG00000148339,0.030000000000000002,False,True
ENSG00000148341,0.135,False,False
ENSG00000148343,0.365,False,False
ENSG00000148356,0.07,True,True
ENSG00000148357,0.0,False,True
ENSG00000148358,3.1050000000000004,False,False
ENSG00000148362,1.09,True,False
ENSG00000148384,0.405,True,False
ENSG00000148396,7.970000000000001,False,False
ENSG00000148399,11.995000000000001,False,False
ENSG00000148400,0.025,False,True
ENSG00000148411,0.47,False,False
ENSG00000148426,0.6799999999999999,False,False
ENSG00000148429,2.635,False,False
ENSG00000148444,151.48000000000002,True,False
ENSG00000148450,1.2000000000000002,False,False
ENSG00000148459,8.219999999999999,False,False
ENSG00000148468,0.385,True,False
ENSG00000148481,22.555,True,False
ENSG00000148484,42.125,False,False
ENSG00000148488,0.44,True,False
ENSG00000148498,1.89,False,False
ENSG00000148516,1.83,True,False
ENSG00000148572,23.770000000000003,True,False
ENSG00000148600,0.035,False,True
ENSG00000148606,9.11,False,False
ENSG00000148634,8.265,False,False
ENSG00000148655,0.0,False,True
ENSG00000148660,6.9,False,False
ENSG00000148671,0.03,False,True
ENSG00000148672,15.844999999999999,False,False
ENSG00000148680,0.03,False,True
ENSG00000148688,115.47,False,False
ENSG00000148690,2.89,True,False
ENSG00000148700,9.06,False,False
ENSG00000148719,2.325,False,False
ENSG00000148730,16.314999999999998,False,False
ENSG00000148734,0.0,False,True
ENSG00000148737,0.735,True,False
ENSG00000148773,9.3,False,False
ENSG00000148803,2.1,True,False
ENSG00000148814,0.04,True,True
ENSG00000148824,1.56,False,False
ENSG00000148832,0.835,True,False
ENSG00000148835,3.495,True,False
ENSG00000148840,5.54,False,False
ENSG00000148841,2.755,False,False
ENSG00000148842,0.14,True,False
ENSG00000148843,12.45,False,False
ENSG00000148908,24.985,False,False
ENSG00000148925,9.06,False,False
ENSG00000148926,0.0,False,True
ENSG00000148935,0.75,True,False
ENSG00000148943,31.54,False,False
ENSG00000148950,166.05,False,False
ENSG00000148985,23.44,False,False
ENSG00000149016,0.8150000000000001,True,False
ENSG00000149054,7.285,True,False
ENSG00000149084,6.405,True,False
ENSG00000149089,76.31,False,False
ENSG00000149091,0.345,False,False
ENSG00000149100,1313.5749999999998,False,False
ENSG00000149115,0.675,False,False
ENSG00000149131,0.16999999999999998,True,False
ENSG00000149136,61.35000000000001,False,False
ENSG00000149150,2.13,False,False
ENSG00000149177,0.46499999999999997,True,False
ENSG00000149179,5.1850000000000005,False,False
ENSG00000149182,21.98,False,False
ENSG00000149187,16.1,False,False
ENSG00000149196,145.445,False,False
ENSG00000149212,0.225,True,False
ENSG00000149218,3.175,True,False
ENSG00000149231,15.735,True,False
ENSG00000149257,2.27,False,False
ENSG00000149260,0.005,False,True
ENSG00000149262,19.235,False,False
ENSG00000149269,0.4,True,False
ENSG00000149273,3728.96,False,False
ENSG00000149289,0.375,True,False
ENSG00000149292,3.0949999999999998,True,False
ENSG00000149294,0.08,False,True
ENSG00000149295,0.0,False,True
ENSG00000149308,5.130000000000001,True,False
ENSG00000149311,5.385,True,False
ENSG00000149313,73.445,False,False
ENSG00000149328,0.78,True,False
ENSG00000149346,3.87,True,False
ENSG00000149357,62.34,False,False
ENSG00000149403,0.0,True,True
ENSG00000149418,0.0,True,True
ENSG00000149428,31.32,False,False
ENSG00000149452,0.0,False,True
ENSG00000149474,1.1400000000000001,True,False
ENSG00000149476,1.29,False,False
ENSG00000149480,5.09,False,False
ENSG00000149483,89.95,False,False
ENSG00000149489,0.44,False,False
ENSG00000149499,0.32999999999999996,False,False
ENSG00000149503,1.9300000000000002,False,False
ENSG00000149531,2.795,True,False
ENSG00000149532,9.415,True,False
ENSG00000149541,0.345,False,False
ENSG00000149547,36.85,True,False
ENSG00000149548,1.58,True,False
ENSG00000149554,40.86,False,False
ENSG00000149557,2.9,True,False
ENSG00000149564,0.03,True,True
ENSG00000149573,0.05,True,True
ENSG00000149577,1.805,False,False
ENSG00000149582,0.22499999999999998,True,False
ENSG00000149596,0.0,False,True
ENSG00000149599,0.0,False,True
ENSG00000149600,8.7,False,False
ENSG00000149609,0.015,False,True
ENSG00000149633,0.005,False,True
ENSG00000149636,19.18,False,False
ENSG00000149639,0.175,True,False
ENSG00000149646,2.395,True,False
ENSG00000149654,0.0,True,True
ENSG00000149657,0.54,False,False
ENSG00000149658,8.31,False,False
ENSG00000149679,0.35,True,False
ENSG00000149716,2.4749999999999996,True,False
ENSG00000149743,4.885,False,False
ENSG00000149761,4.96,False,False
ENSG00000149781,2.075,False,False
ENSG00000149782,0.21500000000000002,False,False
ENSG00000149792,56.875,False,False
ENSG00000149798,0.23500000000000001,True,False
ENSG00000149806,346.985,False,False
ENSG00000149809,0.95,True,False
ENSG00000149922,0.005,True,True
ENSG00000149923,3.435,False,False
ENSG00000149925,235.465,False,False
ENSG00000149926,0.005,False,True
ENSG00000149927,0.1,False,False
ENSG00000149929,2.475,True,False
ENSG00000149930,0.115,False,False
ENSG00000149948,0.005,True,True
ENSG00000150281,0.22,False,False
ENSG00000150316,89.38,False,False
ENSG00000150347,0.915,True,False
ENSG00000150401,1.2850000000000001,True,False
ENSG00000150403,7.58,False,False
ENSG00000150433,18.275,True,False
ENSG00000150455,0.815,True,False
ENSG00000150456,24.990000000000002,True,False
ENSG00000150457,0.185,True,False
ENSG00000150459,254.29,True,False
ENSG00000150477,3.24,True,False
ENSG00000150510,0.0,False,True
ENSG00000150593,10.475,False,False
ENSG00000150627,0.0,True,True
ENSG00000150628,0.0,True,True
ENSG00000150636,0.44499999999999995,True,False
ENSG00000150637,0.205,True,False
ENSG00000150667,0.095,False,True
ENSG00000150672,0.27,True,False
ENSG00000150676,0.0,False,True
ENSG00000150712,2.8449999999999998,False,False
ENSG00000150753,585.2,False,False
ENSG00000150756,25.810000000000002,False,False
ENSG00000150764,1.62,True,False
ENSG00000150768,28.575000000000003,False,False
ENSG00000150773,2.825,True,False
ENSG00000150776,9.215,False,False
ENSG00000150779,256.74,False,False
ENSG00000150787,54.72,False,False
ENSG00000150867,55.705,False,False
ENSG00000150873,0.0,True,True
ENSG00000150893,0.0,False,True
ENSG00000150907,0.07500000000000001,True,True
ENSG00000150938,0.04,True,True
ENSG00000150961,4.785,True,False
ENSG00000150967,0.31,False,False
ENSG00000150977,0.42,True,False
ENSG00000150990,0.125,False,False
ENSG00000150991,740.7,False,False
ENSG00000150995,21.384999999999998,False,False
ENSG00000151012,5.225,True,False
ENSG00000151014,1.865,False,False
ENSG00000151062,0.06,True,True
ENSG00000151065,0.8,True,False
ENSG00000151090,1.395,True,False
ENSG00000151092,37.39,False,False
ENSG00000151093,68.58500000000001,False,False
ENSG00000151116,4.3149999999999995,True,False
ENSG00000151131,80.86500000000001,False,False
ENSG00000151135,13.11,False,False
ENSG00000151136,0.0,True,True
ENSG00000151148,5.45,False,False
ENSG00000151150,6.665,True,False
ENSG00000151151,0.8899999999999999,True,False
ENSG00000151164,0.205,True,False
ENSG00000151176,3.915,False,False
ENSG00000151208,0.795,True,False
ENSG00000151229,1.22,True,False
ENSG00000151233,1.005,True,False
ENSG00000151239,8.135,False,False
ENSG00000151247,306.57500000000005,False,False
ENSG00000151276,10.91,True,False
ENSG00000151287,103.825,True,False
ENSG00000151292,6.6850000000000005,False,False
ENSG00000151304,12.055,True,False
ENSG00000151327,5.895,False,False
ENSG00000151332,19.95,True,False
ENSG00000151348,4.88,True,False
ENSG00000151353,38.57,True,False
ENSG00000151366,872.04,False,False
ENSG00000151379,0.0,True,True
ENSG00000151388,0.0,True,True
ENSG00000151414,5.539999999999999,False,False
ENSG00000151422,6.405,True,False
ENSG00000151445,3.0549999999999997,False,False
ENSG00000151458,1.16,True,False
ENSG00000151461,12.085,False,False
ENSG00000151465,122.50999999999999,False,False
ENSG00000151466,5.57,False,False
ENSG00000151468,0.0,False,True
ENSG00000151470,23.77,True,False
ENSG00000151491,0.14500000000000002,True,False
ENSG00000151498,4.984999999999999,True,False
ENSG00000151500,160.68,False,False
ENSG00000151502,2.34,False,False
ENSG00000151503,15.305,False,False
ENSG00000151532,6.685,True,False
ENSG00000151552,3.675,True,False
ENSG00000151553,0.905,False,False
ENSG00000151575,1.22,True,False
ENSG00000151612,0.0,True,True
ENSG00000151623,0.0,True,True
ENSG00000151651,0.035,True,True
ENSG00000151657,25.53,True,False
ENSG00000151665,63.08,False,False
ENSG00000151690,0.635,True,False
ENSG00000151692,0.655,True,False
ENSG00000151693,0.05500000000000001,True,True
ENSG00000151694,3.86,False,False
ENSG00000151718,2.385,True,False
ENSG00000151725,26.450000000000003,False,False
ENSG00000151726,6.335,True,False
ENSG00000151729,7.1850000000000005,False,False
ENSG00000151743,18.015,True,False
ENSG00000151746,2.765,True,False
ENSG00000151748,4.445,True,False
ENSG00000151779,10.375,False,False
ENSG00000151806,6.0600000000000005,False,False
ENSG00000151838,0.0,True,True
ENSG00000151849,5.025,True,False
ENSG00000151876,3.815,False,False
ENSG00000151881,41.745000000000005,True,False
ENSG00000151883,0.0,True,True
ENSG00000151893,6.52,False,False
ENSG00000151914,3.2,True,False
ENSG00000151917,0.235,False,False
ENSG00000151923,14.55,False,False
ENSG00000151929,2.9450000000000003,True,False
ENSG00000152056,0.57,True,False
ENSG00000152061,11.45,False,False
ENSG00000152076,0.0,True,True
ENSG00000152078,2.275,True,False
ENSG00000152082,3.73,False,False
ENSG00000152102,2.26,False,False
ENSG00000152104,0.005,False,True
ENSG00000152117,0.7050000000000001,True,False
ENSG00000152127,1.025,False,False
ENSG00000152128,0.095,False,True
ENSG00000152133,5.1,True,False
ENSG00000152147,34.43,True,False
ENSG00000152154,0.07,True,True
ENSG00000152192,0.345,True,False
ENSG00000152193,5.475,True,False
ENSG00000152213,0.16,True,False
ENSG00000152219,27.545,True,False
ENSG00000152223,0.875,False,False
ENSG00000152229,9.55,True,False
ENSG00000152234,466.165,False,False
ENSG00000152240,96.08500000000001,False,False
ENSG00000152242,4.19,True,False
ENSG00000152256,2.515,False,False
ENSG00000152270,1.755,True,False
ENSG00000152284,0.02,True,True
ENSG00000152291,9.165,False,False
ENSG00000152292,0.135,False,False
ENSG00000152315,0.0,True,True
ENSG00000152332,13.61,False,False
ENSG00000152348,9.795,True,False
ENSG00000152359,18.630000000000003,False,False
ENSG00000152380,0.005,False,True
ENSG00000152382,39.93,False,False
ENSG00000152402,0.0,True,True
ENSG00000152404,3.08,True,False
ENSG00000152409,0.73,True,False
ENSG00000152413,5.24,False,False
ENSG00000152422,37.135,True,False
ENSG00000152433,0.21,True,False
ENSG00000152443,1.525,False,False
ENSG00000152455,29.855,False,False
ENSG00000152457,13.335,True,False
ENSG00000152464,20.735,False,False
ENSG00000152465,4.37,True,False
ENSG00000152475,0.005,False,True
ENSG00000152484,1.295,True,False
ENSG00000152492,7.575,False,False
ENSG00000152495,0.0,True,True
ENSG00000152503,0.060000000000000005,False,True
ENSG00000152518,29.325,False,False
ENSG00000152520,7.09,False,False
ENSG00000152527,0.505,True,False
ENSG00000152556,8.91,False,False
ENSG00000152580,0.04,True,True
ENSG00000152582,0.09,True,True
ENSG00000152601,46.120000000000005,False,False
ENSG00000152620,6.71,True,False
ENSG00000152642,1.12,True,False
ENSG00000152669,0.05,False,True
ENSG00000152683,9.27,False,False
ENSG00000152700,155.58499999999998,False,False
ENSG00000152749,0.51,True,False
ENSG00000152763,1.675,False,False
ENSG00000152767,0.045,False,True
ENSG00000152778,0.04,True,True
ENSG00000152782,1.5,True,False
ENSG00000152795,172.24,False,False
ENSG00000152804,39.0,True,False
ENSG00000152818,0.5900000000000001,False,False
ENSG00000152822,0.0,False,True
ENSG00000152894,0.0,True,True
ENSG00000152904,67.675,True,False
ENSG00000152926,1.565,True,False
ENSG00000152942,16.215,False,False
ENSG00000152944,43.99,False,False
ENSG00000152952,0.305,True,False
ENSG00000152969,0.0,True,True
ENSG00000152977,0.0,True,True
ENSG00000153006,34.8,False,False
ENSG00000153012,0.0,True,True
ENSG00000153015,27.6,False,False
ENSG00000153029,10.2,True,False
ENSG00000153037,202.855,False,False
ENSG00000153044,8.17,False,False
ENSG00000153048,5.595000000000001,False,False
ENSG00000153066,0.565,False,False
ENSG00000153093,0.005,False,True
ENSG00000153094,1.435,True,False
ENSG00000153107,9.295,False,False
ENSG00000153132,1.69,False,False
ENSG00000153140,64.365,True,False
ENSG00000153147,15.094999999999999,False,False
ENSG00000153157,7.925000000000001,True,False
ENSG00000153162,0.005,True,True
ENSG00000153187,110.92,False,False
ENSG00000153201,6.925000000000001,False,False
ENSG00000153207,5.98,False,False
ENSG00000153208,0.185,True,False
ENSG00000153214,2.795,False,False
ENSG00000153234,1.26,True,False
ENSG00000153237,0.8400000000000001,False,False
ENSG00000153246,0.0,False,True
ENSG00000153291,0.0,True,True
ENSG00000153310,59.945,False,False
ENSG00000153317,2.99,False,False
ENSG00000153363,8.925,True,False
ENSG00000153391,37.475,True,False
ENSG00000153395,0.135,False,False
ENSG00000153404,0.0,False,True
ENSG00000153443,0.07500000000000001,True,True
ENSG00000153485,28.4,True,False
ENSG00000153487,0.75,False,False
ENSG00000153551,0.0,False,True
ENSG00000153558,1.225,True,False
ENSG00000153560,9.26,False,False
ENSG00000153561,8.39,False,False
ENSG00000153574,6.51,False,False
ENSG00000153721,3.1900000000000004,True,False
ENSG00000153767,10.15,False,False
ENSG00000153774,24.705,False,False
ENSG00000153786,1.455,False,False
ENSG00000153790,0.42,True,False
ENSG00000153814,0.034999999999999996,False,True
ENSG00000153815,1.3599999999999999,True,False
ENSG00000153827,9.985,False,False
ENSG00000153832,0.525,False,False
ENSG00000153879,5.92,True,False
ENSG00000153885,0.955,True,False
ENSG00000153896,0.495,True,False
ENSG00000153898,0.0,True,True
ENSG00000153902,0.0,True,True
ENSG00000153904,0.095,True,True
ENSG00000153922,17.165,False,False
ENSG00000153933,1.475,True,False
ENSG00000153936,5.029999999999999,False,False
ENSG00000153944,3.6950000000000003,False,False
ENSG00000153975,9.7,False,False
ENSG00000153982,5.525,False,False
ENSG00000153989,14.215,False,False
ENSG00000154001,4.38,False,False
ENSG00000154040,0.0,True,True
ENSG00000154059,4.02,False,False
ENSG00000154065,0.0,True,True
ENSG00000154079,3.605,True,False
ENSG00000154099,0.005,False,True
ENSG00000154102,0.0,True,True
ENSG00000154114,0.415,True,False
ENSG00000154118,0.0,True,True
ENSG00000154122,0.8150000000000001,True,False
ENSG00000154124,2.19,False,False
ENSG00000154127,0.005,False,True
ENSG00000154134,0.0,True,True
ENSG00000154144,6.705,True,False
ENSG00000154146,0.005,True,True
ENSG00000154153,0.01,True,True
ENSG00000154174,10.89,False,False
ENSG00000154217,0.375,True,False
ENSG00000154222,0.675,False,False
ENSG00000154229,3.4299999999999997,True,False
ENSG00000154237,0.005,True,True
ENSG00000154240,0.0,False,True
ENSG00000154265,1.88,True,False
ENSG00000154269,8.725000000000001,False,False
ENSG00000154274,0.0,False,True
ENSG00000154305,12.82,False,False
ENSG00000154309,0.20500000000000002,True,False
ENSG00000154310,4.09,False,False
ENSG00000154328,2.105,True,False
ENSG00000154342,0.0,False,True
ENSG00000154359,1.5,True,False
ENSG00000154370,2.945,False,False
ENSG00000154380,0.055,False,True
ENSG00000154429,2.885,False,False
ENSG00000154447,0.0,True,True
ENSG00000154473,494.91499999999996,False,False
ENSG00000154479,0.78,False,False
ENSG00000154511,1.355,True,False
ENSG00000154518,911.98,True,False
ENSG00000154553,0.0,True,True
ENSG00000154582,199.945,False,False
ENSG00000154639,0.11,False,False
ENSG00000154640,9.915,True,False
ENSG00000154642,3.0300000000000002,True,False
ENSG00000154710,4.699999999999999,False,False
ENSG00000154719,178.305,False,False
ENSG00000154721,0.034999999999999996,True,True
ENSG00000154723,1811.3600000000001,False,False
ENSG00000154727,5.96,False,False
ENSG00000154743,29.35,False,False
ENSG00000154760,0.05500000000000001,True,True
ENSG00000154767,2.5949999999999998,False,False
ENSG00000154781,24.845,True,False
ENSG00000154783,0.0,False,True
ENSG00000154803,1.065,False,False
ENSG00000154813,97.03999999999999,False,False
ENSG00000154814,10.260000000000002,False,False
ENSG00000154832,3.905,False,False
ENSG00000154839,18.869999999999997,False,False
ENSG00000154845,16.175,False,False
ENSG00000154856,0.0,False,True
ENSG00000154864,3.035,True,False
ENSG00000154889,10.219999999999999,True,False
ENSG00000154914,0.0,False,True
ENSG00000154917,0.51,True,False
ENSG00000154920,9.545,True,False
ENSG00000154945,5.975,False,False
ENSG00000154957,1.03,True,False
ENSG00000154978,5.720000000000001,False,False
ENSG00000155008,5.225,True,False
ENSG00000155016,0.08499999999999999,False,True
ENSG00000155034,0.235,True,False
ENSG00000155085,1.15,True,False
ENSG00000155090,7.89,False,False
ENSG00000155097,22.765,False,False
ENSG00000155099,4.615,False,False
ENSG00000155100,13.61,False,False
ENSG00000155111,2.62,True,False
ENSG00000155115,86.28999999999999,False,False
ENSG00000155158,0.49,True,False
ENSG00000155189,16.375,False,False
ENSG00000155229,29.28,False,False
ENSG00000155252,3.4050000000000002,False,False
ENSG00000155254,2.2,True,False
ENSG00000155256,0.64,True,False
ENSG00000155265,0.0,True,True
ENSG00000155275,1.29,False,False
ENSG00000155287,7.495,True,False
ENSG00000155304,17.35,False,False
ENSG00000155313,4.745,False,False
ENSG00000155329,97.41,False,False
ENSG00000155330,10.16,True,False
ENSG00000155363,14.605,False,False
ENSG00000155366,29.14,False,False
ENSG00000155367,0.245,False,False
ENSG00000155368,321.58500000000004,False,False
ENSG00000155380,57.125,False,False
ENSG00000155393,1.2650000000000001,False,False
ENSG00000155438,156.575,False,False
ENSG00000155463,85.38499999999999,False,False
ENSG00000155465,0.17,True,False
ENSG00000155506,35.24,False,False
ENSG00000155508,11.335,False,False
ENSG00000155530,0.1,True,False
ENSG00000155542,23.85,True,False
ENSG00000155561,64.555,False,False
ENSG00000155592,1.205,True,False
ENSG00000155621,8.01,True,False
ENSG00000155629,0.12000000000000001,True,False
ENSG00000155636,4.66,True,False
ENSG00000155660,7.035,False,False
ENSG00000155666,0.33499999999999996,True,False
ENSG00000155744,5.925000000000001,False,False
ENSG00000155755,15.465,True,False
ENSG00000155760,0.27999999999999997,True,False
ENSG00000155792,0.005,False,True
ENSG00000155827,3.425,True,False
ENSG00000155846,4.055,True,False
ENSG00000155849,1.715,True,False
ENSG00000155850,1.095,True,False
ENSG00000155858,1.5150000000000001,True,False
ENSG00000155875,0.0,False,True
ENSG00000155876,4.39,False,False
ENSG00000155903,1.255,True,False
ENSG00000155906,22.085,False,False
ENSG00000155957,195.15,True,False
ENSG00000155962,57.275000000000006,True,False
ENSG00000155970,0.034999999999999996,False,True
ENSG00000155974,0.22,True,False
ENSG00000155975,2.9,False,False
ENSG00000155980,2.185,False,False
ENSG00000156017,7.105,False,False
ENSG00000156026,5.225,False,False
ENSG00000156030,8.715,True,False
ENSG00000156050,0.13,True,False
ENSG00000156052,5.720000000000001,True,False
ENSG00000156110,57.614999999999995,False,False
ENSG00000156136,13.375,True,False
ENSG00000156140,2.7750000000000004,True,False
ENSG00000156150,0.0,False,True
ENSG00000156162,5.949999999999999,False,False
ENSG00000156170,6.324999999999999,True,False
ENSG00000156171,66.66499999999999,False,False
ENSG00000156172,1.42,True,False
ENSG00000156218,0.01,False,True
ENSG00000156232,1.25,True,False
ENSG00000156239,20.595,True,False
ENSG00000156253,17.835,True,False
ENSG00000156256,41.04,False,False
ENSG00000156261,451.45500000000004,False,False
ENSG00000156298,0.11,False,False
ENSG00000156304,3.33,False,False
ENSG00000156313,1.645,True,False
ENSG00000156374,6.6899999999999995,True,False
ENSG00000156381,0.035,True,True
ENSG00000156384,11.705,True,False
ENSG00000156398,7.835,False,False
ENSG00000156427,0.005,True,True
ENSG00000156453,0.07500000000000001,False,True
ENSG00000156466,0.0,True,True
ENSG00000156467,352.44,True,False
ENSG00000156469,13.715,False,False
ENSG00000156471,18.810000000000002,False,False
ENSG00000156482,1900.835,False,False
ENSG00000156486,0.0,True,True
ENSG00000156500,9.42,False,False
ENSG00000156502,30.810000000000002,False,False
ENSG00000156504,16.23,False,False
ENSG00000156508,4061.44,False,False
ENSG00000156509,0.03,True,True
ENSG00000156510,0.0,False,True
ENSG00000156531,35.265,False,False
ENSG00000156535,0.025,False,True
ENSG00000156587,15.7,True,False
ENSG00000156599,2.8150000000000004,False,False
ENSG00000156603,5.765000000000001,True,False
ENSG00000156639,0.535,False,False
ENSG00000156642,7.365,False,False
ENSG00000156650,1.42,True,False
ENSG00000156675,4.605,False,False
ENSG00000156689,0.0,False,True
ENSG00000156697,19.975,False,False
ENSG00000156709,31.635,False,False
ENSG00000156735,41.9,False,False
ENSG00000156787,11.1,False,False
ENSG00000156795,24.905,True,False
ENSG00000156802,8.785,False,False
ENSG00000156804,0.095,True,True
ENSG00000156831,49.03,False,False
ENSG00000156858,1.675,True,False
ENSG00000156860,0.245,False,False
ENSG00000156869,1.105,False,False
ENSG00000156873,5.9,False,False
ENSG00000156875,11.365,False,False
ENSG00000156876,9.774999999999999,True,False
ENSG00000156928,8.925,False,False
ENSG00000156931,4.305,False,False
ENSG00000156958,47.540000000000006,False,False
ENSG00000156970,19.11,False,False
ENSG00000156973,0.625,True,False
ENSG00000156976,221.805,True,False
ENSG00000156983,0.9450000000000001,False,False
ENSG00000156990,12.83,False,False
ENSG00000157014,3.285,True,False
ENSG00000157017,0.03,True,True
ENSG00000157020,68.1,False,False
ENSG00000157036,8.61,True,False
ENSG00000157045,3.77,True,False
ENSG00000157064,0.0,False,True
ENSG00000157077,0.575,True,False
ENSG00000157106,2.38,False,False
ENSG00000157107,2.625,True,False
ENSG00000157110,0.32499999999999996,False,False
ENSG00000157111,0.0,False,True
ENSG00000157150,0.0,False,True
ENSG00000157181,34.03,False,False
ENSG00000157184,5.125,False,False
ENSG00000157191,15.35,False,False
ENSG00000157193,5.800000000000001,False,False
ENSG00000157212,6.25,True,False
ENSG00000157240,0.225,True,False
ENSG00000157259,5.805,False,False
ENSG00000157303,1.28,False,False
ENSG00000157326,0.42,True,False
ENSG00000157349,4.92,True,False
ENSG00000157350,1.575,False,False
ENSG00000157353,0.555,False,False
ENSG00000157379,20.935000000000002,False,False
ENSG00000157404,0.22,True,False
ENSG00000157426,20.89,False,False
ENSG00000157429,1.01,True,False
ENSG00000157456,161.7,False,False
ENSG00000157500,2.12,True,False
ENSG00000157514,0.445,True,False
ENSG00000157538,23.615000000000002,False,False
ENSG00000157540,7.904999999999999,False,False
ENSG00000157554,0.0,False,True
ENSG00000157557,1.085,True,False
ENSG00000157570,0.005,False,True
ENSG00000157578,2.95,False,False
ENSG00000157593,10.46,False,False
ENSG00000157600,1.8599999999999999,False,False
ENSG00000157601,0.0,True,True
ENSG00000157613,1.25,True,False
ENSG00000157617,0.8900000000000001,False,False
ENSG00000157637,0.345,False,False
ENSG00000157653,0.11,False,False
ENSG00000157654,0.0,False,True
ENSG00000157657,0.26,True,False
ENSG00000157680,0.04,True,True
ENSG00000157693,1.79,True,False
ENSG00000157734,1.41,True,False
ENSG00000157741,0.925,False,False
ENSG00000157764,4.285,False,False
ENSG00000157778,27.35,False,False
ENSG00000157782,0.0,False,True
ENSG00000157796,4.165,True,False
ENSG00000157823,11.64,False,False
ENSG00000157827,0.215,True,False
ENSG00000157833,1.315,True,False
ENSG00000157837,2.985,False,False
ENSG00000157851,0.0,True,True
ENSG00000157869,5.720000000000001,False,False
ENSG00000157870,0.74,True,False
ENSG00000157873,0.015,True,True
ENSG00000157881,0.845,False,False
ENSG00000157890,0.07500000000000001,True,True
ENSG00000157895,3.895,True,False
ENSG00000157911,0.01,True,True
ENSG00000157916,19.04,False,False
ENSG00000157933,0.21500000000000002,False,False
ENSG00000157954,5.92,False,False
ENSG00000157978,0.43000000000000005,False,False
ENSG00000157985,1.23,True,False
ENSG00000158006,3.21,True,False
ENSG00000158014,0.005,True,True
ENSG00000158019,22.82,False,False
ENSG00000158042,56.64,False,False
ENSG00000158062,0.41500000000000004,True,False
ENSG00000158079,1.15,False,False
ENSG00000158092,11.565000000000001,False,False
ENSG00000158106,0.0,True,True
ENSG00000158109,0.9,True,False
ENSG00000158113,0.01,True,True
ENSG00000158122,2.545,True,False
ENSG00000158156,0.49,True,False
ENSG00000158158,0.85,True,False
ENSG00000158161,19.905,False,False
ENSG00000158163,0.005,True,True
ENSG00000158169,3.2249999999999996,True,False
ENSG00000158186,0.835,True,False
ENSG00000158195,6.825,False,False
ENSG00000158201,4.609999999999999,True,False
ENSG00000158234,5.13,True,False
ENSG00000158246,0.005,True,True
ENSG00000158258,0.015,False,True
ENSG00000158270,0.0,True,True
ENSG00000158286,2.625,True,False
ENSG00000158290,10.05,False,False
ENSG00000158292,0.02,True,True
ENSG00000158296,5.17,False,False
ENSG00000158321,0.0,True,True
ENSG00000158373,13.8,False,False
ENSG00000158402,20.735,False,False
ENSG00000158406,47.92,False,False
ENSG00000158411,45.6,True,False
ENSG00000158417,20.43,False,False
ENSG00000158423,0.095,False,True
ENSG00000158435,8.92,False,False
ENSG00000158445,0.02,True,True
ENSG00000158457,0.02,True,True
ENSG00000158458,0.0,True,True
ENSG00000158467,0.6100000000000001,True,False
ENSG00000158470,10.795,False,False
ENSG00000158473,0.01,True,True
ENSG00000158480,0.33499999999999996,True,False
ENSG00000158483,2.245,True,False
ENSG00000158486,0.28,False,False
ENSG00000158526,5.74,True,False
ENSG00000158545,1.3399999999999999,False,False
ENSG00000158555,0.18,True,False
ENSG00000158560,0.16,True,False
ENSG00000158571,0.005,False,True
ENSG00000158604,14.325,False,False
ENSG00000158615,15.035,False,False
ENSG00000158623,4.205,False,False
ENSG00000158636,9.61,False,False
ENSG00000158669,2.215,False,False
ENSG00000158691,1.6400000000000001,False,False
ENSG00000158710,280.3,False,False
ENSG00000158711,2.0549999999999997,True,False
ENSG00000158715,0.035,True,True
ENSG00000158716,0.74,False,False
ENSG00000158717,0.41000000000000003,False,False
ENSG00000158747,0.02,False,True
ENSG00000158748,0.0,True,True
ENSG00000158769,18.505,False,False
ENSG00000158773,5.255,False,False
ENSG00000158792,0.02,True,True
ENSG00000158793,48.24,False,False
ENSG00000158796,20.465,False,False
ENSG00000158805,0.37,False,False
ENSG00000158825,0.05,False,True
ENSG00000158828,1.4849999999999999,True,False
ENSG00000158850,32.745,False,False
ENSG00000158856,0.375,True,False
ENSG00000158863,0.33999999999999997,True,False
ENSG00000158864,50.025,False,False
ENSG00000158882,6.045,False,False
ENSG00000158941,7.895,False,False
ENSG00000158987,2.33,False,False
ENSG00000159023,4.075,False,False
ENSG00000159055,12.375,True,False
ENSG00000159063,126.32499999999999,False,False
ENSG00000159069,0.21999999999999997,False,False
ENSG00000159079,20.845,False,False
ENSG00000159082,1.9649999999999999,True,False
ENSG00000159086,10.68,False,False
ENSG00000159111,22.9,False,False
ENSG00000159128,5.09,False,False
ENSG00000159131,163.91000000000003,False,False
ENSG00000159140,493.63,False,False
ENSG00000159147,17.17,False,False
ENSG00000159176,4.97,True,False
ENSG00000159184,0.0,True,True
ENSG00000159199,1058.045,False,False
ENSG00000159200,3.175,True,False
ENSG00000159202,8.175,False,False
ENSG00000159210,4.485,False,False
ENSG00000159212,0.0,True,True
ENSG00000159214,0.19,True,False
ENSG00000159217,10.54,True,False
ENSG00000159228,2.25,False,False
ENSG00000159231,0.005,False,True
ENSG00000159239,0.0,True,True
ENSG00000159248,0.0,True,True
ENSG00000159256,8.09,False,False
ENSG00000159259,4.745,False,False
ENSG00000159263,0.055,True,True
ENSG00000159267,1.7550000000000001,False,False
ENSG00000159314,0.015,True,True
ENSG00000159322,8.56,False,False
ENSG00000159335,4.12,False,False
ENSG00000159346,21.02,False,False
ENSG00000159348,6.984999999999999,False,False
ENSG00000159352,133.35500000000002,False,False
ENSG00000159363,0.375,False,False
ENSG00000159377,458.46,False,False
ENSG00000159388,2.065,False,False
ENSG00000159399,3.3,False,False
ENSG00000159423,0.215,False,False
ENSG00000159433,0.255,True,False
ENSG00000159445,6.125,False,False
ENSG00000159459,3.66,False,False
ENSG00000159461,14.149999999999999,False,False
ENSG00000159479,64.985,False,False
ENSG00000159556,0.28,True,False
ENSG00000159579,9.23,False,False
ENSG00000159592,55.135000000000005,False,False
ENSG00000159593,169.10500000000002,False,False
ENSG00000159596,108.21000000000001,False,False
ENSG00000159640,0.01,True,True
ENSG00000159658,5.225,False,False
ENSG00000159685,3.91,True,False
ENSG00000159692,10.305,True,False
ENSG00000159708,0.12,False,False
ENSG00000159712,0.03,True,True
ENSG00000159713,0.09,True,True
ENSG00000159714,0.0,True,True
ENSG00000159720,18.259999999999998,False,False
ENSG00000159723,0.0,False,True
ENSG00000159733,0.775,True,False
ENSG00000159753,0.015,True,True
ENSG00000159761,0.005,True,True
ENSG00000159784,0.0,False,True
ENSG00000159788,0.155,True,False
ENSG00000159792,0.8300000000000001,False,False
ENSG00000159840,1.615,False,False
ENSG00000159842,0.02,True,True
ENSG00000159871,0.0,False,True
ENSG00000159873,4.800000000000001,False,False
ENSG00000159882,1.075,False,False
ENSG00000159884,0.065,True,True
ENSG00000159885,1.33,True,False
ENSG00000159905,0.5,True,False
ENSG00000159915,0.14500000000000002,True,False
ENSG00000159917,0.835,True,False
ENSG00000159958,0.075,True,True
ENSG00000160007,0.595,False,False
ENSG00000160013,0.02,True,True
ENSG00000160014,25.33,True,False
ENSG00000160049,43.35,False,False
ENSG00000160050,4.140000000000001,False,False
ENSG00000160051,4.955,True,False
ENSG00000160055,4.305,True,False
ENSG00000160058,7.12,False,False
ENSG00000160062,0.005,True,True
ENSG00000160072,0.055,False,True
ENSG00000160075,50.765,False,False
ENSG00000160087,0.7250000000000001,False,False
ENSG00000160094,0.055,True,True
ENSG00000160097,0.08,True,True
ENSG00000160111,0.20500000000000002,False,False
ENSG00000160113,0.73,False,False
ENSG00000160117,0.45999999999999996,True,False
ENSG00000160124,92.55,True,False
ENSG00000160131,18.245,False,False
ENSG00000160145,0.235,True,False
ENSG00000160172,2.89,True,False
ENSG00000160188,0.0,True,True
ENSG00000160190,0.07,True,True
ENSG00000160193,4.085,False,False
ENSG00000160194,13.17,False,False
ENSG00000160199,6.675,True,False
ENSG00000160207,0.02,True,True
ENSG00000160208,6.16,False,False
ENSG00000160209,4.345,False,False
ENSG00000160211,12.379999999999999,False,False
ENSG00000160213,9.579999999999998,False,False
ENSG00000160214,0.675,False,False
ENSG00000160216,0.9550000000000001,False,False
ENSG00000160218,1.095,False,False
ENSG00000160219,12.77,True,False
ENSG00000160226,0.025,True,True
ENSG00000160229,0.08,True,True
ENSG00000160233,0.0,False,True
ENSG00000160255,0.0,True,True
ENSG00000160256,0.65,False,False
ENSG00000160271,0.65,False,False
ENSG00000160284,0.09,False,True
ENSG00000160285,1.85,False,False
ENSG00000160293,0.0,True,True
ENSG00000160294,5.9,False,False
ENSG00000160298,1.2000000000000002,True,False
ENSG00000160299,6.165,False,False
ENSG00000160305,3.09,False,False
ENSG00000160307,0.0,True,True
ENSG00000160310,24.39,False,False
ENSG00000160318,0.495,False,False
ENSG00000160323,0.0,True,True
ENSG00000160325,0.0,True,True
ENSG00000160326,0.02,True,True
ENSG00000160336,8.93,True,False
ENSG00000160345,1.525,False,False
ENSG00000160352,16.675,False,False
ENSG00000160360,0.025,True,True
ENSG00000160392,0.30000000000000004,False,False
ENSG00000160404,0.505,False,False
ENSG00000160408,0.08,True,True
ENSG00000160410,0.9949999999999999,False,False
ENSG00000160445,0.07,True,True
ENSG00000160446,0.49,False,False
ENSG00000160447,0.625,False,False
ENSG00000160460,0.05500000000000001,False,True
ENSG00000160469,0.0,True,True
ENSG00000160471,0.375,True,False
ENSG00000160551,2.21,False,False
ENSG00000160563,53.595,False,False
ENSG00000160570,3.5999999999999996,False,False
ENSG00000160584,1.085,False,False
ENSG00000160588,1.65,True,False
ENSG00000160602,1.33,False,False
ENSG00000160606,5.109999999999999,True,False
ENSG00000160613,2.185,False,False
ENSG00000160633,0.97,False,False
ENSG00000160679,7.395,False,False
ENSG00000160685,0.065,False,True
ENSG00000160688,19.869999999999997,False,False
ENSG00000160691,4.04,False,False
ENSG00000160695,14.425,False,False
ENSG00000160710,26.6,True,False
ENSG00000160712,0.02,True,True
ENSG00000160714,6.595000000000001,False,False
ENSG00000160741,1.9449999999999998,False,False
ENSG00000160746,4.705,False,False
ENSG00000160752,570.63,False,False
ENSG00000160753,4.35,True,False
ENSG00000160767,1.45,False,False
ENSG00000160783,7.195,False,False
ENSG00000160785,2.9749999999999996,False,False
ENSG00000160789,0.76,True,False
ENSG00000160796,0.19,False,False
ENSG00000160799,7.32,False,False
ENSG00000160803,20.355,False,False
ENSG00000160808,0.16,False,False
ENSG00000160813,2.6849999999999996,False,False
ENSG00000160818,56.77,False,False
ENSG00000160838,0.16999999999999998,True,False
ENSG00000160867,0.595,True,False
ENSG00000160877,0.1,False,False
ENSG00000160888,3.795,False,False
ENSG00000160908,2.0999999999999996,False,False
ENSG00000160917,13.815,False,False
ENSG00000160932,4.255,False,False
ENSG00000160948,39.87,False,False
ENSG00000160949,0.105,False,False
ENSG00000160951,0.005,True,True
ENSG00000160953,6.79,False,False
ENSG00000160957,1.24,False,False
ENSG00000160959,1.225,False,False
ENSG00000160961,2.45,True,False
ENSG00000160963,0.0,True,True
ENSG00000160972,0.29000000000000004,True,False
ENSG00000160973,0.345,True,False
ENSG00000160991,0.89,False,False
ENSG00000160993,4.949999999999999,True,False
ENSG00000160999,0.0,True,True
ENSG00000161011,5.07,False,False
ENSG00000161013,0.21500000000000002,False,False
ENSG00000161016,1259.225,False,False
ENSG00000161021,0.22,False,False
ENSG00000161036,0.41000000000000003,False,False
ENSG00000161040,16.58,False,False
ENSG00000161048,4.865,True,False
ENSG00000161091,0.52,False,False
ENSG00000161132,0.0,False,True
ENSG00000161179,10.719999999999999,False,False
ENSG00000161202,3.5949999999999998,False,False
ENSG00000161203,96.70500000000001,False,False
ENSG00000161204,5.5,False,False
ENSG00000161217,9.065000000000001,False,False
ENSG00000161243,1.33,True,False
ENSG00000161265,7.615,True,False
ENSG00000161270,0.0,True,True
ENSG00000161277,0.1,True,False
ENSG00000161328,0.005,True,True
ENSG00000161381,0.0,False,True
ENSG00000161405,0.11499999999999999,True,False
ENSG00000161513,0.725,False,False
ENSG00000161526,67.875,False,False
ENSG00000161533,5.7,False,False
ENSG00000161542,14.115,True,False
ENSG00000161547,119.07,True,False
ENSG00000161551,1.155,False,False
ENSG00000161558,0.47,False,False
ENSG00000161594,0.06,False,True
ENSG00000161610,0.0,False,True
ENSG00000161618,2.255,False,False
ENSG00000161638,6.550000000000001,True,False
ENSG00000161642,0.8,True,False
ENSG00000161647,0.52,True,False
ENSG00000161653,0.0,True,True
ENSG00000161654,178.99,False,False
ENSG00000161671,0.95,False,False
ENSG00000161677,0.29500000000000004,False,False
ENSG00000161681,0.0,True,True
ENSG00000161682,0.02,True,True
ENSG00000161692,1.62,False,False
ENSG00000161714,0.19,True,False
ENSG00000161791,0.365,False,False
ENSG00000161847,0.1,False,False
ENSG00000161849,0.0,False,True
ENSG00000161860,0.495,False,False
ENSG00000161888,13.525,False,False
ENSG00000161904,0.20500000000000002,False,False
ENSG00000161905,0.0,False,True
ENSG00000161914,0.03,True,True
ENSG00000161920,15.41,True,False
ENSG00000161921,0.0,False,True
ENSG00000161939,1.48,True,False
ENSG00000161940,0.79,True,False
ENSG00000161956,0.47,False,False
ENSG00000161958,0.75,True,False
ENSG00000161960,139.16,False,False
ENSG00000161970,1235.3400000000001,False,False
ENSG00000161973,0.01,True,True
ENSG00000161980,227.245,False,False
ENSG00000161981,42.485,False,False
ENSG00000161992,0.0,True,True
ENSG00000161999,0.87,False,False
ENSG00000162004,0.14500000000000002,True,False
ENSG00000162040,0.0,False,True
ENSG00000162062,0.52,True,False
ENSG00000162063,3.715,False,False
ENSG00000162065,2.4450000000000003,False,False
ENSG00000162066,0.06,False,True
ENSG00000162069,0.0,False,True
ENSG00000162073,0.38,False,False
ENSG00000162076,0.515,False,False
ENSG00000162086,4.345,False,False
ENSG00000162104,0.01,False,True
ENSG00000162129,5.1899999999999995,False,False
ENSG00000162139,4.075,False,False
ENSG00000162144,23.134999999999998,False,False
ENSG00000162174,2.3049999999999997,True,False
ENSG00000162188,0.055,False,True
ENSG00000162191,4.13,False,False
ENSG00000162194,1.59,False,False
ENSG00000162222,40.865,False,False
ENSG00000162227,0.215,False,False
ENSG00000162231,20.015,False,False
ENSG00000162236,2.165,False,False
ENSG00000162241,0.07,True,True
ENSG00000162244,503.83,False,False
ENSG00000162298,0.315,False,False
ENSG00000162300,2.425,False,False
ENSG00000162302,0.175,False,False
ENSG00000162337,0.34,False,False
ENSG00000162341,0.5249999999999999,True,False
ENSG00000162367,15.335,True,False
ENSG00000162368,37.21,False,False
ENSG00000162377,38.91,False,False
ENSG00000162378,4.47,False,False
ENSG00000162384,68.645,False,False
ENSG00000162385,94.86,False,False
ENSG00000162390,0.0,True,True
ENSG00000162391,0.0,True,True
ENSG00000162396,4.52,True,False
ENSG00000162399,0.0,True,True
ENSG00000162402,5.01,False,False
ENSG00000162408,6.53,False,False
ENSG00000162413,1.59,False,False
ENSG00000162415,0.0,False,True
ENSG00000162419,4.855,True,False
ENSG00000162426,0.0,True,True
ENSG00000162430,1.125,True,False
ENSG00000162433,7.42,False,False
ENSG00000162434,5.955,True,False
ENSG00000162437,1.28,True,False
ENSG00000162441,69.55000000000001,False,False
ENSG00000162444,0.0,False,True
ENSG00000162458,0.0,False,True
ENSG00000162490,0.005,True,True
ENSG00000162496,17.05,True,False
ENSG00000162511,1.81,False,False
ENSG00000162512,0.39,True,False
ENSG00000162517,19.945,False,False
ENSG00000162520,0.33999999999999997,True,False
ENSG00000162521,192.0,False,False
ENSG00000162522,1.705,True,False
ENSG00000162526,0.515,True,False
ENSG00000162542,0.175,True,False
ENSG00000162545,0.175,True,False
ENSG00000162551,0.0,True,True
ENSG00000162552,0.02,True,True
ENSG00000162591,0.0,True,True
ENSG00000162592,0.0,False,True
ENSG00000162595,68.20500000000001,False,False
ENSG00000162600,31.165,False,False
ENSG00000162601,11.545,False,False
ENSG00000162604,35.715,True,False
ENSG00000162607,17.560000000000002,False,False
ENSG00000162613,70.36500000000001,False,False
ENSG00000162616,12.365,False,False
ENSG00000162620,2.1,True,False
ENSG00000162623,28.42,False,False
ENSG00000162624,0.0,False,True
ENSG00000162636,5.33,False,False
ENSG00000162641,0.055,False,True
ENSG00000162642,13.305,False,False
ENSG00000162643,0.0,True,True
ENSG00000162650,0.235,True,False
ENSG00000162654,0.09,True,True
ENSG00000162664,4.46,False,False
ENSG00000162669,1.08,True,False
ENSG00000162670,0.155,True,False
ENSG00000162676,0.07,True,True
ENSG00000162688,3.8249999999999997,False,False
ENSG00000162694,24.240000000000002,False,False
ENSG00000162695,5.16,False,False
ENSG00000162702,8.74,False,False
ENSG00000162704,48.69,False,False
ENSG00000162711,0.0,True,True
ENSG00000162714,2.465,False,False
ENSG00000162722,3.745,True,False
ENSG00000162729,0.245,True,False
ENSG00000162733,0.36,True,False
ENSG00000162734,5.62,False,False
ENSG00000162735,54.065,False,False
ENSG00000162736,29.055,False,False
ENSG00000162738,0.22,True,False
ENSG00000162739,0.495,True,False
ENSG00000162745,0.0,False,True
ENSG00000162757,3.45,True,False
ENSG00000162769,3.875,False,False
ENSG00000162775,3.0,False,False
ENSG00000162777,0.025,True,True
ENSG00000162779,0.135,False,False
ENSG00000162783,1.8199999999999998,False,False
ENSG00000162813,21.11,False,False
ENSG00000162814,0.07,False,True
ENSG00000162819,93.50999999999999,False,False
ENSG00000162825,0.155,True,False
ENSG00000162836,0.19,True,False
ENSG00000162849,0.015,False,True
ENSG00000162851,109.195,False,False
ENSG00000162852,9.7,False,False
ENSG00000162869,3.8,True,False
ENSG00000162878,0.005,True,True
ENSG00000162885,1.75,False,False
ENSG00000162889,0.585,False,False
ENSG00000162894,0.04,True,True
ENSG00000162910,30.035000000000004,False,False
ENSG00000162913,0.0,True,True
ENSG00000162923,9.3,False,False
ENSG00000162924,1.655,True,False
ENSG00000162927,4.77,True,False
ENSG00000162928,3.275,False,False
ENSG00000162929,0.895,True,False
ENSG00000162931,0.0,True,True
ENSG00000162946,0.0,False,True
ENSG00000162951,0.0,True,True
ENSG00000162959,65.44,False,False
ENSG00000162961,286.65,False,False
ENSG00000162971,2.295,True,False
ENSG00000162972,3.385,False,False
ENSG00000162976,1.8900000000000001,True,False
ENSG00000162980,11.605,False,False
ENSG00000162981,1.3450000000000002,True,False
ENSG00000162992,0.0,False,True
ENSG00000162994,2.665,True,False
ENSG00000162997,2.37,True,False
ENSG00000162998,0.0,False,True
ENSG00000162999,2.3550000000000004,False,False
ENSG00000163001,9.6,True,False
ENSG00000163006,24.965,False,False
ENSG00000163012,0.0,True,True
ENSG00000163013,0.22999999999999998,True,False
ENSG00000163026,7.715,True,False
ENSG00000163032,0.05,True,True
ENSG00000163040,0.66,True,False
ENSG00000163041,379.48,False,False
ENSG00000163050,1.745,False,False
ENSG00000163069,0.049999999999999996,False,True
ENSG00000163093,0.9,True,False
ENSG00000163104,6.785,False,False
ENSG00000163110,29.34,False,False
ENSG00000163116,0.0,False,True
ENSG00000163121,0.0,True,True
ENSG00000163125,2.63,False,False
ENSG00000163126,0.255,True,False
ENSG00000163131,5.705,True,False
ENSG00000163132,1.52,True,False
ENSG00000163154,0.615,True,False
ENSG00000163155,1.7349999999999999,True,False
ENSG00000163156,131.86,True,False
ENSG00000163161,12.14,False,False
ENSG00000163162,6.1899999999999995,False,False
ENSG00000163166,14.23,False,False
ENSG00000163170,266.57,False,False
ENSG00000163191,600.3,True,False
ENSG00000163214,5.5649999999999995,False,False
ENSG00000163216,3.01,True,False
ENSG00000163218,0.015,True,True
ENSG00000163235,0.0,True,True
ENSG00000163239,0.0,False,True
ENSG00000163249,1.06,True,False
ENSG00000163251,2.075,True,False
ENSG00000163257,14.12,False,False
ENSG00000163273,0.0,False,True
ENSG00000163281,15.22,True,False
ENSG00000163291,7.545,True,False
ENSG00000163293,0.11,True,False
ENSG00000163312,2.62,True,False
ENSG00000163319,285.785,False,False
ENSG00000163320,18.145,False,False
ENSG00000163328,0.08499999999999999,True,True
ENSG00000163344,0.895,True,False
ENSG00000163346,0.125,True,False
ENSG00000163348,6.035,False,False
ENSG00000163349,7.025,False,False
ENSG00000163362,0.0,True,True
ENSG00000163374,11.385,False,False
ENSG00000163376,1.815,True,False
ENSG00000163378,2.855,True,False
ENSG00000163382,21.055,False,False
ENSG00000163389,11.04,True,False
ENSG00000163393,0.41000000000000003,True,False
ENSG00000163399,72.69,False,False
ENSG00000163428,4.325,False,False
ENSG00000163431,0.01,True,True
ENSG00000163444,17.53,False,False
ENSG00000163449,0.0,False,True
ENSG00000163453,0.415,True,False
ENSG00000163462,0.005,True,True
ENSG00000163463,318.7,True,False
ENSG00000163466,68.145,False,False
ENSG00000163467,4.12,False,False
ENSG00000163472,0.5349999999999999,True,False
ENSG00000163479,263.84,False,False
ENSG00000163481,1.7200000000000002,False,False
ENSG00000163482,2.23,True,False
ENSG00000163491,0.0,True,True
ENSG00000163497,0.12,True,False
ENSG00000163499,0.0,True,True
ENSG00000163507,11.075,False,False
ENSG00000163508,0.0,True,True
ENSG00000163510,24.85,True,False
ENSG00000163512,63.22,False,False
ENSG00000163513,0.115,True,False
ENSG00000163516,1.78,False,False
ENSG00000163517,0.655,False,False
ENSG00000163520,0.0,True,True
ENSG00000163521,0.205,True,False
ENSG00000163527,14.795,False,False
ENSG00000163528,101.95,False,False
ENSG00000163531,0.0,False,True
ENSG00000163535,11.91,False,False
ENSG00000163536,6.984999999999999,True,False
ENSG00000163539,10.14,False,False
ENSG00000163541,181.97,False,False
ENSG00000163545,0.04,False,True
ENSG00000163558,9.6,False,False
ENSG00000163568,0.15000000000000002,False,False
ENSG00000163576,0.7350000000000001,True,False
ENSG00000163577,12.620000000000001,False,False
ENSG00000163581,0.0,True,True
ENSG00000163584,76.275,False,False
ENSG00000163590,0.025,False,True
ENSG00000163596,0.665,True,False
ENSG00000163597,172.09,False,False
ENSG00000163602,3.425,True,False
ENSG00000163605,8.615,False,False
ENSG00000163607,24.310000000000002,False,False
ENSG00000163608,4.46,False,False
ENSG00000163611,1.44,True,False
ENSG00000163617,0.195,True,False
ENSG00000163623,0.0,False,True
ENSG00000163624,0.05,False,True
ENSG00000163625,0.365,True,False
ENSG00000163626,4.605,False,False
ENSG00000163629,0.0,True,True
ENSG00000163633,0.08,True,True
ENSG00000163634,89.51,False,False
ENSG00000163635,0.8,True,False
ENSG00000163636,57.864999999999995,False,False
ENSG00000163638,0.06,True,True
ENSG00000163644,6.59,True,False
ENSG00000163645,0.0,False,True
ENSG00000163655,55.475,False,False
ENSG00000163659,2.55,True,False
ENSG00000163660,12.315,False,False
ENSG00000163661,0.1,True,False
ENSG00000163666,0.925,False,False
ENSG00000163673,0.0,False,True
ENSG00000163681,7.79,False,False
ENSG00000163682,2840.625,False,False
ENSG00000163683,2.505,True,False
ENSG00000163684,14.475,True,False
ENSG00000163686,0.52,True,False
ENSG00000163689,3.185,True,False
ENSG00000163694,1.745,True,False
ENSG00000163702,0.005,True,True
ENSG00000163703,2.3899999999999997,False,False
ENSG00000163704,0.03,True,True
ENSG00000163710,0.22000000000000003,True,False
ENSG00000163714,213.135,True,False
ENSG00000163719,6.07,False,False
ENSG00000163728,6.0,False,False
ENSG00000163734,1.85,True,False
ENSG00000163743,56.56,False,False
ENSG00000163754,19.134999999999998,False,False
ENSG00000163755,0.765,True,False
ENSG00000163781,9.59,False,False
ENSG00000163785,2.635,True,False
ENSG00000163788,1.26,False,False
ENSG00000163795,0.02,True,True
ENSG00000163798,5.435,False,False
ENSG00000163807,30.165,True,False
ENSG00000163808,6.74,True,False
ENSG00000163811,22.240000000000002,False,False
ENSG00000163812,6.785,False,False
ENSG00000163814,2.9450000000000003,True,False
ENSG00000163817,0.0,True,True
ENSG00000163820,2.0949999999999998,True,False
ENSG00000163832,71.87,False,False
ENSG00000163840,1.755,True,False
ENSG00000163848,2.145,False,False
ENSG00000163864,1.45,False,False
ENSG00000163866,34.295,True,False
ENSG00000163867,8.540000000000001,False,False
ENSG00000163870,0.51,False,False
ENSG00000163872,1.4849999999999999,False,False
ENSG00000163874,0.11,True,False
ENSG00000163875,38.095,False,False
ENSG00000163877,1.9049999999999998,True,False
ENSG00000163882,374.01,False,False
ENSG00000163884,0.065,True,True
ENSG00000163888,0.005,True,True
ENSG00000163898,0.36,True,False
ENSG00000163900,21.805,False,False
ENSG00000163902,31.604999999999997,False,False
ENSG00000163909,0.095,False,True
ENSG00000163913,1.75,True,False
ENSG00000163918,117.165,False,False
ENSG00000163930,2.62,False,False
ENSG00000163931,43.26,False,False
ENSG00000163933,5.75,False,False
ENSG00000163935,0.5700000000000001,True,False
ENSG00000163938,141.965,False,False
ENSG00000163939,4.34,False,False
ENSG00000163945,0.12,True,False
ENSG00000163946,11.0,False,False
ENSG00000163947,0.585,True,False
ENSG00000163950,56.525000000000006,False,False
ENSG00000163956,0.7450000000000001,False,False
ENSG00000163960,2.69,False,False
ENSG00000163961,5.285,False,False
ENSG00000163964,2.525,False,False
ENSG00000163975,0.31,True,False
ENSG00000163995,0.0,True,True
ENSG00000164002,0.765,False,False
ENSG00000164008,0.655,True,False
ENSG00000164010,5.535,False,False
ENSG00000164011,12.754999999999999,True,False
ENSG00000164022,96.69,False,False
ENSG00000164023,0.045,True,True
ENSG00000164024,20.205,False,False
ENSG00000164031,4.2,True,False
ENSG00000164032,3108.49,False,False
ENSG00000164037,0.09,True,True
ENSG00000164039,8.02,True,False
ENSG00000164040,11.64,True,False
ENSG00000164045,2.19,False,False
ENSG00000164048,3.035,True,False
ENSG00000164050,0.355,False,False
ENSG00000164051,4.609999999999999,True,False
ENSG00000164053,1.045,False,False
ENSG00000164054,7.83,False,False
ENSG00000164056,0.145,True,False
ENSG00000164061,0.035,True,True
ENSG00000164062,51.0,False,False
ENSG00000164068,6.365,False,False
ENSG00000164070,9.61,False,False
ENSG00000164073,18.6,False,False
ENSG00000164074,3.75,True,False
ENSG00000164076,0.055,True,True
ENSG00000164077,0.885,False,False
ENSG00000164078,2.0549999999999997,True,False
ENSG00000164080,1.4249999999999998,False,False
ENSG00000164086,0.525,False,False
ENSG00000164087,4.26,False,False
ENSG00000164088,0.79,True,False
ENSG00000164089,0.0,True,True
ENSG00000164091,4.1899999999999995,False,False
ENSG00000164104,505.64,False,False
ENSG00000164105,3.5250000000000004,True,False
ENSG00000164107,1.105,True,False
ENSG00000164109,342.95000000000005,False,False
ENSG00000164111,58.415,False,False
ENSG00000164112,0.0,True,True
ENSG00000164117,15.344999999999999,False,False
ENSG00000164118,14.364999999999998,False,False
ENSG00000164120,1.9100000000000001,True,False
ENSG00000164134,28.05,False,False
ENSG00000164142,0.0,True,True
ENSG00000164144,13.415,False,False
ENSG00000164151,3.5700000000000003,False,False
ENSG00000164161,0.01,True,True
ENSG00000164162,65.745,False,False
ENSG00000164163,95.63,False,False
ENSG00000164164,2.94,False,False
ENSG00000164167,79.86,False,False
ENSG00000164168,2.54,False,False
ENSG00000164169,2.11,True,False
ENSG00000164171,0.005,False,True
ENSG00000164172,46.0,False,False
ENSG00000164180,30.835,False,False
ENSG00000164181,2.615,False,False
ENSG00000164182,105.14,False,False
ENSG00000164187,1.28,False,False
ENSG00000164190,9.655000000000001,False,False
ENSG00000164199,14.08,False,False
ENSG00000164209,8.649999999999999,False,False
ENSG00000164211,18.744999999999997,False,False
ENSG00000164219,12.21,True,False
ENSG00000164221,2.1550000000000002,True,False
ENSG00000164236,0.08499999999999999,True,True
ENSG00000164237,37.905,True,False
ENSG00000164241,15.370000000000001,True,False
ENSG00000164244,28.355,False,False
ENSG00000164251,0.0,True,True
ENSG00000164252,3.29,False,False
ENSG00000164258,235.81,False,False
ENSG00000164284,11.46,False,False
ENSG00000164287,0.0,True,True
ENSG00000164291,1.67,True,False
ENSG00000164294,0.5800000000000001,True,False
ENSG00000164296,1.1800000000000002,True,False
ENSG00000164300,1.745,True,False
ENSG00000164304,0.0,False,True
ENSG00000164305,11.030000000000001,False,False
ENSG00000164306,8.09,True,False
ENSG00000164307,1.415,False,False
ENSG00000164308,0.765,True,False
ENSG00000164318,0.84,False,False
ENSG00000164323,27.17,True,False
ENSG00000164327,10.75,False,False
ENSG00000164329,19.354999999999997,False,False
ENSG00000164330,0.045,True,True
ENSG00000164331,9.004999999999999,True,False
ENSG00000164332,14.7,True,False
ENSG00000164338,19.15,False,False
ENSG00000164346,43.894999999999996,False,False
ENSG00000164347,20.84,False,False
ENSG00000164362,0.01,True,True
ENSG00000164366,2.785,True,False
ENSG00000164398,0.47,True,False
ENSG00000164403,0.39,True,False
ENSG00000164404,0.055,False,True
ENSG00000164405,1800.9850000000001,False,False
ENSG00000164414,24.93,True,False
ENSG00000164442,0.175,False,False
ENSG00000164458,0.0,True,True
ENSG00000164463,0.735,True,False
ENSG00000164466,21.86,True,False
ENSG00000164483,0.17,True,False
ENSG00000164484,0.0,True,True
ENSG00000164485,0.0,True,True
ENSG00000164494,14.015,False,False
ENSG00000164506,15.290000000000001,False,False
ENSG00000164535,0.8999999999999999,False,False
ENSG00000164542,0.04,False,True
ENSG00000164543,2.525,True,False
ENSG00000164548,44.16,False,False
ENSG00000164574,2.9299999999999997,False,False
ENSG00000164576,3.01,True,False
ENSG00000164587,1578.33,False,False
ENSG00000164597,9.705,False,False
ENSG00000164603,0.46499999999999997,True,False
ENSG00000164604,2.225,False,False
ENSG00000164609,28.66,True,False
ENSG00000164610,7.154999999999999,False,False
ENSG00000164611,767.285,False,False
ENSG00000164615,11.344999999999999,True,False
ENSG00000164620,0.05500000000000001,True,True
ENSG00000164621,0.03,False,True
ENSG00000164626,1.155,False,False
ENSG00000164627,0.0,False,True
ENSG00000164631,4.595000000000001,True,False
ENSG00000164647,3.835,True,False
ENSG00000164649,1.34,True,False
ENSG00000164651,0.035,True,True
ENSG00000164654,4.745,False,False
ENSG00000164659,4.895,True,False
ENSG00000164663,0.77,True,False
ENSG00000164674,0.015,True,True
ENSG00000164675,0.95,True,False
ENSG00000164683,1.115,True,False
ENSG00000164687,79.74000000000001,True,False
ENSG00000164690,0.01,False,True
ENSG00000164691,0.0,True,True
ENSG00000164692,0.505,True,False
ENSG00000164694,0.0,True,True
ENSG00000164695,3.355,False,False
ENSG00000164713,3.105,True,False
ENSG00000164715,1.145,False,False
ENSG00000164733,36.790000000000006,False,False
ENSG00000164742,0.0,True,True
ENSG00000164751,38.525000000000006,True,False
ENSG00000164754,40.035,False,False
ENSG00000164758,1.46,False,False
ENSG00000164808,7.945,False,False
ENSG00000164815,83.84,False,False
ENSG00000164818,2.56,True,False
ENSG00000164823,3.1950000000000003,True,False
ENSG00000164828,27.4,False,False
ENSG00000164830,10.455,False,False
ENSG00000164841,0.0,True,True
ENSG00000164845,0.0,False,True
ENSG00000164849,0.015,True,True
ENSG00000164877,1.06,False,False
ENSG00000164880,0.365,False,False
ENSG00000164885,2.92,False,False
ENSG00000164889,7.540000000000001,False,False
ENSG00000164896,0.43,False,False
ENSG00000164897,0.29000000000000004,False,False
ENSG00000164898,89.255,False,False
ENSG00000164902,36.305,True,False
ENSG00000164904,0.015,True,True
ENSG00000164916,0.24,False,False
ENSG00000164919,1402.97,False,False
ENSG00000164920,0.42,True,False
ENSG00000164924,258.93,False,False
ENSG00000164929,0.0,False,True
ENSG00000164932,0.02,False,True
ENSG00000164933,8.545,False,False
ENSG00000164934,299.43,False,False
ENSG00000164938,0.8,True,False
ENSG00000164944,16.509999999999998,False,False
ENSG00000164949,0.005,True,True
ENSG00000164953,3.1550000000000002,True,False
ENSG00000164961,11.59,False,False
ENSG00000164967,14.559999999999999,False,False
ENSG00000164970,0.42000000000000004,True,False
ENSG00000164975,1.745,False,False
ENSG00000164976,0.08499999999999999,False,True
ENSG00000164978,20.48,True,False
ENSG00000164983,0.33499999999999996,True,False
ENSG00000164985,12.059999999999999,False,False
ENSG00000164989,0.08499999999999999,True,True
ENSG00000165006,0.815,False,False
ENSG00000165025,3.88,True,False
ENSG00000165028,5.125,True,False
ENSG00000165030,2.605,True,False
ENSG00000165046,1.075,True,False
ENSG00000165055,61.61,False,False
ENSG00000165060,15.254999999999999,True,False
ENSG00000165066,0.0,True,True
ENSG00000165072,0.01,False,True
ENSG00000165097,1.02,False,False
ENSG00000165102,0.065,True,True
ENSG00000165115,0.22,True,False
ENSG00000165118,3.0250000000000004,False,False
ENSG00000165119,158.2,True,False
ENSG00000165120,0.215,False,False
ENSG00000165138,7.324999999999999,True,False
ENSG00000165140,0.0,False,True
ENSG00000165152,1.5899999999999999,False,False
ENSG00000165156,16.14,False,False
ENSG00000165169,11.405000000000001,True,False
ENSG00000165171,0.0,False,True
ENSG00000165175,0.365,False,False
ENSG00000165182,0.05500000000000001,False,True
ENSG00000165185,1.605,False,False
ENSG00000165195,13.085,False,False
ENSG00000165209,18.035,False,False
ENSG00000165219,7.404999999999999,False,False
ENSG00000165233,0.8800000000000001,True,False
ENSG00000165238,0.0,True,True
ENSG00000165240,4.555,False,False
ENSG00000165244,1.885,True,False
ENSG00000165264,56.94,False,False
ENSG00000165271,6.175,False,False
ENSG00000165272,3.255,True,False
ENSG00000165275,4.795,True,False
ENSG00000165280,4.585,False,False
ENSG00000165282,2.96,False,False
ENSG00000165283,83.565,False,False
ENSG00000165288,0.575,False,False
ENSG00000165304,25.955,True,False
ENSG00000165312,0.285,True,False
ENSG00000165322,2.8,False,False
ENSG00000165325,7.045,True,False
ENSG00000165338,0.83,True,False
ENSG00000165355,1.01,True,False
ENSG00000165359,4.109999999999999,True,False
ENSG00000165370,0.0,True,True
ENSG00000165379,0.0,True,True
ENSG00000165389,15.705,True,False
ENSG00000165392,8.62,True,False
ENSG00000165406,0.7150000000000001,False,False
ENSG00000165409,0.035,True,True
ENSG00000165410,4.01,True,False
ENSG00000165416,42.79,False,False
ENSG00000165417,3.495,False,False
ENSG00000165424,0.5449999999999999,False,False
ENSG00000165434,0.255,False,False
ENSG00000165458,0.505,False,False
ENSG00000165475,0.79,True,False
ENSG00000165476,4.16,True,False
ENSG00000165478,0.0,False,True
ENSG00000165480,13.115,False,False
ENSG00000165487,6.71,True,False
ENSG00000165490,7.855,True,False
ENSG00000165494,5.91,False,False
ENSG00000165501,45.34,True,False
ENSG00000165502,489.115,False,False
ENSG00000165506,2.7800000000000002,True,False
ENSG00000165507,0.02,True,True
ENSG00000165511,0.2,True,False
ENSG00000165512,71.125,True,False
ENSG00000165516,4.415,False,False
ENSG00000165521,0.03,False,True
ENSG00000165525,48.81,False,False
ENSG00000165526,18.78,False,False
ENSG00000165527,20.765,False,False
ENSG00000165533,5.800000000000001,False,False
ENSG00000165556,0.0,False,True
ENSG00000165566,0.0,True,True
ENSG00000165572,1.69,True,False
ENSG00000165606,0.0,False,True
ENSG00000165609,297.365,False,False
ENSG00000165621,0.0,True,True
ENSG00000165626,0.895,True,False
ENSG00000165629,981.705,False,False
ENSG00000165630,12.05,True,False
ENSG00000165632,1.495,True,False
ENSG00000165633,0.71,True,False
ENSG00000165637,152.89,False,False
ENSG00000165644,0.43999999999999995,False,False
ENSG00000165650,3.34,False,False
ENSG00000165655,0.0,False,True
ENSG00000165660,5.375,True,False
ENSG00000165661,0.425,True,False
ENSG00000165669,40.265,True,False
ENSG00000165671,3.825,False,False
ENSG00000165672,693.355,False,False
ENSG00000165675,4.955,False,False
ENSG00000165678,815.22,False,False
ENSG00000165684,0.37,True,False
ENSG00000165688,16.17,False,False
ENSG00000165689,5.3149999999999995,False,False
ENSG00000165695,0.19,True,False
ENSG00000165698,0.08,True,True
ENSG00000165699,5.195,False,False
ENSG00000165702,6.99,True,False
ENSG00000165704,87.16499999999999,False,False
ENSG00000165714,0.29,False,False
ENSG00000165716,0.055,True,True
ENSG00000165724,0.89,False,False
ENSG00000165730,0.115,False,False
ENSG00000165732,103.235,False,False
ENSG00000165733,6.4,False,False
ENSG00000165752,0.9,True,False
ENSG00000165775,95.23,False,False
ENSG00000165782,4.885,True,False
ENSG00000165792,67.005,False,False
ENSG00000165795,7.75,True,False
ENSG00000165801,0.31,True,False
ENSG00000165802,0.135,False,False
ENSG00000165804,0.3,True,False
ENSG00000165805,0.0,False,True
ENSG00000165806,5.0600000000000005,True,False
ENSG00000165807,0.0,False,True
ENSG00000165813,1.7650000000000001,True,False
ENSG00000165819,30.4,False,False
ENSG00000165832,3.67,True,False
ENSG00000165861,0.53,True,False
ENSG00000165879,0.065,True,True
ENSG00000165886,0.0,False,True
ENSG00000165891,2.84,True,False
ENSG00000165895,0.675,True,False
ENSG00000165898,4.23,True,False
ENSG00000165905,0.32,True,False
ENSG00000165912,0.065,True,True
ENSG00000165914,1.28,True,False
ENSG00000165915,0.15,True,False
ENSG00000165916,33.67,False,False
ENSG00000165923,0.34500000000000003,True,False
ENSG00000165934,12.309999999999999,False,False
ENSG00000165943,0.8500000000000001,True,False
ENSG00000165948,16.785,True,False
ENSG00000165959,0.025,True,True
ENSG00000165970,0.0,False,True
ENSG00000165983,25.595,False,False
ENSG00000165996,0.705,True,False
ENSG00000165997,2.71,False,False
ENSG00000166002,1.06,True,False
ENSG00000166004,4.18,False,False
ENSG00000166012,81.225,False,False
ENSG00000166016,0.015,True,True
ENSG00000166024,6.215,True,False
ENSG00000166035,0.105,True,False
ENSG00000166037,17.04,False,False
ENSG00000166046,0.6,True,False
ENSG00000166049,1.37,False,False
ENSG00000166068,2.08,True,False
ENSG00000166073,0.265,True,False
ENSG00000166086,0.435,True,False
ENSG00000166105,0.11499999999999999,False,False
ENSG00000166123,0.555,True,False
ENSG00000166126,0.0,False,True
ENSG00000166128,5.52,False,False
ENSG00000166130,2.395,True,False
ENSG00000166133,3.045,False,False
ENSG00000166135,1.1099999999999999,True,False
ENSG00000166136,240.445,False,False
ENSG00000166140,1.2349999999999999,False,False
ENSG00000166145,0.48,True,False
ENSG00000166148,0.02,False,True
ENSG00000166153,8.175,True,False
ENSG00000166159,0.0,False,True
ENSG00000166164,14.795,False,False
ENSG00000166165,21.14,True,False
ENSG00000166166,0.08,True,True
ENSG00000166167,1.185,True,False
ENSG00000166169,0.9199999999999999,False,False
ENSG00000166170,5.8149999999999995,False,False
ENSG00000166171,27.925,True,False
ENSG00000166181,35.925,False,False
ENSG00000166188,0.165,True,False
ENSG00000166189,0.36,True,False
ENSG00000166197,63.89,False,False
ENSG00000166199,12.585,True,False
ENSG00000166200,63.685,False,False
ENSG00000166224,5.335,True,False
ENSG00000166225,0.69,True,False
ENSG00000166226,358.40999999999997,False,False
ENSG00000166228,11.425,False,False
ENSG00000166233,11.285,False,False
ENSG00000166246,0.0,False,True
ENSG00000166250,0.1,False,False
ENSG00000166257,0.0,True,True
ENSG00000166260,12.120000000000001,False,False
ENSG00000166261,1.65,True,False
ENSG00000166262,7.38,True,False
ENSG00000166263,9.575,True,False
ENSG00000166266,11.030000000000001,False,False
ENSG00000166272,4.745,False,False
ENSG00000166275,12.835,True,False
ENSG00000166278,0.005,False,True
ENSG00000166289,0.055,True,True
ENSG00000166295,130.78,False,False
ENSG00000166311,0.5,True,False
ENSG00000166313,0.015,True,True
ENSG00000166321,4.26,True,False
ENSG00000166323,1.04,True,False
ENSG00000166326,6.67,False,False
ENSG00000166333,39.345,False,False
ENSG00000166337,14.42,False,False
ENSG00000166340,6.175000000000001,False,False
ENSG00000166341,0.0,True,True
ENSG00000166348,1.9449999999999998,False,False
ENSG00000166349,0.51,False,False
ENSG00000166352,14.84,True,False
ENSG00000166377,0.39,True,False
ENSG00000166387,0.195,True,False
ENSG00000166398,2.84,True,False
ENSG00000166401,0.10500000000000001,True,False
ENSG00000166405,0.07,True,True
ENSG00000166411,115.39999999999999,False,False
ENSG00000166426,0.0,False,True
ENSG00000166432,0.01,False,True
ENSG00000166435,5.859999999999999,False,False
ENSG00000166436,0.73,True,False
ENSG00000166439,0.435,False,False
ENSG00000166441,616.255,False,False
ENSG00000166444,0.195,True,False
ENSG00000166446,0.0,False,True
ENSG00000166448,0.0,False,True
ENSG00000166450,0.0,False,True
ENSG00000166451,269.33000000000004,False,False
ENSG00000166452,6.734999999999999,False,False
ENSG00000166454,4.605,False,False
ENSG00000166455,0.07,False,True
ENSG00000166471,15.07,False,False
ENSG00000166477,16.41,True,False
ENSG00000166478,12.575,True,False
ENSG00000166479,7.984999999999999,False,False
ENSG00000166483,21.625,False,False
ENSG00000166484,0.385,True,False
ENSG00000166492,0.03,False,True
ENSG00000166501,39.91,False,False
ENSG00000166503,5.2,True,False
ENSG00000166507,4.395,False,False
ENSG00000166508,279.5,False,False
ENSG00000166510,0.155,True,False
ENSG00000166526,19.185,False,False
ENSG00000166529,3.425,True,False
ENSG00000166546,0.0,True,True
ENSG00000166548,0.77,True,False
ENSG00000166557,5.29,False,False
ENSG00000166562,17.63,True,False
ENSG00000166575,15.73,False,False
ENSG00000166578,0.195,True,False
ENSG00000166582,13.285,False,False
ENSG00000166592,0.0,True,True
ENSG00000166595,82.05,False,False
ENSG00000166596,0.0,False,True
ENSG00000166598,131.965,False,False
ENSG00000166619,12.309999999999999,False,False
ENSG00000166676,0.035,True,True
ENSG00000166685,5.785,False,False
ENSG00000166689,0.0,False,True
ENSG00000166707,0.0,True,True
ENSG00000166710,2312.5950000000003,False,False
ENSG00000166716,1.125,False,False
ENSG00000166734,7.735,False,False
ENSG00000166747,3.6950000000000003,False,False
ENSG00000166750,0.045,True,True
ENSG00000166780,0.285,False,False
ENSG00000166783,3.035,False,False
ENSG00000166788,27.775,False,False
ENSG00000166793,0.015,True,True
ENSG00000166794,463.02,False,False
ENSG00000166797,282.32500000000005,False,False
ENSG00000166801,8.81,True,False
ENSG00000166803,634.1500000000001,False,False
ENSG00000166813,0.02,False,True
ENSG00000166821,0.005,True,True
ENSG00000166822,4.47,False,False
ENSG00000166823,0.0,False,True
ENSG00000166825,0.16999999999999998,True,False
ENSG00000166828,0.0,True,True
ENSG00000166831,0.18,False,False
ENSG00000166839,0.23,True,False
ENSG00000166840,0.0,False,True
ENSG00000166845,2.49,True,False
ENSG00000166847,30.895000000000003,False,False
ENSG00000166848,10.18,False,False
ENSG00000166851,10.004999999999999,False,False
ENSG00000166855,8.17,False,False
ENSG00000166860,1.9249999999999998,True,False
ENSG00000166869,0.255,True,False
ENSG00000166881,5.895,False,False
ENSG00000166886,0.375,False,False
ENSG00000166887,2.285,False,False
ENSG00000166889,3.1550000000000002,False,False
ENSG00000166897,0.0,True,True
ENSG00000166902,46.515,False,False
ENSG00000166908,5.68,True,False
ENSG00000166912,1.06,True,False
ENSG00000166913,83.78999999999999,False,False
ENSG00000166920,0.0,False,True
ENSG00000166923,0.0,False,True
ENSG00000166924,0.0,False,True
ENSG00000166925,0.255,False,False
ENSG00000166927,0.0,True,True
ENSG00000166928,0.0,True,True
ENSG00000166938,4.529999999999999,False,False
ENSG00000166946,27.115000000000002,False,False
ENSG00000166949,3.015,True,False
ENSG00000166963,3.3,True,False
ENSG00000166965,7.94,True,False
ENSG00000166971,2.9749999999999996,True,False
ENSG00000166974,22.48,False,False
ENSG00000166979,0.08,True,True
ENSG00000166987,1.8599999999999999,True,False
ENSG00000166997,2.01,True,False
ENSG00000167004,9.02,False,False
ENSG00000167005,91.245,False,False
ENSG00000167034,0.015,False,True
ENSG00000167037,0.0,False,True
ENSG00000167046,0.0,False,True
ENSG00000167065,0.9,True,False
ENSG00000167080,0.0,False,True
ENSG00000167081,0.095,True,True
ENSG00000167083,0.0,True,True
ENSG00000167085,147.765,False,False
ENSG00000167088,743.0250000000001,False,False
ENSG00000167094,0.0,False,True
ENSG00000167100,0.0,True,True
ENSG00000167103,0.36,False,False
ENSG00000167105,0.59,False,False
ENSG00000167106,0.12,True,False
ENSG00000167107,0.73,True,False
ENSG00000167110,14.7,False,False
ENSG00000167112,6.67,False,False
ENSG00000167113,6.54,False,False
ENSG00000167114,0.365,False,False
ENSG00000167118,8.265,False,False
ENSG00000167130,2.2750000000000004,False,False
ENSG00000167131,0.07,True,True
ENSG00000167136,3.08,False,False
ENSG00000167182,0.555,True,False
ENSG00000167186,1.98,True,False
ENSG00000167191,0.585,True,False
ENSG00000167194,0.0,False,True
ENSG00000167196,20.045,False,False
ENSG00000167202,0.275,True,False
ENSG00000167216,0.1,False,False
ENSG00000167220,4.415,False,False
ENSG00000167232,0.73,True,False
ENSG00000167257,4.395,False,False
ENSG00000167258,2.215,False,False
ENSG00000167264,4.225,False,False
ENSG00000167272,178.4,False,False
ENSG00000167280,0.07,False,True
ENSG00000167283,1569.3899999999999,False,False
ENSG00000167291,0.005,False,True
ENSG00000167302,0.615,True,False
ENSG00000167306,0.12000000000000001,True,False
ENSG00000167311,0.03,False,True
ENSG00000167315,14.22,True,False
ENSG00000167323,5.28,False,False
ENSG00000167325,92.43,False,False
ENSG00000167333,3.4299999999999997,True,False
ENSG00000167371,0.005,True,True
ENSG00000167377,2.85,True,False
ENSG00000167378,6.68,False,False
ENSG00000167380,13.625,True,False
ENSG00000167384,1.275,False,False
ENSG00000167393,0.005,False,True
ENSG00000167394,0.14,True,False
ENSG00000167395,0.085,True,True
ENSG00000167397,23.924999999999997,False,False
ENSG00000167414,1.94,True,False
ENSG00000167419,0.0,False,True
ENSG00000167447,2.4349999999999996,False,False
ENSG00000167461,9.335,False,False
ENSG00000167468,48.545,False,False
ENSG00000167470,1.145,False,False
ENSG00000167476,0.03,False,True
ENSG00000167483,0.025,True,True
ENSG00000167487,0.11,True,False
ENSG00000167491,3.495,False,False
ENSG00000167508,9.61,False,False
ENSG00000167513,0.65,False,False
ENSG00000167515,271.72,False,False
ENSG00000167522,3.835,False,False
ENSG00000167523,2.6550000000000002,True,False
ENSG00000167525,0.625,True,False
ENSG00000167526,176.71,False,False
ENSG00000167528,1.335,True,False
ENSG00000167535,0.29000000000000004,True,False
ENSG00000167536,0.05,False,True
ENSG00000167543,0.065,True,True
ENSG00000167548,0.99,False,False
ENSG00000167549,0.04,True,True
ENSG00000167550,18.255,False,False
ENSG00000167552,14.735,False,False
ENSG00000167553,518.735,False,False
ENSG00000167555,0.855,True,False
ENSG00000167562,2.935,False,False
ENSG00000167565,3.525,False,False
ENSG00000167566,0.085,True,True
ENSG00000167578,0.125,True,False
ENSG00000167595,0.795,False,False
ENSG00000167600,0.12000000000000001,True,False
ENSG00000167604,0.48,False,False
ENSG00000167615,1.4649999999999999,False,False
ENSG00000167617,0.0,True,True
ENSG00000167619,0.005,False,True
ENSG00000167625,1.665,True,False
ENSG00000167632,0.495,True,False
ENSG00000167634,0.045,False,True
ENSG00000167635,23.305,False,False
ENSG00000167637,4.175,True,False
ENSG00000167641,0.52,True,False
ENSG00000167645,9.41,False,False
ENSG00000167653,0.005,False,True
ENSG00000167657,0.11499999999999999,False,False
ENSG00000167658,251.815,False,False
ENSG00000167670,1.4649999999999999,False,False
ENSG00000167671,0.42000000000000004,False,False
ENSG00000167674,0.235,False,False
ENSG00000167680,0.0,True,True
ENSG00000167693,0.005,True,True
ENSG00000167695,1.065,False,False
ENSG00000167699,39.125,False,False
ENSG00000167700,0.305,True,False
ENSG00000167702,0.035,True,True
ENSG00000167703,0.02,True,True
ENSG00000167705,0.615,False,False
ENSG00000167716,0.025,False,True
ENSG00000167720,8.825,True,False
ENSG00000167721,10.48,False,False
ENSG00000167733,0.25,True,False
ENSG00000167740,0.875,True,False
ENSG00000167747,5.235,False,False
ENSG00000167749,0.0,True,True
ENSG00000167766,12.555,False,False
ENSG00000167770,91.235,False,False
ENSG00000167771,0.01,True,True
ENSG00000167774,0.0,False,True
ENSG00000167775,0.515,False,False
ENSG00000167778,1.01,False,False
ENSG00000167779,0.18,True,False
ENSG00000167785,3.0300000000000002,True,False
ENSG00000167792,9.08,False,False
ENSG00000167797,3.9050000000000002,False,False
ENSG00000167799,0.28,True,False
ENSG00000167807,0.01,False,True
ENSG00000167815,771.4200000000001,False,False
ENSG00000167842,8.370000000000001,True,False
ENSG00000167858,0.02,False,True
ENSG00000167861,0.19,False,False
ENSG00000167862,22.875,False,False
ENSG00000167863,615.09,False,False
ENSG00000167874,0.060000000000000005,True,True
ENSG00000167881,19.215,False,False
ENSG00000167895,0.15,True,False
ENSG00000167900,8.49,False,False
ENSG00000167904,40.370000000000005,False,False
ENSG00000167912,0.065,True,True
ENSG00000167914,0.03,False,True
ENSG00000167920,119.975,False,False
ENSG00000167925,0.535,False,False
ENSG00000167930,1.0,False,False
ENSG00000167941,0.0,False,True
ENSG00000167962,0.13,False,False
ENSG00000167965,1.145,False,False
ENSG00000167967,0.45499999999999996,False,False
ENSG00000167969,3.49,False,False
ENSG00000167971,0.0,True,True
ENSG00000167972,0.495,False,False
ENSG00000167977,0.5449999999999999,False,False
ENSG00000167978,19.895,False,False
ENSG00000167981,0.14,True,False
ENSG00000167984,0.03,True,True
ENSG00000167985,98.975,True,False
ENSG00000167987,0.44,True,False
ENSG00000167996,261.69500000000005,False,False
ENSG00000168002,430.075,True,False
ENSG00000168003,15.84,False,False
ENSG00000168005,0.61,False,False
ENSG00000168010,0.275,True,False
ENSG00000168014,2.885,False,False
ENSG00000168016,0.305,True,False
ENSG00000168026,0.16999999999999998,True,False
ENSG00000168028,1936.63,False,False
ENSG00000168032,0.465,True,False
ENSG00000168038,2.19,True,False
ENSG00000168040,0.25,False,False
ENSG00000168056,0.065,True,True
ENSG00000168061,0.17,False,False
ENSG00000168066,9.879999999999999,True,False
ENSG00000168067,0.14500000000000002,True,False
ENSG00000168071,0.22999999999999998,True,False
ENSG00000168078,168.465,False,False
ENSG00000168090,116.805,False,False
ENSG00000168092,52.545,False,False
ENSG00000168096,0.37,False,False
ENSG00000168101,1.0899999999999999,True,False
ENSG00000168116,22.34,False,False
ENSG00000168118,6.87,True,False
ENSG00000168124,0.0,False,True
ENSG00000168135,0.0,True,True
ENSG00000168137,22.71,False,False
ENSG00000168152,2.715,True,False
ENSG00000168159,1.81,False,False
ENSG00000168172,1.72,False,False
ENSG00000168175,38.835,False,False
ENSG00000168209,5.5600000000000005,False,False
ENSG00000168216,54.625,True,False
ENSG00000168228,3.565,False,False
ENSG00000168237,0.095,True,True
ENSG00000168246,0.0,True,True
ENSG00000168255,1.3650000000000002,True,False
ENSG00000168259,59.33,False,False
ENSG00000168264,12.045,False,False
ENSG00000168268,20.505000000000003,False,False
ENSG00000168273,26.049999999999997,True,False
ENSG00000168275,125.92500000000001,False,False
ENSG00000168282,0.01,False,True
ENSG00000168283,14.34,False,False
ENSG00000168286,1.97,False,False
ENSG00000168288,573.595,False,False
ENSG00000168291,105.205,False,False
ENSG00000168297,2.38,True,False
ENSG00000168298,1.655,False,False
ENSG00000168300,4.0600000000000005,False,False
ENSG00000168301,3.585,True,False
ENSG00000168303,5.615,False,False
ENSG00000168310,5.859999999999999,True,False
ENSG00000168348,0.0,False,True
ENSG00000168356,0.005,False,True
ENSG00000168374,183.505,False,False
ENSG00000168385,75.785,False,False
ENSG00000168389,0.0,True,True
ENSG00000168393,6.550000000000001,False,False
ENSG00000168394,0.9450000000000001,True,False
ENSG00000168395,8.95,False,False
ENSG00000168397,5.015000000000001,False,False
ENSG00000168398,0.0,False,True
ENSG00000168404,0.94,True,False
ENSG00000168411,13.175,False,False
ENSG00000168434,3.37,False,False
ENSG00000168438,10.885,False,False
ENSG00000168439,38.81,False,False
ENSG00000168461,16.345,False,False
ENSG00000168476,0.8799999999999999,False,False
ENSG00000168481,0.0,True,True
ENSG00000168484,0.0,True,True
ENSG00000168487,0.08,False,True
ENSG00000168488,4.015,False,False
ENSG00000168491,0.0,True,True
ENSG00000168495,7.055,True,False
ENSG00000168496,40.225,False,False
ENSG00000168497,14.755,True,False
ENSG00000168502,0.315,True,False
ENSG00000168505,0.01,True,True
ENSG00000168509,0.595,False,False
ENSG00000168517,0.0,True,True
ENSG00000168528,0.01,True,True
ENSG00000168538,7.39,False,False
ENSG00000168539,0.0,True,True
ENSG00000168556,2.215,True,False
ENSG00000168564,4.08,True,False
ENSG00000168566,4.335,True,False
ENSG00000168569,5.375,True,False
ENSG00000168575,3.05,False,False
ENSG00000168589,0.0,True,True
ENSG00000168591,3.66,True,False
ENSG00000168594,0.0,False,True
ENSG00000168610,108.33,False,False
ENSG00000168612,1.65,False,False
ENSG00000168615,8.2,False,False
ENSG00000168646,0.185,True,False
ENSG00000168653,1927.01,False,False
ENSG00000168658,0.0,True,True
ENSG00000168661,5.845000000000001,True,False
ENSG00000168672,0.01,True,True
ENSG00000168675,0.06,False,True
ENSG00000168676,0.03,True,True
ENSG00000168701,185.22,False,False
ENSG00000168710,18.055,False,False
ENSG00000168724,19.240000000000002,False,False
ENSG00000168734,0.21000000000000002,True,False
ENSG00000168748,0.0,True,True
ENSG00000168758,0.265,True,False
ENSG00000168763,0.935,False,False
ENSG00000168765,23.674999999999997,False,False
ENSG00000168769,0.78,True,False
ENSG00000168772,0.0,True,True
ENSG00000168778,0.49,True,False
ENSG00000168779,0.35,True,False
ENSG00000168785,0.405,False,False
ENSG00000168792,0.54,True,False
ENSG00000168795,1.585,False,False
ENSG00000168802,12.085,False,False
ENSG00000168803,11.765,False,False
ENSG00000168806,1.835,False,False
ENSG00000168807,1.12,True,False
ENSG00000168811,0.0,False,True
ENSG00000168813,1.865,True,False
ENSG00000168818,4.055,False,False
ENSG00000168824,0.0,False,True
ENSG00000168826,0.32499999999999996,True,False
ENSG00000168827,28.445,False,False
ENSG00000168872,17.67,False,False
ENSG00000168874,0.0,False,True
ENSG00000168876,20.095,True,False
ENSG00000168883,47.585,True,False
ENSG00000168884,0.555,False,False
ENSG00000168887,21.445,False,False
ENSG00000168890,2.84,True,False
ENSG00000168894,346.29499999999996,False,False
ENSG00000168899,1.435,False,False
ENSG00000168904,5.84,True,False
ENSG00000168906,79.71000000000001,False,False
ENSG00000168913,0.0,True,True
ENSG00000168917,1.83,True,False
ENSG00000168918,0.47500000000000003,True,False
ENSG00000168924,3.135,False,False
ENSG00000168936,0.19,False,False
ENSG00000168938,1.7650000000000001,True,False
ENSG00000168939,0.030000000000000002,False,True
ENSG00000168944,2.105,False,False
ENSG00000168952,0.585,True,False
ENSG00000168958,7.484999999999999,True,False
ENSG00000168970,0.065,True,True
ENSG00000168993,0.01,True,True
ENSG00000168994,0.0,True,True
ENSG00000169016,9.79,False,False
ENSG00000169018,4.234999999999999,False,False
ENSG00000169019,29.96,True,False
ENSG00000169020,1877.6550000000002,False,False
ENSG00000169021,7.92,False,False
ENSG00000169032,5.725,False,False
ENSG00000169045,89.625,True,False
ENSG00000169047,0.0,True,True
ENSG00000169062,11.21,False,False
ENSG00000169071,4.205,True,False
ENSG00000169084,0.415,True,False
ENSG00000169087,1.31,True,False
ENSG00000169093,0.365,True,False
ENSG00000169100,19.03,False,False
ENSG00000169105,1.135,True,False
ENSG00000169118,2.995,False,False
ENSG00000169131,0.35000000000000003,True,False
ENSG00000169136,3.735,True,False
ENSG00000169139,227.15,True,False
ENSG00000169155,3.45,True,False
ENSG00000169174,2.56,True,False
ENSG00000169180,8.73,False,False
ENSG00000169181,0.0,False,True
ENSG00000169188,12.51,False,False
ENSG00000169189,106.655,False,False
ENSG00000169193,10.645,True,False
ENSG00000169213,0.095,True,True
ENSG00000169217,2.815,True,False
ENSG00000169218,0.0,False,True
ENSG00000169221,1.78,False,False
ENSG00000169223,2.145,False,False
ENSG00000169228,10.195,False,False
ENSG00000169230,30.195,False,False
ENSG00000169231,0.67,True,False
ENSG00000169241,76.025,False,False
ENSG00000169242,2.13,True,False
ENSG00000169249,4.09,True,False
ENSG00000169251,82.105,True,False
ENSG00000169252,0.0,False,True
ENSG00000169255,0.465,True,False
ENSG00000169258,0.10500000000000001,True,False
ENSG00000169288,46.095,False,False
ENSG00000169291,0.0,False,True
ENSG00000169299,10.965,False,False
ENSG00000169314,0.005,False,True
ENSG00000169359,4.625,False,False
ENSG00000169371,43.735,False,False
ENSG00000169372,16.21,True,False
ENSG00000169375,6.01,False,False
ENSG00000169379,3.24,False,False
ENSG00000169398,10.26,True,False
ENSG00000169410,3.3600000000000003,False,False
ENSG00000169418,0.0,False,True
ENSG00000169427,0.09,True,True
ENSG00000169435,0.0,True,True
ENSG00000169439,0.355,True,False
ENSG00000169442,253.075,False,False
ENSG00000169446,12.735,False,False
ENSG00000169490,19.525,False,False
ENSG00000169499,1.665,False,False
ENSG00000169504,9.43,False,False
ENSG00000169508,6.525,True,False
ENSG00000169509,0.0,False,True
ENSG00000169519,13.77,False,False
ENSG00000169554,20.630000000000003,True,False
ENSG00000169564,14.215,False,False
ENSG00000169570,0.625,True,False
ENSG00000169583,0.0,True,True
ENSG00000169592,0.25,False,False
ENSG00000169598,1.995,True,False
ENSG00000169599,23.805,False,False
ENSG00000169604,0.1,True,False
ENSG00000169607,8.585,True,False
ENSG00000169609,35.144999999999996,True,False
ENSG00000169612,74.07,True,False
ENSG00000169618,0.02,True,True
ENSG00000169621,0.10500000000000001,False,False
ENSG00000169635,1.69,True,False
ENSG00000169641,7.08,True,False
ENSG00000169660,0.655,True,False
ENSG00000169679,42.760000000000005,False,False
ENSG00000169682,0.39,False,False
ENSG00000169683,0.015,True,True
ENSG00000169684,2.455,True,False
ENSG00000169689,28.205,False,False
ENSG00000169692,0.07,False,True
ENSG00000169696,0.73,False,False
ENSG00000169710,0.23,False,False
ENSG00000169714,450.175,False,False
ENSG00000169715,0.17,True,False
ENSG00000169718,5.57,False,False
ENSG00000169727,3.16,False,False
ENSG00000169733,0.21000000000000002,False,False
ENSG00000169738,17.965,False,False
ENSG00000169740,13.48,True,False
ENSG00000169750,0.285,False,False
ENSG00000169752,1.345,True,False
ENSG00000169756,47.91,False,False
ENSG00000169758,0.005,True,True
ENSG00000169760,0.0,True,True
ENSG00000169762,1.0899999999999999,False,False
ENSG00000169764,36.14,False,False
ENSG00000169783,0.045,True,True
ENSG00000169813,133.505,False,False
ENSG00000169814,17.61,True,False
ENSG00000169826,1.02,True,False
ENSG00000169840,0.0,False,True
ENSG00000169856,0.0,True,True
ENSG00000169860,3.575,True,False
ENSG00000169871,1.92,True,False
ENSG00000169884,0.18,True,False
ENSG00000169891,0.0,True,True
ENSG00000169895,4.42,True,False
ENSG00000169900,0.0,True,True
ENSG00000169902,0.125,True,False
ENSG00000169905,20.65,False,False
ENSG00000169914,1.8,True,False
ENSG00000169918,0.0,True,True
ENSG00000169919,14.2,False,False
ENSG00000169925,0.615,False,False
ENSG00000169926,1.81,True,False
ENSG00000169946,1.7149999999999999,True,False
ENSG00000169951,0.505,True,False
ENSG00000169955,0.08,True,True
ENSG00000169957,0.07,False,True
ENSG00000169967,1.78,True,False
ENSG00000169972,0.57,False,False
ENSG00000169976,739.47,False,False
ENSG00000169981,9.17,True,False
ENSG00000169989,0.060000000000000005,True,True
ENSG00000169991,0.005,True,True
ENSG00000169992,0.10500000000000001,True,False
ENSG00000170004,0.455,False,False
ENSG00000170006,0.36,True,False
ENSG00000170011,0.01,True,True
ENSG00000170027,21.53,False,False
ENSG00000170037,1.5,False,False
ENSG00000170043,22.909999999999997,False,False
ENSG00000170049,0.1,True,False
ENSG00000170088,2.84,False,False
ENSG00000170089,33.685,False,False
ENSG00000170100,0.42000000000000004,True,False
ENSG00000170142,44.35,False,False
ENSG00000170144,124.875,True,False
ENSG00000170145,0.55,True,False
ENSG00000170166,0.0,False,True
ENSG00000170175,4.75,True,False
ENSG00000170178,0.0,True,True
ENSG00000170185,2.95,False,False
ENSG00000170190,0.035,True,True
ENSG00000170191,4.02,True,False
ENSG00000170222,11.129999999999999,True,False
ENSG00000170231,0.26,True,False
ENSG00000170234,2.1799999999999997,True,False
ENSG00000170242,10.275,False,False
ENSG00000170248,23.56,False,False
ENSG00000170260,1.26,True,False
ENSG00000170264,0.335,True,False
ENSG00000170265,0.575,False,False
ENSG00000170266,54.86,False,False
ENSG00000170270,17.16,True,False
ENSG00000170271,1.725,True,False
ENSG00000170275,6.41,True,False
ENSG00000170276,0.02,True,True
ENSG00000170291,38.864999999999995,False,False
ENSG00000170293,0.0,False,True
ENSG00000170296,177.495,False,False
ENSG00000170310,27.229999999999997,True,False
ENSG00000170312,460.91499999999996,False,False
ENSG00000170315,2864.4350000000004,True,False
ENSG00000170322,7.66,False,False
ENSG00000170325,0.645,False,False
ENSG00000170340,4.705,False,False
ENSG00000170345,0.56,True,False
ENSG00000170348,159.45,True,False
ENSG00000170364,4.555,True,False
ENSG00000170365,0.015,True,True
ENSG00000170370,0.0,True,True
ENSG00000170374,0.005,False,True
ENSG00000170385,2.6900000000000004,False,False
ENSG00000170390,0.0,True,True
ENSG00000170396,0.37,True,False
ENSG00000170409,0.0,True,True
ENSG00000170417,7.47,True,False
ENSG00000170419,0.0,False,True
ENSG00000170421,28.15,True,False
ENSG00000170425,5.16,True,False
ENSG00000170442,0.0,True,True
ENSG00000170445,10.280000000000001,False,False
ENSG00000170448,5.33,False,False
ENSG00000170456,0.595,True,False
ENSG00000170468,1.75,False,False
ENSG00000170469,4.62,True,False
ENSG00000170471,2.53,False,False
ENSG00000170473,22.54,False,False
ENSG00000170482,0.065,True,True
ENSG00000170486,0.0,False,True
ENSG00000170500,0.24,True,False
ENSG00000170502,5.23,False,False
ENSG00000170515,156.065,False,False
ENSG00000170522,21.490000000000002,False,False
ENSG00000170523,0.0,False,True
ENSG00000170525,0.335,True,False
ENSG00000170537,0.034999999999999996,True,True
ENSG00000170540,258.255,False,False
ENSG00000170542,12.725,True,False
ENSG00000170545,19.145,True,False
ENSG00000170581,9.245000000000001,False,False
ENSG00000170584,10.530000000000001,False,False
ENSG00000170604,0.35,False,False
ENSG00000170606,62.59,False,False
ENSG00000170608,0.87,True,False
ENSG00000170615,0.0,True,True
ENSG00000170619,2.825,True,False
ENSG00000170627,941.435,True,False
ENSG00000170631,2.355,True,False
ENSG00000170632,12.265,False,False
ENSG00000170633,41.81,False,False
ENSG00000170634,1.54,True,False
ENSG00000170638,0.095,False,True
ENSG00000170653,19.95,False,False
ENSG00000170677,1.5350000000000001,True,False
ENSG00000170684,0.0,True,True
ENSG00000170689,3.955,True,False
ENSG00000170703,0.03,True,True
ENSG00000170734,3.62,False,False
ENSG00000170745,0.005,False,True
ENSG00000170759,15.895,False,False
ENSG00000170775,0.01,False,True
ENSG00000170776,0.175,True,False
ENSG00000170779,4.765,False,False
ENSG00000170788,0.0,False,True
ENSG00000170791,59.81999999999999,True,False
ENSG00000170802,15.260000000000002,False,False
ENSG00000170836,1.595,True,False
ENSG00000170852,13.379999999999999,False,False
ENSG00000170854,23.685000000000002,False,False
ENSG00000170855,250.195,False,False
ENSG00000170860,147.505,True,False
ENSG00000170871,2.025,False,False
ENSG00000170876,12.864999999999998,False,False
ENSG00000170881,6.539999999999999,True,False
ENSG00000170889,356.575,False,False
ENSG00000170890,0.0,True,True
ENSG00000170892,1.8199999999999998,False,False
ENSG00000170893,0.0,False,True
ENSG00000170899,1.88,False,False
ENSG00000170903,3.13,True,False
ENSG00000170906,195.02499999999998,False,False
ENSG00000170909,0.005,False,True
ENSG00000170915,0.905,True,False
ENSG00000170917,12.89,True,False
ENSG00000170919,0.375,True,False
ENSG00000170921,0.5349999999999999,True,False
ENSG00000170935,0.0,False,True
ENSG00000170946,8.52,False,False
ENSG00000170948,0.0,True,True
ENSG00000170949,2.35,False,False
ENSG00000170959,0.015,False,True
ENSG00000170989,0.18,True,False
ENSG00000171016,0.0,True,True
ENSG00000171033,0.0,True,True
ENSG00000171045,0.005,True,True
ENSG00000171067,1.47,False,False
ENSG00000171084,0.865,True,False
ENSG00000171094,0.0,False,True
ENSG00000171097,5.36,True,False
ENSG00000171100,3.33,True,False
ENSG00000171102,0.0,False,True
ENSG00000171103,14.745000000000001,True,False
ENSG00000171105,0.045,True,True
ENSG00000171109,6.265000000000001,False,False
ENSG00000171115,0.0,True,True
ENSG00000171126,0.0,True,True
ENSG00000171130,0.43,False,False
ENSG00000171132,0.0,True,True
ENSG00000171135,23.28,False,False
ENSG00000171148,3.06,False,False
ENSG00000171150,1.16,True,False
ENSG00000171155,33.07,True,False
ENSG00000171159,4.775,False,False
ENSG00000171160,7.175,True,False
ENSG00000171161,1.655,False,False
ENSG00000171163,5.460000000000001,False,False
ENSG00000171169,3.9699999999999998,False,False
ENSG00000171174,0.08,False,True
ENSG00000171202,113.175,True,False
ENSG00000171204,161.32,False,False
ENSG00000171206,2.455,False,False
ENSG00000171208,2.885,False,False
ENSG00000171219,0.105,False,False
ENSG00000171223,0.3,False,False
ENSG00000171224,1.1949999999999998,False,False
ENSG00000171227,0.015,False,True
ENSG00000171236,1.245,False,False
ENSG00000171241,4.43,False,False
ENSG00000171246,0.0,True,True
ENSG00000171262,2.5,True,False
ENSG00000171295,3.44,False,False
ENSG00000171298,0.07,True,True
ENSG00000171302,2.185,False,False
ENSG00000171307,9.825,False,False
ENSG00000171310,1.58,False,False
ENSG00000171311,79.435,False,False
ENSG00000171314,32.980000000000004,False,False
ENSG00000171316,7.35,False,False
ENSG00000171320,16.259999999999998,False,False
ENSG00000171345,14.36,True,False
ENSG00000171357,0.04,False,True
ENSG00000171365,0.7350000000000001,True,False
ENSG00000171368,0.0,False,True
ENSG00000171385,0.0,True,True
ENSG00000171388,0.0,True,True
ENSG00000171421,426.22,False,False
ENSG00000171425,2.425,False,False
ENSG00000171431,0.0,False,True
ENSG00000171435,0.0,True,True
ENSG00000171443,0.075,True,True
ENSG00000171444,0.095,False,True
ENSG00000171448,1.4449999999999998,True,False
ENSG00000171450,0.0,True,True
ENSG00000171451,0.0,False,True
ENSG00000171453,261.18,True,False
ENSG00000171456,5.05,False,False
ENSG00000171462,0.01,True,True
ENSG00000171466,7.8,False,False
ENSG00000171467,2.185,False,False
ENSG00000171469,12.280000000000001,False,False
ENSG00000171475,3.125,True,False
ENSG00000171488,0.58,True,False
ENSG00000171489,0.015,False,True
ENSG00000171490,236.68,False,False
ENSG00000171492,2.075,False,False
ENSG00000171497,37.485,False,False
ENSG00000171502,0.01,True,True
ENSG00000171503,10.585,False,False
ENSG00000171522,0.0,True,True
ENSG00000171533,0.0,False,True
ENSG00000171552,2.7,False,False
ENSG00000171566,135.085,False,False
ENSG00000171570,0.0,True,True
ENSG00000171574,4.805,True,False
ENSG00000171595,0.0,False,True
ENSG00000171603,0.9950000000000001,False,False
ENSG00000171604,1.415,False,False
ENSG00000171606,3.68,False,False
ENSG00000171612,2.245,False,False
ENSG00000171617,0.21500000000000002,True,False
ENSG00000171621,0.0,False,True
ENSG00000171634,15.98,False,False
ENSG00000171649,0.015,True,True
ENSG00000171681,1.705,False,False
ENSG00000171695,0.0,True,True
ENSG00000171700,0.22999999999999998,True,False
ENSG00000171703,0.9950000000000001,True,False
ENSG00000171720,63.72,False,False
ENSG00000171723,6.17,False,False
ENSG00000171729,0.04,False,True
ENSG00000171735,54.17,False,False
ENSG00000171763,3.2,False,False
ENSG00000171766,0.345,True,False
ENSG00000171777,0.255,True,False
ENSG00000171791,0.19,True,False
ENSG00000171792,13.99,False,False
ENSG00000171793,48.22,False,False
ENSG00000171804,0.0,False,True
ENSG00000171806,23.425,True,False
ENSG00000171813,0.02,False,True
ENSG00000171817,0.265,True,False
ENSG00000171823,0.1,True,False
ENSG00000171824,16.79,False,False
ENSG00000171827,0.29500000000000004,True,False
ENSG00000171843,0.145,True,False
ENSG00000171847,0.005,False,True
ENSG00000171848,33.695,False,False
ENSG00000171853,7.615,False,False
ENSG00000171858,2936.9449999999997,False,False
ENSG00000171861,1.835,False,False
ENSG00000171862,8.85,False,False
ENSG00000171863,2185.135,False,False
ENSG00000171865,19.83,False,False
ENSG00000171867,5.74,True,False
ENSG00000171877,0.33,True,False
ENSG00000171914,0.12000000000000001,False,False
ENSG00000171928,34.980000000000004,False,False
ENSG00000171940,4.87,False,False
ENSG00000171943,4.24,True,False
ENSG00000171953,1.9,False,False
ENSG00000171956,0.0,False,True
ENSG00000171960,153.625,False,False
ENSG00000171962,0.25,False,False
ENSG00000171970,2.875,True,False
ENSG00000171984,16.01,True,False
ENSG00000171988,22.595,True,False
ENSG00000171989,0.0,True,True
ENSG00000172005,0.0,True,True
ENSG00000172006,0.065,True,True
ENSG00000172007,2.27,True,False
ENSG00000172009,0.9950000000000001,False,False
ENSG00000172031,0.0,False,True
ENSG00000172046,0.255,False,False
ENSG00000172053,155.105,False,False
ENSG00000172057,2.775,False,False
ENSG00000172059,2.23,True,False
ENSG00000172061,0.0,False,True
ENSG00000172071,0.995,True,False
ENSG00000172081,0.74,False,False
ENSG00000172113,51.62,False,False
ENSG00000172115,931.7850000000001,False,False
ENSG00000172159,0.2,True,False
ENSG00000172167,5.73,True,False
ENSG00000172171,40.995,True,False
ENSG00000172172,349.79,False,False
ENSG00000172175,0.235,True,False
ENSG00000172197,0.055,False,True
ENSG00000172216,0.84,True,False
ENSG00000172239,39.215,False,False
ENSG00000172244,13.605,False,False
ENSG00000172247,0.0,False,True
ENSG00000172250,1.615,True,False
ENSG00000172262,18.395,False,False
ENSG00000172269,71.85,False,False
ENSG00000172270,4.775,True,False
ENSG00000172273,15.035,True,False
ENSG00000172292,1.05,True,False
ENSG00000172301,8.440000000000001,True,False
ENSG00000172315,1.875,True,False
ENSG00000172318,0.5700000000000001,True,False
ENSG00000172322,0.0,True,True
ENSG00000172331,20.979999999999997,True,False
ENSG00000172336,9.405000000000001,False,False
ENSG00000172339,10.46,True,False
ENSG00000172340,8.504999999999999,False,False
ENSG00000172345,0.88,True,False
ENSG00000172346,0.0,True,True
ENSG00000172350,0.0,True,True
ENSG00000172354,0.6900000000000001,False,False
ENSG00000172361,0.14500000000000002,True,False
ENSG00000172366,0.865,False,False
ENSG00000172375,0.55,False,False
ENSG00000172379,0.0,False,True
ENSG00000172380,1.645,False,False
ENSG00000172382,0.005,True,True
ENSG00000172409,29.700000000000003,True,False
ENSG00000172428,71.07,True,False
ENSG00000172432,32.495,False,False
ENSG00000172456,8.01,True,False
ENSG00000172458,0.37,True,False
ENSG00000172460,0.0,True,True
ENSG00000172465,2.955,True,False
ENSG00000172466,43.595,False,False
ENSG00000172469,5.205,True,False
ENSG00000172493,6.305,False,False
ENSG00000172500,31.630000000000003,False,False
ENSG00000172530,3.4699999999999998,False,False
ENSG00000172531,15.56,True,False
ENSG00000172534,7.220000000000001,False,False
ENSG00000172548,0.0,True,True
ENSG00000172575,0.135,True,False
ENSG00000172578,0.1,True,False
ENSG00000172586,76.935,False,False
ENSG00000172590,39.64,False,False
ENSG00000172594,0.10500000000000001,True,False
ENSG00000172602,0.005,True,True
ENSG00000172613,0.88,False,False
ENSG00000172638,0.005,True,True
ENSG00000172661,2.16,False,False
ENSG00000172663,0.5650000000000001,True,False
ENSG00000172667,0.7649999999999999,False,False
ENSG00000172671,0.365,True,False
ENSG00000172680,0.0,False,True
ENSG00000172687,5.835,True,False
ENSG00000172725,0.385,False,False
ENSG00000172728,11.614999999999998,False,False
ENSG00000172731,1.4449999999999998,True,False
ENSG00000172732,9.715,False,False
ENSG00000172733,0.045,True,True
ENSG00000172738,1.245,True,False
ENSG00000172748,0.74,True,False
ENSG00000172752,0.7150000000000001,True,False
ENSG00000172757,74.495,False,False
ENSG00000172765,0.755,True,False
ENSG00000172766,2.145,False,False
ENSG00000172771,0.06,True,True
ENSG00000172775,45.785,False,False
ENSG00000172780,0.035,True,True
ENSG00000172782,0.0,True,True
ENSG00000172795,24.189999999999998,False,False
ENSG00000172809,2074.68,False,False
ENSG00000172817,0.0,True,True
ENSG00000172819,0.16999999999999998,True,False
ENSG00000172831,1.395,False,False
ENSG00000172840,2.21,False,False
ENSG00000172845,7.8100000000000005,False,False
ENSG00000172878,5.720000000000001,True,False
ENSG00000172888,3.375,False,False
ENSG00000172890,8.83,False,False
ENSG00000172893,5.95,False,False
ENSG00000172901,1.525,False,False
ENSG00000172915,0.0,True,True
ENSG00000172922,3.985,True,False
ENSG00000172932,0.75,False,False
ENSG00000172935,0.0,True,True
ENSG00000172936,27.015,False,False
ENSG00000172939,9.805,False,False
ENSG00000172954,42.095,False,False
ENSG00000172965,191.565,True,False
ENSG00000172977,3.315,False,False
ENSG00000172986,1.105,True,False
ENSG00000172992,6.1850000000000005,False,False
ENSG00000173011,0.45,True,False
ENSG00000173013,0.01,False,True
ENSG00000173020,0.655,False,False
ENSG00000173039,4.225,False,False
ENSG00000173040,0.035,True,True
ENSG00000173041,7.4,True,False
ENSG00000173064,3.15,False,False
ENSG00000173065,4.3500000000000005,False,False
ENSG00000173080,0.0,False,True
ENSG00000173083,0.005,False,True
ENSG00000173085,1.9050000000000002,True,False
ENSG00000173093,0.0,False,True
ENSG00000173110,0.135,True,False
ENSG00000173113,312.06,False,False
ENSG00000173120,5.3149999999999995,False,False
ENSG00000173137,0.035,True,True
ENSG00000173141,5.555,True,False
ENSG00000173145,23.135,False,False
ENSG00000173153,0.32999999999999996,False,False
ENSG00000173163,53.644999999999996,True,False
ENSG00000173166,0.16999999999999998,True,False
ENSG00000173171,26.634999999999998,False,False
ENSG00000173175,0.0,True,True
ENSG00000173193,4.04,False,False
ENSG00000173207,763.79,False,False
ENSG00000173208,0.03,True,True
ENSG00000173209,4.83,True,False
ENSG00000173214,0.175,True,False
ENSG00000173218,0.785,True,False
ENSG00000173221,8.615,True,False
ENSG00000173226,12.440000000000001,False,False
ENSG00000173230,2.785,False,False
ENSG00000173264,0.3,False,False
ENSG00000173272,4.5600000000000005,False,False
ENSG00000173273,2.005,False,False
ENSG00000173275,1.075,True,False
ENSG00000173276,1.32,False,False
ENSG00000173281,0.49,True,False
ENSG00000173295,0.655,True,False
ENSG00000173302,0.0,False,True
ENSG00000173327,1.105,False,False
ENSG00000173334,2.5949999999999998,True,False
ENSG00000173349,0.0,True,True
ENSG00000173402,0.25,True,False
ENSG00000173406,0.0,False,True
ENSG00000173409,45.955,False,False
ENSG00000173418,252.54999999999998,False,False
ENSG00000173432,0.0,True,True
ENSG00000173436,881.03,False,False
ENSG00000173442,0.165,False,False
ENSG00000173451,12.030000000000001,True,False
ENSG00000173456,5.755,False,False
ENSG00000173457,6.154999999999999,False,False
ENSG00000173464,0.14500000000000002,False,False
ENSG00000173465,27.34,False,False
ENSG00000173473,23.985,False,False
ENSG00000173480,0.3,True,False
ENSG00000173482,0.0,False,True
ENSG00000173486,2.795,False,False
ENSG00000173511,7.6049999999999995,False,False
ENSG00000173517,0.855,False,False
ENSG00000173530,0.04,True,True
ENSG00000173531,0.095,True,True
ENSG00000173535,0.0,True,True
ENSG00000173540,0.52,True,False
ENSG00000173542,5.82,False,False
ENSG00000173545,6.744999999999999,True,False
ENSG00000173548,1.12,True,False
ENSG00000173557,0.0,False,True
ENSG00000173559,8.76,False,False
ENSG00000173567,0.0,False,True
ENSG00000173575,34.205,False,False
ENSG00000173581,0.14500000000000002,True,False
ENSG00000173588,4.215,True,False
ENSG00000173598,38.455,False,False
ENSG00000173599,0.61,True,False
ENSG00000173611,0.61,True,False
ENSG00000173614,8.325,True,False
ENSG00000173621,0.07,False,True
ENSG00000173653,0.805,False,False
ENSG00000173660,3737.92,False,False
ENSG00000173662,0.0,False,True
ENSG00000173673,0.0,False,True
ENSG00000173674,39.485,False,False
ENSG00000173681,0.515,True,False
ENSG00000173692,79.09,False,False
ENSG00000173706,0.0,True,True
ENSG00000173715,0.27,False,False
ENSG00000173726,51.82,False,False
ENSG00000173727,52.980000000000004,True,False
ENSG00000173728,3.295,False,False
ENSG00000173744,7.77,False,False
ENSG00000173757,13.825,False,False
ENSG00000173786,1.1099999999999999,False,False
ENSG00000173801,6.355,True,False
ENSG00000173805,0.0,True,True
ENSG00000173812,763.39,True,False
ENSG00000173818,0.6699999999999999,True,False
ENSG00000173821,4.495,False,False
ENSG00000173825,0.04,False,True
ENSG00000173838,0.0,True,True
ENSG00000173846,0.625,True,False
ENSG00000173848,37.335,True,False
ENSG00000173852,2.485,False,False
ENSG00000173867,0.9450000000000001,True,False
ENSG00000173868,0.0,True,True
ENSG00000173875,4.725,False,False
ENSG00000173889,3.41,False,False
ENSG00000173890,0.885,False,False
ENSG00000173894,0.475,True,False
ENSG00000173898,0.245,True,False
ENSG00000173905,7.789999999999999,False,False
ENSG00000173914,19.655,True,False
ENSG00000173915,1365.685,False,False
ENSG00000173917,1.57,True,False
ENSG00000173918,0.0,False,True
ENSG00000173926,3.785,False,False
ENSG00000173928,0.085,True,True
ENSG00000173930,0.0,False,True
ENSG00000173933,158.14999999999998,False,False
ENSG00000173947,0.0,False,True
ENSG00000173950,1.585,False,False
ENSG00000173960,2.205,True,False
ENSG00000173988,0.20500000000000002,False,False
ENSG00000173991,0.005,True,True
ENSG00000173992,1.03,False,False
ENSG00000174004,0.15,True,False
ENSG00000174007,2.3,False,False
ENSG00000174010,1.93,False,False
ENSG00000174013,9.83,False,False
ENSG00000174021,199.59,True,False
ENSG00000174032,1.13,True,False
ENSG00000174080,0.18,True,False
ENSG00000174099,0.0,False,True
ENSG00000174106,4.515000000000001,True,False
ENSG00000174109,1.12,True,False
ENSG00000174125,0.19999999999999998,True,False
ENSG00000174130,0.125,True,False
ENSG00000174132,0.28,True,False
ENSG00000174136,0.03,True,True
ENSG00000174137,0.01,False,True
ENSG00000174151,0.49,True,False
ENSG00000174165,0.43000000000000005,True,False
ENSG00000174173,74.735,True,False
ENSG00000174177,1.11,False,False
ENSG00000174206,1.545,True,False
ENSG00000174227,5.23,False,False
ENSG00000174231,83.33,False,False
ENSG00000174233,0.005,False,True
ENSG00000174238,5.355,False,False
ENSG00000174243,22.17,False,False
ENSG00000174276,0.065,False,True
ENSG00000174282,0.735,True,False
ENSG00000174292,0.21999999999999997,True,False
ENSG00000174306,0.635,True,False
ENSG00000174327,0.095,True,True
ENSG00000174332,0.0,False,True
ENSG00000174348,0.0,False,True
ENSG00000174353,40.615,False,False
ENSG00000174365,5.13,True,False
ENSG00000174370,0.0,True,True
ENSG00000174371,20.61,False,False
ENSG00000174373,1.8599999999999999,False,False
ENSG00000174405,0.845,True,False
ENSG00000174428,0.925,True,False
ENSG00000174437,3.545,False,False
ENSG00000174442,58.83,False,False
ENSG00000174446,101.5,False,False
ENSG00000174448,0.07500000000000001,False,True
ENSG00000174460,0.0,True,True
ENSG00000174483,7.5,False,False
ENSG00000174485,4.185,False,False
ENSG00000174498,0.0,True,True
ENSG00000174501,7.69,False,False
ENSG00000174514,0.28,False,False
ENSG00000174516,0.21000000000000002,True,False
ENSG00000174521,0.01,True,True
ENSG00000174547,24.575000000000003,False,False
ENSG00000174562,0.0,False,True
ENSG00000174574,8.32,False,False
ENSG00000174579,1.4849999999999999,True,False
ENSG00000174586,0.02,True,True
ENSG00000174600,0.055,True,True
ENSG00000174606,7.19,True,False
ENSG00000174607,3.79,True,False
ENSG00000174628,7.1850000000000005,True,False
ENSG00000174652,3.155,False,False
ENSG00000174669,2.0949999999999998,False,False
ENSG00000174672,0.0,True,True
ENSG00000174684,0.52,True,False
ENSG00000174695,328.7,False,False
ENSG00000174705,0.04,True,True
ENSG00000174718,14.795,False,False
ENSG00000174720,36.525,False,False
ENSG00000174721,0.395,True,False
ENSG00000174738,0.7649999999999999,True,False
ENSG00000174744,2.11,False,False
ENSG00000174748,6269.805,False,False
ENSG00000174749,1.3599999999999999,False,False
ENSG00000174775,2.0300000000000002,False,False
ENSG00000174780,186.98000000000002,False,False
ENSG00000174792,0.0,False,True
ENSG00000174796,10.48,False,False
ENSG00000174799,2.015,True,False
ENSG00000174804,0.9099999999999999,True,False
ENSG00000174808,0.0,False,True
ENSG00000174839,1.0,False,False
ENSG00000174840,5.4,True,False
ENSG00000174842,14.02,True,False
ENSG00000174851,8.16,False,False
ENSG00000174885,0.0,True,True
ENSG00000174886,182.535,False,False
ENSG00000174891,63.489999999999995,True,False
ENSG00000174898,0.0,False,True
ENSG00000174903,11.525,False,False
ENSG00000174915,0.33999999999999997,False,False
ENSG00000174917,11.585,False,False
ENSG00000174928,2.98,False,False
ENSG00000174938,0.115,True,False
ENSG00000174939,0.0,True,True
ENSG00000174943,1.37,True,False
ENSG00000174953,33.480000000000004,False,False
ENSG00000174989,0.365,True,False
ENSG00000174996,0.13,False,False
ENSG00000175040,2.46,True,False
ENSG00000175048,0.735,True,False
ENSG00000175054,11.82,False,False
ENSG00000175061,457.21000000000004,False,False
ENSG00000175063,0.4,True,False
ENSG00000175066,1.47,True,False
ENSG00000175073,2.54,True,False
ENSG00000175087,12.94,False,False
ENSG00000175104,1.495,False,False
ENSG00000175105,1.605,True,False
ENSG00000175115,0.18,False,False
ENSG00000175130,10.635,False,False
ENSG00000175137,2.04,False,False
ENSG00000175147,0.0,False,True
ENSG00000175155,0.06,False,True
ENSG00000175161,0.05,True,True
ENSG00000175166,110.37,False,False
ENSG00000175175,0.74,True,False
ENSG00000175182,0.615,True,False
ENSG00000175183,3.11,True,False
ENSG00000175193,30.43,False,False
ENSG00000175197,167.275,False,False
ENSG00000175198,3.5700000000000003,True,False
ENSG00000175202,0.005,False,True
ENSG00000175203,30.555,False,False
ENSG00000175213,0.19,True,False
ENSG00000175215,13.785,False,False
ENSG00000175216,35.975,False,False
ENSG00000175220,4.16,False,False
ENSG00000175221,0.865,False,False
ENSG00000175224,8.485,False,False
ENSG00000175264,0.165,False,False
ENSG00000175265,7.35,True,False
ENSG00000175279,8.184999999999999,True,False
ENSG00000175283,2.0949999999999998,False,False
ENSG00000175305,18.03,True,False
ENSG00000175309,3.0,True,False
ENSG00000175322,3.41,True,False
ENSG00000175324,71.87,False,False
ENSG00000175329,0.02,False,True
ENSG00000175334,455.095,False,False
ENSG00000175336,0.165,False,False
ENSG00000175348,5.32,True,False
ENSG00000175352,4.145,True,False
ENSG00000175376,46.215,False,False
ENSG00000175387,7.34,False,False
ENSG00000175395,0.33999999999999997,True,False
ENSG00000175416,1.7750000000000001,False,False
ENSG00000175449,352.765,False,False
ENSG00000175455,12.675,False,False
ENSG00000175463,0.0,True,True
ENSG00000175467,4.17,False,False
ENSG00000175470,2.245,False,False
ENSG00000175471,0.765,False,False
ENSG00000175482,3.4349999999999996,False,False
ENSG00000175489,0.0,True,True
ENSG00000175505,0.61,False,False
ENSG00000175520,0.0,True,True
ENSG00000175536,0.59,True,False
ENSG00000175548,0.45999999999999996,True,False
ENSG00000175550,7.234999999999999,False,False
ENSG00000175556,1.075,True,False
ENSG00000175567,71.8,False,False
ENSG00000175573,2.83,False,False
ENSG00000175575,45.045,False,False
ENSG00000175581,152.21499999999997,False,False
ENSG00000175582,9.835,False,False
ENSG00000175592,2.955,True,False
ENSG00000175595,5.905,True,False
ENSG00000175600,0.7749999999999999,True,False
ENSG00000175602,0.12000000000000001,False,False
ENSG00000175604,0.005,False,True
ENSG00000175606,10.385,False,False
ENSG00000175611,0.7150000000000001,True,False
ENSG00000175634,0.73,False,False
ENSG00000175662,0.1,True,False
ENSG00000175691,2.435,True,False
ENSG00000175697,0.0,True,True
ENSG00000175707,0.28500000000000003,True,False
ENSG00000175711,4.22,True,False
ENSG00000175727,2.715,True,False
ENSG00000175745,0.0,True,True
ENSG00000175756,6.46,False,False
ENSG00000175764,0.9,True,False
ENSG00000175766,0.0,True,True
ENSG00000175768,1338.685,False,False
ENSG00000175773,0.04,False,True
ENSG00000175782,2.29,True,False
ENSG00000175787,1.1099999999999999,True,False
ENSG00000175792,15.184999999999999,False,False
ENSG00000175793,0.115,False,False
ENSG00000175806,0.53,True,False
ENSG00000175826,9.22,False,False
ENSG00000175854,59.010000000000005,False,False
ENSG00000175866,1.47,True,False
ENSG00000175879,0.0,True,True
ENSG00000175893,0.14500000000000002,True,False
ENSG00000175894,0.0,False,True
ENSG00000175895,6.49,False,False
ENSG00000175906,0.005,False,True
ENSG00000175931,1.1400000000000001,False,False
ENSG00000175938,3.42,False,False
ENSG00000175970,2.55,False,False
ENSG00000175984,0.02,False,True
ENSG00000176014,33.53,False,False
ENSG00000176018,6.46,False,False
ENSG00000176022,0.505,True,False
ENSG00000176024,1.5750000000000002,True,False
ENSG00000176043,0.0,False,True
ENSG00000176055,1.73,True,False
ENSG00000176058,0.22999999999999998,False,False
ENSG00000176087,21.815,False,False
ENSG00000176095,0.30000000000000004,False,False
ENSG00000176101,1.4500000000000002,False,False
ENSG00000176102,51.235,True,False
ENSG00000176105,33.21,False,False
ENSG00000176108,0.235,True,False
ENSG00000176124,76.225,False,False
ENSG00000176125,0.33,True,False
ENSG00000176142,9.0,False,False
ENSG00000176148,0.9600000000000001,True,False
ENSG00000176155,0.72,False,False
ENSG00000176165,0.9450000000000001,True,False
ENSG00000176171,7.505,False,False
ENSG00000176182,0.19,True,False
ENSG00000176194,0.0,False,True
ENSG00000176200,0.0,True,True
ENSG00000176208,3.0999999999999996,False,False
ENSG00000176209,8.86,False,False
ENSG00000176222,0.145,False,False
ENSG00000176225,2.675,False,False
ENSG00000176236,0.0,False,True
ENSG00000176244,0.175,False,False
ENSG00000176248,0.055,False,True
ENSG00000176261,164.365,False,False
ENSG00000176273,0.6799999999999999,True,False
ENSG00000176340,344.30999999999995,False,False
ENSG00000176371,1.6,True,False
ENSG00000176381,0.0,True,True
ENSG00000176383,0.13,True,False
ENSG00000176386,97.495,False,False
ENSG00000176387,0.06,True,True
ENSG00000176390,8.69,False,False
ENSG00000176393,23.3,False,False
ENSG00000176396,1.755,True,False
ENSG00000176401,3.73,True,False
ENSG00000176402,0.065,True,True
ENSG00000176407,5.54,False,False
ENSG00000176410,0.905,True,False
ENSG00000176422,2.55,True,False
ENSG00000176428,0.0,True,True
ENSG00000176438,0.03,True,True
ENSG00000176444,9.975000000000001,True,False
ENSG00000176454,5.66,False,False
ENSG00000176463,0.08,True,True
ENSG00000176472,0.01,False,True
ENSG00000176473,0.275,True,False
ENSG00000176476,4.645,True,False
ENSG00000176490,0.08,True,True
ENSG00000176531,0.025,True,True
ENSG00000176532,0.0,False,True
ENSG00000176533,0.015,True,True
ENSG00000176542,1.165,True,False
ENSG00000176563,0.45999999999999996,False,False
ENSG00000176597,9.059999999999999,True,False
ENSG00000176619,0.28500000000000003,False,False
ENSG00000176623,16.24,False,False
ENSG00000176641,0.0,True,True
ENSG00000176658,1.7149999999999999,False,False
ENSG00000176678,0.0,False,True
ENSG00000176692,0.04,False,True
ENSG00000176700,1.705,True,False
ENSG00000176714,1.385,False,False
ENSG00000176723,0.035,False,True
ENSG00000176731,256.23,False,False
ENSG00000176732,0.025,False,True
ENSG00000176749,0.095,True,True
ENSG00000176753,0.0,True,True
ENSG00000176783,4.255,False,False
ENSG00000176809,0.1,True,False
ENSG00000176834,3.44,True,False
ENSG00000176842,0.175,True,False
ENSG00000176845,0.135,True,False
ENSG00000176853,3.52,False,False
ENSG00000176871,23.92,False,False
ENSG00000176882,0.0,False,True
ENSG00000176884,0.0,True,True
ENSG00000176890,125.795,False,False
ENSG00000176894,2.56,True,False
ENSG00000176896,1.22,True,False
ENSG00000176903,1.35,True,False
ENSG00000176909,0.01,False,True
ENSG00000176912,2.46,True,False
ENSG00000176915,2.16,False,False
ENSG00000176919,0.045,False,True
ENSG00000176927,0.1,False,False
ENSG00000176928,0.005,False,True
ENSG00000176933,0.5,True,False
ENSG00000176946,6.539999999999999,False,False
ENSG00000176953,9.245000000000001,False,False
ENSG00000176973,0.40499999999999997,True,False
ENSG00000176974,2.51,False,False
ENSG00000176986,13.719999999999999,False,False
ENSG00000176994,0.18,True,False
ENSG00000176998,0.0,True,True
ENSG00000177000,4.085,False,False
ENSG00000177030,1.5899999999999999,False,False
ENSG00000177042,3.585,True,False
ENSG00000177045,0.005,True,True
ENSG00000177051,2.64,True,False
ENSG00000177054,3.685,True,False
ENSG00000177076,0.16999999999999998,True,False
ENSG00000177082,7.07,False,False
ENSG00000177084,2.325,True,False
ENSG00000177098,0.0,False,True
ENSG00000177105,16.18,False,False
ENSG00000177106,0.63,False,False
ENSG00000177108,0.0,True,True
ENSG00000177112,0.145,True,False
ENSG00000177119,2.285,False,False
ENSG00000177125,4.01,False,False
ENSG00000177150,7.52,False,False
ENSG00000177156,261.425,False,False
ENSG00000177169,0.095,True,True
ENSG00000177181,0.0,True,True
ENSG00000177189,14.315000000000001,True,False
ENSG00000177191,0.005,False,True
ENSG00000177192,1.34,False,False
ENSG00000177200,45.209999999999994,False,False
ENSG00000177225,1.895,False,False
ENSG00000177238,0.0,True,True
ENSG00000177239,0.28500000000000003,False,False
ENSG00000177283,0.01,False,True
ENSG00000177291,0.0,False,True
ENSG00000177302,3.8899999999999997,False,False
ENSG00000177303,0.015,False,True
ENSG00000177335,0.0,False,True
ENSG00000177337,9.5,True,False
ENSG00000177340,0.015,False,True
ENSG00000177352,0.18,False,False
ENSG00000177354,0.295,True,False
ENSG00000177369,0.0,True,True
ENSG00000177370,4.25,True,False
ENSG00000177374,0.02,True,True
ENSG00000177380,0.14,True,False
ENSG00000177383,1.215,True,False
ENSG00000177398,0.0,True,True
ENSG00000177409,0.2,True,False
ENSG00000177410,358.37,False,False
ENSG00000177427,0.045000000000000005,True,True
ENSG00000177432,3.0700000000000003,False,False
ENSG00000177459,0.0,True,True
ENSG00000177463,3.6550000000000002,False,False
ENSG00000177464,0.0,True,True
ENSG00000177468,0.0,False,True
ENSG00000177469,5.705,True,False
ENSG00000177479,17.915,False,False
ENSG00000177485,3.9299999999999997,False,False
ENSG00000177542,0.315,False,False
ENSG00000177556,227.51999999999998,True,False
ENSG00000177570,0.005,True,True
ENSG00000177576,27.07,True,False
ENSG00000177595,0.21000000000000002,False,False
ENSG00000177599,0.14,True,False
ENSG00000177600,1475.375,False,False
ENSG00000177602,0.435,True,False
ENSG00000177606,0.24,False,False
ENSG00000177613,10.04,True,False
ENSG00000177614,0.0,False,True
ENSG00000177628,10.095,False,False
ENSG00000177640,0.11,True,False
ENSG00000177646,6.470000000000001,False,False
ENSG00000177663,0.18,True,False
ENSG00000177666,0.21500000000000002,False,False
ENSG00000177669,0.03,False,True
ENSG00000177674,24.645,False,False
ENSG00000177683,20.494999999999997,False,False
ENSG00000177685,0.045000000000000005,True,True
ENSG00000177692,0.5700000000000001,False,False
ENSG00000177697,3.0500000000000003,True,False
ENSG00000177700,74.825,False,False
ENSG00000177707,0.0,True,True
ENSG00000177721,1.8,True,False
ENSG00000177731,9.015,False,False
ENSG00000177732,0.4,True,False
ENSG00000177733,4.255000000000001,True,False
ENSG00000177738,3.495,True,False
ENSG00000177752,0.045,False,True
ENSG00000177788,6.404999999999999,False,False
ENSG00000177807,0.04,True,True
ENSG00000177842,1.165,True,False
ENSG00000177853,8.2,True,False
ENSG00000177854,0.22499999999999998,True,False
ENSG00000177868,27.615000000000002,True,False
ENSG00000177873,1.04,True,False
ENSG00000177875,0.0,True,True
ENSG00000177879,34.58,True,False
ENSG00000177885,49.575,False,False
ENSG00000177888,1.605,True,False
ENSG00000177889,512.6,False,False
ENSG00000177917,20.105,False,False
ENSG00000177943,0.03,True,True
ENSG00000177946,2.455,True,False
ENSG00000177951,6.57,False,False
ENSG00000177954,6757.4349999999995,False,False
ENSG00000177963,7.995,False,False
ENSG00000177971,10.925,True,False
ENSG00000177981,13.065000000000001,False,False
ENSG00000177989,0.0,True,True
ENSG00000177994,0.0,True,True
ENSG00000178026,0.045,True,True
ENSG00000178028,1.1600000000000001,False,False
ENSG00000178035,285.67499999999995,False,False
ENSG00000178038,0.0,False,True
ENSG00000178053,43.17,False,False
ENSG00000178057,16.65,False,False
ENSG00000178074,3.04,True,False
ENSG00000178078,1.06,True,False
ENSG00000178093,0.0,True,True
ENSG00000178096,0.0,True,True
ENSG00000178105,21.32,False,False
ENSG00000178107,0.7450000000000001,False,False
ENSG00000178127,304.09000000000003,False,False
ENSG00000178149,5.105,False,False
ENSG00000178163,9.15,False,False
ENSG00000178171,0.0,True,True
ENSG00000178177,3.045,True,False
ENSG00000178184,0.01,True,True
ENSG00000178188,0.135,False,False
ENSG00000178199,0.0,True,True
ENSG00000178202,2.825,False,False
ENSG00000178209,0.04,False,True
ENSG00000178217,0.055,False,True
ENSG00000178229,0.42000000000000004,True,False
ENSG00000178233,0.0,True,True
ENSG00000178234,5.699999999999999,False,False
ENSG00000178252,12.024999999999999,False,False
ENSG00000178295,7.345000000000001,False,False
ENSG00000178301,0.605,False,False
ENSG00000178307,14.559999999999999,False,False
ENSG00000178338,1.025,True,False
ENSG00000178381,38.625,True,False
ENSG00000178385,0.125,True,False
ENSG00000178386,0.9850000000000001,True,False
ENSG00000178397,0.8600000000000001,False,False
ENSG00000178401,0.075,False,True
ENSG00000178403,0.0,True,True
ENSG00000178404,0.0,False,True
ENSG00000178409,1.04,True,False
ENSG00000178412,0.0,False,True
ENSG00000178425,13.469999999999999,False,False
ENSG00000178440,0.0,True,True
ENSG00000178445,0.0,True,True
ENSG00000178449,192.91500000000002,False,False
ENSG00000178467,0.0,True,True
ENSG00000178502,0.17,False,False
ENSG00000178537,13.274999999999999,False,False
ENSG00000178538,7.955,True,False
ENSG00000178567,5.865,False,False
ENSG00000178573,0.0,True,True
ENSG00000178585,0.51,False,False
ENSG00000178605,0.17,True,False
ENSG00000178607,2.59,True,False
ENSG00000178636,0.07,False,True
ENSG00000178665,0.19,True,False
ENSG00000178691,14.405000000000001,False,False
ENSG00000178694,5.72,True,False
ENSG00000178695,0.11000000000000001,True,False
ENSG00000178700,0.365,True,False
ENSG00000178718,0.72,False,False
ENSG00000178719,0.475,False,False
ENSG00000178726,0.060000000000000005,True,True
ENSG00000178741,66.13499999999999,False,False
ENSG00000178752,0.745,True,False
ENSG00000178761,4.9399999999999995,True,False
ENSG00000178764,0.0,True,True
ENSG00000178773,0.245,False,False
ENSG00000178802,30.545,False,False
ENSG00000178821,0.25,False,False
ENSG00000178852,0.28500000000000003,True,False
ENSG00000178860,0.0,True,True
ENSG00000178878,0.19,True,False
ENSG00000178882,0.0,False,True
ENSG00000178896,4.095,False,False
ENSG00000178904,2.71,True,False
ENSG00000178913,34.39,False,False
ENSG00000178917,1.03,False,False
ENSG00000178921,11.870000000000001,False,False
ENSG00000178922,0.04,True,True
ENSG00000178927,1.28,False,False
ENSG00000178935,2.5700000000000003,True,False
ENSG00000178947,0.0,True,True
ENSG00000178950,0.86,False,False
ENSG00000178951,0.175,False,False
ENSG00000178952,25.655,False,False
ENSG00000178966,4.615,True,False
ENSG00000178971,3.085,True,False
ENSG00000178974,6.6899999999999995,False,False
ENSG00000178977,0.375,False,False
ENSG00000178980,221.11,False,False
ENSG00000178982,1013.44,False,False
ENSG00000178988,26.3,False,False
ENSG00000178996,2.335,True,False
ENSG00000178997,0.0,False,True
ENSG00000178999,54.735,False,False
ENSG00000179010,32.985,False,False
ENSG00000179021,9.57,False,False
ENSG00000179029,14.6,False,False
ENSG00000179041,1.435,False,False
ENSG00000179044,0.01,False,True
ENSG00000179051,124.20500000000001,False,False
ENSG00000179058,0.0,True,True
ENSG00000179082,0.0,False,True
ENSG00000179085,10.280000000000001,False,False
ENSG00000179091,43.55,False,False
ENSG00000179094,0.07,False,True
ENSG00000179097,1.745,True,False
ENSG00000179104,0.23,True,False
ENSG00000179111,0.03,True,True
ENSG00000179115,27.564999999999998,False,False
ENSG00000179119,2.11,False,False
ENSG00000179134,4.3149999999999995,False,False
ENSG00000179148,0.0,True,True
ENSG00000179151,12.565000000000001,True,False
ENSG00000179152,27.415,False,False
ENSG00000179163,5.5649999999999995,True,False
ENSG00000179165,0.0,False,True
ENSG00000179168,0.0,True,True
ENSG00000179195,2.27,False,False
ENSG00000179218,119.02000000000001,False,False
ENSG00000179222,4.425000000000001,False,False
ENSG00000179240,0.35,True,False
ENSG00000179241,0.7,False,False
ENSG00000179262,7.385,False,False
ENSG00000179271,4.645,False,False
ENSG00000179284,0.21,False,False
ENSG00000179292,0.0,True,True
ENSG00000179295,20.245,False,False
ENSG00000179299,0.0,True,True
ENSG00000179331,0.0,True,True
ENSG00000179335,1.3699999999999999,False,False
ENSG00000179348,7.970000000000001,True,False
ENSG00000179361,0.315,False,False
ENSG00000179364,0.06,False,True
ENSG00000179387,6.67,False,False
ENSG00000179388,0.02,True,True
ENSG00000179397,0.025,True,True
ENSG00000179399,0.0,True,True
ENSG00000179403,0.01,True,True
ENSG00000179406,1.69,False,False
ENSG00000179409,1.19,False,False
ENSG00000179428,0.355,True,False
ENSG00000179431,0.12000000000000001,True,False
ENSG00000179456,0.18,True,False
ENSG00000179476,0.08,True,True
ENSG00000179523,25.515,True,False
ENSG00000179528,0.08,True,True
ENSG00000179546,0.0,True,True
ENSG00000179580,0.0,False,True
ENSG00000179583,0.135,True,False
ENSG00000179588,0.08499999999999999,True,True
ENSG00000179598,10.745000000000001,True,False
ENSG00000179603,0.0,False,True
ENSG00000179604,0.5,False,False
ENSG00000179627,0.01,True,True
ENSG00000179632,1.1400000000000001,False,False
ENSG00000179636,0.005,True,True
ENSG00000179673,0.0,True,True
ENSG00000179698,0.01,True,True
ENSG00000179715,0.905,True,False
ENSG00000179743,1.18,True,False
ENSG00000179750,113.18,True,False
ENSG00000179761,0.01,True,True
ENSG00000179774,0.0,True,True
ENSG00000179818,30.665,False,False
ENSG00000179820,17.744999999999997,True,False
ENSG00000179832,0.9199999999999999,True,False
ENSG00000179833,2.34,True,False
ENSG00000179840,0.0,True,True
ENSG00000179841,0.035,True,True
ENSG00000179855,0.0,True,True
ENSG00000179859,0.805,True,False
ENSG00000179862,0.01,True,True
ENSG00000179886,0.08,True,True
ENSG00000179889,3.96,False,False
ENSG00000179902,0.0,True,True
ENSG00000179912,2.675,False,False
ENSG00000179913,0.005,True,True
ENSG00000179918,13.91,False,False
ENSG00000179921,0.0,False,True
ENSG00000179922,0.060000000000000005,True,True
ENSG00000179933,175.17000000000002,False,False
ENSG00000179935,0.0,False,True
ENSG00000179941,1.725,True,False
ENSG00000179943,0.595,True,False
ENSG00000179950,11.52,False,False
ENSG00000179958,34.6,False,False
ENSG00000179965,1.1,True,False
ENSG00000179981,0.74,True,False
ENSG00000179988,34.489999999999995,True,False
ENSG00000180008,1.815,True,False
ENSG00000180011,2.8200000000000003,False,False
ENSG00000180035,0.225,True,False
ENSG00000180044,0.01,True,True
ENSG00000180053,0.0,False,True
ENSG00000180096,0.11,True,False
ENSG00000180098,69.555,False,False
ENSG00000180104,1.0699999999999998,False,False
ENSG00000180182,8.02,False,False
ENSG00000180185,1.475,False,False
ENSG00000180198,10.765,False,False
ENSG00000180209,0.185,False,False
ENSG00000180228,10.485,False,False
ENSG00000180233,1.0,True,False
ENSG00000180257,7.42,False,False
ENSG00000180263,1.1099999999999999,False,False
ENSG00000180264,0.0,True,True
ENSG00000180304,4.9350000000000005,False,False
ENSG00000180316,0.0,False,True
ENSG00000180329,7.64,False,False
ENSG00000180340,0.005,True,True
ENSG00000180346,2.19,True,False
ENSG00000180353,3.285,True,False
ENSG00000180354,0.845,True,False
ENSG00000180357,4.345,False,False
ENSG00000180370,8.44,False,False
ENSG00000180376,16.72,False,False
ENSG00000180383,0.0,False,True
ENSG00000180385,4.96,True,False
ENSG00000180398,158.29000000000002,False,False
ENSG00000180423,3.6950000000000003,True,False
ENSG00000180425,2.005,True,False
ENSG00000180447,0.0,False,True
ENSG00000180448,0.105,True,False
ENSG00000180458,0.0,True,True
ENSG00000180479,1.6,True,False
ENSG00000180481,0.0,False,True
ENSG00000180488,1.1,True,False
ENSG00000180530,4.105,False,False
ENSG00000180535,0.055,False,True
ENSG00000180537,12.205,True,False
ENSG00000180539,0.0,True,True
ENSG00000180573,51.900000000000006,False,False
ENSG00000180592,0.42000000000000004,True,False
ENSG00000180596,57.94,False,False
ENSG00000180611,0.0,True,True
ENSG00000180613,0.0,False,True
ENSG00000180616,0.01,False,True
ENSG00000180626,0.195,True,False
ENSG00000180628,7.299999999999999,False,False
ENSG00000180667,16.335,False,False
ENSG00000180712,0.04,True,True
ENSG00000180720,0.0,True,True
ENSG00000180739,0.0,True,True
ENSG00000180747,2.275,False,False
ENSG00000180758,0.02,True,True
ENSG00000180769,0.105,True,False
ENSG00000180773,1.4649999999999999,True,False
ENSG00000180776,2.12,False,False
ENSG00000180806,1.3599999999999999,True,False
ENSG00000180817,216.04000000000002,False,False
ENSG00000180818,0.155,True,False
ENSG00000180822,11.280000000000001,True,False
ENSG00000180855,1.495,True,False
ENSG00000180867,0.19,True,False
ENSG00000180879,401.97,False,False
ENSG00000180881,0.325,True,False
ENSG00000180884,2.13,True,False
ENSG00000180891,0.09000000000000001,True,True
ENSG00000180900,0.69,False,False
ENSG00000180901,1.06,False,False
ENSG00000180902,0.23500000000000001,False,False
ENSG00000180914,0.10500000000000001,True,False
ENSG00000180917,4.385,True,False
ENSG00000180938,0.54,True,False
ENSG00000180953,0.9349999999999999,True,False
ENSG00000180957,19.84,False,False
ENSG00000180964,120.07,False,False
ENSG00000180979,2.99,True,False
ENSG00000180988,0.08,True,True
ENSG00000180992,307.24,False,False
ENSG00000180998,0.02,False,True
ENSG00000181004,3.74,False,False
ENSG00000181007,1.92,True,False
ENSG00000181019,82.735,False,False
ENSG00000181026,6.705,False,False
ENSG00000181027,0.46499999999999997,True,False
ENSG00000181029,1.395,False,False
ENSG00000181031,0.07,True,True
ENSG00000181035,0.67,False,False
ENSG00000181036,0.0,False,True
ENSG00000181038,32.754999999999995,False,False
ENSG00000181045,0.01,True,True
ENSG00000181061,811.3050000000001,False,False
ENSG00000181090,1.4649999999999999,False,False
ENSG00000181104,2.6799999999999997,True,False
ENSG00000181126,0.0,True,True
ENSG00000181135,0.06999999999999999,True,True
ENSG00000181163,2735.285,False,False
ENSG00000181191,1.385,True,False
ENSG00000181192,1.87,False,False
ENSG00000181201,0.0,False,True
ENSG00000181215,0.0,False,True
ENSG00000181218,2.795,False,False
ENSG00000181220,1.475,False,False
ENSG00000181222,1.02,False,False
ENSG00000181264,0.865,False,False
ENSG00000181274,2.915,True,False
ENSG00000181284,0.01,True,True
ENSG00000181315,3.08,False,False
ENSG00000181322,0.08499999999999999,True,True
ENSG00000181350,0.22999999999999998,True,False
ENSG00000181396,0.575,False,False
ENSG00000181408,0.0,True,True
ENSG00000181418,0.049999999999999996,True,True
ENSG00000181444,0.46499999999999997,False,False
ENSG00000181450,2.1550000000000002,True,False
ENSG00000181458,2.6399999999999997,True,False
ENSG00000181467,20.3,False,False
ENSG00000181472,3.4299999999999997,True,False
ENSG00000181513,0.16,True,False
ENSG00000181523,0.175,True,False
ENSG00000181544,12.035,False,False
ENSG00000181555,5.385,False,False
ENSG00000181577,0.0,True,True
ENSG00000181585,0.0,False,True
ENSG00000181588,1.345,True,False
ENSG00000181610,196.11,False,False
ENSG00000181638,0.075,True,True
ENSG00000181649,1.01,True,False
ENSG00000181690,0.48,True,False
ENSG00000181704,31.29,True,False
ENSG00000181722,0.245,True,False
ENSG00000181744,5.71,False,False
ENSG00000181751,0.995,True,False
ENSG00000181754,0.14500000000000002,True,False
ENSG00000181773,0.265,False,False
ENSG00000181788,3.245,False,False
ENSG00000181789,25.115,False,False
ENSG00000181798,0.165,True,False
ENSG00000181817,30.14,False,False
ENSG00000181826,0.05500000000000001,True,True
ENSG00000181827,1.6600000000000001,False,False
ENSG00000181830,0.5700000000000001,False,False
ENSG00000181852,19.04,False,False
ENSG00000181856,1.0899999999999999,False,False
ENSG00000181873,0.615,True,False
ENSG00000181885,2.11,True,False
ENSG00000181894,0.12,True,False
ENSG00000181896,6.925,True,False
ENSG00000181904,6.245,False,False
ENSG00000181908,0.0,True,True
ENSG00000181915,2.235,False,False
ENSG00000181924,101.60499999999999,False,False
ENSG00000181929,55.68,False,False
ENSG00000181991,22.424999999999997,False,False
ENSG00000182004,1387.74,False,False
ENSG00000182010,0.05,True,True
ENSG00000182013,4.68,True,False
ENSG00000182040,0.0,True,True
ENSG00000182054,0.575,False,False
ENSG00000182057,0.0,True,True
ENSG00000182087,0.365,False,False
ENSG00000182095,0.02,True,True
ENSG00000182103,0.0,True,True
ENSG00000182108,1.905,True,False
ENSG00000182117,1280.3899999999999,False,False
ENSG00000182118,6.37,True,False
ENSG00000182132,0.0,False,True
ENSG00000182134,3.185,True,False
ENSG00000182141,1.605,True,False
ENSG00000182149,80.135,False,False
ENSG00000182154,2.06,False,False
ENSG00000182158,5.93,False,False
ENSG00000182165,4.035,True,False
ENSG00000182173,4.9350000000000005,False,False
ENSG00000182180,49.69,False,False
ENSG00000182183,0.0,True,True
ENSG00000182185,8.765,True,False
ENSG00000182196,2.1,False,False
ENSG00000182199,38.455,False,False
ENSG00000182220,19.665,False,False
ENSG00000182224,1.275,True,False
ENSG00000182247,0.295,True,False
ENSG00000182287,8.05,False,False
ENSG00000182307,19.595,False,False
ENSG00000182310,1.0699999999999998,True,False
ENSG00000182315,0.0,False,True
ENSG00000182318,1.375,True,False
ENSG00000182325,0.135,True,False
ENSG00000182327,0.0,False,True
ENSG00000182359,20.92,True,False
ENSG00000182362,4.985,True,False
ENSG00000182378,4.75,True,False
ENSG00000182379,0.005,False,True
ENSG00000182389,0.095,True,True
ENSG00000182400,2.7,False,False
ENSG00000182405,1.335,True,False
ENSG00000182446,1.355,True,False
ENSG00000182463,0.08499999999999999,True,True
ENSG00000182473,14.985,True,False
ENSG00000182481,362.44,False,False
ENSG00000182489,0.0,True,True
ENSG00000182504,1.775,True,False
ENSG00000182511,0.47,True,False
ENSG00000182512,12.684999999999999,False,False
ENSG00000182518,32.245,True,False
ENSG00000182534,2.265,True,False
ENSG00000182541,0.775,True,False
ENSG00000182544,4.4399999999999995,False,False
ENSG00000182551,4.3149999999999995,False,False
ENSG00000182552,8.3,True,False
ENSG00000182575,0.0,True,True
ENSG00000182580,0.0,False,True
ENSG00000182606,3.4,False,False
ENSG00000182612,0.08499999999999999,True,True
ENSG00000182628,65.77,False,False
ENSG00000182631,0.0,True,True
ENSG00000182648,13.120000000000001,False,False
ENSG00000182670,11.190000000000001,False,False
ENSG00000182674,0.0,False,True
ENSG00000182676,0.015,False,True
ENSG00000182685,0.005,True,True
ENSG00000182687,0.0,False,True
ENSG00000182704,0.725,True,False
ENSG00000182712,2.52,True,False
ENSG00000182732,0.0,True,True
ENSG00000182742,1.185,True,False
ENSG00000182747,0.0,True,True
ENSG00000182749,0.795,True,False
ENSG00000182752,0.045000000000000005,True,True
ENSG00000182759,0.005,True,True
ENSG00000182768,10.275,False,False
ENSG00000182774,1653.585,False,False
ENSG00000182791,0.01,False,True
ENSG00000182796,1.25,True,False
ENSG00000182809,0.095,False,True
ENSG00000182810,2.025,False,False
ENSG00000182827,9.67,False,False
ENSG00000182831,11.035,False,False
ENSG00000182841,0.69,False,False
ENSG00000182858,0.175,True,False
ENSG00000182871,0.145,True,False
ENSG00000182872,0.8500000000000001,False,False
ENSG00000182899,2108.01,False,False
ENSG00000182903,19.744999999999997,False,False
ENSG00000182919,19.95,False,False
ENSG00000182923,3.57,True,False
ENSG00000182934,21.445,False,False
ENSG00000182944,70.565,False,False
ENSG00000182952,24.04,False,False
ENSG00000182963,0.06999999999999999,False,True
ENSG00000182973,24.21,False,False
ENSG00000182979,0.13,False,False
ENSG00000182986,4.075,False,False
ENSG00000182993,2.545,False,False
ENSG00000183011,59.239999999999995,False,False
ENSG00000183020,0.5,False,False
ENSG00000183034,0.02,True,True
ENSG00000183044,0.01,True,True
ENSG00000183048,0.155,False,False
ENSG00000183049,0.0,True,True
ENSG00000183060,0.23,True,False
ENSG00000183072,0.0,False,True
ENSG00000183077,56.845,False,False
ENSG00000183087,0.01,True,True
ENSG00000183090,0.0,False,True
ENSG00000183092,0.0,True,True
ENSG00000183111,0.235,False,False
ENSG00000183114,0.0,True,True
ENSG00000183137,44.56,False,False
ENSG00000183150,0.135,True,False
ENSG00000183153,0.0,False,True
ENSG00000183154,0.0,False,True
ENSG00000183155,6.775,True,False
ENSG00000183161,0.875,True,False
ENSG00000183172,8.29,True,False
ENSG00000183186,0.0,True,True
ENSG00000183196,0.0,True,True
ENSG00000183207,53.92,False,False
ENSG00000183208,0.655,True,False
ENSG00000183230,0.0,True,True
ENSG00000183242,0.165,True,False
ENSG00000183250,0.275,False,False
ENSG00000183255,3.755,False,False
ENSG00000183258,30.494999999999997,False,False
ENSG00000183260,0.0,False,True
ENSG00000183283,241.445,False,False
ENSG00000183291,271.255,False,False
ENSG00000183307,0.01,True,True
ENSG00000183308,0.0,True,True
ENSG00000183309,1.185,True,False
ENSG00000183317,0.015,False,True
ENSG00000183323,3.78,True,False
ENSG00000183337,24.245,False,False
ENSG00000183340,3.045,True,False
ENSG00000183354,1.48,True,False
ENSG00000183386,4.175,False,False
ENSG00000183401,0.485,True,False
ENSG00000183421,0.0,False,True
ENSG00000183431,131.72,False,False
ENSG00000183474,67.91,False,False
ENSG00000183475,1.26,True,False
ENSG00000183476,0.0,False,True
ENSG00000183479,0.02,False,True
ENSG00000183486,0.065,True,True
ENSG00000183495,4.085,False,False
ENSG00000183496,0.67,True,False
ENSG00000183508,2.835,True,False
ENSG00000183513,13.754999999999999,True,False
ENSG00000183527,38.760000000000005,False,False
ENSG00000183530,4.484999999999999,False,False
ENSG00000183562,0.0,False,True
ENSG00000183569,17.884999999999998,False,False
ENSG00000183570,0.0,True,True
ENSG00000183576,5.359999999999999,False,False
ENSG00000183578,0.045,False,True
ENSG00000183579,0.43,True,False
ENSG00000183597,12.73,True,False
ENSG00000183598,0.05,False,True
ENSG00000183604,6.23,False,False
ENSG00000183605,63.265,False,False
ENSG00000183615,0.0,False,True
ENSG00000183617,2.78,True,False
ENSG00000183621,0.345,True,False
ENSG00000183624,15.969999999999999,False,False
ENSG00000183644,0.0,False,True
ENSG00000183647,0.255,True,False
ENSG00000183648,317.04,False,False
ENSG00000183655,0.0,True,True
ENSG00000183665,8.084999999999999,False,False
ENSG00000183666,3.015,False,False
ENSG00000183682,0.0,True,True
ENSG00000183684,1.89,False,False
ENSG00000183691,0.0,True,True
ENSG00000183696,0.23500000000000001,True,False
ENSG00000183718,1.76,True,False
ENSG00000183722,0.0,False,True
ENSG00000183723,1.59,True,False
ENSG00000183726,30.09,False,False
ENSG00000183733,0.0,False,True
ENSG00000183735,12.8,True,False
ENSG00000183741,0.67,False,False
ENSG00000183742,4.7,True,False
ENSG00000183751,0.84,False,False
ENSG00000183760,0.0,False,True
ENSG00000183762,0.7050000000000001,True,False
ENSG00000183763,25.17,True,False
ENSG00000183765,47.61,False,False
ENSG00000183770,0.32999999999999996,True,False
ENSG00000183775,0.0,False,True
ENSG00000183779,0.0,False,True
ENSG00000183780,0.0,False,True
ENSG00000183784,0.195,False,False
ENSG00000183798,0.015,False,True
ENSG00000183808,2.2649999999999997,False,False
ENSG00000183814,12.235,False,False
ENSG00000183826,0.09,True,True
ENSG00000183828,0.1,True,False
ENSG00000183831,0.05,True,True
ENSG00000183856,0.925,True,False
ENSG00000183864,4.4,True,False
ENSG00000183873,0.095,True,True
ENSG00000183891,46.04,False,False
ENSG00000183914,0.01,True,True
ENSG00000183929,0.0,True,True
ENSG00000183935,0.005,True,True
ENSG00000183943,2.14,False,False
ENSG00000183955,19.619999999999997,False,False
ENSG00000183960,0.0,True,True
ENSG00000183963,1.96,True,False
ENSG00000183971,0.025,False,True
ENSG00000183978,86.44,False,False
ENSG00000184005,0.0,False,True
ENSG00000184007,350.7,False,False
ENSG00000184014,7.210000000000001,True,False
ENSG00000184047,27.735,False,False
ENSG00000184056,6.0,False,False
ENSG00000184058,0.05,True,True
ENSG00000184060,0.015,True,True
ENSG00000184068,3.6500000000000004,True,False
ENSG00000184076,675.775,False,False
ENSG00000184083,0.26,True,False
ENSG00000184111,0.0,True,True
ENSG00000184117,6.845000000000001,False,False
ENSG00000184154,4.51,False,False
ENSG00000184162,38.695,True,False
ENSG00000184164,0.7450000000000001,True,False
ENSG00000184178,3.7649999999999997,False,False
ENSG00000184182,12.495000000000001,False,False
ENSG00000184185,0.0,True,True
ENSG00000184203,6.505000000000001,False,False
ENSG00000184205,0.22999999999999998,True,False
ENSG00000184207,0.905,False,False
ENSG00000184208,1.0,True,False
ENSG00000184209,11.870000000000001,False,False
ENSG00000184210,0.0,False,True
ENSG00000184216,8.005,False,False
ENSG00000184220,52.385,False,False
ENSG00000184224,0.055,False,True
ENSG00000184226,3.4749999999999996,True,False
ENSG00000184232,0.9550000000000001,True,False
ENSG00000184260,1.85,False,False
ENSG00000184261,0.025,True,True
ENSG00000184270,0.025,False,True
ENSG00000184271,0.20500000000000002,True,False
ENSG00000184277,49.235,False,False
ENSG00000184281,0.385,False,False
ENSG00000184307,0.23,True,False
ENSG00000184349,0.0,True,True
ENSG00000184357,0.53,True,False
ENSG00000184371,0.12,False,False
ENSG00000184378,0.0,False,True
ENSG00000184381,0.08,True,True
ENSG00000184384,0.5,True,False
ENSG00000184402,1.855,False,False
ENSG00000184432,39.835,True,False
ENSG00000184436,6.199999999999999,False,False
ENSG00000184445,23.97,False,False
ENSG00000184454,0.01,False,True
ENSG00000184459,0.0,False,True
ENSG00000184465,3.36,False,False
ENSG00000184470,2.44,False,False
ENSG00000184481,0.095,True,True
ENSG00000184486,0.05,True,True
ENSG00000184489,1.32,False,False
ENSG00000184497,0.005,True,True
ENSG00000184500,4.03,True,False
ENSG00000184507,0.0,False,True
ENSG00000184508,11.77,False,False
ENSG00000184517,1.875,False,False
ENSG00000184523,0.0,False,True
ENSG00000184545,0.0,True,True
ENSG00000184557,0.545,False,False
ENSG00000184574,1.3849999999999998,False,False
ENSG00000184575,17.395,False,False
ENSG00000184584,15.41,False,False
ENSG00000184602,0.07500000000000001,True,True
ENSG00000184619,0.01,True,True
ENSG00000184634,1.505,False,False
ENSG00000184635,10.850000000000001,False,False
ENSG00000184640,0.855,False,False
ENSG00000184661,6.74,False,False
ENSG00000184675,0.30500000000000005,True,False
ENSG00000184677,1.93,True,False
ENSG00000184678,6.775,False,False
ENSG00000184697,0.0,False,True
ENSG00000184708,1.6800000000000002,False,False
ENSG00000184709,0.0,True,True
ENSG00000184716,0.135,False,False
ENSG00000184730,0.015,False,True
ENSG00000184743,13.684999999999999,False,False
ENSG00000184752,701.4200000000001,False,False
ENSG00000184786,1.3,True,False
ENSG00000184787,33.33,False,False
ENSG00000184788,0.01,False,True
ENSG00000184792,0.32,False,False
ENSG00000184828,0.0,True,True
ENSG00000184831,39.269999999999996,False,False
ENSG00000184838,1.415,True,False
ENSG00000184840,35.09,False,False
ENSG00000184845,0.0,False,True
ENSG00000184857,18.63,True,False
ENSG00000184860,0.8049999999999999,True,False
ENSG00000184863,2.96,False,False
ENSG00000184867,0.005,True,True
ENSG00000184897,0.20500000000000002,False,False
ENSG00000184898,1.085,True,False
ENSG00000184900,11.795000000000002,False,False
ENSG00000184903,82.66,False,False
ENSG00000184916,0.12,True,False
ENSG00000184922,0.52,False,False
ENSG00000184924,26.78,True,False
ENSG00000184925,0.0,False,True
ENSG00000184937,5.01,True,False
ENSG00000184939,0.32999999999999996,True,False
ENSG00000184949,0.095,True,True
ENSG00000184967,1.1,False,False
ENSG00000184979,0.11,True,False
ENSG00000184983,326.845,True,False
ENSG00000184986,0.0,True,True
ENSG00000184990,3.86,False,False
ENSG00000184992,10.64,False,False
ENSG00000185000,1.245,False,False
ENSG00000185002,0.0,True,True
ENSG00000185009,30.22,False,False
ENSG00000185010,0.485,True,False
ENSG00000185015,1.105,True,False
ENSG00000185019,0.19,True,False
ENSG00000185022,0.355,True,False
ENSG00000185024,0.11,True,False
ENSG00000185033,0.855,False,False
ENSG00000185043,11.185,False,False
ENSG00000185046,0.38,False,False
ENSG00000185049,0.51,True,False
ENSG00000185056,0.034999999999999996,False,True
ENSG00000185065,0.825,True,False
ENSG00000185085,0.43,False,False
ENSG00000185088,284.86,False,False
ENSG00000185090,0.425,True,False
ENSG00000185100,0.52,False,False
ENSG00000185101,0.13,True,False
ENSG00000185104,33.614999999999995,False,False
ENSG00000185112,0.025,False,True
ENSG00000185115,0.645,True,False
ENSG00000185122,0.71,False,False
ENSG00000185127,6.484999999999999,False,False
ENSG00000185129,2.705,True,False
ENSG00000185130,1.8599999999999999,False,False
ENSG00000185155,0.0,False,True
ENSG00000185158,1.6600000000000001,True,False
ENSG00000185163,0.73,True,False
ENSG00000185164,18.19,False,False
ENSG00000185189,1.55,True,False
ENSG00000185215,33.07,False,False
ENSG00000185219,1.05,False,False
ENSG00000185220,9.13,True,False
ENSG00000185222,72.06,False,False
ENSG00000185236,0.725,False,False
ENSG00000185238,17.79,False,False
ENSG00000185246,8.105,True,False
ENSG00000185250,0.07,False,True
ENSG00000185252,1.645,False,False
ENSG00000185261,0.115,True,False
ENSG00000185262,1.775,False,False
ENSG00000185267,0.18,False,False
ENSG00000185269,0.04,True,True
ENSG00000185272,3.115,True,False
ENSG00000185278,0.665,True,False
ENSG00000185298,1.7650000000000001,True,False
ENSG00000185305,15.440000000000001,False,False
ENSG00000185338,0.045,True,True
ENSG00000185339,3.2350000000000003,True,False
ENSG00000185340,0.56,True,False
ENSG00000185344,13.7,False,False
ENSG00000185345,0.015,False,True
ENSG00000185347,0.09,True,True
ENSG00000185352,0.0,True,True
ENSG00000185359,7.025,False,False
ENSG00000185361,0.445,True,False
ENSG00000185379,1.695,True,False
ENSG00000185386,0.065,True,True
ENSG00000185404,2.64,True,False
ENSG00000185414,45.94,False,False
ENSG00000185418,1.19,True,False
ENSG00000185420,254.44,False,False
ENSG00000185432,8.93,True,False
ENSG00000185436,0.0,True,True
ENSG00000185437,17.66,False,False
ENSG00000185442,0.28,True,False
ENSG00000185453,0.015,True,True
ENSG00000185475,73.105,False,False
ENSG00000185480,38.92,False,False
ENSG00000185482,0.28,True,False
ENSG00000185485,8.344999999999999,False,False
ENSG00000185499,5.25,True,False
ENSG00000185504,0.2,False,False
ENSG00000185507,0.25,True,False
ENSG00000185515,20.475,False,False
ENSG00000185518,0.135,True,False
ENSG00000185519,0.0,True,True
ENSG00000185522,0.0,True,True
ENSG00000185527,0.01,False,True
ENSG00000185551,7.695,True,False
ENSG00000185561,0.060000000000000005,False,True
ENSG00000185567,0.0,True,True
ENSG00000185585,0.0,True,True
ENSG00000185591,8.24,True,False
ENSG00000185608,441.88,False,False
ENSG00000185614,0.44,True,False
ENSG00000185619,1.945,False,False
ENSG00000185621,1.3050000000000002,True,False
ENSG00000185624,3.7750000000000004,False,False
ENSG00000185627,247.79500000000002,False,False
ENSG00000185633,0.075,True,True
ENSG00000185634,0.39,True,False
ENSG00000185640,0.04,True,True
ENSG00000185650,2.285,False,False
ENSG00000185664,0.505,False,False
ENSG00000185668,0.0,False,True
ENSG00000185669,0.01,True,True
ENSG00000185670,1.89,True,False
ENSG00000185681,0.0,False,True
ENSG00000185697,0.07,False,True
ENSG00000185716,1.5150000000000001,True,False
ENSG00000185721,102.645,True,False
ENSG00000185722,2.8899999999999997,False,False
ENSG00000185728,6.92,False,False
ENSG00000185730,0.25,True,False
ENSG00000185736,0.0,True,True
ENSG00000185745,0.065,True,True
ENSG00000185753,0.7849999999999999,True,False
ENSG00000185760,0.45,True,False
ENSG00000185761,0.7150000000000001,True,False
ENSG00000185787,235.32,False,False
ENSG00000185798,12.615,True,False
ENSG00000185800,5.555,False,False
ENSG00000185808,86.835,False,False
ENSG00000185811,9.17,False,False
ENSG00000185813,0.7150000000000001,False,False
ENSG00000185825,387.15999999999997,False,False
ENSG00000185837,0.0,True,True
ENSG00000185838,0.45,False,False
ENSG00000185862,1.33,True,False
ENSG00000185875,3.215,True,False
ENSG00000185880,0.57,True,False
ENSG00000185883,2.52,False,False
ENSG00000185885,3992.26,False,False
ENSG00000185896,1.545,False,False
ENSG00000185900,1.42,False,False
ENSG00000185909,5.05,True,False
ENSG00000185917,34.3,False,False
ENSG00000185924,0.0,True,True
ENSG00000185946,10.615,True,False
ENSG00000185947,9.625,False,False
ENSG00000185950,0.37,True,False
ENSG00000185963,2.69,True,False
ENSG00000185986,0.365,True,False
ENSG00000185989,0.61,False,False
ENSG00000186001,3.2649999999999997,False,False
ENSG00000186007,0.03,True,True
ENSG00000186010,223.125,False,False
ENSG00000186017,6.125,True,False
ENSG00000186019,0.30500000000000005,False,False
ENSG00000186026,0.175,True,False
ENSG00000186056,0.49,True,False
ENSG00000186063,11.809999999999999,False,False
ENSG00000186073,4.755,False,False
ENSG00000186088,0.0,True,True
ENSG00000186104,17.85,False,False
ENSG00000186106,12.844999999999999,False,False
ENSG00000186111,0.39,False,False
ENSG00000186118,0.0,False,True
ENSG00000186130,0.9099999999999999,True,False
ENSG00000186132,20.130000000000003,True,False
ENSG00000186141,13.965,True,False
ENSG00000186150,0.0,False,True
ENSG00000186153,0.965,True,False
ENSG00000186162,9.355,True,False
ENSG00000186166,3.165,True,False
ENSG00000186174,0.025,True,True
ENSG00000186184,135.7,False,False
ENSG00000186185,2.14,False,False
ENSG00000186187,13.335,True,False
ENSG00000186193,2.34,False,False
ENSG00000186205,0.0,False,True
ENSG00000186212,0.0,True,True
ENSG00000186222,2.66,True,False
ENSG00000186230,4.095,False,False
ENSG00000186231,0.32,False,False
ENSG00000186234,0.0,False,True
ENSG00000186235,0.32,True,False
ENSG00000186260,1.5899999999999999,True,False
ENSG00000186272,2.8449999999999998,True,False
ENSG00000186280,0.18000000000000002,True,False
ENSG00000186283,6.12,False,False
ENSG00000186298,43.6,False,False
ENSG00000186300,2.99,True,False
ENSG00000186301,0.045,False,True
ENSG00000186314,5.47,True,False
ENSG00000186318,0.16499999999999998,True,False
ENSG00000186326,0.025,True,True
ENSG00000186340,0.01,False,True
ENSG00000186352,1.7399999999999998,False,False
ENSG00000186364,1.5,True,False
ENSG00000186369,0.0,False,True
ENSG00000186376,1.355,True,False
ENSG00000186416,6.5649999999999995,False,False
ENSG00000186417,0.065,False,True
ENSG00000186432,14.905000000000001,False,False
ENSG00000186446,0.615,False,False
ENSG00000186468,4536.38,False,False
ENSG00000186470,2.58,True,False
ENSG00000186472,0.0,True,True
ENSG00000186479,0.0,False,True
ENSG00000186480,41.64,False,False
ENSG00000186496,0.97,True,False
ENSG00000186501,5.88,False,False
ENSG00000186532,0.835,True,False
ENSG00000186564,0.08,True,True
ENSG00000186566,8.41,False,False
ENSG00000186575,1.92,False,False
ENSG00000186577,8.4,False,False
ENSG00000186591,4.375,False,False
ENSG00000186594,1.685,True,False
ENSG00000186615,0.875,True,False
ENSG00000186625,16.1,False,False
ENSG00000186635,0.14,False,False
ENSG00000186638,0.43,True,False
ENSG00000186648,0.0,True,True
ENSG00000186654,0.065,True,True
ENSG00000186660,15.56,False,False
ENSG00000186665,6.305,True,False
ENSG00000186666,3.7750000000000004,True,False
ENSG00000186687,48.33,False,False
ENSG00000186716,0.3,False,False
ENSG00000186767,8.44,False,False
ENSG00000186787,3.7699999999999996,True,False
ENSG00000186790,0.0,False,True
ENSG00000186792,0.39,True,False
ENSG00000186806,0.74,False,False
ENSG00000186812,4.705,True,False
ENSG00000186814,2.745,True,False
ENSG00000186815,0.5249999999999999,False,False
ENSG00000186834,1.15,True,False
ENSG00000186838,0.02,False,True
ENSG00000186854,0.06,True,True
ENSG00000186862,0.005,True,True
ENSG00000186866,1.8399999999999999,True,False
ENSG00000186868,0.07,True,True
ENSG00000186871,4.33,True,False
ENSG00000186891,0.0,True,True
ENSG00000186897,0.055,True,True
ENSG00000186907,0.0,True,True
ENSG00000186908,6.365,False,False
ENSG00000186918,2.44,True,False
ENSG00000186919,0.005,False,True
ENSG00000186951,0.5,True,False
ENSG00000186952,0.525,True,False
ENSG00000186960,0.055,True,True
ENSG00000186973,0.0,False,True
ENSG00000186994,0.01,True,True
ENSG00000186998,0.18,True,False
ENSG00000187013,0.0,True,True
ENSG00000187017,0.0,True,True
ENSG00000187049,17.31,True,False
ENSG00000187051,2.2,False,False
ENSG00000187068,0.0,False,True
ENSG00000187079,1.07,True,False
ENSG00000187094,0.0,False,True
ENSG00000187097,1.775,True,False
ENSG00000187098,6.18,True,False
ENSG00000187109,193.93,False,False
ENSG00000187118,35.475,False,False
ENSG00000187122,0.005,False,True
ENSG00000187140,0.11,True,False
ENSG00000187147,4.125,False,False
ENSG00000187151,0.01,False,True
ENSG00000187186,1.245,False,False
ENSG00000187189,0.47,True,False
ENSG00000187193,15.585,True,False
ENSG00000187231,0.28,True,False
ENSG00000187239,1.455,True,False
ENSG00000187240,0.155,True,False
ENSG00000187257,5.6,True,False
ENSG00000187266,0.96,True,False
ENSG00000187325,13.235,False,False
ENSG00000187416,0.185,False,False
ENSG00000187446,54.965,False,False
ENSG00000187479,0.05,False,True
ENSG00000187486,0.005,False,True
ENSG00000187510,0.01,True,True
ENSG00000187514,915.63,False,False
ENSG00000187522,48.14,False,False
ENSG00000187531,0.9600000000000001,True,False
ENSG00000187535,0.27,True,False
ENSG00000187554,0.7150000000000001,True,False
ENSG00000187556,0.0,True,True
ENSG00000187583,0.005,False,True
ENSG00000187601,2.715,True,False
ENSG00000187605,0.42,False,False
ENSG00000187607,6.9399999999999995,True,False
ENSG00000187608,5.609999999999999,True,False
ENSG00000187609,0.22999999999999998,True,False
ENSG00000187624,0.005,False,True
ENSG00000187626,0.8049999999999999,True,False
ENSG00000187634,0.005,True,True
ENSG00000187650,0.04,True,True
ENSG00000187664,0.0,True,True
ENSG00000187676,0.79,True,False
ENSG00000187678,1.9449999999999998,False,False
ENSG00000187686,0.0,False,True
ENSG00000187688,7.725,False,False
ENSG00000187713,6.835,False,False
ENSG00000187730,0.0,False,True
ENSG00000187735,36.03,False,False
ENSG00000187736,11.385000000000002,False,False
ENSG00000187741,5.359999999999999,False,False
ENSG00000187742,2.69,True,False
ENSG00000187764,0.4,True,False
ENSG00000187773,0.03,False,True
ENSG00000187778,51.47,False,False
ENSG00000187790,4.2,False,False
ENSG00000187792,0.16,True,False
ENSG00000187796,1.585,False,False
ENSG00000187800,0.69,True,False
ENSG00000187801,1.3399999999999999,True,False
ENSG00000187808,0.015,True,True
ENSG00000187815,1.255,True,False
ENSG00000187837,1359.37,False,False
ENSG00000187838,1.96,True,False
ENSG00000187840,13.64,False,False
ENSG00000187848,0.0,False,True
ENSG00000187855,0.0,False,True
ENSG00000187860,0.055,True,True
ENSG00000187866,1.065,True,False
ENSG00000187902,0.015,True,True
ENSG00000187954,0.675,False,False
ENSG00000187957,0.0,True,True
ENSG00000187961,0.135,True,False
ENSG00000187984,0.015,True,True
ENSG00000187987,0.005,True,True
ENSG00000187994,0.51,True,False
ENSG00000187997,3.6100000000000003,True,False
ENSG00000188002,2.02,False,False
ENSG00000188004,0.0,False,True
ENSG00000188010,28.205,False,False
ENSG00000188021,1.32,False,False
ENSG00000188026,0.55,True,False
ENSG00000188033,0.5,True,False
ENSG00000188042,0.0,True,True
ENSG00000188060,0.0,True,True
ENSG00000188064,0.0,True,True
ENSG00000188070,0.33999999999999997,True,False
ENSG00000188092,5.545,True,False
ENSG00000188095,0.07,False,True
ENSG00000188130,0.785,False,False
ENSG00000188153,0.33499999999999996,True,False
ENSG00000188157,0.05500000000000001,False,True
ENSG00000188167,0.205,True,False
ENSG00000188171,3.8600000000000003,True,False
ENSG00000188176,0.0,False,True
ENSG00000188177,0.33,True,False
ENSG00000188185,0.065,True,True
ENSG00000188186,177.805,False,False
ENSG00000188191,0.8,False,False
ENSG00000188211,2.785,True,False
ENSG00000188215,1.12,True,False
ENSG00000188223,0.635,False,False
ENSG00000188229,21.009999999999998,False,False
ENSG00000188242,4.125,False,False
ENSG00000188243,86.22,True,False
ENSG00000188266,2.245,False,False
ENSG00000188283,1.645,True,False
ENSG00000188290,0.02,True,True
ENSG00000188295,4.175,True,False
ENSG00000188305,0.01,True,True
ENSG00000188312,4.87,True,False
ENSG00000188313,84.58,False,False
ENSG00000188321,6.785,True,False
ENSG00000188338,0.0,True,True
ENSG00000188342,13.275,True,False
ENSG00000188343,2.365,True,False
ENSG00000188352,1.2650000000000001,True,False
ENSG00000188365,0.01,True,True
ENSG00000188368,0.04,False,True
ENSG00000188372,1.3900000000000001,False,False
ENSG00000188373,0.0,True,True
ENSG00000188389,0.0,True,True
ENSG00000188396,0.0,False,True
ENSG00000188419,2.73,True,False
ENSG00000188428,5.84,True,False
ENSG00000188451,0.055,False,True
ENSG00000188452,0.07,False,True
ENSG00000188483,0.125,False,False
ENSG00000188486,4.6,False,False
ENSG00000188493,3.2199999999999998,False,False
ENSG00000188511,0.865,False,False
ENSG00000188522,0.005,True,True
ENSG00000188529,132.08499999999998,False,False
ENSG00000188542,2.5300000000000002,True,False
ENSG00000188554,3.08,False,False
ENSG00000188559,0.21,True,False
ENSG00000188566,0.05,False,True
ENSG00000188582,0.04,True,True
ENSG00000188596,0.03,True,True
ENSG00000188603,2.795,False,False
ENSG00000188610,8.635,True,False
ENSG00000188612,512.45,True,False
ENSG00000188613,0.02,False,True
ENSG00000188620,0.0,True,True
ENSG00000188626,0.0,False,True
ENSG00000188629,0.33999999999999997,True,False
ENSG00000188636,0.7949999999999999,False,False
ENSG00000188647,6.945,False,False
ENSG00000188649,0.25,True,False
ENSG00000188659,5.805,True,False
ENSG00000188672,21.2,True,False
ENSG00000188687,0.08,True,True
ENSG00000188690,4.625,False,False
ENSG00000188693,0.01,False,True
ENSG00000188706,4.824999999999999,True,False
ENSG00000188707,1.61,False,False
ENSG00000188725,11.94,False,False
ENSG00000188735,2.3,True,False
ENSG00000188739,77.32499999999999,False,False
ENSG00000188747,0.005,False,True
ENSG00000188760,0.01,False,True
ENSG00000188763,0.0,False,True
ENSG00000188766,0.155,True,False
ENSG00000188770,0.0,False,True
ENSG00000188779,0.0,False,True
ENSG00000188783,0.0,False,True
ENSG00000188785,1.165,False,False
ENSG00000188786,1.565,True,False
ENSG00000188807,0.305,False,False
ENSG00000188811,3.7249999999999996,True,False
ENSG00000188825,0.905,True,False
ENSG00000188827,0.225,True,False
ENSG00000188833,0.0,True,True
ENSG00000188846,1428.045,False,False
ENSG00000188859,0.005,True,True
ENSG00000188868,0.165,True,False
ENSG00000188878,0.19,True,False
ENSG00000188883,0.0,True,True
ENSG00000188895,8.385,False,False
ENSG00000188897,0.0,False,True
ENSG00000188910,0.0,False,True
ENSG00000188917,2.2600000000000002,False,False
ENSG00000188938,13.15,False,False
ENSG00000188958,0.0,False,True
ENSG00000188976,2.8,False,False
ENSG00000188986,0.2,False,False
ENSG00000188994,4.32,True,False
ENSG00000188997,0.36,True,False
ENSG00000189007,9.14,False,False
ENSG00000189042,5.300000000000001,True,False
ENSG00000189043,476.88,False,False
ENSG00000189046,5.365,False,False
ENSG00000189050,44.015,True,False
ENSG00000189056,8.44,True,False
ENSG00000189060,0.0,True,True
ENSG00000189077,2.15,False,False
ENSG00000189079,26.84,False,False
ENSG00000189091,125.74,False,False
ENSG00000189114,11.094999999999999,True,False
ENSG00000189127,0.0,True,True
ENSG00000189136,0.5700000000000001,True,False
ENSG00000189149,0.21000000000000002,True,False
ENSG00000189157,7.130000000000001,False,False
ENSG00000189164,0.435,True,False
ENSG00000189167,0.025,False,True
ENSG00000189180,8.21,True,False
ENSG00000189190,8.255,False,False
ENSG00000189195,0.395,False,False
ENSG00000189221,0.85,False,False
ENSG00000189227,1.585,True,False
ENSG00000189241,25.03,False,False
ENSG00000189266,110.3,False,False
ENSG00000189283,3.3449999999999998,True,False
ENSG00000189298,2.75,True,False
ENSG00000189306,2.51,False,False
ENSG00000189308,1.35,False,False
ENSG00000189319,0.02,False,True
ENSG00000189337,3.765,False,False
ENSG00000189339,2.91,False,False
ENSG00000189362,0.165,True,False
ENSG00000189366,0.61,False,False
ENSG00000189369,1.03,True,False
ENSG00000189376,13.295,True,False
ENSG00000189403,1245.9,False,False
ENSG00000189410,0.0,True,True
ENSG00000189419,0.0,False,True
ENSG00000189420,0.22,True,False
ENSG00000189430,0.17,False,False
ENSG00000196072,31.92,True,False
ENSG00000196074,0.47500000000000003,True,False
ENSG00000196081,0.135,True,False
ENSG00000196083,0.13,True,False
ENSG00000196096,0.0,False,True
ENSG00000196110,0.16499999999999998,True,False
ENSG00000196116,1.3250000000000002,True,False
ENSG00000196118,3.355,True,False
ENSG00000196123,2.4050000000000002,True,False
ENSG00000196132,0.005,True,True
ENSG00000196141,7.484999999999999,False,False
ENSG00000196150,2.695,True,False
ENSG00000196151,3.975,True,False
ENSG00000196152,0.52,True,False
ENSG00000196155,2.8200000000000003,False,False
ENSG00000196159,0.0,True,True
ENSG00000196172,1.97,False,False
ENSG00000196177,3.96,True,False
ENSG00000196182,0.7,False,False
ENSG00000196187,1.105,False,False
ENSG00000196189,0.03,True,True
ENSG00000196199,6.5,True,False
ENSG00000196204,63.3,False,False
ENSG00000196205,68.75,True,False
ENSG00000196214,6.265000000000001,True,False
ENSG00000196220,0.28500000000000003,True,False
ENSG00000196227,3.82,True,False
ENSG00000196230,741.89,False,False
ENSG00000196233,4.1450000000000005,False,False
ENSG00000196235,12.094999999999999,False,False
ENSG00000196236,12.715,False,False
ENSG00000196247,1.52,True,False
ENSG00000196260,0.0,False,True
ENSG00000196262,2295.005,False,False
ENSG00000196268,3.8549999999999995,True,False
ENSG00000196284,9.985,True,False
ENSG00000196290,53.18,True,False
ENSG00000196295,14.815000000000001,False,False
ENSG00000196296,0.315,False,False
ENSG00000196305,68.36,False,False
ENSG00000196312,3.115,False,False
ENSG00000196313,2.71,False,False
ENSG00000196323,5.734999999999999,False,False
ENSG00000196337,0.0,True,True
ENSG00000196345,0.0,True,True
ENSG00000196352,18.575000000000003,False,False
ENSG00000196358,0.0,False,True
ENSG00000196361,0.0,True,True
ENSG00000196363,2.05,False,False
ENSG00000196365,1.0150000000000001,False,False
ENSG00000196366,0.030000000000000002,False,True
ENSG00000196367,0.815,False,False
ENSG00000196371,0.8049999999999999,True,False
ENSG00000196372,3.745,True,False
ENSG00000196376,0.03,True,True
ENSG00000196378,0.515,True,False
ENSG00000196387,1.5150000000000001,False,False
ENSG00000196388,0.245,False,False
ENSG00000196391,0.24,True,False
ENSG00000196396,11.969999999999999,False,False
ENSG00000196405,2.09,False,False
ENSG00000196408,0.0,True,True
ENSG00000196411,1.19,True,False
ENSG00000196419,107.185,False,False
ENSG00000196422,0.63,True,False
ENSG00000196428,31.04,False,False
ENSG00000196437,1.325,True,False
ENSG00000196449,8.129999999999999,False,False
ENSG00000196453,0.07500000000000001,False,True
ENSG00000196455,13.39,False,False
ENSG00000196456,0.055,True,True
ENSG00000196458,0.49,True,False
ENSG00000196459,20.439999999999998,False,False
ENSG00000196460,0.0,True,True
ENSG00000196465,41.120000000000005,False,False
ENSG00000196466,0.56,True,False
ENSG00000196476,1.4,True,False
ENSG00000196497,5.050000000000001,False,False
ENSG00000196498,0.14,False,False
ENSG00000196504,129.16500000000002,False,False
ENSG00000196505,3.24,False,False
ENSG00000196510,29.225,False,False
ENSG00000196511,10.835,True,False
ENSG00000196517,0.11499999999999999,False,False
ENSG00000196526,0.005,True,True
ENSG00000196535,1.5350000000000001,True,False
ENSG00000196542,0.0,True,True
ENSG00000196544,0.005,True,True
ENSG00000196547,4.8100000000000005,False,False
ENSG00000196562,0.0,True,True
ENSG00000196576,0.095,False,True
ENSG00000196584,10.18,False,False
ENSG00000196586,0.795,True,False
ENSG00000196588,0.6,False,False
ENSG00000196605,2.725,True,False
ENSG00000196636,286.475,False,False
ENSG00000196642,4.1000000000000005,False,False
ENSG00000196646,0.7849999999999999,True,False
ENSG00000196652,2.56,False,False
ENSG00000196653,0.335,True,False
ENSG00000196655,359.7,False,False
ENSG00000196659,0.31,True,False
ENSG00000196663,0.035,True,True
ENSG00000196668,1.08,True,False
ENSG00000196670,9.004999999999999,False,False
ENSG00000196678,15.25,False,False
ENSG00000196683,573.235,False,False
ENSG00000196693,5.835,False,False
ENSG00000196696,0.44,True,False
ENSG00000196700,0.025,True,True
ENSG00000196704,40.66,True,False
ENSG00000196705,2.015,False,False
ENSG00000196711,0.0,False,True
ENSG00000196712,5.08,False,False
ENSG00000196715,4.01,False,False
ENSG00000196724,0.175,True,False
ENSG00000196730,1.56,False,False
ENSG00000196739,0.0,False,True
ENSG00000196741,0.52,True,False
ENSG00000196743,5.01,True,False
ENSG00000196747,1.44,False,False
ENSG00000196748,0.0,True,True
ENSG00000196756,20.97,False,False
ENSG00000196757,7.02,True,False
ENSG00000196776,7.1,False,False
ENSG00000196782,0.02,False,True
ENSG00000196787,4.18,False,False
ENSG00000196792,4.130000000000001,False,False
ENSG00000196793,9.065,False,False
ENSG00000196810,0.6950000000000001,True,False
ENSG00000196814,0.0,True,True
ENSG00000196821,15.23,False,False
ENSG00000196826,0.0,False,True
ENSG00000196839,2.005,True,False
ENSG00000196843,0.095,True,True
ENSG00000196850,1.94,False,False
ENSG00000196865,1.385,False,False
ENSG00000196866,0.085,False,True
ENSG00000196876,0.0,False,True
ENSG00000196890,0.275,False,False
ENSG00000196911,1.94,True,False
ENSG00000196912,5.42,True,False
ENSG00000196914,3.04,False,False
ENSG00000196917,0.0,False,True
ENSG00000196923,1.745,False,False
ENSG00000196924,5.715,False,False
ENSG00000196935,0.02,False,True
ENSG00000196937,8.75,True,False
ENSG00000196943,0.7849999999999999,False,False
ENSG00000196951,7.984999999999999,True,False
ENSG00000196961,0.77,False,False
ENSG00000196967,21.455,False,False
ENSG00000196968,5.1899999999999995,False,False
ENSG00000196975,9.024999999999999,True,False
ENSG00000196976,22.645,True,False
ENSG00000196981,2.495,True,False
ENSG00000196998,16.48,False,False
ENSG00000197006,9.25,False,False
ENSG00000197008,11.285,True,False
ENSG00000197019,0.24,True,False
ENSG00000197020,2.925,False,False
ENSG00000197021,23.54,False,False
ENSG00000197024,2.22,False,False
ENSG00000197037,0.89,False,False
ENSG00000197043,0.93,True,False
ENSG00000197044,1.365,True,False
ENSG00000197045,12.84,True,False
ENSG00000197056,8.525,False,False
ENSG00000197061,10742.035,False,False
ENSG00000197062,4.76,True,False
ENSG00000197063,0.985,False,False
ENSG00000197070,0.33,False,False
ENSG00000197077,0.0,True,True
ENSG00000197081,2.4749999999999996,False,False
ENSG00000197093,0.095,True,True
ENSG00000197102,22.939999999999998,False,False
ENSG00000197111,217.64499999999998,False,False
ENSG00000197114,0.12000000000000001,False,False
ENSG00000197119,0.095,True,True
ENSG00000197121,0.06,True,True
ENSG00000197122,0.065,True,True
ENSG00000197128,0.14,True,False
ENSG00000197136,0.07,False,True
ENSG00000197147,3.43,False,False
ENSG00000197150,5.45,False,False
ENSG00000197153,0.28,False,False
ENSG00000197157,37.995000000000005,False,False
ENSG00000197162,0.485,True,False
ENSG00000197168,0.18,True,False
ENSG00000197170,26.814999999999998,False,False
ENSG00000197180,3.7,False,False
ENSG00000197183,3.525,True,False
ENSG00000197191,0.0,False,True
ENSG00000197208,2.05,True,False
ENSG00000197217,1.095,False,False
ENSG00000197226,2.195,False,False
ENSG00000197238,7.05,False,False
ENSG00000197245,0.025,True,True
ENSG00000197256,3.37,False,False
ENSG00000197265,16.79,False,False
ENSG00000197275,11.385,True,False
ENSG00000197279,2.075,True,False
ENSG00000197283,0.07,True,True
ENSG00000197296,0.41000000000000003,True,False
ENSG00000197299,13.27,False,False
ENSG00000197302,8.844999999999999,True,False
ENSG00000197308,0.0,True,True
ENSG00000197312,4.475,False,False
ENSG00000197321,0.125,True,False
ENSG00000197323,7.870000000000001,False,False
ENSG00000197324,1.455,False,False
ENSG00000197329,2.165,True,False
ENSG00000197332,0.245,False,False
ENSG00000197343,17.945,False,False
ENSG00000197345,332.705,False,False
ENSG00000197355,0.15000000000000002,True,False
ENSG00000197362,0.265,True,False
ENSG00000197363,1.25,True,False
ENSG00000197372,8.89,True,False
ENSG00000197375,2.08,False,False
ENSG00000197380,0.525,True,False
ENSG00000197381,5.36,True,False
ENSG00000197385,0.0,True,True
ENSG00000197386,0.8,True,False
ENSG00000197409,0.165,False,False
ENSG00000197410,0.24,True,False
ENSG00000197417,1.705,False,False
ENSG00000197429,8.14,True,False
ENSG00000197442,1.59,True,False
ENSG00000197444,0.02,True,True
ENSG00000197451,23.174999999999997,False,False
ENSG00000197457,0.48,False,False
ENSG00000197461,5.9350000000000005,True,False
ENSG00000197467,0.0,False,True
ENSG00000197471,15.505,False,False
ENSG00000197472,6.03,False,False
ENSG00000197483,0.01,True,True
ENSG00000197497,2.0,True,False
ENSG00000197498,214.69,True,False
ENSG00000197530,0.015,True,True
ENSG00000197535,0.030000000000000002,True,True
ENSG00000197536,0.195,True,False
ENSG00000197548,13.15,False,False
ENSG00000197555,2.045,True,False
ENSG00000197557,0.35,True,False
ENSG00000197562,0.125,False,False
ENSG00000197563,8.295,False,False
ENSG00000197565,0.0,True,True
ENSG00000197566,0.21,True,False
ENSG00000197568,17.155,True,False
ENSG00000197579,2.745,True,False
ENSG00000197586,0.59,False,False
ENSG00000197587,0.2,True,False
ENSG00000197594,0.03,True,True
ENSG00000197601,10.754999999999999,True,False
ENSG00000197608,2.0949999999999998,True,False
ENSG00000197619,0.6599999999999999,True,False
ENSG00000197620,5.220000000000001,True,False
ENSG00000197622,51.135,False,False
ENSG00000197629,0.0,True,True
ENSG00000197647,1.51,True,False
ENSG00000197694,1.06,True,False
ENSG00000197712,0.9750000000000001,True,False
ENSG00000197713,27.235,False,False
ENSG00000197714,0.5900000000000001,False,False
ENSG00000197721,48.695,True,False
ENSG00000197724,0.28500000000000003,True,False
ENSG00000197728,1169.855,False,False
ENSG00000197734,0.0,False,True
ENSG00000197745,0.0,False,True
ENSG00000197746,291.54499999999996,False,False
ENSG00000197747,0.13,False,False
ENSG00000197748,0.02,False,True
ENSG00000197756,1816.295,False,False
ENSG00000197757,0.065,True,True
ENSG00000197766,0.41000000000000003,True,False
ENSG00000197771,7.975,False,False
ENSG00000197774,0.27,True,False
ENSG00000197776,0.15000000000000002,True,False
ENSG00000197779,7.055,True,False
ENSG00000197780,13.55,True,False
ENSG00000197782,24.62,True,False
ENSG00000197785,0.12000000000000001,False,False
ENSG00000197798,20.08,True,False
ENSG00000197813,0.355,True,False
ENSG00000197818,0.505,True,False
ENSG00000197822,0.04,True,True
ENSG00000197826,0.41500000000000004,True,False
ENSG00000197841,2.34,True,False
ENSG00000197852,0.0,True,True
ENSG00000197857,1.95,True,False
ENSG00000197858,0.745,False,False
ENSG00000197860,0.905,True,False
ENSG00000197863,0.18,True,False
ENSG00000197872,1.7799999999999998,False,False
ENSG00000197879,0.345,False,False
ENSG00000197885,3.825,True,False
ENSG00000197889,0.47000000000000003,False,False
ENSG00000197892,1.645,True,False
ENSG00000197894,143.34,True,False
ENSG00000197903,247.79500000000002,False,False
ENSG00000197905,0.505,True,False
ENSG00000197912,4.52,False,False
ENSG00000197921,0.0,False,True
ENSG00000197930,15.3,False,False
ENSG00000197933,3.915,True,False
ENSG00000197935,3.01,True,False
ENSG00000197937,2.34,True,False
ENSG00000197943,0.72,True,False
ENSG00000197948,0.475,False,False
ENSG00000197951,0.0,True,True
ENSG00000197956,51.555,True,False
ENSG00000197958,1673.23,True,False
ENSG00000197961,16.785,False,False
ENSG00000197965,13.52,False,False
ENSG00000197969,4.5600000000000005,False,False
ENSG00000197976,1.1400000000000001,True,False
ENSG00000197977,0.125,False,False
ENSG00000197980,1.0550000000000002,True,False
ENSG00000197982,3.145,False,False
ENSG00000197989,21.549999999999997,False,False
ENSG00000197993,6.65,True,False
ENSG00000198000,56.595,False,False
ENSG00000198001,8.47,False,False
ENSG00000198003,0.025,False,True
ENSG00000198015,574.315,False,False
ENSG00000198018,0.88,False,False
ENSG00000198026,0.28500000000000003,True,False
ENSG00000198034,623.105,False,False
ENSG00000198040,5.595000000000001,False,False
ENSG00000198042,34.46,False,False
ENSG00000198049,0.0,False,True
ENSG00000198053,0.0,True,True
ENSG00000198055,0.585,False,False
ENSG00000198056,114.86500000000001,False,False
ENSG00000198060,2.875,False,False
ENSG00000198081,2.165,True,False
ENSG00000198087,6.6,False,False
ENSG00000198088,30.32,True,False
ENSG00000198089,2.7800000000000002,False,False
ENSG00000198093,0.735,False,False
ENSG00000198105,2.625,True,False
ENSG00000198108,0.0,True,True
ENSG00000198113,4.74,False,False
ENSG00000198131,17.525,False,False
ENSG00000198133,0.0,True,True
ENSG00000198146,3.3600000000000003,False,False
ENSG00000198157,10.425,True,False
ENSG00000198160,14.985,False,False
ENSG00000198162,2.51,False,False
ENSG00000198168,33.355000000000004,True,False
ENSG00000198169,1.155,True,False
ENSG00000198171,1.585,False,False
ENSG00000198176,23.905,False,False
ENSG00000198182,0.335,True,False
ENSG00000198185,0.0,True,True
ENSG00000198189,69.995,False,False
ENSG00000198198,0.91,False,False
ENSG00000198208,1.27,False,False
ENSG00000198211,0.025,False,True
ENSG00000198216,0.0,False,True
ENSG00000198218,13.370000000000001,False,False
ENSG00000198221,0.79,True,False
ENSG00000198231,10.9,False,False
ENSG00000198242,4830.67,False,False
ENSG00000198246,4.585,True,False
ENSG00000198252,7.495,True,False
ENSG00000198258,825.235,False,False
ENSG00000198265,7.375,False,False
ENSG00000198270,13.030000000000001,False,False
ENSG00000198276,2.43,False,False
ENSG00000198286,0.065,True,True
ENSG00000198298,7.415,True,False
ENSG00000198301,76.68,False,False
ENSG00000198315,1.965,False,False
ENSG00000198324,0.02,True,True
ENSG00000198342,1.81,False,False
ENSG00000198346,0.75,True,False
ENSG00000198353,0.03,True,True
ENSG00000198355,0.175,True,False
ENSG00000198356,7.640000000000001,False,False
ENSG00000198363,8.86,False,False
ENSG00000198369,3.8049999999999997,False,False
ENSG00000198373,1.24,False,False
ENSG00000198380,5.654999999999999,False,False
ENSG00000198382,2.08,True,False
ENSG00000198393,0.8300000000000001,True,False
ENSG00000198399,4.01,False,False
ENSG00000198400,0.405,True,False
ENSG00000198408,10.47,False,False
ENSG00000198417,0.065,False,True
ENSG00000198420,4.29,False,False
ENSG00000198429,2.645,False,False
ENSG00000198431,70.57,False,False
ENSG00000198435,0.02,True,True
ENSG00000198455,0.395,True,False
ENSG00000198464,20.119999999999997,True,False
ENSG00000198466,2.415,False,False
ENSG00000198467,0.23500000000000001,True,False
ENSG00000198468,2.795,True,False
ENSG00000198478,3.255,True,False
ENSG00000198482,2.25,False,False
ENSG00000198483,0.025,True,True
ENSG00000198492,33.08,False,False
ENSG00000198496,7.4,True,False
ENSG00000198498,33.7,False,False
ENSG00000198513,0.025,True,True
ENSG00000198515,0.065,True,True
ENSG00000198517,0.02,True,True
ENSG00000198520,0.0,True,True
ENSG00000198521,2.23,True,False
ENSG00000198522,84.645,False,False
ENSG00000198535,0.0,True,True
ENSG00000198538,17.15,True,False
ENSG00000198546,0.835,False,False
ENSG00000198547,0.47500000000000003,False,False
ENSG00000198551,4.395,False,False
ENSG00000198554,7.075,False,False
ENSG00000198556,4.01,False,False
ENSG00000198563,337.51,False,False
ENSG00000198585,0.935,True,False
ENSG00000198589,16.055,False,False
ENSG00000198597,0.0,False,True
ENSG00000198598,0.0,True,True
ENSG00000198604,14.11,False,False
ENSG00000198612,54.265,False,False
ENSG00000198624,0.555,True,False
ENSG00000198625,6.835,False,False
ENSG00000198646,5.955,False,False
ENSG00000198648,0.13,False,False
ENSG00000198663,22.905,False,False
ENSG00000198668,44.56,False,False
ENSG00000198677,21.965,False,False
ENSG00000198689,3.41,False,False
ENSG00000198700,17.36,False,False
ENSG00000198707,7.619999999999999,True,False
ENSG00000198715,9.655000000000001,True,False
ENSG00000198718,0.815,True,False
ENSG00000198719,0.0,True,True
ENSG00000198720,0.14,True,False
ENSG00000198721,214.43,False,False
ENSG00000198722,1.435,False,False
ENSG00000198728,1.5950000000000002,False,False
ENSG00000198729,10.17,True,False
ENSG00000198730,15.47,False,False
ENSG00000198736,5.665,False,False
ENSG00000198740,4.46,False,False
ENSG00000198742,0.69,True,False
ENSG00000198743,2.245,False,False
ENSG00000198746,1.245,True,False
ENSG00000198752,0.15,False,False
ENSG00000198755,1512.12,False,False
ENSG00000198756,12.335,True,False
ENSG00000198759,0.0,False,True
ENSG00000198771,4.875,False,False
ENSG00000198783,8.555,True,False
ENSG00000198791,31.775,False,False
ENSG00000198792,0.31,False,False
ENSG00000198793,7.5200000000000005,False,False
ENSG00000198794,0.0,False,True
ENSG00000198795,0.545,True,False
ENSG00000198799,1.155,False,False
ENSG00000198805,68.27,False,False
ENSG00000198814,5.025,True,False
ENSG00000198815,7.835,False,False
ENSG00000198816,0.045,True,True
ENSG00000198818,52.315,False,False
ENSG00000198821,0.0,True,True
ENSG00000198824,0.45,False,False
ENSG00000198825,1.065,True,False
ENSG00000198826,12.46,False,False
ENSG00000198830,609.1,False,False
ENSG00000198833,8.23,False,False
ENSG00000198836,13.135000000000002,False,False
ENSG00000198837,9.33,False,False
ENSG00000198839,16.94,True,False
ENSG00000198841,2.0949999999999998,True,False
ENSG00000198843,210.245,False,False
ENSG00000198846,0.005,True,True
ENSG00000198853,0.185,True,False
ENSG00000198855,0.74,True,False
ENSG00000198856,711.395,False,False
ENSG00000198858,2.38,False,False
ENSG00000198860,17.810000000000002,False,False
ENSG00000198862,14.23,False,False
ENSG00000198863,2.445,True,False
ENSG00000198865,8.525,False,False
ENSG00000198870,0.09,False,True
ENSG00000198873,0.0,True,True
ENSG00000198874,12.19,False,False
ENSG00000198876,7.25,False,False
ENSG00000198879,0.77,True,False
ENSG00000198885,0.97,True,False
ENSG00000198887,2.145,False,False
ENSG00000198890,4.045,False,False
ENSG00000198892,0.005,True,True
ENSG00000198894,2.9850000000000003,False,False
ENSG00000198900,18.05,False,False
ENSG00000198901,100.82,False,False
ENSG00000198909,0.59,False,False
ENSG00000198911,0.77,False,False
ENSG00000198912,27.68,True,False
ENSG00000198917,7.5,False,False
ENSG00000198918,2455.335,False,False
ENSG00000198919,3.2350000000000003,True,False
ENSG00000198920,1.16,True,False
ENSG00000198924,5.12,False,False
ENSG00000198925,0.155,False,False
ENSG00000198929,0.060000000000000005,False,True
ENSG00000198931,32.785,False,False
ENSG00000198933,0.035,True,True
ENSG00000198934,0.01,False,True
ENSG00000198937,81.17,False,False
ENSG00000198951,4.25,False,False
ENSG00000198952,0.88,False,False
ENSG00000198954,6.035,False,False
ENSG00000198959,4.385,True,False
ENSG00000198960,28.380000000000003,True,False
ENSG00000198961,19.479999999999997,False,False
ENSG00000198963,0.0,True,True
ENSG00000198964,15.765,False,False
ENSG00000198973,0.0,True,True
ENSG00000198976,0.0,False,True
ENSG00000198984,0.0,True,True
ENSG00000198987,0.0,False,True
ENSG00000199023,0.0,True,True
ENSG00000199032,0.0,False,True
ENSG00000199036,0.0,False,True
ENSG00000199038,0.0,False,True
ENSG00000199047,0.0,False,True
ENSG00000199059,0.0,False,True
ENSG00000199077,0.0,False,True
ENSG00000199085,0.0,False,True
ENSG00000199121,0.0,False,True
ENSG00000199130,0.0,False,True
ENSG00000199168,0.0,False,True
ENSG00000199179,0.0,False,True
ENSG00000199266,0.0,True,True
ENSG00000199289,0.0,False,True
ENSG00000199290,0.0,False,True
ENSG00000199293,0.925,True,False
ENSG00000199325,1.995,False,False
ENSG00000199332,0.0,True,True
ENSG00000199335,0.0,True,True
ENSG00000199347,0.0,True,True
ENSG00000199357,0.0,False,True
ENSG00000199368,0.0,False,True
ENSG00000199377,0.0,True,True
ENSG00000199385,0.0,False,True
ENSG00000199398,0.0,False,True
ENSG00000199461,0.0,False,True
ENSG00000199477,1.59,True,False
ENSG00000199482,0.0,True,True
ENSG00000199492,0.0,False,True
ENSG00000199506,0.0,False,True
ENSG00000199516,0.0,False,True
ENSG00000199545,0.0,False,True
ENSG00000199565,0.0,False,True
ENSG00000199568,0.0,True,True
ENSG00000199574,0.0,False,True
ENSG00000199598,0.0,False,True
ENSG00000199603,0.0,False,True
ENSG00000199631,0.0,False,True
ENSG00000199636,0.0,False,True
ENSG00000199664,0.0,False,True
ENSG00000199673,0.0,False,True
ENSG00000199705,0.0,True,True
ENSG00000199744,0.0,False,True
ENSG00000199753,0.0,False,True
ENSG00000199785,0.0,True,True
ENSG00000199836,0.0,True,True
ENSG00000199866,0.0,False,True
ENSG00000199875,0.0,False,True
ENSG00000199879,0.0,True,True
ENSG00000199890,0.0,False,True
ENSG00000199940,0.0,False,True
ENSG00000199961,0.0,False,True
ENSG00000199964,0.0,False,True
ENSG00000199971,0.0,True,True
ENSG00000199990,0.0,False,True
ENSG00000200084,0.0,False,True
ENSG00000200087,17.384999999999998,False,False
ENSG00000200138,0.0,False,True
ENSG00000200156,0.0,True,True
ENSG00000200169,0.0,True,True
ENSG00000200170,0.0,False,True
ENSG00000200176,0.0,False,True
ENSG00000200225,0.0,False,True
ENSG00000200237,0.0,False,True
ENSG00000200247,0.0,False,True
ENSG00000200252,0.0,True,True
ENSG00000200259,0.0,False,True
ENSG00000200305,0.0,False,True
ENSG00000200309,0.0,False,True
ENSG00000200320,1.76,True,False
ENSG00000200354,2.535,True,False
ENSG00000200370,0.0,True,True
ENSG00000200376,0.0,False,True
ENSG00000200397,0.0,True,True
ENSG00000200418,0.0,True,True
ENSG00000200431,0.0,False,True
ENSG00000200463,16.67,True,False
ENSG00000200530,0.0,False,True
ENSG00000200534,6.42,True,False
ENSG00000200623,0.0,False,True
ENSG00000200646,0.0,False,True
ENSG00000200656,0.0,True,True
ENSG00000200713,0.0,False,True
ENSG00000200737,0.0,False,True
ENSG00000200795,0.855,True,False
ENSG00000200816,0.0,True,True
ENSG00000200831,0.0,False,True
ENSG00000200847,0.0,False,True
ENSG00000200879,0.0,False,True
ENSG00000200884,0.0,False,True
ENSG00000200913,0.0,False,True
ENSG00000200959,0.325,False,False
ENSG00000200972,0.0,True,True
ENSG00000200983,0.65,True,False
ENSG00000200997,5.075,True,False
ENSG00000201032,0.0,False,True
ENSG00000201041,0.0,True,True
ENSG00000201098,0.0,True,True
ENSG00000201134,0.0,True,True
ENSG00000201135,0.0,False,True
ENSG00000201142,0.0,False,True
ENSG00000201153,0.0,False,True
ENSG00000201160,0.0,False,True
ENSG00000201178,0.0,False,True
ENSG00000201183,0.0,True,True
ENSG00000201207,0.0,False,True
ENSG00000201223,0.0,False,True
ENSG00000201229,0.0,True,True
ENSG00000201239,0.0,False,True
ENSG00000201264,0.0,False,True
ENSG00000201277,0.0,False,True
ENSG00000201302,0.0,True,True
ENSG00000201376,0.0,True,True
ENSG00000201403,0.0,False,True
ENSG00000201405,0.0,False,True
ENSG00000201451,0.0,False,True
ENSG00000201487,0.0,False,True
ENSG00000201512,1.24,True,False
ENSG00000201529,0.0,False,True
ENSG00000201555,0.0,False,True
ENSG00000201558,5.83,True,False
ENSG00000201564,0.0,True,True
ENSG00000201581,0.0,True,True
ENSG00000201635,0.0,True,True
ENSG00000201654,0.0,False,True
ENSG00000201675,0.0,False,True
ENSG00000201680,0.0,False,True
ENSG00000201695,0.0,True,True
ENSG00000201749,0.0,False,True
ENSG00000201754,0.0,False,True
ENSG00000201793,0.0,True,True
ENSG00000201801,0.0,True,True
ENSG00000201806,0.0,False,True
ENSG00000201823,0.0,False,True
ENSG00000201850,0.0,False,True
ENSG00000202019,0.0,False,True
ENSG00000202031,0.0,False,True
ENSG00000202050,0.0,False,True
ENSG00000202070,0.0,False,True
ENSG00000202093,0.0,False,True
ENSG00000202198,28.445,False,False
ENSG00000202222,0.0,False,True
ENSG00000202229,0.0,True,True
ENSG00000202231,0.0,False,True
ENSG00000202242,0.0,False,True
ENSG00000202245,0.0,False,True
ENSG00000202252,0.0,True,True
ENSG00000202264,0.0,True,True
ENSG00000202272,0.0,False,True
ENSG00000202310,0.0,False,True
ENSG00000202337,0.0,False,True
ENSG00000202354,0.0,False,True
ENSG00000202360,0.0,False,True
ENSG00000202363,0.0,True,True
ENSG00000202400,0.0,False,True
ENSG00000202408,0.465,True,False
ENSG00000202441,0.0,False,True
ENSG00000202444,0.0,True,True
ENSG00000202474,0.0,False,True
ENSG00000202479,0.0,False,True
ENSG00000202503,0.0,False,True
ENSG00000202515,0.0,False,True
ENSG00000202529,0.0,False,True
ENSG00000202538,2.585,True,False
ENSG00000202569,0.0,False,True
ENSG00000203280,0.0,True,True
ENSG00000203288,0.41000000000000003,True,False
ENSG00000203321,0.02,False,True
ENSG00000203325,0.0,False,True
ENSG00000203326,1.2200000000000002,True,False
ENSG00000203356,0.01,False,True
ENSG00000203441,0.14,False,False
ENSG00000203497,0.7300000000000001,False,False
ENSG00000203499,0.425,False,False
ENSG00000203520,0.0,False,True
ENSG00000203546,0.34,True,False
ENSG00000203593,0.0,False,True
ENSG00000203643,0.0,False,True
ENSG00000203666,45.12,False,False
ENSG00000203667,126.17,True,False
ENSG00000203668,8.27,True,False
ENSG00000203684,0.02,True,True
ENSG00000203685,0.0,False,True
ENSG00000203705,45.145,False,False
ENSG00000203706,0.0,False,True
ENSG00000203710,0.075,True,True
ENSG00000203711,1.635,False,False
ENSG00000203722,0.02,True,True
ENSG00000203724,1.37,True,False
ENSG00000203727,0.075,True,True
ENSG00000203760,191.94,False,False
ENSG00000203761,0.16999999999999998,True,False
ENSG00000203778,9.684999999999999,False,False
ENSG00000203780,0.14,False,False
ENSG00000203791,7.135,True,False
ENSG00000203801,0.0,False,True
ENSG00000203804,0.095,True,True
ENSG00000203805,0.0,True,True
ENSG00000203808,0.0,True,True
ENSG00000203809,0.0,True,True
ENSG00000203814,0.43,False,False
ENSG00000203867,0.44,True,False
ENSG00000203875,1494.885,True,False
ENSG00000203876,0.27999999999999997,False,False
ENSG00000203877,0.0,True,True
ENSG00000203879,0.7,False,False
ENSG00000203880,11.465,False,False
ENSG00000203883,0.16,True,False
ENSG00000203943,0.625,False,False
ENSG00000203950,16.535,True,False
ENSG00000203965,3.915,True,False
ENSG00000203993,0.33499999999999996,True,False
ENSG00000203995,3.16,False,False
ENSG00000204044,0.0,False,True
ENSG00000204052,0.0,True,True
ENSG00000204054,3.995,True,False
ENSG00000204055,0.095,True,True
ENSG00000204060,0.005,False,True
ENSG00000204070,14.215,False,False
ENSG00000204084,9.02,False,False
ENSG00000204103,0.0,True,True
ENSG00000204104,0.835,True,False
ENSG00000204116,0.05,True,True
ENSG00000204120,9.08,False,False
ENSG00000204121,0.0,True,True
ENSG00000204128,0.0,True,True
ENSG00000204130,2.9699999999999998,True,False
ENSG00000204136,0.055,True,True
ENSG00000204138,8.18,False,False
ENSG00000204147,8.395,True,False
ENSG00000204152,4.795,False,False
ENSG00000204160,0.275,False,False
ENSG00000204161,64.405,False,False
ENSG00000204165,5.265000000000001,True,False
ENSG00000204177,1.37,True,False
ENSG00000204178,3.05,True,False
ENSG00000204186,0.0,True,True
ENSG00000204209,27.64,False,False
ENSG00000204217,0.43000000000000005,True,False
ENSG00000204219,0.05,True,True
ENSG00000204220,6.47,False,False
ENSG00000204227,3.09,False,False
ENSG00000204228,2.66,True,False
ENSG00000204231,0.645,False,False
ENSG00000204237,4.085,False,False
ENSG00000204248,0.0,False,True
ENSG00000204252,0.0,True,True
ENSG00000204256,72.36,False,False
ENSG00000204257,0.155,True,False
ENSG00000204261,0.525,True,False
ENSG00000204264,1.7349999999999999,True,False
ENSG00000204267,1.51,True,False
ENSG00000204271,0.975,True,False
ENSG00000204272,19.395,True,False
ENSG00000204277,0.01,False,True
ENSG00000204291,0.45499999999999996,True,False
ENSG00000204304,1.75,False,False
ENSG00000204305,0.84,True,False
ENSG00000204308,48.225,False,False
ENSG00000204310,31.0,False,False
ENSG00000204311,0.43,True,False
ENSG00000204314,0.16999999999999998,True,False
ENSG00000204315,11.925,False,False
ENSG00000204316,4.335,False,False
ENSG00000204334,0.5,False,False
ENSG00000204335,0.02,True,True
ENSG00000204344,25.34,False,False
ENSG00000204348,5.0649999999999995,True,False
ENSG00000204351,2.66,False,False
ENSG00000204356,10.785,False,False
ENSG00000204366,0.01,False,True
ENSG00000204370,864.885,False,False
ENSG00000204371,1.665,False,False
ENSG00000204381,0.0,False,True
ENSG00000204386,10.35,False,False
ENSG00000204387,120.47999999999999,False,False
ENSG00000204388,0.23500000000000001,False,False
ENSG00000204389,2.115,False,False
ENSG00000204390,0.2,False,False
ENSG00000204392,299.515,False,False
ENSG00000204394,2.1849999999999996,False,False
ENSG00000204396,0.14,True,False
ENSG00000204406,2.705,True,False
ENSG00000204410,8.455,False,False
ENSG00000204427,21.9,False,False
ENSG00000204435,609.925,False,False
ENSG00000204438,29.46,False,False
ENSG00000204439,0.1,False,False
ENSG00000204444,16.759999999999998,False,False
ENSG00000204446,0.0,True,True
ENSG00000204463,34.72,False,False
ENSG00000204469,0.675,False,False
ENSG00000204472,23.475,True,False
ENSG00000204498,0.27999999999999997,True,False
ENSG00000204516,9.690000000000001,False,False
ENSG00000204519,1.5950000000000002,False,False
ENSG00000204520,12.524999999999999,False,False
ENSG00000204524,0.375,True,False
ENSG00000204525,0.175,True,False
ENSG00000204536,1.44,False,False
ENSG00000204539,0.0,False,True
ENSG00000204544,0.0,False,True
ENSG00000204560,11.045,False,False
ENSG00000204564,11.575,False,False
ENSG00000204568,249.77499999999998,False,False
ENSG00000204569,15.04,False,False
ENSG00000204574,27.615000000000002,False,False
ENSG00000204576,15.030000000000001,False,False
ENSG00000204580,1.315,True,False
ENSG00000204590,0.54,False,False
ENSG00000204592,1.87,False,False
ENSG00000204599,2.98,False,False
ENSG00000204604,10.355,True,False
ENSG00000204611,2.2350000000000003,True,False
ENSG00000204616,0.0,True,True
ENSG00000204618,0.0,False,True
ENSG00000204619,13.71,False,False
ENSG00000204620,0.315,False,False
ENSG00000204623,2.76,True,False
ENSG00000204624,0.0,True,True
ENSG00000204625,0.035,True,True
ENSG00000204628,3630.7,False,False
ENSG00000204632,0.0,False,True
ENSG00000204634,0.22499999999999998,True,False
ENSG00000204650,9.93,False,False
ENSG00000204655,0.0,True,True
ENSG00000204659,0.0,True,True
ENSG00000204666,0.035,False,True
ENSG00000204673,0.85,False,False
ENSG00000204681,1.6400000000000001,False,False
ENSG00000204682,0.085,True,True
ENSG00000204685,0.43,True,False
ENSG00000204709,0.9650000000000001,False,False
ENSG00000204710,3.795,False,False
ENSG00000204713,27.245,False,False
ENSG00000204758,0.14,False,False
ENSG00000204792,0.41000000000000003,True,False
ENSG00000204815,0.235,False,False
ENSG00000204822,15.15,False,False
ENSG00000204839,0.75,True,False
ENSG00000204842,13.219999999999999,False,False
ENSG00000204843,16.28,False,False
ENSG00000204850,0.0,True,True
ENSG00000204851,0.0,True,True
ENSG00000204852,0.425,True,False
ENSG00000204856,12.215,False,False
ENSG00000204859,2.2,False,False
ENSG00000204869,0.0,True,True
ENSG00000204899,20.025,True,False
ENSG00000204913,0.0,False,True
ENSG00000204922,4.1,True,False
ENSG00000204923,0.545,False,False
ENSG00000204929,0.26,False,False
ENSG00000204930,0.005,False,True
ENSG00000204946,0.78,True,False
ENSG00000204947,0.195,False,False
ENSG00000204950,0.0,True,True
ENSG00000204954,47.315,False,False
ENSG00000204971,0.0,False,True
ENSG00000204977,15.545,True,False
ENSG00000204991,0.55,False,False
ENSG00000205002,0.005,True,True
ENSG00000205041,0.035,True,True
ENSG00000205060,4.13,False,False
ENSG00000205084,1.35,False,False
ENSG00000205106,0.0,True,True
ENSG00000205129,0.01,False,True
ENSG00000205138,0.36,True,False
ENSG00000205143,0.0,True,True
ENSG00000205155,224.345,False,False
ENSG00000205177,0.0,False,True
ENSG00000205189,0.62,True,False
ENSG00000205208,7.865,True,False
ENSG00000205213,0.635,False,False
ENSG00000205220,28.215,False,False
ENSG00000205250,9.995,False,False
ENSG00000205268,2.75,False,False
ENSG00000205269,0.035,True,True
ENSG00000205277,0.22000000000000003,False,False
ENSG00000205301,0.0,False,True
ENSG00000205302,35.0,False,False
ENSG00000205309,0.15500000000000003,True,False
ENSG00000205323,239.83,False,False
ENSG00000205339,19.225,True,False
ENSG00000205352,452.53999999999996,False,False
ENSG00000205356,0.135,True,False
ENSG00000205358,0.13,False,False
ENSG00000205361,0.0,False,True
ENSG00000205364,0.0,False,True
ENSG00000205423,6.305,False,False
ENSG00000205464,1.47,True,False
ENSG00000205476,0.125,True,False
ENSG00000205485,0.69,True,False
ENSG00000205531,32.4,False,False
ENSG00000205534,1.335,True,False
ENSG00000205542,1391.215,False,False
ENSG00000205544,85.77,True,False
ENSG00000205559,0.11,False,False
ENSG00000205581,86.78,False,False
ENSG00000205583,3.39,True,False
ENSG00000205593,0.16,True,False
ENSG00000205628,0.355,True,False
ENSG00000205629,26.82,False,False
ENSG00000205639,1.595,True,False
ENSG00000205643,0.7849999999999999,True,False
ENSG00000205659,4.5,True,False
ENSG00000205669,0.0,True,True
ENSG00000205683,0.1,True,False
ENSG00000205693,0.005,False,True
ENSG00000205707,75.57,True,False
ENSG00000205726,1.05,True,False
ENSG00000205730,0.06,True,True
ENSG00000205740,0.115,True,False
ENSG00000205758,49.35,True,False
ENSG00000205763,2.865,True,False
ENSG00000205765,9.955,False,False
ENSG00000205771,0.275,True,False
ENSG00000205791,0.62,False,False
ENSG00000205794,0.0,False,True
ENSG00000205795,0.0,True,True
ENSG00000205808,1.5,True,False
ENSG00000205838,0.0,False,True
ENSG00000205861,0.9299999999999999,False,False
ENSG00000205885,0.2,False,False
ENSG00000205899,0.0,False,True
ENSG00000205903,0.060000000000000005,True,True
ENSG00000205913,0.06,True,True
ENSG00000205922,0.0,True,True
ENSG00000205923,0.275,False,False
ENSG00000205927,0.0,False,True
ENSG00000205930,0.41,True,False
ENSG00000205937,32.96,False,False
ENSG00000205978,0.025,True,True
ENSG00000205981,89.88499999999999,False,False
ENSG00000206028,0.030000000000000002,True,True
ENSG00000206053,16.015,False,False
ENSG00000206077,0.0,False,True
ENSG00000206113,0.0,True,True
ENSG00000206120,0.0,True,True
ENSG00000206149,5.220000000000001,False,False
ENSG00000206168,0.0,False,True
ENSG00000206172,270.51,True,False
ENSG00000206177,0.0,True,True
ENSG00000206262,0.5700000000000001,True,False
ENSG00000206341,0.0,True,True
ENSG00000206344,0.53,True,False
ENSG00000206417,0.0,False,True
ENSG00000206418,0.61,True,False
ENSG00000206527,0.895,True,False
ENSG00000206535,1.405,True,False
ENSG00000206557,0.0,True,True
ENSG00000206559,0.55,False,False
ENSG00000206560,7.525,False,False
ENSG00000206567,0.5900000000000001,False,False
ENSG00000206573,97.33000000000001,False,False
ENSG00000206597,0.0,True,True
ENSG00000206599,0.0,False,True
ENSG00000206601,0.0,False,True
ENSG00000206602,0.0,False,True
ENSG00000206603,0.0,True,True
ENSG00000206611,0.0,False,True
ENSG00000206620,0.0,False,True
ENSG00000206622,0.0,False,True
ENSG00000206625,0.0,True,True
ENSG00000206630,0.0,False,True
ENSG00000206633,3.4,True,False
ENSG00000206652,1.775,True,False
ENSG00000206659,0.0,False,True
ENSG00000206660,0.0,False,True
ENSG00000206704,0.0,True,True
ENSG00000206713,0.0,False,True
ENSG00000206737,1.775,True,False
ENSG00000206741,0.0,False,True
ENSG00000206754,0.0,False,True
ENSG00000206758,0.0,False,True
ENSG00000206760,1.535,True,False
ENSG00000206775,0.0,False,True
ENSG00000206778,0.0,False,True
ENSG00000206799,0.0,False,True
ENSG00000206805,0.0,False,True
ENSG00000206811,0.0,True,True
ENSG00000206828,9.805,True,False
ENSG00000206888,0.0,False,True
ENSG00000206898,0.0,True,True
ENSG00000206903,0.0,True,True
ENSG00000206910,0.0,False,True
ENSG00000206917,0.0,False,True
ENSG00000206920,0.0,False,True
ENSG00000206921,0.0,False,True
ENSG00000206936,0.0,False,True
ENSG00000206941,0.56,True,False
ENSG00000206951,0.0,False,True
ENSG00000206974,0.0,False,True
ENSG00000206976,0.0,False,True
ENSG00000206979,0.0,False,True
ENSG00000207005,1.775,True,False
ENSG00000207009,0.0,False,True
ENSG00000207023,0.0,False,True
ENSG00000207024,0.0,False,True
ENSG00000207031,0.0,False,True
ENSG00000207039,0.0,False,True
ENSG00000207047,0.0,False,True
ENSG00000207051,0.0,True,True
ENSG00000207052,0.0,False,True
ENSG00000207058,0.0,False,True
ENSG00000207067,0.0,True,True
ENSG00000207088,0.97,True,False
ENSG00000207114,0.0,False,True
ENSG00000207118,0.0,True,True
ENSG00000207127,0.0,False,True
ENSG00000207165,0.0,True,True
ENSG00000207166,0.0,True,True
ENSG00000207181,0.0,True,True
ENSG00000207186,0.0,True,True
ENSG00000207195,0.0,False,True
ENSG00000207205,0.7,True,False
ENSG00000207217,2.37,True,False
ENSG00000207233,0.0,True,True
ENSG00000207241,0.0,False,True
ENSG00000207302,0.0,True,True
ENSG00000207330,0.0,True,True
ENSG00000207333,0.0,False,True
ENSG00000207343,0.0,False,True
ENSG00000207356,0.0,True,True
ENSG00000207357,0.0,True,True
ENSG00000207359,0.0,False,True
ENSG00000207364,0.0,False,True
ENSG00000207379,0.0,False,True
ENSG00000207405,3.415,True,False
ENSG00000207406,0.695,False,False
ENSG00000207421,0.0,False,True
ENSG00000207445,0.0,True,True
ENSG00000207451,0.0,False,True
ENSG00000207453,0.0,True,True
ENSG00000207457,0.0,False,True
ENSG00000207459,0.0,False,True
ENSG00000207483,0.0,True,True
ENSG00000207496,3.21,True,False
ENSG00000207500,0.0,False,True
ENSG00000207501,0.675,True,False
ENSG00000207507,0.0,True,True
ENSG00000207562,0.0,True,True
ENSG00000207574,0.0,False,True
ENSG00000207598,0.0,True,True
ENSG00000207605,0.0,False,True
ENSG00000207614,0.0,True,True
ENSG00000207622,0.0,False,True
ENSG00000207631,0.0,False,True
ENSG00000207639,0.0,False,True
ENSG00000207644,0.0,False,True
ENSG00000207645,0.0,False,True
ENSG00000207647,0.0,False,True
ENSG00000207696,0.0,False,True
ENSG00000207708,0.0,False,True
ENSG00000207713,0.0,False,True
ENSG00000207719,0.0,False,True
ENSG00000207744,0.0,False,True
ENSG00000207751,0.06,False,True
ENSG00000207771,0.0,False,True
ENSG00000207779,0.0,False,True
ENSG00000207782,0.0,False,True
ENSG00000207808,0.0,False,True
ENSG00000207811,0.0,True,True
ENSG00000207820,0.0,False,True
ENSG00000207924,0.0,True,True
ENSG00000207933,0.0,True,True
ENSG00000207944,0.0,False,True
ENSG00000207972,0.0,False,True
ENSG00000207973,0.0,False,True
ENSG00000207980,0.0,False,True
ENSG00000207996,0.0,False,True
ENSG00000208028,0.0,False,True
ENSG00000208037,0.0,True,True
ENSG00000208797,0.0,False,True
ENSG00000209042,0.0,True,True
ENSG00000209480,0.0,False,True
ENSG00000209482,0.0,False,True
ENSG00000209582,0.385,True,False
ENSG00000209645,0.0,False,True
ENSG00000210181,0.0,False,True
ENSG00000210709,0.0,False,True
ENSG00000210741,0.0,True,True
ENSG00000210825,0.0,True,True
ENSG00000211450,12.12,False,False
ENSG00000211451,0.1,True,False
ENSG00000211452,0.015,False,True
ENSG00000211455,1.645,True,False
ENSG00000211456,20.635,False,False
ENSG00000211460,97.03,False,False
ENSG00000211568,0.0,True,True
ENSG00000211575,0.0,False,True
ENSG00000211591,0.0,False,True
ENSG00000211638,0.0,True,True
ENSG00000211679,0.04,True,True
ENSG00000211764,0.0,False,True
ENSG00000211765,0.0,False,True
ENSG00000211766,0.0,False,True
ENSG00000211767,0.0,True,True
ENSG00000211768,0.0,True,True
ENSG00000211769,0.0,True,True
ENSG00000211770,0.0,True,True
ENSG00000211771,0.0,True,True
ENSG00000211772,2.5149999999999997,True,False
ENSG00000211828,0.0,False,True
ENSG00000211829,4.645,True,False
ENSG00000211834,0.0,True,True
ENSG00000211835,0.0,True,True
ENSG00000211836,0.0,True,True
ENSG00000211837,0.0,True,True
ENSG00000211838,0.0,True,True
ENSG00000211845,0.0,True,True
ENSG00000211846,0.0,True,True
ENSG00000211847,0.0,True,True
ENSG00000211848,0.0,True,True
ENSG00000211849,0.0,True,True
ENSG00000211850,0.0,True,True
ENSG00000211851,0.0,True,True
ENSG00000211880,0.0,False,True
ENSG00000211881,0.0,False,True
ENSG00000211882,0.0,False,True
ENSG00000211883,0.0,False,True
ENSG00000212102,0.0,False,True
ENSG00000212127,2.715,True,False
ENSG00000212195,0.0,False,True
ENSG00000212205,0.0,False,True
ENSG00000212232,10.165,True,False
ENSG00000212237,0.0,False,True
ENSG00000212257,0.0,True,True
ENSG00000212279,0.0,True,True
ENSG00000212296,0.0,False,True
ENSG00000212297,0.0,True,True
ENSG00000212303,0.0,False,True
ENSG00000212304,0.0,True,True
ENSG00000212309,0.0,False,True
ENSG00000212335,0.0,False,True
ENSG00000212452,0.0,False,True
ENSG00000212468,0.0,False,True
ENSG00000212493,0.0,False,True
ENSG00000212496,0.0,False,True
ENSG00000212498,0.0,False,True
ENSG00000212517,0.0,False,True
ENSG00000212533,0.0,False,True
ENSG00000212534,0.0,False,True
ENSG00000212541,0.0,False,True
ENSG00000212558,0.0,True,True
ENSG00000212571,0.0,True,True
ENSG00000212588,0.0,True,True
ENSG00000212607,3.01,True,False
ENSG00000212615,0.0,False,True
ENSG00000212694,3.6399999999999997,True,False
ENSG00000212743,0.0,True,True
ENSG00000212766,0.0,True,True
ENSG00000212864,0.025,False,True
ENSG00000212916,0.08,True,True
ENSG00000213013,0.0,False,True
ENSG00000213014,0.0,False,True
ENSG00000213015,2.49,False,False
ENSG00000213020,2.8,True,False
ENSG00000213023,0.0,True,True
ENSG00000213024,13.280000000000001,False,False
ENSG00000213047,2.2350000000000003,True,False
ENSG00000213050,0.03,False,True
ENSG00000213057,0.005,True,True
ENSG00000213062,0.625,True,False
ENSG00000213064,4.525,False,False
ENSG00000213066,9.785,False,False
ENSG00000213079,7.805,False,False
ENSG00000213088,0.35000000000000003,False,False
ENSG00000213096,5.86,False,False
ENSG00000213123,8.225,True,False
ENSG00000213160,4.15,False,False
ENSG00000213185,10.86,True,False
ENSG00000213190,58.455,True,False
ENSG00000213204,0.035,False,True
ENSG00000213210,0.0,False,True
ENSG00000213221,0.08,True,True
ENSG00000213246,217.09,False,False
ENSG00000213253,0.015,False,True
ENSG00000213281,34.239999999999995,False,False
ENSG00000213310,0.0,False,True
ENSG00000213337,13.47,False,False
ENSG00000213339,1.145,False,False
ENSG00000213341,5.605,False,False
ENSG00000213347,0.21500000000000002,True,False
ENSG00000213358,0.0,True,True
ENSG00000213366,9.045,True,False
ENSG00000213380,3.61,False,False
ENSG00000213386,0.0,False,True
ENSG00000213390,8.71,False,False
ENSG00000213402,0.005,True,True
ENSG00000213420,0.005,True,True
ENSG00000213424,0.125,True,False
ENSG00000213445,0.355,False,False
ENSG00000213462,6.255,False,False
ENSG00000213463,2.645,True,False
ENSG00000213465,4.255,False,False
ENSG00000213468,2.115,False,False
ENSG00000213471,0.1,True,False
ENSG00000213500,0.015,True,True
ENSG00000213514,0.0,False,True
ENSG00000213516,7.415,True,False
ENSG00000213523,18.03,False,False
ENSG00000213533,0.16,True,False
ENSG00000213548,0.0,False,True
ENSG00000213551,46.040000000000006,False,False
ENSG00000213553,66.445,False,False
ENSG00000213563,0.33499999999999996,True,False
ENSG00000213578,0.0,False,True
ENSG00000213585,197.895,False,False
ENSG00000213588,1.4700000000000002,False,False
ENSG00000213593,261.01,True,False
ENSG00000213600,0.0,True,True
ENSG00000213614,15.455,False,False
ENSG00000213619,30.525000000000002,False,False
ENSG00000213625,24.689999999999998,False,False
ENSG00000213626,4.125,False,False
ENSG00000213638,0.005,True,True
ENSG00000213639,75.11,False,False
ENSG00000213654,3.785,True,False
ENSG00000213672,0.475,False,False
ENSG00000213676,17.565,False,False
ENSG00000213689,0.865,True,False
ENSG00000213694,0.01,True,True
ENSG00000213699,27.665,False,False
ENSG00000213716,0.0,True,True
ENSG00000213719,949.755,False,False
ENSG00000213722,1.32,True,False
ENSG00000213741,3031.645,False,False
ENSG00000213742,1.41,True,False
ENSG00000213744,0.0,False,True
ENSG00000213750,0.0,True,True
ENSG00000213753,13.36,True,False
ENSG00000213755,0.0,False,True
ENSG00000213760,0.055,True,True
ENSG00000213762,0.8200000000000001,False,False
ENSG00000213780,2.5300000000000002,True,False
ENSG00000213782,94.37,False,False
ENSG00000213793,1.01,True,False
ENSG00000213799,0.9650000000000001,True,False
ENSG00000213801,8.525,True,False
ENSG00000213853,2.09,True,False
ENSG00000213859,0.02,True,True
ENSG00000213888,0.03,True,True
ENSG00000213904,0.7649999999999999,True,False
ENSG00000213916,0.0,False,True
ENSG00000213918,0.345,True,False
ENSG00000213920,21.08,True,False
ENSG00000213923,2.0949999999999998,False,False
ENSG00000213927,0.08,False,True
ENSG00000213928,1.03,True,False
ENSG00000213930,10.935,True,False
ENSG00000213939,0.475,False,False
ENSG00000213963,1.6949999999999998,True,False
ENSG00000213965,25.3,False,False
ENSG00000213967,6.15,True,False
ENSG00000213977,0.76,False,False
ENSG00000213983,15.899999999999999,False,False
ENSG00000213994,0.0,False,True
ENSG00000213995,0.515,True,False
ENSG00000213999,0.0,True,True
ENSG00000214013,8.129999999999999,False,False
ENSG00000214015,0.0,True,True
ENSG00000214022,6.494999999999999,False,False
ENSG00000214029,0.375,True,False
ENSG00000214046,159.505,False,False
ENSG00000214050,0.055,True,True
ENSG00000214063,0.175,False,False
ENSG00000214077,0.0,True,True
ENSG00000214078,29.78,False,False
ENSG00000214087,3.825,True,False
ENSG00000214106,0.6950000000000001,True,False
ENSG00000214113,40.4,False,False
ENSG00000214114,163.26999999999998,True,False
ENSG00000214135,3.0300000000000002,True,False
ENSG00000214140,0.035,True,True
ENSG00000214142,0.01,False,True
ENSG00000214146,0.0,False,True
ENSG00000214160,26.54,False,False
ENSG00000214174,7.75,True,False
ENSG00000214184,0.16499999999999998,True,False
ENSG00000214188,0.17,True,False
ENSG00000214189,4.915,False,False
ENSG00000214193,0.030000000000000002,True,True
ENSG00000214194,626.925,False,False
ENSG00000214198,0.315,True,False
ENSG00000214212,0.0,False,True
ENSG00000214248,0.19,True,False
ENSG00000214253,72.285,False,False
ENSG00000214274,0.12,True,False
ENSG00000214278,0.0,True,True
ENSG00000214290,0.0,True,True
ENSG00000214293,19.34,True,False
ENSG00000214309,0.025,True,True
ENSG00000214347,0.0,False,True
ENSG00000214357,0.0,False,True
ENSG00000214359,0.03,False,True
ENSG00000214367,6.08,True,False
ENSG00000214376,0.0,True,True
ENSG00000214401,0.33499999999999996,False,False
ENSG00000214413,19.295,True,False
ENSG00000214417,0.0,False,True
ENSG00000214432,0.47,False,False
ENSG00000214439,0.02,False,True
ENSG00000214447,0.025,False,True
ENSG00000214456,0.11,True,False
ENSG00000214517,7.905,False,False
ENSG00000214530,0.375,False,False
ENSG00000214546,0.0,True,True
ENSG00000214559,0.025,False,True
ENSG00000214575,1.7200000000000002,True,False
ENSG00000214593,0.0,False,True
ENSG00000214595,0.255,False,False
ENSG00000214646,0.0,False,True
ENSG00000214654,4.05,False,False
ENSG00000214655,4.574999999999999,False,False
ENSG00000214706,23.91,False,False
ENSG00000214708,0.08,False,True
ENSG00000214711,0.0,True,True
ENSG00000214717,0.425,False,False
ENSG00000214725,0.0,False,True
ENSG00000214736,1251.635,False,False
ENSG00000214753,0.625,False,False
ENSG00000214756,23.5,False,False
ENSG00000214765,2.29,True,False
ENSG00000214770,0.065,True,True
ENSG00000214783,0.45,True,False
ENSG00000214796,1.79,True,False
ENSG00000214826,0.035,True,True
ENSG00000214842,0.0,False,True
ENSG00000214870,1.04,True,False
ENSG00000214875,0.0,True,True
ENSG00000214889,0.0,False,True
ENSG00000214914,0.0,False,True
ENSG00000214919,0.065,True,True
ENSG00000214922,2.1550000000000002,True,False
ENSG00000214941,4.71,False,False
ENSG00000214944,0.0,True,True
ENSG00000214999,0.0,False,True
ENSG00000215006,0.0,False,True
ENSG00000215009,0.0,True,True
ENSG00000215012,17.8,False,False
ENSG00000215014,0.345,False,False
ENSG00000215021,57.989999999999995,False,False
ENSG00000215023,0.0,False,True
ENSG00000215039,0.035,True,True
ENSG00000215041,0.055,False,True
ENSG00000215067,8.129999999999999,True,False
ENSG00000215068,2.65,True,False
ENSG00000215088,0.0,False,True
ENSG00000215094,0.0,False,True
ENSG00000215105,0.01,False,True
ENSG00000215114,3.33,True,False
ENSG00000215120,0.0,False,True
ENSG00000215154,0.575,True,False
ENSG00000215183,0.0,False,True
ENSG00000215190,2.64,True,False
ENSG00000215193,0.51,False,False
ENSG00000215251,20.735,False,False
ENSG00000215256,3.3600000000000003,True,False
ENSG00000215301,33.915,False,False
ENSG00000215305,5.4399999999999995,False,False
ENSG00000215375,0.9199999999999999,True,False
ENSG00000215397,0.0,True,True
ENSG00000215417,35.37,False,False
ENSG00000215421,0.47500000000000003,True,False
ENSG00000215424,10.129999999999999,False,False
ENSG00000215458,0.105,True,False
ENSG00000215464,0.02,False,True
ENSG00000215472,0.625,True,False
ENSG00000215559,0.27,False,False
ENSG00000215692,0.0,False,True
ENSG00000215712,18.729999999999997,True,False
ENSG00000215717,21.91,True,False
ENSG00000215796,0.04,False,True
ENSG00000215837,0.015,True,True
ENSG00000215838,0.045,False,True
ENSG00000215878,0.0,False,True
ENSG00000215883,6.055,True,False
ENSG00000215973,0.0,False,True
ENSG00000216306,0.0,True,True
ENSG00000216316,0.11,False,False
ENSG00000216331,1.2200000000000002,False,False
ENSG00000216490,254.695,False,False
ENSG00000216621,0.0,False,True
ENSG00000216775,2.2800000000000002,True,False
ENSG00000216866,0.15500000000000003,False,False
ENSG00000216895,13.295000000000002,True,False
ENSG00000216937,1.375,True,False
ENSG00000217027,0.015,False,True
ENSG00000217128,5.76,False,False
ENSG00000217236,0.0,False,True
ENSG00000217275,7.17,False,False
ENSG00000217442,0.385,True,False
ENSG00000217488,0.05,False,True
ENSG00000217527,0.0,True,True
ENSG00000217555,248.58999999999997,False,False
ENSG00000217643,0.0,True,True
ENSG00000217644,0.195,False,False
ENSG00000217646,1.03,False,False
ENSG00000217801,10.454999999999998,True,False
ENSG00000217862,0.47000000000000003,False,False
ENSG00000218016,0.0,False,True
ENSG00000218018,0.01,False,True
ENSG00000218281,0.0,False,True
ENSG00000218358,0.135,False,False
ENSG00000218510,19.85,True,False
ENSG00000218672,0.0,False,True
ENSG00000218739,19.315,False,False
ENSG00000218891,0.075,True,True
ENSG00000219027,0.02,False,True
ENSG00000219188,0.0,True,True
ENSG00000219200,80.88499999999999,False,False
ENSG00000219222,0.0,False,True
ENSG00000219294,0.0,False,True
ENSG00000219410,2.585,False,False
ENSG00000219435,0.8500000000000001,True,False
ENSG00000219481,3.34,True,False
ENSG00000219529,4.140000000000001,False,False
ENSG00000219545,6.915000000000001,True,False
ENSG00000219607,0.005,True,True
ENSG00000219626,0.515,True,False
ENSG00000219665,4.645,True,False
ENSG00000219992,0.0,True,True
ENSG00000220008,0.01,True,True
ENSG00000220161,0.0,False,True
ENSG00000220205,1.625,True,False
ENSG00000220323,2.095,True,False
ENSG00000220556,0.0,False,True
ENSG00000220586,1.05,True,False
ENSG00000220734,0.0,False,True
ENSG00000220875,0.94,False,False
ENSG00000220988,0.0,False,True
ENSG00000221038,0.0,False,True
ENSG00000221055,0.0,False,True
ENSG00000221102,3.465,True,False
ENSG00000221114,0.0,False,True
ENSG00000221116,0.0,False,True
ENSG00000221176,0.0,False,True
ENSG00000221264,0.0,True,True
ENSG00000221287,0.0,False,True
ENSG00000221400,0.0,False,True
ENSG00000221411,0.0,False,True
ENSG00000221420,0.0,True,True
ENSG00000221445,0.0,False,True
ENSG00000221500,0.0,False,True
ENSG00000221514,0.0,False,True
ENSG00000221539,0.0,True,True
ENSG00000221740,0.0,False,True
ENSG00000221763,0.0,False,True
ENSG00000221792,0.0,False,True
ENSG00000221817,3.09,True,False
ENSG00000221818,0.0,False,True
ENSG00000221823,7.290000000000001,True,False
ENSG00000221829,6.105,False,False
ENSG00000221838,1.285,False,False
ENSG00000221869,0.25,False,False
ENSG00000221874,0.9,False,False
ENSG00000221883,0.52,True,False
ENSG00000221886,1.19,True,False
ENSG00000221890,0.05,True,True
ENSG00000221909,1.9,True,False
ENSG00000221914,13.774999999999999,False,False
ENSG00000221916,0.31499999999999995,True,False
ENSG00000221926,2.96,True,False
ENSG00000221937,0.0,False,True
ENSG00000221944,1.3900000000000001,True,False
ENSG00000221946,0.10500000000000001,True,False
ENSG00000221947,0.035,True,True
ENSG00000221949,0.005,True,True
ENSG00000221953,0.0,True,True
ENSG00000221963,0.25,True,False
ENSG00000221968,1.005,True,False
ENSG00000221978,2.385,False,False
ENSG00000221983,1876.79,False,False
ENSG00000221988,19.29,True,False
ENSG00000221990,0.09,True,True
ENSG00000221994,0.105,True,False
ENSG00000222005,0.01,True,True
ENSG00000222009,0.23500000000000001,True,False
ENSG00000222011,1.44,True,False
ENSG00000222020,0.0,False,True
ENSG00000222033,0.05500000000000001,True,True
ENSG00000222041,421.555,False,False
ENSG00000222043,0.0,False,True
ENSG00000222067,0.0,False,True
ENSG00000222069,0.0,False,True
ENSG00000222071,0.0,True,True
ENSG00000222213,0.0,False,True
ENSG00000222222,0.185,False,False
ENSG00000222259,0.0,False,True
ENSG00000222287,0.0,False,True
ENSG00000222328,1.22,True,False
ENSG00000222351,0.0,False,True
ENSG00000222363,0.0,False,True
ENSG00000222365,0.0,True,True
ENSG00000222438,0.0,False,True
ENSG00000222594,0.0,False,True
ENSG00000222604,0.0,False,True
ENSG00000222627,0.0,False,True
ENSG00000222640,0.0,False,True
ENSG00000222675,0.0,False,True
ENSG00000222724,4.9350000000000005,True,False
ENSG00000222784,0.0,False,True
ENSG00000222821,0.0,False,True
ENSG00000222844,0.0,False,True
ENSG00000222849,0.0,False,True
ENSG00000222915,0.0,False,True
ENSG00000222940,0.0,False,True
ENSG00000223086,0.0,False,True
ENSG00000223109,0.0,False,True
ENSG00000223203,0.0,False,True
ENSG00000223262,0.0,True,True
ENSG00000223302,0.0,True,True
ENSG00000223309,0.0,False,True
ENSG00000223343,0.085,False,True
ENSG00000223382,0.035,True,True
ENSG00000223390,0.0,False,True
ENSG00000223393,0.0,True,True
ENSG00000223442,0.16,False,False
ENSG00000223446,0.0,False,True
ENSG00000223461,0.04,False,True
ENSG00000223466,0.035,True,True
ENSG00000223475,0.0,False,True
ENSG00000223476,0.25,False,False
ENSG00000223478,15.715,True,False
ENSG00000223482,21.77,True,False
ENSG00000223489,0.0,True,True
ENSG00000223496,6.18,False,False
ENSG00000223501,16.0,False,False
ENSG00000223508,6.225,False,False
ENSG00000223537,0.0,False,True
ENSG00000223546,2.5250000000000004,True,False
ENSG00000223547,0.37,False,False
ENSG00000223551,0.9199999999999999,True,False
ENSG00000223552,0.78,False,False
ENSG00000223553,9.205,True,False
ENSG00000223570,0.0,False,True
ENSG00000223587,0.0,True,True
ENSG00000223635,0.08499999999999999,False,True
ENSG00000223652,0.0,False,True
ENSG00000223653,0.0,False,True
ENSG00000223660,0.05,False,True
ENSG00000223669,0.0,False,True
ENSG00000223685,0.0,True,True
ENSG00000223695,0.0,True,True
ENSG00000223702,0.0,False,True
ENSG00000223711,0.02,False,True
ENSG00000223714,0.0,False,True
ENSG00000223718,0.0,False,True
ENSG00000223725,0.03,True,True
ENSG00000223734,0.03,False,True
ENSG00000223745,7.359999999999999,True,False
ENSG00000223751,0.0,False,True
ENSG00000223768,0.935,False,False
ENSG00000223773,0.39,True,False
ENSG00000223776,0.01,False,True
ENSG00000223791,0.20500000000000002,False,False
ENSG00000223797,32.95,True,False
ENSG00000223799,0.5,False,False
ENSG00000223802,0.0,True,True
ENSG00000223804,2.745,True,False
ENSG00000223812,20.675,True,False
ENSG00000223813,0.0,False,True
ENSG00000223823,0.0,False,True
ENSG00000223834,0.0,False,True
ENSG00000223837,0.0,False,True
ENSG00000223855,0.01,True,True
ENSG00000223881,0.955,True,False
ENSG00000223882,0.0,False,True
ENSG00000223886,2.825,False,False
ENSG00000223891,1.62,False,False
ENSG00000223935,0.0,True,True
ENSG00000223946,0.0,False,True
ENSG00000223947,0.0,False,True
ENSG00000223953,0.025,True,True
ENSG00000223959,3.605,True,False
ENSG00000223960,9.815,True,False
ENSG00000223969,0.0,True,True
ENSG00000224020,0.2,True,False
ENSG00000224023,0.7,True,False
ENSG00000224032,8.67,True,False
ENSG00000224043,1.425,True,False
ENSG00000224046,6.375,False,False
ENSG00000224051,0.05,False,True
ENSG00000224066,0.005,True,True
ENSG00000224070,0.0,False,True
ENSG00000224077,0.0,False,True
ENSG00000224086,0.14500000000000002,False,False
ENSG00000224090,0.0,True,True
ENSG00000224127,0.0,False,True
ENSG00000224138,1.015,False,False
ENSG00000224149,0.0,False,True
ENSG00000224152,0.32499999999999996,True,False
ENSG00000224157,0.425,False,False
ENSG00000224163,0.0,True,True
ENSG00000224164,0.0,False,True
ENSG00000224165,1.6949999999999998,False,False
ENSG00000224186,0.44,True,False
ENSG00000224189,0.0,True,True
ENSG00000224195,0.255,False,False
ENSG00000224203,0.0,False,True
ENSG00000224207,0.07,False,True
ENSG00000224209,0.0,True,True
ENSG00000224245,0.0,False,True
ENSG00000224250,0.0,False,True
ENSG00000224269,0.0,False,True
ENSG00000224277,0.0,True,True
ENSG00000224281,0.5700000000000001,True,False
ENSG00000224287,13.545,True,False
ENSG00000224292,3.52,False,False
ENSG00000224311,0.0,False,True
ENSG00000224323,0.02,False,True
ENSG00000224340,0.0,True,True
ENSG00000224349,0.7949999999999999,False,False
ENSG00000224356,0.02,True,True
ENSG00000224358,0.24,True,False
ENSG00000224383,0.08,True,True
ENSG00000224418,0.015,True,True
ENSG00000224424,0.14500000000000002,True,False
ENSG00000224438,0.0,False,True
ENSG00000224467,0.0,False,True
ENSG00000224470,0.9,True,False
ENSG00000224486,0.0,False,True
ENSG00000224497,0.0,False,True
ENSG00000224505,0.825,True,False
ENSG00000224509,0.0,False,True
ENSG00000224531,3.865,True,False
ENSG00000224536,0.03,True,True
ENSG00000224579,0.0,False,True
ENSG00000224592,0.0,False,True
ENSG00000224596,0.015,False,True
ENSG00000224597,14.620000000000001,False,False
ENSG00000224609,0.045,False,True
ENSG00000224611,0.0,False,True
ENSG00000224613,0.0,False,True
ENSG00000224614,0.0,False,True
ENSG00000224616,0.565,True,False
ENSG00000224637,0.0,False,True
ENSG00000224647,0.005,False,True
ENSG00000224648,0.0,True,True
ENSG00000224666,0.0,True,True
ENSG00000224680,0.075,False,True
ENSG00000224687,0.04,True,True
ENSG00000224699,4.4350000000000005,True,False
ENSG00000224713,0.0,True,True
ENSG00000224717,0.0,True,True
ENSG00000224721,0.0,False,True
ENSG00000224729,0.005,True,True
ENSG00000224738,0.455,True,False
ENSG00000224786,1.19,False,False
ENSG00000224790,0.060000000000000005,False,True
ENSG00000224796,0.0,True,True
ENSG00000224805,1.415,False,False
ENSG00000224812,0.005,True,True
ENSG00000224825,0.0,True,True
ENSG00000224830,0.0,True,True
ENSG00000224843,1.3900000000000001,True,False
ENSG00000224846,7.8999999999999995,False,False
ENSG00000224856,0.45,True,False
ENSG00000224870,2.5700000000000003,False,False
ENSG00000224875,0.0,False,True
ENSG00000224877,9.745000000000001,False,False
ENSG00000224892,0.09,True,True
ENSG00000224895,0.09,True,True
ENSG00000224897,0.8500000000000001,True,False
ENSG00000224905,1.835,True,False
ENSG00000224914,0.16,True,False
ENSG00000224934,0.54,True,False
ENSG00000224936,0.005,True,True
ENSG00000224940,0.0,True,True
ENSG00000224965,0.0,False,True
ENSG00000224969,0.0,False,True
ENSG00000224977,0.04,False,True
ENSG00000224978,0.0,False,True
ENSG00000224982,0.035,True,True
ENSG00000224985,0.0,True,True
ENSG00000224988,0.0,False,True
ENSG00000224992,0.0,False,True
ENSG00000225037,0.0,False,True
ENSG00000225039,0.0,False,True
ENSG00000225051,0.06,False,True
ENSG00000225057,0.0,True,True
ENSG00000225062,0.32999999999999996,False,False
ENSG00000225077,0.45,False,False
ENSG00000225091,1.27,True,False
ENSG00000225096,0.26,False,False
ENSG00000225100,0.0,False,True
ENSG00000225138,0.015,True,True
ENSG00000225146,0.0,False,True
ENSG00000225156,0.0,False,True
ENSG00000225173,1.935,False,False
ENSG00000225177,0.0,True,True
ENSG00000225185,0.04,False,True
ENSG00000225190,0.29000000000000004,True,False
ENSG00000225195,0.11,False,False
ENSG00000225205,0.11,True,False
ENSG00000225214,0.0,True,True
ENSG00000225230,0.6200000000000001,False,False
ENSG00000225233,0.0,False,True
ENSG00000225235,0.025,False,True
ENSG00000225264,0.0,False,True
ENSG00000225265,5.1899999999999995,True,False
ENSG00000225279,0.0,False,True
ENSG00000225282,0.065,False,True
ENSG00000225285,0.0,True,True
ENSG00000225335,0.9,True,False
ENSG00000225339,10.059999999999999,False,False
ENSG00000225342,0.0,True,True
ENSG00000225359,0.0,True,True
ENSG00000225361,0.37,True,False
ENSG00000225362,0.0,False,True
ENSG00000225377,4.725,True,False
ENSG00000225378,0.0,False,True
ENSG00000225392,0.045,False,True
ENSG00000225407,0.0,True,True
ENSG00000225422,0.0,False,True
ENSG00000225439,14.395,False,False
ENSG00000225446,0.09,True,True
ENSG00000225470,27.955,False,False
ENSG00000225472,0.0,True,True
ENSG00000225484,10.225,False,False
ENSG00000225506,0.22999999999999998,False,False
ENSG00000225513,0.0,False,True
ENSG00000225518,0.09,False,True
ENSG00000225533,0.0,False,True
ENSG00000225556,0.0,True,True
ENSG00000225559,0.02,False,True
ENSG00000225563,0.0,False,True
ENSG00000225578,0.09,False,True
ENSG00000225595,0.155,False,False
ENSG00000225606,0.0,True,True
ENSG00000225637,0.0,True,True
ENSG00000225644,0.0,False,True
ENSG00000225648,18.8,False,False
ENSG00000225655,0.0,False,True
ENSG00000225663,0.395,False,False
ENSG00000225670,0.0,True,True
ENSG00000225675,0.03,False,True
ENSG00000225697,1.585,False,False
ENSG00000225721,0.015,False,True
ENSG00000225727,0.0,True,True
ENSG00000225733,20.685,False,False
ENSG00000225756,0.0,False,True
ENSG00000225774,0.0,True,True
ENSG00000225779,0.0,True,True
ENSG00000225791,0.615,False,False
ENSG00000225793,4.39,True,False
ENSG00000225806,0.33999999999999997,True,False
ENSG00000225822,0.0,False,True
ENSG00000225830,5.67,False,False
ENSG00000225850,0.05,False,True
ENSG00000225855,2.3899999999999997,True,False
ENSG00000225873,14.91,True,False
ENSG00000225880,0.3,True,False
ENSG00000225886,0.0,True,True
ENSG00000225889,0.945,True,False
ENSG00000225914,0.02,True,True
ENSG00000225921,13.285,False,False
ENSG00000225937,0.005,False,True
ENSG00000225938,0.0,False,True
ENSG00000225945,0.045,False,True
ENSG00000225953,0.065,True,True
ENSG00000225973,49.7,True,False
ENSG00000225975,1.98,True,False
ENSG00000225979,0.0,True,True
ENSG00000225981,0.02,False,True
ENSG00000226009,0.955,False,False
ENSG00000226026,0.02,True,True
ENSG00000226058,0.0,False,True
ENSG00000226063,0.0,False,True
ENSG00000226067,1.175,True,False
ENSG00000226080,0.0,False,True
ENSG00000226124,0.345,False,False
ENSG00000226137,0.27999999999999997,True,False
ENSG00000226172,0.0,False,True
ENSG00000226174,0.0,True,True
ENSG00000226179,0.165,True,False
ENSG00000226186,0.035,False,True
ENSG00000226191,0.0,True,True
ENSG00000226200,0.04,True,True
ENSG00000226212,0.0,False,True
ENSG00000226237,0.0,True,True
ENSG00000226245,0.095,False,True
ENSG00000226251,0.545,True,False
ENSG00000226252,0.045000000000000005,True,True
ENSG00000226266,2.63,True,False
ENSG00000226287,0.17,True,False
ENSG00000226299,0.0,True,True
ENSG00000226310,0.10500000000000001,True,False
ENSG00000226312,0.215,False,False
ENSG00000226314,1.185,True,False
ENSG00000226328,1.4700000000000002,True,False
ENSG00000226330,0.0,False,True
ENSG00000226332,0.045,False,True
ENSG00000226355,0.0,True,True
ENSG00000226363,0.0,False,True
ENSG00000226386,0.19,False,False
ENSG00000226419,1.29,True,False
ENSG00000226420,0.0,True,True
ENSG00000226435,0.59,True,False
ENSG00000226447,0.0,False,True
ENSG00000226457,0.235,False,False
ENSG00000226465,0.08,False,True
ENSG00000226471,2.2350000000000003,True,False
ENSG00000226479,2.545,True,False
ENSG00000226491,0.0,True,True
ENSG00000226501,0.095,True,True
ENSG00000226508,0.0,True,True
ENSG00000226526,0.0,False,True
ENSG00000226543,0.0,False,True
ENSG00000226572,0.0,False,True
ENSG00000226609,0.505,False,False
ENSG00000226621,0.0,False,True
ENSG00000226645,0.37,False,False
ENSG00000226648,0.16,False,False
ENSG00000226659,0.0,True,True
ENSG00000226662,0.0,True,True
ENSG00000226664,0.0,True,True
ENSG00000226679,0.0,True,True
ENSG00000226688,4.5600000000000005,False,False
ENSG00000226696,0.8400000000000001,False,False
ENSG00000226711,0.02,True,True
ENSG00000226744,0.0,False,True
ENSG00000226754,0.0,False,True
ENSG00000226756,0.14,False,False
ENSG00000226757,0.0,True,True
ENSG00000226762,0.0,False,True
ENSG00000226763,0.0,False,True
ENSG00000226780,0.015,False,True
ENSG00000226800,0.005,False,True
ENSG00000226803,0.5700000000000001,False,False
ENSG00000226806,0.0,True,True
ENSG00000226819,0.0,True,True
ENSG00000226823,0.04,False,True
ENSG00000226824,0.29000000000000004,False,False
ENSG00000226825,0.0,False,True
ENSG00000226828,0.0,False,True
ENSG00000226833,0.255,False,False
ENSG00000226853,1.6199999999999999,True,False
ENSG00000226856,0.0,True,True
ENSG00000226859,0.0,True,True
ENSG00000226864,0.0,False,True
ENSG00000226877,0.0,False,True
ENSG00000226886,0.0,True,True
ENSG00000226889,0.03,True,True
ENSG00000226912,0.10500000000000001,False,False
ENSG00000226913,0.0,True,True
ENSG00000226944,0.385,False,False
ENSG00000226945,0.0,True,True
ENSG00000226948,0.015,False,True
ENSG00000226950,477.265,False,False
ENSG00000226955,0.0,False,True
ENSG00000226963,0.0,True,True
ENSG00000226984,0.0,True,True
ENSG00000227006,0.015,False,True
ENSG00000227014,0.08,False,True
ENSG00000227050,0.0,False,True
ENSG00000227051,0.0,True,True
ENSG00000227053,0.87,False,False
ENSG00000227057,8.055,False,False
ENSG00000227060,0.01,True,True
ENSG00000227066,0.0,False,True
ENSG00000227070,14.09,False,False
ENSG00000227071,0.115,False,False
ENSG00000227124,3.755,True,False
ENSG00000227128,0.0,False,True
ENSG00000227165,0.03,True,True
ENSG00000227172,0.0,False,True
ENSG00000227175,0.0,True,True
ENSG00000227189,0.0,False,True
ENSG00000227198,0.235,False,False
ENSG00000227199,0.24,False,False
ENSG00000227210,0.0,False,True
ENSG00000227218,0.105,False,False
ENSG00000227227,0.015,True,True
ENSG00000227237,0.0,False,True
ENSG00000227244,0.0,True,True
ENSG00000227252,0.03,True,True
ENSG00000227256,0.27,False,False
ENSG00000227268,0.22999999999999998,True,False
ENSG00000227295,0.005,True,True
ENSG00000227307,0.0,False,True
ENSG00000227308,0.0,False,True
ENSG00000227354,2.76,True,False
ENSG00000227355,0.965,True,False
ENSG00000227356,0.0,True,True
ENSG00000227365,0.0,False,True
ENSG00000227372,1.51,True,False
ENSG00000227373,0.14,False,False
ENSG00000227375,0.13,False,False
ENSG00000227398,0.060000000000000005,False,True
ENSG00000227431,0.0,False,True
ENSG00000227432,0.0,True,True
ENSG00000227477,0.46,False,False
ENSG00000227484,0.0,True,True
ENSG00000227486,0.0,True,True
ENSG00000227492,0.01,False,True
ENSG00000227500,0.6950000000000001,False,False
ENSG00000227507,0.0,True,True
ENSG00000227508,0.0,True,True
ENSG00000227509,0.0,False,True
ENSG00000227512,0.0,False,True
ENSG00000227533,1.19,True,False
ENSG00000227540,43.195,True,False
ENSG00000227543,0.345,True,False
ENSG00000227598,0.17,False,False
ENSG00000227615,13.68,True,False
ENSG00000227627,2.65,True,False
ENSG00000227630,0.060000000000000005,False,True
ENSG00000227646,0.0,False,True
ENSG00000227671,4.725,True,False
ENSG00000227674,1.085,True,False
ENSG00000227698,0.04,False,True
ENSG00000227704,0.0,False,True
ENSG00000227735,0.0,False,True
ENSG00000227758,0.0,False,True
ENSG00000227775,0.245,False,False
ENSG00000227776,0.0,True,True
ENSG00000227799,0.025,False,True
ENSG00000227803,0.0,False,True
ENSG00000227811,0.0,True,True
ENSG00000227848,0.015,False,True
ENSG00000227857,0.035,False,True
ENSG00000227868,0.05500000000000001,False,True
ENSG00000227875,0.0,False,True
ENSG00000227885,0.0,True,True
ENSG00000227896,0.21500000000000002,True,False
ENSG00000227908,0.015,False,True
ENSG00000227920,0.0,True,True
ENSG00000227932,14.285,False,False
ENSG00000227933,0.0,False,True
ENSG00000227946,1.27,True,False
ENSG00000227954,0.0,False,True
ENSG00000227959,0.0,True,True
ENSG00000227963,0.25,False,False
ENSG00000227987,0.0,False,True
ENSG00000228000,0.0,False,True
ENSG00000228007,0.13,False,False
ENSG00000228008,0.025,True,True
ENSG00000228013,0.0,True,True
ENSG00000228015,0.0,False,True
ENSG00000228022,0.28,False,False
ENSG00000228037,0.0,True,True
ENSG00000228043,0.09,True,True
ENSG00000228063,0.28,True,False
ENSG00000228065,0.30000000000000004,True,False
ENSG00000228084,0.58,False,False
ENSG00000228089,0.0,True,True
ENSG00000228113,0.0,True,True
ENSG00000228126,0.0,False,True
ENSG00000228140,0.01,False,True
ENSG00000228144,0.0,True,True
ENSG00000228150,0.36,True,False
ENSG00000228154,0.0,False,True
ENSG00000228156,0.0,False,True
ENSG00000228172,0.08,False,True
ENSG00000228175,2.685,False,False
ENSG00000228181,0.0,False,True
ENSG00000228192,10.225000000000001,True,False
ENSG00000228203,0.03,True,True
ENSG00000228212,0.0,False,True
ENSG00000228222,0.0,True,True
ENSG00000228223,2.865,True,False
ENSG00000228237,0.0,False,True
ENSG00000228242,0.32,True,False
ENSG00000228274,2.21,True,False
ENSG00000228275,0.0,False,True
ENSG00000228288,0.36,False,False
ENSG00000228292,0.145,True,False
ENSG00000228293,0.04,False,True
ENSG00000228300,0.8099999999999999,False,False
ENSG00000228307,0.0,False,True
ENSG00000228315,0.31,True,False
ENSG00000228317,0.025,False,True
ENSG00000228322,0.0,True,True
ENSG00000228323,0.0,False,True
ENSG00000228350,0.33,True,False
ENSG00000228363,0.005,True,True
ENSG00000228380,0.0,False,True
ENSG00000228382,0.0,True,True
ENSG00000228384,0.0,False,True
ENSG00000228393,2.215,True,False
ENSG00000228395,0.06,True,True
ENSG00000228397,0.235,False,False
ENSG00000228401,0.315,True,False
ENSG00000228404,0.0,False,True
ENSG00000228409,1.855,True,False
ENSG00000228414,0.0,True,True
ENSG00000228417,0.0,True,True
ENSG00000228431,0.0,False,True
ENSG00000228432,0.0,True,True
ENSG00000228436,0.485,False,False
ENSG00000228451,0.45499999999999996,True,False
ENSG00000228474,866.2149999999999,False,False
ENSG00000228477,0.0,True,True
ENSG00000228485,0.0,True,True
ENSG00000228486,0.61,True,False
ENSG00000228506,2.165,True,False
ENSG00000228521,0.0,False,True
ENSG00000228526,0.0,True,True
ENSG00000228541,0.5449999999999999,False,False
ENSG00000228544,0.01,True,True
ENSG00000228570,0.0,False,True
ENSG00000228594,0.05,False,True
ENSG00000228606,0.115,False,False
ENSG00000228623,2.66,True,False
ENSG00000228624,0.41000000000000003,True,False
ENSG00000228629,0.0,True,True
ENSG00000228630,0.0,True,True
ENSG00000228634,0.22,True,False
ENSG00000228649,2.02,True,False
ENSG00000228661,0.11,False,False
ENSG00000228668,0.0,False,True
ENSG00000228701,0.065,False,True
ENSG00000228702,0.0,True,True
ENSG00000228705,4.890000000000001,False,False
ENSG00000228716,33.59,False,False
ENSG00000228719,0.03,False,True
ENSG00000228737,0.275,False,False
ENSG00000228775,0.08,True,True
ENSG00000228778,0.0,False,True
ENSG00000228782,6.1850000000000005,True,False
ENSG00000228784,0.07,True,True
ENSG00000228791,0.42500000000000004,True,False
ENSG00000228794,18.56,False,False
ENSG00000228801,0.51,True,False
ENSG00000228806,0.0,False,True
ENSG00000228809,0.0,True,True
ENSG00000228816,0.0,False,True
ENSG00000228825,0.0,True,True
ENSG00000228830,0.0,False,True
ENSG00000228839,0.015,False,True
ENSG00000228843,0.0,False,True
ENSG00000228857,0.175,True,False
ENSG00000228862,0.0,False,True
ENSG00000228878,0.095,True,True
ENSG00000228889,0.71,False,False
ENSG00000228903,0.01,True,True
ENSG00000228919,0.0,True,True
ENSG00000228953,0.0,False,True
ENSG00000228961,0.0,False,True
ENSG00000228973,0.0,True,True
ENSG00000228974,0.0,False,True
ENSG00000228988,0.1,False,False
ENSG00000229017,0.28500000000000003,False,False
ENSG00000229018,0.8049999999999999,True,False
ENSG00000229021,0.0,False,True
ENSG00000229043,0.65,True,False
ENSG00000229048,0.16,True,False
ENSG00000229068,0.0,True,True
ENSG00000229102,0.0,False,True
ENSG00000229112,0.0,True,True
ENSG00000229117,8429.455,True,False
ENSG00000229124,10.995000000000001,True,False
ENSG00000229142,0.0,False,True
ENSG00000229162,0.0,True,True
ENSG00000229169,0.0,False,True
ENSG00000229178,0.005,False,True
ENSG00000229188,0.0,False,True
ENSG00000229191,0.03,True,True
ENSG00000229196,0.08,False,True
ENSG00000229214,0.0,False,True
ENSG00000229228,0.0,False,True
ENSG00000229258,0.0,False,True
ENSG00000229259,0.0,False,True
ENSG00000229262,0.0,True,True
ENSG00000229267,0.69,True,False
ENSG00000229272,0.0,False,True
ENSG00000229273,0.0,True,True
ENSG00000229278,0.5499999999999999,False,False
ENSG00000229291,0.0,False,True
ENSG00000229320,0.8899999999999999,True,False
ENSG00000229327,0.0,False,True
ENSG00000229334,0.12,True,False
ENSG00000229337,0.0,True,True
ENSG00000229348,0.03,False,True
ENSG00000229356,0.0,False,True
ENSG00000229368,0.0,True,True
ENSG00000229388,0.575,False,False
ENSG00000229399,0.0,False,True
ENSG00000229407,0.0,True,True
ENSG00000229409,0.0,False,True
ENSG00000229422,0.0,True,True
ENSG00000229473,0.555,True,False
ENSG00000229474,0.48,True,False
ENSG00000229503,0.20500000000000002,False,False
ENSG00000229512,0.0,False,True
ENSG00000229525,0.16,False,False
ENSG00000229528,0.02,False,True
ENSG00000229536,0.0,False,True
ENSG00000229539,0.13,False,False
ENSG00000229559,0.0,True,True
ENSG00000229569,0.0,False,True
ENSG00000229582,0.0,True,True
ENSG00000229588,0.0,True,True
ENSG00000229589,0.035,True,True
ENSG00000229619,0.06,True,True
ENSG00000229635,0.135,False,False
ENSG00000229637,0.0,False,True
ENSG00000229647,0.05,True,True
ENSG00000229656,0.02,False,True
ENSG00000229666,2.2350000000000003,True,False
ENSG00000229686,0.0,False,True
ENSG00000229689,0.0,True,True
ENSG00000229743,0.0,True,True
ENSG00000229750,0.11,False,False
ENSG00000229766,0.095,False,True
ENSG00000229770,0.0,False,True
ENSG00000229797,0.0,True,True
ENSG00000229807,15.155,False,False
ENSG00000229809,0.24000000000000002,True,False
ENSG00000229833,253.43,True,False
ENSG00000229836,0.0,True,True
ENSG00000229847,0.0,False,True
ENSG00000229848,0.0,True,True
ENSG00000229852,0.625,True,False
ENSG00000229862,0.0,False,True
ENSG00000229869,0.0,False,True
ENSG00000229873,0.0,False,True
ENSG00000229882,0.0,False,True
ENSG00000229891,0.0,True,True
ENSG00000229893,0.030000000000000002,False,True
ENSG00000229896,0.865,False,False
ENSG00000229912,0.0,True,True
ENSG00000229915,0.0,False,True
ENSG00000229931,1.26,True,False
ENSG00000229951,0.01,True,True
ENSG00000229953,0.125,False,False
ENSG00000229956,1.67,True,False
ENSG00000229970,0.55,True,False
ENSG00000229980,0.155,True,False
ENSG00000229999,0.015,False,True
ENSG00000230013,0.0,True,True
ENSG00000230021,0.8700000000000001,True,False
ENSG00000230054,0.0,False,True
ENSG00000230064,0.0,False,True
ENSG00000230074,4.6899999999999995,False,False
ENSG00000230084,0.0,False,True
ENSG00000230091,0.0,False,True
ENSG00000230102,0.015,False,True
ENSG00000230107,0.0,True,True
ENSG00000230113,0.0,True,True
ENSG00000230124,12.675,False,False
ENSG00000230148,0.58,True,False
ENSG00000230180,0.0,True,True
ENSG00000230185,0.155,True,False
ENSG00000230216,0.0,False,True
ENSG00000230262,0.0,False,True
ENSG00000230266,0.09,True,True
ENSG00000230269,3.435,False,False
ENSG00000230287,0.0,False,True
ENSG00000230303,0.0,False,True
ENSG00000230310,0.0,False,True
ENSG00000230314,0.0,False,True
ENSG00000230322,0.025,True,True
ENSG00000230337,0.18,False,False
ENSG00000230359,0.8500000000000001,True,False
ENSG00000230366,0.155,True,False
ENSG00000230376,0.0,False,True
ENSG00000230393,0.0,True,True
ENSG00000230401,0.015,False,True
ENSG00000230408,0.0,False,True
ENSG00000230415,0.0,True,True
ENSG00000230424,1.3399999999999999,False,False
ENSG00000230426,1.555,False,False
ENSG00000230445,0.07500000000000001,True,True
ENSG00000230454,0.05,True,True
ENSG00000230457,0.815,True,False
ENSG00000230461,0.0,False,True
ENSG00000230479,0.0,False,True
ENSG00000230487,0.58,True,False
ENSG00000230513,0.41,True,False
ENSG00000230521,0.0,True,True
ENSG00000230530,1.115,False,False
ENSG00000230534,0.015,False,True
ENSG00000230536,0.095,False,True
ENSG00000230555,0.365,False,False
ENSG00000230565,0.37,False,False
ENSG00000230573,0.0,False,True
ENSG00000230587,0.0,False,True
ENSG00000230590,2.11,True,False
ENSG00000230593,0.035,False,True
ENSG00000230613,0.235,False,False
ENSG00000230615,0.305,False,False
ENSG00000230641,0.0,False,True
ENSG00000230648,1.205,False,False
ENSG00000230658,1.0550000000000002,True,False
ENSG00000230679,1.3,False,False
ENSG00000230686,0.0,False,True
ENSG00000230695,0.0,True,True
ENSG00000230702,0.0,True,True
ENSG00000230709,0.0,True,True
ENSG00000230729,0.0,True,True
ENSG00000230747,0.0,True,True
ENSG00000230753,0.0,False,True
ENSG00000230773,0.0,False,True
ENSG00000230778,0.0,True,True
ENSG00000230790,0.16,False,False
ENSG00000230798,1.62,True,False
ENSG00000230807,0.0,False,True
ENSG00000230832,0.135,False,False
ENSG00000230835,0.0,True,True
ENSG00000230844,4.805,True,False
ENSG00000230863,1.27,False,False
ENSG00000230866,0.0,False,True
ENSG00000230870,0.0,False,True
ENSG00000230898,0.0,True,True
ENSG00000230910,0.5249999999999999,True,False
ENSG00000230927,0.0,False,True
ENSG00000230955,26.814999999999998,False,False
ENSG00000230994,0.0,False,True
ENSG00000231028,0.015,False,True
ENSG00000231046,0.0,False,True
ENSG00000231050,0.0,True,True
ENSG00000231057,0.01,False,True
ENSG00000231064,0.16,False,False
ENSG00000231073,0.03,False,True
ENSG00000231074,16.685,False,False
ENSG00000231081,0.0,False,True
ENSG00000231084,0.265,True,False
ENSG00000231086,0.0,True,True
ENSG00000231090,0.0,False,True
ENSG00000231105,0.0,True,True
ENSG00000231119,0.030000000000000002,False,True
ENSG00000231128,0.0,False,True
ENSG00000231154,0.185,True,False
ENSG00000231156,0.0,False,True
ENSG00000231160,0.135,False,False
ENSG00000231169,0.07,True,True
ENSG00000231173,0.0,False,True
ENSG00000231185,1.245,True,False
ENSG00000231188,0.0,False,True
ENSG00000231227,0.0,False,True
ENSG00000231233,6.57,False,False
ENSG00000231249,0.3,False,False
ENSG00000231256,0.0,False,True
ENSG00000231312,5.79,True,False
ENSG00000231327,0.0,False,True
ENSG00000231365,3.955,False,False
ENSG00000231389,0.285,True,False
ENSG00000231407,0.07500000000000001,False,True
ENSG00000231437,0.0,True,True
ENSG00000231441,0.0,False,True
ENSG00000231453,0.0,True,True
ENSG00000231473,0.005,False,True
ENSG00000231496,0.0,False,True
ENSG00000231500,12606.33,False,False
ENSG00000231507,0.04,False,True
ENSG00000231521,0.0,True,True
ENSG00000231552,0.0,False,True
ENSG00000231563,0.0,False,True
ENSG00000231585,0.0,True,True
ENSG00000231586,0.025,False,True
ENSG00000231607,36.475,True,False
ENSG00000231609,0.005,True,True
ENSG00000231621,0.0,False,True
ENSG00000231636,0.0,False,True
ENSG00000231651,0.025,False,True
ENSG00000231652,0.0,False,True
ENSG00000231663,4.91,True,False
ENSG00000231666,0.0,False,True
ENSG00000231691,0.0,False,True
ENSG00000231704,0.0,False,True
ENSG00000231721,1.83,True,False
ENSG00000231724,0.0,False,True
ENSG00000231735,0.0,False,True
ENSG00000231752,0.005,True,True
ENSG00000231764,0.0,False,True
ENSG00000231770,2.4450000000000003,True,False
ENSG00000231784,0.20500000000000002,False,False
ENSG00000231789,2.66,False,False
ENSG00000231793,0.0,False,True
ENSG00000231802,0.01,False,True
ENSG00000231808,0.125,True,False
ENSG00000231840,0.04,True,True
ENSG00000231856,0.185,True,False
ENSG00000231858,0.0,False,True
ENSG00000231866,0.0,False,True
ENSG00000231871,0.0,True,True
ENSG00000231880,0.155,True,False
ENSG00000231887,4.9399999999999995,False,False
ENSG00000231889,2.28,True,False
ENSG00000231890,0.28500000000000003,True,False
ENSG00000231908,0.505,False,False
ENSG00000231909,0.0,False,True
ENSG00000231916,0.025,False,True
ENSG00000231920,0.0,True,True
ENSG00000231925,7.505,False,False
ENSG00000231969,0.24,False,False
ENSG00000231970,0.0,False,True
ENSG00000231977,0.0,True,True
ENSG00000231978,0.0,False,True
ENSG00000231982,0.0,True,True
ENSG00000231992,0.025,True,True
ENSG00000231993,0.0,False,True
ENSG00000231999,0.03,True,True
ENSG00000232004,0.055,False,True
ENSG00000232006,1.5550000000000002,False,False
ENSG00000232021,2.42,True,False
ENSG00000232028,0.0,True,True
ENSG00000232037,0.215,False,False
ENSG00000232065,0.31,False,False
ENSG00000232070,0.41000000000000003,True,False
ENSG00000232098,0.74,False,False
ENSG00000232104,0.21,True,False
ENSG00000232112,680.7149999999999,False,False
ENSG00000232132,0.0,False,True
ENSG00000232139,0.26,True,False
ENSG00000232160,0.075,True,True
ENSG00000232163,0.0,False,True
ENSG00000232194,1.15,False,False
ENSG00000232233,0.02,True,True
ENSG00000232234,0.075,False,True
ENSG00000232258,0.0,False,True
ENSG00000232265,1.96,False,False
ENSG00000232284,0.01,False,True
ENSG00000232298,0.0,False,True
ENSG00000232369,0.13,False,False
ENSG00000232386,0.03,False,True
ENSG00000232388,132.185,False,False
ENSG00000232393,0.01,False,True
ENSG00000232406,0.01,True,True
ENSG00000232412,1.565,False,False
ENSG00000232434,0.005,True,True
ENSG00000232442,1.5350000000000001,True,False
ENSG00000232445,1.025,True,False
ENSG00000232470,0.0,False,True
ENSG00000232480,0.0,True,True
ENSG00000232485,0.295,True,False
ENSG00000232504,0.0,True,True
ENSG00000232519,0.0,False,True
ENSG00000232533,3.115,False,False
ENSG00000232536,0.0,True,True
ENSG00000232557,0.0,False,True
ENSG00000232581,2.665,False,False
ENSG00000232591,0.0,True,True
ENSG00000232593,0.745,True,False
ENSG00000232606,0.065,True,True
ENSG00000232618,0.0,True,True
ENSG00000232629,0.0,False,True
ENSG00000232640,0.08,False,True
ENSG00000232645,0.54,False,False
ENSG00000232648,0.0,False,True
ENSG00000232671,4.875,False,False
ENSG00000232680,0.0,True,True
ENSG00000232732,0.0,True,True
ENSG00000232746,0.01,True,True
ENSG00000232815,0.0,True,True
ENSG00000232818,0.46499999999999997,True,False
ENSG00000232828,0.025,False,True
ENSG00000232838,4.745,True,False
ENSG00000232850,0.15000000000000002,False,False
ENSG00000232858,0.10500000000000001,False,False
ENSG00000232859,0.7849999999999999,True,False
ENSG00000232860,0.265,False,False
ENSG00000232871,0.0,False,True
ENSG00000232876,0.095,False,True
ENSG00000232884,12.625,True,False
ENSG00000232888,3.455,True,False
ENSG00000232891,0.0,True,True
ENSG00000232907,0.04,True,True
ENSG00000232912,0.0,False,True
ENSG00000232936,0.09,False,True
ENSG00000232937,0.0,False,True
ENSG00000232940,17.01,True,False
ENSG00000232956,156.51999999999998,False,False
ENSG00000232969,0.0,False,True
ENSG00000232973,0.0,True,True
ENSG00000232977,0.0,True,True
ENSG00000232995,4.705,True,False
ENSG00000232998,0.02,False,True
ENSG00000233006,0.43999999999999995,True,False
ENSG00000233016,1.18,False,False
ENSG00000233056,0.03,False,True
ENSG00000233058,0.485,True,False
ENSG00000233060,0.0,False,True
ENSG00000233064,0.07500000000000001,True,True
ENSG00000233069,0.0,True,True
ENSG00000233080,1.76,True,False
ENSG00000233081,0.055,False,True
ENSG00000233108,0.0,True,True
ENSG00000233110,0.0,True,True
ENSG00000233131,0.0,True,True
ENSG00000233143,0.0,True,True
ENSG00000233146,0.0,False,True
ENSG00000233153,0.0,False,True
ENSG00000233159,0.0,False,True
ENSG00000233170,0.925,False,False
ENSG00000233184,5.800000000000001,True,False
ENSG00000233186,0.0,False,True
ENSG00000233203,0.705,False,False
ENSG00000233220,0.0,True,True
ENSG00000233221,0.0,False,True
ENSG00000233223,3.3600000000000003,True,False
ENSG00000233230,0.53,False,False
ENSG00000233242,0.0,False,True
ENSG00000233246,0.145,False,False
ENSG00000233250,0.46,False,False
ENSG00000233251,0.0,False,True
ENSG00000233259,0.0,True,True
ENSG00000233296,0.02,False,True
ENSG00000233325,0.175,False,False
ENSG00000233360,0.0,False,True
ENSG00000233381,0.015,False,True
ENSG00000233382,1.02,True,False
ENSG00000233396,0.355,False,False
ENSG00000233429,0.0,True,True
ENSG00000233452,1.14,False,False
ENSG00000233461,32.485,True,False
ENSG00000233478,0.0,False,True
ENSG00000233483,0.04,True,True
ENSG00000233493,0.015,False,True
ENSG00000233502,0.0,True,True
ENSG00000233509,1.45,True,False
ENSG00000233527,1.07,True,False
ENSG00000233529,0.0,False,True
ENSG00000233547,0.0,True,True
ENSG00000233554,0.21000000000000002,False,False
ENSG00000233593,11.11,True,False
ENSG00000233611,0.0,True,True
ENSG00000233621,0.11499999999999999,False,False
ENSG00000233647,0.08,True,True
ENSG00000233654,0.0,False,True
ENSG00000233661,0.025,False,True
ENSG00000233672,0.08,False,True
ENSG00000233682,0.0,True,True
ENSG00000233683,0.0,True,True
ENSG00000233694,0.025,False,True
ENSG00000233695,0.0,True,True
ENSG00000233702,0.0,False,True
ENSG00000233705,0.04,True,True
ENSG00000233720,0.0,False,True
ENSG00000233721,0.0,False,True
ENSG00000233723,1.075,True,False
ENSG00000233754,0.0,False,True
ENSG00000233757,0.0,True,True
ENSG00000233760,0.0,False,True
ENSG00000233766,6.725,True,False
ENSG00000233775,0.0,True,True
ENSG00000233785,0.125,False,False
ENSG00000233791,0.12,False,False
ENSG00000233797,0.0,False,True
ENSG00000233806,0.25,True,False
ENSG00000233822,7.94,False,False
ENSG00000233825,0.0,False,True
ENSG00000233834,10.204999999999998,True,False
ENSG00000233849,0.0,False,True
ENSG00000233850,0.0,True,True
ENSG00000233862,0.01,True,True
ENSG00000233871,0.22,True,False
ENSG00000233893,0.03,False,True
ENSG00000233912,0.79,True,False
ENSG00000233922,3.1399999999999997,True,False
ENSG00000233927,2077.6949999999997,False,False
ENSG00000233930,0.0,True,True
ENSG00000233932,0.0,False,True
ENSG00000233937,2.55,True,False
ENSG00000233941,0.0,True,True
ENSG00000233946,0.0,False,True
ENSG00000234006,0.74,True,False
ENSG00000234019,0.0,False,True
ENSG00000234028,0.81,True,False
ENSG00000234072,0.53,True,False
ENSG00000234093,0.62,False,False
ENSG00000234104,0.0,False,True
ENSG00000234127,0.76,True,False
ENSG00000234129,1.145,True,False
ENSG00000234134,0.095,False,True
ENSG00000234139,0.0,False,True
ENSG00000234142,1.225,False,False
ENSG00000234147,17.21,True,False
ENSG00000234171,5.195,True,False
ENSG00000234174,0.0,True,True
ENSG00000234181,0.025,False,True
ENSG00000234182,0.0,False,True
ENSG00000234183,0.455,True,False
ENSG00000234215,0.0,False,True
ENSG00000234222,0.635,False,False
ENSG00000234230,0.0,False,True
ENSG00000234235,0.16999999999999998,True,False
ENSG00000234264,2.06,False,False
ENSG00000234283,0.0,True,True
ENSG00000234284,0.01,True,True
ENSG00000234292,0.0,True,True
ENSG00000234327,35.97,False,False
ENSG00000234336,0.0,False,True
ENSG00000234350,4.16,True,False
ENSG00000234371,0.0,False,True
ENSG00000234380,0.15,True,False
ENSG00000234389,0.01,False,True
ENSG00000234390,0.08,False,True
ENSG00000234418,0.0,False,True
ENSG00000234420,0.755,True,False
ENSG00000234425,0.0,False,True
ENSG00000234432,0.0,True,True
ENSG00000234444,2.285,True,False
ENSG00000234465,5.08,False,False
ENSG00000234489,0.0,True,True
ENSG00000234492,0.055,False,True
ENSG00000234494,1.46,True,False
ENSG00000234509,0.045000000000000005,False,True
ENSG00000234545,27.729999999999997,True,False
ENSG00000234595,0.0,False,True
ENSG00000234602,0.075,True,True
ENSG00000234608,71.775,False,False
ENSG00000234614,0.0,True,True
ENSG00000234636,0.45,False,False
ENSG00000234676,0.15,False,False
ENSG00000234684,0.935,True,False
ENSG00000234685,0.035,True,True
ENSG00000234694,0.14,False,False
ENSG00000234695,0.115,False,False
ENSG00000234698,0.0,False,True
ENSG00000234707,0.0,False,True
ENSG00000234710,0.0,True,True
ENSG00000234713,0.0,False,True
ENSG00000234715,0.055,True,True
ENSG00000234719,0.05,True,True
ENSG00000234741,624.59,False,False
ENSG00000234745,0.04,True,True
ENSG00000234753,23.0,True,False
ENSG00000234772,0.12,True,False
ENSG00000234789,0.0,False,True
ENSG00000234790,0.0,False,True
ENSG00000234807,0.0,False,True
ENSG00000234816,0.125,True,False
ENSG00000234817,0.005,False,True
ENSG00000234832,0.01,True,True
ENSG00000234857,0.0,True,True
ENSG00000234859,0.0,False,True
ENSG00000234884,0.0,False,True
ENSG00000234911,0.10500000000000001,False,False
ENSG00000234912,4.03,False,False
ENSG00000234917,0.175,False,False
ENSG00000234921,0.0,False,True
ENSG00000234936,0.435,False,False
ENSG00000234946,0.0,True,True
ENSG00000234948,1.0150000000000001,False,False
ENSG00000234956,0.0,False,True
ENSG00000234965,0.025,True,True
ENSG00000234985,0.0,True,True
ENSG00000234996,0.35,True,False
ENSG00000234999,0.0,True,True
ENSG00000235007,0.0,False,True
ENSG00000235016,0.195,True,False
ENSG00000235024,0.0,True,True
ENSG00000235042,0.0,False,True
ENSG00000235043,0.8400000000000001,False,False
ENSG00000235044,0.0,False,True
ENSG00000235058,0.0,False,True
ENSG00000235078,0.055,False,True
ENSG00000235079,0.0,True,True
ENSG00000235084,0.15,False,False
ENSG00000235090,0.065,True,True
ENSG00000235092,0.07500000000000001,True,True
ENSG00000235100,0.0,False,True
ENSG00000235106,1.06,True,False
ENSG00000235109,3.365,True,False
ENSG00000235119,0.0,False,True
ENSG00000235145,0.125,False,False
ENSG00000235151,0.0,True,True
ENSG00000235159,0.0,False,True
ENSG00000235162,0.02,True,True
ENSG00000235169,8.41,True,False
ENSG00000235173,6.71,False,False
ENSG00000235181,0.0,True,True
ENSG00000235185,0.0,False,True
ENSG00000235189,0.0,False,True
ENSG00000235191,0.0,False,True
ENSG00000235194,2.145,True,False
ENSG00000235198,0.0,False,True
ENSG00000235204,0.045,True,True
ENSG00000235214,0.035,False,True
ENSG00000235257,0.055,True,True
ENSG00000235299,2.1500000000000004,False,False
ENSG00000235301,0.0,True,True
ENSG00000235314,0.005,True,True
ENSG00000235316,0.0,True,True
ENSG00000235354,0.895,False,False
ENSG00000235358,0.14,False,False
ENSG00000235361,0.0,True,True
ENSG00000235363,138.13,False,False
ENSG00000235374,0.025,True,True
ENSG00000235397,0.005,False,True
ENSG00000235415,0.0,False,True
ENSG00000235437,3.37,True,False
ENSG00000235453,11.945,False,False
ENSG00000235470,0.0,True,True
ENSG00000235478,0.0,True,True
ENSG00000235480,0.0,False,True
ENSG00000235481,0.0,False,True
ENSG00000235488,0.0,False,True
ENSG00000235494,0.0,True,True
ENSG00000235499,0.0,True,True
ENSG00000235527,0.5,True,False
ENSG00000235530,0.485,True,False
ENSG00000235545,0.01,True,True
ENSG00000235560,4.890000000000001,True,False
ENSG00000235570,0.22000000000000003,False,False
ENSG00000235572,0.0,False,True
ENSG00000235575,0.0,False,True
ENSG00000235586,0.0,False,True
ENSG00000235590,0.055,True,True
ENSG00000235629,0.0,True,True
ENSG00000235665,0.0,True,True
ENSG00000235681,0.46499999999999997,False,False
ENSG00000235703,0.29500000000000004,True,False
ENSG00000235706,0.25,True,False
ENSG00000235711,0.0,False,True
ENSG00000235724,0.0,False,True
ENSG00000235750,2.525,True,False
ENSG00000235781,0.575,True,False
ENSG00000235790,0.0,False,True
ENSG00000235802,0.0,False,True
ENSG00000235805,0.0,True,True
ENSG00000235821,0.045,False,True
ENSG00000235823,6.6850000000000005,True,False
ENSG00000235830,0.0,True,True
ENSG00000235831,0.12,False,False
ENSG00000235840,0.0,False,True
ENSG00000235852,0.0,True,True
ENSG00000235863,0.015,True,True
ENSG00000235875,0.0,False,True
ENSG00000235880,0.0,False,True
ENSG00000235884,0.0,False,True
ENSG00000235890,0.0,False,True
ENSG00000235897,1.405,True,False
ENSG00000235903,1.42,False,False
ENSG00000235910,0.0,False,True
ENSG00000235912,9.215,False,False
ENSG00000235919,1.4649999999999999,True,False
ENSG00000235924,0.0,False,True
ENSG00000235934,0.0,True,True
ENSG00000235944,0.01,True,True
ENSG00000235954,25.965,True,False
ENSG00000235964,0.0,True,True
ENSG00000236003,0.035,False,True
ENSG00000236021,0.085,False,True
ENSG00000236051,3.37,False,False
ENSG00000236065,0.2,False,False
ENSG00000236081,6.395,False,False
ENSG00000236088,4.865,True,False
ENSG00000236104,0.18,True,False
ENSG00000236118,0.0,False,True
ENSG00000236137,0.385,True,False
ENSG00000236144,4.795,True,False
ENSG00000236153,0.0,False,True
ENSG00000236154,0.0,False,True
ENSG00000236162,0.0,False,True
ENSG00000236194,9.745000000000001,True,False
ENSG00000236200,8.55,True,False
ENSG00000236204,0.165,True,False
ENSG00000236206,0.0,False,True
ENSG00000236208,0.745,True,False
ENSG00000236213,0.0,True,True
ENSG00000236278,0.015,False,True
ENSG00000236283,0.33999999999999997,True,False
ENSG00000236287,13.935,False,False
ENSG00000236297,0.0,True,True
ENSG00000236305,0.06,False,True
ENSG00000236311,0.0,True,True
ENSG00000236317,0.365,False,False
ENSG00000236336,0.0,False,True
ENSG00000236352,0.03,True,True
ENSG00000236377,0.47500000000000003,False,False
ENSG00000236391,0.0,False,True
ENSG00000236394,0.0,True,True
ENSG00000236397,1.1199999999999999,True,False
ENSG00000236403,0.0,True,True
ENSG00000236411,0.0,False,True
ENSG00000236423,0.185,True,False
ENSG00000236432,0.05,True,True
ENSG00000236444,0.06,False,True
ENSG00000236457,0.0,False,True
ENSG00000236471,0.0,True,True
ENSG00000236499,0.14500000000000002,True,False
ENSG00000236500,0.0,False,True
ENSG00000236501,0.0,False,True
ENSG00000236514,0.0,True,True
ENSG00000236519,0.745,True,False
ENSG00000236528,0.08,False,True
ENSG00000236536,0.0,True,True
ENSG00000236546,0.05,True,True
ENSG00000236548,0.05,False,True
ENSG00000236559,0.03,False,True
ENSG00000236591,0.0,True,True
ENSG00000236595,0.0,True,True
ENSG00000236609,0.0,False,True
ENSG00000236617,0.22999999999999998,True,False
ENSG00000236618,3.465,False,False
ENSG00000236643,0.27,False,False
ENSG00000236651,0.034999999999999996,True,True
ENSG00000236658,0.0,False,True
ENSG00000236662,0.0,False,True
ENSG00000236668,0.0,False,True
ENSG00000236677,0.09,False,True
ENSG00000236682,0.015,False,True
ENSG00000236736,0.0,False,True
ENSG00000236753,3.52,True,False
ENSG00000236756,14.455,False,False
ENSG00000236778,1.9849999999999999,True,False
ENSG00000236780,0.0,False,True
ENSG00000236782,0.16,False,False
ENSG00000236790,0.0,True,True
ENSG00000236794,0.0,False,True
ENSG00000236800,0.0,True,True
ENSG00000236806,0.0,True,True
ENSG00000236810,20.565,True,False
ENSG00000236824,51.06,True,False
ENSG00000236827,0.0,False,True
ENSG00000236829,0.08499999999999999,True,True
ENSG00000236838,0.0,False,True
ENSG00000236842,0.0,False,True
ENSG00000236846,0.065,False,True
ENSG00000236848,0.13,False,False
ENSG00000236856,0.0,False,True
ENSG00000236859,22.4,True,False
ENSG00000236863,0.0,True,True
ENSG00000236866,0.04,True,True
ENSG00000236869,0.0,True,True
ENSG00000236871,0.0,False,True
ENSG00000236894,0.0,True,True
ENSG00000236896,0.025,False,True
ENSG00000236900,0.15,False,False
ENSG00000236905,0.0,False,True
ENSG00000236914,0.0,True,True
ENSG00000236915,0.0,False,True
ENSG00000236924,0.0,True,True
ENSG00000236935,0.045,False,True
ENSG00000236939,0.0,False,True
ENSG00000236961,0.0,False,True
ENSG00000236975,0.0,False,True
ENSG00000237004,0.02,True,True
ENSG00000237008,0.0,False,True
ENSG00000237036,1.12,True,False
ENSG00000237037,0.265,True,False
ENSG00000237054,3.96,False,False
ENSG00000237058,0.0,False,True
ENSG00000237121,0.0,False,True
ENSG00000237125,1.085,True,False
ENSG00000237149,0.0,False,True
ENSG00000237159,0.0,False,True
ENSG00000237172,0.01,True,True
ENSG00000237181,0.85,True,False
ENSG00000237187,0.0,True,True
ENSG00000237188,0.085,True,True
ENSG00000237190,16.15,False,False
ENSG00000237232,0.0,False,True
ENSG00000237276,0.04,True,True
ENSG00000237290,0.0,False,True
ENSG00000237296,4.025,False,False
ENSG00000237298,24.775,False,False
ENSG00000237301,0.0,False,True
ENSG00000237310,15.66,True,False
ENSG00000237311,70.81,True,False
ENSG00000237341,0.0,False,True
ENSG00000237363,0.0,False,True
ENSG00000237382,0.06,False,True
ENSG00000237422,0.0,True,True
ENSG00000237424,1.3599999999999999,False,False
ENSG00000237425,0.0,True,True
ENSG00000237429,1.885,False,False
ENSG00000237436,0.0,False,True
ENSG00000237441,1.295,False,False
ENSG00000237453,0.0,False,True
ENSG00000237457,0.05,True,True
ENSG00000237461,0.0,False,True
ENSG00000237489,0.0,False,True
ENSG00000237491,1.355,True,False
ENSG00000237493,0.135,False,False
ENSG00000237499,6.38,True,False
ENSG00000237505,0.20500000000000002,False,False
ENSG00000237515,0.0,False,True
ENSG00000237520,0.0,True,True
ENSG00000237523,0.08,False,True
ENSG00000237531,0.14,True,False
ENSG00000237540,0.0,False,True
ENSG00000237575,0.0,True,True
ENSG00000237588,0.0,True,True
ENSG00000237589,0.0,True,True
ENSG00000237595,0.12000000000000001,True,False
ENSG00000237605,0.065,False,True
ENSG00000237637,0.0,True,True
ENSG00000237638,0.0,True,True
ENSG00000237640,0.01,True,True
ENSG00000237649,1.975,False,False
ENSG00000237668,0.215,False,False
ENSG00000237686,22.975,True,False
ENSG00000237707,0.0,False,True
ENSG00000237732,0.0,False,True
ENSG00000237742,0.335,True,False
ENSG00000237749,0.385,True,False
ENSG00000237753,0.14,True,False
ENSG00000237759,0.0,False,True
ENSG00000237765,18.46,True,False
ENSG00000237766,0.015,False,True
ENSG00000237775,0.0,False,True
ENSG00000237786,0.0,False,True
ENSG00000237804,0.0,False,True
ENSG00000237813,0.28500000000000003,True,False
ENSG00000237819,1.455,False,False
ENSG00000237846,0.08,False,True
ENSG00000237854,0.125,True,False
ENSG00000237877,0.175,True,False
ENSG00000237883,37.55,True,False
ENSG00000237886,0.0,True,True
ENSG00000237922,0.0,True,True
ENSG00000237928,0.035,True,True
ENSG00000237943,15.21,True,False
ENSG00000237945,4.0600000000000005,True,False
ENSG00000237953,0.125,True,False
ENSG00000237976,5.295,True,False
ENSG00000237980,0.0,False,True
ENSG00000237984,0.09000000000000001,True,True
ENSG00000237989,0.0,True,True
ENSG00000238010,0.0,False,True
ENSG00000238038,0.0,False,True
ENSG00000238045,1.72,True,False
ENSG00000238057,0.625,True,False
ENSG00000238058,0.4,False,False
ENSG00000238097,0.265,True,False
ENSG00000238098,0.365,False,False
ENSG00000238113,0.87,True,False
ENSG00000238120,0.0,True,True
ENSG00000238123,0.27,True,False
ENSG00000238132,0.02,True,True
ENSG00000238141,0.0,False,True
ENSG00000238160,0.045,True,True
ENSG00000238164,0.015,True,True
ENSG00000238184,0.0,False,True
ENSG00000238197,0.195,True,False
ENSG00000238198,0.21,False,False
ENSG00000238227,0.22,False,False
ENSG00000238230,0.0,True,True
ENSG00000238260,0.0,True,True
ENSG00000238280,0.0,False,True
ENSG00000238287,0.0,False,True
ENSG00000238290,0.0,False,True
ENSG00000238326,0.0,False,True
ENSG00000238363,7.985,True,False
ENSG00000238387,0.0,False,True
ENSG00000238419,0.0,False,True
ENSG00000238423,0.0,False,True
ENSG00000238531,0.0,False,True
ENSG00000238578,0.0,False,True
ENSG00000238597,0.0,False,True
ENSG00000238610,0.0,False,True
ENSG00000238628,0.0,False,True
ENSG00000238649,0.0,False,True
ENSG00000238650,0.0,False,True
ENSG00000238719,0.0,False,True
ENSG00000238750,0.0,False,True
ENSG00000238754,0.0,True,True
ENSG00000238795,2.005,False,False
ENSG00000238825,0.38,True,False
ENSG00000238917,2.705,True,False
ENSG00000238923,0.0,False,True
ENSG00000238942,0.0,True,True
ENSG00000238965,0.0,False,True
ENSG00000239039,0.0,False,True
ENSG00000239053,0.0,True,True
ENSG00000239183,6.695,True,False
ENSG00000239199,0.0,False,True
ENSG00000239213,12.065,True,False
ENSG00000239215,0.0,False,True
ENSG00000239216,0.0,False,True
ENSG00000239219,0.06,True,True
ENSG00000239255,0.0,True,True
ENSG00000239256,0.0,False,True
ENSG00000239264,25.880000000000003,False,False
ENSG00000239280,1.775,True,False
ENSG00000239282,0.235,True,False
ENSG00000239305,0.9199999999999999,True,False
ENSG00000239306,4.76,False,False
ENSG00000239335,0.025,True,True
ENSG00000239350,0.245,False,False
ENSG00000239382,1.79,False,False
ENSG00000239396,0.0,True,True
ENSG00000239415,2.23,True,False
ENSG00000239419,0.605,True,False
ENSG00000239445,0.0,True,True
ENSG00000239462,0.0,False,True
ENSG00000239480,0.0,False,True
ENSG00000239521,0.41000000000000003,True,False
ENSG00000239523,2.4450000000000003,True,False
ENSG00000239569,0.76,True,False
ENSG00000239572,0.19,True,False
ENSG00000239608,0.0,False,True
ENSG00000239672,1014.9300000000001,True,False
ENSG00000239697,0.02,False,True
ENSG00000239705,0.045,False,True
ENSG00000239713,13.21,True,False
ENSG00000239718,0.0,False,True
ENSG00000239726,0.0,False,True
ENSG00000239774,0.0,False,True
ENSG00000239779,1.4100000000000001,True,False
ENSG00000239789,73.83500000000001,True,False
ENSG00000239791,0.015,False,True
ENSG00000239857,0.88,False,False
ENSG00000239881,0.0,True,True
ENSG00000239883,0.38,True,False
ENSG00000239900,213.94,False,False
ENSG00000239911,0.015,False,True
ENSG00000239917,0.05500000000000001,False,True
ENSG00000239930,0.0,True,True
ENSG00000239985,0.0,False,True
ENSG00000240005,1.525,False,False
ENSG00000240024,11.655,True,False
ENSG00000240057,0.02,True,True
ENSG00000240063,0.025,False,True
ENSG00000240065,1.915,True,False
ENSG00000240106,0.05,False,True
ENSG00000240125,0.0,True,True
ENSG00000240137,0.56,False,False
ENSG00000240204,0.255,False,False
ENSG00000240211,0.0,False,True
ENSG00000240230,3.685,True,False
ENSG00000240246,0.0,False,True
ENSG00000240280,2.7350000000000003,True,False
ENSG00000240303,0.885,True,False
ENSG00000240344,44.615,True,False
ENSG00000240356,12.655000000000001,True,False
ENSG00000240370,0.8400000000000001,True,False
ENSG00000240401,0.21000000000000002,False,False
ENSG00000240429,2.52,True,False
ENSG00000240449,0.045,False,True
ENSG00000240470,0.0,False,True
ENSG00000240481,0.0,False,True
ENSG00000240497,0.295,False,False
ENSG00000240505,0.0,True,True
ENSG00000240549,0.0,False,True
ENSG00000240577,0.0,False,True
ENSG00000240616,0.815,True,False
ENSG00000240661,0.0,False,True
ENSG00000240682,23.200000000000003,False,False
ENSG00000240694,0.0,False,True
ENSG00000240758,0.02,True,True
ENSG00000240771,0.89,True,False
ENSG00000240790,0.04,False,True
ENSG00000240849,2.515,False,False
ENSG00000240857,6.98,True,False
ENSG00000240859,0.0,True,True
ENSG00000240863,0.0,False,True
ENSG00000240875,0.0,False,True
ENSG00000240877,0.05,False,True
ENSG00000240889,1.605,False,False
ENSG00000240891,0.0,False,True
ENSG00000240966,0.1,False,False
ENSG00000240972,60.89,False,False
ENSG00000240990,0.0,False,True
ENSG00000241015,4.859999999999999,True,False
ENSG00000241058,8.16,False,False
ENSG00000241081,0.77,False,False
ENSG00000241102,0.0,True,True
ENSG00000241112,0.5650000000000001,True,False
ENSG00000241114,0.0,True,True
ENSG00000241123,0.0,True,True
ENSG00000241127,42.445,True,False
ENSG00000241129,0.0,True,True
ENSG00000241135,1.01,True,False
ENSG00000241155,0.0,True,True
ENSG00000241159,0.0,True,True
ENSG00000241185,0.02,False,True
ENSG00000241233,0.0,True,True
ENSG00000241258,13.15,False,False
ENSG00000241269,0.0,True,True
ENSG00000241288,0.0,True,True
ENSG00000241313,0.0,False,True
ENSG00000241316,0.08,False,True
ENSG00000241343,2111.515,False,False
ENSG00000241357,0.375,False,False
ENSG00000241360,8.254999999999999,False,False
ENSG00000241362,0.0,True,True
ENSG00000241370,171.96499999999997,False,False
ENSG00000241399,0.025,True,True
ENSG00000241464,0.0,False,True
ENSG00000241468,3777.21,False,False
ENSG00000241489,0.03,True,True
ENSG00000241524,0.0,True,True
ENSG00000241546,0.0,False,True
ENSG00000241547,4.205,True,False
ENSG00000241553,16.085,False,False
ENSG00000241573,0.0,True,True
ENSG00000241596,0.0,False,True
ENSG00000241666,0.165,True,False
ENSG00000241679,0.055,True,True
ENSG00000241684,0.035,True,True
ENSG00000241685,95.41999999999999,False,False
ENSG00000241697,0.0,True,True
ENSG00000241721,0.97,False,False
ENSG00000241735,0.13,False,False
ENSG00000241764,2.125,False,False
ENSG00000241769,0.275,True,False
ENSG00000241770,0.0,False,True
ENSG00000241825,0.025,False,True
ENSG00000241837,1971.81,False,False
ENSG00000241839,0.21000000000000002,True,False
ENSG00000241852,0.315,True,False
ENSG00000241869,0.0,False,True
ENSG00000241878,32.19,False,False
ENSG00000241917,0.0,True,True
ENSG00000241921,0.0,True,True
ENSG00000241933,0.0,False,True
ENSG00000241959,0.79,False,False
ENSG00000241962,0.19,False,False
ENSG00000241973,5.529999999999999,False,False
ENSG00000242028,7.29,False,False
ENSG00000242052,0.0,False,True
ENSG00000242058,0.0,False,True
ENSG00000242073,0.0,True,True
ENSG00000242086,15.165,True,False
ENSG00000242102,0.0,False,True
ENSG00000242104,0.005,True,True
ENSG00000242110,0.575,True,False
ENSG00000242114,9.695,False,False
ENSG00000242125,121.465,False,False
ENSG00000242193,0.0,True,True
ENSG00000242199,0.0,False,True
ENSG00000242207,0.105,True,False
ENSG00000242242,0.0,True,True
ENSG00000242247,15.38,False,False
ENSG00000242251,0.15,True,False
ENSG00000242258,0.03,True,True
ENSG00000242259,14.825,False,False
ENSG00000242265,0.02,True,True
ENSG00000242288,0.16,True,False
ENSG00000242294,9.774999999999999,False,False
ENSG00000242299,97.71000000000001,True,False
ENSG00000242307,0.035,False,True
ENSG00000242338,1.53,True,False
ENSG00000242372,615.48,False,False
ENSG00000242390,0.0,False,True
ENSG00000242396,0.035,False,True
ENSG00000242407,0.0,False,True
ENSG00000242439,0.05,False,True
ENSG00000242474,0.54,True,False
ENSG00000242479,0.0,False,True
ENSG00000242485,478.895,True,False
ENSG00000242498,0.0,False,True
ENSG00000242531,0.0,False,True
ENSG00000242553,2.615,True,False
ENSG00000242574,0.03,True,True
ENSG00000242588,0.445,False,False
ENSG00000242612,0.73,True,False
ENSG00000242616,27.14,True,False
ENSG00000242622,0.24,True,False
ENSG00000242659,0.0,False,True
ENSG00000242660,0.0,False,True
ENSG00000242715,12.36,True,False
ENSG00000242759,0.74,False,False
ENSG00000242798,0.115,False,False
ENSG00000242802,0.16,True,False
ENSG00000242808,0.01,True,True
ENSG00000242880,0.0,False,True
ENSG00000242888,0.01,False,True
ENSG00000242902,0.0,False,True
ENSG00000243018,0.0,True,True
ENSG00000243024,0.075,False,True
ENSG00000243027,0.0,False,True
ENSG00000243056,3.5,False,False
ENSG00000243069,0.0,True,True
ENSG00000243147,243.345,True,False
ENSG00000243150,0.0,False,True
ENSG00000243156,0.525,False,False
ENSG00000243176,0.30000000000000004,True,False
ENSG00000243187,0.0,False,True
ENSG00000243207,0.0,True,True
ENSG00000243224,0.51,True,False
ENSG00000243244,0.08,False,True
ENSG00000243276,0.52,True,False
ENSG00000243295,0.0,False,True
ENSG00000243317,173.56,False,False
ENSG00000243323,0.135,True,False
ENSG00000243333,0.0,False,True
ENSG00000243335,0.895,True,False
ENSG00000243364,0.5349999999999999,True,False
ENSG00000243406,0.985,True,False
ENSG00000243414,0.76,False,False
ENSG00000243417,0.0,True,True
ENSG00000243433,0.02,False,True
ENSG00000243449,1.435,True,False
ENSG00000243477,0.52,True,False
ENSG00000243479,0.065,False,True
ENSG00000243501,0.0,False,True
ENSG00000243510,0.0,False,True
ENSG00000243554,0.20500000000000002,False,False
ENSG00000243562,0.0,True,True
ENSG00000243629,0.0,False,True
ENSG00000243646,8.1,False,False
ENSG00000243660,4.255,False,False
ENSG00000243667,4.265,True,False
ENSG00000243678,521.92,False,False
ENSG00000243710,0.01,True,True
ENSG00000243725,30.415,False,False
ENSG00000243738,0.0,True,True
ENSG00000243749,100.335,True,False
ENSG00000243753,0.0,True,True
ENSG00000243766,0.0,True,True
ENSG00000243789,1.065,True,False
ENSG00000243811,3.44,True,False
ENSG00000243819,0.385,False,False
ENSG00000243845,0.0,True,True
ENSG00000243902,0.0,True,True
ENSG00000243910,0.0,False,True
ENSG00000243926,3.67,False,False
ENSG00000243927,23.155,False,False
ENSG00000243943,15.935,False,False
ENSG00000243989,134.665,False,False
ENSG00000244003,0.0,False,True
ENSG00000244005,7.865,False,False
ENSG00000244009,0.0,False,True
ENSG00000244026,1.135,True,False
ENSG00000244036,0.0,False,True
ENSG00000244038,140.055,False,False
ENSG00000244039,0.0,False,True
ENSG00000244040,0.0,True,True
ENSG00000244041,7.51,False,False
ENSG00000244045,4.075,True,False
ENSG00000244052,0.035,False,True
ENSG00000244061,0.05,True,True
ENSG00000244065,0.0,False,True
ENSG00000244086,0.0,False,True
ENSG00000244115,6.91,False,False
ENSG00000244119,0.24000000000000002,True,False
ENSG00000244159,0.0,False,True
ENSG00000244184,0.875,False,False
ENSG00000244187,17.925,False,False
ENSG00000244193,0.05,False,True
ENSG00000244239,0.0,True,True
ENSG00000244265,0.045,False,True
ENSG00000244267,0.0,True,True
ENSG00000244268,0.0,False,True
ENSG00000244274,12.205,True,False
ENSG00000244300,0.19,True,False
ENSG00000244307,0.0,False,True
ENSG00000244314,0.0,False,True
ENSG00000244328,0.0,False,True
ENSG00000244335,0.0,False,True
ENSG00000244349,0.045,False,True
ENSG00000244380,0.0,False,True
ENSG00000244405,7.775,False,False
ENSG00000244436,0.0,True,True
ENSG00000244459,0.0,False,True
ENSG00000244462,3.4850000000000003,False,False
ENSG00000244486,0.0,False,True
ENSG00000244502,0.0,False,True
ENSG00000244509,150.95,False,False
ENSG00000244513,0.43500000000000005,False,False
ENSG00000244534,0.0,True,True
ENSG00000244558,0.48,True,False
ENSG00000244560,0.08,True,True
ENSG00000244573,0.0,False,True
ENSG00000244578,0.045,True,True
ENSG00000244588,0.095,False,True
ENSG00000244625,4.67,True,False
ENSG00000244649,0.01,False,True
ENSG00000244687,99.32,False,False
ENSG00000244703,0.03,False,True
ENSG00000244754,30.340000000000003,False,False
ENSG00000244879,5.015000000000001,True,False
ENSG00000244968,0.005,True,True
ENSG00000244998,0.095,False,True
ENSG00000245017,0.295,False,False
ENSG00000245059,0.0,False,True
ENSG00000245060,7.82,True,False
ENSG00000245067,0.0,True,True
ENSG00000245112,0.0,False,True
ENSG00000245146,0.13,False,False
ENSG00000245149,2.975,True,False
ENSG00000245213,0.035,True,True
ENSG00000245248,13.0,False,False
ENSG00000245275,1.025,True,False
ENSG00000245281,1.075,False,False
ENSG00000245293,0.08,False,True
ENSG00000245317,0.22,True,False
ENSG00000245322,0.01,False,True
ENSG00000245330,0.0,False,True
ENSG00000245384,0.0,False,True
ENSG00000245385,4.775,False,False
ENSG00000245466,0.0,True,True
ENSG00000245468,0.025,True,True
ENSG00000245479,0.02,False,True
ENSG00000245498,0.0,True,True
ENSG00000245522,0.07,False,True
ENSG00000245526,0.0,True,True
ENSG00000245532,14.515,False,False
ENSG00000245534,0.965,True,False
ENSG00000245552,0.04,True,True
ENSG00000245556,14.33,True,False
ENSG00000245571,0.365,True,False
ENSG00000245573,0.025,True,True
ENSG00000245598,0.035,False,True
ENSG00000245614,2.46,True,False
ENSG00000245648,0.32499999999999996,True,False
ENSG00000245680,6.6,True,False
ENSG00000245685,0.02,True,True
ENSG00000245694,24.555,False,False
ENSG00000245719,0.005,False,True
ENSG00000245729,0.0,False,True
ENSG00000245748,2.1399999999999997,False,False
ENSG00000245750,0.275,False,False
ENSG00000245768,0.015,False,True
ENSG00000245812,0.0,False,True
ENSG00000245848,0.0,True,True
ENSG00000245849,5.005,True,False
ENSG00000245857,0.0,True,True
ENSG00000245864,0.0,True,True
ENSG00000245869,0.005,True,True
ENSG00000245888,0.4,True,False
ENSG00000245904,0.45,True,False
ENSG00000245910,173.255,False,False
ENSG00000245937,3.585,True,False
ENSG00000245958,3.0949999999999998,False,False
ENSG00000245970,2.05,False,False
ENSG00000245975,0.905,False,False
ENSG00000246067,91.64,True,False
ENSG00000246082,1.085,False,False
ENSG00000246089,0.73,True,False
ENSG00000246090,1.245,True,False
ENSG00000246095,0.0,True,True
ENSG00000246130,0.0,False,True
ENSG00000246145,0.01,True,True
ENSG00000246174,1.46,True,False
ENSG00000246214,0.0,True,True
ENSG00000246225,0.265,True,False
ENSG00000246250,0.02,False,True
ENSG00000246263,2.23,True,False
ENSG00000246273,0.41000000000000003,True,False
ENSG00000246283,0.64,False,False
ENSG00000246308,0.02,False,True
ENSG00000246323,0.02,False,True
ENSG00000246331,0.0,False,True
ENSG00000246334,0.21500000000000002,True,False
ENSG00000246339,0.015,False,True
ENSG00000246366,0.125,True,False
ENSG00000246375,0.0,False,True
ENSG00000246379,0.0,True,True
ENSG00000246394,0.01,False,True
ENSG00000246422,0.21500000000000002,False,False
ENSG00000246465,0.01,True,True
ENSG00000246523,1.045,True,False
ENSG00000246528,0.0,True,True
ENSG00000246541,0.0,False,True
ENSG00000246548,0.0,False,True
ENSG00000246560,9.455,False,False
ENSG00000246582,1.77,True,False
ENSG00000246627,0.0,True,True
ENSG00000246640,0.0,True,True
ENSG00000246662,0.04,True,True
ENSG00000246695,0.0,False,True
ENSG00000246731,0.0,True,True
ENSG00000246740,0.015,False,True
ENSG00000246763,0.0,True,True
ENSG00000246777,0.025,False,True
ENSG00000246790,0.0,True,True
ENSG00000246792,0.065,False,True
ENSG00000246820,0.0,True,True
ENSG00000246859,0.005,False,True
ENSG00000246863,0.01,True,True
ENSG00000246877,0.0,False,True
ENSG00000246889,0.21500000000000002,False,False
ENSG00000246898,0.0,False,True
ENSG00000246982,0.06999999999999999,True,True
ENSG00000246985,2.705,True,False
ENSG00000247033,0.0,False,True
ENSG00000247077,5.4350000000000005,False,False
ENSG00000247092,8.879999999999999,False,False
ENSG00000247095,0.33,True,False
ENSG00000247121,0.155,True,False
ENSG00000247131,0.0,False,True
ENSG00000247137,9.23,True,False
ENSG00000247151,0.46499999999999997,True,False
ENSG00000247193,0.0,False,True
ENSG00000247199,0.0,False,True
ENSG00000247213,0.0,False,True
ENSG00000247240,14.51,True,False
ENSG00000247271,17.04,True,False
ENSG00000247287,0.05,True,True
ENSG00000247315,2.24,False,False
ENSG00000247317,0.05,True,True
ENSG00000247324,0.135,False,False
ENSG00000247345,1.0899999999999999,True,False
ENSG00000247363,0.46499999999999997,True,False
ENSG00000247372,0.0,False,True
ENSG00000247373,0.065,True,True
ENSG00000247400,0.885,True,False
ENSG00000247416,0.0,False,True
ENSG00000247556,14.280000000000001,False,False
ENSG00000247572,5.9399999999999995,True,False
ENSG00000247595,3.67,False,False
ENSG00000247596,0.07500000000000001,True,True
ENSG00000247624,0.0,False,True
ENSG00000247626,3.035,False,False
ENSG00000247675,0.060000000000000005,False,True
ENSG00000247708,0.6799999999999999,True,False
ENSG00000247728,0.23,True,False
ENSG00000247735,0.16,True,False
ENSG00000247746,0.54,True,False
ENSG00000247774,2.42,True,False
ENSG00000247775,0.0,True,True
ENSG00000247796,2.995,True,False
ENSG00000247809,4.79,True,False
ENSG00000247828,54.265,False,False
ENSG00000247867,0.0,False,True
ENSG00000247877,0.12,True,False
ENSG00000247934,0.41,True,False
ENSG00000247950,1.725,True,False
ENSG00000247970,0.0,True,True
ENSG00000247993,0.065,True,True
ENSG00000248008,9.285,True,False
ENSG00000248027,0.030000000000000002,False,True
ENSG00000248049,18.275,True,False
ENSG00000248050,0.0,False,True
ENSG00000248079,0.0,False,True
ENSG00000248092,6.859999999999999,False,False
ENSG00000248098,3.88,False,False
ENSG00000248101,0.0,False,True
ENSG00000248106,0.0,False,True
ENSG00000248127,0.0,True,True
ENSG00000248167,0.01,False,True
ENSG00000248172,0.0,False,True
ENSG00000248222,0.0,False,True
ENSG00000248240,0.035,False,True
ENSG00000248268,2.165,True,False
ENSG00000248275,10.02,True,False
ENSG00000248278,0.4,True,False
ENSG00000248309,3.165,True,False
ENSG00000248333,1.98,True,False
ENSG00000248334,0.44,True,False
ENSG00000248367,0.8400000000000001,False,False
ENSG00000248399,0.0,False,True
ENSG00000248405,0.0,True,True
ENSG00000248468,0.755,False,False
ENSG00000248473,0.0,False,True
ENSG00000248485,0.0,True,True
ENSG00000248487,0.9099999999999999,True,False
ENSG00000248489,0.155,False,False
ENSG00000248503,0.9199999999999999,True,False
ENSG00000248508,11.23,True,False
ENSG00000248514,0.0,False,True
ENSG00000248538,25.845,False,False
ENSG00000248592,0.35,True,False
ENSG00000248636,0.055,False,True
ENSG00000248643,0.5349999999999999,False,False
ENSG00000248664,0.06,False,True
ENSG00000248668,0.135,False,False
ENSG00000248671,0.025,True,True
ENSG00000248672,0.0,True,True
ENSG00000248693,0.175,True,False
ENSG00000248710,0.0,False,True
ENSG00000248714,0.05,False,True
ENSG00000248724,0.005,False,True
ENSG00000248727,0.0,True,True
ENSG00000248738,0.0,True,True
ENSG00000248746,0.0,False,True
ENSG00000248783,0.155,True,False
ENSG00000248787,0.0,False,True
ENSG00000248839,0.0,False,True
ENSG00000248859,0.0,False,True
ENSG00000248866,0.11,True,False
ENSG00000248871,0.0,False,True
ENSG00000248884,0.20500000000000002,True,False
ENSG00000248898,0.0,False,True
ENSG00000248905,0.0,True,True
ENSG00000248919,0.015,True,True
ENSG00000248925,2.855,False,False
ENSG00000248932,1.7349999999999999,True,False
ENSG00000248968,0.0,False,True
ENSG00000248980,0.0,False,True
ENSG00000248994,0.0,True,True
ENSG00000248996,0.02,False,True
ENSG00000249006,0.0,False,True
ENSG00000249014,0.29000000000000004,False,False
ENSG00000249035,0.305,True,False
ENSG00000249042,0.005,False,True
ENSG00000249069,23.66,True,False
ENSG00000249085,0.0,False,True
ENSG00000249087,0.75,True,False
ENSG00000249094,0.0,False,True
ENSG00000249115,2.955,True,False
ENSG00000249116,0.0,False,True
ENSG00000249131,0.0,False,True
ENSG00000249141,0.065,False,True
ENSG00000249159,0.18,False,False
ENSG00000249163,0.0,False,True
ENSG00000249166,0.29000000000000004,False,False
ENSG00000249207,0.045,False,True
ENSG00000249209,0.01,False,True
ENSG00000249213,0.0,True,True
ENSG00000249236,0.03,False,True
ENSG00000249240,0.0,False,True
ENSG00000249241,0.005,False,True
ENSG00000249242,0.0,False,True
ENSG00000249249,0.08,False,True
ENSG00000249256,0.0,False,True
ENSG00000249271,0.0,False,True
ENSG00000249307,20.8,True,False
ENSG00000249316,0.0,False,True
ENSG00000249326,0.0,False,True
ENSG00000249335,0.0,False,True
ENSG00000249348,0.035,False,True
ENSG00000249375,0.12,False,False
ENSG00000249388,0.0,False,True
ENSG00000249406,0.185,False,False
ENSG00000249417,0.0,False,True
ENSG00000249451,0.0,True,True
ENSG00000249456,0.19,False,False
ENSG00000249471,0.15,False,False
ENSG00000249478,0.0,False,True
ENSG00000249481,0.0,True,True
ENSG00000249483,0.025,False,True
ENSG00000249492,0.35,True,False
ENSG00000249494,0.0,True,True
ENSG00000249502,0.14500000000000002,True,False
ENSG00000249509,0.02,False,True
ENSG00000249534,0.0,False,True
ENSG00000249572,1.42,True,False
ENSG00000249592,1.505,True,False
ENSG00000249609,0.0,False,True
ENSG00000249624,0.06,False,True
ENSG00000249637,0.32,False,False
ENSG00000249641,0.0,True,True
ENSG00000249650,0.0,False,True
ENSG00000249673,0.865,True,False
ENSG00000249679,0.0,True,True
ENSG00000249693,0.05,True,True
ENSG00000249700,0.23,False,False
ENSG00000249709,1.07,False,False
ENSG00000249741,0.735,True,False
ENSG00000249743,0.0,True,True
ENSG00000249771,0.0,False,True
ENSG00000249773,0.01,True,True
ENSG00000249778,0.0,False,True
ENSG00000249816,0.575,True,False
ENSG00000249840,0.025,False,True
ENSG00000249846,0.08,True,True
ENSG00000249859,238.07,False,False
ENSG00000249884,0.0,False,True
ENSG00000249898,0.3,True,False
ENSG00000249899,0.0,False,True
ENSG00000249906,0.0,False,True
ENSG00000249915,29.095,False,False
ENSG00000249923,0.0,True,True
ENSG00000249928,0.0,False,True
ENSG00000249978,0.065,False,True
ENSG00000249992,1.775,True,False
ENSG00000249996,0.0,True,True
ENSG00000250007,0.0,True,True
ENSG00000250012,0.0,False,True
ENSG00000250021,12.219999999999999,False,False
ENSG00000250037,0.0,False,True
ENSG00000250046,0.0,False,True
ENSG00000250056,0.0,True,True
ENSG00000250106,0.0,True,True
ENSG00000250107,0.0,False,True
ENSG00000250131,0.01,False,True
ENSG00000250132,0.32,True,False
ENSG00000250133,0.01,True,True
ENSG00000250151,1.155,True,False
ENSG00000250159,2.42,True,False
ENSG00000250214,0.195,False,False
ENSG00000250220,0.0,False,True
ENSG00000250222,1.335,False,False
ENSG00000250230,0.0,True,True
ENSG00000250234,0.0,True,True
ENSG00000250240,0.36,True,False
ENSG00000250264,0.0,False,True
ENSG00000250280,0.0,True,True
ENSG00000250299,1.325,True,False
ENSG00000250302,0.01,False,True
ENSG00000250310,0.0,True,True
ENSG00000250312,0.735,True,False
ENSG00000250317,37.84,True,False
ENSG00000250326,0.07,False,True
ENSG00000250365,0.5,False,False
ENSG00000250377,0.0,False,True
ENSG00000250379,0.09,False,True
ENSG00000250385,0.0,False,True
ENSG00000250415,0.0,True,True
ENSG00000250432,0.0,False,True
ENSG00000250451,0.3,True,False
ENSG00000250455,0.0,False,True
ENSG00000250467,0.0,False,True
ENSG00000250479,10.815,False,False
ENSG00000250486,0.02,True,True
ENSG00000250496,0.0,True,True
ENSG00000250510,0.0,True,True
ENSG00000250555,0.0,True,True
ENSG00000250562,0.0,False,True
ENSG00000250565,2.995,True,False
ENSG00000250571,0.06,True,True
ENSG00000250600,0.0,True,True
ENSG00000250608,0.065,False,True
ENSG00000250616,0.26,False,False
ENSG00000250634,0.0,False,True
ENSG00000250635,0.0,False,True
ENSG00000250644,0.0,False,True
ENSG00000250654,0.01,False,True
ENSG00000250688,0.0,True,True
ENSG00000250692,0.0,True,True
ENSG00000250699,0.0,False,True
ENSG00000250709,0.09,True,True
ENSG00000250734,0.0,False,True
ENSG00000250742,0.04,False,True
ENSG00000250751,0.0,False,True
ENSG00000250762,0.0,False,True
ENSG00000250786,0.0,False,True
ENSG00000250838,10.065000000000001,True,False
ENSG00000250850,0.0,True,True
ENSG00000250903,1.04,True,False
ENSG00000250938,0.025,True,True
ENSG00000250950,0.14500000000000002,True,False
ENSG00000250959,0.125,True,False
ENSG00000250976,0.0,False,True
ENSG00000250988,39.88,True,False
ENSG00000250994,0.03,False,True
ENSG00000250999,0.19,True,False
ENSG00000251002,0.48,True,False
ENSG00000251009,0.0,True,True
ENSG00000251015,0.0,False,True
ENSG00000251022,23.67,False,False
ENSG00000251072,0.0,False,True
ENSG00000251075,0.0,True,True
ENSG00000251079,0.395,True,False
ENSG00000251131,0.0,True,True
ENSG00000251136,0.47500000000000003,True,False
ENSG00000251139,0.01,False,True
ENSG00000251141,6.455,True,False
ENSG00000251151,0.0,True,True
ENSG00000251161,0.09,False,True
ENSG00000251192,0.7,True,False
ENSG00000251201,0.055,True,True
ENSG00000251230,5.675000000000001,False,False
ENSG00000251239,0.0,True,True
ENSG00000251246,0.0,False,True
ENSG00000251247,0.25,True,False
ENSG00000251279,0.02,False,True
ENSG00000251298,0.0,False,True
ENSG00000251307,0.02,False,True
ENSG00000251314,0.095,True,True
ENSG00000251322,0.0,True,True
ENSG00000251359,0.01,True,True
ENSG00000251364,0.0,True,True
ENSG00000251369,0.97,True,False
ENSG00000251396,0.035,False,True
ENSG00000251408,0.0,True,True
ENSG00000251445,0.0,False,True
ENSG00000251446,0.0,False,True
ENSG00000251456,0.0,True,True
ENSG00000251474,3.09,True,False
ENSG00000251493,0.01,False,True
ENSG00000251503,0.375,False,False
ENSG00000251508,0.0,False,True
ENSG00000251526,0.0,False,True
ENSG00000251537,0.005,False,True
ENSG00000251543,0.0,False,True
ENSG00000251562,4788.54,False,False
ENSG00000251569,0.51,False,False
ENSG00000251580,11.2,False,False
ENSG00000251584,0.02,True,True
ENSG00000251595,2.2800000000000002,True,False
ENSG00000251602,0.20500000000000002,True,False
ENSG00000251604,0.0,True,True
ENSG00000251611,0.0,True,True
ENSG00000251656,0.0,False,True
ENSG00000251661,2.0949999999999998,True,False
ENSG00000251669,5.3149999999999995,True,False
ENSG00000251680,0.0,True,True
ENSG00000251718,0.0,False,True
ENSG00000251726,0.0,False,True
ENSG00000251778,0.0,False,True
ENSG00000251788,0.0,False,True
ENSG00000251831,0.0,False,True
ENSG00000251835,0.0,False,True
ENSG00000251856,0.0,True,True
ENSG00000251864,0.0,True,True
ENSG00000251867,0.055,False,True
ENSG00000251992,0.0,False,True
ENSG00000252047,0.0,False,True
ENSG00000252051,0.0,False,True
ENSG00000252053,0.0,False,True
ENSG00000252067,0.0,False,True
ENSG00000252097,0.0,False,True
ENSG00000252119,0.0,False,True
ENSG00000252128,0.0,False,True
ENSG00000252139,0.0,False,True
ENSG00000252169,0.0,True,True
ENSG00000252171,0.0,False,True
ENSG00000252211,0.0,False,True
ENSG00000252213,5.199999999999999,True,False
ENSG00000252236,0.0,False,True
ENSG00000252247,0.0,False,True
ENSG00000252269,0.0,False,True
ENSG00000252316,0.0,False,True
ENSG00000252339,0.0,True,True
ENSG00000252367,0.0,False,True
ENSG00000252404,0.0,True,True
ENSG00000252461,0.0,False,True
ENSG00000252481,2.16,False,False
ENSG00000252490,0.0,False,True
ENSG00000252506,0.0,False,True
ENSG00000252526,0.0,False,True
ENSG00000252532,0.0,False,True
ENSG00000252542,0.0,False,True
ENSG00000252545,0.0,False,True
ENSG00000252552,0.0,False,True
ENSG00000252622,0.0,False,True
ENSG00000252628,0.0,True,True
ENSG00000252641,0.0,False,True
ENSG00000252642,0.0,True,True
ENSG00000252660,0.0,True,True
ENSG00000252690,1.25,True,False
ENSG00000252695,0.0,True,True
ENSG00000252699,0.525,True,False
ENSG00000252755,0.0,False,True
ENSG00000252759,0.0,False,True
ENSG00000252783,0.0,True,True
ENSG00000252787,0.0,False,True
ENSG00000252822,0.0,True,True
ENSG00000252839,0.0,False,True
ENSG00000252848,0.0,False,True
ENSG00000252850,0.0,True,True
ENSG00000252866,0.0,True,True
ENSG00000252929,0.0,False,True
ENSG00000252947,0.695,True,False
ENSG00000252984,0.0,False,True
ENSG00000252994,0.0,False,True
ENSG00000253024,0.0,False,True
ENSG00000253026,0.0,False,True
ENSG00000253079,0.0,False,True
ENSG00000253097,0.0,False,True
ENSG00000253102,0.0,False,True
ENSG00000253133,0.015,False,True
ENSG00000253172,0.0,False,True
ENSG00000253176,0.0,False,True
ENSG00000253179,0.0,False,True
ENSG00000253187,0.0,False,True
ENSG00000253190,0.0,True,True
ENSG00000253194,0.8200000000000001,True,False
ENSG00000253210,0.0,True,True
ENSG00000253234,0.0,True,True
ENSG00000253250,19.68,False,False
ENSG00000253251,10.68,True,False
ENSG00000253256,0.395,True,False
ENSG00000253276,4.92,False,False
ENSG00000253304,0.19,True,False
ENSG00000253308,0.0,False,True
ENSG00000253320,0.26,True,False
ENSG00000253327,0.095,False,True
ENSG00000253328,0.0,False,True
ENSG00000253329,0.0,True,True
ENSG00000253352,15.575,False,False
ENSG00000253355,0.0,False,True
ENSG00000253358,0.0,False,True
ENSG00000253368,0.11,True,False
ENSG00000253390,0.01,False,True
ENSG00000253395,0.025,True,True
ENSG00000253404,0.0,False,True
ENSG00000253405,0.0,False,True
ENSG00000253408,0.0,False,True
ENSG00000253438,0.02,True,True
ENSG00000253445,0.0,False,True
ENSG00000253468,0.0,False,True
ENSG00000253471,0.0,False,True
ENSG00000253475,0.055,True,True
ENSG00000253513,0.0,False,True
ENSG00000253522,0.01,True,True
ENSG00000253540,0.17,False,False
ENSG00000253549,0.0,False,True
ENSG00000253559,0.835,True,False
ENSG00000253582,0.12000000000000001,False,False
ENSG00000253586,0.0,True,True
ENSG00000253596,0.025,False,True
ENSG00000253603,0.015,False,True
ENSG00000253613,0.0,False,True
ENSG00000253616,0.0,True,True
ENSG00000253618,0.08,False,True
ENSG00000253633,0.375,True,False
ENSG00000253653,0.0,False,True
ENSG00000253661,0.78,True,False
ENSG00000253669,0.535,False,False
ENSG00000253686,0.0,True,True
ENSG00000253695,0.0,False,True
ENSG00000253704,0.085,True,True
ENSG00000253710,11.629999999999999,True,False
ENSG00000253716,22.875,True,False
ENSG00000253719,7.25,False,False
ENSG00000253720,0.0,False,True
ENSG00000253729,41.975,False,False
ENSG00000253730,0.0,False,True
ENSG00000253736,0.0,False,True
ENSG00000253737,0.0,False,True
ENSG00000253738,29.92,True,False
ENSG00000253741,0.0,False,True
ENSG00000253744,0.02,False,True
ENSG00000253772,0.0,False,True
ENSG00000253794,0.0,True,True
ENSG00000253806,0.0,False,True
ENSG00000253819,0.0,True,True
ENSG00000253831,0.0,False,True
ENSG00000253842,0.0,True,True
ENSG00000253846,0.03,True,True
ENSG00000253848,0.095,False,True
ENSG00000253853,1.1800000000000002,True,False
ENSG00000253873,0.0,True,True
ENSG00000253893,0.01,False,True
ENSG00000253908,0.055,False,True
ENSG00000253911,0.0,False,True
ENSG00000253917,0.16,False,False
ENSG00000253920,0.0,True,True
ENSG00000253926,0.0,False,True
ENSG00000253944,0.0,True,True
ENSG00000253948,7.97,False,False
ENSG00000253958,0.015,False,True
ENSG00000253973,0.0,True,True
ENSG00000253981,3.3099999999999996,True,False
ENSG00000253982,1.56,True,False
ENSG00000254003,0.045,True,True
ENSG00000254004,1.84,True,False
ENSG00000254016,0.0,False,True
ENSG00000254021,0.0,False,True
ENSG00000254024,0.0,False,True
ENSG00000254027,0.0,False,True
ENSG00000254028,0.025,False,True
ENSG00000254075,0.0,True,True
ENSG00000254087,16.735,False,False
ENSG00000254093,6.98,True,False
ENSG00000254109,0.0,False,True
ENSG00000254136,0.0,True,True
ENSG00000254154,0.0,True,True
ENSG00000254161,0.0,True,True
ENSG00000254165,0.175,True,False
ENSG00000254172,0.0,False,True
ENSG00000254186,0.46499999999999997,True,False
ENSG00000254198,0.1,True,False
ENSG00000254200,0.0,False,True
ENSG00000254207,0.0,False,True
ENSG00000254208,0.0,False,True
ENSG00000254224,0.055,True,True
ENSG00000254230,0.0,True,True
ENSG00000254231,0.02,False,True
ENSG00000254236,0.0,False,True
ENSG00000254248,0.0,False,True
ENSG00000254271,0.0,True,True
ENSG00000254293,0.0,True,True
ENSG00000254298,0.155,False,False
ENSG00000254319,31.155,False,False
ENSG00000254328,0.0,False,True
ENSG00000254333,0.0,False,True
ENSG00000254341,0.0,False,True
ENSG00000254348,0.0,True,True
ENSG00000254372,0.0,False,True
ENSG00000254389,0.41,False,False
ENSG00000254400,0.0,True,True
ENSG00000254402,0.0,True,True
ENSG00000254413,0.0,True,True
ENSG00000254415,0.02,True,True
ENSG00000254420,0.07,True,True
ENSG00000254427,0.165,False,False
ENSG00000254445,0.01,True,True
ENSG00000254458,0.0,False,True
ENSG00000254469,7.27,True,False
ENSG00000254470,0.455,False,False
ENSG00000254473,0.985,False,False
ENSG00000254477,0.085,False,True
ENSG00000254481,0.02,False,True
ENSG00000254485,8.275,False,False
ENSG00000254489,0.0,True,True
ENSG00000254498,0.0,False,True
ENSG00000254501,0.99,False,False
ENSG00000254502,0.005,False,True
ENSG00000254503,0.01,False,True
ENSG00000254505,61.300000000000004,False,False
ENSG00000254508,0.0,False,True
ENSG00000254531,0.05,False,True
ENSG00000254532,0.0,False,True
ENSG00000254536,0.0,False,True
ENSG00000254545,0.0,False,True
ENSG00000254553,0.0,False,True
ENSG00000254554,0.0,False,True
ENSG00000254568,0.0,False,True
ENSG00000254578,7.16,False,False
ENSG00000254614,0.62,False,False
ENSG00000254631,0.0,False,True
ENSG00000254635,1.81,True,False
ENSG00000254639,0.0,True,True
ENSG00000254641,0.0,False,True
ENSG00000254648,0.0,True,True
ENSG00000254653,0.12,False,False
ENSG00000254662,0.265,False,False
ENSG00000254678,0.095,False,True
ENSG00000254682,55.93,False,False
ENSG00000254685,15.32,False,False
ENSG00000254689,0.0,False,True
ENSG00000254692,0.0,False,True
ENSG00000254694,0.5800000000000001,True,False
ENSG00000254699,0.0,False,True
ENSG00000254718,0.0,False,True
ENSG00000254726,0.265,True,False
ENSG00000254732,0.0,False,True
ENSG00000254741,0.045,False,True
ENSG00000254762,0.0,False,True
ENSG00000254772,776.59,False,False
ENSG00000254777,0.0,True,True
ENSG00000254779,0.0,True,True
ENSG00000254781,0.1,False,False
ENSG00000254788,0.115,True,False
ENSG00000254791,0.0,True,True
ENSG00000254806,0.24,False,False
ENSG00000254812,0.01,False,True
ENSG00000254815,0.13,True,False
ENSG00000254821,0.0,False,True
ENSG00000254827,0.135,False,False
ENSG00000254837,0.5549999999999999,False,False
ENSG00000254854,0.0,False,True
ENSG00000254855,0.0,False,True
ENSG00000254858,7.575,False,False
ENSG00000254859,0.0,True,True
ENSG00000254860,0.18,True,False
ENSG00000254862,0.005,False,True
ENSG00000254870,40.045,True,False
ENSG00000254873,29.29,False,False
ENSG00000254884,0.43999999999999995,True,False
ENSG00000254887,0.0,True,True
ENSG00000254893,0.28,False,False
ENSG00000254901,4.185,True,False
ENSG00000254907,0.02,False,True
ENSG00000254910,0.025,False,True
ENSG00000254929,1.5899999999999999,True,False
ENSG00000254966,0.0,True,True
ENSG00000254973,0.0,True,True
ENSG00000254975,0.0,True,True
ENSG00000254979,0.81,True,False
ENSG00000254986,4.135,False,False
ENSG00000254995,0.045,True,True
ENSG00000254996,3.88,False,False
ENSG00000254999,451.155,False,False
ENSG00000255008,0.01,False,True
ENSG00000255020,0.0,True,True
ENSG00000255026,0.035,True,True
ENSG00000255032,0.0,False,True
ENSG00000255038,0.055,False,True
ENSG00000255042,2.055,True,False
ENSG00000255046,0.18,True,False
ENSG00000255050,0.0,True,True
ENSG00000255062,1.445,True,False
ENSG00000255072,0.0,False,True
ENSG00000255073,0.0,False,True
ENSG00000255097,0.0,True,True
ENSG00000255100,0.77,True,False
ENSG00000255104,0.0,False,True
ENSG00000255108,0.0,False,True
ENSG00000255112,9.79,True,False
ENSG00000255118,0.11,True,False
ENSG00000255119,0.01,False,True
ENSG00000255120,0.0,True,True
ENSG00000255121,0.49,True,False
ENSG00000255129,0.22500000000000003,False,False
ENSG00000255135,26.740000000000002,True,False
ENSG00000255136,0.0,True,True
ENSG00000255139,0.285,False,False
ENSG00000255144,0.0,False,True
ENSG00000255145,0.915,False,False
ENSG00000255152,1.665,True,False
ENSG00000255153,0.034999999999999996,True,True
ENSG00000255154,11.945,True,False
ENSG00000255159,0.0,True,True
ENSG00000255169,0.0,False,True
ENSG00000255173,0.0,False,True
ENSG00000255182,0.01,True,True
ENSG00000255185,0.53,True,False
ENSG00000255191,0.0,True,True
ENSG00000255197,0.0,False,True
ENSG00000255198,61.56,True,False
ENSG00000255224,0.20500000000000002,True,False
ENSG00000255234,0.04,False,True
ENSG00000255236,0.0,False,True
ENSG00000255238,0.0,False,True
ENSG00000255239,0.0,False,True
ENSG00000255245,0.0,True,True
ENSG00000255254,0.0,False,True
ENSG00000255272,0.0,True,True
ENSG00000255284,0.5,True,False
ENSG00000255292,1.375,True,False
ENSG00000255302,30.410000000000004,False,False
ENSG00000255306,0.0,False,True
ENSG00000255314,0.6399999999999999,False,False
ENSG00000255320,0.08,False,True
ENSG00000255326,0.025,False,True
ENSG00000255328,0.575,False,False
ENSG00000255331,0.0,False,True
ENSG00000255337,0.045,False,True
ENSG00000255339,0.485,True,False
ENSG00000255355,0.0,True,True
ENSG00000255366,0.0,True,True
ENSG00000255381,0.0,True,True
ENSG00000255384,0.015,False,True
ENSG00000255390,0.0,False,True
ENSG00000255397,0.01,False,True
ENSG00000255399,0.0,False,True
ENSG00000255406,0.0,False,True
ENSG00000255432,0.0,False,True
ENSG00000255435,0.0,False,True
ENSG00000255439,0.0,True,True
ENSG00000255440,0.0,False,True
ENSG00000255458,0.28500000000000003,False,False
ENSG00000255467,0.0,False,True
ENSG00000255468,0.41,False,False
ENSG00000255507,0.07,True,True
ENSG00000255508,0.15,True,False
ENSG00000255513,0.0,True,True
ENSG00000255517,0.13,True,False
ENSG00000255521,0.0,True,True
ENSG00000255526,0.285,False,False
ENSG00000255529,6.605,True,False
ENSG00000255530,0.045,False,True
ENSG00000255537,0.005,False,True
ENSG00000255542,0.0,False,True
ENSG00000255559,0.095,True,True
ENSG00000255561,5.37,True,False
ENSG00000255568,0.05,True,True
ENSG00000255571,0.02,False,True
ENSG00000255572,0.0,False,True
ENSG00000255581,0.0,True,True
ENSG00000255606,0.015,False,True
ENSG00000255621,0.14500000000000002,True,False
ENSG00000255624,0.895,False,False
ENSG00000255639,28.145,True,False
ENSG00000255647,1.85,True,False
ENSG00000255663,0.0,True,True
ENSG00000255680,0.1,False,False
ENSG00000255717,215.77999999999997,False,False
ENSG00000255730,0.045,True,True
ENSG00000255733,0.0,True,True
ENSG00000255749,0.0,True,True
ENSG00000255760,0.0,False,True
ENSG00000255808,0.0,True,True
ENSG00000255835,0.0,False,True
ENSG00000255856,0.105,True,False
ENSG00000255857,13.52,True,False
ENSG00000255858,0.0,False,True
ENSG00000255867,0.025,True,True
ENSG00000255872,0.0,True,True
ENSG00000255882,0.065,False,True
ENSG00000255920,0.355,False,False
ENSG00000255921,0.0,False,True
ENSG00000255949,0.265,False,False
ENSG00000255958,0.0,False,True
ENSG00000255959,0.0,False,True
ENSG00000255966,0.0,True,True
ENSG00000255967,0.01,False,True
ENSG00000255973,0.0,False,True
ENSG00000255992,0.025,False,True
ENSG00000256008,0.0,False,True
ENSG00000256028,0.045,True,True
ENSG00000256030,0.0,False,True
ENSG00000256034,0.0,False,True
ENSG00000256043,0.0,True,True
ENSG00000256053,4.28,True,False
ENSG00000256060,13.115,True,False
ENSG00000256073,4.24,True,False
ENSG00000256087,1.6800000000000002,True,False
ENSG00000256092,0.88,True,False
ENSG00000256100,0.0,False,True
ENSG00000256116,0.245,False,False
ENSG00000256128,0.23500000000000001,True,False
ENSG00000256150,0.0,False,True
ENSG00000256155,0.0,False,True
ENSG00000256196,0.0,True,True
ENSG00000256206,0.55,False,False
ENSG00000256223,2.7649999999999997,True,False
ENSG00000256229,0.39,False,False
ENSG00000256235,3.42,True,False
ENSG00000256237,0.0,True,True
ENSG00000256262,0.0,False,True
ENSG00000256269,245.67,False,False
ENSG00000256294,0.875,True,False
ENSG00000256312,0.0,False,True
ENSG00000256349,0.0,False,True
ENSG00000256377,0.005,False,True
ENSG00000256403,0.0,False,True
ENSG00000256407,0.17,False,False
ENSG00000256441,0.0,False,True
ENSG00000256442,0.255,False,False
ENSG00000256458,0.0,False,True
ENSG00000256500,0.0,False,True
ENSG00000256508,0.0,True,True
ENSG00000256514,2.41,False,False
ENSG00000256525,7.5600000000000005,False,False
ENSG00000256537,2.005,True,False
ENSG00000256546,28.79,True,False
ENSG00000256560,0.0,True,True
ENSG00000256566,0.02,True,True
ENSG00000256568,0.0,True,True
ENSG00000256569,0.0,False,True
ENSG00000256576,0.0,False,True
ENSG00000256591,61.05500000000001,True,False
ENSG00000256594,1.25,True,False
ENSG00000256596,0.0,False,True
ENSG00000256603,0.045,True,True
ENSG00000256628,0.9,True,False
ENSG00000256632,0.0,False,True
ENSG00000256646,4.88,False,False
ENSG00000256658,0.0,False,True
ENSG00000256670,0.07,False,True
ENSG00000256678,0.0,False,True
ENSG00000256683,1.6,False,False
ENSG00000256690,0.48000000000000004,True,False
ENSG00000256706,0.0,True,True
ENSG00000256712,0.055,True,True
ENSG00000256717,0.0,False,True
ENSG00000256739,0.0,False,True
ENSG00000256742,0.045,True,True
ENSG00000256746,0.0,False,True
ENSG00000256747,0.0,False,True
ENSG00000256748,0.0,False,True
ENSG00000256751,0.0,False,True
ENSG00000256769,0.0,False,True
ENSG00000256771,2.425,True,False
ENSG00000256806,0.13,False,False
ENSG00000256824,0.0,True,True
ENSG00000256825,0.0,False,True
ENSG00000256843,0.0,True,True
ENSG00000256861,0.0,False,True
ENSG00000256862,0.0,False,True
ENSG00000256888,0.0,False,True
ENSG00000256894,0.0,False,True
ENSG00000256940,4.1,False,False
ENSG00000256944,0.1,False,False
ENSG00000256950,0.11,True,False
ENSG00000256966,0.325,True,False
ENSG00000256967,0.0,False,True
ENSG00000256981,0.045,True,True
ENSG00000257023,0.0,False,True
ENSG00000257038,0.0,False,True
ENSG00000257052,0.035,False,True
ENSG00000257057,0.0,True,True
ENSG00000257058,0.025,True,True
ENSG00000257084,0.0,False,True
ENSG00000257086,0.135,False,False
ENSG00000257093,0.07,False,True
ENSG00000257103,17.825,False,False
ENSG00000257108,0.01,True,True
ENSG00000257122,1.0899999999999999,True,False
ENSG00000257126,0.04,True,True
ENSG00000257129,0.0,False,True
ENSG00000257135,0.195,True,False
ENSG00000257155,0.0,False,True
ENSG00000257167,0.6599999999999999,True,False
ENSG00000257178,0.09,True,True
ENSG00000257218,4.07,False,False
ENSG00000257221,0.135,True,False
ENSG00000257222,1.02,False,False
ENSG00000257242,0.24,True,False
ENSG00000257252,2.54,True,False
ENSG00000257256,0.0,False,True
ENSG00000257261,3.42,True,False
ENSG00000257267,18.03,True,False
ENSG00000257275,0.0,True,True
ENSG00000257285,0.515,False,False
ENSG00000257303,4.725,True,False
ENSG00000257315,0.585,True,False
ENSG00000257327,0.72,False,False
ENSG00000257337,1.02,True,False
ENSG00000257346,0.0,True,True
ENSG00000257354,0.065,True,True
ENSG00000257355,0.185,True,False
ENSG00000257365,10.41,False,False
ENSG00000257378,0.0,False,True
ENSG00000257379,0.4,True,False
ENSG00000257384,0.0,False,True
ENSG00000257386,0.0,False,True
ENSG00000257389,0.0,True,True
ENSG00000257390,2.07,False,False
ENSG00000257404,0.0,False,True
ENSG00000257433,3.13,True,False
ENSG00000257446,0.17500000000000002,True,False
ENSG00000257449,0.0,False,True
ENSG00000257453,0.0,False,True
ENSG00000257475,0.525,True,False
ENSG00000257477,0.02,True,True
ENSG00000257488,0.13,True,False
ENSG00000257489,0.4,True,False
ENSG00000257495,0.0,False,True
ENSG00000257524,0.1,True,False
ENSG00000257526,0.14500000000000002,False,False
ENSG00000257529,0.0,True,True
ENSG00000257530,0.0,False,True
ENSG00000257531,0.07,True,True
ENSG00000257543,0.575,False,False
ENSG00000257545,0.0,True,True
ENSG00000257548,0.0,False,True
ENSG00000257551,0.0,True,True
ENSG00000257553,5.9,True,False
ENSG00000257556,0.0,False,True
ENSG00000257557,0.185,False,False
ENSG00000257570,0.0,False,True
ENSG00000257582,0.0,True,True
ENSG00000257594,0.81,True,False
ENSG00000257595,0.13,False,False
ENSG00000257596,1.835,True,False
ENSG00000257605,0.175,False,False
ENSG00000257607,0.049999999999999996,True,True
ENSG00000257621,12.08,True,False
ENSG00000257622,0.06,True,True
ENSG00000257642,0.0,True,True
ENSG00000257660,0.0,False,True
ENSG00000257696,0.0,False,True
ENSG00000257698,159.99,False,False
ENSG00000257702,0.5,True,False
ENSG00000257704,0.61,True,False
ENSG00000257718,0.1,False,False
ENSG00000257727,23.134999999999998,False,False
ENSG00000257735,0.0,False,True
ENSG00000257748,0.0,False,True
ENSG00000257800,0.08499999999999999,True,True
ENSG00000257809,0.05500000000000001,False,True
ENSG00000257815,4.34,True,False
ENSG00000257817,0.0,False,True
ENSG00000257829,0.0,False,True
ENSG00000257830,0.0,True,True
ENSG00000257839,0.11,True,False
ENSG00000257910,0.0,True,True
ENSG00000257913,0.755,True,False
ENSG00000257921,1.01,False,False
ENSG00000257923,4.335,False,False
ENSG00000257935,0.0,False,True
ENSG00000257949,0.72,True,False
ENSG00000257950,0.06999999999999999,True,True
ENSG00000257953,0.05,False,True
ENSG00000257989,0.0,True,True
ENSG00000258001,0.06,False,True
ENSG00000258011,0.0,False,True
ENSG00000258017,623.94,True,False
ENSG00000258038,2.565,False,False
ENSG00000258045,0.0,False,True
ENSG00000258056,0.41000000000000003,True,False
ENSG00000258057,0.13,True,False
ENSG00000258072,1.0,True,False
ENSG00000258082,0.01,True,True
ENSG00000258096,0.015,False,True
ENSG00000258099,0.04,True,True
ENSG00000258101,0.14,False,False
ENSG00000258102,0.445,True,False
ENSG00000258131,0.0,True,True
ENSG00000258168,0.28,True,False
ENSG00000258186,0.0,True,True
ENSG00000258199,1.06,False,False
ENSG00000258216,0.0,False,True
ENSG00000258256,0.01,True,True
ENSG00000258283,0.5,False,False
ENSG00000258285,0.03,True,True
ENSG00000258289,173.035,True,False
ENSG00000258311,0.28,True,False
ENSG00000258315,38.855000000000004,True,False
ENSG00000258317,0.015,False,True
ENSG00000258325,4.31,True,False
ENSG00000258334,0.0,False,True
ENSG00000258343,0.0,False,True
ENSG00000258344,0.045,False,True
ENSG00000258345,0.035,False,True
ENSG00000258355,0.0,True,True
ENSG00000258366,0.625,False,False
ENSG00000258373,0.0,False,True
ENSG00000258376,0.0,False,True
ENSG00000258377,3.465,False,False
ENSG00000258384,0.04,False,True
ENSG00000258388,0.11,True,False
ENSG00000258404,0.0,False,True
ENSG00000258413,0.0,False,True
ENSG00000258429,0.055,True,True
ENSG00000258435,0.1,False,False
ENSG00000258446,0.145,True,False
ENSG00000258450,0.1,False,False
ENSG00000258457,0.08,True,True
ENSG00000258458,0.5900000000000001,False,False
ENSG00000258459,0.0,False,True
ENSG00000258465,0.060000000000000005,True,True
ENSG00000258484,0.0,True,True
ENSG00000258512,4.38,False,False
ENSG00000258520,0.0,True,True
ENSG00000258526,0.065,True,True
ENSG00000258529,0.03,False,True
ENSG00000258537,0.0,False,True
ENSG00000258539,0.005,True,True
ENSG00000258553,0.0,False,True
ENSG00000258554,0.0,False,True
ENSG00000258555,0.0,True,True
ENSG00000258560,0.0,False,True
ENSG00000258561,0.27,True,False
ENSG00000258568,0.505,True,False
ENSG00000258569,0.0,False,True
ENSG00000258572,0.0,False,True
ENSG00000258588,0.0,False,True
ENSG00000258591,0.09,True,True
ENSG00000258602,0.0,False,True
ENSG00000258604,0.14,True,False
ENSG00000258630,0.0,True,True
ENSG00000258633,0.0,False,True
ENSG00000258636,0.065,True,True
ENSG00000258643,0.085,False,True
ENSG00000258644,17.46,False,False
ENSG00000258651,0.135,False,False
ENSG00000258653,0.39,False,False
ENSG00000258655,1.17,True,False
ENSG00000258667,0.115,True,False
ENSG00000258673,0.015,True,True
ENSG00000258674,0.0,True,True
ENSG00000258677,0.15,False,False
ENSG00000258691,0.0,False,True
ENSG00000258702,0.0,True,True
ENSG00000258704,7.135,True,False
ENSG00000258724,0.0,False,True
ENSG00000258728,0.0,False,True
ENSG00000258730,0.01,False,True
ENSG00000258731,0.065,False,True
ENSG00000258735,0.0,True,True
ENSG00000258736,0.0,True,True
ENSG00000258738,0.345,True,False
ENSG00000258744,0.0,False,True
ENSG00000258748,0.0,True,True
ENSG00000258777,0.035,False,True
ENSG00000258790,0.435,True,False
ENSG00000258798,0.0,False,True
ENSG00000258811,0.0,False,True
ENSG00000258813,0.08499999999999999,False,True
ENSG00000258818,0.18,False,False
ENSG00000258820,0.0,False,True
ENSG00000258854,0.0,False,True
ENSG00000258857,0.02,False,True
ENSG00000258858,0.0,False,True
ENSG00000258881,0.015,True,True
ENSG00000258884,0.48,False,False
ENSG00000258890,18.28,False,False
ENSG00000258903,0.0,False,True
ENSG00000258915,0.0,False,True
ENSG00000258920,0.005,False,True
ENSG00000258922,0.04,False,True
ENSG00000258924,0.0,False,True
ENSG00000258938,0.0,False,True
ENSG00000258940,0.10500000000000001,True,False
ENSG00000258947,0.095,True,True
ENSG00000258979,0.0,False,True
ENSG00000258982,0.04,False,True
ENSG00000258984,0.005,False,True
ENSG00000258986,0.0,True,True
ENSG00000259001,0.115,False,False
ENSG00000259003,0.0,False,True
ENSG00000259006,0.005,True,True
ENSG00000259030,0.15,True,False
ENSG00000259033,0.0,True,True
ENSG00000259040,0.495,False,False
ENSG00000259053,0.0,False,True
ENSG00000259054,0.055,False,True
ENSG00000259056,0.0,False,True
ENSG00000259059,0.0,False,True
ENSG00000259060,0.0,False,True
ENSG00000259062,0.0,True,True
ENSG00000259065,0.0,False,True
ENSG00000259066,0.0,False,True
ENSG00000259067,0.0,False,True
ENSG00000259075,0.21000000000000002,False,False
ENSG00000259080,0.075,True,True
ENSG00000259083,0.135,False,False
ENSG00000259088,0.215,True,False
ENSG00000259090,0.005,False,True
ENSG00000259112,0.12,False,False
ENSG00000259115,0.0,True,True
ENSG00000259132,6.965,True,False
ENSG00000259138,0.065,False,True
ENSG00000259144,0.0,False,True
ENSG00000259146,0.035,False,True
ENSG00000259153,0.855,False,False
ENSG00000259164,0.0,False,True
ENSG00000259171,0.0,False,True
ENSG00000259172,0.765,False,False
ENSG00000259178,0.0,True,True
ENSG00000259181,0.0,False,True
ENSG00000259182,0.0,True,True
ENSG00000259194,0.0,False,True
ENSG00000259200,0.0,False,True
ENSG00000259207,0.025,True,True
ENSG00000259212,0.32999999999999996,False,False
ENSG00000259213,0.0,False,True
ENSG00000259215,0.03,False,True
ENSG00000259224,0.0,False,True
ENSG00000259238,0.0,False,True
ENSG00000259251,0.08499999999999999,False,True
ENSG00000259262,0.0,False,True
ENSG00000259275,0.060000000000000005,True,True
ENSG00000259276,0.0,True,True
ENSG00000259285,0.0,True,True
ENSG00000259305,1.73,True,False
ENSG00000259316,54.465,False,False
ENSG00000259319,0.005,True,True
ENSG00000259321,0.41000000000000003,True,False
ENSG00000259330,7.905,True,False
ENSG00000259332,0.055,False,True
ENSG00000259343,5.325,True,False
ENSG00000259346,0.0,False,True
ENSG00000259347,0.045,False,True
ENSG00000259349,0.42500000000000004,False,False
ENSG00000259368,0.0,True,True
ENSG00000259374,0.0,False,True
ENSG00000259377,0.03,False,True
ENSG00000259399,0.045,False,True
ENSG00000259404,0.05,True,True
ENSG00000259410,0.0,True,True
ENSG00000259415,0.0,True,True
ENSG00000259417,0.02,False,True
ENSG00000259422,0.0,True,True
ENSG00000259424,0.0,False,True
ENSG00000259426,0.30000000000000004,False,False
ENSG00000259431,5.505000000000001,True,False
ENSG00000259438,0.0,False,True
ENSG00000259439,0.0,False,True
ENSG00000259441,0.0,False,True
ENSG00000259448,0.0,True,True
ENSG00000259456,0.2,False,False
ENSG00000259460,0.8300000000000001,True,False
ENSG00000259462,0.01,True,True
ENSG00000259467,0.14500000000000002,True,False
ENSG00000259476,0.01,False,True
ENSG00000259488,0.14500000000000002,True,False
ENSG00000259494,48.055,True,False
ENSG00000259495,0.0,False,True
ENSG00000259498,0.01,True,True
ENSG00000259508,0.0,False,True
ENSG00000259520,0.325,True,False
ENSG00000259522,0.005,True,True
ENSG00000259523,0.0,True,True
ENSG00000259529,0.13,True,False
ENSG00000259539,0.015,True,True
ENSG00000259577,0.0,True,True
ENSG00000259583,0.0,True,True
ENSG00000259595,0.0,False,True
ENSG00000259609,0.0,True,True
ENSG00000259635,0.0,False,True
ENSG00000259637,0.02,False,True
ENSG00000259642,0.22,False,False
ENSG00000259673,0.515,True,False
ENSG00000259674,0.0,True,True
ENSG00000259685,0.0,False,True
ENSG00000259687,0.0,False,True
ENSG00000259700,0.01,False,True
ENSG00000259704,0.315,True,False
ENSG00000259708,0.0,False,True
ENSG00000259717,0.0,False,True
ENSG00000259720,0.0,False,True
ENSG00000259721,0.0,False,True
ENSG00000259728,0.235,False,False
ENSG00000259736,0.685,True,False
ENSG00000259753,0.0,False,True
ENSG00000259764,0.315,False,False
ENSG00000259768,0.755,True,False
ENSG00000259775,0.28500000000000003,True,False
ENSG00000259784,0.0,False,True
ENSG00000259788,0.0,False,True
ENSG00000259793,0.0,False,True
ENSG00000259802,0.245,True,False
ENSG00000259803,0.01,True,True
ENSG00000259804,0.1,True,False
ENSG00000259818,0.0,False,True
ENSG00000259826,0.4,True,False
ENSG00000259827,0.0,False,True
ENSG00000259838,0.04,False,True
ENSG00000259843,0.0,False,True
ENSG00000259865,28.09,False,False
ENSG00000259869,0.0,True,True
ENSG00000259877,0.505,True,False
ENSG00000259891,0.08499999999999999,True,True
ENSG00000259922,0.0,True,True
ENSG00000259932,0.015,True,True
ENSG00000259943,9.08,True,False
ENSG00000259950,0.15,False,False
ENSG00000259952,0.025,True,True
ENSG00000259953,1.375,True,False
ENSG00000259956,1.315,True,False
ENSG00000259984,0.0,True,True
ENSG00000259985,0.015,True,True
ENSG00000259989,0.0,False,True
ENSG00000260000,1.335,True,False
ENSG00000260007,0.28,False,False
ENSG00000260017,0.0,False,True
ENSG00000260018,0.05,True,True
ENSG00000260021,0.015,False,True
ENSG00000260024,0.0,False,True
ENSG00000260025,0.0,True,True
ENSG00000260030,0.0,True,True
ENSG00000260031,0.0,False,True
ENSG00000260032,17.065,False,False
ENSG00000260035,0.135,True,False
ENSG00000260038,0.0,False,True
ENSG00000260063,0.165,True,False
ENSG00000260066,0.0,True,True
ENSG00000260081,0.22999999999999998,False,False
ENSG00000260083,1.3,True,False
ENSG00000260086,0.02,False,True
ENSG00000260088,1.705,False,False
ENSG00000260093,0.0,False,True
ENSG00000260095,0.11,True,False
ENSG00000260100,0.05,False,True
ENSG00000260101,0.12,True,False
ENSG00000260103,0.235,True,False
ENSG00000260132,0.0,False,True
ENSG00000260136,0.7050000000000001,False,False
ENSG00000260148,0.0,True,True
ENSG00000260152,0.0,False,True
ENSG00000260167,0.07500000000000001,False,True
ENSG00000260170,0.0,False,True
ENSG00000260177,0.0,False,True
ENSG00000260188,0.0,False,True
ENSG00000260193,0.0,True,True
ENSG00000260206,0.06,False,True
ENSG00000260213,0.10500000000000001,False,False
ENSG00000260219,0.075,True,True
ENSG00000260228,0.0,False,True
ENSG00000260229,0.0,False,True
ENSG00000260231,1.195,True,False
ENSG00000260233,0.12000000000000001,True,False
ENSG00000260235,0.005,False,True
ENSG00000260236,0.10500000000000001,True,False
ENSG00000260238,0.645,False,False
ENSG00000260253,0.0,False,True
ENSG00000260259,0.01,False,True
ENSG00000260260,18.365000000000002,False,False
ENSG00000260261,1.345,True,False
ENSG00000260267,0.095,True,True
ENSG00000260271,0.0,False,True
ENSG00000260273,2.37,False,False
ENSG00000260274,0.08,True,True
ENSG00000260278,0.05,False,True
ENSG00000260281,0.02,False,True
ENSG00000260282,0.0,False,True
ENSG00000260285,0.05,True,True
ENSG00000260288,0.07,False,True
ENSG00000260293,0.015,True,True
ENSG00000260304,0.875,False,False
ENSG00000260310,0.0,False,True
ENSG00000260325,0.025,False,True
ENSG00000260329,0.935,False,False
ENSG00000260339,0.02,False,True
ENSG00000260342,3.74,False,False
ENSG00000260345,0.0,False,True
ENSG00000260347,0.0,False,True
ENSG00000260352,0.02,False,True
ENSG00000260360,0.51,False,False
ENSG00000260369,0.0,True,True
ENSG00000260372,0.0,True,True
ENSG00000260381,0.0,True,True
ENSG00000260394,0.0,False,True
ENSG00000260410,0.0,False,True
ENSG00000260430,0.0,False,True
ENSG00000260442,1.05,False,False
ENSG00000260448,4.645,True,False
ENSG00000260456,9.89,True,False
ENSG00000260464,0.01,False,True
ENSG00000260473,0.0,False,True
ENSG00000260475,0.0,True,True
ENSG00000260482,0.13,False,False
ENSG00000260483,0.0,False,True
ENSG00000260488,0.0,False,True
ENSG00000260493,0.04,False,True
ENSG00000260494,0.065,False,True
ENSG00000260495,0.02,True,True
ENSG00000260498,0.0,False,True
ENSG00000260500,0.0,True,True
ENSG00000260509,0.0,False,True
ENSG00000260519,0.0,False,True
ENSG00000260526,0.98,True,False
ENSG00000260530,0.0,False,True
ENSG00000260537,0.0,False,True
ENSG00000260552,2.8899999999999997,False,False
ENSG00000260563,0.685,True,False
ENSG00000260565,1.145,True,False
ENSG00000260568,0.0,False,True
ENSG00000260569,0.0,True,True
ENSG00000260572,0.045,False,True
ENSG00000260577,0.0,False,True
ENSG00000260588,0.37,True,False
ENSG00000260589,0.76,True,False
ENSG00000260593,0.0,False,True
ENSG00000260597,0.02,True,True
ENSG00000260608,0.05,False,True
ENSG00000260625,1.02,True,False
ENSG00000260630,0.18,True,False
ENSG00000260641,0.0,False,True
ENSG00000260643,1.0,False,False
ENSG00000260650,0.0,False,True
ENSG00000260651,0.0,False,True
ENSG00000260657,0.0,False,True
ENSG00000260659,0.03,False,True
ENSG00000260669,0.21000000000000002,True,False
ENSG00000260704,0.0,True,True
ENSG00000260708,25.064999999999998,True,False
ENSG00000260714,0.0,False,True
ENSG00000260727,0.015,False,True
ENSG00000260729,0.005,False,True
ENSG00000260735,0.385,False,False
ENSG00000260738,0.0,False,True
ENSG00000260742,0.31,False,False
ENSG00000260757,0.065,False,True
ENSG00000260774,0.125,True,False
ENSG00000260778,2.195,False,False
ENSG00000260782,0.005,True,True
ENSG00000260790,0.0,False,True
ENSG00000260793,0.36,True,False
ENSG00000260796,0.015,True,True
ENSG00000260804,0.14,True,False
ENSG00000260805,0.13,True,False
ENSG00000260806,0.16,True,False
ENSG00000260807,0.0,True,True
ENSG00000260814,0.195,False,False
ENSG00000260823,0.0,False,True
ENSG00000260828,0.0,False,True
ENSG00000260830,0.075,False,True
ENSG00000260840,0.0,True,True
ENSG00000260848,0.0,False,True
ENSG00000260851,0.0,False,True
ENSG00000260852,0.46499999999999997,True,False
ENSG00000260867,0.0,False,True
ENSG00000260874,0.0,False,True
ENSG00000260877,0.395,False,False
ENSG00000260879,0.055,True,True
ENSG00000260886,0.1,False,False
ENSG00000260898,0.0,False,True
ENSG00000260902,0.0,False,True
ENSG00000260903,0.0,True,True
ENSG00000260916,25.425,False,False
ENSG00000260919,0.0,False,True
ENSG00000260920,1.845,False,False
ENSG00000260924,1.245,True,False
ENSG00000260927,0.03,False,True
ENSG00000260942,0.565,True,False
ENSG00000260944,0.0,False,True
ENSG00000260971,0.04,True,True
ENSG00000260979,0.21500000000000002,False,False
ENSG00000260992,0.14,False,False
ENSG00000261000,0.05,True,True
ENSG00000261002,0.01,False,True
ENSG00000261008,1.71,True,False
ENSG00000261029,0.0,True,True
ENSG00000261033,0.0,True,True
ENSG00000261067,0.0,True,True
ENSG00000261071,0.125,True,False
ENSG00000261079,0.06,False,True
ENSG00000261080,0.0,False,True
ENSG00000261105,0.03,False,True
ENSG00000261114,0.175,True,False
ENSG00000261115,0.0,False,True
ENSG00000261117,0.0,False,True
ENSG00000261118,0.095,False,True
ENSG00000261120,0.0,True,True
ENSG00000261121,0.0,False,True
ENSG00000261135,4.845000000000001,True,False
ENSG00000261136,0.25,True,False
ENSG00000261147,0.03,True,True
ENSG00000261150,0.29500000000000004,True,False
ENSG00000261159,0.24000000000000002,False,False
ENSG00000261173,0.275,False,False
ENSG00000261183,0.32,True,False
ENSG00000261186,0.105,True,False
ENSG00000261188,4.435,True,False
ENSG00000261189,0.0,False,True
ENSG00000261202,0.29000000000000004,False,False
ENSG00000261204,0.0,False,True
ENSG00000261211,0.48,False,False
ENSG00000261215,0.05500000000000001,False,True
ENSG00000261218,0.14500000000000002,True,False
ENSG00000261220,0.22499999999999998,True,False
ENSG00000261221,0.005,True,True
ENSG00000261236,2.7350000000000003,False,False
ENSG00000261242,0.0,True,True
ENSG00000261253,0.034999999999999996,False,True
ENSG00000261260,0.0,False,True
ENSG00000261270,0.15,True,False
ENSG00000261302,0.115,True,False
ENSG00000261318,0.0,False,True
ENSG00000261320,0.0,True,True
ENSG00000261334,0.0,True,True
ENSG00000261335,1.785,True,False
ENSG00000261348,0.0,False,True
ENSG00000261349,0.1,True,False
ENSG00000261357,0.045,False,True
ENSG00000261359,0.0,True,True
ENSG00000261360,0.025,True,True
ENSG00000261363,0.0,False,True
ENSG00000261366,0.755,True,False
ENSG00000261373,1.13,True,False
ENSG00000261386,0.15,True,False
ENSG00000261393,0.0,False,True
ENSG00000261404,0.05,True,True
ENSG00000261407,0.18,False,False
ENSG00000261408,0.030000000000000002,True,True
ENSG00000261416,0.03,True,True
ENSG00000261420,0.045,True,True
ENSG00000261423,0.12,True,False
ENSG00000261427,0.0,False,True
ENSG00000261430,0.0,False,True
ENSG00000261431,5.855,False,False
ENSG00000261437,0.0,True,True
ENSG00000261439,0.0,False,True
ENSG00000261441,0.26,True,False
ENSG00000261447,0.0,True,True
ENSG00000261449,0.0,True,True
ENSG00000261455,0.9349999999999999,True,False
ENSG00000261459,0.0,False,True
ENSG00000261465,0.03,False,True
ENSG00000261469,0.0,True,True
ENSG00000261471,0.0,True,True
ENSG00000261480,0.0,False,True
ENSG00000261481,0.0,False,True
ENSG00000261485,0.855,True,False
ENSG00000261487,0.77,True,False
ENSG00000261501,0.0,False,True
ENSG00000261504,0.0,True,True
ENSG00000261513,0.0,False,True
ENSG00000261519,0.025,False,True
ENSG00000261526,1.77,True,False
ENSG00000261527,0.0,False,True
ENSG00000261532,0.0,True,True
ENSG00000261546,0.0,False,True
ENSG00000261553,0.22999999999999998,True,False
ENSG00000261570,0.0,False,True
ENSG00000261572,0.0,False,True
ENSG00000261573,0.12000000000000001,False,False
ENSG00000261575,0.11,False,False
ENSG00000261582,0.0,True,True
ENSG00000261588,0.56,False,False
ENSG00000261594,0.015,True,True
ENSG00000261595,0.0,False,True
ENSG00000261609,1.3399999999999999,False,False
ENSG00000261634,0.0,True,True
ENSG00000261644,0.0,True,True
ENSG00000261652,3.5300000000000002,False,False
ENSG00000261659,0.065,False,True
ENSG00000261664,0.0,True,True
ENSG00000261678,0.0,False,True
ENSG00000261687,0.06,False,True
ENSG00000261693,0.0,False,True
ENSG00000261716,0.885,True,False
ENSG00000261717,0.04,True,True
ENSG00000261730,0.0,False,True
ENSG00000261731,0.075,False,True
ENSG00000261758,0.03,False,True
ENSG00000261765,0.0,True,True
ENSG00000261766,0.075,False,True
ENSG00000261771,0.0,False,True
ENSG00000261775,0.065,True,True
ENSG00000261777,0.69,True,False
ENSG00000261790,0.06,False,True
ENSG00000261796,0.0,True,True
ENSG00000261797,0.0,False,True
ENSG00000261798,0.085,False,True
ENSG00000261801,0.07,True,True
ENSG00000261824,27.535,False,False
ENSG00000261829,0.0,False,True
ENSG00000261832,1.38,False,False
ENSG00000261839,0.055,True,True
ENSG00000261840,0.375,True,False
ENSG00000261842,0.0,False,True
ENSG00000261864,0.0,False,True
ENSG00000261879,0.015,True,True
ENSG00000261884,0.855,True,False
ENSG00000261886,0.24,False,False
ENSG00000261889,0.51,False,False
ENSG00000261898,0.0,False,True
ENSG00000261949,0.005,True,True
ENSG00000261971,0.195,True,False
ENSG00000262001,8.65,True,False
ENSG00000262049,0.44499999999999995,True,False
ENSG00000262050,0.0,True,True
ENSG00000262075,0.0,True,True
ENSG00000262099,0.0,False,True
ENSG00000262136,0.665,False,False
ENSG00000262151,0.0,True,True
ENSG00000262155,0.065,True,True
ENSG00000262165,0.0,False,True
ENSG00000262172,0.0,True,True
ENSG00000262209,0.0,True,True
ENSG00000262223,0.0,True,True
ENSG00000262227,0.0,True,True
ENSG00000262246,0.49,False,False
ENSG00000262296,0.0,True,True
ENSG00000262302,0.0,True,True
ENSG00000262304,0.0,True,True
ENSG00000262333,0.77,True,False
ENSG00000262362,0.0,False,True
ENSG00000262412,0.04,False,True
ENSG00000262413,0.175,True,False
ENSG00000262420,0.22499999999999998,False,False
ENSG00000262429,0.09000000000000001,False,True
ENSG00000262454,0.095,True,True
ENSG00000262468,2.5,False,False
ENSG00000262481,0.005,True,True
ENSG00000262488,0.005,True,True
ENSG00000262521,0.02,False,True
ENSG00000262526,0.0,False,True
ENSG00000262533,6.359999999999999,False,False
ENSG00000262560,0.05,False,True
ENSG00000262587,0.085,True,True
ENSG00000262619,0.0,True,True
ENSG00000262624,0.0,False,True
ENSG00000262633,4.145,False,False
ENSG00000262636,0.0,True,True
ENSG00000262660,0.0,False,True
ENSG00000262664,2.695,True,False
ENSG00000262678,0.0,False,True
ENSG00000262692,0.05,False,True
ENSG00000262721,0.595,False,False
ENSG00000262728,0.37,True,False
ENSG00000262730,0.0,False,True
ENSG00000262766,0.675,True,False
ENSG00000262768,0.05,True,True
ENSG00000262772,0.20500000000000002,True,False
ENSG00000262786,0.0,True,True
ENSG00000262791,0.38,False,False
ENSG00000262810,0.0,True,True
ENSG00000262814,2.64,False,False
ENSG00000262869,0.0,True,True
ENSG00000262874,0.64,False,False
ENSG00000262879,1.49,False,False
ENSG00000262899,0.08499999999999999,True,True
ENSG00000262904,0.25,False,False
ENSG00000262919,0.71,False,False
ENSG00000263001,5.0,False,False
ENSG00000263002,0.76,True,False
ENSG00000263004,0.4,False,False
ENSG00000263011,0.14,False,False
ENSG00000263015,0.0,True,True
ENSG00000263020,2.875,False,False
ENSG00000263041,0.0,False,True
ENSG00000263050,0.04,False,True
ENSG00000263063,0.0,False,True
ENSG00000263069,0.045,False,True
ENSG00000263080,0.635,True,False
ENSG00000263105,0.0,False,True
ENSG00000263155,0.0,True,True
ENSG00000263212,0.0,False,True
ENSG00000263266,42.760000000000005,True,False
ENSG00000263280,1.26,False,False
ENSG00000263293,0.08,False,True
ENSG00000263301,0.0,True,True
ENSG00000263307,0.015,True,True
ENSG00000263327,0.14500000000000002,False,False
ENSG00000263366,0.0,True,True
ENSG00000263370,0.06,False,True
ENSG00000263381,0.0,False,True
ENSG00000263412,0.405,True,False
ENSG00000263426,0.0,True,True
ENSG00000263465,17.035,False,False
ENSG00000263510,0.0,True,True
ENSG00000263512,0.0,False,True
ENSG00000263527,0.0,True,True
ENSG00000263528,6.300000000000001,True,False
ENSG00000263575,0.0,False,True
ENSG00000263583,0.0,False,True
ENSG00000263585,78.245,False,False
ENSG00000263586,0.0,False,True
ENSG00000263602,0.0,False,True
ENSG00000263603,0.105,True,False
ENSG00000263620,0.0,True,True
ENSG00000263627,0.115,False,False
ENSG00000263628,0.0,False,True
ENSG00000263641,0.0,False,True
ENSG00000263643,0.0,False,True
ENSG00000263670,0.0,False,True
ENSG00000263697,0.0,True,True
ENSG00000263709,0.0,True,True
ENSG00000263715,0.0,False,True
ENSG00000263718,0.0,False,True
ENSG00000263727,0.195,False,False
ENSG00000263749,0.0,False,True
ENSG00000263753,3.66,False,False
ENSG00000263756,0.0,True,True
ENSG00000263764,0.0,False,True
ENSG00000263766,0.5700000000000001,True,False
ENSG00000263776,0.0,True,True
ENSG00000263781,0.085,False,True
ENSG00000263798,0.0,False,True
ENSG00000263800,0.0,False,True
ENSG00000263809,0.135,True,False
ENSG00000263816,0.0,False,True
ENSG00000263818,0.065,False,True
ENSG00000263823,0.465,False,False
ENSG00000263826,0.06,True,True
ENSG00000263843,0.09,True,True
ENSG00000263847,0.125,False,False
ENSG00000263860,0.0,True,True
ENSG00000263882,0.0,False,True
ENSG00000263884,0.13,True,False
ENSG00000263892,0.0,False,True
ENSG00000263895,0.0,False,True
ENSG00000263916,0.075,False,True
ENSG00000263917,0.0,True,True
ENSG00000263923,0.0,False,True
ENSG00000263926,0.0,True,True
ENSG00000263932,0.0,True,True
ENSG00000263956,1.45,True,False
ENSG00000263999,0.0,True,True
ENSG00000264007,0.0,False,True
ENSG00000264019,9.175,False,False
ENSG00000264058,0.0,True,True
ENSG00000264070,0.0,True,True
ENSG00000264072,0.0,False,True
ENSG00000264073,0.0,False,True
ENSG00000264075,0.0,True,True
ENSG00000264078,0.055,False,True
ENSG00000264105,0.0,False,True
ENSG00000264107,0.29000000000000004,False,False
ENSG00000264119,0.0,False,True
ENSG00000264141,0.0,False,True
ENSG00000264150,0.0,False,True
ENSG00000264175,0.0,False,True
ENSG00000264187,0.0,False,True
ENSG00000264210,0.0,False,True
ENSG00000264211,0.0,False,True
ENSG00000264229,0.0,True,True
ENSG00000264235,0.9199999999999999,True,False
ENSG00000264247,1.705,True,False
ENSG00000264249,0.0,False,True
ENSG00000264266,0.0,False,True
ENSG00000264268,0.0,False,True
ENSG00000264270,0.045,False,True
ENSG00000264273,0.0,False,True
ENSG00000264278,0.0,False,True
ENSG00000264290,0.12,True,False
ENSG00000264293,0.235,True,False
ENSG00000264294,0.0,False,True
ENSG00000264300,0.0,False,True
ENSG00000264304,0.19,False,False
ENSG00000264349,0.0,False,True
ENSG00000264364,1.675,False,False
ENSG00000264395,0.0,True,True
ENSG00000264397,0.0,False,True
ENSG00000264399,0.0,False,True
ENSG00000264402,0.0,False,True
ENSG00000264405,0.0,False,True
ENSG00000264408,0.0,False,True
ENSG00000264423,0.0,True,True
ENSG00000264443,0.08,False,True
ENSG00000264448,0.0,True,True
ENSG00000264484,0.0,False,True
ENSG00000264500,0.0,False,True
ENSG00000264511,0.0,False,True
ENSG00000264522,0.7,True,False
ENSG00000264534,0.0,False,True
ENSG00000264538,3.0,False,False
ENSG00000264548,0.02,False,True
ENSG00000264549,0.0,False,True
ENSG00000264563,0.0,True,True
ENSG00000264569,1.275,False,False
ENSG00000264571,0.0,False,True
ENSG00000264575,1.13,False,False
ENSG00000264577,7.1899999999999995,False,False
ENSG00000264583,0.0,False,True
ENSG00000264585,0.0,False,True
ENSG00000264589,0.0,False,True
ENSG00000264614,0.0,True,True
ENSG00000264647,0.0,False,True
ENSG00000264666,0.025,False,True
ENSG00000264668,0.0,False,True
ENSG00000264672,0.0,False,True
ENSG00000264732,0.0,False,True
ENSG00000264735,0.0,True,True
ENSG00000264739,0.0,True,True
ENSG00000264741,0.0,False,True
ENSG00000264745,0.0,True,True
ENSG00000264755,0.0,False,True
ENSG00000264765,0.0,True,True
ENSG00000264769,0.0,False,True
ENSG00000264772,0.235,True,False
ENSG00000264773,0.0,True,True
ENSG00000264808,0.9400000000000001,True,False
ENSG00000264834,0.0,False,True
ENSG00000264857,0.0,False,True
ENSG00000264860,0.015,False,True
ENSG00000264864,0.0,False,True
ENSG00000264910,0.0,False,True
ENSG00000264920,3.205,True,False
ENSG00000264932,0.0,False,True
ENSG00000264937,0.175,True,False
ENSG00000264947,0.0,False,True
ENSG00000264954,0.015,False,True
ENSG00000264964,0.0,False,True
ENSG00000264968,0.365,True,False
ENSG00000264984,0.0,False,True
ENSG00000265000,0.0,True,True
ENSG00000265008,0.215,False,False
ENSG00000265028,0.0,True,True
ENSG00000265055,0.09,True,True
ENSG00000265064,0.0,False,True
ENSG00000265073,0.56,False,False
ENSG00000265075,0.0,False,True
ENSG00000265091,0.0,False,True
ENSG00000265092,0.0,False,True
ENSG00000265096,0.0,False,True
ENSG00000265100,0.045,True,True
ENSG00000265107,0.0,False,True
ENSG00000265112,0.0,False,True
ENSG00000265121,0.0,False,True
ENSG00000265134,0.0,False,True
ENSG00000265168,50.620000000000005,False,False
ENSG00000265179,0.0,False,True
ENSG00000265181,0.0,False,True
ENSG00000265188,0.0,False,True
ENSG00000265206,1.3900000000000001,False,False
ENSG00000265213,0.0,False,True
ENSG00000265236,0.0,False,True
ENSG00000265241,507.62,False,False
ENSG00000265254,0.39,False,False
ENSG00000265257,0.0,True,True
ENSG00000265272,0.0,True,True
ENSG00000265291,0.0,False,True
ENSG00000265304,0.0,True,True
ENSG00000265306,0.0,False,True
ENSG00000265342,0.0,False,True
ENSG00000265345,0.0,False,True
ENSG00000265349,0.0,False,True
ENSG00000265354,115.065,False,False
ENSG00000265355,0.0,False,True
ENSG00000265388,0.0,False,True
ENSG00000265390,0.0,False,True
ENSG00000265393,0.0,False,True
ENSG00000265394,0.0,False,True
ENSG00000265395,0.0,False,True
ENSG00000265401,0.0,True,True
ENSG00000265420,0.0,False,True
ENSG00000265443,0.0,False,True
ENSG00000265444,0.0,False,True
ENSG00000265445,0.0,True,True
ENSG00000265451,0.065,False,True
ENSG00000265458,0.29500000000000004,False,False
ENSG00000265469,0.0,True,True
ENSG00000265474,0.0,False,True
ENSG00000265489,0.0,False,True
ENSG00000265491,1.375,True,False
ENSG00000265496,0.045,False,True
ENSG00000265533,0.0,False,True
ENSG00000265565,0.0,False,True
ENSG00000265566,0.0,True,True
ENSG00000265590,0.18,True,False
ENSG00000265653,0.0,False,True
ENSG00000265660,0.0,False,True
ENSG00000265664,0.0,True,True
ENSG00000265666,0.065,False,True
ENSG00000265671,0.0,False,True
ENSG00000265681,1413.99,False,False
ENSG00000265683,0.52,True,False
ENSG00000265688,0.21500000000000002,True,False
ENSG00000265690,0.0,True,True
ENSG00000265692,0.13,False,False
ENSG00000265744,0.0,False,True
ENSG00000265763,0.01,True,True
ENSG00000265778,0.01,False,True
ENSG00000265801,0.09,True,True
ENSG00000265808,20.435,False,False
ENSG00000265817,1.25,True,False
ENSG00000265818,0.0,False,True
ENSG00000265828,0.0,False,True
ENSG00000265840,9.675,False,False
ENSG00000265845,0.02,False,True
ENSG00000265847,0.0,False,True
ENSG00000265855,0.0,False,True
ENSG00000265888,0.055,False,True
ENSG00000265902,0.0,False,True
ENSG00000265919,0.0,False,True
ENSG00000265932,0.0,False,True
ENSG00000265942,0.045,True,True
ENSG00000265943,0.015,False,True
ENSG00000265954,0.0,False,True
ENSG00000265962,0.0,True,True
ENSG00000265967,0.175,True,False
ENSG00000265972,80.52,False,False
ENSG00000265981,0.0,False,True
ENSG00000265991,0.0,False,True
ENSG00000266006,0.0,True,True
ENSG00000266010,0.0,True,True
ENSG00000266017,0.0,False,True
ENSG00000266019,0.0,False,True
ENSG00000266036,0.0,False,True
ENSG00000266038,0.0,False,True
ENSG00000266041,0.0,False,True
ENSG00000266043,0.0,False,True
ENSG00000266053,0.15,True,False
ENSG00000266074,0.095,True,True
ENSG00000266086,0.61,False,False
ENSG00000266088,0.205,True,False
ENSG00000266094,4.255,True,False
ENSG00000266173,5.13,False,False
ENSG00000266174,0.0,False,True
ENSG00000266192,0.0,False,True
ENSG00000266202,0.0,False,True
ENSG00000266208,0.01,True,True
ENSG00000266226,0.0,True,True
ENSG00000266232,0.0,False,True
ENSG00000266240,0.0,False,True
ENSG00000266261,0.02,False,True
ENSG00000266265,0.0,False,True
ENSG00000266274,0.055,True,True
ENSG00000266287,0.0,False,True
ENSG00000266290,0.0,False,True
ENSG00000266313,0.625,False,False
ENSG00000266325,0.0,True,True
ENSG00000266328,0.0,False,True
ENSG00000266338,0.9850000000000001,True,False
ENSG00000266392,0.0,True,True
ENSG00000266402,3.0300000000000002,True,False
ENSG00000266405,0.295,False,False
ENSG00000266412,74.66499999999999,True,False
ENSG00000266441,0.135,False,False
ENSG00000266469,6.3,True,False
ENSG00000266472,291.845,False,False
ENSG00000266473,0.0,False,True
ENSG00000266498,0.11,True,False
ENSG00000266507,0.0,False,True
ENSG00000266521,0.025,False,True
ENSG00000266531,0.0,False,True
ENSG00000266555,0.0,False,True
ENSG00000266559,0.0,False,True
ENSG00000266580,0.0,True,True
ENSG00000266581,0.0,False,True
ENSG00000266589,0.0,False,True
ENSG00000266594,0.0,False,True
ENSG00000266604,0.02,False,True
ENSG00000266640,0.0,False,True
ENSG00000266642,0.93,False,False
ENSG00000266643,0.0,False,True
ENSG00000266651,0.28500000000000003,False,False
ENSG00000266655,0.0,False,True
ENSG00000266673,0.0,False,True
ENSG00000266677,0.005,False,True
ENSG00000266680,0.12,True,False
ENSG00000266709,2.4299999999999997,True,False
ENSG00000266714,0.0,True,True
ENSG00000266721,0.0,False,True
ENSG00000266738,0.0,True,True
ENSG00000266750,0.0,False,True
ENSG00000266751,0.0,False,True
ENSG00000266756,0.0,False,True
ENSG00000266776,0.0,False,True
ENSG00000266824,0.1,False,False
ENSG00000266826,0.0,True,True
ENSG00000266904,2.4050000000000002,True,False
ENSG00000266913,0.0,True,True
ENSG00000266919,0.0,False,True
ENSG00000266921,0.1,False,False
ENSG00000266929,0.0,False,True
ENSG00000266931,0.0,False,True
ENSG00000266933,0.05,False,True
ENSG00000266947,0.02,True,True
ENSG00000266950,0.0,False,True
ENSG00000266962,0.04,False,True
ENSG00000266963,0.0,True,True
ENSG00000266967,32.36,False,False
ENSG00000266969,0.535,False,False
ENSG00000266970,0.115,False,False
ENSG00000266973,0.0,True,True
ENSG00000266975,0.0,False,True
ENSG00000266978,0.01,True,True
ENSG00000266983,0.0,False,True
ENSG00000266995,0.0,False,True
ENSG00000266998,0.0,False,True
ENSG00000267001,0.26,False,False
ENSG00000267002,1.49,True,False
ENSG00000267004,0.0,False,True
ENSG00000267007,0.37,False,False
ENSG00000267011,0.035,False,True
ENSG00000267016,0.0,False,True
ENSG00000267022,0.05,False,True
ENSG00000267024,0.065,False,True
ENSG00000267035,0.0,False,True
ENSG00000267036,0.0,True,True
ENSG00000267040,0.31,True,False
ENSG00000267041,1.475,False,False
ENSG00000267042,0.0,True,True
ENSG00000267046,0.0,True,True
ENSG00000267054,0.0,False,True
ENSG00000267058,1.615,False,False
ENSG00000267059,0.0,True,True
ENSG00000267060,7.47,True,False
ENSG00000267062,0.0,False,True
ENSG00000267064,0.11499999999999999,True,False
ENSG00000267069,0.0,True,True
ENSG00000267070,0.0,False,True
ENSG00000267073,0.0,True,True
ENSG00000267080,3.46,True,False
ENSG00000267100,12.44,True,False
ENSG00000267106,2.275,True,False
ENSG00000267114,0.255,False,False
ENSG00000267119,0.21500000000000002,False,False
ENSG00000267120,0.115,False,False
ENSG00000267121,0.7649999999999999,True,False
ENSG00000267123,0.015,True,True
ENSG00000267127,0.06,False,True
ENSG00000267128,0.005,False,True
ENSG00000267130,0.0,False,True
ENSG00000267140,0.07,False,True
ENSG00000267141,0.0,False,True
ENSG00000267144,0.0,False,True
ENSG00000267159,0.0,False,True
ENSG00000267165,0.0,False,True
ENSG00000267166,0.0,False,True
ENSG00000267168,0.18,False,False
ENSG00000267169,0.16499999999999998,True,False
ENSG00000267179,0.025,False,True
ENSG00000267185,1.325,False,False
ENSG00000267188,0.0,False,True
ENSG00000267191,0.05,False,True
ENSG00000267195,0.0,True,True
ENSG00000267200,0.0,True,True
ENSG00000267201,0.0,False,True
ENSG00000267211,0.0,False,True
ENSG00000267212,0.0,False,True
ENSG00000267213,0.175,True,False
ENSG00000267214,0.0,True,True
ENSG00000267216,0.04,True,True
ENSG00000267219,0.14,False,False
ENSG00000267221,0.08,True,True
ENSG00000267223,0.0,False,True
ENSG00000267226,0.0,False,True
ENSG00000267228,37.989999999999995,False,False
ENSG00000267231,0.0,False,True
ENSG00000267232,0.0,False,True
ENSG00000267239,0.0,False,True
ENSG00000267248,0.25,True,False
ENSG00000267253,0.0,False,True
ENSG00000267260,0.02,False,True
ENSG00000267261,0.0,False,True
ENSG00000267265,1.285,True,False
ENSG00000267275,0.0,True,True
ENSG00000267277,0.08,True,True
ENSG00000267278,1.6099999999999999,True,False
ENSG00000267280,0.0,True,True
ENSG00000267281,0.025,True,True
ENSG00000267282,0.0,False,True
ENSG00000267284,0.245,True,False
ENSG00000267289,0.185,False,False
ENSG00000267296,0.0,True,True
ENSG00000267298,0.06,True,True
ENSG00000267299,0.0,False,True
ENSG00000267302,0.31,False,False
ENSG00000267304,0.0,False,True
ENSG00000267308,0.13,False,False
ENSG00000267309,0.135,True,False
ENSG00000267314,0.0,False,True
ENSG00000267319,0.055,False,True
ENSG00000267321,80.66,True,False
ENSG00000267322,0.025,False,True
ENSG00000267325,0.01,True,True
ENSG00000267334,0.125,False,False
ENSG00000267340,0.33,False,False
ENSG00000267342,0.0,False,True
ENSG00000267345,0.0,True,True
ENSG00000267348,0.255,False,False
ENSG00000267360,0.055,True,True
ENSG00000267363,0.0,True,True
ENSG00000267365,0.0,True,True
ENSG00000267370,0.06,False,True
ENSG00000267374,0.04,False,True
ENSG00000267385,0.0,False,True
ENSG00000267387,0.035,True,True
ENSG00000267388,0.0,False,True
ENSG00000267390,0.045,True,True
ENSG00000267394,0.0,False,True
ENSG00000267395,0.1,False,False
ENSG00000267405,0.0,False,True
ENSG00000267412,0.0,True,True
ENSG00000267416,0.05,False,True
ENSG00000267417,0.0,True,True
ENSG00000267420,0.0,False,True
ENSG00000267422,0.165,False,False
ENSG00000267432,0.0,True,True
ENSG00000267454,1.315,False,False
ENSG00000267458,0.5549999999999999,False,False
ENSG00000267470,0.115,True,False
ENSG00000267472,0.0,True,True
ENSG00000267475,2.785,True,False
ENSG00000267477,0.0,False,True
ENSG00000267484,1.7599999999999998,False,False
ENSG00000267487,0.0,False,True
ENSG00000267491,0.0,False,True
ENSG00000267493,0.02,False,True
ENSG00000267498,0.05,False,True
ENSG00000267503,0.0,True,True
ENSG00000267507,0.0,False,True
ENSG00000267519,0.165,True,False
ENSG00000267521,0.0,False,True
ENSG00000267523,0.015,False,True
ENSG00000267534,1.365,True,False
ENSG00000267543,0.03,False,True
ENSG00000267546,0.3,True,False
ENSG00000267549,0.19,True,False
ENSG00000267551,0.0,False,True
ENSG00000267552,0.0,False,True
ENSG00000267575,9.370000000000001,False,False
ENSG00000267582,0.0,False,True
ENSG00000267595,0.0,False,True
ENSG00000267598,0.0,False,True
ENSG00000267604,0.0,False,True
ENSG00000267606,0.335,True,False
ENSG00000267607,0.835,True,False
ENSG00000267618,0.0,False,True
ENSG00000267626,0.0,False,True
ENSG00000267633,10.93,False,False
ENSG00000267637,0.43,False,False
ENSG00000267642,0.0,False,True
ENSG00000267646,0.0,False,True
ENSG00000267649,0.7749999999999999,False,False
ENSG00000267658,0.0,False,True
ENSG00000267666,0.0,True,True
ENSG00000267670,0.12000000000000001,False,False
ENSG00000267673,1.8199999999999998,False,False
ENSG00000267676,0.0,False,True
ENSG00000267677,0.0,False,True
ENSG00000267680,2.34,True,False
ENSG00000267698,1.42,True,False
ENSG00000267699,0.025,False,True
ENSG00000267707,0.0,False,True
ENSG00000267725,0.0,False,True
ENSG00000267727,0.0,True,True
ENSG00000267729,0.165,False,False
ENSG00000267735,0.0,False,True
ENSG00000267736,0.0,False,True
ENSG00000267737,0.0,False,True
ENSG00000267740,1.03,False,False
ENSG00000267750,0.035,False,True
ENSG00000267751,5.4399999999999995,True,False
ENSG00000267757,0.09000000000000001,True,True
ENSG00000267766,0.0,True,True
ENSG00000267769,0.05,False,True
ENSG00000267778,0.055,True,True
ENSG00000267783,0.0,False,True
ENSG00000267796,1.005,False,False
ENSG00000267801,0.01,False,True
ENSG00000267811,0.055,False,True
ENSG00000267815,0.0,True,True
ENSG00000267852,0.0,True,True
ENSG00000267855,263.63,False,False
ENSG00000267858,0.31,False,False
ENSG00000267871,0.04,True,True
ENSG00000267882,0.005,False,True
ENSG00000267892,0.2,False,False
ENSG00000267898,0.025,False,True
ENSG00000267905,0.0,False,True
ENSG00000267959,0.0,False,True
ENSG00000267992,0.0,False,True
ENSG00000268001,2.63,True,False
ENSG00000268006,0.01,True,True
ENSG00000268030,0.2,False,False
ENSG00000268041,0.0,True,True
ENSG00000268043,1.4249999999999998,True,False
ENSG00000268061,0.77,True,False
ENSG00000268066,0.025,False,True
ENSG00000268093,0.155,False,False
ENSG00000268095,0.015,False,True
ENSG00000268107,0.0,True,True
ENSG00000268120,0.0,False,True
ENSG00000268129,5.76,True,False
ENSG00000268133,0.0,False,True
ENSG00000268163,0.025,True,True
ENSG00000268170,0.0,False,True
ENSG00000268173,0.895,False,False
ENSG00000268189,0.0,False,True
ENSG00000268204,0.19,True,False
ENSG00000268230,0.03,False,True
ENSG00000268231,0.0,False,True
ENSG00000268240,0.0,True,True
ENSG00000268266,0.0,True,True
ENSG00000268307,0.0,False,True
ENSG00000268324,0.0,False,True
ENSG00000268350,1.375,True,False
ENSG00000268361,0.0,False,True
ENSG00000268362,0.5,True,False
ENSG00000268364,0.025,True,True
ENSG00000268366,0.0,False,True
ENSG00000268400,0.405,True,False
ENSG00000268403,5.475,True,False
ENSG00000268471,0.7050000000000001,True,False
ENSG00000268475,0.0,False,True
ENSG00000268505,0.0,False,True
ENSG00000268509,0.015,False,True
ENSG00000268516,0.8,True,False
ENSG00000268520,0.02,True,True
ENSG00000268530,0.315,False,False
ENSG00000268532,0.0,False,True
ENSG00000268536,0.0,False,True
ENSG00000268543,1.095,True,False
ENSG00000268564,0.0,False,True
ENSG00000268573,0.735,True,False
ENSG00000268583,0.015,False,True
ENSG00000268584,2.165,True,False
ENSG00000268592,0.0,True,True
ENSG00000268603,0.15,True,False
ENSG00000268614,0.0,False,True
ENSG00000268623,0.0,False,True
ENSG00000268628,0.0,False,True
ENSG00000268635,0.0,False,True
ENSG00000268643,0.0,False,True
ENSG00000268650,0.415,False,False
ENSG00000268670,0.0,True,True
ENSG00000268678,0.015,False,True
ENSG00000268705,0.0,False,True
ENSG00000268744,0.0,True,True
ENSG00000268745,0.0,False,True
ENSG00000268746,0.14,False,False
ENSG00000268750,0.58,False,False
ENSG00000268754,0.0,False,True
ENSG00000268790,0.145,False,False
ENSG00000268797,0.015,False,True
ENSG00000268798,0.08499999999999999,True,True
ENSG00000268812,0.0,True,True
ENSG00000268842,0.0,True,True
ENSG00000268858,0.27,True,False
ENSG00000268870,0.0,False,True
ENSG00000268889,0.13,True,False
ENSG00000268895,0.7,True,False
ENSG00000268970,0.0,True,True
ENSG00000268983,0.0,False,True
ENSG00000268987,0.0,True,True
ENSG00000268996,0.16999999999999998,False,False
ENSG00000269019,0.0,True,True
ENSG00000269026,0.0,False,True
ENSG00000269032,0.0,False,True
ENSG00000269038,0.08499999999999999,True,True
ENSG00000269053,0.0,False,True
ENSG00000269054,0.0,False,True
ENSG00000269058,0.085,False,True
ENSG00000269066,0.2,False,False
ENSG00000269091,0.06,False,True
ENSG00000269102,0.085,True,True
ENSG00000269106,0.07,True,True
ENSG00000269107,0.015,False,True
ENSG00000269110,0.0,True,True
ENSG00000269145,5.390000000000001,False,False
ENSG00000269155,0.0,False,True
ENSG00000269176,0.265,True,False
ENSG00000269181,0.0,True,True
ENSG00000269190,3.43,True,False
ENSG00000269194,0.0,False,True
ENSG00000269210,0.0,True,True
ENSG00000269220,0.05,True,True
ENSG00000269246,10.415,False,False
ENSG00000269293,5.4,True,False
ENSG00000269296,0.035,True,True
ENSG00000269303,0.0,False,True
ENSG00000269307,0.0,False,True
ENSG00000269313,0.155,False,False
ENSG00000269335,0.615,False,False
ENSG00000269343,5.9,False,False
ENSG00000269371,0.0,False,True
ENSG00000269386,1.24,True,False
ENSG00000269388,0.0,False,True
ENSG00000269392,0.05,True,True
ENSG00000269399,0.245,True,False
ENSG00000269400,0.055,True,True
ENSG00000269403,0.0,False,True
ENSG00000269425,0.0,False,True
ENSG00000269427,10.094999999999999,False,False
ENSG00000269439,1.7850000000000001,True,False
ENSG00000269444,0.0,True,True
ENSG00000269460,0.0,True,True
ENSG00000269463,0.72,True,False
ENSG00000269476,0.0,False,True
ENSG00000269481,0.29500000000000004,False,False
ENSG00000269514,0.07500000000000001,True,True
ENSG00000269533,0.065,False,True
ENSG00000269540,0.0,False,True
ENSG00000269546,0.0,False,True
ENSG00000269556,0.8,True,False
ENSG00000269559,0.62,False,False
ENSG00000269578,0.03,True,True
ENSG00000269583,0.0,False,True
ENSG00000269584,0.085,False,True
ENSG00000269590,0.0,False,True
ENSG00000269609,23.68,False,False
ENSG00000269635,0.0,False,True
ENSG00000269646,0.15,False,False
ENSG00000269680,0.485,True,False
ENSG00000269681,0.0,False,True
ENSG00000269688,0.61,True,False
ENSG00000269693,0.405,False,False
ENSG00000269711,0.0,False,True
ENSG00000269743,3.005,True,False
ENSG00000269749,0.0,True,True
ENSG00000269755,0.0,False,True
ENSG00000269782,0.0,False,True
ENSG00000269792,0.0,False,True
ENSG00000269793,0.0,True,True
ENSG00000269800,0.01,True,True
ENSG00000269802,0.0,False,True
ENSG00000269815,0.27,False,False
ENSG00000269821,0.105,True,False
ENSG00000269825,1.395,True,False
ENSG00000269834,0.08499999999999999,True,True
ENSG00000269846,0.095,True,True
ENSG00000269858,7.074999999999999,False,False
ENSG00000269859,0.0,False,True
ENSG00000269867,0.245,False,False
ENSG00000269883,0.0,True,True
ENSG00000269889,0.0,False,True
ENSG00000269891,4.859999999999999,True,False
ENSG00000269893,397.85,False,False
ENSG00000269897,52.519999999999996,False,False
ENSG00000269904,0.0,False,True
ENSG00000269906,2.49,True,False
ENSG00000269915,0.0,False,True
ENSG00000269919,0.0,True,True
ENSG00000269921,2.115,True,False
ENSG00000269929,3.3600000000000003,False,False
ENSG00000269934,0.0,False,True
ENSG00000269935,0.0,True,True
ENSG00000269951,1.43,True,False
ENSG00000269955,0.08,False,True
ENSG00000269961,0.16,True,False
ENSG00000269964,0.0,True,True
ENSG00000269968,6.055,False,False
ENSG00000269970,0.225,False,False
ENSG00000269971,0.0,False,True
ENSG00000270006,0.29000000000000004,False,False
ENSG00000270011,0.135,True,False
ENSG00000270012,0.20500000000000002,True,False
ENSG00000270019,0.17,True,False
ENSG00000270021,0.06,False,True
ENSG00000270022,0.17500000000000002,False,False
ENSG00000270049,4.52,True,False
ENSG00000270050,0.035,False,True
ENSG00000270061,0.69,True,False
ENSG00000270066,0.0,True,True
ENSG00000270068,0.41000000000000003,False,False
ENSG00000270069,0.185,True,False
ENSG00000270072,0.0,True,True
ENSG00000270083,0.16,True,False
ENSG00000270084,0.08499999999999999,True,True
ENSG00000270087,0.0,False,True
ENSG00000270095,0.0,True,True
ENSG00000270103,3.01,True,False
ENSG00000270106,0.03,False,True
ENSG00000270117,0.0,True,True
ENSG00000270123,53.335,True,False
ENSG00000270133,0.025,False,True
ENSG00000270136,0.52,False,False
ENSG00000270141,0.0,False,True
ENSG00000270170,5.8149999999999995,False,False
ENSG00000270175,0.33999999999999997,True,False
ENSG00000270177,0.09,True,True
ENSG00000270181,0.0,False,True
ENSG00000270194,0.175,False,False
ENSG00000270231,1.035,True,False
ENSG00000270248,0.0,False,True
ENSG00000270299,0.0,True,True
ENSG00000270316,0.0,False,True
ENSG00000270330,0.0,True,True
ENSG00000270332,0.9550000000000001,True,False
ENSG00000270344,0.030000000000000002,True,True
ENSG00000270361,0.075,False,True
ENSG00000270362,0.11,True,False
ENSG00000270412,0.0,True,True
ENSG00000270419,0.155,True,False
ENSG00000270426,0.01,True,True
ENSG00000270429,0.035,True,True
ENSG00000270482,0.025,False,True
ENSG00000270487,0.0,False,True
ENSG00000270504,0.0,True,True
ENSG00000270512,0.0,False,True
ENSG00000270557,0.165,False,False
ENSG00000270562,0.2,True,False
ENSG00000270604,0.06,False,True
ENSG00000270607,0.0,True,True
ENSG00000270617,0.10500000000000001,False,False
ENSG00000270638,0.08499999999999999,True,True
ENSG00000270647,14.190000000000001,False,False
ENSG00000270659,0.03,True,True
ENSG00000270670,0.0,False,True
ENSG00000270673,0.52,True,False
ENSG00000270705,0.0,True,True
ENSG00000270710,0.0,False,True
ENSG00000270755,0.0,False,True
ENSG00000270757,5.35,True,False
ENSG00000270761,2.45,True,False
ENSG00000270762,0.0,False,True
ENSG00000270775,0.0,False,True
ENSG00000270792,0.0,False,True
ENSG00000270800,8.58,True,False
ENSG00000270804,2.02,False,False
ENSG00000270820,0.56,True,False
ENSG00000270828,0.07500000000000001,False,True
ENSG00000270829,0.0,False,True
ENSG00000270876,0.025,False,True
ENSG00000270914,0.0,False,True
ENSG00000270933,0.96,False,False
ENSG00000270937,0.0,False,True
ENSG00000270964,0.21999999999999997,True,False
ENSG00000270972,0.09,True,True
ENSG00000270982,0.0,True,True
ENSG00000271002,0.04,True,True
ENSG00000271009,0.0,False,True
ENSG00000271029,0.0,False,True
ENSG00000271040,0.125,False,False
ENSG00000271046,0.0,False,True
ENSG00000271052,0.09,False,True
ENSG00000271065,0.0,True,True
ENSG00000271092,1.275,True,False
ENSG00000271099,0.0,False,True
ENSG00000271105,0.0,True,True
ENSG00000271119,0.09,False,True
ENSG00000271122,1.18,True,False
ENSG00000271133,0.06,False,True
ENSG00000271147,4.82,True,False
ENSG00000271151,0.33499999999999996,True,False
ENSG00000271155,0.01,True,True
ENSG00000271185,0.0,False,True
ENSG00000271192,0.0,True,True
ENSG00000271228,0.31,False,False
ENSG00000271234,0.0,True,True
ENSG00000271245,0.0,True,True
ENSG00000271253,0.0,False,True
ENSG00000271265,0.02,True,True
ENSG00000271267,0.29000000000000004,False,False
ENSG00000271270,2.01,True,False
ENSG00000271278,0.0,False,True
ENSG00000271286,0.0,False,True
ENSG00000271303,4.385,False,False
ENSG00000271335,0.4,True,False
ENSG00000271360,0.005,False,True
ENSG00000271361,9.69,False,False
ENSG00000271362,0.0,False,True
ENSG00000271367,0.0,False,True
ENSG00000271380,0.6,True,False
ENSG00000271387,0.0,False,True
ENSG00000271398,0.0,False,True
ENSG00000271427,0.205,False,False
ENSG00000271440,0.125,False,False
ENSG00000271447,0.0,True,True
ENSG00000271503,0.30500000000000005,True,False
ENSG00000271538,0.09,True,True
ENSG00000271551,0.0,True,True
ENSG00000271576,1.2799999999999998,False,False
ENSG00000271581,0.0,True,True
ENSG00000271601,6.015000000000001,False,False
ENSG00000271605,2.775,True,False
ENSG00000271614,0.01,True,True
ENSG00000271643,0.4,False,False
ENSG00000271646,0.405,True,False
ENSG00000271659,0.47,True,False
ENSG00000271680,0.0,False,True
ENSG00000271698,0.015,False,True
ENSG00000271707,0.0,True,True
ENSG00000271709,0.0,False,True
ENSG00000271717,0.0,True,True
ENSG00000271727,0.0,False,True
ENSG00000271737,0.05,True,True
ENSG00000271741,1.345,False,False
ENSG00000271742,0.0,False,True
ENSG00000271746,0.03,False,True
ENSG00000271751,1.54,True,False
ENSG00000271754,0.42,True,False
ENSG00000271780,0.060000000000000005,True,True
ENSG00000271784,0.0,False,True
ENSG00000271788,0.26,False,False
ENSG00000271793,0.195,True,False
ENSG00000271797,0.12000000000000001,False,False
ENSG00000271798,0.0,True,True
ENSG00000271803,0.0,False,True
ENSG00000271811,0.0,True,True
ENSG00000271816,0.33999999999999997,True,False
ENSG00000271818,0.0,False,True
ENSG00000271821,0.0,True,True
ENSG00000271824,0.0,False,True
ENSG00000271848,0.0,False,True
ENSG00000271849,0.32499999999999996,False,False
ENSG00000271853,0.28,False,False
ENSG00000271855,0.05,True,True
ENSG00000271856,0.33999999999999997,True,False
ENSG00000271857,0.030000000000000002,False,True
ENSG00000271858,0.075,True,True
ENSG00000271860,0.0,True,True
ENSG00000271869,5.57,False,False
ENSG00000271882,0.425,True,False
ENSG00000271888,0.38,True,False
ENSG00000271899,0.0,False,True
ENSG00000271914,0.555,False,False
ENSG00000271918,0.165,True,False
ENSG00000271926,0.07,False,True
ENSG00000271930,0.035,False,True
ENSG00000271931,0.0,False,True
ENSG00000271933,0.125,False,False
ENSG00000271937,0.14,False,False
ENSG00000271938,0.0,True,True
ENSG00000271949,0.0,False,True
ENSG00000271966,0.045,False,True
ENSG00000271969,0.0,False,True
ENSG00000271982,0.0,False,True
ENSG00000271983,0.0,False,True
ENSG00000271984,0.015,False,True
ENSG00000271989,0.02,False,True
ENSG00000271991,1.31,True,False
ENSG00000272004,1.095,False,False
ENSG00000272008,0.08,False,True
ENSG00000272009,2.43,False,False
ENSG00000272023,0.0,False,True
ENSG00000272030,0.20500000000000002,True,False
ENSG00000272031,0.025,True,True
ENSG00000272034,0.0,False,True
ENSG00000272043,0.0,True,True
ENSG00000272047,43.239999999999995,True,False
ENSG00000272050,0.0,True,True
ENSG00000272056,0.05,True,True
ENSG00000272057,0.0,True,True
ENSG00000272070,0.375,True,False
ENSG00000272079,0.5700000000000001,False,False
ENSG00000272081,0.0,False,True
ENSG00000272086,0.77,True,False
ENSG00000272092,0.035,True,True
ENSG00000272097,0.675,False,False
ENSG00000272104,0.035,False,True
ENSG00000272106,1.47,True,False
ENSG00000272112,0.43,True,False
ENSG00000272114,0.8,False,False
ENSG00000272115,0.0,False,True
ENSG00000272121,0.0,True,True
ENSG00000272138,0.035,False,True
ENSG00000272139,0.0,True,True
ENSG00000272141,0.0,False,True
ENSG00000272142,1.34,False,False
ENSG00000272145,0.08,True,True
ENSG00000272146,2.375,True,False
ENSG00000272156,0.22499999999999998,True,False
ENSG00000272162,0.0,False,True
ENSG00000272168,0.2,True,False
ENSG00000272170,0.0,False,True
ENSG00000272172,0.0,False,True
ENSG00000272173,0.5650000000000001,False,False
ENSG00000272183,0.035,True,True
ENSG00000272186,2.555,True,False
ENSG00000272189,0.07,True,True
ENSG00000272192,0.055,False,True
ENSG00000272195,0.0,False,True
ENSG00000272202,0.005,True,True
ENSG00000272205,0.21,False,False
ENSG00000272217,0.43,False,False
ENSG00000272226,0.015,False,True
ENSG00000272236,0.0,False,True
ENSG00000272240,0.355,True,False
ENSG00000272247,0.28500000000000003,False,False
ENSG00000272248,0.07500000000000001,False,True
ENSG00000272256,0.01,False,True
ENSG00000272267,0.025,False,True
ENSG00000272269,0.125,True,False
ENSG00000272273,6.0,False,False
ENSG00000272274,0.0,False,True
ENSG00000272277,0.09,False,True
ENSG00000272282,0.0,True,True
ENSG00000272288,7.255000000000001,False,False
ENSG00000272296,0.0,False,True
ENSG00000272323,0.25,False,False
ENSG00000272324,0.0,False,True
ENSG00000272325,33.160000000000004,False,False
ENSG00000272330,0.0,True,True
ENSG00000272333,0.675,False,False
ENSG00000272341,1.8900000000000001,True,False
ENSG00000272342,0.085,False,True
ENSG00000272347,0.0,True,True
ENSG00000272360,0.0,False,True
ENSG00000272366,0.0,True,True
ENSG00000272368,1.5750000000000002,True,False
ENSG00000272371,0.0,False,True
ENSG00000272384,0.0,True,True
ENSG00000272391,6.08,False,False
ENSG00000272393,0.0,False,True
ENSG00000272398,6.22,True,False
ENSG00000272410,0.005,True,True
ENSG00000272411,0.0,False,True
ENSG00000272412,0.0,False,True
ENSG00000272419,0.45499999999999996,True,False
ENSG00000272426,0.335,False,False
ENSG00000272432,0.035,False,True
ENSG00000272434,0.495,False,False
ENSG00000272438,0.0,False,True
ENSG00000272442,0.0,False,True
ENSG00000272447,0.045,True,True
ENSG00000272449,0.015,False,True
ENSG00000272455,2.6100000000000003,True,False
ENSG00000272456,0.0,False,True
ENSG00000272459,0.425,False,False
ENSG00000272462,0.77,True,False
ENSG00000272463,0.0,True,True
ENSG00000272476,0.43,True,False
ENSG00000272482,0.5800000000000001,True,False
ENSG00000272501,0.32,True,False
ENSG00000272512,0.01,True,True
ENSG00000272514,0.10500000000000001,False,False
ENSG00000272523,0.535,False,False
ENSG00000272525,1.92,True,False
ENSG00000272533,0.0,True,True
ENSG00000272540,0.905,False,False
ENSG00000272543,0.0,True,True
ENSG00000272549,0.0,False,True
ENSG00000272554,0.295,True,False
ENSG00000272562,0.0,True,True
ENSG00000272572,0.005,False,True
ENSG00000272578,0.11,True,False
ENSG00000272582,0.055,False,True
ENSG00000272583,0.0,True,True
ENSG00000272606,9.36,True,False
ENSG00000272619,0.0,False,True
ENSG00000272622,0.0,True,True
ENSG00000272631,0.125,True,False
ENSG00000272647,0.06,False,True
ENSG00000272654,3.1,True,False
ENSG00000272655,8.465,False,False
ENSG00000272657,0.0,False,True
ENSG00000272662,0.175,False,False
ENSG00000272663,1.1600000000000001,False,False
ENSG00000272667,0.565,True,False
ENSG00000272668,0.0,False,True
ENSG00000272677,0.225,True,False
ENSG00000272679,0.0,True,True
ENSG00000272686,16.595,True,False
ENSG00000272688,6.59,True,False
ENSG00000272689,0.155,True,False
ENSG00000272690,1.03,True,False
ENSG00000272691,0.085,True,True
ENSG00000272692,0.0,False,True
ENSG00000272693,0.16,False,False
ENSG00000272695,0.16999999999999998,True,False
ENSG00000272701,0.0,True,True
ENSG00000272702,0.005,True,True
ENSG00000272711,1.205,True,False
ENSG00000272715,0.0,True,True
ENSG00000272716,11.585,True,False
ENSG00000272717,0.0,False,True
ENSG00000272719,0.0,False,True
ENSG00000272721,1.4049999999999998,False,False
ENSG00000272729,0.0,False,True
ENSG00000272735,0.315,True,False
ENSG00000272741,0.0,False,True
ENSG00000272752,0.59,False,False
ENSG00000272758,6.06,True,False
ENSG00000272762,0.0,False,True
ENSG00000272763,0.845,False,False
ENSG00000272764,0.12,False,False
ENSG00000272767,0.04,False,True
ENSG00000272768,0.05,False,True
ENSG00000272772,0.02,False,True
ENSG00000272774,0.0,False,True
ENSG00000272795,2.405,True,False
ENSG00000272799,1.49,False,False
ENSG00000272801,0.0,True,True
ENSG00000272808,0.0,False,True
ENSG00000272812,2.245,True,False
ENSG00000272817,0.3,False,False
ENSG00000272821,0.155,True,False
ENSG00000272822,0.0,False,True
ENSG00000272829,1.1099999999999999,True,False
ENSG00000272831,0.7050000000000001,True,False
ENSG00000272837,0.0,False,True
ENSG00000272839,0.0,False,True
ENSG00000272841,0.345,False,False
ENSG00000272843,2.285,False,False
ENSG00000272844,0.095,False,True
ENSG00000272849,0.015,False,True
ENSG00000272853,0.14500000000000002,True,False
ENSG00000272854,0.285,False,False
ENSG00000272862,0.33999999999999997,False,False
ENSG00000272870,4.0600000000000005,True,False
ENSG00000272874,0.0,False,True
ENSG00000272884,0.015,True,True
ENSG00000272886,19.815,False,False
ENSG00000272888,5.48,True,False
ENSG00000272892,0.32,True,False
ENSG00000272894,0.15,True,False
ENSG00000272896,0.0,False,True
ENSG00000272899,0.06,False,True
ENSG00000272902,0.005,False,True
ENSG00000272906,0.085,True,True
ENSG00000272913,0.0,True,True
ENSG00000272916,0.405,True,False
ENSG00000272921,93.68,False,False
ENSG00000272931,0.6699999999999999,True,False
ENSG00000272933,0.0,False,True
ENSG00000272941,0.055,True,True
ENSG00000272948,0.04,False,True
ENSG00000272953,0.185,True,False
ENSG00000272967,0.045,False,True
ENSG00000272969,0.075,False,True
ENSG00000272970,0.0,False,True
ENSG00000272973,0.04,False,True
ENSG00000272980,0.035,True,True
ENSG00000272986,0.095,False,True
ENSG00000272991,4.574999999999999,True,False
ENSG00000272994,2.06,True,False
ENSG00000273001,0.145,False,False
ENSG00000273002,0.31,True,False
ENSG00000273003,0.0,False,True
ENSG00000273004,0.09000000000000001,True,True
ENSG00000273008,0.275,True,False
ENSG00000273010,0.32999999999999996,True,False
ENSG00000273015,0.47,True,False
ENSG00000273025,0.0,False,True
ENSG00000273026,0.245,True,False
ENSG00000273027,0.0,True,True
ENSG00000273045,0.045,False,True
ENSG00000273046,0.03,True,True
ENSG00000273047,0.0,False,True
ENSG00000273049,0.02,True,True
ENSG00000273061,1.7999999999999998,True,False
ENSG00000273062,0.0,True,True
ENSG00000273063,0.405,False,False
ENSG00000273064,0.745,True,False
ENSG00000273066,0.16999999999999998,True,False
ENSG00000273077,0.05,False,True
ENSG00000273080,3.81,True,False
ENSG00000273084,0.05,True,True
ENSG00000273091,0.035,False,True
ENSG00000273106,0.005,False,True
ENSG00000273107,2.5,False,False
ENSG00000273117,4.0,True,False
ENSG00000273125,0.0,False,True
ENSG00000273139,1.145,True,False
ENSG00000273141,0.0,False,True
ENSG00000273143,0.355,False,False
ENSG00000273145,0.035,False,True
ENSG00000273148,1.455,True,False
ENSG00000273149,0.0,False,True
ENSG00000273154,0.015,True,True
ENSG00000273155,3.585,False,False
ENSG00000273162,2.8,True,False
ENSG00000273174,0.0,False,True
ENSG00000273175,0.225,True,False
ENSG00000273176,0.14,False,False
ENSG00000273179,0.0,True,True
ENSG00000273181,0.685,True,False
ENSG00000273184,1.0350000000000001,False,False
ENSG00000273188,0.025,False,True
ENSG00000273189,0.0,False,True
ENSG00000273199,0.04,False,True
ENSG00000273204,0.0,True,True
ENSG00000273209,0.0,True,True
ENSG00000273210,0.33499999999999996,True,False
ENSG00000273216,0.08,True,True
ENSG00000273217,0.0,False,True
ENSG00000273226,1.76,True,False
ENSG00000273240,0.30000000000000004,True,False
ENSG00000273247,0.85,True,False
ENSG00000273248,0.0,False,True
ENSG00000273249,0.0,True,True
ENSG00000273253,0.0,False,True
ENSG00000273254,0.655,False,False
ENSG00000273265,0.27,False,False
ENSG00000273269,0.0,False,True
ENSG00000273270,0.14,False,False
ENSG00000273272,0.0,True,True
ENSG00000273274,0.0,False,True
ENSG00000273297,0.535,True,False
ENSG00000273299,0.0,False,True
ENSG00000273314,0.52,False,False
ENSG00000273320,2.3899999999999997,True,False
ENSG00000273329,0.095,True,True
ENSG00000273333,0.395,False,False
ENSG00000273335,0.08499999999999999,False,True
ENSG00000273338,38.32,True,False
ENSG00000273340,0.0,False,True
ENSG00000273341,0.0,True,True
ENSG00000273342,0.615,False,False
ENSG00000273343,0.135,True,False
ENSG00000273344,1.775,True,False
ENSG00000273345,0.18,True,False
ENSG00000273348,0.0,False,True
ENSG00000273350,0.025,False,True
ENSG00000273355,2.535,True,False
ENSG00000273361,0.02,True,True
ENSG00000273363,0.0,True,True
ENSG00000273367,0.24000000000000002,True,False
ENSG00000273375,0.435,True,False
ENSG00000273382,0.14500000000000002,True,False
ENSG00000273387,0.055,True,True
ENSG00000273391,0.20500000000000002,False,False
ENSG00000273394,0.0,True,True
ENSG00000273416,0.19,True,False
ENSG00000273432,0.01,True,True
ENSG00000273433,0.0,True,True
ENSG00000273437,2.9749999999999996,True,False
ENSG00000273443,0.0,False,True
ENSG00000273451,1.4249999999999998,True,False
ENSG00000273456,0.01,True,True
ENSG00000273476,0.0,False,True
ENSG00000273481,0.095,False,True
ENSG00000273521,0.0,True,True
ENSG00000273523,0.0,True,True
ENSG00000273537,0.0,True,True
ENSG00000273542,5.0,False,False
ENSG00000273544,0.0,True,True
ENSG00000273559,16.705000000000002,True,False
ENSG00000273565,0.0,True,True
ENSG00000273571,0.0,False,True
ENSG00000273587,0.0,False,True
ENSG00000273596,0.0,False,True
ENSG00000273604,0.275,True,False
ENSG00000273611,212.82,False,False
ENSG00000273619,0.16,True,False
ENSG00000273623,0.0,False,True
ENSG00000273637,0.0,True,True
ENSG00000273654,0.71,True,False
ENSG00000273674,0.055,False,True
ENSG00000273677,0.0,True,True
ENSG00000273700,0.0,False,True
ENSG00000273702,0.33499999999999996,True,False
ENSG00000273703,0.21,True,False
ENSG00000273706,0.0,True,True
ENSG00000273711,0.24,False,False
ENSG00000273723,2.9450000000000003,True,False
ENSG00000273724,0.0,False,True
ENSG00000273729,0.03,False,True
ENSG00000273734,0.0,False,True
ENSG00000273749,2.755,False,False
ENSG00000273750,0.0,False,True
ENSG00000273758,0.0,False,True
ENSG00000273759,0.22,True,False
ENSG00000273763,0.42,False,False
ENSG00000273768,1.775,True,False
ENSG00000273782,0.0,False,True
ENSG00000273783,0.98,False,False
ENSG00000273796,0.015,True,True
ENSG00000273797,0.145,True,False
ENSG00000273802,24.95,False,False
ENSG00000273812,0.0,False,True
ENSG00000273820,0.07,False,True
ENSG00000273821,0.06,False,True
ENSG00000273828,0.0,False,True
ENSG00000273841,389.68,False,False
ENSG00000273901,0.0,False,True
ENSG00000273945,0.0,False,True
ENSG00000273950,0.28500000000000003,False,False
ENSG00000273958,0.0,True,True
ENSG00000273961,0.0,False,True
ENSG00000273965,0.0,False,True
ENSG00000273973,0.03,True,True
ENSG00000273998,0.125,False,False
ENSG00000274011,0.0,False,True
ENSG00000274012,82.1,False,False
ENSG00000274015,0.655,True,False
ENSG00000274034,0.0,False,True
ENSG00000274049,0.02,False,True
ENSG00000274054,0.0,False,True
ENSG00000274066,0.0,False,True
ENSG00000274072,0.0,False,True
ENSG00000274086,0.0,False,True
ENSG00000274091,0.0,False,True
ENSG00000274092,0.0,True,True
ENSG00000274104,4.92,True,False
ENSG00000274124,0.0,True,True
ENSG00000274134,0.0,True,True
ENSG00000274180,0.235,True,False
ENSG00000274209,0.02,False,True
ENSG00000274210,0.7,True,False
ENSG00000274211,0.76,True,False
ENSG00000274212,0.0,True,True
ENSG00000274213,1.51,True,False
ENSG00000274215,0.03,False,True
ENSG00000274220,0.25,True,False
ENSG00000274235,0.0,False,True
ENSG00000274248,0.0,False,True
ENSG00000274251,0.0,True,True
ENSG00000274259,0.1,True,False
ENSG00000274265,1.84,True,False
ENSG00000274266,0.0,False,True
ENSG00000274269,0.0,True,True
ENSG00000274270,0.0,True,True
ENSG00000274286,0.0,False,True
ENSG00000274290,0.13,True,False
ENSG00000274292,0.605,True,False
ENSG00000274300,0.0,False,True
ENSG00000274309,0.0,False,True
ENSG00000274322,0.0,True,True
ENSG00000274340,0.0,True,True
ENSG00000274356,0.0,False,True
ENSG00000274367,0.46,False,False
ENSG00000274396,0.0,True,True
ENSG00000274417,0.0,False,True
ENSG00000274425,0.2,False,False
ENSG00000274430,46.08,True,False
ENSG00000274444,0.07500000000000001,True,True
ENSG00000274447,0.0,True,True
ENSG00000274460,0.47000000000000003,True,False
ENSG00000274469,0.0,False,True
ENSG00000274487,2.9450000000000003,True,False
ENSG00000274491,0.0,True,True
ENSG00000274492,0.01,False,True
ENSG00000274503,0.0,True,True
ENSG00000274507,0.0,False,True
ENSG00000274515,0.0,False,True
ENSG00000274520,0.0,False,True
ENSG00000274523,1.255,False,False
ENSG00000274528,0.67,True,False
ENSG00000274536,69.215,True,False
ENSG00000274544,0.0,False,True
ENSG00000274547,0.0,False,True
ENSG00000274560,0.0,False,True
ENSG00000274565,0.0,False,True
ENSG00000274582,0.0,True,True
ENSG00000274605,2.455,True,False
ENSG00000274607,0.0,False,True
ENSG00000274621,0.0,False,True
ENSG00000274630,0.0,False,True
ENSG00000274637,0.0,False,True
ENSG00000274641,1.7650000000000001,False,False
ENSG00000274667,3.63,True,False
ENSG00000274670,0.34,False,False
ENSG00000274685,0.0,False,True
ENSG00000274695,0.0,True,True
ENSG00000274709,0.0,False,True
ENSG00000274712,0.01,True,True
ENSG00000274737,0.0,True,True
ENSG00000274751,0.005,False,True
ENSG00000274760,0.0,True,True
ENSG00000274798,0.37,False,False
ENSG00000274810,0.005,True,True
ENSG00000274817,0.0,False,True
ENSG00000274818,0.0,False,True
ENSG00000274823,0.035,False,True
ENSG00000274828,0.425,True,False
ENSG00000274833,0.0,True,True
ENSG00000274845,0.0,False,True
ENSG00000274848,0.0,False,True
ENSG00000274849,1.4449999999999998,False,False
ENSG00000274864,0.0,True,True
ENSG00000274874,0.0,False,True
ENSG00000274895,0.0,True,True
ENSG00000274898,0.015,False,True
ENSG00000274904,0.015,True,True
ENSG00000274922,0.21000000000000002,True,False
ENSG00000274925,0.185,True,False
ENSG00000274929,0.30000000000000004,True,False
ENSG00000274934,0.0,False,True
ENSG00000274937,0.0,False,True
ENSG00000274954,0.0,True,True
ENSG00000274963,0.0,False,True
ENSG00000274978,0.0,True,True
ENSG00000274979,0.125,False,False
ENSG00000274993,0.0,True,True
ENSG00000274997,5.775,False,False
ENSG00000274998,0.0,True,True
ENSG00000275004,19.450000000000003,True,False
ENSG00000275011,0.0,True,True
ENSG00000275017,0.0,False,True
ENSG00000275023,2.175,False,False
ENSG00000275041,0.0,False,True
ENSG00000275043,0.0,False,True
ENSG00000275052,8.895,False,False
ENSG00000275055,2.275,True,False
ENSG00000275066,1.7999999999999998,False,False
ENSG00000275069,0.0,True,True
ENSG00000275072,0.0,True,True
ENSG00000275074,0.435,True,False
ENSG00000275091,0.035,False,True
ENSG00000275092,0.175,True,False
ENSG00000275107,0.0,False,True
ENSG00000275111,2.035,True,False
ENSG00000275120,0.0,False,True
ENSG00000275143,1.885,True,False
ENSG00000275162,0.0,False,True
ENSG00000275180,0.76,True,False
ENSG00000275183,0.12,True,False
ENSG00000275198,0.0,False,True
ENSG00000275202,0.095,True,True
ENSG00000275208,0.0,False,True
ENSG00000275221,0.0,False,True
ENSG00000275238,0.0,False,True
ENSG00000275263,0.16,False,False
ENSG00000275265,0.0,False,True
ENSG00000275273,0.0,False,True
ENSG00000275287,0.0,False,True
ENSG00000275294,0.225,False,False
ENSG00000275307,0.075,False,True
ENSG00000275334,0.0,False,True
ENSG00000275342,0.0,True,True
ENSG00000275359,0.0,False,True
ENSG00000275372,1.53,True,False
ENSG00000275392,0.0,False,True
ENSG00000275410,0.0,True,True
ENSG00000275411,0.0,False,True
ENSG00000275437,0.01,True,True
ENSG00000275441,2.15,False,False
ENSG00000275445,0.0,False,True
ENSG00000275454,0.0,True,True
ENSG00000275457,0.14,True,False
ENSG00000275460,0.0,False,True
ENSG00000275468,0.0,False,True
ENSG00000275479,0.285,False,False
ENSG00000275481,0.11,True,False
ENSG00000275484,0.0,False,True
ENSG00000275494,0.225,True,False
ENSG00000275523,0.0,False,True
ENSG00000275527,0.085,False,True
ENSG00000275532,0.04,False,True
ENSG00000275538,0.0,True,True
ENSG00000275549,0.005,False,True
ENSG00000275552,0.025,False,True
ENSG00000275558,0.105,False,False
ENSG00000275559,27.415,False,False
ENSG00000275589,0.0,True,True
ENSG00000275591,0.0,True,True
ENSG00000275613,0.08,False,True
ENSG00000275630,0.0,False,True
ENSG00000275635,0.0,True,True
ENSG00000275645,0.245,True,False
ENSG00000275646,0.0,False,True
ENSG00000275674,0.0,False,True
ENSG00000275680,0.0,False,True
ENSG00000275681,0.0,False,True
ENSG00000275691,0.0,True,True
ENSG00000275693,0.0,False,True
ENSG00000275700,25.43,False,False
ENSG00000275709,0.43500000000000005,True,False
ENSG00000275713,4.065,False,False
ENSG00000275714,0.155,False,False
ENSG00000275719,0.24000000000000002,False,False
ENSG00000275740,0.75,False,False
ENSG00000275741,0.0,True,True
ENSG00000275745,0.0,False,True
ENSG00000275765,0.0,True,True
ENSG00000275778,3.37,True,False
ENSG00000275785,0.53,False,False
ENSG00000275807,0.03,True,True
ENSG00000275835,3.3850000000000002,False,False
ENSG00000275836,0.0,True,True
ENSG00000275856,0.0,True,True
ENSG00000275857,0.14,True,False
ENSG00000275859,0.0,False,True
ENSG00000275880,0.0,False,True
ENSG00000275894,0.01,False,True
ENSG00000275895,17.57,True,False
ENSG00000275898,0.0,True,True
ENSG00000275901,0.0,False,True
ENSG00000275936,0.0,False,True
ENSG00000275942,0.0,False,True
ENSG00000275948,0.0,False,True
ENSG00000275964,0.015,True,True
ENSG00000275975,0.0,False,True
ENSG00000275982,0.0,False,True
ENSG00000275994,0.13,True,False
ENSG00000275996,0.0,False,True
ENSG00000276015,0.135,False,False
ENSG00000276023,49.21,False,False
ENSG00000276027,0.0,True,True
ENSG00000276029,0.0,False,True
ENSG00000276036,0.0,False,True
ENSG00000276045,2.95,False,False
ENSG00000276048,0.0,False,True
ENSG00000276057,0.0,True,True
ENSG00000276058,0.64,True,False
ENSG00000276063,0.0,False,True
ENSG00000276075,0.015,False,True
ENSG00000276076,0.0,False,True
ENSG00000276083,0.0,False,True
ENSG00000276085,0.0,True,True
ENSG00000276087,0.0,False,True
ENSG00000276089,27.740000000000002,False,False
ENSG00000276096,0.0,False,True
ENSG00000276097,0.0,True,True
ENSG00000276100,0.0,False,True
ENSG00000276102,0.0,False,True
ENSG00000276107,0.0,False,True
ENSG00000276116,0.0,True,True
ENSG00000276131,5.405,False,False
ENSG00000276141,0.81,True,False
ENSG00000276150,2.505,False,False
ENSG00000276161,1.53,True,False
ENSG00000276168,31.71,False,False
ENSG00000276170,0.29500000000000004,False,False
ENSG00000276176,0.0,False,True
ENSG00000276180,1.8599999999999999,False,False
ENSG00000276185,1.7049999999999998,False,False
ENSG00000276188,0.1,True,False
ENSG00000276213,0.055,False,True
ENSG00000276216,0.835,True,False
ENSG00000276223,0.0,True,True
ENSG00000276229,0.0,False,True
ENSG00000276231,0.0,True,True
ENSG00000276234,18.235,False,False
ENSG00000276278,0.06,False,True
ENSG00000276291,11.57,False,False
ENSG00000276293,2.385,False,False
ENSG00000276302,0.0,False,True
ENSG00000276317,0.0,False,True
ENSG00000276368,0.0,True,True
ENSG00000276404,0.0,False,True
ENSG00000276407,0.0,False,True
ENSG00000276408,0.275,False,False
ENSG00000276410,0.085,True,True
ENSG00000276436,0.0,False,True
ENSG00000276471,0.0,True,True
ENSG00000276476,0.065,True,True
ENSG00000276496,0.0,False,True
ENSG00000276524,0.55,False,False
ENSG00000276528,0.0,True,True
ENSG00000276533,1.0950000000000002,True,False
ENSG00000276547,0.0,True,True
ENSG00000276573,0.0,True,True
ENSG00000276584,0.0,False,True
ENSG00000276603,0.0,True,True
ENSG00000276609,0.0,True,True
ENSG00000276644,0.02,True,True
ENSG00000276649,0.045,True,True
ENSG00000276651,0.005,False,True
ENSG00000276663,0.06,False,True
ENSG00000276664,0.0,True,True
ENSG00000276669,0.0,False,True
ENSG00000276670,0.0,False,True
ENSG00000276680,0.0,False,True
ENSG00000276698,2.835,True,False
ENSG00000276704,0.1,True,False
ENSG00000276712,0.0,False,True
ENSG00000276727,0.075,False,True
ENSG00000276728,0.125,True,False
ENSG00000276744,0.41000000000000003,True,False
ENSG00000276753,0.0,False,True
ENSG00000276771,0.0,True,True
ENSG00000276784,0.0,False,True
ENSG00000276788,0.0,False,True
ENSG00000276790,0.0,False,True
ENSG00000276791,0.08,True,True
ENSG00000276823,0.0,True,True
ENSG00000276831,0.11,False,False
ENSG00000276851,0.0,False,True
ENSG00000276853,0.19,True,False
ENSG00000276900,1.23,True,False
ENSG00000276903,0.46499999999999997,True,False
ENSG00000276918,0.0,False,True
ENSG00000276931,1.7999999999999998,True,False
ENSG00000276957,0.28500000000000003,True,False
ENSG00000276966,12.760000000000002,False,False
ENSG00000276984,0.045,False,True
ENSG00000276991,0.0,True,True
ENSG00000277013,0.0,True,True
ENSG00000277020,0.08,True,True
ENSG00000277027,3.59,False,False
ENSG00000277072,18.155,True,False
ENSG00000277075,59.254999999999995,False,False
ENSG00000277084,0.0,False,True
ENSG00000277108,0.0,False,True
ENSG00000277120,0.0,False,True
ENSG00000277129,0.0,False,True
ENSG00000277142,0.005,True,True
ENSG00000277149,3.7,True,False
ENSG00000277157,3.9450000000000003,False,False
ENSG00000277159,0.01,False,True
ENSG00000277161,6.390000000000001,True,False
ENSG00000277170,2.145,True,False
ENSG00000277182,0.16,True,False
ENSG00000277184,0.0,True,True
ENSG00000277194,12.32,True,False
ENSG00000277209,0.425,False,False
ENSG00000277214,0.0,False,True
ENSG00000277224,1.21,False,False
ENSG00000277232,0.045,True,True
ENSG00000277235,0.0,False,True
ENSG00000277258,1.405,True,False
ENSG00000277264,0.0,False,True
ENSG00000277268,0.0,True,True
ENSG00000277269,0.0,False,True
ENSG00000277283,0.79,True,False
ENSG00000277287,0.0,True,True
ENSG00000277311,0.0,False,True
ENSG00000277324,0.10500000000000001,False,False
ENSG00000277342,0.475,True,False
ENSG00000277351,0.0,False,True
ENSG00000277358,0.0,False,True
ENSG00000277363,0.0,True,True
ENSG00000277368,0.04,False,True
ENSG00000277369,0.0,True,True
ENSG00000277370,0.0,False,True
ENSG00000277382,0.0,True,True
ENSG00000277383,0.085,True,True
ENSG00000277402,0.0,True,True
ENSG00000277413,0.0,True,True
ENSG00000277443,1.145,True,False
ENSG00000277444,0.0,True,True
ENSG00000277446,0.36,False,False
ENSG00000277449,0.14,False,False
ENSG00000277450,0.09,True,True
ENSG00000277452,0.0,True,True
ENSG00000277453,0.64,True,False
ENSG00000277460,0.505,False,False
ENSG00000277462,14.235,True,False
ENSG00000277463,0.0,False,True
ENSG00000277469,0.0,True,True
ENSG00000277482,0.0,False,True
ENSG00000277496,0.0,True,True
ENSG00000277501,0.075,False,True
ENSG00000277502,0.0,False,True
ENSG00000277511,1.355,True,False
ENSG00000277512,0.0,False,True
ENSG00000277521,0.0,False,True
ENSG00000277524,0.0,False,True
ENSG00000277526,0.195,True,False
ENSG00000277531,0.0,True,True
ENSG00000277542,0.0,False,True
ENSG00000277553,0.0,False,True
ENSG00000277581,0.1,True,False
ENSG00000277583,0.0,False,True
ENSG00000277590,0.0,True,True
ENSG00000277597,0.025,False,True
ENSG00000277599,0.0,True,True
ENSG00000277602,1.355,False,False
ENSG00000277604,0.0,False,True
ENSG00000277619,0.0,True,True
ENSG00000277632,0.085,True,True
ENSG00000277639,0.02,False,True
ENSG00000277688,1.07,False,False
ENSG00000277690,0.04,False,True
ENSG00000277692,0.01,False,True
ENSG00000277694,0.0,True,True
ENSG00000277715,0.0,True,True
ENSG00000277720,0.0,False,True
ENSG00000277763,0.0,True,True
ENSG00000277764,0.0,True,True
ENSG00000277767,0.07,True,True
ENSG00000277771,0.0,True,True
ENSG00000277775,0.375,False,False
ENSG00000277778,0.01,True,True
ENSG00000277782,0.365,True,False
ENSG00000277791,2014.855,False,False
ENSG00000277795,0.0,False,True
ENSG00000277809,0.0,False,True
ENSG00000277830,0.0,False,True
ENSG00000277846,0.0,False,True
ENSG00000277855,0.0,True,True
ENSG00000277882,0.14,False,False
ENSG00000277887,0.0,False,True
ENSG00000277895,0.045,True,True
ENSG00000277904,0.0,True,True
ENSG00000277922,0.0,False,True
ENSG00000277925,0.09,False,True
ENSG00000277938,0.0,True,True
ENSG00000277941,0.0,True,True
ENSG00000277957,0.025,False,True
ENSG00000277966,0.0,False,True
ENSG00000277967,0.0,True,True
ENSG00000277969,2.255,True,False
ENSG00000277972,4.275,False,False
ENSG00000277985,0.0,True,True
ENSG00000277986,2.085,False,False
ENSG00000277994,0.0,False,True
ENSG00000278002,0.475,True,False
ENSG00000278009,0.0,False,True
ENSG00000278012,0.01,True,True
ENSG00000278013,0.045,False,True
ENSG00000278017,0.0,False,True
ENSG00000278020,0.0,False,True
ENSG00000278023,6.515000000000001,True,False
ENSG00000278039,0.0,False,True
ENSG00000278045,0.0,True,True
ENSG00000278050,0.0,False,True
ENSG00000278053,18.075,False,False
ENSG00000278055,0.0,False,True
ENSG00000278071,0.37,True,False
ENSG00000278090,0.0,True,True
ENSG00000278095,0.08499999999999999,False,True
ENSG00000278099,0.695,True,False
ENSG00000278129,0.65,True,False
ENSG00000278135,0.0,False,True
ENSG00000278144,0.0,False,True
ENSG00000278156,0.01,False,True
ENSG00000278175,0.034999999999999996,True,True
ENSG00000278200,0.049999999999999996,True,True
ENSG00000278217,0.0,True,True
ENSG00000278224,0.095,False,True
ENSG00000278238,4.7,True,False
ENSG00000278249,0.15,False,False
ENSG00000278259,15.719999999999999,False,False
ENSG00000278261,0.0,False,True
ENSG00000278274,0.995,True,False
ENSG00000278278,0.0,False,True
ENSG00000278291,0.0,True,True
ENSG00000278311,24.885,False,False
ENSG00000278318,0.24,False,False
ENSG00000278324,0.0,False,True
ENSG00000278334,0.0,False,True
ENSG00000278359,0.0,False,True
ENSG00000278370,0.0,False,True
ENSG00000278376,0.36,False,False
ENSG00000278385,0.005,False,True
ENSG00000278390,0.125,True,False
ENSG00000278396,0.21000000000000002,True,False
ENSG00000278404,0.0,False,True
ENSG00000278416,0.45,True,False
ENSG00000278431,0.0,False,True
ENSG00000278447,0.0,False,True
ENSG00000278449,0.0,False,True
ENSG00000278456,0.0,False,True
ENSG00000278463,0.30000000000000004,False,False
ENSG00000278465,0.0,True,True
ENSG00000278467,0.09,False,True
ENSG00000278514,0.385,True,False
ENSG00000278517,0.0,False,True
ENSG00000278520,0.0,False,True
ENSG00000278527,0.0,True,True
ENSG00000278535,11.11,False,False
ENSG00000278540,27.015,False,False
ENSG00000278543,0.0,False,True
ENSG00000278546,0.0,True,True
ENSG00000278558,0.005,True,True
ENSG00000278592,0.0,False,True
ENSG00000278595,0.0,True,True
ENSG00000278596,0.0,False,True
ENSG00000278600,0.8899999999999999,False,False
ENSG00000278611,0.13,True,False
ENSG00000278615,132.49,False,False
ENSG00000278619,0.46499999999999997,False,False
ENSG00000278621,0.0,False,True
ENSG00000278637,0.48,True,False
ENSG00000278642,0.0,True,True
ENSG00000278677,11.33,False,False
ENSG00000278703,0.215,False,False
ENSG00000278705,3.1050000000000004,False,False
ENSG00000278708,0.0,True,True
ENSG00000278709,0.0,False,True
ENSG00000278713,0.0,False,True
ENSG00000278719,0.09,False,True
ENSG00000278727,0.0,False,True
ENSG00000278743,0.0,True,True
ENSG00000278771,0.315,False,False
ENSG00000278773,0.0,True,True
ENSG00000278783,0.0,False,True
ENSG00000278815,0.0,False,True
ENSG00000278822,0.0,True,True
ENSG00000278828,21.54,False,False
ENSG00000278829,4.1,False,False
ENSG00000278834,0.46499999999999997,True,False
ENSG00000278842,0.0,False,True
ENSG00000278845,141.125,False,False
ENSG00000278863,0.0,True,True
ENSG00000278869,0.0,True,True
ENSG00000278873,0.0,True,True
ENSG00000278876,0.64,True,False
ENSG00000278899,0.025,False,True
ENSG00000278905,0.0,False,True
ENSG00000278916,0.09999999999999999,True,True
ENSG00000278921,0.0,True,True
ENSG00000278922,0.0,False,True
ENSG00000278924,0.0,False,True
ENSG00000278952,0.0,False,True
ENSG00000278954,0.0,False,True
ENSG00000278957,0.0,False,True
ENSG00000278963,0.14500000000000002,True,False
ENSG00000278966,0.01,True,True
ENSG00000278969,0.0,True,True
ENSG00000278970,2.2249999999999996,True,False
ENSG00000278982,0.0,False,True
ENSG00000278986,0.034999999999999996,True,True
ENSG00000278991,0.09999999999999999,True,True
ENSG00000278993,0.11,True,False
ENSG00000278995,0.0,True,True
ENSG00000279001,0.0,False,True
ENSG00000279031,0.165,False,False
ENSG00000279035,0.01,False,True
ENSG00000279036,0.0,False,True
ENSG00000279048,0.015,True,True
ENSG00000279069,0.11499999999999999,True,False
ENSG00000279070,0.015,False,True
ENSG00000279075,0.035,False,True
ENSG00000279086,0.04,False,True
ENSG00000279088,23.62,True,False
ENSG00000279114,0.19999999999999998,True,False
ENSG00000279119,2.04,False,False
ENSG00000279130,0.145,True,False
ENSG00000279137,0.0,False,True
ENSG00000279140,0.095,True,True
ENSG00000279142,0.0,False,True
ENSG00000279144,0.02,True,True
ENSG00000279152,0.0,False,True
ENSG00000279155,0.05,False,True
ENSG00000279161,0.0,False,True
ENSG00000279164,0.66,False,False
ENSG00000279170,0.0,False,True
ENSG00000279172,0.0,False,True
ENSG00000279182,0.0,False,True
ENSG00000279198,0.01,False,True
ENSG00000279199,0.0,False,True
ENSG00000279204,0.0,True,True
ENSG00000279212,0.005,False,True
ENSG00000279223,0.0,False,True
ENSG00000279227,0.63,False,False
ENSG00000279243,0.015,False,True
ENSG00000279246,0.02,True,True
ENSG00000279249,0.02,True,True
ENSG00000279255,0.0,True,True
ENSG00000279259,0.005,True,True
ENSG00000279266,0.0,False,True
ENSG00000279273,0.0,False,True
ENSG00000279283,0.02,True,True
ENSG00000279286,0.0,True,True
ENSG00000279302,0.0,False,True
ENSG00000279306,0.015,True,True
ENSG00000279317,0.015,False,True
ENSG00000279331,0.67,True,False
ENSG00000279354,0.12,True,False
ENSG00000279366,0.0,True,True
ENSG00000279368,0.155,False,False
ENSG00000279369,0.01,True,True
ENSG00000279370,0.59,False,False
ENSG00000279372,0.0,True,True
ENSG00000279390,0.045,False,True
ENSG00000279393,0.0,False,True
ENSG00000279398,0.0,False,True
ENSG00000279407,0.48,True,False
ENSG00000279422,0.0,False,True
ENSG00000279423,17.275,True,False
ENSG00000279430,0.08,True,True
ENSG00000279431,0.0,True,True
ENSG00000279441,0.0,True,True
ENSG00000279444,0.0,False,True
ENSG00000279446,0.0,False,True
ENSG00000279450,0.0,True,True
ENSG00000279452,0.075,False,True
ENSG00000279455,0.0,False,True
ENSG00000279476,0.14,True,False
ENSG00000279491,0.07500000000000001,True,True
ENSG00000279494,0.0,True,True
ENSG00000279504,0.065,False,True
ENSG00000279520,0.0,True,True
ENSG00000279529,0.325,True,False
ENSG00000279539,0.54,False,False
ENSG00000279561,0.0,True,True
ENSG00000279581,0.0,True,True
ENSG00000279583,0.005,True,True
ENSG00000279584,0.0,False,True
ENSG00000279591,0.0,True,True
ENSG00000279599,0.0,False,True
ENSG00000279601,0.0,False,True
ENSG00000279605,0.02,False,True
ENSG00000279607,0.0,True,True
ENSG00000279609,0.0,False,True
ENSG00000279613,0.005,False,True
ENSG00000279619,0.0,False,True
ENSG00000279632,0.17,True,False
ENSG00000279641,0.015,False,True
ENSG00000279660,0.265,True,False
ENSG00000279672,0.06,True,True
ENSG00000279673,1.895,True,False
ENSG00000279677,0.115,True,False
ENSG00000279681,0.0,False,True
ENSG00000279685,0.0,False,True
ENSG00000279689,4.8149999999999995,True,False
ENSG00000279691,0.44999999999999996,True,False
ENSG00000279692,0.0,True,True
ENSG00000279694,0.0,False,True
ENSG00000279708,0.0,False,True
ENSG00000279711,0.0,True,True
ENSG00000279742,0.015,False,True
ENSG00000279748,0.0,True,True
ENSG00000279752,0.0,False,True
ENSG00000279753,34.535,False,False
ENSG00000279756,0.0,True,True
ENSG00000279762,0.005,False,True
ENSG00000279771,0.0,False,True
ENSG00000279775,0.0,True,True
ENSG00000279799,0.25,True,False
ENSG00000279801,0.0,True,True
ENSG00000279809,1.57,False,False
ENSG00000279817,0.0,True,True
ENSG00000279819,0.13,True,False
ENSG00000279827,0.005,False,True
ENSG00000279840,0.0,True,True
ENSG00000279861,0.035,True,True
ENSG00000279863,1.5150000000000001,False,False
ENSG00000279865,0.24,True,False
ENSG00000279873,0.005,True,True
ENSG00000279875,0.0,False,True
ENSG00000279879,0.005,False,True
ENSG00000279901,0.065,True,True
ENSG00000279908,0.0,True,True
ENSG00000279913,0.0,True,True
ENSG00000279925,0.0,False,True
ENSG00000279927,0.0,False,True
ENSG00000279942,0.0,True,True
ENSG00000279943,0.01,False,True
ENSG00000279964,0.0,False,True
ENSG00000279965,0.0,True,True
ENSG00000279968,0.155,True,False
ENSG00000280032,0.0,True,True
ENSG00000280046,0.055,True,True
ENSG00000280063,0.795,True,False
ENSG00000280073,0.0,True,True
ENSG00000280116,0.0,False,True
ENSG00000280120,11.05,True,False
ENSG00000280129,0.125,True,False
ENSG00000280131,0.0,False,True
ENSG00000280135,0.0,False,True
ENSG00000280137,0.035,True,True
ENSG00000280138,0.07,True,True
ENSG00000280152,0.005,True,True
ENSG00000280160,0.02,False,True
ENSG00000280161,0.030000000000000002,True,True
ENSG00000280173,0.1,True,False
ENSG00000280186,0.015,True,True
ENSG00000280187,0.575,False,False
ENSG00000280193,0.315,False,False
ENSG00000280194,0.0,True,True
ENSG00000280195,0.6100000000000001,True,False
ENSG00000280198,0.05,True,True
ENSG00000280211,0.38,False,False
ENSG00000280213,0.005,False,True
ENSG00000280233,0.0,False,True
ENSG00000280247,0.295,False,False
ENSG00000280254,0.0,True,True
ENSG00000280255,0.0,False,True
ENSG00000280262,0.0,False,True
ENSG00000280273,0.015,False,True
ENSG00000280277,0.0,False,True
ENSG00000280278,0.16,False,False
ENSG00000280294,0.07,False,True
ENSG00000280303,0.01,True,True
ENSG00000280331,0.51,False,False
ENSG00000280351,0.04,True,True
ENSG00000280367,0.325,True,False
ENSG00000280382,0.0,False,True
ENSG00000280388,0.08,True,True
ENSG00000280414,0.0,True,True
ENSG00000280417,0.015,False,True
ENSG00000280420,0.26,True,False
ENSG00000280426,0.445,False,False
ENSG00000280440,0.07,False,True
ENSG00000280496,0.0,True,True
ENSG00000280498,0.0,True,True
ENSG00000280554,0.0,False,True
ENSG00000280571,0.095,False,True
ENSG00000280587,0.0,True,True
ENSG00000280594,0.055,True,True
ENSG00000280607,0.0,False,True
ENSG00000280620,0.0,False,True
ENSG00000280623,0.485,True,False
ENSG00000280649,0.025,True,True
ENSG00000280670,2.145,True,False
ENSG00000280734,0.375,True,False
ENSG00000280739,2.9450000000000003,True,False
ENSG00000280778,0.025,False,True
ENSG00000280789,1.2349999999999999,True,False
ENSG00000280828,0.055,True,True
ENSG00000280832,1.92,True,False
ENSG00000280836,0.0,False,True
ENSG00000280890,0.0,True,True
ENSG00000280893,0.0,False,True
ENSG00000280904,0.0,False,True
ENSG00000280916,0.0,False,True
ENSG00000280987,1.815,False,False
ENSG00000280991,0.0,False,True
ENSG00000281005,0.025,True,True
ENSG00000281010,0.0,False,True
ENSG00000281091,0.2,True,False
ENSG00000281128,0.02,True,True
ENSG00000281156,0.0,False,True
ENSG00000281160,0.0,False,True
ENSG00000281162,0.0,False,True
ENSG00000281189,0.075,False,True
ENSG00000281202,0.125,True,False
ENSG00000281311,0.3,False,False
ENSG00000281333,0.0,True,True
ENSG00000281348,0.0,True,True
ENSG00000281357,0.385,True,False
ENSG00000281358,0.03,True,True
ENSG00000281376,0.625,False,False
ENSG00000281392,0.0,False,True
ENSG00000281398,21.595,False,False
ENSG00000281406,0.035,True,True
ENSG00000281450,0.01,True,True
ENSG00000281491,0.0,False,True
ENSG00000281501,6.98,True,False
ENSG00000281571,0.005,True,True
ENSG00000281641,0.0,True,True
ENSG00000281649,10.3,False,False
ENSG00000281706,1.42,True,False
ENSG00000281731,0.14,True,False
ENSG00000281741,0.055,True,True
ENSG00000281780,0.0,False,True
ENSG00000281808,0.0,False,True
ENSG00000281849,0.0,True,True
ENSG00000281859,0.0,False,True
ENSG00000281880,0.13,True,False
ENSG00000281912,0.15,True,False
ENSG00000281938,0.0,True,True
ENSG00000282022,0.0,True,True
ENSG00000282041,0.0,False,True
ENSG00000282057,0.175,True,False
ENSG00000282080,0.0,True,True
ENSG00000282278,0.0,False,True
ENSG00000282317,0.0,True,True
ENSG00000282381,0.565,True,False
ENSG00000282386,0.135,False,False
ENSG00000282440,0.045,True,True
ENSG00000282527,0.0,True,True
ENSG00000282556,0.0,True,True
ENSG00000282564,0.0,False,True
ENSG00000282602,0.0,False,True
ENSG00000282728,0.155,True,False
ENSG00000282772,0.31,False,False
ENSG00000282816,0.0,False,True
ENSG00000282826,6.745,True,False
ENSG00000282836,0.155,False,False
ENSG00000282840,0.0,False,True
ENSG00000282850,0.0,False,True
ENSG00000282851,11.65,False,False
ENSG00000282872,0.0,False,True
ENSG00000282876,0.355,True,False
ENSG00000282881,0.0,True,True
ENSG00000282885,0.155,True,False
ENSG00000282904,0.0,False,True
ENSG00000282907,0.0,False,True
ENSG00000282933,0.015,False,True
ENSG00000282936,0.0,False,True
ENSG00000282951,0.085,False,True
ENSG00000282988,5.055,False,False
ENSG00000282996,0.0,True,True
ENSG00000283010,0.0,True,True
ENSG00000283064,0.19,False,False
ENSG00000283078,0.04,True,True
ENSG00000283098,0.01,False,True
ENSG00000283101,0.0,False,True
ENSG00000283103,3.49,False,False
ENSG00000283108,0.075,True,True
ENSG00000283122,0.11,True,False
